chr1	10035	10452	peak_0	848	.	353.812408	4.395352	-1	73	chr1	11120	24894	DDX11L16	.	+	ENSG00000290825.2	669
chr1	180744	180998	peak_1	1000	.	407.050385	5.836737	-1	222	chr1	89294	181719	ENSG00000241860	.	-	ENSG00000241860.8	0
chr1	180744	180998	peak_1	1000	.	407.050385	5.836737	-1	222	chr1	146385	199861	ENSG00000310528	.	-	ENSG00000310528.1	0
chr1	180744	180998	peak_1	1000	.	407.050385	5.836737	-1	222	chr1	180930	184937	DDX11L2	.	+	ENSG00000308415.1	0
chr1	629087	634921	peak_2	1000	.	22092.525391	9.499280	-1	4936	chr1	586053	633129	ENSG00000293331	.	-	ENSG00000293331.2	0
chr1	629087	634921	peak_2	1000	.	22092.525391	9.499280	-1	4936	chr1	586944	827989	LINC00115	.	-	ENSG00000225880.7	0
chr1	629087	634921	peak_2	1000	.	22092.525391	9.499280	-1	4936	chr1	629061	629433	MTND1P23	.	+	ENSG00000225972.1	0
chr1	629087	634921	peak_2	1000	.	22092.525391	9.499280	-1	4936	chr1	629639	630683	MTND2P28	.	+	ENSG00000225630.1	0
chr1	629087	634921	peak_2	1000	.	22092.525391	9.499280	-1	4936	chr1	631073	632616	MTCO1P12	.	+	ENSG00000237973.1	0
chr1	629087	634921	peak_2	1000	.	22092.525391	9.499280	-1	4936	chr1	632324	632413	ENSG00000278791	.	-	ENSG00000278791.1	0
chr1	629087	634921	peak_2	1000	.	22092.525391	9.499280	-1	4936	chr1	632756	633438	MTCO2P12	.	+	ENSG00000229344.1	0
chr1	629087	634921	peak_2	1000	.	22092.525391	9.499280	-1	4936	chr1	633534	633741	MTATP8P1	.	+	ENSG00000240409.1	0
chr1	629087	634921	peak_2	1000	.	22092.525391	9.499280	-1	4936	chr1	633695	634376	MTATP6P1	.	+	ENSG00000248527.1	0
chr1	629087	634921	peak_2	1000	.	22092.525391	9.499280	-1	4936	chr1	634375	634922	MTCO3P12	.	+	ENSG00000198744.5	0
chr1	788542	789340	peak_3	530	.	422.613708	5.496779	-1	240	chr1	586944	827989	LINC00115	.	-	ENSG00000225880.7	0
chr1	788542	789340	peak_3	530	.	422.613708	5.496779	-1	240	chr1	778738	810066	LINC01409	.	+	ENSG00000237491.11	0
chr1	789465	790007	peak_4	926	.	501.779724	7.314430	-1	473	chr1	586944	827989	LINC00115	.	-	ENSG00000225880.7	0
chr1	789465	790007	peak_4	926	.	501.779724	7.314430	-1	473	chr1	778738	810066	LINC01409	.	+	ENSG00000237491.11	0
chr1	790476	791847	peak_5	882	.	1209.574707	8.775187	-1	481	chr1	586944	827989	LINC00115	.	-	ENSG00000225880.7	0
chr1	790476	791847	peak_5	882	.	1209.574707	8.775187	-1	481	chr1	778738	810066	LINC01409	.	+	ENSG00000237491.11	0
chr1	820892	821407	peak_6	464	.	238.890518	4.105179	-1	214	chr1	586944	827989	LINC00115	.	-	ENSG00000225880.7	0
chr1	1016234	1016287	peak_7	1000	.	267.438995	8.449522	-1	35	chr1	1001137	1014540	ISG15	.	+	ENSG00000187608.11	1695
chr1	1382081	1382860	peak_8	319	.	248.530869	3.776148	-1	466	chr1	1385708	1400909	CCNL2	.	-	ENSG00000221978.15	2849
chr1	2944969	2945243	peak_9	929	.	254.614273	4.395352	-1	20	chr1	2960354	2968707	ENSG00000284745	.	-	ENSG00000284745.2	15112
chr1	3181347	3181917	peak_10	656	.	373.874939	4.105179	-1	61	chr1	3069002	3438621	PRDM16	.	+	ENSG00000142611.18	0
chr1	3886481	3886782	peak_11	675	.	203.190994	4.655616	-1	104	chr1	3857241	3885491	DFFB	.	+	ENSG00000169598.19	991
chr1	4144512	4144802	peak_12	739	.	214.296143	4.395352	-1	172	chr1	4175527	4175899	EEF1DP6	.	-	ENSG00000229280.1	30726
chr1	4303007	4303313	peak_13	1000	.	604.984985	7.007426	-1	113	chr1	4317881	4319668	ENSG00000302287	.	-	ENSG00000302287.1	14569
chr1	4939453	4939659	peak_14	985	.	202.837387	5.109050	-1	24	chr1	4957518	4973298	ENSG00000284739	.	-	ENSG00000284739.2	17860
chr1	5808836	5809200	peak_15	687	.	249.988403	4.395352	-1	343	chr1	5834385	5838310	ENSG00000298180	.	+	ENSG00000298180.1	25186
chr1	6036599	6037271	peak_16	357	.	240.226974	3.776148	-1	583	chr1	5990926	6101193	KCNAB2	.	+	ENSG00000069424.17	0
chr1	7103344	7103784	peak_17	601	.	264.223999	4.105179	-1	128	chr1	6785431	7769706	CAMTA1	.	+	ENSG00000171735.22	0
chr1	9410737	9411310	peak_18	749	.	429.011383	5.109050	-1	479	chr1	9410612	9417880	ENSG00000307568	.	-	ENSG00000307568.1	0
chr1	14379852	14380184	peak_19	677	.	224.840866	3.776148	-1	315	chr1	13892791	15118043	KAZN	.	+	ENSG00000189337.17	0
chr1	14379852	14380184	peak_19	677	.	224.840866	3.776148	-1	315	chr1	14338824	14419973	KAZN-AS1	.	-	ENSG00000234593.4	0
chr1	16545618	16546264	peak_20	661	.	426.720276	4.105179	-1	610	chr1	16548650	16552531	PDE4DIPP8	.	-	ENSG00000225710.1	2387
chr1	16677879	16678505	peak_21	816	.	511.119873	5.309801	-1	181	chr1	16618252	16680618	ENSG00000291072	.	-	ENSG00000291072.2	0
chr1	16726805	16727379	peak_22	520	.	298.661285	5.109050	-1	525	chr1	16691213	16720157	ESPNP	.	-	ENSG00000268869.9	6649
chr1	16861763	16862246	peak_23	692	.	334.456696	5.109050	-1	225	chr1	16740272	16972964	CROCC	.	+	ENSG00000058453.19	0
chr1	16861763	16862246	peak_23	692	.	334.456696	5.109050	-1	225	chr1	16859659	16907895	ENSG00000302843	.	+	ENSG00000302843.1	0
chr1	19210831	19211115	peak_24	830	.	235.649231	4.892064	-1	205	chr1	19210329	19240709	EMC1-AS1	.	+	ENSG00000230424.4	0
chr1	22578346	22578800	peak_25	510	.	231.431641	4.395352	-1	127	chr1	22563460	22603595	EPHA8	.	+	ENSG00000070886.13	0
chr1	23635161	23635650	peak_26	430	.	210.383331	4.105179	-1	313	chr1	23581494	23640574	MDS2	.	+	ENSG00000197880.11	0
chr1	31055381	31056049	peak_27	449	.	299.846436	4.105179	-1	215	chr1	30931504	31065991	PUM1	.	-	ENSG00000134644.18	0
chr1	31431785	31432221	peak_28	1000	.	764.798645	5.671912	-1	365	chr1	31409564	31434680	SERINC2	.	+	ENSG00000168528.14	0
chr1	31431785	31432221	peak_28	1000	.	764.798645	5.671912	-1	365	chr1	31426409	31471568	ENSG00000305880	.	-	ENSG00000305880.1	0
chr1	31487894	31488334	peak_29	488	.	214.574966	4.105179	-1	215	chr1	31487588	31488930	EEF1A1P46	.	-	ENSG00000215899.3	0
chr1	35186576	35187074	peak_30	414	.	206.015381	4.395352	-1	207	chr1	35176377	35193446	SFPQ	.	-	ENSG00000116560.13	0
chr1	35200909	35201514	peak_31	350	.	211.616806	4.105179	-1	284	chr1	35195968	35196062	Y_RNA	.	+	ENSG00000201868.1	4848
chr1	36282530	36282820	peak_32	731	.	211.986923	4.105179	-1	74	chr1	36224391	36305376	THRAP3	.	+	ENSG00000054118.17	0
chr1	37903127	37903490	peak_33	552	.	200.358231	4.105179	-1	108	chr1	37860695	37947241	INPP5B	.	-	ENSG00000204084.16	0
chr1	45499472	45499832	peak_34	734	.	264.326599	4.892064	-1	328	chr1	45493862	45500163	CCDC163	.	-	ENSG00000280670.5	0
chr1	51650731	51651039	peak_35	731	.	225.033127	3.776148	-1	261	chr1	51577178	51798427	OSBPL9	.	+	ENSG00000117859.21	0
chr1	53556346	53557123	peak_36	414	.	321.507904	4.655616	-1	644	chr1	53506231	53739225	GLIS1	.	-	ENSG00000174332.8	0
chr1	54398296	54398810	peak_37	428	.	219.775772	4.655616	-1	224	chr1	54225312	54413479	SSBP3	.	-	ENSG00000157216.19	0
chr1	56106785	56107239	peak_38	488	.	221.425934	3.776148	-1	389	chr1	55975118	56145538	ENSG00000297128	.	-	ENSG00000297128.1	0
chr1	58816646	58817020	peak_39	682	.	255.132980	4.105179	-1	59	chr1	58784165	59240555	JUN-DT	.	+	ENSG00000234807.10	0
chr1	89820382	89820876	peak_40	415	.	205.052155	4.105179	-1	247	chr1	89633139	89933250	ENSG00000271949	.	+	ENSG00000271949.1	0
chr1	89820382	89820876	peak_40	415	.	205.052155	4.105179	-1	247	chr1	89820173	89820868	LRRC8D-DT	.	-	ENSG00000272931.1	0
chr1	91387225	91387590	peak_41	1000	.	1167.476196	7.113194	-1	135	chr1	91260760	91404856	HFM1	.	-	ENSG00000162669.17	0
chr1	93847303	93847891	peak_42	1000	.	1071.201904	6.414886	-1	320	chr1	93561177	93847488	BCAR3	.	-	ENSG00000137936.20	0
chr1	93847303	93847891	peak_42	1000	.	1071.201904	6.414886	-1	320	chr1	93847173	93848939	ENSG00000260464	.	+	ENSG00000260464.1	0
chr1	93847303	93847891	peak_42	1000	.	1071.201904	6.414886	-1	320	chr1	93847663	93848153	ENSG00000305050	.	-	ENSG00000305050.1	0
chr1	101311116	101311370	peak_43	876	.	222.420059	3.776148	-1	9	chr1	101296734	101309155	ENSG00000303021	.	-	ENSG00000303021.1	1962
chr1	107926653	107927403	peak_44	428	.	321.076172	4.395352	-1	165	chr1	107571160	107965275	VAV3	.	-	ENSG00000134215.18	0
chr1	110638665	110638906	peak_45	1000	.	251.580170	4.395352	-1	99	chr1	110640285	110722189	ENSG00000300042	.	+	ENSG00000300042.1	1380
chr1	111253601	111254273	peak_46	301	.	202.283676	4.105179	-1	245	chr1	111250224	111256793	ENSG00000302399	.	+	ENSG00000302399.1	0
chr1	111253601	111254273	peak_46	301	.	202.283676	4.105179	-1	245	chr1	111250253	111256715	CHIAP1	.	+	ENSG00000236040.1	0
chr1	116253149	116253520	peak_47	564	.	209.345459	4.655616	-1	128	chr1	116240828	116242076	ENSG00000307450	.	-	ENSG00000307450.1	11074
chr1	117018891	117019384	peak_48	444	.	218.978882	3.776148	-1	476	chr1	117001720	117036552	CD101	.	+	ENSG00000134256.15	0
chr1	121751761	121752213	peak_49	502	.	226.889801	3.776148	-1	10	chr1	121519011	121596933	EMBP1	.	+	ENSG00000291141.2	154829
chr1	121772265	121772827	peak_50	377	.	211.931396	3.776148	-1	426	chr1	121519011	121596933	EMBP1	.	+	ENSG00000291141.2	175333
chr1	122512686	122513429	peak_51	313	.	232.487015	4.105179	-1	159	chr1	121519011	121596933	EMBP1	.	+	ENSG00000291141.2	915754
chr1	122517200	122517830	peak_52	488	.	307.501953	4.395352	-1	215	chr1	121519011	121596933	EMBP1	.	+	ENSG00000291141.2	920268
chr1	122522322	122522584	peak_53	922	.	241.637543	4.105179	-1	21	chr1	121519011	121596933	EMBP1	.	+	ENSG00000291141.2	925390
chr1	122524379	122525391	peak_54	378	.	382.734467	3.776148	-1	106	chr1	121519011	121596933	EMBP1	.	+	ENSG00000291141.2	927447
chr1	122537333	122537783	peak_55	532	.	239.492920	3.776148	-1	264	chr1	121519011	121596933	EMBP1	.	+	ENSG00000291141.2	940401
chr1	122545049	122545406	peak_56	602	.	214.738876	4.395352	-1	186	chr1	121519011	121596933	EMBP1	.	+	ENSG00000291141.2	948117
chr1	122548829	122549593	peak_57	431	.	328.930878	4.395352	-1	427	chr1	121519011	121596933	EMBP1	.	+	ENSG00000291141.2	951897
chr1	122595984	122596295	peak_58	1000	.	337.510529	4.892064	-1	123	chr1	121519011	121596933	EMBP1	.	+	ENSG00000291141.2	999052
chr1	122607237	122607842	peak_59	352	.	212.921219	3.394254	-1	316	chr1	121519011	121596933	EMBP1	.	+	ENSG00000291141.2	1010305
chr1	122627224	122627912	peak_60	327	.	225.235886	3.776148	-1	163	chr1	121519011	121596933	EMBP1	.	+	ENSG00000291141.2	1030292
chr1	122630237	122630954	peak_61	347	.	248.557281	3.776148	-1	500	chr1	121519011	121596933	EMBP1	.	+	ENSG00000291141.2	1033305
chr1	122656394	122657110	peak_62	344	.	246.555603	3.776148	-1	587	chr1	121519011	121596933	EMBP1	.	+	ENSG00000291141.2	1059462
chr1	122666129	122666533	peak_63	584	.	236.018951	4.892064	-1	249	chr1	121519011	121596933	EMBP1	.	+	ENSG00000291141.2	1069197
chr1	122671925	122672299	peak_64	542	.	202.553650	3.776148	-1	347	chr1	121519011	121596933	EMBP1	.	+	ENSG00000291141.2	1074993
chr1	122673915	122674865	peak_65	238	.	225.806030	3.776148	-1	205	chr1	121519011	121596933	EMBP1	.	+	ENSG00000291141.2	1076983
chr1	122677613	122677864	peak_66	821	.	206.003006	5.309801	-1	137	chr1	121519011	121596933	EMBP1	.	+	ENSG00000291141.2	1080681
chr1	122682996	122683774	peak_67	352	.	273.801636	4.105179	-1	411	chr1	121519011	121596933	EMBP1	.	+	ENSG00000291141.2	1086064
chr1	122689771	122690430	peak_68	317	.	209.149200	3.776148	-1	625	chr1	121519011	121596933	EMBP1	.	+	ENSG00000291141.2	1092839
chr1	122692515	122693336	peak_69	399	.	327.253998	3.776148	-1	20	chr1	121519011	121596933	EMBP1	.	+	ENSG00000291141.2	1095583
chr1	122700115	122700455	peak_70	667	.	226.882629	4.105179	-1	44	chr1	121519011	121596933	EMBP1	.	+	ENSG00000291141.2	1103183
chr1	122700663	122701271	peak_71	582	.	353.873474	4.655616	-1	298	chr1	121519011	121596933	EMBP1	.	+	ENSG00000291141.2	1103731
chr1	122725288	122726199	peak_72	348	.	316.811798	4.395352	-1	706	chr1	121519011	121596933	EMBP1	.	+	ENSG00000291141.2	1128356
chr1	122751208	122751672	peak_73	518	.	240.240662	4.105179	-1	178	chr1	121519011	121596933	EMBP1	.	+	ENSG00000291141.2	1154276
chr1	122798597	122799619	peak_74	478	.	488.601379	4.395352	-1	476	chr1	121519011	121596933	EMBP1	.	+	ENSG00000291141.2	1201665
chr1	122806021	122806677	peak_75	744	.	488.009155	4.395352	-1	257	chr1	121519011	121596933	EMBP1	.	+	ENSG00000291141.2	1209089
chr1	122816394	122816807	peak_76	544	.	224.512299	4.395352	-1	288	chr1	121519011	121596933	EMBP1	.	+	ENSG00000291141.2	1219462
chr1	122817973	122818568	peak_77	551	.	328.048889	4.655616	-1	407	chr1	121519011	121596933	EMBP1	.	+	ENSG00000291141.2	1221041
chr1	122823248	122823735	peak_78	463	.	225.385117	4.395352	-1	380	chr1	121519011	121596933	EMBP1	.	+	ENSG00000291141.2	1226316
chr1	122852952	122853276	peak_79	833	.	269.987946	4.395352	-1	168	chr1	121519011	121596933	EMBP1	.	+	ENSG00000291141.2	1256020
chr1	122853653	122853995	peak_80	880	.	300.904572	5.309801	-1	112	chr1	121519011	121596933	EMBP1	.	+	ENSG00000291141.2	1256721
chr1	122897566	122897881	peak_81	728	.	229.212341	5.109050	-1	63	chr1	121519011	121596933	EMBP1	.	+	ENSG00000291141.2	1300634
chr1	122903809	122904323	peak_82	602	.	309.633209	5.109050	-1	354	chr1	121519011	121596933	EMBP1	.	+	ENSG00000291141.2	1306877
chr1	122907357	122907824	peak_83	575	.	268.606964	5.109050	-1	436	chr1	121519011	121596933	EMBP1	.	+	ENSG00000291141.2	1310425
chr1	122908122	122908877	peak_84	456	.	344.383636	4.395352	-1	589	chr1	121519011	121596933	EMBP1	.	+	ENSG00000291141.2	1311190
chr1	122936366	122937312	peak_85	361	.	341.240021	4.395352	-1	852	chr1	121519011	121596933	EMBP1	.	+	ENSG00000291141.2	1339434
chr1	122943064	122943202	peak_86	1000	.	213.554092	5.496779	-1	33	chr1	121519011	121596933	EMBP1	.	+	ENSG00000291141.2	1346132
chr1	122943309	122944036	peak_87	657	.	477.352478	4.892064	-1	667	chr1	121519011	121596933	EMBP1	.	+	ENSG00000291141.2	1346377
chr1	122944709	122945261	peak_88	379	.	209.296204	3.394254	-1	153	chr1	121519011	121596933	EMBP1	.	+	ENSG00000291141.2	1347777
chr1	122950203	122950527	peak_89	658	.	213.138977	4.655616	-1	227	chr1	121519011	121596933	EMBP1	.	+	ENSG00000291141.2	1353271
chr1	122974863	122975477	peak_90	399	.	244.953934	4.395352	-1	483	chr1	121519011	121596933	EMBP1	.	+	ENSG00000291141.2	1377931
chr1	122998149	122998490	peak_91	593	.	202.327530	4.105179	-1	220	chr1	121519011	121596933	EMBP1	.	+	ENSG00000291141.2	1401217
chr1	123011405	123011927	peak_92	457	.	238.770935	3.776148	-1	191	chr1	121519011	121596933	EMBP1	.	+	ENSG00000291141.2	1414473
chr1	123031544	123032156	peak_93	342	.	209.491150	3.394254	-1	115	chr1	121519011	121596933	EMBP1	.	+	ENSG00000291141.2	1434612
chr1	123033619	123034203	peak_94	353	.	206.352859	4.105179	-1	563	chr1	121519011	121596933	EMBP1	.	+	ENSG00000291141.2	1436687
chr1	123038884	123039267	peak_95	630	.	241.397873	5.496779	-1	168	chr1	121519011	121596933	EMBP1	.	+	ENSG00000291141.2	1441952
chr1	123082956	123083351	peak_96	530	.	209.321121	3.776148	-1	160	chr1	121519011	121596933	EMBP1	.	+	ENSG00000291141.2	1486024
chr1	123084803	123085478	peak_97	471	.	318.104004	4.395352	-1	304	chr1	121519011	121596933	EMBP1	.	+	ENSG00000291141.2	1487871
chr1	123142209	123142832	peak_98	322	.	200.501419	3.394254	-1	414	chr1	121519011	121596933	EMBP1	.	+	ENSG00000291141.2	1545277
chr1	123145681	123145979	peak_99	1000	.	311.639923	5.836737	-1	210	chr1	121519011	121596933	EMBP1	.	+	ENSG00000291141.2	1548749
chr1	123146508	123147526	peak_100	350	.	356.151398	4.105179	-1	439	chr1	121519011	121596933	EMBP1	.	+	ENSG00000291141.2	1549576
chr1	123175945	123176566	peak_101	395	.	245.299484	4.105179	-1	428	chr1	121519011	121596933	EMBP1	.	+	ENSG00000291141.2	1579013
chr1	123193589	123193851	peak_102	783	.	205.168686	4.395352	-1	124	chr1	121519011	121596933	EMBP1	.	+	ENSG00000291141.2	1596657
chr1	123195429	123195868	peak_103	737	.	323.560638	7.314430	-1	309	chr1	121519011	121596933	EMBP1	.	+	ENSG00000291141.2	1598497
chr1	123200354	123200690	peak_104	750	.	252.036728	4.395352	-1	314	chr1	121519011	121596933	EMBP1	.	+	ENSG00000291141.2	1603422
chr1	123218098	123218503	peak_105	528	.	213.671249	4.395352	-1	128	chr1	121519011	121596933	EMBP1	.	+	ENSG00000291141.2	1621166
chr1	123241969	123242522	peak_106	489	.	270.169342	4.892064	-1	199	chr1	121519011	121596933	EMBP1	.	+	ENSG00000291141.2	1645037
chr1	123265126	123265734	peak_107	389	.	236.231018	4.395352	-1	94	chr1	121519011	121596933	EMBP1	.	+	ENSG00000291141.2	1668194
chr1	123300793	123301217	peak_108	788	.	334.312683	4.395352	-1	396	chr1	121519011	121596933	EMBP1	.	+	ENSG00000291141.2	1703861
chr1	123301907	123302241	peak_109	667	.	222.865692	4.395352	-1	62	chr1	121519011	121596933	EMBP1	.	+	ENSG00000291141.2	1704975
chr1	123320187	123320454	peak_110	834	.	222.725952	6.280785	-1	163	chr1	121519011	121596933	EMBP1	.	+	ENSG00000291141.2	1723255
chr1	123325055	123325415	peak_111	565	.	203.295532	5.109050	-1	234	chr1	121519011	121596933	EMBP1	.	+	ENSG00000291141.2	1728123
chr1	123336640	123337302	peak_112	394	.	260.904144	4.395352	-1	430	chr1	121519011	121596933	EMBP1	.	+	ENSG00000291141.2	1739708
chr1	123368631	123368977	peak_113	710	.	245.603775	4.395352	-1	109	chr1	121519011	121596933	EMBP1	.	+	ENSG00000291141.2	1771699
chr1	123393518	123393749	peak_114	966	.	223.065201	4.395352	-1	146	chr1	121519011	121596933	EMBP1	.	+	ENSG00000291141.2	1796586
chr1	123417283	123417688	peak_115	907	.	367.174652	4.395352	-1	182	chr1	121519011	121596933	EMBP1	.	+	ENSG00000291141.2	1820351
chr1	123437007	123437836	peak_116	261	.	216.716248	3.394254	-1	130	chr1	121519011	121596933	EMBP1	.	+	ENSG00000291141.2	1840075
chr1	123439423	123439716	peak_117	712	.	208.495102	4.105179	-1	262	chr1	121519011	121596933	EMBP1	.	+	ENSG00000291141.2	1842491
chr1	123521872	123522470	peak_118	447	.	267.084625	4.105179	-1	574	chr1	121519011	121596933	EMBP1	.	+	ENSG00000291141.2	1924940
chr1	123534287	123534856	peak_119	371	.	211.253525	3.776148	-1	126	chr1	121519011	121596933	EMBP1	.	+	ENSG00000291141.2	1937355
chr1	123555969	123556631	peak_120	416	.	275.256714	4.395352	-1	467	chr1	121519011	121596933	EMBP1	.	+	ENSG00000291141.2	1959037
chr1	123557969	123558501	peak_121	867	.	461.274353	4.892064	-1	146	chr1	121519011	121596933	EMBP1	.	+	ENSG00000291141.2	1961037
chr1	123570253	123570890	peak_122	423	.	269.740326	3.776148	-1	211	chr1	121519011	121596933	EMBP1	.	+	ENSG00000291141.2	1973321
chr1	123592910	123593416	peak_123	620	.	313.784271	4.892064	-1	289	chr1	121519011	121596933	EMBP1	.	+	ENSG00000291141.2	1995978
chr1	123597357	123597861	peak_124	403	.	202.887360	4.105179	-1	233	chr1	121519011	121596933	EMBP1	.	+	ENSG00000291141.2	2000425
chr1	123605269	123605598	peak_125	617	.	202.988174	3.394254	-1	125	chr1	121519011	121596933	EMBP1	.	+	ENSG00000291141.2	2008337
chr1	123618660	123618870	peak_126	977	.	205.183029	4.395352	-1	26	chr1	121519011	121596933	EMBP1	.	+	ENSG00000291141.2	2021728
chr1	123622791	123623202	peak_127	497	.	204.420868	4.105179	-1	259	chr1	121519011	121596933	EMBP1	.	+	ENSG00000291141.2	2025859
chr1	123685910	123686435	peak_128	392	.	205.641602	3.776148	-1	380	chr1	121519011	121596933	EMBP1	.	+	ENSG00000291141.2	2088978
chr1	123688751	123689433	peak_129	328	.	223.735535	4.105179	-1	357	chr1	121519011	121596933	EMBP1	.	+	ENSG00000291141.2	2091819
chr1	123707321	123707762	peak_130	933	.	411.437897	4.655616	-1	70	chr1	121519011	121596933	EMBP1	.	+	ENSG00000291141.2	2110389
chr1	123812456	123812609	peak_131	1000	.	207.819519	4.655616	-1	122	chr1	121519011	121596933	EMBP1	.	+	ENSG00000291141.2	2215524
chr1	123847936	123848495	peak_132	371	.	207.505341	4.105179	-1	202	chr1	121519011	121596933	EMBP1	.	+	ENSG00000291141.2	2251004
chr1	123850966	123851408	peak_133	572	.	252.646133	4.892064	-1	269	chr1	121519011	121596933	EMBP1	.	+	ENSG00000291141.2	2254034
chr1	123856054	123856505	peak_134	444	.	200.235260	4.395352	-1	91	chr1	121519011	121596933	EMBP1	.	+	ENSG00000291141.2	2259122
chr1	123886526	123887005	peak_135	507	.	242.656937	4.105179	-1	28	chr1	121519011	121596933	EMBP1	.	+	ENSG00000291141.2	2289594
chr1	123890605	123891289	peak_136	381	.	260.632874	3.776148	-1	319	chr1	121519011	121596933	EMBP1	.	+	ENSG00000291141.2	2293673
chr1	123998627	123999120	peak_137	455	.	224.521973	4.395352	-1	162	chr1	121519011	121596933	EMBP1	.	+	ENSG00000291141.2	2401695
chr1	124038258	124038724	peak_138	470	.	218.805176	4.395352	-1	166	chr1	121519011	121596933	EMBP1	.	+	ENSG00000291141.2	2441326
chr1	124056661	124057060	peak_139	598	.	238.600601	4.105179	-1	154	chr1	121519011	121596933	EMBP1	.	+	ENSG00000291141.2	2459729
chr1	124060831	124061194	peak_140	578	.	209.939606	4.105179	-1	268	chr1	121519011	121596933	EMBP1	.	+	ENSG00000291141.2	2463899
chr1	124068930	124069536	peak_141	480	.	290.759674	4.395352	-1	408	chr1	121519011	121596933	EMBP1	.	+	ENSG00000291141.2	2471998
chr1	124102131	124102543	peak_142	709	.	291.981323	4.655616	-1	383	chr1	121519011	121596933	EMBP1	.	+	ENSG00000291141.2	2505199
chr1	124117414	124117837	peak_143	829	.	350.700684	5.496779	-1	296	chr1	121519011	121596933	EMBP1	.	+	ENSG00000291141.2	2520482
chr1	124130314	124130872	peak_144	446	.	249.054230	4.105179	-1	324	chr1	121519011	121596933	EMBP1	.	+	ENSG00000291141.2	2533382
chr1	124208718	124209455	peak_145	294	.	216.914886	3.776148	-1	517	chr1	121519011	121596933	EMBP1	.	+	ENSG00000291141.2	2611786
chr1	124210756	124211460	peak_146	440	.	310.082672	3.776148	-1	99	chr1	121519011	121596933	EMBP1	.	+	ENSG00000291141.2	2613824
chr1	124225170	124225602	peak_147	575	.	248.603912	4.105179	-1	102	chr1	121519011	121596933	EMBP1	.	+	ENSG00000291141.2	2628238
chr1	124243512	124243753	peak_148	882	.	212.626953	5.109050	-1	126	chr1	121519011	121596933	EMBP1	.	+	ENSG00000291141.2	2646580
chr1	124259691	124260310	peak_149	555	.	343.644226	3.776148	-1	249	chr1	121519011	121596933	EMBP1	.	+	ENSG00000291141.2	2662759
chr1	124267831	124268546	peak_150	309	.	220.826416	3.394254	-1	221	chr1	121519011	121596933	EMBP1	.	+	ENSG00000291141.2	2670899
chr1	124278966	124279398	peak_151	466	.	201.209915	3.776148	-1	33	chr1	121519011	121596933	EMBP1	.	+	ENSG00000291141.2	2682034
chr1	124370030	124370470	peak_152	456	.	200.546448	3.776148	-1	25	chr1	121519011	121596933	EMBP1	.	+	ENSG00000291141.2	2773098
chr1	124375874	124376429	peak_153	366	.	203.125870	3.776148	-1	303	chr1	121519011	121596933	EMBP1	.	+	ENSG00000291141.2	2778942
chr1	124402515	124402884	peak_154	554	.	204.285141	4.395352	-1	51	chr1	121519011	121596933	EMBP1	.	+	ENSG00000291141.2	2805583
chr1	124414603	124414969	peak_155	559	.	204.733307	4.105179	-1	340	chr1	121519011	121596933	EMBP1	.	+	ENSG00000291141.2	2817671
chr1	124420505	124421122	peak_156	446	.	275.399139	4.892064	-1	513	chr1	121519011	121596933	EMBP1	.	+	ENSG00000291141.2	2823573
chr1	124438060	124438544	peak_157	648	.	313.807678	4.105179	-1	308	chr1	121519011	121596933	EMBP1	.	+	ENSG00000291141.2	2841128
chr1	124501183	124501476	peak_158	692	.	202.821854	4.105179	-1	266	chr1	121519011	121596933	EMBP1	.	+	ENSG00000291141.2	2904251
chr1	124509726	124510199	peak_159	454	.	214.536102	3.776148	-1	185	chr1	121519011	121596933	EMBP1	.	+	ENSG00000291141.2	2912794
chr1	124518811	124519262	peak_160	493	.	222.498795	4.105179	-1	35	chr1	121519011	121596933	EMBP1	.	+	ENSG00000291141.2	2921879
chr1	124527060	124527724	peak_161	479	.	318.198273	4.395352	-1	225	chr1	121519011	121596933	EMBP1	.	+	ENSG00000291141.2	2930128
chr1	124568252	124568763	peak_162	487	.	248.835098	3.776148	-1	315	chr1	121519011	121596933	EMBP1	.	+	ENSG00000291141.2	2971320
chr1	124587573	124588008	peak_163	618	.	268.724030	4.395352	-1	306	chr1	121519011	121596933	EMBP1	.	+	ENSG00000291141.2	2990641
chr1	124603779	124604098	peak_164	649	.	206.947647	3.776148	-1	151	chr1	121519011	121596933	EMBP1	.	+	ENSG00000291141.2	3006847
chr1	124606962	124607468	peak_165	514	.	259.853638	4.395352	-1	421	chr1	121519011	121596933	EMBP1	.	+	ENSG00000291141.2	3010030
chr1	124612845	124613536	peak_166	342	.	236.189041	3.776148	-1	309	chr1	121519011	121596933	EMBP1	.	+	ENSG00000291141.2	3015913
chr1	124614979	124615509	peak_167	546	.	289.510101	3.776148	-1	299	chr1	121519011	121596933	EMBP1	.	+	ENSG00000291141.2	3018047
chr1	124642205	124642643	peak_168	628	.	274.975006	4.892064	-1	148	chr1	121519011	121596933	EMBP1	.	+	ENSG00000291141.2	3045273
chr1	124672901	124673445	peak_169	404	.	219.758591	3.776148	-1	344	chr1	121519011	121596933	EMBP1	.	+	ENSG00000291141.2	3075969
chr1	124751681	124751968	peak_170	707	.	202.840073	4.395352	-1	155	chr1	121519011	121596933	EMBP1	.	+	ENSG00000291141.2	3154749
chr1	124778842	124779157	peak_171	654	.	205.937943	4.892064	-1	31	chr1	121519011	121596933	EMBP1	.	+	ENSG00000291141.2	3181910
chr1	124923286	124923380	peak_172	1000	.	204.416443	7.113194	-1	72	chr1	121519011	121596933	EMBP1	.	+	ENSG00000291141.2	3326354
chr1	124934819	124935674	peak_173	283	.	242.326233	2.935490	-1	16	chr1	121519011	121596933	EMBP1	.	+	ENSG00000291141.2	3337887
chr1	125067908	125068259	peak_174	769	.	270.020691	5.309801	-1	22	chr1	121519011	121596933	EMBP1	.	+	ENSG00000291141.2	3470976
chr1	125069331	125069727	peak_175	1000	.	617.054077	8.088272	-1	159	chr1	121519011	121596933	EMBP1	.	+	ENSG00000291141.2	3472399
chr1	125069846	125070287	peak_176	730	.	321.974792	6.897870	-1	76	chr1	121519011	121596933	EMBP1	.	+	ENSG00000291141.2	3472914
chr1	125070771	125070875	peak_177	1000	.	201.550919	5.496779	-1	22	chr1	121519011	121596933	EMBP1	.	+	ENSG00000291141.2	3473839
chr1	125071000	125071468	peak_178	1000	.	501.613220	6.280785	-1	136	chr1	121519011	121596933	EMBP1	.	+	ENSG00000291141.2	3474068
chr1	125071586	125072185	peak_179	680	.	407.074615	5.836737	-1	61	chr1	121519011	121596933	EMBP1	.	+	ENSG00000291141.2	3474654
chr1	125072511	125072859	peak_180	586	.	203.826935	4.105179	-1	256	chr1	121519011	121596933	EMBP1	.	+	ENSG00000291141.2	3475579
chr1	125074391	125075817	peak_181	1000	.	2859.473145	10.611047	-1	931	chr1	121519011	121596933	EMBP1	.	+	ENSG00000291141.2	3477459
chr1	125076179	125076515	peak_182	717	.	241.030991	5.309801	-1	38	chr1	121519011	121596933	EMBP1	.	+	ENSG00000291141.2	3479247
chr1	125076759	125077113	peak_183	1000	.	492.066040	8.010967	-1	238	chr1	121519011	121596933	EMBP1	.	+	ENSG00000291141.2	3479827
chr1	125079710	125081484	peak_184	826	.	1465.594238	8.309755	-1	1471	chr1	121519011	121596933	EMBP1	.	+	ENSG00000291141.2	3482778
chr1	125081612	125082318	peak_185	1000	.	1147.755737	7.850579	-1	374	chr1	121519011	121596933	EMBP1	.	+	ENSG00000291141.2	3484680
chr1	125082502	125082554	peak_186	1000	.	305.165527	9.448680	-1	26	chr1	121519011	121596933	EMBP1	.	+	ENSG00000291141.2	3485570
chr1	125083149	125083324	peak_187	1000	.	237.188141	6.414886	-1	31	chr1	121519011	121596933	EMBP1	.	+	ENSG00000291141.2	3486217
chr1	125083641	125083716	peak_188	1000	.	267.648407	7.215447	-1	40	chr1	121519011	121596933	EMBP1	.	+	ENSG00000291141.2	3486709
chr1	125083852	125084460	peak_189	741	.	450.226166	4.892064	-1	189	chr1	121519011	121596933	EMBP1	.	+	ENSG00000291141.2	3486920
chr1	125084638	125084976	peak_190	708	.	239.147797	4.892064	-1	34	chr1	121519011	121596933	EMBP1	.	+	ENSG00000291141.2	3487706
chr1	125085086	125085457	peak_191	759	.	281.651733	6.666107	-1	25	chr1	121519011	121596933	EMBP1	.	+	ENSG00000291141.2	3488154
chr1	125146913	125147135	peak_192	1000	.	583.270142	7.681748	-1	115	chr1	121519011	121596933	EMBP1	.	+	ENSG00000291141.2	3549981
chr1	125147639	125148163	peak_193	709	.	371.328827	5.836737	-1	338	chr1	121519011	121596933	EMBP1	.	+	ENSG00000291141.2	3550707
chr1	125148340	125148871	peak_194	886	.	470.572418	6.666107	-1	502	chr1	121519011	121596933	EMBP1	.	+	ENSG00000291141.2	3551408
chr1	125149739	125150356	peak_195	1000	.	684.113098	5.992500	-1	386	chr1	121519011	121596933	EMBP1	.	+	ENSG00000291141.2	3552807
chr1	125151033	125151259	peak_196	1000	.	381.210266	7.593853	-1	193	chr1	121519011	121596933	EMBP1	.	+	ENSG00000291141.2	3554101
chr1	125151952	125152510	peak_197	820	.	457.357574	5.109050	-1	180	chr1	121519011	121596933	EMBP1	.	+	ENSG00000291141.2	3555020
chr1	125155038	125155500	peak_198	598	.	276.397186	5.836737	-1	110	chr1	121519011	121596933	EMBP1	.	+	ENSG00000291141.2	3558106
chr1	125155669	125156202	peak_199	690	.	367.822571	4.655616	-1	61	chr1	121519011	121596933	EMBP1	.	+	ENSG00000291141.2	3558737
chr1	125156397	125157079	peak_200	995	.	678.411682	6.666107	-1	565	chr1	121519011	121596933	EMBP1	.	+	ENSG00000291141.2	3559465
chr1	125159089	125159511	peak_201	555	.	234.323120	4.395352	-1	265	chr1	121519011	121596933	EMBP1	.	+	ENSG00000291141.2	3562157
chr1	125160213	125160733	peak_202	930	.	483.820709	7.007426	-1	150	chr1	121519011	121596933	EMBP1	.	+	ENSG00000291141.2	3563281
chr1	125162419	125162617	peak_203	1000	.	361.457245	6.666107	-1	170	chr1	121519011	121596933	EMBP1	.	+	ENSG00000291141.2	3565487
chr1	125162908	125163295	peak_204	1000	.	407.710999	6.414886	-1	216	chr1	121519011	121596933	EMBP1	.	+	ENSG00000291141.2	3565976
chr1	125163483	125163563	peak_205	1000	.	220.959625	6.543151	-1	33	chr1	121519011	121596933	EMBP1	.	+	ENSG00000291141.2	3566551
chr1	125163759	125164802	peak_206	923	.	963.047546	9.549155	-1	737	chr1	121519011	121596933	EMBP1	.	+	ENSG00000291141.2	3566827
chr1	125164922	125165403	peak_207	856	.	411.917664	5.671912	-1	243	chr1	121519011	121596933	EMBP1	.	+	ENSG00000291141.2	3567990
chr1	125165893	125171343	peak_208	1000	.	23730.998047	13.400658	-1	2323	chr1	121519011	121596933	EMBP1	.	+	ENSG00000291141.2	3568961
chr1	125173579	125184587	peak_209	1000	.	76607.757812	20.748991	-1	5831	chr1	121519011	121596933	EMBP1	.	+	ENSG00000291141.2	3576647
chr1	143184585	143261532	peak_210	1000	.	530456.625000	20.780155	-1	30192	chr1	143327540	143345564	ENSG00000307995	.	+	ENSG00000307995.1	66009
chr1	143261669	143274551	peak_211	1000	.	80833.968750	17.188993	-1	903	chr1	143327540	143345564	ENSG00000307995	.	+	ENSG00000307995.1	52990
chr1	143274750	143276298	peak_212	1000	.	5965.491699	11.743529	-1	742	chr1	143327540	143345564	ENSG00000307995	.	+	ENSG00000307995.1	51243
chr1	143539239	143540276	peak_213	776	.	804.810547	6.543151	-1	1005	chr1	143541767	143572834	ENSG00000203825	.	+	ENSG00000203825.4	1492
chr1	143540432	143540862	peak_214	1000	.	476.770386	7.314430	-1	305	chr1	143541767	143572834	ENSG00000203825	.	+	ENSG00000203825.4	906
chr1	146035404	146036016	peak_215	1000	.	1668.034180	6.897870	-1	239	chr1	146017467	146036746	HJV	.	-	ENSG00000168509.22	0
chr1	146036725	146037522	peak_216	1000	.	1289.497925	5.836737	-1	418	chr1	146017467	146036746	HJV	.	-	ENSG00000168509.22	0
chr1	146037756	146038488	peak_217	834	.	610.589783	5.109050	-1	254	chr1	146017467	146036746	HJV	.	-	ENSG00000168509.22	1011
chr1	146038973	146039642	peak_218	1000	.	993.535522	6.280785	-1	422	chr1	146017467	146036746	HJV	.	-	ENSG00000168509.22	2228
chr1	147643518	147643887	peak_219	659	.	243.076385	4.655616	-1	32	chr1	147629651	147670541	ACP6	.	-	ENSG00000162836.14	0
chr1	153670978	153671683	peak_220	1000	.	2005.310669	7.410364	-1	334	chr1	153661745	153671028	ILF2	.	-	ENSG00000143621.19	0
chr1	153966749	153967394	peak_221	336	.	216.592636	3.776148	-1	57	chr1	153959098	153968667	SLC39A1	.	-	ENSG00000143570.21	0
chr1	153966749	153967394	peak_221	336	.	216.592636	3.776148	-1	57	chr1	153959150	153975887	ENSG00000285779	.	-	ENSG00000285779.1	0
chr1	153966749	153967394	peak_221	336	.	216.592636	3.776148	-1	57	chr1	153963718	153974366	CREB3L4	.	+	ENSG00000143578.18	0
chr1	153966749	153967394	peak_221	336	.	216.592636	3.776148	-1	57	chr1	153966515	153966930	ENSG00000273026	.	+	ENSG00000273026.1	0
chr1	154714000	154714609	peak_222	620	.	377.515106	4.655616	-1	288	chr1	154697454	154870340	KCNN3	.	-	ENSG00000143603.21	0
chr1	160538915	160539332	peak_223	590	.	245.989838	4.105179	-1	282	chr1	160537043	160571458	CD84-AS1	.	+	ENSG00000234425.2	0
chr1	160621629	160622056	peak_224	493	.	210.484665	3.776148	-1	388	chr1	160608099	160647056	SLAMF1	.	-	ENSG00000117090.18	0
chr1	161399121	161400071	peak_225	1000	.	1146.087036	5.496779	-1	560	chr1	161399408	161424820	ENSG00000283696	.	+	ENSG00000283696.2	0
chr1	161399121	161400071	peak_225	1000	.	1146.087036	5.496779	-1	560	chr1	161399997	161401868	ENSG00000288093	.	+	ENSG00000288093.1	0
chr1	161443087	161443633	peak_226	617	.	336.701599	4.105179	-1	425	chr1	161403408	161470523	ENSG00000283360	.	-	ENSG00000283360.1	0
chr1	161444988	161446708	peak_227	284	.	488.074738	3.776148	-1	141	chr1	161403408	161470523	ENSG00000283360	.	-	ENSG00000283360.1	0
chr1	161446928	161447371	peak_228	891	.	394.700500	4.395352	-1	247	chr1	161403408	161470523	ENSG00000283360	.	-	ENSG00000283360.1	0
chr1	161450455	161450959	peak_229	877	.	442.251801	4.655616	-1	469	chr1	161403408	161470523	ENSG00000283360	.	-	ENSG00000283360.1	0
chr1	161454326	161455028	peak_230	1000	.	794.237671	5.309801	-1	380	chr1	161403408	161470523	ENSG00000283360	.	-	ENSG00000283360.1	0
chr1	161457880	161458482	peak_231	644	.	387.763794	4.395352	-1	346	chr1	161403408	161470523	ENSG00000283360	.	-	ENSG00000283360.1	0
chr1	161461698	161462492	peak_232	787	.	624.670105	5.109050	-1	384	chr1	161403408	161470523	ENSG00000283360	.	-	ENSG00000283360.1	0
chr1	161463625	161464148	peak_233	400	.	209.370316	3.776148	-1	284	chr1	161403408	161470523	ENSG00000283360	.	-	ENSG00000283360.1	0
chr1	161465260	161466114	peak_234	498	.	424.968628	4.105179	-1	250	chr1	161403408	161470523	ENSG00000283360	.	-	ENSG00000283360.1	0
chr1	161468680	161469820	peak_235	835	.	952.370544	4.892064	-1	878	chr1	161403408	161470523	ENSG00000283360	.	-	ENSG00000283360.1	0
chr1	161523634	161524174	peak_236	1000	.	784.741211	5.671912	-1	337	chr1	161505414	161524013	FCGR2A	.	+	ENSG00000143226.18	0
chr1	161523634	161524174	peak_236	1000	.	784.741211	5.671912	-1	337	chr1	161511074	161525493	ENSG00000294554	.	-	ENSG00000294554.1	0
chr1	161523634	161524174	peak_236	1000	.	784.741211	5.671912	-1	337	chr1	161513175	161605099	ENSG00000273112	.	+	ENSG00000273112.1	0
chr1	161530029	161531514	peak_237	1000	.	2118.142334	6.666107	-1	1204	chr1	161513175	161605099	ENSG00000273112	.	+	ENSG00000273112.1	0
chr1	161530029	161531514	peak_237	1000	.	2118.142334	6.666107	-1	1204	chr1	161528408	161530931	ENSG00000298116	.	-	ENSG00000298116.1	0
chr1	161540170	161540544	peak_238	861	.	321.998932	5.109050	-1	166	chr1	161513175	161605099	ENSG00000273112	.	+	ENSG00000273112.1	0
chr1	161612380	161613029	peak_239	1000	.	731.958130	5.671912	-1	354	chr1	161544806	161631456	ENSG00000289768	.	-	ENSG00000289768.1	0
chr1	161612380	161613029	peak_239	1000	.	731.958130	5.671912	-1	354	chr1	161610187	161612501	ENSG00000310476	.	-	ENSG00000310476.1	0
chr1	161772056	161772637	peak_240	458	.	266.138367	4.395352	-1	61	chr1	161766242	161977574	ATF6	.	+	ENSG00000118217.9	0
chr1	165752476	165752529	peak_241	1000	.	321.074280	9.549155	-1	26	chr1	165723728	165827755	TMCO1	.	-	ENSG00000143183.20	0
chr1	167056624	167057165	peak_242	592	.	320.526886	3.776148	-1	366	chr1	167048288	167166479	GPA33	.	-	ENSG00000143167.14	0
chr1	167056624	167057165	peak_242	592	.	320.526886	3.776148	-1	366	chr1	167052479	167058556	GPA33-AS1	.	+	ENSG00000227907.2	0
chr1	167483640	167483839	peak_243	1000	.	224.714676	4.395352	-1	142	chr1	167425026	167518640	CD247	.	-	ENSG00000198821.14	0
chr1	167714342	167715073	peak_244	1000	.	1534.009888	7.007426	-1	385	chr1	167629659	167708706	RCSD1	.	+	ENSG00000198771.13	5637
chr1	167715214	167715921	peak_245	1000	.	992.326172	5.992500	-1	353	chr1	167721191	167794612	MPZL1	.	+	ENSG00000197965.14	5271
chr1	169620572	169621144	peak_246	447	.	255.711807	4.395352	-1	539	chr1	169588420	169630193	SELP	.	-	ENSG00000174175.19	0
chr1	169701759	169702152	peak_247	557	.	218.966400	4.395352	-1	221	chr1	169662006	169873258	FIRRM	.	+	ENSG00000000460.19	0
chr1	169701759	169702152	peak_247	557	.	218.966400	4.395352	-1	221	chr1	169690664	169712202	SELL	.	-	ENSG00000188404.12	0
chr1	172274213	172274440	peak_248	898	.	203.898407	4.105179	-1	45	chr1	171817886	172418466	DNM3	.	+	ENSG00000197959.16	0
chr1	174998315	174998811	peak_249	405	.	200.888321	3.776148	-1	29	chr1	174997478	174999963	ENSG00000287697	.	-	ENSG00000287697.2	0
chr1	179336951	179337452	peak_250	446	.	223.421295	4.105179	-1	117	chr1	179293439	179358680	SOAT1	.	+	ENSG00000057252.15	0
chr1	181023325	181023880	peak_251	444	.	246.158539	4.105179	-1	121	chr1	180972711	181023121	STX6	.	-	ENSG00000135823.15	205
chr1	181159217	181159686	peak_252	627	.	293.870087	4.655616	-1	439	chr1	181104687	181197932	LINC01732	.	+	ENSG00000237292.2	0
chr1	191614160	191614207	peak_253	1000	.	205.457260	7.503445	-1	22	chr1	191592022	191641592	ENSG00000308100	.	-	ENSG00000308100.1	0
chr1	192172068	192172549	peak_254	503	.	241.995636	3.776148	-1	166	chr1	192158343	192187172	RGS18	.	+	ENSG00000150681.11	0
chr1	192172068	192172549	peak_254	503	.	241.995636	3.776148	-1	166	chr1	192167785	192986946	RGS2-AS1	.	-	ENSG00000285280.3	0
chr1	198220476	198220960	peak_255	513	.	248.152954	3.776148	-1	132	chr1	198156813	198322451	NEK7	.	+	ENSG00000151414.17	0
chr1	199175094	199176015	peak_256	232	.	213.357880	3.776148	-1	79	chr1	199148597	199393307	LINC02789	.	+	ENSG00000231718.2	0
chr1	199219832	199220781	peak_257	253	.	239.701248	3.394254	-1	802	chr1	199148597	199393307	LINC02789	.	+	ENSG00000231718.2	0
chr1	199221781	199222213	peak_258	582	.	251.634872	4.105179	-1	135	chr1	199148597	199393307	LINC02789	.	+	ENSG00000231718.2	0
chr1	201006723	201007348	peak_259	412	.	257.283997	3.776148	-1	13	chr1	200969389	201023726	KIF21B	.	-	ENSG00000116852.16	0
chr1	202204584	202205095	peak_260	685	.	349.893219	5.109050	-1	138	chr1	202193691	202321660	LGR6	.	+	ENSG00000133067.20	0
chr1	204195222	204195539	peak_261	1000	.	375.811432	6.140231	-1	26	chr1	204190336	204196638	KISS1	.	-	ENSG00000170498.12	0
chr1	204506271	204507598	peak_262	1000	.	2292.716309	5.992500	-1	496	chr1	204516368	204558120	MDM4	.	+	ENSG00000198625.17	8771
chr1	206012253	206012686	peak_263	698	.	302.327423	4.395352	-1	132	chr1	206008534	206023917	CTSE	.	-	ENSG00000196188.14	0
chr1	206030735	206031326	peak_264	380	.	224.840622	3.776148	-1	556	chr1	206035246	206062257	ENSG00000293455	.	+	ENSG00000293455.2	3921
chr1	206923931	206924659	peak_265	1000	.	736.476868	5.496779	-1	453	chr1	206903266	206923247	FCMR	.	-	ENSG00000162894.14	685
chr1	207863031	207863520	peak_266	509	.	249.000488	4.105179	-1	342	chr1	207760649	207879121	MIR29B2CHG	.	-	ENSG00000203709.15	0
chr1	209770511	209770942	peak_267	606	.	261.212402	5.309801	-1	228	chr1	209755572	209782320	TRAF3IP3	.	+	ENSG00000009790.17	0
chr1	212040491	212040938	peak_268	573	.	256.260498	4.395352	-1	358	chr1	212035552	212107400	DTL	.	+	ENSG00000143476.20	0
chr1	213183042	213183555	peak_269	510	.	261.452148	4.105179	-1	252	chr1	213051231	213276001	RPS6KC1	.	+	ENSG00000136643.14	0
chr1	222464803	222465485	peak_270	520	.	354.874756	4.655616	-1	300	chr1	222468093	222470882	CICP13	.	+	ENSG00000234419.1	2609
chr1	224011713	224012203	peak_271	1000	.	520.771973	5.992500	-1	56	chr1	223992688	224034952	SEPTIN7P13	.	+	ENSG00000290989.2	0
chr1	224012349	224013162	peak_272	1000	.	1484.525635	10.098244	-1	236	chr1	223992688	224034952	SEPTIN7P13	.	+	ENSG00000290989.2	0
chr1	224013323	224015253	peak_273	1000	.	2009.085449	8.380379	-1	582	chr1	223992688	224034952	SEPTIN7P13	.	+	ENSG00000290989.2	0
chr1	224015828	224016103	peak_274	1000	.	484.112885	7.593853	-1	151	chr1	223992688	224034952	SEPTIN7P13	.	+	ENSG00000290989.2	0
chr1	226960034	226960426	peak_275	677	.	265.484070	4.395352	-1	184	chr1	226870183	226987545	ENSG00000288674	.	+	ENSG00000288674.1	0
chr1	226960034	226960426	peak_275	677	.	265.484070	4.395352	-1	184	chr1	226938142	226987569	COQ8A	.	+	ENSG00000163050.20	0
chr1	228781977	228782350	peak_276	762	.	284.205994	4.655616	-1	117	chr1	228781572	228807789	ENSG00000309426	.	+	ENSG00000309426.1	0
chr1	228810336	228810728	peak_277	612	.	239.907578	4.655616	-1	101	chr1	228809992	228916442	ENSG00000310264	.	+	ENSG00000310264.1	0
chr1	229154843	229155717	peak_278	438	.	382.420837	4.105179	-1	847	chr1	229022772	229259122	LINC02814	.	-	ENSG00000236975.3	0
chr1	229549663	229550082	peak_279	511	.	214.243805	5.109050	-1	33	chr1	229516581	229559034	ABCB10	.	-	ENSG00000135776.7	0
chr1	229549663	229550082	peak_279	511	.	214.243805	5.109050	-1	33	chr1	229549904	229550022	RNA5SP78	.	+	ENSG00000201492.1	0
chr1	230084709	230085137	peak_280	538	.	230.464050	5.109050	-1	401	chr1	230057989	230282128	GALNT2	.	+	ENSG00000143641.12	0
chr1	230111016	230111538	peak_281	617	.	322.227722	3.776148	-1	399	chr1	230057989	230282128	GALNT2	.	+	ENSG00000143641.12	0
chr1	232890397	232890895	peak_282	459	.	228.335449	3.776148	-1	57	chr1	232843353	232897665	ENSG00000286774	.	+	ENSG00000286774.2	0
chr1	232924838	232925496	peak_283	394	.	259.166229	3.776148	-1	466	chr1	232912978	232924991	ENSG00000303556	.	+	ENSG00000303556.1	0
chr1	232928404	232928963	peak_284	371	.	207.317215	4.105179	-1	183	chr1	232912978	232924991	ENSG00000303556	.	+	ENSG00000303556.1	3414
chr1	234849738	234850170	peak_285	534	.	230.509796	4.105179	-1	172	chr1	234811051	234932702	ENSG00000286263	.	-	ENSG00000286263.2	0
chr1	235078308	235078715	peak_286	849	.	345.450134	4.892064	-1	138	chr1	235074578	235075490	ENSG00000308755	.	-	ENSG00000308755.1	2819
chr1	236097106	236097450	peak_287	1000	.	703.950684	7.681748	-1	266	chr1	236097323	236104042	ENSG00000293995	.	+	ENSG00000293995.1	0
chr1	236713657	236715084	peak_288	924	.	1318.400391	4.655616	-1	23	chr1	236664140	236764631	ACTN2	.	+	ENSG00000077522.17	0
chr1	237603038	237603326	peak_289	810	.	233.280655	4.892064	-1	237	chr1	237042183	237833988	RYR2	.	+	ENSG00000198626.19	0
chr1	240562726	240563449	peak_290	324	.	234.163483	3.394254	-1	516	chr1	240489572	240612162	GREM2	.	-	ENSG00000180875.7	0
chr1	240562726	240563449	peak_290	324	.	234.163483	3.394254	-1	516	chr1	240531687	240576391	ENSG00000300002	.	-	ENSG00000300002.1	0
chr1	244423142	244423611	peak_291	507	.	237.676682	4.105179	-1	35	chr1	244407273	244452102	ADSS2	.	-	ENSG00000035687.11	0
chr1	246232979	246233428	peak_292	624	.	280.092896	4.655616	-1	38	chr1	245749341	246507323	SMYD3	.	-	ENSG00000185420.20	0
chr1	246502812	246503182	peak_293	598	.	221.388885	4.655616	-1	33	chr1	245749341	246507323	SMYD3	.	-	ENSG00000185420.20	0
chr1	246785523	246786088	peak_294	482	.	272.249786	5.109050	-1	154	chr1	246771836	246839611	KIF28P	.	-	ENSG00000223519.9	0
chr1	246785523	246786088	peak_294	482	.	272.249786	5.109050	-1	154	chr1	246775879	246792392	LINC01341	.	+	ENSG00000227953.8	0
chr1	246785523	246786088	peak_294	482	.	272.249786	5.109050	-1	154	chr1	246776228	246789661	ENSG00000293403	.	-	ENSG00000293403.2	0
chr1	248752604	248753040	peak_295	528	.	230.395813	4.105179	-1	75	chr1	248691720	248805261	ENSG00000293517	.	+	ENSG00000293517.2	0
chr1	248752604	248753040	peak_295	528	.	230.395813	4.105179	-1	75	chr1	248735577	248755771	LYPD8	.	-	ENSG00000259823.8	0
chr1	248873641	248874710	peak_296	1000	.	2557.802734	7.314430	-1	355	chr1	248859160	248864818	ZNF692-DT	.	+	ENSG00000227237.2	8824
chr1	248945555	248946419	peak_297	1000	.	977.947571	6.897870	-1	525	chr1	248929943	248937105	ENSG00000298524	.	+	ENSG00000298524.1	8451
chr10	10003	10434	peak_1536	1000	.	2190.744141	8.836688	-1	334	chr10	10780	43869	ENSG00000295340	.	+	ENSG00000295340.1	347
chr10	304556	305346	peak_1537	387	.	305.764496	4.105179	-1	433	chr10	274200	689937	DIP2C	.	-	ENSG00000151240.20	0
chr10	470911	471453	peak_1538	377	.	204.495300	4.395352	-1	520	chr10	274200	689937	DIP2C	.	-	ENSG00000151240.20	0
chr10	667596	667877	peak_1539	1000	.	290.191101	4.892064	-1	150	chr10	274200	689937	DIP2C	.	-	ENSG00000151240.20	0
chr10	667596	667877	peak_1539	1000	.	290.191101	4.892064	-1	150	chr10	649947	669581	DIP2C-AS1	.	+	ENSG00000180525.15	0
chr10	819708	820220	peak_1540	434	.	221.994827	4.105179	-1	80	chr10	803910	931821	LARP4B	.	-	ENSG00000107929.18	0
chr10	1232637	1233113	peak_1541	478	.	227.551025	5.109050	-1	20	chr10	1159767	1289426	LINC00200	.	+	ENSG00000229205.5	0
chr10	1232637	1233113	peak_1541	478	.	227.551025	5.109050	-1	20	chr10	1177307	1737525	ADARB2	.	-	ENSG00000185736.17	0
chr10	1602348	1602837	peak_1542	443	.	216.819794	3.776148	-1	471	chr10	1177307	1737525	ADARB2	.	-	ENSG00000185736.17	0
chr10	2607809	2608329	peak_1543	474	.	246.731674	4.655616	-1	77	chr10	2501308	2618739	ENSG00000235281	.	+	ENSG00000235281.3	0
chr10	2887975	2888782	peak_1544	442	.	356.742737	5.309801	-1	444	chr10	2927665	2935041	ENSG00000295558	.	-	ENSG00000295558.1	38884
chr10	2906656	2907545	peak_1545	653	.	580.661621	5.496779	-1	187	chr10	2927665	2935041	ENSG00000295558	.	-	ENSG00000295558.1	20121
chr10	5381316	5381748	peak_1546	495	.	213.951523	4.892064	-1	80	chr10	5364965	5374692	UCN3	.	+	ENSG00000178473.7	6625
chr10	6069487	6069867	peak_1547	559	.	212.553101	4.105179	-1	29	chr10	6071513	6071918	RPL32P23	.	-	ENSG00000214015.3	1647
chr10	7628685	7629323	peak_1548	333	.	212.400391	4.105179	-1	494	chr10	7559269	7667021	ITIH5	.	-	ENSG00000123243.17	0
chr10	8361565	8361955	peak_1549	565	.	220.378983	3.776148	-1	150	chr10	8329225	8463531	ENSG00000226990	.	+	ENSG00000226990.2	0
chr10	12775408	12776106	peak_1550	357	.	249.530563	3.776148	-1	194	chr10	12349512	12835545	CAMK1D	.	+	ENSG00000183049.15	0
chr10	22229282	22229872	peak_1551	1000	.	1236.733643	6.140231	-1	229	chr10	22225567	22245593	ENSG00000302642	.	-	ENSG00000302642.1	0
chr10	22684697	22685188	peak_1552	454	.	223.145111	3.776148	-1	179	chr10	22534853	22714594	PIP4K2A	.	-	ENSG00000150867.16	0
chr10	30437261	30437454	peak_1553	1000	.	208.259964	4.655616	-1	17	chr10	30433218	30462348	MAP3K8	.	+	ENSG00000107968.12	0
chr10	32332093	32332615	peak_1554	387	.	201.955856	4.105179	-1	265	chr10	32267659	32378807	EPC1	.	-	ENSG00000120616.17	0
chr10	34863866	34864623	peak_1555	272	.	205.671097	3.776148	-1	376	chr10	34875209	34875422	SS18L2P1	.	+	ENSG00000232525.1	10587
chr10	35465896	35466475	peak_1556	358	.	207.029785	3.776148	-1	546	chr10	35247024	35572669	CCNY	.	+	ENSG00000108100.20	0
chr10	38485432	38485720	peak_1557	1000	.	600.272278	11.312439	-1	144	chr10	38453180	38466176	ENSG00000203496	.	+	ENSG00000203496.9	19257
chr10	38486765	38486829	peak_1558	1000	.	205.655975	6.784213	-1	30	chr10	38453180	38466176	ENSG00000203496	.	+	ENSG00000203496.9	20590
chr10	38486969	38487153	peak_1559	1000	.	309.897736	6.784213	-1	85	chr10	38453180	38466176	ENSG00000203496	.	+	ENSG00000203496.9	20794
chr10	38487504	38487604	peak_1560	1000	.	323.987976	8.449522	-1	39	chr10	38453180	38466176	ENSG00000203496	.	+	ENSG00000203496.9	21329
chr10	38488380	38488859	peak_1561	560	.	268.458313	4.655616	-1	176	chr10	38453180	38466176	ENSG00000203496	.	+	ENSG00000203496.9	22205
chr10	38488963	38489268	peak_1562	1000	.	740.026611	12.437789	-1	230	chr10	38453180	38466176	ENSG00000203496	.	+	ENSG00000203496.9	22788
chr10	38489712	38489899	peak_1563	1000	.	310.344727	7.314430	-1	31	chr10	38453180	38466176	ENSG00000203496	.	+	ENSG00000203496.9	23537
chr10	38490288	38490360	peak_1564	1000	.	223.839203	7.113194	-1	31	chr10	38453180	38466176	ENSG00000203496	.	+	ENSG00000203496.9	24113
chr10	38491686	38492034	peak_1565	864	.	300.788788	6.280785	-1	123	chr10	38453180	38466176	ENSG00000203496	.	+	ENSG00000203496.9	25511
chr10	38492828	38493619	peak_1566	557	.	440.462708	4.892064	-1	588	chr10	38453180	38466176	ENSG00000203496	.	+	ENSG00000203496.9	26653
chr10	38493770	38493906	peak_1567	1000	.	211.113739	6.543151	-1	101	chr10	38453180	38466176	ENSG00000203496	.	+	ENSG00000203496.9	27595
chr10	38495662	38496178	peak_1568	1000	.	893.982666	13.609189	-1	349	chr10	38453180	38466176	ENSG00000203496	.	+	ENSG00000203496.9	29487
chr10	38496794	38496872	peak_1569	1000	.	255.920258	6.280785	-1	30	chr10	38453180	38466176	ENSG00000203496	.	+	ENSG00000203496.9	30619
chr10	38498910	38499207	peak_1570	929	.	275.822205	4.655616	-1	79	chr10	38453180	38466176	ENSG00000203496	.	+	ENSG00000203496.9	32735
chr10	38500293	38500649	peak_1571	712	.	253.517059	4.892064	-1	49	chr10	38453180	38466176	ENSG00000203496	.	+	ENSG00000203496.9	34118
chr10	38501286	38501826	peak_1572	1000	.	725.819458	13.934690	-1	386	chr10	38453180	38466176	ENSG00000203496	.	+	ENSG00000203496.9	35111
chr10	38502160	38502544	peak_1573	546	.	209.789673	5.109050	-1	241	chr10	38453180	38466176	ENSG00000203496	.	+	ENSG00000203496.9	35985
chr10	38502805	38502860	peak_1574	1000	.	218.265717	7.215447	-1	26	chr10	38453180	38466176	ENSG00000203496	.	+	ENSG00000203496.9	36630
chr10	38503194	38503595	peak_1575	1000	.	456.730804	8.517250	-1	88	chr10	38453180	38466176	ENSG00000203496	.	+	ENSG00000203496.9	37019
chr10	38504905	38505320	peak_1576	1000	.	585.480591	9.788397	-1	382	chr10	38453180	38466176	ENSG00000203496	.	+	ENSG00000203496.9	38730
chr10	38505741	38506260	peak_1577	831	.	431.532379	9.448680	-1	344	chr10	38453180	38466176	ENSG00000203496	.	+	ENSG00000203496.9	39566
chr10	38508326	38508838	peak_1578	680	.	347.937561	7.007426	-1	46	chr10	38453180	38466176	ENSG00000203496	.	+	ENSG00000203496.9	42151
chr10	38509328	38509853	peak_1579	1000	.	677.421631	7.850579	-1	52	chr10	38453180	38466176	ENSG00000203496	.	+	ENSG00000203496.9	43153
chr10	38513423	38513914	peak_1580	796	.	391.043121	8.897087	-1	180	chr10	38453180	38466176	ENSG00000203496	.	+	ENSG00000203496.9	47248
chr10	38515163	38515988	peak_1581	628	.	517.988647	6.666107	-1	218	chr10	38453180	38466176	ENSG00000203496	.	+	ENSG00000203496.9	48988
chr10	38516962	38517030	peak_1582	1000	.	233.793991	7.503445	-1	34	chr10	38453180	38466176	ENSG00000203496	.	+	ENSG00000203496.9	50787
chr10	38517326	38517768	peak_1583	628	.	277.413483	7.007426	-1	114	chr10	38453180	38466176	ENSG00000203496	.	+	ENSG00000203496.9	51151
chr10	38519650	38519976	peak_1584	1000	.	407.526245	6.280785	-1	276	chr10	38453180	38466176	ENSG00000203496	.	+	ENSG00000203496.9	53475
chr10	38520928	38521439	peak_1585	448	.	229.105637	4.892064	-1	139	chr10	38453180	38466176	ENSG00000203496	.	+	ENSG00000203496.9	54753
chr10	38523503	38523793	peak_1586	1000	.	292.251892	5.109050	-1	132	chr10	38453180	38466176	ENSG00000203496	.	+	ENSG00000203496.9	57328
chr10	38524077	38524742	peak_1587	764	.	507.810577	5.309801	-1	327	chr10	38453180	38466176	ENSG00000203496	.	+	ENSG00000203496.9	57902
chr10	38525587	38525935	peak_1588	1000	.	779.624390	12.392111	-1	149	chr10	38453180	38466176	ENSG00000203496	.	+	ENSG00000203496.9	59412
chr10	38526093	38526180	peak_1589	1000	.	306.001068	7.931771	-1	54	chr10	38453180	38466176	ENSG00000203496	.	+	ENSG00000203496.9	59918
chr10	38529197	38529535	peak_1590	742	.	250.955917	5.496779	-1	303	chr10	38453180	38466176	ENSG00000203496	.	+	ENSG00000203496.9	63022
chr10	38573339	38573645	peak_1591	1000	.	891.322571	15.718117	-1	155	chr10	38601417	38605609	ABCD1P2	.	+	ENSG00000215151.4	27773
chr10	38574226	38574758	peak_1592	583	.	309.936523	7.681748	-1	384	chr10	38601417	38605609	ABCD1P2	.	+	ENSG00000215151.4	26660
chr10	38575982	38576163	peak_1593	1000	.	232.505173	5.496779	-1	30	chr10	38601417	38605609	ABCD1P2	.	+	ENSG00000215151.4	25255
chr10	38578887	38579176	peak_1594	1000	.	850.888672	16.044493	-1	133	chr10	38601417	38605609	ABCD1P2	.	+	ENSG00000215151.4	22242
chr10	38579450	38579753	peak_1595	1000	.	349.805267	5.671912	-1	78	chr10	38601417	38605609	ABCD1P2	.	+	ENSG00000215151.4	21665
chr10	38580448	38581228	peak_1596	1000	.	823.062561	6.543151	-1	229	chr10	38601417	38605609	ABCD1P2	.	+	ENSG00000215151.4	20190
chr10	38581392	38581743	peak_1597	862	.	302.480377	7.593853	-1	35	chr10	38601417	38605609	ABCD1P2	.	+	ENSG00000215151.4	19675
chr10	38582293	38582757	peak_1598	478	.	221.842392	4.655616	-1	434	chr10	38601417	38605609	ABCD1P2	.	+	ENSG00000215151.4	18661
chr10	38583045	38583425	peak_1599	601	.	228.523911	4.892064	-1	182	chr10	38601417	38605609	ABCD1P2	.	+	ENSG00000215151.4	17993
chr10	38583809	38584201	peak_1600	1000	.	573.964355	8.309755	-1	119	chr10	38601417	38605609	ABCD1P2	.	+	ENSG00000215151.4	17217
chr10	38584372	38584566	peak_1601	1000	.	345.672882	6.280785	-1	35	chr10	38601417	38605609	ABCD1P2	.	+	ENSG00000215151.4	16852
chr10	38586350	38586679	peak_1602	1000	.	362.977356	5.836737	-1	111	chr10	38601417	38605609	ABCD1P2	.	+	ENSG00000215151.4	14739
chr10	38587698	38589414	peak_1603	872	.	1497.119873	8.517250	-1	1168	chr10	38601417	38605609	ABCD1P2	.	+	ENSG00000215151.4	12004
chr10	38590130	38590476	peak_1604	700	.	242.067551	4.105179	-1	278	chr10	38601417	38605609	ABCD1P2	.	+	ENSG00000215151.4	10942
chr10	38591820	38591874	peak_1605	1000	.	386.243225	10.994914	-1	22	chr10	38601417	38605609	ABCD1P2	.	+	ENSG00000215151.4	9544
chr10	38593782	38594570	peak_1606	532	.	419.206818	6.280785	-1	663	chr10	38601417	38605609	ABCD1P2	.	+	ENSG00000215151.4	6848
chr10	38595571	38595646	peak_1607	1000	.	209.142609	6.414886	-1	29	chr10	38601417	38605609	ABCD1P2	.	+	ENSG00000215151.4	5772
chr10	38783474	38784188	peak_1608	1000	.	914.156189	9.014750	-1	128	chr10	38783003	38783108	ENSG00000233832	.	+	ENSG00000233832.1	367
chr10	38784712	38785430	peak_1609	900	.	646.499939	6.280785	-1	407	chr10	38783003	38783108	ENSG00000233832	.	+	ENSG00000233832.1	1605
chr10	38785908	38786656	peak_1610	1000	.	1337.867554	7.113194	-1	400	chr10	38783003	38783108	ENSG00000233832	.	+	ENSG00000233832.1	2801
chr10	38786781	38787229	peak_1611	724	.	324.281952	7.007426	-1	336	chr10	38783003	38783108	ENSG00000233832	.	+	ENSG00000233832.1	3674
chr10	38787412	38788050	peak_1612	1000	.	812.653564	10.383363	-1	108	chr10	38783003	38783108	ENSG00000233832	.	+	ENSG00000233832.1	4305
chr10	38788404	38788592	peak_1613	1000	.	265.736633	6.784213	-1	41	chr10	38783003	38783108	ENSG00000233832	.	+	ENSG00000233832.1	5297
chr10	38788715	38789700	peak_1614	417	.	410.515747	5.109050	-1	597	chr10	38783003	38783108	ENSG00000233832	.	+	ENSG00000233832.1	5608
chr10	38789863	38790109	peak_1615	1000	.	299.935425	5.992500	-1	165	chr10	38783003	38783108	ENSG00000233832	.	+	ENSG00000233832.1	6756
chr10	38790234	38790831	peak_1616	1000	.	751.688354	8.010967	-1	460	chr10	38783003	38783108	ENSG00000233832	.	+	ENSG00000233832.1	7127
chr10	38791038	38793128	peak_1617	1000	.	2366.823486	8.836688	-1	878	chr10	38783003	38783108	ENSG00000233832	.	+	ENSG00000233832.1	7931
chr10	38793264	38794348	peak_1618	840	.	910.398926	5.992500	-1	305	chr10	38783003	38783108	ENSG00000233832	.	+	ENSG00000233832.1	10157
chr10	38794462	38794531	peak_1619	1000	.	315.899506	9.292295	-1	43	chr10	38783003	38783108	ENSG00000233832	.	+	ENSG00000233832.1	11355
chr10	38794701	38796083	peak_1620	858	.	1185.701172	8.583626	-1	153	chr10	38783003	38783108	ENSG00000233832	.	+	ENSG00000233832.1	11594
chr10	38797987	38798873	peak_1621	738	.	653.990234	6.140231	-1	853	chr10	38783003	38783108	ENSG00000233832	.	+	ENSG00000233832.1	14880
chr10	38799345	38800351	peak_1622	746	.	750.384521	4.892064	-1	977	chr10	38783003	38783108	ENSG00000233832	.	+	ENSG00000233832.1	16238
chr10	38800659	38801185	peak_1623	1000	.	670.096497	7.410364	-1	121	chr10	38783003	38783108	ENSG00000233832	.	+	ENSG00000233832.1	17552
chr10	38801655	38801806	peak_1624	1000	.	262.412872	7.113194	-1	29	chr10	38783003	38783108	ENSG00000233832	.	+	ENSG00000233832.1	18548
chr10	38801959	38802644	peak_1625	405	.	277.447845	4.892064	-1	475	chr10	38783003	38783108	ENSG00000233832	.	+	ENSG00000233832.1	18852
chr10	38803453	38804094	peak_1626	1000	.	1190.593628	13.488850	-1	239	chr10	38783003	38783108	ENSG00000233832	.	+	ENSG00000233832.1	20346
chr10	38804221	38804452	peak_1627	1000	.	264.137299	6.414886	-1	26	chr10	38783003	38783108	ENSG00000233832	.	+	ENSG00000233832.1	21114
chr10	38804874	38805522	peak_1628	1000	.	834.993591	7.113194	-1	530	chr10	38783003	38783108	ENSG00000233832	.	+	ENSG00000233832.1	21767
chr10	38806654	38806770	peak_1629	1000	.	212.253387	6.784213	-1	84	chr10	38783003	38783108	ENSG00000233832	.	+	ENSG00000233832.1	23547
chr10	38807516	38807693	peak_1630	1000	.	237.410294	5.496779	-1	143	chr10	38783003	38783108	ENSG00000233832	.	+	ENSG00000233832.1	24409
chr10	38807907	38808437	peak_1631	970	.	514.167969	7.681748	-1	44	chr10	38783003	38783108	ENSG00000233832	.	+	ENSG00000233832.1	24800
chr10	38808839	38809101	peak_1632	1000	.	445.161896	8.309755	-1	42	chr10	38783003	38783108	ENSG00000233832	.	+	ENSG00000233832.1	25732
chr10	38809234	38809528	peak_1633	859	.	252.535248	5.309801	-1	269	chr10	38783003	38783108	ENSG00000233832	.	+	ENSG00000233832.1	26127
chr10	38809761	38810206	peak_1634	1000	.	531.105713	6.897870	-1	106	chr10	38783003	38783108	ENSG00000233832	.	+	ENSG00000233832.1	26654
chr10	38810312	38810605	peak_1635	1000	.	362.697937	5.496779	-1	122	chr10	38783003	38783108	ENSG00000233832	.	+	ENSG00000233832.1	27205
chr10	38811637	38811882	peak_1636	1000	.	404.864380	5.671912	-1	111	chr10	38783003	38783108	ENSG00000233832	.	+	ENSG00000233832.1	28530
chr10	38812072	38812230	peak_1637	1000	.	266.231079	5.109050	-1	112	chr10	38783003	38783108	ENSG00000233832	.	+	ENSG00000233832.1	28965
chr10	38812345	38812753	peak_1638	591	.	241.150742	3.776148	-1	21	chr10	38783003	38783108	ENSG00000233832	.	+	ENSG00000233832.1	29238
chr10	38813172	38813636	peak_1639	1000	.	614.307983	7.767279	-1	359	chr10	38783003	38783108	ENSG00000233832	.	+	ENSG00000233832.1	30065
chr10	38813786	38814596	peak_1640	960	.	777.536926	7.113194	-1	419	chr10	38783003	38783108	ENSG00000233832	.	+	ENSG00000233832.1	30679
chr10	38814700	38815739	peak_1641	758	.	787.773438	5.309801	-1	1005	chr10	38783003	38783108	ENSG00000233832	.	+	ENSG00000233832.1	31593
chr10	38815887	38816073	peak_1642	1000	.	327.409790	5.836737	-1	106	chr10	38783003	38783108	ENSG00000233832	.	+	ENSG00000233832.1	32780
chr10	38816185	38816786	peak_1643	723	.	434.392059	5.309801	-1	187	chr10	38783003	38783108	ENSG00000233832	.	+	ENSG00000233832.1	33078
chr10	38817945	38818269	peak_1644	681	.	220.705124	4.892064	-1	206	chr10	38783003	38783108	ENSG00000233832	.	+	ENSG00000233832.1	34838
chr10	38818389	38818623	peak_1645	1000	.	359.673462	6.897870	-1	22	chr10	38783003	38783108	ENSG00000233832	.	+	ENSG00000233832.1	35282
chr10	38818849	38819298	peak_1646	939	.	421.459106	4.655616	-1	433	chr10	38783003	38783108	ENSG00000233832	.	+	ENSG00000233832.1	35742
chr10	38819506	38819806	peak_1647	1000	.	387.633484	7.931771	-1	149	chr10	38783003	38783108	ENSG00000233832	.	+	ENSG00000233832.1	36399
chr10	38819958	38820111	peak_1648	1000	.	218.687439	7.410364	-1	19	chr10	38783003	38783108	ENSG00000233832	.	+	ENSG00000233832.1	36851
chr10	38821406	38823246	peak_1649	562	.	1033.355469	5.992500	-1	699	chr10	38783003	38783108	ENSG00000233832	.	+	ENSG00000233832.1	38299
chr10	38824729	38825108	peak_1650	589	.	223.066055	4.892064	-1	227	chr10	38783003	38783108	ENSG00000233832	.	+	ENSG00000233832.1	41622
chr10	38825587	38825984	peak_1651	510	.	202.287430	4.105179	-1	23	chr10	38783003	38783108	ENSG00000233832	.	+	ENSG00000233832.1	42480
chr10	38826224	38826510	peak_1652	972	.	277.914459	5.496779	-1	101	chr10	38783003	38783108	ENSG00000233832	.	+	ENSG00000233832.1	43117
chr10	38826956	38827516	peak_1653	1000	.	644.817322	8.010967	-1	236	chr10	38783003	38783108	ENSG00000233832	.	+	ENSG00000233832.1	43849
chr10	38829020	38829612	peak_1654	646	.	382.724396	4.655616	-1	402	chr10	38783003	38783108	ENSG00000233832	.	+	ENSG00000233832.1	45913
chr10	38829767	38829885	peak_1655	1000	.	207.728699	5.496779	-1	16	chr10	38783003	38783108	ENSG00000233832	.	+	ENSG00000233832.1	46660
chr10	38830486	38830893	peak_1656	970	.	394.859558	5.309801	-1	318	chr10	38783003	38783108	ENSG00000233832	.	+	ENSG00000233832.1	47379
chr10	38831383	38831822	peak_1657	1000	.	486.820190	9.014750	-1	37	chr10	38783003	38783108	ENSG00000233832	.	+	ENSG00000233832.1	48276
chr10	38832170	38832549	peak_1658	586	.	222.109360	5.109050	-1	285	chr10	38783003	38783108	ENSG00000233832	.	+	ENSG00000233832.1	49063
chr10	38833487	38833766	peak_1659	1000	.	372.756348	7.681748	-1	179	chr10	38783003	38783108	ENSG00000233832	.	+	ENSG00000233832.1	50380
chr10	38834579	38834934	peak_1660	1000	.	383.871735	5.496779	-1	243	chr10	38783003	38783108	ENSG00000233832	.	+	ENSG00000233832.1	51472
chr10	38835040	38835491	peak_1661	1000	.	462.591400	6.543151	-1	424	chr10	38783003	38783108	ENSG00000233832	.	+	ENSG00000233832.1	51933
chr10	38835913	38836433	peak_1662	671	.	349.029968	4.655616	-1	399	chr10	38783003	38783108	ENSG00000233832	.	+	ENSG00000233832.1	52806
chr10	38836555	38836804	peak_1663	1000	.	603.363586	9.292295	-1	25	chr10	38783003	38783108	ENSG00000233832	.	+	ENSG00000233832.1	53448
chr10	38836946	38837123	peak_1664	1000	.	305.699310	6.414886	-1	153	chr10	38783003	38783108	ENSG00000233832	.	+	ENSG00000233832.1	53839
chr10	38839966	38840326	peak_1665	812	.	292.430969	6.543151	-1	320	chr10	38783003	38783108	ENSG00000233832	.	+	ENSG00000233832.1	56859
chr10	38844012	38844364	peak_1666	744	.	261.715118	5.836737	-1	90	chr10	38783003	38783108	ENSG00000233832	.	+	ENSG00000233832.1	60905
chr10	38844584	38845197	peak_1667	582	.	357.043152	7.850579	-1	471	chr10	38783003	38783108	ENSG00000233832	.	+	ENSG00000233832.1	61477
chr10	38846328	38846630	peak_1668	1000	.	385.471649	7.593853	-1	39	chr10	38783003	38783108	ENSG00000233832	.	+	ENSG00000233832.1	63221
chr10	38850706	38851113	peak_1669	1000	.	699.272217	10.647649	-1	358	chr10	38783003	38783108	ENSG00000233832	.	+	ENSG00000233832.1	67599
chr10	38852261	38852545	peak_1670	952	.	270.507843	5.496779	-1	260	chr10	38783003	38783108	ENSG00000233832	.	+	ENSG00000233832.1	69154
chr10	38853208	38853537	peak_1671	826	.	271.756683	5.109050	-1	90	chr10	38783003	38783108	ENSG00000233832	.	+	ENSG00000233832.1	70101
chr10	38853760	38854082	peak_1672	1000	.	381.027618	6.543151	-1	182	chr10	38783003	38783108	ENSG00000233832	.	+	ENSG00000233832.1	70653
chr10	38854221	38854293	peak_1673	1000	.	283.864990	7.767279	-1	36	chr10	38783003	38783108	ENSG00000233832	.	+	ENSG00000233832.1	71114
chr10	38855212	38855348	peak_1674	1000	.	283.318237	7.113194	-1	89	chr10	38783003	38783108	ENSG00000233832	.	+	ENSG00000233832.1	72105
chr10	38856038	38856284	peak_1675	1000	.	254.695236	5.309801	-1	216	chr10	38783003	38783108	ENSG00000233832	.	+	ENSG00000233832.1	72931
chr10	38856614	38857548	peak_1676	860	.	803.518127	6.414886	-1	350	chr10	38783003	38783108	ENSG00000233832	.	+	ENSG00000233832.1	73507
chr10	38857992	38858330	peak_1677	1000	.	608.341125	8.897087	-1	35	chr10	38783003	38783108	ENSG00000233832	.	+	ENSG00000233832.1	74885
chr10	38858871	38858946	peak_1678	1000	.	200.967072	6.414886	-1	40	chr10	38783003	38783108	ENSG00000233832	.	+	ENSG00000233832.1	75764
chr10	38859843	38860457	peak_1679	932	.	571.952698	8.237581	-1	509	chr10	38783003	38783108	ENSG00000233832	.	+	ENSG00000233832.1	76736
chr10	38860620	38860911	peak_1680	1000	.	290.963715	6.140231	-1	116	chr10	38783003	38783108	ENSG00000233832	.	+	ENSG00000233832.1	77513
chr10	38861134	38861289	peak_1681	1000	.	210.152344	5.109050	-1	22	chr10	38783003	38783108	ENSG00000233832	.	+	ENSG00000233832.1	78027
chr10	38861498	38862020	peak_1682	551	.	287.747101	5.309801	-1	487	chr10	38783003	38783108	ENSG00000233832	.	+	ENSG00000233832.1	78391
chr10	38864715	38865177	peak_1683	699	.	323.144958	6.280785	-1	433	chr10	38783003	38783108	ENSG00000233832	.	+	ENSG00000233832.1	81608
chr10	38867263	38867442	peak_1684	1000	.	385.587738	7.410364	-1	151	chr10	38783003	38783108	ENSG00000233832	.	+	ENSG00000233832.1	84156
chr10	38867566	38868176	peak_1685	907	.	553.440002	7.314430	-1	471	chr10	38783003	38783108	ENSG00000233832	.	+	ENSG00000233832.1	84459
chr10	38868287	38868572	peak_1686	974	.	277.479370	5.109050	-1	255	chr10	38783003	38783108	ENSG00000233832	.	+	ENSG00000233832.1	85180
chr10	38869053	38869236	peak_1687	1000	.	232.908081	7.215447	-1	27	chr10	38783003	38783108	ENSG00000233832	.	+	ENSG00000233832.1	85946
chr10	38872355	38872923	peak_1688	1000	.	768.451355	10.140387	-1	447	chr10	38783003	38783108	ENSG00000233832	.	+	ENSG00000233832.1	89248
chr10	38873374	38873659	peak_1689	1000	.	312.642914	5.671912	-1	207	chr10	38783003	38783108	ENSG00000233832	.	+	ENSG00000233832.1	90267
chr10	38876802	38877110	peak_1690	861	.	265.095367	5.496779	-1	282	chr10	38783003	38783108	ENSG00000233832	.	+	ENSG00000233832.1	93695
chr10	38877213	38877342	peak_1691	1000	.	254.248657	7.931771	-1	23	chr10	38783003	38783108	ENSG00000233832	.	+	ENSG00000233832.1	94106
chr10	38877451	38877718	peak_1692	1000	.	312.231476	6.280785	-1	19	chr10	38783003	38783108	ENSG00000233832	.	+	ENSG00000233832.1	94344
chr10	38881150	38881344	peak_1693	1000	.	202.207275	6.140231	-1	28	chr10	38783003	38783108	ENSG00000233832	.	+	ENSG00000233832.1	98043
chr10	38882130	38882468	peak_1694	950	.	321.017334	4.892064	-1	248	chr10	38783003	38783108	ENSG00000233832	.	+	ENSG00000233832.1	99023
chr10	38883615	38884505	peak_1695	423	.	376.070343	5.992500	-1	339	chr10	38783003	38783108	ENSG00000233832	.	+	ENSG00000233832.1	100508
chr10	38886399	38886850	peak_1696	535	.	241.168625	4.892064	-1	419	chr10	38783003	38783108	ENSG00000233832	.	+	ENSG00000233832.1	103292
chr10	38887178	38887376	peak_1697	1000	.	240.010330	6.140231	-1	105	chr10	38783003	38783108	ENSG00000233832	.	+	ENSG00000233832.1	104071
chr10	38887514	38887894	peak_1698	560	.	212.738235	4.892064	-1	132	chr10	38783003	38783108	ENSG00000233832	.	+	ENSG00000233832.1	104407
chr10	38888012	38888543	peak_1699	950	.	504.555817	5.992500	-1	255	chr10	38783003	38783108	ENSG00000233832	.	+	ENSG00000233832.1	104905
chr10	38889164	38889525	peak_1700	1000	.	520.626160	7.113194	-1	314	chr10	38783003	38783108	ENSG00000233832	.	+	ENSG00000233832.1	106057
chr10	38890033	38890279	peak_1701	902	.	222.002350	5.309801	-1	145	chr10	38783003	38783108	ENSG00000233832	.	+	ENSG00000233832.1	106926
chr10	38891058	38891274	peak_1702	1000	.	226.886230	5.309801	-1	80	chr10	38783003	38783108	ENSG00000233832	.	+	ENSG00000233832.1	107951
chr10	38892059	38892294	peak_1703	1000	.	248.772476	5.496779	-1	34	chr10	38783003	38783108	ENSG00000233832	.	+	ENSG00000233832.1	108952
chr10	38893868	38894178	peak_1704	683	.	211.759262	5.109050	-1	29	chr10	38783003	38783108	ENSG00000233832	.	+	ENSG00000233832.1	110761
chr10	38894331	38894665	peak_1705	821	.	274.291565	5.992500	-1	114	chr10	38783003	38783108	ENSG00000233832	.	+	ENSG00000233832.1	111224
chr10	38896925	38897211	peak_1706	921	.	263.388855	5.109050	-1	266	chr10	38783003	38783108	ENSG00000233832	.	+	ENSG00000233832.1	113818
chr10	38899119	38899223	peak_1707	1000	.	231.893845	7.593853	-1	25	chr10	38783003	38783108	ENSG00000233832	.	+	ENSG00000233832.1	116012
chr10	38899341	38899742	peak_1708	588	.	235.944992	5.109050	-1	21	chr10	38783003	38783108	ENSG00000233832	.	+	ENSG00000233832.1	116234
chr10	38899883	38899972	peak_1709	1000	.	284.329987	7.681748	-1	44	chr10	38783003	38783108	ENSG00000233832	.	+	ENSG00000233832.1	116776
chr10	38902633	38903180	peak_1710	1000	.	712.549255	6.543151	-1	31	chr10	38783003	38783108	ENSG00000233832	.	+	ENSG00000233832.1	119526
chr10	38903902	38904155	peak_1711	1000	.	340.835815	6.897870	-1	137	chr10	38783003	38783108	ENSG00000233832	.	+	ENSG00000233832.1	120795
chr10	38904293	38904752	peak_1712	1000	.	610.856995	14.651456	-1	303	chr10	38783003	38783108	ENSG00000233832	.	+	ENSG00000233832.1	121186
chr10	38904984	38905466	peak_1713	1000	.	685.243286	11.661139	-1	173	chr10	38783003	38783108	ENSG00000233832	.	+	ENSG00000233832.1	121877
chr10	38911666	38912350	peak_1714	714	.	488.588165	5.992500	-1	153	chr10	38783003	38783108	ENSG00000233832	.	+	ENSG00000233832.1	128559
chr10	38912536	38913297	peak_1715	1000	.	842.837097	8.088272	-1	210	chr10	38783003	38783108	ENSG00000233832	.	+	ENSG00000233832.1	129429
chr10	38918273	38918437	peak_1716	1000	.	255.936539	4.395352	-1	95	chr10	38783003	38783108	ENSG00000233832	.	+	ENSG00000233832.1	135166
chr10	38918976	38919334	peak_1717	1000	.	572.295166	7.007426	-1	115	chr10	38783003	38783108	ENSG00000233832	.	+	ENSG00000233832.1	135869
chr10	38919510	38920233	peak_1718	1000	.	843.489075	5.309801	-1	192	chr10	38783003	38783108	ENSG00000233832	.	+	ENSG00000233832.1	136403
chr10	39619796	39619979	peak_1719	1000	.	286.434387	7.410364	-1	55	chr10	38783003	38783108	ENSG00000233832	.	+	ENSG00000233832.1	836689
chr10	39633641	39633946	peak_1720	1000	.	364.004730	9.072088	-1	225	chr10	38783003	38783108	ENSG00000233832	.	+	ENSG00000233832.1	850534
chr10	39635237	39635411	peak_1721	1000	.	210.077576	5.109050	-1	142	chr10	38783003	38783108	ENSG00000233832	.	+	ENSG00000233832.1	852130
chr10	39936567	39937043	peak_1722	442	.	210.254929	4.105179	-1	23	chr10	38783003	38783108	ENSG00000233832	.	+	ENSG00000233832.1	1153460
chr10	39960707	39961039	peak_1723	672	.	222.972000	5.309801	-1	173	chr10	38783003	38783108	ENSG00000233832	.	+	ENSG00000233832.1	1177600
chr10	39965097	39965227	peak_1724	1000	.	287.797607	7.503445	-1	96	chr10	38783003	38783108	ENSG00000233832	.	+	ENSG00000233832.1	1181990
chr10	39966222	39966304	peak_1725	1000	.	382.101288	9.924512	-1	49	chr10	38783003	38783108	ENSG00000233832	.	+	ENSG00000233832.1	1183115
chr10	39967562	39967734	peak_1726	1000	.	521.275330	10.223215	-1	65	chr10	38783003	38783108	ENSG00000233832	.	+	ENSG00000233832.1	1184455
chr10	39968103	39968501	peak_1727	507	.	201.982651	4.105179	-1	305	chr10	38783003	38783108	ENSG00000233832	.	+	ENSG00000233832.1	1184996
chr10	39986328	39986598	peak_1728	1000	.	570.586975	10.894123	-1	171	chr10	38783003	38783108	ENSG00000233832	.	+	ENSG00000233832.1	1203221
chr10	39987395	39987937	peak_1729	756	.	409.587738	5.836737	-1	477	chr10	38783003	38783108	ENSG00000233832	.	+	ENSG00000233832.1	1204288
chr10	40073422	40073786	peak_1730	1000	.	416.204712	7.593853	-1	54	chr10	38783003	38783108	ENSG00000233832	.	+	ENSG00000233832.1	1290315
chr10	40077251	40078082	peak_1731	408	.	338.799194	4.105179	-1	801	chr10	38783003	38783108	ENSG00000233832	.	+	ENSG00000233832.1	1294144
chr10	40082464	40082832	peak_1732	726	.	267.142365	4.395352	-1	220	chr10	38783003	38783108	ENSG00000233832	.	+	ENSG00000233832.1	1299357
chr10	40084280	40084816	peak_1733	416	.	222.777847	4.395352	-1	315	chr10	38783003	38783108	ENSG00000233832	.	+	ENSG00000233832.1	1301173
chr10	40100527	40100867	peak_1734	682	.	231.853302	4.105179	-1	30	chr10	38783003	38783108	ENSG00000233832	.	+	ENSG00000233832.1	1317420
chr10	40128261	40128507	peak_1735	1000	.	337.024384	8.088272	-1	35	chr10	38783003	38783108	ENSG00000233832	.	+	ENSG00000233832.1	1345154
chr10	40129457	40130120	peak_1736	325	.	215.634781	4.105179	-1	542	chr10	38783003	38783108	ENSG00000233832	.	+	ENSG00000233832.1	1346350
chr10	40180851	40180918	peak_1737	1000	.	302.057037	8.517250	-1	33	chr10	38783003	38783108	ENSG00000233832	.	+	ENSG00000233832.1	1397744
chr10	40202395	40203521	peak_1738	569	.	641.081299	4.105179	-1	635	chr10	38783003	38783108	ENSG00000233832	.	+	ENSG00000233832.1	1419288
chr10	40213454	40213523	peak_1739	1000	.	322.463654	8.836688	-1	34	chr10	38783003	38783108	ENSG00000233832	.	+	ENSG00000233832.1	1430347
chr10	40246225	40246457	peak_1740	1000	.	239.658600	4.395352	-1	27	chr10	38783003	38783108	ENSG00000233832	.	+	ENSG00000233832.1	1463118
chr10	40266969	40268062	peak_1741	299	.	326.903931	4.395352	-1	997	chr10	38783003	38783108	ENSG00000233832	.	+	ENSG00000233832.1	1483862
chr10	40279862	40280298	peak_1742	813	.	354.381012	5.836737	-1	88	chr10	38783003	38783108	ENSG00000233832	.	+	ENSG00000233832.1	1496755
chr10	40286822	40287455	peak_1743	363	.	229.717209	4.395352	-1	27	chr10	38783003	38783108	ENSG00000233832	.	+	ENSG00000233832.1	1503715
chr10	40315418	40315772	peak_1744	715	.	253.217621	4.395352	-1	215	chr10	38783003	38783108	ENSG00000233832	.	+	ENSG00000233832.1	1532311
chr10	40325270	40325951	peak_1745	588	.	400.138641	4.105179	-1	75	chr10	38783003	38783108	ENSG00000233832	.	+	ENSG00000233832.1	1542163
chr10	40333785	40334667	peak_1746	235	.	207.127335	4.395352	-1	849	chr10	38783003	38783108	ENSG00000233832	.	+	ENSG00000233832.1	1550678
chr10	40338065	40338523	peak_1747	485	.	221.961441	3.776148	-1	386	chr10	38783003	38783108	ENSG00000233832	.	+	ENSG00000233832.1	1554958
chr10	40367116	40367704	peak_1748	428	.	251.736847	4.655616	-1	30	chr10	38783003	38783108	ENSG00000233832	.	+	ENSG00000233832.1	1584009
chr10	40389171	40389581	peak_1749	513	.	210.326904	4.395352	-1	23	chr10	38783003	38783108	ENSG00000233832	.	+	ENSG00000233832.1	1606064
chr10	40389735	40390325	peak_1750	468	.	276.243835	4.395352	-1	328	chr10	38783003	38783108	ENSG00000233832	.	+	ENSG00000233832.1	1606628
chr10	40395542	40395741	peak_1751	1000	.	434.479279	9.238552	-1	57	chr10	38783003	38783108	ENSG00000233832	.	+	ENSG00000233832.1	1612435
chr10	40408840	40409358	peak_1752	486	.	251.948242	4.395352	-1	262	chr10	38783003	38783108	ENSG00000233832	.	+	ENSG00000233832.1	1625733
chr10	40412778	40413096	peak_1753	1000	.	341.756653	6.280785	-1	283	chr10	38783003	38783108	ENSG00000233832	.	+	ENSG00000233832.1	1629671
chr10	40413800	40414094	peak_1754	1000	.	329.841248	6.897870	-1	260	chr10	38783003	38783108	ENSG00000233832	.	+	ENSG00000233832.1	1630693
chr10	40437385	40438005	peak_1755	611	.	379.109100	4.395352	-1	205	chr10	38783003	38783108	ENSG00000233832	.	+	ENSG00000233832.1	1654278
chr10	40447214	40447419	peak_1756	1000	.	610.464539	12.155340	-1	118	chr10	38783003	38783108	ENSG00000233832	.	+	ENSG00000233832.1	1664107
chr10	40448260	40448391	peak_1757	1000	.	269.781281	7.314430	-1	44	chr10	38783003	38783108	ENSG00000233832	.	+	ENSG00000233832.1	1665153
chr10	40466074	40466332	peak_1758	1000	.	333.485596	6.414886	-1	224	chr10	38783003	38783108	ENSG00000233832	.	+	ENSG00000233832.1	1682967
chr10	40467602	40467928	peak_1759	796	.	259.595459	5.496779	-1	107	chr10	42149309	42149549	KSR1P1	.	-	ENSG00000229485.1	1681382
chr10	40478253	40478580	peak_1760	854	.	279.127228	5.671912	-1	87	chr10	42149309	42149549	KSR1P1	.	-	ENSG00000229485.1	1670730
chr10	40485748	40486311	peak_1761	409	.	230.081879	4.892064	-1	408	chr10	42149309	42149549	KSR1P1	.	-	ENSG00000229485.1	1662999
chr10	40495847	40496105	peak_1762	896	.	231.085678	5.309801	-1	172	chr10	42149309	42149549	KSR1P1	.	-	ENSG00000229485.1	1653205
chr10	40502020	40502752	peak_1763	435	.	318.239105	4.655616	-1	29	chr10	42149309	42149549	KSR1P1	.	-	ENSG00000229485.1	1646558
chr10	40512960	40513371	peak_1764	536	.	220.496048	3.394254	-1	333	chr10	42149309	42149549	KSR1P1	.	-	ENSG00000229485.1	1635939
chr10	40538113	40538382	peak_1765	753	.	202.547897	3.776148	-1	122	chr10	42149309	42149549	KSR1P1	.	-	ENSG00000229485.1	1610928
chr10	40556508	40557108	peak_1766	1000	.	877.681580	10.928026	-1	363	chr10	42149309	42149549	KSR1P1	.	-	ENSG00000229485.1	1592202
chr10	40610511	40610860	peak_1767	769	.	268.485382	4.395352	-1	85	chr10	42149309	42149549	KSR1P1	.	-	ENSG00000229485.1	1538450
chr10	40615418	40615568	peak_1768	1000	.	412.634705	8.775187	-1	121	chr10	42149309	42149549	KSR1P1	.	-	ENSG00000229485.1	1533742
chr10	40617674	40617980	peak_1769	970	.	296.967072	4.655616	-1	207	chr10	42149309	42149549	KSR1P1	.	-	ENSG00000229485.1	1531330
chr10	40620058	40620608	peak_1770	520	.	285.950684	4.655616	-1	288	chr10	42149309	42149549	KSR1P1	.	-	ENSG00000229485.1	1528702
chr10	40633907	40634452	peak_1771	1000	.	660.694946	8.088272	-1	326	chr10	42149309	42149549	KSR1P1	.	-	ENSG00000229485.1	1514858
chr10	40662431	40662941	peak_1772	397	.	202.336349	4.395352	-1	134	chr10	42149309	42149549	KSR1P1	.	-	ENSG00000229485.1	1486369
chr10	40669171	40669916	peak_1773	386	.	287.581238	3.776148	-1	56	chr10	42149309	42149549	KSR1P1	.	-	ENSG00000229485.1	1479394
chr10	40691137	40691596	peak_1774	457	.	209.669800	4.655616	-1	78	chr10	42149309	42149549	KSR1P1	.	-	ENSG00000229485.1	1457714
chr10	40715017	40715228	peak_1775	1000	.	248.160339	5.496779	-1	57	chr10	42149309	42149549	KSR1P1	.	-	ENSG00000229485.1	1434082
chr10	40728104	40728800	peak_1776	500	.	348.205811	5.109050	-1	249	chr10	42149309	42149549	KSR1P1	.	-	ENSG00000229485.1	1420510
chr10	40733345	40733588	peak_1777	894	.	217.242676	4.892064	-1	208	chr10	42149309	42149549	KSR1P1	.	-	ENSG00000229485.1	1415722
chr10	40766289	40766659	peak_1778	560	.	207.229843	4.105179	-1	106	chr10	42149309	42149549	KSR1P1	.	-	ENSG00000229485.1	1382651
chr10	40792729	40793221	peak_1779	537	.	264.162628	4.655616	-1	450	chr10	42149309	42149549	KSR1P1	.	-	ENSG00000229485.1	1356089
chr10	40797223	40797760	peak_1780	420	.	225.805756	3.776148	-1	20	chr10	42149309	42149549	KSR1P1	.	-	ENSG00000229485.1	1351550
chr10	40806806	40807144	peak_1781	693	.	234.333847	5.671912	-1	190	chr10	42149309	42149549	KSR1P1	.	-	ENSG00000229485.1	1342166
chr10	40810934	40811334	peak_1782	1000	.	437.438324	9.549155	-1	138	chr10	42149309	42149549	KSR1P1	.	-	ENSG00000229485.1	1337976
chr10	40821952	40822637	peak_1783	462	.	316.497345	4.395352	-1	233	chr10	42149309	42149549	KSR1P1	.	-	ENSG00000229485.1	1326673
chr10	40829556	40829763	peak_1784	1000	.	600.854675	13.236900	-1	175	chr10	42149309	42149549	KSR1P1	.	-	ENSG00000229485.1	1319547
chr10	40831572	40831969	peak_1785	742	.	294.412872	4.892064	-1	127	chr10	42149309	42149549	KSR1P1	.	-	ENSG00000229485.1	1317341
chr10	40835110	40835749	peak_1786	451	.	287.982605	3.776148	-1	614	chr10	42149309	42149549	KSR1P1	.	-	ENSG00000229485.1	1313561
chr10	40874938	40875384	peak_1787	468	.	208.530624	4.105179	-1	341	chr10	42149309	42149549	KSR1P1	.	-	ENSG00000229485.1	1273926
chr10	40878711	40878997	peak_1788	1000	.	490.189423	9.499280	-1	206	chr10	42149309	42149549	KSR1P1	.	-	ENSG00000229485.1	1270313
chr10	40880024	40880274	peak_1789	836	.	209.089508	4.655616	-1	93	chr10	42149309	42149549	KSR1P1	.	-	ENSG00000229485.1	1269036
chr10	40882632	40883073	peak_1790	475	.	209.288254	4.655616	-1	183	chr10	42149309	42149549	KSR1P1	.	-	ENSG00000229485.1	1266237
chr10	40888809	40889104	peak_1791	772	.	227.778198	5.109050	-1	29	chr10	42149309	42149549	KSR1P1	.	-	ENSG00000229485.1	1260206
chr10	40889361	40890245	peak_1792	509	.	449.779449	4.655616	-1	516	chr10	42149309	42149549	KSR1P1	.	-	ENSG00000229485.1	1259065
chr10	40892099	40892595	peak_1793	1000	.	627.201904	7.410364	-1	107	chr10	42149309	42149549	KSR1P1	.	-	ENSG00000229485.1	1256715
chr10	40893781	40894026	peak_1794	914	.	223.846664	6.140231	-1	130	chr10	42149309	42149549	KSR1P1	.	-	ENSG00000229485.1	1255284
chr10	40895467	40895826	peak_1795	756	.	271.446533	5.496779	-1	117	chr10	42149309	42149549	KSR1P1	.	-	ENSG00000229485.1	1253484
chr10	40900324	40900517	peak_1796	1000	.	221.373276	5.671912	-1	42	chr10	42149309	42149549	KSR1P1	.	-	ENSG00000229485.1	1248793
chr10	40919097	40919464	peak_1797	720	.	264.200684	4.395352	-1	31	chr10	42149309	42149549	KSR1P1	.	-	ENSG00000229485.1	1229846
chr10	40934859	40935178	peak_1798	1000	.	348.155182	8.309755	-1	31	chr10	42149309	42149549	KSR1P1	.	-	ENSG00000229485.1	1214132
chr10	40938376	40938838	peak_1799	687	.	317.243652	4.655616	-1	272	chr10	42149309	42149549	KSR1P1	.	-	ENSG00000229485.1	1210472
chr10	40948909	40949343	peak_1800	680	.	295.229858	4.105179	-1	20	chr10	42149309	42149549	KSR1P1	.	-	ENSG00000229485.1	1199967
chr10	40955043	40955147	peak_1801	1000	.	354.088440	9.549155	-1	71	chr10	42149309	42149549	KSR1P1	.	-	ENSG00000229485.1	1194163
chr10	40964857	40965388	peak_1802	397	.	211.063049	3.776148	-1	268	chr10	42149309	42149549	KSR1P1	.	-	ENSG00000229485.1	1183922
chr10	40966308	40966734	peak_1803	597	.	254.395752	4.105179	-1	173	chr10	42149309	42149549	KSR1P1	.	-	ENSG00000229485.1	1182576
chr10	40966977	40967276	peak_1804	755	.	225.658829	4.105179	-1	189	chr10	42149309	42149549	KSR1P1	.	-	ENSG00000229485.1	1182034
chr10	40973290	40974142	peak_1805	663	.	565.105591	4.105179	-1	819	chr10	42149309	42149549	KSR1P1	.	-	ENSG00000229485.1	1175168
chr10	40988814	40989201	peak_1806	723	.	279.945892	5.671912	-1	312	chr10	42149309	42149549	KSR1P1	.	-	ENSG00000229485.1	1160109
chr10	40991873	40992162	peak_1807	750	.	216.874512	4.395352	-1	148	chr10	42149309	42149549	KSR1P1	.	-	ENSG00000229485.1	1157148
chr10	41013823	41013997	peak_1808	1000	.	280.118927	7.007426	-1	97	chr10	42149309	42149549	KSR1P1	.	-	ENSG00000229485.1	1135313
chr10	41017346	41018299	peak_1809	290	.	275.922943	4.105179	-1	463	chr10	42149309	42149549	KSR1P1	.	-	ENSG00000229485.1	1131011
chr10	41032566	41033310	peak_1810	381	.	283.498444	5.496779	-1	29	chr10	42149309	42149549	KSR1P1	.	-	ENSG00000229485.1	1116000
chr10	41035877	41036269	peak_1811	514	.	201.673279	4.655616	-1	362	chr10	42149309	42149549	KSR1P1	.	-	ENSG00000229485.1	1113041
chr10	41039054	41039396	peak_1812	595	.	203.401047	3.776148	-1	59	chr10	42149309	42149549	KSR1P1	.	-	ENSG00000229485.1	1109914
chr10	41047310	41047797	peak_1813	553	.	269.456909	3.776148	-1	175	chr10	42149309	42149549	KSR1P1	.	-	ENSG00000229485.1	1101513
chr10	41068409	41068664	peak_1814	1000	.	323.623474	6.140231	-1	179	chr10	42149309	42149549	KSR1P1	.	-	ENSG00000229485.1	1080646
chr10	41069574	41069734	peak_1815	1000	.	292.294495	6.666107	-1	34	chr10	42149309	42149549	KSR1P1	.	-	ENSG00000229485.1	1079576
chr10	41072284	41072631	peak_1816	618	.	214.406860	4.655616	-1	173	chr10	42149309	42149549	KSR1P1	.	-	ENSG00000229485.1	1076679
chr10	41084361	41084987	peak_1817	351	.	219.437469	4.892064	-1	356	chr10	42149309	42149549	KSR1P1	.	-	ENSG00000229485.1	1064323
chr10	41087454	41087750	peak_1818	949	.	280.951874	6.280785	-1	156	chr10	42149309	42149549	KSR1P1	.	-	ENSG00000229485.1	1061560
chr10	41088553	41088780	peak_1819	1000	.	264.812500	6.543151	-1	78	chr10	42149309	42149549	KSR1P1	.	-	ENSG00000229485.1	1060530
chr10	41096419	41096610	peak_1820	1000	.	279.829010	5.309801	-1	28	chr10	42149309	42149549	KSR1P1	.	-	ENSG00000229485.1	1052700
chr10	41125084	41125668	peak_1821	1000	.	595.200867	9.292295	-1	307	chr10	42149309	42149549	KSR1P1	.	-	ENSG00000229485.1	1023642
chr10	41130645	41131075	peak_1822	479	.	205.933777	4.105179	-1	215	chr10	42149309	42149549	KSR1P1	.	-	ENSG00000229485.1	1018235
chr10	41133824	41133894	peak_1823	1000	.	358.062653	9.646818	-1	35	chr10	42149309	42149549	KSR1P1	.	-	ENSG00000229485.1	1015416
chr10	41141716	41141945	peak_1824	963	.	220.598694	5.836737	-1	194	chr10	42149309	42149549	KSR1P1	.	-	ENSG00000229485.1	1007365
chr10	41164110	41164298	peak_1825	1000	.	245.249939	6.280785	-1	154	chr10	42149309	42149549	KSR1P1	.	-	ENSG00000229485.1	985012
chr10	41176792	41177167	peak_1826	548	.	205.391190	4.395352	-1	29	chr10	42149309	42149549	KSR1P1	.	-	ENSG00000229485.1	972143
chr10	41179966	41180019	peak_1827	1000	.	238.586258	8.010967	-1	23	chr10	42149309	42149549	KSR1P1	.	-	ENSG00000229485.1	969291
chr10	41194351	41194725	peak_1828	636	.	237.878128	4.655616	-1	88	chr10	42149309	42149549	KSR1P1	.	-	ENSG00000229485.1	954585
chr10	41198592	41198670	peak_1829	1000	.	229.970352	6.784213	-1	35	chr10	42149309	42149549	KSR1P1	.	-	ENSG00000229485.1	950640
chr10	41227877	41228028	peak_1830	1000	.	204.393158	4.655616	-1	28	chr10	42149309	42149549	KSR1P1	.	-	ENSG00000229485.1	921282
chr10	41265517	41265661	peak_1831	1000	.	217.010605	6.140231	-1	32	chr10	42149309	42149549	KSR1P1	.	-	ENSG00000229485.1	883649
chr10	41267532	41267936	peak_1832	554	.	223.812881	3.776148	-1	23	chr10	42149309	42149549	KSR1P1	.	-	ENSG00000229485.1	881374
chr10	41275405	41275475	peak_1833	1000	.	202.437256	6.543151	-1	34	chr10	42149309	42149549	KSR1P1	.	-	ENSG00000229485.1	873835
chr10	41355200	41355787	peak_1834	398	.	233.702911	3.776148	-1	529	chr10	42149309	42149549	KSR1P1	.	-	ENSG00000229485.1	793523
chr10	41389539	41389643	peak_1835	1000	.	265.436798	6.280785	-1	33	chr10	42149309	42149549	KSR1P1	.	-	ENSG00000229485.1	759667
chr10	41400938	41401304	peak_1836	653	.	239.073608	4.892064	-1	339	chr10	42149309	42149549	KSR1P1	.	-	ENSG00000229485.1	748006
chr10	41405844	41406144	peak_1837	836	.	250.895523	6.784213	-1	33	chr10	42149309	42149549	KSR1P1	.	-	ENSG00000229485.1	743166
chr10	41406747	41407212	peak_1838	896	.	416.561401	5.992500	-1	150	chr10	42149309	42149549	KSR1P1	.	-	ENSG00000229485.1	742098
chr10	41422486	41422577	peak_1839	1000	.	206.732666	5.992500	-1	33	chr10	42149309	42149549	KSR1P1	.	-	ENSG00000229485.1	726733
chr10	41428991	41429869	peak_1840	546	.	479.632294	4.655616	-1	251	chr10	42149309	42149549	KSR1P1	.	-	ENSG00000229485.1	719441
chr10	41444301	41444643	peak_1841	706	.	241.436447	5.992500	-1	309	chr10	42149309	42149549	KSR1P1	.	-	ENSG00000229485.1	704667
chr10	41466758	41466985	peak_1842	1000	.	273.747253	7.767279	-1	32	chr10	42149309	42149549	KSR1P1	.	-	ENSG00000229485.1	682325
chr10	41473446	41473840	peak_1843	610	.	240.204224	4.105179	-1	141	chr10	42149309	42149549	KSR1P1	.	-	ENSG00000229485.1	675470
chr10	41524956	41525499	peak_1844	793	.	430.439423	5.836737	-1	74	chr10	42149309	42149549	KSR1P1	.	-	ENSG00000229485.1	623811
chr10	41584006	41584481	peak_1845	479	.	227.640030	4.105179	-1	312	chr10	42149309	42149549	KSR1P1	.	-	ENSG00000229485.1	564829
chr10	41839456	41839658	peak_1846	1000	.	218.891693	4.395352	-1	97	chr10	42149309	42149549	KSR1P1	.	-	ENSG00000229485.1	309652
chr10	41842911	41897639	peak_1847	1000	.	193350.421875	21.486742	-1	17027	chr10	42149309	42149549	KSR1P1	.	-	ENSG00000229485.1	251671
chr10	41897788	41916267	peak_1848	1000	.	63328.125000	14.755558	-1	5737	chr10	42149309	42149549	KSR1P1	.	-	ENSG00000229485.1	233043
chr10	42066267	42098866	peak_1849	1000	.	151001.593750	12.806022	-1	8214	chr10	42149309	42149549	KSR1P1	.	-	ENSG00000229485.1	50444
chr10	42098999	42100336	peak_1850	1000	.	6346.327637	12.031312	-1	1245	chr10	42149309	42149549	KSR1P1	.	-	ENSG00000229485.1	48974
chr10	42100457	42105149	peak_1851	1000	.	19213.890625	12.369070	-1	2305	chr10	42149309	42149549	KSR1P1	.	-	ENSG00000229485.1	44161
chr10	42165891	42166755	peak_1852	1000	.	1032.485352	6.666107	-1	114	chr10	42149309	42149549	KSR1P1	.	-	ENSG00000229485.1	16343
chr10	42166879	42167114	peak_1853	1000	.	323.054749	5.671912	-1	49	chr10	42149309	42149549	KSR1P1	.	-	ENSG00000229485.1	17331
chr10	42167244	42167545	peak_1854	972	.	292.612518	4.892064	-1	282	chr10	42149309	42149549	KSR1P1	.	-	ENSG00000229485.1	17696
chr10	42168244	42168990	peak_1855	476	.	355.445770	5.109050	-1	288	chr10	42185338	42185791	IGKV1OR10-1	.	+	ENSG00000237592.2	16349
chr10	42169139	42169510	peak_1856	1000	.	452.638245	8.088272	-1	339	chr10	42185338	42185791	IGKV1OR10-1	.	+	ENSG00000237592.2	15829
chr10	42170772	42171248	peak_1857	818	.	389.480499	8.163781	-1	453	chr10	42185338	42185791	IGKV1OR10-1	.	+	ENSG00000237592.2	14091
chr10	42171704	42172098	peak_1858	1000	.	568.505737	7.681748	-1	103	chr10	42185338	42185791	IGKV1OR10-1	.	+	ENSG00000237592.2	13241
chr10	42295145	42295463	peak_1859	1000	.	318.209869	6.414886	-1	248	chr10	42192550	42368043	ENSG00000291065	.	-	ENSG00000291065.2	0
chr10	42295801	42295995	peak_1860	1000	.	375.810913	9.345212	-1	51	chr10	42192550	42368043	ENSG00000291065	.	-	ENSG00000291065.2	0
chr10	42296145	42296994	peak_1861	749	.	635.885315	7.593853	-1	434	chr10	42192550	42368043	ENSG00000291065	.	-	ENSG00000291065.2	0
chr10	42297166	42297414	peak_1862	871	.	216.016388	5.496779	-1	179	chr10	42192550	42368043	ENSG00000291065	.	-	ENSG00000291065.2	0
chr10	42298440	42299417	peak_1863	1000	.	1099.774170	8.836688	-1	923	chr10	42192550	42368043	ENSG00000291065	.	-	ENSG00000291065.2	0
chr10	42299551	42299976	peak_1864	1000	.	694.291687	12.679943	-1	53	chr10	42192550	42368043	ENSG00000291065	.	-	ENSG00000291065.2	0
chr10	42300387	42301026	peak_1865	840	.	536.871033	5.671912	-1	532	chr10	42192550	42368043	ENSG00000291065	.	-	ENSG00000291065.2	0
chr10	42301203	42301973	peak_1866	1000	.	971.592224	9.448680	-1	327	chr10	42192550	42368043	ENSG00000291065	.	-	ENSG00000291065.2	0
chr10	42302320	42303075	peak_1867	872	.	658.509521	6.897870	-1	181	chr10	42192550	42368043	ENSG00000291065	.	-	ENSG00000291065.2	0
chr10	42303217	42305650	peak_1868	1000	.	3073.871338	14.449043	-1	1347	chr10	42192550	42368043	ENSG00000291065	.	-	ENSG00000291065.2	0
chr10	42305752	42306099	peak_1869	1000	.	384.666138	5.671912	-1	106	chr10	42192550	42368043	ENSG00000291065	.	-	ENSG00000291065.2	0
chr10	42306838	42307210	peak_1870	1000	.	435.639587	6.280785	-1	210	chr10	42192550	42368043	ENSG00000291065	.	-	ENSG00000291065.2	0
chr10	42307323	42307548	peak_1871	1000	.	439.290802	10.611047	-1	106	chr10	42192550	42368043	ENSG00000291065	.	-	ENSG00000291065.2	0
chr10	42307663	42307875	peak_1872	1000	.	243.081558	5.109050	-1	191	chr10	42192550	42368043	ENSG00000291065	.	-	ENSG00000291065.2	0
chr10	42307991	42308862	peak_1873	751	.	654.555603	6.140231	-1	480	chr10	42192550	42368043	ENSG00000291065	.	-	ENSG00000291065.2	0
chr10	42308977	42309529	peak_1874	1000	.	629.521973	6.280785	-1	284	chr10	42192550	42368043	ENSG00000291065	.	-	ENSG00000291065.2	0
chr10	42309949	42310265	peak_1875	1000	.	520.260559	6.666107	-1	84	chr10	42192550	42368043	ENSG00000291065	.	-	ENSG00000291065.2	0
chr10	42310780	42312857	peak_1876	1000	.	2271.310059	9.128480	-1	1986	chr10	42192550	42368043	ENSG00000291065	.	-	ENSG00000291065.2	0
chr10	42313017	42313223	peak_1877	1000	.	246.600540	5.109050	-1	173	chr10	42192550	42368043	ENSG00000291065	.	-	ENSG00000291065.2	0
chr10	42313331	42314064	peak_1878	1000	.	753.106201	9.397332	-1	350	chr10	42192550	42368043	ENSG00000291065	.	-	ENSG00000291065.2	0
chr10	42314170	42315689	peak_1879	872	.	1323.996704	6.543151	-1	879	chr10	42192550	42368043	ENSG00000291065	.	-	ENSG00000291065.2	0
chr10	42316492	42317004	peak_1880	962	.	492.626343	5.671912	-1	348	chr10	42192550	42368043	ENSG00000291065	.	-	ENSG00000291065.2	0
chr10	42317723	42317792	peak_1881	1000	.	243.741165	7.681748	-1	35	chr10	42192550	42368043	ENSG00000291065	.	-	ENSG00000291065.2	0
chr10	42317969	42318140	peak_1882	1000	.	361.696838	9.183957	-1	149	chr10	42192550	42368043	ENSG00000291065	.	-	ENSG00000291065.2	0
chr10	42318447	42318844	peak_1883	1000	.	561.188599	9.014750	-1	202	chr10	42192550	42368043	ENSG00000291065	.	-	ENSG00000291065.2	0
chr10	42319047	42319475	peak_1884	1000	.	672.687378	11.432281	-1	184	chr10	42192550	42368043	ENSG00000291065	.	-	ENSG00000291065.2	0
chr10	42319635	42321601	peak_1885	1000	.	2166.829346	10.055597	-1	311	chr10	42192550	42368043	ENSG00000291065	.	-	ENSG00000291065.2	0
chr10	44994198	44994564	peak_1886	620	.	226.909485	4.105179	-1	161	chr10	44959406	44996006	RASSF4	.	+	ENSG00000107551.23	0
chr10	46267284	46267927	peak_1887	731	.	469.755676	5.109050	-1	468	chr10	46219260	46269628	ENSG00000299578	.	-	ENSG00000299578.1	0
chr10	46267284	46267927	peak_1887	731	.	469.755676	5.109050	-1	468	chr10	46233884	46273557	ANTXRLP1	.	-	ENSG00000263482.3	0
chr10	46525938	46526407	peak_1888	477	.	223.945297	3.776148	-1	209	chr10	46375583	46537864	ENSG00000285402	.	+	ENSG00000285402.2	0
chr10	47276149	47276752	peak_1889	390	.	235.131546	4.395352	-1	29	chr10	47256334	47256961	ENSG00000303145	.	-	ENSG00000303145.1	19189
chr10	61796041	61796795	peak_1890	302	.	227.423584	4.395352	-1	58	chr10	61684891	61897840	LINC02625	.	-	ENSG00000233643.3	0
chr10	61862948	61863456	peak_1891	432	.	219.640808	4.105179	-1	24	chr10	61684891	61897840	LINC02625	.	-	ENSG00000233643.3	0
chr10	67764241	67764856	peak_1892	1000	.	753.602234	5.496779	-1	324	chr10	65912456	67763637	CTNNA3	.	-	ENSG00000183230.19	605
chr10	69222652	69223125	peak_1893	444	.	210.002045	4.395352	-1	149	chr10	69215332	69232490	ENSG00000229261	.	-	ENSG00000229261.1	0
chr10	69222652	69223125	peak_1893	444	.	210.002045	4.395352	-1	149	chr10	69220291	69267569	HKDC1	.	+	ENSG00000156510.15	0
chr10	70235088	70235523	peak_1894	483	.	210.070007	4.655616	-1	28	chr10	70233565	70235307	ENSG00000294344	.	+	ENSG00000294344.1	0
chr10	70578119	70578814	peak_1895	324	.	225.399399	3.776148	-1	192	chr10	70477657	70668754	PALD1	.	+	ENSG00000107719.12	0
chr10	73496520	73497054	peak_1896	500	.	266.781555	3.776148	-1	231	chr10	73495296	73520070	PPP3CB-AS1	.	+	ENSG00000221817.13	0
chr10	77288746	77289148	peak_1897	577	.	231.889221	4.105179	-1	372	chr10	76869600	77638908	KCNMA1	.	-	ENSG00000156113.26	0
chr10	78082795	78083375	peak_1898	345	.	200.148438	3.394254	-1	137	chr10	78068622	78069538	GNAI2P2	.	-	ENSG00000231957.2	13258
chr10	79025819	79026309	peak_1899	511	.	250.260132	3.394254	-1	85	chr10	78834496	79068530	ZMIZ1-AS1	.	-	ENSG00000224596.10	0
chr10	84178049	84178538	peak_1900	539	.	263.680939	4.655616	-1	142	chr10	84173758	84185294	GPR15LG	.	+	ENSG00000188373.6	0
chr10	88134362	88134612	peak_1901	1000	.	264.213196	4.655616	-1	220	chr10	87980029	88190583	ENSG00000297977	.	+	ENSG00000297977.1	0
chr10	88314202	88314617	peak_1902	561	.	232.640335	3.776148	-1	202	chr10	88273550	88584530	RNLS	.	-	ENSG00000184719.14	0
chr10	96801585	96801926	peak_1903	611	.	208.288712	5.671912	-1	125	chr10	96828668	96828764	MIR607	.	-	ENSG00000207976.1	26743
chr10	100374355	100374689	peak_1904	602	.	201.223892	5.109050	-1	72	chr10	100372913	100454043	OLMALINC	.	+	ENSG00000235823.6	0
chr10	101874501	101875185	peak_1905	303	.	207.460556	3.776148	-1	413	chr10	101845598	102056262	ARMH3	.	-	ENSG00000120029.15	0
chr10	104448117	104448628	peak_1906	404	.	206.421265	3.394254	-1	395	chr10	104353757	104455153	CFAP58	.	+	ENSG00000120051.16	0
chr10	107285596	107285659	peak_1907	1000	.	209.346863	7.215447	-1	30	chr10	106573662	107164713	SORCS1	.	-	ENSG00000108018.18	120884
chr10	113562950	113563320	peak_1908	546	.	202.158493	4.395352	-1	156	chr10	113550836	113592878	HABP2	.	+	ENSG00000148702.17	0
chr10	113961000	113961411	peak_1909	790	.	324.680511	4.395352	-1	103	chr10	113952309	113994720	ENSG00000297898	.	+	ENSG00000297898.1	0
chr10	114537975	114538381	peak_1910	589	.	239.246262	4.395352	-1	89	chr10	114431109	114768061	ABLIM1	.	-	ENSG00000099204.24	0
chr10	118181645	118181735	peak_1911	1000	.	452.225098	9.598328	-1	55	chr10	118046278	118210158	CASC2	.	+	ENSG00000177640.17	0
chr10	119315612	119315784	peak_1912	1000	.	202.278870	4.892064	-1	130	chr10	119207537	119459758	GRK5	.	+	ENSG00000198873.14	0
chr10	123254523	123254887	peak_1913	644	.	234.501694	4.105179	-1	33	chr10	123154364	123313144	BUB3	.	+	ENSG00000154473.20	0
chr10	124226409	124226883	peak_1914	576	.	272.871521	4.395352	-1	382	chr10	124139445	124149819	ENSG00000302075	.	-	ENSG00000302075.1	76591
chr10	124227017	124227563	peak_1915	370	.	202.203979	4.105179	-1	99	chr10	124139445	124149819	ENSG00000302075	.	-	ENSG00000302075.1	77199
chr10	124227721	124228128	peak_1916	534	.	217.479034	4.395352	-1	375	chr10	124305012	124342352	ENSG00000297515	.	-	ENSG00000297515.1	76885
chr10	124725627	124726181	peak_1917	475	.	263.421112	4.105179	-1	430	chr10	124617079	124791727	ENSG00000258539	.	-	ENSG00000258539.1	0
chr10	124725627	124726181	peak_1917	475	.	263.421112	4.105179	-1	430	chr10	124619291	124744475	FAM53B	.	-	ENSG00000189319.16	0
chr10	126947276	126948421	peak_1918	1000	.	2357.647705	5.992500	-1	1020	chr10	126905387	127453803	DOCK1	.	+	ENSG00000150760.15	0
chr10	128464230	128464624	peak_1919	1000	.	897.031372	8.583626	-1	354	chr10	128474867	128476685	ENSG00000306679	.	+	ENSG00000306679.1	10244
chr10	131176273	131177152	peak_1920	736	.	646.917358	4.892064	-1	446	chr10	131092390	131311781	TCERG1L	.	-	ENSG00000176769.11	0
chr10	132268553	132269006	peak_1921	468	.	212.014038	3.776148	-1	339	chr10	132207482	132331894	STK32C	.	-	ENSG00000165752.19	0
chr10	132364368	132364575	peak_1922	1000	.	463.366089	6.666107	-1	78	chr10	132332106	132381508	LRRC27	.	+	ENSG00000148814.20	0
chr10	132821876	132822477	peak_1923	379	.	227.908813	3.776148	-1	569	chr10	132806493	132942823	CFAP46	.	-	ENSG00000171811.15	0
chr10	132997638	132998098	peak_1924	572	.	262.925049	4.892064	-1	71	chr10	132980159	132995590	ENSG00000297963	.	+	ENSG00000297963.1	2049
chr10	133010797	133011787	peak_1925	1000	.	1255.809204	6.140231	-1	798	chr10	133009435	133029612	ENSG00000289039	.	+	ENSG00000289039.2	0
chr10	133686067	133686600	peak_1926	752	.	401.033234	5.992500	-1	333	chr10	133683667	133684936	DUX4L20	.	+	ENSG00000276164.1	1132
chr10	133686701	133690441	peak_1927	1000	.	9143.292969	14.993000	-1	2739	chr10	133683667	133684936	DUX4L20	.	+	ENSG00000276164.1	1766
chr10	133762140	133765019	peak_1928	969	.	2788.534180	5.671912	-1	1906	chr10	133765253	133778765	ENSG00000308672	.	+	ENSG00000308672.1	235
chr10	133787312	133787415	peak_1929	1000	.	384.334686	7.314430	-1	44	chr10	133765253	133778765	ENSG00000308672	.	+	ENSG00000308672.1	8548
chr11	3653763	3654918	peak_1930	1000	.	1387.979614	4.892064	-1	126	chr11	3645105	3668548	ART1	.	+	ENSG00000129744.5	0
chr11	3960962	3961257	peak_1931	820	.	241.957642	4.105179	-1	144	chr11	3854526	4093210	STIM1	.	+	ENSG00000167323.15	0
chr11	10413300	10413784	peak_1932	471	.	228.179428	4.105179	-1	370	chr11	10308161	10507877	AMPD3	.	+	ENSG00000133805.18	0
chr11	10507888	10507966	peak_1933	1000	.	214.607391	6.666107	-1	42	chr11	10308161	10507877	AMPD3	.	+	ENSG00000133805.18	12
chr11	10508196	10508561	peak_1934	1000	.	388.841980	6.140231	-1	176	chr11	10508269	10508326	MIR4485	.	-	ENSG00000283813.1	0
chr11	10508725	10509075	peak_1935	1000	.	450.370544	6.414886	-1	210	chr11	10508269	10508326	MIR4485	.	-	ENSG00000283813.1	400
chr11	10509205	10509800	peak_1936	1000	.	1794.420898	8.088272	-1	35	chr11	10508269	10508326	MIR4485	.	-	ENSG00000283813.1	880
chr11	10509933	10510024	peak_1937	1000	.	220.275803	6.666107	-1	28	chr11	10511521	10541334	RNF141	.	-	ENSG00000110315.9	1498
chr11	11246944	11247424	peak_1938	608	.	291.837585	5.671912	-1	33	chr11	11247354	11261735	ENSG00000306973	.	-	ENSG00000306973.1	0
chr11	11932019	11932722	peak_1939	382	.	268.484436	3.776148	-1	218	chr11	11841422	11961887	USP47	.	+	ENSG00000170242.21	0
chr11	17077765	17078056	peak_1940	1000	.	322.631317	4.892064	-1	48	chr11	17077729	17207986	PIK3C2A	.	-	ENSG00000011405.16	0
chr11	35145031	35145325	peak_1941	932	.	274.108368	4.655616	-1	102	chr11	35138720	35232402	CD44	.	+	ENSG00000026508.23	0
chr11	35248680	35248828	peak_1942	1000	.	272.087799	5.109050	-1	117	chr11	35237968	35286202	SLC1A2-AS1	.	+	ENSG00000255004.2	0
chr11	36309818	36310082	peak_1943	807	.	213.073914	4.395352	-1	156	chr11	36296119	36465209	PRR5L	.	+	ENSG00000135362.16	0
chr11	46356659	46357028	peak_1944	594	.	219.319244	4.105179	-1	20	chr11	46332664	46380555	DGKZ	.	+	ENSG00000149091.17	0
chr11	47356869	47357271	peak_1945	513	.	206.157074	4.105179	-1	189	chr11	47354859	47409369	SPI1	.	-	ENSG00000066336.15	0
chr11	50195836	50195896	peak_1946	1000	.	215.395172	7.314430	-1	25	chr11	50169973	50209294	ENSG00000287538	.	+	ENSG00000287538.2	0
chr11	51097134	51097637	peak_1947	531	.	267.117798	4.105179	-1	20	chr11	50409041	50422316	ENSG00000214883	.	+	ENSG00000214883.4	674819
chr11	51158691	51158766	peak_1948	1000	.	213.238617	7.007426	-1	46	chr11	50409041	50422316	ENSG00000214883	.	+	ENSG00000214883.4	736376
chr11	51817172	51817342	peak_1949	1000	.	236.182358	7.113194	-1	138	chr11	50409041	50422316	ENSG00000214883	.	+	ENSG00000214883.4	1394857
chr11	52300529	52300642	peak_1950	1000	.	276.118103	7.767279	-1	35	chr11	50409041	50422316	ENSG00000214883	.	+	ENSG00000214883.4	1878214
chr11	52357661	52357808	peak_1951	1000	.	247.956512	7.410364	-1	114	chr11	50409041	50422316	ENSG00000214883	.	+	ENSG00000214883.4	1935346
chr11	52600893	52601161	peak_1952	1000	.	412.258301	8.010967	-1	204	chr11	54591479	54592409	OR4C50P	.	+	ENSG00000237610.1	1990319
chr11	52632719	52633201	peak_1953	508	.	245.090561	4.655616	-1	30	chr11	54591479	54592409	OR4C50P	.	+	ENSG00000237610.1	1958279
chr11	52795980	52796230	peak_1954	1000	.	263.136536	5.496779	-1	214	chr11	54591479	54592409	OR4C50P	.	+	ENSG00000237610.1	1795250
chr11	53266644	53266723	peak_1955	1000	.	268.362061	7.593853	-1	34	chr11	54591479	54592409	OR4C50P	.	+	ENSG00000237610.1	1324757
chr11	53318493	53318902	peak_1956	637	.	260.627441	5.836737	-1	374	chr11	54591479	54592409	OR4C50P	.	+	ENSG00000237610.1	1272578
chr11	53326750	53327030	peak_1957	779	.	218.042465	6.280785	-1	107	chr11	54591479	54592409	OR4C50P	.	+	ENSG00000237610.1	1264450
chr11	53354078	53354144	peak_1958	1000	.	308.194641	8.583626	-1	33	chr11	54591479	54592409	OR4C50P	.	+	ENSG00000237610.1	1237336
chr11	53796016	53796553	peak_1959	383	.	205.892838	5.496779	-1	25	chr11	54591479	54592409	OR4C50P	.	+	ENSG00000237610.1	794927
chr11	53986962	53987112	peak_1960	1000	.	356.650146	5.309801	-1	104	chr11	54591479	54592409	OR4C50P	.	+	ENSG00000237610.1	604368
chr11	54021203	54021273	peak_1961	1000	.	280.155853	8.163781	-1	35	chr11	54591479	54592409	OR4C50P	.	+	ENSG00000237610.1	570207
chr11	54236329	54236394	peak_1962	1000	.	298.064789	8.380379	-1	33	chr11	54591479	54592409	OR4C50P	.	+	ENSG00000237610.1	355086
chr11	55417606	55417918	peak_1963	651	.	203.166534	4.655616	-1	277	chr11	55411525	55411717	OR4X7P	.	+	ENSG00000255077.1	5890
chr11	58922866	58923245	peak_1964	556	.	210.749023	4.395352	-1	353	chr11	58905397	59043527	GLYATL1	.	+	ENSG00000166840.15	0
chr11	58922866	58923245	peak_1964	556	.	210.749023	4.395352	-1	353	chr11	58917014	58928689	ENSG00000255523	.	-	ENSG00000255523.1	0
chr11	59550411	59551449	peak_1965	1000	.	1668.534302	6.666107	-1	881	chr11	59537398	59561838	ENSG00000287264	.	+	ENSG00000287264.2	0
chr11	59550411	59551449	peak_1965	1000	.	1668.534302	6.666107	-1	881	chr11	59545343	59558655	ENSG00000302226	.	-	ENSG00000302226.1	0
chr11	59555865	59556683	peak_1966	610	.	498.639832	4.655616	-1	408	chr11	59537398	59561838	ENSG00000287264	.	+	ENSG00000287264.2	0
chr11	59555865	59556683	peak_1966	610	.	498.639832	4.655616	-1	408	chr11	59545343	59558655	ENSG00000302226	.	-	ENSG00000302226.1	0
chr11	59559834	59560781	peak_1967	1000	.	1432.241333	5.992500	-1	583	chr11	59537398	59561838	ENSG00000287264	.	+	ENSG00000287264.2	0
chr11	59559834	59560781	peak_1967	1000	.	1432.241333	5.992500	-1	583	chr11	59560116	59566283	LINC02739	.	-	ENSG00000255008.6	0
chr11	61071460	61072283	peak_1968	330	.	271.973480	3.776148	-1	516	chr11	61013229	61092431	ENSG00000303405	.	-	ENSG00000303405.1	0
chr11	61099807	61100522	peak_1969	439	.	314.217529	4.395352	-1	302	chr11	61102465	61127952	CD5	.	+	ENSG00000110448.13	1944
chr11	61100628	61102213	peak_1970	518	.	821.335693	4.395352	-1	48	chr11	61102465	61127952	CD5	.	+	ENSG00000110448.13	253
chr11	61116286	61116719	peak_1971	698	.	302.276794	4.395352	-1	356	chr11	61102465	61127952	CD5	.	+	ENSG00000110448.13	0
chr11	61116286	61116719	peak_1971	698	.	302.276794	4.395352	-1	356	chr11	61111001	61167355	VPS37C	.	-	ENSG00000167987.13	0
chr11	61814488	61815061	peak_1972	384	.	220.317383	4.395352	-1	324	chr11	61792979	61867354	FADS2	.	+	ENSG00000134824.16	0
chr11	61814488	61815061	peak_1972	384	.	220.317383	4.395352	-1	324	chr11	61799623	61829318	FADS1	.	-	ENSG00000149485.21	0
chr11	62340114	62340779	peak_1973	414	.	275.617981	4.395352	-1	443	chr11	62337346	62393415	ASRGL1	.	+	ENSG00000162174.14	0
chr11	62592214	62592562	peak_1974	657	.	228.566269	4.105179	-1	317	chr11	62591616	62597544	ENSG00000308510	.	+	ENSG00000308510.1	0
chr11	63871228	63871817	peak_1975	341	.	200.671494	3.394254	-1	117	chr11	63838851	63911020	MARK2	.	+	ENSG00000072518.25	0
chr11	65834333	65835012	peak_1976	559	.	379.536285	4.105179	-1	346	chr11	65823021	65862026	CFL1	.	-	ENSG00000172757.14	0
chr11	65834333	65835012	peak_1976	559	.	379.536285	4.105179	-1	346	chr11	65833663	65856896	SNX32	.	+	ENSG00000172803.20	0
chr11	66347836	66348456	peak_1977	1000	.	863.744568	5.496779	-1	384	chr11	66345373	66347856	B4GAT1	.	-	ENSG00000174684.9	0
chr11	66347836	66348456	peak_1977	1000	.	863.744568	5.496779	-1	384	chr11	66347844	66364804	B4GAT1-DT	.	+	ENSG00000255468.8	0
chr11	67669348	67670029	peak_1978	343	.	233.409546	4.395352	-1	217	chr11	67662154	67681224	ALDH3B2	.	-	ENSG00000132746.16	0
chr11	68459850	68460396	peak_1979	949	.	518.289307	5.671912	-1	194	chr11	68460133	68460226	ENSG00000295105	.	-	ENSG00000295105.1	0
chr11	68964002	68964139	peak_1980	1000	.	256.398804	5.496779	-1	105	chr11	68980020	68980986	MRGPRD	.	-	ENSG00000172938.3	15882
chr11	70786839	70787418	peak_1981	431	.	249.395142	4.105179	-1	313	chr11	70467804	71252844	SHANK2	.	-	ENSG00000162105.23	0
chr11	71388029	71388542	peak_1982	397	.	203.726929	3.394254	-1	19	chr11	71382455	71423730	ACTE1P	.	-	ENSG00000293435.2	0
chr11	71388029	71388542	peak_1982	397	.	203.726929	3.394254	-1	19	chr11	71382600	71407772	ACTE1P	.	-	ENSG00000172900.13	0
chr11	71563640	71564065	peak_1983	500	.	212.709259	4.655616	-1	360	chr11	71563388	71565608	ENSG00000286948	.	-	ENSG00000286948.1	0
chr11	72112909	72113858	peak_1984	334	.	316.946899	4.655616	-1	794	chr11	72106369	72113688	ANAPC15	.	-	ENSG00000110200.11	0
chr11	72112909	72113858	peak_1984	334	.	316.946899	4.655616	-1	794	chr11	72112853	72113851	ENSG00000302291	.	+	ENSG00000302291.1	0
chr11	73510733	73510892	peak_1985	1000	.	210.964172	6.280785	-1	24	chr11	73400486	73598253	FAM168A	.	-	ENSG00000054965.13	0
chr11	73510733	73510892	peak_1985	1000	.	210.964172	6.280785	-1	24	chr11	73510657	73510820	ENSG00000256148	.	+	ENSG00000256148.1	0
chr11	76234990	76236257	peak_1986	1000	.	2203.528809	7.113194	-1	601	chr11	76210932	76236865	LINC02761	.	-	ENSG00000255362.2	0
chr11	77886468	77886745	peak_1987	949	.	262.982239	5.992500	-1	149	chr11	77821099	77918693	AAMDC	.	+	ENSG00000087884.18	0
chr11	77886468	77886745	peak_1987	949	.	262.982239	5.992500	-1	149	chr11	77874417	77994874	INTS4	.	-	ENSG00000149262.21	0
chr11	86245946	86246264	peak_1988	700	.	222.581161	5.496779	-1	154	chr11	86201211	86279811	EED	.	+	ENSG00000074266.25	0
chr11	92705407	92705886	peak_1989	643	.	308.175110	5.109050	-1	35	chr11	92224650	92896473	FAT3	.	+	ENSG00000165323.18	0
chr11	102449587	102450069	peak_1990	467	.	224.938339	3.776148	-1	167	chr11	102396328	102470384	TMEM123	.	-	ENSG00000152558.17	0
chr11	102731105	102731310	peak_1991	1000	.	353.495911	5.109050	-1	22	chr11	102711795	102727050	MMP8	.	-	ENSG00000118113.12	4056
chr11	105485782	105486351	peak_1992	380	.	216.361237	3.394254	-1	445	chr11	105137713	105531697	CARD18	.	-	ENSG00000255501.3	0
chr11	112254400	112254937	peak_1993	465	.	249.855774	4.395352	-1	156	chr11	112226058	112270449	PTS	.	+	ENSG00000150787.10	0
chr11	112254400	112254937	peak_1993	465	.	249.855774	4.395352	-1	156	chr11	112248152	112260860	PLET1	.	-	ENSG00000188771.5	0
chr11	115157856	115158374	peak_1994	472	.	244.631287	4.655616	-1	483	chr11	115169217	115504957	CADM1	.	-	ENSG00000182985.21	10844
chr11	115831034	115831429	peak_1995	656	.	259.038605	4.105179	-1	307	chr11	115659139	115843146	LINC02698	.	+	ENSG00000256717.2	0
chr11	115831034	115831429	peak_1995	656	.	259.038605	4.105179	-1	307	chr11	115766968	115834693	ENSG00000302547	.	-	ENSG00000302547.1	0
chr11	115831677	115831891	peak_1996	1000	.	222.031036	4.892064	-1	182	chr11	115659139	115843146	LINC02698	.	+	ENSG00000256717.2	0
chr11	115831677	115831891	peak_1996	1000	.	222.031036	4.892064	-1	182	chr11	115766968	115834693	ENSG00000302547	.	-	ENSG00000302547.1	0
chr11	118875926	118876214	peak_1997	840	.	241.941910	4.892064	-1	109	chr11	118870324	118871075	ENSG00000306318	.	+	ENSG00000306318.1	4852
chr11	126450590	126451509	peak_1998	384	.	353.001892	4.655616	-1	605	chr11	126423357	127003460	KIRREL3	.	-	ENSG00000149571.13	0
chr11	130434563	130435186	peak_1999	366	.	227.868057	4.395352	-1	248	chr11	130314105	130446210	ZBTB44-DT	.	+	ENSG00000175773.16	0
chr11	131680532	131680778	peak_2000	1000	.	363.702393	5.992500	-1	130	chr11	131370477	132336822	NTM	.	+	ENSG00000182667.16	0
chr11	134718673	134718837	peak_2001	1000	.	242.211075	5.496779	-1	61	chr11	134715332	134727506	ENSG00000309662	.	-	ENSG00000309662.1	0
chr11	134740185	134740923	peak_2002	643	.	474.595856	4.105179	-1	394	chr11	134735078	134839257	LINC02714	.	+	ENSG00000251226.3	0
chr12	10000	10564	peak_2003	1000	.	1263.155640	9.072088	-1	243	chr12	12309	13501	DDX11L8	.	+	ENSG00000256263.1	1746
chr12	420076	420272	peak_2004	1000	.	202.512268	4.655616	-1	152	chr12	389272	442645	CCDC77	.	+	ENSG00000120647.12	0
chr12	420076	420272	peak_2004	1000	.	202.512268	4.655616	-1	152	chr12	411654	461244	ENSG00000303058	.	-	ENSG00000303058.1	0
chr12	421118	421717	peak_2005	349	.	209.268768	3.776148	-1	156	chr12	389272	442645	CCDC77	.	+	ENSG00000120647.12	0
chr12	421118	421717	peak_2005	349	.	209.268768	3.776148	-1	156	chr12	411654	461244	ENSG00000303058	.	-	ENSG00000303058.1	0
chr12	2719756	2720280	peak_2006	533	.	279.231415	5.109050	-1	20	chr12	2668499	2812944	ITFG2-AS1	.	-	ENSG00000258325.3	0
chr12	5535429	5535786	peak_2007	606	.	216.301620	4.395352	-1	195	chr12	5531868	5946232	ANO2	.	-	ENSG00000047617.19	0
chr12	5617064	5617458	peak_2008	556	.	219.247559	5.309801	-1	73	chr12	5531868	5946232	ANO2	.	-	ENSG00000047617.19	0
chr12	5717278	5717787	peak_2009	469	.	238.483810	5.109050	-1	55	chr12	5531868	5946232	ANO2	.	-	ENSG00000047617.19	0
chr12	5718196	5718567	peak_2010	609	.	226.059052	4.655616	-1	336	chr12	5531868	5946232	ANO2	.	-	ENSG00000047617.19	0
chr12	5931772	5932682	peak_2011	349	.	318.006897	3.776148	-1	632	chr12	5531868	5946232	ANO2	.	-	ENSG00000047617.19	0
chr12	6181075	6181337	peak_2012	783	.	205.079025	4.105179	-1	161	chr12	6149751	6200644	ENSG00000255775	.	-	ENSG00000255775.2	0
chr12	6336113	6336471	peak_2013	672	.	240.705582	4.395352	-1	230	chr12	6328756	6342114	TNFRSF1A	.	-	ENSG00000067182.11	0
chr12	9650917	9651791	peak_2014	321	.	280.949860	4.395352	-1	648	chr12	9447979	9662085	ENSG00000284634	.	+	ENSG00000284634.2	0
chr12	10613191	10613644	peak_2015	469	.	212.466553	4.105179	-1	422	chr12	10603392	10613616	MAGOHB	.	-	ENSG00000111196.13	0
chr12	10613191	10613644	peak_2015	469	.	212.466553	4.105179	-1	422	chr12	10613637	10617925	ENSG00000302947	.	+	ENSG00000302947.1	0
chr12	11771451	11772126	peak_2016	350	.	236.399246	3.776148	-1	464	chr12	11649613	11895386	ETV6	.	+	ENSG00000139083.13	0
chr12	11862421	11863457	peak_2017	238	.	246.566772	3.776148	-1	650	chr12	11649613	11895386	ETV6	.	+	ENSG00000139083.13	0
chr12	11906118	11906677	peak_2018	401	.	224.401505	4.395352	-1	364	chr12	11649613	11895386	ETV6	.	+	ENSG00000139083.13	10733
chr12	20551427	20551565	peak_2019	1000	.	394.846130	6.666107	-1	80	chr12	20368321	20688583	PDE3A	.	+	ENSG00000172572.9	0
chr12	26975377	26975799	peak_2020	500	.	210.916199	4.395352	-1	182	chr12	26954297	27014507	TM7SF3	.	-	ENSG00000064115.13	0
chr12	26975377	26975799	peak_2020	500	.	210.916199	4.395352	-1	182	chr12	26971585	26979582	TM7SF3-AS1	.	+	ENSG00000247903.1	0
chr12	34829903	34830281	peak_2021	629	.	237.617188	4.105179	-1	343	chr12	34249480	34249958	AK6P1	.	+	ENSG00000256614.1	579946
chr12	34830427	34830826	peak_2022	1000	.	440.445374	7.410364	-1	40	chr12	34249480	34249958	AK6P1	.	+	ENSG00000256614.1	580470
chr12	34953319	34953504	peak_2023	1000	.	244.192230	6.414886	-1	32	chr12	34249480	34249958	AK6P1	.	+	ENSG00000256614.1	703362
chr12	35307267	35307795	peak_2024	390	.	205.694656	5.496779	-1	378	chr12	34249480	34249958	AK6P1	.	+	ENSG00000256614.1	1057310
chr12	35395699	35396200	peak_2025	406	.	203.359924	4.105179	-1	26	chr12	34249480	34249958	AK6P1	.	+	ENSG00000256614.1	1145742
chr12	35424429	35424636	peak_2026	998	.	206.557541	5.496779	-1	33	chr12	34249480	34249958	AK6P1	.	+	ENSG00000256614.1	1174472
chr12	35614957	35615180	peak_2027	1000	.	583.130005	12.887901	-1	35	chr12	34249480	34249958	AK6P1	.	+	ENSG00000256614.1	1365000
chr12	36328442	36328672	peak_2028	922	.	212.151779	5.836737	-1	104	chr12	37543904	37577528	ENSG00000302200	.	+	ENSG00000302200.1	1215233
chr12	36573142	36573554	peak_2029	712	.	293.501404	4.655616	-1	137	chr12	37543904	37577528	ENSG00000302200	.	+	ENSG00000302200.1	970351
chr12	36977656	36977726	peak_2030	1000	.	345.624390	9.072088	-1	35	chr12	37543904	37577528	ENSG00000302200	.	+	ENSG00000302200.1	566179
chr12	37236101	37237337	peak_2031	547	.	675.591125	4.655616	-1	535	chr12	37543904	37577528	ENSG00000302200	.	+	ENSG00000302200.1	306568
chr12	37237450	37237793	peak_2032	1000	.	347.249634	4.395352	-1	115	chr12	37543904	37577528	ENSG00000302200	.	+	ENSG00000302200.1	306112
chr12	37237908	37238183	peak_2033	925	.	254.252655	4.395352	-1	195	chr12	37543904	37577528	ENSG00000302200	.	+	ENSG00000302200.1	305722
chr12	37238331	37238973	peak_2034	492	.	316.031281	5.496779	-1	263	chr12	37543904	37577528	ENSG00000302200	.	+	ENSG00000302200.1	304932
chr12	37239490	37240005	peak_2035	693	.	356.786957	5.109050	-1	481	chr12	37543904	37577528	ENSG00000302200	.	+	ENSG00000302200.1	303900
chr12	37246086	37246631	peak_2036	779	.	424.574860	5.109050	-1	336	chr12	37543904	37577528	ENSG00000302200	.	+	ENSG00000302200.1	297274
chr12	37247938	37248338	peak_2037	1000	.	402.921906	5.836737	-1	34	chr12	37543904	37577528	ENSG00000302200	.	+	ENSG00000302200.1	295567
chr12	37248754	37249688	peak_2038	546	.	509.992615	4.655616	-1	382	chr12	37543904	37577528	ENSG00000302200	.	+	ENSG00000302200.1	294217
chr12	37260036	37260389	peak_2039	611	.	215.602554	4.105179	-1	280	chr12	37543904	37577528	ENSG00000302200	.	+	ENSG00000302200.1	283516
chr12	37263120	37263729	peak_2040	383	.	233.282852	3.776148	-1	582	chr12	37543904	37577528	ENSG00000302200	.	+	ENSG00000302200.1	280176
chr12	41363644	41363722	peak_2041	1000	.	311.579468	8.237581	-1	43	chr12	41188233	41574745	PDZRN4	.	+	ENSG00000165966.17	0
chr12	42342613	42342809	peak_2042	1000	.	212.347687	4.395352	-1	29	chr12	42238417	42459715	PPHLN1	.	+	ENSG00000134283.20	0
chr12	47833801	47834148	peak_2043	683	.	236.909103	5.109050	-1	294	chr12	47826853	47837898	LINC02354	.	+	ENSG00000257488.5	0
chr12	49879426	49880256	peak_2044	438	.	363.220612	4.655616	-1	428	chr12	49866895	49904217	FAIM2	.	-	ENSG00000135472.11	0
chr12	54303949	54304501	peak_2045	380	.	209.921356	4.105179	-1	530	chr12	54276630	54345083	ENSG00000258344	.	+	ENSG00000258344.1	0
chr12	54303949	54304501	peak_2045	380	.	209.921356	4.105179	-1	530	chr12	54301201	54351848	COPZ1	.	+	ENSG00000111481.12	0
chr12	56190092	56190452	peak_2046	610	.	219.507233	4.655616	-1	315	chr12	56162358	56190304	ENSG00000258199	.	-	ENSG00000258199.2	0
chr12	56190092	56190452	peak_2046	610	.	219.507233	4.655616	-1	315	chr12	56188381	56193784	ENSG00000297896	.	+	ENSG00000297896.1	0
chr12	57897607	57898144	peak_2047	468	.	251.112473	3.776148	-1	371	chr12	57893943	57896846	ENSG00000273805	.	+	ENSG00000273805.2	762
chr12	68211429	68211699	peak_2048	796	.	214.961487	4.395352	-1	240	chr12	67989445	68234686	IFNG-AS1	.	+	ENSG00000255733.7	0
chr12	68211429	68211699	peak_2048	796	.	214.961487	4.395352	-1	240	chr12	68201348	68225813	IL26	.	-	ENSG00000111536.6	0
chr12	93216566	93217052	peak_2049	418	.	203.161743	3.394254	-1	373	chr12	93003380	93377771	ENSG00000257252	.	-	ENSG00000257252.8	0
chr12	94585713	94585959	peak_2050	874	.	214.945526	4.655616	-1	9	chr12	94567121	94650614	TMCC3	.	-	ENSG00000057704.15	0
chr12	96035690	96036378	peak_2051	1000	.	1449.616943	7.007426	-1	314	chr12	96000297	96043523	LTA4H	.	-	ENSG00000111144.12	0
chr12	96035690	96036378	peak_2051	1000	.	1449.616943	7.007426	-1	314	chr12	96035338	96053557	ENSG00000307169	.	+	ENSG00000307169.1	0
chr12	96035690	96036378	peak_2051	1000	.	1449.616943	7.007426	-1	314	chr12	96036008	96040770	ENSG00000307189	.	+	ENSG00000307189.1	0
chr12	96412155	96412532	peak_2052	610	.	229.980164	4.105179	-1	231	chr12	96422325	96485442	ENSG00000258272	.	-	ENSG00000258272.1	9794
chr12	98503249	98504530	peak_2053	1000	.	2071.461670	5.836737	-1	1047	chr12	98442409	98503916	LINC02453	.	-	ENSG00000245017.5	0
chr12	104680702	104681259	peak_2054	460	.	255.947968	4.105179	-1	493	chr12	104455294	104762014	CHST11	.	+	ENSG00000171310.11	0
chr12	105940879	105941570	peak_2055	358	.	247.590210	3.776148	-1	20	chr12	105934437	105950946	ENSG00000305754	.	+	ENSG00000305754.1	0
chr12	108982717	108983607	peak_2056	229	.	204.226639	3.394254	-1	862	chr12	108907740	109021068	SVOP	.	-	ENSG00000166111.11	0
chr12	108982717	108983607	peak_2056	229	.	204.226639	3.394254	-1	862	chr12	108983488	108986161	ENSG00000302516	.	+	ENSG00000302516.1	0
chr12	113080581	113080630	peak_2057	1000	.	255.878006	8.583626	-1	24	chr12	113056678	113098028	DTX1	.	+	ENSG00000135144.10	0
chr12	113098453	113098943	peak_2058	410	.	200.655228	4.105179	-1	33	chr12	113096514	113136262	RASAL1	.	-	ENSG00000111344.14	0
chr12	113317667	113318051	peak_2059	524	.	201.032730	4.395352	-1	242	chr12	113298758	113359502	SLC8B1	.	-	ENSG00000089060.14	0
chr12	115983700	115984056	peak_2060	583	.	207.458618	4.395352	-1	267	chr12	115957904	116277719	MED13L	.	-	ENSG00000123066.10	0
chr12	116375160	116375392	peak_2061	1000	.	236.986649	4.105179	-1	141	chr12	116368763	116389471	ENSG00000258346	.	+	ENSG00000258346.2	0
chr12	117897599	117898191	peak_2062	395	.	233.576477	4.395352	-1	30	chr12	117453011	117969144	KSR2	.	-	ENSG00000171435.16	0
chr12	122094273	122094613	peak_2063	996	.	338.609406	4.655616	-1	34	chr12	122078665	122147344	MLXIP	.	+	ENSG00000175727.17	0
chr12	122888444	122888838	peak_2064	521	.	205.259766	3.776148	-1	361	chr12	122865327	122896140	VPS37B	.	-	ENSG00000139722.9	0
chr12	122888444	122888838	peak_2064	521	.	205.259766	3.776148	-1	361	chr12	122870058	122888720	ENSG00000280138	.	-	ENSG00000280138.1	0
chr12	124439084	124439410	peak_2065	740	.	241.355209	4.655616	-1	125	chr12	124324406	124567647	NCOR2	.	-	ENSG00000196498.17	0
chr12	124921439	124922424	peak_2066	1000	.	1425.065430	6.140231	-1	334	chr12	124910296	124939924	UBC	.	-	ENSG00000150991.18	0
chr12	124921439	124922424	peak_2066	1000	.	1425.065430	6.140231	-1	334	chr12	124915317	124921893	ENSG00000301546	.	+	ENSG00000301546.1	0
chr12	124927136	124928214	peak_2067	1000	.	1949.901489	7.113194	-1	509	chr12	124910296	124939924	UBC	.	-	ENSG00000150991.18	0
chr12	124939377	124940248	peak_2068	1000	.	2192.608887	7.593853	-1	602	chr12	124910296	124939924	UBC	.	-	ENSG00000150991.18	0
chr12	124939377	124940248	peak_2068	1000	.	2192.608887	7.593853	-1	602	chr12	124940088	124956468	ENSG00000301157	.	+	ENSG00000301157.1	0
chr12	128333161	128333766	peak_2069	331	.	200.271835	3.776148	-1	382	chr12	128267162	128707911	TMEM132C	.	+	ENSG00000181234.11	0
chr12	130764579	130765379	peak_2070	568	.	454.337372	5.109050	-1	531	chr12	130396130	130768228	RIMBP2	.	-	ENSG00000060709.19	0
chr12	131588336	131588749	peak_2071	1000	.	431.864410	6.280785	-1	124	chr12	131530345	131592396	ENSG00000306424	.	-	ENSG00000306424.1	0
chr12	132536248	132536748	peak_2072	615	.	307.362244	4.892064	-1	404	chr12	132489550	132585188	FBRSL1	.	+	ENSG00000112787.16	0
chr12	132658163	132658610	peak_2073	547	.	244.409042	4.105179	-1	177	chr12	132623752	132687376	POLE	.	-	ENSG00000177084.21	0
chr12	132684675	132685191	peak_2074	445	.	229.645370	3.776148	-1	275	chr12	132623752	132687376	POLE	.	-	ENSG00000177084.21	0
chr12	133264929	133265296	peak_2075	1000	.	1302.463989	7.007426	-1	71	chr12	133238454	133238549	Y_RNA	.	+	ENSG00000238443.1	26381
chr13	16250924	16251738	peak_2076	1000	.	873.425415	5.109050	-1	720	chr13	18171403	18194479	ENSG00000299274	.	+	ENSG00000299274.1	1919666
chr13	16252876	16253745	peak_2077	476	.	413.392181	4.105179	-1	725	chr13	18171403	18194479	ENSG00000299274	.	+	ENSG00000299274.1	1917659
chr13	16255184	16256029	peak_2078	743	.	627.536194	4.892064	-1	761	chr13	18171403	18194479	ENSG00000299274	.	+	ENSG00000299274.1	1915375
chr13	16338112	16338244	peak_2079	1000	.	204.368500	6.140231	-1	96	chr13	18171403	18194479	ENSG00000299274	.	+	ENSG00000299274.1	1833160
chr13	17417651	17418540	peak_2080	712	.	632.773743	4.655616	-1	851	chr13	18171403	18194479	ENSG00000299274	.	+	ENSG00000299274.1	752864
chr13	18211777	18211934	peak_2081	1000	.	209.468658	4.655616	-1	28	chr13	18195247	18232027	FAM230C	.	+	ENSG00000279516.3	0
chr13	18211777	18211934	peak_2081	1000	.	209.468658	4.655616	-1	28	chr13	18204578	18211889	ENSG00000303053	.	-	ENSG00000303053.1	0
chr13	18212071	18212466	peak_2082	1000	.	949.229553	10.647649	-1	50	chr13	18195247	18232027	FAM230C	.	+	ENSG00000279516.3	0
chr13	18213329	18213410	peak_2083	1000	.	280.855560	8.163781	-1	49	chr13	18195247	18232027	FAM230C	.	+	ENSG00000279516.3	0
chr13	18215169	18215388	peak_2084	1000	.	479.340424	8.237581	-1	34	chr13	18195247	18232027	FAM230C	.	+	ENSG00000279516.3	0
chr13	19137636	19138337	peak_2085	476	.	334.016968	4.395352	-1	341	chr13	19126398	19139611	CENPIP1	.	+	ENSG00000224778.1	0
chr13	21377260	21377696	peak_2086	742	.	323.522278	5.109050	-1	333	chr13	21298114	21532406	ENSG00000291046	.	+	ENSG00000291046.2	0
chr13	21377260	21377696	peak_2086	742	.	323.522278	5.109050	-1	333	chr13	21348783	21459467	ZDHHC20	.	-	ENSG00000180776.19	0
chr13	21377260	21377696	peak_2086	742	.	323.522278	5.109050	-1	333	chr13	21376976	21377874	ZDHHC20-IT1	.	-	ENSG00000236953.1	0
chr13	26012904	26013353	peak_2087	508	.	228.153900	4.105179	-1	227	chr13	25371896	26025851	ATP8A2	.	+	ENSG00000132932.20	0
chr13	27649935	27650133	peak_2088	1000	.	211.867432	4.655616	-1	30	chr13	27620741	27744237	POLR1D	.	+	ENSG00000186184.22	0
chr13	30641343	30641864	peak_2089	456	.	237.506378	4.105179	-1	141	chr13	30617692	30660770	USPL1	.	+	ENSG00000132952.14	0
chr13	30842450	30843014	peak_2090	654	.	368.849243	4.105179	-1	543	chr13	30803175	30897148	LINC00398	.	+	ENSG00000237879.3	0
chr13	30843447	30843703	peak_2091	1000	.	302.196106	5.671912	-1	172	chr13	30803175	30897148	LINC00398	.	+	ENSG00000237879.3	0
chr13	30844533	30844861	peak_2092	623	.	204.339890	4.655616	-1	34	chr13	30803175	30897148	LINC00398	.	+	ENSG00000237879.3	0
chr13	35957772	35958333	peak_2093	786	.	440.964142	4.892064	-1	221	chr13	35768651	36132164	DCLK1	.	-	ENSG00000133083.17	0
chr13	40770278	40770662	peak_2094	619	.	237.629257	3.776148	-1	311	chr13	40727693	40771351	MRPS31	.	-	ENSG00000102738.10	0
chr13	41060412	41060918	peak_2095	1000	.	606.142578	5.109050	-1	488	chr13	40931240	41061692	ELF1	.	-	ENSG00000120690.19	0
chr13	41060412	41060918	peak_2095	1000	.	606.142578	5.109050	-1	488	chr13	41060606	41084012	WBP4	.	+	ENSG00000120688.11	0
chr13	41192658	41193338	peak_2096	405	.	275.131714	4.105179	-1	573	chr13	41132893	41261348	KBTBD6-DT	.	+	ENSG00000278390.8	0
chr13	41192658	41193338	peak_2096	405	.	275.131714	4.105179	-1	573	chr13	41189833	41194569	KBTBD7	.	-	ENSG00000120696.9	0
chr13	44917488	44918238	peak_2097	1000	.	1487.236450	6.897870	-1	330	chr13	44904977	44923757	ENSG00000298544	.	-	ENSG00000298544.1	0
chr13	44917488	44918238	peak_2097	1000	.	1487.236450	6.897870	-1	330	chr13	44918114	44918329	ENSG00000298559	.	+	ENSG00000298559.1	0
chr13	48295069	48295751	peak_2098	387	.	263.823059	4.105179	-1	29	chr13	48291548	48303723	RB1-DT	.	-	ENSG00000231473.6	0
chr13	48607390	48607768	peak_2099	587	.	221.822998	4.892064	-1	343	chr13	48303709	48599436	RB1	.	+	ENSG00000139687.19	7955
chr13	50510453	50511037	peak_2100	439	.	256.369690	4.105179	-1	201	chr13	50081724	50906856	DLEU1	.	+	ENSG00000176124.16	0
chr13	50894032	50894832	peak_2101	339	.	271.541687	3.776148	-1	435	chr13	50081724	50906856	DLEU1	.	+	ENSG00000176124.16	0
chr13	50894032	50894832	peak_2101	339	.	271.541687	3.776148	-1	435	chr13	50862171	50910789	RNASEH2B-AS1	.	-	ENSG00000233672.10	0
chr13	67285204	67285635	peak_2102	553	.	238.394333	4.395352	-1	405	chr13	67256490	67298411	ENSG00000294632	.	-	ENSG00000294632.1	0
chr13	72211157	72211508	peak_2103	779	.	273.317413	5.109050	-1	102	chr13	72453901	72453967	ENSG00000212377	.	-	ENSG00000212377.1	242394
chr13	94549483	94550098	peak_2104	837	.	514.731445	5.309801	-1	169	chr13	94549914	94552578	ENSG00000306232	.	+	ENSG00000306232.1	0
chr13	96403023	96403726	peak_2105	289	.	203.271301	4.655616	-1	495	chr13	96090098	96839562	HS6ST3	.	+	ENSG00000185352.11	0
chr13	97338993	97339375	peak_2106	681	.	260.230957	5.496779	-1	234	chr13	97221433	97399380	MBNL2	.	+	ENSG00000139793.23	0
chr13	98842236	98843003	peak_2107	345	.	264.559265	3.776148	-1	738	chr13	98793428	99087449	DOCK9	.	-	ENSG00000088387.24	0
chr13	99205879	99206648	peak_2108	321	.	246.828674	3.776148	-1	162	chr13	99200757	99386504	UBAC2	.	+	ENSG00000134882.18	0
chr13	99205879	99206648	peak_2108	321	.	246.828674	3.776148	-1	162	chr13	99205707	99206006	RN7SKP9	.	+	ENSG00000201793.1	0
chr13	99414514	99414929	peak_2109	814	.	337.890411	4.105179	-1	29	chr13	99404683	99423364	ENSG00000290577	.	-	ENSG00000290577.2	0
chr13	102638165	102638546	peak_2110	571	.	217.516144	4.395352	-1	23	chr13	102596935	102679958	TPP2	.	+	ENSG00000134900.15	0
chr13	109424125	109424343	peak_2111	1000	.	903.047913	8.517250	-1	131	chr13	109424122	109424341	ENSG00000289901	.	-	ENSG00000289901.2	0
chr13	112872802	112873532	peak_2112	1000	.	775.069092	5.109050	-1	275	chr13	112689910	112887177	ATP11A	.	+	ENSG00000068650.21	0
chr13	113613616	113614231	peak_2113	346	.	212.558243	3.776148	-1	274	chr13	113584524	113641509	TFDP1	.	+	ENSG00000198176.15	0
chr13	113815206	113815825	peak_2114	343	.	212.321854	3.394254	-1	393	chr13	113759193	113816995	TMEM255B	.	+	ENSG00000184497.15	0
chr13	113815206	113815825	peak_2114	343	.	212.321854	3.394254	-1	393	chr13	113815629	113845744	GAS6-AS1	.	+	ENSG00000233695.2	0
chr13	114354153	114354316	peak_2115	1000	.	405.280334	5.836737	-1	54	chr13	114346166	114346637	RPL23AP97	.	+	ENSG00000260615.1	7517
chr14	16041172	16041769	peak_2116	382	.	227.877075	4.655616	-1	390	chr14	16057471	16057622	5_8S_rRNA	.	+	ENSG00000283274.1	15703
chr14	16092192	16092403	peak_2117	1000	.	338.700012	9.238552	-1	129	chr14	16057471	16057622	5_8S_rRNA	.	+	ENSG00000283274.1	34571
chr14	16092520	16092785	peak_2118	958	.	253.963608	5.496779	-1	63	chr14	16057471	16057622	5_8S_rRNA	.	+	ENSG00000283274.1	34899
chr14	16093328	16093982	peak_2119	1000	.	722.006409	6.543151	-1	51	chr14	16057471	16057622	5_8S_rRNA	.	+	ENSG00000283274.1	35707
chr14	16094153	16094330	peak_2120	1000	.	337.598511	8.237581	-1	118	chr14	16057471	16057622	5_8S_rRNA	.	+	ENSG00000283274.1	36532
chr14	16094778	16095019	peak_2121	1000	.	310.889313	5.496779	-1	166	chr14	16057471	16057622	5_8S_rRNA	.	+	ENSG00000283274.1	37157
chr14	16096208	16096528	peak_2122	1000	.	426.606323	6.414886	-1	288	chr14	16057471	16057622	5_8S_rRNA	.	+	ENSG00000283274.1	38587
chr14	16096722	16097056	peak_2123	903	.	301.745697	6.280785	-1	56	chr14	16057471	16057622	5_8S_rRNA	.	+	ENSG00000283274.1	39101
chr14	16097192	16097741	peak_2124	1000	.	628.307129	8.583626	-1	481	chr14	16057471	16057622	5_8S_rRNA	.	+	ENSG00000283274.1	39571
chr14	16098141	16099156	peak_2125	1000	.	1236.071777	8.088272	-1	652	chr14	16057471	16057622	5_8S_rRNA	.	+	ENSG00000283274.1	40520
chr14	16099482	16100061	peak_2126	727	.	421.127899	5.309801	-1	108	chr14	16057471	16057622	5_8S_rRNA	.	+	ENSG00000283274.1	41861
chr14	16100177	16100495	peak_2127	1000	.	495.582825	6.543151	-1	286	chr14	16057471	16057622	5_8S_rRNA	.	+	ENSG00000283274.1	42556
chr14	16101038	16101627	peak_2128	575	.	338.850616	5.671912	-1	195	chr14	16057471	16057622	5_8S_rRNA	.	+	ENSG00000283274.1	43417
chr14	16101914	16102222	peak_2129	1000	.	472.978851	9.549155	-1	163	chr14	16057471	16057622	5_8S_rRNA	.	+	ENSG00000283274.1	44293
chr14	16102563	16102853	peak_2130	1000	.	473.387360	7.410364	-1	204	chr14	16057471	16057622	5_8S_rRNA	.	+	ENSG00000283274.1	44942
chr14	16103374	16104124	peak_2131	1000	.	1012.300598	7.503445	-1	519	chr14	16057471	16057622	5_8S_rRNA	.	+	ENSG00000283274.1	45753
chr14	16104261	16104636	peak_2132	813	.	304.822327	5.109050	-1	236	chr14	16057471	16057622	5_8S_rRNA	.	+	ENSG00000283274.1	46640
chr14	16104784	16105243	peak_2133	756	.	347.176147	5.109050	-1	319	chr14	16057471	16057622	5_8S_rRNA	.	+	ENSG00000283274.1	47163
chr14	16368130	16368384	peak_2134	833	.	211.618866	4.395352	-1	17	chr14	16057471	16057622	5_8S_rRNA	.	+	ENSG00000283274.1	310509
chr14	16368524	16369946	peak_2135	977	.	1389.844849	5.836737	-1	1086	chr14	16057471	16057622	5_8S_rRNA	.	+	ENSG00000283274.1	310903
chr14	16370591	16371650	peak_2136	424	.	448.893524	5.309801	-1	1028	chr14	16057471	16057622	5_8S_rRNA	.	+	ENSG00000283274.1	312970
chr14	16372696	16374012	peak_2137	492	.	647.070129	4.892064	-1	741	chr14	16057471	16057622	5_8S_rRNA	.	+	ENSG00000283274.1	315075
chr14	17467544	17467794	peak_2138	1000	.	255.564957	5.836737	-1	33	chr14	18289340	18345505	ENSG00000290354	.	+	ENSG00000290354.2	821547
chr14	17539968	17540821	peak_2139	876	.	746.971558	4.655616	-1	449	chr14	18289340	18345505	ENSG00000290354	.	+	ENSG00000290354.2	748520
chr14	20609176	20609733	peak_2140	625	.	347.903717	4.395352	-1	248	chr14	20582891	20609795	ENSG00000259060	.	-	ENSG00000259060.7	0
chr14	20609176	20609733	peak_2140	625	.	347.903717	4.395352	-1	248	chr14	20582891	20609884	RNASE11	.	-	ENSG00000173464.17	0
chr14	20609969	20610671	peak_2141	1000	.	964.989014	5.992500	-1	297	chr14	20609918	20610679	ENSG00000297012	.	+	ENSG00000297012.1	0
chr14	20613085	20614077	peak_2142	1000	.	1603.017944	5.496779	-1	299	chr14	20609918	20610679	ENSG00000297012	.	+	ENSG00000297012.1	2407
chr14	20625226	20625774	peak_2143	516	.	282.978699	4.395352	-1	34	chr14	20632294	20632984	ENSG00000296288	.	+	ENSG00000296288.1	6521
chr14	20631011	20631448	peak_2144	716	.	313.078674	4.655616	-1	186	chr14	20632294	20632984	ENSG00000296288	.	+	ENSG00000296288.1	847
chr14	20632730	20633437	peak_2145	1000	.	734.148071	4.892064	-1	260	chr14	20632294	20632984	ENSG00000296288	.	+	ENSG00000296288.1	0
chr14	20681198	20682101	peak_2146	1000	.	1047.370972	6.140231	-1	519	chr14	20681072	20701216	RNASE4	.	+	ENSG00000258818.6	0
chr14	20683004	20684285	peak_2147	1000	.	1638.710693	5.836737	-1	1086	chr14	20681072	20701216	RNASE4	.	+	ENSG00000258818.6	0
chr14	20683004	20684285	peak_2147	1000	.	1638.710693	5.836737	-1	1086	chr14	20682865	20698971	ANG	.	+	ENSG00000214274.12	0
chr14	22929203	22930315	peak_2148	1000	.	1724.373169	7.007426	-1	572	chr14	22920107	22929458	PRMT5	.	-	ENSG00000100462.18	0
chr14	22929203	22930315	peak_2148	1000	.	1724.373169	7.007426	-1	572	chr14	22929606	22956436	PRMT5-DT	.	+	ENSG00000257285.8	0
chr14	24566541	24567282	peak_2149	280	.	207.313797	3.776148	-1	289	chr14	24573517	24576250	CTSG	.	-	ENSG00000100448.5	6236
chr14	24576313	24576793	peak_2150	456	.	218.696136	4.105179	-1	453	chr14	24573517	24576250	CTSG	.	-	ENSG00000100448.5	64
chr14	32202936	32203474	peak_2151	970	.	521.882324	4.892064	-1	348	chr14	32203162	32203269	RNU6-8	.	-	ENSG00000202337.1	0
chr14	32484816	32484931	peak_2152	1000	.	216.720398	5.109050	-1	18	chr14	32203575	32837684	AKAP6	.	+	ENSG00000151320.13	0
chr14	35280890	35281383	peak_2153	430	.	212.130783	3.776148	-1	425	chr14	35122548	35317474	ENSG00000258790	.	+	ENSG00000258790.1	0
chr14	35280890	35281383	peak_2153	430	.	212.130783	3.776148	-1	425	chr14	35278595	35318734	PSMA6	.	+	ENSG00000100902.13	0
chr14	35947996	35948534	peak_2154	558	.	300.342529	4.105179	-1	210	chr14	35897883	36235609	LINC00609	.	+	ENSG00000257585.2	0
chr14	35947996	35948534	peak_2154	558	.	300.342529	4.105179	-1	210	chr14	35947555	35950044	ENSG00000257614	.	-	ENSG00000257614.1	0
chr14	45118723	45119257	peak_2155	423	.	225.953766	3.776148	-1	328	chr14	45112187	45135319	FKBP3	.	-	ENSG00000100442.13	0
chr14	49586137	49587065	peak_2156	869	.	806.339050	5.309801	-1	621	chr14	49500451	49599164	RPS29	.	-	ENSG00000213741.13	0
chr14	49586137	49587065	peak_2156	869	.	806.339050	5.309801	-1	621	chr14	49586433	49589719	ENSG00000303162	.	+	ENSG00000303162.1	0
chr14	49586137	49587065	peak_2156	869	.	806.339050	5.309801	-1	621	chr14	49586579	49586878	RN7SL1	.	+	ENSG00000276168.1	0
chr14	49853581	49853782	peak_2157	1000	.	230.844513	5.671912	-1	144	chr14	49853615	49853914	RN7SL3	.	-	ENSG00000278771.1	0
chr14	49862415	49863119	peak_2158	995	.	700.645508	6.280785	-1	167	chr14	49860313	49868199	ENSG00000282885	.	-	ENSG00000282885.4	0
chr14	49862415	49863119	peak_2158	995	.	700.645508	6.280785	-1	167	chr14	49862549	49862849	RN7SL2	.	-	ENSG00000274012.1	0
chr14	49862415	49863119	peak_2158	995	.	700.645508	6.280785	-1	167	chr14	49862968	49865508	ENSG00000278002	.	+	ENSG00000278002.2	0
chr14	56126014	56126497	peak_2159	426	.	205.878098	4.395352	-1	21	chr14	56117813	56301746	PELI2	.	+	ENSG00000139946.12	0
chr14	58239528	58240324	peak_2160	1000	.	879.648193	5.496779	-1	486	chr14	57999734	58298139	ARMH4	.	-	ENSG00000139971.17	0
chr14	61439698	61440077	peak_2161	667	.	252.740601	4.892064	-1	117	chr14	61187558	61550980	PRKCH	.	+	ENSG00000027075.19	0
chr14	65492368	65492947	peak_2162	359	.	207.770981	3.776148	-1	553	chr14	65285126	65747182	FUT8	.	+	ENSG00000033170.19	0
chr14	65818250	65818758	peak_2163	557	.	283.037109	4.655616	-1	473	chr14	65829819	65838772	ENSG00000301842	.	-	ENSG00000301842.1	11062
chr14	66496374	66496887	peak_2164	467	.	239.462112	4.105179	-1	189	chr14	66212809	66509394	ENSG00000258561	.	-	ENSG00000258561.3	0
chr14	66496374	66496887	peak_2164	467	.	239.462112	4.105179	-1	189	chr14	66411703	66498677	CCDC196	.	+	ENSG00000196553.16	0
chr14	70556420	70556677	peak_2165	782	.	201.064117	4.395352	-1	241	chr14	70556205	70557478	ENSG00000274397	.	+	ENSG00000274397.1	0
chr14	70729786	70730234	peak_2166	489	.	219.157043	4.655616	-1	155	chr14	70722525	70809566	MAP3K9	.	-	ENSG00000006432.18	0
chr14	75229940	75230346	peak_2167	644	.	261.412231	4.395352	-1	226	chr14	75204109	75237172	ENSG00000302861	.	+	ENSG00000302861.1	0
chr14	75229940	75230346	peak_2167	644	.	261.412231	4.395352	-1	226	chr14	75210493	75279526	FOS-AS1	.	-	ENSG00000258740.2	0
chr14	77269778	77269830	peak_2168	1000	.	267.314972	8.648705	-1	27	chr14	77265482	77271211	NGB	.	-	ENSG00000165553.6	0
chr14	77303062	77303367	peak_2169	691	.	210.873795	4.395352	-1	29	chr14	77274955	77320898	POMT2	.	-	ENSG00000009830.15	0
chr14	81164145	81164668	peak_2170	426	.	222.772308	4.395352	-1	384	chr14	81012098	81170439	TSHR-AS1	.	-	ENSG00000284959.4	0
chr14	91343095	91343635	peak_2171	372	.	200.958557	3.394254	-1	22	chr14	91271322	91417890	CCDC88C	.	-	ENSG00000015133.21	0
chr14	92551046	92551393	peak_2172	583	.	202.369980	3.776148	-1	326	chr14	92513432	92688994	RIN3	.	+	ENSG00000100599.18	0
chr14	96361866	96362487	peak_2173	366	.	227.558655	4.655616	-1	592	chr14	96279194	96363422	ATG2B	.	-	ENSG00000066739.14	0
chr14	98206175	98206521	peak_2174	649	.	224.684647	4.892064	-1	67	chr14	98203657	98205626	ENSG00000295869	.	+	ENSG00000295869.1	550
chr14	100017733	100018211	peak_2175	422	.	201.574463	4.105179	-1	208	chr14	99971443	100144236	EVL	.	+	ENSG00000196405.15	0
chr14	100076977	100077611	peak_2176	343	.	217.540131	3.776148	-1	35	chr14	99971443	100144236	EVL	.	+	ENSG00000196405.15	0
chr14	102316709	102317523	peak_2177	1000	.	1157.907227	5.836737	-1	393	chr14	102317376	102344638	ZNF839	.	+	ENSG00000022976.18	0
chr14	103896550	103896815	peak_2178	1000	.	281.763184	5.109050	-1	211	chr14	103912276	103929158	ATP5MJ	.	-	ENSG00000156411.12	15462
chr15	17009458	17010038	peak_2179	545	.	315.847076	4.892064	-1	456	chr15	19878554	19887814	ENSG00000215567	.	+	ENSG00000215567.5	2868517
chr15	17073149	17073928	peak_2180	344	.	267.972443	4.105179	-1	367	chr15	19878554	19887814	ENSG00000215567	.	+	ENSG00000215567.5	2804627
chr15	17080424	17083573	peak_2181	1000	.	4405.892578	7.113194	-1	193	chr15	19878554	19887814	ENSG00000215567	.	+	ENSG00000215567.5	2794982
chr15	17355869	17356131	peak_2182	827	.	216.754471	4.655616	-1	26	chr15	19878554	19887814	ENSG00000215567	.	+	ENSG00000215567.5	2522424
chr15	17458397	17458667	peak_2183	963	.	259.947174	5.496779	-1	119	chr15	19878554	19887814	ENSG00000215567	.	+	ENSG00000215567.5	2419888
chr15	25758409	25758854	peak_2184	586	.	260.633270	5.109050	-1	315	chr15	25677272	25865184	ATP10A	.	-	ENSG00000206190.14	0
chr15	26319223	26319910	peak_2185	318	.	218.132233	3.394254	-1	583	chr15	26245050	26291881	ENSG00000297943	.	+	ENSG00000297943.1	27343
chr15	27350921	27351403	peak_2186	487	.	234.509460	3.394254	-1	464	chr15	26971059	27541984	GABRG3	.	+	ENSG00000182256.14	0
chr15	27455484	27455870	peak_2187	919	.	354.598480	5.109050	-1	232	chr15	26971059	27541984	GABRG3	.	+	ENSG00000182256.14	0
chr15	35766230	35766698	peak_2188	437	.	204.581924	4.105179	-1	68	chr15	35546153	35860199	DPH6-DT	.	+	ENSG00000248079.5	0
chr15	40593540	40594240	peak_2189	1000	.	853.619629	5.496779	-1	281	chr15	40594001	40664342	KNL1	.	+	ENSG00000137812.22	0
chr15	41116696	41117164	peak_2190	472	.	220.735504	4.655616	-1	35	chr15	40978879	41116568	INO80	.	-	ENSG00000128908.21	129
chr15	45198452	45199003	peak_2191	1000	.	941.126160	6.414886	-1	129	chr15	45165571	45201175	SHF	.	-	ENSG00000138606.21	0
chr15	45198452	45199003	peak_2191	1000	.	941.126160	6.414886	-1	129	chr15	45170343	45199958	ENSG00000259519	.	+	ENSG00000259519.1	0
chr15	45198452	45199003	peak_2191	1000	.	941.126160	6.414886	-1	129	chr15	45198516	45199139	ENSG00000259932	.	-	ENSG00000259932.1	0
chr15	45199987	45201440	peak_2192	1000	.	2052.640137	6.784213	-1	424	chr15	45165571	45201175	SHF	.	-	ENSG00000138606.21	0
chr15	45199987	45201440	peak_2192	1000	.	2052.640137	6.784213	-1	424	chr15	45200324	45200632	ENSG00000260035	.	-	ENSG00000260035.1	0
chr15	45975788	45976051	peak_2193	805	.	211.643997	4.105179	-1	115	chr15	45949077	46018496	ENSG00000300769	.	+	ENSG00000300769.1	0
chr15	48002429	48002784	peak_2194	584	.	207.453568	4.395352	-1	264	chr15	47812668	48050507	ENSG00000259754	.	+	ENSG00000259754.3	0
chr15	48002429	48002784	peak_2194	584	.	207.453568	4.395352	-1	264	chr15	47956520	48047193	ENSG00000287439	.	-	ENSG00000287439.2	0
chr15	56620620	56621115	peak_2195	417	.	206.406113	5.671912	-1	373	chr15	56542951	56629592	ENSG00000260392	.	-	ENSG00000260392.7	0
chr15	57284677	57285290	peak_2196	583	.	357.153595	4.395352	-1	586	chr15	56918098	57299707	TCF12	.	+	ENSG00000140262.20	0
chr15	58291455	58291969	peak_2197	638	.	327.894165	4.395352	-1	91	chr15	57953423	58497866	ALDH1A2	.	-	ENSG00000128918.17	0
chr15	62124980	62125256	peak_2198	785	.	216.533783	4.655616	-1	69	chr15	62137760	62138554	ENSG00000308489	.	+	ENSG00000308489.1	12505
chr15	65868680	65869483	peak_2199	1000	.	1232.423340	6.784213	-1	472	chr15	65726053	65894232	RAB11A	.	+	ENSG00000103769.12	0
chr15	67839686	67840389	peak_2200	1000	.	780.923706	4.892064	-1	215	chr15	67832724	67874250	ENSG00000259410	.	+	ENSG00000259410.6	0
chr15	67839686	67840389	peak_2200	1000	.	780.923706	4.892064	-1	215	chr15	67839938	67840045	RNU6-1	.	-	ENSG00000206625.1	0
chr15	67873749	67874167	peak_2201	688	.	287.434723	4.395352	-1	35	chr15	67832724	67874250	ENSG00000259410	.	+	ENSG00000259410.6	0
chr15	70279860	70280335	peak_2202	599	.	284.424072	4.105179	-1	197	chr15	70190081	70292992	ENSG00000306606	.	+	ENSG00000306606.1	0
chr15	70279860	70280335	peak_2202	599	.	284.424072	4.105179	-1	197	chr15	70275392	70377203	ENSG00000306630	.	-	ENSG00000306630.1	0
chr15	70529534	70530518	peak_2203	233	.	229.214508	2.935490	-1	84	chr15	70528674	70535752	ENSG00000294920	.	-	ENSG00000294920.1	0
chr15	71199614	71199905	peak_2204	846	.	246.170944	4.655616	-1	165	chr15	71096951	71783383	THSD4	.	+	ENSG00000187720.16	0
chr15	74122202	74122678	peak_2205	536	.	255.063782	3.776148	-1	287	chr15	74100310	74138540	ISLR2	.	+	ENSG00000167178.19	0
chr15	77699370	77699770	peak_2206	903	.	361.286774	4.655616	-1	373	chr15	77613026	77820900	LINGO1	.	-	ENSG00000169783.14	0
chr15	78564583	78565127	peak_2207	462	.	251.251617	4.105179	-1	172	chr15	78565483	78596443	CHRNA5	.	+	ENSG00000169684.15	357
chr15	78860368	78860804	peak_2208	472	.	205.723557	3.776148	-1	182	chr15	78810486	78903200	MORF4L1	.	+	ENSG00000185787.18	0
chr15	81410380	81410844	peak_2209	649	.	300.915527	4.655616	-1	330	chr15	81324300	81696991	TMC3-AS1	.	+	ENSG00000259343.10	0
chr15	82138442	82138829	peak_2210	517	.	200.062729	3.394254	-1	59	chr15	82130205	82262773	EFL1	.	-	ENSG00000140598.18	0
chr15	89136866	89137403	peak_2211	396	.	212.421127	4.105179	-1	370	chr15	89087458	89202355	ABHD2	.	+	ENSG00000140526.20	0
chr15	89334621	89335707	peak_2212	1000	.	1416.847778	7.007426	-1	480	chr15	89305197	89334972	POLG	.	-	ENSG00000140521.19	0
chr15	89334621	89335707	peak_2212	1000	.	1416.847778	7.007426	-1	480	chr15	89334582	89336161	POLG-DT	.	+	ENSG00000261441.2	0
chr15	90412265	90412713	peak_2213	532	.	238.337357	4.105179	-1	368	chr15	90388206	90502239	IQGAP1	.	+	ENSG00000140575.15	0
chr15	101980879	101981165	peak_2214	1000	.	637.315186	7.850579	-1	250	chr15	101966062	101980481	DDX11L16	.	-	ENSG00000290824.2	399
chr16	636340	637063	peak_2215	1000	.	1009.396912	6.140231	-1	467	chr16	634411	636378	METTL26	.	-	ENSG00000130731.18	0
chr16	636340	637063	peak_2215	1000	.	1009.396912	6.140231	-1	467	chr16	636816	648475	MCRIP2	.	+	ENSG00000172366.22	0
chr16	846531	847134	peak_2216	990	.	596.872253	4.892064	-1	545	chr16	817488	862843	ENSG00000287855	.	+	ENSG00000287855.1	0
chr16	922777	923182	peak_2217	548	.	222.033112	3.776148	-1	118	chr16	853617	981318	LMF1	.	-	ENSG00000103227.21	0
chr16	922777	923182	peak_2217	548	.	222.033112	3.776148	-1	118	chr16	921032	934495	LMF1-AS1	.	+	ENSG00000260439.1	0
chr16	952793	954055	peak_2218	1000	.	1494.077148	7.113194	-1	670	chr16	853617	981318	LMF1	.	-	ENSG00000103227.21	0
chr16	1025262	1025660	peak_2219	1000	.	470.155914	4.655616	-1	139	chr16	1027526	1029380	ENSG00000304873	.	-	ENSG00000304873.1	1867
chr16	3054616	3054845	peak_2220	942	.	215.606750	5.836737	-1	173	chr16	3037232	3059370	MMP25-AS1	.	-	ENSG00000261971.10	0
chr16	3054616	3054845	peak_2220	942	.	215.606750	5.836737	-1	173	chr16	3046061	3060729	MMP25	.	+	ENSG00000008516.21	0
chr16	3074267	3074662	peak_2221	805	.	317.952576	6.543151	-1	366	chr16	3064300	3082192	IL32	.	+	ENSG00000008517.21	0
chr16	3150367	3151163	peak_2222	1000	.	1131.166870	6.280785	-1	421	chr16	3100695	3150562	ZNF213-AS1	.	-	ENSG00000263072.11	0
chr16	3152648	3153330	peak_2223	1000	.	805.249084	4.892064	-1	270	chr16	3152895	3153135	ENSG00000302384	.	+	ENSG00000302384.1	0
chr16	3157200	3157856	peak_2224	592	.	388.351654	4.105179	-1	283	chr16	3156735	3157483	ENSG00000261889	.	-	ENSG00000261889.1	0
chr16	3157200	3157856	peak_2224	592	.	388.351654	4.105179	-1	283	chr16	3157698	3161086	ENSG00000306338	.	+	ENSG00000306338.1	0
chr16	3158572	3159229	peak_2225	382	.	250.697800	4.395352	-1	497	chr16	3157698	3161086	ENSG00000306338	.	+	ENSG00000306338.1	0
chr16	10708939	10709324	peak_2226	574	.	221.036880	4.395352	-1	200	chr16	10718632	10719762	MTCYBP33	.	-	ENSG00000263241.1	9309
chr16	13069273	13069818	peak_2227	392	.	213.536880	3.776148	-1	459	chr16	12901591	13240416	SHISA9	.	+	ENSG00000237515.11	0
chr16	13935451	13935757	peak_2228	678	.	207.474136	4.105179	-1	207	chr16	13920137	13952348	ERCC4	.	+	ENSG00000175595.17	0
chr16	13935451	13935757	peak_2228	678	.	207.474136	4.105179	-1	207	chr16	13930674	13935635	ENSG00000262732	.	-	ENSG00000262732.2	0
chr16	14285639	14286348	peak_2229	1000	.	818.330688	4.892064	-1	223	chr16	14224769	14283998	ENSG00000305939	.	-	ENSG00000305939.1	1642
chr16	14486913	14487233	peak_2230	734	.	234.790009	5.671912	-1	165	chr16	14435698	14632728	PARN	.	-	ENSG00000140694.20	0
chr16	14486913	14487233	peak_2230	734	.	234.790009	5.671912	-1	165	chr16	14486807	14489042	ENSG00000308270	.	+	ENSG00000308270.1	0
chr16	18789221	18789581	peak_2231	679	.	244.431030	4.105179	-1	329	chr16	18775364	18790420	RPS15A	.	-	ENSG00000134419.17	0
chr16	18789221	18789581	peak_2231	679	.	244.431030	4.105179	-1	329	chr16	18788062	18801519	ENSG00000260342	.	-	ENSG00000260342.2	0
chr16	22195432	22196053	peak_2232	1000	.	986.823120	5.309801	-1	538	chr16	22195984	22206016	ENSG00000296486	.	-	ENSG00000296486.1	0
chr16	22296834	22297477	peak_2233	886	.	569.866882	4.892064	-1	207	chr16	22297372	22335101	POLR3E	.	+	ENSG00000058600.18	0
chr16	22298118	22298801	peak_2234	704	.	480.959534	4.655616	-1	526	chr16	22297372	22335101	POLR3E	.	+	ENSG00000058600.18	0
chr16	25050502	25050879	peak_2235	555	.	209.412796	4.395352	-1	260	chr16	25031687	25058499	LCMT1P1	.	+	ENSG00000291179.2	0
chr16	25050502	25050879	peak_2235	555	.	209.412796	4.395352	-1	260	chr16	25031880	25058109	ENSG00000262587	.	+	ENSG00000262587.5	0
chr16	25760101	25760249	peak_2236	1000	.	208.993454	6.666107	-1	28	chr16	25691958	26137685	HS3ST4	.	+	ENSG00000182601.7	0
chr16	29791318	29791738	peak_2237	479	.	201.050461	4.105179	-1	267	chr16	29790136	29805388	KIF22	.	+	ENSG00000079616.16	0
chr16	31693751	31694060	peak_2238	685	.	211.804840	4.395352	-1	282	chr16	31697396	31697607	ENSG00000260472	.	-	ENSG00000260472.1	3337
chr16	34062047	34062409	peak_2239	637	.	230.507141	4.892064	-1	35	chr16	34051139	34051363	ENSG00000261197	.	+	ENSG00000261197.2	10685
chr16	34062585	34065138	peak_2240	1000	.	3633.173096	8.088272	-1	1638	chr16	34051139	34051363	ENSG00000261197	.	+	ENSG00000261197.2	11223
chr16	34065247	34066474	peak_2241	875	.	1073.659668	6.280785	-1	952	chr16	34051139	34051363	ENSG00000261197	.	+	ENSG00000261197.2	13885
chr16	34066580	34067538	peak_2242	889	.	851.993164	7.681748	-1	916	chr16	34051139	34051363	ENSG00000261197	.	+	ENSG00000261197.2	15218
chr16	34067664	34068055	peak_2243	692	.	270.695801	5.496779	-1	23	chr16	34051139	34051363	ENSG00000261197	.	+	ENSG00000261197.2	16302
chr16	34068751	34069108	peak_2244	886	.	316.163208	5.836737	-1	300	chr16	34051139	34051363	ENSG00000261197	.	+	ENSG00000261197.2	17389
chr16	34069876	34070049	peak_2245	1000	.	234.756104	5.671912	-1	28	chr16	34051139	34051363	ENSG00000261197	.	+	ENSG00000261197.2	18514
chr16	34070496	34071165	peak_2246	928	.	620.846802	9.014750	-1	33	chr16	34051139	34051363	ENSG00000261197	.	+	ENSG00000261197.2	19134
chr16	34071294	34072118	peak_2247	1000	.	1065.409302	15.948138	-1	318	chr16	34051139	34051363	ENSG00000261197	.	+	ENSG00000261197.2	19932
chr16	34072263	34072627	peak_2248	702	.	255.435471	4.892064	-1	305	chr16	34051139	34051363	ENSG00000261197	.	+	ENSG00000261197.2	20901
chr16	34073069	34073354	peak_2249	1000	.	400.695923	7.931771	-1	254	chr16	34051139	34051363	ENSG00000261197	.	+	ENSG00000261197.2	21707
chr16	34073474	34073659	peak_2250	1000	.	265.332275	6.280785	-1	25	chr16	34051139	34051363	ENSG00000261197	.	+	ENSG00000261197.2	22112
chr16	34073988	34074740	peak_2251	902	.	678.076111	9.549155	-1	218	chr16	34051139	34051363	ENSG00000261197	.	+	ENSG00000261197.2	22626
chr16	34076986	34077359	peak_2252	1000	.	453.373169	7.503445	-1	223	chr16	34051139	34051363	ENSG00000261197	.	+	ENSG00000261197.2	25624
chr16	34077485	34078014	peak_2253	542	.	286.768494	4.105179	-1	392	chr16	34051139	34051363	ENSG00000261197	.	+	ENSG00000261197.2	26123
chr16	34078167	34078389	peak_2254	914	.	202.911148	5.109050	-1	187	chr16	34051139	34051363	ENSG00000261197	.	+	ENSG00000261197.2	26805
chr16	34078545	34080732	peak_2255	1000	.	2306.039062	9.834352	-1	358	chr16	34051139	34051363	ENSG00000261197	.	+	ENSG00000261197.2	27183
chr16	34082334	34083295	peak_2256	965	.	927.210510	8.897087	-1	221	chr16	34051139	34051363	ENSG00000261197	.	+	ENSG00000261197.2	30972
chr16	34084293	34084436	peak_2257	1000	.	425.792694	7.215447	-1	103	chr16	34051139	34051363	ENSG00000261197	.	+	ENSG00000261197.2	32931
chr16	34084585	34085485	peak_2258	944	.	849.418823	6.666107	-1	586	chr16	34051139	34051363	ENSG00000261197	.	+	ENSG00000261197.2	33223
chr16	34085896	34086806	peak_2259	978	.	889.596863	9.072088	-1	33	chr16	34120469	34120677	ENSG00000262561	.	+	ENSG00000262561.1	33664
chr16	34086910	34087169	peak_2260	823	.	213.281494	4.105179	-1	153	chr16	34120469	34120677	ENSG00000262561	.	+	ENSG00000262561.1	33301
chr16	34087651	34088006	peak_2261	795	.	282.242371	5.496779	-1	276	chr16	34120469	34120677	ENSG00000262561	.	+	ENSG00000262561.1	32464
chr16	34090364	34090699	peak_2262	1000	.	518.721252	8.956428	-1	33	chr16	34120469	34120677	ENSG00000262561	.	+	ENSG00000262561.1	29771
chr16	34091657	34092142	peak_2263	509	.	246.745438	4.655616	-1	32	chr16	34120469	34120677	ENSG00000262561	.	+	ENSG00000262561.1	28328
chr16	34092400	34092763	peak_2264	1000	.	383.690247	5.836737	-1	32	chr16	34120469	34120677	ENSG00000262561	.	+	ENSG00000262561.1	27707
chr16	34093077	34094309	peak_2265	922	.	1135.589966	7.850579	-1	1086	chr16	34120469	34120677	ENSG00000262561	.	+	ENSG00000262561.1	26161
chr16	34094510	34094603	peak_2266	1000	.	341.563263	7.681748	-1	9	chr16	34120469	34120677	ENSG00000262561	.	+	ENSG00000262561.1	25867
chr16	34094709	34095448	peak_2267	1000	.	917.428040	9.448680	-1	462	chr16	34120469	34120677	ENSG00000262561	.	+	ENSG00000262561.1	25022
chr16	34096236	34096433	peak_2268	1000	.	319.163055	5.496779	-1	162	chr16	34120469	34120677	ENSG00000262561	.	+	ENSG00000262561.1	24037
chr16	34096620	34098076	peak_2269	1000	.	2320.945068	10.012437	-1	799	chr16	34120469	34120677	ENSG00000262561	.	+	ENSG00000262561.1	22394
chr16	34098210	34098747	peak_2270	1000	.	541.820801	5.836737	-1	197	chr16	34120469	34120677	ENSG00000262561	.	+	ENSG00000262561.1	21723
chr16	34098852	34100038	peak_2271	837	.	993.104797	6.140231	-1	446	chr16	34120469	34120677	ENSG00000262561	.	+	ENSG00000262561.1	20432
chr16	34155241	34155574	peak_2272	649	.	216.164520	4.105179	-1	258	chr16	34158584	34160036	LINC00273	.	-	ENSG00000256642.1	3011
chr16	34173993	34174494	peak_2273	433	.	217.049561	4.655616	-1	182	chr16	34162958	34163110	RNA5-8SP2	.	+	ENSG00000200434.1	10884
chr16	34450196	34450468	peak_2274	1000	.	314.814178	6.543151	-1	179	chr16	34446565	34448866	ENSG00000286968	.	+	ENSG00000286968.1	1331
chr16	34451018	34451355	peak_2275	1000	.	373.837311	6.140231	-1	171	chr16	34446565	34448866	ENSG00000286968	.	+	ENSG00000286968.1	2153
chr16	34452841	34453404	peak_2276	1000	.	869.521240	6.784213	-1	255	chr16	34446565	34448866	ENSG00000286968	.	+	ENSG00000286968.1	3976
chr16	34453597	34454191	peak_2277	1000	.	1416.762329	10.304177	-1	543	chr16	34446565	34448866	ENSG00000286968	.	+	ENSG00000286968.1	4732
chr16	34454344	34455298	peak_2278	1000	.	1592.826904	7.681748	-1	461	chr16	34446565	34448866	ENSG00000286968	.	+	ENSG00000286968.1	5479
chr16	34481477	34482095	peak_2279	617	.	381.499176	5.309801	-1	160	chr16	34446565	34448866	ENSG00000286968	.	+	ENSG00000286968.1	32612
chr16	34482867	34483172	peak_2280	1000	.	350.204559	6.140231	-1	241	chr16	34446565	34448866	ENSG00000286968	.	+	ENSG00000286968.1	34002
chr16	34483550	34483598	peak_2281	1000	.	210.334915	7.314430	-1	24	chr16	34446565	34448866	ENSG00000286968	.	+	ENSG00000286968.1	34685
chr16	34483879	34484554	peak_2282	769	.	519.220154	7.681748	-1	99	chr16	34446565	34448866	ENSG00000286968	.	+	ENSG00000286968.1	35014
chr16	34486444	34486945	peak_2283	743	.	372.011902	5.496779	-1	411	chr16	34446565	34448866	ENSG00000286968	.	+	ENSG00000286968.1	37579
chr16	34489766	34490074	peak_2284	1000	.	396.472076	7.314430	-1	153	chr16	34446565	34448866	ENSG00000286968	.	+	ENSG00000286968.1	40901
chr16	34490867	34491126	peak_2285	1000	.	436.242645	8.775187	-1	25	chr16	34446565	34448866	ENSG00000286968	.	+	ENSG00000286968.1	42002
chr16	34492265	34492823	peak_2286	1000	.	975.384583	8.517250	-1	412	chr16	34446565	34448866	ENSG00000286968	.	+	ENSG00000286968.1	43400
chr16	34492969	34493385	peak_2287	1000	.	884.845825	10.755310	-1	227	chr16	34446565	34448866	ENSG00000286968	.	+	ENSG00000286968.1	44104
chr16	34493867	34493990	peak_2288	1000	.	276.382507	8.380379	-1	96	chr16	34446565	34448866	ENSG00000286968	.	+	ENSG00000286968.1	45002
chr16	34571505	34576757	peak_2289	1000	.	31731.664062	15.967580	-1	1259	chr16	34446565	34448866	ENSG00000286968	.	+	ENSG00000286968.1	122640
chr16	34580967	34584087	peak_2290	1000	.	31522.248047	18.555830	-1	495	chr16	34446565	34448866	ENSG00000286968	.	+	ENSG00000286968.1	132102
chr16	34584619	34597754	peak_2291	1000	.	79444.171875	19.733562	-1	3451	chr16	34446565	34448866	ENSG00000286968	.	+	ENSG00000286968.1	135754
chr16	34598437	34599143	peak_2292	517	.	364.864136	5.109050	-1	361	chr16	34446565	34448866	ENSG00000286968	.	+	ENSG00000286968.1	149572
chr16	34599891	34600298	peak_2293	492	.	200.394714	5.109050	-1	121	chr16	34446565	34448866	ENSG00000286968	.	+	ENSG00000286968.1	151026
chr16	34602961	34603389	peak_2294	748	.	320.331757	5.671912	-1	33	chr16	34446565	34448866	ENSG00000286968	.	+	ENSG00000286968.1	154096
chr16	34603921	34604272	peak_2295	639	.	224.268219	4.655616	-1	297	chr16	34446565	34448866	ENSG00000286968	.	+	ENSG00000286968.1	155056
chr16	34605530	34605692	peak_2296	1000	.	384.616638	10.383363	-1	134	chr16	34446565	34448866	ENSG00000286968	.	+	ENSG00000286968.1	156665
chr16	34606065	34607396	peak_2297	573	.	762.121338	8.712543	-1	684	chr16	34446565	34448866	ENSG00000286968	.	+	ENSG00000286968.1	157200
chr16	34607569	34608545	peak_2298	1000	.	1076.699463	7.410364	-1	642	chr16	34446565	34448866	ENSG00000286968	.	+	ENSG00000286968.1	158704
chr16	34608694	34609584	peak_2299	1000	.	1046.212891	8.163781	-1	770	chr16	34446565	34448866	ENSG00000286968	.	+	ENSG00000286968.1	159829
chr16	34609703	34609911	peak_2300	1000	.	425.404694	7.503445	-1	122	chr16	34446565	34448866	ENSG00000286968	.	+	ENSG00000286968.1	160838
chr16	34610016	34610800	peak_2301	1000	.	1845.904663	10.460853	-1	330	chr16	34446565	34448866	ENSG00000286968	.	+	ENSG00000286968.1	161151
chr16	34625964	34626460	peak_2302	1000	.	680.293152	10.498986	-1	242	chr16	34446565	34448866	ENSG00000286968	.	+	ENSG00000286968.1	177099
chr16	34626595	34627338	peak_2303	534	.	396.980957	7.314430	-1	720	chr16	34446565	34448866	ENSG00000286968	.	+	ENSG00000286968.1	177730
chr16	34627448	34628063	peak_2304	661	.	406.265564	5.496779	-1	581	chr16	34446565	34448866	ENSG00000286968	.	+	ENSG00000286968.1	178583
chr16	34628215	34628753	peak_2305	1000	.	587.234070	6.666107	-1	511	chr16	34446565	34448866	ENSG00000286968	.	+	ENSG00000286968.1	179350
chr16	34629040	34630996	peak_2306	848	.	1658.826294	7.931771	-1	1691	chr16	34446565	34448866	ENSG00000286968	.	+	ENSG00000286968.1	180175
chr16	34631125	34631478	peak_2307	1000	.	499.062408	6.414886	-1	27	chr16	34446565	34448866	ENSG00000286968	.	+	ENSG00000286968.1	182260
chr16	34631598	34632298	peak_2308	774	.	541.801758	7.767279	-1	30	chr16	34446565	34448866	ENSG00000286968	.	+	ENSG00000286968.1	182733
chr16	34658830	34659656	peak_2309	1000	.	878.444275	8.380379	-1	620	chr16	34446565	34448866	ENSG00000286968	.	+	ENSG00000286968.1	209965
chr16	34660706	34661510	peak_2310	1000	.	1068.435181	12.887901	-1	522	chr16	34446565	34448866	ENSG00000286968	.	+	ENSG00000286968.1	211841
chr16	34662741	34663088	peak_2311	785	.	272.274414	5.309801	-1	225	chr16	34446565	34448866	ENSG00000286968	.	+	ENSG00000286968.1	213876
chr16	34664024	34664299	peak_2312	1000	.	774.291077	11.824180	-1	76	chr16	34446565	34448866	ENSG00000286968	.	+	ENSG00000286968.1	215159
chr16	34666092	34666540	peak_2313	904	.	405.167297	6.784213	-1	50	chr16	34446565	34448866	ENSG00000286968	.	+	ENSG00000286968.1	217227
chr16	34667329	34667459	peak_2314	1000	.	314.854218	6.784213	-1	87	chr16	34446565	34448866	ENSG00000286968	.	+	ENSG00000286968.1	218464
chr16	34668986	34669770	peak_2315	1000	.	937.909729	9.924512	-1	751	chr16	34446565	34448866	ENSG00000286968	.	+	ENSG00000286968.1	220121
chr16	34670041	34670610	peak_2316	1000	.	569.392578	6.784213	-1	26	chr16	34446565	34448866	ENSG00000286968	.	+	ENSG00000286968.1	221176
chr16	34670726	34671007	peak_2317	1000	.	324.724518	6.666107	-1	33	chr16	34446565	34448866	ENSG00000286968	.	+	ENSG00000286968.1	221861
chr16	34695413	34695719	peak_2318	682	.	208.805191	4.655616	-1	187	chr16	34941976	34943880	ENSG00000279165	.	+	ENSG00000279165.1	246258
chr16	34696242	34696562	peak_2319	1000	.	324.085449	5.109050	-1	194	chr16	34941976	34943880	ENSG00000279165	.	+	ENSG00000279165.1	245415
chr16	34697025	34698715	peak_2320	1000	.	2826.328857	10.825370	-1	599	chr16	34941976	34943880	ENSG00000279165	.	+	ENSG00000279165.1	243262
chr16	34699146	34699389	peak_2321	1000	.	379.028229	5.309801	-1	57	chr16	34941976	34943880	ENSG00000279165	.	+	ENSG00000279165.1	242588
chr16	34699542	34699700	peak_2322	1000	.	437.110260	8.583626	-1	26	chr16	34941976	34943880	ENSG00000279165	.	+	ENSG00000279165.1	242277
chr16	34699995	34700188	peak_2323	1000	.	393.095428	9.549155	-1	127	chr16	34941976	34943880	ENSG00000279165	.	+	ENSG00000279165.1	241789
chr16	34700702	34700770	peak_2324	1000	.	225.583633	7.215447	-1	33	chr16	34941976	34943880	ENSG00000279165	.	+	ENSG00000279165.1	241207
chr16	34700987	34701460	peak_2325	1000	.	709.599548	7.850579	-1	445	chr16	34941976	34943880	ENSG00000279165	.	+	ENSG00000279165.1	240517
chr16	34701638	34701932	peak_2326	785	.	230.654877	5.496779	-1	126	chr16	34941976	34943880	ENSG00000279165	.	+	ENSG00000279165.1	240045
chr16	34703093	34703181	peak_2327	1000	.	225.646881	5.992500	-1	30	chr16	34941976	34943880	ENSG00000279165	.	+	ENSG00000279165.1	238796
chr16	34703299	34703362	peak_2328	1000	.	257.928894	8.237581	-1	32	chr16	34941976	34943880	ENSG00000279165	.	+	ENSG00000279165.1	238615
chr16	34703648	34704018	peak_2329	1000	.	432.567047	7.113194	-1	27	chr16	34941976	34943880	ENSG00000279165	.	+	ENSG00000279165.1	237959
chr16	34704197	34704693	peak_2330	534	.	265.108368	5.836737	-1	125	chr16	34941976	34943880	ENSG00000279165	.	+	ENSG00000279165.1	237284
chr16	34705012	34705734	peak_2331	555	.	400.950562	7.215447	-1	68	chr16	34941976	34943880	ENSG00000279165	.	+	ENSG00000279165.1	236243
chr16	34706284	34706672	peak_2332	559	.	216.811783	3.776148	-1	365	chr16	34941976	34943880	ENSG00000279165	.	+	ENSG00000279165.1	235305
chr16	34707005	34707527	peak_2333	790	.	412.165527	8.163781	-1	302	chr16	34941976	34943880	ENSG00000279165	.	+	ENSG00000279165.1	234450
chr16	34709952	34710422	peak_2334	464	.	218.060623	4.395352	-1	184	chr16	34941976	34943880	ENSG00000279165	.	+	ENSG00000279165.1	231555
chr16	34711214	34711645	peak_2335	875	.	376.966248	5.671912	-1	295	chr16	34941976	34943880	ENSG00000279165	.	+	ENSG00000279165.1	230332
chr16	34712035	34712590	peak_2336	633	.	351.216431	4.892064	-1	53	chr16	34941976	34943880	ENSG00000279165	.	+	ENSG00000279165.1	229387
chr16	34714066	34714635	peak_2337	836	.	475.573730	6.543151	-1	486	chr16	34941976	34943880	ENSG00000279165	.	+	ENSG00000279165.1	227342
chr16	34717093	34717325	peak_2338	1000	.	257.718781	6.543151	-1	148	chr16	34941976	34943880	ENSG00000279165	.	+	ENSG00000279165.1	224652
chr16	34717952	34718408	peak_2339	1000	.	695.176392	7.215447	-1	421	chr16	34941976	34943880	ENSG00000279165	.	+	ENSG00000279165.1	223569
chr16	34718524	34718854	peak_2340	1000	.	380.904846	8.380379	-1	32	chr16	34941976	34943880	ENSG00000279165	.	+	ENSG00000279165.1	223123
chr16	34718995	34719250	peak_2341	1000	.	367.859314	5.836737	-1	66	chr16	34941976	34943880	ENSG00000279165	.	+	ENSG00000279165.1	222727
chr16	34720109	34720901	peak_2342	927	.	734.242676	7.503445	-1	175	chr16	34941976	34943880	ENSG00000279165	.	+	ENSG00000279165.1	221076
chr16	34721108	34721350	peak_2343	851	.	205.956757	6.414886	-1	30	chr16	34941976	34943880	ENSG00000279165	.	+	ENSG00000279165.1	220627
chr16	34721913	34722166	peak_2344	1000	.	376.804199	7.113194	-1	103	chr16	34941976	34943880	ENSG00000279165	.	+	ENSG00000279165.1	219811
chr16	34722317	34722659	peak_2345	786	.	268.763977	5.309801	-1	322	chr16	34941976	34943880	ENSG00000279165	.	+	ENSG00000279165.1	219318
chr16	34722833	34723101	peak_2346	922	.	247.162659	5.836737	-1	93	chr16	34941976	34943880	ENSG00000279165	.	+	ENSG00000279165.1	218876
chr16	34724044	34724799	peak_2347	654	.	494.052460	6.666107	-1	557	chr16	34941976	34943880	ENSG00000279165	.	+	ENSG00000279165.1	217178
chr16	34725179	34726081	peak_2348	1000	.	1815.145264	10.140387	-1	820	chr16	34941976	34943880	ENSG00000279165	.	+	ENSG00000279165.1	215896
chr16	34726191	34726597	peak_2349	1000	.	527.481628	8.309755	-1	197	chr16	34941976	34943880	ENSG00000279165	.	+	ENSG00000279165.1	215380
chr16	34726768	34727253	peak_2350	1000	.	1068.461914	12.299122	-1	240	chr16	34941976	34943880	ENSG00000279165	.	+	ENSG00000279165.1	214724
chr16	34732588	34733219	peak_2351	379	.	239.273819	4.655616	-1	563	chr16	34941976	34943880	ENSG00000279165	.	+	ENSG00000279165.1	208758
chr16	34734832	34736216	peak_2352	767	.	1062.027100	6.784213	-1	221	chr16	34941976	34943880	ENSG00000279165	.	+	ENSG00000279165.1	205761
chr16	34736829	34737145	peak_2353	994	.	313.970856	8.010967	-1	243	chr16	34941976	34943880	ENSG00000279165	.	+	ENSG00000279165.1	204832
chr16	34737285	34737446	peak_2354	1000	.	408.275970	7.850579	-1	138	chr16	34941976	34943880	ENSG00000279165	.	+	ENSG00000279165.1	204531
chr16	34738450	34738863	peak_2355	852	.	351.823090	4.655616	-1	75	chr16	34941976	34943880	ENSG00000279165	.	+	ENSG00000279165.1	203114
chr16	34739571	34739852	peak_2356	1000	.	287.924713	5.309801	-1	44	chr16	34941976	34943880	ENSG00000279165	.	+	ENSG00000279165.1	202125
chr16	34740073	34740526	peak_2357	460	.	208.569122	4.892064	-1	304	chr16	34941976	34943880	ENSG00000279165	.	+	ENSG00000279165.1	201451
chr16	34740657	34740922	peak_2358	770	.	204.135635	4.395352	-1	146	chr16	34941976	34943880	ENSG00000279165	.	+	ENSG00000279165.1	201055
chr16	34742103	34742230	peak_2359	1000	.	263.195099	5.992500	-1	112	chr16	34941976	34943880	ENSG00000279165	.	+	ENSG00000279165.1	199747
chr16	34743176	34743634	peak_2360	462	.	211.520279	5.309801	-1	28	chr16	34941976	34943880	ENSG00000279165	.	+	ENSG00000279165.1	198343
chr16	34745127	34745645	peak_2361	857	.	444.142395	6.280785	-1	245	chr16	34941976	34943880	ENSG00000279165	.	+	ENSG00000279165.1	196332
chr16	34746038	34746624	peak_2362	571	.	334.481598	4.395352	-1	31	chr16	34941976	34943880	ENSG00000279165	.	+	ENSG00000279165.1	195353
chr16	34748499	34749019	peak_2363	1000	.	693.950073	8.380379	-1	21	chr16	34941976	34943880	ENSG00000279165	.	+	ENSG00000279165.1	192958
chr16	34751345	34751805	peak_2364	888	.	408.434296	6.666107	-1	428	chr16	34941976	34943880	ENSG00000279165	.	+	ENSG00000279165.1	190172
chr16	34752055	34752800	peak_2365	1000	.	821.454651	8.163781	-1	666	chr16	34941976	34943880	ENSG00000279165	.	+	ENSG00000279165.1	189177
chr16	34752926	34753522	peak_2366	917	.	546.296814	6.280785	-1	271	chr16	34941976	34943880	ENSG00000279165	.	+	ENSG00000279165.1	188455
chr16	34754751	34754796	peak_2367	1000	.	218.165985	7.681748	-1	22	chr16	34941976	34943880	ENSG00000279165	.	+	ENSG00000279165.1	187181
chr16	34755680	34756364	peak_2368	631	.	431.515015	4.892064	-1	443	chr16	34941976	34943880	ENSG00000279165	.	+	ENSG00000279165.1	185613
chr16	34757303	34757352	peak_2369	1000	.	217.835297	7.410364	-1	24	chr16	34941976	34943880	ENSG00000279165	.	+	ENSG00000279165.1	184625
chr16	34758540	34758914	peak_2370	586	.	219.173401	4.105179	-1	253	chr16	34941976	34943880	ENSG00000279165	.	+	ENSG00000279165.1	183063
chr16	34759028	34759189	peak_2371	1000	.	252.141022	7.314430	-1	128	chr16	34941976	34943880	ENSG00000279165	.	+	ENSG00000279165.1	182788
chr16	34759354	34759707	peak_2372	952	.	336.066833	5.109050	-1	84	chr16	34941976	34943880	ENSG00000279165	.	+	ENSG00000279165.1	182270
chr16	34759810	34760396	peak_2373	833	.	488.266052	5.992500	-1	215	chr16	34941976	34943880	ENSG00000279165	.	+	ENSG00000279165.1	181581
chr16	34760704	34760791	peak_2374	1000	.	219.182861	6.897870	-1	53	chr16	34941976	34943880	ENSG00000279165	.	+	ENSG00000279165.1	181186
chr16	34760904	34761069	peak_2375	1000	.	397.926605	9.741835	-1	131	chr16	34941976	34943880	ENSG00000279165	.	+	ENSG00000279165.1	180908
chr16	34764042	34764775	peak_2376	575	.	421.129425	5.496779	-1	591	chr16	34941976	34943880	ENSG00000279165	.	+	ENSG00000279165.1	177202
chr16	34764942	34766307	peak_2377	748	.	1021.691772	6.280785	-1	596	chr16	34941976	34943880	ENSG00000279165	.	+	ENSG00000279165.1	175670
chr16	34767682	34767884	peak_2378	1000	.	315.704224	5.671912	-1	26	chr16	34941976	34943880	ENSG00000279165	.	+	ENSG00000279165.1	174093
chr16	34768035	34768593	peak_2379	657	.	366.416626	7.931771	-1	118	chr16	34941976	34943880	ENSG00000279165	.	+	ENSG00000279165.1	173384
chr16	34770851	34771414	peak_2380	615	.	346.484894	6.280785	-1	30	chr16	34941976	34943880	ENSG00000279165	.	+	ENSG00000279165.1	170563
chr16	34854587	34854645	peak_2381	1000	.	311.052002	9.345212	-1	29	chr16	34941976	34943880	ENSG00000279165	.	+	ENSG00000279165.1	87332
chr16	34855240	34855634	peak_2382	1000	.	756.798889	8.449522	-1	146	chr16	34941976	34943880	ENSG00000279165	.	+	ENSG00000279165.1	86343
chr16	34855765	34856252	peak_2383	1000	.	917.052673	8.088272	-1	132	chr16	34941976	34943880	ENSG00000279165	.	+	ENSG00000279165.1	85725
chr16	34857206	34857711	peak_2384	915	.	461.954071	8.449522	-1	486	chr16	34941976	34943880	ENSG00000279165	.	+	ENSG00000279165.1	84266
chr16	34858246	34858387	peak_2385	1000	.	212.710617	7.215447	-1	24	chr16	34941976	34943880	ENSG00000279165	.	+	ENSG00000279165.1	83590
chr16	34858494	34858686	peak_2386	1000	.	244.048843	6.543151	-1	154	chr16	34941976	34943880	ENSG00000279165	.	+	ENSG00000279165.1	83291
chr16	34859062	34859247	peak_2387	1000	.	241.042526	5.671912	-1	49	chr16	34941976	34943880	ENSG00000279165	.	+	ENSG00000279165.1	82730
chr16	34863648	34863924	peak_2388	1000	.	281.385040	6.897870	-1	26	chr16	34941976	34943880	ENSG00000279165	.	+	ENSG00000279165.1	78053
chr16	34865365	34865799	peak_2389	723	.	313.918335	4.655616	-1	123	chr16	34941976	34943880	ENSG00000279165	.	+	ENSG00000279165.1	76178
chr16	34866250	34866586	peak_2390	657	.	220.625397	5.109050	-1	23	chr16	34941976	34943880	ENSG00000279165	.	+	ENSG00000279165.1	75391
chr16	34866912	34867116	peak_2391	1000	.	292.555939	6.140231	-1	48	chr16	34941976	34943880	ENSG00000279165	.	+	ENSG00000279165.1	74861
chr16	34893380	34894177	peak_2392	1000	.	1739.999268	8.775187	-1	412	chr16	34941976	34943880	ENSG00000279165	.	+	ENSG00000279165.1	47800
chr16	34894409	34895004	peak_2393	1000	.	1387.784302	10.055597	-1	53	chr16	34941976	34943880	ENSG00000279165	.	+	ENSG00000279165.1	46973
chr16	34895178	34895873	peak_2394	1000	.	843.557495	7.681748	-1	323	chr16	34941976	34943880	ENSG00000279165	.	+	ENSG00000279165.1	46104
chr16	34896539	34896784	peak_2395	862	.	211.114624	4.892064	-1	189	chr16	34941976	34943880	ENSG00000279165	.	+	ENSG00000279165.1	45193
chr16	34897371	34897633	peak_2396	885	.	231.876724	5.496779	-1	246	chr16	34941976	34943880	ENSG00000279165	.	+	ENSG00000279165.1	44344
chr16	34897735	34898167	peak_2397	1000	.	526.255371	6.140231	-1	124	chr16	34941976	34943880	ENSG00000279165	.	+	ENSG00000279165.1	43810
chr16	34898686	34899074	peak_2398	852	.	330.537323	5.109050	-1	370	chr16	34941976	34943880	ENSG00000279165	.	+	ENSG00000279165.1	42903
chr16	34899786	34900809	peak_2399	1000	.	1036.551514	8.309755	-1	144	chr16	34941976	34943880	ENSG00000279165	.	+	ENSG00000279165.1	41168
chr16	34900927	34901731	peak_2400	779	.	626.242493	6.897870	-1	332	chr16	34941976	34943880	ENSG00000279165	.	+	ENSG00000279165.1	40246
chr16	34902349	34902864	peak_2401	1000	.	556.907104	10.223215	-1	179	chr16	34941976	34943880	ENSG00000279165	.	+	ENSG00000279165.1	39113
chr16	34902975	34903217	peak_2402	1000	.	306.097931	5.992500	-1	77	chr16	34941976	34943880	ENSG00000279165	.	+	ENSG00000279165.1	38760
chr16	34905403	34905558	peak_2403	1000	.	397.742310	8.517250	-1	75	chr16	34941976	34943880	ENSG00000279165	.	+	ENSG00000279165.1	36419
chr16	34905696	34906027	peak_2404	930	.	307.666412	4.892064	-1	148	chr16	34941976	34943880	ENSG00000279165	.	+	ENSG00000279165.1	35950
chr16	34906728	34906927	peak_2405	1000	.	336.325287	8.088272	-1	163	chr16	34941976	34943880	ENSG00000279165	.	+	ENSG00000279165.1	35050
chr16	34907043	34907342	peak_2406	787	.	235.371460	5.671912	-1	108	chr16	34941976	34943880	ENSG00000279165	.	+	ENSG00000279165.1	34635
chr16	34907801	34907892	peak_2407	1000	.	284.897217	7.767279	-1	34	chr16	34941976	34943880	ENSG00000279165	.	+	ENSG00000279165.1	34085
chr16	34909114	34909508	peak_2408	981	.	386.672058	5.109050	-1	280	chr16	34941976	34943880	ENSG00000279165	.	+	ENSG00000279165.1	32469
chr16	34910300	34910596	peak_2409	1000	.	394.671631	6.140231	-1	214	chr16	34941976	34943880	ENSG00000279165	.	+	ENSG00000279165.1	31381
chr16	34911921	34912235	peak_2410	1000	.	314.257202	6.140231	-1	142	chr16	34941976	34943880	ENSG00000279165	.	+	ENSG00000279165.1	29742
chr16	34914699	34915094	peak_2411	722	.	285.204315	4.395352	-1	162	chr16	34941976	34943880	ENSG00000279165	.	+	ENSG00000279165.1	26883
chr16	34915764	34916357	peak_2412	587	.	347.922302	4.892064	-1	186	chr16	34941976	34943880	ENSG00000279165	.	+	ENSG00000279165.1	25620
chr16	34916490	34917298	peak_2413	805	.	650.829956	7.410364	-1	381	chr16	34941976	34943880	ENSG00000279165	.	+	ENSG00000279165.1	24679
chr16	34918612	34919005	peak_2414	600	.	235.823029	4.395352	-1	243	chr16	34941976	34943880	ENSG00000279165	.	+	ENSG00000279165.1	22972
chr16	34919134	34919316	peak_2415	1000	.	456.986786	9.072088	-1	35	chr16	34941976	34943880	ENSG00000279165	.	+	ENSG00000279165.1	22661
chr16	34920098	34920691	peak_2416	1000	.	624.712952	7.113194	-1	28	chr16	34941976	34943880	ENSG00000279165	.	+	ENSG00000279165.1	21286
chr16	34920810	34921320	peak_2417	522	.	266.222198	5.109050	-1	61	chr16	34941976	34943880	ENSG00000279165	.	+	ENSG00000279165.1	20657
chr16	34946147	34947762	peak_2418	435	.	702.420715	5.836737	-1	1344	chr16	34941976	34943880	ENSG00000279165	.	+	ENSG00000279165.1	2268
chr16	34947957	34948297	peak_2419	640	.	217.579544	4.395352	-1	103	chr16	34941976	34943880	ENSG00000279165	.	+	ENSG00000279165.1	4078
chr16	34949531	34949872	peak_2420	760	.	259.318756	5.836737	-1	177	chr16	34941976	34943880	ENSG00000279165	.	+	ENSG00000279165.1	5652
chr16	34950619	34951201	peak_2421	892	.	519.402161	6.543151	-1	35	chr16	34941976	34943880	ENSG00000279165	.	+	ENSG00000279165.1	6740
chr16	34951353	34951962	peak_2422	1000	.	807.475769	9.238552	-1	140	chr16	34941976	34943880	ENSG00000279165	.	+	ENSG00000279165.1	7474
chr16	34952600	34952799	peak_2423	1000	.	213.304550	4.892064	-1	19	chr16	34941976	34943880	ENSG00000279165	.	+	ENSG00000279165.1	8721
chr16	34952907	34953572	peak_2424	389	.	258.398651	4.655616	-1	15	chr16	34941976	34943880	ENSG00000279165	.	+	ENSG00000279165.1	9028
chr16	34954173	34954619	peak_2425	550	.	245.379562	5.309801	-1	101	chr16	34962969	34965270	ENSG00000287353	.	+	ENSG00000287353.1	8351
chr16	34955997	34956557	peak_2426	446	.	249.780624	4.655616	-1	195	chr16	34962969	34965270	ENSG00000287353	.	+	ENSG00000287353.1	6413
chr16	34956662	34957061	peak_2427	801	.	319.705963	5.496779	-1	262	chr16	34962969	34965270	ENSG00000287353	.	+	ENSG00000287353.1	5909
chr16	34957162	34958303	peak_2428	803	.	916.757141	8.088272	-1	753	chr16	34962969	34965270	ENSG00000287353	.	+	ENSG00000287353.1	4667
chr16	34958755	34959156	peak_2429	784	.	314.379883	4.395352	-1	141	chr16	34962969	34965270	ENSG00000287353	.	+	ENSG00000287353.1	3814
chr16	34959308	34959560	peak_2430	821	.	207.005966	5.671912	-1	33	chr16	34962969	34965270	ENSG00000287353	.	+	ENSG00000287353.1	3410
chr16	34960477	34960814	peak_2431	755	.	254.514648	6.140231	-1	182	chr16	34962969	34965270	ENSG00000287353	.	+	ENSG00000287353.1	2156
chr16	34961421	34961631	peak_2432	988	.	207.525742	5.671912	-1	34	chr16	34962969	34965270	ENSG00000287353	.	+	ENSG00000287353.1	1339
chr16	35562737	35563199	peak_2433	574	.	265.141937	4.655616	-1	348	chr16	35510676	35571052	ENSG00000303905	.	-	ENSG00000303905.1	0
chr16	36121411	36122787	peak_2434	742	.	1020.832031	5.992500	-1	1319	chr16	35863096	35919331	ENSG00000304337	.	+	ENSG00000304337.1	202081
chr16	36123584	36123860	peak_2435	1000	.	384.037537	4.892064	-1	267	chr16	35863096	35919331	ENSG00000304337	.	+	ENSG00000304337.1	204254
chr16	36124026	36124826	peak_2436	643	.	514.393982	4.395352	-1	698	chr16	35863096	35919331	ENSG00000304337	.	+	ENSG00000304337.1	204696
chr16	36125640	36125884	peak_2437	1000	.	262.167023	5.309801	-1	24	chr16	35863096	35919331	ENSG00000304337	.	+	ENSG00000304337.1	206310
chr16	36126003	36126534	peak_2438	694	.	368.555237	6.280785	-1	336	chr16	35863096	35919331	ENSG00000304337	.	+	ENSG00000304337.1	206673
chr16	36127697	36128458	peak_2439	854	.	649.859009	5.836737	-1	19	chr16	35863096	35919331	ENSG00000304337	.	+	ENSG00000304337.1	208367
chr16	36133143	36133349	peak_2440	1000	.	322.989410	8.897087	-1	184	chr16	35863096	35919331	ENSG00000304337	.	+	ENSG00000304337.1	213813
chr16	36135176	36135339	peak_2441	1000	.	327.518707	8.163781	-1	57	chr16	35863096	35919331	ENSG00000304337	.	+	ENSG00000304337.1	215846
chr16	36135491	36135577	peak_2442	1000	.	215.368195	6.784213	-1	54	chr16	35863096	35919331	ENSG00000304337	.	+	ENSG00000304337.1	216161
chr16	36136489	36137210	peak_2443	590	.	425.206451	5.671912	-1	146	chr16	35863096	35919331	ENSG00000304337	.	+	ENSG00000304337.1	217159
chr16	36138913	36139138	peak_2444	1000	.	240.931427	5.496779	-1	193	chr16	35863096	35919331	ENSG00000304337	.	+	ENSG00000304337.1	219583
chr16	36139536	36139932	peak_2445	726	.	287.665497	4.892064	-1	26	chr16	35863096	35919331	ENSG00000304337	.	+	ENSG00000304337.1	220206
chr16	36140073	36140391	peak_2446	930	.	295.617462	6.280785	-1	207	chr16	35863096	35919331	ENSG00000304337	.	+	ENSG00000304337.1	220743
chr16	36140523	36141047	peak_2447	1000	.	628.294678	6.140231	-1	89	chr16	35863096	35919331	ENSG00000304337	.	+	ENSG00000304337.1	221193
chr16	36141150	36141635	peak_2448	1000	.	524.231140	6.784213	-1	196	chr16	35863096	35919331	ENSG00000304337	.	+	ENSG00000304337.1	221820
chr16	36141742	36142656	peak_2449	593	.	541.797852	5.309801	-1	24	chr16	35863096	35919331	ENSG00000304337	.	+	ENSG00000304337.1	222412
chr16	36167168	36167604	peak_2450	665	.	290.069550	4.655616	-1	97	chr16	35863096	35919331	ENSG00000304337	.	+	ENSG00000304337.1	247838
chr16	36167845	36168276	peak_2451	1000	.	566.649536	8.583626	-1	294	chr16	35863096	35919331	ENSG00000304337	.	+	ENSG00000304337.1	248515
chr16	36168416	36168650	peak_2452	1000	.	337.153778	7.215447	-1	26	chr16	35863096	35919331	ENSG00000304337	.	+	ENSG00000304337.1	249086
chr16	36168845	36169418	peak_2453	476	.	272.639771	5.836737	-1	341	chr16	35863096	35919331	ENSG00000304337	.	+	ENSG00000304337.1	249515
chr16	36170895	36171487	peak_2454	776	.	459.183411	7.767279	-1	237	chr16	35863096	35919331	ENSG00000304337	.	+	ENSG00000304337.1	251565
chr16	36172348	36172888	peak_2455	779	.	420.744263	6.784213	-1	197	chr16	35863096	35919331	ENSG00000304337	.	+	ENSG00000304337.1	253018
chr16	36174085	36174313	peak_2456	1000	.	274.404663	5.109050	-1	22	chr16	35863096	35919331	ENSG00000304337	.	+	ENSG00000304337.1	254755
chr16	36175000	36175387	peak_2457	643	.	249.011368	4.105179	-1	141	chr16	35863096	35919331	ENSG00000304337	.	+	ENSG00000304337.1	255670
chr16	36175657	36177363	peak_2458	540	.	921.535767	5.496779	-1	648	chr16	35863096	35919331	ENSG00000304337	.	+	ENSG00000304337.1	256327
chr16	36178668	36178921	peak_2459	834	.	210.927521	4.655616	-1	106	chr16	35863096	35919331	ENSG00000304337	.	+	ENSG00000304337.1	259338
chr16	36179864	36180168	peak_2460	999	.	303.638947	5.309801	-1	24	chr16	35863096	35919331	ENSG00000304337	.	+	ENSG00000304337.1	260534
chr16	36182083	36182368	peak_2461	914	.	260.550415	4.395352	-1	99	chr16	35863096	35919331	ENSG00000304337	.	+	ENSG00000304337.1	262753
chr16	36183390	36183721	peak_2462	781	.	258.643158	5.109050	-1	165	chr16	35863096	35919331	ENSG00000304337	.	+	ENSG00000304337.1	264060
chr16	36183876	36184403	peak_2463	977	.	514.629395	5.496779	-1	283	chr16	35863096	35919331	ENSG00000304337	.	+	ENSG00000304337.1	264546
chr16	36184740	36185620	peak_2464	1000	.	1242.115723	7.503445	-1	173	chr16	35863096	35919331	ENSG00000304337	.	+	ENSG00000304337.1	265410
chr16	36186120	36186427	peak_2465	756	.	231.942307	5.836737	-1	279	chr16	35863096	35919331	ENSG00000304337	.	+	ENSG00000304337.1	266790
chr16	36186592	36186776	peak_2466	1000	.	311.766418	5.496779	-1	157	chr16	35863096	35919331	ENSG00000304337	.	+	ENSG00000304337.1	267262
chr16	36186946	36187309	peak_2467	912	.	331.156647	5.671912	-1	33	chr16	35863096	35919331	ENSG00000304337	.	+	ENSG00000304337.1	267616
chr16	36188425	36188832	peak_2468	1000	.	480.504639	8.517250	-1	325	chr16	35863096	35919331	ENSG00000304337	.	+	ENSG00000304337.1	269095
chr16	36188994	36189772	peak_2469	481	.	374.115112	5.496779	-1	245	chr16	35863096	35919331	ENSG00000304337	.	+	ENSG00000304337.1	269664
chr16	36190903	36191215	peak_2470	1000	.	330.406372	6.414886	-1	74	chr16	35863096	35919331	ENSG00000304337	.	+	ENSG00000304337.1	271573
chr16	36191572	36192615	peak_2471	732	.	763.677551	4.655616	-1	571	chr16	35863096	35919331	ENSG00000304337	.	+	ENSG00000304337.1	272242
chr16	36193240	36193514	peak_2472	1000	.	515.969421	8.380379	-1	247	chr16	35863096	35919331	ENSG00000304337	.	+	ENSG00000304337.1	273910
chr16	36193660	36194043	peak_2473	829	.	317.368408	4.892064	-1	311	chr16	35863096	35919331	ENSG00000304337	.	+	ENSG00000304337.1	274330
chr16	36194213	36194725	peak_2474	898	.	459.973267	5.496779	-1	441	chr16	35863096	35919331	ENSG00000304337	.	+	ENSG00000304337.1	274883
chr16	36194997	36195137	peak_2475	1000	.	312.854950	7.503445	-1	35	chr16	35863096	35919331	ENSG00000304337	.	+	ENSG00000304337.1	275667
chr16	36196083	36196699	peak_2476	546	.	336.060089	4.655616	-1	532	chr16	35863096	35919331	ENSG00000304337	.	+	ENSG00000304337.1	276753
chr16	36196807	36197403	peak_2477	780	.	464.902588	4.892064	-1	413	chr16	35863096	35919331	ENSG00000304337	.	+	ENSG00000304337.1	277477
chr16	36197554	36197991	peak_2478	1000	.	717.947510	6.666107	-1	142	chr16	35863096	35919331	ENSG00000304337	.	+	ENSG00000304337.1	278224
chr16	36198376	36198929	peak_2479	511	.	282.532166	4.395352	-1	280	chr16	35863096	35919331	ENSG00000304337	.	+	ENSG00000304337.1	279046
chr16	36199643	36199963	peak_2480	744	.	238.040985	7.113194	-1	295	chr16	35863096	35919331	ENSG00000304337	.	+	ENSG00000304337.1	280313
chr16	36200082	36200490	peak_2481	919	.	374.956024	5.836737	-1	34	chr16	35863096	35919331	ENSG00000304337	.	+	ENSG00000304337.1	280752
chr16	36201203	36201503	peak_2482	1000	.	359.233307	5.992500	-1	34	chr16	35863096	35919331	ENSG00000304337	.	+	ENSG00000304337.1	281873
chr16	36225979	36226269	peak_2483	989	.	286.883820	6.543151	-1	200	chr16	35863096	35919331	ENSG00000304337	.	+	ENSG00000304337.1	306649
chr16	36227385	36227435	peak_2484	1000	.	231.031464	7.767279	-1	33	chr16	35863096	35919331	ENSG00000304337	.	+	ENSG00000304337.1	308055
chr16	36227646	36228039	peak_2485	1000	.	426.795624	6.280785	-1	19	chr16	35863096	35919331	ENSG00000304337	.	+	ENSG00000304337.1	308316
chr16	36228841	36229361	peak_2486	1000	.	760.204346	6.414886	-1	271	chr16	35863096	35919331	ENSG00000304337	.	+	ENSG00000304337.1	309511
chr16	36230148	36230373	peak_2487	1000	.	290.262451	5.671912	-1	181	chr16	35863096	35919331	ENSG00000304337	.	+	ENSG00000304337.1	310818
chr16	36231575	36232141	peak_2488	987	.	558.736328	6.280785	-1	475	chr16	35863096	35919331	ENSG00000304337	.	+	ENSG00000304337.1	312245
chr16	36232690	36232828	peak_2489	1000	.	407.188202	7.410364	-1	104	chr16	35863096	35919331	ENSG00000304337	.	+	ENSG00000304337.1	313360
chr16	36232975	36233060	peak_2490	1000	.	287.382690	6.280785	-1	50	chr16	35863096	35919331	ENSG00000304337	.	+	ENSG00000304337.1	313645
chr16	36233279	36233574	peak_2491	878	.	258.874512	4.395352	-1	32	chr16	35863096	35919331	ENSG00000304337	.	+	ENSG00000304337.1	313949
chr16	36233737	36233937	peak_2492	1000	.	207.334244	5.992500	-1	165	chr16	35863096	35919331	ENSG00000304337	.	+	ENSG00000304337.1	314407
chr16	36234476	36235126	peak_2493	575	.	373.629150	4.655616	-1	168	chr16	35863096	35919331	ENSG00000304337	.	+	ENSG00000304337.1	315146
chr16	36235446	36236207	peak_2494	685	.	521.130493	5.496779	-1	207	chr16	35863096	35919331	ENSG00000304337	.	+	ENSG00000304337.1	316116
chr16	36236591	36237590	peak_2495	653	.	652.103333	6.897870	-1	966	chr16	35863096	35919331	ENSG00000304337	.	+	ENSG00000304337.1	317261
chr16	36237767	36237981	peak_2496	1000	.	534.338318	12.227895	-1	141	chr16	35863096	35919331	ENSG00000304337	.	+	ENSG00000304337.1	318437
chr16	36238134	36238632	peak_2497	640	.	318.544861	7.113194	-1	474	chr16	35863096	35919331	ENSG00000304337	.	+	ENSG00000304337.1	318804
chr16	36240662	36240997	peak_2498	742	.	248.434265	5.992500	-1	205	chr16	35863096	35919331	ENSG00000304337	.	+	ENSG00000304337.1	321332
chr16	36243142	36243709	peak_2499	857	.	485.764771	8.010967	-1	174	chr16	35863096	35919331	ENSG00000304337	.	+	ENSG00000304337.1	323812
chr16	36243977	36244392	peak_2500	668	.	277.057587	6.666107	-1	337	chr16	35863096	35919331	ENSG00000304337	.	+	ENSG00000304337.1	324647
chr16	36245336	36246382	peak_2501	1000	.	1476.658325	7.931771	-1	941	chr16	35863096	35919331	ENSG00000304337	.	+	ENSG00000304337.1	326006
chr16	36249141	36249200	peak_2502	1000	.	264.124603	8.237581	-1	29	chr16	35863096	35919331	ENSG00000304337	.	+	ENSG00000304337.1	329811
chr16	36249428	36249482	peak_2503	1000	.	302.280518	9.072088	-1	27	chr16	35863096	35919331	ENSG00000304337	.	+	ENSG00000304337.1	330098
chr16	36320459	36320504	peak_2504	1000	.	213.729767	7.503445	-1	22	chr16	35863096	35919331	ENSG00000304337	.	+	ENSG00000304337.1	401129
chr16	36415442	36415892	peak_2505	450	.	202.484360	4.105179	-1	30	chr16	35863096	35919331	ENSG00000304337	.	+	ENSG00000304337.1	496112
chr16	36525356	36525719	peak_2506	628	.	228.070953	4.655616	-1	23	chr16	35863096	35919331	ENSG00000304337	.	+	ENSG00000304337.1	606026
chr16	36907614	36907760	peak_2507	1000	.	238.400452	6.897870	-1	23	chr16	35863096	35919331	ENSG00000304337	.	+	ENSG00000304337.1	988284
chr16	37030889	37031249	peak_2508	557	.	200.581772	5.671912	-1	33	chr16	35863096	35919331	ENSG00000304337	.	+	ENSG00000304337.1	1111559
chr16	37538109	37539027	peak_2509	246	.	225.932404	3.394254	-1	235	chr16	35863096	35919331	ENSG00000304337	.	+	ENSG00000304337.1	1618779
chr16	38196394	38197094	peak_2510	383	.	268.002380	4.655616	-1	582	chr16	35863096	35919331	ENSG00000304337	.	+	ENSG00000304337.1	2277064
chr16	38265808	38266503	peak_2511	1000	.	727.746582	5.671912	-1	646	chr16	35863096	35919331	ENSG00000304337	.	+	ENSG00000304337.1	2346478
chr16	38266623	38267630	peak_2512	1000	.	1561.754150	8.088272	-1	436	chr16	35863096	35919331	ENSG00000304337	.	+	ENSG00000304337.1	2347293
chr16	38268363	38269057	peak_2513	972	.	674.557617	5.992500	-1	159	chr16	35863096	35919331	ENSG00000304337	.	+	ENSG00000304337.1	2349033
chr16	38275901	38277183	peak_2514	1000	.	1683.049561	6.666107	-1	34	chr16	35863096	35919331	ENSG00000304337	.	+	ENSG00000304337.1	2356571
chr16	38277839	38278632	peak_2515	678	.	537.807617	6.140231	-1	557	chr16	35863096	35919331	ENSG00000304337	.	+	ENSG00000304337.1	2358509
chr16	38279108	38279806	peak_2516	914	.	637.862366	5.496779	-1	217	chr16	35863096	35919331	ENSG00000304337	.	+	ENSG00000304337.1	2359778
chr16	38279920	38280199	peak_2517	1000	.	490.041351	6.140231	-1	158	chr16	35863096	35919331	ENSG00000304337	.	+	ENSG00000304337.1	2360590
chr16	38280346	38280652	peak_2518	1000	.	346.125824	6.140231	-1	79	chr16	35863096	35919331	ENSG00000304337	.	+	ENSG00000304337.1	2361016
chr16	46380677	46397605	peak_2519	1000	.	111353.359375	19.519247	-1	9713	chr16	46469340	46569125	ENSG00000290429	.	-	ENSG00000290429.2	71736
chr16	46397710	46402271	peak_2520	1000	.	39700.320312	18.637323	-1	3706	chr16	46469340	46569125	ENSG00000290429	.	-	ENSG00000290429.2	67070
chr16	46403241	46403289	peak_2521	1000	.	206.734299	7.410364	-1	24	chr16	46469340	46569125	ENSG00000290429	.	-	ENSG00000290429.2	66052
chr16	46403401	46404141	peak_2522	531	.	392.925690	4.655616	-1	611	chr16	46469340	46569125	ENSG00000290429	.	-	ENSG00000290429.2	65200
chr16	46404602	46405444	peak_2523	970	.	817.017456	7.215447	-1	458	chr16	46469340	46569125	ENSG00000290429	.	-	ENSG00000290429.2	63897
chr16	46406661	46406784	peak_2524	1000	.	234.849808	6.897870	-1	94	chr16	46469340	46569125	ENSG00000290429	.	-	ENSG00000290429.2	62557
chr16	46406899	46407114	peak_2525	1000	.	431.453766	10.460853	-1	52	chr16	46469340	46569125	ENSG00000290429	.	-	ENSG00000290429.2	62227
chr16	46407245	46407489	peak_2526	1000	.	428.142151	9.345212	-1	116	chr16	46469340	46569125	ENSG00000290429	.	-	ENSG00000290429.2	61852
chr16	46408013	46408552	peak_2527	690	.	372.031982	5.496779	-1	235	chr16	46469340	46569125	ENSG00000290429	.	-	ENSG00000290429.2	60789
chr16	46408800	46410115	peak_2528	998	.	1312.500244	8.583626	-1	1092	chr16	46469340	46569125	ENSG00000290429	.	-	ENSG00000290429.2	59226
chr16	46411253	46411847	peak_2529	349	.	207.356384	4.105179	-1	150	chr16	46469340	46569125	ENSG00000290429	.	-	ENSG00000290429.2	57494
chr16	46413831	46414101	peak_2530	760	.	205.163528	4.655616	-1	242	chr16	46469340	46569125	ENSG00000290429	.	-	ENSG00000290429.2	55240
chr16	46414207	46414917	peak_2531	426	.	302.416901	4.395352	-1	701	chr16	46469340	46569125	ENSG00000290429	.	-	ENSG00000290429.2	54424
chr16	46415347	46416022	peak_2532	732	.	494.371490	7.931771	-1	452	chr16	46469340	46569125	ENSG00000290429	.	-	ENSG00000290429.2	53319
chr16	46416264	46416775	peak_2533	877	.	448.036316	8.088272	-1	138	chr16	46469340	46569125	ENSG00000290429	.	-	ENSG00000290429.2	52566
chr16	46417003	46417392	peak_2534	730	.	284.086487	4.892064	-1	227	chr16	46469340	46569125	ENSG00000290429	.	-	ENSG00000290429.2	51949
chr16	46417771	46418506	peak_2535	785	.	577.072571	5.836737	-1	276	chr16	46469340	46569125	ENSG00000290429	.	-	ENSG00000290429.2	50835
chr16	46418610	46419948	peak_2536	748	.	1001.086914	5.671912	-1	437	chr16	46469340	46569125	ENSG00000290429	.	-	ENSG00000290429.2	49393
chr16	46420118	46420787	peak_2537	651	.	435.618988	4.892064	-1	167	chr16	46469340	46569125	ENSG00000290429	.	-	ENSG00000290429.2	48554
chr16	46420913	46421503	peak_2538	1000	.	655.321655	6.543151	-1	372	chr16	46469340	46569125	ENSG00000290429	.	-	ENSG00000290429.2	47838
chr16	46421640	46422345	peak_2539	882	.	621.747559	6.666107	-1	158	chr16	46469340	46569125	ENSG00000290429	.	-	ENSG00000290429.2	46996
chr16	46464201	46466120	peak_2540	846	.	1623.847656	8.010967	-1	1812	chr16	46469340	46569125	ENSG00000290429	.	-	ENSG00000290429.2	3221
chr16	46466237	46466435	peak_2541	1000	.	215.806946	4.105179	-1	33	chr16	46469340	46569125	ENSG00000290429	.	-	ENSG00000290429.2	2906
chr16	48551996	48552360	peak_2542	627	.	228.353241	3.776148	-1	184	chr16	48502243	48597803	ENSG00000295475	.	+	ENSG00000295475.1	0
chr16	48551996	48552360	peak_2542	627	.	228.353241	3.776148	-1	184	chr16	48538725	48620148	N4BP1	.	-	ENSG00000102921.10	0
chr16	54271096	54271568	peak_2543	570	.	269.021301	4.105179	-1	93	chr16	54245543	54270879	LINC02169	.	-	ENSG00000259517.4	218
chr16	57299703	57300896	peak_2544	1000	.	2617.127686	7.215447	-1	727	chr16	57248546	57284683	PLLP	.	-	ENSG00000102934.12	15021
chr16	57389175	57389567	peak_2545	709	.	278.020447	4.395352	-1	374	chr16	57372456	57385044	CX3CL1	.	+	ENSG00000006210.8	4132
chr16	57533436	57533771	peak_2546	650	.	217.784546	4.655616	-1	98	chr16	57511804	57537163	CCDC102A	.	-	ENSG00000135736.8	0
chr16	57533436	57533771	peak_2546	650	.	217.784546	4.655616	-1	98	chr16	57528584	57591681	ADGRG5	.	+	ENSG00000159618.18	0
chr16	57644496	57644888	peak_2547	611	.	239.588562	4.105179	-1	358	chr16	57610651	57665580	ADGRG1	.	+	ENSG00000205336.16	0
chr16	71807925	71808308	peak_2548	524	.	200.638947	3.776148	-1	74	chr16	71728999	71809201	AP1G1	.	-	ENSG00000166747.15	0
chr16	72175177	72175722	peak_2549	372	.	202.923462	4.105179	-1	18	chr16	72111573	72176878	PMFBP1	.	-	ENSG00000118557.17	0
chr16	72175177	72175722	peak_2549	372	.	202.923462	4.105179	-1	18	chr16	72162473	72182012	ENSG00000295538	.	+	ENSG00000295538.1	0
chr16	73337158	73337513	peak_2550	576	.	204.326981	3.776148	-1	305	chr16	72782884	73891871	ZFHX3	.	-	ENSG00000140836.18	0
chr16	81615015	81615463	peak_2551	523	.	234.519043	4.395352	-1	114	chr16	81444799	81711762	CMIP	.	+	ENSG00000153815.19	0
chr16	81765215	81765602	peak_2552	539	.	208.647278	4.655616	-1	35	chr16	81738247	81962685	PLCG2	.	+	ENSG00000197943.15	0
chr16	85400322	85400710	peak_2553	554	.	214.793716	4.892064	-1	131	chr16	85169524	85676204	GSE1	.	+	ENSG00000131149.21	0
chr16	85519119	85519660	peak_2554	558	.	301.785980	4.105179	-1	191	chr16	85169524	85676204	GSE1	.	+	ENSG00000131149.21	0
chr16	86554170	86554622	peak_2555	505	.	228.334702	4.395352	-1	274	chr16	86530177	86555235	MTHFSD	.	-	ENSG00000103248.21	0
chr16	86554170	86554622	peak_2555	505	.	228.334702	4.395352	-1	274	chr16	86554071	86554599	ENSG00000303617	.	+	ENSG00000303617.1	0
chr16	87187251	87187595	peak_2556	604	.	207.890259	4.395352	-1	325	chr16	87083561	87317431	C16orf95	.	-	ENSG00000260456.9	0
chr16	87383882	87384474	peak_2557	1000	.	816.507568	5.992500	-1	197	chr16	87326986	87392142	FBXO31	.	-	ENSG00000103264.20	0
chr16	87383882	87384474	peak_2557	1000	.	816.507568	5.992500	-1	197	chr16	87383952	87405090	MAP1LC3B	.	+	ENSG00000140941.16	0
chr16	87738571	87739558	peak_2558	265	.	261.865814	3.394254	-1	902	chr16	87696484	87765998	KLHDC4	.	-	ENSG00000104731.16	0
chr16	88380126	88380753	peak_2559	377	.	236.471130	3.394254	-1	170	chr16	88381791	88388498	ENSG00000307926	.	-	ENSG00000307926.1	1039
chr16	89304338	89304725	peak_2560	562	.	217.572205	4.105179	-1	85	chr16	89267618	89490706	ANKRD11	.	-	ENSG00000167522.19	0
chr16	90116844	90117548	peak_2561	297	.	209.064026	3.394254	-1	383	chr16	90099831	90168291	ENSG00000261172	.	-	ENSG00000261172.2	0
chr16	90116844	90117548	peak_2561	297	.	209.064026	3.394254	-1	383	chr16	90101033	90222852	FAM157C	.	+	ENSG00000260528.8	0
chr17	117754	118104	peak_2562	820	.	286.914551	4.105179	-1	274	chr17	88640	118578	ENSG00000280136	.	-	ENSG00000280136.3	0
chr17	117754	118104	peak_2562	820	.	286.914551	4.105179	-1	274	chr17	103555	118669	ENSG00000304297	.	+	ENSG00000304297.1	0
chr17	1309681	1310425	peak_2563	338	.	251.246063	3.776148	-1	300	chr17	1279553	1300978	TRARG1	.	+	ENSG00000184811.5	8704
chr17	5458291	5458538	peak_2564	941	.	232.381134	4.395352	-1	32	chr17	5440916	5469031	DHX33	.	-	ENSG00000005100.14	0
chr17	8118869	8121175	peak_2565	1000	.	3558.306641	6.666107	-1	286	chr17	8095899	8119047	ALOXE3	.	-	ENSG00000179148.11	0
chr17	8118869	8121175	peak_2565	1000	.	3558.306641	6.666107	-1	286	chr17	8120591	8124114	HES7	.	-	ENSG00000179111.10	0
chr17	8125409	8126091	peak_2566	678	.	462.680725	4.655616	-1	389	chr17	8125820	8126652	ENSG00000288993	.	-	ENSG00000288993.2	0
chr17	8138639	8139813	peak_2567	1000	.	1444.510986	5.109050	-1	130	chr17	8140466	8156506	PER1	.	-	ENSG00000179094.19	654
chr17	8186328	8188116	peak_2568	1000	.	3488.050537	6.897870	-1	796	chr17	8186944	8187004	MIR4521	.	+	ENSG00000283160.1	0
chr17	8192111	8192779	peak_2569	421	.	281.052155	4.395352	-1	178	chr17	8189483	8192926	ENSG00000299228	.	+	ENSG00000299228.1	0
chr17	8192111	8192779	peak_2569	421	.	281.052155	4.395352	-1	178	chr17	8191287	8200228	ENSG00000299214	.	-	ENSG00000299214.1	0
chr17	8220531	8221215	peak_2570	1000	.	1041.472290	5.836737	-1	408	chr17	8220615	8224079	LINC00324	.	-	ENSG00000178977.5	0
chr17	8221331	8223192	peak_2571	1000	.	3062.477295	6.140231	-1	1053	chr17	8220615	8224079	LINC00324	.	-	ENSG00000178977.5	0
chr17	8221331	8223192	peak_2571	1000	.	3062.477295	6.140231	-1	1053	chr17	8221411	8226254	ENSG00000305852	.	+	ENSG00000305852.1	0
chr17	8895858	8896314	peak_2572	480	.	218.782074	4.395352	-1	396	chr17	8878910	8966008	PIK3R5	.	-	ENSG00000141506.17	0
chr17	12042883	12042934	peak_2573	1000	.	223.862076	7.593853	-1	19	chr17	12020807	12143830	MAP2K4	.	+	ENSG00000065559.17	0
chr17	19507906	19508595	peak_2574	1000	.	937.796753	5.496779	-1	292	chr17	19495384	19579044	SLC47A1	.	+	ENSG00000142494.15	0
chr17	21851233	21853625	peak_2575	664	.	1587.951294	6.543151	-1	1426	chr17	21773753	21783465	ENSG00000283566	.	-	ENSG00000283566.2	67769
chr17	21853757	21854318	peak_2576	1000	.	621.940735	5.309801	-1	64	chr17	21773753	21783465	ENSG00000283566	.	-	ENSG00000283566.2	70293
chr17	21854809	21855258	peak_2577	489	.	219.659653	4.105179	-1	204	chr17	21773753	21783465	ENSG00000283566	.	-	ENSG00000283566.2	71345
chr17	21855569	21856412	peak_2578	551	.	464.624603	5.309801	-1	29	chr17	21773753	21783465	ENSG00000283566	.	-	ENSG00000283566.2	72105
chr17	21856950	21857180	peak_2579	1000	.	294.149170	7.503445	-1	98	chr17	21773753	21783465	ENSG00000283566	.	-	ENSG00000283566.2	73486
chr17	21857283	21858146	peak_2580	414	.	357.525146	4.105179	-1	734	chr17	21773753	21783465	ENSG00000283566	.	-	ENSG00000283566.2	73819
chr17	21858281	21859074	peak_2581	1000	.	1098.332764	9.646818	-1	24	chr17	21773753	21783465	ENSG00000283566	.	-	ENSG00000283566.2	74817
chr17	21859493	21859872	peak_2582	572	.	216.952713	4.105179	-1	179	chr17	21773753	21783465	ENSG00000283566	.	-	ENSG00000283566.2	76029
chr17	21859984	21860515	peak_2583	612	.	324.913208	6.280785	-1	133	chr17	21773753	21783465	ENSG00000283566	.	-	ENSG00000283566.2	76520
chr17	21860953	21861950	peak_2584	719	.	717.231079	6.784213	-1	500	chr17	21773753	21783465	ENSG00000283566	.	-	ENSG00000283566.2	77489
chr17	21862318	21863460	peak_2585	595	.	678.925171	5.109050	-1	1122	chr17	21773753	21783465	ENSG00000283566	.	-	ENSG00000283566.2	78854
chr17	21863749	21864552	peak_2586	841	.	675.103210	8.380379	-1	506	chr17	21773753	21783465	ENSG00000283566	.	-	ENSG00000283566.2	80285
chr17	21866042	21867064	peak_2587	607	.	619.875000	5.309801	-1	24	chr17	21773753	21783465	ENSG00000283566	.	-	ENSG00000283566.2	82578
chr17	21867666	21868430	peak_2588	564	.	430.916718	4.655616	-1	417	chr17	21773753	21783465	ENSG00000283566	.	-	ENSG00000283566.2	84202
chr17	21869405	21869560	peak_2589	1000	.	251.375473	7.113194	-1	28	chr17	21773753	21783465	ENSG00000283566	.	-	ENSG00000283566.2	85941
chr17	21869859	21870959	peak_2590	505	.	556.018066	6.280785	-1	777	chr17	21773753	21783465	ENSG00000283566	.	-	ENSG00000283566.2	86395
chr17	21872406	21872883	peak_2591	1000	.	529.157776	7.314430	-1	276	chr17	21773753	21783465	ENSG00000283566	.	-	ENSG00000283566.2	88942
chr17	21872987	21873945	peak_2592	842	.	806.502563	5.309801	-1	885	chr17	21773753	21783465	ENSG00000283566	.	-	ENSG00000283566.2	89523
chr17	21874259	21874456	peak_2593	1000	.	252.413025	5.496779	-1	56	chr17	21773753	21783465	ENSG00000283566	.	-	ENSG00000283566.2	90795
chr17	21874674	21875015	peak_2594	1000	.	418.317810	6.140231	-1	95	chr17	21773753	21783465	ENSG00000283566	.	-	ENSG00000283566.2	91210
chr17	21875120	21875700	peak_2595	690	.	400.114136	4.395352	-1	187	chr17	21773753	21783465	ENSG00000283566	.	-	ENSG00000283566.2	91656
chr17	21876220	21876281	peak_2596	1000	.	371.891937	11.125182	-1	30	chr17	21773753	21783465	ENSG00000283566	.	-	ENSG00000283566.2	92756
chr17	21876606	21878140	peak_2597	576	.	883.617676	6.140231	-1	199	chr17	21773753	21783465	ENSG00000283566	.	-	ENSG00000283566.2	93142
chr17	21878407	21878748	peak_2598	647	.	220.770905	4.395352	-1	34	chr17	21773753	21783465	ENSG00000283566	.	-	ENSG00000283566.2	94943
chr17	21880429	21881864	peak_2599	649	.	931.423828	8.010967	-1	928	chr17	21773753	21783465	ENSG00000283566	.	-	ENSG00000283566.2	96965
chr17	21882035	21882247	peak_2600	1000	.	316.276917	7.681748	-1	28	chr17	21773753	21783465	ENSG00000283566	.	-	ENSG00000283566.2	98571
chr17	21883029	21883238	peak_2601	1000	.	246.133026	5.836737	-1	35	chr17	21773753	21783465	ENSG00000283566	.	-	ENSG00000283566.2	99565
chr17	21884003	21884166	peak_2602	1000	.	306.030304	7.007426	-1	46	chr17	21773753	21783465	ENSG00000283566	.	-	ENSG00000283566.2	100539
chr17	21884636	21885033	peak_2603	1000	.	405.511902	6.784213	-1	133	chr17	21773753	21783465	ENSG00000283566	.	-	ENSG00000283566.2	101172
chr17	21885559	21886127	peak_2604	824	.	468.180420	5.836737	-1	155	chr17	21773753	21783465	ENSG00000283566	.	-	ENSG00000283566.2	102095
chr17	21886252	21886716	peak_2605	478	.	221.822632	4.105179	-1	437	chr17	21773753	21783465	ENSG00000283566	.	-	ENSG00000283566.2	102788
chr17	21888337	21888714	peak_2606	1000	.	392.180084	9.397332	-1	229	chr17	21773753	21783465	ENSG00000283566	.	-	ENSG00000283566.2	104873
chr17	21888886	21889444	peak_2607	418	.	233.230530	4.892064	-1	359	chr17	21773753	21783465	ENSG00000283566	.	-	ENSG00000283566.2	105422
chr17	21890787	21890843	peak_2608	1000	.	389.261749	10.894123	-1	28	chr17	21773753	21783465	ENSG00000283566	.	-	ENSG00000283566.2	107323
chr17	21891560	21892329	peak_2609	858	.	660.166748	8.449522	-1	24	chr17	21773753	21783465	ENSG00000283566	.	-	ENSG00000283566.2	108096
chr17	21893485	21894249	peak_2610	981	.	749.787415	8.648705	-1	11	chr17	21773753	21783465	ENSG00000283566	.	-	ENSG00000283566.2	110021
chr17	21894427	21894675	peak_2611	1000	.	335.535034	5.496779	-1	167	chr17	21773753	21783465	ENSG00000283566	.	-	ENSG00000283566.2	110963
chr17	21895172	21895444	peak_2612	979	.	266.229309	5.496779	-1	210	chr17	21773753	21783465	ENSG00000283566	.	-	ENSG00000283566.2	111708
chr17	21896094	21896330	peak_2613	1000	.	497.459137	8.163781	-1	110	chr17	21773753	21783465	ENSG00000283566	.	-	ENSG00000283566.2	112630
chr17	21897950	21898209	peak_2614	1000	.	283.798065	5.671912	-1	155	chr17	21773753	21783465	ENSG00000283566	.	-	ENSG00000283566.2	114486
chr17	21900368	21900869	peak_2615	936	.	468.745636	5.671912	-1	98	chr17	21773753	21783465	ENSG00000283566	.	-	ENSG00000283566.2	116904
chr17	21901029	21901409	peak_2616	729	.	277.052124	5.109050	-1	247	chr17	21773753	21783465	ENSG00000283566	.	-	ENSG00000283566.2	117565
chr17	21903926	21904622	peak_2617	1000	.	1201.772705	9.183957	-1	677	chr17	21773753	21783465	ENSG00000283566	.	-	ENSG00000283566.2	120462
chr17	21904810	21905457	peak_2618	604	.	390.608337	5.496779	-1	318	chr17	21773753	21783465	ENSG00000283566	.	-	ENSG00000283566.2	121346
chr17	21906197	21906627	peak_2619	993	.	426.799255	7.007426	-1	153	chr17	21773753	21783465	ENSG00000283566	.	-	ENSG00000283566.2	122733
chr17	21907154	21907538	peak_2620	1000	.	459.595245	9.128480	-1	195	chr17	21773753	21783465	ENSG00000283566	.	-	ENSG00000283566.2	123690
chr17	21909952	21910528	peak_2621	1000	.	644.757141	7.215447	-1	144	chr17	21773753	21783465	ENSG00000283566	.	-	ENSG00000283566.2	126488
chr17	21910990	21911036	peak_2622	1000	.	224.118118	7.850579	-1	19	chr17	21773753	21783465	ENSG00000283566	.	-	ENSG00000283566.2	127526
chr17	21911198	21911561	peak_2623	1000	.	491.752319	5.836737	-1	280	chr17	21773753	21783465	ENSG00000283566	.	-	ENSG00000283566.2	127734
chr17	21911948	21912385	peak_2624	1000	.	476.525299	5.496779	-1	359	chr17	21773753	21783465	ENSG00000283566	.	-	ENSG00000283566.2	128484
chr17	21914927	21915768	peak_2625	611	.	513.820618	4.655616	-1	548	chr17	21773753	21783465	ENSG00000283566	.	-	ENSG00000283566.2	131463
chr17	21919055	21919194	peak_2626	1000	.	210.668045	6.280785	-1	21	chr17	21773753	21783465	ENSG00000283566	.	-	ENSG00000283566.2	135591
chr17	21919383	21919809	peak_2627	583	.	248.519501	5.309801	-1	401	chr17	21773753	21783465	ENSG00000283566	.	-	ENSG00000283566.2	135919
chr17	21920274	21920912	peak_2628	443	.	282.529114	3.776148	-1	443	chr17	22056586	22056755	ENSG00000265233	.	-	ENSG00000265233.1	135675
chr17	21921034	21921787	peak_2629	604	.	455.132050	7.593853	-1	529	chr17	22056586	22056755	ENSG00000265233	.	-	ENSG00000265233.1	134800
chr17	21922310	21922764	peak_2630	1000	.	613.509094	6.414886	-1	377	chr17	22056586	22056755	ENSG00000265233	.	-	ENSG00000265233.1	133823
chr17	21922982	21923303	peak_2631	1000	.	545.653503	7.007426	-1	109	chr17	22056586	22056755	ENSG00000265233	.	-	ENSG00000265233.1	133284
chr17	21923407	21923547	peak_2632	1000	.	242.016907	6.666107	-1	59	chr17	22056586	22056755	ENSG00000265233	.	-	ENSG00000265233.1	133040
chr17	21923681	21924055	peak_2633	805	.	300.973633	6.414886	-1	120	chr17	22056586	22056755	ENSG00000265233	.	-	ENSG00000265233.1	132532
chr17	21924648	21924931	peak_2634	1000	.	441.067841	7.503445	-1	201	chr17	22056586	22056755	ENSG00000265233	.	-	ENSG00000265233.1	131656
chr17	21925062	21925281	peak_2635	1000	.	301.636475	6.280785	-1	186	chr17	22056586	22056755	ENSG00000265233	.	-	ENSG00000265233.1	131306
chr17	21926339	21926485	peak_2636	1000	.	302.963257	9.072088	-1	34	chr17	22056586	22056755	ENSG00000265233	.	-	ENSG00000265233.1	130102
chr17	21926829	21927113	peak_2637	737	.	209.290985	5.992500	-1	145	chr17	22056586	22056755	ENSG00000265233	.	-	ENSG00000265233.1	129474
chr17	21928074	21928149	peak_2638	1000	.	224.880661	6.897870	-1	42	chr17	22056586	22056755	ENSG00000265233	.	-	ENSG00000265233.1	128438
chr17	21928294	21928531	peak_2639	860	.	203.922989	4.655616	-1	31	chr17	22056586	22056755	ENSG00000265233	.	-	ENSG00000265233.1	128056
chr17	21928643	21929071	peak_2640	741	.	317.043884	4.395352	-1	11	chr17	22056586	22056755	ENSG00000265233	.	-	ENSG00000265233.1	127516
chr17	21929311	21929463	peak_2641	1000	.	229.593185	6.897870	-1	114	chr17	22056586	22056755	ENSG00000265233	.	-	ENSG00000265233.1	127124
chr17	21930829	21931439	peak_2642	1000	.	696.921814	6.666107	-1	404	chr17	22056586	22056755	ENSG00000265233	.	-	ENSG00000265233.1	125148
chr17	21933396	21933850	peak_2643	589	.	267.562347	4.105179	-1	432	chr17	22056586	22056755	ENSG00000265233	.	-	ENSG00000265233.1	122737
chr17	21933958	21934476	peak_2644	621	.	321.814056	7.410364	-1	174	chr17	22056586	22056755	ENSG00000265233	.	-	ENSG00000265233.1	122111
chr17	21934658	21934988	peak_2645	715	.	235.856033	6.140231	-1	31	chr17	22056586	22056755	ENSG00000265233	.	-	ENSG00000265233.1	121599
chr17	21935272	21935526	peak_2646	970	.	246.486557	4.892064	-1	236	chr17	22056586	22056755	ENSG00000265233	.	-	ENSG00000265233.1	121061
chr17	21936216	21936962	peak_2647	462	.	344.931519	4.892064	-1	467	chr17	22056586	22056755	ENSG00000265233	.	-	ENSG00000265233.1	119625
chr17	21937679	21937877	peak_2648	1000	.	217.542908	5.992500	-1	23	chr17	22056586	22056755	ENSG00000265233	.	-	ENSG00000265233.1	118710
chr17	21938093	21938410	peak_2649	688	.	217.994156	4.892064	-1	305	chr17	22056586	22056755	ENSG00000265233	.	-	ENSG00000265233.1	118177
chr17	21938748	21938957	peak_2650	1000	.	209.251343	6.140231	-1	32	chr17	22056586	22056755	ENSG00000265233	.	-	ENSG00000265233.1	117630
chr17	21939562	21939834	peak_2651	1000	.	272.610840	5.309801	-1	132	chr17	22056586	22056755	ENSG00000265233	.	-	ENSG00000265233.1	116753
chr17	21940736	21940881	peak_2652	1000	.	234.089813	5.836737	-1	29	chr17	22056586	22056755	ENSG00000265233	.	-	ENSG00000265233.1	115706
chr17	21942104	21942337	peak_2653	1000	.	236.145554	5.496779	-1	19	chr17	22056586	22056755	ENSG00000265233	.	-	ENSG00000265233.1	114250
chr17	21943349	21943496	peak_2654	1000	.	211.053894	6.280785	-1	21	chr17	22056586	22056755	ENSG00000265233	.	-	ENSG00000265233.1	113091
chr17	21946700	21947065	peak_2655	900	.	328.664246	5.671912	-1	90	chr17	22056586	22056755	ENSG00000265233	.	-	ENSG00000265233.1	109522
chr17	21947702	21948497	peak_2656	912	.	725.143005	7.410364	-1	387	chr17	22056586	22056755	ENSG00000265233	.	-	ENSG00000265233.1	108090
chr17	21949007	21949312	peak_2657	1000	.	312.288025	6.543151	-1	83	chr17	22056586	22056755	ENSG00000265233	.	-	ENSG00000265233.1	107275
chr17	21950705	21950893	peak_2658	1000	.	270.504578	6.140231	-1	35	chr17	22056586	22056755	ENSG00000265233	.	-	ENSG00000265233.1	105694
chr17	21953709	21953900	peak_2659	1000	.	207.043839	5.309801	-1	137	chr17	22056586	22056755	ENSG00000265233	.	-	ENSG00000265233.1	102687
chr17	21954490	21955207	peak_2660	344	.	246.476242	4.892064	-1	551	chr17	22056586	22056755	ENSG00000265233	.	-	ENSG00000265233.1	101380
chr17	21956183	21956605	peak_2661	493	.	207.953308	3.776148	-1	391	chr17	22056586	22056755	ENSG00000265233	.	-	ENSG00000265233.1	99982
chr17	21956751	21957140	peak_2662	589	.	229.278244	4.105179	-1	348	chr17	22056586	22056755	ENSG00000265233	.	-	ENSG00000265233.1	99447
chr17	21957982	21958533	peak_2663	406	.	223.877762	3.776148	-1	222	chr17	22056586	22056755	ENSG00000265233	.	-	ENSG00000265233.1	98054
chr17	21958873	21959038	peak_2664	1000	.	233.513290	5.671912	-1	112	chr17	22056586	22056755	ENSG00000265233	.	-	ENSG00000265233.1	97549
chr17	21959184	21959322	peak_2665	1000	.	208.077072	4.892064	-1	29	chr17	22056586	22056755	ENSG00000265233	.	-	ENSG00000265233.1	97265
chr17	21960359	21960688	peak_2666	1000	.	749.261353	14.476603	-1	70	chr17	22056586	22056755	ENSG00000265233	.	-	ENSG00000265233.1	95899
chr17	21961806	21961926	peak_2667	1000	.	204.694351	7.113194	-1	91	chr17	22056586	22056755	ENSG00000265233	.	-	ENSG00000265233.1	94661
chr17	21962390	21962577	peak_2668	1000	.	281.662354	5.992500	-1	120	chr17	22056586	22056755	ENSG00000265233	.	-	ENSG00000265233.1	94010
chr17	21962873	21962983	peak_2669	1000	.	312.875214	7.314430	-1	44	chr17	22056586	22056755	ENSG00000265233	.	-	ENSG00000265233.1	93604
chr17	21964477	21965340	peak_2670	449	.	387.232147	5.671912	-1	572	chr17	22056586	22056755	ENSG00000265233	.	-	ENSG00000265233.1	91247
chr17	21966054	21966366	peak_2671	1000	.	490.490295	9.741835	-1	130	chr17	22056586	22056755	ENSG00000265233	.	-	ENSG00000265233.1	90221
chr17	21967285	21967440	peak_2672	1000	.	230.722076	7.215447	-1	121	chr17	22056586	22056755	ENSG00000265233	.	-	ENSG00000265233.1	89147
chr17	21967646	21967900	peak_2673	1000	.	332.509613	5.992500	-1	34	chr17	22056586	22056755	ENSG00000265233	.	-	ENSG00000265233.1	88687
chr17	21968719	21984547	peak_2674	1000	.	46365.105469	20.462948	-1	7753	chr17	22056586	22056755	ENSG00000265233	.	-	ENSG00000265233.1	72040
chr17	21985188	21985953	peak_2675	1000	.	2263.961182	14.236349	-1	208	chr17	22056586	22056755	ENSG00000265233	.	-	ENSG00000265233.1	70634
chr17	21986130	21991987	peak_2676	1000	.	15072.653320	16.828444	-1	2596	chr17	22056586	22056755	ENSG00000265233	.	-	ENSG00000265233.1	64600
chr17	22521367	22521489	peak_2677	1000	.	239.167267	7.113194	-1	28	chr17	22403911	22533354	ENSG00000310581	.	+	ENSG00000310581.1	0
chr17	23016262	23016309	peak_2678	1000	.	217.487244	7.593853	-1	23	chr17	22671411	22706711	ENSG00000293001	.	+	ENSG00000293001.2	309552
chr17	23221673	23221847	peak_2679	1000	.	241.204437	6.414886	-1	19	chr17	22671411	22706711	ENSG00000293001	.	+	ENSG00000293001.2	514963
chr17	24188142	24188190	peak_2680	1000	.	356.660370	10.894123	-1	25	chr17	22671411	22706711	ENSG00000293001	.	+	ENSG00000293001.2	1481432
chr17	24421439	24421485	peak_2681	1000	.	237.627762	8.088272	-1	23	chr17	22671411	22706711	ENSG00000293001	.	+	ENSG00000293001.2	1714729
chr17	24538960	24539539	peak_2682	749	.	433.790833	6.784213	-1	548	chr17	22671411	22706711	ENSG00000293001	.	+	ENSG00000293001.2	1832250
chr17	24823986	24824160	peak_2683	1000	.	268.926453	8.583626	-1	160	chr17	22671411	22706711	ENSG00000293001	.	+	ENSG00000293001.2	2117276
chr17	25074459	25074507	peak_2684	1000	.	210.569260	7.410364	-1	20	chr17	26981693	26982090	ENSG00000263433	.	+	ENSG00000263433.1	1907187
chr17	25383756	25383861	peak_2685	1000	.	372.964020	9.924512	-1	29	chr17	26981693	26982090	ENSG00000263433	.	+	ENSG00000263433.1	1597833
chr17	25483135	25483290	peak_2686	1000	.	246.149673	7.503445	-1	30	chr17	26981693	26982090	ENSG00000263433	.	+	ENSG00000263433.1	1498404
chr17	25569181	25569279	peak_2687	1000	.	349.189697	9.499280	-1	64	chr17	26981693	26982090	ENSG00000263433	.	+	ENSG00000263433.1	1412415
chr17	25788619	25788810	peak_2688	1000	.	462.369904	12.392111	-1	35	chr17	26981693	26982090	ENSG00000263433	.	+	ENSG00000263433.1	1192884
chr17	25920096	25920233	peak_2689	1000	.	647.236877	13.871623	-1	107	chr17	26981693	26982090	ENSG00000263433	.	+	ENSG00000263433.1	1061461
chr17	25975209	25975612	peak_2690	529	.	213.016388	4.395352	-1	24	chr17	26981693	26982090	ENSG00000263433	.	+	ENSG00000263433.1	1006082
chr17	26017424	26017472	peak_2691	1000	.	251.553848	8.309755	-1	23	chr17	26981693	26982090	ENSG00000263433	.	+	ENSG00000263433.1	964222
chr17	26098191	26098238	peak_2692	1000	.	291.587189	9.292295	-1	23	chr17	26981693	26982090	ENSG00000263433	.	+	ENSG00000263433.1	883456
chr17	26101577	26101628	peak_2693	1000	.	434.945770	12.415017	-1	25	chr17	26981693	26982090	ENSG00000263433	.	+	ENSG00000263433.1	880066
chr17	26299453	26299500	peak_2694	1000	.	217.256165	7.503445	-1	22	chr17	26981693	26982090	ENSG00000263433	.	+	ENSG00000263433.1	682194
chr17	26323632	26323943	peak_2695	688	.	213.966721	4.395352	-1	183	chr17	26981693	26982090	ENSG00000263433	.	+	ENSG00000263433.1	657751
chr17	26494643	26494688	peak_2696	1000	.	236.863281	8.088272	-1	22	chr17	26981693	26982090	ENSG00000263433	.	+	ENSG00000263433.1	487006
chr17	26567042	26567100	peak_2697	1000	.	312.395233	9.238552	-1	29	chr17	26981693	26982090	ENSG00000263433	.	+	ENSG00000263433.1	414594
chr17	26568755	26568805	peak_2698	1000	.	244.195648	8.163781	-1	31	chr17	26981693	26982090	ENSG00000263433	.	+	ENSG00000263433.1	412889
chr17	26594757	26594930	peak_2699	1000	.	351.065765	10.343987	-1	140	chr17	26981693	26982090	ENSG00000263433	.	+	ENSG00000263433.1	386764
chr17	26596408	26596458	peak_2700	1000	.	208.590836	7.314430	-1	24	chr17	26981693	26982090	ENSG00000263433	.	+	ENSG00000263433.1	385236
chr17	26603879	26603944	peak_2701	1000	.	559.930603	13.292227	-1	32	chr17	26981693	26982090	ENSG00000263433	.	+	ENSG00000263433.1	377750
chr17	26604222	26604281	peak_2702	1000	.	289.365021	8.648705	-1	29	chr17	26981693	26982090	ENSG00000263433	.	+	ENSG00000263433.1	377413
chr17	26619821	26619878	peak_2703	1000	.	375.219025	10.383363	-1	27	chr17	26981693	26982090	ENSG00000263433	.	+	ENSG00000263433.1	361816
chr17	26620175	26620214	peak_2704	1000	.	259.432312	8.956428	-1	22	chr17	26981693	26982090	ENSG00000263433	.	+	ENSG00000263433.1	361480
chr17	26625558	26625652	peak_2705	1000	.	245.273117	7.850579	-1	70	chr17	26981693	26982090	ENSG00000263433	.	+	ENSG00000263433.1	356042
chr17	26782886	26783299	peak_2706	1000	.	439.499512	6.897870	-1	147	chr17	26981693	26982090	ENSG00000263433	.	+	ENSG00000263433.1	198395
chr17	26783415	26783483	peak_2707	1000	.	512.609314	12.887901	-1	35	chr17	26981693	26982090	ENSG00000263433	.	+	ENSG00000263433.1	198211
chr17	26784021	26784428	peak_2708	1000	.	605.942505	7.314430	-1	126	chr17	26981693	26982090	ENSG00000263433	.	+	ENSG00000263433.1	197266
chr17	26784684	26785384	peak_2709	1000	.	718.544250	5.992500	-1	597	chr17	26981693	26982090	ENSG00000263433	.	+	ENSG00000263433.1	196310
chr17	26785506	26786869	peak_2710	860	.	1172.266479	6.784213	-1	646	chr17	26981693	26982090	ENSG00000263433	.	+	ENSG00000263433.1	194825
chr17	26787115	26787722	peak_2711	487	.	295.660828	4.892064	-1	259	chr17	26981693	26982090	ENSG00000263433	.	+	ENSG00000263433.1	193972
chr17	26788061	26788446	peak_2712	829	.	318.993622	5.496779	-1	32	chr17	26981693	26982090	ENSG00000263433	.	+	ENSG00000263433.1	193248
chr17	26788569	26788897	peak_2713	1000	.	421.510315	6.543151	-1	93	chr17	26981693	26982090	ENSG00000263433	.	+	ENSG00000263433.1	192797
chr17	26789492	26789736	peak_2714	887	.	216.372879	5.496779	-1	60	chr17	26981693	26982090	ENSG00000263433	.	+	ENSG00000263433.1	191958
chr17	26789919	26790362	peak_2715	954	.	422.809845	5.496779	-1	267	chr17	26981693	26982090	ENSG00000263433	.	+	ENSG00000263433.1	191332
chr17	26792328	26792768	peak_2716	962	.	423.359100	10.790506	-1	366	chr17	26981693	26982090	ENSG00000263433	.	+	ENSG00000263433.1	188926
chr17	26793719	26793950	peak_2717	938	.	216.781555	4.105179	-1	23	chr17	26981693	26982090	ENSG00000263433	.	+	ENSG00000263433.1	187744
chr17	26794173	26794328	peak_2718	1000	.	207.971130	6.280785	-1	27	chr17	26981693	26982090	ENSG00000263433	.	+	ENSG00000263433.1	187366
chr17	26794451	26795899	peak_2719	472	.	683.140320	5.992500	-1	459	chr17	26981693	26982090	ENSG00000263433	.	+	ENSG00000263433.1	185795
chr17	26796013	26796788	peak_2720	698	.	540.848450	6.543151	-1	346	chr17	26981693	26982090	ENSG00000263433	.	+	ENSG00000263433.1	184906
chr17	26797035	26797556	peak_2721	1000	.	545.306091	9.238552	-1	20	chr17	26981693	26982090	ENSG00000263433	.	+	ENSG00000263433.1	184138
chr17	26798498	26799166	peak_2722	616	.	411.658203	4.892064	-1	285	chr17	26981693	26982090	ENSG00000263433	.	+	ENSG00000263433.1	182528
chr17	26799560	26799821	peak_2723	1000	.	355.939148	6.414886	-1	161	chr17	26981693	26982090	ENSG00000263433	.	+	ENSG00000263433.1	181873
chr17	26799964	26800170	peak_2724	1000	.	212.969589	6.543151	-1	120	chr17	26981693	26982090	ENSG00000263433	.	+	ENSG00000263433.1	181524
chr17	26800415	26801189	peak_2725	617	.	477.935730	5.109050	-1	524	chr17	26981693	26982090	ENSG00000263433	.	+	ENSG00000263433.1	180505
chr17	26801507	26801951	peak_2726	1000	.	577.282043	8.237581	-1	34	chr17	26981693	26982090	ENSG00000263433	.	+	ENSG00000263433.1	179743
chr17	26802315	26802587	peak_2727	1000	.	451.139008	10.012437	-1	238	chr17	26981693	26982090	ENSG00000263433	.	+	ENSG00000263433.1	179107
chr17	26803188	26803935	peak_2728	732	.	546.859131	5.109050	-1	540	chr17	26981693	26982090	ENSG00000263433	.	+	ENSG00000263433.1	177759
chr17	26804051	26804850	peak_2729	518	.	413.915283	5.109050	-1	450	chr17	26981693	26982090	ENSG00000263433	.	+	ENSG00000263433.1	176844
chr17	26805835	26806434	peak_2730	588	.	352.119629	5.496779	-1	392	chr17	26981693	26982090	ENSG00000263433	.	+	ENSG00000263433.1	175260
chr17	26807453	26807745	peak_2731	1000	.	455.502167	5.836737	-1	263	chr17	26981693	26982090	ENSG00000263433	.	+	ENSG00000263433.1	173949
chr17	26807889	26809023	peak_2732	929	.	1053.491943	10.536724	-1	465	chr17	26981693	26982090	ENSG00000263433	.	+	ENSG00000263433.1	172671
chr17	26809127	26809339	peak_2733	1000	.	496.091888	13.085530	-1	112	chr17	26981693	26982090	ENSG00000263433	.	+	ENSG00000263433.1	172355
chr17	26809453	26810408	peak_2734	468	.	446.863586	4.655616	-1	146	chr17	26981693	26982090	ENSG00000263433	.	+	ENSG00000263433.1	171286
chr17	26810546	26810922	peak_2735	677	.	254.681946	3.776148	-1	310	chr17	26981693	26982090	ENSG00000263433	.	+	ENSG00000263433.1	170772
chr17	26811424	26811599	peak_2736	1000	.	264.495270	6.140231	-1	26	chr17	26981693	26982090	ENSG00000263433	.	+	ENSG00000263433.1	170095
chr17	26811759	26811906	peak_2737	1000	.	207.090576	4.892064	-1	63	chr17	26981693	26982090	ENSG00000263433	.	+	ENSG00000263433.1	169788
chr17	26812848	26812975	peak_2738	1000	.	253.516022	6.280785	-1	31	chr17	26981693	26982090	ENSG00000263433	.	+	ENSG00000263433.1	168719
chr17	26813081	26813555	peak_2739	731	.	346.357361	5.309801	-1	453	chr17	26981693	26982090	ENSG00000263433	.	+	ENSG00000263433.1	168139
chr17	26813666	26813850	peak_2740	1000	.	215.656372	4.655616	-1	159	chr17	26981693	26982090	ENSG00000263433	.	+	ENSG00000263433.1	167844
chr17	26814186	26815189	peak_2741	923	.	925.673340	7.314430	-1	859	chr17	26981693	26982090	ENSG00000263433	.	+	ENSG00000263433.1	166505
chr17	26815713	26816030	peak_2742	981	.	311.056396	6.784213	-1	235	chr17	26981693	26982090	ENSG00000263433	.	+	ENSG00000263433.1	165664
chr17	26816175	26817428	peak_2743	756	.	946.707764	7.113194	-1	28	chr17	26981693	26982090	ENSG00000263433	.	+	ENSG00000263433.1	164266
chr17	26817905	26819018	peak_2744	989	.	1100.202148	6.543151	-1	927	chr17	26981693	26982090	ENSG00000263433	.	+	ENSG00000263433.1	162676
chr17	26819878	26820032	peak_2745	1000	.	301.271729	7.007426	-1	46	chr17	26981693	26982090	ENSG00000263433	.	+	ENSG00000263433.1	161662
chr17	26820279	26820607	peak_2746	892	.	292.600525	5.496779	-1	245	chr17	26981693	26982090	ENSG00000263433	.	+	ENSG00000263433.1	161087
chr17	26822689	26823611	peak_2747	916	.	844.360962	6.784213	-1	656	chr17	26981693	26982090	ENSG00000263433	.	+	ENSG00000263433.1	158083
chr17	26823722	26824275	peak_2748	1000	.	678.282410	9.646818	-1	520	chr17	26981693	26982090	ENSG00000263433	.	+	ENSG00000263433.1	157419
chr17	26825138	26825701	peak_2749	831	.	467.822540	6.414886	-1	422	chr17	26981693	26982090	ENSG00000263433	.	+	ENSG00000263433.1	155993
chr17	26826005	26826284	peak_2750	1000	.	466.788635	10.683888	-1	85	chr17	26981693	26982090	ENSG00000263433	.	+	ENSG00000263433.1	155410
chr17	26826417	26827580	peak_2751	870	.	1011.309509	5.309801	-1	35	chr17	26981693	26982090	ENSG00000263433	.	+	ENSG00000263433.1	154114
chr17	26827747	26829310	peak_2752	1000	.	1923.567139	10.182039	-1	1031	chr17	26981693	26982090	ENSG00000263433	.	+	ENSG00000263433.1	152384
chr17	26829911	26830665	peak_2753	1000	.	1026.381958	6.280785	-1	545	chr17	26981693	26982090	ENSG00000263433	.	+	ENSG00000263433.1	151029
chr17	26830774	26831411	peak_2754	670	.	426.919739	4.655616	-1	385	chr17	26981693	26982090	ENSG00000263433	.	+	ENSG00000263433.1	150283
chr17	26831692	26831919	peak_2755	1000	.	278.452911	5.836737	-1	97	chr17	26981693	26982090	ENSG00000263433	.	+	ENSG00000263433.1	149775
chr17	26832339	26832667	peak_2756	1000	.	594.655640	13.693022	-1	28	chr17	26981693	26982090	ENSG00000263433	.	+	ENSG00000263433.1	149027
chr17	26832966	26833562	peak_2757	991	.	590.672913	7.215447	-1	324	chr17	26981693	26982090	ENSG00000263433	.	+	ENSG00000263433.1	148132
chr17	26834867	26835431	peak_2758	501	.	282.706482	4.395352	-1	25	chr17	26981693	26982090	ENSG00000263433	.	+	ENSG00000263433.1	146263
chr17	26835703	26836155	peak_2759	623	.	281.732666	4.892064	-1	343	chr17	26981693	26982090	ENSG00000263433	.	+	ENSG00000263433.1	145539
chr17	26837024	26837098	peak_2760	1000	.	228.659805	6.897870	-1	40	chr17	26981693	26982090	ENSG00000263433	.	+	ENSG00000263433.1	144596
chr17	26837252	26837860	peak_2761	717	.	436.110535	7.410364	-1	34	chr17	26981693	26982090	ENSG00000263433	.	+	ENSG00000263433.1	143834
chr17	26839114	26839868	peak_2762	932	.	702.405151	5.836737	-1	275	chr17	26981693	26982090	ENSG00000263433	.	+	ENSG00000263433.1	141826
chr17	26840055	26840408	peak_2763	863	.	304.516602	4.395352	-1	149	chr17	26981693	26982090	ENSG00000263433	.	+	ENSG00000263433.1	141286
chr17	26840510	26841128	peak_2764	1000	.	649.176331	11.402677	-1	423	chr17	26981693	26982090	ENSG00000263433	.	+	ENSG00000263433.1	140566
chr17	26841851	26842455	peak_2765	427	.	257.762085	5.109050	-1	388	chr17	26981693	26982090	ENSG00000263433	.	+	ENSG00000263433.1	139239
chr17	26842824	26843077	peak_2766	1000	.	317.808411	6.140231	-1	240	chr17	26981693	26982090	ENSG00000263433	.	+	ENSG00000263433.1	138617
chr17	26844082	26844522	peak_2767	854	.	375.742371	5.671912	-1	383	chr17	26981693	26982090	ENSG00000263433	.	+	ENSG00000263433.1	137172
chr17	26846565	26847171	peak_2768	982	.	595.062988	5.992500	-1	372	chr17	26981693	26982090	ENSG00000263433	.	+	ENSG00000263433.1	134523
chr17	26847602	26848248	peak_2769	601	.	388.041534	5.109050	-1	169	chr17	26981693	26982090	ENSG00000263433	.	+	ENSG00000263433.1	133446
chr17	26848700	26849584	peak_2770	347	.	307.047546	4.395352	-1	19	chr17	26981693	26982090	ENSG00000263433	.	+	ENSG00000263433.1	132110
chr17	26850003	26850741	peak_2771	763	.	563.349609	4.892064	-1	266	chr17	26981693	26982090	ENSG00000263433	.	+	ENSG00000263433.1	130953
chr17	26851092	26851399	peak_2772	686	.	210.496140	4.105179	-1	55	chr17	26981693	26982090	ENSG00000263433	.	+	ENSG00000263433.1	130295
chr17	26852059	26853444	peak_2773	736	.	1019.779053	6.543151	-1	813	chr17	26981693	26982090	ENSG00000263433	.	+	ENSG00000263433.1	128250
chr17	26853686	26853939	peak_2774	895	.	226.379990	4.892064	-1	126	chr17	26981693	26982090	ENSG00000263433	.	+	ENSG00000263433.1	127755
chr17	26854390	26854962	peak_2775	1000	.	980.961487	8.775187	-1	514	chr17	26981693	26982090	ENSG00000263433	.	+	ENSG00000263433.1	126732
chr17	26855089	26855359	peak_2776	804	.	217.040710	4.395352	-1	202	chr17	26981693	26982090	ENSG00000263433	.	+	ENSG00000263433.1	126335
chr17	26855488	26856001	peak_2777	955	.	489.982544	5.309801	-1	344	chr17	26981693	26982090	ENSG00000263433	.	+	ENSG00000263433.1	125693
chr17	26856102	26857054	peak_2778	1000	.	1037.206421	7.681748	-1	753	chr17	26981693	26982090	ENSG00000263433	.	+	ENSG00000263433.1	124640
chr17	26857450	26857806	peak_2779	959	.	341.421295	5.992500	-1	17	chr17	26981693	26982090	ENSG00000263433	.	+	ENSG00000263433.1	123888
chr17	26858638	26858939	peak_2780	925	.	278.456146	4.395352	-1	189	chr17	26981693	26982090	ENSG00000263433	.	+	ENSG00000263433.1	122755
chr17	26859164	26859417	peak_2781	1000	.	474.052124	6.897870	-1	34	chr17	26981693	26982090	ENSG00000263433	.	+	ENSG00000263433.1	122277
chr17	26861122	26861419	peak_2782	1000	.	305.948151	5.671912	-1	218	chr17	26981693	26982090	ENSG00000263433	.	+	ENSG00000263433.1	120275
chr17	26861633	26862504	peak_2783	1000	.	882.598877	6.414886	-1	851	chr17	26981693	26982090	ENSG00000263433	.	+	ENSG00000263433.1	119190
chr17	26862630	26863244	peak_2784	906	.	556.322327	5.309801	-1	413	chr17	26981693	26982090	ENSG00000263433	.	+	ENSG00000263433.1	118450
chr17	26863396	26863851	peak_2785	887	.	403.425690	5.309801	-1	427	chr17	26981693	26982090	ENSG00000263433	.	+	ENSG00000263433.1	117843
chr17	26864595	26864964	peak_2786	1000	.	371.431396	8.163781	-1	220	chr17	26981693	26982090	ENSG00000263433	.	+	ENSG00000263433.1	116730
chr17	26865095	26865554	peak_2787	741	.	340.153290	7.007426	-1	223	chr17	26981693	26982090	ENSG00000263433	.	+	ENSG00000263433.1	116140
chr17	26866096	26866645	peak_2788	476	.	261.501526	4.105179	-1	485	chr17	26981693	26982090	ENSG00000263433	.	+	ENSG00000263433.1	115049
chr17	26866771	26867114	peak_2789	650	.	222.829269	4.655616	-1	203	chr17	26981693	26982090	ENSG00000263433	.	+	ENSG00000263433.1	114580
chr17	26867415	26867861	peak_2790	1000	.	538.288391	5.836737	-1	157	chr17	26981693	26982090	ENSG00000263433	.	+	ENSG00000263433.1	113833
chr17	26868356	26868976	peak_2791	923	.	572.558533	8.712543	-1	537	chr17	26981693	26982090	ENSG00000263433	.	+	ENSG00000263433.1	112718
chr17	26869340	26869769	peak_2792	854	.	366.193024	6.543151	-1	115	chr17	26981693	26982090	ENSG00000263433	.	+	ENSG00000263433.1	111925
chr17	26869917	26870297	peak_2793	897	.	341.029114	5.496779	-1	148	chr17	26981693	26982090	ENSG00000263433	.	+	ENSG00000263433.1	111397
chr17	26870422	26870592	peak_2794	1000	.	274.270203	7.503445	-1	126	chr17	26981693	26982090	ENSG00000263433	.	+	ENSG00000263433.1	111102
chr17	26870693	26871787	peak_2795	944	.	1032.271240	9.128480	-1	34	chr17	26981693	26982090	ENSG00000263433	.	+	ENSG00000263433.1	109907
chr17	26872292	26872545	peak_2796	1000	.	417.559723	6.543151	-1	220	chr17	26981693	26982090	ENSG00000263433	.	+	ENSG00000263433.1	109149
chr17	26872999	26874009	peak_2797	476	.	480.794373	4.395352	-1	311	chr17	26981693	26982090	ENSG00000263433	.	+	ENSG00000263433.1	107685
chr17	26874175	26874520	peak_2798	660	.	227.816742	4.655616	-1	75	chr17	26981693	26982090	ENSG00000263433	.	+	ENSG00000263433.1	107174
chr17	26875412	26875744	peak_2799	904	.	300.088562	7.850579	-1	86	chr17	26981693	26982090	ENSG00000263433	.	+	ENSG00000263433.1	105950
chr17	26875898	26876686	peak_2800	454	.	357.535339	5.309801	-1	303	chr17	26981693	26982090	ENSG00000263433	.	+	ENSG00000263433.1	105008
chr17	26877066	26878344	peak_2801	934	.	1193.627686	10.343987	-1	59	chr17	26981693	26982090	ENSG00000263433	.	+	ENSG00000263433.1	103350
chr17	26878885	26879372	peak_2802	1000	.	578.516541	5.496779	-1	364	chr17	26981693	26982090	ENSG00000263433	.	+	ENSG00000263433.1	102322
chr17	26879475	26879872	peak_2803	974	.	386.516937	5.496779	-1	270	chr17	26981693	26982090	ENSG00000263433	.	+	ENSG00000263433.1	101822
chr17	26881278	26881538	peak_2804	1000	.	472.558960	9.646818	-1	85	chr17	26981693	26982090	ENSG00000263433	.	+	ENSG00000263433.1	100156
chr17	26881989	26882134	peak_2805	1000	.	281.759399	8.010967	-1	28	chr17	26981693	26982090	ENSG00000263433	.	+	ENSG00000263433.1	99560
chr17	26883979	26884370	peak_2806	1000	.	477.982605	8.775187	-1	257	chr17	26981693	26982090	ENSG00000263433	.	+	ENSG00000263433.1	97324
chr17	26885067	26885980	peak_2807	1000	.	1751.075928	10.574075	-1	699	chr17	26981693	26982090	ENSG00000263433	.	+	ENSG00000263433.1	95714
chr17	26936020	26936452	peak_2808	1000	.	801.434326	6.666107	-1	203	chr17	26981693	26982090	ENSG00000263433	.	+	ENSG00000263433.1	45242
chr17	26936581	26936910	peak_2809	1000	.	676.350403	9.397332	-1	271	chr17	26981693	26982090	ENSG00000263433	.	+	ENSG00000263433.1	44784
chr17	26937044	26940929	peak_2810	1000	.	4810.899414	7.931771	-1	2726	chr17	26981693	26982090	ENSG00000263433	.	+	ENSG00000263433.1	40765
chr17	28065816	28066338	peak_2811	441	.	230.312759	4.105179	-1	502	chr17	28041708	28196381	NLK	.	+	ENSG00000087095.15	0
chr17	31549782	31550575	peak_2812	1000	.	918.865601	6.414886	-1	426	chr17	31548984	31549709	ENSG00000300349	.	-	ENSG00000300349.1	74
chr17	38751664	38752111	peak_2813	631	.	282.048981	4.105179	-1	361	chr17	38733064	38752555	PCGF2	.	-	ENSG00000277258.7	0
chr17	38751664	38752111	peak_2813	631	.	282.048981	4.105179	-1	361	chr17	38749274	38751773	ENSG00000277182	.	+	ENSG00000277182.3	0
chr17	38852993	38853417	peak_2814	544	.	230.766785	3.776148	-1	391	chr17	38847859	38868644	RPL23	.	-	ENSG00000125691.17	0
chr17	38852993	38853417	peak_2814	544	.	230.766785	3.776148	-1	391	chr17	38852862	38852994	SNORA21	.	-	ENSG00000199293.1	0
chr17	38867460	38868007	peak_2815	846	.	462.935547	4.892064	-1	334	chr17	38847859	38868644	RPL23	.	-	ENSG00000125691.17	0
chr17	38868822	38869739	peak_2816	751	.	688.989868	5.992500	-1	524	chr17	38869184	38921771	LASP1	.	+	ENSG00000002834.21	0
chr17	39153451	39154866	peak_2817	1000	.	2722.980225	6.784213	-1	1092	chr17	39063312	39154394	PLXDC1	.	-	ENSG00000161381.16	0
chr17	41633611	41633802	peak_2818	1000	.	245.938354	4.655616	-1	29	chr17	41626317	41666609	KRT42P	.	-	ENSG00000290861.2	0
chr17	41633611	41633802	peak_2818	1000	.	245.938354	4.655616	-1	29	chr17	41626535	41634106	KRT42P	.	-	ENSG00000214514.9	0
chr17	41847939	41848158	peak_2819	917	.	200.793152	4.655616	-1	24	chr17	41835684	41848384	KLHL10	.	+	ENSG00000161594.8	0
chr17	41870180	41870500	peak_2820	728	.	232.829803	4.395352	-1	269	chr17	41865513	41871000	ENSG00000298152	.	+	ENSG00000298152.1	0
chr17	41870180	41870500	peak_2820	728	.	232.829803	4.395352	-1	269	chr17	41866915	41930551	ACLY	.	-	ENSG00000131473.19	0
chr17	43233953	43234656	peak_2821	362	.	254.755219	3.776148	-1	608	chr17	43216940	43305397	CCDC200	.	-	ENSG00000236383.10	0
chr17	43233953	43234656	peak_2821	362	.	254.755219	3.776148	-1	608	chr17	43233789	43233977	RNU2-1	.	-	ENSG00000274585.2	0
chr17	43233953	43234656	peak_2821	362	.	254.755219	3.776148	-1	608	chr17	43234299	43236453	ENSG00000310782	.	+	ENSG00000310782.1	0
chr17	43238250	43238658	peak_2822	782	.	319.005310	4.395352	-1	357	chr17	43216940	43305397	CCDC200	.	-	ENSG00000236383.10	0
chr17	43238781	43239438	peak_2823	528	.	347.097473	4.105179	-1	172	chr17	43216940	43305397	CCDC200	.	-	ENSG00000236383.10	0
chr17	43244490	43244936	peak_2824	770	.	343.540955	4.395352	-1	381	chr17	43216940	43305397	CCDC200	.	-	ENSG00000236383.10	0
chr17	43250115	43251117	peak_2825	678	.	679.782410	4.105179	-1	815	chr17	43216940	43305397	CCDC200	.	-	ENSG00000236383.10	0
chr17	43251591	43252055	peak_2826	970	.	449.879974	7.681748	-1	113	chr17	43216940	43305397	CCDC200	.	-	ENSG00000236383.10	0
chr17	43251591	43252055	peak_2826	970	.	449.879974	7.681748	-1	113	chr17	43251828	43252019	U2	.	-	ENSG00000278048.1	0
chr17	43255056	43255474	peak_2827	892	.	372.735474	5.496779	-1	186	chr17	43216940	43305397	CCDC200	.	-	ENSG00000236383.10	0
chr17	43264377	43264664	peak_2828	762	.	218.658127	4.105179	-1	71	chr17	43216940	43305397	CCDC200	.	-	ENSG00000236383.10	0
chr17	43264870	43266055	peak_2829	605	.	716.560913	5.109050	-1	587	chr17	43216940	43305397	CCDC200	.	-	ENSG00000236383.10	0
chr17	43271993	43272508	peak_2830	773	.	397.878571	4.892064	-1	144	chr17	43216940	43305397	CCDC200	.	-	ENSG00000236383.10	0
chr17	43273657	43274054	peak_2831	542	.	215.228607	3.776148	-1	278	chr17	43216940	43305397	CCDC200	.	-	ENSG00000236383.10	0
chr17	43273657	43274054	peak_2831	542	.	215.228607	3.776148	-1	278	chr17	43273642	43275364	ENSG00000310787	.	+	ENSG00000310787.1	0
chr17	43281684	43282271	peak_2832	353	.	206.949036	4.395352	-1	349	chr17	43216940	43305397	CCDC200	.	-	ENSG00000236383.10	0
chr17	43282431	43284065	peak_2833	437	.	714.156006	4.105179	-1	892	chr17	43216940	43305397	CCDC200	.	-	ENSG00000236383.10	0
chr17	43288039	43288348	peak_2834	820	.	253.301559	4.105179	-1	225	chr17	43216940	43305397	CCDC200	.	-	ENSG00000236383.10	0
chr17	43288594	43289761	peak_2835	473	.	552.411194	3.776148	-1	265	chr17	43216940	43305397	CCDC200	.	-	ENSG00000236383.10	0
chr17	43294793	43295841	peak_2836	407	.	426.141052	4.105179	-1	415	chr17	43216940	43305397	CCDC200	.	-	ENSG00000236383.10	0
chr17	43295982	43297012	peak_2837	251	.	258.568390	4.105179	-1	355	chr17	43216940	43305397	CCDC200	.	-	ENSG00000236383.10	0
chr17	43295982	43297012	peak_2837	251	.	258.568390	4.105179	-1	355	chr17	43296424	43296615	U2	.	-	ENSG00000275219.1	0
chr17	43295982	43297012	peak_2837	251	.	258.568390	4.105179	-1	355	chr17	43296933	43298147	ENSG00000310791	.	+	ENSG00000310791.1	0
chr17	43299654	43300254	peak_2838	434	.	260.519012	3.776148	-1	392	chr17	43216940	43305397	CCDC200	.	-	ENSG00000236383.10	0
chr17	43299654	43300254	peak_2838	434	.	260.519012	3.776148	-1	392	chr17	43300040	43300231	U2	.	-	ENSG00000278591.1	0
chr17	43322796	43323810	peak_2839	488	.	495.116455	4.655616	-1	662	chr17	43315144	43318133	ENSG00000304661	.	+	ENSG00000304661.1	4664
chr17	49192194	49192898	peak_2840	1000	.	1018.053467	5.496779	-1	310	chr17	49202790	49210610	GNGT2	.	-	ENSG00000167083.9	9893
chr17	50024002	50024461	peak_2841	472	.	216.539917	4.105179	-1	181	chr17	49996785	50016844	ENSG00000248172	.	+	ENSG00000248172.2	7159
chr17	53105765	53106383	peak_2842	1000	.	782.234558	6.140231	-1	253	chr17	53105733	53106358	MTCO1P40	.	+	ENSG00000262902.1	0
chr17	57436485	57436872	peak_2843	546	.	211.239319	4.395352	-1	79	chr17	57255850	57684689	MSI2	.	+	ENSG00000153944.14	0
chr17	57956351	57957020	peak_2844	424	.	283.951294	3.776148	-1	114	chr17	57955964	57956143	ENSG00000278642	.	+	ENSG00000278642.1	209
chr17	58343648	58343989	peak_2845	815	.	278.082092	4.395352	-1	170	chr17	58324471	58415766	TSPOAP1-AS1	.	+	ENSG00000265148.8	0
chr17	59154202	59155027	peak_2846	253	.	208.612869	3.776148	-1	297	chr17	59109856	59155260	SKA2	.	-	ENSG00000182628.15	0
chr17	65173787	65174253	peak_2847	758	.	353.335052	4.105179	-1	433	chr17	65100811	65227703	RGS9	.	+	ENSG00000108370.19	0
chr17	65970231	65970450	peak_2848	931	.	203.788971	3.776148	-1	201	chr17	65635536	66192251	CEP112	.	-	ENSG00000154240.20	0
chr17	66531405	66531708	peak_2849	700	.	211.981598	4.655616	-1	214	chr17	66302566	66810743	PRKCA	.	+	ENSG00000154229.14	0
chr17	68019550	68020300	peak_2850	1000	.	1235.468384	6.897870	-1	331	chr17	68020110	68021239	ENSG00000310066	.	+	ENSG00000310066.1	0
chr17	73594468	73594847	peak_2851	758	.	287.252930	4.892064	-1	180	chr17	73334383	73645257	SDK2	.	-	ENSG00000069188.18	0
chr17	74379485	74380034	peak_2852	413	.	226.549225	3.776148	-1	190	chr17	74380241	74382012	ENSG00000302723	.	+	ENSG00000302723.1	208
chr17	75033650	75034237	peak_2853	531	.	311.606903	4.655616	-1	315	chr17	75032574	75065889	KCTD2	.	+	ENSG00000180901.11	0
chr17	75034347	75034614	peak_2854	1000	.	328.499756	5.836737	-1	95	chr17	75032574	75065889	KCTD2	.	+	ENSG00000180901.11	0
chr17	75034763	75035446	peak_2855	864	.	590.210083	5.496779	-1	332	chr17	75032574	75065889	KCTD2	.	+	ENSG00000180901.11	0
chr17	77127675	77128291	peak_2856	419	.	257.873688	4.105179	-1	455	chr17	77088748	77217101	SEC14L1	.	+	ENSG00000129657.18	0
chr17	78653406	78653928	peak_2857	477	.	249.248718	4.105179	-1	20	chr17	78647423	78650130	ENSG00000309113	.	-	ENSG00000309113.1	3277
chr17	78708901	78709502	peak_2858	421	.	252.733597	3.776148	-1	131	chr17	78674047	78782329	CYTH1	.	-	ENSG00000108669.20	0
chr17	78708901	78709502	peak_2858	421	.	252.733597	3.776148	-1	131	chr17	78707286	78714516	ENSG00000294365	.	-	ENSG00000294365.1	0
chr17	79619857	79620428	peak_2859	379	.	216.681915	3.394254	-1	442	chr17	79089344	79611317	RBFOX3	.	-	ENSG00000167281.22	8541
chr17	80590118	80590552	peak_2860	475	.	206.119339	4.105179	-1	417	chr17	80544818	80966371	RPTOR	.	+	ENSG00000141564.16	0
chr17	80634017	80635053	peak_2861	673	.	696.722107	4.655616	-1	846	chr17	80544818	80966371	RPTOR	.	+	ENSG00000141564.16	0
chr17	81207646	81207989	peak_2862	612	.	209.806259	4.105179	-1	259	chr17	81189582	81223014	CEP131	.	-	ENSG00000141577.16	0
chr17	81531128	81531951	peak_2863	536	.	441.342896	4.655616	-1	497	chr17	81528371	81542415	FSCN2	.	+	ENSG00000186765.13	0
chr17	82281622	82281966	peak_2864	883	.	303.719177	4.395352	-1	115	chr17	82273733	82279645	ENSG00000287737	.	+	ENSG00000287737.4	1978
chr17	82494505	82495055	peak_2865	1000	.	1302.847412	6.666107	-1	156	chr17	82458179	82490542	NARF	.	+	ENSG00000141562.21	3964
chr17	82671992	82672412	peak_2866	989	.	415.430634	4.655616	-1	391	chr17	82654542	82698734	RAB40B	.	-	ENSG00000141542.13	0
chr18	10007	10618	peak_2867	1000	.	1028.229248	7.931771	-1	119	chr18	11102	44206	LINC02564	.	+	ENSG00000262352.3	485
chr18	63689	63787	peak_2868	1000	.	217.362915	5.109050	-1	21	chr18	47220	73545	TUBB8B	.	-	ENSG00000173213.11	0
chr18	106077	111595	peak_2869	1000	.	13189.195312	11.519731	-1	2139	chr18	95662	141973	ROCK1P1	.	+	ENSG00000290877.2	0
chr18	106077	111595	peak_2869	1000	.	13189.195312	11.519731	-1	2139	chr18	102057	106169	ENSG00000298499	.	-	ENSG00000298499.1	0
chr18	112156	112512	peak_2870	1000	.	419.440063	5.109050	-1	302	chr18	95662	141973	ROCK1P1	.	+	ENSG00000290877.2	0
chr18	112156	112512	peak_2870	1000	.	419.440063	5.109050	-1	302	chr18	112255	112339	MIR8078	.	-	ENSG00000277521.1	0
chr18	392014	392896	peak_2871	334	.	294.211639	3.394254	-1	197	chr18	316736	500748	COLEC12	.	-	ENSG00000158270.14	0
chr18	644323	644787	peak_2872	554	.	257.287903	4.655616	-1	55	chr18	596982	650334	CLUL1	.	+	ENSG00000079101.19	0
chr18	644323	644787	peak_2872	554	.	257.287903	4.655616	-1	55	chr18	630885	658352	TYMSOS	.	-	ENSG00000176912.8	0
chr18	667396	667746	peak_2873	728	.	254.844009	4.105179	-1	326	chr18	657126	676613	TYMS	.	+	ENSG00000176890.18	0
chr18	667396	667746	peak_2873	728	.	254.844009	4.105179	-1	326	chr18	667670	712722	ENOSF1	.	-	ENSG00000132199.22	0
chr18	854576	855017	peak_2874	482	.	212.749435	3.776148	-1	407	chr18	856525	857045	ENSG00000264179	.	+	ENSG00000264179.1	1509
chr18	9916143	9916586	peak_2875	481	.	213.272064	4.105179	-1	195	chr18	9913915	9960021	VAPA	.	+	ENSG00000101558.16	0
chr18	12736239	12736786	peak_2876	448	.	244.998489	4.395352	-1	149	chr18	12738964	12750068	ENSG00000266961	.	-	ENSG00000266961.1	2179
chr18	12938962	12939711	peak_2877	439	.	328.735474	3.776148	-1	393	chr18	12934515	12947724	ENSG00000303517	.	-	ENSG00000303517.1	0
chr18	16431008	16431139	peak_2878	1000	.	224.301193	5.836737	-1	34	chr18	15313555	15330513	ENSG00000290522	.	-	ENSG00000290522.2	1100496
chr18	20561622	20562405	peak_2879	728	.	569.986938	5.309801	-1	304	chr18	20944611	21111882	ROCK1	.	-	ENSG00000067900.10	382207
chr18	20579307	20579572	peak_2880	899	.	238.220795	4.655616	-1	149	chr18	20944611	21111882	ROCK1	.	-	ENSG00000067900.10	365040
chr18	20587054	20587521	peak_2881	661	.	308.493561	4.892064	-1	187	chr18	20944611	21111882	ROCK1	.	-	ENSG00000067900.10	357091
chr18	20938750	20939587	peak_2882	423	.	354.388855	4.105179	-1	586	chr18	20944611	21111882	ROCK1	.	-	ENSG00000067900.10	5025
chr18	34978969	34979413	peak_2883	483	.	214.515625	4.105179	-1	414	chr18	34976927	35143470	MAPRE2	.	+	ENSG00000166974.15	0
chr18	36451206	36451506	peak_2884	729	.	218.670746	4.395352	-1	113	chr18	36297243	36780220	FHOD3	.	+	ENSG00000134775.18	0
chr18	46053683	46054103	peak_2885	620	.	260.216675	4.395352	-1	214	chr18	45983535	46072367	PSTPIP2	.	-	ENSG00000152229.20	0
chr18	46546203	46546639	peak_2886	1000	.	451.920685	5.496779	-1	189	chr18	46476970	46657220	LOXHD1	.	-	ENSG00000167210.18	0
chr18	46964868	46965394	peak_2887	478	.	251.521408	4.395352	-1	420	chr18	46917179	47103478	KATNAL2	.	+	ENSG00000167216.21	0
chr18	46965627	46966548	peak_2888	629	.	579.183472	4.892064	-1	684	chr18	46917179	47103478	KATNAL2	.	+	ENSG00000167216.21	0
chr18	46966667	46968084	peak_2889	305	.	432.511444	3.776148	-1	853	chr18	46917179	47103478	KATNAL2	.	+	ENSG00000167216.21	0
chr18	47021278	47021950	peak_2890	340	.	228.404938	4.105179	-1	284	chr18	46917179	47103478	KATNAL2	.	+	ENSG00000167216.21	0
chr18	47024425	47026130	peak_2891	553	.	943.364502	4.892064	-1	430	chr18	46917179	47103478	KATNAL2	.	+	ENSG00000167216.21	0
chr18	47026669	47027304	peak_2892	719	.	456.433319	4.395352	-1	606	chr18	46917179	47103478	KATNAL2	.	+	ENSG00000167216.21	0
chr18	47030229	47030854	peak_2893	374	.	233.504990	3.776148	-1	461	chr18	46917179	47103478	KATNAL2	.	+	ENSG00000167216.21	0
chr18	47853273	47853508	peak_2894	1000	.	262.285706	7.007426	-1	34	chr18	47808956	47931569	SMAD2	.	-	ENSG00000175387.18	0
chr18	47853273	47853508	peak_2894	1000	.	262.285706	7.007426	-1	34	chr18	47853232	47853457	MTCO2P2	.	-	ENSG00000267541.1	0
chr18	49052790	49053359	peak_2895	414	.	235.676636	4.892064	-1	196	chr18	49036386	49461347	DYM	.	-	ENSG00000141627.16	0
chr18	52792718	52792875	peak_2896	1000	.	599.145264	8.449522	-1	121	chr18	52340196	53535899	DCC	.	+	ENSG00000187323.13	0
chr18	57024515	57024897	peak_2897	562	.	214.574127	4.105179	-1	173	chr18	56651247	57029811	WDR7	.	+	ENSG00000091157.16	0
chr18	57642286	57642906	peak_2898	370	.	229.110397	3.394254	-1	48	chr18	57629869	57738678	ATP8B1-AS1	.	+	ENSG00000267040.9	0
chr18	63091302	63092449	peak_2899	652	.	747.410706	4.655616	-1	928	chr18	62991816	63128437	ENSG00000299452	.	+	ENSG00000299452.1	0
chr18	63099692	63100371	peak_2900	345	.	234.564713	3.394254	-1	444	chr18	62991816	63128437	ENSG00000299452	.	+	ENSG00000299452.1	0
chr18	74616747	74617188	peak_2901	1000	.	541.929504	5.496779	-1	406	chr18	74597847	75065671	ZNF407	.	+	ENSG00000215421.12	0
chr18	75086245	75086639	peak_2902	581	.	228.843628	4.892064	-1	277	chr18	75086367	75086514	ENSG00000283452	.	+	ENSG00000283452.1	0
chr18	76896319	76897171	peak_2903	435	.	371.043488	4.655616	-1	215	chr18	76822366	76972901	ZNF236	.	+	ENSG00000130856.19	0
chr18	78134815	78135407	peak_2904	555	.	328.441010	4.105179	-1	286	chr18	78137222	78140887	ENSG00000266213	.	+	ENSG00000266213.1	1816
chr18	78238413	78238605	peak_2905	1000	.	234.924744	5.496779	-1	159	chr18	78238708	78243695	ENSG00000296646	.	+	ENSG00000296646.1	104
chr18	78437508	78438272	peak_2906	657	.	501.700134	4.105179	-1	378	chr18	78480548	78484867	ENSG00000265644	.	+	ENSG00000265644.2	42277
chr18	78916334	78916771	peak_2907	482	.	210.781738	3.776148	-1	58	chr18	78908628	78918993	ENSG00000266586	.	-	ENSG00000266586.1	0
chr18	79618637	79619369	peak_2908	329	.	240.532547	3.776148	-1	587	chr18	79610745	79615586	ENSG00000267409	.	+	ENSG00000267409.2	3052
chr18	80262893	80263257	peak_2909	1000	.	850.594360	6.543151	-1	99	chr18	80157231	80247594	PARD6G	.	-	ENSG00000178184.17	15300
chr19	381549	382287	peak_2910	318	.	234.782288	3.394254	-1	18	chr19	374419	387548	ENSG00000286667	.	+	ENSG00000286667.2	0
chr19	893129	893798	peak_2911	993	.	664.455994	5.496779	-1	544	chr19	867629	893222	MED16	.	-	ENSG00000175221.18	0
chr19	893129	893798	peak_2911	993	.	664.455994	5.496779	-1	544	chr19	893483	893590	RNU6-9	.	+	ENSG00000207507.1	0
chr19	1021312	1021961	peak_2912	1000	.	1094.874634	6.897870	-1	322	chr19	1021515	1021883	ENSG00000301067	.	+	ENSG00000301067.1	0
chr19	1021312	1021961	peak_2912	1000	.	1094.874634	6.897870	-1	322	chr19	1021521	1021628	RNU6-2	.	+	ENSG00000207357.1	0
chr19	1383093	1383916	peak_2913	1000	.	1178.509766	6.543151	-1	543	chr19	1383526	1395590	NDUFS7	.	+	ENSG00000115286.23	0
chr19	2148452	2149021	peak_2914	573	.	326.124207	4.395352	-1	301	chr19	2100981	2164468	AP3D1	.	-	ENSG00000065000.22	0
chr19	2614398	2614949	peak_2915	493	.	271.413879	4.105179	-1	35	chr19	2511213	2702727	GNG7	.	-	ENSG00000176533.15	0
chr19	4723801	4724968	peak_2916	1000	.	2088.632568	6.140231	-1	337	chr19	4674340	4724673	DPP9	.	-	ENSG00000142002.21	0
chr19	4723801	4724968	peak_2916	1000	.	2088.632568	6.140231	-1	337	chr19	4723904	4725530	ENSG00000303840	.	+	ENSG00000303840.1	0
chr19	4878793	4879257	peak_2917	461	.	213.841385	4.105179	-1	33	chr19	4838333	4867717	PLIN3	.	-	ENSG00000105355.11	11077
chr19	5790161	5790686	peak_2918	519	.	272.537903	5.309801	-1	231	chr19	5784831	5791225	DUS3L	.	-	ENSG00000141994.18	0
chr19	6532237	6532732	peak_2919	476	.	235.572815	4.395352	-1	114	chr19	6530984	6535926	TNFSF9	.	+	ENSG00000125657.6	0
chr19	6663304	6663560	peak_2920	786	.	201.294785	4.395352	-1	234	chr19	6658084	6670621	TNFSF14	.	-	ENSG00000125735.14	0
chr19	7450307	7451134	peak_2921	1000	.	1710.935669	7.503445	-1	653	chr19	7348930	7472485	ARHGEF18	.	+	ENSG00000104880.20	0
chr19	8004468	8004956	peak_2922	422	.	205.852402	4.395352	-1	78	chr19	7958572	8006062	ELAVL1	.	-	ENSG00000066044.17	0
chr19	10836679	10837524	peak_2923	361	.	305.441986	4.395352	-1	192	chr19	10836566	10869796	C19orf38	.	+	ENSG00000214212.11	0
chr19	12461312	12461724	peak_2924	511	.	210.341492	4.655616	-1	26	chr19	12433102	12484816	ENSG00000269755	.	-	ENSG00000269755.1	0
chr19	12461312	12461724	peak_2924	511	.	210.341492	4.655616	-1	26	chr19	12461183	12513854	ZNF709	.	-	ENSG00000242852.9	0
chr19	12461312	12461724	peak_2924	511	.	210.341492	4.655616	-1	26	chr19	12461558	12551474	ENSG00000196826	.	-	ENSG00000196826.7	0
chr19	12839094	12839700	peak_2925	480	.	291.015167	3.776148	-1	344	chr19	12762639	12872740	HOOK2	.	-	ENSG00000095066.14	0
chr19	12839094	12839700	peak_2925	480	.	291.015167	3.776148	-1	344	chr19	12833859	12874952	MAST1	.	+	ENSG00000105613.11	0
chr19	15197992	15198433	peak_2926	521	.	229.581299	4.892064	-1	371	chr19	15159037	15201004	NOTCH3	.	-	ENSG00000074181.11	0
chr19	15933904	15934059	peak_2927	1000	.	221.996643	4.655616	-1	26	chr19	15912366	15934933	CYP4F11	.	-	ENSG00000171903.19	0
chr19	19138370	19138823	peak_2928	478	.	216.648743	4.395352	-1	275	chr19	19119147	19138513	TMEM161A	.	-	ENSG00000064545.17	0
chr19	24366770	24367179	peak_2929	490	.	200.570419	4.105179	-1	373	chr19	24033404	24179008	ZNF254	.	+	ENSG00000213096.12	187763
chr19	24893817	24894024	peak_2930	1000	.	222.687317	5.671912	-1	156	chr19	24033404	24179008	ZNF254	.	+	ENSG00000213096.12	714810
chr19	24922473	24923364	peak_2931	445	.	396.242065	4.655616	-1	762	chr19	24033404	24179008	ZNF254	.	+	ENSG00000213096.12	743466
chr19	24924659	24925388	peak_2932	282	.	205.401627	3.776148	-1	34	chr19	24033404	24179008	ZNF254	.	+	ENSG00000213096.12	745652
chr19	24943392	24943891	peak_2933	410	.	204.462448	4.395352	-1	384	chr19	24033404	24179008	ZNF254	.	+	ENSG00000213096.12	764385
chr19	24954461	24954947	peak_2934	442	.	214.852173	3.776148	-1	117	chr19	24033404	24179008	ZNF254	.	+	ENSG00000213096.12	775454
chr19	24956138	24957655	peak_2935	230	.	349.535095	3.394254	-1	437	chr19	24033404	24179008	ZNF254	.	+	ENSG00000213096.12	777131
chr19	24968777	24969278	peak_2936	461	.	231.144211	4.655616	-1	219	chr19	24033404	24179008	ZNF254	.	+	ENSG00000213096.12	789770
chr19	24974096	24974595	peak_2937	437	.	218.204285	4.105179	-1	344	chr19	24033404	24179008	ZNF254	.	+	ENSG00000213096.12	795089
chr19	24985521	24986127	peak_2938	337	.	204.315216	3.776148	-1	193	chr19	24033404	24179008	ZNF254	.	+	ENSG00000213096.12	806514
chr19	24998850	24999379	peak_2939	380	.	201.104858	3.776148	-1	256	chr19	24033404	24179008	ZNF254	.	+	ENSG00000213096.12	819843
chr19	25001521	25001866	peak_2940	696	.	239.981689	4.655616	-1	24	chr19	24033404	24179008	ZNF254	.	+	ENSG00000213096.12	822514
chr19	25012838	25013495	peak_2941	334	.	219.450058	3.776148	-1	189	chr19	24033404	24179008	ZNF254	.	+	ENSG00000213096.12	833831
chr19	25050212	25051055	peak_2942	273	.	229.809753	3.394254	-1	250	chr19	24033404	24179008	ZNF254	.	+	ENSG00000213096.12	871205
chr19	25069915	25070285	peak_2943	544	.	201.197571	4.105179	-1	247	chr19	24033404	24179008	ZNF254	.	+	ENSG00000213096.12	890908
chr19	25079708	25080334	peak_2944	448	.	280.651825	4.105179	-1	437	chr19	24033404	24179008	ZNF254	.	+	ENSG00000213096.12	900701
chr19	25082952	25083502	peak_2945	375	.	206.491348	3.776148	-1	247	chr19	24033404	24179008	ZNF254	.	+	ENSG00000213096.12	903945
chr19	25084061	25084875	peak_2946	278	.	226.402466	3.776148	-1	561	chr19	24033404	24179008	ZNF254	.	+	ENSG00000213096.12	905054
chr19	25086982	25087272	peak_2947	829	.	240.351456	4.655616	-1	26	chr19	24033404	24179008	ZNF254	.	+	ENSG00000213096.12	907975
chr19	25096638	25097236	peak_2948	435	.	260.034180	3.776148	-1	492	chr19	24033404	24179008	ZNF254	.	+	ENSG00000213096.12	917631
chr19	25105584	25105928	peak_2949	712	.	244.894073	4.395352	-1	9	chr19	24033404	24179008	ZNF254	.	+	ENSG00000213096.12	926577
chr19	25106113	25107195	peak_2950	368	.	398.366821	3.776148	-1	974	chr19	24033404	24179008	ZNF254	.	+	ENSG00000213096.12	927106
chr19	25156620	25157309	peak_2951	432	.	297.855621	4.395352	-1	199	chr19	24033404	24179008	ZNF254	.	+	ENSG00000213096.12	977613
chr19	25161604	25161941	peak_2952	608	.	205.046661	4.105179	-1	77	chr19	24033404	24179008	ZNF254	.	+	ENSG00000213096.12	982597
chr19	25182342	25183048	peak_2953	362	.	255.418518	4.395352	-1	678	chr19	24033404	24179008	ZNF254	.	+	ENSG00000213096.12	1003335
chr19	25195584	25196348	peak_2954	322	.	246.142334	4.105179	-1	31	chr19	24033404	24179008	ZNF254	.	+	ENSG00000213096.12	1016577
chr19	25203519	25204724	peak_2955	422	.	508.960571	5.109050	-1	1017	chr19	24033404	24179008	ZNF254	.	+	ENSG00000213096.12	1024512
chr19	25223676	25223999	peak_2956	693	.	223.880066	4.105179	-1	224	chr19	24033404	24179008	ZNF254	.	+	ENSG00000213096.12	1044669
chr19	25249065	25250096	peak_2957	216	.	222.750687	3.394254	-1	29	chr19	24033404	24179008	ZNF254	.	+	ENSG00000213096.12	1070058
chr19	25263461	25263755	peak_2958	741	.	217.784164	4.655616	-1	73	chr19	24033404	24179008	ZNF254	.	+	ENSG00000213096.12	1084454
chr19	25282237	25282767	peak_2959	538	.	284.966187	3.776148	-1	84	chr19	24033404	24179008	ZNF254	.	+	ENSG00000213096.12	1103230
chr19	25284680	25285405	peak_2960	334	.	242.482971	4.105179	-1	29	chr19	24033404	24179008	ZNF254	.	+	ENSG00000213096.12	1105673
chr19	25303039	25303652	peak_2961	423	.	259.369354	6.140231	-1	34	chr19	24033404	24179008	ZNF254	.	+	ENSG00000213096.12	1124032
chr19	25309547	25310332	peak_2962	448	.	351.326263	4.395352	-1	463	chr19	24033404	24179008	ZNF254	.	+	ENSG00000213096.12	1130540
chr19	25312539	25312996	peak_2963	601	.	274.436707	3.776148	-1	237	chr19	24033404	24179008	ZNF254	.	+	ENSG00000213096.12	1133532
chr19	25377341	25377717	peak_2964	661	.	248.450867	4.395352	-1	341	chr19	24033404	24179008	ZNF254	.	+	ENSG00000213096.12	1198334
chr19	25402554	25403024	peak_2965	560	.	263.043213	4.892064	-1	415	chr19	24033404	24179008	ZNF254	.	+	ENSG00000213096.12	1223547
chr19	25410571	25410919	peak_2966	622	.	216.313644	4.105179	-1	195	chr19	24033404	24179008	ZNF254	.	+	ENSG00000213096.12	1231564
chr19	25415283	25415805	peak_2967	424	.	221.493286	4.395352	-1	223	chr19	24033404	24179008	ZNF254	.	+	ENSG00000213096.12	1236276
chr19	25416702	25417150	peak_2968	491	.	220.138229	4.395352	-1	354	chr19	24033404	24179008	ZNF254	.	+	ENSG00000213096.12	1237695
chr19	25439185	25439581	peak_2969	540	.	213.666519	3.776148	-1	99	chr19	24033404	24179008	ZNF254	.	+	ENSG00000213096.12	1260178
chr19	25551917	25552811	peak_2970	383	.	342.279022	5.109050	-1	472	chr19	24033404	24179008	ZNF254	.	+	ENSG00000213096.12	1372910
chr19	25574935	25575501	peak_2971	468	.	264.855347	4.105179	-1	122	chr19	24033404	24179008	ZNF254	.	+	ENSG00000213096.12	1395928
chr19	25583698	25583993	peak_2972	701	.	206.769485	4.655616	-1	32	chr19	24033404	24179008	ZNF254	.	+	ENSG00000213096.12	1404691
chr19	25593258	25593808	peak_2973	431	.	237.280502	4.395352	-1	148	chr19	24033404	24179008	ZNF254	.	+	ENSG00000213096.12	1414251
chr19	25601146	25601234	peak_2974	1000	.	264.235626	7.410364	-1	35	chr19	24033404	24179008	ZNF254	.	+	ENSG00000213096.12	1422139
chr19	25630847	25631630	peak_2975	326	.	255.183746	3.776148	-1	585	chr19	24033404	24179008	ZNF254	.	+	ENSG00000213096.12	1451840
chr19	25654817	25655213	peak_2976	696	.	275.709503	4.105179	-1	289	chr19	24033404	24179008	ZNF254	.	+	ENSG00000213096.12	1475810
chr19	25655640	25656503	peak_2977	292	.	251.676636	3.394254	-1	408	chr19	24033404	24179008	ZNF254	.	+	ENSG00000213096.12	1476633
chr19	25669833	25670136	peak_2978	844	.	255.642014	4.105179	-1	56	chr19	24033404	24179008	ZNF254	.	+	ENSG00000213096.12	1490826
chr19	25730364	25731018	peak_2979	441	.	288.373749	5.109050	-1	363	chr19	24033404	24179008	ZNF254	.	+	ENSG00000213096.12	1551357
chr19	25744106	25744563	peak_2980	605	.	276.284302	4.655616	-1	219	chr19	24033404	24179008	ZNF254	.	+	ENSG00000213096.12	1565099
chr19	25760645	25761485	peak_2981	364	.	305.436920	3.776148	-1	659	chr19	24033404	24179008	ZNF254	.	+	ENSG00000213096.12	1581638
chr19	25761841	25762650	peak_2982	360	.	291.289917	3.776148	-1	28	chr19	24033404	24179008	ZNF254	.	+	ENSG00000213096.12	1582834
chr19	25793986	25795133	peak_2983	196	.	225.028809	3.394254	-1	341	chr19	24033404	24179008	ZNF254	.	+	ENSG00000213096.12	1614979
chr19	25798886	25799632	peak_2984	273	.	203.701553	3.776148	-1	239	chr19	24033404	24179008	ZNF254	.	+	ENSG00000213096.12	1619879
chr19	25827837	25828229	peak_2985	575	.	225.489349	4.105179	-1	287	chr19	24033404	24179008	ZNF254	.	+	ENSG00000213096.12	1648830
chr19	25842895	25843300	peak_2986	528	.	213.886002	4.105179	-1	57	chr19	24033404	24179008	ZNF254	.	+	ENSG00000213096.12	1663888
chr19	25892779	25893240	peak_2987	438	.	201.856827	4.105179	-1	377	chr19	24033404	24179008	ZNF254	.	+	ENSG00000213096.12	1713772
chr19	25904429	25904635	peak_2988	1000	.	231.122864	4.105179	-1	180	chr19	24033404	24179008	ZNF254	.	+	ENSG00000213096.12	1725422
chr19	25930937	25931473	peak_2989	517	.	276.958649	4.105179	-1	313	chr19	27638482	27646483	ERVK-28	.	-	ENSG00000267696.6	1707010
chr19	25935389	25935832	peak_2990	517	.	229.102158	3.776148	-1	23	chr19	27638482	27646483	ERVK-28	.	-	ENSG00000267696.6	1702651
chr19	25939828	25940300	peak_2991	552	.	260.507904	4.892064	-1	134	chr19	27638482	27646483	ERVK-28	.	-	ENSG00000267696.6	1698183
chr19	25940889	25941473	peak_2992	357	.	208.768707	3.394254	-1	439	chr19	27638482	27646483	ERVK-28	.	-	ENSG00000267696.6	1697010
chr19	25945930	25946256	peak_2993	661	.	215.549316	4.105179	-1	191	chr19	27638482	27646483	ERVK-28	.	-	ENSG00000267696.6	1692227
chr19	25963462	25963828	peak_2994	1000	.	398.040619	4.655616	-1	153	chr19	27638482	27646483	ERVK-28	.	-	ENSG00000267696.6	1674655
chr19	25998429	25998920	peak_2995	768	.	376.976532	4.892064	-1	392	chr19	27638482	27646483	ERVK-28	.	-	ENSG00000267696.6	1639563
chr19	26002709	26003056	peak_2996	670	.	232.659088	4.395352	-1	174	chr19	27638482	27646483	ERVK-28	.	-	ENSG00000267696.6	1635427
chr19	26050889	26051837	peak_2997	342	.	324.513824	3.776148	-1	822	chr19	27638482	27646483	ERVK-28	.	-	ENSG00000267696.6	1586646
chr19	26083272	26083433	peak_2998	1000	.	200.134918	4.892064	-1	75	chr19	27638482	27646483	ERVK-28	.	-	ENSG00000267696.6	1555050
chr19	26112687	26113255	peak_2999	759	.	430.857269	4.892064	-1	151	chr19	27638482	27646483	ERVK-28	.	-	ENSG00000267696.6	1525228
chr19	26133370	26133779	peak_3000	589	.	241.071701	3.776148	-1	321	chr19	27638482	27646483	ERVK-28	.	-	ENSG00000267696.6	1504704
chr19	26196622	26196853	peak_3001	876	.	202.276932	4.105179	-1	35	chr19	27638482	27646483	ERVK-28	.	-	ENSG00000267696.6	1441630
chr19	26213682	26214105	peak_3002	492	.	208.248108	4.105179	-1	285	chr19	27638482	27646483	ERVK-28	.	-	ENSG00000267696.6	1424378
chr19	26242881	26243510	peak_3003	341	.	214.355408	4.105179	-1	387	chr19	27638482	27646483	ERVK-28	.	-	ENSG00000267696.6	1394973
chr19	26272958	26273234	peak_3004	873	.	240.899887	4.105179	-1	210	chr19	27638482	27646483	ERVK-28	.	-	ENSG00000267696.6	1365249
chr19	26286034	26286326	peak_3005	816	.	238.176270	5.496779	-1	34	chr19	27638482	27646483	ERVK-28	.	-	ENSG00000267696.6	1352157
chr19	26363545	26363868	peak_3006	632	.	203.984695	4.892064	-1	244	chr19	27638482	27646483	ERVK-28	.	-	ENSG00000267696.6	1274615
chr19	26364961	26365218	peak_3007	966	.	248.368393	4.892064	-1	53	chr19	27638482	27646483	ERVK-28	.	-	ENSG00000267696.6	1273265
chr19	26381174	26381799	peak_3008	352	.	219.786179	4.655616	-1	426	chr19	27638482	27646483	ERVK-28	.	-	ENSG00000267696.6	1256684
chr19	26403981	26404552	peak_3009	667	.	380.700287	4.892064	-1	467	chr19	27638482	27646483	ERVK-28	.	-	ENSG00000267696.6	1233931
chr19	26418086	26418966	peak_3010	509	.	447.703491	5.496779	-1	229	chr19	27638482	27646483	ERVK-28	.	-	ENSG00000267696.6	1219517
chr19	26422115	26422629	peak_3011	442	.	226.990631	3.394254	-1	194	chr19	27638482	27646483	ERVK-28	.	-	ENSG00000267696.6	1215854
chr19	26424101	26424794	peak_3012	303	.	210.006531	3.394254	-1	280	chr19	27638482	27646483	ERVK-28	.	-	ENSG00000267696.6	1213689
chr19	26443829	26444172	peak_3013	809	.	277.603149	4.655616	-1	20	chr19	27638482	27646483	ERVK-28	.	-	ENSG00000267696.6	1194311
chr19	26459919	26460391	peak_3014	485	.	228.953445	6.280785	-1	450	chr19	27638482	27646483	ERVK-28	.	-	ENSG00000267696.6	1178092
chr19	26474371	26475126	peak_3015	550	.	415.624146	4.395352	-1	120	chr19	27638482	27646483	ERVK-28	.	-	ENSG00000267696.6	1163357
chr19	26522633	26523186	peak_3016	498	.	275.119934	4.655616	-1	518	chr19	27638482	27646483	ERVK-28	.	-	ENSG00000267696.6	1115297
chr19	26535838	26536268	peak_3017	548	.	235.769928	4.105179	-1	148	chr19	27638482	27646483	ERVK-28	.	-	ENSG00000267696.6	1102215
chr19	26542161	26542374	peak_3018	989	.	210.663147	4.892064	-1	115	chr19	27638482	27646483	ERVK-28	.	-	ENSG00000267696.6	1096109
chr19	26630592	26630993	peak_3019	711	.	285.091125	4.395352	-1	233	chr19	27638482	27646483	ERVK-28	.	-	ENSG00000267696.6	1007490
chr19	26631511	26632130	peak_3020	393	.	243.240158	3.776148	-1	222	chr19	27638482	27646483	ERVK-28	.	-	ENSG00000267696.6	1006353
chr19	26633817	26634196	peak_3021	528	.	200.287460	4.395352	-1	309	chr19	27638482	27646483	ERVK-28	.	-	ENSG00000267696.6	1004287
chr19	26665112	26665748	peak_3022	415	.	263.917358	4.105179	-1	256	chr19	27638482	27646483	ERVK-28	.	-	ENSG00000267696.6	972735
chr19	26693465	26693860	peak_3023	628	.	247.872543	4.892064	-1	293	chr19	27638482	27646483	ERVK-28	.	-	ENSG00000267696.6	944623
chr19	26701894	26702373	peak_3024	476	.	228.126450	4.655616	-1	276	chr19	27638482	27646483	ERVK-28	.	-	ENSG00000267696.6	936110
chr19	26702641	26703252	peak_3025	349	.	213.120102	3.776148	-1	338	chr19	27638482	27646483	ERVK-28	.	-	ENSG00000267696.6	935231
chr19	26723411	26723890	peak_3026	453	.	216.953812	4.655616	-1	234	chr19	27638482	27646483	ERVK-28	.	-	ENSG00000267696.6	914593
chr19	26732470	26732975	peak_3027	520	.	262.423920	4.892064	-1	78	chr19	27638482	27646483	ERVK-28	.	-	ENSG00000267696.6	905508
chr19	26792490	26792830	peak_3028	656	.	223.127213	4.655616	-1	233	chr19	27638482	27646483	ERVK-28	.	-	ENSG00000267696.6	845653
chr19	26801481	26802162	peak_3029	481	.	327.656891	4.105179	-1	404	chr19	27638482	27646483	ERVK-28	.	-	ENSG00000267696.6	836321
chr19	26826143	26826559	peak_3030	761	.	316.413147	4.892064	-1	384	chr19	27638482	27646483	ERVK-28	.	-	ENSG00000267696.6	811924
chr19	26845254	26845906	peak_3031	393	.	256.232849	3.776148	-1	298	chr19	27638482	27646483	ERVK-28	.	-	ENSG00000267696.6	792577
chr19	26861641	26862198	peak_3032	368	.	205.250137	4.655616	-1	417	chr19	27638482	27646483	ERVK-28	.	-	ENSG00000267696.6	776285
chr19	26904613	26905411	peak_3033	315	.	251.434174	3.394254	-1	185	chr19	27638482	27646483	ERVK-28	.	-	ENSG00000267696.6	733072
chr19	26906393	26906911	peak_3034	405	.	209.767700	4.105179	-1	499	chr19	27638482	27646483	ERVK-28	.	-	ENSG00000267696.6	731572
chr19	26907730	26908201	peak_3035	524	.	246.934418	4.105179	-1	181	chr19	27638482	27646483	ERVK-28	.	-	ENSG00000267696.6	730282
chr19	26917056	26917570	peak_3036	432	.	221.804214	4.395352	-1	171	chr19	27638482	27646483	ERVK-28	.	-	ENSG00000267696.6	720913
chr19	26924230	26924709	peak_3037	525	.	251.700195	4.395352	-1	60	chr19	27638482	27646483	ERVK-28	.	-	ENSG00000267696.6	713774
chr19	26967460	26967979	peak_3038	404	.	209.823486	3.776148	-1	246	chr19	27638482	27646483	ERVK-28	.	-	ENSG00000267696.6	670504
chr19	26973708	26974435	peak_3039	334	.	242.900192	3.776148	-1	493	chr19	27638482	27646483	ERVK-28	.	-	ENSG00000267696.6	664048
chr19	27002286	27002942	peak_3040	587	.	385.346558	4.395352	-1	305	chr19	27638482	27646483	ERVK-28	.	-	ENSG00000267696.6	635541
chr19	27012456	27012929	peak_3041	452	.	213.988022	3.776148	-1	191	chr19	27638482	27646483	ERVK-28	.	-	ENSG00000267696.6	625554
chr19	27020460	27020684	peak_3042	898	.	201.071274	4.655616	-1	121	chr19	27638482	27646483	ERVK-28	.	-	ENSG00000267696.6	617799
chr19	27047678	27048079	peak_3043	814	.	326.280762	4.892064	-1	126	chr19	27638482	27646483	ERVK-28	.	-	ENSG00000267696.6	590404
chr19	27054003	27054490	peak_3044	431	.	209.688217	4.105179	-1	372	chr19	27638482	27646483	ERVK-28	.	-	ENSG00000267696.6	583993
chr19	27078317	27078924	peak_3045	341	.	206.890381	3.776148	-1	390	chr19	27638482	27646483	ERVK-28	.	-	ENSG00000267696.6	559559
chr19	27095604	27096330	peak_3046	309	.	224.648376	4.395352	-1	522	chr19	27638482	27646483	ERVK-28	.	-	ENSG00000267696.6	542153
chr19	27113247	27113766	peak_3047	435	.	225.982727	3.776148	-1	27	chr19	27638482	27646483	ERVK-28	.	-	ENSG00000267696.6	524717
chr19	27120293	27120616	peak_3048	754	.	243.482330	3.776148	-1	198	chr19	27638482	27646483	ERVK-28	.	-	ENSG00000267696.6	517867
chr19	27146493	27146979	peak_3049	583	.	283.154205	6.784213	-1	368	chr19	27638482	27646483	ERVK-28	.	-	ENSG00000267696.6	491504
chr19	27154743	27155418	peak_3050	388	.	262.087189	4.105179	-1	176	chr19	27638482	27646483	ERVK-28	.	-	ENSG00000267696.6	483065
chr19	27156890	27157692	peak_3051	446	.	357.644012	4.395352	-1	260	chr19	27638482	27646483	ERVK-28	.	-	ENSG00000267696.6	480791
chr19	27166780	27167331	peak_3052	374	.	205.944260	3.776148	-1	467	chr19	27638482	27646483	ERVK-28	.	-	ENSG00000267696.6	471152
chr19	27176378	27176718	peak_3053	650	.	220.889801	5.109050	-1	220	chr19	27638482	27646483	ERVK-28	.	-	ENSG00000267696.6	461765
chr19	27184264	27185002	peak_3054	606	.	446.901581	4.655616	-1	302	chr19	27638482	27646483	ERVK-28	.	-	ENSG00000267696.6	453481
chr19	27395220	27395908	peak_3055	315	.	216.787247	3.776148	-1	575	chr19	27638482	27646483	ERVK-28	.	-	ENSG00000267696.6	242575
chr19	29420249	29420607	peak_3056	561	.	200.965759	4.655616	-1	326	chr19	29286591	29529156	VSTM2B-DT	.	-	ENSG00000264515.8	0
chr19	29671340	29671944	peak_3057	347	.	209.362885	3.776148	-1	396	chr19	29665397	29675497	PLEKHF1	.	+	ENSG00000166289.8	0
chr19	31329069	31329778	peak_3058	334	.	236.791367	3.394254	-1	476	chr19	31149978	31349814	TSHZ3	.	-	ENSG00000121297.9	0
chr19	33176850	33177476	peak_3059	1000	.	1040.435059	6.414886	-1	83	chr19	33171502	33176942	ENSG00000289378	.	-	ENSG00000289378.2	0
chr19	33250095	33250878	peak_3060	353	.	276.705841	3.776148	-1	176	chr19	33238330	33249413	ENSG00000299313	.	-	ENSG00000299313.1	683
chr19	36489059	36489263	peak_3061	1000	.	225.464188	4.655616	-1	93	chr19	36445118	36489902	ZNF566	.	-	ENSG00000186017.18	0
chr19	36850722	36851642	peak_3062	279	.	257.117310	3.776148	-1	825	chr19	36816903	36850797	ZNF790	.	-	ENSG00000197863.11	0
chr19	36850722	36851642	peak_3062	279	.	257.117310	3.776148	-1	825	chr19	36850337	36913029	ZNF345	.	+	ENSG00000251247.15	0
chr19	36850722	36851642	peak_3062	279	.	257.117310	3.776148	-1	825	chr19	36850857	36998682	ENSG00000291239	.	+	ENSG00000291239.1	0
chr19	39411886	39412301	peak_3063	718	.	298.027740	3.776148	-1	360	chr19	39412098	39413407	ENSG00000307861	.	-	ENSG00000307861.1	0
chr19	40379885	40380155	peak_3064	847	.	228.702728	4.395352	-1	28	chr19	40348452	40389472	PLD3	.	+	ENSG00000105223.23	0
chr19	40379885	40380155	peak_3064	847	.	228.702728	4.395352	-1	28	chr19	40379270	40390181	HIPK4	.	-	ENSG00000160396.9	0
chr19	40778958	40779476	peak_3065	387	.	200.234985	4.105179	-1	35	chr19	40771647	40796943	MIA-RAB4B	.	+	ENSG00000268975.2	0
chr19	40778958	40779476	peak_3065	387	.	200.234985	4.105179	-1	35	chr19	40778190	40798690	RAB4B	.	+	ENSG00000167578.20	0
chr19	40778958	40779476	peak_3065	387	.	200.234985	4.105179	-1	35	chr19	40778241	40808418	RAB4B-EGLN2	.	+	ENSG00000171570.11	0
chr19	44411331	44411755	peak_3066	856	.	362.972961	5.671912	-1	148	chr19	44392438	44448452	ENSG00000267188	.	-	ENSG00000267188.1	0
chr19	44411331	44411755	peak_3066	856	.	362.972961	5.671912	-1	148	chr19	44409479	44426559	ENSG00000302595	.	+	ENSG00000302595.2	0
chr19	44456955	44457782	peak_3067	521	.	431.105896	5.109050	-1	304	chr19	44417518	44448578	ZNF229	.	-	ENSG00000278318.7	8378
chr19	45478195	45479033	peak_3068	761	.	637.372009	5.109050	-1	488	chr19	45407332	45479055	ERCC1	.	-	ENSG00000012061.19	0
chr19	47241581	47242005	peak_3069	510	.	216.237457	4.105179	-1	23	chr19	47238266	47244349	ENSG00000289915	.	-	ENSG00000289915.2	0
chr19	48512720	48513280	peak_3070	548	.	306.691742	4.395352	-1	28	chr19	48485270	48513935	LMTK3	.	-	ENSG00000142235.14	0
chr19	49488048	49488836	peak_3071	268	.	211.330109	3.394254	-1	152	chr19	49487509	49493057	RPL13A	.	+	ENSG00000142541.20	0
chr19	50134166	50134671	peak_3072	436	.	220.325027	4.105179	-1	124	chr19	50095887	50148304	ENSG00000287001	.	-	ENSG00000287001.4	0
chr19	50705829	50706225	peak_3073	544	.	215.356720	4.892064	-1	31	chr19	50659254	50719802	SHANK1	.	-	ENSG00000161681.18	0
chr19	55434564	55435184	peak_3074	574	.	356.014740	4.892064	-1	207	chr19	55428739	55452900	SHISA7	.	-	ENSG00000187902.14	0
chr19	55448242	55449101	peak_3075	470	.	403.736298	4.655616	-1	379	chr19	55428739	55452900	SHISA7	.	-	ENSG00000187902.14	0
chr19	56404612	56404924	peak_3076	657	.	204.950806	4.655616	-1	234	chr19	56397965	56436035	ZNF583	.	+	ENSG00000198440.11	0
chr19	57692740	57693274	peak_3077	427	.	227.962280	4.395352	-1	318	chr19	57681968	57717397	ZNF551	.	+	ENSG00000204519.12	0
chr19	57692740	57693274	peak_3077	427	.	227.962280	4.395352	-1	318	chr19	57682044	57753575	ENSG00000269026	.	+	ENSG00000269026.2	0
chr19	58607536	58607614	peak_3078	1000	.	335.972504	7.931771	-1	43	chr19	58558590	58605223	MZF1-AS1	.	+	ENSG00000267858.9	2314
chr2	133645	134103	peak_298	605	.	277.102722	4.395352	-1	327	chr2	142582	168067	ENSG00000300907	.	+	ENSG00000300907.1	8480
chr2	389127	390278	peak_299	511	.	588.195374	4.892064	-1	46	chr2	317822	422312	LINC01865	.	+	ENSG00000233684.4	0
chr2	438505	438915	peak_300	591	.	242.487701	3.776148	-1	341	chr2	446606	451015	ENSG00000293856	.	+	ENSG00000293856.1	7692
chr2	584791	585769	peak_301	227	.	222.400406	3.394254	-1	654	chr2	578613	583909	ENSG00000307370	.	-	ENSG00000307370.1	883
chr2	666049	666515	peak_302	477	.	222.238480	4.105179	-1	30	chr2	663876	677470	TMEM18	.	-	ENSG00000151353.18	0
chr2	728402	728919	peak_303	493	.	254.884933	4.395352	-1	24	chr2	690573	731224	ENSG00000227713	.	-	ENSG00000227713.3	0
chr2	909667	910278	peak_304	1000	.	637.896606	5.309801	-1	185	chr2	869145	949955	ENSG00000298835	.	+	ENSG00000298835.1	0
chr2	1114395	1114728	peak_305	789	.	262.579773	4.892064	-1	277	chr2	950815	1367613	SNTG2	.	+	ENSG00000172554.14	0
chr2	1154822	1155075	peak_306	794	.	200.854813	4.105179	-1	224	chr2	950815	1367613	SNTG2	.	+	ENSG00000172554.14	0
chr2	1281138	1281558	peak_307	477	.	200.148468	4.105179	-1	310	chr2	950815	1367613	SNTG2	.	+	ENSG00000172554.14	0
chr2	1595325	1595873	peak_308	739	.	405.155701	4.395352	-1	98	chr2	1447967	1620113	LALTOP	.	-	ENSG00000228613.2	0
chr2	1595974	1596976	peak_309	594	.	595.377075	4.655616	-1	388	chr2	1447967	1620113	LALTOP	.	-	ENSG00000228613.2	0
chr2	1597124	1597985	peak_310	694	.	597.831848	5.309801	-1	93	chr2	1447967	1620113	LALTOP	.	-	ENSG00000228613.2	0
chr2	1679260	1680256	peak_311	367	.	365.306641	4.105179	-1	496	chr2	1630843	1744852	PXDN	.	-	ENSG00000130508.13	0
chr2	1779970	1780600	peak_312	366	.	230.742538	4.655616	-1	380	chr2	1773021	1784297	ENSG00000298587	.	-	ENSG00000298587.1	0
chr2	2573610	2574335	peak_313	421	.	305.148010	4.655616	-1	572	chr2	2571846	2613522	ENSG00000290112	.	-	ENSG00000290112.2	0
chr2	3110160	3110873	peak_314	457	.	326.085236	4.655616	-1	324	chr2	2893568	3147934	LINC01250	.	-	ENSG00000234423.3	0
chr2	3137640	3138414	peak_315	396	.	306.296753	3.776148	-1	743	chr2	2893568	3147934	LINC01250	.	-	ENSG00000234423.3	0
chr2	3180293	3181357	peak_316	1000	.	1315.150879	6.897870	-1	827	chr2	3156427	3186513	ENSG00000303747	.	-	ENSG00000303747.1	0
chr2	3219500	3219985	peak_317	450	.	218.098404	4.105179	-1	449	chr2	3188254	3377879	EIPR1	.	-	ENSG00000032389.15	0
chr2	3221030	3221694	peak_318	952	.	632.203308	4.655616	-1	127	chr2	3188254	3377879	EIPR1	.	-	ENSG00000032389.15	0
chr2	3269157	3269958	peak_319	537	.	429.779388	4.892064	-1	102	chr2	3188254	3377879	EIPR1	.	-	ENSG00000032389.15	0
chr2	3377156	3377734	peak_320	422	.	243.691345	3.776148	-1	440	chr2	3188254	3377879	EIPR1	.	-	ENSG00000032389.15	0
chr2	3377156	3377734	peak_320	422	.	243.691345	3.776148	-1	440	chr2	3377403	3379569	ENSG00000303764	.	+	ENSG00000303764.1	0
chr2	3527741	3528153	peak_321	847	.	349.149048	5.109050	-1	252	chr2	3519274	3524094	ENSG00000235078	.	+	ENSG00000235078.2	3648
chr2	4973966	4974190	peak_322	1000	.	285.671112	5.496779	-1	33	chr2	5001172	5006667	ENSG00000306011	.	+	ENSG00000306011.1	26983
chr2	5022529	5022943	peak_323	555	.	229.790070	3.776148	-1	342	chr2	5001172	5006667	ENSG00000306011	.	+	ENSG00000306011.1	15863
chr2	5509427	5510390	peak_324	380	.	366.404175	3.776148	-1	34	chr2	5539585	5550310	ENSG00000308951	.	+	ENSG00000308951.1	29196
chr2	8397845	8398281	peak_325	846	.	368.756439	4.892064	-1	232	chr2	7922424	8595477	LINC00299	.	-	ENSG00000236790.8	0
chr2	10518146	10518302	peak_326	1000	.	205.589172	4.655616	-1	49	chr2	10497558	10501231	ENSG00000307162	.	-	ENSG00000307162.1	16916
chr2	10953609	10954164	peak_327	688	.	381.676758	4.395352	-1	373	chr2	10957129	10961442	ENSG00000302613	.	-	ENSG00000302613.1	2966
chr2	16394944	16395300	peak_328	763	.	271.734802	6.140231	-1	192	chr2	16354219	16455129	ENSG00000224400	.	+	ENSG00000224400.6	0
chr2	27050320	27051520	peak_329	1000	.	3045.068848	7.503445	-1	448	chr2	27042363	27070622	AGBL5	.	+	ENSG00000084693.18	0
chr2	32916229	32916630	peak_330	1000	.	1927.797119	9.292295	-1	79	chr2	32825260	32926693	LINC00486	.	+	ENSG00000230876.9	0
chr2	32916229	32916630	peak_330	1000	.	1927.797119	9.292295	-1	79	chr2	32825486	32929241	ENSG00000293668	.	+	ENSG00000293668.1	0
chr2	32916229	32916630	peak_330	1000	.	1927.797119	9.292295	-1	79	chr2	32885599	32922289	ENSG00000294557	.	-	ENSG00000294557.1	0
chr2	42810361	42810795	peak_331	1000	.	715.043640	6.280785	-1	234	chr2	42801320	42840254	ENSG00000307343	.	-	ENSG00000307343.1	0
chr2	42810361	42810795	peak_331	1000	.	715.043640	6.280785	-1	234	chr2	42810543	42940488	ENSG00000307331	.	+	ENSG00000307331.1	0
chr2	49229584	49229827	peak_332	1000	.	298.040100	7.410364	-1	210	chr2	48809339	49419013	MIR548BAHG	.	+	ENSG00000282890.1	0
chr2	49229584	49229827	peak_332	1000	.	298.040100	7.410364	-1	210	chr2	49202100	49562658	ENSG00000282998	.	-	ENSG00000282998.2	0
chr2	54232368	54232644	peak_333	781	.	215.674377	4.395352	-1	198	chr2	53970837	54305829	ACYP2	.	+	ENSG00000170634.14	0
chr2	60400447	60400706	peak_334	801	.	207.547089	4.105179	-1	228	chr2	60311285	60439841	MIR4432HG	.	-	ENSG00000228590.5	0
chr2	60745453	60746045	peak_335	362	.	214.221466	3.776148	-1	253	chr2	60682661	60738878	ENSG00000297680	.	-	ENSG00000297680.1	6576
chr2	62181769	62182341	peak_336	398	.	227.524292	3.776148	-1	311	chr2	62069446	62196669	ENSG00000229839	.	-	ENSG00000229839.7	0
chr2	66080231	66080471	peak_337	858	.	205.967926	4.105179	-1	18	chr2	65435851	66200373	LINC02934	.	+	ENSG00000204929.14	0
chr2	68606653	68607176	peak_338	440	.	229.987823	4.105179	-1	84	chr2	68467560	68655862	APLF	.	+	ENSG00000169621.13	0
chr2	68769992	68770732	peak_339	300	.	221.649582	3.394254	-1	127	chr2	68679600	68826833	ARHGAP25	.	+	ENSG00000163219.13	0
chr2	70248630	70249423	peak_340	1000	.	895.326355	5.671912	-1	354	chr2	70209443	70248761	TIA1	.	-	ENSG00000116001.19	0
chr2	71570930	71571445	peak_341	500	.	257.388123	4.105179	-1	28	chr2	71453494	71686763	DYSF	.	+	ENSG00000135636.18	0
chr2	74038698	74039180	peak_342	466	.	224.449738	4.105179	-1	316	chr2	73984909	74108177	TET3	.	+	ENSG00000187605.18	0
chr2	85412835	85413206	peak_343	585	.	216.913986	4.655616	-1	146	chr2	85388143	85422017	CAPG	.	-	ENSG00000042493.18	0
chr2	85596456	85596892	peak_344	499	.	217.727554	3.776148	-1	227	chr2	85595619	85598589	RNF181	.	+	ENSG00000168894.12	0
chr2	87824891	87824978	peak_345	1000	.	364.486633	7.931771	-1	33	chr2	87755957	87825962	RGPD2	.	-	ENSG00000185304.18	0
chr2	87824891	87824978	peak_345	1000	.	364.486633	7.931771	-1	33	chr2	87824941	87825143	MTATP8P2	.	+	ENSG00000229604.2	0
chr2	87825105	87825346	peak_346	1000	.	271.570953	4.655616	-1	17	chr2	87755957	87825962	RGPD2	.	-	ENSG00000185304.18	0
chr2	87825105	87825346	peak_346	1000	.	271.570953	4.655616	-1	17	chr2	87824941	87825143	MTATP8P2	.	+	ENSG00000229604.2	0
chr2	89772412	89772830	peak_347	1000	.	606.152405	7.113194	-1	189	chr2	89767185	89843250	ENSG00000306248	.	+	ENSG00000306248.1	0
chr2	89772952	89773719	peak_348	1000	.	988.659973	8.237581	-1	733	chr2	89767185	89843250	ENSG00000306248	.	+	ENSG00000306248.1	0
chr2	89773885	89774249	peak_349	1000	.	420.001862	7.850579	-1	110	chr2	89767185	89843250	ENSG00000306248	.	+	ENSG00000306248.1	0
chr2	89774903	89775229	peak_350	1000	.	503.606140	6.140231	-1	190	chr2	89767185	89843250	ENSG00000306248	.	+	ENSG00000306248.1	0
chr2	89775926	89776285	peak_351	894	.	321.051575	5.992500	-1	179	chr2	89767185	89843250	ENSG00000306248	.	+	ENSG00000306248.1	0
chr2	89776834	89778144	peak_352	995	.	1303.010010	5.992500	-1	1118	chr2	89767185	89843250	ENSG00000306248	.	+	ENSG00000306248.1	0
chr2	89778338	89779033	peak_353	942	.	654.521851	5.309801	-1	519	chr2	89767185	89843250	ENSG00000306248	.	+	ENSG00000306248.1	0
chr2	89779672	89780700	peak_354	653	.	671.460327	5.109050	-1	538	chr2	89767185	89843250	ENSG00000306248	.	+	ENSG00000306248.1	0
chr2	89780829	89782216	peak_355	800	.	1109.904541	6.280785	-1	1207	chr2	89767185	89843250	ENSG00000306248	.	+	ENSG00000306248.1	0
chr2	89782393	89783230	peak_356	727	.	608.232422	5.671912	-1	383	chr2	89767185	89843250	ENSG00000306248	.	+	ENSG00000306248.1	0
chr2	89783834	89784523	peak_357	726	.	500.437531	4.892064	-1	623	chr2	89767185	89843250	ENSG00000306248	.	+	ENSG00000306248.1	0
chr2	89784873	89785215	peak_358	1000	.	480.293121	5.496779	-1	307	chr2	89767185	89843250	ENSG00000306248	.	+	ENSG00000306248.1	0
chr2	89785322	89787137	peak_359	1000	.	2537.329346	13.887481	-1	1295	chr2	89767185	89843250	ENSG00000306248	.	+	ENSG00000306248.1	0
chr2	89787280	89788203	peak_360	1000	.	955.103333	7.931771	-1	57	chr2	89767185	89843250	ENSG00000306248	.	+	ENSG00000306248.1	0
chr2	89788700	89789478	peak_361	894	.	695.653870	6.140231	-1	364	chr2	89767185	89843250	ENSG00000306248	.	+	ENSG00000306248.1	0
chr2	89789584	89789991	peak_362	674	.	274.271820	4.395352	-1	122	chr2	89767185	89843250	ENSG00000306248	.	+	ENSG00000306248.1	0
chr2	89790453	89790634	peak_363	1000	.	317.470581	7.503445	-1	35	chr2	89767185	89843250	ENSG00000306248	.	+	ENSG00000306248.1	0
chr2	89790735	89791702	peak_364	475	.	459.412994	4.395352	-1	644	chr2	89767185	89843250	ENSG00000306248	.	+	ENSG00000306248.1	0
chr2	89791862	89792377	peak_365	1000	.	691.091248	9.598328	-1	209	chr2	89767185	89843250	ENSG00000306248	.	+	ENSG00000306248.1	0
chr2	89795223	89795642	peak_366	1000	.	475.581787	7.215447	-1	32	chr2	89767185	89843250	ENSG00000306248	.	+	ENSG00000306248.1	0
chr2	89795755	89796408	peak_367	555	.	362.463715	4.655616	-1	43	chr2	89767185	89843250	ENSG00000306248	.	+	ENSG00000306248.1	0
chr2	89796603	89797422	peak_368	747	.	611.389465	5.671912	-1	264	chr2	89767185	89843250	ENSG00000306248	.	+	ENSG00000306248.1	0
chr2	89798679	89799243	peak_369	438	.	246.891876	4.655616	-1	195	chr2	89767185	89843250	ENSG00000306248	.	+	ENSG00000306248.1	0
chr2	89799347	89803732	peak_370	886	.	3883.666992	8.449522	-1	2056	chr2	89767185	89843250	ENSG00000306248	.	+	ENSG00000306248.1	0
chr2	89803876	89804323	peak_371	634	.	283.416931	4.655616	-1	414	chr2	89767185	89843250	ENSG00000306248	.	+	ENSG00000306248.1	0
chr2	89804487	89804790	peak_372	762	.	230.946487	5.109050	-1	115	chr2	89767185	89843250	ENSG00000306248	.	+	ENSG00000306248.1	0
chr2	89805775	89806187	peak_373	1000	.	422.157410	8.088272	-1	273	chr2	89767185	89843250	ENSG00000306248	.	+	ENSG00000306248.1	0
chr2	89806443	89806665	peak_374	1000	.	411.945221	7.767279	-1	183	chr2	89767185	89843250	ENSG00000306248	.	+	ENSG00000306248.1	0
chr2	89806966	89807248	peak_375	1000	.	800.034790	8.775187	-1	132	chr2	89767185	89843250	ENSG00000306248	.	+	ENSG00000306248.1	0
chr2	89807413	89808263	peak_376	1000	.	972.926575	6.280785	-1	709	chr2	89767185	89843250	ENSG00000306248	.	+	ENSG00000306248.1	0
chr2	89809866	89809983	peak_377	1000	.	238.465866	6.414886	-1	34	chr2	89767185	89843250	ENSG00000306248	.	+	ENSG00000306248.1	0
chr2	89810117	89812616	peak_378	1000	.	2604.646484	7.593853	-1	2001	chr2	89767185	89843250	ENSG00000306248	.	+	ENSG00000306248.1	0
chr2	89813054	89813466	peak_379	1000	.	420.745361	6.414886	-1	271	chr2	89767185	89843250	ENSG00000306248	.	+	ENSG00000306248.1	0
chr2	89814942	89815449	peak_380	450	.	228.028687	5.109050	-1	197	chr2	89767185	89843250	ENSG00000306248	.	+	ENSG00000306248.1	0
chr2	89815556	89816285	peak_381	1000	.	893.911926	7.113194	-1	461	chr2	89767185	89843250	ENSG00000306248	.	+	ENSG00000306248.1	0
chr2	89816916	89817257	peak_382	1000	.	404.299347	5.671912	-1	118	chr2	89767185	89843250	ENSG00000306248	.	+	ENSG00000306248.1	0
chr2	89817693	89818609	peak_383	969	.	888.010986	8.237581	-1	877	chr2	89767185	89843250	ENSG00000306248	.	+	ENSG00000306248.1	0
chr2	89819872	89820121	peak_384	1000	.	358.416901	7.113194	-1	217	chr2	89767185	89843250	ENSG00000306248	.	+	ENSG00000306248.1	0
chr2	89820229	89820520	peak_385	1000	.	642.839233	13.161928	-1	24	chr2	89767185	89843250	ENSG00000306248	.	+	ENSG00000306248.1	0
chr2	89820754	89820831	peak_386	1000	.	450.180176	10.498986	-1	35	chr2	89767185	89843250	ENSG00000306248	.	+	ENSG00000306248.1	0
chr2	89821572	89822033	peak_387	1000	.	503.451813	7.850579	-1	222	chr2	89767185	89843250	ENSG00000306248	.	+	ENSG00000306248.1	0
chr2	89822356	89822679	peak_388	1000	.	351.689575	6.666107	-1	196	chr2	89767185	89843250	ENSG00000306248	.	+	ENSG00000306248.1	0
chr2	89823611	89824004	peak_389	1000	.	582.501587	6.666107	-1	286	chr2	89767185	89843250	ENSG00000306248	.	+	ENSG00000306248.1	0
chr2	89824249	89824430	peak_390	1000	.	304.166382	6.140231	-1	23	chr2	89767185	89843250	ENSG00000306248	.	+	ENSG00000306248.1	0
chr2	89824964	89825137	peak_391	1000	.	287.387970	5.992500	-1	31	chr2	89767185	89843250	ENSG00000306248	.	+	ENSG00000306248.1	0
chr2	89825238	89825455	peak_392	1000	.	300.734680	6.280785	-1	28	chr2	89767185	89843250	ENSG00000306248	.	+	ENSG00000306248.1	0
chr2	89825622	89827173	peak_393	1000	.	2996.598389	10.719772	-1	808	chr2	89767185	89843250	ENSG00000306248	.	+	ENSG00000306248.1	0
chr2	89827629	89827679	peak_394	1000	.	350.940247	11.125182	-1	25	chr2	89767185	89843250	ENSG00000306248	.	+	ENSG00000306248.1	0
chr2	89827836	89841194	peak_395	1000	.	41731.386719	19.483332	-1	5460	chr2	89767185	89843250	ENSG00000306248	.	+	ENSG00000306248.1	0
chr2	90379547	90379940	peak_396	1000	.	470.454010	7.113194	-1	44	chr2	90365736	90367699	ENSG00000281904	.	+	ENSG00000281904.1	11849
chr2	90380437	90383207	peak_397	1000	.	4118.981934	7.215447	-1	1459	chr2	90365736	90367699	ENSG00000281904	.	+	ENSG00000281904.1	12739
chr2	90383420	90388429	peak_398	1000	.	7155.609863	7.503445	-1	4654	chr2	90365736	90367699	ENSG00000281904	.	+	ENSG00000281904.1	15722
chr2	90388535	90391214	peak_399	1000	.	3826.384277	7.007426	-1	2060	chr2	90365736	90367699	ENSG00000281904	.	+	ENSG00000281904.1	20837
chr2	90391355	90391555	peak_400	1000	.	216.931107	5.671912	-1	159	chr2	90365736	90367699	ENSG00000281904	.	+	ENSG00000281904.1	23657
chr2	90391725	90393002	peak_401	1000	.	1819.071533	5.992500	-1	939	chr2	90365736	90367699	ENSG00000281904	.	+	ENSG00000281904.1	24027
chr2	90393374	90393812	peak_402	1000	.	608.537048	5.496779	-1	54	chr2	90365736	90367699	ENSG00000281904	.	+	ENSG00000281904.1	25676
chr2	90393937	90394979	peak_403	1000	.	1407.358398	7.113194	-1	767	chr2	90365736	90367699	ENSG00000281904	.	+	ENSG00000281904.1	26239
chr2	90395155	90399284	peak_404	1000	.	6250.141602	7.593853	-1	213	chr2	90365736	90367699	ENSG00000281904	.	+	ENSG00000281904.1	27457
chr2	90399390	90399907	peak_405	1000	.	606.179260	5.496779	-1	169	chr2	90365736	90367699	ENSG00000281904	.	+	ENSG00000281904.1	31692
chr2	90400026	90402486	peak_406	1000	.	2964.831543	6.666107	-1	1061	chr2	90365736	90367699	ENSG00000281904	.	+	ENSG00000281904.1	32328
chr2	91402845	91402966	peak_407	1000	.	339.359222	8.237581	-1	31	chr2	91443499	91487625	ENSG00000310181	.	+	ENSG00000310181.1	40534
chr2	91403574	91403895	peak_408	1000	.	404.418762	7.931771	-1	299	chr2	91443499	91487625	ENSG00000310181	.	+	ENSG00000310181.1	39605
chr2	91405034	91405386	peak_409	901	.	317.054077	6.666107	-1	325	chr2	91443499	91487625	ENSG00000310181	.	+	ENSG00000310181.1	38114
chr2	91405532	91405760	peak_410	942	.	214.857162	4.395352	-1	132	chr2	91443499	91487625	ENSG00000310181	.	+	ENSG00000310181.1	37740
chr2	91406661	91408466	peak_411	884	.	1595.068848	8.237581	-1	1357	chr2	91443499	91487625	ENSG00000310181	.	+	ENSG00000310181.1	35034
chr2	91408595	91409303	peak_412	1000	.	719.227356	5.309801	-1	403	chr2	91443499	91487625	ENSG00000310181	.	+	ENSG00000310181.1	34197
chr2	91409448	91409577	peak_413	1000	.	244.945114	6.784213	-1	22	chr2	91443499	91487625	ENSG00000310181	.	+	ENSG00000310181.1	33923
chr2	91409694	91410125	peak_414	1000	.	652.590393	6.280785	-1	256	chr2	91443499	91487625	ENSG00000310181	.	+	ENSG00000310181.1	33375
chr2	91410254	91410743	peak_415	707	.	345.526978	6.543151	-1	404	chr2	91443499	91487625	ENSG00000310181	.	+	ENSG00000310181.1	32757
chr2	91410932	91412787	peak_416	975	.	1808.082031	7.215447	-1	1698	chr2	91443499	91487625	ENSG00000310181	.	+	ENSG00000310181.1	30713
chr2	91412930	91413673	peak_417	854	.	634.231323	6.280785	-1	401	chr2	91443499	91487625	ENSG00000310181	.	+	ENSG00000310181.1	29827
chr2	91414850	91415408	peak_418	927	.	517.135193	5.992500	-1	411	chr2	91443499	91487625	ENSG00000310181	.	+	ENSG00000310181.1	28092
chr2	91415545	91416295	peak_419	690	.	517.804016	4.655616	-1	719	chr2	91443499	91487625	ENSG00000310181	.	+	ENSG00000310181.1	27205
chr2	91416484	91417357	peak_420	716	.	625.499023	5.109050	-1	674	chr2	91443499	91487625	ENSG00000310181	.	+	ENSG00000310181.1	26143
chr2	91418980	91419359	peak_421	997	.	377.698242	5.992500	-1	281	chr2	91443499	91487625	ENSG00000310181	.	+	ENSG00000310181.1	24141
chr2	91419469	91419646	peak_422	1000	.	288.524109	7.931771	-1	23	chr2	91443499	91487625	ENSG00000310181	.	+	ENSG00000310181.1	23854
chr2	91421113	91422571	peak_423	1000	.	1919.868530	6.543151	-1	1198	chr2	91443499	91487625	ENSG00000310181	.	+	ENSG00000310181.1	20929
chr2	91422698	91423504	peak_424	1000	.	805.649292	6.897870	-1	685	chr2	91443499	91487625	ENSG00000310181	.	+	ENSG00000310181.1	19996
chr2	92079591	92079812	peak_425	1000	.	455.538940	9.183957	-1	32	chr2	92034521	92035000	IGKV1OR2-2	.	-	ENSG00000223816.5	44592
chr2	92080324	92080544	peak_426	1000	.	301.818817	5.671912	-1	32	chr2	92034521	92035000	IGKV1OR2-2	.	-	ENSG00000223816.5	45325
chr2	92080964	92082381	peak_427	1000	.	2928.677490	12.867589	-1	353	chr2	92034521	92035000	IGKV1OR2-2	.	-	ENSG00000223816.5	45965
chr2	92084240	92084516	peak_428	1000	.	465.521332	11.576927	-1	181	chr2	92034521	92035000	IGKV1OR2-2	.	-	ENSG00000223816.5	49241
chr2	94809292	94809419	peak_429	1000	.	227.498581	7.410364	-1	100	chr2	94791102	94857282	ANKRD20A8P	.	-	ENSG00000229089.9	0
chr2	96776829	96776883	peak_430	1000	.	372.532501	10.961621	-1	27	chr2	96760857	96811888	CNNM4	.	+	ENSG00000158158.14	0
chr2	96962722	96963423	peak_431	334	.	234.299072	4.655616	-1	288	chr2	96875881	96986580	FAM178B	.	-	ENSG00000168754.16	0
chr2	98555929	98556840	peak_432	457	.	416.623993	4.395352	-1	465	chr2	98444245	98594392	INPP4A	.	+	ENSG00000040933.19	0
chr2	99837575	99838086	peak_433	432	.	220.568878	4.105179	-1	321	chr2	99545418	100192469	AFF3	.	-	ENSG00000144218.22	0
chr2	99837575	99838086	peak_433	432	.	220.568878	4.105179	-1	321	chr2	99822855	99848304	ENSG00000299017	.	+	ENSG00000299017.1	0
chr2	101560477	101560809	peak_434	676	.	224.272888	5.309801	-1	167	chr2	101551582	101574890	ENSG00000286101	.	-	ENSG00000286101.2	0
chr2	102019443	102019883	peak_435	530	.	233.165512	3.776148	-1	229	chr2	101991797	102029084	IL1R2	.	+	ENSG00000115590.16	0
chr2	105935598	105935980	peak_436	575	.	219.832520	4.105179	-1	103	chr2	105874508	105962422	ENSG00000234162	.	-	ENSG00000234162.4	0
chr2	109199322	109199856	peak_437	1000	.	2035.218262	7.767279	-1	150	chr2	109128227	109504638	SH3RF3	.	+	ENSG00000172985.12	0
chr2	112346241	112347150	peak_438	289	.	262.941803	3.776148	-1	150	chr2	112346010	112346258	ENSG00000236555	.	+	ENSG00000236555.1	0
chr2	113159228	113159716	peak_439	517	.	252.485992	4.105179	-1	265	chr2	113157324	113209396	PSD4	.	+	ENSG00000125637.18	0
chr2	120390981	120391986	peak_440	348	.	349.997437	3.776148	-1	360	chr2	120398325	120415367	ENSG00000308337	.	+	ENSG00000308337.1	6340
chr2	126691858	126692472	peak_441	359	.	220.675842	3.776148	-1	422	chr2	126655838	126696670	GYPC	.	+	ENSG00000136732.18	0
chr2	126774370	126774837	peak_442	515	.	240.561111	4.105179	-1	65	chr2	126776757	126777725	ENSG00000301329	.	+	ENSG00000301329.1	1921
chr2	127810280	127811043	peak_443	307	.	234.488632	4.105179	-1	356	chr2	127701026	127811195	WDR33	.	-	ENSG00000136709.14	0
chr2	132255146	132255322	peak_444	1000	.	212.519012	4.892064	-1	149	chr2	132147590	132257969	ANKRD30BL	.	-	ENSG00000163046.17	0
chr2	132269144	132269638	peak_445	566	.	279.362274	4.655616	-1	76	chr2	132268585	132338765	ENSG00000290902	.	+	ENSG00000290902.2	0
chr2	132269887	132269958	peak_446	1000	.	252.282791	7.503445	-1	35	chr2	132268585	132338765	ENSG00000290902	.	+	ENSG00000290902.2	0
chr2	132270784	132271019	peak_447	1000	.	333.928619	5.496779	-1	33	chr2	132268585	132338765	ENSG00000290902	.	+	ENSG00000290902.2	0
chr2	132271671	132271805	peak_448	1000	.	209.339798	6.280785	-1	39	chr2	132268585	132338765	ENSG00000290902	.	+	ENSG00000290902.2	0
chr2	132286527	132286874	peak_449	591	.	205.247437	4.892064	-1	136	chr2	132268585	132338765	ENSG00000290902	.	+	ENSG00000290902.2	0
chr2	132286527	132286874	peak_449	591	.	205.247437	4.892064	-1	136	chr2	132285794	132294377	ENSG00000230803	.	-	ENSG00000230803.1	0
chr2	132287276	132287917	peak_450	404	.	259.236023	3.776148	-1	23	chr2	132268585	132338765	ENSG00000290902	.	+	ENSG00000290902.2	0
chr2	132287276	132287917	peak_450	404	.	259.236023	3.776148	-1	23	chr2	132285794	132294377	ENSG00000230803	.	-	ENSG00000230803.1	0
chr2	133956199	133956528	peak_451	612	.	201.449722	4.105179	-1	31	chr2	133952924	134031290	ENSG00000297218	.	-	ENSG00000297218.1	0
chr2	134282576	134283022	peak_452	455	.	202.891312	4.395352	-1	64	chr2	134119891	134454621	MGAT5	.	+	ENSG00000152127.11	0
chr2	135732879	135733261	peak_453	565	.	215.932114	4.395352	-1	146	chr2	135641420	135741707	ENSG00000308733	.	-	ENSG00000308733.1	0
chr2	136114861	136115805	peak_454	391	.	369.181610	4.395352	-1	640	chr2	136114348	136119177	CXCR4	.	-	ENSG00000121966.8	0
chr2	136178680	136179094	peak_455	488	.	201.851242	3.394254	-1	394	chr2	136126765	136229381	ENSG00000304642	.	+	ENSG00000304642.1	0
chr2	148881761	148881853	peak_456	1000	.	370.813385	7.681748	-1	59	chr2	148866469	148888823	KIF5C-AS1	.	-	ENSG00000231079.7	0
chr2	148881761	148881853	peak_456	1000	.	370.813385	7.681748	-1	59	chr2	148875226	149026759	KIF5C	.	+	ENSG00000168280.19	0
chr2	148881761	148881853	peak_456	1000	.	370.813385	7.681748	-1	59	chr2	148881725	148881841	ENSG00000289474	.	-	ENSG00000289474.2	0
chr2	151262397	151262700	peak_457	727	.	220.160248	4.105179	-1	29	chr2	151247939	151261870	RBM43	.	-	ENSG00000184898.8	528
chr2	156400426	156401510	peak_458	1000	.	1299.507446	5.496779	-1	540	chr2	156400044	156433606	ENSG00000310173	.	+	ENSG00000310173.1	0
chr2	160612328	160612764	peak_459	500	.	217.840118	3.776148	-1	208	chr2	160619387	160621167	ENSG00000302735	.	+	ENSG00000302735.1	6624
chr2	161278485	161278889	peak_460	1000	.	588.990234	6.897870	-1	337	chr2	161222781	161308389	PSMD14-DT	.	-	ENSG00000235724.11	0
chr2	161279029	161279151	peak_461	1000	.	229.414688	5.671912	-1	86	chr2	161222781	161308389	PSMD14-DT	.	-	ENSG00000235724.11	0
chr2	161279293	161280996	peak_462	864	.	1472.128174	5.836737	-1	1494	chr2	161222781	161308389	PSMD14-DT	.	-	ENSG00000235724.11	0
chr2	161281179	161281965	peak_463	1000	.	941.461548	6.543151	-1	93	chr2	161222781	161308389	PSMD14-DT	.	-	ENSG00000235724.11	0
chr2	161281179	161281965	peak_463	1000	.	941.461548	6.543151	-1	93	chr2	161281901	161282618	ENSG00000225813	.	+	ENSG00000225813.1	0
chr2	161282078	161282739	peak_464	1000	.	743.323669	7.314430	-1	357	chr2	161222781	161308389	PSMD14-DT	.	-	ENSG00000235724.11	0
chr2	161282078	161282739	peak_464	1000	.	743.323669	7.314430	-1	357	chr2	161281901	161282618	ENSG00000225813	.	+	ENSG00000225813.1	0
chr2	169145241	169145671	peak_465	531	.	228.205566	3.776148	-1	134	chr2	169127108	169362780	LRP2	.	-	ENSG00000081479.16	0
chr2	171052610	171053034	peak_466	559	.	236.894897	4.105179	-1	361	chr2	170990822	171231314	TLK1	.	-	ENSG00000198586.16	0
chr2	177646160	177646935	peak_467	263	.	204.085022	3.394254	-1	124	chr2	177623243	178108339	PDE11A	.	-	ENSG00000128655.20	0
chr2	189657666	189658323	peak_468	333	.	218.492523	3.776148	-1	290	chr2	189661384	189666437	ASDURF	.	+	ENSG00000286053.3	3062
chr2	189657666	189658323	peak_468	333	.	218.492523	3.776148	-1	290	chr2	189661384	189671381	ASNSD1	.	+	ENSG00000138381.11	3062
chr2	191022955	191023717	peak_469	442	.	336.591034	4.105179	-1	354	chr2	191021525	191032314	STAT4-AS1	.	+	ENSG00000231858.5	0
chr2	196745241	196745966	peak_470	285	.	206.630890	3.776148	-1	461	chr2	196639553	196763490	CCDC150	.	+	ENSG00000144395.19	0
chr2	199988008	199988641	peak_471	341	.	216.141632	4.892064	-1	602	chr2	199955316	200008540	MAIP1	.	+	ENSG00000162972.12	0
chr2	201964417	201964847	peak_472	609	.	262.005524	4.105179	-1	177	chr2	201970899	202033503	ENSG00000289026	.	+	ENSG00000289026.2	6053
chr2	209180524	209180929	peak_473	514	.	208.248932	3.776148	-1	13	chr2	208915347	209301691	ENSG00000294474	.	-	ENSG00000294474.1	0
chr2	209180524	209180929	peak_473	514	.	208.248932	3.776148	-1	13	chr2	209178803	209182018	MEAF6P1	.	+	ENSG00000240286.1	0
chr2	209180524	209180929	peak_473	514	.	208.248932	3.776148	-1	13	chr2	209178965	209181123	PKP4P1	.	+	ENSG00000229670.2	0
chr2	213148676	213149161	peak_474	445	.	215.695709	4.105179	-1	169	chr2	212999690	213152427	IKZF2	.	-	ENSG00000030419.19	0
chr2	213226023	213226403	peak_475	575	.	218.638168	4.105179	-1	31	chr2	213188411	213230529	ENSG00000289002	.	+	ENSG00000289002.3	0
chr2	217068629	217069004	peak_476	618	.	231.827179	5.309801	-1	344	chr2	216694403	217336120	TESHL	.	+	ENSG00000223874.4	0
chr2	217068629	217069004	peak_476	618	.	231.827179	5.309801	-1	344	chr2	217060516	217106800	ENSG00000287498	.	-	ENSG00000287498.2	0
chr2	219499754	219500359	peak_477	352	.	212.951920	4.105179	-1	397	chr2	219482072	219516877	ASIC4-AS1	.	-	ENSG00000227432.1	0
chr2	219499754	219500359	peak_477	352	.	212.951920	4.105179	-1	397	chr2	219498617	219513898	GMPPA	.	+	ENSG00000144591.22	0
chr2	224918352	224919776	peak_478	529	.	753.387817	5.992500	-1	763	chr2	224765089	225042724	DOCK10	.	-	ENSG00000135905.22	0
chr2	230319119	230319718	peak_479	408	.	244.431168	3.776148	-1	306	chr2	230203109	230316577	SP140	.	+	ENSG00000079263.21	2543
chr2	231053277	231053951	peak_480	315	.	212.227875	3.776148	-1	97	chr2	231052039	231052637	ENSG00000261829	.	+	ENSG00000261829.1	641
chr2	233035488	233035978	peak_481	488	.	239.005341	4.105179	-1	247	chr2	233023031	233042480	NEU2	.	+	ENSG00000115488.4	0
chr2	234428638	234429287	peak_482	427	.	277.070221	3.776148	-1	298	chr2	234404843	234427951	ENSG00000296359	.	-	ENSG00000296359.1	688
chr2	234514262	234514649	peak_483	528	.	204.484650	4.105179	-1	261	chr2	234494469	234500350	ENSG00000294638	.	+	ENSG00000294638.1	13913
chr2	236593468	236594001	peak_484	424	.	225.742111	3.394254	-1	178	chr2	236583845	236685817	ENSG00000301575	.	+	ENSG00000301575.1	0
chr2	237211975	237213194	peak_485	642	.	783.159180	5.309801	-1	728	chr2	237156199	237257759	ENSG00000224132	.	+	ENSG00000224132.3	0
chr2	237211975	237213194	peak_485	642	.	783.159180	5.309801	-1	728	chr2	237208249	237252235	ENSG00000303751	.	-	ENSG00000303751.1	0
chr2	238485387	238486015	peak_486	456	.	286.421844	3.776148	-1	424	chr2	238498677	238555054	LINC01107	.	-	ENSG00000225493.2	12663
chr2	239280623	239281345	peak_487	472	.	340.537659	4.892064	-1	405	chr2	239048167	239401661	HDAC4	.	-	ENSG00000068024.20	0
chr2	239281575	239282317	peak_488	526	.	390.574219	4.105179	-1	713	chr2	239048167	239401661	HDAC4	.	-	ENSG00000068024.20	0
chr2	239282437	239282764	peak_489	875	.	286.113678	5.671912	-1	198	chr2	239048167	239401661	HDAC4	.	-	ENSG00000068024.20	0
chr2	239345688	239346248	peak_490	535	.	299.546692	5.671912	-1	206	chr2	239048167	239401661	HDAC4	.	-	ENSG00000068024.20	0
chr2	239346396	239346756	peak_491	702	.	252.572418	3.776148	-1	21	chr2	239048167	239401661	HDAC4	.	-	ENSG00000068024.20	0
chr2	239397593	239398126	peak_492	520	.	276.964081	4.655616	-1	32	chr2	239048167	239401661	HDAC4	.	-	ENSG00000068024.20	0
chr2	239509755	239510369	peak_493	555	.	340.764404	4.105179	-1	217	chr2	239439594	239531363	ENSG00000286525	.	+	ENSG00000286525.4	0
chr2	239551043	239551590	peak_494	517	.	282.820312	4.105179	-1	26	chr2	239538378	239544876	ENSG00000286188	.	+	ENSG00000286188.1	6168
chr2	239644444	239644987	peak_495	892	.	484.367859	4.395352	-1	398	chr2	239656414	239661355	ENSG00000301978	.	+	ENSG00000301978.1	11428
chr2	239668611	239668916	peak_496	731	.	222.866455	4.395352	-1	147	chr2	239656414	239661355	ENSG00000301978	.	+	ENSG00000301978.1	7257
chr2	239988757	239989260	peak_497	404	.	203.124634	3.776148	-1	357	chr2	239892449	240025743	NDUFA10	.	-	ENSG00000130414.15	0
chr2	240309371	240309716	peak_498	604	.	208.534332	4.892064	-1	189	chr2	240289628	240296452	ENSG00000308246	.	-	ENSG00000308246.1	12920
chr2	241516396	241517157	peak_499	333	.	253.571777	3.776148	-1	428	chr2	241508863	241510280	ENSG00000289555	.	+	ENSG00000289555.2	6117
chr2	241864289	241865469	peak_500	364	.	430.040833	4.655616	-1	1145	chr2	241859960	241864043	ENSG00000299450	.	+	ENSG00000299450.1	247
chr20	60222	60637	peak_3079	1000	.	714.214478	6.543151	-1	382	chr20	87249	97094	DEFB125	.	+	ENSG00000178591.7	26613
chr20	61084	61503	peak_3080	829	.	347.473663	5.992500	-1	365	chr20	87249	97094	DEFB125	.	+	ENSG00000178591.7	25747
chr20	61655	62482	peak_3081	1000	.	1083.739868	7.767279	-1	433	chr20	87249	97094	DEFB125	.	+	ENSG00000178591.7	24768
chr20	62651	63162	peak_3082	1000	.	665.804321	5.836737	-1	478	chr20	87249	97094	DEFB125	.	+	ENSG00000178591.7	24088
chr20	63912	64918	peak_3083	613	.	616.948242	5.836737	-1	601	chr20	87249	97094	DEFB125	.	+	ENSG00000178591.7	22332
chr20	65025	65266	peak_3084	1000	.	527.842102	6.280785	-1	122	chr20	87249	97094	DEFB125	.	+	ENSG00000178591.7	21984
chr20	65402	66188	peak_3085	1000	.	846.417786	5.836737	-1	752	chr20	87249	97094	DEFB125	.	+	ENSG00000178591.7	21062
chr20	66357	66693	peak_3086	913	.	306.679810	4.892064	-1	176	chr20	87249	97094	DEFB125	.	+	ENSG00000178591.7	20557
chr20	66953	67292	peak_3087	1000	.	558.854065	5.671912	-1	42	chr20	87249	97094	DEFB125	.	+	ENSG00000178591.7	19958
chr20	400794	401210	peak_3088	501	.	208.552582	3.776148	-1	385	chr20	362834	398964	TRIB3	.	+	ENSG00000101255.15	1831
chr20	433411	433857	peak_3089	453	.	201.958679	3.776148	-1	417	chr20	423595	462566	TBC1D20	.	-	ENSG00000125875.17	0
chr20	2906830	2907275	peak_3090	471	.	209.724670	4.105179	-1	31	chr20	2870753	3039247	PTPRA	.	+	ENSG00000132670.23	0
chr20	3811548	3812304	peak_3091	416	.	314.402100	4.892064	-1	725	chr20	3807321	3811832	ENSG00000297027	.	-	ENSG00000297027.1	0
chr20	3811548	3812304	peak_3091	416	.	314.402100	4.892064	-1	725	chr20	3808292	3812434	LINC01730	.	+	ENSG00000275491.2	0
chr20	3811548	3812304	peak_3091	416	.	314.402100	4.892064	-1	725	chr20	3811256	3828909	AP5S1	.	+	ENSG00000125843.14	0
chr20	5488880	5489677	peak_3092	407	.	324.740051	4.105179	-1	308	chr20	5318267	5503189	ENSG00000230563	.	+	ENSG00000230563.5	0
chr20	5488880	5489677	peak_3092	407	.	324.740051	4.105179	-1	308	chr20	5481787	5526741	LINC00654	.	-	ENSG00000205181.9	0
chr20	17966335	17966963	peak_3093	327	.	205.285583	3.776148	-1	448	chr20	17941596	17969022	SNX5	.	-	ENSG00000089006.19	0
chr20	17966335	17966963	peak_3093	327	.	205.285583	3.776148	-1	448	chr20	17956978	18059188	OVOL2	.	-	ENSG00000125850.12	0
chr20	18569967	18570299	peak_3094	618	.	205.121323	4.395352	-1	309	chr20	18567346	18570995	SMIM26	.	+	ENSG00000232388.6	0
chr20	18569967	18570299	peak_3094	618	.	205.121323	4.395352	-1	309	chr20	18567452	18744216	ENSG00000284776	.	+	ENSG00000284776.1	0
chr20	20547525	20547760	peak_3095	969	.	227.689529	4.892064	-1	79	chr20	20389529	20712673	RALGAPA2	.	-	ENSG00000188559.18	0
chr20	24208318	24208566	peak_3096	846	.	209.837296	4.655616	-1	221	chr20	24063254	24298484	LINC01721	.	+	ENSG00000230133.3	0
chr20	24388030	24388419	peak_3097	516	.	200.731674	3.776148	-1	126	chr20	24265218	24351569	ENSG00000232200	.	-	ENSG00000232200.3	36462
chr20	26443703	26444084	peak_3098	532	.	202.527832	3.776148	-1	182	chr20	26167815	26251546	MIR663AHG	.	-	ENSG00000227195.12	192158
chr20	26445910	26446346	peak_3099	523	.	227.922806	4.105179	-1	352	chr20	26167815	26251546	MIR663AHG	.	-	ENSG00000227195.12	194365
chr20	26448438	26449279	peak_3100	438	.	368.308136	4.105179	-1	202	chr20	26167815	26251546	MIR663AHG	.	-	ENSG00000227195.12	196893
chr20	26449958	26450647	peak_3101	343	.	236.629959	3.394254	-1	19	chr20	26167815	26251546	MIR663AHG	.	-	ENSG00000227195.12	198413
chr20	26458282	26458985	peak_3102	469	.	329.795685	4.395352	-1	572	chr20	26167815	26251546	MIR663AHG	.	-	ENSG00000227195.12	206737
chr20	26467582	26468027	peak_3103	480	.	213.548370	3.776148	-1	395	chr20	26167815	26251546	MIR663AHG	.	-	ENSG00000227195.12	216037
chr20	26469058	26469578	peak_3104	402	.	208.879211	4.105179	-1	290	chr20	26167815	26251546	MIR663AHG	.	-	ENSG00000227195.12	217513
chr20	26470258	26471670	peak_3105	302	.	426.594269	4.105179	-1	677	chr20	26167815	26251546	MIR663AHG	.	-	ENSG00000227195.12	218713
chr20	26473171	26473698	peak_3106	494	.	260.141449	3.394254	-1	258	chr20	26167815	26251546	MIR663AHG	.	-	ENSG00000227195.12	221626
chr20	26474512	26475106	peak_3107	510	.	302.880463	4.105179	-1	270	chr20	26167815	26251546	MIR663AHG	.	-	ENSG00000227195.12	222967
chr20	26488301	26488773	peak_3108	495	.	233.543610	3.776148	-1	245	chr20	26167815	26251546	MIR663AHG	.	-	ENSG00000227195.12	236756
chr20	26489043	26489645	peak_3109	407	.	245.003891	4.395352	-1	164	chr20	26167815	26251546	MIR663AHG	.	-	ENSG00000227195.12	237498
chr20	26492743	26493347	peak_3110	384	.	231.807510	3.776148	-1	563	chr20	26167815	26251546	MIR663AHG	.	-	ENSG00000227195.12	241198
chr20	26496369	26497083	peak_3111	334	.	238.177826	3.776148	-1	499	chr20	26167815	26251546	MIR663AHG	.	-	ENSG00000227195.12	244824
chr20	26497185	26497406	peak_3112	1000	.	224.696060	4.105179	-1	178	chr20	26167815	26251546	MIR663AHG	.	-	ENSG00000227195.12	245640
chr20	26500661	26501066	peak_3113	675	.	273.546326	4.395352	-1	185	chr20	26167815	26251546	MIR663AHG	.	-	ENSG00000227195.12	249116
chr20	26508815	26509646	peak_3114	484	.	402.136292	3.776148	-1	155	chr20	26167815	26251546	MIR663AHG	.	-	ENSG00000227195.12	257270
chr20	26513107	26513471	peak_3115	760	.	276.663086	5.109050	-1	262	chr20	26167815	26251546	MIR663AHG	.	-	ENSG00000227195.12	261562
chr20	26517025	26517178	peak_3116	1000	.	222.862442	4.892064	-1	123	chr20	26167815	26251546	MIR663AHG	.	-	ENSG00000227195.12	265480
chr20	26527372	26527713	peak_3117	626	.	213.440094	4.105179	-1	308	chr20	26167815	26251546	MIR663AHG	.	-	ENSG00000227195.12	275827
chr20	26541647	26542241	peak_3118	505	.	300.018433	4.105179	-1	494	chr20	26167815	26251546	MIR663AHG	.	-	ENSG00000227195.12	290102
chr20	26565782	26566152	peak_3119	638	.	235.985428	4.655616	-1	245	chr20	26167815	26251546	MIR663AHG	.	-	ENSG00000227195.12	314237
chr20	26569298	26569637	peak_3120	614	.	208.224426	4.105179	-1	174	chr20	26167815	26251546	MIR663AHG	.	-	ENSG00000227195.12	317753
chr20	26583139	26583529	peak_3121	681	.	265.554535	4.105179	-1	367	chr20	26167815	26251546	MIR663AHG	.	-	ENSG00000227195.12	331594
chr20	26601671	26602852	peak_3122	905	.	1069.283447	5.836737	-1	944	chr20	26167815	26251546	MIR663AHG	.	-	ENSG00000227195.12	350126
chr20	26602984	26605306	peak_3123	978	.	2271.993408	4.892064	-1	1959	chr20	26167815	26251546	MIR663AHG	.	-	ENSG00000227195.12	351439
chr20	26605434	26606671	peak_3124	1000	.	1271.340698	5.109050	-1	257	chr20	26167815	26251546	MIR663AHG	.	-	ENSG00000227195.12	353889
chr20	26606828	26608021	peak_3125	1000	.	1569.242676	5.109050	-1	60	chr20	26167815	26251546	MIR663AHG	.	-	ENSG00000227195.12	355283
chr20	26794564	26794868	peak_3126	788	.	239.624802	4.395352	-1	284	chr20	26167815	26251546	MIR663AHG	.	-	ENSG00000227195.12	543019
chr20	26805146	26806230	peak_3127	292	.	316.660889	4.105179	-1	742	chr20	26167815	26251546	MIR663AHG	.	-	ENSG00000227195.12	553601
chr20	26912617	26913283	peak_3128	378	.	251.930054	4.105179	-1	114	chr20	26167815	26251546	MIR663AHG	.	-	ENSG00000227195.12	661072
chr20	26944216	26945366	peak_3129	363	.	417.998535	4.395352	-1	118	chr20	26167815	26251546	MIR663AHG	.	-	ENSG00000227195.12	692671
chr20	26985851	26986204	peak_3130	613	.	216.389389	4.395352	-1	309	chr20	26167815	26251546	MIR663AHG	.	-	ENSG00000227195.12	734306
chr20	26994636	26995171	peak_3131	421	.	225.221924	4.105179	-1	404	chr20	26167815	26251546	MIR663AHG	.	-	ENSG00000227195.12	743091
chr20	27001971	27002704	peak_3132	617	.	452.123322	4.105179	-1	285	chr20	26167815	26251546	MIR663AHG	.	-	ENSG00000227195.12	750426
chr20	27038554	27038977	peak_3133	486	.	205.646744	4.105179	-1	195	chr20	26167815	26251546	MIR663AHG	.	-	ENSG00000227195.12	787009
chr20	27073707	27074180	peak_3134	569	.	269.254669	4.105179	-1	418	chr20	26167815	26251546	MIR663AHG	.	-	ENSG00000227195.12	822162
chr20	27086159	27086648	peak_3135	413	.	201.775574	4.395352	-1	465	chr20	26167815	26251546	MIR663AHG	.	-	ENSG00000227195.12	834614
chr20	27096625	27096859	peak_3136	888	.	207.877426	4.395352	-1	208	chr20	26167815	26251546	MIR663AHG	.	-	ENSG00000227195.12	845080
chr20	27106707	27107061	peak_3137	739	.	261.720215	3.776148	-1	114	chr20	26167815	26251546	MIR663AHG	.	-	ENSG00000227195.12	855162
chr20	27153435	27154096	peak_3138	357	.	235.693130	3.776148	-1	139	chr20	26167815	26251546	MIR663AHG	.	-	ENSG00000227195.12	901890
chr20	27233429	27234273	peak_3139	315	.	265.514130	3.776148	-1	640	chr20	26167815	26251546	MIR663AHG	.	-	ENSG00000227195.12	981884
chr20	27264452	27265849	peak_3140	274	.	382.855927	4.655616	-1	323	chr20	26167815	26251546	MIR663AHG	.	-	ENSG00000227195.12	1012907
chr20	27272264	27272746	peak_3141	580	.	279.353851	4.395352	-1	133	chr20	26167815	26251546	MIR663AHG	.	-	ENSG00000227195.12	1020719
chr20	27293610	27294192	peak_3142	504	.	293.255157	5.671912	-1	548	chr20	26167815	26251546	MIR663AHG	.	-	ENSG00000227195.12	1042065
chr20	27327130	27327655	peak_3143	420	.	220.240738	3.394254	-1	158	chr20	26167815	26251546	MIR663AHG	.	-	ENSG00000227195.12	1075585
chr20	27358438	27359041	peak_3144	337	.	203.483643	4.655616	-1	537	chr20	26167815	26251546	MIR663AHG	.	-	ENSG00000227195.12	1106893
chr20	27373045	27373548	peak_3145	442	.	222.365082	3.776148	-1	222	chr20	26167815	26251546	MIR663AHG	.	-	ENSG00000227195.12	1121500
chr20	27406350	27406942	peak_3146	471	.	278.843079	4.395352	-1	544	chr20	28559375	28603092	ENSG00000291100	.	-	ENSG00000291100.2	1152434
chr20	27424386	27424767	peak_3147	553	.	210.868134	3.776148	-1	79	chr20	28559375	28603092	ENSG00000291100	.	-	ENSG00000291100.2	1134609
chr20	27504628	27504901	peak_3148	1000	.	460.286224	5.992500	-1	105	chr20	28559375	28603092	ENSG00000291100	.	-	ENSG00000291100.2	1054475
chr20	27552295	27552852	peak_3149	370	.	206.329834	3.776148	-1	25	chr20	28559375	28603092	ENSG00000291100	.	-	ENSG00000291100.2	1006524
chr20	27559392	27559771	peak_3150	602	.	228.030487	4.395352	-1	144	chr20	28559375	28603092	ENSG00000291100	.	-	ENSG00000291100.2	999605
chr20	27585415	27586010	peak_3151	396	.	235.570480	3.776148	-1	319	chr20	28559375	28603092	ENSG00000291100	.	-	ENSG00000291100.2	973366
chr20	27647904	27648911	peak_3152	305	.	306.816498	3.776148	-1	649	chr20	28559375	28603092	ENSG00000291100	.	-	ENSG00000291100.2	910465
chr20	27658514	27659134	peak_3153	443	.	274.575317	4.105179	-1	587	chr20	28559375	28603092	ENSG00000291100	.	-	ENSG00000291100.2	900242
chr20	27710896	27711744	peak_3154	255	.	215.986542	3.394254	-1	339	chr20	28559375	28603092	ENSG00000291100	.	-	ENSG00000291100.2	847632
chr20	27790104	27790539	peak_3155	476	.	207.044830	4.395352	-1	111	chr20	28559375	28603092	ENSG00000291100	.	-	ENSG00000291100.2	768837
chr20	27926859	27927181	peak_3156	705	.	227.030304	4.105179	-1	67	chr20	28559375	28603092	ENSG00000291100	.	-	ENSG00000291100.2	632195
chr20	27958447	27959239	peak_3157	267	.	211.232147	3.394254	-1	295	chr20	28559375	28603092	ENSG00000291100	.	-	ENSG00000291100.2	600137
chr20	27990472	27991089	peak_3158	406	.	250.353882	3.394254	-1	53	chr20	28559375	28603092	ENSG00000291100	.	-	ENSG00000291100.2	568287
chr20	28000216	28000667	peak_3159	496	.	223.891052	3.776148	-1	419	chr20	28559375	28603092	ENSG00000291100	.	-	ENSG00000291100.2	558709
chr20	28041200	28041558	peak_3160	645	.	230.770004	4.395352	-1	35	chr20	28559375	28603092	ENSG00000291100	.	-	ENSG00000291100.2	517818
chr20	28078051	28078620	peak_3161	387	.	220.218918	4.105179	-1	356	chr20	28559375	28603092	ENSG00000291100	.	-	ENSG00000291100.2	480756
chr20	28079681	28080428	peak_3162	333	.	248.477570	3.776148	-1	309	chr20	28559375	28603092	ENSG00000291100	.	-	ENSG00000291100.2	478948
chr20	28102581	28103307	peak_3163	397	.	288.325806	3.776148	-1	31	chr20	28559375	28603092	ENSG00000291100	.	-	ENSG00000291100.2	456069
chr20	28205721	28206093	peak_3164	836	.	311.176666	8.010967	-1	178	chr20	28559375	28603092	ENSG00000291100	.	-	ENSG00000291100.2	353283
chr20	28237806	28238205	peak_3165	676	.	269.905884	4.395352	-1	366	chr20	28559375	28603092	ENSG00000291100	.	-	ENSG00000291100.2	321171
chr20	28308126	28308189	peak_3166	1000	.	254.906387	7.767279	-1	29	chr20	28559375	28603092	ENSG00000291100	.	-	ENSG00000291100.2	251187
chr20	28467407	28467626	peak_3167	951	.	208.307709	4.105179	-1	32	chr20	28559375	28603092	ENSG00000291100	.	-	ENSG00000291100.2	91750
chr20	28494642	28496000	peak_3168	1000	.	3125.080566	7.007426	-1	1016	chr20	28559375	28603092	ENSG00000291100	.	-	ENSG00000291100.2	63376
chr20	28496113	28497100	peak_3169	1000	.	1419.721802	6.784213	-1	867	chr20	28559375	28603092	ENSG00000291100	.	-	ENSG00000291100.2	62276
chr20	28497227	28497585	peak_3170	1000	.	547.883240	6.897870	-1	322	chr20	28559375	28603092	ENSG00000291100	.	-	ENSG00000291100.2	61791
chr20	28497760	28498317	peak_3171	1000	.	982.912781	7.007426	-1	293	chr20	28559375	28603092	ENSG00000291100	.	-	ENSG00000291100.2	61059
chr20	28498457	28498938	peak_3172	802	.	385.690613	5.309801	-1	192	chr20	28559375	28603092	ENSG00000291100	.	-	ENSG00000291100.2	60438
chr20	28507355	28507956	peak_3173	375	.	225.625183	3.776148	-1	185	chr20	28559375	28603092	ENSG00000291100	.	-	ENSG00000291100.2	51420
chr20	28509808	28510612	peak_3174	467	.	375.146027	4.105179	-1	334	chr20	28559375	28603092	ENSG00000291100	.	-	ENSG00000291100.2	48764
chr20	28511851	28512652	peak_3175	384	.	307.497833	3.394254	-1	243	chr20	28559375	28603092	ENSG00000291100	.	-	ENSG00000291100.2	46724
chr20	28512807	28514400	peak_3176	678	.	1080.343262	7.503445	-1	844	chr20	28559375	28603092	ENSG00000291100	.	-	ENSG00000291100.2	44976
chr20	28515014	28515707	peak_3177	352	.	243.631638	4.395352	-1	394	chr20	28559375	28603092	ENSG00000291100	.	-	ENSG00000291100.2	43669
chr20	28517075	28517972	peak_3178	440	.	394.983704	4.105179	-1	512	chr20	28559375	28603092	ENSG00000291100	.	-	ENSG00000291100.2	41404
chr20	28520291	28520805	peak_3179	468	.	240.522766	4.395352	-1	389	chr20	28559375	28603092	ENSG00000291100	.	-	ENSG00000291100.2	38571
chr20	28522121	28522971	peak_3180	337	.	286.539001	4.105179	-1	74	chr20	28559375	28603092	ENSG00000291100	.	-	ENSG00000291100.2	36405
chr20	28523137	28523693	peak_3181	416	.	231.301224	4.655616	-1	402	chr20	28559375	28603092	ENSG00000291100	.	-	ENSG00000291100.2	35683
chr20	28524054	28524484	peak_3182	465	.	200.028748	3.776148	-1	95	chr20	28559375	28603092	ENSG00000291100	.	-	ENSG00000291100.2	34892
chr20	28528181	28528841	peak_3183	346	.	228.305054	4.655616	-1	307	chr20	28559375	28603092	ENSG00000291100	.	-	ENSG00000291100.2	30535
chr20	28529878	28530388	peak_3184	437	.	222.857803	4.105179	-1	415	chr20	28559375	28603092	ENSG00000291100	.	-	ENSG00000291100.2	28988
chr20	28530618	28531652	peak_3185	445	.	459.987762	4.395352	-1	877	chr20	28559375	28603092	ENSG00000291100	.	-	ENSG00000291100.2	27724
chr20	28534401	28534790	peak_3186	553	.	215.071060	4.655616	-1	109	chr20	28559375	28603092	ENSG00000291100	.	-	ENSG00000291100.2	24586
chr20	28535639	28536120	peak_3187	465	.	223.881195	4.105179	-1	48	chr20	28559375	28603092	ENSG00000291100	.	-	ENSG00000291100.2	23256
chr20	28537268	28538405	peak_3188	470	.	534.137817	3.776148	-1	23	chr20	28559375	28603092	ENSG00000291100	.	-	ENSG00000291100.2	20971
chr20	28538957	28540206	peak_3189	363	.	453.138245	4.655616	-1	956	chr20	28559375	28603092	ENSG00000291100	.	-	ENSG00000291100.2	19170
chr20	28540908	28542122	peak_3190	358	.	434.607452	3.776148	-1	1083	chr20	28559375	28603092	ENSG00000291100	.	-	ENSG00000291100.2	17254
chr20	28543106	28544097	peak_3191	442	.	438.147064	4.395352	-1	959	chr20	28559375	28603092	ENSG00000291100	.	-	ENSG00000291100.2	15279
chr20	28546993	28547399	peak_3192	968	.	392.969666	5.836737	-1	207	chr20	28559375	28603092	ENSG00000291100	.	-	ENSG00000291100.2	11977
chr20	28548703	28549099	peak_3193	960	.	380.154144	5.496779	-1	362	chr20	28559375	28603092	ENSG00000291100	.	-	ENSG00000291100.2	10277
chr20	28549765	28550071	peak_3194	845	.	258.713654	4.395352	-1	31	chr20	28559375	28603092	ENSG00000291100	.	-	ENSG00000291100.2	9305
chr20	28552885	28553237	peak_3195	768	.	270.434631	5.109050	-1	180	chr20	28559375	28603092	ENSG00000291100	.	-	ENSG00000291100.2	6139
chr20	28553480	28553980	peak_3196	634	.	317.142853	4.395352	-1	356	chr20	28559375	28603092	ENSG00000291100	.	-	ENSG00000291100.2	5396
chr20	28560373	28561109	peak_3197	413	.	303.826874	5.109050	-1	525	chr20	28559375	28603092	ENSG00000291100	.	-	ENSG00000291100.2	0
chr20	28643661	28645759	peak_3198	810	.	1699.309570	5.309801	-1	452	chr20	28559375	28603092	ENSG00000291100	.	-	ENSG00000291100.2	40570
chr20	28781390	28781854	peak_3199	553	.	256.780853	4.655616	-1	120	chr20	28559375	28603092	ENSG00000291100	.	-	ENSG00000291100.2	178299
chr20	28785068	28785759	peak_3200	416	.	287.185394	4.655616	-1	580	chr20	28559375	28603092	ENSG00000291100	.	-	ENSG00000291100.2	181977
chr20	28806168	28806664	peak_3201	689	.	341.848297	4.395352	-1	170	chr20	28559375	28603092	ENSG00000291100	.	-	ENSG00000291100.2	203077
chr20	28822570	28822738	peak_3202	1000	.	219.165344	5.671912	-1	77	chr20	28559375	28603092	ENSG00000291100	.	-	ENSG00000291100.2	219479
chr20	28824479	28825462	peak_3203	368	.	361.704315	4.105179	-1	738	chr20	28559375	28603092	ENSG00000291100	.	-	ENSG00000291100.2	221388
chr20	28831628	28832200	peak_3204	350	.	200.357651	4.105179	-1	125	chr20	28559375	28603092	ENSG00000291100	.	-	ENSG00000291100.2	228537
chr20	28841780	28842349	peak_3205	580	.	329.950378	5.109050	-1	355	chr20	29080190	29119735	ENSG00000303016	.	+	ENSG00000303016.1	237842
chr20	28842655	28843376	peak_3206	888	.	640.026672	4.395352	-1	686	chr20	29080190	29119735	ENSG00000303016	.	+	ENSG00000303016.1	236815
chr20	28871365	28871796	peak_3207	507	.	218.302383	3.776148	-1	67	chr20	29080190	29119735	ENSG00000303016	.	+	ENSG00000303016.1	208395
chr20	28888002	28888508	peak_3208	539	.	272.840149	4.105179	-1	93	chr20	29080190	29119735	ENSG00000303016	.	+	ENSG00000303016.1	191683
chr20	28889221	28889469	peak_3209	953	.	236.277588	4.105179	-1	27	chr20	29080190	29119735	ENSG00000303016	.	+	ENSG00000303016.1	190722
chr20	28889593	28890310	peak_3210	1000	.	1048.023926	6.897870	-1	168	chr20	29080190	29119735	ENSG00000303016	.	+	ENSG00000303016.1	189881
chr20	28897245	28898974	peak_3211	1000	.	3636.415039	15.614188	-1	186	chr20	29080190	29119735	ENSG00000303016	.	+	ENSG00000303016.1	181217
chr20	28949693	28950332	peak_3212	452	.	288.549744	5.309801	-1	18	chr20	29080190	29119735	ENSG00000303016	.	+	ENSG00000303016.1	129859
chr20	29056561	29057087	peak_3213	434	.	228.085358	3.776148	-1	501	chr20	29080190	29119735	ENSG00000303016	.	+	ENSG00000303016.1	23104
chr20	29084642	29085197	peak_3214	478	.	265.380005	4.655616	-1	120	chr20	29080190	29119735	ENSG00000303016	.	+	ENSG00000303016.1	0
chr20	29084642	29085197	peak_3214	478	.	265.380005	4.655616	-1	120	chr20	29080389	29102761	FRG1DP	.	+	ENSG00000282870.1	0
chr20	29088396	29088774	peak_3215	639	.	241.573349	4.105179	-1	326	chr20	29080190	29119735	ENSG00000303016	.	+	ENSG00000303016.1	0
chr20	29088396	29088774	peak_3215	639	.	241.573349	4.105179	-1	326	chr20	29080389	29102761	FRG1DP	.	+	ENSG00000282870.1	0
chr20	29119759	29120723	peak_3216	283	.	273.151733	4.105179	-1	101	chr20	29080190	29119735	ENSG00000303016	.	+	ENSG00000303016.1	25
chr20	29121872	29122528	peak_3217	330	.	216.633118	3.776148	-1	638	chr20	29080190	29119735	ENSG00000303016	.	+	ENSG00000303016.1	2138
chr20	29122833	29123002	peak_3218	1000	.	237.930603	4.892064	-1	28	chr20	29080190	29119735	ENSG00000303016	.	+	ENSG00000303016.1	3099
chr20	29228916	29229436	peak_3219	449	.	233.249084	4.105179	-1	114	chr20	29297094	29297246	5_8S_rRNA	.	-	ENSG00000283568.1	67659
chr20	29262673	29262890	peak_3220	1000	.	260.486847	4.892064	-1	30	chr20	29297094	29297246	5_8S_rRNA	.	-	ENSG00000283568.1	34205
chr20	29263000	29263677	peak_3221	600	.	406.322998	4.892064	-1	581	chr20	29297094	29297246	5_8S_rRNA	.	-	ENSG00000283568.1	33418
chr20	29298516	29299161	peak_3222	541	.	348.684906	4.892064	-1	264	chr20	29297094	29297246	5_8S_rRNA	.	-	ENSG00000283568.1	1271
chr20	29299453	29299634	peak_3223	1000	.	253.352112	5.309801	-1	120	chr20	29297094	29297246	5_8S_rRNA	.	-	ENSG00000283568.1	2208
chr20	29305126	29306025	peak_3224	671	.	603.529724	5.992500	-1	446	chr20	29297094	29297246	5_8S_rRNA	.	-	ENSG00000283568.1	7881
chr20	29310302	29310427	peak_3225	1000	.	252.480804	6.543151	-1	27	chr20	29318823	29319579	DUX4L32	.	+	ENSG00000283069.1	8397
chr20	29330415	29330707	peak_3226	812	.	237.242142	4.105179	-1	169	chr20	29324091	29325049	DUX4L33	.	+	ENSG00000282894.1	5367
chr20	29344202	29344673	peak_3227	438	.	206.413162	4.655616	-1	144	chr20	29324091	29325049	DUX4L33	.	+	ENSG00000282894.1	19154
chr20	29455558	29455985	peak_3228	555	.	236.835007	4.105179	-1	184	chr20	29410106	29476556	ENSG00000296281	.	+	ENSG00000296281.1	0
chr20	29498693	29499208	peak_3229	514	.	264.803864	3.776148	-1	491	chr20	29458183	29497577	ENSG00000296299	.	-	ENSG00000296299.1	1117
chr20	29751138	29751560	peak_3230	520	.	219.349258	5.496779	-1	395	chr20	29752924	29763666	ENSG00000299433	.	+	ENSG00000299433.1	1365
chr20	29754052	29754505	peak_3231	468	.	212.214081	4.105179	-1	178	chr20	29752924	29763666	ENSG00000299433	.	+	ENSG00000299433.1	0
chr20	29877008	29877489	peak_3232	454	.	218.529068	3.394254	-1	24	chr20	29877303	29878333	ENSG00000301745	.	-	ENSG00000301745.1	0
chr20	29883587	29884031	peak_3233	996	.	442.337372	5.496779	-1	356	chr20	29878635	29879363	DUX4L37	.	-	ENSG00000283020.1	4225
chr20	30501290	30501650	peak_3234	986	.	354.812836	5.309801	-1	83	chr20	30484924	30485076	5_8S_rRNA	.	-	ENSG00000275877.1	16215
chr20	30503200	30503351	peak_3235	1000	.	307.552765	7.314430	-1	34	chr20	30484924	30485076	5_8S_rRNA	.	-	ENSG00000275877.1	18125
chr20	30503495	30503624	peak_3236	1000	.	346.475891	7.767279	-1	33	chr20	30484924	30485076	5_8S_rRNA	.	-	ENSG00000275877.1	18420
chr20	30504020	30504108	peak_3237	1000	.	263.070831	7.314430	-1	31	chr20	30484924	30485076	5_8S_rRNA	.	-	ENSG00000275877.1	18945
chr20	30504930	30504984	peak_3238	1000	.	209.007156	7.215447	-1	30	chr20	30484924	30485076	5_8S_rRNA	.	-	ENSG00000275877.1	19855
chr20	30515662	30516047	peak_3239	530	.	203.884720	4.655616	-1	26	chr20	30537585	30571362	ENSG00000290901	.	+	ENSG00000290901.2	21539
chr20	30866357	30866811	peak_3240	688	.	312.337952	5.496779	-1	162	chr20	30889843	30912791	ENSG00000298069	.	-	ENSG00000298069.1	23033
chr20	31051505	31076586	peak_3241	1000	.	94316.218750	15.217896	-1	4536	chr20	30889843	30912791	ENSG00000298069	.	-	ENSG00000298069.1	138715
chr20	31078017	31078129	peak_3242	1000	.	200.840530	5.109050	-1	84	chr20	30889843	30912791	ENSG00000298069	.	-	ENSG00000298069.1	165227
chr20	31080313	31080387	peak_3243	1000	.	278.979828	7.931771	-1	32	chr20	30889843	30912791	ENSG00000298069	.	-	ENSG00000298069.1	167523
chr20	31083082	31083550	peak_3244	1000	.	621.807129	6.666107	-1	377	chr20	30889843	30912791	ENSG00000298069	.	-	ENSG00000298069.1	170292
chr20	31085708	31085939	peak_3245	1000	.	251.043808	5.671912	-1	124	chr20	31257663	31259632	DEFB115	.	+	ENSG00000215547.1	171725
chr20	31086783	31087178	peak_3246	1000	.	572.353882	8.237581	-1	159	chr20	31257663	31259632	DEFB115	.	+	ENSG00000215547.1	170486
chr20	31087316	31087827	peak_3247	925	.	472.752045	8.010967	-1	481	chr20	31257663	31259632	DEFB115	.	+	ENSG00000215547.1	169837
chr20	31088444	31088520	peak_3248	1000	.	212.008163	6.414886	-1	40	chr20	31257663	31259632	DEFB115	.	+	ENSG00000215547.1	169144
chr20	31090088	31091137	peak_3249	758	.	795.069763	7.593853	-1	101	chr20	31257663	31259632	DEFB115	.	+	ENSG00000215547.1	166527
chr20	31091246	31091648	peak_3250	628	.	252.385361	5.671912	-1	187	chr20	31257663	31259632	DEFB115	.	+	ENSG00000215547.1	166016
chr20	31092109	31092163	peak_3251	1000	.	289.668518	9.014750	-1	28	chr20	31257663	31259632	DEFB115	.	+	ENSG00000215547.1	165501
chr20	31092516	31092589	peak_3252	1000	.	242.189224	7.215447	-1	38	chr20	31257663	31259632	DEFB115	.	+	ENSG00000215547.1	165075
chr20	31092779	31093376	peak_3253	1000	.	694.051147	9.128480	-1	253	chr20	31257663	31259632	DEFB115	.	+	ENSG00000215547.1	164288
chr20	31095496	31095733	peak_3254	989	.	234.391724	6.280785	-1	26	chr20	31257663	31259632	DEFB115	.	+	ENSG00000215547.1	161931
chr20	31095851	31096072	peak_3255	1000	.	296.829956	8.380379	-1	188	chr20	31257663	31259632	DEFB115	.	+	ENSG00000215547.1	161592
chr20	31096184	31096542	peak_3256	1000	.	435.448181	6.280785	-1	328	chr20	31257663	31259632	DEFB115	.	+	ENSG00000215547.1	161122
chr20	31097502	31097621	peak_3257	1000	.	220.458679	7.410364	-1	14	chr20	31257663	31259632	DEFB115	.	+	ENSG00000215547.1	160043
chr20	31097924	31098027	peak_3258	1000	.	224.917633	6.666107	-1	30	chr20	31257663	31259632	DEFB115	.	+	ENSG00000215547.1	159637
chr20	31098417	31098779	peak_3259	1000	.	568.701721	7.410364	-1	114	chr20	31257663	31259632	DEFB115	.	+	ENSG00000215547.1	158885
chr20	31099156	31099261	peak_3260	1000	.	255.796356	6.140231	-1	35	chr20	31257663	31259632	DEFB115	.	+	ENSG00000215547.1	158403
chr20	31100544	31100786	peak_3261	1000	.	351.208893	9.128480	-1	97	chr20	31257663	31259632	DEFB115	.	+	ENSG00000215547.1	156878
chr20	31103083	31103228	peak_3262	1000	.	281.568878	7.215447	-1	25	chr20	31257663	31259632	DEFB115	.	+	ENSG00000215547.1	154436
chr20	31104502	31104613	peak_3263	1000	.	239.291840	6.543151	-1	70	chr20	31257663	31259632	DEFB115	.	+	ENSG00000215547.1	153051
chr20	31105982	31106242	peak_3264	1000	.	597.941345	7.593853	-1	34	chr20	31257663	31259632	DEFB115	.	+	ENSG00000215547.1	151422
chr20	31106398	31106936	peak_3265	1000	.	726.911194	7.681748	-1	386	chr20	31257663	31259632	DEFB115	.	+	ENSG00000215547.1	150728
chr20	31157035	31159105	peak_3266	1000	.	6418.881348	12.658534	-1	723	chr20	31257663	31259632	DEFB115	.	+	ENSG00000215547.1	98559
chr20	31161674	31161867	peak_3267	1000	.	221.914536	5.836737	-1	161	chr20	31257663	31259632	DEFB115	.	+	ENSG00000215547.1	95797
chr20	31162001	31162627	peak_3268	782	.	489.732422	6.897870	-1	298	chr20	31257663	31259632	DEFB115	.	+	ENSG00000215547.1	95037
chr20	31162797	31163150	peak_3269	996	.	351.763428	6.140231	-1	319	chr20	31257663	31259632	DEFB115	.	+	ENSG00000215547.1	94514
chr20	31163701	31164182	peak_3270	825	.	396.640320	7.314430	-1	326	chr20	31257663	31259632	DEFB115	.	+	ENSG00000215547.1	93482
chr20	31164698	31165112	peak_3271	1000	.	488.858246	7.113194	-1	361	chr20	31257663	31259632	DEFB115	.	+	ENSG00000215547.1	92552
chr20	31165403	31166065	peak_3272	1000	.	685.185608	7.767279	-1	530	chr20	31257663	31259632	DEFB115	.	+	ENSG00000215547.1	91599
chr20	31166321	31166501	peak_3273	1000	.	340.927429	8.712543	-1	74	chr20	31257663	31259632	DEFB115	.	+	ENSG00000215547.1	91163
chr20	31166614	31166958	peak_3274	1000	.	776.484619	9.292295	-1	76	chr20	31257663	31259632	DEFB115	.	+	ENSG00000215547.1	90706
chr20	31167116	31168577	peak_3275	862	.	1259.166260	7.681748	-1	1094	chr20	31257663	31259632	DEFB115	.	+	ENSG00000215547.1	89087
chr20	31168774	31168911	peak_3276	1000	.	222.385422	5.496779	-1	25	chr20	31257663	31259632	DEFB115	.	+	ENSG00000215547.1	88753
chr20	31169635	31169899	peak_3277	968	.	255.498062	5.836737	-1	68	chr20	31257663	31259632	DEFB115	.	+	ENSG00000215547.1	87765
chr20	31171205	31171640	peak_3278	1000	.	853.326721	10.012437	-1	333	chr20	31257663	31259632	DEFB115	.	+	ENSG00000215547.1	86024
chr20	31171788	31171982	peak_3279	1000	.	296.976288	8.163781	-1	102	chr20	31257663	31259632	DEFB115	.	+	ENSG00000215547.1	85682
chr20	31172519	31173315	peak_3280	713	.	567.906677	7.503445	-1	18	chr20	31257663	31259632	DEFB115	.	+	ENSG00000215547.1	84349
chr20	31173732	31174107	peak_3281	590	.	221.280609	4.105179	-1	100	chr20	31257663	31259632	DEFB115	.	+	ENSG00000215547.1	83557
chr20	31174416	31175173	peak_3282	1000	.	1034.241699	9.183957	-1	46	chr20	31257663	31259632	DEFB115	.	+	ENSG00000215547.1	82491
chr20	31176528	31176832	peak_3283	1000	.	786.500488	8.583626	-1	65	chr20	31257663	31259632	DEFB115	.	+	ENSG00000215547.1	80832
chr20	31177494	31177681	peak_3284	1000	.	270.911102	6.666107	-1	75	chr20	31257663	31259632	DEFB115	.	+	ENSG00000215547.1	79983
chr20	31177924	31178752	peak_3285	1000	.	853.835754	8.163781	-1	712	chr20	31257663	31259632	DEFB115	.	+	ENSG00000215547.1	78912
chr20	31179762	31179850	peak_3286	1000	.	209.018356	6.414886	-1	58	chr20	31257663	31259632	DEFB115	.	+	ENSG00000215547.1	77814
chr20	31180985	31181360	peak_3287	1000	.	484.068512	6.280785	-1	163	chr20	31257663	31259632	DEFB115	.	+	ENSG00000215547.1	76304
chr20	31181478	31181894	peak_3288	781	.	324.704041	5.836737	-1	351	chr20	31257663	31259632	DEFB115	.	+	ENSG00000215547.1	75770
chr20	31183348	31183535	peak_3289	1000	.	301.021088	8.088272	-1	35	chr20	31257663	31259632	DEFB115	.	+	ENSG00000215547.1	74129
chr20	31183726	31187410	peak_3290	1000	.	10694.427734	15.101007	-1	3484	chr20	31257663	31259632	DEFB115	.	+	ENSG00000215547.1	70254
chr20	31187512	31187634	peak_3291	1000	.	489.945129	9.292295	-1	17	chr20	31257663	31259632	DEFB115	.	+	ENSG00000215547.1	70030
chr20	31187780	31188078	peak_3292	933	.	277.916321	4.892064	-1	91	chr20	31257663	31259632	DEFB115	.	+	ENSG00000215547.1	69586
chr20	31188195	31188493	peak_3293	1000	.	374.691589	6.784213	-1	88	chr20	31257663	31259632	DEFB115	.	+	ENSG00000215547.1	69171
chr20	31188611	31189017	peak_3294	665	.	269.822571	5.992500	-1	339	chr20	31257663	31259632	DEFB115	.	+	ENSG00000215547.1	68647
chr20	31189200	31189586	peak_3295	1000	.	638.063599	7.410364	-1	33	chr20	31257663	31259632	DEFB115	.	+	ENSG00000215547.1	68078
chr20	31190698	31191396	peak_3296	830	.	579.248108	7.007426	-1	315	chr20	31257663	31259632	DEFB115	.	+	ENSG00000215547.1	66268
chr20	31191639	31192061	peak_3297	518	.	218.424423	3.776148	-1	393	chr20	31257663	31259632	DEFB115	.	+	ENSG00000215547.1	65603
chr20	31192832	31192967	peak_3298	1000	.	408.351624	9.549155	-1	35	chr20	31257663	31259632	DEFB115	.	+	ENSG00000215547.1	64697
chr20	31193843	31194617	peak_3299	1000	.	898.935913	10.498986	-1	670	chr20	31257663	31259632	DEFB115	.	+	ENSG00000215547.1	63047
chr20	31195025	31195415	peak_3300	853	.	332.811279	4.892064	-1	152	chr20	31257663	31259632	DEFB115	.	+	ENSG00000215547.1	62249
chr20	31196969	31197037	peak_3301	1000	.	211.824936	6.666107	-1	35	chr20	31257663	31259632	DEFB115	.	+	ENSG00000215547.1	60627
chr20	31198224	31198773	peak_3302	951	.	522.066406	7.503445	-1	218	chr20	31257663	31259632	DEFB115	.	+	ENSG00000215547.1	58891
chr20	31199320	31199373	peak_3303	1000	.	282.253021	9.128480	-1	26	chr20	31257663	31259632	DEFB115	.	+	ENSG00000215547.1	58291
chr20	31199509	31199604	peak_3304	1000	.	252.365189	5.992500	-1	69	chr20	31257663	31259632	DEFB115	.	+	ENSG00000215547.1	58060
chr20	31201136	31201691	peak_3305	1000	.	892.770203	6.543151	-1	394	chr20	31257663	31259632	DEFB115	.	+	ENSG00000215547.1	55973
chr20	31203208	31203497	peak_3306	903	.	260.966980	6.414886	-1	268	chr20	31257663	31259632	DEFB115	.	+	ENSG00000215547.1	54167
chr20	31203658	31204013	peak_3307	786	.	279.015381	7.007426	-1	321	chr20	31257663	31259632	DEFB115	.	+	ENSG00000215547.1	53651
chr20	31204648	31205208	peak_3308	1000	.	733.244873	9.549155	-1	98	chr20	31257663	31259632	DEFB115	.	+	ENSG00000215547.1	52456
chr20	31205457	31205986	peak_3309	710	.	375.597534	8.088272	-1	494	chr20	31257663	31259632	DEFB115	.	+	ENSG00000215547.1	51678
chr20	31208237	31208976	peak_3310	1000	.	854.017212	7.681748	-1	108	chr20	31257663	31259632	DEFB115	.	+	ENSG00000215547.1	48688
chr20	31210268	31210318	peak_3311	1000	.	251.113556	8.309755	-1	20	chr20	31257663	31259632	DEFB115	.	+	ENSG00000215547.1	47346
chr20	31210676	31210746	peak_3312	1000	.	208.760056	6.543151	-1	35	chr20	31257663	31259632	DEFB115	.	+	ENSG00000215547.1	46918
chr20	31210932	31211367	peak_3313	1000	.	587.865479	8.897087	-1	260	chr20	31257663	31259632	DEFB115	.	+	ENSG00000215547.1	46297
chr20	31213668	31213839	peak_3314	1000	.	266.613098	5.836737	-1	32	chr20	31257663	31259632	DEFB115	.	+	ENSG00000215547.1	43825
chr20	31214018	31214241	peak_3315	1000	.	321.921936	8.309755	-1	192	chr20	31257663	31259632	DEFB115	.	+	ENSG00000215547.1	43423
chr20	31214351	31214409	peak_3316	1000	.	302.307617	9.128480	-1	25	chr20	31257663	31259632	DEFB115	.	+	ENSG00000215547.1	43255
chr20	31215634	31215717	peak_3317	1000	.	295.361328	8.010967	-1	57	chr20	31257663	31259632	DEFB115	.	+	ENSG00000215547.1	41947
chr20	31216578	31217043	peak_3318	854	.	397.129486	7.113194	-1	135	chr20	31257663	31259632	DEFB115	.	+	ENSG00000215547.1	40621
chr20	31217210	31217426	peak_3319	964	.	208.161591	5.496779	-1	140	chr20	31257663	31259632	DEFB115	.	+	ENSG00000215547.1	40238
chr20	31218726	31219023	peak_3320	1000	.	360.881317	8.309755	-1	85	chr20	31257663	31259632	DEFB115	.	+	ENSG00000215547.1	38641
chr20	31221151	31221385	peak_3321	1000	.	323.348541	7.314430	-1	129	chr20	31257663	31259632	DEFB115	.	+	ENSG00000215547.1	36279
chr20	31221559	31221774	peak_3322	983	.	211.356400	4.655616	-1	20	chr20	31257663	31259632	DEFB115	.	+	ENSG00000215547.1	35890
chr20	31222527	31222754	peak_3323	1000	.	250.684036	7.113194	-1	198	chr20	31257663	31259632	DEFB115	.	+	ENSG00000215547.1	34910
chr20	31224072	31224358	peak_3324	1000	.	621.339966	8.956428	-1	94	chr20	31257663	31259632	DEFB115	.	+	ENSG00000215547.1	33306
chr20	31224519	31224761	peak_3325	1000	.	269.085205	6.140231	-1	115	chr20	31257663	31259632	DEFB115	.	+	ENSG00000215547.1	32903
chr20	31224901	31225042	peak_3326	1000	.	299.480530	6.543151	-1	35	chr20	31257663	31259632	DEFB115	.	+	ENSG00000215547.1	32622
chr20	31225169	31225372	peak_3327	1000	.	246.788589	6.414886	-1	177	chr20	31257663	31259632	DEFB115	.	+	ENSG00000215547.1	32292
chr20	31225535	31225622	peak_3328	1000	.	219.596420	6.414886	-1	29	chr20	31257663	31259632	DEFB115	.	+	ENSG00000215547.1	32042
chr20	31225818	31226096	peak_3329	1000	.	658.425964	10.683888	-1	244	chr20	31257663	31259632	DEFB115	.	+	ENSG00000215547.1	31568
chr20	31226303	31226582	peak_3330	1000	.	381.470306	7.850579	-1	53	chr20	31257663	31259632	DEFB115	.	+	ENSG00000215547.1	31082
chr20	31226693	31227652	peak_3331	681	.	653.501526	6.140231	-1	111	chr20	31257663	31259632	DEFB115	.	+	ENSG00000215547.1	30012
chr20	31227792	31228030	peak_3332	1000	.	560.121582	9.183957	-1	32	chr20	31257663	31259632	DEFB115	.	+	ENSG00000215547.1	29634
chr20	31228462	31228769	peak_3333	744	.	228.441284	4.892064	-1	169	chr20	31257663	31259632	DEFB115	.	+	ENSG00000215547.1	28895
chr20	31228870	31229151	peak_3334	1000	.	457.134430	6.543151	-1	27	chr20	31257663	31259632	DEFB115	.	+	ENSG00000215547.1	28513
chr20	31229326	31229809	peak_3335	1000	.	486.692261	5.836737	-1	159	chr20	31257663	31259632	DEFB115	.	+	ENSG00000215547.1	27855
chr20	31229961	31230928	peak_3336	1000	.	1827.574097	11.850690	-1	35	chr20	31257663	31259632	DEFB115	.	+	ENSG00000215547.1	26736
chr20	31231555	31232269	peak_3337	1000	.	765.997864	5.671912	-1	231	chr20	31257663	31259632	DEFB115	.	+	ENSG00000215547.1	25395
chr20	31232421	31232739	peak_3338	917	.	291.571625	5.309801	-1	261	chr20	31257663	31259632	DEFB115	.	+	ENSG00000215547.1	24925
chr20	31232956	31234266	peak_3339	1000	.	1353.977783	7.410364	-1	1090	chr20	31257663	31259632	DEFB115	.	+	ENSG00000215547.1	23398
chr20	31235090	31235266	peak_3340	1000	.	506.232788	7.593853	-1	95	chr20	31257663	31259632	DEFB115	.	+	ENSG00000215547.1	22398
chr20	31235554	31236173	peak_3341	584	.	361.748444	4.105179	-1	460	chr20	31257663	31259632	DEFB115	.	+	ENSG00000215547.1	21491
chr20	31236311	31236668	peak_3342	1000	.	358.966614	4.892064	-1	345	chr20	31257663	31259632	DEFB115	.	+	ENSG00000215547.1	20996
chr20	31236993	31237238	peak_3343	1000	.	322.399414	5.496779	-1	33	chr20	31257663	31259632	DEFB115	.	+	ENSG00000215547.1	20426
chr20	31237363	31237873	peak_3344	1000	.	580.145813	7.007426	-1	481	chr20	31257663	31259632	DEFB115	.	+	ENSG00000215547.1	19791
chr20	31239170	31239589	peak_3345	1000	.	491.382721	6.543151	-1	386	chr20	31257663	31259632	DEFB115	.	+	ENSG00000215547.1	18075
chr20	31240038	31240437	peak_3346	1000	.	489.106293	5.309801	-1	155	chr20	31257663	31259632	DEFB115	.	+	ENSG00000215547.1	17227
chr20	31240569	31241211	peak_3347	924	.	592.978821	7.007426	-1	34	chr20	31257663	31259632	DEFB115	.	+	ENSG00000215547.1	16453
chr20	31241470	31243476	peak_3348	1000	.	3435.305176	9.238552	-1	121	chr20	31257663	31259632	DEFB115	.	+	ENSG00000215547.1	14188
chr20	31244265	31244403	peak_3349	1000	.	471.104706	9.788397	-1	53	chr20	31257663	31259632	DEFB115	.	+	ENSG00000215547.1	13261
chr20	31245023	31245204	peak_3350	1000	.	323.173767	7.007426	-1	35	chr20	31257663	31259632	DEFB115	.	+	ENSG00000215547.1	12460
chr20	32508547	32509065	peak_3351	425	.	220.048889	4.395352	-1	121	chr20	32443058	32585352	NOL4L	.	-	ENSG00000197183.16	0
chr20	32973450	32973789	peak_3352	610	.	206.881943	4.395352	-1	118	chr20	32966883	32967931	ENSG00000296538	.	-	ENSG00000296538.1	5520
chr20	34069302	34069940	peak_3353	390	.	248.618927	3.776148	-1	399	chr20	33993631	34108308	RALY	.	+	ENSG00000125970.14	0
chr20	39246044	39246740	peak_3354	381	.	265.184601	4.395352	-1	287	chr20	39050265	39401661	ENSG00000300599	.	+	ENSG00000300599.1	0
chr20	44475370	44475846	peak_3355	435	.	207.225647	4.655616	-1	441	chr20	44470526	44494604	TTPAL	.	+	ENSG00000124120.13	0
chr20	44886730	44887196	peak_3356	437	.	203.757324	4.105179	-1	321	chr20	44885675	44908715	YWHAB	.	+	ENSG00000166913.15	0
chr20	47894726	47895381	peak_3357	770	.	504.172119	4.892064	-1	620	chr20	47894364	47900197	ENSG00000300251	.	-	ENSG00000300251.2	0
chr20	50478295	50478670	peak_3358	568	.	212.901581	4.105179	-1	122	chr20	50479766	50479991	COX6CP2	.	+	ENSG00000231715.1	1097
chr20	53753276	53753965	peak_3359	339	.	233.252350	3.776148	-1	335	chr20	53725536	53741797	ENSG00000287886	.	+	ENSG00000287886.2	11480
chr20	54194730	54195140	peak_3360	499	.	204.591858	3.776148	-1	183	chr20	54059119	54190210	ENSG00000286587	.	+	ENSG00000286587.2	4521
chr20	58172249	58172653	peak_3361	556	.	224.496521	4.395352	-1	35	chr20	58163921	58179719	ENSG00000306557	.	-	ENSG00000306557.1	0
chr20	58695130	58695410	peak_3362	1000	.	356.837158	4.655616	-1	131	chr20	58651433	58715410	STX16-NPEPL1	.	+	ENSG00000254995.4	0
chr20	58695130	58695410	peak_3362	1000	.	356.837158	4.655616	-1	131	chr20	58689124	58719238	NPEPL1	.	+	ENSG00000215440.14	0
chr20	59116389	59116800	peak_3363	510	.	209.728729	3.394254	-1	192	chr20	59113223	59113631	MRPS16P2	.	+	ENSG00000232925.2	2759
chr20	59438845	59439261	peak_3364	532	.	221.365082	4.105179	-1	382	chr20	59424996	59445938	ENSG00000307134	.	-	ENSG00000307134.1	0
chr20	59686777	59687113	peak_3365	740	.	248.603897	4.105179	-1	94	chr20	59577469	59847711	PHACTR3	.	+	ENSG00000087495.19	0
chr20	61499312	61499722	peak_3366	505	.	207.153015	3.776148	-1	113	chr20	61252207	61940617	CDH4	.	+	ENSG00000179242.17	0
chr20	61686469	61686815	peak_3367	718	.	248.487549	4.105179	-1	316	chr20	61252207	61940617	CDH4	.	+	ENSG00000179242.17	0
chr20	61839560	61839809	peak_3368	882	.	219.649475	5.309801	-1	54	chr20	61252207	61940617	CDH4	.	+	ENSG00000179242.17	0
chr20	62571080	62571454	peak_3369	607	.	227.131775	4.105179	-1	228	chr20	62550439	62570777	MIR1-1HG	.	+	ENSG00000174407.16	304
chr20	64287027	64287394	peak_3370	992	.	364.091736	7.113194	-1	312	chr20	64254920	64304820	PCMTD2	.	+	ENSG00000203880.15	0
chr21	5217073	5217796	peak_3371	482	.	348.471771	3.776148	-1	253	chr21	5232667	5243903	ENSG00000279669	.	-	ENSG00000279669.2	14872
chr21	5252264	5252803	peak_3372	624	.	336.116241	4.655616	-1	156	chr21	5232667	5243903	ENSG00000279669	.	-	ENSG00000279669.2	8362
chr21	5327313	5328908	peak_3373	1000	.	1960.205933	6.897870	-1	26	chr21	5232667	5243903	ENSG00000279669	.	-	ENSG00000279669.2	83411
chr21	5329036	5330072	peak_3374	753	.	780.434570	5.309801	-1	416	chr21	5232667	5243903	ENSG00000279669	.	-	ENSG00000279669.2	85134
chr21	6565411	6566298	peak_3375	1000	.	1030.274780	5.496779	-1	68	chr21	6499202	6564489	ENSG00000276076	.	+	ENSG00000276076.6	923
chr21	7257159	7261855	peak_3376	1000	.	7577.723145	23.864983	-1	1621	chr21	7139155	7142308	ENSG00000298852	.	-	ENSG00000298852.1	114852
chr21	7915860	7918292	peak_3377	1000	.	2984.583740	9.238552	-1	1984	chr21	7816676	7829632	ENSG00000276289	.	-	ENSG00000276289.6	86229
chr21	7918432	7919080	peak_3378	1000	.	677.620117	7.503445	-1	34	chr21	7816676	7829632	ENSG00000276289	.	-	ENSG00000276289.6	88801
chr21	7919406	7921020	peak_3379	823	.	1327.588501	5.992500	-1	1130	chr21	7816676	7829632	ENSG00000276289	.	-	ENSG00000276289.6	89775
chr21	7921153	7921660	peak_3380	1000	.	518.807617	4.892064	-1	479	chr21	7816676	7829632	ENSG00000276289	.	-	ENSG00000276289.6	91522
chr21	7921908	7924318	peak_3381	864	.	2083.042969	7.593853	-1	1726	chr21	7816676	7829632	ENSG00000276289	.	-	ENSG00000276289.6	92277
chr21	7924430	7925517	peak_3382	1000	.	1243.877197	7.593853	-1	574	chr21	7816676	7829632	ENSG00000276289	.	-	ENSG00000276289.6	94799
chr21	7925621	7927380	peak_3383	1000	.	4984.925781	15.635174	-1	765	chr21	7816676	7829632	ENSG00000276289	.	-	ENSG00000276289.6	95990
chr21	7927632	7929246	peak_3384	996	.	1607.265625	7.007426	-1	1578	chr21	7816676	7829632	ENSG00000276289	.	-	ENSG00000276289.6	98001
chr21	7929372	7929597	peak_3385	1000	.	227.467606	4.655616	-1	197	chr21	7816676	7829632	ENSG00000276289	.	-	ENSG00000276289.6	99741
chr21	7929714	7931556	peak_3386	953	.	1755.999390	6.666107	-1	1192	chr21	7816676	7829632	ENSG00000276289	.	-	ENSG00000276289.6	100083
chr21	7931861	7937950	peak_3387	858	.	5225.175781	6.784213	-1	4892	chr21	7816676	7829632	ENSG00000276289	.	-	ENSG00000276289.6	102230
chr21	7938052	7939472	peak_3388	1000	.	2241.396729	9.598328	-1	277	chr21	7816676	7829632	ENSG00000276289	.	-	ENSG00000276289.6	108421
chr21	7939603	7940281	peak_3389	667	.	452.423126	6.666107	-1	605	chr21	7816676	7829632	ENSG00000276289	.	-	ENSG00000276289.6	109972
chr21	7940990	7942150	peak_3390	868	.	1006.485657	6.140231	-1	589	chr21	7816676	7829632	ENSG00000276289	.	-	ENSG00000276289.6	111359
chr21	7942259	7942978	peak_3391	1000	.	855.738953	9.924512	-1	76	chr21	7816676	7829632	ENSG00000276289	.	-	ENSG00000276289.6	112628
chr21	7943083	7945103	peak_3392	1000	.	2798.762695	10.928026	-1	1401	chr21	7816676	7829632	ENSG00000276289	.	-	ENSG00000276289.6	113452
chr21	7945206	7945588	peak_3393	1000	.	392.070740	6.414886	-1	187	chr21	7816676	7829632	ENSG00000276289	.	-	ENSG00000276289.6	115575
chr21	7945719	7946744	peak_3394	1000	.	1049.560913	5.992500	-1	588	chr21	7816676	7829632	ENSG00000276289	.	-	ENSG00000276289.6	116088
chr21	7946889	7948113	peak_3395	1000	.	1918.504395	7.681748	-1	945	chr21	7816676	7829632	ENSG00000276289	.	-	ENSG00000276289.6	117258
chr21	7948323	7954322	peak_3396	1000	.	8260.512695	8.775187	-1	3368	chr21	7816676	7829632	ENSG00000276289	.	-	ENSG00000276289.6	118692
chr21	7954434	7955205	peak_3397	827	.	637.296631	6.666107	-1	592	chr21	7816676	7829632	ENSG00000276289	.	-	ENSG00000276289.6	124803
chr21	7955328	7955773	peak_3398	698	.	310.798859	5.671912	-1	368	chr21	7816676	7829632	ENSG00000276289	.	-	ENSG00000276289.6	125697
chr21	7955907	7957280	peak_3399	1000	.	1763.791748	7.314430	-1	149	chr21	7816676	7829632	ENSG00000276289	.	-	ENSG00000276289.6	126276
chr21	7957383	7957955	peak_3400	1000	.	765.075867	6.140231	-1	305	chr21	7816676	7829632	ENSG00000276289	.	-	ENSG00000276289.6	127752
chr21	7962665	7963251	peak_3401	375	.	219.623688	4.105179	-1	170	chr21	7816676	7829632	ENSG00000276289	.	-	ENSG00000276289.6	133034
chr21	7963796	7964256	peak_3402	498	.	229.105835	3.394254	-1	155	chr21	7816676	7829632	ENSG00000276289	.	-	ENSG00000276289.6	134165
chr21	8202083	8204743	peak_3403	1000	.	5977.578613	7.215447	-1	2221	chr21	8131902	8227646	ENSG00000278996	.	+	ENSG00000278996.2	0
chr21	8202083	8204743	peak_3403	1000	.	5977.578613	7.215447	-1	2221	chr21	8204243	8205082	ENSG00000295792	.	-	ENSG00000295792.1	0
chr21	8204853	8207676	peak_3404	1000	.	3173.641357	5.109050	-1	338	chr21	8131902	8227646	ENSG00000278996	.	+	ENSG00000278996.2	0
chr21	8204853	8207676	peak_3404	1000	.	3173.641357	5.109050	-1	338	chr21	8204243	8205082	ENSG00000295792	.	-	ENSG00000295792.1	0
chr21	8204853	8207676	peak_3404	1000	.	3173.641357	5.109050	-1	338	chr21	8205314	8205406	MIR6724-1	.	+	ENSG00000275950.1	0
chr21	8204853	8207676	peak_3404	1000	.	3173.641357	5.109050	-1	338	chr21	8205850	8205940	ENSG00000275664	.	+	ENSG00000275664.1	0
chr21	8207797	8208198	peak_3405	830	.	332.762329	4.395352	-1	162	chr21	8131902	8227646	ENSG00000278996	.	+	ENSG00000278996.2	0
chr21	8209502	8211667	peak_3406	1000	.	4535.270996	6.784213	-1	1795	chr21	8131902	8227646	ENSG00000278996	.	+	ENSG00000278996.2	0
chr21	8209502	8211667	peak_3406	1000	.	4535.270996	6.784213	-1	1795	chr21	8210383	8211306	ENSG00000280800	.	-	ENSG00000280800.1	0
chr21	8212306	8213304	peak_3407	1000	.	1003.298157	5.992500	-1	428	chr21	8131902	8227646	ENSG00000278996	.	+	ENSG00000278996.2	0
chr21	8212306	8213304	peak_3407	1000	.	1003.298157	5.992500	-1	428	chr21	8212571	8212724	RNA5-8SN2	.	+	ENSG00000278233.1	0
chr21	8213771	8214431	peak_3408	1000	.	1160.067627	5.671912	-1	333	chr21	8131902	8227646	ENSG00000278996	.	+	ENSG00000278996.2	0
chr21	8215046	8216883	peak_3409	1000	.	2952.382812	5.671912	-1	567	chr21	8131902	8227646	ENSG00000278996	.	+	ENSG00000278996.2	0
chr21	8217393	8219072	peak_3410	1000	.	3325.675293	6.543151	-1	1094	chr21	8131902	8227646	ENSG00000278996	.	+	ENSG00000278996.2	0
chr21	8219413	8220857	peak_3411	1000	.	2532.002686	7.007426	-1	563	chr21	8131902	8227646	ENSG00000278996	.	+	ENSG00000278996.2	0
chr21	8220996	8252293	peak_3412	1000	.	83093.875000	10.755310	-1	13506	chr21	8131902	8227646	ENSG00000278996	.	+	ENSG00000278996.2	0
chr21	8220996	8252293	peak_3412	1000	.	83093.875000	10.755310	-1	13506	chr21	8235353	8235832	ENSG00000286155	.	+	ENSG00000286155.1	0
chr21	8220996	8252293	peak_3412	1000	.	83093.875000	10.755310	-1	13506	chr21	8237648	8237979	ENSG00000286252	.	+	ENSG00000286252.1	0
chr21	8220996	8252293	peak_3412	1000	.	83093.875000	10.755310	-1	13506	chr21	8238858	8239092	ENSG00000286057	.	+	ENSG00000286057.1	0
chr21	8220996	8252293	peak_3412	1000	.	83093.875000	10.755310	-1	13506	chr21	8240735	8241047	ENSG00000286012	.	+	ENSG00000286012.1	0
chr21	8220996	8252293	peak_3412	1000	.	83093.875000	10.755310	-1	13506	chr21	8248434	8249271	ENSG00000309985	.	-	ENSG00000309985.1	0
chr21	8220996	8252293	peak_3412	1000	.	83093.875000	10.755310	-1	13506	chr21	8249504	8249596	MIR6724-2	.	+	ENSG00000274060.1	0
chr21	8220996	8252293	peak_3412	1000	.	83093.875000	10.755310	-1	13506	chr21	8250059	8250149	ENSG00000277671	.	+	ENSG00000277671.1	0
chr21	8253765	8255814	peak_3413	1000	.	3990.323730	6.666107	-1	1716	chr21	8254591	8255514	ENSG00000281383	.	-	ENSG00000281383.1	0
chr21	8256474	8257234	peak_3414	1000	.	876.856812	5.671912	-1	346	chr21	8256780	8256933	5_8S_rRNA	.	+	ENSG00000277739.1	0
chr21	8258004	8258638	peak_3415	1000	.	803.413147	4.892064	-1	203	chr21	8256780	8256933	5_8S_rRNA	.	+	ENSG00000277739.1	1072
chr21	8259196	8260957	peak_3416	1000	.	2597.393066	5.836737	-1	491	chr21	8256780	8256933	5_8S_rRNA	.	+	ENSG00000277739.1	2264
chr21	8385091	8391142	peak_3417	1000	.	9616.643555	6.543151	-1	2067	chr21	8380642	8454792	ENSG00000280441	.	+	ENSG00000280441.4	0
chr21	8385091	8391142	peak_3417	1000	.	9616.643555	6.543151	-1	2067	chr21	8387291	8388126	ENSG00000301656	.	-	ENSG00000301656.1	0
chr21	8385091	8391142	peak_3417	1000	.	9616.643555	6.543151	-1	2067	chr21	8388361	8388453	MIR6724-3	.	+	ENSG00000277379.1	0
chr21	8385091	8391142	peak_3417	1000	.	9616.643555	6.543151	-1	2067	chr21	8388897	8388987	ENSG00000274868	.	+	ENSG00000274868.1	0
chr21	8392603	8394766	peak_3418	1000	.	4600.850098	6.280785	-1	1555	chr21	8380642	8454792	ENSG00000280441	.	+	ENSG00000280441.4	0
chr21	8392603	8394766	peak_3418	1000	.	4600.850098	6.280785	-1	1555	chr21	8393418	8394341	ENSG00000280614	.	-	ENSG00000280614.1	0
chr21	8395327	8395899	peak_3419	1000	.	636.927246	5.309801	-1	522	chr21	8380642	8454792	ENSG00000280441	.	+	ENSG00000280441.4	0
chr21	8395327	8395899	peak_3419	1000	.	636.927246	5.309801	-1	522	chr21	8395606	8395759	RNA5-8SN3	.	+	ENSG00000275215.1	0
chr21	8396842	8397450	peak_3420	1000	.	982.337036	5.496779	-1	189	chr21	8380642	8454792	ENSG00000280441	.	+	ENSG00000280441.4	0
chr21	8397944	8399840	peak_3421	1000	.	3090.377930	6.280785	-1	510	chr21	8380642	8454792	ENSG00000280441	.	+	ENSG00000280441.4	0
chr21	8400473	8402096	peak_3422	1000	.	3132.606445	6.666107	-1	816	chr21	8380642	8454792	ENSG00000280441	.	+	ENSG00000280441.4	0
chr21	8402488	8402966	peak_3423	1000	.	932.215271	5.992500	-1	423	chr21	8380642	8454792	ENSG00000280441	.	+	ENSG00000280441.4	0
chr21	8403106	8412337	peak_3424	1000	.	21675.236328	6.784213	-1	4312	chr21	8380642	8454792	ENSG00000280441	.	+	ENSG00000280441.4	0
chr21	8412535	8431916	peak_3425	1000	.	58628.496094	8.237581	-1	15527	chr21	8380642	8454792	ENSG00000280441	.	+	ENSG00000280441.4	0
chr21	8412535	8431916	peak_3425	1000	.	58628.496094	8.237581	-1	15527	chr21	8417756	8418235	ENSG00000286267	.	+	ENSG00000286267.1	0
chr21	8412535	8431916	peak_3425	1000	.	58628.496094	8.237581	-1	15527	chr21	8420674	8421003	ENSG00000286146	.	+	ENSG00000286146.1	0
chr21	8412535	8431916	peak_3425	1000	.	58628.496094	8.237581	-1	15527	chr21	8421882	8422116	ENSG00000286054	.	+	ENSG00000286054.1	0
chr21	8412535	8431916	peak_3425	1000	.	58628.496094	8.237581	-1	15527	chr21	8423759	8424071	ENSG00000286178	.	+	ENSG00000286178.1	0
chr21	8412535	8431916	peak_3425	1000	.	58628.496094	8.237581	-1	15527	chr21	8431460	8432306	ENSG00000303477	.	-	ENSG00000303477.1	0
chr21	8432096	8435705	peak_3426	863	.	3116.070801	4.892064	-1	244	chr21	8380642	8454792	ENSG00000280441	.	+	ENSG00000280441.4	0
chr21	8432096	8435705	peak_3426	863	.	3116.070801	4.892064	-1	244	chr21	8431460	8432306	ENSG00000303477	.	-	ENSG00000303477.1	0
chr21	8432096	8435705	peak_3426	863	.	3116.070801	4.892064	-1	244	chr21	8432529	8432621	MIR6724-4	.	+	ENSG00000275692.1	0
chr21	8432096	8435705	peak_3426	863	.	3116.070801	4.892064	-1	244	chr21	8433084	8433174	ENSG00000278775	.	+	ENSG00000278775.1	0
chr21	8436745	8438854	peak_3427	1000	.	4809.918457	6.543151	-1	1345	chr21	8380642	8454792	ENSG00000280441	.	+	ENSG00000280441.4	0
chr21	8436745	8438854	peak_3427	1000	.	4809.918457	6.543151	-1	1345	chr21	8437628	8438551	ENSG00000281181	.	-	ENSG00000281181.1	0
chr21	8439557	8440390	peak_3428	828	.	689.337463	4.655616	-1	321	chr21	8380642	8454792	ENSG00000280441	.	+	ENSG00000280441.4	0
chr21	8439557	8440390	peak_3428	828	.	689.337463	4.655616	-1	321	chr21	8439822	8439975	RNA5-8SN1	.	+	ENSG00000278189.1	0
chr21	8441092	8441655	peak_3429	1000	.	1046.681030	5.671912	-1	143	chr21	8380642	8454792	ENSG00000280441	.	+	ENSG00000280441.4	0
chr21	8442307	8443292	peak_3430	1000	.	1877.924438	6.666107	-1	476	chr21	8380642	8454792	ENSG00000280441	.	+	ENSG00000280441.4	0
chr21	8443409	8444133	peak_3431	1000	.	1200.808228	5.496779	-1	161	chr21	8380642	8454792	ENSG00000280441	.	+	ENSG00000280441.4	0
chr21	8444700	8446377	peak_3432	1000	.	3535.078613	6.666107	-1	866	chr21	8380642	8454792	ENSG00000280441	.	+	ENSG00000280441.4	0
chr21	8446497	8447160	peak_3433	1000	.	1202.357056	6.666107	-1	476	chr21	8380642	8454792	ENSG00000280441	.	+	ENSG00000280441.4	0
chr21	8447333	8448064	peak_3434	706	.	516.192932	5.309801	-1	520	chr21	8380642	8454792	ENSG00000280441	.	+	ENSG00000280441.4	0
chr21	8448171	8472000	peak_3435	1000	.	68382.921875	8.449522	-1	20848	chr21	8380642	8454792	ENSG00000280441	.	+	ENSG00000280441.4	0
chr21	8448171	8472000	peak_3435	1000	.	68382.921875	8.449522	-1	20848	chr21	8462319	8462798	ENSG00000286149	.	+	ENSG00000286149.1	0
chr21	8448171	8472000	peak_3435	1000	.	68382.921875	8.449522	-1	20848	chr21	8465253	8465586	ENSG00000286032	.	+	ENSG00000286032.1	0
chr21	8448171	8472000	peak_3435	1000	.	68382.921875	8.449522	-1	20848	chr21	8466465	8466699	ENSG00000286091	.	+	ENSG00000286091.1	0
chr21	8448171	8472000	peak_3435	1000	.	68382.921875	8.449522	-1	20848	chr21	8468319	8468631	ENSG00000286148	.	+	ENSG00000286148.1	0
chr21	8472113	8472357	peak_3436	1000	.	287.707245	4.655616	-1	217	chr21	8468319	8468631	ENSG00000286148	.	+	ENSG00000286148.1	3483
chr21	8806070	8806821	peak_3437	309	.	232.133316	3.776148	-1	71	chr21	8759052	8880835	LINC01666	.	+	ENSG00000279579.4	0
chr21	8806070	8806821	peak_3437	309	.	232.133316	3.776148	-1	71	chr21	8762385	8836656	ENSG00000286033	.	-	ENSG00000286033.2	0
chr21	8806952	8807653	peak_3438	660	.	462.623260	5.309801	-1	102	chr21	8759052	8880835	LINC01666	.	+	ENSG00000279579.4	0
chr21	8806952	8807653	peak_3438	660	.	462.623260	5.309801	-1	102	chr21	8762385	8836656	ENSG00000286033	.	-	ENSG00000286033.2	0
chr21	8809756	8811579	peak_3439	891	.	1624.166748	4.892064	-1	322	chr21	8759052	8880835	LINC01666	.	+	ENSG00000279579.4	0
chr21	8809756	8811579	peak_3439	891	.	1624.166748	4.892064	-1	322	chr21	8762385	8836656	ENSG00000286033	.	-	ENSG00000286033.2	0
chr21	8988013	8988740	peak_3440	1000	.	1238.606201	6.543151	-1	594	chr21	8987369	8987430	ENSG00000264063	.	+	ENSG00000264063.1	584
chr21	9246097	9249409	peak_3441	1000	.	4268.230469	6.897870	-1	758	chr21	9283346	9325675	ENSG00000310022	.	-	ENSG00000310022.1	33938
chr21	9676430	9676946	peak_3442	399	.	205.818695	4.105179	-1	208	chr21	9529927	9679906	ENSG00000293062	.	+	ENSG00000293062.2	0
chr21	9676430	9676946	peak_3442	399	.	205.818695	4.105179	-1	208	chr21	9614018	9681769	ENSG00000309577	.	+	ENSG00000309577.1	0
chr21	10014860	10015011	peak_3443	1000	.	369.983307	6.666107	-1	41	chr21	9966971	10119523	ENSG00000293037	.	-	ENSG00000293037.2	0
chr21	10269953	10269998	peak_3444	1000	.	234.567993	8.088272	-1	9	chr21	10327671	10342757	ENSG00000277693	.	-	ENSG00000277693.3	57674
chr21	10270116	10270537	peak_3445	1000	.	1271.295044	9.646818	-1	143	chr21	10327671	10342757	ENSG00000277693	.	-	ENSG00000277693.3	57135
chr21	10271820	10272241	peak_3446	1000	.	509.299927	6.543151	-1	391	chr21	10327671	10342757	ENSG00000277693	.	-	ENSG00000277693.3	55431
chr21	10325598	10326296	peak_3447	1000	.	1526.441895	14.517604	-1	241	chr21	10327671	10342757	ENSG00000277693	.	-	ENSG00000277693.3	1376
chr21	10326867	10327157	peak_3448	692	.	200.648849	4.892064	-1	35	chr21	10327671	10342757	ENSG00000277693	.	-	ENSG00000277693.3	515
chr21	10331181	10331675	peak_3449	520	.	256.904083	4.105179	-1	166	chr21	10327671	10342757	ENSG00000277693	.	-	ENSG00000277693.3	0
chr21	10331181	10331675	peak_3449	520	.	256.904083	4.105179	-1	166	chr21	10330731	10331537	EIF3FP1	.	+	ENSG00000275945.1	0
chr21	10389529	10390371	peak_3450	251	.	211.230347	3.394254	-1	216	chr21	10397643	10397778	ENSG00000278106	.	+	ENSG00000278106.1	7273
chr21	10540363	10540826	peak_3451	442	.	204.525681	4.395352	-1	154	chr21	10482737	10605716	ENSG00000273840	.	+	ENSG00000273840.2	0
chr21	10540363	10540826	peak_3451	442	.	204.525681	4.395352	-1	154	chr21	10521552	10606140	TPTE	.	+	ENSG00000274391.6	0
chr21	10651773	10652012	peak_3452	1000	.	312.414459	7.410364	-1	80	chr21	10649399	10649835	IGHV1OR21-1	.	-	ENSG00000277282.1	1939
chr21	10652180	10652774	peak_3453	946	.	561.883545	8.712543	-1	94	chr21	10649399	10649835	IGHV1OR21-1	.	-	ENSG00000277282.1	2346
chr21	10652878	10653497	peak_3454	939	.	581.237061	5.496779	-1	589	chr21	10649399	10649835	IGHV1OR21-1	.	-	ENSG00000277282.1	3044
chr21	10653955	10654423	peak_3455	1000	.	732.606201	6.897870	-1	121	chr21	10649399	10649835	IGHV1OR21-1	.	-	ENSG00000277282.1	4121
chr21	10654920	10656861	peak_3456	1000	.	2654.446533	12.908111	-1	678	chr21	10649399	10649835	IGHV1OR21-1	.	-	ENSG00000277282.1	5086
chr21	10657594	10657780	peak_3457	1000	.	338.591187	7.007426	-1	49	chr21	10649399	10649835	IGHV1OR21-1	.	-	ENSG00000277282.1	7760
chr21	10657882	10660679	peak_3458	1000	.	3048.347900	10.140387	-1	2595	chr21	10649399	10649835	IGHV1OR21-1	.	-	ENSG00000277282.1	8048
chr21	10660867	10661399	peak_3459	1000	.	1092.019165	9.741835	-1	43	chr21	10649399	10649835	IGHV1OR21-1	.	-	ENSG00000277282.1	11033
chr21	10661514	10662697	peak_3460	1000	.	1766.047119	9.128480	-1	916	chr21	10649399	10649835	IGHV1OR21-1	.	-	ENSG00000277282.1	11680
chr21	10663168	10664400	peak_3461	892	.	1098.783691	7.314430	-1	965	chr21	10649399	10649835	IGHV1OR21-1	.	-	ENSG00000277282.1	13334
chr21	10664817	10666034	peak_3462	754	.	917.198059	5.992500	-1	471	chr21	10649399	10649835	IGHV1OR21-1	.	-	ENSG00000277282.1	14983
chr21	10666235	10667252	peak_3463	1000	.	1110.024048	8.897087	-1	983	chr21	10649399	10649835	IGHV1OR21-1	.	-	ENSG00000277282.1	16401
chr21	10667368	10667620	peak_3464	986	.	248.370422	4.655616	-1	22	chr21	10649399	10649835	IGHV1OR21-1	.	-	ENSG00000277282.1	17534
chr21	10667843	10667988	peak_3465	1000	.	224.762070	5.309801	-1	115	chr21	10649399	10649835	IGHV1OR21-1	.	-	ENSG00000277282.1	18009
chr21	10668113	10668505	peak_3466	1000	.	394.470276	6.543151	-1	120	chr21	10649399	10649835	IGHV1OR21-1	.	-	ENSG00000277282.1	18279
chr21	10668853	10669989	peak_3467	1000	.	1295.183594	13.066201	-1	113	chr21	10649399	10649835	IGHV1OR21-1	.	-	ENSG00000277282.1	19019
chr21	10670474	10670815	peak_3468	1000	.	588.624939	10.343987	-1	258	chr21	10649399	10649835	IGHV1OR21-1	.	-	ENSG00000277282.1	20640
chr21	10670956	10671914	peak_3469	1000	.	1261.347900	11.824180	-1	518	chr21	10649399	10649835	IGHV1OR21-1	.	-	ENSG00000277282.1	21122
chr21	10672198	10673790	peak_3470	1000	.	1847.233887	8.648705	-1	1093	chr21	10649399	10649835	IGHV1OR21-1	.	-	ENSG00000277282.1	22364
chr21	10673908	10675022	peak_3471	1000	.	1161.868408	7.314430	-1	267	chr21	10649399	10649835	IGHV1OR21-1	.	-	ENSG00000277282.1	24074
chr21	10675511	10677562	peak_3472	1000	.	2496.900391	9.128480	-1	1374	chr21	10649399	10649835	IGHV1OR21-1	.	-	ENSG00000277282.1	25677
chr21	10677663	10678712	peak_3473	1000	.	1379.953857	8.088272	-1	368	chr21	10649399	10649835	IGHV1OR21-1	.	-	ENSG00000277282.1	27829
chr21	10678857	10679043	peak_3474	1000	.	489.591980	12.722417	-1	156	chr21	10649399	10649835	IGHV1OR21-1	.	-	ENSG00000277282.1	29023
chr21	10679270	10679512	peak_3475	1000	.	292.496033	6.280785	-1	58	chr21	10649399	10649835	IGHV1OR21-1	.	-	ENSG00000277282.1	29436
chr21	10679667	10679845	peak_3476	1000	.	343.229675	7.593853	-1	140	chr21	10649399	10649835	IGHV1OR21-1	.	-	ENSG00000277282.1	29833
chr21	10680139	10680463	peak_3477	1000	.	375.783478	6.784213	-1	156	chr21	10649399	10649835	IGHV1OR21-1	.	-	ENSG00000277282.1	30305
chr21	10680740	10681535	peak_3478	1000	.	927.035828	6.784213	-1	288	chr21	10649399	10649835	IGHV1OR21-1	.	-	ENSG00000277282.1	30906
chr21	10681995	10682206	peak_3479	1000	.	329.012848	5.496779	-1	98	chr21	10649399	10649835	IGHV1OR21-1	.	-	ENSG00000277282.1	32161
chr21	10682955	10683992	peak_3480	1000	.	1075.350586	6.897870	-1	368	chr21	10649399	10649835	IGHV1OR21-1	.	-	ENSG00000277282.1	33121
chr21	10684126	10684712	peak_3481	1000	.	604.432251	6.897870	-1	551	chr21	10649399	10649835	IGHV1OR21-1	.	-	ENSG00000277282.1	34292
chr21	10684813	10685971	peak_3482	1000	.	1574.078369	8.517250	-1	462	chr21	10649399	10649835	IGHV1OR21-1	.	-	ENSG00000277282.1	34979
chr21	10686075	10686413	peak_3483	1000	.	350.392792	5.496779	-1	275	chr21	10649399	10649835	IGHV1OR21-1	.	-	ENSG00000277282.1	36241
chr21	10686522	10687552	peak_3484	789	.	812.501709	5.992500	-1	17	chr21	10649399	10649835	IGHV1OR21-1	.	-	ENSG00000277282.1	36688
chr21	10687885	10688926	peak_3485	831	.	864.751648	5.836737	-1	504	chr21	10649399	10649835	IGHV1OR21-1	.	-	ENSG00000277282.1	38051
chr21	10689138	10689630	peak_3486	1000	.	598.906372	7.503445	-1	332	chr21	10649399	10649835	IGHV1OR21-1	.	-	ENSG00000277282.1	39304
chr21	10689784	10691230	peak_3487	1000	.	1820.233521	9.072088	-1	1346	chr21	10649399	10649835	IGHV1OR21-1	.	-	ENSG00000277282.1	39950
chr21	10691413	10691504	peak_3488	1000	.	236.499161	6.897870	-1	30	chr21	10649399	10649835	IGHV1OR21-1	.	-	ENSG00000277282.1	41579
chr21	10691687	10691956	peak_3489	1000	.	362.168854	5.496779	-1	209	chr21	10649399	10649835	IGHV1OR21-1	.	-	ENSG00000277282.1	41853
chr21	10692077	10693324	peak_3490	1000	.	3499.305420	13.823679	-1	802	chr21	10649399	10649835	IGHV1OR21-1	.	-	ENSG00000277282.1	42243
chr21	10693496	10694842	peak_3491	925	.	1245.667725	7.314430	-1	853	chr21	10649399	10649835	IGHV1OR21-1	.	-	ENSG00000277282.1	43662
chr21	10695570	10695732	peak_3492	1000	.	215.292282	6.784213	-1	144	chr21	10649399	10649835	IGHV1OR21-1	.	-	ENSG00000277282.1	45736
chr21	10695854	10696970	peak_3493	1000	.	1430.206787	7.767279	-1	1083	chr21	10649399	10649835	IGHV1OR21-1	.	-	ENSG00000277282.1	46020
chr21	10697097	10698572	peak_3494	1000	.	1580.256836	7.007426	-1	1302	chr21	10649399	10649835	IGHV1OR21-1	.	-	ENSG00000277282.1	47263
chr21	10699335	10700093	peak_3495	781	.	592.224487	5.992500	-1	608	chr21	10649399	10649835	IGHV1OR21-1	.	-	ENSG00000277282.1	49501
chr21	10700432	10701247	peak_3496	729	.	594.440796	4.655616	-1	67	chr21	10649399	10649835	IGHV1OR21-1	.	-	ENSG00000277282.1	50598
chr21	10701368	10701846	peak_3497	980	.	468.593414	4.892064	-1	443	chr21	10649399	10649835	IGHV1OR21-1	.	-	ENSG00000277282.1	51534
chr21	10702025	10702976	peak_3498	796	.	757.375122	7.850579	-1	812	chr21	10649399	10649835	IGHV1OR21-1	.	-	ENSG00000277282.1	52191
chr21	10703094	10703513	peak_3499	1000	.	646.364502	7.215447	-1	135	chr21	10649399	10649835	IGHV1OR21-1	.	-	ENSG00000277282.1	53260
chr21	10703621	10704488	peak_3500	1000	.	969.707214	6.140231	-1	312	chr21	10649399	10649835	IGHV1OR21-1	.	-	ENSG00000277282.1	53787
chr21	10704613	10705926	peak_3501	1000	.	2601.241455	10.647649	-1	773	chr21	10649399	10649835	IGHV1OR21-1	.	-	ENSG00000277282.1	54779
chr21	10706145	10706811	peak_3502	848	.	564.724487	6.414886	-1	51	chr21	10649399	10649835	IGHV1OR21-1	.	-	ENSG00000277282.1	56311
chr21	10706928	10708652	peak_3503	1000	.	1853.744873	7.215447	-1	150	chr21	10649399	10649835	IGHV1OR21-1	.	-	ENSG00000277282.1	57094
chr21	10709128	10709526	peak_3504	950	.	378.193481	5.309801	-1	263	chr21	10649399	10649835	IGHV1OR21-1	.	-	ENSG00000277282.1	59294
chr21	10709627	10710016	peak_3505	732	.	284.682861	4.395352	-1	31	chr21	10649399	10649835	IGHV1OR21-1	.	-	ENSG00000277282.1	59793
chr21	10710162	10710342	peak_3506	1000	.	212.825012	5.496779	-1	24	chr21	10649399	10649835	IGHV1OR21-1	.	-	ENSG00000277282.1	60328
chr21	10711053	10712654	peak_3507	1000	.	1737.537476	6.140231	-1	1418	chr21	10649399	10649835	IGHV1OR21-1	.	-	ENSG00000277282.1	61219
chr21	10712770	10713442	peak_3508	1000	.	702.789124	6.280785	-1	641	chr21	10649399	10649835	IGHV1OR21-1	.	-	ENSG00000277282.1	62936
chr21	10713575	10714810	peak_3509	976	.	1205.355225	8.449522	-1	111	chr21	10649399	10649835	IGHV1OR21-1	.	-	ENSG00000277282.1	63741
chr21	10715060	10715708	peak_3510	891	.	577.471924	5.109050	-1	363	chr21	10649399	10649835	IGHV1OR21-1	.	-	ENSG00000277282.1	65226
chr21	10715893	10717478	peak_3511	1000	.	1635.950928	7.410364	-1	826	chr21	10649399	10649835	IGHV1OR21-1	.	-	ENSG00000277282.1	66059
chr21	10717795	10717979	peak_3512	1000	.	296.571350	5.309801	-1	136	chr21	10649399	10649835	IGHV1OR21-1	.	-	ENSG00000277282.1	67961
chr21	10718197	10719209	peak_3513	1000	.	1079.277954	5.836737	-1	633	chr21	10649399	10649835	IGHV1OR21-1	.	-	ENSG00000277282.1	68363
chr21	10719619	10721143	peak_3514	949	.	1446.767578	6.280785	-1	219	chr21	10649399	10649835	IGHV1OR21-1	.	-	ENSG00000277282.1	69785
chr21	10721572	10721767	peak_3515	1000	.	259.972168	6.280785	-1	182	chr21	10649399	10649835	IGHV1OR21-1	.	-	ENSG00000277282.1	71738
chr21	10721936	10722508	peak_3516	784	.	448.227234	5.496779	-1	224	chr21	10649399	10649835	IGHV1OR21-1	.	-	ENSG00000277282.1	72102
chr21	10722625	10723787	peak_3517	798	.	927.409241	6.666107	-1	514	chr21	10649399	10649835	IGHV1OR21-1	.	-	ENSG00000277282.1	72791
chr21	10724275	10725521	peak_3518	1000	.	1288.089844	6.140231	-1	710	chr21	10649399	10649835	IGHV1OR21-1	.	-	ENSG00000277282.1	74441
chr21	10725646	10729137	peak_3519	1000	.	3566.454590	7.215447	-1	1424	chr21	10649399	10649835	IGHV1OR21-1	.	-	ENSG00000277282.1	75812
chr21	10729479	10731069	peak_3520	661	.	1050.207275	7.850579	-1	676	chr21	10649399	10649835	IGHV1OR21-1	.	-	ENSG00000277282.1	79645
chr21	10731180	10733689	peak_3521	921	.	2311.687012	9.345212	-1	774	chr21	10649399	10649835	IGHV1OR21-1	.	-	ENSG00000277282.1	81346
chr21	10734165	10734572	peak_3522	1000	.	435.240723	5.109050	-1	153	chr21	10649399	10649835	IGHV1OR21-1	.	-	ENSG00000277282.1	84331
chr21	10734721	10736460	peak_3523	1000	.	1969.514038	8.897087	-1	1272	chr21	10649399	10649835	IGHV1OR21-1	.	-	ENSG00000277282.1	84887
chr21	10736566	10736939	peak_3524	1000	.	381.225525	5.309801	-1	93	chr21	10649399	10649835	IGHV1OR21-1	.	-	ENSG00000277282.1	86732
chr21	10737054	10737332	peak_3525	1000	.	455.784271	7.410364	-1	137	chr21	10649399	10649835	IGHV1OR21-1	.	-	ENSG00000277282.1	87220
chr21	10737465	10738887	peak_3526	958	.	1361.702515	6.784213	-1	346	chr21	10649399	10649835	IGHV1OR21-1	.	-	ENSG00000277282.1	87631
chr21	10751152	10751873	peak_3527	556	.	400.587250	5.671912	-1	71	chr21	10649399	10649835	IGHV1OR21-1	.	-	ENSG00000277282.1	101318
chr21	10752292	10753195	peak_3528	450	.	406.061554	4.105179	-1	379	chr21	10649399	10649835	IGHV1OR21-1	.	-	ENSG00000277282.1	102458
chr21	10755988	10756493	peak_3529	413	.	208.620987	3.776148	-1	232	chr21	10649399	10649835	IGHV1OR21-1	.	-	ENSG00000277282.1	106154
chr21	10757085	10757560	peak_3530	508	.	241.310150	4.395352	-1	33	chr21	10649399	10649835	IGHV1OR21-1	.	-	ENSG00000277282.1	107251
chr21	10767266	10767884	peak_3531	365	.	225.729492	3.394254	-1	549	chr21	10649399	10649835	IGHV1OR21-1	.	-	ENSG00000277282.1	117432
chr21	10799044	10799676	peak_3532	397	.	251.134735	4.105179	-1	563	chr21	10649399	10649835	IGHV1OR21-1	.	-	ENSG00000277282.1	149210
chr21	10805441	10806179	peak_3533	485	.	357.749023	4.105179	-1	120	chr21	10649399	10649835	IGHV1OR21-1	.	-	ENSG00000277282.1	155607
chr21	10810956	10811571	peak_3534	384	.	235.972824	3.394254	-1	543	chr21	10649399	10649835	IGHV1OR21-1	.	-	ENSG00000277282.1	161122
chr21	11114673	11115356	peak_3535	556	.	379.892242	4.655616	-1	548	chr21	10649399	10649835	IGHV1OR21-1	.	-	ENSG00000277282.1	464839
chr21	11115474	11116435	peak_3536	982	.	943.874634	5.309801	-1	247	chr21	10649399	10649835	IGHV1OR21-1	.	-	ENSG00000277282.1	465640
chr21	11117263	11118293	peak_3537	628	.	647.319824	4.892064	-1	928	chr21	10649399	10649835	IGHV1OR21-1	.	-	ENSG00000277282.1	467429
chr21	11202338	11202796	peak_3538	541	.	247.616745	6.140231	-1	427	chr21	10649399	10649835	IGHV1OR21-1	.	-	ENSG00000277282.1	552504
chr21	12202201	12202269	peak_3539	1000	.	235.036072	7.215447	-1	32	chr21	12999675	13016692	ENSG00000229306	.	-	ENSG00000229306.1	797407
chr21	12281946	12282423	peak_3540	671	.	320.241425	3.776148	-1	147	chr21	12999675	13016692	ENSG00000229306	.	-	ENSG00000229306.1	717253
chr21	12282568	12282857	peak_3541	1000	.	295.536316	4.395352	-1	190	chr21	12999675	13016692	ENSG00000229306	.	-	ENSG00000229306.1	716819
chr21	12994031	12994559	peak_3542	400	.	211.008118	4.105179	-1	323	chr21	12999675	13016692	ENSG00000229306	.	-	ENSG00000229306.1	5117
chr21	25806865	25807289	peak_3543	561	.	237.875641	4.655616	-1	35	chr21	25779130	25791417	ENSG00000304476	.	+	ENSG00000304476.1	15449
chr21	26840863	26841203	peak_3544	826	.	281.005859	4.892064	-1	306	chr21	26835686	26845409	ADAMTS1	.	-	ENSG00000154734.18	0
chr21	31949043	31949733	peak_3545	302	.	208.230927	3.776148	-1	342	chr21	31872804	32044633	HUNK	.	+	ENSG00000142149.11	0
chr21	33307250	33307546	peak_3546	749	.	221.692749	5.671912	-1	33	chr21	33265957	33311420	IL10RB	.	+	ENSG00000243646.13	0
chr21	34964652	34965139	peak_3547	534	.	259.825287	4.105179	-1	239	chr21	34787800	36004667	RUNX1	.	-	ENSG00000159216.22	0
chr21	34993664	34994013	peak_3548	677	.	236.222672	4.655616	-1	315	chr21	34787800	36004667	RUNX1	.	-	ENSG00000159216.22	0
chr21	35170685	35171205	peak_3549	442	.	229.943008	4.105179	-1	455	chr21	34787800	36004667	RUNX1	.	-	ENSG00000159216.22	0
chr21	36250273	36250798	peak_3550	599	.	314.515106	4.655616	-1	89	chr21	36156757	36294275	DOP1B	.	+	ENSG00000142197.15	0
chr21	38913844	38914142	peak_3551	976	.	290.987335	4.892064	-1	277	chr21	38812877	38966406	ETS2-AS1	.	-	ENSG00000205622.14	0
chr21	38914258	38914648	peak_3552	739	.	288.036804	4.395352	-1	93	chr21	38812877	38966406	ETS2-AS1	.	-	ENSG00000205622.14	0
chr21	41228340	41228626	peak_3553	708	.	202.520996	4.395352	-1	259	chr21	41167774	41282530	BACE2	.	+	ENSG00000182240.18	0
chr21	42027050	42027583	peak_3554	389	.	207.543762	3.776148	-1	116	chr21	42009077	42055131	ZNF295-AS1	.	+	ENSG00000237232.10	0
chr21	42183431	42183967	peak_3555	442	.	236.797165	4.395352	-1	328	chr21	42192830	42193434	ENSG00000310393	.	-	ENSG00000310393.1	8864
chr21	42227352	42227608	peak_3556	800	.	204.852814	4.395352	-1	226	chr21	42199688	42304389	ABCG1	.	+	ENSG00000160179.22	0
chr21	42292547	42293057	peak_3557	443	.	225.766815	4.105179	-1	478	chr21	42199688	42304389	ABCG1	.	+	ENSG00000160179.22	0
chr21	42411193	42411550	peak_3558	662	.	236.329285	4.395352	-1	25	chr21	42403446	42447684	UBASH3A	.	+	ENSG00000160185.16	0
chr21	42455319	42456043	peak_3559	356	.	257.737518	4.105179	-1	375	chr21	42454803	42462020	ENSG00000309213	.	-	ENSG00000309213.1	0
chr21	42670015	42670746	peak_3560	568	.	415.205444	6.280785	-1	299	chr21	42653583	42776512	PDE9A	.	+	ENSG00000160191.20	0
chr21	43262489	43262810	peak_3561	1000	.	567.802002	6.414886	-1	148	chr21	43282870	43288280	ENSG00000307473	.	-	ENSG00000307473.1	20061
chr21	43604087	43605477	peak_3562	382	.	530.537109	4.105179	-1	802	chr21	43529185	43659524	HSF2BP	.	-	ENSG00000160207.11	0
chr21	43662083	43662563	peak_3563	544	.	261.326996	4.105179	-1	269	chr21	43659541	43696080	RRP1B	.	+	ENSG00000160208.14	0
chr21	45042072	45042836	peak_3564	358	.	273.460571	4.395352	-1	507	chr21	45033332	45044380	ENSG00000307843	.	+	ENSG00000307843.1	0
chr21	45591248	45591875	peak_3565	451	.	282.866211	4.892064	-1	77	chr21	45590716	45603088	LINC01694	.	+	ENSG00000233922.5	0
chr21	45635340	45635600	peak_3566	1000	.	270.721100	5.309801	-1	76	chr21	45634429	45635344	ENSG00000305537	.	+	ENSG00000305537.1	0
chr21	45635701	45636038	peak_3567	756	.	254.697479	4.892064	-1	144	chr21	45634429	45635344	ENSG00000305537	.	+	ENSG00000305537.1	358
chr21	45636328	45636936	peak_3568	616	.	374.724213	4.395352	-1	430	chr21	45634429	45635344	ENSG00000305537	.	+	ENSG00000305537.1	985
chr21	45924038	45924282	peak_3569	1000	.	314.233673	6.280785	-1	214	chr21	45643660	45942454	PCBP3	.	+	ENSG00000183570.19	0
chr21	45924470	45925045	peak_3570	515	.	295.841003	4.892064	-1	407	chr21	45643660	45942454	PCBP3	.	+	ENSG00000183570.19	0
chr21	46403156	46403420	peak_3571	999	.	263.859161	4.395352	-1	199	chr21	46324081	46445769	PCNT	.	+	ENSG00000160299.20	0
chr21	46699874	46699956	peak_3572	1000	.	294.588379	6.666107	-1	50	chr21	46690763	46691226	RPL23AP4	.	+	ENSG00000212932.3	8649
chr22	10711409	10712309	peak_3573	354	.	318.359009	4.395352	-1	729	chr22	10736170	10736283	U2	.	-	ENSG00000277248.1	23862
chr22	10712955	10713623	peak_3574	400	.	266.993439	3.776148	-1	335	chr22	10736170	10736283	U2	.	-	ENSG00000277248.1	22548
chr22	10714785	10715174	peak_3575	657	.	255.581665	4.105179	-1	228	chr22	10736170	10736283	U2	.	-	ENSG00000277248.1	20997
chr22	10716611	10717870	peak_3576	1000	.	1305.533081	7.113194	-1	911	chr22	10736170	10736283	U2	.	-	ENSG00000277248.1	18301
chr22	10718004	10720305	peak_3577	1000	.	2956.438477	8.010967	-1	532	chr22	10736170	10736283	U2	.	-	ENSG00000277248.1	15866
chr22	10720417	10724941	peak_3578	1000	.	5400.444824	8.380379	-1	3173	chr22	10736170	10736283	U2	.	-	ENSG00000277248.1	11230
chr22	10725086	10730430	peak_3579	1000	.	7150.744141	9.646818	-1	3689	chr22	10736170	10736283	U2	.	-	ENSG00000277248.1	5741
chr22	10732190	10733233	peak_3580	483	.	503.994354	4.395352	-1	747	chr22	10736170	10736283	U2	.	-	ENSG00000277248.1	2938
chr22	10739116	10739810	peak_3581	299	.	207.636429	4.105179	-1	654	chr22	10742049	10753085	ENSG00000301473	.	+	ENSG00000301473.1	2240
chr22	10758505	10759008	peak_3582	468	.	235.252014	4.105179	-1	289	chr22	10752635	10754413	ENSG00000301496	.	-	ENSG00000301496.1	4093
chr22	10768324	10768984	peak_3583	303	.	200.203934	3.776148	-1	27	chr22	10752635	10754413	ENSG00000301496	.	-	ENSG00000301496.1	13912
chr22	10772570	10773182	peak_3584	358	.	218.820450	4.105179	-1	576	chr22	10752635	10754413	ENSG00000301496	.	-	ENSG00000301496.1	18158
chr22	10938540	10939004	peak_3585	484	.	224.617279	3.776148	-1	259	chr22	10939387	10961338	FRG1FP	.	-	ENSG00000283047.1	384
chr22	11019280	11020103	peak_3586	432	.	355.510956	4.395352	-1	61	chr22	11066267	11068174	ENSG00000279973	.	+	ENSG00000279973.3	46165
chr22	11211146	11211650	peak_3587	1000	.	881.791687	8.237581	-1	186	chr22	11249808	11249959	5_8S_rRNA	.	-	ENSG00000276871.1	38159
chr22	11211820	11212072	peak_3588	1000	.	301.244537	6.414886	-1	28	chr22	11249808	11249959	5_8S_rRNA	.	-	ENSG00000276871.1	37737
chr22	11212483	11213458	peak_3589	848	.	826.951904	9.924512	-1	568	chr22	11249808	11249959	5_8S_rRNA	.	-	ENSG00000276871.1	36351
chr22	11214174	11214742	peak_3590	1000	.	754.633789	8.583626	-1	216	chr22	11249808	11249959	5_8S_rRNA	.	-	ENSG00000276871.1	35067
chr22	11268662	11268780	peak_3591	1000	.	308.320923	7.215447	-1	33	chr22	11249808	11249959	5_8S_rRNA	.	-	ENSG00000276871.1	18704
chr22	11324383	11324978	peak_3592	344	.	204.485703	3.776148	-1	221	chr22	11249808	11249959	5_8S_rRNA	.	-	ENSG00000276871.1	74425
chr22	11352254	11353092	peak_3593	278	.	232.709595	4.395352	-1	600	chr22	11249808	11249959	5_8S_rRNA	.	-	ENSG00000276871.1	102296
chr22	11369410	11370171	peak_3594	888	.	675.550415	4.655616	-1	539	chr22	11474743	11479643	ZNF73P	.	+	ENSG00000288262.1	104573
chr22	11370292	11370639	peak_3595	1000	.	378.586365	4.395352	-1	32	chr22	11474743	11479643	ZNF73P	.	+	ENSG00000288262.1	104105
chr22	11371071	11371589	peak_3596	454	.	235.138489	4.395352	-1	426	chr22	11474743	11479643	ZNF73P	.	+	ENSG00000288262.1	103155
chr22	11572331	11572499	peak_3597	1000	.	320.463165	5.496779	-1	48	chr22	11474743	11479643	ZNF73P	.	+	ENSG00000288262.1	92689
chr22	11698108	11698977	peak_3598	639	.	555.416382	5.109050	-1	749	chr22	11707144	11955470	ENSG00000290397	.	+	ENSG00000290397.2	8168
chr22	11701092	11702607	peak_3599	864	.	1309.102539	5.496779	-1	955	chr22	11707144	11955470	ENSG00000290397	.	+	ENSG00000290397.2	4538
chr22	11702766	11703139	peak_3600	634	.	236.627319	5.109050	-1	343	chr22	11707144	11955470	ENSG00000290397	.	+	ENSG00000290397.2	4006
chr22	11813521	11813801	peak_3601	1000	.	430.597870	5.496779	-1	131	chr22	11707144	11955470	ENSG00000290397	.	+	ENSG00000290397.2	0
chr22	11814165	11815159	peak_3602	507	.	503.625763	3.776148	-1	970	chr22	11707144	11955470	ENSG00000290397	.	+	ENSG00000290397.2	0
chr22	11815308	11815942	peak_3603	1000	.	969.538391	6.280785	-1	391	chr22	11707144	11955470	ENSG00000290397	.	+	ENSG00000290397.2	0
chr22	11816085	11816790	peak_3604	859	.	605.705444	5.109050	-1	87	chr22	11707144	11955470	ENSG00000290397	.	+	ENSG00000290397.2	0
chr22	11817437	11817945	peak_3605	1000	.	760.409973	5.992500	-1	252	chr22	11707144	11955470	ENSG00000290397	.	+	ENSG00000290397.2	0
chr22	11819772	11820578	peak_3606	936	.	754.364441	5.309801	-1	406	chr22	11707144	11955470	ENSG00000290397	.	+	ENSG00000290397.2	0
chr22	11820983	11821434	peak_3607	593	.	267.558624	5.109050	-1	246	chr22	11707144	11955470	ENSG00000290397	.	+	ENSG00000290397.2	0
chr22	12170985	12171367	peak_3608	656	.	250.714783	4.395352	-1	166	chr22	12097899	12219507	ENSG00000298316	.	+	ENSG00000298316.1	0
chr22	12172144	12172617	peak_3609	1000	.	485.570587	5.109050	-1	289	chr22	12097899	12219507	ENSG00000298316	.	+	ENSG00000298316.1	0
chr22	12174405	12174934	peak_3610	1000	.	564.384460	5.836737	-1	498	chr22	12097899	12219507	ENSG00000298316	.	+	ENSG00000298316.1	0
chr22	12175610	12177332	peak_3611	1000	.	2071.843262	6.543151	-1	872	chr22	12097899	12219507	ENSG00000298316	.	+	ENSG00000298316.1	0
chr22	12177636	12178127	peak_3612	1000	.	509.039154	5.109050	-1	106	chr22	12097899	12219507	ENSG00000298316	.	+	ENSG00000298316.1	0
chr22	12178270	12178996	peak_3613	743	.	539.617493	5.496779	-1	166	chr22	12097899	12219507	ENSG00000298316	.	+	ENSG00000298316.1	0
chr22	12359379	12359823	peak_3614	530	.	235.331177	3.776148	-1	59	chr22	12298621	12309789	ENSG00000300120	.	-	ENSG00000300120.1	49591
chr22	12359998	12360534	peak_3615	399	.	213.693054	3.776148	-1	513	chr22	12298621	12309789	ENSG00000300120	.	-	ENSG00000300120.1	50210
chr22	12371874	12372468	peak_3616	352	.	208.875610	3.776148	-1	21	chr22	12298621	12309789	ENSG00000300120	.	-	ENSG00000300120.1	62086
chr22	12488915	12489592	peak_3617	299	.	202.416672	3.394254	-1	414	chr22	12602040	12629211	ENSG00000310236	.	+	ENSG00000310236.1	112449
chr22	12490144	12490709	peak_3618	555	.	313.785828	5.309801	-1	99	chr22	12602040	12629211	ENSG00000310236	.	+	ENSG00000310236.1	111332
chr22	12597810	12598421	peak_3619	644	.	393.411682	4.655616	-1	81	chr22	12602040	12629211	ENSG00000310236	.	+	ENSG00000310236.1	3620
chr22	12691738	12692756	peak_3620	1000	.	1485.610962	7.931771	-1	615	chr22	12694809	12696637	ENSG00000297508	.	+	ENSG00000297508.1	2054
chr22	12978350	12978529	peak_3621	1000	.	462.318573	8.836688	-1	118	chr22	12800735	12813586	ENSG00000302854	.	-	ENSG00000302854.1	164765
chr22	12978686	12979951	peak_3622	1000	.	1436.409546	8.088272	-1	898	chr22	12800735	12813586	ENSG00000302854	.	-	ENSG00000302854.1	165101
chr22	12980193	12980820	peak_3623	891	.	558.400818	5.836737	-1	494	chr22	12800735	12813586	ENSG00000302854	.	-	ENSG00000302854.1	166608
chr22	12980931	12981284	peak_3624	1000	.	455.861389	7.007426	-1	319	chr22	12800735	12813586	ENSG00000302854	.	-	ENSG00000302854.1	167346
chr22	12981929	12982397	peak_3625	581	.	271.785370	4.395352	-1	111	chr22	12800735	12813586	ENSG00000302854	.	-	ENSG00000302854.1	168344
chr22	12982576	12983010	peak_3626	1000	.	629.361938	9.345212	-1	293	chr22	12800735	12813586	ENSG00000302854	.	-	ENSG00000302854.1	168991
chr22	12983482	12983654	peak_3627	1000	.	342.075256	6.897870	-1	83	chr22	12800735	12813586	ENSG00000302854	.	-	ENSG00000302854.1	169897
chr22	12983981	12984044	peak_3628	1000	.	209.886368	7.215447	-1	29	chr22	12800735	12813586	ENSG00000302854	.	-	ENSG00000302854.1	170396
chr22	12984159	12985479	peak_3629	1000	.	1423.992432	7.215447	-1	525	chr22	12800735	12813586	ENSG00000302854	.	-	ENSG00000302854.1	170574
chr22	12985596	12985939	peak_3630	762	.	261.246185	5.109050	-1	311	chr22	12800735	12813586	ENSG00000302854	.	-	ENSG00000302854.1	172011
chr22	13248918	13249529	peak_3631	478	.	291.865509	4.395352	-1	117	chr22	12800735	12813586	ENSG00000302854	.	-	ENSG00000302854.1	435333
chr22	13249630	13250996	peak_3632	739	.	1009.396973	4.892064	-1	811	chr22	12800735	12813586	ENSG00000302854	.	-	ENSG00000302854.1	436045
chr22	13251459	13252534	peak_3633	596	.	640.622192	4.395352	-1	902	chr22	12800735	12813586	ENSG00000302854	.	-	ENSG00000302854.1	437874
chr22	13254102	13254823	peak_3634	785	.	566.068726	4.655616	-1	188	chr22	12800735	12813586	ENSG00000302854	.	-	ENSG00000302854.1	440517
chr22	13460007	13460497	peak_3635	428	.	209.548050	4.105179	-1	150	chr22	12800735	12813586	ENSG00000302854	.	-	ENSG00000302854.1	646422
chr22	14348316	14348511	peak_3636	1000	.	242.535538	6.666107	-1	57	chr22	15273854	15273961	U6	.	+	ENSG00000276138.1	925344
chr22	14420450	14420584	peak_3637	1000	.	201.772095	4.655616	-1	92	chr22	15273854	15273961	U6	.	+	ENSG00000276138.1	853271
chr22	14420719	14421613	peak_3638	827	.	739.598938	4.655616	-1	786	chr22	15273854	15273961	U6	.	+	ENSG00000276138.1	852242
chr22	15666402	15666933	peak_3639	435	.	230.904327	3.776148	-1	236	chr22	15635179	15644330	MED15P7	.	-	ENSG00000234381.1	22073
chr22	16260454	16261347	peak_3640	1000	.	1274.358398	9.183957	-1	93	chr22	16141766	16141872	U6	.	+	ENSG00000278188.1	118583
chr22	16261481	16261855	peak_3641	1000	.	442.119080	6.897870	-1	60	chr22	16141766	16141872	U6	.	+	ENSG00000278188.1	119610
chr22	16261980	16262663	peak_3642	1000	.	786.391357	7.113194	-1	365	chr22	16141766	16141872	U6	.	+	ENSG00000278188.1	120109
chr22	16263081	16263544	peak_3643	723	.	334.865845	5.496779	-1	53	chr22	16141766	16141872	U6	.	+	ENSG00000278188.1	121210
chr22	16264985	16266000	peak_3644	980	.	994.279846	6.543151	-1	285	chr22	16387693	16390887	ABCD1P4	.	+	ENSG00000225293.1	121694
chr22	16266737	16267024	peak_3645	1000	.	692.591736	7.503445	-1	255	chr22	16387693	16390887	ABCD1P4	.	+	ENSG00000225293.1	120670
chr22	16267128	16267555	peak_3646	1000	.	1259.610107	12.806022	-1	229	chr22	16387693	16390887	ABCD1P4	.	+	ENSG00000225293.1	120139
chr22	16267845	16268153	peak_3647	667	.	205.368942	5.109050	-1	25	chr22	16387693	16390887	ABCD1P4	.	+	ENSG00000225293.1	119541
chr22	16305705	16305786	peak_3648	1000	.	265.910950	7.007426	-1	35	chr22	16387693	16390887	ABCD1P4	.	+	ENSG00000225293.1	81908
chr22	16306593	16306869	peak_3649	756	.	208.617081	5.671912	-1	26	chr22	16387693	16390887	ABCD1P4	.	+	ENSG00000225293.1	80825
chr22	16307612	16307952	peak_3650	910	.	309.262207	6.280785	-1	23	chr22	16387693	16390887	ABCD1P4	.	+	ENSG00000225293.1	79742
chr22	16308074	16308543	peak_3651	1000	.	615.661987	7.215447	-1	108	chr22	16387693	16390887	ABCD1P4	.	+	ENSG00000225293.1	79151
chr22	16310413	16310476	peak_3652	1000	.	245.539780	7.767279	-1	28	chr22	16387693	16390887	ABCD1P4	.	+	ENSG00000225293.1	77218
chr22	16310973	16311192	peak_3653	1000	.	273.784790	6.666107	-1	32	chr22	16387693	16390887	ABCD1P4	.	+	ENSG00000225293.1	76502
chr22	16311391	16311971	peak_3654	1000	.	930.507019	8.449522	-1	477	chr22	16387693	16390887	ABCD1P4	.	+	ENSG00000225293.1	75723
chr22	16312819	16313119	peak_3655	1000	.	308.393646	6.140231	-1	25	chr22	16387693	16390887	ABCD1P4	.	+	ENSG00000225293.1	74575
chr22	16314180	16315394	peak_3656	1000	.	1724.798462	9.238552	-1	924	chr22	16387693	16390887	ABCD1P4	.	+	ENSG00000225293.1	72300
chr22	16315530	16315991	peak_3657	1000	.	705.319519	11.125182	-1	271	chr22	16387693	16390887	ABCD1P4	.	+	ENSG00000225293.1	71703
chr22	16316105	16316334	peak_3658	1000	.	438.320007	7.007426	-1	22	chr22	16387693	16390887	ABCD1P4	.	+	ENSG00000225293.1	71360
chr22	16316480	16316970	peak_3659	1000	.	750.358032	12.743484	-1	306	chr22	16387693	16390887	ABCD1P4	.	+	ENSG00000225293.1	70724
chr22	16317088	16317662	peak_3660	815	.	467.922272	7.007426	-1	526	chr22	16387693	16390887	ABCD1P4	.	+	ENSG00000225293.1	70032
chr22	16318329	16318742	peak_3661	1000	.	534.076538	7.410364	-1	144	chr22	16387693	16390887	ABCD1P4	.	+	ENSG00000225293.1	68952
chr22	16319164	16319421	peak_3662	1000	.	299.319031	5.671912	-1	23	chr22	16387693	16390887	ABCD1P4	.	+	ENSG00000225293.1	68273
chr22	16319844	16319988	peak_3663	1000	.	213.748260	5.671912	-1	118	chr22	16387693	16390887	ABCD1P4	.	+	ENSG00000225293.1	67706
chr22	16322601	16322870	peak_3664	923	.	248.206833	5.109050	-1	234	chr22	16387693	16390887	ABCD1P4	.	+	ENSG00000225293.1	64824
chr22	16323016	16323142	peak_3665	1000	.	244.425980	6.784213	-1	100	chr22	16387693	16390887	ABCD1P4	.	+	ENSG00000225293.1	64552
chr22	16327233	16327298	peak_3666	1000	.	286.828979	8.309755	-1	32	chr22	16387693	16390887	ABCD1P4	.	+	ENSG00000225293.1	60396
chr22	16329563	16329845	peak_3667	810	.	228.341888	6.543151	-1	19	chr22	16387693	16390887	ABCD1P4	.	+	ENSG00000225293.1	57849
chr22	16330696	16330927	peak_3668	1000	.	426.937439	6.897870	-1	35	chr22	16387693	16390887	ABCD1P4	.	+	ENSG00000225293.1	56767
chr22	16333287	16333828	peak_3669	539	.	291.420990	4.655616	-1	301	chr22	16387693	16390887	ABCD1P4	.	+	ENSG00000225293.1	53866
chr22	16335613	16335883	peak_3670	845	.	228.260910	5.992500	-1	241	chr22	16387693	16390887	ABCD1P4	.	+	ENSG00000225293.1	51811
chr22	16336631	16336749	peak_3671	1000	.	260.101196	6.784213	-1	26	chr22	16387693	16390887	ABCD1P4	.	+	ENSG00000225293.1	50945
chr22	16337256	16337425	peak_3672	1000	.	269.911407	5.836737	-1	99	chr22	16387693	16390887	ABCD1P4	.	+	ENSG00000225293.1	50269
chr22	16338955	16339175	peak_3673	1000	.	268.811707	4.892064	-1	191	chr22	16387693	16390887	ABCD1P4	.	+	ENSG00000225293.1	48519
chr22	16339374	16339460	peak_3674	1000	.	207.154922	6.543151	-1	52	chr22	16387693	16390887	ABCD1P4	.	+	ENSG00000225293.1	48234
chr22	16343454	16343762	peak_3675	1000	.	468.701691	7.681748	-1	33	chr22	16387693	16390887	ABCD1P4	.	+	ENSG00000225293.1	43932
chr22	16343979	16344289	peak_3676	1000	.	390.378754	8.163781	-1	253	chr22	16387693	16390887	ABCD1P4	.	+	ENSG00000225293.1	43405
chr22	16346300	16346892	peak_3677	1000	.	669.095825	7.931771	-1	561	chr22	16387693	16390887	ABCD1P4	.	+	ENSG00000225293.1	40802
chr22	16347075	16347313	peak_3678	1000	.	387.264862	6.666107	-1	193	chr22	16387693	16390887	ABCD1P4	.	+	ENSG00000225293.1	40381
chr22	16348978	16349308	peak_3679	1000	.	463.130096	9.448680	-1	30	chr22	16387693	16390887	ABCD1P4	.	+	ENSG00000225293.1	38386
chr22	16350211	16350555	peak_3680	659	.	226.834763	4.655616	-1	316	chr22	16387693	16390887	ABCD1P4	.	+	ENSG00000225293.1	37139
chr22	16350672	16351368	peak_3681	1000	.	757.912598	8.010967	-1	162	chr22	16387693	16390887	ABCD1P4	.	+	ENSG00000225293.1	36326
chr22	16352307	16352526	peak_3682	1000	.	374.321503	7.113194	-1	136	chr22	16387693	16390887	ABCD1P4	.	+	ENSG00000225293.1	35168
chr22	16352745	16352906	peak_3683	1000	.	1138.180908	14.118308	-1	113	chr22	16387693	16390887	ABCD1P4	.	+	ENSG00000225293.1	34788
chr22	16353267	16353785	peak_3684	1000	.	739.626831	7.767279	-1	442	chr22	16387693	16390887	ABCD1P4	.	+	ENSG00000225293.1	33909
chr22	16354505	16354968	peak_3685	1000	.	886.269104	11.633275	-1	220	chr22	16387693	16390887	ABCD1P4	.	+	ENSG00000225293.1	32726
chr22	16357625	16357877	peak_3686	1000	.	468.544312	8.449522	-1	201	chr22	16387693	16390887	ABCD1P4	.	+	ENSG00000225293.1	29817
chr22	16358518	16358810	peak_3687	695	.	202.908340	5.671912	-1	257	chr22	16387693	16390887	ABCD1P4	.	+	ENSG00000225293.1	28884
chr22	16359654	16360054	peak_3688	1000	.	732.198547	7.410364	-1	93	chr22	16387693	16390887	ABCD1P4	.	+	ENSG00000225293.1	27640
chr22	16361094	16361350	peak_3689	1000	.	261.804321	7.113194	-1	116	chr22	16387693	16390887	ABCD1P4	.	+	ENSG00000225293.1	26344
chr22	16361498	16361678	peak_3690	1000	.	353.536072	9.072088	-1	28	chr22	16387693	16390887	ABCD1P4	.	+	ENSG00000225293.1	26016
chr22	16361928	16362366	peak_3691	500	.	219.080322	6.543151	-1	304	chr22	16387693	16390887	ABCD1P4	.	+	ENSG00000225293.1	25328
chr22	16363224	16363707	peak_3692	532	.	256.936218	5.992500	-1	338	chr22	16387693	16390887	ABCD1P4	.	+	ENSG00000225293.1	23987
chr22	16363841	16364182	peak_3693	866	.	295.388733	5.496779	-1	24	chr22	16387693	16390887	ABCD1P4	.	+	ENSG00000225293.1	23512
chr22	16364570	16364957	peak_3694	930	.	359.783997	5.992500	-1	23	chr22	16387693	16390887	ABCD1P4	.	+	ENSG00000225293.1	22737
chr22	16369079	16369867	peak_3695	466	.	367.463623	5.109050	-1	26	chr22	16387693	16390887	ABCD1P4	.	+	ENSG00000225293.1	17827
chr22	16370125	16370371	peak_3696	1000	.	313.949707	6.140231	-1	153	chr22	16387693	16390887	ABCD1P4	.	+	ENSG00000225293.1	17323
chr22	16370514	16370852	peak_3697	891	.	301.062531	5.836737	-1	148	chr22	16387693	16390887	ABCD1P4	.	+	ENSG00000225293.1	16842
chr22	16371026	16371299	peak_3698	1000	.	439.448883	5.836737	-1	21	chr22	16387693	16390887	ABCD1P4	.	+	ENSG00000225293.1	16395
chr22	16371409	16371644	peak_3699	1000	.	243.363022	6.140231	-1	132	chr22	16387693	16390887	ABCD1P4	.	+	ENSG00000225293.1	16050
chr22	16372384	16372506	peak_3700	1000	.	277.168549	5.836737	-1	27	chr22	16387693	16390887	ABCD1P4	.	+	ENSG00000225293.1	15188
chr22	16372653	16372871	peak_3701	1000	.	225.500275	5.836737	-1	24	chr22	16387693	16390887	ABCD1P4	.	+	ENSG00000225293.1	14823
chr22	16374446	16374724	peak_3702	752	.	208.945236	4.395352	-1	131	chr22	16387693	16390887	ABCD1P4	.	+	ENSG00000225293.1	12970
chr22	16376218	16376949	peak_3703	851	.	622.146484	6.666107	-1	702	chr22	16387693	16390887	ABCD1P4	.	+	ENSG00000225293.1	10745
chr22	16377774	16378070	peak_3704	1000	.	560.734314	9.397332	-1	181	chr22	16387693	16390887	ABCD1P4	.	+	ENSG00000225293.1	9624
chr22	16380013	16380507	peak_3705	976	.	482.052460	7.215447	-1	415	chr22	16387693	16390887	ABCD1P4	.	+	ENSG00000225293.1	7187
chr22	16380773	16381339	peak_3706	1000	.	690.362183	8.836688	-1	216	chr22	16387693	16390887	ABCD1P4	.	+	ENSG00000225293.1	6355
chr22	16381676	16381888	peak_3707	1000	.	389.993195	8.309755	-1	30	chr22	16387693	16390887	ABCD1P4	.	+	ENSG00000225293.1	5806
chr22	17876738	17877701	peak_3708	583	.	561.801086	4.395352	-1	648	chr22	17787648	18024561	MICAL3	.	-	ENSG00000243156.10	0
chr22	17938531	17938741	peak_3709	1000	.	217.141602	5.109050	-1	32	chr22	17787648	18024561	MICAL3	.	-	ENSG00000243156.10	0
chr22	18105902	18106651	peak_3710	439	.	329.009491	4.395352	-1	544	chr22	18077988	18131720	ENSG00000288683	.	+	ENSG00000288683.1	0
chr22	18205567	18205943	peak_3711	1000	.	522.199463	9.014750	-1	33	chr22	18178025	18205991	FAM230D	.	-	ENSG00000187979.5	0
chr22	18205567	18205943	peak_3711	1000	.	522.199463	9.014750	-1	33	chr22	18205936	18207914	ENSG00000308419	.	+	ENSG00000308419.1	0
chr22	18419069	18419235	peak_3712	1000	.	401.058533	7.850579	-1	137	chr22	18233499	18500594	FAM230A	.	+	ENSG00000277870.6	0
chr22	18730323	18730738	peak_3713	777	.	322.252319	4.892064	-1	22	chr22	18727547	18730085	ENSG00000309872	.	-	ENSG00000309872.1	239
chr22	18733677	18733924	peak_3714	1000	.	335.903381	6.140231	-1	27	chr22	18733723	18757906	FAM230E	.	+	ENSG00000182824.8	0
chr22	18890549	18891144	peak_3715	1000	.	817.197266	9.741835	-1	228	chr22	18873542	18896777	FAM230F	.	-	ENSG00000276095.3	0
chr22	18892458	18892552	peak_3716	1000	.	407.743896	10.460853	-1	34	chr22	18873542	18896777	FAM230F	.	-	ENSG00000276095.3	0
chr22	18894089	18894496	peak_3717	603	.	245.542450	5.309801	-1	120	chr22	18873542	18896777	FAM230F	.	-	ENSG00000276095.3	0
chr22	18896188	18896614	peak_3718	1000	.	821.419128	7.767279	-1	373	chr22	18873542	18896777	FAM230F	.	-	ENSG00000276095.3	0
chr22	20338192	20338468	peak_3719	774	.	213.508087	4.395352	-1	85	chr22	20335731	20338859	ENSG00000309819	.	-	ENSG00000309819.1	0
chr22	20338192	20338468	peak_3719	774	.	213.508087	4.395352	-1	85	chr22	20337894	20354372	FAM230G	.	+	ENSG00000188280.12	0
chr22	20338700	20339093	peak_3720	574	.	225.584717	4.655616	-1	28	chr22	20335731	20338859	ENSG00000309819	.	-	ENSG00000309819.1	0
chr22	20338700	20339093	peak_3720	574	.	225.584717	4.655616	-1	28	chr22	20337894	20354372	FAM230G	.	+	ENSG00000188280.12	0
chr22	21325319	21325423	peak_3721	1000	.	200.940201	6.543151	-1	76	chr22	21300989	21326741	FAM230H	.	-	ENSG00000206142.10	0
chr22	23486763	23486825	peak_3722	1000	.	261.299713	7.931771	-1	30	chr22	23461219	23509553	FAM230I	.	-	ENSG00000178248.12	0
chr22	23702855	23703460	peak_3723	371	.	224.322052	3.776148	-1	577	chr22	23630617	23717423	GUSBP11	.	-	ENSG00000228315.13	0
chr22	23702855	23703460	peak_3723	371	.	224.322052	3.776148	-1	577	chr22	23659868	23717295	GUSBP11	.	-	ENSG00000272578.6	0
chr22	26885097	26885753	peak_3724	348	.	228.053940	4.105179	-1	293	chr22	26646362	27004694	MIATNB	.	+	ENSG00000244625.8	0
chr22	28034699	28035035	peak_3725	698	.	234.519333	4.395352	-1	35	chr22	27978013	28679925	TTC28	.	-	ENSG00000100154.16	0
chr22	28266916	28267331	peak_3726	503	.	208.543396	4.105179	-1	194	chr22	27978013	28679925	TTC28	.	-	ENSG00000100154.16	0
chr22	29120100	29120424	peak_3727	1000	.	449.440826	5.496779	-1	107	chr22	29072936	29168333	KREMEN1	.	+	ENSG00000183762.15	0
chr22	30042150	30042465	peak_3728	685	.	215.850601	4.655616	-1	31	chr22	30008739	30080480	HORMAD2-AS1	.	-	ENSG00000227117.7	0
chr22	30286384	30287005	peak_3729	326	.	202.313583	4.105179	-1	201	chr22	30285113	30289694	CASTOR1	.	-	ENSG00000239282.10	0
chr22	30286384	30287005	peak_3729	326	.	202.313583	4.105179	-1	201	chr22	30285237	30299482	ENSG00000248751	.	-	ENSG00000248751.6	0
chr22	30303893	30304222	peak_3730	616	.	202.567337	4.105179	-1	92	chr22	30291989	30326947	TBC1D10A	.	-	ENSG00000099992.18	0
chr22	33122605	33122665	peak_3731	1000	.	266.520325	9.014750	-1	30	chr22	33071165	33145897	LINC01640	.	+	ENSG00000231253.3	0
chr22	37241009	37241355	peak_3732	616	.	212.970139	5.671912	-1	34	chr22	37225269	37259594	RAC2	.	-	ENSG00000128340.18	0
chr22	37288613	37289193	peak_3733	365	.	211.710419	4.105179	-1	392	chr22	37282026	37315346	CYTH4	.	+	ENSG00000100055.23	0
chr22	37659891	37660281	peak_3734	661	.	257.971741	4.105179	-1	72	chr22	37639692	37666932	ENSG00000285304	.	+	ENSG00000285304.1	0
chr22	37659891	37660281	peak_3734	661	.	257.971741	4.105179	-1	72	chr22	37658714	37666934	PDXP	.	+	ENSG00000241360.3	0
chr22	37994957	37995312	peak_3735	596	.	211.620117	4.395352	-1	325	chr22	37952606	38041932	POLR2F	.	+	ENSG00000100142.18	0
chr22	38644329	38644560	peak_3736	1000	.	468.697144	5.992500	-1	147	chr22	38578117	38656629	FAM227A	.	-	ENSG00000184949.19	0
chr22	38704641	38705153	peak_3737	406	.	207.746674	3.776148	-1	484	chr22	38704847	38705520	ENSG00000295107	.	-	ENSG00000295107.1	0
chr22	39173592	39173876	peak_3738	758	.	215.325562	4.395352	-1	94	chr22	39153788	39214609	ENSG00000297155	.	-	ENSG00000297155.1	0
chr22	39565200	39565565	peak_3739	720	.	262.898285	4.395352	-1	34	chr22	39570752	39689735	CACNA1I	.	+	ENSG00000100346.18	5188
chr22	39965710	39966210	peak_3740	445	.	222.381943	3.776148	-1	18	chr22	39901083	39973721	GRAP2	.	+	ENSG00000100351.19	0
chr22	40347582	40348130	peak_3741	366	.	200.666443	3.776148	-1	238	chr22	40346460	40390463	ADSL	.	+	ENSG00000239900.16	0
chr22	40347582	40348130	peak_3741	366	.	200.666443	3.776148	-1	238	chr22	40346528	40410054	ENSG00000284431	.	+	ENSG00000284431.1	0
chr22	40732607	40733000	peak_3742	550	.	216.213272	4.105179	-1	122	chr22	40721456	40741265	ENSG00000302971	.	+	ENSG00000302971.1	0
chr22	42324101	42324516	peak_3743	565	.	234.345657	4.105179	-1	148	chr22	42160012	42343616	TCF20	.	-	ENSG00000100207.22	0
chr22	44154709	44154972	peak_3744	1000	.	270.723816	5.109050	-1	35	chr22	43999210	44172939	PARVB	.	+	ENSG00000188677.16	0
chr22	44335793	44336345	peak_3745	533	.	294.077301	4.892064	-1	345	chr22	44337459	44340286	ENSG00000296820	.	+	ENSG00000296820.1	1115
chr22	44617802	44618222	peak_3746	490	.	205.835617	5.309801	-1	63	chr22	44606288	44625431	LINC00229	.	-	ENSG00000234300.2	0
chr22	44619051	44619554	peak_3747	621	.	312.184479	4.395352	-1	423	chr22	44606288	44625431	LINC00229	.	-	ENSG00000234300.2	0
chr22	44619781	44620162	peak_3748	579	.	220.420166	3.776148	-1	202	chr22	44606288	44625431	LINC00229	.	-	ENSG00000234300.2	0
chr22	44652455	44653238	peak_3749	324	.	253.304626	4.105179	-1	574	chr22	44651834	44652379	ANP32BP2	.	+	ENSG00000231801.2	77
chr22	45979196	45979831	peak_3750	390	.	247.431366	3.776148	-1	403	chr22	45920365	45977260	WNT7B	.	-	ENSG00000188064.11	1937
chr22	46615393	46615994	peak_3751	525	.	315.635773	4.655616	-1	578	chr22	46575635	46682755	GRAMD4	.	+	ENSG00000075240.19	0
chr22	47628764	47629193	peak_3752	643	.	275.715027	4.655616	-1	20	chr22	47612230	47631569	LINC00898	.	-	ENSG00000205634.8	0
chr22	48582887	48583275	peak_3753	642	.	248.928177	4.105179	-1	258	chr22	48489185	48850912	TAFA5	.	+	ENSG00000219438.11	0
chr22	48584874	48585552	peak_3754	342	.	231.598495	3.394254	-1	353	chr22	48489185	48850912	TAFA5	.	+	ENSG00000219438.11	0
chr22	50337210	50337597	peak_3755	639	.	247.221771	4.892064	-1	352	chr22	50330658	50445090	PPP6R2	.	+	ENSG00000100239.18	0
chr22	50337870	50338819	peak_3756	762	.	723.091614	4.892064	-1	414	chr22	50330658	50445090	PPP6R2	.	+	ENSG00000100239.18	0
chr22	50338935	50339362	peak_3757	693	.	296.035339	4.105179	-1	411	chr22	50330658	50445090	PPP6R2	.	+	ENSG00000100239.18	0
chr22	50339823	50340084	peak_3758	949	.	247.628891	5.309801	-1	104	chr22	50330658	50445090	PPP6R2	.	+	ENSG00000100239.18	0
chr22	50643563	50644304	peak_3759	826	.	612.126465	5.671912	-1	351	chr22	50641977	50653123	ENSG00000308444	.	+	ENSG00000308444.1	0
chr22	50807903	50808455	peak_3760	1000	.	1133.358276	8.088272	-1	93	chr22	50756830	50801309	ENSG00000291064	.	+	ENSG00000291064.2	6595
chr3	10000	10830	peak_501	1000	.	1591.591309	8.380379	-1	543	chr3	11720	24849	LINC01986	.	+	ENSG00000223587.3	891
chr3	10698530	10698816	peak_502	756	.	216.198685	3.776148	-1	160	chr3	10324022	10708060	ATP2B2	.	-	ENSG00000157087.21	0
chr3	11245862	11246178	peak_503	639	.	201.853027	5.109050	-1	285	chr3	11137092	11263731	HRH1	.	+	ENSG00000196639.9	0
chr3	12664180	12664637	peak_504	503	.	229.803589	3.776148	-1	335	chr3	12582100	12664201	RAF1	.	-	ENSG00000132155.16	0
chr3	12664180	12664637	peak_504	503	.	229.803589	3.776148	-1	335	chr3	12664299	12665317	ENSG00000290072	.	+	ENSG00000290072.2	0
chr3	15291785	15292357	peak_505	400	.	228.785278	4.655616	-1	439	chr3	15254253	15341368	SH3BP5	.	-	ENSG00000131370.18	0
chr3	15295673	15296011	peak_506	683	.	230.997726	4.105179	-1	287	chr3	15254253	15341368	SH3BP5	.	-	ENSG00000131370.18	0
chr3	15738444	15738705	peak_507	804	.	209.849609	4.655616	-1	230	chr3	15667130	15859847	ANKRD28	.	-	ENSG00000206560.13	0
chr3	15738444	15738705	peak_507	804	.	209.849609	4.655616	-1	230	chr3	15738514	15738809	RN7SL4P	.	+	ENSG00000263740.2	0
chr3	16262623	16262830	peak_508	1000	.	212.303024	4.655616	-1	113	chr3	16257060	16264998	DPH3	.	-	ENSG00000154813.12	0
chr3	16534435	16534817	peak_509	527	.	201.152435	4.395352	-1	58	chr3	16524770	16541903	LINC00690	.	+	ENSG00000233570.3	0
chr3	17909037	17909472	peak_510	473	.	205.899841	4.105179	-1	384	chr3	17157161	18444817	TBC1D5	.	-	ENSG00000131374.17	0
chr3	17909037	17909472	peak_510	473	.	205.899841	4.105179	-1	384	chr3	17860921	18041541	BALR6	.	+	ENSG00000274840.6	0
chr3	27980493	27980973	peak_511	480	.	230.523331	4.395352	-1	116	chr3	27916773	28059667	LINC01967	.	-	ENSG00000235493.3	0
chr3	31378023	31378652	peak_512	347	.	218.203186	3.776148	-1	595	chr3	31452831	31455894	THRAP3P1	.	+	ENSG00000227339.1	74180
chr3	31462686	31463028	peak_513	650	.	222.265793	4.395352	-1	135	chr3	31452831	31455894	THRAP3P1	.	+	ENSG00000227339.1	6793
chr3	33205354	33205633	peak_514	787	.	219.538666	4.105179	-1	150	chr3	33150037	33219278	SUSD5	.	-	ENSG00000173705.10	0
chr3	38084242	38084557	peak_515	1000	.	893.384155	8.010967	-1	280	chr3	38039189	38124025	DLEC1	.	+	ENSG00000008226.22	0
chr3	38087611	38088197	peak_516	382	.	224.030518	4.395352	-1	160	chr3	38039189	38124025	DLEC1	.	+	ENSG00000008226.22	0
chr3	38147666	38148102	peak_517	463	.	201.674362	3.394254	-1	140	chr3	38138551	38143024	MYD88	.	+	ENSG00000172936.20	4643
chr3	45688220	45689309	peak_518	1000	.	1639.342773	7.314430	-1	688	chr3	45676368	45689209	LIMD1-AS1	.	-	ENSG00000230530.3	0
chr3	45688220	45689309	peak_518	1000	.	1639.342773	7.314430	-1	688	chr3	45689055	45745425	SACM1L	.	+	ENSG00000211456.16	0
chr3	45884919	45885420	peak_519	584	.	292.690887	4.892064	-1	68	chr3	45823315	45916042	LZTFL1	.	-	ENSG00000163818.22	0
chr3	45884919	45885420	peak_519	584	.	292.690887	4.892064	-1	68	chr3	45884424	45904311	CCR9	.	+	ENSG00000173585.20	0
chr3	45908342	45908949	peak_520	486	.	295.110352	4.395352	-1	487	chr3	45823315	45916042	LZTFL1	.	-	ENSG00000163818.22	0
chr3	45908342	45908949	peak_520	486	.	295.110352	4.395352	-1	487	chr3	45907662	45916683	ENSG00000307676	.	+	ENSG00000307676.1	0
chr3	46076953	46077247	peak_521	920	.	270.464539	4.105179	-1	5	chr3	46016987	46085850	XCR1	.	-	ENSG00000173578.10	0
chr3	46076953	46077247	peak_521	920	.	270.464539	4.105179	-1	5	chr3	46065694	46104017	ENSG00000288703	.	+	ENSG00000288703.2	0
chr3	49016847	49017433	peak_522	393	.	230.229553	3.394254	-1	433	chr3	49015473	49022293	DALRD3	.	-	ENSG00000178149.19	0
chr3	49028472	49028906	peak_523	464	.	201.201080	3.394254	-1	178	chr3	49024314	49029452	IMPDH2	.	-	ENSG00000178035.15	0
chr3	49028472	49028906	peak_523	464	.	201.201080	3.394254	-1	178	chr3	49024344	49094071	ENSG00000290315	.	-	ENSG00000290315.1	0
chr3	49671207	49671666	peak_524	613	.	281.514526	4.395352	-1	32	chr3	49554476	49671549	BSN	.	+	ENSG00000164061.5	0
chr3	52411735	52412622	peak_525	252	.	223.461304	3.776148	-1	707	chr3	52410503	52427966	PHF7	.	+	ENSG00000010318.24	0
chr3	56928368	56928804	peak_526	521	.	227.143524	4.655616	-1	132	chr3	56727413	57079329	ARHGEF3	.	-	ENSG00000163947.14	0
chr3	66441518	66442067	peak_527	402	.	220.504547	3.394254	-1	445	chr3	66378792	66501263	LRIG1	.	-	ENSG00000144749.16	0
chr3	71584350	71584909	peak_528	371	.	207.302826	4.395352	-1	422	chr3	70959225	71754229	ENSG00000285708	.	-	ENSG00000285708.1	0
chr3	71584350	71584909	peak_528	371	.	207.302826	4.395352	-1	422	chr3	71581600	71653387	ENSG00000277855	.	+	ENSG00000277855.2	0
chr3	71584350	71584909	peak_528	371	.	207.302826	4.395352	-1	422	chr3	71584047	71587409	FOXP1-DT	.	+	ENSG00000270562.2	0
chr3	75669211	75669618	peak_529	502	.	204.183472	5.109050	-1	95	chr3	75624163	75670353	ENSG00000293315	.	-	ENSG00000293315.2	0
chr3	75669211	75669618	peak_529	502	.	204.183472	5.109050	-1	95	chr3	75668930	75670185	DUX4L26	.	+	ENSG00000236138.4	0
chr3	75691832	75692319	peak_530	441	.	214.984879	3.776148	-1	260	chr3	75672231	75742089	LINC00960	.	+	ENSG00000242516.5	0
chr3	75691832	75692319	peak_530	441	.	214.984879	3.776148	-1	260	chr3	75678659	75785592	ZNF717	.	-	ENSG00000227124.14	0
chr3	81491955	81492389	peak_531	511	.	221.985260	4.105179	-1	346	chr3	81489160	81761840	GBE1	.	-	ENSG00000114480.15	0
chr3	91179083	91179606	peak_532	386	.	202.126053	3.394254	-1	185	chr3	91356754	91356914	ENSG00000283367	.	+	ENSG00000283367.1	177149
chr3	91549991	91551186	peak_533	583	.	696.423950	5.109050	-1	556	chr3	91374235	91513775	ENSG00000283544	.	-	ENSG00000283544.1	36217
chr3	91552478	91553255	peak_534	453	.	352.044281	4.105179	-1	564	chr3	91374235	91513775	ENSG00000283544	.	-	ENSG00000283544.1	38704
chr3	91891127	91891479	peak_535	1000	.	421.072357	4.892064	-1	310	chr3	91374235	91513775	ENSG00000283544	.	-	ENSG00000283544.1	377353
chr3	93470358	93470804	peak_536	1000	.	4785.744141	17.404957	-1	388	chr3	93843763	93843862	RNU6-488P	.	+	ENSG00000251727.1	372960
chr3	93706233	93706849	peak_537	542	.	333.990997	4.655616	-1	315	chr3	93843763	93843862	RNU6-488P	.	+	ENSG00000251727.1	136915
chr3	93707744	93709088	peak_538	415	.	557.807922	5.109050	-1	721	chr3	93843763	93843862	RNU6-488P	.	+	ENSG00000251727.1	134676
chr3	93709528	93710111	peak_539	409	.	238.639633	3.776148	-1	362	chr3	93843763	93843862	RNU6-488P	.	+	ENSG00000251727.1	133653
chr3	93710576	93711156	peak_540	546	.	316.875641	4.395352	-1	122	chr3	93843763	93843862	RNU6-488P	.	+	ENSG00000251727.1	132608
chr3	93711262	93711713	peak_541	762	.	343.741943	5.309801	-1	92	chr3	93843763	93843862	RNU6-488P	.	+	ENSG00000251727.1	132051
chr3	93711817	93712592	peak_542	417	.	322.944336	3.776148	-1	215	chr3	93843763	93843862	RNU6-488P	.	+	ENSG00000251727.1	131172
chr3	93713188	93713725	peak_543	475	.	254.894943	4.395352	-1	337	chr3	93843763	93843862	RNU6-488P	.	+	ENSG00000251727.1	130039
chr3	94063237	94063692	peak_544	681	.	309.726746	4.395352	-1	86	chr3	93981179	94063389	DHFR2	.	-	ENSG00000178700.11	0
chr3	94063237	94063692	peak_544	681	.	309.726746	4.395352	-1	86	chr3	94062979	94131832	NSUN3	.	+	ENSG00000178694.11	0
chr3	96617241	96618536	peak_545	1000	.	1420.152588	6.897870	-1	559	chr3	96619303	96619831	RPL18AP8	.	+	ENSG00000218754.4	768
chr3	98038947	98039770	peak_546	259	.	212.946869	3.394254	-1	558	chr3	97985101	98035315	GABRR3	.	-	ENSG00000183185.10	3633
chr3	111312040	111312346	peak_547	708	.	216.779144	5.309801	-1	33	chr3	111292718	111680594	CD96	.	+	ENSG00000153283.16	0
chr3	122965553	122966348	peak_548	309	.	245.656525	3.776148	-1	35	chr3	122908721	123028605	SEMA5B	.	-	ENSG00000082684.18	0
chr3	130044107	130044543	peak_549	758	.	330.526001	4.395352	-1	352	chr3	130047173	130065356	ENSG00000309438	.	+	ENSG00000309438.1	2631
chr3	132881947	132882340	peak_550	740	.	290.842285	4.105179	-1	181	chr3	132721749	132895230	NPHP3-AS1	.	+	ENSG00000248724.7	0
chr3	143751693	143752304	peak_551	331	.	202.166672	4.105179	-1	549	chr3	143265221	143848485	SLC9A9	.	-	ENSG00000181804.17	0
chr3	155852669	155852926	peak_552	818	.	210.142319	4.395352	-1	32	chr3	155763042	155854442	ENSG00000284952	.	-	ENSG00000284952.1	0
chr3	155852669	155852926	peak_552	818	.	210.142319	4.395352	-1	32	chr3	155821023	155854563	SLC33A1	.	-	ENSG00000169359.18	0
chr3	160398804	160399249	peak_553	451	.	200.688522	4.105179	-1	411	chr3	160227453	160449829	TRIM59-IFT80	.	-	ENSG00000248710.1	0
chr3	160398804	160399249	peak_553	451	.	200.688522	4.105179	-1	411	chr3	160256985	160400357	IFT80	.	-	ENSG00000068885.17	0
chr3	169771859	169772575	peak_554	1000	.	886.122925	6.784213	-1	327	chr3	169769309	169772153	ENSG00000269889	.	+	ENSG00000269889.2	0
chr3	169771859	169772575	peak_554	1000	.	886.122925	6.784213	-1	327	chr3	169772470	169773371	ENSG00000300864	.	-	ENSG00000300864.1	0
chr3	183017796	183018597	peak_555	350	.	280.474213	3.394254	-1	300	chr3	183015217	183116075	MCCC1	.	-	ENSG00000078070.16	0
chr3	183017796	183018597	peak_555	350	.	280.474213	3.394254	-1	300	chr3	183016254	183017808	MCCC1-AS1	.	+	ENSG00000243368.2	0
chr3	183349510	183349911	peak_556	542	.	217.444107	3.776148	-1	116	chr3	183176120	183428948	MCF2L2	.	-	ENSG00000053524.14	0
chr3	188926399	188926760	peak_557	564	.	203.508728	4.395352	-1	147	chr3	188941195	188947829	TPRG1-AS1	.	-	ENSG00000234076.3	14436
chr3	194324487	194324710	peak_558	1000	.	231.158737	4.892064	-1	174	chr3	194200260	194324520	LINC00887	.	-	ENSG00000214145.9	0
chr3	194324829	194325317	peak_559	548	.	267.542877	3.776148	-1	15	chr3	194200260	194324520	LINC00887	.	-	ENSG00000214145.9	310
chr3	194327443	194328081	peak_560	685	.	436.880890	4.655616	-1	18	chr3	194200260	194324520	LINC00887	.	-	ENSG00000214145.9	2924
chr3	196898749	196898905	peak_561	1000	.	931.182068	10.894123	-1	93	chr3	196867855	196934718	SENP5	.	+	ENSG00000119231.13	0
chr3	198100413	198101244	peak_562	288	.	239.236435	3.776148	-1	257	chr3	198086059	198113332	ENSG00000290936	.	+	ENSG00000290936.2	0
chr3	198168428	198169331	peak_563	464	.	419.370239	4.655616	-1	23	chr3	198151956	198222513	ENSG00000290937	.	+	ENSG00000290937.2	0
chr3	198168428	198169331	peak_563	464	.	419.370239	4.655616	-1	23	chr3	198161491	198184063	ENSG00000301547	.	-	ENSG00000301547.1	0
chr3	198173418	198173482	peak_564	1000	.	203.999222	7.007426	-1	31	chr3	198151956	198222513	ENSG00000290937	.	+	ENSG00000290937.2	0
chr3	198173418	198173482	peak_564	1000	.	203.999222	7.007426	-1	31	chr3	198161491	198184063	ENSG00000301547	.	-	ENSG00000301547.1	0
chr4	10000	10189	peak_565	1000	.	688.336121	8.237581	-1	148	chr4	33221	51437	ENSG00000304187	.	-	ENSG00000304187.1	23033
chr4	22834	23230	peak_566	552	.	218.751480	4.105179	-1	210	chr4	33221	51437	ENSG00000304187	.	-	ENSG00000304187.1	9992
chr4	24250	24925	peak_567	330	.	222.424164	4.105179	-1	123	chr4	33221	51437	ENSG00000304187	.	-	ENSG00000304187.1	8297
chr4	47691	48253	peak_568	384	.	215.905487	3.776148	-1	116	chr4	33221	51437	ENSG00000304187	.	-	ENSG00000304187.1	0
chr4	555002	555684	peak_569	1000	.	709.834045	6.140231	-1	287	chr4	499194	541173	PIGG	.	+	ENSG00000174227.18	13830
chr4	1224594	1224995	peak_570	530	.	212.727066	5.109050	-1	300	chr4	1211433	1250333	CTBP1	.	-	ENSG00000159692.20	0
chr4	3567623	3568256	peak_571	399	.	252.450745	4.105179	-1	213	chr4	3576850	3590995	LINC00955	.	+	ENSG00000216560.5	8595
chr4	6003497	6004370	peak_572	456	.	398.375183	4.105179	-1	486	chr4	5897372	6200596	C4orf50	.	-	ENSG00000181215.18	0
chr4	6725426	6726327	peak_573	696	.	627.040466	5.109050	-1	534	chr4	6727330	6728158	ENSG00000309165	.	+	ENSG00000309165.1	1004
chr4	7565658	7566330	peak_574	387	.	259.767090	4.655616	-1	341	chr4	7192537	7743642	SORCS2	.	+	ENSG00000184985.18	0
chr4	7863934	7864158	peak_575	1000	.	288.980499	4.892064	-1	44	chr4	7758712	7939926	AFAP1	.	-	ENSG00000196526.13	0
chr4	7976539	7976832	peak_576	742	.	217.491898	4.655616	-1	197	chr4	7965309	8158832	ABLIM2	.	-	ENSG00000163995.23	0
chr4	8636147	8636658	peak_577	537	.	274.221466	4.395352	-1	32	chr4	8558724	8619761	GPR78	.	+	ENSG00000155269.12	16387
chr4	8636147	8636658	peak_577	537	.	274.221466	4.395352	-1	32	chr4	8592637	8619761	CPZ	.	+	ENSG00000109625.21	16387
chr4	10100247	10100816	peak_578	466	.	264.962036	4.395352	-1	172	chr4	10068088	10116988	WDR1	.	-	ENSG00000071127.20	0
chr4	13981571	13982453	peak_579	228	.	201.046036	3.776148	-1	175	chr4	13654294	14254578	LINC01182	.	+	ENSG00000250634.8	0
chr4	13981571	13982453	peak_579	228	.	201.046036	3.776148	-1	175	chr4	13892345	13982351	ENSG00000306343	.	-	ENSG00000306343.1	0
chr4	21582018	21582091	peak_580	1000	.	239.306961	6.897870	-1	34	chr4	20727541	21948772	KCNIP4	.	-	ENSG00000185774.18	0
chr4	37747012	37747080	peak_581	1000	.	389.781799	11.461657	-1	35	chr4	37761034	37781092	ENSG00000309616	.	+	ENSG00000309616.1	13955
chr4	37747951	37748215	peak_582	763	.	201.439392	4.655616	-1	32	chr4	37761034	37781092	ENSG00000309616	.	+	ENSG00000309616.1	12820
chr4	38243628	38243977	peak_583	633	.	221.031403	4.655616	-1	315	chr4	38217496	38319367	ENSG00000287659	.	-	ENSG00000287659.2	0
chr4	38310446	38311315	peak_584	257	.	223.731949	3.776148	-1	95	chr4	38217496	38319367	ENSG00000287659	.	-	ENSG00000287659.2	0
chr4	38310446	38311315	peak_584	257	.	223.731949	3.776148	-1	95	chr4	38287811	38385962	LINC02513	.	+	ENSG00000248227.2	0
chr4	38733950	38734346	peak_585	544	.	215.432449	4.395352	-1	34	chr4	38717973	38739391	ENSG00000304123	.	+	ENSG00000304123.1	0
chr4	39637545	39637889	peak_586	639	.	219.751999	4.395352	-1	317	chr4	39546335	39639092	SMIM14	.	-	ENSG00000163683.14	0
chr4	40246809	40247643	peak_587	340	.	283.385101	4.105179	-1	811	chr4	40191010	40246967	RHOH	.	+	ENSG00000168421.15	0
chr4	40294897	40295251	peak_588	1000	.	411.866455	5.109050	-1	246	chr4	40283583	40291223	ENSG00000301534	.	+	ENSG00000301534.1	3675
chr4	49091242	49100499	peak_589	1000	.	26802.759766	11.125182	-1	6440	chr4	48986143	49062174	CWH43	.	+	ENSG00000109182.14	29069
chr4	49100630	49104892	peak_590	1000	.	13553.807617	12.806022	-1	4078	chr4	48986143	49062174	CWH43	.	+	ENSG00000109182.14	38457
chr4	49105004	49115903	peak_591	1000	.	31333.902344	14.103314	-1	3343	chr4	48986143	49062174	CWH43	.	+	ENSG00000109182.14	42831
chr4	49116062	49117354	peak_592	1000	.	3017.482666	8.380379	-1	847	chr4	49161262	49259732	ENSG00000309878	.	+	ENSG00000309878.1	43909
chr4	49117457	49122916	peak_593	1000	.	17323.113281	14.012192	-1	901	chr4	49161262	49259732	ENSG00000309878	.	+	ENSG00000309878.1	38347
chr4	49123018	49123736	peak_594	1000	.	2086.728027	12.437789	-1	629	chr4	49161262	49259732	ENSG00000309878	.	+	ENSG00000309878.1	37527
chr4	49123849	49127128	peak_595	1000	.	6095.826660	8.517250	-1	3233	chr4	49161262	49259732	ENSG00000309878	.	+	ENSG00000309878.1	34135
chr4	49127266	49128281	peak_596	1000	.	1499.931396	7.681748	-1	192	chr4	49161262	49259732	ENSG00000309878	.	+	ENSG00000309878.1	32982
chr4	49128386	49131037	peak_597	1000	.	5250.015625	12.251782	-1	2519	chr4	49161262	49259732	ENSG00000309878	.	+	ENSG00000309878.1	30226
chr4	49131142	49136316	peak_598	1000	.	8272.975586	10.611047	-1	4930	chr4	49161262	49259732	ENSG00000309878	.	+	ENSG00000309878.1	24947
chr4	49136437	49138806	peak_599	1000	.	4954.427734	9.741835	-1	293	chr4	49161262	49259732	ENSG00000309878	.	+	ENSG00000309878.1	22457
chr4	49138922	49144866	peak_600	1000	.	13829.791016	11.490805	-1	1631	chr4	49161262	49259732	ENSG00000309878	.	+	ENSG00000309878.1	16397
chr4	49144981	49146808	peak_601	1000	.	4604.831543	10.961621	-1	48	chr4	49161262	49259732	ENSG00000309878	.	+	ENSG00000309878.1	14455
chr4	49146917	49156633	peak_602	1000	.	29194.101562	18.399807	-1	6317	chr4	49161262	49259732	ENSG00000309878	.	+	ENSG00000309878.1	4630
chr4	49279317	49279982	peak_603	525	.	349.205078	4.105179	-1	639	chr4	49161262	49259732	ENSG00000309878	.	+	ENSG00000309878.1	19586
chr4	49280287	49280810	peak_604	388	.	202.971848	4.395352	-1	118	chr4	49161262	49259732	ENSG00000309878	.	+	ENSG00000309878.1	20556
chr4	49283592	49284200	peak_605	406	.	247.106125	4.395352	-1	265	chr4	49161262	49259732	ENSG00000309878	.	+	ENSG00000309878.1	23861
chr4	49286539	49287509	peak_606	348	.	337.397186	4.395352	-1	540	chr4	49161262	49259732	ENSG00000309878	.	+	ENSG00000309878.1	26808
chr4	49289238	49289456	peak_607	1000	.	244.839386	5.309801	-1	59	chr4	49161262	49259732	ENSG00000309878	.	+	ENSG00000309878.1	29507
chr4	49290488	49291018	peak_608	463	.	245.449310	4.395352	-1	65	chr4	49161262	49259732	ENSG00000309878	.	+	ENSG00000309878.1	30757
chr4	49291198	49292637	peak_609	504	.	725.163513	5.496779	-1	997	chr4	49161262	49259732	ENSG00000309878	.	+	ENSG00000309878.1	31467
chr4	49294025	49294424	peak_610	538	.	214.589386	4.105179	-1	32	chr4	49161262	49259732	ENSG00000309878	.	+	ENSG00000309878.1	34294
chr4	49295611	49296276	peak_611	494	.	328.210876	4.395352	-1	600	chr4	49161262	49259732	ENSG00000309878	.	+	ENSG00000309878.1	35880
chr4	49298441	49298882	peak_612	941	.	414.963867	6.140231	-1	157	chr4	49161262	49259732	ENSG00000309878	.	+	ENSG00000309878.1	38710
chr4	49304483	49305443	peak_613	466	.	447.596436	4.105179	-1	204	chr4	49161262	49259732	ENSG00000309878	.	+	ENSG00000309878.1	44752
chr4	49308161	49308526	peak_614	766	.	279.694000	5.109050	-1	28	chr4	49161262	49259732	ENSG00000309878	.	+	ENSG00000309878.1	48430
chr4	49310306	49310789	peak_615	539	.	260.374146	4.655616	-1	450	chr4	49161262	49259732	ENSG00000309878	.	+	ENSG00000309878.1	50575
chr4	49314709	49315332	peak_616	687	.	428.081207	4.395352	-1	269	chr4	49161262	49259732	ENSG00000309878	.	+	ENSG00000309878.1	54978
chr4	49316624	49317099	peak_617	1000	.	544.054504	4.892064	-1	23	chr4	49161262	49259732	ENSG00000309878	.	+	ENSG00000309878.1	56893
chr4	49317338	49317753	peak_618	631	.	262.047546	4.105179	-1	25	chr4	49161262	49259732	ENSG00000309878	.	+	ENSG00000309878.1	57607
chr4	49319034	49319494	peak_619	588	.	270.400940	4.655616	-1	432	chr4	49161262	49259732	ENSG00000309878	.	+	ENSG00000309878.1	59303
chr4	49319649	49320609	peak_620	482	.	462.265900	4.395352	-1	143	chr4	49161262	49259732	ENSG00000309878	.	+	ENSG00000309878.1	59918
chr4	49322825	49324060	peak_621	731	.	902.485840	5.496779	-1	134	chr4	49161262	49259732	ENSG00000309878	.	+	ENSG00000309878.1	63094
chr4	49324170	49324576	peak_622	714	.	290.027435	4.655616	-1	341	chr4	49161262	49259732	ENSG00000309878	.	+	ENSG00000309878.1	64439
chr4	49329321	49330356	peak_623	567	.	587.005066	5.109050	-1	1006	chr4	49161262	49259732	ENSG00000309878	.	+	ENSG00000309878.1	69590
chr4	49510211	49512188	peak_624	821	.	1622.988770	5.109050	-1	909	chr4	49502989	49540804	ENSG00000294922	.	-	ENSG00000294922.1	0
chr4	49512423	49513550	peak_625	615	.	693.235229	4.892064	-1	844	chr4	49502989	49540804	ENSG00000294922	.	-	ENSG00000294922.1	0
chr4	49513783	49515662	peak_626	713	.	1338.909424	7.850579	-1	1105	chr4	49502989	49540804	ENSG00000294922	.	-	ENSG00000294922.1	0
chr4	49631290	49658096	peak_627	1000	.	84380.484375	19.839340	-1	8150	chr4	49522070	49602839	ENSG00000294903	.	+	ENSG00000294903.1	28452
chr4	49708114	49711931	peak_628	1000	.	12307.670898	11.461657	-1	1969	chr4	49522070	49602839	ENSG00000294903	.	+	ENSG00000294903.1	105276
chr4	50086097	50086208	peak_629	1000	.	205.798721	6.897870	-1	90	chr4	49522070	49602839	ENSG00000294903	.	+	ENSG00000294903.1	483259
chr4	50556113	50556184	peak_630	1000	.	419.624084	10.755310	-1	35	chr4	49522070	49602839	ENSG00000294903	.	+	ENSG00000294903.1	953275
chr4	51107159	51107565	peak_631	1000	.	1505.767212	10.894123	-1	194	chr4	51833845	51836178	ENSG00000304864	.	+	ENSG00000304864.1	726281
chr4	51418799	51418956	peak_632	1000	.	300.000031	5.309801	-1	124	chr4	51833845	51836178	ENSG00000304864	.	+	ENSG00000304864.1	414890
chr4	67501104	67501617	peak_633	436	.	223.689148	4.105179	-1	275	chr4	67468761	67545565	CENPC	.	-	ENSG00000145241.13	0
chr4	70833193	70833644	peak_634	464	.	209.194565	3.776148	-1	157	chr4	70815782	70839957	GRSF1	.	-	ENSG00000132463.17	0
chr4	70992857	70993307	peak_635	538	.	242.219925	3.776148	-1	225	chr4	70901943	71022449	MOB1B	.	+	ENSG00000173542.10	0
chr4	70992857	70993307	peak_635	538	.	242.219925	3.776148	-1	225	chr4	70992537	71030914	DCK	.	+	ENSG00000156136.12	0
chr4	73654223	73654810	peak_636	348	.	204.171585	3.776148	-1	458	chr4	73571549	73620631	RASSF6	.	-	ENSG00000169435.16	33593
chr4	78008582	78008725	peak_637	1000	.	229.591858	5.309801	-1	108	chr4	78008511	78008688	ENSG00000249072	.	-	ENSG00000249072.1	0
chr4	81504176	81504529	peak_638	626	.	220.950821	4.105179	-1	100	chr4	81426392	82044244	RASGEF1B	.	-	ENSG00000138670.21	0
chr4	98369577	98369848	peak_639	841	.	227.826660	4.105179	-1	13	chr4	98260921	98443866	RAP1GDS1	.	+	ENSG00000138698.17	0
chr4	99286206	99286693	peak_640	439	.	213.620880	4.105179	-1	26	chr4	99086497	99301360	ENSG00000246090	.	+	ENSG00000246090.10	0
chr4	99286206	99286693	peak_640	439	.	213.620880	4.105179	-1	26	chr4	99275957	99291552	ADH1A	.	-	ENSG00000187758.10	0
chr4	99879766	99880032	peak_641	815	.	216.728928	4.395352	-1	35	chr4	99874947	99894428	LAMTOR3	.	-	ENSG00000109270.15	0
chr4	102792712	102793134	peak_642	516	.	217.786804	4.395352	-1	130	chr4	102779245	102799569	ENSG00000294435	.	+	ENSG00000294435.1	0
chr4	146286054	146286446	peak_643	668	.	261.672852	4.105179	-1	97	chr4	146253974	146522372	SLC10A7	.	-	ENSG00000120519.18	0
chr4	146286054	146286446	peak_643	668	.	261.672852	4.105179	-1	97	chr4	146277737	146335273	ENSG00000294159	.	+	ENSG00000294159.1	0
chr4	152115462	152116469	peak_644	290	.	292.079193	3.776148	-1	607	chr4	152113847	152116593	ENSG00000287504	.	-	ENSG00000287504.2	0
chr4	156760059	156760429	peak_645	593	.	219.510269	4.655616	-1	335	chr4	156758279	156972201	PDGFC	.	-	ENSG00000145431.13	0
chr4	166579935	166580595	peak_646	436	.	287.849426	3.394254	-1	492	chr4	166388700	166526119	ENSG00000249675	.	-	ENSG00000249675.1	53817
chr4	169833006	169833243	peak_647	1000	.	260.819977	4.395352	-1	26	chr4	169758014	169855536	ENSG00000295852	.	+	ENSG00000295852.1	0
chr4	169833006	169833243	peak_647	1000	.	260.819977	4.395352	-1	26	chr4	169832652	169833363	ENSG00000248625	.	+	ENSG00000248625.1	0
chr4	178229818	178229899	peak_648	1000	.	263.173950	6.666107	-1	35	chr4	178136752	178175158	ENSG00000305997	.	+	ENSG00000305997.1	54661
chr4	181617853	181618354	peak_649	484	.	242.305481	3.776148	-1	182	chr4	181538620	182045417	ENSG00000299420	.	+	ENSG00000299420.1	0
chr4	186159928	186160595	peak_650	666	.	443.899597	4.892064	-1	372	chr4	186104418	186175437	FAM149A	.	+	ENSG00000109794.16	0
chr4	186432439	186433018	peak_651	419	.	242.879761	3.776148	-1	311	chr4	186286093	186501064	F11-AS1	.	-	ENSG00000251165.7	0
chr4	186432439	186433018	peak_651	419	.	242.879761	3.776148	-1	311	chr4	186426545	186555328	ENSG00000272297	.	-	ENSG00000272297.2	0
chr4	186626943	186627504	peak_652	362	.	202.970306	3.776148	-1	313	chr4	186586716	186726722	FAT1	.	-	ENSG00000083857.17	0
chr4	189277482	189277833	peak_653	600	.	210.595581	4.655616	-1	170	chr4	189288676	189291336	ENSG00000249877	.	-	ENSG00000249877.1	10844
chr4	190107006	190107748	peak_654	543	.	403.167297	4.395352	-1	266	chr4	190092414	190095744	ENSG00000298209	.	+	ENSG00000298209.1	11263
chr4	190108124	190108601	peak_655	638	.	304.561066	4.655616	-1	442	chr4	190092414	190095744	ENSG00000298209	.	+	ENSG00000298209.1	12381
chr4	190108791	190109251	peak_656	644	.	296.076782	4.655616	-1	35	chr4	190092414	190095744	ENSG00000298209	.	+	ENSG00000298209.1	13048
chr4	190109403	190110263	peak_657	579	.	498.025543	4.892064	-1	268	chr4	190092414	190095744	ENSG00000298209	.	+	ENSG00000298209.1	13660
chr4	190111169	190111897	peak_658	428	.	311.484253	4.105179	-1	278	chr4	190092414	190095744	ENSG00000298209	.	+	ENSG00000298209.1	15426
chr4	190122470	190123113	peak_659	1000	.	1208.419312	8.010967	-1	286	chr4	190092414	190095744	ENSG00000298209	.	+	ENSG00000298209.1	26727
chr4	190176815	190177149	peak_660	1000	.	581.076416	5.309801	-1	279	chr4	190173773	190196133	DUX4	.	+	ENSG00000260596.6	0
chr4	190177318	190180239	peak_661	1000	.	7817.302246	10.098244	-1	2368	chr4	190173773	190196133	DUX4	.	+	ENSG00000260596.6	0
chr4	190180989	190181759	peak_662	1000	.	1526.481567	7.931771	-1	153	chr4	190173773	190196133	DUX4	.	+	ENSG00000260596.6	0
chr4	190204504	190204555	peak_663	1000	.	219.058563	7.410364	-1	25	chr4	190195726	190196190	RPL23AP84	.	+	ENSG00000261914.2	8315
chr5	10005	11881	peak_664	1000	.	6338.512207	9.345212	-1	441	chr5	25081	51081	ENSG00000309984	.	-	ENSG00000309984.1	13201
chr5	344439	344747	peak_665	723	.	222.675781	4.655616	-1	136	chr5	271669	438291	PDCD6-AHRR	.	+	ENSG00000288622.1	0
chr5	344439	344747	peak_665	723	.	222.675781	4.655616	-1	136	chr5	320681	438307	AHRR	.	+	ENSG00000063438.22	0
chr5	648070	648660	peak_666	408	.	240.628632	4.892064	-1	34	chr5	612304	667703	CEP72	.	+	ENSG00000112877.10	0
chr5	649553	651302	peak_667	928	.	1623.463135	4.892064	-1	1057	chr5	612304	667703	CEP72	.	+	ENSG00000112877.10	0
chr5	711247	711650	peak_668	662	.	266.920288	4.655616	-1	305	chr5	710354	784729	ZDHHC11B	.	-	ENSG00000206077.15	0
chr5	716067	716448	peak_669	539	.	205.377487	3.776148	-1	367	chr5	710354	784729	ZDHHC11B	.	-	ENSG00000206077.15	0
chr5	716909	718370	peak_670	419	.	612.088318	4.105179	-1	1299	chr5	710354	784729	ZDHHC11B	.	-	ENSG00000206077.15	0
chr5	719678	720485	peak_671	476	.	384.276276	4.105179	-1	373	chr5	710354	784729	ZDHHC11B	.	-	ENSG00000206077.15	0
chr5	725623	726558	peak_672	288	.	268.864899	3.394254	-1	691	chr5	710354	784729	ZDHHC11B	.	-	ENSG00000206077.15	0
chr5	736124	736487	peak_673	651	.	236.307449	4.395352	-1	208	chr5	710354	784729	ZDHHC11B	.	-	ENSG00000206077.15	0
chr5	736789	737315	peak_674	491	.	258.162323	3.776148	-1	51	chr5	710354	784729	ZDHHC11B	.	-	ENSG00000206077.15	0
chr5	741062	741735	peak_675	419	.	282.107300	4.892064	-1	211	chr5	710354	784729	ZDHHC11B	.	-	ENSG00000206077.15	0
chr5	743722	744083	peak_676	601	.	217.080627	4.655616	-1	211	chr5	710354	784729	ZDHHC11B	.	-	ENSG00000206077.15	0
chr5	754096	754803	peak_677	356	.	251.932816	4.395352	-1	353	chr5	710354	784729	ZDHHC11B	.	-	ENSG00000206077.15	0
chr5	766347	766761	peak_678	529	.	219.133484	3.776148	-1	18	chr5	710354	784729	ZDHHC11B	.	-	ENSG00000206077.15	0
chr5	777212	777893	peak_679	406	.	276.402100	4.105179	-1	331	chr5	710354	784729	ZDHHC11B	.	-	ENSG00000206077.15	0
chr5	777212	777893	peak_679	406	.	276.402100	4.105179	-1	331	chr5	776793	777587	ENSG00000305707	.	-	ENSG00000305707.1	0
chr5	846463	847085	peak_680	616	.	383.201721	4.892064	-1	505	chr5	795604	858973	ZDHHC11	.	-	ENSG00000188818.14	0
chr5	881968	883054	peak_681	405	.	440.008240	4.655616	-1	451	chr5	850290	892838	BRD9	.	-	ENSG00000028310.20	0
chr5	964189	965032	peak_682	389	.	328.165161	4.395352	-1	698	chr5	962313	964868	ENSG00000288763	.	-	ENSG00000288763.2	0
chr5	964189	965032	peak_682	389	.	328.165161	4.395352	-1	698	chr5	964260	981311	ENSG00000250173	.	+	ENSG00000250173.2	0
chr5	1222323	1222820	peak_683	407	.	202.367844	4.395352	-1	149	chr5	1201594	1225111	SLC6A19	.	+	ENSG00000174358.16	0
chr5	1272455	1273439	peak_684	354	.	348.023773	3.776148	-1	295	chr5	1253146	1295086	TERT	.	-	ENSG00000164362.23	0
chr5	1333026	1333744	peak_685	493	.	354.295532	3.776148	-1	293	chr5	1316820	1345100	CLPTM1L	.	-	ENSG00000049656.16	0
chr5	1960608	1961178	peak_686	517	.	294.584015	4.655616	-1	422	chr5	1927876	2119926	ENSG00000248994	.	+	ENSG00000248994.3	0
chr5	2145341	2145949	peak_687	531	.	322.654236	4.395352	-1	356	chr5	2137265	2141331	ENSG00000310427	.	+	ENSG00000310427.1	4011
chr5	2146068	2146624	peak_688	527	.	293.089264	3.776148	-1	532	chr5	2137265	2141331	ENSG00000310427	.	+	ENSG00000310427.1	4738
chr5	3323534	3324413	peak_689	1000	.	1327.203491	5.836737	-1	674	chr5	3343874	3346978	ENSG00000302678	.	+	ENSG00000302678.1	19462
chr5	4547360	4547901	peak_690	485	.	262.632141	3.394254	-1	182	chr5	4423510	4867407	ENSG00000248973	.	-	ENSG00000248973.4	0
chr5	5304846	5305476	peak_691	498	.	313.846008	4.395352	-1	503	chr5	5140295	5320304	ADAMTS16	.	+	ENSG00000145536.17	0
chr5	6447541	6447968	peak_692	485	.	207.249725	4.105179	-1	192	chr5	6448622	6496723	UBE2QL1	.	+	ENSG00000215218.5	655
chr5	11239952	11240279	peak_693	624	.	204.116516	4.105179	-1	96	chr5	10971835	11904507	CTNND2	.	-	ENSG00000169862.23	0
chr5	14666587	14667317	peak_694	457	.	333.808228	4.105179	-1	447	chr5	14664663	14716529	OTULIN	.	+	ENSG00000154124.9	0
chr5	16663686	16663931	peak_695	846	.	207.246582	4.105179	-1	131	chr5	16615925	16681905	RETREG1-AS1	.	+	ENSG00000246214.4	0
chr5	16663686	16663931	peak_695	846	.	207.246582	4.105179	-1	131	chr5	16661906	16936317	MYO10	.	-	ENSG00000145555.16	0
chr5	17517655	17518711	peak_696	383	.	404.074005	4.105179	-1	646	chr5	17518366	17518963	TAF11L3	.	+	ENSG00000284439.1	0
chr5	17519633	17520965	peak_697	424	.	564.867249	4.105179	-1	613	chr5	17518366	17518963	TAF11L3	.	+	ENSG00000284439.1	671
chr5	17521328	17522312	peak_698	321	.	315.459442	3.394254	-1	957	chr5	17521800	17522397	TAF11L4	.	+	ENSG00000284283.1	0
chr5	17522489	17523024	peak_699	563	.	301.264648	3.776148	-1	464	chr5	17521800	17522397	TAF11L4	.	+	ENSG00000284283.1	93
chr5	17523282	17523959	peak_700	529	.	358.317596	4.105179	-1	582	chr5	17521800	17522397	TAF11L4	.	+	ENSG00000284283.1	886
chr5	17525403	17525723	peak_701	790	.	252.660461	4.395352	-1	286	chr5	17525234	17525831	TAF11L5	.	+	ENSG00000284234.1	0
chr5	17525843	17527137	peak_702	694	.	897.820435	5.496779	-1	899	chr5	17525234	17525831	TAF11L5	.	+	ENSG00000284234.1	13
chr5	17528229	17529079	peak_703	323	.	274.455139	3.776148	-1	464	chr5	17528668	17529265	TAF11L6	.	+	ENSG00000284042.1	0
chr5	17529521	17530361	peak_704	561	.	471.123444	4.655616	-1	814	chr5	17528668	17529265	TAF11L6	.	+	ENSG00000284042.1	257
chr5	17581546	17582199	peak_705	376	.	245.409866	3.394254	-1	321	chr5	17585161	17585758	TAF11L7	.	-	ENSG00000284465.1	2963
chr5	17584415	17584842	peak_706	609	.	259.875549	4.105179	-1	395	chr5	17585161	17585758	TAF11L7	.	-	ENSG00000284465.1	320
chr5	17584971	17585694	peak_707	535	.	386.950287	4.395352	-1	168	chr5	17585161	17585758	TAF11L7	.	-	ENSG00000284465.1	0
chr5	17589254	17590874	peak_708	320	.	518.969666	4.105179	-1	1343	chr5	17590363	17590960	TAF11L8	.	-	ENSG00000283967.1	0
chr5	17592161	17592762	peak_709	364	.	218.764954	4.105179	-1	168	chr5	17593797	17594394	TAF11L9	.	-	ENSG00000283988.1	1036
chr5	17592885	17593891	peak_710	387	.	389.608246	4.105179	-1	899	chr5	17593797	17594394	TAF11L9	.	-	ENSG00000283988.1	0
chr5	17595327	17596478	peak_711	466	.	536.266541	4.892064	-1	555	chr5	17597231	17597828	TAF11L10	.	-	ENSG00000284356.1	754
chr5	17596621	17597372	peak_712	388	.	291.638733	4.105179	-1	716	chr5	17597231	17597828	TAF11L10	.	-	ENSG00000284356.1	0
chr5	17597476	17598210	peak_713	363	.	266.667603	4.105179	-1	230	chr5	17597231	17597828	TAF11L10	.	-	ENSG00000284356.1	0
chr5	32002537	32003067	peak_714	388	.	205.440262	4.395352	-1	154	chr5	31638964	32110933	PDZD2	.	+	ENSG00000133401.18	0
chr5	34185502	34185920	peak_715	752	.	314.177307	5.109050	-1	313	chr5	34051308	34244861	ENSG00000290548	.	-	ENSG00000290548.2	0
chr5	34185502	34185920	peak_715	752	.	314.177307	5.109050	-1	313	chr5	34175821	34218343	GUSBP18	.	-	ENSG00000215158.10	0
chr5	39282769	39283236	peak_716	454	.	212.217316	3.776148	-1	137	chr5	39283910	39371365	C9	.	-	ENSG00000113600.14	675
chr5	41839339	41839708	peak_717	678	.	250.153839	4.655616	-1	250	chr5	41729459	41870590	OXCT1	.	-	ENSG00000083720.15	0
chr5	41866398	41866741	peak_718	611	.	209.556976	4.655616	-1	221	chr5	41729459	41870590	OXCT1	.	-	ENSG00000083720.15	0
chr5	42788840	42789093	peak_719	860	.	217.611053	4.105179	-1	24	chr5	42756798	42802581	CCDC152	.	+	ENSG00000198865.12	0
chr5	47111674	47112663	peak_720	345	.	341.699341	4.395352	-1	88	chr5	45890215	45895970	ENSG00000250122	.	+	ENSG00000250122.1	1215705
chr5	47128013	47128605	peak_721	349	.	206.470291	3.394254	-1	146	chr5	45890215	45895970	ENSG00000250122	.	+	ENSG00000250122.1	1232044
chr5	47132013	47132601	peak_722	350	.	205.537735	4.105179	-1	328	chr5	45890215	45895970	ENSG00000250122	.	+	ENSG00000250122.1	1236044
chr5	47323005	47323542	peak_723	461	.	247.648926	4.105179	-1	333	chr5	45890215	45895970	ENSG00000250122	.	+	ENSG00000250122.1	1427036
chr5	47350443	47351282	peak_724	515	.	432.376068	4.395352	-1	86	chr5	45890215	45895970	ENSG00000250122	.	+	ENSG00000250122.1	1454474
chr5	47378421	47379102	peak_725	318	.	216.543182	3.776148	-1	668	chr5	45890215	45895970	ENSG00000250122	.	+	ENSG00000250122.1	1482452
chr5	47386196	47386554	peak_726	599	.	214.445114	3.776148	-1	146	chr5	45890215	45895970	ENSG00000250122	.	+	ENSG00000250122.1	1490227
chr5	47393049	47393470	peak_727	561	.	236.121078	4.395352	-1	181	chr5	45890215	45895970	ENSG00000250122	.	+	ENSG00000250122.1	1497080
chr5	47430615	47431051	peak_728	714	.	311.180664	4.892064	-1	146	chr5	45890215	45895970	ENSG00000250122	.	+	ENSG00000250122.1	1534646
chr5	47439439	47440093	peak_729	339	.	221.905701	3.394254	-1	350	chr5	45890215	45895970	ENSG00000250122	.	+	ENSG00000250122.1	1543470
chr5	47448809	47449501	peak_730	472	.	326.430298	4.395352	-1	37	chr5	45890215	45895970	ENSG00000250122	.	+	ENSG00000250122.1	1552840
chr5	47479771	47480076	peak_731	673	.	205.341995	4.105179	-1	277	chr5	45890215	45895970	ENSG00000250122	.	+	ENSG00000250122.1	1583802
chr5	47480312	47480691	peak_732	553	.	209.533752	4.105179	-1	58	chr5	45890215	45895970	ENSG00000250122	.	+	ENSG00000250122.1	1584343
chr5	47506601	47507695	peak_733	364	.	398.435608	4.105179	-1	367	chr5	45890215	45895970	ENSG00000250122	.	+	ENSG00000250122.1	1610632
chr5	47515245	47515827	peak_734	363	.	211.326111	4.105179	-1	22	chr5	45890215	45895970	ENSG00000250122	.	+	ENSG00000250122.1	1619276
chr5	47546491	47546633	peak_735	1000	.	238.254272	5.671912	-1	110	chr5	45890215	45895970	ENSG00000250122	.	+	ENSG00000250122.1	1650522
chr5	47560228	47560607	peak_736	665	.	252.034103	4.105179	-1	143	chr5	45890215	45895970	ENSG00000250122	.	+	ENSG00000250122.1	1664259
chr5	47562000	47562447	peak_737	496	.	221.728668	3.776148	-1	413	chr5	45890215	45895970	ENSG00000250122	.	+	ENSG00000250122.1	1666031
chr5	47585893	47586361	peak_738	494	.	231.362839	3.776148	-1	285	chr5	45890215	45895970	ENSG00000250122	.	+	ENSG00000250122.1	1689924
chr5	47611599	47612464	peak_739	501	.	433.626373	4.395352	-1	425	chr5	45890215	45895970	ENSG00000250122	.	+	ENSG00000250122.1	1715630
chr5	47619928	47620418	peak_740	513	.	251.466522	4.105179	-1	303	chr5	45890215	45895970	ENSG00000250122	.	+	ENSG00000250122.1	1723959
chr5	47622458	47622908	peak_741	567	.	255.287445	4.892064	-1	382	chr5	45890215	45895970	ENSG00000250122	.	+	ENSG00000250122.1	1726489
chr5	47624173	47624734	peak_742	663	.	371.699860	4.892064	-1	327	chr5	45890215	45895970	ENSG00000250122	.	+	ENSG00000250122.1	1728204
chr5	47632524	47633250	peak_743	484	.	351.319733	4.105179	-1	100	chr5	45890215	45895970	ENSG00000250122	.	+	ENSG00000250122.1	1736555
chr5	47649559	47650281	peak_744	321	.	231.585175	4.655616	-1	21	chr5	45890215	45895970	ENSG00000250122	.	+	ENSG00000250122.1	1753590
chr5	47656138	47656378	peak_745	841	.	201.870575	4.395352	-1	170	chr5	45890215	45895970	ENSG00000250122	.	+	ENSG00000250122.1	1760169
chr5	47656569	47657177	peak_746	446	.	271.406830	3.776148	-1	216	chr5	45890215	45895970	ENSG00000250122	.	+	ENSG00000250122.1	1760600
chr5	47667837	47668421	peak_747	521	.	304.487976	4.105179	-1	370	chr5	45890215	45895970	ENSG00000250122	.	+	ENSG00000250122.1	1771868
chr5	47703426	47703915	peak_748	613	.	299.629517	4.655616	-1	153	chr5	45890215	45895970	ENSG00000250122	.	+	ENSG00000250122.1	1807457
chr5	47710070	47710784	peak_749	431	.	307.436005	4.105179	-1	27	chr5	45890215	45895970	ENSG00000250122	.	+	ENSG00000250122.1	1814101
chr5	47717236	47717682	peak_750	554	.	247.066513	4.395352	-1	391	chr5	45890215	45895970	ENSG00000250122	.	+	ENSG00000250122.1	1821267
chr5	47749008	47749499	peak_751	512	.	251.379654	3.776148	-1	23	chr5	45890215	45895970	ENSG00000250122	.	+	ENSG00000250122.1	1853039
chr5	47756097	47756613	peak_752	466	.	240.238068	4.105179	-1	35	chr5	45890215	45895970	ENSG00000250122	.	+	ENSG00000250122.1	1860128
chr5	47787015	47787258	peak_753	841	.	204.482559	4.655616	-1	106	chr5	45890215	45895970	ENSG00000250122	.	+	ENSG00000250122.1	1891046
chr5	47817381	47817843	peak_754	546	.	252.047043	4.655616	-1	217	chr5	45890215	45895970	ENSG00000250122	.	+	ENSG00000250122.1	1921412
chr5	47822254	47822673	peak_755	566	.	237.347870	4.105179	-1	185	chr5	45890215	45895970	ENSG00000250122	.	+	ENSG00000250122.1	1926285
chr5	47844836	47845030	peak_756	1000	.	210.941101	4.892064	-1	164	chr5	45890215	45895970	ENSG00000250122	.	+	ENSG00000250122.1	1948867
chr5	47856955	47857610	peak_757	391	.	256.258850	3.776148	-1	373	chr5	45890215	45895970	ENSG00000250122	.	+	ENSG00000250122.1	1960986
chr5	47871016	47871821	peak_758	304	.	245.057693	4.105179	-1	554	chr5	45890215	45895970	ENSG00000250122	.	+	ENSG00000250122.1	1975047
chr5	47962129	47962800	peak_759	373	.	250.190704	3.776148	-1	288	chr5	45890215	45895970	ENSG00000250122	.	+	ENSG00000250122.1	2066160
chr5	47973286	47973789	peak_760	617	.	310.509399	4.395352	-1	32	chr5	45890215	45895970	ENSG00000250122	.	+	ENSG00000250122.1	2077317
chr5	47984005	47984368	peak_761	721	.	261.819702	4.395352	-1	225	chr5	45890215	45895970	ENSG00000250122	.	+	ENSG00000250122.1	2088036
chr5	48001367	48001708	peak_762	1000	.	368.326019	7.593853	-1	309	chr5	45890215	45895970	ENSG00000250122	.	+	ENSG00000250122.1	2105398
chr5	48009798	48010127	peak_763	651	.	214.122772	4.395352	-1	297	chr5	45890215	45895970	ENSG00000250122	.	+	ENSG00000250122.1	2113829
chr5	48017712	48018155	peak_764	497	.	220.125107	3.776148	-1	67	chr5	45890215	45895970	ENSG00000250122	.	+	ENSG00000250122.1	2121743
chr5	48031680	48031969	peak_765	694	.	200.603378	4.892064	-1	226	chr5	45890215	45895970	ENSG00000250122	.	+	ENSG00000250122.1	2135711
chr5	48083225	48083774	peak_766	402	.	220.852646	4.105179	-1	257	chr5	45890215	45895970	ENSG00000250122	.	+	ENSG00000250122.1	2187256
chr5	48088665	48089193	peak_767	695	.	366.889465	5.309801	-1	223	chr5	45890215	45895970	ENSG00000250122	.	+	ENSG00000250122.1	2192696
chr5	48107877	48108216	peak_768	665	.	225.277939	4.395352	-1	32	chr5	45890215	45895970	ENSG00000250122	.	+	ENSG00000250122.1	2211908
chr5	48115516	48115908	peak_769	514	.	201.406677	4.105179	-1	337	chr5	45890215	45895970	ENSG00000250122	.	+	ENSG00000250122.1	2219547
chr5	48126248	48126426	peak_770	1000	.	207.904297	5.496779	-1	45	chr5	45890215	45895970	ENSG00000250122	.	+	ENSG00000250122.1	2230279
chr5	48131098	48131497	peak_771	537	.	214.076172	4.105179	-1	118	chr5	45890215	45895970	ENSG00000250122	.	+	ENSG00000250122.1	2235129
chr5	48145565	48146075	peak_772	463	.	236.065369	3.776148	-1	332	chr5	50382389	50443248	EMB	.	-	ENSG00000170571.14	2236315
chr5	48183355	48183791	peak_773	674	.	294.006958	4.105179	-1	217	chr5	50382389	50443248	EMB	.	-	ENSG00000170571.14	2198599
chr5	48187496	48187819	peak_774	645	.	208.256027	4.105179	-1	237	chr5	50382389	50443248	EMB	.	-	ENSG00000170571.14	2194571
chr5	48199248	48199745	peak_775	426	.	211.848007	3.394254	-1	102	chr5	50382389	50443248	EMB	.	-	ENSG00000170571.14	2182645
chr5	48228551	48229295	peak_776	290	.	215.753845	3.776148	-1	100	chr5	50382389	50443248	EMB	.	-	ENSG00000170571.14	2153095
chr5	48293273	48293699	peak_777	641	.	273.091614	4.655616	-1	87	chr5	50382389	50443248	EMB	.	-	ENSG00000170571.14	2088691
chr5	48309635	48310036	peak_778	601	.	241.001312	3.776148	-1	264	chr5	50382389	50443248	EMB	.	-	ENSG00000170571.14	2072354
chr5	48316628	48317116	peak_779	478	.	233.137283	3.394254	-1	469	chr5	50382389	50443248	EMB	.	-	ENSG00000170571.14	2065274
chr5	48327849	48328410	peak_780	587	.	329.453705	5.309801	-1	528	chr5	50382389	50443248	EMB	.	-	ENSG00000170571.14	2053980
chr5	48350522	48350910	peak_781	780	.	302.533356	4.105179	-1	285	chr5	50382389	50443248	EMB	.	-	ENSG00000170571.14	2031480
chr5	48357508	48358074	peak_782	381	.	215.566025	3.776148	-1	260	chr5	50382389	50443248	EMB	.	-	ENSG00000170571.14	2024316
chr5	48364002	48364276	peak_783	1000	.	300.602142	4.655616	-1	118	chr5	50382389	50443248	EMB	.	-	ENSG00000170571.14	2018114
chr5	48376189	48376978	peak_784	314	.	247.429504	3.776148	-1	208	chr5	50382389	50443248	EMB	.	-	ENSG00000170571.14	2005412
chr5	48402874	48403592	peak_785	399	.	286.687988	3.776148	-1	131	chr5	50382389	50443248	EMB	.	-	ENSG00000170571.14	1978798
chr5	48424481	48425043	peak_786	594	.	333.653595	5.109050	-1	302	chr5	50382389	50443248	EMB	.	-	ENSG00000170571.14	1957347
chr5	48452081	48452725	peak_787	404	.	260.210968	3.776148	-1	280	chr5	50382389	50443248	EMB	.	-	ENSG00000170571.14	1929665
chr5	48456507	48457022	peak_788	516	.	265.701935	4.395352	-1	134	chr5	50382389	50443248	EMB	.	-	ENSG00000170571.14	1925368
chr5	48478344	48478790	peak_789	580	.	258.656921	4.105179	-1	134	chr5	50382389	50443248	EMB	.	-	ENSG00000170571.14	1903600
chr5	48480288	48480764	peak_790	738	.	351.471283	5.836737	-1	33	chr5	50382389	50443248	EMB	.	-	ENSG00000170571.14	1901626
chr5	48513273	48513785	peak_791	698	.	357.268250	5.496779	-1	53	chr5	50382389	50443248	EMB	.	-	ENSG00000170571.14	1868605
chr5	48531541	48532163	peak_792	345	.	214.299347	4.395352	-1	97	chr5	50382389	50443248	EMB	.	-	ENSG00000170571.14	1850227
chr5	48541020	48541378	peak_793	653	.	233.754501	4.105179	-1	100	chr5	50382389	50443248	EMB	.	-	ENSG00000170571.14	1841012
chr5	48559371	48559726	peak_794	586	.	207.978500	4.105179	-1	332	chr5	50382389	50443248	EMB	.	-	ENSG00000170571.14	1822664
chr5	48615174	48615546	peak_795	702	.	261.241699	4.395352	-1	311	chr5	50382389	50443248	EMB	.	-	ENSG00000170571.14	1766844
chr5	48627431	48627929	peak_796	544	.	270.859711	4.105179	-1	464	chr5	50382389	50443248	EMB	.	-	ENSG00000170571.14	1754461
chr5	48633691	48634205	peak_797	570	.	293.023010	4.105179	-1	66	chr5	50382389	50443248	EMB	.	-	ENSG00000170571.14	1748185
chr5	48687375	48687833	peak_798	707	.	323.909058	5.671912	-1	164	chr5	50382389	50443248	EMB	.	-	ENSG00000170571.14	1694557
chr5	48694629	48694845	peak_799	966	.	208.745193	4.892064	-1	28	chr5	50382389	50443248	EMB	.	-	ENSG00000170571.14	1687545
chr5	48696718	48697101	peak_800	719	.	275.334320	4.395352	-1	74	chr5	50382389	50443248	EMB	.	-	ENSG00000170571.14	1685289
chr5	48720789	48721323	peak_801	377	.	201.251816	3.394254	-1	481	chr5	50382389	50443248	EMB	.	-	ENSG00000170571.14	1661067
chr5	48771693	48772117	peak_802	521	.	220.813049	4.395352	-1	32	chr5	50382389	50443248	EMB	.	-	ENSG00000170571.14	1610273
chr5	48815700	48816402	peak_803	296	.	208.124069	3.776148	-1	478	chr5	50382389	50443248	EMB	.	-	ENSG00000170571.14	1565988
chr5	48818636	48819436	peak_804	422	.	337.589935	4.105179	-1	184	chr5	50382389	50443248	EMB	.	-	ENSG00000170571.14	1562954
chr5	48865660	48866391	peak_805	411	.	300.455963	3.776148	-1	193	chr5	50382389	50443248	EMB	.	-	ENSG00000170571.14	1515999
chr5	48870730	48871275	peak_806	456	.	248.714767	4.105179	-1	198	chr5	50382389	50443248	EMB	.	-	ENSG00000170571.14	1511115
chr5	48920191	48920736	peak_807	424	.	231.030426	4.395352	-1	65	chr5	50382389	50443248	EMB	.	-	ENSG00000170571.14	1461654
chr5	48923229	48923781	peak_808	746	.	411.589783	5.109050	-1	290	chr5	50382389	50443248	EMB	.	-	ENSG00000170571.14	1458609
chr5	49016557	49017258	peak_809	500	.	350.241791	4.655616	-1	242	chr5	50382389	50443248	EMB	.	-	ENSG00000170571.14	1365132
chr5	49021767	49022484	peak_810	324	.	231.955460	4.395352	-1	440	chr5	50382389	50443248	EMB	.	-	ENSG00000170571.14	1359906
chr5	49034317	49034641	peak_811	681	.	220.789505	4.655616	-1	292	chr5	50382389	50443248	EMB	.	-	ENSG00000170571.14	1347749
chr5	49058508	49059271	peak_812	349	.	266.293457	3.394254	-1	206	chr5	50382389	50443248	EMB	.	-	ENSG00000170571.14	1323119
chr5	49072578	49073090	peak_813	433	.	221.622726	3.776148	-1	163	chr5	50382389	50443248	EMB	.	-	ENSG00000170571.14	1309300
chr5	49085957	49086503	peak_814	376	.	205.403839	3.394254	-1	503	chr5	50382389	50443248	EMB	.	-	ENSG00000170571.14	1295887
chr5	49104465	49104939	peak_815	432	.	204.650131	3.394254	-1	280	chr5	50382389	50443248	EMB	.	-	ENSG00000170571.14	1277451
chr5	49132987	49133376	peak_816	640	.	248.851761	4.395352	-1	55	chr5	50382389	50443248	EMB	.	-	ENSG00000170571.14	1249014
chr5	49149351	49149704	peak_817	717	.	253.104218	4.655616	-1	177	chr5	50382389	50443248	EMB	.	-	ENSG00000170571.14	1232686
chr5	49175746	49176223	peak_818	499	.	238.104721	3.776148	-1	300	chr5	50382389	50443248	EMB	.	-	ENSG00000170571.14	1206167
chr5	49202068	49202662	peak_819	596	.	353.832520	4.892064	-1	20	chr5	50382389	50443248	EMB	.	-	ENSG00000170571.14	1179728
chr5	49213435	49213778	peak_820	731	.	250.850189	4.395352	-1	288	chr5	50382389	50443248	EMB	.	-	ENSG00000170571.14	1168612
chr5	49216356	49216798	peak_821	473	.	208.942535	4.105179	-1	366	chr5	50382389	50443248	EMB	.	-	ENSG00000170571.14	1165592
chr5	49219366	49219856	peak_822	486	.	238.123245	4.105179	-1	139	chr5	50382389	50443248	EMB	.	-	ENSG00000170571.14	1162534
chr5	49225608	49226006	peak_823	580	.	230.919205	4.105179	-1	252	chr5	50382389	50443248	EMB	.	-	ENSG00000170571.14	1156384
chr5	49259322	49259777	peak_824	479	.	217.879807	4.105179	-1	170	chr5	50382389	50443248	EMB	.	-	ENSG00000170571.14	1122613
chr5	49284683	49284985	peak_825	861	.	260.129303	4.395352	-1	258	chr5	50382389	50443248	EMB	.	-	ENSG00000170571.14	1097405
chr5	49288850	49289070	peak_826	914	.	201.106903	4.105179	-1	62	chr5	50382389	50443248	EMB	.	-	ENSG00000170571.14	1093320
chr5	49312057	49312624	peak_827	435	.	246.723206	4.655616	-1	333	chr5	50382389	50443248	EMB	.	-	ENSG00000170571.14	1069766
chr5	49317622	49318061	peak_828	631	.	276.916351	3.776148	-1	27	chr5	50382389	50443248	EMB	.	-	ENSG00000170571.14	1064329
chr5	49324766	49325194	peak_829	517	.	221.090073	3.394254	-1	94	chr5	50382389	50443248	EMB	.	-	ENSG00000170571.14	1057196
chr5	49338995	49339625	peak_830	545	.	343.576538	4.395352	-1	162	chr5	50382389	50443248	EMB	.	-	ENSG00000170571.14	1042765
chr5	49348230	49348575	peak_831	596	.	205.742630	4.395352	-1	84	chr5	50382389	50443248	EMB	.	-	ENSG00000170571.14	1033815
chr5	49353391	49353719	peak_832	734	.	240.620987	4.105179	-1	164	chr5	50382389	50443248	EMB	.	-	ENSG00000170571.14	1028671
chr5	49369867	49370434	peak_833	368	.	208.580948	3.394254	-1	159	chr5	50382389	50443248	EMB	.	-	ENSG00000170571.14	1011956
chr5	49376077	49376821	peak_834	321	.	238.459656	3.776148	-1	122	chr5	50382389	50443248	EMB	.	-	ENSG00000170571.14	1005569
chr5	49400954	49401349	peak_835	645	.	254.732971	5.109050	-1	75	chr5	50382389	50443248	EMB	.	-	ENSG00000170571.14	981041
chr5	49420800	49421350	peak_836	506	.	278.266541	4.395352	-1	424	chr5	50382389	50443248	EMB	.	-	ENSG00000170571.14	961040
chr5	49445167	49445582	peak_837	520	.	215.981903	4.892064	-1	183	chr5	50382389	50443248	EMB	.	-	ENSG00000170571.14	936808
chr5	49448151	49448766	peak_838	381	.	234.533676	3.776148	-1	365	chr5	50382389	50443248	EMB	.	-	ENSG00000170571.14	933624
chr5	49454504	49455020	peak_839	404	.	208.265717	4.105179	-1	183	chr5	50382389	50443248	EMB	.	-	ENSG00000170571.14	927370
chr5	49473775	49474087	peak_840	643	.	200.577133	3.776148	-1	147	chr5	50382389	50443248	EMB	.	-	ENSG00000170571.14	908303
chr5	49484916	49485182	peak_841	833	.	221.684464	4.655616	-1	237	chr5	50382389	50443248	EMB	.	-	ENSG00000170571.14	897208
chr5	49520611	49521265	peak_842	549	.	359.135681	4.655616	-1	50	chr5	50382389	50443248	EMB	.	-	ENSG00000170571.14	861125
chr5	49538207	49538468	peak_843	981	.	256.148468	4.655616	-1	45	chr5	50382389	50443248	EMB	.	-	ENSG00000170571.14	843922
chr5	49541981	49542138	peak_844	1000	.	253.136093	4.395352	-1	128	chr5	50382389	50443248	EMB	.	-	ENSG00000170571.14	840252
chr5	49550992	49551750	peak_845	407	.	308.300903	4.105179	-1	592	chr5	50382389	50443248	EMB	.	-	ENSG00000170571.14	830640
chr5	49556270	49556926	peak_846	548	.	359.800415	3.776148	-1	162	chr5	50382389	50443248	EMB	.	-	ENSG00000170571.14	825464
chr5	49560440	49560785	peak_847	658	.	226.961182	3.776148	-1	98	chr5	50382389	50443248	EMB	.	-	ENSG00000170571.14	821605
chr5	49569502	49569979	peak_848	460	.	219.579514	4.105179	-1	444	chr5	50382389	50443248	EMB	.	-	ENSG00000170571.14	812411
chr5	49584799	49585430	peak_849	439	.	276.738861	4.105179	-1	265	chr5	50382389	50443248	EMB	.	-	ENSG00000170571.14	796960
chr5	49599365	49600988	peak_850	1000	.	4425.357422	7.681748	-1	1253	chr5	50382389	50443248	EMB	.	-	ENSG00000170571.14	781402
chr5	49601091	49603134	peak_851	1000	.	15872.414062	19.843523	-1	545	chr5	50382389	50443248	EMB	.	-	ENSG00000170571.14	779256
chr5	49609792	49610246	peak_852	720	.	326.936646	4.395352	-1	173	chr5	50382389	50443248	EMB	.	-	ENSG00000170571.14	772144
chr5	49610372	49611423	peak_853	602	.	632.397278	4.892064	-1	289	chr5	50382389	50443248	EMB	.	-	ENSG00000170571.14	770967
chr5	49612154	49612598	peak_854	858	.	380.934937	4.105179	-1	143	chr5	50382389	50443248	EMB	.	-	ENSG00000170571.14	769792
chr5	49613328	49615105	peak_855	767	.	1362.291870	5.496779	-1	1206	chr5	50382389	50443248	EMB	.	-	ENSG00000170571.14	767285
chr5	49616156	49617368	peak_856	580	.	703.197449	4.892064	-1	530	chr5	50382389	50443248	EMB	.	-	ENSG00000170571.14	765022
chr5	49621813	49623117	peak_857	499	.	651.326294	4.105179	-1	923	chr5	50382389	50443248	EMB	.	-	ENSG00000170571.14	759273
chr5	49623239	49623741	peak_858	650	.	326.356506	4.395352	-1	167	chr5	50382389	50443248	EMB	.	-	ENSG00000170571.14	758649
chr5	49623898	49625038	peak_859	550	.	627.006897	5.836737	-1	1075	chr5	50382389	50443248	EMB	.	-	ENSG00000170571.14	757352
chr5	49625160	49625830	peak_860	554	.	371.068115	4.105179	-1	302	chr5	50382389	50443248	EMB	.	-	ENSG00000170571.14	756560
chr5	49626199	49627182	peak_861	794	.	780.129089	5.109050	-1	729	chr5	50382389	50443248	EMB	.	-	ENSG00000170571.14	755208
chr5	49630806	49631414	peak_862	1000	.	779.040833	5.671912	-1	253	chr5	50382389	50443248	EMB	.	-	ENSG00000170571.14	750976
chr5	49633287	49633783	peak_863	590	.	292.775543	4.892064	-1	45	chr5	50382389	50443248	EMB	.	-	ENSG00000170571.14	748607
chr5	49641839	49643245	peak_864	614	.	862.988159	5.671912	-1	469	chr5	50382389	50443248	EMB	.	-	ENSG00000170571.14	739145
chr5	49643392	49643629	peak_865	1000	.	263.304382	4.655616	-1	194	chr5	50382389	50443248	EMB	.	-	ENSG00000170571.14	738761
chr5	49643746	49644404	peak_866	776	.	510.510620	4.892064	-1	86	chr5	50382389	50443248	EMB	.	-	ENSG00000170571.14	737986
chr5	49644526	49645071	peak_867	739	.	402.578217	4.655616	-1	468	chr5	50382389	50443248	EMB	.	-	ENSG00000170571.14	737319
chr5	49645177	49646167	peak_868	826	.	817.286560	5.836737	-1	343	chr5	50382389	50443248	EMB	.	-	ENSG00000170571.14	736223
chr5	49656269	49661871	peak_869	1000	.	35542.640625	20.561361	-1	2394	chr5	50382389	50443248	EMB	.	-	ENSG00000170571.14	720519
chr5	49666173	49667423	peak_870	1000	.	8420.791016	24.963757	-1	34	chr5	50382389	50443248	EMB	.	-	ENSG00000170571.14	714967
chr5	52857079	52857422	peak_871	598	.	205.066071	3.776148	-1	135	chr5	52787620	52961951	ITGA1	.	+	ENSG00000213949.11	0
chr5	52857079	52857422	peak_871	598	.	205.066071	3.776148	-1	135	chr5	52853182	52872925	ENSG00000288539	.	-	ENSG00000288539.1	0
chr5	54818513	54818615	peak_872	1000	.	262.792664	7.410364	-1	23	chr5	54808209	54872551	CSPG4BP	.	-	ENSG00000232517.2	0
chr5	55864242	55865021	peak_873	543	.	423.117706	4.892064	-1	474	chr5	55851356	55922854	IL31RA	.	+	ENSG00000164509.17	0
chr5	68441737	68442258	peak_874	387	.	201.704041	3.776148	-1	152	chr5	68429582	68759697	ENSG00000248884	.	-	ENSG00000248884.3	0
chr5	68441737	68442258	peak_874	387	.	201.704041	3.776148	-1	152	chr5	68436657	68444988	ENSG00000306210	.	+	ENSG00000306210.1	0
chr5	68669010	68669464	peak_875	548	.	248.730728	3.776148	-1	196	chr5	68429582	68759697	ENSG00000248884	.	-	ENSG00000248884.3	0
chr5	73590189	73590931	peak_876	293	.	217.681808	3.776148	-1	14	chr5	73565442	73583380	UTP15	.	+	ENSG00000164338.12	6810
chr5	80650003	80650159	peak_877	1000	.	321.877167	7.215447	-1	125	chr5	80626225	80655002	DHFR	.	-	ENSG00000228716.9	0
chr5	80650508	80650944	peak_878	1000	.	538.867249	7.215447	-1	402	chr5	80626225	80655002	DHFR	.	-	ENSG00000228716.9	0
chr5	80651094	80651311	peak_879	1000	.	577.286621	7.113194	-1	124	chr5	80626225	80655002	DHFR	.	-	ENSG00000228716.9	0
chr5	80651416	80652046	peak_880	1000	.	860.543640	7.215447	-1	78	chr5	80626225	80655002	DHFR	.	-	ENSG00000228716.9	0
chr5	80651416	80652046	peak_880	1000	.	860.543640	7.215447	-1	78	chr5	80651617	80652135	ENSG00000310781	.	-	ENSG00000310781.1	0
chr5	82313311	82313515	peak_881	1000	.	256.930267	5.109050	-1	150	chr5	82279461	82386977	ENSG00000293465	.	+	ENSG00000293465.2	0
chr5	82313311	82313515	peak_881	1000	.	256.930267	5.109050	-1	150	chr5	82295448	82318300	ATP6AP1L	.	+	ENSG00000205464.14	0
chr5	86641847	86642159	peak_882	649	.	202.620422	4.655616	-1	174	chr5	86617883	86621645	COX7C	.	+	ENSG00000127184.15	20203
chr5	87000684	87000916	peak_883	942	.	218.618149	4.655616	-1	199	chr5	86967320	87137712	ENSG00000249061	.	+	ENSG00000249061.1	0
chr5	91441682	91442016	peak_884	623	.	207.992691	3.776148	-1	157	chr5	91380346	91690788	ARRDC3-AS1	.	+	ENSG00000281357.6	0
chr5	91441682	91442016	peak_884	623	.	207.992691	3.776148	-1	157	chr5	91407775	91477525	ENSG00000301415	.	-	ENSG00000301415.1	0
chr5	94569383	94569531	peak_885	1000	.	305.147522	7.314430	-1	120	chr5	94150850	94618616	KIAA0825	.	-	ENSG00000185261.17	0
chr5	94569383	94569531	peak_885	1000	.	305.147522	7.314430	-1	120	chr5	94568928	94569470	MTND6P3	.	-	ENSG00000254132.1	0
chr5	95912551	95912932	peak_886	636	.	242.429916	4.105179	-1	284	chr5	95861753	95936220	ENSG00000250362	.	+	ENSG00000250362.2	0
chr5	95912551	95912932	peak_886	636	.	242.429916	4.105179	-1	284	chr5	95885094	95961907	ELL2	.	-	ENSG00000118985.18	0
chr5	99058808	99059233	peak_887	473	.	200.988358	4.105179	-1	279	chr5	99076820	99078214	ENSG00000294701	.	+	ENSG00000294701.1	17588
chr5	100049314	100049556	peak_888	1000	.	272.320343	6.414886	-1	112	chr5	99977520	100076107	ENSG00000300549	.	-	ENSG00000300549.1	0
chr5	100049314	100049556	peak_888	1000	.	272.320343	6.414886	-1	112	chr5	100045952	100117943	ENSG00000300576	.	+	ENSG00000300576.1	0
chr5	100049314	100049556	peak_888	1000	.	272.320343	6.414886	-1	112	chr5	100048987	100050362	MTND4P35	.	-	ENSG00000270906.1	0
chr5	114370514	114371003	peak_889	420	.	205.557755	4.105179	-1	270	chr5	114055925	114496500	KCNN2	.	+	ENSG00000080709.18	0
chr5	119158382	119158787	peak_890	495	.	200.604904	4.395352	-1	79	chr5	119037771	119249138	DMXL1	.	+	ENSG00000172869.17	0
chr5	129512459	129513016	peak_891	362	.	201.900116	4.105179	-1	22	chr5	129459681	129738829	ADAMTS19	.	+	ENSG00000145808.12	0
chr5	129512459	129513016	peak_891	362	.	201.900116	4.105179	-1	22	chr5	129500360	129905980	CHSY3-AS1	.	-	ENSG00000251680.7	0
chr5	131414169	131414747	peak_892	380	.	219.681717	3.394254	-1	24	chr5	131417081	131422136	ENSG00000299818	.	-	ENSG00000299818.1	2335
chr5	132001117	132001759	peak_893	381	.	244.667725	4.655616	-1	524	chr5	131807142	132011637	ENSG00000281938	.	-	ENSG00000281938.2	0
chr5	132001117	132001759	peak_893	381	.	244.667725	4.655616	-1	524	chr5	131949972	132012243	ACSL6	.	-	ENSG00000164398.17	0
chr5	132411846	132412185	peak_894	666	.	225.651581	4.105179	-1	129	chr5	132410635	132488702	CARINH	.	+	ENSG00000197536.12	0
chr5	132411846	132412185	peak_894	666	.	225.651581	4.105179	-1	129	chr5	132410831	132646079	ENSG00000283782	.	+	ENSG00000283782.2	0
chr5	132466788	132467464	peak_895	461	.	311.863373	4.655616	-1	641	chr5	132410635	132488702	CARINH	.	+	ENSG00000197536.12	0
chr5	132466788	132467464	peak_895	461	.	311.863373	4.655616	-1	641	chr5	132410831	132646079	ENSG00000283782	.	+	ENSG00000283782.2	0
chr5	132466788	132467464	peak_895	461	.	311.863373	4.655616	-1	641	chr5	132440439	132508719	IRF1	.	-	ENSG00000125347.17	0
chr5	132470580	132471047	peak_896	438	.	204.401550	3.394254	-1	387	chr5	132410635	132488702	CARINH	.	+	ENSG00000197536.12	0
chr5	132470580	132471047	peak_896	438	.	204.401550	3.394254	-1	387	chr5	132410831	132646079	ENSG00000283782	.	+	ENSG00000283782.2	0
chr5	132470580	132471047	peak_896	438	.	204.401550	3.394254	-1	387	chr5	132440439	132508719	IRF1	.	-	ENSG00000125347.17	0
chr5	134183394	134184427	peak_897	282	.	290.900482	3.776148	-1	742	chr5	134157087	134225861	ENSG00000272772	.	-	ENSG00000272772.2	0
chr5	134227173	134227652	peak_898	504	.	241.368683	4.105179	-1	252	chr5	134196904	134371044	ENSG00000273345	.	-	ENSG00000273345.6	0
chr5	134227173	134227652	peak_898	504	.	241.368683	4.105179	-1	252	chr5	134226135	134227903	PPP2CA-DT	.	+	ENSG00000270177.2	0
chr5	134556436	134556857	peak_899	699	.	294.236267	4.395352	-1	243	chr5	134523978	134583230	JADE2	.	+	ENSG00000043143.24	0
chr5	134923778	134923838	peak_900	1000	.	223.399582	7.215447	-1	29	chr5	134905038	135007959	PCBD2	.	+	ENSG00000132570.17	0
chr5	134923778	134923838	peak_900	1000	.	223.399582	7.215447	-1	29	chr5	134923302	134924049	MTCYBP18	.	-	ENSG00000244921.2	0
chr5	134924011	134924695	peak_901	1000	.	982.989807	8.517250	-1	567	chr5	134905038	135007959	PCBD2	.	+	ENSG00000132570.17	0
chr5	134924011	134924695	peak_901	1000	.	982.989807	8.517250	-1	567	chr5	134923302	134924049	MTCYBP18	.	-	ENSG00000244921.2	0
chr5	134924011	134924695	peak_901	1000	.	982.989807	8.517250	-1	567	chr5	134924122	134924644	MTND6P4	.	+	ENSG00000249119.1	0
chr5	134924011	134924695	peak_901	1000	.	982.989807	8.517250	-1	567	chr5	134924647	134926459	MTND5P11	.	-	ENSG00000248923.1	0
chr5	134925155	134925770	peak_902	1000	.	1408.382568	8.775187	-1	114	chr5	134905038	135007959	PCBD2	.	+	ENSG00000132570.17	0
chr5	134925155	134925770	peak_902	1000	.	1408.382568	8.775187	-1	114	chr5	134924647	134926459	MTND5P11	.	-	ENSG00000248923.1	0
chr5	134926454	134927539	peak_903	1000	.	1860.615723	9.183957	-1	614	chr5	134905038	135007959	PCBD2	.	+	ENSG00000132570.17	0
chr5	134926454	134927539	peak_903	1000	.	1860.615723	9.183957	-1	614	chr5	134924647	134926459	MTND5P11	.	-	ENSG00000248923.1	0
chr5	134926454	134927539	peak_903	1000	.	1860.615723	9.183957	-1	614	chr5	134926659	134928036	MTND4P12	.	-	ENSG00000247627.2	0
chr5	134927649	134927783	peak_904	1000	.	385.453613	7.113194	-1	99	chr5	134905038	135007959	PCBD2	.	+	ENSG00000132570.17	0
chr5	134927649	134927783	peak_904	1000	.	385.453613	7.113194	-1	99	chr5	134926659	134928036	MTND4P12	.	-	ENSG00000247627.2	0
chr5	134928117	134928466	peak_905	1000	.	700.029907	6.784213	-1	154	chr5	134905038	135007959	PCBD2	.	+	ENSG00000132570.17	0
chr5	134928117	134928466	peak_905	1000	.	700.029907	6.784213	-1	154	chr5	134928029	134928326	MTND4LP30	.	-	ENSG00000198868.3	0
chr5	134928117	134928466	peak_905	1000	.	700.029907	6.784213	-1	154	chr5	134928392	134928527	MTND3P25	.	-	ENSG00000249192.1	0
chr5	146488802	146489522	peak_906	316	.	227.613327	4.105179	-1	292	chr5	146447310	146511963	TCERG1	.	+	ENSG00000113649.16	0
chr5	146821079	146821393	peak_907	738	.	231.577423	4.395352	-1	178	chr5	146580741	147084784	PPP2R2B	.	-	ENSG00000156475.21	0
chr5	149654853	149655645	peak_908	579	.	458.526855	4.655616	-1	217	chr5	149654543	149658864	ENSG00000295400	.	+	ENSG00000295400.1	0
chr5	151150578	151151102	peak_909	392	.	205.225067	3.776148	-1	189	chr5	151100705	151157979	ANXA6	.	-	ENSG00000197043.17	0
chr5	154815010	154815390	peak_910	557	.	211.700424	4.105179	-1	20	chr5	154682985	154817607	LARP1	.	+	ENSG00000155506.21	0
chr5	170296567	170297388	peak_911	259	.	212.532883	3.394254	-1	258	chr5	170246232	170297845	LCP2	.	-	ENSG00000043462.15	0
chr5	172040112	172040482	peak_912	604	.	223.544266	4.395352	-1	20	chr5	172042078	172188411	STK10	.	-	ENSG00000072786.15	1597
chr5	176591591	176591940	peak_913	880	.	307.004028	5.496779	-1	250	chr5	176542510	176596284	CDHR2	.	+	ENSG00000074276.13	0
chr5	176592093	176592379	peak_914	778	.	222.433670	3.776148	-1	76	chr5	176542510	176596284	CDHR2	.	+	ENSG00000074276.13	0
chr5	176631207	176631610	peak_915	601	.	242.173157	4.395352	-1	63	chr5	176630581	176646644	EIF4E1B	.	+	ENSG00000175766.15	0
chr5	176801097	176801812	peak_916	321	.	229.455276	4.395352	-1	599	chr5	176798879	176811979	ENSG00000294630	.	-	ENSG00000294630.1	0
chr5	177357105	177357791	peak_917	502	.	344.578278	4.655616	-1	96	chr5	177357653	177374390	RGS14	.	+	ENSG00000169220.20	0
chr5	177443887	177444321	peak_918	514	.	222.920807	4.655616	-1	14	chr5	177433654	177455513	PRR7-AS1	.	-	ENSG00000246334.4	0
chr5	178358272	178358748	peak_919	573	.	272.909637	4.655616	-1	25	chr5	178237475	178590393	COL23A1	.	-	ENSG00000050767.19	0
chr5	178585403	178585728	peak_920	1000	.	494.993469	5.992500	-1	290	chr5	178237475	178590393	COL23A1	.	-	ENSG00000050767.19	0
chr5	180495257	180495728	peak_921	482	.	227.115448	4.105179	-1	386	chr5	180494333	180578404	CNOT6	.	+	ENSG00000113300.15	0
chr5	181173383	181173823	peak_922	1000	.	521.860413	5.671912	-1	268	chr5	181178820	181191956	LINC01962	.	-	ENSG00000248473.3	4998
chr5	181188290	181189203	peak_923	1000	.	1465.157837	5.309801	-1	190	chr5	181178820	181191956	LINC01962	.	-	ENSG00000248473.3	0
chr5	181191398	181192091	peak_924	1000	.	1052.883301	5.496779	-1	286	chr5	181178820	181191956	LINC01962	.	-	ENSG00000248473.3	0
chr5	181191398	181192091	peak_924	1000	.	1052.883301	5.496779	-1	286	chr5	181191022	181203117	TRIM7-AS2	.	+	ENSG00000250222.5	0
chr5	181206543	181207155	peak_925	1000	.	1174.000977	6.280785	-1	372	chr5	181207479	181217864	ENSG00000286644	.	-	ENSG00000286644.1	325
chr5	181207495	181208470	peak_926	906	.	883.514771	4.655616	-1	330	chr5	181207479	181217864	ENSG00000286644	.	-	ENSG00000286644.1	0
chr5	181217791	181218549	peak_927	1000	.	1303.394287	6.666107	-1	437	chr5	181207479	181217864	ENSG00000286644	.	-	ENSG00000286644.1	0
chr5	181221616	181222776	peak_928	1000	.	1886.444946	5.671912	-1	902	chr5	181222498	181235808	TRIM41	.	+	ENSG00000146063.22	0
chr5	181221616	181222776	peak_928	1000	.	1886.444946	5.671912	-1	902	chr5	181222565	181222633	MIR4638	.	-	ENSG00000264732.1	0
chr6	371235	371635	peak_929	598	.	239.036148	4.395352	-1	254	chr6	360742	387374	ENSG00000303358	.	-	ENSG00000303358.1	0
chr6	1053500	1054035	peak_930	388	.	207.803650	3.776148	-1	293	chr6	936181	1101422	LINC01622	.	-	ENSG00000286785.2	0
chr6	1053500	1054035	peak_930	388	.	207.803650	3.776148	-1	293	chr6	1035301	1061398	ENSG00000297704	.	+	ENSG00000297704.1	0
chr6	6729013	6729398	peak_931	650	.	250.355255	3.776148	-1	228	chr6	6687200	6756450	ENSG00000287497	.	+	ENSG00000287497.4	0
chr6	6729013	6729398	peak_931	650	.	250.355255	3.776148	-1	228	chr6	6692736	6801186	ENSG00000226281	.	-	ENSG00000226281.7	0
chr6	7210125	7210551	peak_932	496	.	211.341553	4.105179	-1	146	chr6	7107417	7251982	RREB1	.	+	ENSG00000124782.23	0
chr6	10937531	10937863	peak_933	616	.	204.592270	4.105179	-1	224	chr6	10886830	10979320	SYCP2L	.	+	ENSG00000153157.15	0
chr6	11491383	11491957	peak_934	432	.	248.123795	4.105179	-1	282	chr6	11414635	11516515	ENSG00000233656	.	+	ENSG00000233656.3	0
chr6	14169100	14169797	peak_935	329	.	229.081329	3.394254	-1	266	chr6	14117255	14203465	CD83	.	+	ENSG00000112149.13	0
chr6	14169100	14169797	peak_935	329	.	229.081329	3.394254	-1	266	chr6	14141252	14211218	ENSG00000285639	.	-	ENSG00000285639.2	0
chr6	14278193	14278658	peak_936	512	.	237.914734	4.105179	-1	450	chr6	14280126	14285454	LINC01108	.	-	ENSG00000226673.2	1469
chr6	14284079	14284627	peak_937	495	.	271.051300	4.105179	-1	110	chr6	14280126	14285454	LINC01108	.	-	ENSG00000226673.2	0
chr6	14284079	14284627	peak_937	495	.	271.051300	4.105179	-1	110	chr6	14284192	14509351	ENSG00000286277	.	+	ENSG00000286277.2	0
chr6	14295439	14295967	peak_938	432	.	227.875137	4.395352	-1	459	chr6	14284192	14509351	ENSG00000286277	.	+	ENSG00000286277.2	0
chr6	14295439	14295967	peak_938	432	.	227.875137	4.395352	-1	459	chr6	14290582	14302469	ENSG00000295484	.	-	ENSG00000295484.1	0
chr6	14322823	14323270	peak_939	570	.	254.587845	4.105179	-1	159	chr6	14284192	14509351	ENSG00000286277	.	+	ENSG00000286277.2	0
chr6	14368584	14369016	peak_940	511	.	220.961334	3.776148	-1	97	chr6	14284192	14509351	ENSG00000286277	.	+	ENSG00000286277.2	0
chr6	20432403	20432864	peak_941	474	.	218.581665	4.105179	-1	35	chr6	20401839	20493714	E2F3	.	+	ENSG00000112242.18	0
chr6	25136427	25136906	peak_942	486	.	232.855255	4.105179	-1	297	chr6	25061610	25452263	CMAHP	.	-	ENSG00000293489.2	0
chr6	25136427	25136906	peak_942	486	.	232.855255	4.105179	-1	297	chr6	25081861	25138081	CMAHP	.	-	ENSG00000168405.19	0
chr6	26286158	26286886	peak_943	1000	.	762.214417	5.671912	-1	449	chr6	26123172	26554396	ENSG00000291336	.	+	ENSG00000291336.1	0
chr6	26286158	26286886	peak_943	1000	.	762.214417	5.671912	-1	449	chr6	26157121	26533457	ENSG00000291338	.	+	ENSG00000291338.1	0
chr6	26286158	26286886	peak_943	1000	.	762.214417	5.671912	-1	449	chr6	26285206	26301455	ENSG00000289447	.	+	ENSG00000289447.3	0
chr6	26311415	26312240	peak_944	773	.	637.542419	5.309801	-1	417	chr6	26123172	26554396	ENSG00000291336	.	+	ENSG00000291336.1	0
chr6	26311415	26312240	peak_944	773	.	637.542419	5.309801	-1	417	chr6	26157121	26533457	ENSG00000291338	.	+	ENSG00000291338.1	0
chr6	26311415	26312240	peak_944	773	.	637.542419	5.309801	-1	417	chr6	26287861	26332675	ENSG00000287050	.	-	ENSG00000287050.2	0
chr6	26312768	26313490	peak_945	1000	.	1069.895874	5.671912	-1	357	chr6	26123172	26554396	ENSG00000291336	.	+	ENSG00000291336.1	0
chr6	26312768	26313490	peak_945	1000	.	1069.895874	5.671912	-1	357	chr6	26157121	26533457	ENSG00000291338	.	+	ENSG00000291338.1	0
chr6	26312768	26313490	peak_945	1000	.	1069.895874	5.671912	-1	357	chr6	26287861	26332675	ENSG00000287050	.	-	ENSG00000287050.2	0
chr6	26322654	26323124	peak_946	897	.	421.413971	5.309801	-1	127	chr6	26123172	26554396	ENSG00000291336	.	+	ENSG00000291336.1	0
chr6	26322654	26323124	peak_946	897	.	421.413971	5.309801	-1	127	chr6	26157121	26533457	ENSG00000291338	.	+	ENSG00000291338.1	0
chr6	26322654	26323124	peak_946	897	.	421.413971	5.309801	-1	127	chr6	26287861	26332675	ENSG00000287050	.	-	ENSG00000287050.2	0
chr6	26327445	26328388	peak_947	652	.	614.442383	4.105179	-1	267	chr6	26123172	26554396	ENSG00000291336	.	+	ENSG00000291336.1	0
chr6	26327445	26328388	peak_947	652	.	614.442383	4.105179	-1	267	chr6	26157121	26533457	ENSG00000291338	.	+	ENSG00000291338.1	0
chr6	26327445	26328388	peak_947	652	.	614.442383	4.105179	-1	267	chr6	26287861	26332675	ENSG00000287050	.	-	ENSG00000287050.2	0
chr6	26330109	26330515	peak_948	603	.	244.852219	4.395352	-1	236	chr6	26123172	26554396	ENSG00000291336	.	+	ENSG00000291336.1	0
chr6	26330109	26330515	peak_948	603	.	244.852219	4.395352	-1	236	chr6	26157121	26533457	ENSG00000291338	.	+	ENSG00000291338.1	0
chr6	26330109	26330515	peak_948	603	.	244.852219	4.395352	-1	236	chr6	26287861	26332675	ENSG00000287050	.	-	ENSG00000287050.2	0
chr6	26521142	26521506	peak_949	902	.	328.169922	4.655616	-1	110	chr6	26123172	26554396	ENSG00000291336	.	+	ENSG00000291336.1	0
chr6	26521142	26521506	peak_949	902	.	328.169922	4.655616	-1	110	chr6	26157121	26533457	ENSG00000291338	.	+	ENSG00000291338.1	0
chr6	26521142	26521506	peak_949	902	.	328.169922	4.655616	-1	110	chr6	26471267	26522387	ENSG00000300236	.	-	ENSG00000300236.1	0
chr6	26532613	26533264	peak_950	852	.	554.408752	4.655616	-1	336	chr6	26123172	26554396	ENSG00000291336	.	+	ENSG00000291336.1	0
chr6	26532613	26533264	peak_950	852	.	554.408752	4.655616	-1	336	chr6	26157121	26533457	ENSG00000291338	.	+	ENSG00000291338.1	0
chr6	26532613	26533264	peak_950	852	.	554.408752	4.655616	-1	336	chr6	26522588	26550834	ENSG00000300261	.	-	ENSG00000300261.1	0
chr6	26537495	26537756	peak_951	822	.	214.527634	4.105179	-1	118	chr6	26123172	26554396	ENSG00000291336	.	+	ENSG00000291336.1	0
chr6	26537495	26537756	peak_951	822	.	214.527634	4.105179	-1	118	chr6	26522588	26550834	ENSG00000300261	.	-	ENSG00000300261.1	0
chr6	26537888	26538307	peak_952	1000	.	418.902313	4.395352	-1	288	chr6	26123172	26554396	ENSG00000291336	.	+	ENSG00000291336.1	0
chr6	26537888	26538307	peak_952	1000	.	418.902313	4.395352	-1	288	chr6	26522588	26550834	ENSG00000300261	.	-	ENSG00000300261.1	0
chr6	26537888	26538307	peak_952	1000	.	418.902313	4.395352	-1	288	chr6	26538199	26546949	HMGN4	.	+	ENSG00000182952.7	0
chr6	26553903	26554416	peak_953	645	.	330.631744	4.395352	-1	293	chr6	26123172	26554396	ENSG00000291336	.	+	ENSG00000291336.1	0
chr6	26568580	26569102	peak_954	517	.	269.892609	4.395352	-1	309	chr6	26569323	26574698	ENSG00000284607	.	+	ENSG00000284607.1	222
chr6	27091495	27091977	peak_955	541	.	260.914703	4.395352	-1	225	chr6	27087320	27133883	H2BC11	.	-	ENSG00000124635.12	0
chr6	27162011	27162449	peak_956	514	.	225.182068	4.395352	-1	311	chr6	27147625	27147688	MIR3143	.	+	ENSG00000265565.1	14324
chr6	27176865	27177516	peak_957	495	.	322.297150	4.655616	-1	452	chr6	27177350	27178579	ENSG00000301163	.	-	ENSG00000301163.1	0
chr6	27478506	27480005	peak_958	904	.	1354.564941	5.671912	-1	1214	chr6	27473155	27515969	ENSG00000286652	.	+	ENSG00000286652.2	0
chr6	27503299	27503965	peak_959	759	.	505.652039	5.309801	-1	491	chr6	27473155	27515969	ENSG00000286652	.	+	ENSG00000286652.2	0
chr6	27503299	27503965	peak_959	759	.	505.652039	5.309801	-1	491	chr6	27491421	27519495	ENSG00000285703	.	-	ENSG00000285703.2	0
chr6	27519197	27519899	peak_960	1000	.	759.458862	5.309801	-1	553	chr6	27491421	27519495	ENSG00000285703	.	-	ENSG00000285703.2	0
chr6	27547484	27548532	peak_961	343	.	359.569550	4.105179	-1	729	chr6	27535453	27545681	ENSG00000300299	.	-	ENSG00000300299.1	1804
chr6	27592506	27593124	peak_962	931	.	575.634277	4.395352	-1	339	chr6	27596411	27596517	RNU6-471P	.	+	ENSG00000206671.1	3288
chr6	27650705	27651100	peak_963	638	.	251.827545	4.105179	-1	118	chr6	27652601	27652825	RPL8P1	.	-	ENSG00000216676.2	1502
chr6	27684491	27684935	peak_964	823	.	365.282410	4.105179	-1	31	chr6	27687616	27715556	LINC01012	.	+	ENSG00000281706.6	2682
chr6	27687750	27688665	peak_965	1000	.	927.533203	5.309801	-1	527	chr6	27687616	27715556	LINC01012	.	+	ENSG00000281706.6	0
chr6	27752948	27753757	peak_966	704	.	569.208801	4.892064	-1	452	chr6	27703131	27762404	ENSG00000302043	.	-	ENSG00000302043.1	0
chr6	27795530	27796414	peak_967	636	.	561.981445	5.109050	-1	403	chr6	27791696	27796268	ENSG00000296382	.	+	ENSG00000296382.1	0
chr6	27902256	27903258	peak_968	1000	.	1860.955200	6.280785	-1	502	chr6	27897503	27897566	RNU7-26P	.	-	ENSG00000238610.1	4691
chr6	28648192	28648528	peak_969	632	.	212.207291	4.395352	-1	259	chr6	28634782	28653506	ENSG00000287279	.	+	ENSG00000287279.2	0
chr6	28648192	28648528	peak_969	632	.	212.207291	4.395352	-1	259	chr6	28647355	28710117	LINC00533	.	-	ENSG00000235570.2	0
chr6	28658135	28658488	peak_970	823	.	290.551025	4.655616	-1	115	chr6	28647355	28710117	LINC00533	.	-	ENSG00000235570.2	0
chr6	34071246	34071674	peak_971	537	.	229.748993	4.105179	-1	183	chr6	34018642	34155622	GRM4	.	-	ENSG00000124493.16	0
chr6	34071802	34072382	peak_972	664	.	385.161896	4.655616	-1	113	chr6	34018642	34155622	GRM4	.	-	ENSG00000124493.16	0
chr6	34072697	34073251	peak_973	606	.	335.654510	4.655616	-1	85	chr6	34018642	34155622	GRM4	.	-	ENSG00000124493.16	0
chr6	39845306	39845682	peak_974	550	.	206.728119	4.105179	-1	290	chr6	39792297	39904877	DAAM2	.	+	ENSG00000146122.19	0
chr6	40108941	40109173	peak_975	1000	.	251.022644	4.395352	-1	18	chr6	40163925	40164547	ENSG00000299564	.	-	ENSG00000299564.1	54753
chr6	42010862	42011296	peak_976	474	.	205.575851	4.105179	-1	30	chr6	41934576	42050357	CCND3	.	-	ENSG00000112576.14	0
chr6	44181432	44182003	peak_977	656	.	374.387329	4.105179	-1	95	chr6	44158810	44184401	CAPN11	.	+	ENSG00000137225.13	0
chr6	47525419	47525943	peak_978	495	.	259.292542	4.105179	-1	506	chr6	47477731	47627275	CD2AP	.	+	ENSG00000198087.9	0
chr6	52995309	52996072	peak_979	833	.	635.813477	4.892064	-1	644	chr6	52977947	52995359	GSTA4	.	-	ENSG00000170899.13	0
chr6	52995309	52996072	peak_979	833	.	635.813477	4.892064	-1	644	chr6	52995619	52995950	7SK	.	+	ENSG00000202198.1	0
chr6	52995309	52996072	peak_979	833	.	635.813477	4.892064	-1	644	chr6	52995620	52995948	RN7SK	.	+	ENSG00000283293.1	0
chr6	58581485	58582003	peak_980	434	.	224.957870	5.109050	-1	312	chr6	57961437	58438364	ENSG00000225096	.	+	ENSG00000225096.4	143122
chr6	58874624	58875260	peak_981	397	.	252.450027	3.776148	-1	420	chr6	57961437	58438364	ENSG00000225096	.	+	ENSG00000225096.4	436261
chr6	58880365	58881320	peak_982	213	.	203.860275	3.394254	-1	35	chr6	57961437	58438364	ENSG00000225096	.	+	ENSG00000225096.4	442002
chr6	58882813	58883442	peak_983	379	.	238.610977	4.395352	-1	342	chr6	57961437	58438364	ENSG00000225096	.	+	ENSG00000225096.4	444450
chr6	58919954	58920377	peak_984	483	.	204.231491	4.395352	-1	158	chr6	57961437	58438364	ENSG00000225096	.	+	ENSG00000225096.4	481591
chr6	59210275	59210918	peak_985	339	.	217.976807	3.776148	-1	107	chr6	57961437	58438364	ENSG00000225096	.	+	ENSG00000225096.4	771912
chr6	59438562	59439391	peak_986	251	.	207.914185	3.394254	-1	19	chr6	60281443	60544955	PRIM2BP	.	+	ENSG00000283453.3	842053
chr6	59493403	59493977	peak_987	357	.	205.048615	3.776148	-1	476	chr6	60281443	60544955	PRIM2BP	.	+	ENSG00000283453.3	787467
chr6	59565054	59565778	peak_988	287	.	207.958588	3.394254	-1	21	chr6	60281443	60544955	PRIM2BP	.	+	ENSG00000283453.3	715666
chr6	59571007	59571829	peak_989	287	.	235.727768	3.776148	-1	32	chr6	60281443	60544955	PRIM2BP	.	+	ENSG00000283453.3	709615
chr6	59762310	59763299	peak_990	293	.	289.314178	3.776148	-1	981	chr6	60281443	60544955	PRIM2BP	.	+	ENSG00000283453.3	518145
chr6	70144501	70145001	peak_991	439	.	219.743576	4.655616	-1	186	chr6	69866427	70215059	COL19A1	.	+	ENSG00000082293.14	0
chr6	85483509	85484003	peak_992	420	.	207.358032	3.394254	-1	188	chr6	85449583	85547684	NT5E	.	+	ENSG00000135318.14	0
chr6	110178228	110178828	peak_993	421	.	252.532562	4.105179	-1	513	chr6	110099580	110180032	WASF1	.	-	ENSG00000112290.15	0
chr6	110983681	110983812	peak_994	1000	.	218.331024	7.113194	-1	110	chr6	110982014	111028264	RPF2	.	+	ENSG00000197498.15	0
chr6	125780050	125780759	peak_995	1000	.	880.642517	4.892064	-1	241	chr6	125780645	125781061	ENSG00000306008	.	-	ENSG00000306008.1	0
chr6	132330279	132330508	peak_996	885	.	202.565887	4.655616	-1	83	chr6	132295881	132401556	MOXD1	.	-	ENSG00000079931.17	0
chr6	143213596	143213652	peak_997	1000	.	214.179642	7.314430	-1	26	chr6	143060457	143367978	AIG1	.	+	ENSG00000146416.20	0
chr6	144216253	144216784	peak_998	1000	.	797.293945	6.280785	-1	287	chr6	144200228	144284884	ENSG00000302628	.	-	ENSG00000302628.1	0
chr6	145813880	145814200	peak_999	629	.	201.219467	4.105179	-1	74	chr6	145793501	145815267	FBXO30	.	-	ENSG00000118496.7	0
chr6	145813880	145814200	peak_999	629	.	201.219467	4.105179	-1	74	chr6	145799408	145911493	EPM2A-DT	.	+	ENSG00000235652.12	0
chr6	148054283	148054739	peak_1000	495	.	225.742767	4.105179	-1	205	chr6	148082605	148103628	ENSG00000294086	.	-	ENSG00000294086.1	27867
chr6	149471821	149472138	peak_1001	657	.	208.275635	4.105179	-1	132	chr6	149446794	149485036	ZC3H12D	.	-	ENSG00000178199.15	0
chr6	150430253	150430559	peak_1002	735	.	224.941254	4.655616	-1	76	chr6	150407592	150436108	ENSG00000296954	.	-	ENSG00000296954.1	0
chr6	150430253	150430559	peak_1002	735	.	224.941254	4.655616	-1	76	chr6	150414187	150494957	ENSG00000296927	.	+	ENSG00000296927.1	0
chr6	157243128	157243497	peak_1003	581	.	214.533493	4.655616	-1	345	chr6	157240493	157257695	ENSG00000295864	.	+	ENSG00000295864.1	0
chr6	157310358	157311366	peak_1004	1000	.	1223.278809	6.280785	-1	487	chr6	157285349	157324256	TMEM242	.	-	ENSG00000215712.13	0
chr6	157312467	157312709	peak_1005	844	.	204.325378	5.309801	-1	211	chr6	157285349	157324256	TMEM242	.	-	ENSG00000215712.13	0
chr6	157312855	157313341	peak_1006	1000	.	741.172546	6.280785	-1	145	chr6	157285349	157324256	TMEM242	.	-	ENSG00000215712.13	0
chr6	157313471	157313769	peak_1007	999	.	297.824860	4.655616	-1	157	chr6	157285349	157324256	TMEM242	.	-	ENSG00000215712.13	0
chr6	157314104	157314355	peak_1008	1000	.	351.480988	4.655616	-1	136	chr6	157285349	157324256	TMEM242	.	-	ENSG00000215712.13	0
chr6	158049601	158049954	peak_1009	656	.	231.473373	4.105179	-1	18	chr6	157981823	158099176	SYNJ2	.	+	ENSG00000078269.16	0
chr6	159710930	159711744	peak_1010	404	.	329.079620	4.105179	-1	96	chr6	159569592	159762529	SOD2	.	-	ENSG00000291237.3	0
chr6	159712095	159712604	peak_1011	659	.	335.368073	4.395352	-1	113	chr6	159569592	159762529	SOD2	.	-	ENSG00000291237.3	0
chr6	160323903	160324328	peak_1012	500	.	212.663071	3.394254	-1	264	chr6	160348315	160455027	SLC22A3	.	+	ENSG00000146477.8	23988
chr6	160617315	160617956	peak_1013	466	.	298.829559	4.395352	-1	91	chr6	160531481	160664276	LPA	.	-	ENSG00000198670.15	0
chr6	160632518	160633168	peak_1014	347	.	225.670944	3.776148	-1	384	chr6	160531481	160664276	LPA	.	-	ENSG00000198670.15	0
chr6	160638690	160639884	peak_1015	218	.	260.570618	2.935490	-1	209	chr6	160531481	160664276	LPA	.	-	ENSG00000198670.15	0
chr6	160640005	160640782	peak_1016	309	.	239.901642	4.395352	-1	456	chr6	160531481	160664276	LPA	.	-	ENSG00000198670.15	0
chr6	160645157	160645734	peak_1017	455	.	262.822601	3.776148	-1	294	chr6	160531481	160664276	LPA	.	-	ENSG00000198670.15	0
chr6	165794214	165794514	peak_1018	780	.	234.019669	4.395352	-1	243	chr6	165327286	165988117	PDE10A	.	-	ENSG00000112541.19	0
chr6	169372034	169372564	peak_1019	590	.	312.570496	4.892064	-1	390	chr6	169369573	169388407	LINC02519	.	-	ENSG00000226194.7	0
chr6	170398228	170400285	peak_1020	729	.	1499.473999	4.892064	-1	1120	chr6	170290702	170407090	FAM120B	.	+	ENSG00000112584.16	0
chr7	10008	10242	peak_1021	1000	.	274.366302	4.892064	-1	35	chr7	12703	27234	ENSG00000283061	.	+	ENSG00000283061.1	2462
chr7	350156	350352	peak_1022	1000	.	249.777100	4.655616	-1	86	chr7	344856	352103	ENSG00000298696	.	-	ENSG00000298696.1	0
chr7	350495	350943	peak_1023	461	.	206.615875	3.394254	-1	186	chr7	344856	352103	ENSG00000298696	.	-	ENSG00000298696.1	0
chr7	674038	674581	peak_1024	449	.	243.801971	4.395352	-1	402	chr7	549194	728268	PRKAR1B	.	-	ENSG00000188191.18	0
chr7	905375	905898	peak_1025	563	.	294.249481	4.105179	-1	261	chr7	896337	955407	ADAP1	.	-	ENSG00000105963.17	0
chr7	905375	905898	peak_1025	563	.	294.249481	4.105179	-1	261	chr7	898777	975549	ENSG00000310608	.	-	ENSG00000310608.1	0
chr7	2316075	2316399	peak_1026	825	.	267.203217	4.655616	-1	290	chr7	2251769	2354318	SNX8	.	-	ENSG00000106266.13	0
chr7	7099734	7100168	peak_1027	557	.	241.583572	5.309801	-1	307	chr7	6930264	7116106	ENSG00000287860	.	-	ENSG00000287860.4	0
chr7	16265858	16266410	peak_1028	403	.	222.411057	4.105179	-1	278	chr7	16087524	16502504	CRPPA	.	-	ENSG00000214960.13	0
chr7	16265858	16266410	peak_1028	403	.	222.411057	4.105179	-1	278	chr7	16210473	16270604	CRPPA-AS1	.	+	ENSG00000229688.9	0
chr7	16396918	16398198	peak_1029	472	.	603.559021	4.892064	-1	769	chr7	16087524	16502504	CRPPA	.	-	ENSG00000214960.13	0
chr7	21471287	21471653	peak_1030	552	.	201.865234	5.109050	-1	54	chr7	21428023	21514822	SP4	.	+	ENSG00000105866.17	0
chr7	22110911	22111460	peak_1031	403	.	221.470490	3.776148	-1	403	chr7	22117699	22357170	RAPGEF5	.	-	ENSG00000136237.21	6240
chr7	22291119	22291556	peak_1032	458	.	200.147125	4.395352	-1	184	chr7	22117699	22357170	RAPGEF5	.	-	ENSG00000136237.21	0
chr7	22472357	22472578	peak_1033	929	.	205.361115	4.892064	-1	164	chr7	22416931	22727789	STEAP1B	.	-	ENSG00000105889.18	0
chr7	23369523	23370150	peak_1034	391	.	245.046066	4.395352	-1	32	chr7	23308570	23470833	IGF2BP3	.	-	ENSG00000136231.16	0
chr7	31077642	31077860	peak_1035	1000	.	238.022217	5.109050	-1	58	chr7	31052296	31117204	ADCYAP1R1	.	+	ENSG00000078549.18	0
chr7	36875687	36876187	peak_1036	444	.	222.078064	4.395352	-1	479	chr7	36852905	37449435	ELMO1	.	-	ENSG00000155849.18	0
chr7	37409523	37410040	peak_1037	394	.	203.826889	3.394254	-1	374	chr7	36852905	37449435	ELMO1	.	-	ENSG00000155849.18	0
chr7	44787393	44788002	peak_1038	356	.	216.702179	3.394254	-1	503	chr7	44785049	44787340	ENSG00000228596	.	-	ENSG00000228596.1	54
chr7	45251996	45252073	peak_1039	1000	.	217.421432	6.414886	-1	44	chr7	45258024	45260198	ENSG00000303084	.	-	ENSG00000303084.1	5952
chr7	48463761	48463840	peak_1040	1000	.	220.647659	6.543151	-1	40	chr7	48171451	48647497	ABCA13	.	+	ENSG00000179869.16	0
chr7	50267358	50267758	peak_1041	527	.	210.811020	4.655616	-1	314	chr7	50202000	50262994	ENSG00000231681	.	-	ENSG00000231681.2	4365
chr7	50334436	50334800	peak_1042	1000	.	421.522583	5.671912	-1	82	chr7	50303411	50405101	IKZF1	.	+	ENSG00000185811.23	0
chr7	50334904	50335975	peak_1043	736	.	788.232666	5.109050	-1	479	chr7	50303411	50405101	IKZF1	.	+	ENSG00000185811.23	0
chr7	56370258	56371748	peak_1044	508	.	756.999023	4.655616	-1	1127	chr7	56362457	56365270	CICP8	.	+	ENSG00000225371.1	4989
chr7	56371865	56372076	peak_1045	1000	.	237.406174	5.309801	-1	83	chr7	56362457	56365270	CICP8	.	+	ENSG00000225371.1	6596
chr7	56372483	56373073	peak_1046	715	.	421.709961	4.395352	-1	184	chr7	56362457	56365270	CICP8	.	+	ENSG00000225371.1	7214
chr7	56373302	56373639	peak_1047	1000	.	359.096405	5.109050	-1	247	chr7	56380975	56381312	ENSG00000224370	.	+	ENSG00000224370.1	7337
chr7	56374286	56374837	peak_1048	546	.	300.789490	4.892064	-1	311	chr7	56380975	56381312	ENSG00000224370	.	+	ENSG00000224370.1	6139
chr7	57486136	57487236	peak_1049	1000	.	1343.039917	8.309755	-1	696	chr7	57485165	57485895	ENSG00000270957	.	+	ENSG00000270957.1	242
chr7	57487390	57488466	peak_1050	1000	.	1312.376099	7.314430	-1	798	chr7	57485165	57485895	ENSG00000270957	.	+	ENSG00000270957.1	1496
chr7	57488633	57489268	peak_1051	1000	.	699.371216	6.140231	-1	290	chr7	57485165	57485895	ENSG00000270957	.	+	ENSG00000270957.1	2739
chr7	57489396	57490824	peak_1052	867	.	1237.787476	10.422315	-1	379	chr7	57485165	57485895	ENSG00000270957	.	+	ENSG00000270957.1	3502
chr7	57490931	57491305	peak_1053	1000	.	400.862152	5.671912	-1	351	chr7	57485165	57485895	ENSG00000270957	.	+	ENSG00000270957.1	5037
chr7	57491556	57493292	peak_1054	1000	.	2283.685059	11.060618	-1	1189	chr7	57485165	57485895	ENSG00000270957	.	+	ENSG00000270957.1	5662
chr7	57493448	57493868	peak_1055	1000	.	500.852448	6.414886	-1	221	chr7	57485165	57485895	ENSG00000270957	.	+	ENSG00000270957.1	7554
chr7	57493984	57494280	peak_1056	1000	.	375.701447	5.309801	-1	91	chr7	57485165	57485895	ENSG00000270957	.	+	ENSG00000270957.1	8090
chr7	57494415	57495341	peak_1057	1000	.	1187.182495	8.309755	-1	417	chr7	57485165	57485895	ENSG00000270957	.	+	ENSG00000270957.1	8521
chr7	57495468	57497112	peak_1058	1000	.	2252.637695	10.343987	-1	129	chr7	57485165	57485895	ENSG00000270957	.	+	ENSG00000270957.1	9574
chr7	57636287	57636837	peak_1059	423	.	232.837769	4.105179	-1	426	chr7	57628313	57653546	ENSG00000293071	.	-	ENSG00000293071.2	0
chr7	57636287	57636837	peak_1059	423	.	232.837769	4.105179	-1	426	chr7	57628478	57641954	ENSG00000243981	.	-	ENSG00000243981.5	0
chr7	57888501	57888827	peak_1060	639	.	208.253708	4.655616	-1	214	chr7	57865772	57868162	ENSG00000294307	.	-	ENSG00000294307.1	20340
chr7	58033026	58034104	peak_1061	1000	.	1398.172485	13.659695	-1	171	chr7	57865772	57868162	ENSG00000294307	.	-	ENSG00000294307.1	164865
chr7	58034263	58034676	peak_1062	938	.	387.289551	6.280785	-1	248	chr7	57865772	57868162	ENSG00000294307	.	-	ENSG00000294307.1	166102
chr7	58035729	58036155	peak_1063	1000	.	891.028931	12.322577	-1	347	chr7	57865772	57868162	ENSG00000294307	.	-	ENSG00000294307.1	167568
chr7	58036330	58036863	peak_1064	1000	.	669.648621	7.215447	-1	299	chr7	57865772	57868162	ENSG00000294307	.	-	ENSG00000294307.1	168169
chr7	58037090	58037555	peak_1065	1000	.	773.356934	6.280785	-1	436	chr7	57865772	57868162	ENSG00000294307	.	-	ENSG00000294307.1	168929
chr7	58037668	58037908	peak_1066	1000	.	276.321899	6.140231	-1	130	chr7	57865772	57868162	ENSG00000294307	.	-	ENSG00000294307.1	169507
chr7	58038017	58038533	peak_1067	1000	.	776.942810	6.666107	-1	82	chr7	57865772	57868162	ENSG00000294307	.	-	ENSG00000294307.1	169856
chr7	58038671	58039518	peak_1068	1000	.	1227.123535	8.237581	-1	480	chr7	57865772	57868162	ENSG00000294307	.	-	ENSG00000294307.1	170510
chr7	58040724	58041041	peak_1069	660	.	209.161285	3.776148	-1	297	chr7	57865772	57868162	ENSG00000294307	.	-	ENSG00000294307.1	172563
chr7	58042261	58042648	peak_1070	780	.	301.992065	4.892064	-1	355	chr7	57865772	57868162	ENSG00000294307	.	-	ENSG00000294307.1	174100
chr7	58044712	58045254	peak_1071	716	.	388.001587	6.140231	-1	338	chr7	57865772	57868162	ENSG00000294307	.	-	ENSG00000294307.1	176551
chr7	58046113	58046582	peak_1072	981	.	460.239777	9.741835	-1	263	chr7	57865772	57868162	ENSG00000294307	.	-	ENSG00000294307.1	177952
chr7	58046719	58047224	peak_1073	486	.	245.219513	4.105179	-1	168	chr7	57865772	57868162	ENSG00000294307	.	-	ENSG00000294307.1	178558
chr7	58047848	58048076	peak_1074	1000	.	344.004242	7.593853	-1	50	chr7	57865772	57868162	ENSG00000294307	.	-	ENSG00000294307.1	179687
chr7	58049375	58049754	peak_1075	725	.	274.697815	5.309801	-1	184	chr7	57865772	57868162	ENSG00000294307	.	-	ENSG00000294307.1	181214
chr7	58050561	58050714	peak_1076	1000	.	240.644516	6.897870	-1	96	chr7	57865772	57868162	ENSG00000294307	.	-	ENSG00000294307.1	182400
chr7	58051081	58052072	peak_1077	606	.	600.332092	5.109050	-1	443	chr7	57865772	57868162	ENSG00000294307	.	-	ENSG00000294307.1	182920
chr7	58052732	58053383	peak_1078	632	.	411.312775	4.655616	-1	17	chr7	57865772	57868162	ENSG00000294307	.	-	ENSG00000294307.1	184571
chr7	58054742	58056456	peak_1079	659	.	1129.745972	6.543151	-1	1006	chr7	57865772	57868162	ENSG00000294307	.	-	ENSG00000294307.1	186581
chr7	58057122	58057822	peak_1080	813	.	569.145203	5.109050	-1	121	chr7	57865772	57868162	ENSG00000294307	.	-	ENSG00000294307.1	188961
chr7	58057977	58058511	peak_1081	486	.	259.624634	4.105179	-1	506	chr7	57865772	57868162	ENSG00000294307	.	-	ENSG00000294307.1	189816
chr7	58059661	58060405	peak_1082	1000	.	823.894714	9.397332	-1	350	chr7	57865772	57868162	ENSG00000294307	.	-	ENSG00000294307.1	191500
chr7	58060516	58060784	peak_1083	1000	.	794.292419	9.448680	-1	237	chr7	57865772	57868162	ENSG00000294307	.	-	ENSG00000294307.1	192355
chr7	58061121	58061407	peak_1084	1000	.	477.118286	5.671912	-1	218	chr7	57865772	57868162	ENSG00000294307	.	-	ENSG00000294307.1	192960
chr7	58061508	58061783	peak_1085	1000	.	388.815155	7.215447	-1	129	chr7	57865772	57868162	ENSG00000294307	.	-	ENSG00000294307.1	193347
chr7	58062646	58062876	peak_1086	1000	.	272.274689	6.543151	-1	115	chr7	57865772	57868162	ENSG00000294307	.	-	ENSG00000294307.1	194485
chr7	58063046	58063254	peak_1087	1000	.	316.359436	7.503445	-1	179	chr7	57865772	57868162	ENSG00000294307	.	-	ENSG00000294307.1	194885
chr7	58063722	58064134	peak_1088	1000	.	431.589874	8.449522	-1	379	chr7	57865772	57868162	ENSG00000294307	.	-	ENSG00000294307.1	195561
chr7	58065573	58066162	peak_1089	650	.	382.862366	5.109050	-1	576	chr7	57865772	57868162	ENSG00000294307	.	-	ENSG00000294307.1	197412
chr7	58066942	58067764	peak_1090	351	.	288.510590	5.109050	-1	471	chr7	57865772	57868162	ENSG00000294307	.	-	ENSG00000294307.1	198781
chr7	58104602	58104736	peak_1091	1000	.	458.612610	12.345893	-1	108	chr7	57865772	57868162	ENSG00000294307	.	-	ENSG00000294307.1	236441
chr7	58105880	58106682	peak_1092	1000	.	1228.126709	10.182039	-1	294	chr7	57865772	57868162	ENSG00000294307	.	-	ENSG00000294307.1	237719
chr7	58107117	58107832	peak_1093	885	.	632.495117	7.007426	-1	35	chr7	57865772	57868162	ENSG00000294307	.	-	ENSG00000294307.1	238956
chr7	58108080	58108452	peak_1094	1000	.	584.846191	8.380379	-1	273	chr7	57865772	57868162	ENSG00000294307	.	-	ENSG00000294307.1	239919
chr7	58108672	58108715	peak_1095	1000	.	257.716797	8.712543	-1	34	chr7	57865772	57868162	ENSG00000294307	.	-	ENSG00000294307.1	240511
chr7	58109320	58109711	peak_1096	1000	.	538.004517	7.215447	-1	265	chr7	57865772	57868162	ENSG00000294307	.	-	ENSG00000294307.1	241159
chr7	58109920	58110825	peak_1097	1000	.	1181.889648	10.683888	-1	31	chr7	57865772	57868162	ENSG00000294307	.	-	ENSG00000294307.1	241759
chr7	58112411	58112578	peak_1098	1000	.	399.453369	7.314430	-1	133	chr7	57865772	57868162	ENSG00000294307	.	-	ENSG00000294307.1	244250
chr7	58112743	58113645	peak_1099	1000	.	1124.427002	7.007426	-1	604	chr7	57865772	57868162	ENSG00000294307	.	-	ENSG00000294307.1	244582
chr7	58113780	58114191	peak_1100	1000	.	520.270325	7.314430	-1	259	chr7	57865772	57868162	ENSG00000294307	.	-	ENSG00000294307.1	245619
chr7	58114305	58114772	peak_1101	713	.	332.894623	6.280785	-1	358	chr7	57865772	57868162	ENSG00000294307	.	-	ENSG00000294307.1	246144
chr7	58116292	58116677	peak_1102	520	.	200.138107	4.395352	-1	73	chr7	57865772	57868162	ENSG00000294307	.	-	ENSG00000294307.1	248131
chr7	58117250	58118256	peak_1103	318	.	320.165863	4.395352	-1	35	chr7	57865772	57868162	ENSG00000294307	.	-	ENSG00000294307.1	249089
chr7	58423724	58424019	peak_1104	896	.	264.282318	7.850579	-1	270	chr7	57865772	57868162	ENSG00000294307	.	-	ENSG00000294307.1	555563
chr7	58824360	58824409	peak_1105	1000	.	270.112183	8.712543	-1	21	chr7	57865772	57868162	ENSG00000294307	.	-	ENSG00000294307.1	956199
chr7	60909847	60909988	peak_1106	1000	.	304.035583	8.517250	-1	110	chr7	62275360	62275678	ENSG00000233918	.	-	ENSG00000233918.1	1365373
chr7	60911368	60911471	peak_1107	1000	.	263.308136	7.314430	-1	41	chr7	62275360	62275678	ENSG00000233918	.	-	ENSG00000233918.1	1363890
chr7	60912556	60912739	peak_1108	1000	.	366.249969	7.007426	-1	131	chr7	62275360	62275678	ENSG00000233918	.	-	ENSG00000233918.1	1362622
chr7	60913475	60913660	peak_1109	1000	.	219.331619	6.543151	-1	54	chr7	62275360	62275678	ENSG00000233918	.	-	ENSG00000233918.1	1361701
chr7	60914293	60914939	peak_1110	1000	.	807.480347	6.897870	-1	622	chr7	62275360	62275678	ENSG00000233918	.	-	ENSG00000233918.1	1360422
chr7	60915098	60915138	peak_1111	1000	.	241.043060	8.517250	-1	20	chr7	62275360	62275678	ENSG00000233918	.	-	ENSG00000233918.1	1360223
chr7	60915396	60915470	peak_1112	1000	.	208.805298	6.897870	-1	34	chr7	62275360	62275678	ENSG00000233918	.	-	ENSG00000233918.1	1359891
chr7	60915608	60915787	peak_1113	1000	.	308.935730	7.314430	-1	98	chr7	62275360	62275678	ENSG00000233918	.	-	ENSG00000233918.1	1359574
chr7	60916020	60916478	peak_1114	805	.	368.551208	5.109050	-1	430	chr7	62275360	62275678	ENSG00000233918	.	-	ENSG00000233918.1	1358883
chr7	60916622	60916663	peak_1115	1000	.	203.995483	7.410364	-1	20	chr7	62275360	62275678	ENSG00000233918	.	-	ENSG00000233918.1	1358698
chr7	60917533	60918010	peak_1116	1000	.	597.051331	10.961621	-1	363	chr7	62275360	62275678	ENSG00000233918	.	-	ENSG00000233918.1	1357351
chr7	60918338	60918389	peak_1117	1000	.	203.650742	7.113194	-1	27	chr7	62275360	62275678	ENSG00000233918	.	-	ENSG00000233918.1	1356972
chr7	60918560	60919204	peak_1118	877	.	564.620789	7.931771	-1	530	chr7	62275360	62275678	ENSG00000233918	.	-	ENSG00000233918.1	1356157
chr7	60919691	60920027	peak_1119	882	.	296.438202	6.140231	-1	24	chr7	62275360	62275678	ENSG00000233918	.	-	ENSG00000233918.1	1355334
chr7	60920305	60920749	peak_1120	1000	.	517.705078	9.924512	-1	343	chr7	62275360	62275678	ENSG00000233918	.	-	ENSG00000233918.1	1354612
chr7	60920994	60921397	peak_1121	595	.	239.635696	6.414886	-1	240	chr7	62275360	62275678	ENSG00000233918	.	-	ENSG00000233918.1	1353964
chr7	60922027	60922337	peak_1122	687	.	212.881180	3.776148	-1	27	chr7	62275360	62275678	ENSG00000233918	.	-	ENSG00000233918.1	1353024
chr7	60923751	60924089	peak_1123	798	.	269.697021	5.496779	-1	322	chr7	62275360	62275678	ENSG00000233918	.	-	ENSG00000233918.1	1351272
chr7	60924987	60925321	peak_1124	871	.	290.931396	5.309801	-1	303	chr7	62275360	62275678	ENSG00000233918	.	-	ENSG00000233918.1	1350040
chr7	60927272	60927815	peak_1125	743	.	403.530121	5.671912	-1	45	chr7	62275360	62275678	ENSG00000233918	.	-	ENSG00000233918.1	1347546
chr7	60927930	60928343	peak_1126	838	.	346.052673	6.280785	-1	338	chr7	62275360	62275678	ENSG00000233918	.	-	ENSG00000233918.1	1347018
chr7	60928453	60928566	peak_1127	1000	.	310.274658	8.449522	-1	78	chr7	62275360	62275678	ENSG00000233918	.	-	ENSG00000233918.1	1346795
chr7	60928857	60929290	peak_1128	547	.	236.684845	3.776148	-1	25	chr7	62275360	62275678	ENSG00000233918	.	-	ENSG00000233918.1	1346071
chr7	60929680	60930471	peak_1129	592	.	467.975372	6.140231	-1	89	chr7	62275360	62275678	ENSG00000233918	.	-	ENSG00000233918.1	1344890
chr7	60930609	60930876	peak_1130	1000	.	423.392548	9.183957	-1	88	chr7	62275360	62275678	ENSG00000233918	.	-	ENSG00000233918.1	1344485
chr7	60931031	60931320	peak_1131	1000	.	363.991058	9.741835	-1	267	chr7	62275360	62275678	ENSG00000233918	.	-	ENSG00000233918.1	1344041
chr7	60931443	60932505	peak_1132	909	.	965.040222	7.215447	-1	425	chr7	62275360	62275678	ENSG00000233918	.	-	ENSG00000233918.1	1342856
chr7	60933523	60934112	peak_1133	1000	.	607.399109	7.593853	-1	282	chr7	62275360	62275678	ENSG00000233918	.	-	ENSG00000233918.1	1341249
chr7	60934658	60934873	peak_1134	1000	.	425.917511	5.992500	-1	111	chr7	62275360	62275678	ENSG00000233918	.	-	ENSG00000233918.1	1340488
chr7	60935006	60935649	peak_1135	1000	.	678.889282	9.499280	-1	327	chr7	62275360	62275678	ENSG00000233918	.	-	ENSG00000233918.1	1339712
chr7	60935912	60936325	peak_1136	636	.	262.697357	4.655616	-1	159	chr7	62275360	62275678	ENSG00000233918	.	-	ENSG00000233918.1	1339036
chr7	60936476	60937129	peak_1137	516	.	336.973511	4.655616	-1	265	chr7	62275360	62275678	ENSG00000233918	.	-	ENSG00000233918.1	1338232
chr7	60938188	60938407	peak_1138	1000	.	250.232346	6.414886	-1	155	chr7	62275360	62275678	ENSG00000233918	.	-	ENSG00000233918.1	1336954
chr7	61019689	61020146	peak_1139	870	.	397.800018	4.892064	-1	230	chr7	62275360	62275678	ENSG00000233918	.	-	ENSG00000233918.1	1255215
chr7	61020386	61020734	peak_1140	1000	.	520.597717	8.088272	-1	221	chr7	62275360	62275678	ENSG00000233918	.	-	ENSG00000233918.1	1254627
chr7	61021028	61021359	peak_1141	1000	.	650.693787	9.072088	-1	296	chr7	62275360	62275678	ENSG00000233918	.	-	ENSG00000233918.1	1254002
chr7	61021897	61022358	peak_1142	697	.	321.499847	7.503445	-1	26	chr7	62275360	62275678	ENSG00000233918	.	-	ENSG00000233918.1	1253003
chr7	61022459	61023022	peak_1143	897	.	504.961182	8.449522	-1	135	chr7	62275360	62275678	ENSG00000233918	.	-	ENSG00000233918.1	1252339
chr7	61023177	61023748	peak_1144	893	.	509.752319	7.503445	-1	544	chr7	62275360	62275678	ENSG00000233918	.	-	ENSG00000233918.1	1251613
chr7	61023940	61025109	peak_1145	997	.	1165.971069	7.681748	-1	431	chr7	62275360	62275678	ENSG00000233918	.	-	ENSG00000233918.1	1250252
chr7	61025546	61025844	peak_1146	769	.	229.020950	4.395352	-1	33	chr7	62275360	62275678	ENSG00000233918	.	-	ENSG00000233918.1	1249517
chr7	61025982	61027041	peak_1147	921	.	975.522888	7.503445	-1	175	chr7	62275360	62275678	ENSG00000233918	.	-	ENSG00000233918.1	1248320
chr7	61028026	61028130	peak_1148	1000	.	338.419800	8.775187	-1	68	chr7	62275360	62275678	ENSG00000233918	.	-	ENSG00000233918.1	1247231
chr7	61028956	61029351	peak_1149	1000	.	585.641052	7.113194	-1	214	chr7	62275360	62275678	ENSG00000233918	.	-	ENSG00000233918.1	1246010
chr7	61030555	61030915	peak_1150	743	.	267.633240	5.109050	-1	36	chr7	62275360	62275678	ENSG00000233918	.	-	ENSG00000233918.1	1244446
chr7	61031613	61031962	peak_1151	606	.	211.429382	3.776148	-1	143	chr7	62275360	62275678	ENSG00000233918	.	-	ENSG00000233918.1	1243399
chr7	61032139	61032378	peak_1152	1000	.	376.214905	6.666107	-1	23	chr7	62275360	62275678	ENSG00000233918	.	-	ENSG00000233918.1	1242983
chr7	61032861	61033182	peak_1153	1000	.	533.413574	7.593853	-1	286	chr7	62275360	62275678	ENSG00000233918	.	-	ENSG00000233918.1	1242179
chr7	61033612	61034098	peak_1154	914	.	444.254578	6.280785	-1	465	chr7	62275360	62275678	ENSG00000233918	.	-	ENSG00000233918.1	1241263
chr7	61034673	61034779	peak_1155	1000	.	262.464050	6.414886	-1	79	chr7	62275360	62275678	ENSG00000233918	.	-	ENSG00000233918.1	1240582
chr7	61035027	61035690	peak_1156	837	.	554.731079	5.109050	-1	347	chr7	62275360	62275678	ENSG00000233918	.	-	ENSG00000233918.1	1239671
chr7	61035852	61036184	peak_1157	771	.	256.099152	5.992500	-1	139	chr7	62275360	62275678	ENSG00000233918	.	-	ENSG00000233918.1	1239177
chr7	61036299	61037375	peak_1158	705	.	758.125854	6.784213	-1	941	chr7	62275360	62275678	ENSG00000233918	.	-	ENSG00000233918.1	1237986
chr7	61038935	61039265	peak_1159	1000	.	386.240265	5.671912	-1	307	chr7	62275360	62275678	ENSG00000233918	.	-	ENSG00000233918.1	1236096
chr7	61039649	61040172	peak_1160	1000	.	629.882141	9.128480	-1	408	chr7	62275360	62275678	ENSG00000233918	.	-	ENSG00000233918.1	1235189
chr7	61041117	61041753	peak_1161	497	.	316.254669	4.655616	-1	375	chr7	62275360	62275678	ENSG00000233918	.	-	ENSG00000233918.1	1233608
chr7	61042056	61042349	peak_1162	1000	.	367.240417	6.280785	-1	46	chr7	62275360	62275678	ENSG00000233918	.	-	ENSG00000233918.1	1233012
chr7	61044227	61044558	peak_1163	1000	.	548.092102	9.499280	-1	39	chr7	62275360	62275678	ENSG00000233918	.	-	ENSG00000233918.1	1230803
chr7	61045198	61045528	peak_1164	970	.	319.997101	4.655616	-1	153	chr7	62275360	62275678	ENSG00000233918	.	-	ENSG00000233918.1	1229833
chr7	61045930	61046410	peak_1165	1000	.	594.521729	7.215447	-1	80	chr7	62275360	62275678	ENSG00000233918	.	-	ENSG00000233918.1	1228951
chr7	61046749	61047655	peak_1166	816	.	739.150757	8.897087	-1	558	chr7	62275360	62275678	ENSG00000233918	.	-	ENSG00000233918.1	1227706
chr7	61048258	61048840	peak_1167	804	.	467.904694	5.309801	-1	437	chr7	62275360	62275678	ENSG00000233918	.	-	ENSG00000233918.1	1226521
chr7	61049533	61049585	peak_1168	1000	.	201.189896	6.897870	-1	25	chr7	62275360	62275678	ENSG00000233918	.	-	ENSG00000233918.1	1225776
chr7	61049802	61050302	peak_1169	557	.	278.700745	6.140231	-1	295	chr7	62275360	62275678	ENSG00000233918	.	-	ENSG00000233918.1	1225059
chr7	61050406	61050487	peak_1170	1000	.	201.875946	6.543151	-1	31	chr7	62275360	62275678	ENSG00000233918	.	-	ENSG00000233918.1	1224874
chr7	61050660	61051839	peak_1171	849	.	1001.064392	5.496779	-1	528	chr7	62275360	62275678	ENSG00000233918	.	-	ENSG00000233918.1	1223522
chr7	61053782	61054486	peak_1172	1000	.	860.811951	8.237581	-1	428	chr7	62275360	62275678	ENSG00000233918	.	-	ENSG00000233918.1	1220875
chr7	61055019	61055328	peak_1173	1000	.	384.181458	7.503445	-1	30	chr7	62275360	62275678	ENSG00000233918	.	-	ENSG00000233918.1	1220033
chr7	61055730	61055953	peak_1174	1000	.	268.308807	7.215447	-1	79	chr7	62275360	62275678	ENSG00000233918	.	-	ENSG00000233918.1	1219408
chr7	61056075	61056786	peak_1175	1000	.	1337.384888	9.014750	-1	399	chr7	62275360	62275678	ENSG00000233918	.	-	ENSG00000233918.1	1218575
chr7	61057510	61058217	peak_1176	868	.	613.997681	8.163781	-1	368	chr7	62275360	62275678	ENSG00000233918	.	-	ENSG00000233918.1	1217144
chr7	61058657	61059000	peak_1177	709	.	243.137558	4.892064	-1	135	chr7	62275360	62275678	ENSG00000233918	.	-	ENSG00000233918.1	1216361
chr7	61059117	61059639	peak_1178	938	.	489.703217	5.992500	-1	75	chr7	62275360	62275678	ENSG00000233918	.	-	ENSG00000233918.1	1215722
chr7	61059746	61060305	peak_1179	789	.	440.985718	10.012437	-1	504	chr7	62275360	62275678	ENSG00000233918	.	-	ENSG00000233918.1	1215056
chr7	61060410	61061524	peak_1180	576	.	641.117554	5.836737	-1	114	chr7	62275360	62275678	ENSG00000233918	.	-	ENSG00000233918.1	1213837
chr7	61062117	61062673	peak_1181	530	.	294.467834	6.414886	-1	85	chr7	62275360	62275678	ENSG00000233918	.	-	ENSG00000233918.1	1212688
chr7	61062787	61063357	peak_1182	727	.	414.126282	9.238552	-1	377	chr7	62275360	62275678	ENSG00000233918	.	-	ENSG00000233918.1	1212004
chr7	61064153	61064525	peak_1183	943	.	350.619598	5.836737	-1	267	chr7	62275360	62275678	ENSG00000233918	.	-	ENSG00000233918.1	1210836
chr7	61065688	61066319	peak_1184	713	.	449.600677	5.836737	-1	605	chr7	62275360	62275678	ENSG00000233918	.	-	ENSG00000233918.1	1209042
chr7	61066762	61067134	peak_1185	815	.	303.008545	5.496779	-1	258	chr7	62275360	62275678	ENSG00000233918	.	-	ENSG00000233918.1	1208227
chr7	61067361	61068314	peak_1186	800	.	762.664490	7.007426	-1	637	chr7	62275360	62275678	ENSG00000233918	.	-	ENSG00000233918.1	1207047
chr7	61068439	61069996	peak_1187	775	.	1207.199585	7.113194	-1	1161	chr7	62275360	62275678	ENSG00000233918	.	-	ENSG00000233918.1	1205365
chr7	61070158	61071789	peak_1188	1000	.	2008.772217	10.422315	-1	1022	chr7	62275360	62275678	ENSG00000233918	.	-	ENSG00000233918.1	1203572
chr7	61073022	61073078	peak_1189	1000	.	239.033615	7.767279	-1	31	chr7	62275360	62275678	ENSG00000233918	.	-	ENSG00000233918.1	1202283
chr7	61579841	61580068	peak_1190	1000	.	337.199036	7.215447	-1	116	chr7	62275360	62275678	ENSG00000233918	.	-	ENSG00000233918.1	695293
chr7	62295586	62296029	peak_1191	764	.	338.522583	4.395352	-1	104	chr7	62275360	62275678	ENSG00000233918	.	-	ENSG00000233918.1	19909
chr7	62296432	62297480	peak_1192	645	.	676.371399	6.140231	-1	335	chr7	62275360	62275678	ENSG00000233918	.	-	ENSG00000233918.1	20755
chr7	62297717	62298385	peak_1193	680	.	454.018524	7.931771	-1	442	chr7	62275360	62275678	ENSG00000233918	.	-	ENSG00000233918.1	22040
chr7	62298529	62298948	peak_1194	1000	.	529.302917	5.309801	-1	128	chr7	62275360	62275678	ENSG00000233918	.	-	ENSG00000233918.1	22852
chr7	62299193	62299261	peak_1195	1000	.	272.779572	8.380379	-1	34	chr7	62275360	62275678	ENSG00000233918	.	-	ENSG00000233918.1	23516
chr7	62299944	62300729	peak_1196	920	.	721.813965	7.215447	-1	114	chr7	62275360	62275678	ENSG00000233918	.	-	ENSG00000233918.1	24267
chr7	62300898	62301746	peak_1197	515	.	436.455017	4.395352	-1	334	chr7	62275360	62275678	ENSG00000233918	.	-	ENSG00000233918.1	25221
chr7	62302213	62303017	peak_1198	670	.	538.632874	4.892064	-1	616	chr7	62275360	62275678	ENSG00000233918	.	-	ENSG00000233918.1	26536
chr7	62303185	62303340	peak_1199	1000	.	389.575714	7.314430	-1	67	chr7	62275360	62275678	ENSG00000233918	.	-	ENSG00000233918.1	27508
chr7	62304432	62304843	peak_1200	760	.	312.432709	4.892064	-1	42	chr7	62275360	62275678	ENSG00000233918	.	-	ENSG00000233918.1	28755
chr7	62304992	62305362	peak_1201	862	.	318.974487	5.671912	-1	183	chr7	62275360	62275678	ENSG00000233918	.	-	ENSG00000233918.1	29315
chr7	62306010	62306318	peak_1202	1000	.	320.628662	7.007426	-1	190	chr7	62275360	62275678	ENSG00000233918	.	-	ENSG00000233918.1	30333
chr7	62306620	62308160	peak_1203	679	.	1045.922241	9.834352	-1	1295	chr7	62275360	62275678	ENSG00000233918	.	-	ENSG00000233918.1	30943
chr7	62308942	62309643	peak_1204	1000	.	1400.187622	12.987938	-1	462	chr7	62275360	62275678	ENSG00000233918	.	-	ENSG00000233918.1	33265
chr7	62311295	62311480	peak_1205	1000	.	238.093445	5.671912	-1	135	chr7	62275360	62275678	ENSG00000233918	.	-	ENSG00000233918.1	35618
chr7	62311618	62312483	peak_1206	1000	.	1298.083252	9.834352	-1	678	chr7	62275360	62275678	ENSG00000233918	.	-	ENSG00000233918.1	35941
chr7	62313764	62314426	peak_1207	759	.	502.289886	6.280785	-1	17	chr7	62275360	62275678	ENSG00000233918	.	-	ENSG00000233918.1	38087
chr7	62335276	62335852	peak_1208	1000	.	608.293945	7.850579	-1	35	chr7	62275360	62275678	ENSG00000233918	.	-	ENSG00000233918.1	59599
chr7	62336517	62337084	peak_1209	1000	.	830.562378	8.956428	-1	322	chr7	62275360	62275678	ENSG00000233918	.	-	ENSG00000233918.1	60840
chr7	62337222	62337778	peak_1210	1000	.	682.235901	7.314430	-1	104	chr7	62275360	62275678	ENSG00000233918	.	-	ENSG00000233918.1	61545
chr7	62338147	62338537	peak_1211	1000	.	525.433167	6.784213	-1	228	chr7	62275360	62275678	ENSG00000233918	.	-	ENSG00000233918.1	62470
chr7	62338638	62338734	peak_1212	1000	.	264.870331	7.410364	-1	74	chr7	62275360	62275678	ENSG00000233918	.	-	ENSG00000233918.1	62961
chr7	62338960	62339220	peak_1213	1000	.	300.814575	5.109050	-1	203	chr7	62275360	62275678	ENSG00000233918	.	-	ENSG00000233918.1	63283
chr7	62339350	62339974	peak_1214	997	.	621.827087	6.784213	-1	510	chr7	62275360	62275678	ENSG00000233918	.	-	ENSG00000233918.1	63673
chr7	62340094	62340712	peak_1215	630	.	389.172028	4.105179	-1	398	chr7	62275360	62275678	ENSG00000233918	.	-	ENSG00000233918.1	64417
chr7	62341725	62342340	peak_1216	661	.	406.384125	5.309801	-1	386	chr7	62275360	62275678	ENSG00000233918	.	-	ENSG00000233918.1	66048
chr7	62342685	62343718	peak_1217	1000	.	1038.158447	5.671912	-1	81	chr7	62275360	62275678	ENSG00000233918	.	-	ENSG00000233918.1	67008
chr7	62344649	62345101	peak_1218	850	.	384.043884	5.992500	-1	398	chr7	62275360	62275678	ENSG00000233918	.	-	ENSG00000233918.1	68972
chr7	62345215	62345671	peak_1219	895	.	408.303528	4.655616	-1	422	chr7	62275360	62275678	ENSG00000233918	.	-	ENSG00000233918.1	69538
chr7	62346489	62347360	peak_1220	652	.	567.710876	5.836737	-1	121	chr7	62275360	62275678	ENSG00000233918	.	-	ENSG00000233918.1	70812
chr7	62347473	62348033	peak_1221	1000	.	1528.027588	11.188648	-1	305	chr7	62275360	62275678	ENSG00000233918	.	-	ENSG00000233918.1	71796
chr7	62348137	62348323	peak_1222	1000	.	299.265625	7.410364	-1	96	chr7	62275360	62275678	ENSG00000233918	.	-	ENSG00000233918.1	72460
chr7	62349923	62350968	peak_1223	1000	.	2563.694336	12.968130	-1	723	chr7	62275360	62275678	ENSG00000233918	.	-	ENSG00000233918.1	74246
chr7	62351109	62351814	peak_1224	1000	.	743.663452	6.543151	-1	61	chr7	62275360	62275678	ENSG00000233918	.	-	ENSG00000233918.1	75432
chr7	62352667	62352848	peak_1225	1000	.	416.244141	8.309755	-1	113	chr7	62275360	62275678	ENSG00000233918	.	-	ENSG00000233918.1	76990
chr7	62353436	62353755	peak_1226	1000	.	422.096497	6.414886	-1	161	chr7	62275360	62275678	ENSG00000233918	.	-	ENSG00000233918.1	77759
chr7	62354060	62354787	peak_1227	1000	.	1146.732788	8.775187	-1	338	chr7	62275360	62275678	ENSG00000233918	.	-	ENSG00000233918.1	78383
chr7	62355112	62355449	peak_1228	1000	.	421.403748	7.410364	-1	131	chr7	62275360	62275678	ENSG00000233918	.	-	ENSG00000233918.1	79435
chr7	62355962	62356309	peak_1229	1000	.	541.553589	6.543151	-1	23	chr7	62275360	62275678	ENSG00000233918	.	-	ENSG00000233918.1	80285
chr7	62356554	62357024	peak_1230	1000	.	843.734558	7.593853	-1	276	chr7	62275360	62275678	ENSG00000233918	.	-	ENSG00000233918.1	80877
chr7	62357125	62357486	peak_1231	794	.	286.645935	4.395352	-1	278	chr7	62275360	62275678	ENSG00000233918	.	-	ENSG00000233918.1	81448
chr7	62357593	62358211	peak_1232	582	.	359.618164	5.109050	-1	292	chr7	62275360	62275678	ENSG00000233918	.	-	ENSG00000233918.1	81916
chr7	62358348	62358799	peak_1233	571	.	257.569977	5.109050	-1	308	chr7	62275360	62275678	ENSG00000233918	.	-	ENSG00000233918.1	82671
chr7	62401022	62401940	peak_1234	432	.	396.977264	4.395352	-1	238	chr7	62275360	62275678	ENSG00000233918	.	-	ENSG00000233918.1	125345
chr7	62402796	62403037	peak_1235	1000	.	555.983276	12.322577	-1	34	chr7	62275360	62275678	ENSG00000233918	.	-	ENSG00000233918.1	127119
chr7	62403178	62404206	peak_1236	798	.	820.807068	7.681748	-1	952	chr7	62275360	62275678	ENSG00000233918	.	-	ENSG00000233918.1	127501
chr7	62404631	62407289	peak_1237	799	.	2124.276611	7.410364	-1	564	chr7	62275360	62275678	ENSG00000233918	.	-	ENSG00000233918.1	128954
chr7	62407446	62407622	peak_1238	1000	.	241.225967	4.892064	-1	121	chr7	62275360	62275678	ENSG00000233918	.	-	ENSG00000233918.1	131769
chr7	62407741	62408570	peak_1239	989	.	819.774841	8.517250	-1	113	chr7	62275360	62275678	ENSG00000233918	.	-	ENSG00000233918.1	132064
chr7	62438823	62439215	peak_1240	1000	.	672.169556	8.956428	-1	293	chr7	62275360	62275678	ENSG00000233918	.	-	ENSG00000233918.1	163146
chr7	62439336	62439693	peak_1241	1000	.	727.475891	7.007426	-1	94	chr7	62275360	62275678	ENSG00000233918	.	-	ENSG00000233918.1	163659
chr7	62440066	62440732	peak_1242	895	.	596.256226	6.666107	-1	429	chr7	62275360	62275678	ENSG00000233918	.	-	ENSG00000233918.1	164389
chr7	62440873	62441459	peak_1243	722	.	423.363068	5.309801	-1	506	chr7	62275360	62275678	ENSG00000233918	.	-	ENSG00000233918.1	165196
chr7	62441957	62442667	peak_1244	1000	.	737.748230	8.775187	-1	577	chr7	62275360	62275678	ENSG00000233918	.	-	ENSG00000233918.1	166280
chr7	62442830	62443134	peak_1245	985	.	299.363983	6.414886	-1	271	chr7	62275360	62275678	ENSG00000233918	.	-	ENSG00000233918.1	167153
chr7	62444213	62444685	peak_1246	639	.	301.656128	4.892064	-1	161	chr7	62275360	62275678	ENSG00000233918	.	-	ENSG00000233918.1	168536
chr7	62445270	62446030	peak_1247	857	.	651.544739	5.836737	-1	333	chr7	62275360	62275678	ENSG00000233918	.	-	ENSG00000233918.1	169593
chr7	62446890	62447441	peak_1248	799	.	440.191620	8.775187	-1	131	chr7	62275360	62275678	ENSG00000233918	.	-	ENSG00000233918.1	171213
chr7	62449182	62449810	peak_1249	1000	.	631.068176	5.836737	-1	150	chr7	62275360	62275678	ENSG00000233918	.	-	ENSG00000233918.1	173505
chr7	62450124	62450511	peak_1250	823	.	318.694061	7.681748	-1	69	chr7	62275360	62275678	ENSG00000233918	.	-	ENSG00000233918.1	174447
chr7	62451183	62451249	peak_1251	1000	.	581.057617	13.575168	-1	33	chr7	62275360	62275678	ENSG00000233918	.	-	ENSG00000233918.1	175506
chr7	62451830	62452048	peak_1252	1000	.	515.966309	9.238552	-1	119	chr7	62275360	62275678	ENSG00000233918	.	-	ENSG00000233918.1	176153
chr7	62452189	62452375	peak_1253	1000	.	473.510284	10.263924	-1	45	chr7	62275360	62275678	ENSG00000233918	.	-	ENSG00000233918.1	176512
chr7	62452702	62452765	peak_1254	1000	.	379.152771	10.647649	-1	34	chr7	62275360	62275678	ENSG00000233918	.	-	ENSG00000233918.1	177025
chr7	62452868	62453334	peak_1255	998	.	465.257782	7.767279	-1	178	chr7	62275360	62275678	ENSG00000233918	.	-	ENSG00000233918.1	177191
chr7	62453695	62453943	peak_1256	957	.	237.393066	6.543151	-1	193	chr7	62275360	62275678	ENSG00000233918	.	-	ENSG00000233918.1	178018
chr7	62454586	62455059	peak_1257	1000	.	810.799011	9.879719	-1	179	chr7	62275360	62275678	ENSG00000233918	.	-	ENSG00000233918.1	178909
chr7	62455698	62456762	peak_1258	906	.	963.680664	7.215447	-1	1045	chr7	62275360	62275678	ENSG00000233918	.	-	ENSG00000233918.1	180021
chr7	65488830	65489645	peak_1259	1000	.	1187.413818	9.788397	-1	300	chr7	65494800	65509170	ENSG00000295782	.	-	ENSG00000295782.1	5156
chr7	65489756	65489866	peak_1260	1000	.	224.338242	5.309801	-1	29	chr7	65494800	65509170	ENSG00000295782	.	-	ENSG00000295782.1	4935
chr7	65489974	65490144	peak_1261	1000	.	367.979004	6.140231	-1	50	chr7	65494800	65509170	ENSG00000295782	.	-	ENSG00000295782.1	4657
chr7	65490487	65490791	peak_1262	1000	.	434.959625	5.496779	-1	69	chr7	65494800	65509170	ENSG00000295782	.	-	ENSG00000295782.1	4010
chr7	73520520	73521060	peak_1263	515	.	278.078918	4.395352	-1	378	chr7	73440405	73522293	BAZ1B	.	-	ENSG00000009954.12	0
chr7	92531590	92532017	peak_1264	604	.	258.110138	4.395352	-1	144	chr7	92528769	92540481	RBM48	.	+	ENSG00000127993.17	0
chr7	92550205	92550821	peak_1265	333	.	205.045013	3.394254	-1	197	chr7	92534367	92557981	ENSG00000300498	.	-	ENSG00000300498.1	0
chr7	92550205	92550821	peak_1265	333	.	205.045013	3.394254	-1	197	chr7	92540267	92557877	ENSG00000278819	.	-	ENSG00000278819.1	0
chr7	92557366	92558202	peak_1266	507	.	423.475189	4.655616	-1	694	chr7	92534367	92557981	ENSG00000300498	.	-	ENSG00000300498.1	0
chr7	92557366	92558202	peak_1266	507	.	423.475189	4.655616	-1	694	chr7	92540267	92557877	ENSG00000278819	.	-	ENSG00000278819.1	0
chr7	92584299	92584868	peak_1267	639	.	363.428986	4.395352	-1	535	chr7	92560653	92590417	FAM133B	.	-	ENSG00000234545.10	0
chr7	92584993	92585522	peak_1268	878	.	464.348206	5.109050	-1	148	chr7	92560653	92590417	FAM133B	.	-	ENSG00000234545.10	0
chr7	92588141	92588622	peak_1269	712	.	342.343750	4.395352	-1	105	chr7	92560653	92590417	FAM133B	.	-	ENSG00000234545.10	0
chr7	92589683	92589900	peak_1270	964	.	209.102646	4.655616	-1	85	chr7	92560653	92590417	FAM133B	.	-	ENSG00000234545.10	0
chr7	92592383	92592845	peak_1271	436	.	201.452087	4.395352	-1	137	chr7	92560653	92590417	FAM133B	.	-	ENSG00000234545.10	1967
chr7	92602984	92603532	peak_1272	450	.	246.608459	4.105179	-1	89	chr7	92604920	92837004	CDK6	.	-	ENSG00000105810.12	1389
chr7	92605604	92606205	peak_1273	590	.	354.785583	4.395352	-1	574	chr7	92604920	92837004	CDK6	.	-	ENSG00000105810.12	0
chr7	92607676	92608273	peak_1274	367	.	219.259872	3.776148	-1	544	chr7	92604920	92837004	CDK6	.	-	ENSG00000105810.12	0
chr7	92608594	92609073	peak_1275	513	.	245.767578	4.395352	-1	17	chr7	92604920	92837004	CDK6	.	-	ENSG00000105810.12	0
chr7	92611847	92612567	peak_1276	602	.	433.195526	4.395352	-1	688	chr7	92604920	92837004	CDK6	.	-	ENSG00000105810.12	0
chr7	92613196	92614166	peak_1277	382	.	370.061127	4.105179	-1	944	chr7	92604920	92837004	CDK6	.	-	ENSG00000105810.12	0
chr7	92614488	92615061	peak_1278	407	.	233.046753	3.776148	-1	319	chr7	92604920	92837004	CDK6	.	-	ENSG00000105810.12	0
chr7	92615514	92616087	peak_1279	519	.	297.528351	4.395352	-1	183	chr7	92604920	92837004	CDK6	.	-	ENSG00000105810.12	0
chr7	92616191	92616885	peak_1280	306	.	212.128098	4.395352	-1	397	chr7	92604920	92837004	CDK6	.	-	ENSG00000105810.12	0
chr7	92621885	92622533	peak_1281	671	.	434.897858	5.671912	-1	537	chr7	92604920	92837004	CDK6	.	-	ENSG00000105810.12	0
chr7	92622979	92624356	peak_1282	477	.	656.714783	4.395352	-1	26	chr7	92604920	92837004	CDK6	.	-	ENSG00000105810.12	0
chr7	92627376	92627889	peak_1283	421	.	216.085907	3.394254	-1	327	chr7	92604920	92837004	CDK6	.	-	ENSG00000105810.12	0
chr7	92630834	92632053	peak_1284	502	.	611.731873	5.109050	-1	921	chr7	92604920	92837004	CDK6	.	-	ENSG00000105810.12	0
chr7	92638211	92638591	peak_1285	644	.	244.666092	4.105179	-1	322	chr7	92604920	92837004	CDK6	.	-	ENSG00000105810.12	0
chr7	92638211	92638591	peak_1285	644	.	244.666092	4.105179	-1	322	chr7	92638197	92642318	ENSG00000287932	.	-	ENSG00000287932.2	0
chr7	92639190	92639638	peak_1286	651	.	291.552887	4.105179	-1	430	chr7	92604920	92837004	CDK6	.	-	ENSG00000105810.12	0
chr7	92639190	92639638	peak_1286	651	.	291.552887	4.105179	-1	430	chr7	92638197	92642318	ENSG00000287932	.	-	ENSG00000287932.2	0
chr7	92639804	92640471	peak_1287	451	.	301.147827	4.395352	-1	662	chr7	92604920	92837004	CDK6	.	-	ENSG00000105810.12	0
chr7	92639804	92640471	peak_1287	451	.	301.147827	4.395352	-1	662	chr7	92638197	92642318	ENSG00000287932	.	-	ENSG00000287932.2	0
chr7	92641477	92643351	peak_1288	447	.	838.166443	5.309801	-1	1015	chr7	92604920	92837004	CDK6	.	-	ENSG00000105810.12	0
chr7	92641477	92643351	peak_1288	447	.	838.166443	5.309801	-1	1015	chr7	92638197	92642318	ENSG00000287932	.	-	ENSG00000287932.2	0
chr7	92641477	92643351	peak_1288	447	.	838.166443	5.309801	-1	1015	chr7	92642462	92667083	ENSG00000286742	.	+	ENSG00000286742.2	0
chr7	92645437	92646358	peak_1289	433	.	398.749542	4.395352	-1	262	chr7	92604920	92837004	CDK6	.	-	ENSG00000105810.12	0
chr7	92645437	92646358	peak_1289	433	.	398.749542	4.395352	-1	262	chr7	92642462	92667083	ENSG00000286742	.	+	ENSG00000286742.2	0
chr7	92645437	92646358	peak_1289	433	.	398.749542	4.395352	-1	262	chr7	92643611	92645523	ENSG00000294101	.	-	ENSG00000294101.1	0
chr7	92646596	92647692	peak_1290	436	.	478.131805	4.395352	-1	522	chr7	92604920	92837004	CDK6	.	-	ENSG00000105810.12	0
chr7	92646596	92647692	peak_1290	436	.	478.131805	4.395352	-1	522	chr7	92642462	92667083	ENSG00000286742	.	+	ENSG00000286742.2	0
chr7	92648262	92648660	peak_1291	733	.	291.784729	4.655616	-1	122	chr7	92604920	92837004	CDK6	.	-	ENSG00000105810.12	0
chr7	92648262	92648660	peak_1291	733	.	291.784729	4.655616	-1	122	chr7	92642462	92667083	ENSG00000286742	.	+	ENSG00000286742.2	0
chr7	92649353	92650245	peak_1292	351	.	313.068817	4.655616	-1	186	chr7	92604920	92837004	CDK6	.	-	ENSG00000105810.12	0
chr7	92649353	92650245	peak_1292	351	.	313.068817	4.655616	-1	186	chr7	92642462	92667083	ENSG00000286742	.	+	ENSG00000286742.2	0
chr7	92652926	92653512	peak_1293	517	.	302.888824	4.395352	-1	532	chr7	92604920	92837004	CDK6	.	-	ENSG00000105810.12	0
chr7	92652926	92653512	peak_1293	517	.	302.888824	4.395352	-1	532	chr7	92642462	92667083	ENSG00000286742	.	+	ENSG00000286742.2	0
chr7	92654706	92655507	peak_1294	448	.	358.570679	5.109050	-1	256	chr7	92604920	92837004	CDK6	.	-	ENSG00000105810.12	0
chr7	92654706	92655507	peak_1294	448	.	358.570679	5.109050	-1	256	chr7	92642462	92667083	ENSG00000286742	.	+	ENSG00000286742.2	0
chr7	92659664	92660267	peak_1295	460	.	277.329651	4.105179	-1	488	chr7	92604920	92837004	CDK6	.	-	ENSG00000105810.12	0
chr7	92659664	92660267	peak_1295	460	.	277.329651	4.105179	-1	488	chr7	92642462	92667083	ENSG00000286742	.	+	ENSG00000286742.2	0
chr7	92661486	92662250	peak_1296	406	.	310.399689	3.776148	-1	592	chr7	92604920	92837004	CDK6	.	-	ENSG00000105810.12	0
chr7	92661486	92662250	peak_1296	406	.	310.399689	3.776148	-1	592	chr7	92642462	92667083	ENSG00000286742	.	+	ENSG00000286742.2	0
chr7	92662672	92663207	peak_1297	376	.	200.934296	3.776148	-1	182	chr7	92604920	92837004	CDK6	.	-	ENSG00000105810.12	0
chr7	92662672	92663207	peak_1297	376	.	200.934296	3.776148	-1	182	chr7	92642462	92667083	ENSG00000286742	.	+	ENSG00000286742.2	0
chr7	92665525	92666192	peak_1298	432	.	288.252228	3.776148	-1	644	chr7	92604920	92837004	CDK6	.	-	ENSG00000105810.12	0
chr7	92665525	92666192	peak_1298	432	.	288.252228	3.776148	-1	644	chr7	92642462	92667083	ENSG00000286742	.	+	ENSG00000286742.2	0
chr7	92674274	92674952	peak_1299	313	.	212.480286	3.394254	-1	232	chr7	92604920	92837004	CDK6	.	-	ENSG00000105810.12	0
chr7	92681505	92681780	peak_1300	885	.	243.275223	4.105179	-1	144	chr7	92604920	92837004	CDK6	.	-	ENSG00000105810.12	0
chr7	92681894	92682637	peak_1301	486	.	361.114655	4.105179	-1	364	chr7	92604920	92837004	CDK6	.	-	ENSG00000105810.12	0
chr7	92683112	92684093	peak_1302	356	.	349.489380	4.105179	-1	418	chr7	92604920	92837004	CDK6	.	-	ENSG00000105810.12	0
chr7	92684654	92685153	peak_1303	600	.	299.298920	4.105179	-1	391	chr7	92604920	92837004	CDK6	.	-	ENSG00000105810.12	0
chr7	92686822	92687534	peak_1304	302	.	215.206238	3.394254	-1	21	chr7	92604920	92837004	CDK6	.	-	ENSG00000105810.12	0
chr7	92717671	92718196	peak_1305	794	.	416.905151	5.109050	-1	253	chr7	92604920	92837004	CDK6	.	-	ENSG00000105810.12	0
chr7	92773760	92774309	peak_1306	624	.	342.482849	4.892064	-1	377	chr7	92604920	92837004	CDK6	.	-	ENSG00000105810.12	0
chr7	92815509	92816222	peak_1307	424	.	302.543243	4.105179	-1	622	chr7	92604920	92837004	CDK6	.	-	ENSG00000105810.12	0
chr7	100957642	100958909	peak_1308	994	.	1259.537598	5.671912	-1	23	chr7	100949413	100968348	MUC3A	.	+	ENSG00000169894.20	0
chr7	103380811	103381237	peak_1309	535	.	227.861664	3.776148	-1	198	chr7	103352729	103446212	SLC26A5	.	-	ENSG00000170615.17	0
chr7	105687654	105688121	peak_1310	476	.	222.084610	4.655616	-1	386	chr7	105604771	105877400	ATXN7L1	.	-	ENSG00000146776.16	0
chr7	106101424	106101584	peak_1311	1000	.	238.170715	7.593853	-1	25	chr7	106086671	106112618	SYPL1	.	-	ENSG00000008282.12	0
chr7	127714760	127715423	peak_1312	308	.	204.316696	3.776148	-1	112	chr7	127652122	128092609	SND1	.	+	ENSG00000197157.13	0
chr7	133655834	133656283	peak_1313	470	.	211.123398	4.395352	-1	350	chr7	133253053	134067137	EXOC4	.	+	ENSG00000131558.18	0
chr7	138752981	138753471	peak_1314	419	.	205.209167	3.776148	-1	183	chr7	138706288	138799672	ATP6V0A4	.	-	ENSG00000105929.18	0
chr7	139340450	139341064	peak_1315	1000	.	1331.786499	6.414886	-1	246	chr7	139339456	139347031	FMC1	.	+	ENSG00000164898.14	0
chr7	139340450	139341064	peak_1315	1000	.	1331.786499	6.414886	-1	246	chr7	139340358	139425496	LUC7L2	.	+	ENSG00000146963.20	0
chr7	145997335	145997426	peak_1316	1000	.	410.441589	8.775187	-1	35	chr7	146050061	146050366	ENSG00000280144	.	+	ENSG00000280144.1	52636
chr7	148962993	148963607	peak_1317	407	.	249.944092	3.776148	-1	148	chr7	148963314	148963410	RNY4	.	+	ENSG00000252316.1	0
chr7	148987019	148987515	peak_1318	917	.	454.936035	4.395352	-1	274	chr7	148987135	148987248	RNY1	.	-	ENSG00000201098.1	0
chr7	149309983	149310653	peak_1319	506	.	339.325073	4.892064	-1	220	chr7	149321864	149322092	ENSG00000231397	.	-	ENSG00000231397.1	11212
chr7	150003523	150003949	peak_1320	646	.	275.220795	4.105179	-1	79	chr7	149887087	150047699	ENSG00000303938	.	-	ENSG00000303938.1	0
chr7	150003523	150003949	peak_1320	646	.	275.220795	4.105179	-1	79	chr7	150000751	150005124	ENSG00000260555	.	+	ENSG00000260555.1	0
chr7	150666426	150667091	peak_1321	313	.	208.465683	3.776148	-1	32	chr7	150676832	150677918	ENSG00000270990	.	-	ENSG00000270990.1	9742
chr7	150909521	150910130	peak_1322	766	.	466.740784	4.655616	-1	499	chr7	150825328	150901639	ENSG00000289052	.	-	ENSG00000289052.2	7883
chr7	150910357	150910706	peak_1323	928	.	323.816254	4.655616	-1	95	chr7	150825328	150901639	ENSG00000289052	.	-	ENSG00000289052.2	8719
chr7	151231769	151232357	peak_1324	393	.	231.120880	4.105179	-1	497	chr7	151232482	151240979	CHPF2	.	+	ENSG00000033100.18	126
chr7	152014646	152015028	peak_1325	641	.	244.852341	4.655616	-1	238	chr7	151956378	152019929	GALNTL5	.	+	ENSG00000106648.15	0
chr7	155208560	155209118	peak_1326	557	.	310.629333	4.395352	-1	173	chr7	155203390	155243440	ENSG00000228521	.	+	ENSG00000228521.3	0
chr7	155296197	155296954	peak_1327	271	.	205.205841	3.776148	-1	102	chr7	155287429	155299042	INSIG1-DT	.	-	ENSG00000273117.2	0
chr7	155296197	155296954	peak_1327	271	.	205.205841	3.776148	-1	102	chr7	155296730	155311963	INSIG1	.	+	ENSG00000186480.15	0
chr7	155299321	155299705	peak_1328	569	.	218.370667	4.105179	-1	206	chr7	155296730	155311963	INSIG1	.	+	ENSG00000186480.15	0
chr7	155335273	155335659	peak_1329	1000	.	438.457336	5.109050	-1	352	chr7	155312375	155349670	ENSG00000308970	.	-	ENSG00000308970.1	0
chr7	157298965	157299910	peak_1330	635	.	599.699036	4.892064	-1	480	chr7	157297075	157300389	ENSG00000295124	.	-	ENSG00000295124.1	0
chr7	157656757	157657493	peak_1331	413	.	304.276917	4.655616	-1	276	chr7	157539055	158587841	PTPRN2	.	-	ENSG00000155093.21	0
chr7	158146924	158149224	peak_1332	1000	.	2656.881592	5.496779	-1	2118	chr7	157539055	158587841	PTPRN2	.	-	ENSG00000155093.21	0
chr7	158595126	158595294	peak_1333	1000	.	346.119263	9.448680	-1	139	chr7	158591615	158591696	MIR5707	.	+	ENSG00000265598.1	3431
chr7	158638690	158639045	peak_1334	623	.	221.070953	4.105179	-1	113	chr7	158625610	158704865	NCAPG2	.	-	ENSG00000146918.22	0
chr7	158648807	158648927	peak_1335	1000	.	230.245697	6.666107	-1	30	chr7	158625610	158704865	NCAPG2	.	-	ENSG00000146918.22	0
chr7	158915245	158915821	peak_1336	606	.	349.123444	4.395352	-1	404	chr7	158856545	158956747	DYNC2I1	.	+	ENSG00000126870.18	0
chr7	159203337	159203719	peak_1337	634	.	242.191681	4.655616	-1	215	chr7	159175753	159182627	ENSG00000294413	.	+	ENSG00000294413.1	20711
chr7	159335876	159335950	peak_1338	1000	.	249.391129	7.503445	-1	43	chr7	159231434	159233377	PIP5K1P2	.	+	ENSG00000229435.2	102500
chr8	22973760	22974284	peak_1339	416	.	218.098480	4.395352	-1	416	chr8	22710101	23000000	PEBP4	.	-	ENSG00000134020.10	0
chr8	22973760	22974284	peak_1339	416	.	218.098480	4.395352	-1	416	chr8	22953618	22990602	ENSG00000297078	.	-	ENSG00000297078.1	0
chr8	32143948	32144553	peak_1340	404	.	244.509979	3.776148	-1	263	chr8	31639221	32855666	NRG1	.	+	ENSG00000157168.23	0
chr8	38918287	38918683	peak_1341	680	.	269.293732	4.892064	-1	241	chr8	38901023	38973912	PLEKHA2	.	+	ENSG00000169499.17	0
chr8	43237603	43238378	peak_1342	1000	.	1155.579346	7.215447	-1	164	chr8	43246754	43246935	ENSG00000253884	.	-	ENSG00000253884.1	8377
chr8	43238529	43238889	peak_1343	1000	.	445.999329	5.992500	-1	185	chr8	43246754	43246935	ENSG00000253884	.	-	ENSG00000253884.1	7866
chr8	43239382	43240408	peak_1344	1000	.	1567.294678	7.410364	-1	274	chr8	43246754	43246935	ENSG00000253884	.	-	ENSG00000253884.1	6347
chr8	43240740	43241068	peak_1345	1000	.	747.463989	10.961621	-1	82	chr8	43246754	43246935	ENSG00000253884	.	-	ENSG00000253884.1	5687
chr8	43241241	43242380	peak_1346	1000	.	1163.832275	6.543151	-1	192	chr8	43246754	43246935	ENSG00000253884	.	-	ENSG00000253884.1	4375
chr8	50524970	50525362	peak_1347	513	.	201.114502	3.776148	-1	129	chr8	49909788	50796692	SNTG1	.	+	ENSG00000147481.18	0
chr8	58035751	58036133	peak_1348	529	.	202.214386	4.105179	-1	201	chr8	57993955	58204279	FAM110B	.	+	ENSG00000169122.14	0
chr8	63270513	63271079	peak_1349	377	.	213.144775	3.776148	-1	18	chr8	63234633	63234911	RN7SL135P	.	-	ENSG00000241964.3	35603
chr8	65930645	65931137	peak_1350	509	.	250.493805	4.105179	-1	320	chr8	65950407	65951672	ENSG00000305930	.	-	ENSG00000305930.1	19271
chr8	65950495	65951086	peak_1351	342	.	202.115295	3.776148	-1	103	chr8	65950407	65951672	ENSG00000305930	.	-	ENSG00000305930.1	0
chr8	66112780	66113748	peak_1352	1000	.	1518.040771	6.140231	-1	642	chr8	66112235	66114226	ENSG00000298117	.	-	ENSG00000298117.1	0
chr8	66112780	66113748	peak_1352	1000	.	1518.040771	6.140231	-1	642	chr8	66112666	66126632	ENSG00000253190	.	+	ENSG00000253190.5	0
chr8	66113948	66114450	peak_1353	1000	.	713.457764	4.655616	-1	436	chr8	66112235	66114226	ENSG00000298117	.	-	ENSG00000298117.1	0
chr8	66113948	66114450	peak_1353	1000	.	713.457764	4.655616	-1	436	chr8	66112666	66126632	ENSG00000253190	.	+	ENSG00000253190.5	0
chr8	67585458	67585724	peak_1354	1000	.	308.244385	6.897870	-1	26	chr8	67421105	67746378	CPA6	.	-	ENSG00000165078.15	0
chr8	69689765	69690372	peak_1355	1000	.	704.015198	7.007426	-1	447	chr8	69667040	69835064	SLCO5A1	.	-	ENSG00000137571.13	0
chr8	74537689	74537768	peak_1356	1000	.	241.509964	7.503445	-1	52	chr8	74548542	74548617	MIR5681A	.	+	ENSG00000266502.1	10775
chr8	85645030	85645770	peak_1357	435	.	321.661987	3.776148	-1	491	chr8	85642776	85646325	REXO1L8P	.	-	ENSG00000270971.2	0
chr8	85646112	85647235	peak_1358	342	.	384.486816	4.105179	-1	113	chr8	85642776	85646325	REXO1L8P	.	-	ENSG00000270971.2	0
chr8	85648818	85649110	peak_1359	722	.	210.915466	3.776148	-1	86	chr8	85642776	85646325	REXO1L8P	.	-	ENSG00000270971.2	2494
chr8	85649248	85650431	peak_1360	484	.	572.471069	4.105179	-1	975	chr8	85642776	85646325	REXO1L8P	.	-	ENSG00000270971.2	2924
chr8	85650586	85653538	peak_1361	496	.	1464.643433	5.109050	-1	1232	chr8	85654683	85658514	REXO1L3P	.	-	ENSG00000273567.1	1146
chr8	85653690	85654305	peak_1362	390	.	239.906830	4.105179	-1	142	chr8	85654683	85658514	REXO1L3P	.	-	ENSG00000273567.1	379
chr8	85657037	85658235	peak_1363	623	.	745.761353	4.892064	-1	669	chr8	85654683	85658514	REXO1L3P	.	-	ENSG00000273567.1	0
chr8	85657037	85658235	peak_1363	623	.	745.761353	4.892064	-1	669	chr8	85656441	85663039	ENSG00000293000	.	-	ENSG00000293000.1	0
chr8	85659036	85660222	peak_1364	381	.	451.274292	3.776148	-1	1063	chr8	85656441	85663039	ENSG00000293000	.	-	ENSG00000293000.1	0
chr8	85660327	85661002	peak_1365	379	.	255.601273	4.105179	-1	426	chr8	85656441	85663039	ENSG00000293000	.	-	ENSG00000293000.1	0
chr8	85663592	85664139	peak_1366	404	.	220.829422	4.395352	-1	330	chr8	85661523	85663497	REXO1L1P	.	-	ENSG00000205176.4	96
chr8	85714295	85714800	peak_1367	768	.	387.826202	4.105179	-1	301	chr8	85714921	85715833	REXO1L12P	.	+	ENSG00000276006.1	122
chr8	85714910	85715897	peak_1368	450	.	444.357758	4.105179	-1	554	chr8	85714921	85715833	REXO1L12P	.	+	ENSG00000276006.1	0
chr8	85716027	85719943	peak_1369	563	.	2206.389160	5.109050	-1	2688	chr8	85714921	85715833	REXO1L12P	.	+	ENSG00000276006.1	195
chr8	85720044	85721421	peak_1370	665	.	915.931396	4.395352	-1	737	chr8	85714921	85715833	REXO1L12P	.	+	ENSG00000276006.1	4212
chr8	85721539	85722061	peak_1371	500	.	261.062744	4.395352	-1	320	chr8	85714921	85715833	REXO1L12P	.	+	ENSG00000276006.1	5707
chr8	85722957	85724042	peak_1372	626	.	679.585510	4.395352	-1	163	chr8	85714921	85715833	REXO1L12P	.	+	ENSG00000276006.1	7125
chr8	85724486	85725122	peak_1373	515	.	327.261353	4.105179	-1	77	chr8	85733418	85737278	REXO1L11P	.	+	ENSG00000275928.2	8297
chr8	85726097	85728321	peak_1374	460	.	1022.057251	4.395352	-1	1958	chr8	85733418	85737278	REXO1L11P	.	+	ENSG00000275928.2	5098
chr8	85729406	85730626	peak_1375	547	.	667.322998	4.105179	-1	638	chr8	85733418	85737278	REXO1L11P	.	+	ENSG00000275928.2	2793
chr8	85730730	85731367	peak_1376	537	.	342.055084	4.105179	-1	406	chr8	85733418	85737278	REXO1L11P	.	+	ENSG00000275928.2	2052
chr8	85732045	85732652	peak_1377	347	.	210.621262	3.776148	-1	528	chr8	85733418	85737278	REXO1L11P	.	+	ENSG00000275928.2	767
chr8	85732755	85733687	peak_1378	378	.	352.569427	4.105179	-1	772	chr8	85733418	85737278	REXO1L11P	.	+	ENSG00000275928.2	0
chr8	85734137	85737295	peak_1379	570	.	1798.856079	5.309801	-1	343	chr8	85733418	85737278	REXO1L11P	.	+	ENSG00000275928.2	0
chr8	85737410	85738399	peak_1380	533	.	527.444031	4.655616	-1	587	chr8	85733418	85737278	REXO1L11P	.	+	ENSG00000275928.2	133
chr8	85738527	85739511	peak_1381	465	.	457.660919	4.892064	-1	954	chr8	85733418	85737278	REXO1L11P	.	+	ENSG00000275928.2	1250
chr8	85739722	85740573	peak_1382	569	.	484.314819	4.655616	-1	462	chr8	85733418	85737278	REXO1L11P	.	+	ENSG00000275928.2	2445
chr8	85740706	85743292	peak_1383	717	.	1853.067749	5.109050	-1	1545	chr8	85744542	85748373	REXO1L10P	.	-	ENSG00000276540.1	1251
chr8	85746166	85747701	peak_1384	313	.	480.584564	4.105179	-1	1176	chr8	85744542	85748373	REXO1L10P	.	-	ENSG00000276540.1	0
chr8	85754744	85755876	peak_1385	320	.	362.142487	3.394254	-1	610	chr8	85744542	85748373	REXO1L10P	.	-	ENSG00000276540.1	6372
chr8	85757718	85758571	peak_1386	624	.	532.661560	4.105179	-1	34	chr8	85762908	85766931	REXO1L9P	.	-	ENSG00000271381.2	4338
chr8	85758874	85759755	peak_1387	524	.	462.013947	4.655616	-1	181	chr8	85762908	85766931	REXO1L9P	.	-	ENSG00000271381.2	3154
chr8	85761848	85762412	peak_1388	437	.	246.706665	3.394254	-1	192	chr8	85762908	85766931	REXO1L9P	.	-	ENSG00000271381.2	497
chr8	85764394	85765041	peak_1389	385	.	249.034271	4.105179	-1	325	chr8	85762908	85766931	REXO1L9P	.	-	ENSG00000271381.2	0
chr8	85765239	85766473	peak_1390	428	.	528.312561	4.105179	-1	1117	chr8	85762908	85766931	REXO1L9P	.	-	ENSG00000271381.2	0
chr8	85768767	85772641	peak_1391	499	.	1931.359619	4.655616	-1	2482	chr8	85762908	85766931	REXO1L9P	.	-	ENSG00000271381.2	1837
chr8	85774082	85774691	peak_1392	626	.	381.070587	5.109050	-1	252	chr8	85775105	85779090	REXO1L2P	.	-	ENSG00000276998.1	415
chr8	85776816	85777422	peak_1393	348	.	210.863998	3.394254	-1	495	chr8	85775105	85779090	REXO1L2P	.	-	ENSG00000276998.1	0
chr8	85777608	85778116	peak_1394	707	.	359.135620	4.655616	-1	478	chr8	85775105	85779090	REXO1L2P	.	-	ENSG00000276998.1	0
chr8	85784358	85784867	peak_1395	604	.	307.393158	4.655616	-1	225	chr8	85775105	85779090	REXO1L2P	.	-	ENSG00000276998.1	5269
chr8	85785163	85785654	peak_1396	491	.	241.008377	3.776148	-1	323	chr8	85790381	85794399	ENSG00000274343	.	-	ENSG00000274343.1	4728
chr8	85785779	85787051	peak_1397	684	.	870.615723	4.655616	-1	1041	chr8	85790381	85794399	ENSG00000274343	.	-	ENSG00000274343.1	3331
chr8	85792956	85793319	peak_1398	678	.	246.073074	4.105179	-1	127	chr8	85790381	85794399	ENSG00000274343	.	-	ENSG00000274343.1	0
chr8	85793501	85793877	peak_1399	537	.	202.026794	4.395352	-1	161	chr8	85790381	85794399	ENSG00000274343	.	-	ENSG00000274343.1	0
chr8	85794000	85794733	peak_1400	401	.	294.122681	4.395352	-1	48	chr8	85790381	85794399	ENSG00000274343	.	-	ENSG00000274343.1	0
chr8	85794841	85795742	peak_1401	417	.	376.106110	4.655616	-1	557	chr8	85790381	85794399	ENSG00000274343	.	-	ENSG00000274343.1	443
chr8	85796890	85797299	peak_1402	511	.	208.805542	3.776148	-1	23	chr8	85790381	85794399	ENSG00000274343	.	-	ENSG00000274343.1	2492
chr8	85797431	85798104	peak_1403	527	.	354.707855	4.395352	-1	118	chr8	85790381	85794399	ENSG00000274343	.	-	ENSG00000274343.1	3033
chr8	85798601	85799044	peak_1404	674	.	298.473846	4.655616	-1	166	chr8	85802573	85806435	REXO1L4P	.	-	ENSG00000270416.2	3530
chr8	85799641	85800786	peak_1405	507	.	580.183350	4.105179	-1	106	chr8	85802573	85806435	REXO1L4P	.	-	ENSG00000270416.2	1788
chr8	85804428	85805265	peak_1406	287	.	240.620682	3.776148	-1	423	chr8	85802573	85806435	REXO1L4P	.	-	ENSG00000270416.2	0
chr8	85805399	85805890	peak_1407	618	.	303.230621	4.105179	-1	137	chr8	85802573	85806435	REXO1L4P	.	-	ENSG00000270416.2	0
chr8	85808486	85812301	peak_1408	483	.	1843.291626	4.892064	-1	1524	chr8	85802573	85806435	REXO1L4P	.	-	ENSG00000270416.2	2052
chr8	85812614	85813298	peak_1409	483	.	330.556549	5.109050	-1	352	chr8	85814766	85818783	REXO1L5P	.	-	ENSG00000277436.1	1469
chr8	85817130	85817889	peak_1410	456	.	346.368408	4.105179	-1	367	chr8	85814766	85818783	REXO1L5P	.	-	ENSG00000277436.1	0
chr8	85819215	85820048	peak_1411	293	.	244.098526	3.394254	-1	548	chr8	85814766	85818783	REXO1L5P	.	-	ENSG00000277436.1	433
chr8	85820903	85821346	peak_1412	602	.	266.675262	4.395352	-1	365	chr8	85814766	85818783	REXO1L5P	.	-	ENSG00000277436.1	2121
chr8	85821968	85822365	peak_1413	529	.	210.179535	4.105179	-1	307	chr8	85814766	85818783	REXO1L5P	.	-	ENSG00000277436.1	3186
chr8	85822962	85823912	peak_1414	495	.	470.072479	4.105179	-1	375	chr8	85826257	85951088	ENSG00000253154	.	+	ENSG00000253154.5	2346
chr8	85824221	85825444	peak_1415	364	.	444.819794	4.655616	-1	32	chr8	85826257	85951088	ENSG00000253154	.	+	ENSG00000253154.5	814
chr8	85825874	85826535	peak_1416	337	.	222.558105	4.105179	-1	149	chr8	85826257	85951088	ENSG00000253154	.	+	ENSG00000253154.5	0
chr8	95269387	95270009	peak_1417	1000	.	1103.081299	5.496779	-1	99	chr8	95204455	95811254	CFAP418-AS1	.	+	ENSG00000253773.7	0
chr8	95269387	95270009	peak_1417	1000	.	1103.081299	5.496779	-1	99	chr8	95243175	95269430	CFAP418	.	-	ENSG00000156172.8	0
chr8	101406119	101406424	peak_1418	672	.	204.836685	4.395352	-1	57	chr8	101410250	101435770	ENSG00000300803	.	+	ENSG00000300803.1	3827
chr8	123156772	123157655	peak_1419	1000	.	1651.172119	6.666107	-1	648	chr8	123157719	123165174	ENSG00000287657	.	+	ENSG00000287657.2	65
chr8	128000629	128001052	peak_1420	633	.	267.654144	4.395352	-1	261	chr8	127794512	128188202	PVT1	.	+	ENSG00000249859.15	0
chr8	129078918	129079654	peak_1421	422	.	310.693970	3.776148	-1	496	chr8	128634198	129723023	CCDC26	.	-	ENSG00000229140.13	0
chr8	129078918	129079654	peak_1421	422	.	310.693970	3.776148	-1	496	chr8	129077864	129104298	ENSG00000306992	.	+	ENSG00000306992.1	0
chr8	130069294	130069809	peak_1422	457	.	235.446747	4.105179	-1	24	chr8	130052103	130444082	ASAP1	.	-	ENSG00000153317.17	0
chr8	130069294	130069809	peak_1422	457	.	235.446747	4.105179	-1	24	chr8	130069540	130069652	RNU6-1255P	.	-	ENSG00000200304.1	0
chr8	133062805	133063223	peak_1423	625	.	261.260437	4.395352	-1	133	chr8	132866952	133134903	TG	.	+	ENSG00000042832.13	0
chr8	133062805	133063223	peak_1423	625	.	261.260437	4.395352	-1	133	chr8	133035384	133129216	SLA	.	-	ENSG00000155926.16	0
chr8	138691860	138692393	peak_1424	746	.	397.743164	5.109050	-1	35	chr8	138588234	138914072	COL22A1	.	-	ENSG00000169436.20	0
chr8	140195977	140196298	peak_1425	738	.	236.977432	4.395352	-1	118	chr8	139726938	140458579	TRAPPC9	.	-	ENSG00000167632.20	0
chr8	141873889	141874422	peak_1426	491	.	261.877350	4.892064	-1	438	chr8	141786241	141786313	MIR1302-7	.	-	ENSG00000221768.2	87577
chr8	142472703	142472952	peak_1427	804	.	200.244827	4.655616	-1	16	chr8	142449429	142545009	ADGRB1	.	+	ENSG00000181790.14	0
chr8	144125624	144126057	peak_1428	774	.	335.283905	6.414886	-1	256	chr8	144107725	144118328	WDR97	.	+	ENSG00000179698.14	7297
chr9	10105	10399	peak_1429	684	.	201.134384	5.109050	-1	142	chr9	10989	14538	DDX11L5	.	+	ENSG00000304823.1	591
chr9	4713908	4714148	peak_1430	1000	.	387.804535	5.992500	-1	34	chr9	4709394	4742043	AK3	.	-	ENSG00000147853.19	0
chr9	5684262	5684389	peak_1431	1000	.	228.091553	7.113194	-1	25	chr9	5628737	5778255	RIC1	.	+	ENSG00000107036.14	0
chr9	9442119	9442290	peak_1432	1000	.	273.152130	5.309801	-1	137	chr9	8314245	10613002	PTPRD	.	-	ENSG00000153707.21	0
chr9	9442119	9442290	peak_1432	1000	.	273.152130	5.309801	-1	137	chr9	9442059	9442380	RN7SL5P	.	+	ENSG00000265735.2	0
chr9	15515522	15516193	peak_1433	388	.	260.653809	3.776148	-1	284	chr9	15461997	15511202	PSIP1	.	-	ENSG00000164985.17	4321
chr9	17931726	17932076	peak_1434	575	.	201.239014	4.655616	-1	29	chr9	17906562	18910950	ADAMTSL1	.	+	ENSG00000178031.20	0
chr9	33748084	33748806	peak_1435	318	.	229.335449	3.776148	-1	270	chr9	33732969	33818836	UBE2R2-AS1	.	-	ENSG00000235481.5	0
chr9	35657445	35658098	peak_1436	1000	.	832.593018	4.892064	-1	320	chr9	35657749	35658019	RMRP	.	-	ENSG00000277027.2	0
chr9	35913593	35914078	peak_1437	1000	.	489.749725	5.671912	-1	280	chr9	35909487	35937153	SPAAR	.	+	ENSG00000235387.7	0
chr9	35914236	35914672	peak_1438	1000	.	574.056824	7.314430	-1	126	chr9	35909487	35937153	SPAAR	.	+	ENSG00000235387.7	0
chr9	40270977	40271070	peak_1439	1000	.	288.772430	7.767279	-1	59	chr9	40223084	40349752	FAM95B1	.	+	ENSG00000290718.2	0
chr9	40270977	40271070	peak_1439	1000	.	288.772430	7.767279	-1	59	chr9	40223396	40292345	ANKRD20A2P	.	+	ENSG00000183148.9	0
chr9	40913567	40914633	peak_1440	384	.	409.693237	4.105179	-1	420	chr9	40900522	41074965	PGM5P2	.	-	ENSG00000290923.2	0
chr9	40914841	40915792	peak_1441	434	.	413.070282	4.655616	-1	183	chr9	40900522	41074965	PGM5P2	.	-	ENSG00000290923.2	0
chr9	41229376	41230484	peak_1442	1000	.	1500.939453	6.666107	-1	65	chr9	41201952	41272987	ENSG00000308900	.	-	ENSG00000308900.1	0
chr9	41231564	41232173	peak_1443	371	.	225.903290	3.776148	-1	579	chr9	41201952	41272987	ENSG00000308900	.	-	ENSG00000308900.1	0
chr9	41232969	41233680	peak_1444	508	.	361.451782	4.105179	-1	562	chr9	41201952	41272987	ENSG00000308900	.	-	ENSG00000308900.1	0
chr9	41250642	41251181	peak_1445	415	.	223.730286	4.655616	-1	437	chr9	41201952	41272987	ENSG00000308900	.	-	ENSG00000308900.1	0
chr9	41251955	41252528	peak_1446	373	.	213.763168	4.105179	-1	473	chr9	41201952	41272987	ENSG00000308900	.	-	ENSG00000308900.1	0
chr9	41781739	41782138	peak_1447	515	.	205.487167	5.309801	-1	79	chr9	41606952	41970697	ENSG00000275297	.	+	ENSG00000275297.2	0
chr9	42388309	42389078	peak_1448	426	.	327.590607	4.105179	-1	736	chr9	42384804	42386136	FKBP4P6	.	+	ENSG00000268234.1	2174
chr9	42900334	42900420	peak_1449	1000	.	367.340912	7.767279	-1	50	chr9	42825592	42955508	ENSG00000291166	.	+	ENSG00000291166.2	0
chr9	42900334	42900420	peak_1449	1000	.	367.340912	7.767279	-1	50	chr9	42852674	42920095	ANKRD20A7P	.	+	ENSG00000236816.5	0
chr9	43317451	43317597	peak_1450	1000	.	205.583740	4.892064	-1	122	chr9	43240990	43268022	ENSG00000302146	.	-	ENSG00000302146.1	49430
chr9	43318494	43320214	peak_1451	1000	.	4569.415039	10.574075	-1	794	chr9	43240990	43268022	ENSG00000302146	.	-	ENSG00000302146.1	50473
chr9	43320333	43320444	peak_1452	1000	.	378.054230	8.163781	-1	30	chr9	43240990	43268022	ENSG00000302146	.	-	ENSG00000302146.1	52312
chr9	43320607	43320756	peak_1453	1000	.	221.558609	7.113194	-1	116	chr9	43240990	43268022	ENSG00000302146	.	-	ENSG00000302146.1	52586
chr9	43321090	43321202	peak_1454	1000	.	213.871643	7.215447	-1	81	chr9	43240990	43268022	ENSG00000302146	.	-	ENSG00000302146.1	53069
chr9	43321674	43322053	peak_1455	1000	.	465.080048	6.543151	-1	350	chr9	43240990	43268022	ENSG00000302146	.	-	ENSG00000302146.1	53653
chr9	43323040	43324125	peak_1456	1000	.	1455.608032	11.461657	-1	485	chr9	43240990	43268022	ENSG00000302146	.	-	ENSG00000302146.1	55019
chr9	43324250	43324552	peak_1457	859	.	259.566162	6.543151	-1	27	chr9	43240990	43268022	ENSG00000302146	.	-	ENSG00000302146.1	56229
chr9	43324671	43325151	peak_1458	1000	.	490.973022	6.140231	-1	94	chr9	43240990	43268022	ENSG00000302146	.	-	ENSG00000302146.1	56650
chr9	43325408	43326125	peak_1459	1000	.	960.775513	6.666107	-1	246	chr9	43240990	43268022	ENSG00000302146	.	-	ENSG00000302146.1	57387
chr9	43326355	43326696	peak_1460	746	.	254.338150	4.395352	-1	96	chr9	43240990	43268022	ENSG00000302146	.	-	ENSG00000302146.1	58334
chr9	43326829	43327068	peak_1461	1000	.	546.853027	9.549155	-1	22	chr9	43240990	43268022	ENSG00000302146	.	-	ENSG00000302146.1	58808
chr9	43327488	43327616	peak_1462	1000	.	236.495636	6.666107	-1	32	chr9	43240990	43268022	ENSG00000302146	.	-	ENSG00000302146.1	59467
chr9	43328453	43329143	peak_1463	506	.	348.905090	5.309801	-1	450	chr9	43240990	43268022	ENSG00000302146	.	-	ENSG00000302146.1	60432
chr9	43329562	43329845	peak_1464	918	.	259.662354	5.309801	-1	151	chr9	43240990	43268022	ENSG00000302146	.	-	ENSG00000302146.1	61541
chr9	43330057	43330182	peak_1465	1000	.	307.683899	7.215447	-1	106	chr9	43240990	43268022	ENSG00000302146	.	-	ENSG00000302146.1	62036
chr9	43331022	43331213	peak_1466	1000	.	232.039230	5.671912	-1	70	chr9	43240990	43268022	ENSG00000302146	.	-	ENSG00000302146.1	63001
chr9	43334218	43334618	peak_1467	583	.	233.092590	4.105179	-1	242	chr9	43240990	43268022	ENSG00000302146	.	-	ENSG00000302146.1	66197
chr9	43334974	43336062	peak_1468	613	.	666.818298	5.496779	-1	270	chr9	43240990	43268022	ENSG00000302146	.	-	ENSG00000302146.1	66953
chr9	43338857	43339106	peak_1469	1000	.	311.245026	8.237581	-1	34	chr9	43240990	43268022	ENSG00000302146	.	-	ENSG00000302146.1	70836
chr9	43339229	43339508	peak_1470	1000	.	394.565125	6.414886	-1	134	chr9	43240990	43268022	ENSG00000302146	.	-	ENSG00000302146.1	71208
chr9	43340058	43340195	peak_1471	1000	.	217.802826	7.215447	-1	123	chr9	43240990	43268022	ENSG00000302146	.	-	ENSG00000302146.1	72037
chr9	43340800	43341315	peak_1472	708	.	364.782349	4.892064	-1	394	chr9	43240990	43268022	ENSG00000302146	.	-	ENSG00000302146.1	72779
chr9	43341733	43341951	peak_1473	1000	.	238.102341	5.836737	-1	19	chr9	43240990	43268022	ENSG00000302146	.	-	ENSG00000302146.1	73712
chr9	43342348	43342443	peak_1474	1000	.	250.934418	5.496779	-1	62	chr9	43240990	43268022	ENSG00000302146	.	-	ENSG00000302146.1	74327
chr9	43343403	43343827	peak_1475	672	.	284.743073	4.892064	-1	131	chr9	43240990	43268022	ENSG00000302146	.	-	ENSG00000302146.1	75382
chr9	43344829	43345517	peak_1476	1000	.	1152.190186	9.549155	-1	659	chr9	43240990	43268022	ENSG00000302146	.	-	ENSG00000302146.1	76808
chr9	43345751	43346452	peak_1477	554	.	388.198029	4.655616	-1	296	chr9	43240990	43268022	ENSG00000302146	.	-	ENSG00000302146.1	77730
chr9	43346697	43346936	peak_1478	996	.	238.134064	5.496779	-1	216	chr9	43240990	43268022	ENSG00000302146	.	-	ENSG00000302146.1	78676
chr9	43347159	43347441	peak_1479	1000	.	394.001007	6.543151	-1	106	chr9	43240990	43268022	ENSG00000302146	.	-	ENSG00000302146.1	79138
chr9	43347803	43348367	peak_1480	1000	.	685.836121	6.897870	-1	113	chr9	43240990	43268022	ENSG00000302146	.	-	ENSG00000302146.1	79782
chr9	43349709	43349919	peak_1481	1000	.	413.369141	8.163781	-1	137	chr9	43240990	43268022	ENSG00000302146	.	-	ENSG00000302146.1	81688
chr9	43350495	43350609	peak_1482	1000	.	287.459900	7.593853	-1	29	chr9	43240990	43268022	ENSG00000302146	.	-	ENSG00000302146.1	82474
chr9	43351859	43352275	peak_1483	594	.	247.242935	4.655616	-1	387	chr9	43240990	43268022	ENSG00000302146	.	-	ENSG00000302146.1	83838
chr9	43352828	43353068	peak_1484	1000	.	389.408051	9.694648	-1	23	chr9	43240990	43268022	ENSG00000302146	.	-	ENSG00000302146.1	84807
chr9	43354662	43355116	peak_1485	781	.	354.669220	4.892064	-1	233	chr9	43240990	43268022	ENSG00000302146	.	-	ENSG00000302146.1	86641
chr9	44897555	44897966	peak_1486	522	.	214.394379	4.105179	-1	188	chr9	43240990	43268022	ENSG00000302146	.	-	ENSG00000302146.1	1629534
chr9	60521693	60522375	peak_1487	469	.	319.625305	4.655616	-1	35	chr9	60546919	60547154	ENSG00000277598	.	-	ENSG00000277598.1	24545
chr9	60682652	60683387	peak_1488	298	.	219.275070	3.776148	-1	634	chr9	60546919	60547154	ENSG00000277598	.	-	ENSG00000277598.1	135499
chr9	61992052	61992601	peak_1489	412	.	226.266876	3.776148	-1	324	chr9	61854037	62096920	FAM27C	.	+	ENSG00000231527.8	0
chr9	62811212	62811668	peak_1490	451	.	205.785233	3.776148	-1	22	chr9	62801433	62890983	LINC01410	.	+	ENSG00000238113.8	0
chr9	62816521	62816812	peak_1491	903	.	262.825165	4.892064	-1	173	chr9	62801433	62890983	LINC01410	.	+	ENSG00000238113.8	0
chr9	63821229	63821852	peak_1492	501	.	311.819489	4.395352	-1	313	chr9	63819573	63819654	MIR4477B	.	+	ENSG00000266017.1	1576
chr9	63822645	63823260	peak_1493	893	.	549.096619	5.992500	-1	415	chr9	63824056	63859885	FRG1JP	.	-	ENSG00000307942.1	797
chr9	63823475	63823923	peak_1494	1000	.	635.678345	5.671912	-1	275	chr9	63824056	63859885	FRG1JP	.	-	ENSG00000307942.1	134
chr9	64123820	64123985	peak_1495	1000	.	214.256531	5.309801	-1	144	chr9	64071908	64119799	ENSG00000288694	.	+	ENSG00000288694.2	4022
chr9	65437667	65437948	peak_1496	961	.	269.990601	4.655616	-1	196	chr9	65383135	65400447	ENSG00000287329	.	+	ENSG00000287329.2	37221
chr9	69190958	69191526	peak_1497	391	.	222.272781	4.655616	-1	346	chr9	69035746	69255187	ENSG00000285130	.	+	ENSG00000285130.2	0
chr9	69190958	69191526	peak_1497	391	.	222.272781	4.655616	-1	346	chr9	69121263	69274641	TJP2	.	+	ENSG00000119139.23	0
chr9	70038125	70038642	peak_1498	1000	.	1388.083008	11.432281	-1	488	chr9	70010138	70258924	MAMDC2-AS1	.	-	ENSG00000204706.15	0
chr9	74402281	74402664	peak_1499	610	.	233.817703	4.105179	-1	223	chr9	74123424	74499127	RORB-AS1	.	-	ENSG00000224825.3	0
chr9	76175200	76175349	peak_1500	1000	.	409.548859	8.956428	-1	50	chr9	75890638	76362975	PCSK5	.	+	ENSG00000099139.16	0
chr9	77910967	77911607	peak_1501	385	.	246.451202	4.105179	-1	276	chr9	77716096	78032500	GNAQ	.	-	ENSG00000156052.13	0
chr9	85533621	85534003	peak_1502	646	.	246.621857	3.776148	-1	364	chr9	85534051	85540497	ENSG00000305869	.	-	ENSG00000305869.1	49
chr9	89253910	89254316	peak_1503	634	.	257.284790	5.109050	-1	375	chr9	89181572	89310986	ENSG00000309620	.	-	ENSG00000309620.1	0
chr9	90841366	90841974	peak_1504	605	.	367.652527	4.105179	-1	117	chr9	90801578	90898549	SYK	.	+	ENSG00000165025.17	0
chr9	90842443	90842943	peak_1505	623	.	311.716278	5.836737	-1	232	chr9	90801578	90898549	SYK	.	+	ENSG00000165025.17	0
chr9	91155371	91155735	peak_1506	633	.	230.590042	3.776148	-1	241	chr9	90927337	91213102	LINC02937	.	-	ENSG00000230537.3	0
chr9	91155371	91155735	peak_1506	633	.	230.590042	3.776148	-1	241	chr9	91118360	91183601	LINC00484	.	+	ENSG00000235641.6	0
chr9	91711227	91711666	peak_1507	544	.	238.723511	4.655616	-1	415	chr9	91563090	91950278	ROR2	.	-	ENSG00000169071.17	0
chr9	93600340	93600639	peak_1508	711	.	212.620148	4.655616	-1	55	chr9	93576365	93679599	PHF2	.	+	ENSG00000197724.14	0
chr9	93963187	93963645	peak_1509	463	.	211.976868	4.655616	-1	290	chr9	93955468	93992799	BARX1-DT	.	+	ENSG00000235601.2	0
chr9	95567827	95568237	peak_1510	501	.	205.590332	5.109050	-1	30	chr9	95550523	95567073	ENSG00000305334	.	+	ENSG00000305334.1	755
chr9	107027399	107028350	peak_1511	382	.	362.833832	4.105179	-1	228	chr9	106974832	107102996	ENSG00000230782	.	-	ENSG00000230782.2	0
chr9	109456096	109456546	peak_1512	473	.	212.952515	4.395352	-1	68	chr9	109375463	109498343	PTPN3	.	-	ENSG00000070159.16	0
chr9	110151770	110151962	peak_1513	1000	.	201.880402	4.105179	-1	81	chr9	109498324	110172512	PALM2AKAP2	.	+	ENSG00000157654.21	0
chr9	113657729	113658066	peak_1514	911	.	306.974152	4.655616	-1	230	chr9	113650955	113682855	ENSG00000227482	.	+	ENSG00000227482.1	0
chr9	114349396	114349809	peak_1515	520	.	214.620316	4.105179	-1	191	chr9	114334155	114394405	AKNA	.	-	ENSG00000106948.19	0
chr9	114367160	114368107	peak_1516	315	.	298.144318	3.776148	-1	793	chr9	114334155	114394405	AKNA	.	-	ENSG00000106948.19	0
chr9	114367160	114368107	peak_1516	315	.	298.144318	3.776148	-1	793	chr9	114364491	114367199	ENSG00000298158	.	+	ENSG00000298158.1	0
chr9	114388263	114388893	peak_1517	393	.	247.683334	4.105179	-1	141	chr9	114334155	114394405	AKNA	.	-	ENSG00000106948.19	0
chr9	114388263	114388893	peak_1517	393	.	247.683334	4.105179	-1	141	chr9	114388082	114397269	ENSG00000298561	.	+	ENSG00000298561.1	0
chr9	116064933	116065536	peak_1518	383	.	230.938080	3.776148	-1	110	chr9	115743870	116070240	ENSG00000308189	.	+	ENSG00000308189.1	0
chr9	123346854	123347339	peak_1519	659	.	319.765625	4.655616	-1	456	chr9	123338283	123340063	ENSG00000298893	.	-	ENSG00000298893.1	6792
chr9	127588678	127588980	peak_1520	683	.	206.402084	4.105179	-1	255	chr9	127579369	127696027	STXBP1	.	+	ENSG00000136854.28	0
chr9	129761618	129762122	peak_1521	420	.	211.499878	4.105179	-1	445	chr9	129761105	129777599	ENSG00000295529	.	-	ENSG00000295529.1	0
chr9	131734827	131735492	peak_1522	573	.	380.761566	4.892064	-1	644	chr9	131576757	131740134	RAPGEF1	.	-	ENSG00000107263.21	0
chr9	131734827	131735492	peak_1522	573	.	380.761566	4.892064	-1	644	chr9	131734861	131735574	ENSG00000303508	.	-	ENSG00000303508.1	0
chr9	134164260	134164738	peak_1523	684	.	327.040802	4.395352	-1	428	chr9	134146718	134172673	ENSG00000295288	.	-	ENSG00000295288.1	0
chr9	134164260	134164738	peak_1523	684	.	327.040802	4.395352	-1	428	chr9	134164438	134164564	RNU6ATAC	.	-	ENSG00000221676.1	0
chr9	134685160	134685681	peak_1524	692	.	360.367432	4.105179	-1	75	chr9	134641723	134844843	COL5A1	.	+	ENSG00000130635.19	0
chr9	136306896	136307371	peak_1525	430	.	204.380157	3.776148	-1	449	chr9	136249972	136306901	CCDC187	.	-	ENSG00000260220.7	0
chr9	136307552	136308017	peak_1526	526	.	244.773987	3.776148	-1	191	chr9	136249972	136306901	CCDC187	.	-	ENSG00000260220.7	652
chr9	136630895	136631494	peak_1527	403	.	241.426804	4.105179	-1	234	chr9	136612018	136625416	LINC01451	.	-	ENSG00000279141.5	5480
chr9	137102708	137103155	peak_1528	757	.	338.419708	4.105179	-1	202	chr9	137085916	137109189	MAN1B1	.	+	ENSG00000177239.18	0
chr9	137103306	137104034	peak_1529	503	.	366.013489	4.105179	-1	179	chr9	137085916	137109189	MAN1B1	.	+	ENSG00000177239.18	0
chr9	137153196	137153672	peak_1530	451	.	214.639404	4.655616	-1	325	chr9	137138345	137168765	GRIN1	.	+	ENSG00000176884.18	0
chr9	137327660	137328475	peak_1531	1000	.	973.415833	5.992500	-1	375	chr9	137306893	137423911	EXD3	.	-	ENSG00000187609.18	0
chr9	137355452	137355720	peak_1532	1000	.	285.683655	5.109050	-1	230	chr9	137306893	137423911	EXD3	.	-	ENSG00000187609.18	0
chr9	137715999	137716722	peak_1533	539	.	389.821899	4.395352	-1	471	chr9	137618900	137870016	EHMT1	.	+	ENSG00000181090.23	0
chr9	137845205	137846025	peak_1534	293	.	240.078735	3.394254	-1	557	chr9	137618900	137870016	EHMT1	.	+	ENSG00000181090.23	0
chr9	138232055	138232830	peak_1535	487	.	377.778107	4.105179	-1	310	chr9	138215712	138295663	ENSG00000290585	.	+	ENSG00000290585.2	0
chr9	138232055	138232830	peak_1535	487	.	377.778107	4.105179	-1	310	chr9	138225154	138247081	ENSG00000298693	.	-	ENSG00000298693.1	0
chrM	4	16569	peak_4396	1000	.	115520.953125	12.867589	-1	16113	chrM	576	647	MT-TF	.	+	ENSG00000210049.1	0
chrM	4	16569	peak_4396	1000	.	115520.953125	12.867589	-1	16113	chrM	647	1601	MT-RNR1	.	+	ENSG00000211459.2	0
chrM	4	16569	peak_4396	1000	.	115520.953125	12.867589	-1	16113	chrM	1601	1670	MT-TV	.	+	ENSG00000210077.1	0
chrM	4	16569	peak_4396	1000	.	115520.953125	12.867589	-1	16113	chrM	1670	3229	MT-RNR2	.	+	ENSG00000210082.2	0
chrM	4	16569	peak_4396	1000	.	115520.953125	12.867589	-1	16113	chrM	3229	3304	MT-TL1	.	+	ENSG00000209082.1	0
chrM	4	16569	peak_4396	1000	.	115520.953125	12.867589	-1	16113	chrM	3306	4262	MT-ND1	.	+	ENSG00000198888.2	0
chrM	4	16569	peak_4396	1000	.	115520.953125	12.867589	-1	16113	chrM	4262	4331	MT-TI	.	+	ENSG00000210100.1	0
chrM	4	16569	peak_4396	1000	.	115520.953125	12.867589	-1	16113	chrM	4328	4400	MT-TQ	.	-	ENSG00000210107.1	0
chrM	4	16569	peak_4396	1000	.	115520.953125	12.867589	-1	16113	chrM	4401	4469	MT-TM	.	+	ENSG00000210112.1	0
chrM	4	16569	peak_4396	1000	.	115520.953125	12.867589	-1	16113	chrM	4469	5511	MT-ND2	.	+	ENSG00000198763.3	0
chrM	4	16569	peak_4396	1000	.	115520.953125	12.867589	-1	16113	chrM	5511	5579	MT-TW	.	+	ENSG00000210117.1	0
chrM	4	16569	peak_4396	1000	.	115520.953125	12.867589	-1	16113	chrM	5586	5655	MT-TA	.	-	ENSG00000210127.1	0
chrM	4	16569	peak_4396	1000	.	115520.953125	12.867589	-1	16113	chrM	5656	5729	MT-TN	.	-	ENSG00000210135.1	0
chrM	4	16569	peak_4396	1000	.	115520.953125	12.867589	-1	16113	chrM	5760	5826	MT-TC	.	-	ENSG00000210140.1	0
chrM	4	16569	peak_4396	1000	.	115520.953125	12.867589	-1	16113	chrM	5825	5891	MT-TY	.	-	ENSG00000210144.1	0
chrM	4	16569	peak_4396	1000	.	115520.953125	12.867589	-1	16113	chrM	5903	7445	MT-CO1	.	+	ENSG00000198804.2	0
chrM	4	16569	peak_4396	1000	.	115520.953125	12.867589	-1	16113	chrM	7445	7514	MT-TS1	.	-	ENSG00000210151.2	0
chrM	4	16569	peak_4396	1000	.	115520.953125	12.867589	-1	16113	chrM	7517	7585	MT-TD	.	+	ENSG00000210154.1	0
chrM	4	16569	peak_4396	1000	.	115520.953125	12.867589	-1	16113	chrM	7585	8269	MT-CO2	.	+	ENSG00000198712.1	0
chrM	4	16569	peak_4396	1000	.	115520.953125	12.867589	-1	16113	chrM	8294	8364	MT-TK	.	+	ENSG00000210156.1	0
chrM	4	16569	peak_4396	1000	.	115520.953125	12.867589	-1	16113	chrM	8365	8572	MT-ATP8	.	+	ENSG00000228253.1	0
chrM	4	16569	peak_4396	1000	.	115520.953125	12.867589	-1	16113	chrM	8526	9207	MT-ATP6	.	+	ENSG00000198899.2	0
chrM	4	16569	peak_4396	1000	.	115520.953125	12.867589	-1	16113	chrM	9206	9990	MT-CO3	.	+	ENSG00000198938.2	0
chrM	4	16569	peak_4396	1000	.	115520.953125	12.867589	-1	16113	chrM	9990	10058	MT-TG	.	+	ENSG00000210164.1	0
chrM	4	16569	peak_4396	1000	.	115520.953125	12.867589	-1	16113	chrM	10058	10404	MT-ND3	.	+	ENSG00000198840.2	0
chrM	4	16569	peak_4396	1000	.	115520.953125	12.867589	-1	16113	chrM	10404	10469	MT-TR	.	+	ENSG00000210174.1	0
chrM	4	16569	peak_4396	1000	.	115520.953125	12.867589	-1	16113	chrM	10469	10766	MT-ND4L	.	+	ENSG00000212907.2	0
chrM	4	16569	peak_4396	1000	.	115520.953125	12.867589	-1	16113	chrM	10759	12137	MT-ND4	.	+	ENSG00000198886.2	0
chrM	4	16569	peak_4396	1000	.	115520.953125	12.867589	-1	16113	chrM	12137	12206	MT-TH	.	+	ENSG00000210176.1	0
chrM	4	16569	peak_4396	1000	.	115520.953125	12.867589	-1	16113	chrM	12206	12265	MT-TS2	.	+	ENSG00000210184.1	0
chrM	4	16569	peak_4396	1000	.	115520.953125	12.867589	-1	16113	chrM	12265	12336	MT-TL2	.	+	ENSG00000210191.1	0
chrM	4	16569	peak_4396	1000	.	115520.953125	12.867589	-1	16113	chrM	12336	14148	MT-ND5	.	+	ENSG00000198786.2	0
chrM	4	16569	peak_4396	1000	.	115520.953125	12.867589	-1	16113	chrM	14148	14673	MT-ND6	.	-	ENSG00000198695.2	0
chrM	4	16569	peak_4396	1000	.	115520.953125	12.867589	-1	16113	chrM	14673	14742	MT-TE	.	-	ENSG00000210194.1	0
chrM	4	16569	peak_4396	1000	.	115520.953125	12.867589	-1	16113	chrM	14746	15887	MT-CYB	.	+	ENSG00000198727.2	0
chrM	4	16569	peak_4396	1000	.	115520.953125	12.867589	-1	16113	chrM	15887	15953	MT-TT	.	+	ENSG00000210195.2	0
chrM	4	16569	peak_4396	1000	.	115520.953125	12.867589	-1	16113	chrM	15955	16023	MT-TP	.	-	ENSG00000210196.2	0
chrX	222346	222435	peak_3761	1000	.	409.938385	8.648705	-1	54	chrX	253742	255091	ENSG00000228572	.	+	ENSG00000228572.7	31308
chrX	18674659	18675133	peak_3762	1000	.	637.008606	5.496779	-1	229	chrX	18675908	18828342	PPEF1	.	+	ENSG00000086717.21	776
chrX	55181645	55181704	peak_3763	1000	.	215.631836	7.215447	-1	30	chrX	55180376	55181277	MTND1P30	.	-	ENSG00000238047.1	369
chrX	62937415	62937592	peak_3764	1000	.	283.765839	8.237581	-1	153	chrX	62878810	62884842	ZFRP1	.	-	ENSG00000234570.1	52574
chrX	126472346	126472657	peak_3765	1000	.	386.551422	6.280785	-1	179	chrX	126471704	126472403	MTCO1P53	.	+	ENSG00000230916.2	0
chrX	140723239	140723430	peak_3766	1000	.	226.780502	4.892064	-1	148	chrX	140709561	140793215	LINC00632	.	+	ENSG00000203930.15	0
chrX	156030182	156030789	peak_3767	1000	.	1507.331665	7.850579	-1	433	chrX	156021995	156029114	ENSG00000295135	.	-	ENSG00000295135.1	1069
chrY	222349	222435	peak_3768	1000	.	396.547211	8.449522	-1	41	chrY	253742	255091	ENSG00000292329	.	+	ENSG00000292329.1	31308
chrY	4344783	4344848	peak_3769	1000	.	256.582550	8.010967	-1	32	chrY	4174984	4175090	RNU6-303P	.	-	ENSG00000252900.1	169694
chrY	9141896	9141958	peak_3770	1000	.	201.847733	6.784213	-1	32	chrY	9166084	9167702	CDY3P	.	-	ENSG00000232235.1	24127
chrY	10098644	10099199	peak_3771	367	.	203.656433	3.776148	-1	119	chrY	10092874	10092993	RNA5SP519	.	-	ENSG00000252289.1	5652
chrY	10626604	10626869	peak_3772	1000	.	338.590302	6.280785	-1	237	chrY	11042721	11042943	ENSG00000273858	.	-	ENSG00000273858.1	415853
chrY	10627272	10627538	peak_3773	1000	.	619.122253	11.519731	-1	46	chrY	11042721	11042943	ENSG00000273858	.	-	ENSG00000273858.1	415184
chrY	10627645	10627944	peak_3774	1000	.	316.801392	5.109050	-1	33	chrY	11042721	11042943	ENSG00000273858	.	-	ENSG00000273858.1	414778
chrY	10628715	10628898	peak_3775	1000	.	375.542328	6.897870	-1	42	chrY	11042721	11042943	ENSG00000273858	.	-	ENSG00000273858.1	413824
chrY	10629620	10629710	peak_3776	1000	.	222.462952	5.992500	-1	51	chrY	11042721	11042943	ENSG00000273858	.	-	ENSG00000273858.1	413012
chrY	10629836	10630250	peak_3777	913	.	377.792450	5.671912	-1	303	chrY	11042721	11042943	ENSG00000273858	.	-	ENSG00000273858.1	412472
chrY	10630480	10630946	peak_3778	1000	.	1216.543701	10.790506	-1	97	chrY	11042721	11042943	ENSG00000273858	.	-	ENSG00000273858.1	411776
chrY	10631150	10631550	peak_3779	1000	.	889.020447	7.503445	-1	34	chrY	11042721	11042943	ENSG00000273858	.	-	ENSG00000273858.1	411172
chrY	10631683	10631828	peak_3780	1000	.	325.256622	8.956428	-1	22	chrY	11042721	11042943	ENSG00000273858	.	-	ENSG00000273858.1	410894
chrY	10632360	10632596	peak_3781	1000	.	476.044769	6.280785	-1	111	chrY	11042721	11042943	ENSG00000273858	.	-	ENSG00000273858.1	410126
chrY	10632875	10633420	peak_3782	680	.	370.394012	5.992500	-1	441	chrY	11042721	11042943	ENSG00000273858	.	-	ENSG00000273858.1	409302
chrY	10647154	10647321	peak_3783	1000	.	378.633759	6.784213	-1	42	chrY	11042721	11042943	ENSG00000273858	.	-	ENSG00000273858.1	395401
chrY	10647470	10648439	peak_3784	792	.	767.870850	6.543151	-1	630	chrY	11042721	11042943	ENSG00000273858	.	-	ENSG00000273858.1	394283
chrY	10648922	10649378	peak_3785	1000	.	1130.449707	10.263924	-1	109	chrY	11042721	11042943	ENSG00000273858	.	-	ENSG00000273858.1	393344
chrY	10649584	10649948	peak_3786	1000	.	794.826477	6.784213	-1	116	chrY	11042721	11042943	ENSG00000273858	.	-	ENSG00000273858.1	392774
chrY	10651867	10652478	peak_3787	1000	.	735.435425	6.897870	-1	582	chrY	11042721	11042943	ENSG00000273858	.	-	ENSG00000273858.1	390244
chrY	10652597	10652982	peak_3788	1000	.	397.482361	6.784213	-1	344	chrY	11042721	11042943	ENSG00000273858	.	-	ENSG00000273858.1	389740
chrY	10653084	10653276	peak_3789	1000	.	361.183380	6.666107	-1	47	chrY	11042721	11042943	ENSG00000273858	.	-	ENSG00000273858.1	389446
chrY	10653427	10653788	peak_3790	1000	.	386.105286	5.109050	-1	97	chrY	11042721	11042943	ENSG00000273858	.	-	ENSG00000273858.1	388934
chrY	10654340	10654926	peak_3791	870	.	510.020172	7.007426	-1	253	chrY	11042721	11042943	ENSG00000273858	.	-	ENSG00000273858.1	387796
chrY	10655225	10655603	peak_3792	628	.	237.537766	5.496779	-1	70	chrY	11042721	11042943	ENSG00000273858	.	-	ENSG00000273858.1	387119
chrY	10655756	10656029	peak_3793	1000	.	400.148773	7.007426	-1	161	chrY	11042721	11042943	ENSG00000273858	.	-	ENSG00000273858.1	386693
chrY	10657251	10657430	peak_3794	1000	.	553.107605	7.007426	-1	145	chrY	11042721	11042943	ENSG00000273858	.	-	ENSG00000273858.1	385292
chrY	10657752	10658660	peak_3795	1000	.	1098.877686	7.314430	-1	800	chrY	11042721	11042943	ENSG00000273858	.	-	ENSG00000273858.1	384062
chrY	10659110	10659233	peak_3796	1000	.	241.914215	7.215447	-1	95	chrY	11042721	11042943	ENSG00000273858	.	-	ENSG00000273858.1	383489
chrY	10659381	10660813	peak_3797	1000	.	1447.839478	7.314430	-1	904	chrY	11042721	11042943	ENSG00000273858	.	-	ENSG00000273858.1	381909
chrY	10661089	10661970	peak_3798	945	.	832.692993	6.140231	-1	301	chrY	11042721	11042943	ENSG00000273858	.	-	ENSG00000273858.1	380752
chrY	10662520	10662667	peak_3799	1000	.	207.528641	6.140231	-1	120	chrY	11042721	11042943	ENSG00000273858	.	-	ENSG00000273858.1	380055
chrY	10662872	10663895	peak_3800	1000	.	1152.758301	12.505323	-1	823	chrY	11042721	11042943	ENSG00000273858	.	-	ENSG00000273858.1	378827
chrY	10664259	10664853	peak_3801	1000	.	828.966858	11.251055	-1	523	chrY	11042721	11042943	ENSG00000273858	.	-	ENSG00000273858.1	377869
chrY	10665582	10666451	peak_3802	697	.	605.341675	6.543151	-1	720	chrY	11042721	11042943	ENSG00000273858	.	-	ENSG00000273858.1	376271
chrY	10666768	10667241	peak_3803	1000	.	961.585266	10.755310	-1	238	chrY	11042721	11042943	ENSG00000273858	.	-	ENSG00000273858.1	375481
chrY	10667673	10668043	peak_3804	1000	.	385.333618	6.280785	-1	140	chrY	11042721	11042943	ENSG00000273858	.	-	ENSG00000273858.1	374679
chrY	10668537	10668761	peak_3805	1000	.	388.001465	9.014750	-1	113	chrY	11042721	11042943	ENSG00000273858	.	-	ENSG00000273858.1	373961
chrY	10669347	10669678	peak_3806	1000	.	756.245789	8.648705	-1	187	chrY	11042721	11042943	ENSG00000273858	.	-	ENSG00000273858.1	373044
chrY	10670869	10671070	peak_3807	1000	.	347.825592	6.280785	-1	140	chrY	11042721	11042943	ENSG00000273858	.	-	ENSG00000273858.1	371652
chrY	10673803	10673968	peak_3808	1000	.	467.503967	6.666107	-1	92	chrY	11042721	11042943	ENSG00000273858	.	-	ENSG00000273858.1	368754
chrY	10678035	10678226	peak_3809	1000	.	231.264526	5.309801	-1	132	chrY	11042721	11042943	ENSG00000273858	.	-	ENSG00000273858.1	364496
chrY	10678510	10679382	peak_3810	789	.	687.880859	6.897870	-1	303	chrY	11042721	11042943	ENSG00000273858	.	-	ENSG00000273858.1	363340
chrY	10682476	10682784	peak_3811	1000	.	548.270874	5.836737	-1	30	chrY	11042721	11042943	ENSG00000273858	.	-	ENSG00000273858.1	359938
chrY	10683593	10683717	peak_3812	1000	.	351.586700	5.836737	-1	34	chrY	11042721	11042943	ENSG00000273858	.	-	ENSG00000273858.1	359005
chrY	10684003	10684375	peak_3813	1000	.	688.079956	7.931771	-1	29	chrY	11042721	11042943	ENSG00000273858	.	-	ENSG00000273858.1	358347
chrY	10684562	10684958	peak_3814	1000	.	685.732178	12.345893	-1	31	chrY	11042721	11042943	ENSG00000273858	.	-	ENSG00000273858.1	357764
chrY	10685742	10685828	peak_3815	1000	.	271.795807	6.543151	-1	48	chrY	11042721	11042943	ENSG00000273858	.	-	ENSG00000273858.1	356894
chrY	10685965	10686162	peak_3816	1000	.	207.247620	4.892064	-1	162	chrY	11042721	11042943	ENSG00000273858	.	-	ENSG00000273858.1	356560
chrY	10686448	10687265	peak_3817	1000	.	944.624207	5.992500	-1	184	chrY	11042721	11042943	ENSG00000273858	.	-	ENSG00000273858.1	355457
chrY	10687440	10687627	peak_3818	1000	.	244.249390	6.414886	-1	148	chrY	11042721	11042943	ENSG00000273858	.	-	ENSG00000273858.1	355095
chrY	10687971	10688266	peak_3819	1000	.	538.341125	8.010967	-1	80	chrY	11042721	11042943	ENSG00000273858	.	-	ENSG00000273858.1	354456
chrY	10688768	10689257	peak_3820	1000	.	649.375183	6.140231	-1	259	chrY	11042721	11042943	ENSG00000273858	.	-	ENSG00000273858.1	353465
chrY	10689449	10689670	peak_3821	1000	.	229.783615	5.309801	-1	26	chrY	11042721	11042943	ENSG00000273858	.	-	ENSG00000273858.1	353052
chrY	10690529	10691417	peak_3822	1000	.	1019.582886	6.543151	-1	214	chrY	11042721	11042943	ENSG00000273858	.	-	ENSG00000273858.1	351305
chrY	10692381	10692898	peak_3823	1000	.	673.003906	7.767279	-1	152	chrY	11042721	11042943	ENSG00000273858	.	-	ENSG00000273858.1	349824
chrY	10693652	10693834	peak_3824	1000	.	249.930664	5.992500	-1	83	chrY	11042721	11042943	ENSG00000273858	.	-	ENSG00000273858.1	348888
chrY	10744218	10744877	peak_3825	1000	.	771.884827	6.666107	-1	267	chrY	11042721	11042943	ENSG00000273858	.	-	ENSG00000273858.1	297845
chrY	10745298	10745466	peak_3826	1000	.	229.224899	5.309801	-1	33	chrY	11042721	11042943	ENSG00000273858	.	-	ENSG00000273858.1	297256
chrY	10745708	10745772	peak_3827	1000	.	257.993195	8.088272	-1	33	chrY	11042721	11042943	ENSG00000273858	.	-	ENSG00000273858.1	296950
chrY	10746531	10747183	peak_3828	1000	.	970.274109	8.517250	-1	470	chrY	11042721	11042943	ENSG00000273858	.	-	ENSG00000273858.1	295539
chrY	10747741	10747835	peak_3829	1000	.	275.183044	8.010967	-1	61	chrY	11042721	11042943	ENSG00000273858	.	-	ENSG00000273858.1	294887
chrY	10747965	10748085	peak_3830	1000	.	458.816162	7.314430	-1	80	chrY	11042721	11042943	ENSG00000273858	.	-	ENSG00000273858.1	294637
chrY	10748249	10748339	peak_3831	1000	.	205.831329	6.280785	-1	34	chrY	11042721	11042943	ENSG00000273858	.	-	ENSG00000273858.1	294383
chrY	10748886	10750084	peak_3832	652	.	781.505676	6.280785	-1	1165	chrY	11042721	11042943	ENSG00000273858	.	-	ENSG00000273858.1	292638
chrY	10750258	10751207	peak_3833	1000	.	1287.343872	10.012437	-1	783	chrY	11042721	11042943	ENSG00000273858	.	-	ENSG00000273858.1	291515
chrY	10751404	10751500	peak_3834	1000	.	241.369019	5.836737	-1	16	chrY	11042721	11042943	ENSG00000273858	.	-	ENSG00000273858.1	291222
chrY	10751634	10751933	peak_3835	757	.	226.431503	4.655616	-1	232	chrY	11042721	11042943	ENSG00000273858	.	-	ENSG00000273858.1	290789
chrY	10752119	10752564	peak_3836	1000	.	575.317749	6.280785	-1	264	chrY	11042721	11042943	ENSG00000273858	.	-	ENSG00000273858.1	290158
chrY	10753183	10753286	peak_3837	1000	.	351.373322	7.113194	-1	40	chrY	11042721	11042943	ENSG00000273858	.	-	ENSG00000273858.1	289436
chrY	10753414	10753676	peak_3838	1000	.	325.042999	5.836737	-1	141	chrY	11042721	11042943	ENSG00000273858	.	-	ENSG00000273858.1	289046
chrY	10753958	10754311	peak_3839	1000	.	635.889404	8.010967	-1	176	chrY	11042721	11042943	ENSG00000273858	.	-	ENSG00000273858.1	288411
chrY	10754686	10756333	peak_3840	1000	.	2191.382568	9.014750	-1	358	chrY	11042721	11042943	ENSG00000273858	.	-	ENSG00000273858.1	286389
chrY	10756457	10756704	peak_3841	851	.	210.174805	4.105179	-1	107	chrY	11042721	11042943	ENSG00000273858	.	-	ENSG00000273858.1	286018
chrY	10756830	10758332	peak_3842	992	.	1489.812012	8.163781	-1	355	chrY	11042721	11042943	ENSG00000273858	.	-	ENSG00000273858.1	284390
chrY	10759157	10759627	peak_3843	1000	.	748.330688	6.897870	-1	181	chrY	11042721	11042943	ENSG00000273858	.	-	ENSG00000273858.1	283095
chrY	10759767	10760050	peak_3844	1000	.	590.859863	5.992500	-1	34	chrY	11042721	11042943	ENSG00000273858	.	-	ENSG00000273858.1	282672
chrY	10760191	10760434	peak_3845	1000	.	445.837738	6.140231	-1	208	chrY	11042721	11042943	ENSG00000273858	.	-	ENSG00000273858.1	282288
chrY	10761003	10761568	peak_3846	1000	.	785.262817	7.503445	-1	289	chrY	11042721	11042943	ENSG00000273858	.	-	ENSG00000273858.1	281154
chrY	10762117	10762392	peak_3847	880	.	241.892303	5.671912	-1	24	chrY	11042721	11042943	ENSG00000273858	.	-	ENSG00000273858.1	280330
chrY	10762514	10763408	peak_3848	1000	.	1122.437500	7.767279	-1	221	chrY	11042721	11042943	ENSG00000273858	.	-	ENSG00000273858.1	279314
chrY	10764143	10764360	peak_3849	991	.	214.957352	5.496779	-1	33	chrY	11042721	11042943	ENSG00000273858	.	-	ENSG00000273858.1	278362
chrY	10764486	10764731	peak_3850	1000	.	480.547699	7.314430	-1	28	chrY	11042721	11042943	ENSG00000273858	.	-	ENSG00000273858.1	277991
chrY	10765005	10765390	peak_3851	1000	.	428.139618	5.671912	-1	244	chrY	11042721	11042943	ENSG00000273858	.	-	ENSG00000273858.1	277332
chrY	10765514	10765850	peak_3852	786	.	264.125671	5.109050	-1	31	chrY	11042721	11042943	ENSG00000273858	.	-	ENSG00000273858.1	276872
chrY	10767443	10767964	peak_3853	1000	.	641.828857	5.992500	-1	491	chrY	11042721	11042943	ENSG00000273858	.	-	ENSG00000273858.1	274758
chrY	10768563	10768807	peak_3854	939	.	229.055405	6.280785	-1	59	chrY	11042721	11042943	ENSG00000273858	.	-	ENSG00000273858.1	273915
chrY	10768938	10769133	peak_3855	1000	.	510.670227	9.694648	-1	51	chrY	11042721	11042943	ENSG00000273858	.	-	ENSG00000273858.1	273589
chrY	10769374	10769970	peak_3856	1000	.	913.995850	7.767279	-1	44	chrY	11042721	11042943	ENSG00000273858	.	-	ENSG00000273858.1	272752
chrY	10770163	10770683	peak_3857	1000	.	805.595703	6.784213	-1	487	chrY	11042721	11042943	ENSG00000273858	.	-	ENSG00000273858.1	272039
chrY	10770906	10771399	peak_3858	448	.	220.961258	4.105179	-1	409	chrY	11042721	11042943	ENSG00000273858	.	-	ENSG00000273858.1	271323
chrY	10771818	10772296	peak_3859	1000	.	606.107300	6.414886	-1	391	chrY	11042721	11042943	ENSG00000273858	.	-	ENSG00000273858.1	270426
chrY	10772410	10772789	peak_3860	1000	.	893.306152	11.060618	-1	236	chrY	11042721	11042943	ENSG00000273858	.	-	ENSG00000273858.1	269933
chrY	10772976	10773225	peak_3861	1000	.	272.516022	5.496779	-1	168	chrY	11042721	11042943	ENSG00000273858	.	-	ENSG00000273858.1	269497
chrY	10773400	10773752	peak_3862	762	.	268.196747	4.655616	-1	322	chrY	11042721	11042943	ENSG00000273858	.	-	ENSG00000273858.1	268970
chrY	10774018	10774407	peak_3863	1000	.	701.676086	12.593601	-1	40	chrY	11042721	11042943	ENSG00000273858	.	-	ENSG00000273858.1	268315
chrY	10775794	10776241	peak_3864	1000	.	1321.491943	9.549155	-1	84	chrY	11042721	11042943	ENSG00000273858	.	-	ENSG00000273858.1	266481
chrY	10776353	10777128	peak_3865	1000	.	1481.356445	13.855703	-1	30	chrY	11042721	11042943	ENSG00000273858	.	-	ENSG00000273858.1	265594
chrY	10777305	10777789	peak_3866	787	.	380.783051	5.836737	-1	408	chrY	11042721	11042943	ENSG00000273858	.	-	ENSG00000273858.1	264933
chrY	10778457	10778711	peak_3867	866	.	219.888931	6.140231	-1	105	chrY	11042721	11042943	ENSG00000273858	.	-	ENSG00000273858.1	264011
chrY	10778812	10779300	peak_3868	1000	.	744.693420	6.543151	-1	17	chrY	11042721	11042943	ENSG00000273858	.	-	ENSG00000273858.1	263422
chrY	10779911	10780209	peak_3869	1000	.	422.860931	7.215447	-1	31	chrY	11042721	11042943	ENSG00000273858	.	-	ENSG00000273858.1	262513
chrY	10780361	10781552	peak_3870	1000	.	1653.443604	7.767279	-1	1162	chrY	11042721	11042943	ENSG00000273858	.	-	ENSG00000273858.1	261170
chrY	10781672	10781749	peak_3871	1000	.	244.374008	6.280785	-1	44	chrY	11042721	11042943	ENSG00000273858	.	-	ENSG00000273858.1	260973
chrY	10783579	10783927	peak_3872	1000	.	352.391968	6.666107	-1	195	chrY	11042721	11042943	ENSG00000273858	.	-	ENSG00000273858.1	258795
chrY	10784102	10784367	peak_3873	1000	.	387.687347	8.309755	-1	230	chrY	11042721	11042943	ENSG00000273858	.	-	ENSG00000273858.1	258355
chrY	10785218	10785333	peak_3874	1000	.	480.704620	9.014750	-1	44	chrY	11042721	11042943	ENSG00000273858	.	-	ENSG00000273858.1	257389
chrY	10785746	10786563	peak_3875	1000	.	1021.153259	10.223215	-1	239	chrY	11042721	11042943	ENSG00000273858	.	-	ENSG00000273858.1	256159
chrY	10786934	10787334	peak_3876	704	.	281.460114	4.395352	-1	375	chrY	11042721	11042943	ENSG00000273858	.	-	ENSG00000273858.1	255388
chrY	10789181	10789444	peak_3877	1000	.	434.348785	7.113194	-1	185	chrY	11042721	11042943	ENSG00000273858	.	-	ENSG00000273858.1	253278
chrY	10789776	10790315	peak_3878	1000	.	861.921997	7.503445	-1	147	chrY	11042721	11042943	ENSG00000273858	.	-	ENSG00000273858.1	252407
chrY	10790889	10791336	peak_3879	1000	.	702.950745	7.215447	-1	300	chrY	11042721	11042943	ENSG00000273858	.	-	ENSG00000273858.1	251386
chrY	10791864	10792071	peak_3880	1000	.	398.905334	8.583626	-1	51	chrY	11042721	11042943	ENSG00000273858	.	-	ENSG00000273858.1	250651
chrY	10792221	10792811	peak_3881	1000	.	852.758240	8.517250	-1	217	chrY	11042721	11042943	ENSG00000273858	.	-	ENSG00000273858.1	249911
chrY	10792964	10793362	peak_3882	1000	.	762.018921	7.314430	-1	200	chrY	11042721	11042943	ENSG00000273858	.	-	ENSG00000273858.1	249360
chrY	10793504	10793976	peak_3883	512	.	241.768036	4.395352	-1	185	chrY	11042721	11042943	ENSG00000273858	.	-	ENSG00000273858.1	248746
chrY	10794217	10794327	peak_3884	1000	.	273.262543	5.496779	-1	76	chrY	11042721	11042943	ENSG00000273858	.	-	ENSG00000273858.1	248395
chrY	10794630	10794742	peak_3885	1000	.	205.975082	4.892064	-1	27	chrY	11042721	11042943	ENSG00000273858	.	-	ENSG00000273858.1	247980
chrY	10795052	10795208	peak_3886	1000	.	229.996246	5.496779	-1	36	chrY	11042721	11042943	ENSG00000273858	.	-	ENSG00000273858.1	247514
chrY	10796068	10797012	peak_3887	1000	.	1868.188477	12.415017	-1	55	chrY	11042721	11042943	ENSG00000273858	.	-	ENSG00000273858.1	245710
chrY	10797490	10797999	peak_3888	1000	.	761.735657	6.543151	-1	425	chrY	11042721	11042943	ENSG00000273858	.	-	ENSG00000273858.1	244723
chrY	10798170	10798389	peak_3889	1000	.	527.137390	7.503445	-1	69	chrY	11042721	11042943	ENSG00000273858	.	-	ENSG00000273858.1	244333
chrY	10798671	10798827	peak_3890	1000	.	351.232605	10.223215	-1	26	chrY	11042721	11042943	ENSG00000273858	.	-	ENSG00000273858.1	243895
chrY	10799065	10799763	peak_3891	943	.	657.921936	8.897087	-1	230	chrY	11042721	11042943	ENSG00000273858	.	-	ENSG00000273858.1	242959
chrY	10799875	10801816	peak_3892	1000	.	2820.166504	10.140387	-1	1786	chrY	11042721	11042943	ENSG00000273858	.	-	ENSG00000273858.1	240906
chrY	10801954	10802233	peak_3893	1000	.	306.358002	5.309801	-1	248	chrY	11042721	11042943	ENSG00000273858	.	-	ENSG00000273858.1	240489
chrY	10802351	10802511	peak_3894	1000	.	474.182709	8.956428	-1	35	chrY	11042721	11042943	ENSG00000273858	.	-	ENSG00000273858.1	240211
chrY	10803731	10804041	peak_3895	725	.	224.705627	5.309801	-1	197	chrY	11042721	11042943	ENSG00000273858	.	-	ENSG00000273858.1	238681
chrY	10804739	10804964	peak_3896	1000	.	427.120422	6.784213	-1	73	chrY	11042721	11042943	ENSG00000273858	.	-	ENSG00000273858.1	237758
chrY	10805331	10805480	peak_3897	1000	.	246.797226	5.109050	-1	122	chrY	11042721	11042943	ENSG00000273858	.	-	ENSG00000273858.1	237242
chrY	10806041	10806116	peak_3898	1000	.	286.856262	8.010967	-1	47	chrY	11042721	11042943	ENSG00000273858	.	-	ENSG00000273858.1	236606
chrY	10806231	10806835	peak_3899	538	.	324.948761	4.395352	-1	237	chrY	11042721	11042943	ENSG00000273858	.	-	ENSG00000273858.1	235887
chrY	10806997	10807561	peak_3900	1000	.	1046.593140	7.767279	-1	225	chrY	11042721	11042943	ENSG00000273858	.	-	ENSG00000273858.1	235161
chrY	10807982	10808328	peak_3901	1000	.	851.106567	16.731560	-1	35	chrY	11042721	11042943	ENSG00000273858	.	-	ENSG00000273858.1	234394
chrY	10808451	10808658	peak_3902	1000	.	264.976105	6.543151	-1	164	chrY	11042721	11042943	ENSG00000273858	.	-	ENSG00000273858.1	234064
chrY	10808859	10809624	peak_3903	1000	.	1073.280029	8.163781	-1	495	chrY	11042721	11042943	ENSG00000273858	.	-	ENSG00000273858.1	233098
chrY	10810554	10810771	peak_3904	1000	.	352.721954	5.671912	-1	29	chrY	11042721	11042943	ENSG00000273858	.	-	ENSG00000273858.1	231951
chrY	10810877	10811438	peak_3905	733	.	411.437836	5.496779	-1	464	chrY	11042721	11042943	ENSG00000273858	.	-	ENSG00000273858.1	231284
chrY	10812248	10812697	peak_3906	1000	.	632.554199	8.237581	-1	30	chrY	11042721	11042943	ENSG00000273858	.	-	ENSG00000273858.1	230025
chrY	10812835	10813397	peak_3907	398	.	223.865540	4.105179	-1	341	chrY	11042721	11042943	ENSG00000273858	.	-	ENSG00000273858.1	229325
chrY	10813550	10813658	peak_3908	1000	.	227.735229	5.109050	-1	20	chrY	11042721	11042943	ENSG00000273858	.	-	ENSG00000273858.1	229064
chrY	10816094	10816340	peak_3909	1000	.	284.153992	6.414886	-1	24	chrY	11042721	11042943	ENSG00000273858	.	-	ENSG00000273858.1	226382
chrY	10816488	10816752	peak_3910	1000	.	519.897827	8.712543	-1	44	chrY	11042721	11042943	ENSG00000273858	.	-	ENSG00000273858.1	225970
chrY	10818320	10818811	peak_3911	1000	.	793.179688	7.503445	-1	351	chrY	11042721	11042943	ENSG00000273858	.	-	ENSG00000273858.1	223911
chrY	10819261	10819539	peak_3912	1000	.	303.864929	5.109050	-1	151	chrY	11042721	11042943	ENSG00000273858	.	-	ENSG00000273858.1	223183
chrY	10819792	10820043	peak_3913	1000	.	259.438446	5.671912	-1	28	chrY	11042721	11042943	ENSG00000273858	.	-	ENSG00000273858.1	222679
chrY	10820164	10820471	peak_3914	829	.	254.413116	5.109050	-1	239	chrY	11042721	11042943	ENSG00000273858	.	-	ENSG00000273858.1	222251
chrY	10820925	10821223	peak_3915	934	.	278.480408	5.309801	-1	58	chrY	11042721	11042943	ENSG00000273858	.	-	ENSG00000273858.1	221499
chrY	10821641	10821969	peak_3916	1000	.	526.960510	6.784213	-1	290	chrY	11042721	11042943	ENSG00000273858	.	-	ENSG00000273858.1	220753
chrY	10822188	10822357	peak_3917	1000	.	201.122543	4.892064	-1	143	chrY	11042721	11042943	ENSG00000273858	.	-	ENSG00000273858.1	220365
chrY	10822599	10822811	peak_3918	1000	.	278.731476	6.140231	-1	74	chrY	11042721	11042943	ENSG00000273858	.	-	ENSG00000273858.1	219911
chrY	10823298	10824322	peak_3919	941	.	963.295593	8.088272	-1	436	chrY	11042721	11042943	ENSG00000273858	.	-	ENSG00000273858.1	218400
chrY	10824960	10825694	peak_3920	1000	.	1507.163696	10.825370	-1	276	chrY	11042721	11042943	ENSG00000273858	.	-	ENSG00000273858.1	217028
chrY	10826137	10826622	peak_3921	1000	.	529.377014	6.414886	-1	442	chrY	11042721	11042943	ENSG00000273858	.	-	ENSG00000273858.1	216100
chrY	10826756	10827342	peak_3922	645	.	377.836670	4.395352	-1	103	chrY	11042721	11042943	ENSG00000273858	.	-	ENSG00000273858.1	215380
chrY	10827868	10828008	peak_3923	1000	.	307.742859	6.280785	-1	41	chrY	11042721	11042943	ENSG00000273858	.	-	ENSG00000273858.1	214714
chrY	10828135	10828421	peak_3924	1000	.	322.491425	7.850579	-1	45	chrY	11042721	11042943	ENSG00000273858	.	-	ENSG00000273858.1	214301
chrY	10828661	10829049	peak_3925	1000	.	415.775574	5.496779	-1	191	chrY	11042721	11042943	ENSG00000273858	.	-	ENSG00000273858.1	213673
chrY	10829200	10829825	peak_3926	656	.	410.232849	5.109050	-1	132	chrY	11042721	11042943	ENSG00000273858	.	-	ENSG00000273858.1	212897
chrY	10830876	10831334	peak_3927	1000	.	467.157990	8.237581	-1	31	chrY	11042721	11042943	ENSG00000273858	.	-	ENSG00000273858.1	211388
chrY	10831465	10831640	peak_3928	1000	.	455.973328	8.163781	-1	100	chrY	11042721	11042943	ENSG00000273858	.	-	ENSG00000273858.1	211082
chrY	10831834	10832663	peak_3929	984	.	816.028076	5.671912	-1	579	chrY	11042721	11042943	ENSG00000273858	.	-	ENSG00000273858.1	210059
chrY	10833001	10833239	peak_3930	1000	.	453.489105	10.422315	-1	100	chrY	11042721	11042943	ENSG00000273858	.	-	ENSG00000273858.1	209483
chrY	10834094	10834585	peak_3931	1000	.	608.334229	5.671912	-1	456	chrY	11042721	11042943	ENSG00000273858	.	-	ENSG00000273858.1	208137
chrY	10835490	10835831	peak_3932	1000	.	447.530731	5.992500	-1	47	chrY	11042721	11042943	ENSG00000273858	.	-	ENSG00000273858.1	206891
chrY	10836453	10836646	peak_3933	1000	.	390.570465	5.671912	-1	93	chrY	11042721	11042943	ENSG00000273858	.	-	ENSG00000273858.1	206076
chrY	10836979	10837451	peak_3934	710	.	335.197449	5.309801	-1	173	chrY	11042721	11042943	ENSG00000273858	.	-	ENSG00000273858.1	205271
chrY	10837769	10837958	peak_3935	1000	.	302.240723	6.784213	-1	68	chrY	11042721	11042943	ENSG00000273858	.	-	ENSG00000273858.1	204764
chrY	10838561	10839199	peak_3936	1000	.	684.245117	9.345212	-1	471	chrY	11042721	11042943	ENSG00000273858	.	-	ENSG00000273858.1	203523
chrY	10839543	10840062	peak_3937	1000	.	561.341187	5.992500	-1	429	chrY	11042721	11042943	ENSG00000273858	.	-	ENSG00000273858.1	202660
chrY	10840827	10841139	peak_3938	1000	.	329.133636	5.109050	-1	213	chrY	11042721	11042943	ENSG00000273858	.	-	ENSG00000273858.1	201583
chrY	10841838	10842105	peak_3939	1000	.	437.233887	7.503445	-1	131	chrY	11042721	11042943	ENSG00000273858	.	-	ENSG00000273858.1	200617
chrY	10842456	10842795	peak_3940	1000	.	486.080139	6.897870	-1	76	chrY	11042721	11042943	ENSG00000273858	.	-	ENSG00000273858.1	199927
chrY	10842979	10843140	peak_3941	1000	.	221.865463	5.109050	-1	28	chrY	11042721	11042943	ENSG00000273858	.	-	ENSG00000273858.1	199582
chrY	10843290	10843884	peak_3942	827	.	491.393677	6.543151	-1	111	chrY	11042721	11042943	ENSG00000273858	.	-	ENSG00000273858.1	198838
chrY	10844037	10844269	peak_3943	1000	.	321.379211	7.007426	-1	199	chrY	11042721	11042943	ENSG00000273858	.	-	ENSG00000273858.1	198453
chrY	10844514	10845086	peak_3944	1000	.	572.087341	6.666107	-1	126	chrY	11042721	11042943	ENSG00000273858	.	-	ENSG00000273858.1	197636
chrY	10845566	10845796	peak_3945	1000	.	698.595764	8.517250	-1	134	chrY	11042721	11042943	ENSG00000273858	.	-	ENSG00000273858.1	196926
chrY	10845910	10846129	peak_3946	1000	.	276.817108	7.314430	-1	157	chrY	11042721	11042943	ENSG00000273858	.	-	ENSG00000273858.1	196593
chrY	10846492	10847201	peak_3947	872	.	618.164246	6.543151	-1	26	chrY	11042721	11042943	ENSG00000273858	.	-	ENSG00000273858.1	195521
chrY	10847436	10847655	peak_3948	1000	.	241.466003	5.496779	-1	33	chrY	11042721	11042943	ENSG00000273858	.	-	ENSG00000273858.1	195067
chrY	10847929	10848479	peak_3949	922	.	507.160034	9.345212	-1	136	chrY	11042721	11042943	ENSG00000273858	.	-	ENSG00000273858.1	194243
chrY	10848630	10849433	peak_3950	771	.	619.483765	8.010967	-1	22	chrY	11042721	11042943	ENSG00000273858	.	-	ENSG00000273858.1	193289
chrY	10849684	10849865	peak_3951	1000	.	200.872894	6.414886	-1	153	chrY	11042721	11042943	ENSG00000273858	.	-	ENSG00000273858.1	192857
chrY	10850289	10850865	peak_3952	1000	.	582.649048	7.007426	-1	293	chrY	11042721	11042943	ENSG00000273858	.	-	ENSG00000273858.1	191857
chrY	10851021	10851479	peak_3953	987	.	451.870392	6.140231	-1	124	chrY	11042721	11042943	ENSG00000273858	.	-	ENSG00000273858.1	191243
chrY	10851677	10852224	peak_3954	1000	.	604.573792	6.897870	-1	173	chrY	11042721	11042943	ENSG00000273858	.	-	ENSG00000273858.1	190498
chrY	10852515	10852795	peak_3955	1000	.	613.816284	11.219981	-1	32	chrY	11042721	11042943	ENSG00000273858	.	-	ENSG00000273858.1	189927
chrY	10857603	10857942	peak_3956	1000	.	380.488098	5.309801	-1	22	chrY	11042721	11042943	ENSG00000273858	.	-	ENSG00000273858.1	184780
chrY	10858130	10858520	peak_3957	1000	.	531.418396	5.496779	-1	329	chrY	11042721	11042943	ENSG00000273858	.	-	ENSG00000273858.1	184202
chrY	10859161	10859750	peak_3958	464	.	273.130615	4.395352	-1	501	chrY	11042721	11042943	ENSG00000273858	.	-	ENSG00000273858.1	182972
chrY	10859878	10860135	peak_3959	987	.	253.720581	5.309801	-1	86	chrY	11042721	11042943	ENSG00000273858	.	-	ENSG00000273858.1	182587
chrY	10860253	10860370	peak_3960	1000	.	430.771576	9.924512	-1	35	chrY	11042721	11042943	ENSG00000273858	.	-	ENSG00000273858.1	182352
chrY	10860596	10861630	peak_3961	842	.	870.579712	6.543151	-1	339	chrY	11042721	11042943	ENSG00000273858	.	-	ENSG00000273858.1	181092
chrY	10862972	10863540	peak_3962	858	.	487.219940	8.380379	-1	105	chrY	11042721	11042943	ENSG00000273858	.	-	ENSG00000273858.1	179182
chrY	10863751	10864026	peak_3963	1000	.	367.172119	7.593853	-1	47	chrY	11042721	11042943	ENSG00000273858	.	-	ENSG00000273858.1	178696
chrY	10864473	10864713	peak_3964	1000	.	544.382568	7.767279	-1	195	chrY	11042721	11042943	ENSG00000273858	.	-	ENSG00000273858.1	178009
chrY	10865302	10866542	peak_3965	1000	.	1491.414551	7.850579	-1	168	chrY	11042721	11042943	ENSG00000273858	.	-	ENSG00000273858.1	176180
chrY	10867970	10868365	peak_3966	1000	.	611.122620	8.309755	-1	34	chrY	11042721	11042943	ENSG00000273858	.	-	ENSG00000273858.1	174357
chrY	10868731	10869134	peak_3967	1000	.	728.679077	8.517250	-1	168	chrY	11042721	11042943	ENSG00000273858	.	-	ENSG00000273858.1	173588
chrY	10869599	10870023	peak_3968	1000	.	553.025024	8.309755	-1	389	chrY	11042721	11042943	ENSG00000273858	.	-	ENSG00000273858.1	172699
chrY	10870283	10871157	peak_3969	1000	.	977.757202	7.113194	-1	701	chrY	11042721	11042943	ENSG00000273858	.	-	ENSG00000273858.1	171565
chrY	10872115	10872553	peak_3970	958	.	419.429596	6.543151	-1	181	chrY	11042721	11042943	ENSG00000273858	.	-	ENSG00000273858.1	170169
chrY	10873054	10873383	peak_3971	1000	.	785.035461	8.449522	-1	46	chrY	11042721	11042943	ENSG00000273858	.	-	ENSG00000273858.1	169339
chrY	10874640	10874852	peak_3972	1000	.	262.241211	6.140231	-1	35	chrY	11042721	11042943	ENSG00000273858	.	-	ENSG00000273858.1	167870
chrY	10875713	10875860	peak_3973	1000	.	270.726349	7.113194	-1	62	chrY	11042721	11042943	ENSG00000273858	.	-	ENSG00000273858.1	166862
chrY	10876555	10877122	peak_3974	733	.	415.787842	5.496779	-1	321	chrY	11042721	11042943	ENSG00000273858	.	-	ENSG00000273858.1	165600
chrY	10877243	10877468	peak_3975	1000	.	352.965973	6.140231	-1	91	chrY	11042721	11042943	ENSG00000273858	.	-	ENSG00000273858.1	165254
chrY	10877629	10878019	peak_3976	1000	.	445.989563	6.280785	-1	354	chrY	11042721	11042943	ENSG00000273858	.	-	ENSG00000273858.1	164703
chrY	10878236	10878402	peak_3977	1000	.	340.441284	6.280785	-1	24	chrY	11042721	11042943	ENSG00000273858	.	-	ENSG00000273858.1	164320
chrY	10879202	10879532	peak_3978	1000	.	566.358459	8.163781	-1	42	chrY	11042721	11042943	ENSG00000273858	.	-	ENSG00000273858.1	163190
chrY	10879760	10880082	peak_3979	1000	.	361.185059	7.215447	-1	282	chrY	11042721	11042943	ENSG00000273858	.	-	ENSG00000273858.1	162640
chrY	10880218	10881007	peak_3980	1000	.	1540.127197	10.343987	-1	508	chrY	11042721	11042943	ENSG00000273858	.	-	ENSG00000273858.1	161715
chrY	10881984	10882376	peak_3981	1000	.	739.218628	13.046779	-1	268	chrY	11042721	11042943	ENSG00000273858	.	-	ENSG00000273858.1	160346
chrY	10883374	10883776	peak_3982	1000	.	412.034424	7.931771	-1	370	chrY	11042721	11042943	ENSG00000273858	.	-	ENSG00000273858.1	158946
chrY	10883877	10884323	peak_3983	916	.	408.330231	5.671912	-1	35	chrY	11042721	11042943	ENSG00000273858	.	-	ENSG00000273858.1	158399
chrY	10884749	10885882	peak_3984	790	.	894.585022	5.992500	-1	909	chrY	11042721	11042943	ENSG00000273858	.	-	ENSG00000273858.1	156840
chrY	10887322	10888144	peak_3985	941	.	773.772888	6.414886	-1	691	chrY	11042721	11042943	ENSG00000273858	.	-	ENSG00000273858.1	154578
chrY	10888588	10888774	peak_3986	1000	.	212.337585	4.892064	-1	58	chrY	11042721	11042943	ENSG00000273858	.	-	ENSG00000273858.1	153948
chrY	10889038	10889941	peak_3987	1000	.	1088.987915	6.666107	-1	195	chrY	11042721	11042943	ENSG00000273858	.	-	ENSG00000273858.1	152781
chrY	10890085	10890359	peak_3988	995	.	272.747375	5.992500	-1	112	chrY	11042721	11042943	ENSG00000273858	.	-	ENSG00000273858.1	152363
chrY	10892497	10893130	peak_3989	1000	.	958.890259	7.410364	-1	316	chrY	11042721	11042943	ENSG00000273858	.	-	ENSG00000273858.1	149592
chrY	10893275	10893825	peak_3990	986	.	542.446106	6.140231	-1	515	chrY	11042721	11042943	ENSG00000273858	.	-	ENSG00000273858.1	148897
chrY	10894184	10895069	peak_3991	1000	.	1066.953491	6.784213	-1	565	chrY	11042721	11042943	ENSG00000273858	.	-	ENSG00000273858.1	147653
chrY	10895600	10895909	peak_3992	1000	.	646.934509	6.784213	-1	222	chrY	11042721	11042943	ENSG00000273858	.	-	ENSG00000273858.1	146813
chrY	10896289	10896386	peak_3993	1000	.	394.916595	9.694648	-1	58	chrY	11042721	11042943	ENSG00000273858	.	-	ENSG00000273858.1	146336
chrY	10898188	10898452	peak_3994	893	.	235.771759	5.671912	-1	164	chrY	11042721	11042943	ENSG00000273858	.	-	ENSG00000273858.1	144270
chrY	10898796	10899265	peak_3995	1000	.	697.373108	5.836737	-1	265	chrY	11042721	11042943	ENSG00000273858	.	-	ENSG00000273858.1	143457
chrY	10899908	10900251	peak_3996	1000	.	559.373657	6.666107	-1	47	chrY	11042721	11042943	ENSG00000273858	.	-	ENSG00000273858.1	142471
chrY	10900591	10900879	peak_3997	860	.	247.722855	5.309801	-1	255	chrY	11042721	11042943	ENSG00000273858	.	-	ENSG00000273858.1	141843
chrY	10901600	10901726	peak_3998	1000	.	229.933319	5.496779	-1	27	chrY	11042721	11042943	ENSG00000273858	.	-	ENSG00000273858.1	140996
chrY	10902158	10902258	peak_3999	1000	.	298.283173	6.897870	-1	33	chrY	11042721	11042943	ENSG00000273858	.	-	ENSG00000273858.1	140464
chrY	10903618	10904256	peak_4000	1000	.	923.239380	8.583626	-1	59	chrY	11042721	11042943	ENSG00000273858	.	-	ENSG00000273858.1	138466
chrY	10904546	10904714	peak_4001	1000	.	230.040283	6.543151	-1	28	chrY	11042721	11042943	ENSG00000273858	.	-	ENSG00000273858.1	138008
chrY	10905789	10906226	peak_4002	1000	.	462.946960	6.414886	-1	17	chrY	11042721	11042943	ENSG00000273858	.	-	ENSG00000273858.1	136496
chrY	10906870	10907077	peak_4003	1000	.	229.153061	5.496779	-1	22	chrY	11042721	11042943	ENSG00000273858	.	-	ENSG00000273858.1	135645
chrY	10907572	10907842	peak_4004	1000	.	553.296814	8.380379	-1	74	chrY	11042721	11042943	ENSG00000273858	.	-	ENSG00000273858.1	134880
chrY	10909518	10909740	peak_4005	1000	.	249.919830	5.309801	-1	187	chrY	11042721	11042943	ENSG00000273858	.	-	ENSG00000273858.1	132982
chrY	10910321	10910643	peak_4006	814	.	261.948944	4.105179	-1	19	chrY	11042721	11042943	ENSG00000273858	.	-	ENSG00000273858.1	132079
chrY	10911188	10911882	peak_4007	840	.	583.207581	6.666107	-1	514	chrY	11042721	11042943	ENSG00000273858	.	-	ENSG00000273858.1	130840
chrY	10911992	10912300	peak_4008	1000	.	613.289124	5.992500	-1	111	chrY	11042721	11042943	ENSG00000273858	.	-	ENSG00000273858.1	130422
chrY	10912423	10913078	peak_4009	968	.	633.812256	7.215447	-1	496	chrY	11042721	11042943	ENSG00000273858	.	-	ENSG00000273858.1	129644
chrY	10913732	10913937	peak_4010	1000	.	211.426895	5.109050	-1	83	chrY	11042721	11042943	ENSG00000273858	.	-	ENSG00000273858.1	128785
chrY	10914407	10915649	peak_4011	1000	.	1933.169800	9.549155	-1	176	chrY	11042721	11042943	ENSG00000273858	.	-	ENSG00000273858.1	127073
chrY	10915795	10916346	peak_4012	581	.	320.161102	4.892064	-1	141	chrY	11042721	11042943	ENSG00000273858	.	-	ENSG00000273858.1	126376
chrY	10918303	10918663	peak_4013	1000	.	526.123718	6.280785	-1	213	chrY	11042721	11042943	ENSG00000273858	.	-	ENSG00000273858.1	124059
chrY	10918778	10919198	peak_4014	829	.	347.997101	8.163781	-1	95	chrY	11042721	11042943	ENSG00000273858	.	-	ENSG00000273858.1	123524
chrY	10919307	10919631	peak_4015	1000	.	354.192993	5.836737	-1	295	chrY	11042721	11042943	ENSG00000273858	.	-	ENSG00000273858.1	123091
chrY	10920613	10920931	peak_4016	1000	.	419.357971	10.263924	-1	284	chrY	11042721	11042943	ENSG00000273858	.	-	ENSG00000273858.1	121791
chrY	10921101	10921666	peak_4017	1000	.	1154.253052	7.007426	-1	434	chrY	11042721	11042943	ENSG00000273858	.	-	ENSG00000273858.1	121056
chrY	10922354	10922487	peak_4018	1000	.	244.402786	5.109050	-1	77	chrY	11042721	11042943	ENSG00000273858	.	-	ENSG00000273858.1	120235
chrY	10924022	10924543	peak_4019	398	.	207.371017	4.105179	-1	492	chrY	11042721	11042943	ENSG00000273858	.	-	ENSG00000273858.1	118179
chrY	10924683	10924836	peak_4020	1000	.	223.875534	7.113194	-1	35	chrY	11042721	11042943	ENSG00000273858	.	-	ENSG00000273858.1	117886
chrY	10924971	10925110	peak_4021	1000	.	235.985352	5.671912	-1	30	chrY	11042721	11042943	ENSG00000273858	.	-	ENSG00000273858.1	117612
chrY	10925308	10926362	peak_4022	1000	.	1231.984497	6.414886	-1	605	chrY	11042721	11042943	ENSG00000273858	.	-	ENSG00000273858.1	116360
chrY	10926470	10927932	peak_4023	1000	.	1930.830322	10.263924	-1	204	chrY	11042721	11042943	ENSG00000273858	.	-	ENSG00000273858.1	114790
chrY	10928103	10928365	peak_4024	944	.	247.350632	5.496779	-1	82	chrY	11042721	11042943	ENSG00000273858	.	-	ENSG00000273858.1	114357
chrY	10928496	10928639	peak_4025	1000	.	222.772339	5.836737	-1	20	chrY	11042721	11042943	ENSG00000273858	.	-	ENSG00000273858.1	114083
chrY	10929070	10929248	peak_4026	1000	.	217.443375	6.543151	-1	146	chrY	11042721	11042943	ENSG00000273858	.	-	ENSG00000273858.1	113474
chrY	10929563	10929807	peak_4027	991	.	241.879120	5.309801	-1	26	chrY	11042721	11042943	ENSG00000273858	.	-	ENSG00000273858.1	112915
chrY	10929978	10930391	peak_4028	840	.	346.749207	6.666107	-1	27	chrY	11042721	11042943	ENSG00000273858	.	-	ENSG00000273858.1	112331
chrY	10930492	10931197	peak_4029	849	.	598.625183	7.850579	-1	62	chrY	11042721	11042943	ENSG00000273858	.	-	ENSG00000273858.1	111525
chrY	10931643	10932322	peak_4030	1000	.	730.023071	7.007426	-1	645	chrY	11042721	11042943	ENSG00000273858	.	-	ENSG00000273858.1	110400
chrY	10932505	10933007	peak_4031	1000	.	633.779053	5.836737	-1	386	chrY	11042721	11042943	ENSG00000273858	.	-	ENSG00000273858.1	109715
chrY	10933142	10933253	peak_4032	1000	.	439.211029	8.449522	-1	78	chrY	11042721	11042943	ENSG00000273858	.	-	ENSG00000273858.1	109469
chrY	10933419	10933852	peak_4033	989	.	428.228333	8.088272	-1	211	chrY	11042721	11042943	ENSG00000273858	.	-	ENSG00000273858.1	108870
chrY	10934216	10934411	peak_4034	1000	.	298.899170	7.410364	-1	35	chrY	11042721	11042943	ENSG00000273858	.	-	ENSG00000273858.1	108311
chrY	10934666	10935352	peak_4035	1000	.	727.117615	6.280785	-1	164	chrY	11042721	11042943	ENSG00000273858	.	-	ENSG00000273858.1	107370
chrY	10935464	10935656	peak_4036	1000	.	453.457092	7.215447	-1	153	chrY	11042721	11042943	ENSG00000273858	.	-	ENSG00000273858.1	107066
chrY	10935799	10936084	peak_4037	829	.	236.278961	4.892064	-1	273	chrY	11042721	11042943	ENSG00000273858	.	-	ENSG00000273858.1	106638
chrY	10936185	10936460	peak_4038	984	.	270.539062	5.109050	-1	51	chrY	11042721	11042943	ENSG00000273858	.	-	ENSG00000273858.1	106262
chrY	10936592	10936888	peak_4039	1000	.	369.119568	5.109050	-1	261	chrY	11042721	11042943	ENSG00000273858	.	-	ENSG00000273858.1	105834
chrY	10937368	10937836	peak_4040	1000	.	810.968750	8.775187	-1	317	chrY	11042721	11042943	ENSG00000273858	.	-	ENSG00000273858.1	104886
chrY	10938285	10938419	peak_4041	1000	.	367.779510	7.113194	-1	99	chrY	11042721	11042943	ENSG00000273858	.	-	ENSG00000273858.1	104303
chrY	10939460	10940415	peak_4042	1000	.	973.642273	11.461657	-1	331	chrY	11042721	11042943	ENSG00000273858	.	-	ENSG00000273858.1	102307
chrY	10940544	10941246	peak_4043	886	.	621.900879	5.496779	-1	440	chrY	11042721	11042943	ENSG00000273858	.	-	ENSG00000273858.1	101476
chrY	10942286	10942504	peak_4044	1000	.	301.624481	5.109050	-1	21	chrY	11042721	11042943	ENSG00000273858	.	-	ENSG00000273858.1	100218
chrY	10942612	10942936	peak_4045	1000	.	344.088623	6.280785	-1	85	chrY	11042721	11042943	ENSG00000273858	.	-	ENSG00000273858.1	99786
chrY	10943077	10944209	peak_4046	704	.	797.471191	6.280785	-1	1101	chrY	11042721	11042943	ENSG00000273858	.	-	ENSG00000273858.1	98513
chrY	10944804	10945785	peak_4047	1000	.	1238.525269	7.681748	-1	472	chrY	11042721	11042943	ENSG00000273858	.	-	ENSG00000273858.1	96937
chrY	10946458	10946754	peak_4048	1000	.	396.245453	5.109050	-1	271	chrY	11042721	11042943	ENSG00000273858	.	-	ENSG00000273858.1	95968
chrY	10946871	10947717	peak_4049	1000	.	893.782593	7.767279	-1	764	chrY	11042721	11042943	ENSG00000273858	.	-	ENSG00000273858.1	95005
chrY	10948282	10948546	peak_4050	1000	.	356.047668	5.496779	-1	87	chrY	11042721	11042943	ENSG00000273858	.	-	ENSG00000273858.1	94176
chrY	10948972	10950043	peak_4051	1000	.	1089.772217	6.140231	-1	48	chrY	11042721	11042943	ENSG00000273858	.	-	ENSG00000273858.1	92679
chrY	10950360	10951356	peak_4052	989	.	985.527161	10.098244	-1	34	chrY	11042721	11042943	ENSG00000273858	.	-	ENSG00000273858.1	91366
chrY	10951586	10952709	peak_4053	890	.	999.310486	6.414886	-1	680	chrY	11042721	11042943	ENSG00000273858	.	-	ENSG00000273858.1	90013
chrY	10952986	10953737	peak_4054	598	.	448.802795	5.496779	-1	393	chrY	11042721	11042943	ENSG00000273858	.	-	ENSG00000273858.1	88985
chrY	10954228	10954401	peak_4055	1000	.	371.015564	7.007426	-1	78	chrY	11042721	11042943	ENSG00000273858	.	-	ENSG00000273858.1	88321
chrY	10954871	10955716	peak_4056	678	.	572.744995	6.280785	-1	647	chrY	11042721	11042943	ENSG00000273858	.	-	ENSG00000273858.1	87006
chrY	10955983	10956649	peak_4057	1000	.	807.815063	9.694648	-1	621	chrY	11042721	11042943	ENSG00000273858	.	-	ENSG00000273858.1	86073
chrY	10958303	10959515	peak_4058	1000	.	1426.761230	6.543151	-1	537	chrY	11042721	11042943	ENSG00000273858	.	-	ENSG00000273858.1	83207
chrY	10959618	10959926	peak_4059	860	.	264.803772	4.655616	-1	184	chrY	11042721	11042943	ENSG00000273858	.	-	ENSG00000273858.1	82796
chrY	10960249	10960897	peak_4060	833	.	539.616089	6.784213	-1	618	chrY	11042721	11042943	ENSG00000273858	.	-	ENSG00000273858.1	81825
chrY	10961030	10961613	peak_4061	903	.	526.503784	6.414886	-1	153	chrY	11042721	11042943	ENSG00000273858	.	-	ENSG00000273858.1	81109
chrY	10962539	10962761	peak_4062	992	.	220.324631	4.892064	-1	92	chrY	11042721	11042943	ENSG00000273858	.	-	ENSG00000273858.1	79961
chrY	10962888	10962981	peak_4063	1000	.	255.931396	6.666107	-1	45	chrY	11042721	11042943	ENSG00000273858	.	-	ENSG00000273858.1	79741
chrY	10964199	10964260	peak_4064	1000	.	280.557861	8.648705	-1	28	chrY	11042721	11042943	ENSG00000273858	.	-	ENSG00000273858.1	78462
chrY	10964384	10965669	peak_4065	1000	.	1384.085205	7.113194	-1	1222	chrY	11042721	11042943	ENSG00000273858	.	-	ENSG00000273858.1	77053
chrY	10967343	10967582	peak_4066	1000	.	648.989807	11.633275	-1	209	chrY	11042721	11042943	ENSG00000273858	.	-	ENSG00000273858.1	75140
chrY	10967695	10967767	peak_4067	1000	.	251.658737	7.410364	-1	37	chrY	11042721	11042943	ENSG00000273858	.	-	ENSG00000273858.1	74955
chrY	10968123	10968533	peak_4068	490	.	201.073288	4.655616	-1	319	chrY	11042721	11042943	ENSG00000273858	.	-	ENSG00000273858.1	74189
chrY	10968993	10969309	peak_4069	861	.	272.171112	5.496779	-1	285	chrY	11042721	11042943	ENSG00000273858	.	-	ENSG00000273858.1	73413
chrY	10969449	10969992	peak_4070	587	.	318.572510	4.655616	-1	516	chrY	11042721	11042943	ENSG00000273858	.	-	ENSG00000273858.1	72730
chrY	10971027	10971344	peak_4071	1000	.	511.370972	6.784213	-1	236	chrY	11042721	11042943	ENSG00000273858	.	-	ENSG00000273858.1	71378
chrY	10971666	10971986	peak_4072	1000	.	384.257416	5.836737	-1	239	chrY	11042721	11042943	ENSG00000273858	.	-	ENSG00000273858.1	70736
chrY	10972819	10973445	peak_4073	811	.	507.420471	7.767279	-1	412	chrY	11042721	11042943	ENSG00000273858	.	-	ENSG00000273858.1	69277
chrY	10973565	10974047	peak_4074	1000	.	1319.992676	10.961621	-1	44	chrY	11042721	11042943	ENSG00000273858	.	-	ENSG00000273858.1	68675
chrY	10974206	10974496	peak_4075	859	.	249.163910	5.309801	-1	257	chrY	11042721	11042943	ENSG00000273858	.	-	ENSG00000273858.1	68226
chrY	10975673	10976517	peak_4076	690	.	582.424011	6.784213	-1	281	chrY	11042721	11042943	ENSG00000273858	.	-	ENSG00000273858.1	66205
chrY	10976893	10977135	peak_4077	1000	.	672.978271	12.826650	-1	37	chrY	11042721	11042943	ENSG00000273858	.	-	ENSG00000273858.1	65587
chrY	10977577	10978015	peak_4078	462	.	202.244553	5.109050	-1	235	chrY	11042721	11042943	ENSG00000273858	.	-	ENSG00000273858.1	64707
chrY	10978715	10979162	peak_4079	690	.	308.587433	4.105179	-1	421	chrY	11042721	11042943	ENSG00000273858	.	-	ENSG00000273858.1	63560
chrY	10979329	10979408	peak_4080	1000	.	307.537567	7.314430	-1	45	chrY	11042721	11042943	ENSG00000273858	.	-	ENSG00000273858.1	63314
chrY	10979785	10980367	peak_4081	868	.	505.105927	8.010967	-1	50	chrY	11042721	11042943	ENSG00000273858	.	-	ENSG00000273858.1	62355
chrY	10980664	10980924	peak_4082	1000	.	358.355438	4.892064	-1	139	chrY	11042721	11042943	ENSG00000273858	.	-	ENSG00000273858.1	61798
chrY	10982189	10983328	peak_4083	1000	.	1221.360107	6.666107	-1	871	chrY	11042721	11042943	ENSG00000273858	.	-	ENSG00000273858.1	59394
chrY	10983912	10984137	peak_4084	996	.	224.186325	5.671912	-1	68	chrY	11042721	11042943	ENSG00000273858	.	-	ENSG00000273858.1	58585
chrY	10984790	10985463	peak_4085	1000	.	802.445374	7.931771	-1	126	chrY	11042721	11042943	ENSG00000273858	.	-	ENSG00000273858.1	57259
chrY	10986223	10986459	peak_4086	1000	.	354.086945	6.897870	-1	174	chrY	11042721	11042943	ENSG00000273858	.	-	ENSG00000273858.1	56263
chrY	10986741	10986971	peak_4087	1000	.	546.173157	8.648705	-1	103	chrY	11042721	11042943	ENSG00000273858	.	-	ENSG00000273858.1	55751
chrY	10987104	10987566	peak_4088	1000	.	777.124634	7.113194	-1	106	chrY	11042721	11042943	ENSG00000273858	.	-	ENSG00000273858.1	55156
chrY	10987729	10987895	peak_4089	1000	.	811.664795	10.498986	-1	34	chrY	11042721	11042943	ENSG00000273858	.	-	ENSG00000273858.1	54827
chrY	10988328	10989196	peak_4090	905	.	785.541260	5.309801	-1	310	chrY	11042721	11042943	ENSG00000273858	.	-	ENSG00000273858.1	53526
chrY	10989368	10989634	peak_4091	853	.	226.865265	4.655616	-1	94	chrY	11042721	11042943	ENSG00000273858	.	-	ENSG00000273858.1	53088
chrY	10991018	10991301	peak_4092	1000	.	521.246216	8.237581	-1	221	chrY	11042721	11042943	ENSG00000273858	.	-	ENSG00000273858.1	51421
chrY	10992017	10992410	peak_4093	1000	.	485.290314	5.836737	-1	245	chrY	11042721	11042943	ENSG00000273858	.	-	ENSG00000273858.1	50312
chrY	10992528	10993063	peak_4094	1000	.	621.321106	7.850579	-1	34	chrY	11042721	11042943	ENSG00000273858	.	-	ENSG00000273858.1	49659
chrY	10993206	10993594	peak_4095	784	.	304.363007	4.892064	-1	355	chrY	11042721	11042943	ENSG00000273858	.	-	ENSG00000273858.1	49128
chrY	10994083	10994476	peak_4096	1000	.	448.957642	5.309801	-1	34	chrY	11042721	11042943	ENSG00000273858	.	-	ENSG00000273858.1	48246
chrY	10994577	10994736	peak_4097	1000	.	341.849762	8.956428	-1	45	chrY	11042721	11042943	ENSG00000273858	.	-	ENSG00000273858.1	47986
chrY	10995602	10996157	peak_4098	603	.	334.515472	6.414886	-1	208	chrY	11042721	11042943	ENSG00000273858	.	-	ENSG00000273858.1	46565
chrY	10996837	10997177	peak_4099	1000	.	377.099121	6.280785	-1	307	chrY	11042721	11042943	ENSG00000273858	.	-	ENSG00000273858.1	45545
chrY	10997300	10998441	peak_4100	1000	.	1813.990356	8.836688	-1	432	chrY	11042721	11042943	ENSG00000273858	.	-	ENSG00000273858.1	44281
chrY	10998576	10999163	peak_4101	1000	.	868.981018	6.140231	-1	28	chrY	11042721	11042943	ENSG00000273858	.	-	ENSG00000273858.1	43559
chrY	10999355	11000058	peak_4102	1000	.	1336.954102	13.807573	-1	573	chrY	11042721	11042943	ENSG00000273858	.	-	ENSG00000273858.1	42664
chrY	11000381	11000484	peak_4103	1000	.	441.632874	7.850579	-1	34	chrY	11042721	11042943	ENSG00000273858	.	-	ENSG00000273858.1	42238
chrY	11001437	11001629	peak_4104	1000	.	230.959763	4.655616	-1	158	chrY	11042721	11042943	ENSG00000273858	.	-	ENSG00000273858.1	41093
chrY	11001783	11002091	peak_4105	864	.	266.218903	5.671912	-1	129	chrY	11042721	11042943	ENSG00000273858	.	-	ENSG00000273858.1	40631
chrY	11003348	11003800	peak_4106	666	.	300.967560	4.892064	-1	353	chrY	11042721	11042943	ENSG00000273858	.	-	ENSG00000273858.1	38922
chrY	11003906	11004127	peak_4107	1000	.	289.457825	6.543151	-1	34	chrY	11042721	11042943	ENSG00000273858	.	-	ENSG00000273858.1	38595
chrY	11004353	11004483	peak_4108	1000	.	359.563843	5.992500	-1	64	chrY	11042721	11042943	ENSG00000273858	.	-	ENSG00000273858.1	38239
chrY	11004764	11004994	peak_4109	1000	.	354.683105	7.113194	-1	32	chrY	11042721	11042943	ENSG00000273858	.	-	ENSG00000273858.1	37728
chrY	11005408	11005631	peak_4110	1000	.	223.839111	6.280785	-1	146	chrY	11042721	11042943	ENSG00000273858	.	-	ENSG00000273858.1	37091
chrY	11006325	11006701	peak_4111	1000	.	482.471161	9.499280	-1	321	chrY	11042721	11042943	ENSG00000273858	.	-	ENSG00000273858.1	36021
chrY	11008724	11009109	peak_4112	957	.	368.522705	8.583626	-1	28	chrY	11042721	11042943	ENSG00000273858	.	-	ENSG00000273858.1	33613
chrY	11009751	11010314	peak_4113	688	.	387.176361	5.109050	-1	507	chrY	11042721	11042943	ENSG00000273858	.	-	ENSG00000273858.1	32408
chrY	11010430	11010947	peak_4114	406	.	209.991959	4.655616	-1	467	chrY	11042721	11042943	ENSG00000273858	.	-	ENSG00000273858.1	31775
chrY	11011344	11012106	peak_4115	1000	.	916.724365	10.304177	-1	151	chrY	11042721	11042943	ENSG00000273858	.	-	ENSG00000273858.1	30616
chrY	11012246	11012421	peak_4116	1000	.	499.228973	8.309755	-1	35	chrY	11042721	11042943	ENSG00000273858	.	-	ENSG00000273858.1	30301
chrY	11013059	11013695	peak_4117	794	.	504.757324	6.140231	-1	188	chrY	11042721	11042943	ENSG00000273858	.	-	ENSG00000273858.1	29027
chrY	11013834	11013968	peak_4118	1000	.	227.372406	5.992500	-1	108	chrY	11042721	11042943	ENSG00000273858	.	-	ENSG00000273858.1	28754
chrY	11014312	11014713	peak_4119	1000	.	869.552734	7.113194	-1	32	chrY	11042721	11042943	ENSG00000273858	.	-	ENSG00000273858.1	28009
chrY	11014985	11015574	peak_4120	984	.	579.386414	7.113194	-1	486	chrY	11042721	11042943	ENSG00000273858	.	-	ENSG00000273858.1	27148
chrY	11015698	11015934	peak_4121	958	.	226.068893	5.309801	-1	202	chrY	11042721	11042943	ENSG00000273858	.	-	ENSG00000273858.1	26788
chrY	11016173	11016426	peak_4122	1000	.	265.468536	4.892064	-1	25	chrY	11042721	11042943	ENSG00000273858	.	-	ENSG00000273858.1	26296
chrY	11016661	11016939	peak_4123	1000	.	532.985229	7.931771	-1	202	chrY	11042721	11042943	ENSG00000273858	.	-	ENSG00000273858.1	25783
chrY	11017322	11018288	peak_4124	597	.	576.327209	4.105179	-1	83	chrY	11042721	11042943	ENSG00000273858	.	-	ENSG00000273858.1	24434
chrY	11018657	11019495	peak_4125	904	.	757.970032	6.140231	-1	635	chrY	11042721	11042943	ENSG00000273858	.	-	ENSG00000273858.1	23227
chrY	11020028	11021092	peak_4126	518	.	551.376404	5.309801	-1	1033	chrY	11042721	11042943	ENSG00000273858	.	-	ENSG00000273858.1	21630
chrY	11021194	11021681	peak_4127	756	.	368.325165	4.395352	-1	276	chrY	11042721	11042943	ENSG00000273858	.	-	ENSG00000273858.1	21041
chrY	11021998	11022680	peak_4128	1000	.	717.832520	6.280785	-1	34	chrY	11042721	11042943	ENSG00000273858	.	-	ENSG00000273858.1	20042
chrY	11022856	11023344	peak_4129	815	.	397.669952	6.543151	-1	32	chrY	11042721	11042943	ENSG00000273858	.	-	ENSG00000273858.1	19378
chrY	11024391	11024718	peak_4130	994	.	325.009430	6.543151	-1	78	chrY	11042721	11042943	ENSG00000273858	.	-	ENSG00000273858.1	18004
chrY	11025010	11025580	peak_4131	893	.	509.214478	6.897870	-1	35	chrY	11042721	11042943	ENSG00000273858	.	-	ENSG00000273858.1	17142
chrY	11027277	11028265	peak_4132	686	.	677.538574	5.109050	-1	899	chrY	11042721	11042943	ENSG00000273858	.	-	ENSG00000273858.1	14457
chrY	11029548	11029764	peak_4133	1000	.	360.021240	6.414886	-1	180	chrY	11042721	11042943	ENSG00000273858	.	-	ENSG00000273858.1	12958
chrY	11030123	11030237	peak_4134	1000	.	221.194107	6.414886	-1	78	chrY	11042721	11042943	ENSG00000273858	.	-	ENSG00000273858.1	12485
chrY	11030646	11030817	peak_4135	1000	.	301.862518	5.992500	-1	120	chrY	11042721	11042943	ENSG00000273858	.	-	ENSG00000273858.1	11905
chrY	11031183	11031647	peak_4136	1000	.	732.948547	11.372837	-1	423	chrY	11042721	11042943	ENSG00000273858	.	-	ENSG00000273858.1	11075
chrY	11033123	11033280	peak_4137	1000	.	347.084290	8.237581	-1	35	chrY	11042721	11042943	ENSG00000273858	.	-	ENSG00000273858.1	9442
chrY	11033540	11034143	peak_4138	979	.	590.376953	5.836737	-1	337	chrY	11042721	11042943	ENSG00000273858	.	-	ENSG00000273858.1	8579
chrY	11034991	11035443	peak_4139	636	.	287.452393	4.655616	-1	282	chrY	11042721	11042943	ENSG00000273858	.	-	ENSG00000273858.1	7279
chrY	11035853	11036230	peak_4140	1000	.	429.483948	4.892064	-1	35	chrY	11042721	11042943	ENSG00000273858	.	-	ENSG00000273858.1	6492
chrY	11037046	11037210	peak_4141	1000	.	224.902451	6.280785	-1	128	chrY	11042721	11042943	ENSG00000273858	.	-	ENSG00000273858.1	5512
chrY	11037936	11038233	peak_4142	718	.	213.389557	4.395352	-1	212	chrY	11042721	11042943	ENSG00000273858	.	-	ENSG00000273858.1	4489
chrY	11038604	11038667	peak_4143	1000	.	210.156158	6.897870	-1	31	chrY	11042721	11042943	ENSG00000273858	.	-	ENSG00000273858.1	4055
chrY	11039163	11039584	peak_4144	1000	.	679.274475	11.980564	-1	164	chrY	11042721	11042943	ENSG00000273858	.	-	ENSG00000273858.1	3138
chrY	11039996	11040195	peak_4145	1000	.	274.716736	7.113194	-1	168	chrY	11042721	11042943	ENSG00000273858	.	-	ENSG00000273858.1	2527
chrY	11040551	11040778	peak_4146	1000	.	340.023163	6.140231	-1	188	chrY	11042721	11042943	ENSG00000273858	.	-	ENSG00000273858.1	1944
chrY	11290756	11291219	peak_4147	1000	.	898.329773	9.014750	-1	268	chrY	11306917	11308181	DUX4L16	.	+	ENSG00000258567.1	15699
chrY	11291388	11295318	peak_4148	1000	.	4984.210938	6.666107	-1	2274	chrY	11306917	11308181	DUX4L16	.	+	ENSG00000258567.1	11600
chrY	11295427	11299007	peak_4149	1000	.	7331.125000	12.369070	-1	2526	chrY	11306917	11308181	DUX4L16	.	+	ENSG00000258567.1	7911
chrY	11299116	11301212	peak_4150	1000	.	5269.373047	12.031312	-1	1748	chrY	11306917	11308181	DUX4L16	.	+	ENSG00000258567.1	5706
chrY	11301351	11302556	peak_4151	1000	.	4300.927246	10.928026	-1	969	chrY	11306917	11308181	DUX4L16	.	+	ENSG00000258567.1	4362
chrY	11302663	11306549	peak_4152	1000	.	10139.087891	14.993000	-1	116	chrY	11306917	11308181	DUX4L16	.	+	ENSG00000258567.1	369
chrY	11308789	11310064	peak_4153	1000	.	1334.127075	6.543151	-1	1202	chrY	11306917	11308181	DUX4L16	.	+	ENSG00000258567.1	609
chrY	11310178	11314209	peak_4154	1000	.	8525.154297	9.646818	-1	2241	chrY	11314920	11316187	DUX4L17	.	+	ENSG00000259154.1	712
chrY	11316732	11319654	peak_4155	1000	.	3456.967041	6.414886	-1	2052	chrY	11314920	11316187	DUX4L17	.	+	ENSG00000259154.1	546
chrY	11319783	11320972	peak_4156	1000	.	1649.628174	6.666107	-1	1120	chrY	11321556	11322823	DUX4L18	.	+	ENSG00000259029.1	585
chrY	11323289	11324807	peak_4157	972	.	1475.862305	5.836737	-1	1237	chrY	11321556	11322823	DUX4L18	.	+	ENSG00000259029.1	467
chrY	11324914	11327452	peak_4158	1000	.	4289.471680	8.517250	-1	1516	chrY	11321556	11322823	DUX4L18	.	+	ENSG00000259029.1	2092
chrY	11327568	11329577	peak_4159	1000	.	3200.586670	7.410364	-1	1979	chrY	11332328	11333595	DUX4L19	.	+	ENSG00000258991.1	2752
chrY	11329694	11331203	peak_4160	1000	.	2970.866211	9.238552	-1	218	chrY	11332328	11333595	DUX4L19	.	+	ENSG00000258991.1	1126
chrY	11332667	11333093	peak_4161	515	.	219.490723	4.395352	-1	51	chrY	11332328	11333595	DUX4L19	.	+	ENSG00000258991.1	0
chrY	11333893	11334419	peak_4162	1000	.	560.621033	5.309801	-1	358	chrY	11332328	11333595	DUX4L19	.	+	ENSG00000258991.1	299
chrY	11487552	11487720	peak_4163	1000	.	245.422073	7.410364	-1	136	chrY	11473726	11474237	ENSG00000271375	.	-	ENSG00000271375.1	13316
chrY	11488194	11488516	peak_4164	730	.	235.120239	6.666107	-1	49	chrY	11473726	11474237	ENSG00000271375	.	-	ENSG00000271375.1	13958
chrY	11493211	11493565	peak_4165	1000	.	436.294159	8.775187	-1	85	chrY	11473726	11474237	ENSG00000271375	.	-	ENSG00000271375.1	18975
chrY	11493989	11494366	peak_4166	673	.	253.802765	4.655616	-1	25	chrY	11473726	11474237	ENSG00000271375	.	-	ENSG00000271375.1	19753
chrY	11494882	11495161	peak_4167	1000	.	842.503967	12.056437	-1	56	chrY	11473726	11474237	ENSG00000271375	.	-	ENSG00000271375.1	20646
chrY	11495324	11495452	peak_4168	1000	.	292.260956	6.140231	-1	96	chrY	11473726	11474237	ENSG00000271375	.	-	ENSG00000271375.1	21088
chrY	11496434	11496625	peak_4169	1000	.	377.017975	7.215447	-1	57	chrY	11473726	11474237	ENSG00000271375	.	-	ENSG00000271375.1	22198
chrY	11497116	11497492	peak_4170	759	.	285.497711	6.543151	-1	282	chrY	11473726	11474237	ENSG00000271375	.	-	ENSG00000271375.1	22880
chrY	11499425	11499788	peak_4171	674	.	244.818237	6.414886	-1	226	chrY	11473726	11474237	ENSG00000271375	.	-	ENSG00000271375.1	25189
chrY	11502564	11502680	peak_4172	1000	.	333.694794	10.182039	-1	22	chrY	11473726	11474237	ENSG00000271375	.	-	ENSG00000271375.1	28328
chrY	11503059	11503144	peak_4173	1000	.	225.936920	5.671912	-1	49	chrY	11473726	11474237	ENSG00000271375	.	-	ENSG00000271375.1	28823
chrY	11504554	11504651	peak_4174	1000	.	266.504150	5.836737	-1	63	chrY	11473726	11474237	ENSG00000271375	.	-	ENSG00000271375.1	30318
chrY	11505604	11505688	peak_4175	1000	.	329.603607	8.648705	-1	36	chrY	11473726	11474237	ENSG00000271375	.	-	ENSG00000271375.1	31368
chrY	11506316	11506419	peak_4176	1000	.	246.025253	7.215447	-1	69	chrY	11473726	11474237	ENSG00000271375	.	-	ENSG00000271375.1	32080
chrY	11508583	11508819	peak_4177	891	.	210.298782	5.109050	-1	213	chrY	11473726	11474237	ENSG00000271375	.	-	ENSG00000271375.1	34347
chrY	11508926	11509211	peak_4178	1000	.	331.611481	7.503445	-1	128	chrY	11473726	11474237	ENSG00000271375	.	-	ENSG00000271375.1	34690
chrY	11512282	11512719	peak_4179	660	.	288.227051	4.395352	-1	313	chrY	11473726	11474237	ENSG00000271375	.	-	ENSG00000271375.1	38046
chrY	11513301	11513931	peak_4180	804	.	506.626862	6.897870	-1	530	chrY	11473726	11474237	ENSG00000271375	.	-	ENSG00000271375.1	39065
chrY	11514164	11514373	peak_4181	1000	.	404.080994	9.694648	-1	160	chrY	11473726	11474237	ENSG00000271375	.	-	ENSG00000271375.1	39928
chrY	11516006	11516243	peak_4182	1000	.	317.165405	7.593853	-1	96	chrY	11473726	11474237	ENSG00000271375	.	-	ENSG00000271375.1	41770
chrY	11516711	11516759	peak_4183	1000	.	274.781982	9.072088	-1	23	chrY	11473726	11474237	ENSG00000271375	.	-	ENSG00000271375.1	42475
chrY	11518481	11518568	peak_4184	1000	.	251.879196	7.410364	-1	30	chrY	11473726	11474237	ENSG00000271375	.	-	ENSG00000271375.1	44245
chrY	11519334	11519445	peak_4185	1000	.	309.571442	8.163781	-1	19	chrY	11473726	11474237	ENSG00000271375	.	-	ENSG00000271375.1	45098
chrY	11520942	11521028	peak_4186	1000	.	209.764969	5.671912	-1	41	chrY	11473726	11474237	ENSG00000271375	.	-	ENSG00000271375.1	46706
chrY	11521568	11521632	peak_4187	1000	.	216.014923	7.113194	-1	31	chrY	11473726	11474237	ENSG00000271375	.	-	ENSG00000271375.1	47332
chrY	11521764	11521830	peak_4188	1000	.	297.766815	8.648705	-1	33	chrY	11473726	11474237	ENSG00000271375	.	-	ENSG00000271375.1	47528
chrY	11522631	11522807	peak_4189	1000	.	416.041687	9.646818	-1	53	chrY	11473726	11474237	ENSG00000271375	.	-	ENSG00000271375.1	48395
chrY	11523337	11523703	peak_4190	779	.	285.167297	5.109050	-1	249	chrY	11473726	11474237	ENSG00000271375	.	-	ENSG00000271375.1	49101
chrY	11525068	11525328	peak_4191	1000	.	593.770142	10.304177	-1	229	chrY	11473726	11474237	ENSG00000271375	.	-	ENSG00000271375.1	50832
chrY	11525432	11525634	peak_4192	1000	.	222.854614	5.109050	-1	77	chrY	11473726	11474237	ENSG00000271375	.	-	ENSG00000271375.1	51196
chrY	11527592	11527943	peak_4193	872	.	306.028381	4.395352	-1	188	chrY	11473726	11474237	ENSG00000271375	.	-	ENSG00000271375.1	53356
chrY	11529112	11529329	peak_4194	1000	.	367.995422	6.666107	-1	35	chrY	11473726	11474237	ENSG00000271375	.	-	ENSG00000271375.1	54876
chrY	11531210	11532756	peak_4195	1000	.	2005.733643	8.380379	-1	1339	chrY	11473726	11474237	ENSG00000271375	.	-	ENSG00000271375.1	56974
chrY	11532885	11534622	peak_4196	1000	.	2416.625000	8.380379	-1	1334	chrY	11473726	11474237	ENSG00000271375	.	-	ENSG00000271375.1	58649
chrY	11534738	11534972	peak_4197	1000	.	328.614685	6.666107	-1	160	chrY	11473726	11474237	ENSG00000271375	.	-	ENSG00000271375.1	60502
chrY	11535099	11535334	peak_4198	877	.	206.089233	4.395352	-1	88	chrY	11473726	11474237	ENSG00000271375	.	-	ENSG00000271375.1	60863
chrY	11535559	11536119	peak_4199	1000	.	618.236023	8.163781	-1	46	chrY	11473726	11474237	ENSG00000271375	.	-	ENSG00000271375.1	61323
chrY	11536652	11537404	peak_4200	699	.	525.789856	5.836737	-1	368	chrY	11473726	11474237	ENSG00000271375	.	-	ENSG00000271375.1	62416
chrY	11537685	11538191	peak_4201	955	.	483.053894	6.543151	-1	361	chrY	11473726	11474237	ENSG00000271375	.	-	ENSG00000271375.1	63449
chrY	11538485	11539527	peak_4202	1000	.	1548.191528	9.183957	-1	755	chrY	11473726	11474237	ENSG00000271375	.	-	ENSG00000271375.1	64249
chrY	11539696	11540357	peak_4203	988	.	652.803101	4.655616	-1	77	chrY	11473726	11474237	ENSG00000271375	.	-	ENSG00000271375.1	65460
chrY	11540779	11541952	peak_4204	775	.	909.335999	7.314430	-1	390	chrY	11473726	11474237	ENSG00000271375	.	-	ENSG00000271375.1	66543
chrY	11542758	11542866	peak_4205	1000	.	275.499023	6.140231	-1	80	chrY	11473726	11474237	ENSG00000271375	.	-	ENSG00000271375.1	68522
chrY	11542990	11543711	peak_4206	769	.	554.173523	5.309801	-1	616	chrY	11473726	11474237	ENSG00000271375	.	-	ENSG00000271375.1	68754
chrY	11544005	11544580	peak_4207	711	.	408.991455	7.503445	-1	526	chrY	11473726	11474237	ENSG00000271375	.	-	ENSG00000271375.1	69769
chrY	11544707	11545968	peak_4208	589	.	742.328491	5.109050	-1	87	chrY	11473726	11474237	ENSG00000271375	.	-	ENSG00000271375.1	70471
chrY	11546116	11546235	peak_4209	1000	.	240.630356	5.671912	-1	85	chrY	11473726	11474237	ENSG00000271375	.	-	ENSG00000271375.1	71880
chrY	11546409	11547166	peak_4210	1000	.	810.164246	6.414886	-1	557	chrY	11473726	11474237	ENSG00000271375	.	-	ENSG00000271375.1	72173
chrY	11547603	11548046	peak_4211	800	.	354.433167	6.784213	-1	293	chrY	11473726	11474237	ENSG00000271375	.	-	ENSG00000271375.1	73367
chrY	11548629	11548909	peak_4212	1000	.	544.897034	8.956428	-1	35	chrY	11473726	11474237	ENSG00000271375	.	-	ENSG00000271375.1	74393
chrY	11549048	11549351	peak_4213	1000	.	316.024017	4.655616	-1	33	chrY	11473726	11474237	ENSG00000271375	.	-	ENSG00000271375.1	74812
chrY	11549482	11549971	peak_4214	1000	.	531.212280	7.007426	-1	340	chrY	11473726	11474237	ENSG00000271375	.	-	ENSG00000271375.1	75246
chrY	11550135	11550934	peak_4215	986	.	787.803040	6.414886	-1	247	chrY	11473726	11474237	ENSG00000271375	.	-	ENSG00000271375.1	75899
chrY	11551896	11553332	peak_4216	832	.	1194.115356	5.836737	-1	28	chrY	11473726	11474237	ENSG00000271375	.	-	ENSG00000271375.1	77660
chrY	11553483	11553771	peak_4217	1000	.	421.592468	8.010967	-1	35	chrY	11473726	11474237	ENSG00000271375	.	-	ENSG00000271375.1	79247
chrY	11554261	11554745	peak_4218	803	.	388.880493	4.655616	-1	193	chrY	11473726	11474237	ENSG00000271375	.	-	ENSG00000271375.1	80025
chrY	11555352	11556359	peak_4219	933	.	939.325195	7.215447	-1	703	chrY	11473726	11474237	ENSG00000271375	.	-	ENSG00000271375.1	81116
chrY	11556573	11557169	peak_4220	1000	.	702.825256	7.593853	-1	549	chrY	11473726	11474237	ENSG00000271375	.	-	ENSG00000271375.1	82337
chrY	11557366	11558108	peak_4221	898	.	666.237793	5.309801	-1	32	chrY	11473726	11474237	ENSG00000271375	.	-	ENSG00000271375.1	83130
chrY	11558498	11559021	peak_4222	668	.	349.255219	4.892064	-1	87	chrY	11473726	11474237	ENSG00000271375	.	-	ENSG00000271375.1	84262
chrY	11559127	11559534	peak_4223	718	.	292.351746	4.892064	-1	34	chrY	11473726	11474237	ENSG00000271375	.	-	ENSG00000271375.1	84891
chrY	11560912	11561057	peak_4224	1000	.	256.306976	6.666107	-1	125	chrY	11473726	11474237	ENSG00000271375	.	-	ENSG00000271375.1	86676
chrY	11561218	11561745	peak_4225	1000	.	594.109863	6.140231	-1	495	chrY	11473726	11474237	ENSG00000271375	.	-	ENSG00000271375.1	86982
chrY	11562551	11562899	peak_4226	1000	.	433.576904	4.892064	-1	156	chrY	11473726	11474237	ENSG00000271375	.	-	ENSG00000271375.1	88315
chrY	11563031	11563965	peak_4227	1000	.	1172.270386	6.280785	-1	465	chrY	11473726	11474237	ENSG00000271375	.	-	ENSG00000271375.1	88795
chrY	11564590	11564853	peak_4228	1000	.	314.934235	6.666107	-1	201	chrY	11473726	11474237	ENSG00000271375	.	-	ENSG00000271375.1	90354
chrY	11566612	11566838	peak_4229	1000	.	244.460052	6.280785	-1	23	chrY	11473726	11474237	ENSG00000271375	.	-	ENSG00000271375.1	92376
chrY	11566944	11567332	peak_4230	1000	.	513.878540	6.897870	-1	279	chrY	11473726	11474237	ENSG00000271375	.	-	ENSG00000271375.1	92708
chrY	11567456	11568012	peak_4231	705	.	392.172546	6.784213	-1	26	chrY	11473726	11474237	ENSG00000271375	.	-	ENSG00000271375.1	93220
chrY	11568180	11569528	peak_4232	649	.	875.378052	4.655616	-1	1204	chrY	11473726	11474237	ENSG00000271375	.	-	ENSG00000271375.1	93944
chrY	11570289	11570687	peak_4233	1000	.	462.567444	7.314430	-1	91	chrY	11473726	11474237	ENSG00000271375	.	-	ENSG00000271375.1	96053
chrY	11572092	11572315	peak_4234	1000	.	320.287109	6.543151	-1	138	chrY	11473726	11474237	ENSG00000271375	.	-	ENSG00000271375.1	97856
chrY	11572793	11572929	peak_4235	1000	.	267.296997	5.836737	-1	34	chrY	11473726	11474237	ENSG00000271375	.	-	ENSG00000271375.1	98557
chrY	11573040	11573259	peak_4236	979	.	214.419540	4.892064	-1	135	chrY	11473726	11474237	ENSG00000271375	.	-	ENSG00000271375.1	98804
chrY	11573576	11574756	peak_4237	598	.	705.922119	4.892064	-1	1001	chrY	11473726	11474237	ENSG00000271375	.	-	ENSG00000271375.1	99340
chrY	11575823	11576305	peak_4238	998	.	481.198151	7.767279	-1	161	chrY	11473726	11474237	ENSG00000271375	.	-	ENSG00000271375.1	101587
chrY	11576932	11577405	peak_4239	537	.	253.998413	3.776148	-1	310	chrY	11473726	11474237	ENSG00000271375	.	-	ENSG00000271375.1	102696
chrY	11577530	11578016	peak_4240	798	.	387.940460	7.007426	-1	313	chrY	11473726	11474237	ENSG00000271375	.	-	ENSG00000271375.1	103294
chrY	11578261	11578543	peak_4241	1000	.	368.950256	6.280785	-1	248	chrY	11473726	11474237	ENSG00000271375	.	-	ENSG00000271375.1	104025
chrY	11578961	11579453	peak_4242	644	.	316.681000	5.109050	-1	462	chrY	11473726	11474237	ENSG00000271375	.	-	ENSG00000271375.1	104725
chrY	11579589	11579886	peak_4243	679	.	201.791977	4.395352	-1	156	chrY	11473726	11474237	ENSG00000271375	.	-	ENSG00000271375.1	105353
chrY	11580006	11580854	peak_4244	707	.	599.362427	5.309801	-1	159	chrY	11473726	11474237	ENSG00000271375	.	-	ENSG00000271375.1	105770
chrY	11581313	11581899	peak_4245	908	.	532.256348	6.897870	-1	277	chrY	11473726	11474237	ENSG00000271375	.	-	ENSG00000271375.1	107077
chrY	11582965	11584167	peak_4246	716	.	861.129395	6.784213	-1	495	chrY	11473726	11474237	ENSG00000271375	.	-	ENSG00000271375.1	108729
chrY	11584277	11586379	peak_4247	589	.	1237.988647	5.309801	-1	1910	chrY	11473726	11474237	ENSG00000271375	.	-	ENSG00000271375.1	110041
chrY	11586952	11587242	peak_4248	1000	.	382.387390	7.850579	-1	245	chrY	11473726	11474237	ENSG00000271375	.	-	ENSG00000271375.1	112716
chrY	11588118	11588794	peak_4249	349	.	236.106155	3.776148	-1	643	chrY	11473726	11474237	ENSG00000271375	.	-	ENSG00000271375.1	113882
chrY	11588925	11589263	peak_4250	764	.	258.127289	5.309801	-1	137	chrY	11473726	11474237	ENSG00000271375	.	-	ENSG00000271375.1	114689
chrY	11590583	11592864	peak_4251	633	.	1443.182983	7.215447	-1	2217	chrY	11473726	11474237	ENSG00000271375	.	-	ENSG00000271375.1	116347
chrY	11643641	11643824	peak_4252	1000	.	848.085449	9.238552	-1	47	chrY	11781051	11782527	RCC2P1	.	-	ENSG00000234385.1	137228
chrY	11645201	11645512	peak_4253	1000	.	401.058960	8.088272	-1	33	chrY	11781051	11782527	RCC2P1	.	-	ENSG00000234385.1	135540
chrY	11646099	11646286	peak_4254	1000	.	385.153168	8.897087	-1	150	chrY	11781051	11782527	RCC2P1	.	-	ENSG00000234385.1	134766
chrY	11649423	11649664	peak_4255	1000	.	329.093597	5.496779	-1	28	chrY	11781051	11782527	RCC2P1	.	-	ENSG00000234385.1	131388
chrY	11652558	11652868	peak_4256	1000	.	325.872955	6.140231	-1	270	chrY	11781051	11782527	RCC2P1	.	-	ENSG00000234385.1	128184
chrY	11653248	11653335	peak_4257	1000	.	298.231201	8.775187	-1	22	chrY	11781051	11782527	RCC2P1	.	-	ENSG00000234385.1	127717
chrY	11653637	11653898	peak_4258	824	.	215.015259	4.892064	-1	179	chrY	11781051	11782527	RCC2P1	.	-	ENSG00000234385.1	127154
chrY	11657176	11657276	peak_4259	1000	.	329.796509	9.448680	-1	33	chrY	11781051	11782527	RCC2P1	.	-	ENSG00000234385.1	123776
chrY	11659702	11659746	peak_4260	1000	.	215.158508	7.681748	-1	12	chrY	11781051	11782527	RCC2P1	.	-	ENSG00000234385.1	121306
chrY	11659967	11660065	peak_4261	1000	.	311.983978	8.517250	-1	54	chrY	11781051	11782527	RCC2P1	.	-	ENSG00000234385.1	120987
chrY	11664054	11664429	peak_4262	676	.	253.586014	4.655616	-1	312	chrY	11781051	11782527	RCC2P1	.	-	ENSG00000234385.1	116623
chrY	11668419	11668639	peak_4263	1000	.	275.967804	8.237581	-1	17	chrY	11781051	11782527	RCC2P1	.	-	ENSG00000234385.1	112413
chrY	11670806	11671013	peak_4264	986	.	204.025055	6.414886	-1	47	chrY	11781051	11782527	RCC2P1	.	-	ENSG00000234385.1	110039
chrY	11671253	11671419	peak_4265	1000	.	208.771561	5.836737	-1	16	chrY	11781051	11782527	RCC2P1	.	-	ENSG00000234385.1	109633
chrY	11674989	11675044	peak_4266	1000	.	286.076569	9.014750	-1	28	chrY	11781051	11782527	RCC2P1	.	-	ENSG00000234385.1	106008
chrY	11678503	11678566	peak_4267	1000	.	294.938690	8.449522	-1	32	chrY	11781051	11782527	RCC2P1	.	-	ENSG00000234385.1	102486
chrY	11680281	11680888	peak_4268	1000	.	661.214417	6.666107	-1	163	chrY	11781051	11782527	RCC2P1	.	-	ENSG00000234385.1	100164
chrY	11681273	11681407	peak_4269	1000	.	327.505981	10.098244	-1	105	chrY	11781051	11782527	RCC2P1	.	-	ENSG00000234385.1	99645
chrY	11682017	11682425	peak_4270	1000	.	584.032043	6.414886	-1	376	chrY	11781051	11782527	RCC2P1	.	-	ENSG00000234385.1	98627
chrY	11684027	11684398	peak_4271	805	.	298.694611	7.215447	-1	22	chrY	11781051	11782527	RCC2P1	.	-	ENSG00000234385.1	96654
chrY	11684678	11684834	peak_4272	1000	.	291.837433	6.897870	-1	54	chrY	11781051	11782527	RCC2P1	.	-	ENSG00000234385.1	96218
chrY	11687408	11687680	peak_4273	1000	.	286.231659	4.892064	-1	98	chrY	11781051	11782527	RCC2P1	.	-	ENSG00000234385.1	93372
chrY	11687801	11688088	peak_4274	1000	.	805.545959	8.583626	-1	207	chrY	11781051	11782527	RCC2P1	.	-	ENSG00000234385.1	92964
chrY	11688194	11688619	peak_4275	791	.	336.136475	6.140231	-1	53	chrY	11781051	11782527	RCC2P1	.	-	ENSG00000234385.1	92433
chrY	11689783	11689952	peak_4276	1000	.	252.786224	7.215447	-1	34	chrY	11781051	11782527	RCC2P1	.	-	ENSG00000234385.1	91100
chrY	11690078	11690233	peak_4277	1000	.	568.918091	7.681748	-1	65	chrY	11781051	11782527	RCC2P1	.	-	ENSG00000234385.1	90819
chrY	11690354	11690554	peak_4278	1000	.	910.091614	8.517250	-1	66	chrY	11781051	11782527	RCC2P1	.	-	ENSG00000234385.1	90498
chrY	11691003	11691434	peak_4279	636	.	274.098236	4.105179	-1	317	chrY	11781051	11782527	RCC2P1	.	-	ENSG00000234385.1	89618
chrY	11693691	11694012	peak_4280	907	.	291.194061	5.496779	-1	31	chrY	11781051	11782527	RCC2P1	.	-	ENSG00000234385.1	87040
chrY	11694473	11694868	peak_4281	1000	.	451.967499	6.666107	-1	29	chrY	11781051	11782527	RCC2P1	.	-	ENSG00000234385.1	86184
chrY	11695905	11695961	peak_4282	1000	.	247.745544	8.449522	-1	26	chrY	11781051	11782527	RCC2P1	.	-	ENSG00000234385.1	85091
chrY	11696078	11696337	peak_4283	1000	.	261.189484	5.309801	-1	143	chrY	11781051	11782527	RCC2P1	.	-	ENSG00000234385.1	84715
chrY	11697058	11697538	peak_4284	1000	.	525.481812	8.163781	-1	36	chrY	11781051	11782527	RCC2P1	.	-	ENSG00000234385.1	83514
chrY	11698063	11698429	peak_4285	1000	.	403.519226	7.503445	-1	268	chrY	11781051	11782527	RCC2P1	.	-	ENSG00000234385.1	82623
chrY	11699099	11699326	peak_4286	1000	.	298.672760	6.414886	-1	180	chrY	11781051	11782527	RCC2P1	.	-	ENSG00000234385.1	81726
chrY	11700012	11700228	peak_4287	1000	.	313.217896	7.593853	-1	85	chrY	11781051	11782527	RCC2P1	.	-	ENSG00000234385.1	80824
chrY	11700341	11700604	peak_4288	858	.	225.630936	6.280785	-1	147	chrY	11781051	11782527	RCC2P1	.	-	ENSG00000234385.1	80448
chrY	11700961	11701539	peak_4289	678	.	391.724213	5.836737	-1	416	chrY	11781051	11782527	RCC2P1	.	-	ENSG00000234385.1	79513
chrY	11701991	11702537	peak_4290	782	.	426.743744	7.007426	-1	512	chrY	11781051	11782527	RCC2P1	.	-	ENSG00000234385.1	78515
chrY	11704158	11704583	peak_4291	1000	.	439.232117	7.007426	-1	157	chrY	11781051	11782527	RCC2P1	.	-	ENSG00000234385.1	76469
chrY	11705418	11705611	peak_4292	1000	.	305.151917	7.215447	-1	31	chrY	11781051	11782527	RCC2P1	.	-	ENSG00000234385.1	75441
chrY	11705773	11706047	peak_4293	927	.	253.955399	4.655616	-1	112	chrY	11781051	11782527	RCC2P1	.	-	ENSG00000234385.1	75005
chrY	11706349	11706494	peak_4294	1000	.	204.779510	5.836737	-1	28	chrY	11781051	11782527	RCC2P1	.	-	ENSG00000234385.1	74558
chrY	11706713	11706795	peak_4295	1000	.	268.422333	6.897870	-1	34	chrY	11781051	11782527	RCC2P1	.	-	ENSG00000234385.1	74257
chrY	11708146	11708461	peak_4296	670	.	211.108994	4.892064	-1	212	chrY	11781051	11782527	RCC2P1	.	-	ENSG00000234385.1	72591
chrY	11708717	11708784	peak_4297	1000	.	228.259048	7.007426	-1	33	chrY	11781051	11782527	RCC2P1	.	-	ENSG00000234385.1	72268
chrY	11709303	11709618	peak_4298	1000	.	451.042725	6.543151	-1	127	chrY	11781051	11782527	RCC2P1	.	-	ENSG00000234385.1	71434
chrY	11709756	11710158	peak_4299	854	.	343.376709	5.836737	-1	153	chrY	11781051	11782527	RCC2P1	.	-	ENSG00000234385.1	70894
chrY	11713050	11713368	peak_4300	1000	.	373.130432	5.992500	-1	287	chrY	11781051	11782527	RCC2P1	.	-	ENSG00000234385.1	67684
chrY	11715186	11715571	peak_4301	724	.	278.895905	5.109050	-1	353	chrY	11781051	11782527	RCC2P1	.	-	ENSG00000234385.1	65481
chrY	11717393	11717527	peak_4302	1000	.	282.284698	6.543151	-1	92	chrY	11781051	11782527	RCC2P1	.	-	ENSG00000234385.1	63525
chrY	11717643	11717938	peak_4303	1000	.	561.579102	8.010967	-1	135	chrY	11781051	11782527	RCC2P1	.	-	ENSG00000234385.1	63114
chrY	11718043	11718333	peak_4304	1000	.	372.749451	5.109050	-1	110	chrY	11781051	11782527	RCC2P1	.	-	ENSG00000234385.1	62719
chrY	11718438	11719133	peak_4305	1000	.	703.755371	7.410364	-1	651	chrY	11781051	11782527	RCC2P1	.	-	ENSG00000234385.1	61919
chrY	11721926	11722148	peak_4306	1000	.	1491.465210	16.258406	-1	82	chrY	11781051	11782527	RCC2P1	.	-	ENSG00000234385.1	58904
chrY	11722970	11723086	peak_4307	1000	.	434.824524	8.010967	-1	46	chrY	11781051	11782527	RCC2P1	.	-	ENSG00000234385.1	57966
chrY	11723203	11723390	peak_4308	1000	.	668.341064	7.314430	-1	103	chrY	11781051	11782527	RCC2P1	.	-	ENSG00000234385.1	57662
chrY	11724777	11725003	peak_4309	1000	.	279.838074	5.992500	-1	78	chrY	11781051	11782527	RCC2P1	.	-	ENSG00000234385.1	56049
chrY	11725295	11725804	peak_4310	1000	.	544.097900	6.280785	-1	482	chrY	11781051	11782527	RCC2P1	.	-	ENSG00000234385.1	55248
chrY	11728429	11728594	peak_4311	1000	.	473.452057	7.314430	-1	70	chrY	11781051	11782527	RCC2P1	.	-	ENSG00000234385.1	52458
chrY	11729544	11730094	peak_4312	1000	.	625.884155	7.314430	-1	309	chrY	11781051	11782527	RCC2P1	.	-	ENSG00000234385.1	50958
chrY	11731124	11731398	peak_4313	1000	.	623.868958	8.237581	-1	167	chrY	11781051	11782527	RCC2P1	.	-	ENSG00000234385.1	49654
chrY	11731785	11732188	peak_4314	509	.	205.233521	5.109050	-1	25	chrY	11781051	11782527	RCC2P1	.	-	ENSG00000234385.1	48864
chrY	11732391	11732548	peak_4315	1000	.	338.661713	7.410364	-1	35	chrY	11781051	11782527	RCC2P1	.	-	ENSG00000234385.1	48504
chrY	11733578	11733945	peak_4316	1000	.	480.995422	9.788397	-1	73	chrY	11781051	11782527	RCC2P1	.	-	ENSG00000234385.1	47107
chrY	11734745	11735344	peak_4317	1000	.	776.152161	13.199589	-1	117	chrY	11781051	11782527	RCC2P1	.	-	ENSG00000234385.1	45708
chrY	11735585	11735763	peak_4318	1000	.	775.016846	13.742508	-1	153	chrY	11781051	11782527	RCC2P1	.	-	ENSG00000234385.1	45289
chrY	11735946	11736115	peak_4319	1000	.	318.801819	7.113194	-1	76	chrY	11781051	11782527	RCC2P1	.	-	ENSG00000234385.1	44937
chrY	11736704	11737482	peak_4320	1000	.	813.268738	9.549155	-1	35	chrY	11781051	11782527	RCC2P1	.	-	ENSG00000234385.1	43570
chrY	11737764	11738052	peak_4321	1000	.	460.399017	6.784213	-1	70	chrY	11781051	11782527	RCC2P1	.	-	ENSG00000234385.1	43000
chrY	11738631	11738740	peak_4322	1000	.	350.318665	6.543151	-1	35	chrY	11781051	11782527	RCC2P1	.	-	ENSG00000234385.1	42312
chrY	11738944	11739427	peak_4323	1000	.	572.171570	7.593853	-1	295	chrY	11781051	11782527	RCC2P1	.	-	ENSG00000234385.1	41625
chrY	11739563	11739710	peak_4324	1000	.	213.386978	5.836737	-1	128	chrY	11781051	11782527	RCC2P1	.	-	ENSG00000234385.1	41342
chrY	11740526	11741093	peak_4325	1000	.	585.741211	7.593853	-1	299	chrY	11781051	11782527	RCC2P1	.	-	ENSG00000234385.1	39959
chrY	11741365	11741570	peak_4326	1000	.	336.347717	5.671912	-1	23	chrY	11781051	11782527	RCC2P1	.	-	ENSG00000234385.1	39482
chrY	11741999	11742728	peak_4327	408	.	297.438782	4.105179	-1	307	chrY	11781051	11782527	RCC2P1	.	-	ENSG00000234385.1	38324
chrY	11743451	11743933	peak_4328	1000	.	793.704346	9.072088	-1	330	chrY	11781051	11782527	RCC2P1	.	-	ENSG00000234385.1	37119
chrY	11744809	11745386	peak_4329	1000	.	614.142151	8.517250	-1	282	chrY	11781051	11782527	RCC2P1	.	-	ENSG00000234385.1	35666
chrY	11747064	11747135	peak_4330	1000	.	209.656143	6.897870	-1	35	chrY	11781051	11782527	RCC2P1	.	-	ENSG00000234385.1	33917
chrY	11747288	11747535	peak_4331	860	.	212.339874	5.836737	-1	30	chrY	11781051	11782527	RCC2P1	.	-	ENSG00000234385.1	33517
chrY	11747643	11747758	peak_4332	1000	.	766.035217	14.544718	-1	54	chrY	11781051	11782527	RCC2P1	.	-	ENSG00000234385.1	33294
chrY	11748414	11748522	peak_4333	1000	.	201.914413	4.892064	-1	79	chrY	11781051	11782527	RCC2P1	.	-	ENSG00000234385.1	32530
chrY	11748638	11748777	peak_4334	1000	.	398.187653	9.345212	-1	104	chrY	11781051	11782527	RCC2P1	.	-	ENSG00000234385.1	32275
chrY	11748972	11749168	peak_4335	1000	.	535.051208	9.183957	-1	159	chrY	11781051	11782527	RCC2P1	.	-	ENSG00000234385.1	31884
chrY	26638003	26638363	peak_4336	1000	.	476.482269	6.280785	-1	295	chrY	26594850	26634652	PARP4P1	.	-	ENSG00000237917.1	3352
chrY	26639389	26639645	peak_4337	1000	.	334.472748	8.309755	-1	222	chrY	26594850	26634652	PARP4P1	.	-	ENSG00000237917.1	4738
chrY	26639798	26639946	peak_4338	1000	.	298.092102	5.992500	-1	110	chrY	26594850	26634652	PARP4P1	.	-	ENSG00000237917.1	5147
chrY	26641083	26641237	peak_4339	1000	.	298.188446	5.671912	-1	119	chrY	26594850	26634652	PARP4P1	.	-	ENSG00000237917.1	6432
chrY	26641814	26642283	peak_4340	733	.	343.865082	4.395352	-1	31	chrY	26594850	26634652	PARP4P1	.	-	ENSG00000237917.1	7163
chrY	26642394	26643442	peak_4341	711	.	744.958862	5.496779	-1	648	chrY	26594850	26634652	PARP4P1	.	-	ENSG00000237917.1	7743
chrY	26644165	26644724	peak_4342	778	.	434.995850	5.496779	-1	169	chrY	26594850	26634652	PARP4P1	.	-	ENSG00000237917.1	9514
chrY	26644838	26645367	peak_4343	612	.	323.685150	3.776148	-1	443	chrY	26594850	26634652	PARP4P1	.	-	ENSG00000237917.1	10187
chrY	26647134	26650045	peak_4344	534	.	1554.113647	9.549155	-1	209	chrY	26594850	26634652	PARP4P1	.	-	ENSG00000237917.1	12483
chrY	26650186	26650503	peak_4345	1000	.	322.476959	5.992500	-1	32	chrY	26594850	26634652	PARP4P1	.	-	ENSG00000237917.1	15535
chrY	26650693	26651210	peak_4346	559	.	289.011932	4.395352	-1	229	chrY	26594850	26634652	PARP4P1	.	-	ENSG00000237917.1	16042
chrY	26652714	26652896	peak_4347	1000	.	203.408859	5.496779	-1	159	chrY	26594850	26634652	PARP4P1	.	-	ENSG00000237917.1	18063
chrY	26653000	26653102	peak_4348	1000	.	286.961334	6.543151	-1	50	chrY	26594850	26634652	PARP4P1	.	-	ENSG00000237917.1	18349
chrY	26653555	26653782	peak_4349	1000	.	293.349396	5.671912	-1	33	chrY	26594850	26634652	PARP4P1	.	-	ENSG00000237917.1	18904
chrY	26653900	26654135	peak_4350	1000	.	368.243500	6.280785	-1	203	chrY	26594850	26634652	PARP4P1	.	-	ENSG00000237917.1	19249
chrY	26655141	26655598	peak_4351	787	.	359.527344	4.655616	-1	394	chrY	26594850	26634652	PARP4P1	.	-	ENSG00000237917.1	20490
chrY	26656442	26656609	peak_4352	1000	.	212.492188	6.897870	-1	142	chrY	26594850	26634652	PARP4P1	.	-	ENSG00000237917.1	21791
chrY	26656718	26657162	peak_4353	597	.	265.185547	4.395352	-1	33	chrY	26594850	26634652	PARP4P1	.	-	ENSG00000237917.1	22067
chrY	26657351	26657603	peak_4354	1000	.	268.119568	4.892064	-1	81	chrY	26594850	26634652	PARP4P1	.	-	ENSG00000237917.1	22700
chrY	26658999	26659939	peak_4355	891	.	837.912842	8.088272	-1	630	chrY	26594850	26634652	PARP4P1	.	-	ENSG00000237917.1	24348
chrY	26661013	26661382	peak_4356	570	.	210.187180	4.395352	-1	216	chrY	26594850	26634652	PARP4P1	.	-	ENSG00000237917.1	26362
chrY	26661640	26662104	peak_4357	443	.	205.493179	4.655616	-1	267	chrY	26594850	26634652	PARP4P1	.	-	ENSG00000237917.1	26989
chrY	26662440	26662635	peak_4358	1000	.	223.153168	6.543151	-1	47	chrY	26594850	26634652	PARP4P1	.	-	ENSG00000237917.1	27789
chrY	26663658	26664112	peak_4359	598	.	271.391235	4.892064	-1	94	chrY	26594850	26634652	PARP4P1	.	-	ENSG00000237917.1	29007
chrY	26664720	26664992	peak_4360	832	.	226.302185	4.892064	-1	30	chrY	26594850	26634652	PARP4P1	.	-	ENSG00000237917.1	30069
chrY	26665127	26665619	peak_4361	773	.	380.226929	7.215447	-1	209	chrY	26594850	26634652	PARP4P1	.	-	ENSG00000237917.1	30476
chrY	26665854	26666193	peak_4362	754	.	255.534348	4.105179	-1	275	chrY	26594850	26634652	PARP4P1	.	-	ENSG00000237917.1	31203
chrY	26667589	26668233	peak_4363	1000	.	806.943176	12.785285	-1	609	chrY	26594850	26634652	PARP4P1	.	-	ENSG00000237917.1	32938
chrY	26669151	26669629	peak_4364	1000	.	667.354248	8.237581	-1	29	chrY	26594850	26634652	PARP4P1	.	-	ENSG00000237917.1	34500
chrY	26669762	26672248	peak_4365	1000	.	2676.620117	6.543151	-1	1409	chrY	26594850	26634652	PARP4P1	.	-	ENSG00000237917.1	35111
chrY	26672680	26673185	peak_4366	667	.	337.081512	4.105179	-1	180	chrY	26594850	26634652	PARP4P1	.	-	ENSG00000237917.1	38029
chrY	56673216	56720260	peak_4367	1000	.	186237.734375	11.954938	-1	32978	chrY	56855243	56855488	CTBP2P1	.	+	ENSG00000235857.1	134984
chrY	56720395	56771505	peak_4368	1000	.	205035.250000	16.221941	-1	7746	chrY	56855243	56855488	CTBP2P1	.	+	ENSG00000235857.1	83739
chrY	56826093	56826523	peak_4369	1000	.	491.133423	7.503445	-1	209	chrY	56855243	56855488	CTBP2P1	.	+	ENSG00000235857.1	28721
chrY	56826637	56827610	peak_4370	1000	.	1002.718506	7.007426	-1	295	chrY	56855243	56855488	CTBP2P1	.	+	ENSG00000235857.1	27634
chrY	56827739	56829516	peak_4371	1000	.	2129.206055	7.593853	-1	1198	chrY	56855243	56855488	CTBP2P1	.	+	ENSG00000235857.1	25728
chrY	56829920	56830616	peak_4372	809	.	563.238220	5.109050	-1	376	chrY	56855243	56855488	CTBP2P1	.	+	ENSG00000235857.1	24628
chrY	56830776	56832048	peak_4373	950	.	1208.016846	6.543151	-1	1117	chrY	56855243	56855488	CTBP2P1	.	+	ENSG00000235857.1	23196
chrY	56832165	56833456	peak_4374	855	.	1103.560791	6.666107	-1	1138	chrY	56855243	56855488	CTBP2P1	.	+	ENSG00000235857.1	21788
chrY	56833607	56834005	peak_4375	696	.	277.027283	4.892064	-1	103	chrY	56855243	56855488	CTBP2P1	.	+	ENSG00000235857.1	21239
chrY	56834141	56835098	peak_4376	1000	.	1265.362183	6.666107	-1	118	chrY	56855243	56855488	CTBP2P1	.	+	ENSG00000235857.1	20146
chrY	56835339	56835804	peak_4377	933	.	433.988586	5.671912	-1	350	chrY	56855243	56855488	CTBP2P1	.	+	ENSG00000235857.1	19440
chrY	56835935	56838638	peak_4378	792	.	2139.560791	6.414886	-1	367	chrY	56855243	56855488	CTBP2P1	.	+	ENSG00000235857.1	16606
chrY	56838863	56839107	peak_4379	1000	.	490.789490	8.517250	-1	134	chrY	56855243	56855488	CTBP2P1	.	+	ENSG00000235857.1	16137
chrY	56839320	56839809	peak_4380	1000	.	603.308655	5.496779	-1	43	chrY	56855243	56855488	CTBP2P1	.	+	ENSG00000235857.1	15435
chrY	56839950	56840406	peak_4381	1000	.	544.764465	6.666107	-1	421	chrY	56855243	56855488	CTBP2P1	.	+	ENSG00000235857.1	14838
chrY	56840993	56841315	peak_4382	834	.	268.505127	5.109050	-1	288	chrY	56855243	56855488	CTBP2P1	.	+	ENSG00000235857.1	13929
chrY	56841417	56841778	peak_4383	596	.	215.202606	4.105179	-1	178	chrY	56855243	56855488	CTBP2P1	.	+	ENSG00000235857.1	13466
chrY	56841902	56842560	peak_4384	751	.	493.833252	6.280785	-1	557	chrY	56855243	56855488	CTBP2P1	.	+	ENSG00000235857.1	12684
chrY	56842684	56843459	peak_4385	1000	.	926.622131	6.414886	-1	129	chrY	56855243	56855488	CTBP2P1	.	+	ENSG00000235857.1	11785
chrY	56843575	56844100	peak_4386	1000	.	682.873596	7.410364	-1	257	chrY	56855243	56855488	CTBP2P1	.	+	ENSG00000235857.1	11144
chrY	56844201	56844447	peak_4387	844	.	207.734146	4.655616	-1	220	chrY	56855243	56855488	CTBP2P1	.	+	ENSG00000235857.1	10797
chrY	56844586	56845619	peak_4388	1000	.	1077.969604	5.992500	-1	565	chrY	56855243	56855488	CTBP2P1	.	+	ENSG00000235857.1	9625
chrY	56845744	56846562	peak_4389	723	.	591.591431	5.496779	-1	159	chrY	56855243	56855488	CTBP2P1	.	+	ENSG00000235857.1	8682
chrY	56847150	56847257	peak_4390	1000	.	213.552963	5.836737	-1	72	chrY	56855243	56855488	CTBP2P1	.	+	ENSG00000235857.1	7987
chrY	56847396	56848480	peak_4391	873	.	946.421265	6.666107	-1	367	chrY	56855243	56855488	CTBP2P1	.	+	ENSG00000235857.1	6764
chrY	56848619	56848940	peak_4392	1000	.	552.486694	7.767279	-1	171	chrY	56855243	56855488	CTBP2P1	.	+	ENSG00000235857.1	6304
chrY	56849653	56850192	peak_4393	543	.	292.500763	5.109050	-1	490	chrY	56855243	56855488	CTBP2P1	.	+	ENSG00000235857.1	5052
chrY	56850329	56851726	peak_4394	1000	.	1976.476929	7.931771	-1	483	chrY	56855243	56855488	CTBP2P1	.	+	ENSG00000235857.1	3518
chrY	57216693	57217302	peak_4395	1000	.	1395.411743	6.414886	-1	258	chrY	57208515	57215634	ENSG00000310542	.	-	ENSG00000310542.1	1060
GL000008.2	6	5360	peak_4769	1000	.	10538.521484	7.503445	-1	3375	.	-1	-1	.	.	.	.	-1
GL000008.2	5475	8059	peak_4770	1000	.	2742.093750	7.007426	-1	81	.	-1	-1	.	.	.	.	-1
GL000008.2	10270	11089	peak_4771	334	.	273.513092	3.776148	-1	113	.	-1	-1	.	.	.	.	-1
GL000008.2	15676	16744	peak_4772	243	.	259.369781	4.105179	-1	602	.	-1	-1	.	.	.	.	-1
GL000208.1	39152	39398	peak_4773	846	.	208.236649	4.395352	-1	223	.	-1	-1	.	.	.	.	-1
GL000214.1	64134	65726	peak_4774	1000	.	5610.114258	9.924512	-1	216	.	-1	-1	.	.	.	.	-1
GL000214.1	116770	117312	peak_4775	1000	.	765.040527	5.671912	-1	43	.	-1	-1	.	.	.	.	-1
GL000214.1	117448	117746	peak_4776	1000	.	419.452118	6.543151	-1	84	.	-1	-1	.	.	.	.	-1
GL000214.1	117858	119253	peak_4777	1000	.	1862.525879	5.671912	-1	251	.	-1	-1	.	.	.	.	-1
GL000214.1	119645	123571	peak_4778	1000	.	4685.099609	5.836737	-1	3161	.	-1	-1	.	.	.	.	-1
GL000214.1	123720	125185	peak_4779	1000	.	1489.388428	6.543151	-1	1150	.	-1	-1	.	.	.	.	-1
GL000214.1	125344	125702	peak_4780	1000	.	369.960114	5.992500	-1	36	.	-1	-1	.	.	.	.	-1
GL000214.1	125866	126394	peak_4781	880	.	464.698456	4.892064	-1	471	.	-1	-1	.	.	.	.	-1
GL000214.1	126572	135242	peak_4782	1000	.	12036.072266	6.897870	-1	2478	.	-1	-1	.	.	.	.	-1
GL000214.1	135363	137652	peak_4783	1000	.	2453.061768	5.992500	-1	1297	.	-1	-1	.	.	.	.	-1
GL000216.2	0	1510	peak_4784	1000	.	6050.887207	9.834352	-1	1061	.	-1	-1	.	.	.	.	-1
GL000216.2	1739	4487	peak_4785	1000	.	7408.616699	12.437789	-1	2320	.	-1	-1	.	.	.	.	-1
GL000216.2	4591	5067	peak_4786	1000	.	1539.985229	18.472895	-1	251	.	-1	-1	.	.	.	.	-1
GL000216.2	5176	7834	peak_4787	1000	.	8706.354492	17.211058	-1	972	.	-1	-1	.	.	.	.	-1
GL000216.2	7957	13692	peak_4788	1000	.	15850.492188	12.251782	-1	2389	.	-1	-1	.	.	.	.	-1
GL000216.2	13805	14626	peak_4789	1000	.	2322.459717	9.924512	-1	361	.	-1	-1	.	.	.	.	-1
GL000216.2	14736	20278	peak_4790	1000	.	13124.370117	11.716263	-1	921	.	-1	-1	.	.	.	.	-1
GL000216.2	20682	20975	peak_4791	1000	.	453.329498	6.666107	-1	189	.	-1	-1	.	.	.	.	-1
GL000216.2	21132	21277	peak_4792	1000	.	308.329529	7.410364	-1	32	.	-1	-1	.	.	.	.	-1
GL000216.2	21776	21835	peak_4793	1000	.	373.173401	10.825370	-1	24	.	-1	-1	.	.	.	.	-1
GL000216.2	21996	30076	peak_4794	1000	.	20156.962891	13.575168	-1	1258	.	-1	-1	.	.	.	.	-1
GL000216.2	30458	31171	peak_4795	1000	.	851.999817	7.931771	-1	193	.	-1	-1	.	.	.	.	-1
GL000216.2	31556	31606	peak_4796	1000	.	326.377167	10.012437	-1	25	.	-1	-1	.	.	.	.	-1
GL000216.2	31757	32319	peak_4797	518	.	290.882416	4.655616	-1	26	.	-1	-1	.	.	.	.	-1
GL000216.2	32927	34065	peak_4798	1000	.	1333.589600	10.343987	-1	209	.	-1	-1	.	.	.	.	-1
GL000216.2	34167	35509	peak_4799	1000	.	1870.785400	20.996273	-1	1293	.	-1	-1	.	.	.	.	-1
GL000216.2	35654	35901	peak_4800	1000	.	361.691620	6.280785	-1	116	.	-1	-1	.	.	.	.	-1
GL000216.2	36029	38365	peak_4801	1000	.	2408.561279	12.227895	-1	1308	.	-1	-1	.	.	.	.	-1
GL000216.2	38506	39014	peak_4802	1000	.	528.857483	5.836737	-1	473	.	-1	-1	.	.	.	.	-1
GL000216.2	39182	40468	peak_4803	1000	.	1472.506470	6.784213	-1	862	.	-1	-1	.	.	.	.	-1
GL000216.2	40578	41139	peak_4804	1000	.	945.170532	13.218287	-1	434	.	-1	-1	.	.	.	.	-1
GL000216.2	41538	42528	peak_4805	1000	.	1542.485718	10.536724	-1	957	.	-1	-1	.	.	.	.	-1
GL000216.2	42654	42838	peak_4806	1000	.	283.032623	4.655616	-1	83	.	-1	-1	.	.	.	.	-1
GL000216.2	42942	43268	peak_4807	849	.	276.902893	7.215447	-1	90	.	-1	-1	.	.	.	.	-1
GL000216.2	43961	44506	peak_4808	474	.	258.264374	4.892064	-1	208	.	-1	-1	.	.	.	.	-1
GL000216.2	45290	45699	peak_4809	819	.	334.837219	4.892064	-1	34	.	-1	-1	.	.	.	.	-1
GL000216.2	45831	46319	peak_4810	1000	.	758.701782	6.280785	-1	421	.	-1	-1	.	.	.	.	-1
GL000216.2	46481	46766	peak_4811	1000	.	386.350983	6.897870	-1	188	.	-1	-1	.	.	.	.	-1
GL000216.2	46876	47223	peak_4812	708	.	245.612778	5.496779	-1	34	.	-1	-1	.	.	.	.	-1
GL000216.2	47341	47856	peak_4813	1000	.	1007.494812	7.113194	-1	217	.	-1	-1	.	.	.	.	-1
GL000216.2	48935	49402	peak_4814	759	.	354.493958	6.414886	-1	34	.	-1	-1	.	.	.	.	-1
GL000216.2	49749	50286	peak_4815	960	.	515.545349	7.215447	-1	374	.	-1	-1	.	.	.	.	-1
GL000216.2	50670	52631	peak_4816	936	.	1835.413452	8.956428	-1	32	.	-1	-1	.	.	.	.	-1
GL000216.2	53051	53373	peak_4817	1000	.	393.995850	7.215447	-1	301	.	-1	-1	.	.	.	.	-1
GL000216.2	53584	53739	peak_4818	1000	.	208.040146	5.671912	-1	28	.	-1	-1	.	.	.	.	-1
GL000216.2	54009	54272	peak_4819	1000	.	479.552795	8.583626	-1	34	.	-1	-1	.	.	.	.	-1
GL000216.2	54386	54799	peak_4820	689	.	284.408264	4.892064	-1	336	.	-1	-1	.	.	.	.	-1
GL000216.2	56751	57470	peak_4821	837	.	602.125916	9.238552	-1	21	.	-1	-1	.	.	.	.	-1
GL000216.2	57584	57767	peak_4822	1000	.	511.454712	8.897087	-1	89	.	-1	-1	.	.	.	.	-1
GL000216.2	58419	58595	peak_4823	1000	.	330.400330	7.113194	-1	141	.	-1	-1	.	.	.	.	-1
GL000216.2	58704	58897	peak_4824	1000	.	250.160095	7.410364	-1	34	.	-1	-1	.	.	.	.	-1
GL000216.2	59010	59711	peak_4825	1000	.	789.401611	7.931771	-1	493	.	-1	-1	.	.	.	.	-1
GL000216.2	60992	61271	peak_4826	836	.	233.280716	4.892064	-1	79	.	-1	-1	.	.	.	.	-1
GL000216.2	61564	62203	peak_4827	771	.	492.676575	6.897870	-1	327	.	-1	-1	.	.	.	.	-1
GL000216.2	62304	62930	peak_4828	1000	.	866.415833	7.314430	-1	178	.	-1	-1	.	.	.	.	-1
GL000216.2	63053	63201	peak_4829	1000	.	301.707977	5.671912	-1	41	.	-1	-1	.	.	.	.	-1
GL000216.2	63783	64011	peak_4830	992	.	226.197540	5.109050	-1	152	.	-1	-1	.	.	.	.	-1
GL000216.2	64134	64628	peak_4831	927	.	457.739014	5.109050	-1	13	.	-1	-1	.	.	.	.	-1
GL000216.2	64729	67280	peak_4832	1000	.	2716.135986	9.694648	-1	424	.	-1	-1	.	.	.	.	-1
GL000216.2	67590	67828	peak_4833	1000	.	526.540161	6.784213	-1	29	.	-1	-1	.	.	.	.	-1
GL000216.2	68878	70962	peak_4834	987	.	2057.017822	10.223215	-1	2043	.	-1	-1	.	.	.	.	-1
GL000216.2	71073	71699	peak_4835	1000	.	686.110840	8.309755	-1	563	.	-1	-1	.	.	.	.	-1
GL000216.2	71866	74311	peak_4836	874	.	2136.978760	7.593853	-1	894	.	-1	-1	.	.	.	.	-1
GL000216.2	74457	75227	peak_4837	936	.	720.519836	8.010967	-1	239	.	-1	-1	.	.	.	.	-1
GL000216.2	75346	75735	peak_4838	1000	.	484.712524	6.543151	-1	322	.	-1	-1	.	.	.	.	-1
GL000216.2	75925	76376	peak_4839	874	.	394.232697	5.309801	-1	222	.	-1	-1	.	.	.	.	-1
GL000216.2	76519	77622	peak_4840	919	.	1013.985413	8.010967	-1	148	.	-1	-1	.	.	.	.	-1
GL000216.2	77728	79306	peak_4841	881	.	1389.916992	10.719772	-1	1190	.	-1	-1	.	.	.	.	-1
GL000216.2	79427	79780	peak_4842	1000	.	369.279358	5.836737	-1	326	.	-1	-1	.	.	.	.	-1
GL000216.2	79883	80750	peak_4843	1000	.	3178.523193	9.694648	-1	571	.	-1	-1	.	.	.	.	-1
GL000216.2	81616	81929	peak_4844	705	.	220.675568	4.395352	-1	32	.	-1	-1	.	.	.	.	-1
GL000216.2	82459	83200	peak_4845	1000	.	893.342041	8.010967	-1	94	.	-1	-1	.	.	.	.	-1
GL000216.2	83367	83923	peak_4846	1000	.	708.410156	7.215447	-1	349	.	-1	-1	.	.	.	.	-1
GL000216.2	84044	85348	peak_4847	1000	.	1303.784302	8.237581	-1	1120	.	-1	-1	.	.	.	.	-1
GL000216.2	85516	85973	peak_4848	815	.	372.545624	5.992500	-1	139	.	-1	-1	.	.	.	.	-1
GL000216.2	86102	86876	peak_4849	692	.	535.290283	5.109050	-1	96	.	-1	-1	.	.	.	.	-1
GL000216.2	87012	87401	peak_4850	719	.	279.527557	6.666107	-1	80	.	-1	-1	.	.	.	.	-1
GL000216.2	136479	136955	peak_4851	1000	.	729.424438	9.183957	-1	56	.	-1	-1	.	.	.	.	-1
GL000216.2	137130	137762	peak_4852	580	.	366.406616	4.395352	-1	613	.	-1	-1	.	.	.	.	-1
GL000216.2	138324	138590	peak_4853	1000	.	468.997803	6.784213	-1	154	.	-1	-1	.	.	.	.	-1
GL000216.2	138691	140087	peak_4854	1000	.	1881.746216	7.681748	-1	1056	.	-1	-1	.	.	.	.	-1
GL000216.2	140267	140721	peak_4855	866	.	393.266235	6.543151	-1	36	.	-1	-1	.	.	.	.	-1
GL000216.2	140824	141295	peak_4856	1000	.	1114.195190	9.924512	-1	285	.	-1	-1	.	.	.	.	-1
GL000216.2	141433	142725	peak_4857	1000	.	1813.273682	6.140231	-1	1048	.	-1	-1	.	.	.	.	-1
GL000216.2	145040	146789	peak_4858	1000	.	1751.868164	5.992500	-1	1473	.	-1	-1	.	.	.	.	-1
GL000216.2	146890	147744	peak_4859	1000	.	1273.397339	6.666107	-1	603	.	-1	-1	.	.	.	.	-1
GL000216.2	147853	149235	peak_4860	1000	.	3029.312256	11.519731	-1	626	.	-1	-1	.	.	.	.	-1
GL000216.2	149337	151841	peak_4861	1000	.	4883.072754	8.956428	-1	216	.	-1	-1	.	.	.	.	-1
GL000216.2	151952	153885	peak_4862	1000	.	2788.627197	8.648705	-1	1224	.	-1	-1	.	.	.	.	-1
GL000216.2	154006	159731	peak_4863	1000	.	9691.567383	10.343987	-1	5634	.	-1	-1	.	.	.	.	-1
GL000216.2	159844	160763	peak_4864	1000	.	1049.879395	8.088272	-1	124	.	-1	-1	.	.	.	.	-1
GL000216.2	161765	162096	peak_4865	1000	.	497.831116	6.140231	-1	196	.	-1	-1	.	.	.	.	-1
GL000216.2	162477	163335	peak_4866	1000	.	1423.676758	8.309755	-1	607	.	-1	-1	.	.	.	.	-1
GL000216.2	163462	163891	peak_4867	1000	.	640.150879	7.850579	-1	319	.	-1	-1	.	.	.	.	-1
GL000216.2	163996	169155	peak_4868	1000	.	9841.740234	13.328695	-1	3874	.	-1	-1	.	.	.	.	-1
GL000216.2	169260	169620	peak_4869	1000	.	424.236511	5.496779	-1	300	.	-1	-1	.	.	.	.	-1
GL000216.2	169970	170738	peak_4870	1000	.	784.881348	6.140231	-1	280	.	-1	-1	.	.	.	.	-1
GL000216.2	172557	173356	peak_4871	1000	.	1079.500732	8.163781	-1	153	.	-1	-1	.	.	.	.	-1
GL000216.2	173471	175185	peak_4872	1000	.	3172.375488	10.422315	-1	504	.	-1	-1	.	.	.	.	-1
GL000216.2	175806	176113	peak_4873	712	.	218.539261	4.892064	-1	100	.	-1	-1	.	.	.	.	-1
GL000216.2	176223	176599	peak_4874	1000	.	419.164062	6.280785	-1	262	.	-1	-1	.	.	.	.	-1
GL000219.1	50393	51573	peak_4875	512	.	604.554443	5.109050	-1	625	.	-1	-1	.	.	.	.	-1
GL000220.1	101560	107867	peak_4876	1000	.	10026.482422	7.314430	-1	2185	.	-1	-1	.	.	.	.	-1
GL000220.1	109030	111094	peak_4877	1000	.	4175.416016	6.666107	-1	1313	.	-1	-1	.	.	.	.	-1
GL000220.1	111774	112662	peak_4878	949	.	842.834534	5.309801	-1	120	.	-1	-1	.	.	.	.	-1
GL000220.1	113223	114105	peak_4879	1000	.	1201.014404	5.992500	-1	434	.	-1	-1	.	.	.	.	-1
GL000220.1	114234	116318	peak_4880	1000	.	3646.620117	5.992500	-1	756	.	-1	-1	.	.	.	.	-1
GL000220.1	116876	118501	peak_4881	1000	.	3409.359863	6.784213	-1	958	.	-1	-1	.	.	.	.	-1
GL000220.1	118676	119563	peak_4882	1000	.	1222.193359	6.543151	-1	587	.	-1	-1	.	.	.	.	-1
GL000220.1	119744	151660	peak_4883	1000	.	86869.976562	9.834352	-1	18898	.	-1	-1	.	.	.	.	-1
GL000220.1	152962	155047	peak_4884	1000	.	5296.784180	6.897870	-1	1568	.	-1	-1	.	.	.	.	-1
GL000220.1	155616	156590	peak_4885	806	.	784.624512	5.496779	-1	397	.	-1	-1	.	.	.	.	-1
GL000220.1	157118	157861	peak_4886	1000	.	910.739807	5.836737	-1	363	.	-1	-1	.	.	.	.	-1
GL000220.1	158409	159453	peak_4887	1000	.	1907.904419	5.836737	-1	824	.	-1	-1	.	.	.	.	-1
GL000220.1	159562	160323	peak_4888	1000	.	1004.447754	4.892064	-1	563	.	-1	-1	.	.	.	.	-1
GL000220.1	160867	161794	peak_4889	1000	.	1996.235107	5.992500	-1	826	.	-1	-1	.	.	.	.	-1
GL000221.1	74383	75096	peak_4890	369	.	262.929626	4.105179	-1	328	.	-1	-1	.	.	.	.	-1
GL000224.1	25	356	peak_4891	1000	.	411.985565	5.671912	-1	301	.	-1	-1	.	.	.	.	-1
GL000224.1	459	12915	peak_4892	1000	.	16864.234375	8.380379	-1	1839	.	-1	-1	.	.	.	.	-1
GL000224.1	13107	16037	peak_4893	1000	.	3409.692871	6.543151	-1	1632	.	-1	-1	.	.	.	.	-1
GL000224.1	16162	19067	peak_4894	1000	.	3664.911621	6.543151	-1	2114	.	-1	-1	.	.	.	.	-1
GL000225.1	17	756	peak_4895	1000	.	940.711060	5.992500	-1	20	.	-1	-1	.	.	.	.	-1
GL000225.1	2397	4357	peak_4896	1000	.	2222.858398	5.836737	-1	762	.	-1	-1	.	.	.	.	-1
GL000225.1	4483	6979	peak_4897	1000	.	4576.998047	8.088272	-1	2016	.	-1	-1	.	.	.	.	-1
GL000225.1	7131	7720	peak_4898	701	.	412.967377	5.309801	-1	522	.	-1	-1	.	.	.	.	-1
GL000225.1	10473	14526	peak_4899	1000	.	7094.264648	9.834352	-1	3587	.	-1	-1	.	.	.	.	-1
GL000225.1	14630	14925	peak_4900	1000	.	536.579590	6.666107	-1	54	.	-1	-1	.	.	.	.	-1
GL000225.1	15037	16447	peak_4901	1000	.	1678.105103	6.666107	-1	1073	.	-1	-1	.	.	.	.	-1
GL000225.1	16548	19131	peak_4902	1000	.	3371.271729	7.314430	-1	932	.	-1	-1	.	.	.	.	-1
GL000225.1	19330	22714	peak_4903	1000	.	5616.102051	9.072088	-1	2281	.	-1	-1	.	.	.	.	-1
GL000225.1	23633	29504	peak_4904	1000	.	10405.527344	10.012437	-1	1222	.	-1	-1	.	.	.	.	-1
GL000225.1	31757	35794	peak_4905	1000	.	6909.440430	12.392111	-1	1908	.	-1	-1	.	.	.	.	-1
GL000225.1	38192	39617	peak_4906	1000	.	1548.842041	8.517250	-1	1021	.	-1	-1	.	.	.	.	-1
GL000225.1	39762	40012	peak_4907	1000	.	256.357025	6.140231	-1	160	.	-1	-1	.	.	.	.	-1
GL000225.1	40130	41567	peak_4908	1000	.	2113.546387	7.503445	-1	826	.	-1	-1	.	.	.	.	-1
GL000225.1	41679	42413	peak_4909	1000	.	783.072754	6.414886	-1	495	.	-1	-1	.	.	.	.	-1
GL000225.1	44726	51485	peak_4910	1000	.	10821.466797	13.382787	-1	6162	.	-1	-1	.	.	.	.	-1
GL000225.1	51630	52046	peak_4911	1000	.	613.358582	6.543151	-1	383	.	-1	-1	.	.	.	.	-1
GL000225.1	54867	57859	peak_4912	1000	.	4840.319336	12.056437	-1	1362	.	-1	-1	.	.	.	.	-1
GL000225.1	59867	60961	peak_4913	1000	.	1142.208984	5.309801	-1	632	.	-1	-1	.	.	.	.	-1
GL000225.1	61245	63066	peak_4914	1000	.	2990.625488	7.681748	-1	304	.	-1	-1	.	.	.	.	-1
GL000225.1	65322	71291	peak_4915	1000	.	12000.075195	14.664610	-1	2219	.	-1	-1	.	.	.	.	-1
GL000225.1	73552	74887	peak_4916	1000	.	2746.361328	10.460853	-1	1293	.	-1	-1	.	.	.	.	-1
GL000225.1	75030	76118	peak_4917	1000	.	1626.567871	8.517250	-1	317	.	-1	-1	.	.	.	.	-1
GL000225.1	76253	78101	peak_4918	1000	.	2497.326660	7.593853	-1	206	.	-1	-1	.	.	.	.	-1
GL000225.1	80547	87246	peak_4919	1000	.	12362.075195	13.934690	-1	5135	.	-1	-1	.	.	.	.	-1
GL000225.1	87398	87820	peak_4920	1000	.	652.807678	5.992500	-1	284	.	-1	-1	.	.	.	.	-1
GL000225.1	87943	88675	peak_4921	1000	.	908.016846	5.992500	-1	160	.	-1	-1	.	.	.	.	-1
GL000225.1	90101	90507	peak_4922	525	.	213.275528	4.892064	-1	32	.	-1	-1	.	.	.	.	-1
GL000225.1	90914	95699	peak_4923	1000	.	9666.230469	11.576927	-1	3266	.	-1	-1	.	.	.	.	-1
GL000225.1	95806	98667	peak_4924	1000	.	4906.575195	9.499280	-1	1254	.	-1	-1	.	.	.	.	-1
GL000225.1	98967	99547	peak_4925	1000	.	1049.005005	6.784213	-1	440	.	-1	-1	.	.	.	.	-1
GL000225.1	99656	99819	peak_4926	1000	.	205.100235	5.309801	-1	135	.	-1	-1	.	.	.	.	-1
GL000225.1	100862	102574	peak_4927	1000	.	3846.458008	9.549155	-1	1677	.	-1	-1	.	.	.	.	-1
GL000225.1	102712	103539	peak_4928	1000	.	955.154175	7.113194	-1	613	.	-1	-1	.	.	.	.	-1
GL000225.1	103997	104362	peak_4929	564	.	205.889099	5.309801	-1	32	.	-1	-1	.	.	.	.	-1
GL000225.1	105444	105931	peak_4930	1000	.	649.076782	6.140231	-1	255	.	-1	-1	.	.	.	.	-1
GL000225.1	106216	106764	peak_4931	1000	.	633.442627	5.671912	-1	326	.	-1	-1	.	.	.	.	-1
GL000225.1	106876	114383	peak_4932	1000	.	13222.307617	12.106205	-1	4273	.	-1	-1	.	.	.	.	-1
GL000225.1	115006	115589	peak_4933	558	.	325.423218	4.892064	-1	548	.	-1	-1	.	.	.	.	-1
GL000225.1	115891	122053	peak_4934	1000	.	11888.936523	12.785285	-1	1887	.	-1	-1	.	.	.	.	-1
GL000225.1	122159	123268	peak_4935	1000	.	2020.417236	7.767279	-1	981	.	-1	-1	.	.	.	.	-1
GL000225.1	123391	123579	peak_4936	1000	.	587.405334	7.931771	-1	49	.	-1	-1	.	.	.	.	-1
GL000225.1	123694	124839	peak_4937	1000	.	1739.516846	6.897870	-1	1109	.	-1	-1	.	.	.	.	-1
GL000225.1	124989	126484	peak_4938	1000	.	2543.374268	8.712543	-1	310	.	-1	-1	.	.	.	.	-1
GL000225.1	126684	131262	peak_4939	1000	.	9980.641602	10.683888	-1	692	.	-1	-1	.	.	.	.	-1
GL000225.1	131399	135271	peak_4940	1000	.	6756.010742	12.460430	-1	201	.	-1	-1	.	.	.	.	-1
GL000225.1	137392	138838	peak_4941	1000	.	2068.406494	6.543151	-1	256	.	-1	-1	.	.	.	.	-1
GL000225.1	138992	139452	peak_4942	1000	.	872.137024	7.113194	-1	172	.	-1	-1	.	.	.	.	-1
GL000225.1	139846	140228	peak_4943	1000	.	391.927917	5.836737	-1	130	.	-1	-1	.	.	.	.	-1
GL000225.1	140553	141243	peak_4944	1000	.	1195.491455	8.237581	-1	610	.	-1	-1	.	.	.	.	-1
GL000225.1	141390	142079	peak_4945	1000	.	914.514526	7.215447	-1	315	.	-1	-1	.	.	.	.	-1
GL000225.1	143939	144442	peak_4946	599	.	301.434387	4.892064	-1	32	.	-1	-1	.	.	.	.	-1
GL000225.1	144559	144677	peak_4947	1000	.	341.835938	7.215447	-1	33	.	-1	-1	.	.	.	.	-1
GL000225.1	189324	189461	peak_4948	1000	.	246.247787	5.836737	-1	109	.	-1	-1	.	.	.	.	-1
GL000225.1	189905	190962	peak_4949	552	.	583.749023	4.892064	-1	961	.	-1	-1	.	.	.	.	-1
GL000225.1	191099	191440	peak_4950	743	.	253.495377	5.109050	-1	62	.	-1	-1	.	.	.	.	-1
GL000225.1	191654	192662	peak_4951	595	.	599.284851	5.992500	-1	982	.	-1	-1	.	.	.	.	-1
GL000225.1	192774	193442	peak_4952	832	.	555.507446	6.280785	-1	276	.	-1	-1	.	.	.	.	-1
GL000225.1	193565	194035	peak_4953	988	.	464.420471	5.309801	-1	209	.	-1	-1	.	.	.	.	-1
GL000225.1	194531	195363	peak_4954	569	.	473.249725	5.109050	-1	229	.	-1	-1	.	.	.	.	-1
GL000225.1	195923	196033	peak_4955	1000	.	230.566696	7.113194	-1	21	.	-1	-1	.	.	.	.	-1
GL000225.1	196162	197047	peak_4956	1000	.	1174.667358	16.175934	-1	849	.	-1	-1	.	.	.	.	-1
GL000225.1	197399	197622	peak_4957	1000	.	265.527313	7.113194	-1	189	.	-1	-1	.	.	.	.	-1
GL000225.1	197749	197954	peak_4958	1000	.	279.474823	6.140231	-1	134	.	-1	-1	.	.	.	.	-1
GL000225.1	198123	200606	peak_4959	576	.	1429.506348	6.280785	-1	443	.	-1	-1	.	.	.	.	-1
GL000251.2	137992	138416	peak_4762	778	.	329.987671	4.395352	-1	130	.	-1	-1	.	.	.	.	-1
GL000251.2	147943	148212	peak_4763	1000	.	301.073425	4.655616	-1	147	.	-1	-1	.	.	.	.	-1
GL383541.1	14053	14526	peak_4768	1000	.	1347.807129	11.548436	-1	439	.	-1	-1	.	.	.	.	-1
GL383563.3	53135	53436	peak_4722	742	.	223.368378	4.892064	-1	169	.	-1	-1	.	.	.	.	-1
GL383563.3	57070	57668	peak_4723	354	.	211.953857	3.776148	-1	366	.	-1	-1	.	.	.	.	-1
GL877875.1	1	579	peak_4720	1000	.	1288.161377	8.956428	-1	252	.	-1	-1	.	.	.	.	-1
KI270303.1	25	1923	peak_4960	1000	.	2180.170898	7.503445	-1	1351	.	-1	-1	.	.	.	.	-1
KI270304.1	38	2162	peak_4961	877	.	1862.929199	6.280785	-1	1027	.	-1	-1	.	.	.	.	-1
KI270310.1	30	1201	peak_4962	1000	.	2061.710693	7.681748	-1	318	.	-1	-1	.	.	.	.	-1
KI270317.1	405	1105	peak_4963	438	.	306.603394	4.395352	-1	361	.	-1	-1	.	.	.	.	-1
KI270317.1	36547	36836	peak_4964	729	.	210.707977	5.309801	-1	122	.	-1	-1	.	.	.	.	-1
KI270330.1	32	1649	peak_4965	1000	.	1838.045166	6.280785	-1	1508	.	-1	-1	.	.	.	.	-1
KI270333.1	2	2696	peak_4966	1000	.	10609.067383	9.968745	-1	125	.	-1	-1	.	.	.	.	-1
KI270336.1	0	1023	peak_4967	1000	.	3502.045410	10.263924	-1	955	.	-1	-1	.	.	.	.	-1
KI270337.1	5	1121	peak_4968	1000	.	4886.630859	10.894123	-1	51	.	-1	-1	.	.	.	.	-1
KI270411.1	38	2608	peak_4969	1000	.	5533.271484	9.499280	-1	2078	.	-1	-1	.	.	.	.	-1
KI270412.1	10	934	peak_4970	954	.	881.086609	5.992500	-1	364	.	-1	-1	.	.	.	.	-1
KI270418.1	150	447	peak_4971	1000	.	514.026367	6.784213	-1	265	.	-1	-1	.	.	.	.	-1
KI270418.1	1242	1372	peak_4972	1000	.	378.866089	6.666107	-1	28	.	-1	-1	.	.	.	.	-1
KI270422.1	454	1353	peak_4973	1000	.	1373.377686	6.414886	-1	474	.	-1	-1	.	.	.	.	-1
KI270435.1	1737	2310	peak_4974	432	.	247.688599	3.776148	-1	397	.	-1	-1	.	.	.	.	-1
KI270435.1	91873	92973	peak_4975	1000	.	2059.486816	8.897087	-1	752	.	-1	-1	.	.	.	.	-1
KI270438.1	868	1748	peak_4976	473	.	416.376282	4.395352	-1	103	.	-1	-1	.	.	.	.	-1
KI270438.1	5642	6010	peak_4977	851	.	313.289795	4.655616	-1	340	.	-1	-1	.	.	.	.	-1
KI270438.1	8335	9166	peak_4978	274	.	227.363312	3.776148	-1	422	.	-1	-1	.	.	.	.	-1
KI270438.1	22148	22620	peak_4979	440	.	207.677139	3.776148	-1	342	.	-1	-1	.	.	.	.	-1
KI270438.1	46529	48595	peak_4980	1000	.	2451.141846	7.314430	-1	1673	.	-1	-1	.	.	.	.	-1
KI270438.1	48978	49818	peak_4981	1000	.	1036.076172	7.593853	-1	254	.	-1	-1	.	.	.	.	-1
KI270438.1	56197	57201	peak_4982	1000	.	1228.353394	8.237581	-1	316	.	-1	-1	.	.	.	.	-1
KI270438.1	57376	58019	peak_4983	1000	.	876.220703	9.646818	-1	529	.	-1	-1	.	.	.	.	-1
KI270438.1	58316	58897	peak_4984	706	.	409.986359	5.992500	-1	117	.	-1	-1	.	.	.	.	-1
KI270438.1	59155	59535	peak_4985	1000	.	468.567535	6.666107	-1	339	.	-1	-1	.	.	.	.	-1
KI270438.1	60732	61842	peak_4986	897	.	995.460327	8.956428	-1	658	.	-1	-1	.	.	.	.	-1
KI270438.1	61986	62524	peak_4987	1000	.	584.623291	9.499280	-1	123	.	-1	-1	.	.	.	.	-1
KI270438.1	63389	63955	peak_4988	628	.	355.394135	4.105179	-1	333	.	-1	-1	.	.	.	.	-1
KI270438.1	64593	65037	peak_4989	1000	.	597.654602	6.414886	-1	11	.	-1	-1	.	.	.	.	-1
KI270438.1	65722	66365	peak_4990	742	.	477.418884	4.655616	-1	490	.	-1	-1	.	.	.	.	-1
KI270438.1	66481	66740	peak_4991	1000	.	419.118652	7.503445	-1	75	.	-1	-1	.	.	.	.	-1
KI270438.1	66883	68070	peak_4992	886	.	1051.400757	11.312439	-1	689	.	-1	-1	.	.	.	.	-1
KI270438.1	68234	69783	peak_4993	878	.	1360.695068	5.671912	-1	270	.	-1	-1	.	.	.	.	-1
KI270438.1	70073	70659	peak_4994	574	.	336.592773	4.105179	-1	565	.	-1	-1	.	.	.	.	-1
KI270438.1	70770	71599	peak_4995	1000	.	1586.555786	9.694648	-1	283	.	-1	-1	.	.	.	.	-1
KI270438.1	72813	73074	peak_4996	1000	.	331.395538	5.109050	-1	156	.	-1	-1	.	.	.	.	-1
KI270438.1	73403	73528	peak_4997	1000	.	236.858322	6.280785	-1	34	.	-1	-1	.	.	.	.	-1
KI270438.1	73708	74706	peak_4998	612	.	610.281250	6.414886	-1	622	.	-1	-1	.	.	.	.	-1
KI270438.1	76158	77028	peak_4999	591	.	514.415100	4.892064	-1	652	.	-1	-1	.	.	.	.	-1
KI270438.1	77199	77467	peak_5000	978	.	262.193268	5.109050	-1	9	.	-1	-1	.	.	.	.	-1
KI270438.1	77640	78914	peak_5001	588	.	749.622986	5.671912	-1	340	.	-1	-1	.	.	.	.	-1
KI270438.1	79017	79212	peak_5002	1000	.	241.572647	5.109050	-1	33	.	-1	-1	.	.	.	.	-1
KI270438.1	79338	79719	peak_5003	612	.	233.105194	5.309801	-1	245	.	-1	-1	.	.	.	.	-1
KI270438.1	79834	80595	peak_5004	962	.	732.054199	6.140231	-1	328	.	-1	-1	.	.	.	.	-1
KI270438.1	80722	80799	peak_5005	1000	.	276.511108	9.345212	-1	52	.	-1	-1	.	.	.	.	-1
KI270438.1	80976	81178	peak_5006	1000	.	223.071533	5.309801	-1	149	.	-1	-1	.	.	.	.	-1
KI270438.1	81279	82553	peak_5007	1000	.	1331.332275	9.448680	-1	444	.	-1	-1	.	.	.	.	-1
KI270438.1	83565	84275	peak_5008	643	.	456.762482	4.892064	-1	203	.	-1	-1	.	.	.	.	-1
KI270438.1	84898	85134	peak_5009	1000	.	257.739655	7.007426	-1	204	.	-1	-1	.	.	.	.	-1
KI270438.1	85250	85845	peak_5010	439	.	261.321777	4.892064	-1	35	.	-1	-1	.	.	.	.	-1
KI270438.1	86184	86745	peak_5011	1000	.	720.709778	6.897870	-1	72	.	-1	-1	.	.	.	.	-1
KI270438.1	86947	87836	peak_5012	561	.	498.974487	5.992500	-1	843	.	-1	-1	.	.	.	.	-1
KI270438.1	87949	89281	peak_5013	638	.	849.694092	6.140231	-1	30	.	-1	-1	.	.	.	.	-1
KI270438.1	89621	89915	peak_5014	965	.	283.615967	6.897870	-1	258	.	-1	-1	.	.	.	.	-1
KI270438.1	90437	90852	peak_5015	644	.	267.436432	5.496779	-1	217	.	-1	-1	.	.	.	.	-1
KI270438.1	90985	91294	peak_5016	1000	.	323.976074	7.767279	-1	112	.	-1	-1	.	.	.	.	-1
KI270438.1	91718	92187	peak_5017	842	.	394.867249	5.992500	-1	123	.	-1	-1	.	.	.	.	-1
KI270438.1	92371	92675	peak_5018	1000	.	351.719849	6.666107	-1	228	.	-1	-1	.	.	.	.	-1
KI270438.1	92780	93374	peak_5019	1000	.	639.535950	5.992500	-1	244	.	-1	-1	.	.	.	.	-1
KI270438.1	93898	94100	peak_5020	1000	.	207.722580	5.992500	-1	80	.	-1	-1	.	.	.	.	-1
KI270438.1	94639	95548	peak_5021	1000	.	916.695984	5.309801	-1	604	.	-1	-1	.	.	.	.	-1
KI270438.1	95712	96278	peak_5022	715	.	404.797241	5.109050	-1	534	.	-1	-1	.	.	.	.	-1
KI270438.1	96402	96631	peak_5023	1000	.	275.300262	5.496779	-1	71	.	-1	-1	.	.	.	.	-1
KI270438.1	97360	99983	peak_5024	944	.	2476.172607	7.931771	-1	712	.	-1	-1	.	.	.	.	-1
KI270438.1	100780	112473	peak_5025	1000	.	85412.976562	19.612268	-1	11363	.	-1	-1	.	.	.	.	-1
KI270442.1	0	1460	peak_5026	1000	.	2989.344971	17.369669	-1	129	.	-1	-1	.	.	.	.	-1
KI270442.1	1572	2586	peak_5027	971	.	984.286987	5.109050	-1	314	.	-1	-1	.	.	.	.	-1
KI270442.1	3990	4449	peak_5028	1000	.	842.281067	8.237581	-1	45	.	-1	-1	.	.	.	.	-1
KI270442.1	9254	10207	peak_5029	988	.	941.415588	8.775187	-1	182	.	-1	-1	.	.	.	.	-1
KI270442.1	10321	10928	peak_5030	983	.	596.412842	5.671912	-1	129	.	-1	-1	.	.	.	.	-1
KI270442.1	11365	15370	peak_5031	877	.	3513.964355	7.850579	-1	3080	.	-1	-1	.	.	.	.	-1
KI270442.1	15483	16481	peak_5032	647	.	646.005127	7.593853	-1	675	.	-1	-1	.	.	.	.	-1
KI270442.1	16663	17231	peak_5033	623	.	353.809021	5.671912	-1	285	.	-1	-1	.	.	.	.	-1
KI270442.1	17362	18470	peak_5034	752	.	833.353638	5.109050	-1	1077	.	-1	-1	.	.	.	.	-1
KI270442.1	18615	19179	peak_5035	521	.	293.851135	5.109050	-1	87	.	-1	-1	.	.	.	.	-1
KI270442.1	19464	20066	peak_5036	1000	.	653.606873	7.007426	-1	396	.	-1	-1	.	.	.	.	-1
KI270442.1	22309	22607	peak_5037	1000	.	520.535461	6.666107	-1	199	.	-1	-1	.	.	.	.	-1
KI270442.1	22980	23178	peak_5038	1000	.	202.689774	4.395352	-1	146	.	-1	-1	.	.	.	.	-1
KI270442.1	23796	24636	peak_5039	1000	.	1000.542236	7.410364	-1	57	.	-1	-1	.	.	.	.	-1
KI270442.1	24780	25470	peak_5040	1000	.	722.420959	6.140231	-1	78	.	-1	-1	.	.	.	.	-1
KI270442.1	25790	26516	peak_5041	657	.	477.075928	4.395352	-1	30	.	-1	-1	.	.	.	.	-1
KI270442.1	26666	27547	peak_5042	653	.	575.188232	5.671912	-1	507	.	-1	-1	.	.	.	.	-1
KI270442.1	27648	27809	peak_5043	1000	.	352.827576	8.163781	-1	60	.	-1	-1	.	.	.	.	-1
KI270442.1	28512	29829	peak_5044	1000	.	1397.985962	8.088272	-1	163	.	-1	-1	.	.	.	.	-1
KI270442.1	30500	31897	peak_5045	1000	.	1525.818848	10.859906	-1	300	.	-1	-1	.	.	.	.	-1
KI270442.1	32328	33235	peak_5046	796	.	721.736206	5.496779	-1	595	.	-1	-1	.	.	.	.	-1
KI270442.1	33550	34213	peak_5047	1000	.	855.880737	7.314430	-1	584	.	-1	-1	.	.	.	.	-1
KI270442.1	34320	35267	peak_5048	1000	.	964.804688	7.767279	-1	848	.	-1	-1	.	.	.	.	-1
KI270442.1	35395	35746	peak_5049	1000	.	667.139832	9.128480	-1	95	.	-1	-1	.	.	.	.	-1
KI270442.1	35864	36006	peak_5050	1000	.	211.304810	7.007426	-1	117	.	-1	-1	.	.	.	.	-1
KI270442.1	36147	36749	peak_5051	862	.	519.167236	4.892064	-1	270	.	-1	-1	.	.	.	.	-1
KI270442.1	37194	38269	peak_5052	985	.	1058.664429	8.897087	-1	655	.	-1	-1	.	.	.	.	-1
KI270442.1	38480	38726	peak_5053	1000	.	274.467590	6.280785	-1	173	.	-1	-1	.	.	.	.	-1
KI270442.1	38832	39145	peak_5054	1000	.	317.274658	5.109050	-1	110	.	-1	-1	.	.	.	.	-1
KI270442.1	39606	40192	peak_5055	1000	.	731.775085	7.113194	-1	278	.	-1	-1	.	.	.	.	-1
KI270442.1	40392	40758	peak_5056	1000	.	717.052185	7.931771	-1	263	.	-1	-1	.	.	.	.	-1
KI270442.1	42153	42365	peak_5057	978	.	207.365875	5.992500	-1	177	.	-1	-1	.	.	.	.	-1
KI270442.1	42506	42947	peak_5058	716	.	315.627594	5.309801	-1	245	.	-1	-1	.	.	.	.	-1
KI270442.1	43479	44141	peak_5059	1000	.	889.213867	6.543151	-1	72	.	-1	-1	.	.	.	.	-1
KI270442.1	44350	45201	peak_5060	861	.	732.372131	5.992500	-1	455	.	-1	-1	.	.	.	.	-1
KI270442.1	45337	46065	peak_5061	814	.	592.271790	5.109050	-1	373	.	-1	-1	.	.	.	.	-1
KI270442.1	46763	47315	peak_5062	798	.	440.529175	6.666107	-1	471	.	-1	-1	.	.	.	.	-1
KI270442.1	47609	47980	peak_5063	1000	.	664.484985	7.215447	-1	282	.	-1	-1	.	.	.	.	-1
KI270442.1	48106	48617	peak_5064	607	.	309.956604	5.109050	-1	256	.	-1	-1	.	.	.	.	-1
KI270442.1	48790	49222	peak_5065	1000	.	452.541534	7.113194	-1	404	.	-1	-1	.	.	.	.	-1
KI270442.1	49406	50460	peak_5066	785	.	827.590881	5.309801	-1	123	.	-1	-1	.	.	.	.	-1
KI270442.1	50695	51014	peak_5067	1000	.	680.974304	7.593853	-1	265	.	-1	-1	.	.	.	.	-1
KI270442.1	55737	56502	peak_5068	821	.	628.096191	5.671912	-1	477	.	-1	-1	.	.	.	.	-1
KI270442.1	56626	57306	peak_5069	1000	.	845.816284	7.007426	-1	293	.	-1	-1	.	.	.	.	-1
KI270442.1	57411	59619	peak_5070	985	.	2175.117432	9.646818	-1	954	.	-1	-1	.	.	.	.	-1
KI270442.1	59728	60557	peak_5071	695	.	575.872437	6.784213	-1	321	.	-1	-1	.	.	.	.	-1
KI270442.1	60877	61512	peak_5072	605	.	384.241028	4.105179	-1	520	.	-1	-1	.	.	.	.	-1
KI270442.1	61778	62768	peak_5073	659	.	652.614441	6.280785	-1	907	.	-1	-1	.	.	.	.	-1
KI270442.1	67552	67799	peak_5074	957	.	236.334900	4.105179	-1	219	.	-1	-1	.	.	.	.	-1
KI270442.1	67948	68947	peak_5075	962	.	961.137634	7.215447	-1	630	.	-1	-1	.	.	.	.	-1
KI270442.1	69262	69985	peak_5076	1000	.	726.668884	5.496779	-1	692	.	-1	-1	.	.	.	.	-1
KI270442.1	70096	71793	peak_5077	1000	.	2247.979248	8.517250	-1	495	.	-1	-1	.	.	.	.	-1
KI270442.1	71895	72231	peak_5078	882	.	296.237854	5.671912	-1	271	.	-1	-1	.	.	.	.	-1
KI270442.1	74346	81484	peak_5079	1000	.	7766.820801	8.517250	-1	649	.	-1	-1	.	.	.	.	-1
KI270442.1	81660	82133	peak_5080	1000	.	472.918884	6.666107	-1	148	.	-1	-1	.	.	.	.	-1
KI270442.1	82237	88233	peak_5081	1000	.	11211.333984	13.199589	-1	4024	.	-1	-1	.	.	.	.	-1
KI270442.1	88424	93400	peak_5082	1000	.	12226.993164	22.935234	-1	3978	.	-1	-1	.	.	.	.	-1
KI270442.1	93503	94438	peak_5083	1000	.	2152.112305	12.460430	-1	754	.	-1	-1	.	.	.	.	-1
KI270442.1	94540	96862	peak_5084	1000	.	5440.917480	15.666463	-1	1526	.	-1	-1	.	.	.	.	-1
KI270442.1	99082	99635	peak_5085	369	.	204.296921	4.395352	-1	33	.	-1	-1	.	.	.	.	-1
KI270442.1	108872	109447	peak_5086	496	.	285.083374	4.105179	-1	511	.	-1	-1	.	.	.	.	-1
KI270442.1	110746	112001	peak_5087	347	.	435.613159	3.776148	-1	574	.	-1	-1	.	.	.	.	-1
KI270442.1	112405	112774	peak_5088	568	.	209.724426	4.105179	-1	29	.	-1	-1	.	.	.	.	-1
KI270442.1	162174	162729	peak_5089	403	.	223.763229	3.776148	-1	238	.	-1	-1	.	.	.	.	-1
KI270442.1	165652	166149	peak_5090	499	.	247.764313	4.105179	-1	204	.	-1	-1	.	.	.	.	-1
KI270442.1	167862	168509	peak_5091	389	.	251.858032	4.105179	-1	31	.	-1	-1	.	.	.	.	-1
KI270442.1	173408	174243	peak_5092	373	.	311.756073	4.105179	-1	759	.	-1	-1	.	.	.	.	-1
KI270442.1	218813	219307	peak_5093	504	.	249.114288	4.395352	-1	329	.	-1	-1	.	.	.	.	-1
KI270442.1	228311	228566	peak_5094	878	.	223.911591	6.140231	-1	224	.	-1	-1	.	.	.	.	-1
KI270442.1	228850	229045	peak_5095	1000	.	205.362411	6.140231	-1	160	.	-1	-1	.	.	.	.	-1
KI270442.1	237628	238044	peak_5096	530	.	220.638535	4.395352	-1	90	.	-1	-1	.	.	.	.	-1
KI270442.1	371143	371555	peak_5097	543	.	223.698608	4.105179	-1	64	.	-1	-1	.	.	.	.	-1
KI270442.1	386919	387447	peak_5098	537	.	283.298859	4.655616	-1	174	.	-1	-1	.	.	.	.	-1
KI270442.1	391059	392061	peak_5099	1000	.	1142.467407	5.496779	-1	402	.	-1	-1	.	.	.	.	-1
KI270465.1	859	1301	peak_5100	605	.	267.246460	4.395352	-1	121	.	-1	-1	.	.	.	.	-1
KI270466.1	1	1232	peak_5101	1000	.	7367.907715	13.085530	-1	1067	.	-1	-1	.	.	.	.	-1
KI270467.1	609	3886	peak_5102	1000	.	18928.873047	14.221776	-1	1912	.	-1	-1	.	.	.	.	-1
KI270468.1	1661	2995	peak_5103	264	.	351.841278	5.109050	-1	995	.	-1	-1	.	.	.	.	-1
KI270510.1	17	328	peak_5104	813	.	252.737198	4.395352	-1	244	.	-1	-1	.	.	.	.	-1
KI270512.1	277	766	peak_5105	648	.	316.973511	4.395352	-1	399	.	-1	-1	.	.	.	.	-1
KI270512.1	3580	3841	peak_5106	897	.	234.159698	5.309801	-1	135	.	-1	-1	.	.	.	.	-1
KI270512.1	21308	22680	peak_5107	1000	.	2006.197510	7.113194	-1	551	.	-1	-1	.	.	.	.	-1
KI270515.1	658	1726	peak_5108	479	.	511.506439	4.892064	-1	963	.	-1	-1	.	.	.	.	-1
KI270515.1	3472	3952	peak_5109	521	.	249.855957	4.105179	-1	78	.	-1	-1	.	.	.	.	-1
KI270519.1	18132	18727	peak_5110	402	.	239.304962	4.105179	-1	342	.	-1	-1	.	.	.	.	-1
KI270519.1	32492	32765	peak_5111	772	.	210.775070	4.105179	-1	33	.	-1	-1	.	.	.	.	-1
KI270519.1	70116	70672	peak_5112	388	.	215.714310	3.776148	-1	20	.	-1	-1	.	.	.	.	-1
KI270519.1	80991	81817	peak_5113	533	.	440.287537	4.105179	-1	292	.	-1	-1	.	.	.	.	-1
KI270519.1	83526	84121	peak_5114	615	.	366.096497	4.395352	-1	68	.	-1	-1	.	.	.	.	-1
KI270519.1	84885	85552	peak_5115	468	.	312.352295	4.395352	-1	515	.	-1	-1	.	.	.	.	-1
KI270519.1	131425	131911	peak_5116	446	.	216.850906	4.105179	-1	450	.	-1	-1	.	.	.	.	-1
KI270519.1	133486	134508	peak_5117	455	.	464.609497	4.655616	-1	220	.	-1	-1	.	.	.	.	-1
KI270519.1	136343	137230	peak_5118	1000	.	1920.494995	11.157050	-1	610	.	-1	-1	.	.	.	.	-1
KI270519.1	137367	138112	peak_5119	1000	.	974.517395	6.414886	-1	176	.	-1	-1	.	.	.	.	-1
KI270528.1	9	62	peak_5120	1000	.	218.267868	7.593853	-1	29	.	-1	-1	.	.	.	.	-1
KI270528.1	314	453	peak_5121	1000	.	206.465485	6.666107	-1	112	.	-1	-1	.	.	.	.	-1
KI270528.1	2889	2943	peak_5122	1000	.	238.175430	7.767279	-1	31	.	-1	-1	.	.	.	.	-1
KI270538.1	3955	4410	peak_5123	499	.	227.182388	4.105179	-1	382	.	-1	-1	.	.	.	.	-1
KI270538.1	18452	19247	peak_5124	427	.	339.815979	3.776148	-1	697	.	-1	-1	.	.	.	.	-1
KI270538.1	22731	23350	peak_5125	520	.	321.773926	4.105179	-1	342	.	-1	-1	.	.	.	.	-1
KI270538.1	25394	25931	peak_5126	400	.	214.675659	4.892064	-1	154	.	-1	-1	.	.	.	.	-1
KI270538.1	26141	26718	peak_5127	460	.	265.169586	4.105179	-1	232	.	-1	-1	.	.	.	.	-1
KI270538.1	59875	60235	peak_5128	633	.	228.041885	4.105179	-1	33	.	-1	-1	.	.	.	.	-1
KI270544.1	40	1188	peak_5129	926	.	1062.803101	6.280785	-1	35	.	-1	-1	.	.	.	.	-1
KI270587.1	352	2675	peak_5130	926	.	2151.120361	5.836737	-1	899	.	-1	-1	.	.	.	.	-1
KI270589.1	41539	44405	peak_5131	1000	.	3945.618896	6.897870	-1	1004	.	-1	-1	.	.	.	.	-1
KI270590.1	957	1851	peak_5132	411	.	366.999054	4.655616	-1	676	.	-1	-1	.	.	.	.	-1
KI270590.1	3485	4233	peak_5133	569	.	425.251190	4.395352	-1	592	.	-1	-1	.	.	.	.	-1
KI270591.1	1205	1559	peak_5134	570	.	201.924927	4.892064	-1	325	.	-1	-1	.	.	.	.	-1
KI270591.1	4911	5762	peak_5135	1000	.	1191.443726	7.503445	-1	663	.	-1	-1	.	.	.	.	-1
KI270706.1	162121	163112	peak_5136	485	.	481.054260	4.892064	-1	73	.	-1	-1	.	.	.	.	-1
KI270706.1	163812	164229	peak_5137	591	.	246.518188	5.671912	-1	295	.	-1	-1	.	.	.	.	-1
KI270706.1	164816	165029	peak_5138	1000	.	289.476288	5.109050	-1	114	.	-1	-1	.	.	.	.	-1
KI270706.1	165193	165606	peak_5139	868	.	358.604309	5.671912	-1	307	.	-1	-1	.	.	.	.	-1
KI270706.1	165784	166445	peak_5140	506	.	334.278625	4.105179	-1	73	.	-1	-1	.	.	.	.	-1
KI270709.1	1	20367	peak_5141	1000	.	104483.437500	14.781187	-1	4533	.	-1	-1	.	.	.	.	-1
KI270716.1	327	1176	peak_5142	658	.	558.507690	5.496779	-1	309	.	-1	-1	.	.	.	.	-1
KI270716.1	1448	1765	peak_5143	669	.	212.074661	4.395352	-1	303	.	-1	-1	.	.	.	.	-1
KI270716.1	2940	4152	peak_5144	570	.	691.179932	5.671912	-1	116	.	-1	-1	.	.	.	.	-1
KI270716.1	4286	4699	peak_5145	588	.	242.949875	3.776148	-1	98	.	-1	-1	.	.	.	.	-1
KI270716.1	5019	5641	peak_5146	1000	.	640.810303	6.414886	-1	447	.	-1	-1	.	.	.	.	-1
KI270716.1	6100	6600	peak_5147	787	.	393.532410	5.992500	-1	244	.	-1	-1	.	.	.	.	-1
KI270716.1	6715	6777	peak_5148	1000	.	258.543304	8.163781	-1	28	.	-1	-1	.	.	.	.	-1
KI270716.1	7676	7900	peak_5149	931	.	208.546951	5.109050	-1	203	.	-1	-1	.	.	.	.	-1
KI270716.1	8226	8657	peak_5150	1000	.	490.554718	6.140231	-1	94	.	-1	-1	.	.	.	.	-1
KI270716.1	10848	11114	peak_5151	1000	.	445.670654	11.281872	-1	177	.	-1	-1	.	.	.	.	-1
KI270718.1	32209	33002	peak_5152	533	.	422.477051	4.395352	-1	359	.	-1	-1	.	.	.	.	-1
KI270718.1	37399	38034	peak_5153	945	.	599.999329	4.892064	-1	271	.	-1	-1	.	.	.	.	-1
KI270720.1	433	1686	peak_5154	672	.	842.538269	4.395352	-1	382	.	-1	-1	.	.	.	.	-1
KI270720.1	4163	4968	peak_5155	268	.	216.013870	3.776148	-1	623	.	-1	-1	.	.	.	.	-1
KI270723.1	33916	34256	peak_5156	977	.	332.235199	5.309801	-1	33	.	-1	-1	.	.	.	.	-1
KI270723.1	36555	37862	peak_5157	1000	.	1461.817627	5.836737	-1	518	.	-1	-1	.	.	.	.	-1
KI270724.1	19	984	peak_5158	1000	.	1317.946655	5.992500	-1	709	.	-1	-1	.	.	.	.	-1
KI270724.1	3559	3685	peak_5159	1000	.	259.986359	6.897870	-1	94	.	-1	-1	.	.	.	.	-1
KI270729.1	16	331	peak_5160	1000	.	1207.791626	11.633275	-1	281	.	-1	-1	.	.	.	.	-1
KI270729.1	440	6146	peak_5161	1000	.	24291.923828	21.881109	-1	3141	.	-1	-1	.	.	.	.	-1
KI270729.1	6256	6526	peak_5162	1000	.	977.956421	10.790506	-1	185	.	-1	-1	.	.	.	.	-1
KI270729.1	10476	13684	peak_5163	1000	.	8961.114258	19.200222	-1	34	.	-1	-1	.	.	.	.	-1
KI270729.1	20208	20719	peak_5164	1000	.	1876.744019	12.549710	-1	86	.	-1	-1	.	.	.	.	-1
KI270729.1	20847	29686	peak_5165	1000	.	24861.779297	18.226645	-1	6953	.	-1	-1	.	.	.	.	-1
KI270729.1	29821	30563	peak_5166	644	.	478.153381	5.671912	-1	507	.	-1	-1	.	.	.	.	-1
KI270729.1	30749	31384	peak_5167	658	.	417.811676	6.414886	-1	295	.	-1	-1	.	.	.	.	-1
KI270729.1	31521	31921	peak_5168	589	.	235.562759	4.395352	-1	238	.	-1	-1	.	.	.	.	-1
KI270729.1	32346	32590	peak_5169	1000	.	723.392761	8.163781	-1	210	.	-1	-1	.	.	.	.	-1
KI270729.1	32975	34210	peak_5170	1000	.	1377.378052	10.611047	-1	1005	.	-1	-1	.	.	.	.	-1
KI270729.1	34323	34661	peak_5171	736	.	248.705551	4.395352	-1	243	.	-1	-1	.	.	.	.	-1
KI270729.1	34802	35068	peak_5172	955	.	254.095749	5.109050	-1	25	.	-1	-1	.	.	.	.	-1
KI270729.1	35186	36124	peak_5173	701	.	657.387390	7.410364	-1	279	.	-1	-1	.	.	.	.	-1
KI270729.1	36390	37327	peak_5174	746	.	698.781860	5.992500	-1	759	.	-1	-1	.	.	.	.	-1
KI270729.1	37528	37793	peak_5175	1000	.	328.742188	8.088272	-1	148	.	-1	-1	.	.	.	.	-1
KI270729.1	38769	39801	peak_5176	1000	.	1121.579468	7.215447	-1	193	.	-1	-1	.	.	.	.	-1
KI270729.1	39905	40842	peak_5177	655	.	613.862488	5.309801	-1	455	.	-1	-1	.	.	.	.	-1
KI270729.1	40962	41314	peak_5178	953	.	335.377594	7.850579	-1	219	.	-1	-1	.	.	.	.	-1
KI270729.1	42937	43482	peak_5179	1000	.	1080.393921	9.397332	-1	461	.	-1	-1	.	.	.	.	-1
KI270729.1	43624	44011	peak_5180	1000	.	502.531647	10.825370	-1	153	.	-1	-1	.	.	.	.	-1
KI270729.1	44401	44447	peak_5181	1000	.	223.792343	7.850579	-1	22	.	-1	-1	.	.	.	.	-1
KI270729.1	44665	45323	peak_5182	744	.	489.426178	5.992500	-1	31	.	-1	-1	.	.	.	.	-1
KI270729.1	45699	45946	peak_5183	947	.	233.923752	4.105179	-1	91	.	-1	-1	.	.	.	.	-1
KI270729.1	46190	46959	peak_5184	714	.	549.044006	5.836737	-1	123	.	-1	-1	.	.	.	.	-1
KI270729.1	47067	47566	peak_5185	1000	.	1066.994385	18.959949	-1	152	.	-1	-1	.	.	.	.	-1
KI270729.1	48351	48480	peak_5186	1000	.	211.000198	5.496779	-1	74	.	-1	-1	.	.	.	.	-1
KI270729.1	48643	49032	peak_5187	1000	.	510.263885	7.113194	-1	361	.	-1	-1	.	.	.	.	-1
KI270729.1	50124	50634	peak_5188	751	.	382.902985	5.309801	-1	410	.	-1	-1	.	.	.	.	-1
KI270729.1	50755	51105	peak_5189	1000	.	536.728271	7.007426	-1	289	.	-1	-1	.	.	.	.	-1
KI270729.1	51671	52931	peak_5190	822	.	1036.211914	7.503445	-1	641	.	-1	-1	.	.	.	.	-1
KI270729.1	53211	53646	peak_5191	589	.	256.020660	5.109050	-1	14	.	-1	-1	.	.	.	.	-1
KI270729.1	54246	54863	peak_5192	1000	.	922.624695	8.163781	-1	456	.	-1	-1	.	.	.	.	-1
KI270729.1	56471	56739	peak_5193	985	.	263.948792	5.671912	-1	244	.	-1	-1	.	.	.	.	-1
KI270729.1	56880	57123	peak_5194	1000	.	841.585632	14.435196	-1	136	.	-1	-1	.	.	.	.	-1
KI270729.1	57239	57663	peak_5195	1000	.	426.885132	7.007426	-1	126	.	-1	-1	.	.	.	.	-1
KI270729.1	58210	59984	peak_5196	931	.	1652.407715	10.422315	-1	1515	.	-1	-1	.	.	.	.	-1
KI270729.1	60556	61376	peak_5197	846	.	693.821594	10.498986	-1	659	.	-1	-1	.	.	.	.	-1
KI270729.1	61926	63016	peak_5198	571	.	621.894470	5.992500	-1	179	.	-1	-1	.	.	.	.	-1
KI270729.1	63441	64298	peak_5199	783	.	671.077332	6.280785	-1	520	.	-1	-1	.	.	.	.	-1
KI270729.1	64423	64983	peak_5200	540	.	302.297729	7.007426	-1	443	.	-1	-1	.	.	.	.	-1
KI270729.1	65127	65934	peak_5201	1000	.	981.813110	7.113194	-1	295	.	-1	-1	.	.	.	.	-1
KI270729.1	66110	66408	peak_5202	860	.	256.355560	6.280785	-1	150	.	-1	-1	.	.	.	.	-1
KI270729.1	66705	68446	peak_5203	759	.	1321.908936	7.850579	-1	1494	.	-1	-1	.	.	.	.	-1
KI270729.1	98221	98518	peak_5204	758	.	225.074509	4.395352	-1	262	.	-1	-1	.	.	.	.	-1
KI270729.1	98878	99866	peak_5205	1000	.	1677.651245	9.292295	-1	265	.	-1	-1	.	.	.	.	-1
KI270729.1	100230	100827	peak_5206	1000	.	603.154663	7.215447	-1	445	.	-1	-1	.	.	.	.	-1
KI270729.1	101418	102039	peak_5207	662	.	411.178253	4.892064	-1	368	.	-1	-1	.	.	.	.	-1
KI270729.1	102794	103213	peak_5208	892	.	373.761536	5.309801	-1	174	.	-1	-1	.	.	.	.	-1
KI270729.1	104962	105331	peak_5209	1000	.	387.150818	7.314430	-1	338	.	-1	-1	.	.	.	.	-1
KI270729.1	105478	105535	peak_5210	1000	.	227.895157	7.410364	-1	29	.	-1	-1	.	.	.	.	-1
KI270729.1	106314	106683	peak_5211	650	.	239.752319	4.395352	-1	96	.	-1	-1	.	.	.	.	-1
KI270729.1	107213	108556	peak_5212	567	.	761.626343	4.892064	-1	370	.	-1	-1	.	.	.	.	-1
KI270729.1	108691	109166	peak_5213	906	.	430.157684	6.666107	-1	319	.	-1	-1	.	.	.	.	-1
KI270729.1	109480	109655	peak_5214	1000	.	412.298889	7.681748	-1	141	.	-1	-1	.	.	.	.	-1
KI270729.1	110080	110519	peak_5215	1000	.	522.948853	8.517250	-1	228	.	-1	-1	.	.	.	.	-1
KI270729.1	111396	111846	peak_5216	682	.	306.783325	5.309801	-1	417	.	-1	-1	.	.	.	.	-1
KI270729.1	112009	112317	peak_5217	1000	.	644.449097	6.666107	-1	283	.	-1	-1	.	.	.	.	-1
KI270729.1	112510	112929	peak_5218	1000	.	471.709137	7.113194	-1	101	.	-1	-1	.	.	.	.	-1
KI270729.1	113072	113737	peak_5219	1000	.	669.113464	7.593853	-1	640	.	-1	-1	.	.	.	.	-1
KI270729.1	114129	114935	peak_5220	1000	.	980.851013	8.088272	-1	395	.	-1	-1	.	.	.	.	-1
KI270729.1	115044	115587	peak_5221	589	.	319.790619	4.655616	-1	193	.	-1	-1	.	.	.	.	-1
KI270729.1	116051	116414	peak_5222	1000	.	496.190399	8.237581	-1	210	.	-1	-1	.	.	.	.	-1
KI270729.1	116529	116794	peak_5223	1000	.	273.825806	4.655616	-1	35	.	-1	-1	.	.	.	.	-1
KI270729.1	116917	117129	peak_5224	1000	.	477.281982	6.140231	-1	90	.	-1	-1	.	.	.	.	-1
KI270729.1	117275	117651	peak_5225	1000	.	509.061401	6.666107	-1	260	.	-1	-1	.	.	.	.	-1
KI270729.1	117831	118554	peak_5226	694	.	501.744812	5.836737	-1	456	.	-1	-1	.	.	.	.	-1
KI270729.1	119689	119744	peak_5227	1000	.	244.242355	7.850579	-1	24	.	-1	-1	.	.	.	.	-1
KI270729.1	119848	122524	peak_5228	572	.	1531.693115	5.836737	-1	2510	.	-1	-1	.	.	.	.	-1
KI270729.1	123346	124051	peak_5229	707	.	498.632050	7.681748	-1	343	.	-1	-1	.	.	.	.	-1
KI270729.1	125280	125653	peak_5230	1000	.	374.653076	7.007426	-1	219	.	-1	-1	.	.	.	.	-1
KI270729.1	125955	126610	peak_5231	867	.	567.729309	9.448680	-1	152	.	-1	-1	.	.	.	.	-1
KI270729.1	126720	127523	peak_5232	657	.	527.191956	4.105179	-1	783	.	-1	-1	.	.	.	.	-1
KI270729.1	127700	128783	peak_5233	543	.	587.599976	5.836737	-1	529	.	-1	-1	.	.	.	.	-1
KI270729.1	130344	130733	peak_5234	633	.	246.350754	4.655616	-1	248	.	-1	-1	.	.	.	.	-1
KI270729.1	131198	131466	peak_5235	1000	.	337.646973	5.671912	-1	83	.	-1	-1	.	.	.	.	-1
KI270729.1	131849	131984	peak_5236	1000	.	219.713303	5.836737	-1	44	.	-1	-1	.	.	.	.	-1
KI270729.1	132295	132563	peak_5237	1000	.	271.121185	5.992500	-1	183	.	-1	-1	.	.	.	.	-1
KI270729.1	133144	133318	peak_5238	1000	.	436.144501	10.098244	-1	143	.	-1	-1	.	.	.	.	-1
KI270729.1	133666	133890	peak_5239	992	.	222.112274	5.309801	-1	72	.	-1	-1	.	.	.	.	-1
KI270729.1	134061	134612	peak_5240	1000	.	904.805786	8.163781	-1	34	.	-1	-1	.	.	.	.	-1
KI270729.1	135703	135847	peak_5241	1000	.	331.823761	6.666107	-1	35	.	-1	-1	.	.	.	.	-1
KI270729.1	136020	136759	peak_5242	744	.	549.483643	8.088272	-1	185	.	-1	-1	.	.	.	.	-1
KI270729.1	136995	137576	peak_5243	1000	.	671.603027	9.834352	-1	247	.	-1	-1	.	.	.	.	-1
KI270729.1	137705	138120	peak_5244	1000	.	472.501709	9.598328	-1	385	.	-1	-1	.	.	.	.	-1
KI270729.1	139051	140343	peak_5245	1000	.	2567.159180	11.093040	-1	922	.	-1	-1	.	.	.	.	-1
KI270729.1	140488	141217	peak_5246	1000	.	869.440430	7.314430	-1	591	.	-1	-1	.	.	.	.	-1
KI270729.1	141327	141576	peak_5247	1000	.	379.361176	7.931771	-1	22	.	-1	-1	.	.	.	.	-1
KI270729.1	141687	141759	peak_5248	1000	.	214.893738	6.414886	-1	35	.	-1	-1	.	.	.	.	-1
KI270729.1	141892	142048	peak_5249	1000	.	410.238647	7.503445	-1	97	.	-1	-1	.	.	.	.	-1
KI270729.1	143066	143299	peak_5250	1000	.	431.515778	8.517250	-1	34	.	-1	-1	.	.	.	.	-1
KI270729.1	143840	144101	peak_5251	816	.	212.888901	4.655616	-1	14	.	-1	-1	.	.	.	.	-1
KI270729.1	144429	145839	peak_5252	792	.	1116.998657	8.897087	-1	32	.	-1	-1	.	.	.	.	-1
KI270729.1	146142	146420	peak_5253	911	.	253.186523	5.496779	-1	228	.	-1	-1	.	.	.	.	-1
KI270729.1	146613	147227	peak_5254	732	.	449.500153	8.010967	-1	527	.	-1	-1	.	.	.	.	-1
KI270729.1	147774	148236	peak_5255	682	.	315.089935	4.395352	-1	441	.	-1	-1	.	.	.	.	-1
KI270729.1	148344	148719	peak_5256	764	.	286.548523	5.671912	-1	225	.	-1	-1	.	.	.	.	-1
KI270729.1	149929	150740	peak_5257	816	.	661.506531	6.140231	-1	83	.	-1	-1	.	.	.	.	-1
KI270729.1	150931	151259	peak_5258	783	.	256.752838	5.671912	-1	136	.	-1	-1	.	.	.	.	-1
KI270729.1	151705	152414	peak_5259	1000	.	963.132629	9.598328	-1	16	.	-1	-1	.	.	.	.	-1
KI270729.1	153216	153790	peak_5260	1000	.	908.229614	9.183957	-1	422	.	-1	-1	.	.	.	.	-1
KI270729.1	154016	154968	peak_5261	1000	.	1434.061157	11.219981	-1	519	.	-1	-1	.	.	.	.	-1
KI270729.1	155091	156664	peak_5262	799	.	1256.488403	7.593853	-1	262	.	-1	-1	.	.	.	.	-1
KI270729.1	156866	157396	peak_5263	1000	.	741.668396	12.251782	-1	415	.	-1	-1	.	.	.	.	-1
KI270729.1	157533	158446	peak_5264	1000	.	1552.502930	12.415017	-1	63	.	-1	-1	.	.	.	.	-1
KI270729.1	159299	159576	peak_5265	763	.	211.339478	4.105179	-1	222	.	-1	-1	.	.	.	.	-1
KI270729.1	160153	162033	peak_5266	1000	.	2430.868164	16.590611	-1	895	.	-1	-1	.	.	.	.	-1
KI270729.1	162234	162592	peak_5267	1000	.	389.151978	5.671912	-1	150	.	-1	-1	.	.	.	.	-1
KI270729.1	163584	163835	peak_5268	898	.	225.398941	4.105179	-1	219	.	-1	-1	.	.	.	.	-1
KI270729.1	164527	164730	peak_5269	1000	.	248.705597	5.671912	-1	67	.	-1	-1	.	.	.	.	-1
KI270729.1	164872	165329	peak_5270	477	.	218.065842	4.105179	-1	374	.	-1	-1	.	.	.	.	-1
KI270729.1	166638	166899	peak_5271	799	.	208.455246	4.105179	-1	26	.	-1	-1	.	.	.	.	-1
KI270729.1	167560	167858	peak_5272	1000	.	402.975800	8.088272	-1	138	.	-1	-1	.	.	.	.	-1
KI270729.1	168310	168723	peak_5273	796	.	328.743713	6.897870	-1	337	.	-1	-1	.	.	.	.	-1
KI270729.1	168836	169399	peak_5274	561	.	315.659088	4.395352	-1	114	.	-1	-1	.	.	.	.	-1
KI270729.1	170979	171420	peak_5275	1000	.	821.804321	12.847172	-1	11	.	-1	-1	.	.	.	.	-1
KI270729.1	172390	172767	peak_5276	778	.	293.185120	5.496779	-1	18	.	-1	-1	.	.	.	.	-1
KI270729.1	173633	174034	peak_5277	996	.	399.543060	6.280785	-1	297	.	-1	-1	.	.	.	.	-1
KI270729.1	207396	207724	peak_5278	647	.	212.198898	6.543151	-1	23	.	-1	-1	.	.	.	.	-1
KI270729.1	208260	208400	peak_5279	1000	.	264.622711	6.140231	-1	26	.	-1	-1	.	.	.	.	-1
KI270729.1	208696	208881	peak_5280	1000	.	410.546509	9.924512	-1	149	.	-1	-1	.	.	.	.	-1
KI270729.1	210112	210977	peak_5281	636	.	550.173035	5.109050	-1	54	.	-1	-1	.	.	.	.	-1
KI270729.1	211727	212039	peak_5282	1000	.	353.091217	6.280785	-1	279	.	-1	-1	.	.	.	.	-1
KI270729.1	213490	213611	peak_5283	1000	.	244.876343	6.414886	-1	92	.	-1	-1	.	.	.	.	-1
KI270729.1	214564	214862	peak_5284	685	.	204.072998	6.414886	-1	273	.	-1	-1	.	.	.	.	-1
KI270729.1	215116	215441	peak_5285	984	.	319.815308	7.410364	-1	313	.	-1	-1	.	.	.	.	-1
KI270729.1	216841	216988	peak_5286	1000	.	214.192245	5.109050	-1	32	.	-1	-1	.	.	.	.	-1
KI270729.1	218506	218716	peak_5287	1000	.	286.799316	5.671912	-1	30	.	-1	-1	.	.	.	.	-1
KI270729.1	220301	220353	peak_5288	1000	.	370.699768	10.825370	-1	26	.	-1	-1	.	.	.	.	-1
KI270729.1	221216	221256	peak_5289	1000	.	255.761841	8.836688	-1	19	.	-1	-1	.	.	.	.	-1
KI270729.1	222358	222933	peak_5290	905	.	520.094360	6.414886	-1	387	.	-1	-1	.	.	.	.	-1
KI270729.1	224107	224533	peak_5291	521	.	222.147156	4.395352	-1	30	.	-1	-1	.	.	.	.	-1
KI270729.1	226147	226373	peak_5292	1000	.	287.371490	6.666107	-1	24	.	-1	-1	.	.	.	.	-1
KI270729.1	227245	227377	peak_5293	1000	.	401.664703	10.460853	-1	23	.	-1	-1	.	.	.	.	-1
KI270729.1	229609	229781	peak_5294	1000	.	238.072586	6.897870	-1	136	.	-1	-1	.	.	.	.	-1
KI270729.1	230460	230733	peak_5295	1000	.	339.991791	9.924512	-1	144	.	-1	-1	.	.	.	.	-1
KI270729.1	231102	231613	peak_5296	402	.	205.472290	5.496779	-1	83	.	-1	-1	.	.	.	.	-1
KI270729.1	232349	232867	peak_5297	534	.	276.374664	4.105179	-1	418	.	-1	-1	.	.	.	.	-1
KI270729.1	233193	233362	peak_5298	1000	.	225.701584	7.007426	-1	32	.	-1	-1	.	.	.	.	-1
KI270729.1	236121	236649	peak_5299	881	.	464.989685	6.140231	-1	367	.	-1	-1	.	.	.	.	-1
KI270729.1	238351	238804	peak_5300	914	.	414.220947	7.593853	-1	427	.	-1	-1	.	.	.	.	-1
KI270729.1	240710	241237	peak_5301	919	.	484.543823	7.850579	-1	68	.	-1	-1	.	.	.	.	-1
KI270729.1	242853	243316	peak_5302	514	.	237.903885	4.655616	-1	435	.	-1	-1	.	.	.	.	-1
KI270729.1	244578	244808	peak_5303	1000	.	302.712158	6.140231	-1	111	.	-1	-1	.	.	.	.	-1
KI270729.1	246719	246780	peak_5304	1000	.	219.040665	7.215447	-1	30	.	-1	-1	.	.	.	.	-1
KI270729.1	247098	247233	peak_5305	1000	.	245.758499	5.992500	-1	103	.	-1	-1	.	.	.	.	-1
KI270729.1	248708	249005	peak_5306	791	.	234.878098	6.140231	-1	286	.	-1	-1	.	.	.	.	-1
KI270729.1	252425	252546	peak_5307	1000	.	203.969543	5.671912	-1	103	.	-1	-1	.	.	.	.	-1
KI270729.1	253290	253716	peak_5308	606	.	258.258575	4.105179	-1	30	.	-1	-1	.	.	.	.	-1
KI270729.1	256983	257430	peak_5309	824	.	368.157166	5.109050	-1	99	.	-1	-1	.	.	.	.	-1
KI270729.1	257548	258102	peak_5310	775	.	429.486359	6.543151	-1	365	.	-1	-1	.	.	.	.	-1
KI270729.1	258264	258526	peak_5311	785	.	205.683228	6.140231	-1	38	.	-1	-1	.	.	.	.	-1
KI270729.1	258989	259295	peak_5312	958	.	293.003387	6.897870	-1	78	.	-1	-1	.	.	.	.	-1
KI270729.1	261790	262123	peak_5313	1000	.	446.797028	6.897870	-1	33	.	-1	-1	.	.	.	.	-1
KI270729.1	263042	263555	peak_5314	681	.	349.256805	5.496779	-1	15	.	-1	-1	.	.	.	.	-1
KI270729.1	265697	265849	peak_5315	1000	.	202.379364	7.007426	-1	22	.	-1	-1	.	.	.	.	-1
KI270729.1	267776	268025	peak_5316	1000	.	663.268677	10.790506	-1	216	.	-1	-1	.	.	.	.	-1
KI270729.1	272395	273403	peak_5317	408	.	410.822968	4.655616	-1	462	.	-1	-1	.	.	.	.	-1
KI270729.1	273948	274161	peak_5318	1000	.	301.735901	6.784213	-1	67	.	-1	-1	.	.	.	.	-1
KI270729.1	274522	274620	peak_5319	1000	.	211.161804	5.109050	-1	33	.	-1	-1	.	.	.	.	-1
KI270729.1	274798	275060	peak_5320	1000	.	278.721130	5.309801	-1	19	.	-1	-1	.	.	.	.	-1
KI270729.1	276381	276455	peak_5321	1000	.	208.258224	6.543151	-1	40	.	-1	-1	.	.	.	.	-1
KI270729.1	278160	278358	peak_5322	1000	.	460.314392	7.850579	-1	76	.	-1	-1	.	.	.	.	-1
KI270729.1	279174	279535	peak_5323	957	.	345.352386	6.784213	-1	260	.	-1	-1	.	.	.	.	-1
KI270729.1	279904	280480	peak_5324	652	.	375.619934	4.892064	-1	283	.	-1	-1	.	.	.	.	-1
KI270730.1	6833	7149	peak_5325	907	.	286.478455	6.666107	-1	20	.	-1	-1	.	.	.	.	-1
KI270730.1	9284	9877	peak_5326	587	.	348.244354	5.309801	-1	321	.	-1	-1	.	.	.	.	-1
KI270730.1	12943	13142	peak_5327	1000	.	276.448822	6.414886	-1	68	.	-1	-1	.	.	.	.	-1
KI270730.1	14199	14580	peak_5328	923	.	351.643494	6.414886	-1	61	.	-1	-1	.	.	.	.	-1
KI270730.1	14764	15258	peak_5329	678	.	335.108856	8.449522	-1	80	.	-1	-1	.	.	.	.	-1
KI270730.1	16089	16455	peak_5330	1000	.	406.024323	6.666107	-1	207	.	-1	-1	.	.	.	.	-1
KI270730.1	17675	17963	peak_5331	805	.	231.954559	5.109050	-1	84	.	-1	-1	.	.	.	.	-1
KI270730.1	19669	19750	peak_5332	1000	.	383.336090	10.223215	-1	59	.	-1	-1	.	.	.	.	-1
KI270730.1	20612	20652	peak_5333	1000	.	239.198257	8.380379	-1	20	.	-1	-1	.	.	.	.	-1
KI270730.1	21754	22239	peak_5334	906	.	439.424744	5.836737	-1	387	.	-1	-1	.	.	.	.	-1
KI270730.1	24236	24374	peak_5335	1000	.	204.481552	5.992500	-1	31	.	-1	-1	.	.	.	.	-1
KI270730.1	25307	25892	peak_5336	979	.	572.629028	5.671912	-1	560	.	-1	-1	.	.	.	.	-1
KI270730.1	27444	27992	peak_5337	790	.	433.165192	11.027911	-1	221	.	-1	-1	.	.	.	.	-1
KI270730.1	29762	30316	peak_5338	745	.	412.644745	8.163781	-1	346	.	-1	-1	.	.	.	.	-1
KI270730.1	30780	31003	peak_5339	1000	.	356.828156	9.741835	-1	188	.	-1	-1	.	.	.	.	-1
KI270730.1	33552	33668	peak_5340	1000	.	494.532776	8.517250	-1	35	.	-1	-1	.	.	.	.	-1
KI270730.1	33806	34040	peak_5341	884	.	206.791412	5.109050	-1	62	.	-1	-1	.	.	.	.	-1
KI270730.1	37226	37415	peak_5342	1000	.	220.754059	6.543151	-1	29	.	-1	-1	.	.	.	.	-1
KI270730.1	38027	38109	peak_5343	1000	.	222.138214	6.280785	-1	40	.	-1	-1	.	.	.	.	-1
KI270730.1	39267	39570	peak_5344	1000	.	388.689087	8.088272	-1	274	.	-1	-1	.	.	.	.	-1
KI270730.1	41475	41996	peak_5345	1000	.	573.233337	8.648705	-1	67	.	-1	-1	.	.	.	.	-1
KI270730.1	43623	44198	peak_5346	648	.	372.675385	5.992500	-1	180	.	-1	-1	.	.	.	.	-1
KI270730.1	45033	45626	peak_5347	839	.	497.788757	6.280785	-1	427	.	-1	-1	.	.	.	.	-1
KI270730.1	46394	46617	peak_5348	1000	.	401.138123	6.414886	-1	30	.	-1	-1	.	.	.	.	-1
KI270730.1	48246	48386	peak_5349	1000	.	233.694916	5.309801	-1	112	.	-1	-1	.	.	.	.	-1
KI270730.1	53179	53549	peak_5350	581	.	215.074249	5.496779	-1	107	.	-1	-1	.	.	.	.	-1
KI270730.1	55214	55629	peak_5351	727	.	301.776337	6.140231	-1	109	.	-1	-1	.	.	.	.	-1
KI270730.1	59730	60039	peak_5352	873	.	269.774200	5.671912	-1	79	.	-1	-1	.	.	.	.	-1
KI270730.1	61345	62056	peak_5353	284	.	202.159637	4.655616	-1	166	.	-1	-1	.	.	.	.	-1
KI270730.1	62523	62789	peak_5354	1000	.	337.924561	5.836737	-1	31	.	-1	-1	.	.	.	.	-1
KI270730.1	63664	63831	peak_5355	1000	.	244.861496	6.897870	-1	105	.	-1	-1	.	.	.	.	-1
KI270730.1	68287	68916	peak_5356	1000	.	816.876038	11.027911	-1	420	.	-1	-1	.	.	.	.	-1
KI270730.1	74617	74806	peak_5357	1000	.	312.679504	8.163781	-1	92	.	-1	-1	.	.	.	.	-1
KI270730.1	75499	75762	peak_5358	1000	.	271.559875	5.309801	-1	11	.	-1	-1	.	.	.	.	-1
KI270730.1	77031	77400	peak_5359	1000	.	425.459656	7.113194	-1	88	.	-1	-1	.	.	.	.	-1
KI270730.1	77893	78195	peak_5360	847	.	255.711380	4.395352	-1	224	.	-1	-1	.	.	.	.	-1
KI270730.1	78840	79186	peak_5361	1000	.	446.759308	6.784213	-1	95	.	-1	-1	.	.	.	.	-1
KI270730.1	79974	80262	peak_5362	1000	.	372.202423	6.543151	-1	154	.	-1	-1	.	.	.	.	-1
KI270730.1	80398	81381	peak_5363	539	.	529.627258	5.309801	-1	702	.	-1	-1	.	.	.	.	-1
KI270730.1	81489	82084	peak_5364	1000	.	773.801697	6.784213	-1	369	.	-1	-1	.	.	.	.	-1
KI270730.1	82311	82811	peak_5365	1000	.	552.231567	5.671912	-1	214	.	-1	-1	.	.	.	.	-1
KI270730.1	82914	83071	peak_5366	1000	.	775.552246	15.453467	-1	95	.	-1	-1	.	.	.	.	-1
KI270730.1	83197	84107	peak_5367	1000	.	1228.177124	7.931771	-1	838	.	-1	-1	.	.	.	.	-1
KI270730.1	84382	84459	peak_5368	1000	.	271.065002	7.593853	-1	37	.	-1	-1	.	.	.	.	-1
KI270730.1	84565	87400	peak_5369	1000	.	2894.551025	7.215447	-1	220	.	-1	-1	.	.	.	.	-1
KI270730.1	87513	88636	peak_5370	1000	.	1460.760010	5.992500	-1	113	.	-1	-1	.	.	.	.	-1
KI270730.1	90528	91158	peak_5371	1000	.	792.410889	6.140231	-1	227	.	-1	-1	.	.	.	.	-1
KI270730.1	91606	93468	peak_5372	849	.	1581.428467	5.836737	-1	43	.	-1	-1	.	.	.	.	-1
KI270730.1	95557	96011	peak_5373	1000	.	515.173157	5.109050	-1	385	.	-1	-1	.	.	.	.	-1
KI270730.1	96155	97436	peak_5374	903	.	1157.138428	7.113194	-1	834	.	-1	-1	.	.	.	.	-1
KI270730.1	97644	98438	peak_5375	1000	.	914.785278	6.666107	-1	217	.	-1	-1	.	.	.	.	-1
KI270730.1	99029	99947	peak_5376	755	.	693.411133	5.671912	-1	289	.	-1	-1	.	.	.	.	-1
KI270730.1	101936	102445	peak_5377	888	.	451.902344	8.010967	-1	56	.	-1	-1	.	.	.	.	-1
KI270730.1	102625	106140	peak_5378	998	.	3508.021240	7.931771	-1	1037	.	-1	-1	.	.	.	.	-1
KI270730.1	106470	107718	peak_5379	1000	.	1545.426270	7.503445	-1	661	.	-1	-1	.	.	.	.	-1
KI270730.1	107962	108476	peak_5380	1000	.	644.051147	6.280785	-1	386	.	-1	-1	.	.	.	.	-1
KI270730.1	108619	109355	peak_5381	1000	.	1049.212769	6.280785	-1	603	.	-1	-1	.	.	.	.	-1
KI270730.1	109771	110225	peak_5382	1000	.	962.177490	7.850579	-1	183	.	-1	-1	.	.	.	.	-1
KI270732.1	33983	34599	peak_5383	438	.	269.536102	4.105179	-1	44	.	-1	-1	.	.	.	.	-1
KI270733.1	118297	123988	peak_5384	1000	.	8664.732422	7.215447	-1	2199	.	-1	-1	.	.	.	.	-1
KI270733.1	124417	125264	peak_5385	338	.	286.534332	4.105179	-1	725	.	-1	-1	.	.	.	.	-1
KI270733.1	125760	128312	peak_5386	1000	.	4997.360840	6.543151	-1	1691	.	-1	-1	.	.	.	.	-1
KI270733.1	128520	129429	peak_5387	946	.	859.910583	6.897870	-1	400	.	-1	-1	.	.	.	.	-1
KI270733.1	129953	130771	peak_5388	1000	.	1350.956055	6.414886	-1	342	.	-1	-1	.	.	.	.	-1
KI270733.1	131261	133208	peak_5389	1000	.	3096.887939	5.671912	-1	916	.	-1	-1	.	.	.	.	-1
KI270733.1	133693	135318	peak_5390	1000	.	3466.337158	6.666107	-1	1088	.	-1	-1	.	.	.	.	-1
KI270733.1	135603	169648	peak_5391	1000	.	85921.039062	9.014750	-1	23117	.	-1	-1	.	.	.	.	-1
KI270733.1	170874	173271	peak_5392	1000	.	5005.770020	6.140231	-1	1494	.	-1	-1	.	.	.	.	-1
KI270733.1	173685	174629	peak_5393	883	.	833.516724	5.671912	-1	325	.	-1	-1	.	.	.	.	-1
KI270733.1	175080	175843	peak_5394	1000	.	1171.193604	5.992500	-1	353	.	-1	-1	.	.	.	.	-1
KI270733.1	176356	178265	peak_5395	1000	.	2979.033447	6.140231	-1	597	.	-1	-1	.	.	.	.	-1
KI270733.1	178865	179763	peak_5396	1000	.	2081.006348	5.992500	-1	254	.	-1	-1	.	.	.	.	-1
KI270734.1	116577	116850	peak_5397	1000	.	403.084778	9.128480	-1	237	.	-1	-1	.	.	.	.	-1
KI270734.1	117126	117182	peak_5398	1000	.	231.760788	7.681748	-1	28	.	-1	-1	.	.	.	.	-1
KI270734.1	117761	117885	peak_5399	1000	.	415.979889	10.719772	-1	33	.	-1	-1	.	.	.	.	-1
KI270734.1	121467	121867	peak_5400	1000	.	984.113403	7.681748	-1	367	.	-1	-1	.	.	.	.	-1
KI270735.1	39391	42177	peak_5401	1000	.	4288.858887	7.314430	-1	1841	.	-1	-1	.	.	.	.	-1
KI270735.1	42299	42808	peak_5402	1000	.	717.123352	5.992500	-1	216	.	-1	-1	.	.	.	.	-1
KI270736.1	74	718	peak_5403	1000	.	758.552429	6.140231	-1	617	.	-1	-1	.	.	.	.	-1
KI270736.1	829	2452	peak_5404	833	.	1352.686401	8.237581	-1	1429	.	-1	-1	.	.	.	.	-1
KI270736.1	47488	48611	peak_5405	788	.	885.079590	5.109050	-1	61	.	-1	-1	.	.	.	.	-1
KI270736.1	48769	49713	peak_5406	1000	.	1632.879517	11.954938	-1	479	.	-1	-1	.	.	.	.	-1
KI270736.1	49893	50355	peak_5407	1000	.	464.955078	6.140231	-1	62	.	-1	-1	.	.	.	.	-1
KI270736.1	50676	50839	peak_5408	1000	.	256.598511	4.655616	-1	129	.	-1	-1	.	.	.	.	-1
KI270736.1	50967	51281	peak_5409	824	.	258.626434	5.309801	-1	80	.	-1	-1	.	.	.	.	-1
KI270736.1	51689	52027	peak_5410	1000	.	368.708038	5.836737	-1	237	.	-1	-1	.	.	.	.	-1
KI270736.1	52397	52963	peak_5411	766	.	433.726868	4.892064	-1	415	.	-1	-1	.	.	.	.	-1
KI270736.1	53067	53932	peak_5412	1000	.	1033.131836	6.543151	-1	609	.	-1	-1	.	.	.	.	-1
KI270736.1	54642	55400	peak_5413	798	.	604.580750	6.666107	-1	709	.	-1	-1	.	.	.	.	-1
KI270736.1	55772	56763	peak_5414	615	.	609.091309	5.836737	-1	645	.	-1	-1	.	.	.	.	-1
KI270736.1	57483	57839	peak_5415	1000	.	649.544434	6.897870	-1	125	.	-1	-1	.	.	.	.	-1
KI270736.1	58361	59009	peak_5416	1000	.	953.911438	6.666107	-1	35	.	-1	-1	.	.	.	.	-1
KI270736.1	59300	59501	peak_5417	1000	.	274.358826	6.280785	-1	170	.	-1	-1	.	.	.	.	-1
KI270736.1	59713	60398	peak_5418	1000	.	716.938599	7.767279	-1	255	.	-1	-1	.	.	.	.	-1
KI270736.1	60502	60868	peak_5419	1000	.	429.578888	7.215447	-1	139	.	-1	-1	.	.	.	.	-1
KI270736.1	61027	61470	peak_5420	1000	.	500.483093	9.834352	-1	49	.	-1	-1	.	.	.	.	-1
KI270736.1	61931	63851	peak_5421	1000	.	2235.315430	9.694648	-1	197	.	-1	-1	.	.	.	.	-1
KI270736.1	64118	65162	peak_5422	849	.	886.686523	5.836737	-1	744	.	-1	-1	.	.	.	.	-1
KI270736.1	65652	66385	peak_5423	847	.	620.624268	5.992500	-1	699	.	-1	-1	.	.	.	.	-1
KI270736.1	66987	67377	peak_5424	1000	.	494.455750	6.414886	-1	282	.	-1	-1	.	.	.	.	-1
KI270736.1	67492	67837	peak_5425	621	.	214.175644	4.892064	-1	31	.	-1	-1	.	.	.	.	-1
KI270736.1	67996	68336	peak_5426	926	.	314.799530	5.309801	-1	72	.	-1	-1	.	.	.	.	-1
KI270736.1	68593	69523	peak_5427	981	.	912.115479	7.593853	-1	890	.	-1	-1	.	.	.	.	-1
KI270736.1	69636	69898	peak_5428	1000	.	277.249603	5.496779	-1	161	.	-1	-1	.	.	.	.	-1
KI270736.1	70866	72114	peak_5429	589	.	734.956482	5.992500	-1	279	.	-1	-1	.	.	.	.	-1
KI270736.1	72251	72573	peak_5430	1000	.	382.261597	6.140231	-1	195	.	-1	-1	.	.	.	.	-1
KI270736.1	73486	73828	peak_5431	1000	.	371.065887	4.892064	-1	30	.	-1	-1	.	.	.	.	-1
KI270736.1	73960	74427	peak_5432	1000	.	911.511108	8.237581	-1	264	.	-1	-1	.	.	.	.	-1
KI270736.1	75065	75263	peak_5433	1000	.	231.012177	5.836737	-1	128	.	-1	-1	.	.	.	.	-1
KI270736.1	75910	76553	peak_5434	882	.	567.341553	5.992500	-1	612	.	-1	-1	.	.	.	.	-1
KI270736.1	76896	77549	peak_5435	1000	.	910.065186	6.666107	-1	575	.	-1	-1	.	.	.	.	-1
KI270736.1	77713	78285	peak_5436	1000	.	651.634644	9.499280	-1	226	.	-1	-1	.	.	.	.	-1
KI270736.1	78862	80691	peak_5437	1000	.	2279.732910	10.012437	-1	1097	.	-1	-1	.	.	.	.	-1
KI270736.1	81733	82803	peak_5438	780	.	834.465759	5.836737	-1	1043	.	-1	-1	.	.	.	.	-1
KI270736.1	82917	83302	peak_5439	1000	.	596.979980	7.215447	-1	336	.	-1	-1	.	.	.	.	-1
KI270736.1	83414	84483	peak_5440	1000	.	1258.665039	7.007426	-1	385	.	-1	-1	.	.	.	.	-1
KI270736.1	84782	85262	peak_5441	669	.	321.029358	5.309801	-1	29	.	-1	-1	.	.	.	.	-1
KI270736.1	85442	85866	peak_5442	975	.	413.217834	5.309801	-1	345	.	-1	-1	.	.	.	.	-1
KI270736.1	85985	86487	peak_5443	1000	.	634.823730	7.681748	-1	450	.	-1	-1	.	.	.	.	-1
KI270736.1	87021	88145	peak_5444	1000	.	1218.170532	6.784213	-1	133	.	-1	-1	.	.	.	.	-1
KI270736.1	88321	89345	peak_5445	1000	.	1078.286499	8.897087	-1	733	.	-1	-1	.	.	.	.	-1
KI270736.1	89513	89964	peak_5446	985	.	444.419922	6.666107	-1	198	.	-1	-1	.	.	.	.	-1
KI270736.1	90065	90328	peak_5447	901	.	236.992126	4.395352	-1	235	.	-1	-1	.	.	.	.	-1
KI270736.1	90590	90940	peak_5448	1000	.	421.266357	6.140231	-1	259	.	-1	-1	.	.	.	.	-1
KI270736.1	91095	91185	peak_5449	1000	.	215.102036	6.280785	-1	55	.	-1	-1	.	.	.	.	-1
KI270736.1	91634	91952	peak_5450	1000	.	356.935120	5.836737	-1	102	.	-1	-1	.	.	.	.	-1
KI270736.1	92350	93013	peak_5451	1000	.	885.883667	8.956428	-1	454	.	-1	-1	.	.	.	.	-1
KI270736.1	93297	94006	peak_5452	747	.	529.825684	4.655616	-1	233	.	-1	-1	.	.	.	.	-1
KI270736.1	94503	94998	peak_5453	734	.	363.407104	5.109050	-1	142	.	-1	-1	.	.	.	.	-1
KI270736.1	95538	96221	peak_5454	803	.	548.660217	6.140231	-1	111	.	-1	-1	.	.	.	.	-1
KI270736.1	96351	96582	peak_5455	1000	.	235.096558	5.836737	-1	25	.	-1	-1	.	.	.	.	-1
KI270736.1	96857	98263	peak_5456	774	.	1088.944946	6.140231	-1	1371	.	-1	-1	.	.	.	.	-1
KI270736.1	98420	98643	peak_5457	1000	.	262.831238	5.836737	-1	204	.	-1	-1	.	.	.	.	-1
KI270736.1	98810	99218	peak_5458	1000	.	704.016113	7.314430	-1	83	.	-1	-1	.	.	.	.	-1
KI270736.1	99383	99605	peak_5459	1000	.	313.719177	6.140231	-1	29	.	-1	-1	.	.	.	.	-1
KI270736.1	99718	100650	peak_5460	753	.	701.951111	5.992500	-1	112	.	-1	-1	.	.	.	.	-1
KI270736.1	100864	101081	peak_5461	1000	.	266.694611	5.309801	-1	190	.	-1	-1	.	.	.	.	-1
KI270736.1	101249	101570	peak_5462	1000	.	444.996368	7.007426	-1	287	.	-1	-1	.	.	.	.	-1
KI270736.1	101930	103969	peak_5463	1000	.	2605.688477	7.850579	-1	168	.	-1	-1	.	.	.	.	-1
KI270736.1	104102	104789	peak_5464	890	.	611.360962	5.836737	-1	312	.	-1	-1	.	.	.	.	-1
KI270736.1	104944	105379	peak_5465	535	.	232.665100	4.655616	-1	287	.	-1	-1	.	.	.	.	-1
KI270736.1	105490	105880	peak_5466	1000	.	550.346619	7.215447	-1	200	.	-1	-1	.	.	.	.	-1
KI270736.1	106343	106661	peak_5467	1000	.	350.197449	6.140231	-1	70	.	-1	-1	.	.	.	.	-1
KI270736.1	106766	107457	peak_5468	731	.	504.796906	5.836737	-1	27	.	-1	-1	.	.	.	.	-1
KI270736.1	107611	107877	peak_5469	971	.	258.227173	5.109050	-1	145	.	-1	-1	.	.	.	.	-1
KI270736.1	108319	109581	peak_5470	1000	.	1540.759521	9.072088	-1	1188	.	-1	-1	.	.	.	.	-1
KI270736.1	110057	111038	peak_5471	616	.	604.716248	6.140231	-1	174	.	-1	-1	.	.	.	.	-1
KI270736.1	111397	111837	peak_5472	736	.	324.050720	4.655616	-1	320	.	-1	-1	.	.	.	.	-1
KI270736.1	111951	113383	peak_5473	800	.	1145.109619	5.496779	-1	405	.	-1	-1	.	.	.	.	-1
KI270736.1	113523	113802	peak_5474	1000	.	382.254150	6.414886	-1	163	.	-1	-1	.	.	.	.	-1
KI270736.1	115018	115894	peak_5475	971	.	850.668823	7.215447	-1	440	.	-1	-1	.	.	.	.	-1
KI270736.1	116074	116511	peak_5476	1000	.	457.179962	5.992500	-1	322	.	-1	-1	.	.	.	.	-1
KI270736.1	116746	117106	peak_5477	1000	.	425.356262	7.113194	-1	35	.	-1	-1	.	.	.	.	-1
KI270736.1	117273	117981	peak_5478	1000	.	927.381653	6.784213	-1	594	.	-1	-1	.	.	.	.	-1
KI270736.1	118404	119183	peak_5479	1000	.	1076.542847	7.410364	-1	140	.	-1	-1	.	.	.	.	-1
KI270736.1	119567	119851	peak_5480	1000	.	490.617462	5.992500	-1	209	.	-1	-1	.	.	.	.	-1
KI270736.1	120347	120703	peak_5481	620	.	220.718185	5.992500	-1	253	.	-1	-1	.	.	.	.	-1
KI270736.1	121091	121637	peak_5482	627	.	342.489746	4.892064	-1	310	.	-1	-1	.	.	.	.	-1
KI270736.1	122833	122891	peak_5483	1000	.	210.567230	7.113194	-1	31	.	-1	-1	.	.	.	.	-1
KI270736.1	123689	123948	peak_5484	1000	.	266.485107	5.496779	-1	78	.	-1	-1	.	.	.	.	-1
KI270736.1	124058	125258	peak_5485	788	.	946.042847	6.784213	-1	33	.	-1	-1	.	.	.	.	-1
KI270736.1	125394	125866	peak_5486	761	.	359.155457	6.280785	-1	31	.	-1	-1	.	.	.	.	-1
KI270736.1	125979	128040	peak_5487	964	.	1986.558716	7.850579	-1	1433	.	-1	-1	.	.	.	.	-1
KI270736.1	128534	129254	peak_5488	933	.	671.663513	7.410364	-1	519	.	-1	-1	.	.	.	.	-1
KI270736.1	129465	129919	peak_5489	690	.	313.154053	5.109050	-1	32	.	-1	-1	.	.	.	.	-1
KI270736.1	130030	130462	peak_5490	1000	.	449.943817	6.280785	-1	322	.	-1	-1	.	.	.	.	-1
KI270736.1	131561	131912	peak_5491	1000	.	729.880127	6.897870	-1	48	.	-1	-1	.	.	.	.	-1
KI270736.1	132764	133886	peak_5492	1000	.	1426.964478	7.503445	-1	944	.	-1	-1	.	.	.	.	-1
KI270736.1	134238	134329	peak_5493	1000	.	368.974121	9.292295	-1	28	.	-1	-1	.	.	.	.	-1
KI270736.1	134537	135294	peak_5494	1000	.	1100.659546	7.410364	-1	390	.	-1	-1	.	.	.	.	-1
KI270736.1	136105	136596	peak_5495	632	.	310.276947	4.655616	-1	77	.	-1	-1	.	.	.	.	-1
KI270736.1	136732	136885	peak_5496	1000	.	382.307526	5.992500	-1	39	.	-1	-1	.	.	.	.	-1
KI270736.1	137029	137382	peak_5497	1000	.	431.686035	5.671912	-1	239	.	-1	-1	.	.	.	.	-1
KI270736.1	138402	139030	peak_5498	863	.	542.226135	5.992500	-1	351	.	-1	-1	.	.	.	.	-1
KI270736.1	139173	139606	peak_5499	653	.	282.675171	4.892064	-1	106	.	-1	-1	.	.	.	.	-1
KI270736.1	139849	140146	peak_5500	884	.	262.471283	5.309801	-1	64	.	-1	-1	.	.	.	.	-1
KI270736.1	140314	142350	peak_5501	780	.	1588.848755	7.767279	-1	1063	.	-1	-1	.	.	.	.	-1
KI270736.1	142666	143074	peak_5502	935	.	381.641571	4.892064	-1	368	.	-1	-1	.	.	.	.	-1
KI270736.1	143188	145364	peak_5503	871	.	1895.531860	9.183957	-1	1957	.	-1	-1	.	.	.	.	-1
KI270736.1	145490	147208	peak_5504	830	.	1426.494141	5.309801	-1	407	.	-1	-1	.	.	.	.	-1
KI270736.1	147319	148433	peak_5505	1000	.	2007.351318	11.929140	-1	544	.	-1	-1	.	.	.	.	-1
KI270736.1	148879	149377	peak_5506	1000	.	742.281738	9.183957	-1	457	.	-1	-1	.	.	.	.	-1
KI270736.1	150232	154227	peak_5507	851	.	3399.907959	7.931771	-1	218	.	-1	-1	.	.	.	.	-1
KI270736.1	154746	157932	peak_5508	1000	.	3703.267334	5.836737	-1	2508	.	-1	-1	.	.	.	.	-1
KI270736.1	158065	158785	peak_5509	947	.	681.870972	4.892064	-1	446	.	-1	-1	.	.	.	.	-1
KI270736.1	162008	162146	peak_5510	1000	.	202.543365	4.892064	-1	71	.	-1	-1	.	.	.	.	-1
KI270736.1	162308	163301	peak_5511	1000	.	1619.265991	8.163781	-1	696	.	-1	-1	.	.	.	.	-1
KI270736.1	166081	167917	peak_5512	1000	.	2712.325195	5.992500	-1	933	.	-1	-1	.	.	.	.	-1
KI270736.1	170752	172357	peak_5513	1000	.	2429.869141	6.784213	-1	413	.	-1	-1	.	.	.	.	-1
KI270736.1	172507	173470	peak_5514	1000	.	1023.594849	6.666107	-1	444	.	-1	-1	.	.	.	.	-1
KI270736.1	173647	175725	peak_5515	1000	.	2990.170898	9.238552	-1	2020	.	-1	-1	.	.	.	.	-1
KI270736.1	179318	181869	peak_5516	1000	.	4094.576904	7.593853	-1	1844	.	-1	-1	.	.	.	.	-1
KI270737.1	4008	4143	peak_5517	1000	.	322.250305	8.010967	-1	104	.	-1	-1	.	.	.	.	-1
KI270737.1	4298	4858	peak_5518	1000	.	729.833984	8.517250	-1	529	.	-1	-1	.	.	.	.	-1
KI270737.1	7754	8043	peak_5519	1000	.	382.642151	7.767279	-1	107	.	-1	-1	.	.	.	.	-1
KI270737.1	8867	9005	peak_5520	1000	.	396.482452	7.314430	-1	109	.	-1	-1	.	.	.	.	-1
KI270737.1	9382	9601	peak_5521	1000	.	223.545456	5.109050	-1	101	.	-1	-1	.	.	.	.	-1
KI270737.1	12917	13165	peak_5522	1000	.	259.116516	6.666107	-1	220	.	-1	-1	.	.	.	.	-1
KI270737.1	13311	13473	peak_5523	1000	.	239.226105	5.109050	-1	23	.	-1	-1	.	.	.	.	-1
KI270737.1	14531	14792	peak_5524	1000	.	303.418640	5.836737	-1	26	.	-1	-1	.	.	.	.	-1
KI270737.1	14948	15298	peak_5525	910	.	318.467133	5.836737	-1	219	.	-1	-1	.	.	.	.	-1
KI270737.1	15501	15686	peak_5526	1000	.	206.795731	5.496779	-1	28	.	-1	-1	.	.	.	.	-1
KI270737.1	16208	16735	peak_5527	908	.	478.653778	5.992500	-1	29	.	-1	-1	.	.	.	.	-1
KI270737.1	16976	17608	peak_5528	514	.	324.823700	5.836737	-1	240	.	-1	-1	.	.	.	.	-1
KI270737.1	21638	21979	peak_5529	764	.	260.459015	5.671912	-1	317	.	-1	-1	.	.	.	.	-1
KI270737.1	22235	22790	peak_5530	465	.	257.872375	5.309801	-1	16	.	-1	-1	.	.	.	.	-1
KI270737.1	23468	23888	peak_5531	1000	.	448.407318	7.681748	-1	118	.	-1	-1	.	.	.	.	-1
KI270737.1	24006	24320	peak_5532	1000	.	322.124420	8.517250	-1	284	.	-1	-1	.	.	.	.	-1
KI270737.1	24442	24776	peak_5533	814	.	271.770386	6.140231	-1	163	.	-1	-1	.	.	.	.	-1
KI270737.1	24885	25266	peak_5534	846	.	322.189209	6.414886	-1	359	.	-1	-1	.	.	.	.	-1
KI270737.1	25727	26232	peak_5535	1000	.	1189.257935	8.449522	-1	251	.	-1	-1	.	.	.	.	-1
KI270737.1	26371	27166	peak_5536	1000	.	814.564148	7.215447	-1	659	.	-1	-1	.	.	.	.	-1
KI270737.1	27470	27783	peak_5537	958	.	299.713135	6.543151	-1	141	.	-1	-1	.	.	.	.	-1
KI270737.1	27914	28176	peak_5538	1000	.	504.959900	8.449522	-1	61	.	-1	-1	.	.	.	.	-1
KI270737.1	28279	28492	peak_5539	1000	.	297.244904	6.280785	-1	182	.	-1	-1	.	.	.	.	-1
KI270737.1	29318	29466	peak_5540	1000	.	295.553345	6.666107	-1	118	.	-1	-1	.	.	.	.	-1
KI270737.1	29588	29795	peak_5541	1000	.	328.147614	7.007426	-1	152	.	-1	-1	.	.	.	.	-1
KI270737.1	30696	31249	peak_5542	1000	.	1088.742065	11.548436	-1	381	.	-1	-1	.	.	.	.	-1
KI270737.1	31810	32153	peak_5543	1000	.	778.202942	8.775187	-1	288	.	-1	-1	.	.	.	.	-1
KI270737.1	32275	32526	peak_5544	1000	.	256.604218	5.992500	-1	208	.	-1	-1	.	.	.	.	-1
KI270737.1	32886	33051	peak_5545	1000	.	1009.993958	11.312439	-1	52	.	-1	-1	.	.	.	.	-1
KI270737.1	33261	33403	peak_5546	1000	.	565.486816	7.314430	-1	106	.	-1	-1	.	.	.	.	-1
KI270737.1	33862	33935	peak_5547	1000	.	261.190826	7.503445	-1	34	.	-1	-1	.	.	.	.	-1
KI270737.1	34458	34690	peak_5548	1000	.	428.142975	5.836737	-1	39	.	-1	-1	.	.	.	.	-1
KI270737.1	34822	35456	peak_5549	1000	.	778.252319	8.309755	-1	161	.	-1	-1	.	.	.	.	-1
KI270737.1	36037	36317	peak_5550	1000	.	347.506042	6.784213	-1	259	.	-1	-1	.	.	.	.	-1
KI270737.1	36524	36864	peak_5551	1000	.	622.477051	10.182039	-1	302	.	-1	-1	.	.	.	.	-1
KI270737.1	37066	37645	peak_5552	358	.	207.161301	3.776148	-1	545	.	-1	-1	.	.	.	.	-1
KI270737.1	38499	38762	peak_5553	1000	.	518.795471	7.410364	-1	67	.	-1	-1	.	.	.	.	-1
KI270737.1	38925	39526	peak_5554	1000	.	972.325989	8.897087	-1	29	.	-1	-1	.	.	.	.	-1
KI270737.1	40300	40632	peak_5555	751	.	249.307663	4.892064	-1	21	.	-1	-1	.	.	.	.	-1
KI270737.1	41543	41650	peak_5556	1000	.	412.230103	9.014750	-1	59	.	-1	-1	.	.	.	.	-1
KI270737.1	42123	42463	peak_5557	1000	.	557.912170	7.314430	-1	227	.	-1	-1	.	.	.	.	-1
KI270737.1	43345	43618	peak_5558	1000	.	311.191559	4.655616	-1	251	.	-1	-1	.	.	.	.	-1
KI270737.1	45145	45197	peak_5559	1000	.	215.275238	7.410364	-1	23	.	-1	-1	.	.	.	.	-1
KI270737.1	46371	46453	peak_5560	1000	.	251.764603	7.503445	-1	33	.	-1	-1	.	.	.	.	-1
KI270737.1	46665	46877	peak_5561	1000	.	263.753052	5.309801	-1	94	.	-1	-1	.	.	.	.	-1
KI270737.1	48291	48579	peak_5562	931	.	268.260529	5.496779	-1	193	.	-1	-1	.	.	.	.	-1
KI270737.1	49063	49277	peak_5563	1000	.	309.250488	5.836737	-1	47	.	-1	-1	.	.	.	.	-1
KI270737.1	49842	50295	peak_5564	470	.	212.957916	5.496779	-1	139	.	-1	-1	.	.	.	.	-1
KI270737.1	50399	50717	peak_5565	1000	.	359.011871	5.109050	-1	27	.	-1	-1	.	.	.	.	-1
KI270737.1	50914	51324	peak_5566	530	.	217.324417	4.395352	-1	332	.	-1	-1	.	.	.	.	-1
KI270737.1	51970	52698	peak_5567	562	.	408.802917	4.892064	-1	538	.	-1	-1	.	.	.	.	-1
KI270737.1	54823	55535	peak_5568	1000	.	724.376282	7.007426	-1	276	.	-1	-1	.	.	.	.	-1
KI270737.1	56158	56431	peak_5569	812	.	221.711487	7.113194	-1	92	.	-1	-1	.	.	.	.	-1
KI270737.1	57078	57175	peak_5570	1000	.	203.862686	6.666107	-1	30	.	-1	-1	.	.	.	.	-1
KI270737.1	57283	57824	peak_5571	601	.	325.311340	5.496779	-1	293	.	-1	-1	.	.	.	.	-1
KI270737.1	58535	58749	peak_5572	1000	.	337.589447	8.449522	-1	31	.	-1	-1	.	.	.	.	-1
KI270737.1	59468	59789	peak_5573	978	.	313.797913	6.280785	-1	163	.	-1	-1	.	.	.	.	-1
KI270737.1	59912	60191	peak_5574	733	.	204.423630	6.414886	-1	17	.	-1	-1	.	.	.	.	-1
KI270737.1	60294	60573	peak_5575	897	.	250.297287	6.666107	-1	19	.	-1	-1	.	.	.	.	-1
KI270737.1	62891	63740	peak_5576	500	.	424.521179	5.671912	-1	381	.	-1	-1	.	.	.	.	-1
KI270737.1	65567	65972	peak_5577	550	.	222.881454	3.776148	-1	322	.	-1	-1	.	.	.	.	-1
KI270737.1	67663	67901	peak_5578	1000	.	254.482162	5.496779	-1	216	.	-1	-1	.	.	.	.	-1
KI270737.1	68483	68737	peak_5579	1000	.	295.204956	6.543151	-1	106	.	-1	-1	.	.	.	.	-1
KI270737.1	69433	69787	peak_5580	722	.	255.657776	5.309801	-1	332	.	-1	-1	.	.	.	.	-1
KI270737.1	69960	70355	peak_5581	1000	.	907.419861	13.255427	-1	349	.	-1	-1	.	.	.	.	-1
KI270737.1	70731	70991	peak_5582	1000	.	415.067657	6.897870	-1	228	.	-1	-1	.	.	.	.	-1
KI270737.1	71144	73755	peak_5583	1000	.	3467.005371	11.372837	-1	203	.	-1	-1	.	.	.	.	-1
KI270737.1	74018	74437	peak_5584	1000	.	747.786194	8.163781	-1	194	.	-1	-1	.	.	.	.	-1
KI270737.1	75154	75491	peak_5585	1000	.	608.305969	9.694648	-1	125	.	-1	-1	.	.	.	.	-1
KI270737.1	76714	76863	peak_5586	1000	.	340.186768	7.314430	-1	33	.	-1	-1	.	.	.	.	-1
KI270737.1	77368	77462	peak_5587	1000	.	325.830353	8.163781	-1	67	.	-1	-1	.	.	.	.	-1
KI270737.1	78377	78625	peak_5588	919	.	227.974716	4.655616	-1	78	.	-1	-1	.	.	.	.	-1
KI270737.1	78757	79228	peak_5589	1000	.	799.475342	7.931771	-1	441	.	-1	-1	.	.	.	.	-1
KI270737.1	79416	80376	peak_5590	1000	.	2037.062134	9.834352	-1	778	.	-1	-1	.	.	.	.	-1
KI270737.1	80536	80763	peak_5591	944	.	214.320160	5.671912	-1	199	.	-1	-1	.	.	.	.	-1
KI270737.1	81865	81988	peak_5592	1000	.	353.715118	7.850579	-1	58	.	-1	-1	.	.	.	.	-1
KI270738.1	25273	25763	peak_5593	724	.	354.875153	6.280785	-1	462	.	-1	-1	.	.	.	.	-1
KI270738.1	26695	27132	peak_5594	904	.	395.029816	4.892064	-1	207	.	-1	-1	.	.	.	.	-1
KI270738.1	27233	27776	peak_5595	962	.	522.186401	6.897870	-1	517	.	-1	-1	.	.	.	.	-1
KI270738.1	27966	28134	peak_5596	1000	.	245.105042	7.850579	-1	142	.	-1	-1	.	.	.	.	-1
KI270738.1	28301	28626	peak_5597	693	.	225.240234	4.655616	-1	174	.	-1	-1	.	.	.	.	-1
KI270738.1	29542	29840	peak_5598	688	.	205.000137	5.496779	-1	266	.	-1	-1	.	.	.	.	-1
KI270738.1	30505	30712	peak_5599	1000	.	223.878876	4.892064	-1	176	.	-1	-1	.	.	.	.	-1
KI270738.1	31660	31838	peak_5600	1000	.	260.928467	6.666107	-1	45	.	-1	-1	.	.	.	.	-1
KI270738.1	34403	34655	peak_5601	894	.	225.379227	5.671912	-1	80	.	-1	-1	.	.	.	.	-1
KI270738.1	35186	35796	peak_5602	948	.	578.443970	5.836737	-1	245	.	-1	-1	.	.	.	.	-1
KI270738.1	36105	36539	peak_5603	1000	.	478.319580	9.072088	-1	243	.	-1	-1	.	.	.	.	-1
KI270738.1	36724	37059	peak_5604	1000	.	503.110199	8.449522	-1	78	.	-1	-1	.	.	.	.	-1
KI270738.1	37199	37346	peak_5605	1000	.	325.670898	7.681748	-1	46	.	-1	-1	.	.	.	.	-1
KI270738.1	38640	38937	peak_5606	678	.	201.325089	4.892064	-1	29	.	-1	-1	.	.	.	.	-1
KI270738.1	39608	40327	peak_5607	870	.	625.312866	7.113194	-1	218	.	-1	-1	.	.	.	.	-1
KI270738.1	41754	41876	peak_5608	1000	.	356.327393	6.897870	-1	22	.	-1	-1	.	.	.	.	-1
KI270738.1	43587	44501	peak_5609	797	.	728.593323	5.836737	-1	883	.	-1	-1	.	.	.	.	-1
KI270738.1	45418	45687	peak_5610	1000	.	316.230286	5.836737	-1	34	.	-1	-1	.	.	.	.	-1
KI270738.1	45897	46181	peak_5611	1000	.	347.846954	6.140231	-1	24	.	-1	-1	.	.	.	.	-1
KI270738.1	47065	47623	peak_5612	692	.	386.183014	5.496779	-1	531	.	-1	-1	.	.	.	.	-1
KI270738.1	48312	48702	peak_5613	1000	.	489.342468	8.583626	-1	31	.	-1	-1	.	.	.	.	-1
KI270738.1	48822	49542	peak_5614	643	.	462.683228	6.666107	-1	108	.	-1	-1	.	.	.	.	-1
KI270738.1	49676	50244	peak_5615	578	.	328.069214	4.655616	-1	91	.	-1	-1	.	.	.	.	-1
KI270738.1	53131	53392	peak_5616	818	.	213.396057	6.280785	-1	22	.	-1	-1	.	.	.	.	-1
KI270738.1	55972	56529	peak_5617	781	.	434.889648	7.113194	-1	477	.	-1	-1	.	.	.	.	-1
KI270738.1	56665	57100	peak_5618	744	.	323.549835	5.671912	-1	295	.	-1	-1	.	.	.	.	-1
KI270738.1	59565	60047	peak_5619	1000	.	607.021973	7.113194	-1	274	.	-1	-1	.	.	.	.	-1
KI270738.1	60912	61214	peak_5620	1000	.	318.250763	6.280785	-1	282	.	-1	-1	.	.	.	.	-1
KI270738.1	62935	63141	peak_5621	1000	.	274.388702	7.767279	-1	123	.	-1	-1	.	.	.	.	-1
KI270738.1	63791	64213	peak_5622	734	.	309.759796	5.671912	-1	183	.	-1	-1	.	.	.	.	-1
KI270738.1	65299	65442	peak_5623	1000	.	233.896317	5.309801	-1	57	.	-1	-1	.	.	.	.	-1
KI270738.1	66997	67305	peak_5624	1000	.	338.051788	5.836737	-1	183	.	-1	-1	.	.	.	.	-1
KI270738.1	69907	70190	peak_5625	921	.	260.575043	4.655616	-1	94	.	-1	-1	.	.	.	.	-1
KI270738.1	70785	71264	peak_5626	891	.	426.885162	6.897870	-1	190	.	-1	-1	.	.	.	.	-1
KI270738.1	71462	72433	peak_5627	928	.	900.728210	6.543151	-1	760	.	-1	-1	.	.	.	.	-1
KI270738.1	74072	75102	peak_5628	1000	.	2087.489990	9.072088	-1	277	.	-1	-1	.	.	.	.	-1
KI270738.1	75235	75629	peak_5629	1000	.	886.568909	11.877018	-1	76	.	-1	-1	.	.	.	.	-1
KI270738.1	77125	77537	peak_5630	985	.	405.997833	7.767279	-1	379	.	-1	-1	.	.	.	.	-1
KI270738.1	80428	80652	peak_5631	1000	.	339.371216	8.775187	-1	20	.	-1	-1	.	.	.	.	-1
KI270738.1	80771	81277	peak_5632	807	.	408.297028	7.113194	-1	124	.	-1	-1	.	.	.	.	-1
KI270742.1	185451	186725	peak_5633	498	.	634.318237	4.395352	-1	1040	.	-1	-1	.	.	.	.	-1
KI270743.1	372	1180	peak_5634	341	.	275.612671	4.105179	-1	598	.	-1	-1	.	.	.	.	-1
KI270743.1	150632	151630	peak_5635	356	.	355.178864	4.395352	-1	965	.	-1	-1	.	.	.	.	-1
KI270743.1	151733	152355	peak_5636	959	.	596.438782	4.892064	-1	210	.	-1	-1	.	.	.	.	-1
KI270743.1	154523	154818	peak_5637	707	.	208.445862	4.655616	-1	96	.	-1	-1	.	.	.	.	-1
KI270743.1	156076	156962	peak_5638	1000	.	986.237122	5.309801	-1	659	.	-1	-1	.	.	.	.	-1
KI270743.1	157946	158408	peak_5639	639	.	295.035461	4.105179	-1	392	.	-1	-1	.	.	.	.	-1
KI270743.1	159631	159930	peak_5640	699	.	209.150101	4.105179	-1	263	.	-1	-1	.	.	.	.	-1
KI270743.1	162152	162999	peak_5641	745	.	631.144348	4.892064	-1	737	.	-1	-1	.	.	.	.	-1
KI270744.1	11010	14135	peak_5642	1000	.	12489.328125	10.574075	-1	1965	.	-1	-1	.	.	.	.	-1
KI270744.1	105138	115155	peak_5643	1000	.	24415.966797	9.879719	-1	4457	.	-1	-1	.	.	.	.	-1
KI270744.1	115259	117132	peak_5644	1000	.	2022.946167	5.836737	-1	1011	.	-1	-1	.	.	.	.	-1
KI270744.1	117287	121902	peak_5645	1000	.	6455.377441	6.543151	-1	1753	.	-1	-1	.	.	.	.	-1
KI270744.1	122092	123439	peak_5646	1000	.	1477.709839	5.496779	-1	987	.	-1	-1	.	.	.	.	-1
KI270744.1	123560	125580	peak_5647	1000	.	3368.166992	6.280785	-1	394	.	-1	-1	.	.	.	.	-1
KI270744.1	125764	126192	peak_5648	505	.	215.959656	3.776148	-1	192	.	-1	-1	.	.	.	.	-1
KI270744.1	136529	137441	peak_5649	324	.	295.263947	4.105179	-1	467	.	-1	-1	.	.	.	.	-1
KI270744.1	138350	138829	peak_5650	474	.	226.887863	4.105179	-1	286	.	-1	-1	.	.	.	.	-1
KI270747.1	46609	46782	peak_5651	1000	.	216.562881	4.655616	-1	85	.	-1	-1	.	.	.	.	-1
KI270747.1	46997	48771	peak_5652	1000	.	4493.048340	9.694648	-1	183	.	-1	-1	.	.	.	.	-1
KI270747.1	48891	49001	peak_5653	1000	.	404.295441	8.517250	-1	30	.	-1	-1	.	.	.	.	-1
KI270747.1	49175	49300	peak_5654	1000	.	240.160629	7.215447	-1	101	.	-1	-1	.	.	.	.	-1
KI270747.1	50242	50608	peak_5655	1000	.	478.028259	5.671912	-1	331	.	-1	-1	.	.	.	.	-1
KI270747.1	51163	51422	peak_5656	822	.	213.018845	4.655616	-1	207	.	-1	-1	.	.	.	.	-1
KI270747.1	51570	52674	peak_5657	1000	.	1230.777588	11.093040	-1	514	.	-1	-1	.	.	.	.	-1
KI270747.1	53228	53708	peak_5658	1000	.	524.849365	5.992500	-1	96	.	-1	-1	.	.	.	.	-1
KI270747.1	53887	54681	peak_5659	1000	.	1024.748535	6.543151	-1	300	.	-1	-1	.	.	.	.	-1
KI270747.1	54923	55261	peak_5660	823	.	278.267334	5.671912	-1	89	.	-1	-1	.	.	.	.	-1
KI270747.1	55387	55905	peak_5661	1000	.	759.203308	8.956428	-1	25	.	-1	-1	.	.	.	.	-1
KI270747.1	56046	56183	peak_5662	1000	.	275.022308	6.897870	-1	34	.	-1	-1	.	.	.	.	-1
KI270747.1	56413	56873	peak_5663	482	.	221.928375	4.395352	-1	22	.	-1	-1	.	.	.	.	-1
KI270747.1	57383	57702	peak_5664	932	.	297.213898	5.836737	-1	78	.	-1	-1	.	.	.	.	-1
KI270747.1	57921	58495	peak_5665	653	.	375.071930	5.309801	-1	228	.	-1	-1	.	.	.	.	-1
KI270747.1	58623	58980	peak_5666	1000	.	430.393860	7.314430	-1	93	.	-1	-1	.	.	.	.	-1
KI270747.1	59580	59771	peak_5667	1000	.	268.216492	5.496779	-1	65	.	-1	-1	.	.	.	.	-1
KI270747.1	61335	61688	peak_5668	685	.	241.901978	4.892064	-1	180	.	-1	-1	.	.	.	.	-1
KI270747.1	62192	62241	peak_5669	1000	.	225.044510	7.681748	-1	25	.	-1	-1	.	.	.	.	-1
KI270747.1	62938	63691	peak_5670	606	.	456.266968	5.496779	-1	605	.	-1	-1	.	.	.	.	-1
KI270747.1	65220	65549	peak_5671	622	.	204.589737	4.105179	-1	209	.	-1	-1	.	.	.	.	-1
KI270747.1	67056	67124	peak_5672	1000	.	271.513702	8.237581	-1	34	.	-1	-1	.	.	.	.	-1
KI270747.1	67359	67777	peak_5673	1000	.	560.766296	6.784213	-1	196	.	-1	-1	.	.	.	.	-1
KI270747.1	68271	68791	peak_5674	901	.	468.603699	6.897870	-1	113	.	-1	-1	.	.	.	.	-1
KI270747.1	68910	69544	peak_5675	732	.	464.281769	4.655616	-1	572	.	-1	-1	.	.	.	.	-1
KI270747.1	70463	70928	peak_5676	927	.	431.145203	5.836737	-1	147	.	-1	-1	.	.	.	.	-1
KI270747.1	71601	71957	peak_5677	646	.	230.061508	5.309801	-1	128	.	-1	-1	.	.	.	.	-1
KI270747.1	73021	73769	peak_5678	1000	.	1124.972290	9.741835	-1	208	.	-1	-1	.	.	.	.	-1
KI270747.1	74428	74668	peak_5679	865	.	207.508774	4.892064	-1	197	.	-1	-1	.	.	.	.	-1
KI270747.1	75360	75917	peak_5680	553	.	308.115906	5.496779	-1	230	.	-1	-1	.	.	.	.	-1
KI270747.1	76046	76383	peak_5681	1000	.	354.297394	6.666107	-1	70	.	-1	-1	.	.	.	.	-1
KI270747.1	77910	78098	peak_5682	1000	.	407.291901	8.163781	-1	155	.	-1	-1	.	.	.	.	-1
KI270747.1	78422	78812	peak_5683	780	.	304.136200	6.784213	-1	305	.	-1	-1	.	.	.	.	-1
KI270747.1	81029	81321	peak_5684	1000	.	443.007751	9.014750	-1	31	.	-1	-1	.	.	.	.	-1
KI270751.1	38351	40080	peak_5685	1000	.	6664.836914	9.741835	-1	1510	.	-1	-1	.	.	.	.	-1
KI270751.1	67618	67917	peak_5686	686	.	204.975220	4.655616	-1	66	.	-1	-1	.	.	.	.	-1
KI270751.1	106261	107163	peak_5687	344	.	310.160919	4.395352	-1	215	.	-1	-1	.	.	.	.	-1
KI270751.1	111731	112297	peak_5688	423	.	239.437073	4.395352	-1	124	.	-1	-1	.	.	.	.	-1
KI270751.1	112687	113136	peak_5689	615	.	276.338440	4.395352	-1	278	.	-1	-1	.	.	.	.	-1
KI270751.1	124311	124768	peak_5690	551	.	251.712616	4.105179	-1	85	.	-1	-1	.	.	.	.	-1
KI270751.1	137898	138545	peak_5691	344	.	222.423828	3.776148	-1	138	.	-1	-1	.	.	.	.	-1
KI270751.1	140097	140940	peak_5692	500	.	421.775543	4.395352	-1	809	.	-1	-1	.	.	.	.	-1
KI270751.1	145844	147413	peak_5693	368	.	577.677917	4.655616	-1	1229	.	-1	-1	.	.	.	.	-1
KI270751.1	149497	150737	peak_5694	1000	.	2565.226074	14.781187	-1	1171	.	-1	-1	.	.	.	.	-1
KI270756.1	38	2524	peak_5695	1000	.	3995.833008	8.583626	-1	2280	.	-1	-1	.	.	.	.	-1
KI270756.1	3323	3694	peak_5696	875	.	324.641815	6.897870	-1	311	.	-1	-1	.	.	.	.	-1
KI270756.1	3812	4406	peak_5697	484	.	287.617554	4.655616	-1	560	.	-1	-1	.	.	.	.	-1
KI270756.1	4523	5101	peak_5698	947	.	547.214172	5.109050	-1	320	.	-1	-1	.	.	.	.	-1
KI270756.1	5323	5558	peak_5699	961	.	225.930603	5.109050	-1	116	.	-1	-1	.	.	.	.	-1
KI270756.1	6314	7665	peak_5700	1000	.	1878.234009	14.118308	-1	654	.	-1	-1	.	.	.	.	-1
KI270756.1	7808	8161	peak_5701	975	.	344.299347	6.784213	-1	262	.	-1	-1	.	.	.	.	-1
KI270756.1	8382	9094	peak_5702	1000	.	775.148499	7.007426	-1	149	.	-1	-1	.	.	.	.	-1
KI270756.1	10017	10184	peak_5703	1000	.	235.395203	6.140231	-1	54	.	-1	-1	.	.	.	.	-1
KI270756.1	10781	11176	peak_5704	817	.	322.601562	6.543151	-1	28	.	-1	-1	.	.	.	.	-1
KI270756.1	11536	11876	peak_5705	1000	.	625.409424	9.448680	-1	78	.	-1	-1	.	.	.	.	-1
KI270756.1	11986	12429	peak_5706	1000	.	477.689545	9.014750	-1	411	.	-1	-1	.	.	.	.	-1
KI270756.1	12774	13534	peak_5707	515	.	391.586548	5.836737	-1	227	.	-1	-1	.	.	.	.	-1
KI270756.1	13829	15290	peak_5708	745	.	1089.030884	6.280785	-1	418	.	-1	-1	.	.	.	.	-1
KI270756.1	15440	15900	peak_5709	789	.	363.157166	7.314430	-1	94	.	-1	-1	.	.	.	.	-1
KI270756.1	16116	16579	peak_5710	981	.	454.326019	5.836737	-1	369	.	-1	-1	.	.	.	.	-1
KI270756.1	16689	16840	peak_5711	1000	.	251.022522	6.140231	-1	26	.	-1	-1	.	.	.	.	-1
KI270756.1	17205	17575	peak_5712	1000	.	422.078125	6.140231	-1	27	.	-1	-1	.	.	.	.	-1
KI270756.1	17698	17932	peak_5713	1000	.	371.813416	8.309755	-1	175	.	-1	-1	.	.	.	.	-1
KI270756.1	18326	18588	peak_5714	1000	.	316.182251	5.836737	-1	226	.	-1	-1	.	.	.	.	-1
KI270756.1	19447	19782	peak_5715	1000	.	355.762177	6.666107	-1	28	.	-1	-1	.	.	.	.	-1
KI270756.1	20400	21782	peak_5716	611	.	843.892944	6.666107	-1	155	.	-1	-1	.	.	.	.	-1
KI270756.1	21891	22989	peak_5717	1000	.	1107.248413	9.549155	-1	490	.	-1	-1	.	.	.	.	-1
KI270756.1	23206	23413	peak_5718	988	.	204.432739	4.655616	-1	145	.	-1	-1	.	.	.	.	-1
KI270756.1	24876	25396	peak_5719	829	.	430.852783	5.496779	-1	293	.	-1	-1	.	.	.	.	-1
KI270756.1	25586	26364	peak_5720	1000	.	1048.019531	7.593853	-1	668	.	-1	-1	.	.	.	.	-1
KI270756.1	26467	26858	peak_5721	635	.	248.089722	5.836737	-1	137	.	-1	-1	.	.	.	.	-1
KI270756.1	26970	28101	peak_5722	1000	.	1373.166992	9.834352	-1	571	.	-1	-1	.	.	.	.	-1
KI270756.1	28218	28747	peak_5723	1000	.	661.942139	5.836737	-1	256	.	-1	-1	.	.	.	.	-1
KI270756.1	28889	29894	peak_5724	981	.	986.178406	7.931771	-1	98	.	-1	-1	.	.	.	.	-1
KI270756.1	30732	31701	peak_5725	616	.	596.785339	7.113194	-1	207	.	-1	-1	.	.	.	.	-1
KI270756.1	31832	32136	peak_5726	723	.	219.843765	3.776148	-1	280	.	-1	-1	.	.	.	.	-1
KI270756.1	33189	33501	peak_5727	973	.	303.509369	4.105179	-1	83	.	-1	-1	.	.	.	.	-1
KI270756.1	33822	34190	peak_5728	1000	.	382.588196	5.109050	-1	27	.	-1	-1	.	.	.	.	-1
KI270756.1	34891	35153	peak_5729	1000	.	452.343048	7.850579	-1	230	.	-1	-1	.	.	.	.	-1
KI270756.1	38577	39237	peak_5730	1000	.	835.208557	8.775187	-1	492	.	-1	-1	.	.	.	.	-1
KI270756.1	39345	39513	peak_5731	1000	.	200.722900	5.992500	-1	28	.	-1	-1	.	.	.	.	-1
KI270756.1	39629	40124	peak_5732	565	.	279.731201	4.395352	-1	56	.	-1	-1	.	.	.	.	-1
KI270756.1	40382	40672	peak_5733	749	.	217.276047	5.109050	-1	101	.	-1	-1	.	.	.	.	-1
KI270756.1	41220	41912	peak_5734	599	.	414.406097	4.655616	-1	103	.	-1	-1	.	.	.	.	-1
KI270756.1	42579	44260	peak_5735	1000	.	1818.080444	9.879719	-1	938	.	-1	-1	.	.	.	.	-1
KI270756.1	46306	46982	peak_5736	922	.	623.470459	6.666107	-1	62	.	-1	-1	.	.	.	.	-1
KI270756.1	48008	49136	peak_5737	1000	.	1258.261475	6.897870	-1	798	.	-1	-1	.	.	.	.	-1
KI270756.1	49425	49698	peak_5738	793	.	216.369781	5.109050	-1	122	.	-1	-1	.	.	.	.	-1
KI270756.1	49813	50328	peak_5739	545	.	280.792786	5.309801	-1	91	.	-1	-1	.	.	.	.	-1
KI270756.1	51153	51557	peak_5740	1000	.	450.882935	6.666107	-1	86	.	-1	-1	.	.	.	.	-1
KI270756.1	51663	51710	peak_5741	1000	.	211.379944	7.593853	-1	23	.	-1	-1	.	.	.	.	-1
KI270756.1	51885	52762	peak_5742	502	.	440.683197	5.836737	-1	678	.	-1	-1	.	.	.	.	-1
KI270756.1	52874	53626	peak_5743	675	.	507.947571	5.836737	-1	288	.	-1	-1	.	.	.	.	-1
KI270756.1	53739	54458	peak_5744	1000	.	812.368774	7.113194	-1	666	.	-1	-1	.	.	.	.	-1
KI270756.1	54682	54907	peak_5745	891	.	200.454422	4.395352	-1	198	.	-1	-1	.	.	.	.	-1
KI270756.1	55104	55330	peak_5746	1000	.	274.184204	5.671912	-1	19	.	-1	-1	.	.	.	.	-1
KI270756.1	55466	56154	peak_5747	801	.	551.170898	7.681748	-1	212	.	-1	-1	.	.	.	.	-1
KI270756.1	56304	57076	peak_5748	923	.	712.309265	7.850579	-1	73	.	-1	-1	.	.	.	.	-1
KI270756.1	57268	57566	peak_5749	1000	.	325.665741	6.897870	-1	198	.	-1	-1	.	.	.	.	-1
KI270756.1	58069	58499	peak_5750	1000	.	730.133728	9.014750	-1	304	.	-1	-1	.	.	.	.	-1
KI270756.1	58823	59714	peak_5751	1000	.	1154.374512	7.681748	-1	356	.	-1	-1	.	.	.	.	-1
KI270756.1	60099	60392	peak_5752	1000	.	501.270935	6.414886	-1	34	.	-1	-1	.	.	.	.	-1
KI270756.1	60530	60702	peak_5753	1000	.	283.480438	8.163781	-1	138	.	-1	-1	.	.	.	.	-1
KI270756.1	61037	61112	peak_5754	1000	.	331.384186	8.836688	-1	35	.	-1	-1	.	.	.	.	-1
KI270756.1	61989	62156	peak_5755	1000	.	345.863495	7.850579	-1	131	.	-1	-1	.	.	.	.	-1
KI270756.1	62292	62733	peak_5756	1000	.	518.912231	5.992500	-1	148	.	-1	-1	.	.	.	.	-1
KI270756.1	62841	63170	peak_5757	854	.	280.827362	5.309801	-1	239	.	-1	-1	.	.	.	.	-1
KI270756.1	63842	64124	peak_5758	751	.	211.765076	5.309801	-1	114	.	-1	-1	.	.	.	.	-1
KI270756.1	64802	65101	peak_5759	709	.	212.106277	6.414886	-1	92	.	-1	-1	.	.	.	.	-1
KI270756.1	65272	65665	peak_5760	1000	.	943.939636	11.027911	-1	39	.	-1	-1	.	.	.	.	-1
KI270756.1	66079	66532	peak_5761	674	.	305.135681	4.655616	-1	422	.	-1	-1	.	.	.	.	-1
KI270756.1	68211	68823	peak_5762	513	.	313.840607	4.105179	-1	118	.	-1	-1	.	.	.	.	-1
KI270756.1	69220	69490	peak_5763	910	.	245.691956	5.836737	-1	97	.	-1	-1	.	.	.	.	-1
KI270756.1	69745	70050	peak_5764	1000	.	436.463959	8.517250	-1	258	.	-1	-1	.	.	.	.	-1
KI270756.1	70612	71026	peak_5765	842	.	348.751892	4.655616	-1	139	.	-1	-1	.	.	.	.	-1
KI270756.1	71312	71577	peak_5766	1000	.	335.174683	8.010967	-1	24	.	-1	-1	.	.	.	.	-1
KI270756.1	72151	72368	peak_5767	1000	.	328.678802	7.113194	-1	103	.	-1	-1	.	.	.	.	-1
KI270756.1	72626	72780	peak_5768	1000	.	280.026184	5.992500	-1	67	.	-1	-1	.	.	.	.	-1
KI270756.1	74956	76312	peak_5769	823	.	1116.468994	6.666107	-1	821	.	-1	-1	.	.	.	.	-1
KI270756.1	77259	77402	peak_5770	1000	.	309.200745	6.897870	-1	57	.	-1	-1	.	.	.	.	-1
KI270756.1	78093	78257	peak_5771	1000	.	229.836014	6.784213	-1	22	.	-1	-1	.	.	.	.	-1
KI270756.1	78857	79585	peak_5772	872	.	634.609009	7.215447	-1	422	.	-1	-1	.	.	.	.	-1
KI270757.1	14327	16715	peak_5773	1000	.	4247.521973	8.309755	-1	2019	.	-1	-1	.	.	.	.	-1
KI270757.1	20030	20603	peak_5774	1000	.	749.516235	7.593853	-1	311	.	-1	-1	.	.	.	.	-1
KI270757.1	59682	60439	peak_5775	672	.	508.949829	4.655616	-1	305	.	-1	-1	.	.	.	.	-1
KI270757.1	62317	62897	peak_5776	523	.	303.503540	3.776148	-1	372	.	-1	-1	.	.	.	.	-1
KI270757.1	65771	66524	peak_5777	453	.	341.095306	4.395352	-1	569	.	-1	-1	.	.	.	.	-1
KI270757.1	66627	67572	peak_5778	479	.	452.772217	4.892064	-1	119	.	-1	-1	.	.	.	.	-1
KI270757.1	70410	71209	peak_5779	747	.	596.948059	5.109050	-1	72	.	-1	-1	.	.	.	.	-1
KI270772.1	8	1122	peak_4727	1000	.	1507.028320	6.784213	-1	668	.	-1	-1	.	.	.	.	-1
KI270772.1	1254	2757	peak_4728	1000	.	1743.772095	6.784213	-1	128	.	-1	-1	.	.	.	.	-1
KI270772.1	2906	5245	peak_4729	1000	.	4819.675781	7.215447	-1	2215	.	-1	-1	.	.	.	.	-1
KI270772.1	5362	7362	peak_4730	1000	.	2771.482666	7.410364	-1	1800	.	-1	-1	.	.	.	.	-1
KI270772.1	7475	8555	peak_4731	1000	.	1554.547119	7.593853	-1	337	.	-1	-1	.	.	.	.	-1
KI270772.1	8758	10774	peak_4732	1000	.	3131.038574	7.007426	-1	1395	.	-1	-1	.	.	.	.	-1
KI270772.1	11128	12007	peak_4733	1000	.	1353.125366	5.992500	-1	328	.	-1	-1	.	.	.	.	-1
KI270772.1	12111	17373	peak_4734	1000	.	7920.648926	7.314430	-1	4232	.	-1	-1	.	.	.	.	-1
KI270772.1	17519	19084	peak_4735	1000	.	2604.985840	7.113194	-1	1209	.	-1	-1	.	.	.	.	-1
KI270772.1	19185	21925	peak_4736	1000	.	4410.905273	7.007426	-1	2180	.	-1	-1	.	.	.	.	-1
KI270772.1	22873	22957	peak_4737	1000	.	328.336426	7.593853	-1	47	.	-1	-1	.	.	.	.	-1
KI270774.1	162796	163079	peak_4749	844	.	238.917206	5.109050	-1	49	.	-1	-1	.	.	.	.	-1
KI270776.1	76632	77033	peak_4748	566	.	226.904236	4.655616	-1	21	.	-1	-1	.	.	.	.	-1
KI270784.1	61528	61747	peak_4750	1000	.	302.771973	7.931771	-1	115	.	-1	-1	.	.	.	.	-1
KI270790.1	60670	60769	peak_4753	1000	.	355.255615	7.113194	-1	38	.	-1	-1	.	.	.	.	-1
KI270791.1	180271	181028	peak_4754	555	.	420.200165	4.395352	-1	195	.	-1	-1	.	.	.	.	-1
KI270798.1	134901	136841	peak_4761	694	.	1346.366211	4.395352	-1	816	.	-1	-1	.	.	.	.	-1
KI270803.1	668639	668748	peak_4766	1000	.	220.861130	6.414886	-1	84	.	-1	-1	.	.	.	.	-1
KI270816.1	146461	146652	peak_4767	1000	.	231.510010	5.836737	-1	161	.	-1	-1	.	.	.	.	-1
KI270824.1	8	1886	peak_4709	1000	.	6998.876953	11.903168	-1	1069	.	-1	-1	.	.	.	.	-1
KI270824.1	62712	63521	peak_4710	1000	.	929.208679	5.992500	-1	54	.	-1	-1	.	.	.	.	-1
KI270824.1	63640	64134	peak_4711	1000	.	639.855103	5.992500	-1	96	.	-1	-1	.	.	.	.	-1
KI270824.1	65206	65741	peak_4712	721	.	385.820618	4.892064	-1	86	.	-1	-1	.	.	.	.	-1
KI270824.1	66038	66497	peak_4713	1000	.	615.512817	7.767279	-1	201	.	-1	-1	.	.	.	.	-1
KI270824.1	67871	68260	peak_4714	992	.	385.849518	8.775187	-1	124	.	-1	-1	.	.	.	.	-1
KI270824.1	68494	68860	peak_4715	1000	.	458.584045	6.666107	-1	78	.	-1	-1	.	.	.	.	-1
KI270824.1	178193	178858	peak_4716	802	.	533.155518	9.183957	-1	213	.	-1	-1	.	.	.	.	-1
KI270824.1	178972	179456	peak_4717	984	.	476.427643	7.314430	-1	163	.	-1	-1	.	.	.	.	-1
KI270824.1	179785	179979	peak_4718	1000	.	254.587906	5.496779	-1	164	.	-1	-1	.	.	.	.	-1
KI270824.1	180816	181179	peak_4719	910	.	330.430145	6.666107	-1	201	.	-1	-1	.	.	.	.	-1
KI270866.1	42013	42663	peak_4724	611	.	397.416199	5.309801	-1	385	.	-1	-1	.	.	.	.	-1
KI270878.1	132723	132785	peak_4726	1000	.	268.764801	8.088272	-1	30	.	-1	-1	.	.	.	.	-1
KI270894.1	191206	191296	peak_4738	1000	.	297.838684	6.666107	-1	48	.	-1	-1	.	.	.	.	-1
KI270894.1	192233	196589	peak_4739	1000	.	6174.354004	7.007426	-1	1650	.	-1	-1	.	.	.	.	-1
KI270894.1	196774	203225	peak_4740	1000	.	8455.139648	6.897870	-1	3662	.	-1	-1	.	.	.	.	-1
KI270894.1	203376	203553	peak_4741	1000	.	346.696991	5.496779	-1	144	.	-1	-1	.	.	.	.	-1
KI270894.1	203678	204917	peak_4742	1000	.	1713.190308	7.215447	-1	326	.	-1	-1	.	.	.	.	-1
KI270894.1	205032	206682	peak_4743	1000	.	1918.297974	6.414886	-1	1323	.	-1	-1	.	.	.	.	-1
KI270894.1	206809	208787	peak_4744	1000	.	2411.893555	7.113194	-1	189	.	-1	-1	.	.	.	.	-1
KI270894.1	208892	211254	peak_4745	1000	.	4263.033691	7.410364	-1	144	.	-1	-1	.	.	.	.	-1
KI270894.1	211364	212550	peak_4746	922	.	1093.922485	6.280785	-1	1022	.	-1	-1	.	.	.	.	-1
KI270894.1	212662	214122	peak_4747	1000	.	2116.930664	8.309755	-1	95	.	-1	-1	.	.	.	.	-1
KI270899.1	17	242	peak_4764	1000	.	232.098923	4.892064	-1	197	.	-1	-1	.	.	.	.	-1
KI270899.1	11875	12999	peak_4765	402	.	451.731689	4.892064	-1	749	.	-1	-1	.	.	.	.	-1
KN196476.1	297660	298124	peak_4509	561	.	260.296875	5.309801	-1	337	.	-1	-1	.	.	.	.	-1
KN196476.1	301963	302765	peak_4510	453	.	362.940063	4.655616	-1	705	.	-1	-1	.	.	.	.	-1
KN196476.1	303121	303880	peak_4511	558	.	423.643005	4.395352	-1	100	.	-1	-1	.	.	.	.	-1
KN196476.1	305588	305904	peak_4512	653	.	206.216751	4.655616	-1	189	.	-1	-1	.	.	.	.	-1
KN196487.1	3	860	peak_4516	1000	.	3833.321289	16.392527	-1	429	.	-1	-1	.	.	.	.	-1
KN196487.1	1227	1352	peak_4517	1000	.	233.923950	4.892064	-1	92	.	-1	-1	.	.	.	.	-1
KN196487.1	2100	3238	peak_4518	1000	.	7814.845215	17.516079	-1	547	.	-1	-1	.	.	.	.	-1
KN196487.1	39045	40310	peak_4519	1000	.	1374.820190	7.931771	-1	503	.	-1	-1	.	.	.	.	-1
KN196487.1	40979	42342	peak_4520	1000	.	1529.512207	7.113194	-1	1210	.	-1	-1	.	.	.	.	-1
KN196487.1	42480	43631	peak_4521	846	.	973.545471	5.309801	-1	1102	.	-1	-1	.	.	.	.	-1
KN196487.1	43961	44469	peak_4522	736	.	373.717987	5.671912	-1	309	.	-1	-1	.	.	.	.	-1
KN196487.1	44597	48659	peak_4523	1000	.	4191.208496	7.503445	-1	2902	.	-1	-1	.	.	.	.	-1
KN196487.1	48822	51186	peak_4524	724	.	1711.984253	5.836737	-1	727	.	-1	-1	.	.	.	.	-1
KN196487.1	51585	51957	peak_4525	926	.	344.368347	4.892064	-1	261	.	-1	-1	.	.	.	.	-1
KN196487.1	52105	52364	peak_4526	1000	.	523.785461	6.784213	-1	152	.	-1	-1	.	.	.	.	-1
KN196487.1	52513	53057	peak_4527	1000	.	643.016785	5.671912	-1	224	.	-1	-1	.	.	.	.	-1
KN196487.1	53578	53657	peak_4528	1000	.	209.546478	6.414886	-1	34	.	-1	-1	.	.	.	.	-1
KN196487.1	54129	54560	peak_4529	962	.	414.511292	5.671912	-1	347	.	-1	-1	.	.	.	.	-1
KN196487.1	54662	55200	peak_4530	600	.	322.832367	4.892064	-1	180	.	-1	-1	.	.	.	.	-1
KN196487.1	55451	56706	peak_4531	1000	.	1598.795776	7.314430	-1	631	.	-1	-1	.	.	.	.	-1
KN196487.1	56813	57279	peak_4532	1000	.	748.451050	8.088272	-1	267	.	-1	-1	.	.	.	.	-1
KN196487.1	57450	57823	peak_4533	842	.	313.920898	5.309801	-1	219	.	-1	-1	.	.	.	.	-1
KN196487.1	58066	58876	peak_4534	1000	.	893.370667	6.280785	-1	342	.	-1	-1	.	.	.	.	-1
KN196487.1	60194	60509	peak_4535	1000	.	343.807098	5.496779	-1	226	.	-1	-1	.	.	.	.	-1
KN196487.1	60617	61728	peak_4536	1000	.	1188.333130	6.280785	-1	457	.	-1	-1	.	.	.	.	-1
KN196487.1	61873	62614	peak_4537	848	.	628.673523	7.215447	-1	161	.	-1	-1	.	.	.	.	-1
KN196487.1	63587	64666	peak_4538	1000	.	1522.580566	6.784213	-1	600	.	-1	-1	.	.	.	.	-1
KN538367.1	710	1187	peak_4539	1000	.	486.273315	4.892064	-1	70	.	-1	-1	.	.	.	.	-1
KN538367.1	1290	1964	peak_4540	1000	.	762.964050	6.140231	-1	363	.	-1	-1	.	.	.	.	-1
KN538372.1	23260	24357	peak_4554	352	.	386.357056	3.776148	-1	878	.	-1	-1	.	.	.	.	-1
KN538372.1	210421	211185	peak_4555	1000	.	1030.285034	9.448680	-1	351	.	-1	-1	.	.	.	.	-1
KN538372.1	212008	212077	peak_4556	1000	.	268.575317	7.931771	-1	34	.	-1	-1	.	.	.	.	-1
KN538372.1	213831	213953	peak_4557	1000	.	466.407684	8.309755	-1	31	.	-1	-1	.	.	.	.	-1
KQ031384.1	450211	460438	peak_4543	1000	.	30884.425781	20.425991	-1	5708	.	-1	-1	.	.	.	.	-1
KQ031384.1	460544	464653	peak_4544	1000	.	12526.150391	13.626094	-1	343	.	-1	-1	.	.	.	.	-1
KQ031384.1	464805	464854	peak_4545	1000	.	377.437073	11.797484	-1	18	.	-1	-1	.	.	.	.	-1
KQ031384.1	465266	466390	peak_4546	1000	.	2438.128662	9.968745	-1	779	.	-1	-1	.	.	.	.	-1
KQ031384.1	467173	467520	peak_4547	764	.	265.277649	5.671912	-1	25	.	-1	-1	.	.	.	.	-1
KQ031384.1	469881	470092	peak_4548	1000	.	243.685547	5.671912	-1	50	.	-1	-1	.	.	.	.	-1
KQ031384.1	470608	470836	peak_4549	1000	.	383.415344	7.931771	-1	40	.	-1	-1	.	.	.	.	-1
KQ031384.1	471635	471729	peak_4550	1000	.	289.482758	8.449522	-1	27	.	-1	-1	.	.	.	.	-1
KQ031384.1	472164	472633	peak_4551	1000	.	536.004822	9.397332	-1	30	.	-1	-1	.	.	.	.	-1
KQ031384.1	473846	474301	peak_4552	1000	.	528.273315	7.113194	-1	37	.	-1	-1	.	.	.	.	-1
KQ031384.1	477130	477878	peak_4553	918	.	686.465820	6.897870	-1	322	.	-1	-1	.	.	.	.	-1
KQ031389.1	161514	162219	peak_4721	489	.	344.589386	4.395352	-1	296	.	-1	-1	.	.	.	.	-1
KQ458383.1	162313	162691	peak_4725	692	.	261.598694	4.892064	-1	33	.	-1	-1	.	.	.	.	-1
KQ983257.1	114705	115201	peak_4513	484	.	240.228088	3.776148	-1	399	.	-1	-1	.	.	.	.	-1
KQ983257.1	202924	203600	peak_4514	1000	.	878.244995	5.309801	-1	430	.	-1	-1	.	.	.	.	-1
KQ983257.1	203723	207945	peak_4515	1000	.	9362.877930	10.182039	-1	2408	.	-1	-1	.	.	.	.	-1
KQ983258.1	204354	204750	peak_4751	816	.	322.940857	5.109050	-1	313	.	-1	-1	.	.	.	.	-1
KQ983258.1	204874	205140	peak_4752	1000	.	446.084808	5.309801	-1	162	.	-1	-1	.	.	.	.	-1
KV880768.1	806141	806664	peak_4706	799	.	418.045166	4.655616	-1	488	.	-1	-1	.	.	.	.	-1
KV880768.1	807622	808060	peak_4707	1000	.	530.469116	5.109050	-1	343	.	-1	-1	.	.	.	.	-1
KV880768.1	909010	909595	peak_4708	1000	.	1010.954468	6.414886	-1	84	.	-1	-1	.	.	.	.	-1
KZ559100.1	7826	8226	peak_4623	525	.	210.083801	4.105179	-1	23	.	-1	-1	.	.	.	.	-1
ML143345.1	16517	22743	peak_4581	1000	.	16797.759766	10.263924	-1	2760	.	-1	-1	.	.	.	.	-1
ML143345.1	22866	23559	peak_4582	1000	.	2293.824707	11.402677	-1	631	.	-1	-1	.	.	.	.	-1
ML143345.1	23669	26261	peak_4583	1000	.	8482.802734	10.790506	-1	611	.	-1	-1	.	.	.	.	-1
ML143345.1	26373	30154	peak_4584	1000	.	12973.074219	13.488850	-1	3609	.	-1	-1	.	.	.	.	-1
ML143345.1	30282	31137	peak_4585	1000	.	3580.425293	11.576927	-1	612	.	-1	-1	.	.	.	.	-1
ML143345.1	31262	41146	peak_4586	1000	.	27303.384766	13.726079	-1	2359	.	-1	-1	.	.	.	.	-1
ML143345.1	41295	42636	peak_4587	1000	.	2743.730469	8.712543	-1	895	.	-1	-1	.	.	.	.	-1
ML143345.1	42739	47245	peak_4588	1000	.	15271.690430	13.453803	-1	898	.	-1	-1	.	.	.	.	-1
ML143345.1	47385	49010	peak_4589	1000	.	3305.549316	12.571716	-1	1541	.	-1	-1	.	.	.	.	-1
ML143345.1	49129	52391	peak_4590	1000	.	5915.140625	8.088272	-1	1767	.	-1	-1	.	.	.	.	-1
ML143345.1	52499	55464	peak_4591	1000	.	5017.958008	9.879719	-1	1511	.	-1	-1	.	.	.	.	-1
ML143345.1	55625	56619	peak_4592	1000	.	2138.629883	12.251782	-1	559	.	-1	-1	.	.	.	.	-1
ML143345.1	56724	57391	peak_4593	1000	.	1171.998047	8.088272	-1	256	.	-1	-1	.	.	.	.	-1
ML143345.1	57526	58830	peak_4594	1000	.	2700.672363	7.593853	-1	1167	.	-1	-1	.	.	.	.	-1
ML143345.1	58939	60239	peak_4595	1000	.	2448.681396	8.309755	-1	810	.	-1	-1	.	.	.	.	-1
ML143345.1	60343	64104	peak_4596	1000	.	7076.930664	11.157050	-1	1003	.	-1	-1	.	.	.	.	-1
ML143345.1	64225	65480	peak_4597	1000	.	2763.295654	8.449522	-1	761	.	-1	-1	.	.	.	.	-1
ML143345.1	65591	73540	peak_4598	1000	.	19728.404297	11.432281	-1	241	.	-1	-1	.	.	.	.	-1
ML143345.1	73653	77848	peak_4599	1000	.	11997.426758	18.149559	-1	1398	.	-1	-1	.	.	.	.	-1
ML143345.1	78036	82016	peak_4600	1000	.	12565.470703	18.539360	-1	473	.	-1	-1	.	.	.	.	-1
ML143345.1	203966	204210	peak_4601	910	.	222.012527	3.776148	-1	87	.	-1	-1	.	.	.	.	-1
ML143345.1	205416	205933	peak_4602	506	.	261.671661	4.395352	-1	149	.	-1	-1	.	.	.	.	-1
ML143345.1	209729	210193	peak_4603	439	.	203.480270	3.776148	-1	31	.	-1	-1	.	.	.	.	-1
ML143345.1	210673	211238	peak_4604	516	.	291.409393	3.776148	-1	133	.	-1	-1	.	.	.	.	-1
ML143345.1	211381	212038	peak_4605	712	.	467.956665	4.892064	-1	237	.	-1	-1	.	.	.	.	-1
ML143345.1	214309	214672	peak_4606	560	.	203.278641	3.776148	-1	262	.	-1	-1	.	.	.	.	-1
ML143345.1	215758	216285	peak_4607	494	.	260.112000	3.776148	-1	380	.	-1	-1	.	.	.	.	-1
ML143345.1	217436	217611	peak_4608	1000	.	280.098785	4.892064	-1	117	.	-1	-1	.	.	.	.	-1
ML143345.1	222732	223182	peak_4609	449	.	202.082687	3.776148	-1	335	.	-1	-1	.	.	.	.	-1
ML143345.1	223303	224110	peak_4610	711	.	573.967102	4.892064	-1	432	.	-1	-1	.	.	.	.	-1
ML143345.1	229948	230606	peak_4611	426	.	280.118164	4.395352	-1	395	.	-1	-1	.	.	.	.	-1
ML143345.1	235762	236774	peak_4612	585	.	592.367371	5.992500	-1	810	.	-1	-1	.	.	.	.	-1
ML143345.1	238861	239222	peak_4613	704	.	254.314575	4.395352	-1	150	.	-1	-1	.	.	.	.	-1
ML143345.1	240537	241042	peak_4614	987	.	498.225403	4.395352	-1	331	.	-1	-1	.	.	.	.	-1
ML143345.1	242162	243834	peak_4615	765	.	1278.886230	6.666107	-1	198	.	-1	-1	.	.	.	.	-1
ML143345.1	244727	245240	peak_4616	426	.	218.693405	4.105179	-1	163	.	-1	-1	.	.	.	.	-1
ML143345.1	246831	247279	peak_4617	766	.	343.020325	4.395352	-1	258	.	-1	-1	.	.	.	.	-1
ML143345.1	247932	249018	peak_4618	662	.	719.445618	4.892064	-1	747	.	-1	-1	.	.	.	.	-1
ML143345.1	249144	249372	peak_4619	1000	.	299.346893	4.892064	-1	103	.	-1	-1	.	.	.	.	-1
ML143345.1	250860	251375	peak_4620	530	.	273.114349	3.776148	-1	275	.	-1	-1	.	.	.	.	-1
ML143345.1	252604	253020	peak_4621	504	.	209.488861	3.776148	-1	199	.	-1	-1	.	.	.	.	-1
ML143345.1	254948	256513	peak_4622	645	.	1009.240295	5.309801	-1	393	.	-1	-1	.	.	.	.	-1
ML143353.1	8123	8491	peak_4705	624	.	229.682892	4.105179	-1	34	.	-1	-1	.	.	.	.	-1
ML143354.1	121713	122552	peak_4625	1000	.	852.342285	11.312439	-1	691	.	-1	-1	.	.	.	.	-1
ML143354.1	123592	123657	peak_4626	1000	.	215.557556	6.897870	-1	32	.	-1	-1	.	.	.	.	-1
ML143354.1	124287	124460	peak_4627	1000	.	401.740631	8.237581	-1	85	.	-1	-1	.	.	.	.	-1
ML143354.1	125680	126139	peak_4628	1000	.	792.399658	12.179676	-1	340	.	-1	-1	.	.	.	.	-1
ML143354.1	126323	126717	peak_4629	918	.	361.801849	7.593853	-1	237	.	-1	-1	.	.	.	.	-1
ML143354.1	127103	127177	peak_4630	1000	.	215.152206	6.414886	-1	32	.	-1	-1	.	.	.	.	-1
ML143354.1	128229	128696	peak_4631	900	.	420.260193	7.007426	-1	410	.	-1	-1	.	.	.	.	-1
ML143354.1	129600	130443	peak_4632	562	.	474.081024	5.109050	-1	645	.	-1	-1	.	.	.	.	-1
ML143354.1	130596	130734	peak_4633	1000	.	207.027557	6.414886	-1	103	.	-1	-1	.	.	.	.	-1
ML143354.1	131653	131746	peak_4634	1000	.	258.562958	5.992500	-1	31	.	-1	-1	.	.	.	.	-1
ML143354.1	132467	132874	peak_4635	1000	.	718.116211	13.726079	-1	382	.	-1	-1	.	.	.	.	-1
ML143354.1	133566	133777	peak_4636	1000	.	268.670532	6.666107	-1	91	.	-1	-1	.	.	.	.	-1
ML143354.1	135770	136035	peak_4637	925	.	245.038376	5.109050	-1	49	.	-1	-1	.	.	.	.	-1
ML143354.1	137168	137481	peak_4638	666	.	208.581024	4.655616	-1	280	.	-1	-1	.	.	.	.	-1
ML143354.1	138100	138531	peak_4639	1000	.	887.227600	13.453803	-1	406	.	-1	-1	.	.	.	.	-1
ML143354.1	139188	139406	peak_4640	978	.	213.286026	4.892064	-1	140	.	-1	-1	.	.	.	.	-1
ML143354.1	139634	139776	peak_4641	1000	.	211.141113	6.280785	-1	24	.	-1	-1	.	.	.	.	-1
ML143354.1	140075	140352	peak_4642	1000	.	480.720215	8.712543	-1	31	.	-1	-1	.	.	.	.	-1
ML143354.1	142024	142141	peak_4643	1000	.	492.882172	9.014750	-1	82	.	-1	-1	.	.	.	.	-1
ML143354.1	142786	143091	peak_4644	1000	.	344.828308	9.598328	-1	128	.	-1	-1	.	.	.	.	-1
ML143354.1	143665	144041	peak_4645	965	.	362.962799	5.496779	-1	33	.	-1	-1	.	.	.	.	-1
ML143354.1	145169	145321	peak_4646	1000	.	269.551239	6.414886	-1	33	.	-1	-1	.	.	.	.	-1
ML143354.1	146162	146382	peak_4647	1000	.	436.988190	7.681748	-1	41	.	-1	-1	.	.	.	.	-1
ML143354.1	147436	147710	peak_4648	735	.	201.423355	5.109050	-1	139	.	-1	-1	.	.	.	.	-1
ML143354.1	150400	150450	peak_4649	1000	.	290.475616	9.741835	-1	20	.	-1	-1	.	.	.	.	-1
ML143354.1	152192	152391	peak_4650	1000	.	227.166519	5.109050	-1	17	.	-1	-1	.	.	.	.	-1
ML143354.1	153286	153576	peak_4651	778	.	225.649857	5.671912	-1	78	.	-1	-1	.	.	.	.	-1
ML143354.1	153709	153912	peak_4652	1000	.	218.848083	6.666107	-1	115	.	-1	-1	.	.	.	.	-1
ML143354.1	154151	154689	peak_4653	1000	.	578.154602	8.836688	-1	119	.	-1	-1	.	.	.	.	-1
ML143354.1	156694	156799	peak_4654	1000	.	232.619858	6.280785	-1	59	.	-1	-1	.	.	.	.	-1
ML143354.1	158913	159411	peak_4655	615	.	306.130981	5.109050	-1	31	.	-1	-1	.	.	.	.	-1
ML143354.1	161009	161567	peak_4656	1000	.	590.681763	4.655616	-1	236	.	-1	-1	.	.	.	.	-1
ML143354.1	162347	162677	peak_4657	1000	.	692.875732	12.392111	-1	215	.	-1	-1	.	.	.	.	-1
ML143354.1	162921	163194	peak_4658	1000	.	383.026947	8.897087	-1	59	.	-1	-1	.	.	.	.	-1
ML143354.1	166289	166363	peak_4659	1000	.	205.432434	6.280785	-1	38	.	-1	-1	.	.	.	.	-1
ML143354.1	166581	166833	peak_4660	968	.	243.975372	5.671912	-1	50	.	-1	-1	.	.	.	.	-1
ML143354.1	167083	167204	peak_4661	1000	.	354.268890	7.593853	-1	41	.	-1	-1	.	.	.	.	-1
ML143354.1	167716	167850	peak_4662	1000	.	227.289795	7.007426	-1	29	.	-1	-1	.	.	.	.	-1
ML143354.1	169911	170079	peak_4663	1000	.	330.040070	6.414886	-1	99	.	-1	-1	.	.	.	.	-1
ML143354.1	174149	174348	peak_4664	1000	.	228.936508	5.992500	-1	160	.	-1	-1	.	.	.	.	-1
ML143354.1	174600	174707	peak_4665	1000	.	324.729034	8.237581	-1	27	.	-1	-1	.	.	.	.	-1
ML143354.1	180954	181074	peak_4666	1000	.	296.348633	6.784213	-1	96	.	-1	-1	.	.	.	.	-1
ML143354.1	184576	184789	peak_4667	1000	.	314.380341	5.671912	-1	131	.	-1	-1	.	.	.	.	-1
ML143354.1	194205	194248	peak_4668	1000	.	219.836380	7.767279	-1	25	.	-1	-1	.	.	.	.	-1
ML143354.1	204113	204261	peak_4669	1000	.	269.897736	5.836737	-1	60	.	-1	-1	.	.	.	.	-1
ML143354.1	205829	205887	peak_4670	1000	.	215.001297	7.314430	-1	28	.	-1	-1	.	.	.	.	-1
ML143354.1	210307	210497	peak_4671	1000	.	241.216370	6.140231	-1	30	.	-1	-1	.	.	.	.	-1
ML143354.1	213196	213407	peak_4672	1000	.	228.383102	5.671912	-1	176	.	-1	-1	.	.	.	.	-1
ML143354.1	213656	213947	peak_4673	1000	.	488.091125	7.593853	-1	21	.	-1	-1	.	.	.	.	-1
ML143354.1	216666	216770	peak_4674	1000	.	227.469162	6.414886	-1	38	.	-1	-1	.	.	.	.	-1
ML143354.1	223728	223881	peak_4675	1000	.	219.285553	5.836737	-1	124	.	-1	-1	.	.	.	.	-1
ML143354.1	229118	229213	peak_4676	1000	.	207.373962	6.784213	-1	30	.	-1	-1	.	.	.	.	-1
ML143354.1	234039	234151	peak_4677	1000	.	291.231537	7.767279	-1	77	.	-1	-1	.	.	.	.	-1
ML143354.1	236285	237234	peak_4678	737	.	699.245483	6.784213	-1	862	.	-1	-1	.	.	.	.	-1
ML143354.1	237367	237589	peak_4679	1000	.	663.754639	8.836688	-1	197	.	-1	-1	.	.	.	.	-1
ML143354.1	237888	238134	peak_4680	1000	.	375.042969	9.183957	-1	149	.	-1	-1	.	.	.	.	-1
ML143354.1	238811	238976	peak_4681	1000	.	203.194183	6.666107	-1	28	.	-1	-1	.	.	.	.	-1
ML143354.1	242099	242236	peak_4682	1000	.	288.103851	5.671912	-1	73	.	-1	-1	.	.	.	.	-1
ML143354.1	243651	244784	peak_4683	934	.	1057.906860	6.414886	-1	167	.	-1	-1	.	.	.	.	-1
ML143354.1	244958	245833	peak_4684	921	.	805.802490	7.113194	-1	180	.	-1	-1	.	.	.	.	-1
ML143354.1	246608	246726	peak_4685	1000	.	234.670013	7.410364	-1	21	.	-1	-1	.	.	.	.	-1
ML143354.1	247562	248056	peak_4686	833	.	411.548615	7.410364	-1	115	.	-1	-1	.	.	.	.	-1
ML143354.1	248641	249237	peak_4687	803	.	478.348328	5.309801	-1	441	.	-1	-1	.	.	.	.	-1
ML143354.1	251916	252390	peak_4688	1000	.	949.377014	15.687199	-1	171	.	-1	-1	.	.	.	.	-1
ML143354.1	252517	252805	peak_4689	725	.	208.703583	5.496779	-1	79	.	-1	-1	.	.	.	.	-1
ML143354.1	253464	254244	peak_4690	1000	.	905.020630	7.410364	-1	620	.	-1	-1	.	.	.	.	-1
ML143354.1	254433	254697	peak_4691	1000	.	270.270416	6.414886	-1	63	.	-1	-1	.	.	.	.	-1
ML143354.1	256136	256324	peak_4692	1000	.	205.366272	5.836737	-1	156	.	-1	-1	.	.	.	.	-1
ML143354.1	256876	257268	peak_4693	1000	.	582.768005	8.775187	-1	116	.	-1	-1	.	.	.	.	-1
ML143354.1	257437	257664	peak_4694	1000	.	437.948456	7.113194	-1	176	.	-1	-1	.	.	.	.	-1
ML143354.1	257809	258022	peak_4695	1000	.	215.427551	5.309801	-1	68	.	-1	-1	.	.	.	.	-1
ML143354.1	259286	259557	peak_4696	1000	.	303.586945	5.992500	-1	218	.	-1	-1	.	.	.	.	-1
ML143354.1	260013	260185	peak_4697	1000	.	208.834641	5.671912	-1	29	.	-1	-1	.	.	.	.	-1
ML143354.1	260852	261744	peak_4698	834	.	743.644836	6.666107	-1	870	.	-1	-1	.	.	.	.	-1
ML143354.1	261877	262277	peak_4699	1000	.	750.298706	9.072088	-1	33	.	-1	-1	.	.	.	.	-1
ML143354.1	263207	263659	peak_4700	585	.	264.619659	4.105179	-1	87	.	-1	-1	.	.	.	.	-1
ML143354.1	264555	264689	peak_4701	1000	.	232.808868	5.309801	-1	23	.	-1	-1	.	.	.	.	-1
ML143354.1	264887	264941	peak_4702	1000	.	386.105347	11.027911	-1	22	.	-1	-1	.	.	.	.	-1
ML143354.1	267408	267952	peak_4703	823	.	447.676270	6.280785	-1	104	.	-1	-1	.	.	.	.	-1
ML143354.1	268634	268714	peak_4704	1000	.	234.865692	7.113194	-1	34	.	-1	-1	.	.	.	.	-1
ML143355.1	76005	76552	peak_4401	494	.	270.209930	4.395352	-1	228	.	-1	-1	.	.	.	.	-1
ML143361.1	63498	63965	peak_4541	696	.	325.029175	5.309801	-1	436	.	-1	-1	.	.	.	.	-1
ML143365.1	23388	23807	peak_4508	828	.	347.117859	4.655616	-1	390	.	-1	-1	.	.	.	.	-1
ML143369.1	87027	87324	peak_4559	1000	.	554.662354	8.309755	-1	236	.	-1	-1	.	.	.	.	-1
ML143371.1	3719	4124	peak_4558	580	.	234.716614	4.105179	-1	340	.	-1	-1	.	.	.	.	-1
ML143377.1	432222	434844	peak_4561	1000	.	5754.006836	6.784213	-1	1459	.	-1	-1	.	.	.	.	-1
ML143377.1	434969	438176	peak_4562	968	.	3103.815674	5.671912	-1	1710	.	-1	-1	.	.	.	.	-1
ML143377.1	439613	441931	peak_4563	1000	.	4796.796875	7.503445	-1	1419	.	-1	-1	.	.	.	.	-1
ML143377.1	442361	443297	peak_4564	1000	.	995.560730	5.671912	-1	411	.	-1	-1	.	.	.	.	-1
ML143377.1	443876	444577	peak_4565	1000	.	981.442810	5.671912	-1	497	.	-1	-1	.	.	.	.	-1
ML143377.1	445204	446981	peak_4566	1000	.	3012.694580	5.671912	-1	224	.	-1	-1	.	.	.	.	-1
ML143377.1	447566	449152	peak_4567	1000	.	3260.477783	6.414886	-1	1068	.	-1	-1	.	.	.	.	-1
ML143377.1	449640	450091	peak_4568	1000	.	715.252625	6.280785	-1	335	.	-1	-1	.	.	.	.	-1
ML143377.1	450217	450999	peak_4569	1000	.	813.748718	5.671912	-1	528	.	-1	-1	.	.	.	.	-1
ML143377.1	451100	459466	peak_4570	1000	.	20963.236328	7.314430	-1	3459	.	-1	-1	.	.	.	.	-1
ML143377.1	459660	479038	peak_4571	1000	.	58410.910156	8.088272	-1	11632	.	-1	-1	.	.	.	.	-1
ML143377.1	479214	482809	peak_4572	1000	.	3735.258057	5.836737	-1	2424	.	-1	-1	.	.	.	.	-1
ML143377.1	483954	486016	peak_4573	1000	.	4531.305664	6.666107	-1	1711	.	-1	-1	.	.	.	.	-1
ML143377.1	486629	487667	peak_4574	861	.	893.481567	5.671912	-1	409	.	-1	-1	.	.	.	.	-1
ML143377.1	488157	488813	peak_4575	1000	.	983.484436	5.496779	-1	180	.	-1	-1	.	.	.	.	-1
ML143377.1	489275	491268	peak_4576	1000	.	3401.709717	5.836737	-1	905	.	-1	-1	.	.	.	.	-1
ML143377.1	491809	493420	peak_4577	1000	.	3343.684814	6.543151	-1	962	.	-1	-1	.	.	.	.	-1
ML143377.1	493645	494290	peak_4578	1000	.	1221.799072	6.543151	-1	454	.	-1	-1	.	.	.	.	-1
ML143377.1	494461	495212	peak_4579	756	.	567.482483	5.496779	-1	546	.	-1	-1	.	.	.	.	-1
ML143377.1	495334	519474	peak_4580	1000	.	70445.687500	8.010967	-1	20023	.	-1	-1	.	.	.	.	-1
ML143378.1	135651	136135	peak_4405	1000	.	1041.235352	9.128480	-1	98	.	-1	-1	.	.	.	.	-1
ML143378.1	136694	136823	peak_4406	1000	.	328.924866	6.414886	-1	58	.	-1	-1	.	.	.	.	-1
ML143378.1	137265	137590	peak_4407	1000	.	351.540192	5.992500	-1	292	.	-1	-1	.	.	.	.	-1
ML143378.1	138239	138588	peak_4408	1000	.	432.433807	6.784213	-1	102	.	-1	-1	.	.	.	.	-1
ML143378.1	140202	140939	peak_4409	1000	.	885.025696	5.992500	-1	276	.	-1	-1	.	.	.	.	-1
ML143378.1	141931	142612	peak_4410	1000	.	1866.723022	13.199589	-1	639	.	-1	-1	.	.	.	.	-1
ML143378.1	142726	143719	peak_4411	767	.	761.524719	7.007426	-1	22	.	-1	-1	.	.	.	.	-1
ML143378.1	172433	172552	peak_4412	1000	.	253.412018	8.380379	-1	89	.	-1	-1	.	.	.	.	-1
ML143378.1	173882	174220	peak_4413	1000	.	409.849091	5.671912	-1	195	.	-1	-1	.	.	.	.	-1
ML143378.1	174596	174700	peak_4414	1000	.	293.902618	7.503445	-1	26	.	-1	-1	.	.	.	.	-1
ML143378.1	175164	175550	peak_4415	954	.	368.318390	5.836737	-1	156	.	-1	-1	.	.	.	.	-1
ML143378.1	175864	175981	peak_4416	1000	.	279.089478	8.010967	-1	22	.	-1	-1	.	.	.	.	-1
ML143378.1	177023	177449	peak_4417	702	.	298.983032	4.655616	-1	396	.	-1	-1	.	.	.	.	-1
ML143378.1	177815	178105	peak_4418	1000	.	843.778625	11.903168	-1	218	.	-1	-1	.	.	.	.	-1
ML143378.1	178233	179344	peak_4419	1000	.	2082.193115	10.098244	-1	762	.	-1	-1	.	.	.	.	-1
ML143378.1	181004	181291	peak_4420	1000	.	319.291534	6.897870	-1	114	.	-1	-1	.	.	.	.	-1
ML143378.1	181458	181718	peak_4421	1000	.	334.352234	7.314430	-1	104	.	-1	-1	.	.	.	.	-1
ML143378.1	182383	182585	peak_4422	1000	.	238.050705	5.496779	-1	26	.	-1	-1	.	.	.	.	-1
ML143378.1	183285	183467	peak_4423	1000	.	260.891266	5.496779	-1	96	.	-1	-1	.	.	.	.	-1
ML143378.1	187637	187888	peak_4424	1000	.	306.252930	5.992500	-1	24	.	-1	-1	.	.	.	.	-1
ML143378.1	188508	188900	peak_4425	705	.	276.203186	5.992500	-1	228	.	-1	-1	.	.	.	.	-1
ML143378.1	190261	190536	peak_4426	1000	.	310.058441	6.140231	-1	173	.	-1	-1	.	.	.	.	-1
ML143378.1	190808	191145	peak_4427	1000	.	339.319458	5.671912	-1	224	.	-1	-1	.	.	.	.	-1
ML143378.1	192316	192355	peak_4428	1000	.	200.996582	7.503445	-1	5	.	-1	-1	.	.	.	.	-1
ML143378.1	192969	193153	peak_4429	1000	.	202.566223	6.140231	-1	155	.	-1	-1	.	.	.	.	-1
ML143378.1	193545	193769	peak_4430	1000	.	381.303528	6.666107	-1	145	.	-1	-1	.	.	.	.	-1
ML143378.1	194509	194761	peak_4431	898	.	226.277451	5.836737	-1	22	.	-1	-1	.	.	.	.	-1
ML143378.1	196743	197153	peak_4432	589	.	241.461792	5.671912	-1	385	.	-1	-1	.	.	.	.	-1
ML143378.1	204487	204757	peak_4433	971	.	262.195374	7.681748	-1	153	.	-1	-1	.	.	.	.	-1
ML143378.1	205189	205250	peak_4434	1000	.	302.174988	8.836688	-1	29	.	-1	-1	.	.	.	.	-1
ML143378.1	207503	207797	peak_4435	1000	.	317.324432	5.496779	-1	189	.	-1	-1	.	.	.	.	-1
ML143378.1	207901	208195	peak_4436	751	.	220.924637	4.655616	-1	276	.	-1	-1	.	.	.	.	-1
ML143378.1	209077	209318	peak_4437	868	.	209.200378	4.655616	-1	68	.	-1	-1	.	.	.	.	-1
ML143378.1	211687	211936	peak_4438	1000	.	428.572876	7.410364	-1	31	.	-1	-1	.	.	.	.	-1
ML143378.1	213251	213486	peak_4439	1000	.	235.358704	5.671912	-1	134	.	-1	-1	.	.	.	.	-1
ML143378.1	213597	214230	peak_4440	693	.	438.741699	6.140231	-1	144	.	-1	-1	.	.	.	.	-1
ML143378.1	215705	215748	peak_4441	1000	.	209.942535	7.593853	-1	29	.	-1	-1	.	.	.	.	-1
ML143378.1	216256	217230	peak_4442	945	.	920.149292	7.681748	-1	496	.	-1	-1	.	.	.	.	-1
ML143378.1	218117	218456	peak_4443	1000	.	376.362793	5.496779	-1	299	.	-1	-1	.	.	.	.	-1
ML143378.1	223680	223931	peak_4444	1000	.	252.473892	5.309801	-1	228	.	-1	-1	.	.	.	.	-1
ML143378.1	225573	225626	peak_4445	1000	.	250.139954	8.237581	-1	24	.	-1	-1	.	.	.	.	-1
ML143378.1	225842	226423	peak_4446	1000	.	717.426331	6.784213	-1	114	.	-1	-1	.	.	.	.	-1
ML143378.1	226720	227086	peak_4447	951	.	347.970428	4.655616	-1	229	.	-1	-1	.	.	.	.	-1
ML143378.1	227250	227560	peak_4448	806	.	249.772003	4.655616	-1	156	.	-1	-1	.	.	.	.	-1
ML143378.1	227861	228078	peak_4449	1000	.	225.294113	5.836737	-1	87	.	-1	-1	.	.	.	.	-1
ML143378.1	276082	276243	peak_4450	1000	.	287.456879	7.503445	-1	113	.	-1	-1	.	.	.	.	-1
ML143378.1	277013	277277	peak_4451	967	.	255.334473	6.543151	-1	65	.	-1	-1	.	.	.	.	-1
ML143378.1	277412	278378	peak_4452	1000	.	2120.726807	9.968745	-1	343	.	-1	-1	.	.	.	.	-1
ML143378.1	278591	279040	peak_4453	1000	.	629.199402	7.767279	-1	32	.	-1	-1	.	.	.	.	-1
ML143378.1	280355	280635	peak_4454	895	.	250.621262	4.655616	-1	176	.	-1	-1	.	.	.	.	-1
ML143378.1	281007	281091	peak_4455	1000	.	321.525604	7.767279	-1	52	.	-1	-1	.	.	.	.	-1
ML143378.1	282138	282635	peak_4456	1000	.	735.070984	6.666107	-1	20	.	-1	-1	.	.	.	.	-1
ML143378.1	283380	283819	peak_4457	1000	.	707.347473	8.010967	-1	223	.	-1	-1	.	.	.	.	-1
ML143378.1	284027	284312	peak_4458	1000	.	428.674255	6.280785	-1	65	.	-1	-1	.	.	.	.	-1
ML143378.1	284856	285045	peak_4459	1000	.	342.511536	6.897870	-1	24	.	-1	-1	.	.	.	.	-1
ML143378.1	285302	286061	peak_4460	1000	.	970.573242	8.163781	-1	232	.	-1	-1	.	.	.	.	-1
ML143378.1	286281	287054	peak_4461	1000	.	1308.606689	10.994914	-1	188	.	-1	-1	.	.	.	.	-1
ML143378.1	287460	287693	peak_4462	1000	.	762.667297	13.328695	-1	45	.	-1	-1	.	.	.	.	-1
ML143378.1	289182	289257	peak_4463	1000	.	278.529816	8.010967	-1	44	.	-1	-1	.	.	.	.	-1
ML143378.1	289850	290096	peak_4464	934	.	229.764145	4.395352	-1	90	.	-1	-1	.	.	.	.	-1
ML143378.1	293451	293609	peak_4465	1000	.	200.005310	5.671912	-1	97	.	-1	-1	.	.	.	.	-1
ML143378.1	294366	294589	peak_4466	1000	.	274.210144	5.496779	-1	20	.	-1	-1	.	.	.	.	-1
ML143378.1	299193	299303	peak_4467	1000	.	264.955750	8.088272	-1	77	.	-1	-1	.	.	.	.	-1
ML143378.1	302703	303011	peak_4468	1000	.	405.367188	7.113194	-1	45	.	-1	-1	.	.	.	.	-1
ML143378.1	305292	305651	peak_4469	954	.	342.330353	5.109050	-1	302	.	-1	-1	.	.	.	.	-1
ML143378.1	307224	307442	peak_4470	1000	.	323.494568	4.892064	-1	66	.	-1	-1	.	.	.	.	-1
ML143378.1	307793	307885	peak_4471	1000	.	211.693649	6.280785	-1	57	.	-1	-1	.	.	.	.	-1
ML143378.1	308638	308755	peak_4472	1000	.	303.456238	7.314430	-1	26	.	-1	-1	.	.	.	.	-1
ML143378.1	310959	311162	peak_4473	1000	.	257.173431	5.109050	-1	196	.	-1	-1	.	.	.	.	-1
ML143378.1	314221	314490	peak_4474	1000	.	287.789032	5.496779	-1	117	.	-1	-1	.	.	.	.	-1
ML143378.1	315382	315788	peak_4475	1000	.	515.712402	6.280785	-1	113	.	-1	-1	.	.	.	.	-1
ML143378.1	316185	316301	peak_4476	1000	.	387.591980	8.648705	-1	49	.	-1	-1	.	.	.	.	-1
ML143378.1	318314	318964	peak_4477	881	.	572.756104	7.503445	-1	567	.	-1	-1	.	.	.	.	-1
ML143378.1	319081	319324	peak_4478	1000	.	336.589081	5.496779	-1	191	.	-1	-1	.	.	.	.	-1
ML143378.1	320984	321311	peak_4479	1000	.	569.294189	10.098244	-1	30	.	-1	-1	.	.	.	.	-1
ML143378.1	321666	321940	peak_4480	822	.	225.229019	5.836737	-1	100	.	-1	-1	.	.	.	.	-1
ML143378.1	322462	322964	peak_4481	1000	.	580.289185	7.007426	-1	377	.	-1	-1	.	.	.	.	-1
ML143378.1	323127	323359	peak_4482	1000	.	426.589600	6.140231	-1	29	.	-1	-1	.	.	.	.	-1
ML143378.1	323885	323952	peak_4483	1000	.	220.962219	7.113194	-1	34	.	-1	-1	.	.	.	.	-1
ML143378.1	324421	324527	peak_4484	1000	.	272.685028	6.414886	-1	33	.	-1	-1	.	.	.	.	-1
ML143378.1	324661	324917	peak_4485	1000	.	1026.520630	13.626094	-1	205	.	-1	-1	.	.	.	.	-1
ML143378.1	325503	325802	peak_4486	1000	.	513.371399	8.088272	-1	208	.	-1	-1	.	.	.	.	-1
ML143378.1	326580	326973	peak_4487	1000	.	827.875061	10.928026	-1	149	.	-1	-1	.	.	.	.	-1
ML143378.1	329665	329876	peak_4488	1000	.	414.592407	8.583626	-1	179	.	-1	-1	.	.	.	.	-1
ML143378.1	330652	330810	peak_4489	1000	.	210.915787	5.671912	-1	128	.	-1	-1	.	.	.	.	-1
ML143378.1	331612	332078	peak_4490	1000	.	712.050842	7.503445	-1	229	.	-1	-1	.	.	.	.	-1
ML143378.1	333503	333748	peak_4491	1000	.	311.225922	9.072088	-1	26	.	-1	-1	.	.	.	.	-1
ML143378.1	334199	334272	peak_4492	1000	.	208.991547	6.666107	-1	33	.	-1	-1	.	.	.	.	-1
ML143378.1	335783	336176	peak_4493	771	.	302.973877	5.109050	-1	88	.	-1	-1	.	.	.	.	-1
ML143378.1	336586	336963	peak_4494	678	.	255.655991	5.309801	-1	358	.	-1	-1	.	.	.	.	-1
ML143378.1	337139	337613	peak_4495	569	.	269.570251	5.109050	-1	23	.	-1	-1	.	.	.	.	-1
ML143378.1	340234	340794	peak_4496	1000	.	569.589111	5.109050	-1	387	.	-1	-1	.	.	.	.	-1
ML143378.1	341083	341872	peak_4497	856	.	675.565002	5.671912	-1	451	.	-1	-1	.	.	.	.	-1
ML143378.1	342053	342322	peak_4498	1000	.	370.254608	5.671912	-1	103	.	-1	-1	.	.	.	.	-1
ML143378.1	343029	343308	peak_4499	1000	.	420.210510	5.992500	-1	24	.	-1	-1	.	.	.	.	-1
ML143378.1	343478	344119	peak_4500	644	.	413.040558	6.140231	-1	70	.	-1	-1	.	.	.	.	-1
ML143378.1	344344	344521	peak_4501	1000	.	239.901337	5.496779	-1	142	.	-1	-1	.	.	.	.	-1
ML143378.1	346453	346773	peak_4502	703	.	225.036865	4.395352	-1	139	.	-1	-1	.	.	.	.	-1
ML143378.1	348624	348955	peak_4503	1000	.	466.345123	6.784213	-1	220	.	-1	-1	.	.	.	.	-1
ML143378.1	349761	350069	peak_4504	1000	.	449.739288	9.834352	-1	200	.	-1	-1	.	.	.	.	-1
ML143378.1	352222	352479	peak_4505	1000	.	327.999512	6.414886	-1	214	.	-1	-1	.	.	.	.	-1
ML143378.1	352836	353308	peak_4506	1000	.	677.729065	9.014750	-1	161	.	-1	-1	.	.	.	.	-1
ML143378.1	353682	353786	peak_4507	1000	.	304.359741	7.007426	-1	33	.	-1	-1	.	.	.	.	-1
ML143379.1	3271	4011	peak_4624	473	.	350.347229	5.109050	-1	325	.	-1	-1	.	.	.	.	-1
ML143380.1	78807	80202	peak_4560	1000	.	17518.562500	21.052128	-1	344	.	-1	-1	.	.	.	.	-1
MU273333.1	349923	350573	peak_4402	1000	.	681.830078	4.655616	-1	156	.	-1	-1	.	.	.	.	-1
MU273333.1	858079	858627	peak_4403	824	.	451.682312	4.395352	-1	265	.	-1	-1	.	.	.	.	-1
MU273333.1	1277083	1277452	peak_4404	1000	.	374.970398	4.892064	-1	39	.	-1	-1	.	.	.	.	-1
MU273352.1	32529	33143	peak_4397	1000	.	656.858337	7.503445	-1	121	.	-1	-1	.	.	.	.	-1
MU273352.1	33339	34181	peak_4398	1000	.	2701.816406	8.897087	-1	175	.	-1	-1	.	.	.	.	-1
MU273352.1	34289	34380	peak_4399	1000	.	228.260254	5.309801	-1	69	.	-1	-1	.	.	.	.	-1
MU273357.1	67307	67643	peak_4755	614	.	206.255737	3.776148	-1	125	.	-1	-1	.	.	.	.	-1
MU273357.1	78930	79405	peak_4756	755	.	358.391296	4.655616	-1	321	.	-1	-1	.	.	.	.	-1
MU273357.1	83493	84587	peak_4757	700	.	765.833374	5.109050	-1	745	.	-1	-1	.	.	.	.	-1
MU273357.1	99665	100581	peak_4758	782	.	716.531860	4.892064	-1	498	.	-1	-1	.	.	.	.	-1
MU273357.1	102744	103007	peak_4759	800	.	210.332550	4.105179	-1	101	.	-1	-1	.	.	.	.	-1
MU273357.1	114866	115203	peak_4760	753	.	253.700592	4.395352	-1	235	.	-1	-1	.	.	.	.	-1
MU273360.1	36997	39279	peak_4400	1000	.	7985.502441	8.836688	-1	1900	.	-1	-1	.	.	.	.	-1
MU273381.1	144431	144634	peak_4542	1000	.	244.080383	5.309801	-1	59	.	-1	-1	.	.	.	.	-1
