Gene,Gene_Type,Gene_group,enrichment_intergenic_dbsnp,PhyloP100_median,ENCODE_max,functional_probability,LD1,LD2,Match_Group
RNU1-1,Functional,RNU1,3.388710510932828,0.328999996185303,3848.22,0.94,-2.80608728412914,-3.837444220726234,True Functional
RNU1-100P,Pseudogene,RNU1,0.8841453787615648,0.305000007152557,1.55,0.01,-0.20466377063793498,-0.4145729362050396,True Pseudogene
RNU1-101P,Pseudogene,RNU1,1.2033924727800829,0.437000006437302,0,0,-0.7374024715910639,0.16823193963156882,True Pseudogene
RNU1-103P,Pseudogene,RNU1,1.6116707189996529,0.30799999833107,1.58,0,-0.988317446645804,-0.14079543439549314,True Pseudogene
RNU1-104P,Pseudogene,RNU1,1.4092194710464945,-0.23199999332428,1.04,0,0.5261096554443874,-0.5239012548365561,True Pseudogene
RNU1-105P,Pseudogene,RNU1,1.4238898513329552,-0.133000001311302,0,0,0.29122972216209647,-0.4405400341718644,True Pseudogene
RNU1-107P,Pseudogene,RNU1,0.0225547290500399,-0.368000000715256,0,0.39,2.021404969794439,-0.07389028081011814,True Pseudogene
RNU1-108P,Pseudogene,RNU1,2.416297929534712,0.449000000953674,3.46,0.63,-1.717978609095068,-0.16522421208333643,False Pseudogene
RNU1-109P,Pseudogene,RNU1,1.4649833535359265,-0.0920000001788139,2.47,0,0.1639061809821985,-0.4204848447275078,True Pseudogene
RNU1-112P,Pseudogene,RNU1,1.1648692381331596,0.146999999880791,0,0,-0.11520164820336858,-0.08062651320695985,True Pseudogene
RNU1-114P,Pseudogene,RNU1,2.050578137489172,-0.0525000002235174,0,0.28,-0.4272962570971071,-0.6267230129210567,True Pseudogene
RNU1-115P,Pseudogene,RNU1,0.6512678013199028,0.252000004053116,0,0,0.08976692041652291,0.22639038865439984,True Pseudogene
RNU1-117P,Pseudogene,RNU1,1.1211698858165415,0.30799999833107,0,0,-0.4392061389897682,0.08284860521003941,True Pseudogene
RNU1-119P,Pseudogene,RNU1,1.3262180681423474,0.300000011920929,0.47,0,-0.597199372659494,-0.009086026905860205,True Pseudogene
RNU1-11P,Pseudogene,RNU1,1.5672786113064328,-0.102000001817942,0.58,0.01,0.007239301029671636,-0.4725351475856322,True Pseudogene
RNU1-123P,Pseudogene,RNU1,1.128864188954498,-0.211499996483326,0.12,0,0.7206584376291035,-0.3895653263174813,True Pseudogene
RNU1-124P,Pseudogene,RNU1,1.4851900204812496,0.204999998211861,1.32,0,-0.5203068696994813,-0.16056837023589632,True Pseudogene
RNU1-125P,Pseudogene,RNU1,1.4539932308537364,-0.0579999983310699,205.51,0.04,0.0969628594921171,-0.3853564838035384,True Pseudogene
RNU1-128P,Pseudogene,RNU1,0,-0.0200000004842877,0,0.39,1.2593725386242431,0.24975630495147524,True Pseudogene
RNU1-129P,Pseudogene,RNU1,1.0399485849419603,-0.152999997138977,1.38,0,0.6656046788988536,-0.299993973856439,True Pseudogene
RNU1-130P,Pseudogene,RNU1,0.8466481417158735,0.30799999833107,0,0,-0.20363339878974224,0.19625756211968365,True Pseudogene
RNU1-131P,Pseudogene,RNU1,1.4023157626763951,-0.196999996900558,0,0,0.4534462561880234,-0.4894350710121843,True Pseudogene
RNU1-132P,Pseudogene,RNU1,0.8048187463465466,0.305000007152557,0.16,0,-0.16100268560952766,0.21082807842834786,True Pseudogene
RNU1-133P,Pseudogene,RNU1,0.7695619528570508,0.26800000667572,0,0,-0.04766956758290097,0.19197324613970923,True Pseudogene
RNU1-134P,Pseudogene,RNU1,1.2841159072489396,0.194999992847443,2.63,0,-0.345251967867194,0.12440438316206334,True Pseudogene
RNU1-136P,Pseudogene,RNU1,1.355484204373131,0.212999999523163,0,0,-0.534181467908009,-0.01298100847122423,True Pseudogene
RNU1-138P,Pseudogene,RNU1,0.6777421021865655,0.266999989748001,0,0.02,-0.10041362047023682,0.16886799088709362,True Pseudogene
RNU1-139P,Pseudogene,RNU1,1.3893713094824591,0.238000005483627,0,0,-0.512179731261213,-0.09117640506226538,True Pseudogene
RNU1-140P,Pseudogene,RNU1,1.2630648268022358,-0.101999998092651,0,0,0.3596306449863365,-0.34610029337084625,True Pseudogene
RNU1-141P,Pseudogene,RNU1,0.8133977602982752,0.30799999833107,0.05,0,3.464756284060281e-4,0.27846036934940843,True Pseudogene
RNU1-142P,Pseudogene,RNU1,0.6707309769915321,-0.003000000026077,0,0,0.6456333175281576,-0.011977346747220384,True Pseudogene
RNU1-143P,Pseudogene,RNU1,0.9754147891914526,-0.149999998509884,1.44,0,0.7142463508418607,-0.27062442224182665,True Pseudogene
RNU1-146P,Pseudogene,RNU1,1.1999115854621238,0.214000001549721,0.6,0,-0.29571177450155217,-0.03458603497210409,True Pseudogene
RNU1-148P,Pseudogene,RNU1,1.3507776619968357,-0.0219999998807907,0.38,0,0.1906067214350978,-0.3307871908393255,True Pseudogene
RNU1-149P,Pseudogene,RNU1,1.121852610141116,0.282999992370605,0.33,0,-0.2007181866051601,0.17128570097290283,True Pseudogene
RNU1-14P,Pseudogene,RNU1,1.5539021224474874,0.305000007152557,0,0.01,-0.9228951097608316,-0.19191721900672662,True Pseudogene
RNU1-150P,Pseudogene,RNU1,1.0077230176801788,-0.197999998927116,0,0,0.7942997552125762,-0.3273262692065323,True Pseudogene
RNU1-151P,Pseudogene,RNU1,1.5838832928100035,-0.034000001847744,0.29,0,-0.06835513580719847,-0.41721469366863695,True Pseudogene
RNU1-15P,Pseudogene,RNU1,1.2784145729612908,-0.133000001311302,0,0,0.41606504283821616,-0.3804420640445121,True Pseudogene
RNU1-16P,Pseudogene,RNU1,1.1225103567464991,0.306500002741814,4.48,0,-0.4369890871464339,0.08093728062636986,True Pseudogene
RNU1-17P,Pseudogene,RNU1,1.2339810972377103,-0.0469999983906746,0,0,0.2610929019776978,-0.2844069610722607,True Pseudogene
RNU1-18P,Pseudogene,RNU1,1.080151475359839,0.214000001549721,1.14,0,-0.19294325168071486,0.014888297388472456,True Pseudogene
RNU1-19P,Pseudogene,RNU1,1.5156777921626827,-0.0240000002086162,0.75,0,-0.03228032461216839,-0.380005837106418,True Pseudogene
RNU1-2,Functional,RNU1,3.367531070239497,0.284000009298325,3848.22,0.99,-2.4694772998935273,-1.2413531743374537,True Functional
RNU1-20P,Pseudogene,RNU1,1.0077230176801788,-0.20099999755621,0,0,0.8010358478787113,-0.33003599983323173,True Pseudogene
RNU1-21P,Pseudogene,RNU1,1.3424906824753824,0.246999993920326,0.15,0,-0.4921587882331136,-0.06368023585243274,True Pseudogene
RNU1-22P,Pseudogene,RNU1,1.494893181088722,-0.028999999165535,0,0.01,-0.15912723764716336,-0.748139909057093,True Pseudogene
RNU1-23P,Pseudogene,RNU1,1.399019721353865,0.30799999833107,0,0,-0.6776347827246403,-0.031935235061094094,True Pseudogene
RNU1-24P,Pseudogene,RNU1,1.4314734703758671,-0.123999997973442,0,0,0.2645137683620075,-0.4355437397627049,True Pseudogene
RNU1-27P,Pseudogene,RNU1,0,0.898999989032745,6836.16,1,-0.8051870465306615,1.0757259625205415,False Pseudogene
RNU1-28P,Pseudogene,RNU1,0,1.32599997520447,6836.16,1,-1.7639579764226516,1.461411118809821,False Pseudogene
RNU1-29P,Pseudogene,RNU1,1.2680769888133556,0.211999997496605,1.59,0,-0.3497153206800833,-0.06455324937936777,True Pseudogene
RNU1-3,Functional,RNU1,0,0.446000009775162,3848.22,0.77,0.26975386852268574,0.4989039093536126,True Functional
RNU1-30P,Pseudogene,RNU1,0.6392812773692297,-0.233999997377396,0.86,0,1.1913001818289837,-0.20763488323483534,True Pseudogene
RNU1-31P,Pseudogene,RNU1,0.9275632321828916,-0.19200000166893,0.72,0,0.849614213643639,-0.28879205847683276,True Pseudogene
RNU1-32P,Pseudogene,RNU1,1.0704275812050392,-0.0219999998807907,0,0.01,0.34530740139405763,-0.19425950841585723,True Pseudogene
RNU1-33P,Pseudogene,RNU1,0.8361956955218505,-0.114000000059605,0.44,0,0.8251796169192602,-0.021836214920009332,True Pseudogene
RNU1-34P,Pseudogene,RNU1,1.1725585892129031,-0.29899999499321,4.09,0,0.8796322115016616,-0.48665235603846224,True Pseudogene
RNU1-35P,Pseudogene,RNU1,1.1805115701484947,-0.17399999499321,0,0,0.5921375789372066,-0.3770298947961601,True Pseudogene
RNU1-36P,Pseudogene,RNU1,1.094656183228604,0.296000003814697,0.44,0,-0.3895098850289896,0.0829626172939228,True Pseudogene
RNU1-38P,Pseudogene,RNU1,0.9407201574620816,0.305000007152557,0,0,-0.3911616696696892,0.04887555478728327,True Pseudogene
RNU1-39P,Pseudogene,RNU1,1.1367583441220122,-0.13400000333786,5,0,0.5398677467324463,-0.3228280522416603,True Pseudogene
RNU1-4,Functional,RNU1,0.0211794406933301,0.266000002622604,4585.69,0.72,0.7400646089543861,0.3562655502824426,True Functional
RNU1-40P,Pseudogene,RNU1,0,-0.116500001400709,0,0.39,1.4760502871242307,0.16259326246744696,True Pseudogene
RNU1-41P,Pseudogene,RNU1,0,0.005499999737367,0.41,0.36,1.202115660189608,0.2727887794142083,True Pseudogene
RNU1-42P,Pseudogene,RNU1,1.5630427231677666,0.266999989748001,0,0,-0.5480131380433017,0.05419120133699335,True Pseudogene
RNU1-43P,Pseudogene,RNU1,1.473575631269275,-0.0549999997019768,0,0,0.07345484217009236,-0.3906129283023215,True Pseudogene
RNU1-44P,Pseudogene,RNU1,0.8736844124046139,-0.208000004291534,0,0,0.9317746966171575,-0.2809854007892618,True Pseudogene
RNU1-45P,Pseudogene,RNU1,1.330249126100227,0.266999989748001,0,0,-0.52656132972093606,-0.04055810390878685,True Pseudogene
RNU1-46P,Pseudogene,RNU1,1.1436897974398292,0.0255000004544854,0,0,0.17578474069114064,-0.18162111578389542,True Pseudogene
RNU1-47P,Pseudogene,RNU1,1.36380005838769,0.282999992370605,0.43,0.01,-0.7288513048453139,-0.1432603261367611,True Pseudogene
RNU1-48P,Pseudogene,RNU1,0.042881830539582,-0.0410000011324883,0.41,0.36,1.2697273677082939,0.2130728218885525,True Pseudogene
RNU1-49P,Pseudogene,RNU1,1.2451912679323929,-0.0780000016093254,0,0,0.32107955445553266,-0.31703861243642967,True Pseudogene
RNU1-51P,Pseudogene,RNU1,1.48015409390887,0.305000007152557,1.08,0,-0.7077271170049855,-0.35498529397674417,True Pseudogene
RNU1-52P,Pseudogene,RNU1,1.1225103567464991,0.622500002384186,0,0.5,-1.1465238042236725,0.3663650645223622,False Pseudogene
RNU1-54P,Pseudogene,RNU1,0.9551927752691908,0.309499993920326,0,0,-0.3001458135139369,0.1527710447095186,True Pseudogene
RNU1-55P,Pseudogene,RNU1,1.165137332319151,0.30799999833107,0.05,0,-0.1946871419826425,-0.2621799544009285,True Pseudogene
RNU1-56P,Pseudogene,RNU1,0.7836393056532164,0.0279999997001141,0.57,0,0.38607246753320096,0.02422888519076681,True Pseudogene
RNU1-57P,Pseudogene,RNU1,1.0043648020355127,0.319000005722046,0.37,0,-0.3636723926174557,0.14103796530254628,True Pseudogene
RNU1-58P,Pseudogene,RNU1,1.2572531788261518,0.30799999833107,0.12,0,-0.5559820231218403,0.026630529747380102,True Pseudogene
RNU1-5P,Pseudogene,RNU1,1.3748986916753505,0.30799999833107,0.69,0.01,-0.6569361402272816,-0.02197089908484219,True Pseudogene
RNU1-61P,Pseudogene,RNU1,2.461303478718926,0.397000014781952,0.15,0.76,-1.7890398342697356,-0.3903915914114905,False Pseudogene
RNU1-62P,Pseudogene,RNU1,1.1436897974398292,0.284000009298325,0,0,-0.4163893677305207,-0.03629745805942272,True Pseudogene
RNU1-63P,Pseudogene,RNU1,1.016613153279848,-0.131500001996756,0,0,0.6373541653740721,-0.27093319431594726,True Pseudogene
RNU1-64P,Pseudogene,RNU1,1.3211813065630749,0.430000007152557,0.13,0.01,-0.8847746426058567,0.11041664747055853,True Pseudogene
RNU1-65P,Pseudogene,RNU1,1.5020230372783343,-0.142000004649162,0,0,0.24439032719215042,-0.4809471973090935,True Pseudogene
RNU1-67P,Pseudogene,RNU1,0.8048187463465466,0.214000001549721,10.7,0,0.2748432024042476,0.4641047159009498,True Pseudogene
RNU1-68P,Pseudogene,RNU1,1.2133208353357092,-0.0645000003278255,1.44,0,0.3181155675679144,-0.29167954103912536,True Pseudogene
RNU1-6P,Pseudogene,RNU1,1.0613253058546563,0.296999990940094,0.69,0,-0.14182915085154274,0.13168640374489954,True Pseudogene
RNU1-70P,Pseudogene,RNU1,1.0589720346665086,-0.129000000655651,3.78,0,0.5953911331021473,-0.2861764315251116,True Pseudogene
RNU1-72P,Pseudogene,RNU1,0.9534901143507074,-0.217999994754791,7.42,0,0.885744257457994,-0.3229911998024016,True Pseudogene
RNU1-73P,Pseudogene,RNU1,0.995433712586518,0.284000009298325,1.98,0,-0.2774209176435515,0.11311302577174819,True Pseudogene
RNU1-74P,Pseudogene,RNU1,0.7312480576223469,-0.109999999403954,0.19,0,0.6404048498650391,-0.36918030072180574,True Pseudogene
RNU1-75P,Pseudogene,RNU1,1.103957823425985,-0.17399999499321,0.16,0,0.6578298944181665,-0.34540451599598687,True Pseudogene
RNU1-76P,Pseudogene,RNU1,1.2015003462505542,-0.180999994277954,0,0,0.5898442347273276,-0.39202337293310807,True Pseudogene
RNU1-77P,Pseudogene,RNU1,1.3078958314572533,0.300999999046326,0.48,0,-0.4661548705055375,-0.1680877527579824,True Pseudogene
RNU1-78P,Pseudogene,RNU1,1.3051669876956435,0.305000007152557,0,0,-0.7000251571548953,-0.05871396738700363,True Pseudogene
RNU1-7P,Pseudogene,RNU1,1.5037402892264422,0.214000001549721,0,0,-0.48211497349812454,-0.10421100655451897,True Pseudogene
RNU1-80P,Pseudogene,RNU1,1.4670380286460751,0.30799999833107,0,0,-0.4963699535600315,0.16183201094998073,True Pseudogene
RNU1-82P,Pseudogene,RNU1,1.4946267117159788,-0.130999997258186,0.08,0,0.2260382190528037,-0.46795602472529896,True Pseudogene
RNU1-83P,Pseudogene,RNU1,1.3131253229864706,-0.250999987125397,2.76,0,0.6512316720319865,-0.501366017575558,True Pseudogene
RNU1-84P,Pseudogene,RNU1,1.080151475359839,0.0649999976158142,0,0,0.4758466209423856,0.0743340166690646,True Pseudogene
RNU1-86P,Pseudogene,RNU1,0.0451094581000798,-0.295000001788139,0,0.39,1.8381386334021612,-0.0172711622825044,True Pseudogene
RNU1-88P,Pseudogene,RNU1,1.13971865230983,0.282999992370605,0,0,-0.3989890714442246,0.05260473359284272,True Pseudogene
RNU1-89P,Pseudogene,RNU1,1.842611340319725,0.146999999880791,1.18,0.01,-0.6967862339224467,-0.36061242085081247,True Pseudogene
RNU1-8P,Pseudogene,RNU1,0.7578388960813414,-0.0469999983906746,0,0,0.8399765412815003,0.014231663047180492,True Pseudogene
RNU1-91P,Pseudogene,RNU1,1.150706299264613,-0.229000002145767,3.22,0,0.7412086945194035,-0.4143972610717742,True Pseudogene
RNU1-93P,Pseudogene,RNU1,0.6576905607017558,-0.0790000036358833,1.08,0,0.8274711643455338,-0.07523735300139994,True Pseudogene
RNU1-94P,Pseudogene,RNU1,1.1444243445158986,0.263999998569489,0.7,0,-0.36036530612085643,0.03349869260584119,True Pseudogene
RNU1-95P,Pseudogene,RNU1,0,0.0090000003110617,0,0.39,1.1942569446433018,0.27595038036450203,True Pseudogene
RNU1-96P,Pseudogene,RNU1,0.8147547802520594,0.214000001549721,0,0,0.03479927504334513,0.12452824842768666,True Pseudogene
RNU1-97P,Pseudogene,RNU1,0,-0.0500000007450581,0,0.39,1.3267334966529658,0.22265898606631648,True Pseudogene
RNU1-98P,Pseudogene,RNU1,1.2808266759291422,-0.240000002086163,0,0,0.6542492510864516,-0.478085643024903,True Pseudogene
RNU2-1,Functional,RNU2,2.235557559140659,0.808000028133392,5154.1,0.97,-2.581059323391598,-1.062104896822575,True Functional
RNU2-10P,Pseudogene,RNU2,1.3334013752142089,0.119000002741814,0,0,-0.1969523118075148,-0.17554043783051435,True Pseudogene
RNU2-12P,Pseudogene,RNU2,1.0130832464976265,0.186000004410744,0,0,-0.07252022986400013,0.017305023419368362,True Pseudogene
RNU2-13P,Pseudogene,RNU2,0.7684575826783514,-0.127000004053116,0.44,0,0.7105562605153143,-0.026973011901184923,True Pseudogene
RNU2-14P,Pseudogene,RNU2,1.1638712540167198,0.238000005483627,0,0,-0.1946454234482552,-0.26334988701053924,True Pseudogene
RNU2-15P,Pseudogene,RNU2,0.9820163705766074,0.44200000166893,0.4,0.01,-0.6206746662303014,0.26136941472010433,True Pseudogene
RNU2-16P,Pseudogene,RNU2,1.123756206199048,0.284500002861023,0,0,-0.27726293929196205,0.18277854921801084,True Pseudogene
RNU2-17P,Pseudogene,RNU2,1.078590884992962,0.421000003814697,0.29,0,-0.6563945556050036,0.20250501209755245,True Pseudogene
RNU2-18P,Pseudogene,RNU2,1.3722185772666264,-0.153499998152256,0.78,0,0.592405905693106,0.07389493244100927,True Pseudogene
RNU2-19P,Pseudogene,RNU2,0.7856563952430573,-0.300999999046326,0,0,1.2161323002621902,-0.32862141950672896,True Pseudogene
RNU2-20P,Pseudogene,RNU2,1.0547583239526523,-0.104999996721745,0,0,0.5451188209838608,-0.262755553947974,True Pseudogene
RNU2-21P,Pseudogene,RNU2,0.6836002453570611,0.127500001341105,0,0,0.3415697663935325,0.10057950719139543,True Pseudogene
RNU2-22P,Pseudogene,RNU2,0.6553638252275752,0.30799999833107,1.25,0,0.19866148471258244,0.15488980142497594,True Pseudogene
RNU2-23P,Pseudogene,RNU2,1.0865596138260258,0.214000001549721,0.39,0,-0.19844208948143216,0.01224145252497867,True Pseudogene
RNU2-24P,Pseudogene,RNU2,1.457382492464118,0.398999989032745,0,0,-0.6632711955577498,0.3752225958632787,True Pseudogene
RNU2-25P,Pseudogene,RNU2,1.4184680908328773,-0.0280000008642673,10.54,0,0.06011724591342555,-0.3434659489085151,True Pseudogene
RNU2-26P,Pseudogene,RNU2,0.9638308822325962,0.305000007152557,0,0,-0.1628810749072389,-0.09867805364487443,True Pseudogene
RNU2-27P,Pseudogene,RNU2,1.2230381245444182,-0.0794999990612268,1.38,0,0.34345744761535074,-0.309242517758799,True Pseudogene
RNU2-28P,Pseudogene,RNU2,1.249699061439249,-0.23199999332428,0,0,0.6629975539790957,-0.4580004096018928,True Pseudogene
RNU2-29P,Pseudogene,RNU2,1.2129432066910355,0.284000009298325,0,0,-0.4640699669571187,0.023257855968748173,True Pseudogene
RNU2-2,Functional,RNU2,4.9828238062590815,1.35500001907349,37897.85,1,-6.074075331040593,-0.036553770622911486,True Functional
RNU2-30P,Pseudogene,RNU2,1.3056148830242968,0.165999993681908,0.46,0,0.0715937117870227,1.00612888677809,True Pseudogene
RNU2-31P,Pseudogene,RNU2,1.0756423041154524,0.0120000001043081,0,0,0.26449012228672525,-0.1657034924406025,True Pseudogene
RNU2-32P,Pseudogene,RNU2,0.9820163705766074,-0.0799999982118607,0.08,0,0.4210575458060654,-0.22629091959631445,True Pseudogene
RNU2-33P,Pseudogene,RNU2,1.230172513604261,-0.212999999523163,0.43,0,0.5346443668140584,-0.40846726618976015,True Pseudogene
RNU2-34P,Pseudogene,RNU2,0.8037685261468772,-0.0309999994933605,0,0,0.5943412931931631,-0.09222793885971337,True Pseudogene
RNU2-35P,Pseudogene,RNU2,0.7827443997084278,-0.0820000022649765,0.73,0,0.904698267411444,0.16987769589676321,True Pseudogene
RNU2-36P,Pseudogene,RNU2,1.254798695736776,0.206000000238419,0.18,0,-0.42881108136632956,0.34529819118384686,True Pseudogene
RNU2-37P,Pseudogene,RNU2,0.9026988733925584,0.30799999833107,0.44,0,-0.2517317502772662,0.17310191854122398,True Pseudogene
RNU2-38P,Pseudogene,RNU2,0.9233163765547988,-0.0149999996647239,0,0,0.45582898674760713,-0.12716300528047364,True Pseudogene
RNU2-39P,Pseudogene,RNU2,0.6139898463621979,-0.010499999858439,0,0,0.7111642847030931,0.004688916615874685,True Pseudogene
RNU2-3P,Pseudogene,RNU2,1.327540649112821,0.214000001549721,0,0,-0.4052327984053928,-0.08731111131417463,True Pseudogene
RNU2-40P,Pseudogene,RNU2,1.4177258260025094,0.156000003218651,0,0,-0.3523913681261571,-0.1769560778617648,True Pseudogene
RNU2-41P,Pseudogene,RNU2,0.8781138894200936,-0.0050000001210719,0,0,0.4721645167932546,-0.09945675605003623,True Pseudogene
RNU2-42P,Pseudogene,RNU2,1.4139619521281666,-0.209999993443489,3.41,0,0.47264162936108584,-0.5059905018014372,True Pseudogene
RNU2-43P,Pseudogene,RNU2,1.2979653022796658,-0.0685000009834766,0.04,0,0.25446209544940673,-0.3302595455995838,True Pseudogene
RNU2-44P,Pseudogene,RNU2,1.342820208907016,0.239999994635582,2.44,0,-0.47672436457236683,-0.07014045238439925,True Pseudogene
RNU2-45P,Pseudogene,RNU2,1.1144689648255022,-0.0920000001788139,0,0,0.5396750750162925,0.03966634403952863,True Pseudogene
RNU2-46P,Pseudogene,RNU2,1.13731722236396,0.212999999523163,0.44,0,-0.23975287263817427,-0.009630535513547133,True Pseudogene
RNU2-47P,Pseudogene,RNU2,1.6246680635077144,0.0060000002849847,0,0,-0.15543310205290503,-0.46536454264512395,True Pseudogene
RNU2-48P,Pseudogene,RNU2,1.327540649112821,0.30799999833107,0.12,0,-0.6162971432643335,-0.0024062546251746733,True Pseudogene
RNU2-49P,Pseudogene,RNU2,1.3402902577887854,0.30799999833107,0,0.03,-0.6272378252529216,-0.007673232702780961,True Pseudogene
RNU2-4P,Pseudogene,RNU2,1.3025356026398056,0.78600001335144,1.35,0.54,-1.6704491667993455,0.9106112685487994,False Pseudogene
RNU2-50P,Pseudogene,RNU2,1.4088030760486474,0.214000001549721,0,0,-0.47496575399071483,-0.12088181116867774,True Pseudogene
RNU2-51P,Pseudogene,RNU2,1.0226337049490182,0.30799999833107,0.54,0,-0.21245355136501565,0.3039843350998909,True Pseudogene
RNU2-52P,Pseudogene,RNU2,0.8774976691468164,0.446000009775162,0.34,0.02,-0.539966494230306,0.30816064172750796,True Pseudogene
RNU2-53P,Pseudogene,RNU2,0.9451505506683398,0.0579999983310699,0,0,0.4084844834219085,0.05033312453595521,True Pseudogene
RNU2-54P,Pseudogene,RNU2,1.2614028993985489,-0.160000003874302,0.96,0,0.4912878262448744,-0.3978024587890877,True Pseudogene
RNU2-55P,Pseudogene,RNU2,1.477205127898017,-0.241999998688698,0,0.01,0.4902235957775914,-0.5610189452345787,True Pseudogene
RNU2-56P,Pseudogene,RNU2,1.0968720864335204,0.30799999833107,0,0,-0.41835569888987645,0.09288638233496445,True Pseudogene
RNU2-57P,Pseudogene,RNU2,0.0727419533760449,-0.0829999968409538,0,0.23,1.465075070575333,-0.303803621080714,True Pseudogene
RNU2-58P,Pseudogene,RNU2,1.8790677546279164,0.195999994874001,0.76,0.43,-0.7342818801202293,-0.4768170723473907,True Pseudogene
RNU2-59P,Pseudogene,RNU2,1.545766509240956,0.146999999880791,0.4,0,-0.49471236097994614,-0.15903622114355428,True Pseudogene
RNU2-5P,Pseudogene,RNU2,1.2542935432827758,0.30799999833107,1.5,0,-0.44317251696162485,0.20231698822311478,True Pseudogene
RNU2-60P,Pseudogene,RNU2,1.3025356026398056,0.306500002741814,0,0,-0.5914717431955309,0.006568906864774362,True Pseudogene
RNU2-61P,Pseudogene,RNU2,1.0911293006406748,0.207000002264977,0,0,-0.06823607732514252,0.26259409599963385,True Pseudogene
RNU2-62P,Pseudogene,RNU2,0.7637905104484723,0.164000004529953,0,0,0.19080101616539985,0.10042014034979553,True Pseudogene
RNU2-63P,Pseudogene,RNU2,4.149832727006819,-0.462999999523163,44.96,0.41,-1.3069942822971454,-1.86476454195995,True Pseudogene
RNU2-64P,Pseudogene,RNU2,1.618508462617001,0.206000000238419,0,0,-0.6369553232089221,-0.21474013341409084,True Pseudogene
RNU2-65P,Pseudogene,RNU2,1.351820733550501,0.239999994635582,0.11,0,-0.28202018930469075,0.5855962141805822,True Pseudogene
RNU2-66P,Pseudogene,RNU2,1.4886121173026348,0.243000000715256,0,0.01,-0.6085671198288546,-0.1276580221508276,True Pseudogene
RNU2-68P,Pseudogene,RNU2,0.7819759987924836,0.252000004053116,0.71,0,-0.022396576225742922,0.1723924891071506,True Pseudogene
RNU2-69P,Pseudogene,RNU2,1.458839874956582,-0.198499999940395,0,0,0.40673882653381305,-0.6220010829171316,True Pseudogene
RNU2-6P,Pseudogene,RNU2,1.078590884992962,0.28999999165535,2.27,0,-0.19510480850902906,-0.17758152357307333,True Pseudogene
RNU2-70P,Pseudogene,RNU2,0.8926128524607979,0.239999994635582,0,0,-0.0903918148391366,0.1158482740024676,True Pseudogene
RNU2-71P,Pseudogene,RNU2,1.157809424568716,-0.28999999165535,0,0,0.7906243683291493,-0.4954855954818992,True Pseudogene
RNU2-72P,Pseudogene,RNU2,0.9163031642292292,-0.0309999994933605,1.97,0,0.49777270365758436,-0.1387188324150218,True Pseudogene
RNU2-7P,Pseudogene,RNU2,1.1122775932654518,0.246999993920326,3.45,0,-0.29460872975945074,0.03142218142182086,True Pseudogene
RNU2-8P,Pseudogene,RNU2,1.0968720864335204,0.30799999833107,0,0,-0.41835569888987645,0.09288638233496445,True Pseudogene
RNU2-9P,Pseudogene,RNU2,0.6228216214921369,0.282999992370605,0,0,0.04457087441685426,0.2661424746077416,True Pseudogene
RNU4-1,Functional,RNU4,4.5274340946928415,2.8840000629425,2273.06,1,-9.06388184024946,0.37285446560428215,True Functional
RNU4-10P,Pseudogene,RNU4,0.9924080782017566,-0.20100000500679,0,0,0.8141779283477754,-0.32370918055111797,True Pseudogene
RNU4-11P,Pseudogene,RNU4,1.157809424568716,0.284000009298325,0,0,-0.4167585374938728,0.04603442961124608,True Pseudogene
RNU4-12P,Pseudogene,RNU4,1.4993215569954594,0.263999998569489,0,0,-0.664909775116801,-0.1131141275691187,True Pseudogene
RNU4-13P,Pseudogene,RNU4,1.3056148830242968,-0.136000007390976,0,0,0.3994600081766246,-0.3943886482378267,True Pseudogene
RNU4-14P,Pseudogene,RNU4,1.281182559973579,-0.201999999582767,0.23,0,0.6976264859614287,-0.38915805329284797,True Pseudogene
RNU4-15P,Pseudogene,RNU4,1.133175181492786,0.379000008106232,0,0,-0.608929084052674,0.1420193712049387,True Pseudogene
RNU4-16P,Pseudogene,RNU4,1.0592724522649954,-0.101000003516674,0,0.01,0.4349423890001977,-0.19655448890112667,True Pseudogene
RNU4-17P,Pseudogene,RNU4,1.0100039661131353,-0.0230000000447035,0,0,0.39940351066121677,-0.17020087132900638,True Pseudogene
RNU4-18P,Pseudogene,RNU4,1.0723335610099518,-0.172999992966652,0,0,0.7746834000748073,-0.34620999705568856,True Pseudogene
RNU4-2,Functional,RNU4,3.928567150950402,2.83999991416931,9032.84,1,-8.4299039499576,0.7500953029418476,True Functional
RNU4-20P,Pseudogene,RNU4,1.265155993734027,0.30799999833107,0,0,-0.6431046545115605,0.04950463280833732,True Pseudogene
RNU4-21P,Pseudogene,RNU4,1.2680769888133556,0.30799999833107,1.24,0,-0.4118960417437175,0.28869152459486,True Pseudogene
RNU4-22P,Pseudogene,RNU4,1.067137602162732,0.238000005483627,0.58,0,-0.1929707954214185,0.2889463579944244,True Pseudogene
RNU4-23P,Pseudogene,RNU4,1.0420284821118444,0.305000007152557,0.74,0,-0.3645573167243925,0.1128329103128242,True Pseudogene
RNU4-24P,Pseudogene,RNU4,1.0745137825134128,0.0140000004321337,0.78,0,0.2609676766260374,-0.16343126453864465,True Pseudogene
RNU4-25P,Pseudogene,RNU4,1.3742694474228672,0.207000002264977,2.34,0,-0.42961454960463885,-0.11293957733300491,True Pseudogene
RNU4-26P,Pseudogene,RNU4,1.5581734311952813,0.0890000015497208,0,0,-0.3224728639383989,-0.2954943889860583,True Pseudogene
RNU4-27P,Pseudogene,RNU4,1.3743780939125043,0.282000005245209,0.46,0,-0.6955086546964712,0.07110184682393729,True Pseudogene
RNU4-28P,Pseudogene,RNU4,0.9853697230372052,0.187999993562698,0.14,0,0.21830600115873575,-0.007756895373716064,True Pseudogene
RNU4-29P,Pseudogene,RNU4,0.9382248785298216,-0.0695000011473894,0.49,0,0.5654080280986162,-0.18254901759207334,True Pseudogene
RNU4-30P,Pseudogene,RNU4,1.2873545350099709,0.239999994635582,0.14,0,-0.35429997427450916,-0.27725977878455066,True Pseudogene
RNU4-31P,Pseudogene,RNU4,1.428786098403947,0.146999999880791,0,0,-0.3416741200385258,-0.18965443714147603,True Pseudogene
RNU4-32P,Pseudogene,RNU4,1.2563463968724369,0.301999986171722,3.7,0,-0.37468069371976864,0.05527920239264278,True Pseudogene
RNU4-33P,Pseudogene,RNU4,0.6946856547412297,0.300000011920929,0,0,-0.05526837986101429,0.25180955385687837,True Pseudogene
RNU4-34P,Pseudogene,RNU4,1.2605183251352958,0.214000001549721,0,0,0.0017318348236192785,-0.012996608203104297,True Pseudogene
RNU4-35P,Pseudogene,RNU4,1.2563463968724369,0.282999992370605,0,0,-0.6148442944975714,0.0070865249101799135,True Pseudogene
RNU4-36P,Pseudogene,RNU4,1.399019721353865,0.30799999833107,0.75,0,-0.6776348999994353,-0.031935686139725486,True Pseudogene
RNU4-37P,Pseudogene,RNU4,1.364561107527415,-0.119500000029802,0,0,0.3118285005750198,-0.40383666581107924,True Pseudogene
RNU4-38P,Pseudogene,RNU4,0.7808482165695992,-0.0930000022053719,5.73,0,0.753221436525311,-0.13876379686676998,True Pseudogene
RNU4-39P,Pseudogene,RNU4,1.0939931570728023,0.207000002264977,2.41,0,0.20178472837271083,0.2110028588677067,True Pseudogene
RNU4-40P,Pseudogene,RNU4,1.0687471611403534,-0.0790000036358833,0.84,0.01,0.36526040225443207,-0.3083174652208113,True Pseudogene
RNU4-41P,Pseudogene,RNU4,1.2873545350099709,-0.0879999995231628,0.86,0,0.3073519033533724,-0.34348983107175546,True Pseudogene
RNU4-42P,Pseudogene,RNU4,0.8805874496719812,0.189999997615814,0,0,0.11935445652259925,0.24565507404680265,True Pseudogene
RNU4-43P,Pseudogene,RNU4,1.2169675703495997,-0.398999989032745,0,0,1.066061104740416,-0.5953202874036801,True Pseudogene
RNU4-44P,Pseudogene,RNU4,0.7636615353538341,0.30799999833107,0,0,-0.13242088946866737,0.23054054577120434,True Pseudogene
RNU4-45P,Pseudogene,RNU4,1.4534203414798776,0.0035000001080334,0,0,-0.12889143980942142,-0.2853763279310391,True Pseudogene
RNU4-46P,Pseudogene,RNU4,1.4095071255619152,0.30799999833107,13.15,0,-0.6399650347103714,0.1219966690984398,True Pseudogene
RNU4-47P,Pseudogene,RNU4,1.4929647843122915,0.30799999833107,0.66,0,-0.5844243420211717,-0.20605130600850605,True Pseudogene
RNU4-48P,Pseudogene,RNU4,0.7633908293859666,-0.10249999910593,0.43,0,0.7895337702310089,-0.1401295214506818,True Pseudogene
RNU4-49P,Pseudogene,RNU4,1.5382325212127226,-0.105000000447035,0,0,0.13023970260508883,-0.4624858358144953,True Pseudogene
RNU4-4P,Pseudogene,RNU4,1.1489031982258795,0.0850000008940697,0.52,0,0.037711699968117414,-0.1300321451048475,True Pseudogene
RNU4-50P,Pseudogene,RNU4,1.2563463968724369,-0.158000007271767,0.64,0,0.49113624196209377,-0.393906866167009,True Pseudogene
RNU4-51P,Pseudogene,RNU4,0.6450652508311419,0.30799999833107,0.93,0,-0.030651130235494088,0.27953385016256427,True Pseudogene
RNU4-52P,Pseudogene,RNU4,0.7802628730789173,0.211999997496605,0.55,0,0.20348422065425334,0.03981309566437232,True Pseudogene
RNU4-53P,Pseudogene,RNU4,1.0420284821118444,0.203999996185303,1.17,0,0.15759360552236956,0.1913300125761019,True Pseudogene
RNU4-54P,Pseudogene,RNU4,1.1308836239973503,0.115000002086163,0,0,-0.014186212539031568,-0.09549036235426728,True Pseudogene
RNU4-55P,Pseudogene,RNU4,0.9887861509090494,0.305000007152557,0,0,-0.3188688643856157,0.13482854291650812,True Pseudogene
RNU4-56P,Pseudogene,RNU4,0.8805874496719812,0.30799999833107,1.02,0,-0.23275757467751984,0.18223612299411912,True Pseudogene
RNU4-57P,Pseudogene,RNU4,0.7461438513887281,0.0689999982714653,0,0,0.4192536889339457,0.021902052526347263,True Pseudogene
RNU4-58P,Pseudogene,RNU4,1.4041518553280172,0.30799999833107,0,0,-0.6820387721693574,-0.03405539484164581,True Pseudogene
RNU4-59P,Pseudogene,RNU4,0.9282437628007808,-0.0815000012516975,2.33,0,0.6009171237573917,-0.18926570656399586,True Pseudogene
RNU4-5P,Pseudogene,RNU4,1.260725817863713,0.151999995112419,0.59,0,-0.20868505347882618,-0.11571041090826695,True Pseudogene
RNU4-60P,Pseudogene,RNU4,1.36364221115871,-0.0759999975562096,0.96,0,0.21494348044091377,-0.3641665193548135,True Pseudogene
RNU4-61P,Pseudogene,RNU4,0.7141628226311706,0.347000002861023,0,0,-0.059832003133332465,0.3998468304065311,True Pseudogene
RNU4-62P,Pseudogene,RNU4,1.442808667539477,0.0549999997019768,0.98,0,-0.009440179369723432,-0.15541837455643487,True Pseudogene
RNU4-63P,Pseudogene,RNU4,1.707278304025056,0.819499999284744,0,0.56,-2.090662122733333,0.3027279092793866,False Pseudogene
RNU4-64P,Pseudogene,RNU4,0.7954415893983545,-0.216999992728233,0,0,1.0191247293949584,-0.25679132873512234,True Pseudogene
RNU4-65P,Pseudogene,RNU4,1.5382325212127226,-0.207000002264976,0,0,0.3592669619939038,-0.554616720865246,True Pseudogene
RNU4-66P,Pseudogene,RNU4,1.2584885049659955,-0.0054999999701976,0,0,0.1468799384069746,-0.25704670777214234,True Pseudogene
RNU4-67P,Pseudogene,RNU4,1.0839066953409258,0.282999992370605,0,0,-0.3510956862329264,0.07566147120634227,True Pseudogene
RNU4-68P,Pseudogene,RNU4,1.108540938416856,0.204999998211861,0.73,0,-0.033923026848521845,0.16550442498821155,True Pseudogene
RNU4-69P,Pseudogene,RNU4,1.4816722006718532,0.0979999974370003,0,0,-0.2770338666649745,-0.2557614172873965,True Pseudogene
RNU4-6P,Pseudogene,RNU4,0.8541217066490528,0.305000007152557,0,0,-0.20331054223606665,0.1904603989881452,True Pseudogene
RNU4-70P,Pseudogene,RNU4,1.1244911677465947,0.30799999833107,0,0,-0.4420561991473073,0.08147653495555325,True Pseudogene
RNU4-71P,Pseudogene,RNU4,0.9836257058282896,-0.0240000002086162,0,0,0.42428460255605466,-0.16020686940952977,True Pseudogene
RNU4-72P,Pseudogene,RNU4,1.2247348248328036,0.194999992847443,0.11,0,-0.27435106956047123,-0.06200222735908595,True Pseudogene
RNU4-73P,Pseudogene,RNU4,1.3056148830242968,0.414000004529953,0,0,-0.8354909050488458,0.10239553777270584,True Pseudogene
RNU4-74P,Pseudogene,RNU4,1.0787044328279962,0.305000007152557,0,0,-0.39602958669968175,0.09768198247575989,True Pseudogene
RNU4-75P,Pseudogene,RNU4,0.8088805568904728,0.30799999833107,0,0,-0.1712242594802017,0.21185990507461752,True Pseudogene
RNU4-76P,Pseudogene,RNU4,1.0346382091890651,0.239999994635582,0,0,-0.212266686980759,0.05717551708101061,True Pseudogene
RNU4-77P,Pseudogene,RNU4,0.4898424488559952,-0.0195000004023314,0,0,0.8379060017388652,0.047846830410031724,True Pseudogene
RNU4-78P,Pseudogene,RNU4,1.461045226241475,-0.0819999985396862,2.87,0,0.14483185009293803,-0.4098257461550512,True Pseudogene
RNU4-79P,Pseudogene,RNU4,0.8621985076575545,0.214000001549721,0,0,-0.005913160712261494,0.10492854912303108,True Pseudogene
RNU4-7P,Pseudogene,RNU4,1.157809424568716,0.30799999833107,0,0,-0.4706472788229381,0.06771227462483499,True Pseudogene
RNU4-80P,Pseudogene,RNU4,1.4780545845558075,0.30799999833107,1.04,0.01,-0.745456382794332,-0.06458632117729216,True Pseudogene
RNU4-81P,Pseudogene,RNU4,0.603025741962873,0.0179999992251396,0,0,0.6565799000943785,0.03496080076371248,True Pseudogene
RNU4-82P,Pseudogene,RNU4,1.3149407036173275,-0.0274999998509884,1.17,0,0.14783500091595186,-0.3002400091951503,True Pseudogene
RNU4-83P,Pseudogene,RNU4,1.2013360946652842,0.30799999833107,0,0,-0.3351737144804972,0.1500403702794018,True Pseudogene
RNU4-84P,Pseudogene,RNU4,0.6746947006479569,0.30799999833107,0,0,-0.05607662352629144,0.2672940494202499,True Pseudogene
RNU4-85P,Pseudogene,RNU4,1.4402019671464517,0.26800000667572,1.28,0,-0.6231597216205838,-0.08507874502276974,True Pseudogene
RNU4-86P,Pseudogene,RNU4,2.236316833756013,0.140000000596046,0.11,0.56,-0.6556048787104214,-0.6380849184508374,False Pseudogene
RNU4-87P,Pseudogene,RNU4,0.6353832207999052,0.207999996840954,1.11,0,0.20219371836373762,0.1932091336011199,True Pseudogene
RNU4-88P,Pseudogene,RNU4,1.37321582913964,0.282000005245209,0,0,-0.5971124525440354,-0.04475960549316188,True Pseudogene
RNU4-89P,Pseudogene,RNU4,1.331916104954989,0.0579999983310699,0.53,0,-0.05871056376493771,-0.23002505491316902,True Pseudogene
RNU4-8P,Pseudogene,RNU4,0.7390272922779039,0.301999986171722,0,0,-0.028026592812796663,0.1431699602357457,True Pseudogene
RNU4-90P,Pseudogene,RNU4,1.133175181492786,0.214000001549721,0,0,-0.010971743318915643,-0.0977978712430033,True Pseudogene
RNU4-91P,Pseudogene,RNU4,1.3379131128349608,-0.0350000001490116,0.5,0.03,0.14496225010171976,-0.31650417518087304,True Pseudogene
RNU4-92P,Pseudogene,RNU4,1.0726763786445457,0.296999990940094,0,0.01,-0.37289383135654747,0.09294629374503628,True Pseudogene
RNU4-9P,Pseudogene,RNU4,1.1994572455963677,0.30799999833107,6.92,0.03,-0.6342615177036427,0.08046703010246427,True Pseudogene
RNU5A-1,Functional,RNU5,4.126551538847475,1.55200004577637,3.54,0.98,-5.811420817096022,-0.035085220049604585,True Functional
RNU5A-2P,Pseudogene,RNU5,0.9282437628007808,-0.0169999997597188,0,0,0.45609142623817517,-0.1310050687687448,True Pseudogene
RNU5A-3P,Pseudogene,RNU5,1.310152769906705,0.30799999833107,0,0,-0.36117588992091637,-3.9138401022878396e-4,True Pseudogene
RNU5A-4P,Pseudogene,RNU5,1.2829780110085771,0.0099999997764825,0,0,0.09106183011295339,-0.25316340065501086,True Pseudogene
RNU5A-5P,Pseudogene,RNU5,0.898300415613659,0.193999998271465,0,0,0.008014363792742792,0.07194943964040791,True Pseudogene
RNU5A-6P,Pseudogene,RNU5,1.0779604987363909,-0.109000001102686,0,0,0.5341900296576879,-0.2759536922663544,True Pseudogene
RNU5A-7P,Pseudogene,RNU5,0.9881304571750248,0.340000003576279,0,0.01,-0.5074228268894625,0.2609673291562759,True Pseudogene
RNU5A-8P,Pseudogene,RNU5,4.143738993193299,0.683499991893768,0,0.88,-3.8760693317528907,-0.8266509038882246,False Pseudogene
RNU5B-1,Functional,RNU5,4.215613802275837,2.5200001001358,17.2,1,-8.061362790571701,0.802453835179208,True Functional
RNU5B-2P,Pseudogene,RNU5,1.2602704355924963,0.214000001549721,1.4,0,-0.3475070671035852,-0.05952164195748852,True Pseudogene
RNU5B-3P,Pseudogene,RNU5,1.3893713094824591,0.305000007152557,0.98,0.01,-0.662619359870778,-0.03065964798007577,True Pseudogene
RNU5B-4P,Pseudogene,RNU5,0.7510115186391672,0.282999992370605,0.69,0,0.08613425348743323,0.30233577215602475,True Pseudogene
RNU5B-6P,Pseudogene,RNU5,1.6345544817440696,0.140000000596046,0,0,-0.50253063582068,-0.2809830798523392,True Pseudogene
RNU5D-1,Functional,RNU5,5.142035973819886,2.70050001144409,6.68,0.99,-9.261631243924182,0.5827770358863652,True Functional
RNU5D-2P,Pseudogene,RNU5,0.4168113928447378,0.0230000000447035,1.19,0.01,0.8051472389497315,0.11640418304502408,True Pseudogene
RNU5E-1,Functional,RNU5,5.425437551491421,1.02399998903275,6.33,0.99,-5.651447921499119,-0.8546023825917787,True Functional
RNU5E-10P,Pseudogene,RNU5,1.5600991398849648,0.310999989509583,0.63,0,-0.7335754241512119,0.09821606888136936,True Pseudogene
RNU5E-3P,Pseudogene,RNU5,1.2769956888625544,-0.237499997019768,0,0,0.6519232751816578,-0.4742448916427028,True Pseudogene
RNU5E-4P,Pseudogene,RNU5,3.9365520435336334,0.38400000333786,0,0.83,-3.02579109386872,-1.0115804918556792,False Pseudogene
RNU5E-5P,Pseudogene,RNU5,1.3474506234204884,0.206000000238419,0,0,-0.20965496281424245,-0.29871338735857134,True Pseudogene
RNU5E-6P,Pseudogene,RNU5,4.288928824924113,0.725000023841858,2.52,0.92,-4.09384282838566,-0.8491478144589721,False Pseudogene
RNU5E-7P,Pseudogene,RNU5,1.454683635996592,0.354999989271164,0,0,-0.8309332760970914,-0.01247835651828687,True Pseudogene
RNU5E-8P,Pseudogene,RNU5,1.3474506234204884,0.194999992847443,0,0,-0.3190738459829122,0.018580596887937013,True Pseudogene
RNU5E-9P,Pseudogene,RNU5,0.5677719293558127,-0.145500004291534,0,0,1.0539491458570427,-0.09815572225287711,True Pseudogene
RNU5F-1,Functional,RNU5,4.92811190970274,-0.423000007867813,3.73,0.51,-2.0646597589253557,-2.150128533755992,True Functional
RNU5F-2P,Pseudogene,RNU5,0.5930243394132448,-0.283500000834465,0,0,1.3421399312307163,-0.23323552570743392,True Pseudogene
RNU5F-3P,Pseudogene,RNU5,1.2468716879970787,0.0829999968409538,0,0,-0.04186624993987997,-0.17231054324651637,True Pseudogene
RNU5F-4P,Pseudogene,RNU5,0.8531227338927381,0.284000009298325,0.33,0,0.08600804496698901,0.17992413624459558,True Pseudogene
RNU5F-6P,Pseudogene,RNU5,1.4073373177947324,0.0850000008940697,0,0,-0.18405583828628008,-0.23679475573190503,True Pseudogene
RNU5F-7P,Pseudogene,RNU5,0.8155005512179653,-0.0810000002384186,0,0,0.6965420658850988,-0.14223680882753453,True Pseudogene
RNU5F-8P,Pseudogene,RNU5,0.7197193720292019,0.284000009298325,0,0,0.13929625290797046,0.517453189531435,True Pseudogene
RNU6-1,Functional,RNU6,3.733123845572029,2.71600008010864,0.98,0.97,-15.732656295238229,-25.783992756200153,True Functional
RNU6-1000P,Pseudogene,RNU6,1.2779594591937713,0.0480000004172325,0,0,0.31041734268089416,-0.13242447025192478,True Pseudogene
RNU6-1001P,Pseudogene,RNU6,0.9030913511635984,-0.211000002920628,0,0,0.9132760918751047,-0.295843568915831,True Pseudogene
RNU6-1003P,Pseudogene,RNU6,1.0254883474751486,0.30799999833107,0,0,-0.08028849277293292,-0.16168990272652345,True Pseudogene
RNU6-1004P,Pseudogene,RNU6,1.032640838128855,0.264999985694885,0.5,0,-0.14359360697629348,0.21789154931666307,True Pseudogene
RNU6-1005P,Pseudogene,RNU6,1.168630073396461,-0.245000004768372,0.71,0,1.2317929559174772,-0.28625371182302967,True Pseudogene
RNU6-1006P,Pseudogene,RNU6,1.0116781379726645,-0.0579999983310699,0,0,0.7962023947053549,-0.11902665403768482,True Pseudogene
RNU6-1007P,Pseudogene,RNU6,0.8440106085641107,0.211999997496605,0,0,0.5919092004130109,0.0032584377343173854,True Pseudogene
RNU6-1008P,Pseudogene,RNU6,0.9351537659978092,0.30799999833107,0,0,0.2730953978746342,0.34823221181478164,True Pseudogene
RNU6-1009P,Pseudogene,RNU6,1.103706180429991,-0.111000001430511,0,0,0.8190295497794227,-0.092269387082399,True Pseudogene
RNU6-100P,Pseudogene,RNU6,1.1141185028868776,-0.247500002384186,2.87,0,1.0018909767873796,-0.24017626355930755,True Pseudogene
RNU6-1010P,Pseudogene,RNU6,1.168630073396461,0.30799999833107,4.23,0,-0.09161163573422898,-0.26820686979175645,True Pseudogene
RNU6-1011P,Pseudogene,RNU6,1.4607875917455764,0.214000001549721,0.54,0,-0.0019567555039970742,0.01846676407522268,True Pseudogene
RNU6-1012P,Pseudogene,RNU6,0.9878557475678036,0.465000003576279,0,0,-0.6773288978590413,0.2797319357439819,True Pseudogene
RNU6-1013P,Pseudogene,RNU6,0.9089345015305808,0.305000007152557,0,0,0.04728636687341016,0.25543884571595815,True Pseudogene
RNU6-1014P,Pseudogene,RNU6,1.0454007425717533,0.425999999046326,0,0,-0.19905165615534476,0.3451279756172779,True Pseudogene
RNU6-1015P,Pseudogene,RNU6,0.912213486023837,0.224000006914139,0,0,0.1662288369654017,0.42706626532827635,True Pseudogene
RNU6-1016P,Pseudogene,RNU6,1.108540938416856,0.0535000003874302,13.54,0,0.4089433090465031,-0.05849012077055128,True Pseudogene
RNU6-1017P,Pseudogene,RNU6,0.8192047815344689,0.289000004529953,0,0,0.11621202689688068,0.30762244206825545,True Pseudogene
RNU6-1018P,Pseudogene,RNU6,1.1141185028868776,0.30799999833107,0,0,-0.02183940965143375,0.2203321479952282,True Pseudogene
RNU6-1019P,Pseudogene,RNU6,1.3958636987791062,0.090999998152256,0.21,0,0.3446446328582639,-0.055325114566142856,True Pseudogene
RNU6-101P,Pseudogene,RNU6,1.0687471611403534,-0.0679999999701977,9.56,0,0.6733342448660969,-0.18260714659320337,True Pseudogene
RNU6-1020P,Pseudogene,RNU6,1.103706180429991,0.305000007152557,0.36,0,0.0950360129815359,-0.13191085768459215,True Pseudogene
RNU6-1021P,Pseudogene,RNU6,1.168630073396461,-0.160999998450279,0,0,0.8604192983138441,-0.28585720899761474,True Pseudogene
RNU6-1022P,Pseudogene,RNU6,1.4695273465679857,0.287000000476837,0.09,0,-0.06277310931100755,0.06187577122670944,True Pseudogene
RNU6-1023P,Pseudogene,RNU6,1.2124230766710138,0.201999992132187,0,0,-0.04780699635965202,0.005387627661717257,True Pseudogene
RNU6-1024P,Pseudogene,RNU6,1.136168126913226,-0.090999998152256,1.28,0,0.889578139116584,-0.08795656793070263,True Pseudogene
RNU6-1025P,Pseudogene,RNU6,1.0687471611403534,0.0549999997019768,0.27,0,0.5544691898723747,0.11217592246090961,True Pseudogene
RNU6-1026P,Pseudogene,RNU6,1.157809424568716,0.0200000004842877,0,0,0.6147304176996025,-0.0685950029253169,True Pseudogene
RNU6-1027P,Pseudogene,RNU6,0.7466247691144057,0.204999998211861,0,0,0.5753965295978195,0.5249193593026084,True Pseudogene
RNU6-1028P,Pseudogene,RNU6,1.0457633512233564,0.30799999833107,0,0,0.11512308399204764,0.23355205396088768,True Pseudogene
RNU6-1029P,Pseudogene,RNU6,0.8764725550473457,-0.157000005245209,0.33,0,1.3913283040233522,-0.050947380400100266,True Pseudogene
RNU6-102P,Pseudogene,RNU6,0.9351537659978092,0.100500002503395,0,0,0.4261164308981514,0.04923882545140883,True Pseudogene
RNU6-1031P,Pseudogene,RNU6,1.136168126913226,0.30799999833107,0,0,0.013869572177645345,0.24260705906888963,True Pseudogene
RNU6-1032P,Pseudogene,RNU6,1.4607875917455764,0.305000007152557,0,0,-0.40657219314789844,0.026771898673738352,True Pseudogene
RNU6-1034P,Pseudogene,RNU6,1.1692728842179114,0.231000006198883,0,0,0.03698323815526295,0.10925790239938678,True Pseudogene
RNU6-1035P,Pseudogene,RNU6,1.5581734311952813,0.296999990940094,0,0,-0.15921169534658272,0.4467358932441623,True Pseudogene
RNU6-1036P,Pseudogene,RNU6,0.9351537659978092,0.204999998211861,0,0,0.32929350853297906,0.4758318171999474,True Pseudogene
RNU6-1037P,Pseudogene,RNU6,1.4283256452623412,0.284000009298325,0,0,-0.37473438852739593,-0.005437341224622967,True Pseudogene
RNU6-1038P,Pseudogene,RNU6,1.2023405562828977,0.202999994158745,0,0,0.19528674498009088,0.11261329182335085,True Pseudogene
RNU6-1039P,Pseudogene,RNU6,1.201092019879696,-0.096000000834465,0.3,0,0.7077876233222934,-0.24063605399226692,True Pseudogene
RNU6-103P,Pseudogene,RNU6,1.201092019879696,-0.120999999344349,0.61,0,0.8579981921919051,-0.15287660603674197,True Pseudogene
RNU6-1040P,Pseudogene,RNU6,1.266015912846166,0.305000007152557,0,0,-0.23232571697735052,0.0969361261436625,True Pseudogene
RNU6-1041P,Pseudogene,RNU6,1.2940222980473886,0.305000007152557,0,0,-0.27204420655522643,-0.2775589220461017,True Pseudogene
RNU6-1042P,Pseudogene,RNU6,0.7141628226311706,0.30799999833107,0,0,0.284621012085412,0.3527368704068373,True Pseudogene
RNU6-1043P,Pseudogene,RNU6,1.6840864357363143,-0.200000002980232,0.27,0,0.5465510164026364,-0.5039069315402618,True Pseudogene
RNU6-1044P,Pseudogene,RNU6,1.2335539663629311,0.186000004410744,0,0,0.10640129520936777,0.03413072216255751,True Pseudogene
RNU6-1045P,Pseudogene,RNU6,0.7141628226311706,-0.0280000008642673,0.71,0,0.8522193615675628,-0.010269236514139822,True Pseudogene
RNU6-1046P,Pseudogene,RNU6,1.168630073396461,0.0280000008642673,0.38,0,0.5720794347147411,0.14781634604298877,True Pseudogene
RNU6-1047P,Pseudogene,RNU6,0.7790867155976406,0.30799999833107,0,0,0.30940443012807467,0.36798166822841777,True Pseudogene
RNU6-1048P,Pseudogene,RNU6,1.2335539663629311,0.30799999833107,3.73,0,-0.10857236392298523,0.1730853319617463,True Pseudogene
RNU6-1049P,Pseudogene,RNU6,0.8115486620808757,-0.0509999990463257,0.27,0,0.9538772209888755,-0.011697166938277444,True Pseudogene
RNU6-104P,Pseudogene,RNU6,1.3634017522958712,-0.0140000004321337,0,0,0.448695818139275,-0.1850066067263006,True Pseudogene
RNU6-1050P,Pseudogene,RNU6,1.201092019879696,0.273000001907349,0,0,-0.05344500603619106,0.1095280093747346,True Pseudogene
RNU6-1051P,Pseudogene,RNU6,0.6470111490236943,0.30799999833107,0,0,0.2840883985086096,0.37851860864394066,True Pseudogene
RNU6-1052P,Pseudogene,RNU6,1.001950463569081,0.256999999284744,0,0,0.16209774783877007,0.1918786697350407,True Pseudogene
RNU6-1053P,Pseudogene,RNU6,1.1348825052703255,0.0659999996423721,4.35,0,0.3131355003539832,-0.08112846891418114,True Pseudogene
RNU6-1054P,Pseudogene,RNU6,1.3359339514254416,0.262500002980232,0,0,-0.20417410415588588,0.035481398778620596,True Pseudogene
RNU6-1055P,Pseudogene,RNU6,1.330939805812636,0.282000005245209,0,0,-0.14784762370396362,0.09031974382957035,True Pseudogene
RNU6-1056P,Pseudogene,RNU6,0.5518530902149955,0.30799999833107,0.21,0,0.3937478946189624,0.047740270810488775,True Pseudogene
RNU6-1057P,Pseudogene,RNU6,1.2599690796777203,0.282000005245209,0,0,-0.17472125777600933,-0.10058228362552515,True Pseudogene
RNU6-1059P,Pseudogene,RNU6,1.205066952102133,0.947000026702881,0,0.5,-1.7226712799657824,0.6514135931462441,False Pseudogene
RNU6-105P,Pseudogene,RNU6,1.2023405562828977,-0.0989999994635582,0,0,0.7260509670216106,-0.22101236220645443,True Pseudogene
RNU6-1060P,Pseudogene,RNU6,1.136168126913226,0.486000001430511,0,0.04,-0.23589179895575177,0.45206034427593905,True Pseudogene
RNU6-1061P,Pseudogene,RNU6,1.4034053631135952,0.152999997138977,0,0,-0.048883779136307114,-0.10038112344672076,True Pseudogene
RNU6-1062P,Pseudogene,RNU6,0.9738583944970508,0.305999994277954,5.93,0,-0.06311933424697602,0.2122698148223375,True Pseudogene
RNU6-1064P,Pseudogene,RNU6,1.636519090496166,0.30799999833107,0,0,-0.565459988858765,0.08206127253556009,True Pseudogene
RNU6-1065P,Pseudogene,RNU6,1.0158139291027417,0.26800000667572,0.61,0,0.19450366829983992,0.4154038470015239,True Pseudogene
RNU6-1066P,Pseudogene,RNU6,1.2570502323888917,0.30799999833107,0,0,-0.43794797151649617,0.1858012805523387,True Pseudogene
RNU6-1067P,Pseudogene,RNU6,1.136168126913226,0.214000001549721,0,0,0.22961564706569826,0.34191281874270435,True Pseudogene
RNU6-1068P,Pseudogene,RNU6,1.0116781379726645,-0.216000005602837,0,0,1.2055703641081348,-0.23036764942687282,True Pseudogene
RNU6-1069P,Pseudogene,RNU6,1.305800102897048,0.206000000238419,0,0,0.29243986411204836,-0.18415037004893134,True Pseudogene
RNU6-106P,Pseudogene,RNU6,1.006320340980286,0.349000006914139,0,0,0.28199230182245966,0.22182116499213564,True Pseudogene
RNU6-1071P,Pseudogene,RNU6,0.0687807578951712,0.252999991178513,0,0.26,0.9288973364194947,0.5648559659293598,True Pseudogene
RNU6-1072P,Pseudogene,RNU6,1.3958636987791062,0.136999994516373,0,0,0.18205906335188957,0.10300896548145055,True Pseudogene
RNU6-1073P,Pseudogene,RNU6,1.3107276504551504,0.0284999995492399,0,0,0.4002434494461584,-0.13294836368794027,True Pseudogene
RNU6-1074P,Pseudogene,RNU6,0.834958719640901,0.282000005245209,0,0,0.3014248847323071,0.313811235126582,True Pseudogene
RNU6-1075P,Pseudogene,RNU6,1.6880212171282214,0.214000001549721,0,0,-0.25910631388878647,-0.10107519373113637,True Pseudogene
RNU6-1076P,Pseudogene,RNU6,0,0.254999995231628,0.07,0.26,1.044271225035058,0.6202031169782244,True Pseudogene
RNU6-1077P,Pseudogene,RNU6,2.00913988381042,0.277999997138977,0,0.61,-0.6634434095207637,-0.14938255176499782,False Pseudogene
RNU6-1078P,Pseudogene,RNU6,0.6744520919817764,0.574000000953674,0,0.43,-0.3267027922501563,0.6159962715430358,True Pseudogene
RNU6-1079P,Pseudogene,RNU6,1.168334964792068,-0.0470000002533197,1.39,0,0.8089604929110557,-0.10282383870206162,True Pseudogene
RNU6-107P,Pseudogene,RNU6,0.8513304592417029,-0.12049999833107,13.92,0,1.116362887531611,-0.08298295140007772,True Pseudogene
RNU6-1080P,Pseudogene,RNU6,1.330939805812636,-0.244000002741814,0,0,0.889956634682511,-0.4263022474917965,True Pseudogene
RNU6-1081P,Pseudogene,RNU6,1.0712442339467558,-0.0439999997615814,0,0,0.7981471681257168,-0.09168317805266785,True Pseudogene
RNU6-1082P,Pseudogene,RNU6,1.5257114847120463,0.30799999833107,0.26,0,-0.262912735073524,0.07895470044359774,True Pseudogene
RNU6-1083P,Pseudogene,RNU6,1.3958636987791062,0.061999998986721,0.87,0,0.7568692413373129,0.7785937110537682,True Pseudogene
RNU6-1084P,Pseudogene,RNU6,1.330939805812636,-0.0419999994337559,0.36,0,0.5760637889439914,-0.10520179610156011,True Pseudogene
RNU6-1085P,Pseudogene,RNU6,1.6230973241617517,0.184000000357628,0,0,0.14337267895369926,-0.4557650446234665,True Pseudogene
RNU6-1086P,Pseudogene,RNU6,1.076762764848906,0.218999996781349,0,0,0.17760678520964096,0.13315278139464293,True Pseudogene
RNU6-1087P,Pseudogene,RNU6,0.928540231584812,0.305000007152557,0,0,-0.08809369019636207,0.1939673450491785,True Pseudogene
RNU6-1088P,Pseudogene,RNU6,1.1021455099259891,0.0769999995827675,7.62,0,0.5248605358204521,0.24633439833847612,True Pseudogene
RNU6-1089P,Pseudogene,RNU6,0.6011702781414487,0.284000009298325,0.58,0,0.5619748613908496,0.43880349168081667,True Pseudogene
RNU6-108P,Pseudogene,RNU6,0.9089345015305808,0.30799999833107,0,0,0.11963513514932454,0.27757396327568945,True Pseudogene
RNU6-1090P,Pseudogene,RNU6,0.9607354799612752,0.266999989748001,0,0,0.07379665313535211,0.18937308585480117,True Pseudogene
RNU6-1091P,Pseudogene,RNU6,1.266015912846166,0.319999992847443,0.61,0,0.04889641267684496,-0.10336897003987326,True Pseudogene
RNU6-1092P,Pseudogene,RNU6,1.1178849616525537,0.26800000667572,0,0,0.13763760382268778,-0.32074630759451334,True Pseudogene
RNU6-1093P,Pseudogene,RNU6,0.9089345015305808,0.239999994635582,0,0,0.25363703737732296,0.0168254557570631,True Pseudogene
RNU6-1094P,Pseudogene,RNU6,1.3693323002110775,-0.0515000000596046,0,0,0.6076466138471117,-0.19717999042956233,True Pseudogene
RNU6-1095P,Pseudogene,RNU6,0.9970025600452832,0.27700001001358,1.26,0,0.3575643383593509,0.3838118427886631,True Pseudogene
RNU6-1096P,Pseudogene,RNU6,0.5448514939146899,-0.193000003695488,0.25,0,1.5100929853020857,-0.03949918027035368,True Pseudogene
RNU6-1097P,Pseudogene,RNU6,1.2335539663629311,0.202999994158745,0,0,0.1161963137563571,0.06047159440889828,True Pseudogene
RNU6-1098P,Pseudogene,RNU6,1.1939909690864885,0.305000007152557,3,0,-0.1112827488440321,0.155563911367535,True Pseudogene
RNU6-1099P,Pseudogene,RNU6,0.9738583944970508,0.214000001549721,9.26,0,0.48592150215499263,0.2529535706441524,True Pseudogene
RNU6-109P,Pseudogene,RNU6,0,0.221000000834465,0,0.26,1.1072256708346415,0.5927870515484739,True Pseudogene
RNU6-10P,Pseudogene,RNU6,1.4607875917455764,0.136999994516373,1.19,0,0.3442030718219484,-0.20152911570956852,True Pseudogene
RNU6-1100P,Pseudogene,RNU6,0.801560370855265,0.234999999403954,0.07,0,0.4013431230477528,0.27100190176771083,True Pseudogene
RNU6-1101P,Pseudogene,RNU6,1.5437458994249549,0.146999999880791,0.41,0,0.03970648850865711,-0.03529403222583637,True Pseudogene
RNU6-1102P,Pseudogene,RNU6,0.6150862568021305,0.116500001400709,0,0,0.6986460990911599,0.17899268984786262,True Pseudogene
RNU6-1103P,Pseudogene,RNU6,1.266015912846166,0.214000001549721,0,0,0.049506045328606973,0.06880553605801489,True Pseudogene
RNU6-1104P,Pseudogene,RNU6,1.5697223929248938,0.214000001549721,0,0,-0.04022535242458636,0.06222523707743574,True Pseudogene
RNU6-1105P,Pseudogene,RNU6,1.3958636987791062,0.186000004410744,0,0,0.044509104166131214,0.1206526919546764,True Pseudogene
RNU6-1106P,Pseudogene,RNU6,1.298477859329401,0.214000001549721,0,0,0.26591425677688973,-0.028294657494425644,True Pseudogene
RNU6-1107P,Pseudogene,RNU6,1.2023405562828977,-0.100499998778105,0,0,0.7640644810190316,-0.2036480116926145,True Pseudogene
RNU6-1108P,Pseudogene,RNU6,1.135543858711625,-0.285500004887581,0,0,1.3167824369768206,-0.336582349368698,True Pseudogene
RNU6-1109P,Pseudogene,RNU6,1.0712442339467558,0.197999998927116,0,0.01,-0.14937373698333445,0.004116789385069221,True Pseudogene
RNU6-110P,Pseudogene,RNU6,0.9017554172121732,0.214000001549721,0.12,0,0.49288994151214544,0.2644826267530699,True Pseudogene
RNU6-1110P,Pseudogene,RNU6,1.3068344000082537,0.0750000029802322,0,0,-0.07535857500233777,-0.20430796471166465,True Pseudogene
RNU6-1111P,Pseudogene,RNU6,1.201092019879696,-0.180000007152557,0,0,0.9074398851421229,-0.31194850937041824,True Pseudogene
RNU6-1112P,Pseudogene,RNU6,1.473575631269275,-0.0719999969005585,0,0,0.42007797850350137,-0.3050546056427037,True Pseudogene
RNU6-1113P,Pseudogene,RNU6,1.136168126913226,0.30799999833107,0,0,0.11792976737763229,0.5112470755501457,True Pseudogene
RNU6-1114P,Pseudogene,RNU6,1.3634017522958712,0.0240000002086162,0,0.01,0.5377677499881403,-0.15421230920779033,True Pseudogene
RNU6-1115P,Pseudogene,RNU6,1.1141185028868776,-0.193500004708767,0,0,0.9264632342676175,-0.29281543758387973,True Pseudogene
RNU6-1116P,Pseudogene,RNU6,0.912213486023837,0.294999986886978,0,0,0.04763848400437518,0.2459094893842744,True Pseudogene
RNU6-1117P,Pseudogene,RNU6,1.4361289977823497,0.0435000006109476,0,0,0.36618328702650527,-0.15339091257368892,True Pseudogene
RNU6-1118P,Pseudogene,RNU6,1.3359339514254416,0.262500002980232,1.45,0,-0.18333760931404358,0.052908621363193346,True Pseudogene
RNU6-1119P,Pseudogene,RNU6,1.318616289092149,0.0485000004991889,0,0,0.26092081794361055,-0.14551482705787513,True Pseudogene
RNU6-111P,Pseudogene,RNU6,0.7939264625614052,-0.0099999997764825,0,0,0.8307695765272051,0.0179606343997765,True Pseudogene
RNU6-1120P,Pseudogene,RNU6,1.318616289092149,-0.136999994516373,0,0,0.6503973829506575,-0.3551135872196206,True Pseudogene
RNU6-1121P,Pseudogene,RNU6,0.9878557475678036,0.261999994516373,0.88,0,0.11837436601758776,-0.10783458174455711,True Pseudogene
RNU6-1122P,Pseudogene,RNU6,0.9738583944970508,0.152999997138977,0,0,0.6717822769838748,0.20397031358414688,True Pseudogene
RNU6-1123P,Pseudogene,RNU6,1.2451912679323929,0.301999986171722,0,0,0.02910381380785209,0.20504278615914348,True Pseudogene
RNU6-1124P,Pseudogene,RNU6,1.168630073396461,0.30799999833107,0,0,0.15108352257440769,0.27089707841755545,True Pseudogene
RNU6-1125P,Pseudogene,RNU6,1.2335539663629311,0.243000000715256,0,0,-0.0436998437118649,0.06765949817483195,True Pseudogene
RNU6-1126P,Pseudogene,RNU6,1.168630073396461,0.287999987602234,0,0,-0.00533295242583578,0.2858569080146408,True Pseudogene
RNU6-1127P,Pseudogene,RNU6,1.006320340980286,-0.133000001311302,0,0,1.2271006318595246,-0.0736397485976381,True Pseudogene
RNU6-1128P,Pseudogene,RNU6,1.1790536341938302,-0.0900000035762787,0,0,0.6865909161877379,-0.2371120770451923,True Pseudogene
RNU6-1129P,Pseudogene,RNU6,1.3693323002110775,-0.206500001251698,0,0,0.7992335386661369,-0.4238480845441534,True Pseudogene
RNU6-112P,Pseudogene,RNU6,1.1689422074972615,-0.17399999499321,8.06,0,0.8687852237150328,-0.31504480161754556,True Pseudogene
RNU6-1130P,Pseudogene,RNU6,1.103706180429991,0.153999999165535,0.72,0,0.3644826109526245,0.08093783200391157,True Pseudogene
RNU6-1131P,Pseudogene,RNU6,1.266015912846166,0.446000009775162,0.16,0,-0.2760180480614047,0.4843895318564331,True Pseudogene
RNU6-1132P,Pseudogene,RNU6,1.0712442339467558,-0.310999989509583,0,0.01,0.9935171483390915,-0.4556343732589946,True Pseudogene
RNU6-1133P,Pseudogene,RNU6,1.146231330323029,0.294999986886978,0,0,0.16050766148375953,0.1130077586222001,True Pseudogene
RNU6-1134P,Pseudogene,RNU6,0.9629306105323976,0.214000001549721,0,0,0.25466642503525455,0.16692106675103588,True Pseudogene
RNU6-1135P,Pseudogene,RNU6,1.3489041839635527,0.214000001549721,0.25,0,-0.16388259036566677,-0.02418686900050461,True Pseudogene
RNU6-1136P,Pseudogene,RNU6,0.868357068426537,-0.116500001400709,1.11,0,1.0734860317653543,-0.09877258436361377,True Pseudogene
RNU6-1137P,Pseudogene,RNU6,1.0876391564130363,-0.130999997258186,0,0,1.015879148428604,-0.04230308739769718,True Pseudogene
RNU6-1138P,Pseudogene,RNU6,0.9830457378413626,-0.11599999666214,0.37,0,1.2181584933410465,-0.35992741184416016,True Pseudogene
RNU6-113P,Pseudogene,RNU6,0.9629306105323976,0.307000011205673,0,0,0.013197381407329628,0.3544636003576591,True Pseudogene
RNU6-1140P,Pseudogene,RNU6,0.7536683990117115,-0.341000005602837,0,0,1.806122919173446,-0.17837035073358531,True Pseudogene
RNU6-1141P,Pseudogene,RNU6,1.4607875917455764,0.163000002503395,0,0,-0.015866773673160955,-0.07181096233515251,True Pseudogene
RNU6-1143P,Pseudogene,RNU6,1.3693323002110775,0.211999997496605,0,0,-0.43660433193713366,-0.10638234660918017,True Pseudogene
RNU6-1144P,Pseudogene,RNU6,0.9685521147834452,0.30799999833107,0,0,0.21350750188623013,0.43286669731247285,True Pseudogene
RNU6-1145P,Pseudogene,RNU6,1.330939805812636,0.284000009298325,0.21,0,0.1537238120718034,0.29846532616111987,True Pseudogene
RNU6-1146P,Pseudogene,RNU6,1.0897029878293798,0.184000000357628,0,0,0.2181578773544275,0.09830566198079131,True Pseudogene
RNU6-1147P,Pseudogene,RNU6,0.8764725550473457,-0.17399999499321,0.24,0,1.2062148186844408,-0.04225454594239368,True Pseudogene
RNU6-1148P,Pseudogene,RNU6,1.001950463569081,0.211999997496605,0,0,0.2662934015337871,0.16135836635591636,True Pseudogene
RNU6-1149P,Pseudogene,RNU6,1.0384476282214257,0.211999997496605,0,0,0.08702678834824126,0.15262345620985082,True Pseudogene
RNU6-114P,Pseudogene,RNU6,0.7939264625614052,0.30799999833107,0,0,0.29907476374447584,0.36284419910191057,True Pseudogene
RNU6-1150P,Pseudogene,RNU6,1.0525540223351963,0.194000005722046,0,0,-0.12435383724984704,0.008225020113267768,True Pseudogene
RNU6-1151P,Pseudogene,RNU6,1.9152548425108664,0.206000000238419,0,0.45,-0.2739995525019623,-0.10222086938454125,True Pseudogene
RNU6-1152P,Pseudogene,RNU6,1.201092019879696,-0.129999995231628,0,0,0.9840227979519242,-0.17997257156766766,True Pseudogene
RNU6-1153P,Pseudogene,RNU6,1.819414810036554,-0.171000003814697,0.29,0.01,0.3393227750918423,-0.5664076390697108,True Pseudogene
RNU6-1154P,Pseudogene,RNU6,1.3693323002110775,0.30799999833107,0.18,0,-0.25006105675951906,0.263002416145141,True Pseudogene
RNU6-1155P,Pseudogene,RNU6,1.201092019879696,0.228000000119209,0,0,0.24696471906299874,0.23769313600596403,True Pseudogene
RNU6-1156P,Pseudogene,RNU6,1.076762764848906,0.30799999833107,0.58,0,-0.09060063823830178,0.2029523130418712,True Pseudogene
RNU6-1157P,Pseudogene,RNU6,1.2124230766710138,0.0399999991059303,3.68,0,0.39971322133892584,0.042086986719896934,True Pseudogene
RNU6-1158P,Pseudogene,RNU6,1.168630073396461,0.30799999833107,0,0,0.10767388716761023,0.455732314189252,True Pseudogene
RNU6-1159P,Pseudogene,RNU6,1.3634017522958712,0.211999997496605,0.09,0,-0.07086344455587769,0.00971518036655629,True Pseudogene
RNU6-115P,Pseudogene,RNU6,1.4607875917455764,0.239999994635582,0.67,0,-0.19454552687556043,0.012995268158126266,True Pseudogene
RNU6-1160P,Pseudogene,RNU6,1.0687471611403534,0.114500001072884,0.29,0,0.41335652189674554,0.15579962944660852,True Pseudogene
RNU6-1161P,Pseudogene,RNU6,1.123756206199048,-0.0054999999701976,0,0.01,0.5075700701427546,-0.1310585061645904,True Pseudogene
RNU6-1162P,Pseudogene,RNU6,1.3693323002110775,0.146999999880791,0.32,0,0.3546772604807248,-0.3895904081509708,True Pseudogene
RNU6-1163P,Pseudogene,RNU6,1.4283256452623412,0.202999994158745,0.67,0,-0.08978198381995112,-0.018385880430490525,True Pseudogene
RNU6-1164P,Pseudogene,RNU6,1.136168126913226,0.223000004887581,0,0,0.14836074569197108,0.2955581458009031,True Pseudogene
RNU6-1165P,Pseudogene,RNU6,1.168630073396461,-0.0359999984502792,0.17,0,0.5471181958526383,-0.1776042686540309,True Pseudogene
RNU6-1167P,Pseudogene,RNU6,1.108540938416856,0.305000007152557,0,0,-0.014818255497243485,0.21365620777916494,True Pseudogene
RNU6-1168P,Pseudogene,RNU6,0.868357068426537,-0.13400000333786,0,0,1.2055849316672098,-0.08948729475251706,True Pseudogene
RNU6-1169P,Pseudogene,RNU6,1.281458974765375,0.26800000667572,0.19,0,0.07266929103714144,-0.19753205205643987,True Pseudogene
RNU6-116P,Pseudogene,RNU6,1.46585046413287,0.305000007152557,0,0,-0.21714444263697502,0.09588023425573255,True Pseudogene
RNU6-1170P,Pseudogene,RNU6,1.4090322242392863,0.197999998927116,0.22,0,-0.08794171871917947,-0.025645094748359645,True Pseudogene
RNU6-1171P,Pseudogene,RNU6,0,0.273999989032745,0,0.26,0.9426748827588706,0.6130263944708516,True Pseudogene
RNU6-1172P,Pseudogene,RNU6,0.8115486620808757,0.305000007152557,0,0,0.17643069681691956,0.32772648562025525,True Pseudogene
RNU6-1174P,Pseudogene,RNU6,0.6878075789517125,-0.0080000003799796,0,0,0.8831352706029949,0.03624544172634994,True Pseudogene
RNU6-1175P,Pseudogene,RNU6,1.330939805812636,-0.0659999996423721,0,0,0.8367399028531456,-0.12685804238011733,True Pseudogene
RNU6-1176P,Pseudogene,RNU6,1.298477859329401,0.30799999833107,0,0,-0.3160163350774019,0.13053391898005917,True Pseudogene
RNU6-1177P,Pseudogene,RNU6,0.9351537659978092,-0.149000003933907,0,0,1.0579939199515664,-0.1685849665997081,True Pseudogene
RNU6-1178P,Pseudogene,RNU6,1.5906353776785165,0.24600000679493,0,0,-0.19463552075309357,-0.32913925411471073,True Pseudogene
RNU6-1179P,Pseudogene,RNU6,1.006320340980286,0.130999997258186,0,0,0.6038283886014965,0.15222266895860564,True Pseudogene
RNU6-117P,Pseudogene,RNU6,1.4283256452623412,-0.174999997019768,0,0,0.7142743384952795,-0.3959143880467641,True Pseudogene
RNU6-1180P,Pseudogene,RNU6,0.8440106085641107,0.305000007152557,0,0,0.27233938992135237,0.3433700358989702,True Pseudogene
RNU6-1181P,Pseudogene,RNU6,0.6553638252275752,0.30799999833107,0.28,0,0.4402635167884052,0.4292895627633117,True Pseudogene
RNU6-1183P,Pseudogene,RNU6,1.157809424568716,0.118000000715256,0,0,0.49436524952717475,0.011451130883666503,True Pseudogene
RNU6-1184P,Pseudogene,RNU6,1.318616289092149,0.155000001192093,0,0,0.10627676647274244,-0.040897458242886084,True Pseudogene
RNU6-1186P,Pseudogene,RNU6,1.4681500950716708,0.30799999833107,0,0,-0.49812131652641506,0.011669740424597869,True Pseudogene
RNU6-1187P,Pseudogene,RNU6,1.4841011714926269,0.214000001549721,0,0,0.251889821271058,0.021756563040254355,True Pseudogene
RNU6-1188P,Pseudogene,RNU6,1.2335539663629311,0.347000002861023,0,0,-0.15090418202264982,0.21376114265925814,True Pseudogene
RNU6-1189P,Pseudogene,RNU6,0.9738583944970508,0.30799999833107,19.6,0.06,0.14832392392639906,0.2855979880688212,True Pseudogene
RNU6-118P,Pseudogene,RNU6,1.157809424568716,0.202999994158745,7.85,0,-0.03199467911218157,0.02577471253724661,True Pseudogene
RNU6-1190P,Pseudogene,RNU6,1.2357389050685337,0.0799999982118607,0,0,0.2727562716198071,-0.028865905599225847,True Pseudogene
RNU6-1191P,Pseudogene,RNU6,1.7529451100946911,0.284000009298325,0,0,-0.7240835470967414,-0.026996561686785183,True Pseudogene
RNU6-1192P,Pseudogene,RNU6,1.0712442339467558,0.145999997854233,0,0,0.20324572226526458,0.13684969145876716,True Pseudogene
RNU6-1193P,Pseudogene,RNU6,0.4544672507652904,0.430999994277954,0,0,0.1988676527384259,0.5709644388325686,True Pseudogene
RNU6-1194P,Pseudogene,RNU6,1.2691372538541694,1.66500002145767,0,0.62,-3.2440346231893726,1.3513275609964945,False Pseudogene
RNU6-1195P,Pseudogene,RNU6,1.135543858711625,0.211999997496605,0,0,0.26735065843883316,0.43267650455878764,True Pseudogene
RNU6-1196P,Pseudogene,RNU6,0.7020759276640086,-0.167499996721745,0,0,1.4435384116599541,-0.2541403178232008,True Pseudogene
RNU6-1197P,Pseudogene,RNU6,1.5906353776785165,0.319000005722046,0,0,-0.6615601647143475,-0.024727474664052153,True Pseudogene
RNU6-1198P,Pseudogene,RNU6,1.5034241781713178,0.222000002861023,0,0,-0.20569516794728504,0.11385678035713023,True Pseudogene
RNU6-1199P,Pseudogene,RNU6,1.1021455099259891,0.24099999666214,0,0,0.049988092429052174,0.11923023305694486,True Pseudogene
RNU6-119P,Pseudogene,RNU6,1.266015912846166,0.0189999993890524,0,0,0.4863174680417822,-0.12098898645101368,True Pseudogene
RNU6-11P,Pseudogene,RNU6,1.5581734311952813,0,0.03,0,0.5074238499691968,-0.15538876861776985,True Pseudogene
RNU6-1200P,Pseudogene,RNU6,1.266015912846166,0.30799999833107,0,0,-0.16003873514332853,0.1587495317650906,True Pseudogene
RNU6-1201P,Pseudogene,RNU6,1.266015912846166,0.296999990940094,0,0,-0.15744210495682706,-0.21033207954873137,True Pseudogene
RNU6-1203P,Pseudogene,RNU6,1.4841011714926269,0.30799999833107,0.25,0,-0.5124846396644333,-0.004021998244011656,True Pseudogene
RNU6-1204P,Pseudogene,RNU6,1.2335539663629311,-0.138999998569489,0,0,0.8754375326793232,-0.25201983695429553,True Pseudogene
RNU6-1205P,Pseudogene,RNU6,1.2451912679323929,0.214000001549721,0,0,0.17679626794741582,0.02418709042730316,True Pseudogene
RNU6-1206P,Pseudogene,RNU6,0.5058390689863322,0.277999997138977,0.32,0,0.15618276801925063,0.30995327405536194,True Pseudogene
RNU6-1207P,Pseudogene,RNU6,1.0387822874635209,0.249999992549419,0,0,-0.027889415160028068,0.12049964360194022,True Pseudogene
RNU6-1208P,Pseudogene,RNU6,1.0387822874635209,0.0080000003799796,0,0,0.5186505964891918,-0.10119124503142558,True Pseudogene
RNU6-1209P,Pseudogene,RNU6,1.006320340980286,0.30799999833107,0.56,0,0.07273215850938165,0.2568957096502557,True Pseudogene
RNU6-120P,Pseudogene,RNU6,1.0454007425717533,-0.224000006914139,0,0,1.3264756228001895,-0.08586277882247888,True Pseudogene
RNU6-1210P,Pseudogene,RNU6,0.9413964480138156,-0.0949999988079071,0,0,0.7937834699871201,-0.16598091649711227,True Pseudogene
RNU6-1211P,Pseudogene,RNU6,0.7277659240146215,-0.218999996781349,0,0,1.2573086404166993,-0.1713483860547036,True Pseudogene
RNU6-1212P,Pseudogene,RNU6,1.2357389050685337,-0.0474999994039536,0,0,0.26070717591732456,-0.2855847601489387,True Pseudogene
RNU6-1213P,Pseudogene,RNU6,1.736714136853074,0.180000007152557,0,0,0.06703736976904329,-0.37500936603931473,True Pseudogene
RNU6-1214P,Pseudogene,RNU6,0.732925232066435,0.347000002861023,0,0,0.11422859312540425,0.3570691238870858,True Pseudogene
RNU6-1215P,Pseudogene,RNU6,1.2940222980473886,-0.189499996602535,0,0,0.8007209657021117,-0.36122254635514156,True Pseudogene
RNU6-1216P,Pseudogene,RNU6,1.0712442339467558,0.0869999974966049,0,0,0.6518561288593194,0.10093534898077587,True Pseudogene
RNU6-1217P,Pseudogene,RNU6,1.2023405562828977,0.254999995231628,1.45,0.01,0.00503769017258037,0.1204086386775034,True Pseudogene
RNU6-1218P,Pseudogene,RNU6,2.315618849137432,-0.421000003814697,0,0.42,0.5426390598323809,-0.9559825395551692,True Pseudogene
RNU6-1219P,Pseudogene,RNU6,0.7753188110951224,-0.307500004768372,0.62,0,1.6907474460603529,-0.07865326019887135,True Pseudogene
RNU6-121P,Pseudogene,RNU6,0.4561067430119185,0.146999999880791,0,0,0.7733438569421338,0.29706686760689455,True Pseudogene
RNU6-1220P,Pseudogene,RNU6,1.157809424568716,0.140500001609325,0,0,-0.09454860712596223,-0.08358108487447696,True Pseudogene
RNU6-1222P,Pseudogene,RNU6,1.330939805812636,-0.187000006437302,0,0,0.789262908490886,-0.37678102178096956,True Pseudogene
RNU6-1223P,Pseudogene,RNU6,1.669917439281802,0.266999989748001,2.77,0,-0.15243753344462463,-0.17196782771159513,True Pseudogene
RNU6-1224P,Pseudogene,RNU6,0.877128351945997,0.30799999833107,0,0,0.040467380114288264,0.37403110504967685,True Pseudogene
RNU6-1225P,Pseudogene,RNU6,1.0687471611403534,0.282999992370605,0.51,0,0.007598209239397039,0.2026251955564586,True Pseudogene
RNU6-1226P,Pseudogene,RNU6,0.9738583944970508,0.44200000166893,0.53,0,-0.3199325356096001,0.3419318710195591,True Pseudogene
RNU6-1227P,Pseudogene,RNU6,0.7466247691144057,0.44200000166893,0.08,0,-0.03654025755989104,0.4546657895300219,True Pseudogene
RNU6-1228P,Pseudogene,RNU6,0.9413964480138156,-0.0270000007003546,0,0,0.9480092943391447,0.00453969841065392,True Pseudogene
RNU6-1229P,Pseudogene,RNU6,1.3634017522958712,0.28600001335144,0,0,-0.15747066699834444,0.20278903110148153,True Pseudogene
RNU6-122P,Pseudogene,RNU6,1.201092019879696,0.104000002145767,3.45,0,0.2130185708992774,-0.06121408063232016,True Pseudogene
RNU6-1230P,Pseudogene,RNU6,1.5437458994249549,-0.163499996066093,0,0,0.6634603774639232,-0.40262722542890944,True Pseudogene
RNU6-1231P,Pseudogene,RNU6,1.112845951769931,-0.0729999989271164,0.7,0,0.7148563094476247,-0.1521980375072786,True Pseudogene
RNU6-1232P,Pseudogene,RNU6,1.211661025711447,0.0474999994039536,0,0,0.47271105093124605,-0.0624227178744071,True Pseudogene
RNU6-1233P,Pseudogene,RNU6,1.6005012633744016,-0.156000003218651,0,0,0.7028117869824987,-0.3715690950073707,True Pseudogene
RNU6-1234P,Pseudogene,RNU6,1.315181579364464,-0.112999998033047,0,0,0.5250247708490324,-0.32746271667536747,True Pseudogene
RNU6-1235P,Pseudogene,RNU6,0.3246194648323502,0.291999995708466,0,0.06,0.7300591111400311,0.5391050814562981,True Pseudogene
RNU6-1236P,Pseudogene,RNU6,0.912213486023837,0.194000005722046,0,0,0.24931230132572252,0.13990136599588696,True Pseudogene
RNU6-1237P,Pseudogene,RNU6,1.136168126913226,-0.0979999974370003,0,0,0.8479410842101,-0.1561347927191031,True Pseudogene
RNU6-1238P,Pseudogene,RNU6,1.770767355222742,-0.23200000077486,0.71,0,0.5637801560202829,-0.2370877185147773,True Pseudogene
RNU6-1239P,Pseudogene,RNU6,0.097385839449705,-0.23199999332428,0,0.26,1.9689623815685393,0.10930438871229753,True Pseudogene
RNU6-123P,Pseudogene,RNU6,0.9534901143507074,0.0104999998002313,0.23,0,0.7683767006051201,0.35248691735704096,True Pseudogene
RNU6-1240P,Pseudogene,RNU6,0.7013653244983569,-0.192999996244907,0,0,1.4586212696332574,-0.0787711270877227,True Pseudogene
RNU6-1241P,Pseudogene,RNU6,0.8440106085641107,0.303000003099442,0,0,0.13394227643913065,0.2825545568843318,True Pseudogene
RNU6-1242P,Pseudogene,RNU6,1.4837946023599078,0.196999996900558,0.09,0,-0.09416883827131585,-0.06540825284066283,True Pseudogene
RNU6-1243P,Pseudogene,RNU6,0.9738583944970508,0.0610000006854534,0.36,0,0.6924841505617761,0.053782020373348734,True Pseudogene
RNU6-1244P,Pseudogene,RNU6,1.1256480516640297,0.282999992370605,0,0,-0.05920965394492644,0.14081284849934272,True Pseudogene
RNU6-1245P,Pseudogene,RNU6,0.688132016488954,-0.0240000002086163,4.39,0,1.0440016122450917,-0.22679304035378287,True Pseudogene
RNU6-1246P,Pseudogene,RNU6,1.5257114847120463,0.214000001549721,0,0,-0.2453388625596059,-0.07262203999738331,True Pseudogene
RNU6-1247P,Pseudogene,RNU6,1.311396389052321,0.118499998003244,0,0,0.09547493908386653,0.05579314456928124,True Pseudogene
RNU6-1248P,Pseudogene,RNU6,0.9769017019798542,0.275000005960464,0.99,0,0.18506973862408813,0.244608638129475,True Pseudogene
RNU6-1249P,Pseudogene,RNU6,1.3142701576185425,0.152999997138977,0,0,0.17206093748211498,-0.0039014849082204253,True Pseudogene
RNU6-1250P,Pseudogene,RNU6,1.4283256452623412,0.0719999969005585,0,0,0.08371152935156263,-0.17330092680818968,True Pseudogene
RNU6-1251P,Pseudogene,RNU6,1.4607875917455764,0.282000005245209,2,0,-0.22345517780791585,0.055879878886300555,True Pseudogene
RNU6-1252P,Pseudogene,RNU6,1.5697223929248938,0.246999993920326,0,0,-0.14144197072321493,0.006049326559751888,True Pseudogene
RNU6-1254P,Pseudogene,RNU6,1.0687471611403534,0.189999997615814,0.25,0,0.2216391263283943,0.09431098396021757,True Pseudogene
RNU6-1255P,Pseudogene,RNU6,1.5506376221902447,0.30799999833107,4.84,0,-0.26901391518683265,-0.3469785928535376,True Pseudogene
RNU6-1256P,Pseudogene,RNU6,1.2477363701662862,0.118000000715256,2.11,0,0.20735229895456583,-0.06272331900092053,True Pseudogene
RNU6-1257P,Pseudogene,RNU6,1.0736051027819002,-0.0854999981820583,0.67,0,0.792129508776553,-0.1658624513968553,True Pseudogene
RNU6-1258P,Pseudogene,RNU6,1.126517277958751,-0.136999994516373,0,0,0.5553926734629955,-0.3213040343842219,True Pseudogene
RNU6-125P,Pseudogene,RNU6,0.9413964480138156,0.214000001549721,0,0,0.32589905540699304,0.2020146021866333,True Pseudogene
RNU6-1260P,Pseudogene,RNU6,1.0387822874635209,-0.264999985694885,0.36,0,1.5296685595810802,-0.1789880416811163,True Pseudogene
RNU6-1261P,Pseudogene,RNU6,1.1021455099259891,0.282000005245209,0,0,-0.22370221967462434,0.17570675492372778,True Pseudogene
RNU6-1262P,Pseudogene,RNU6,1.230172513604261,-0.284499987959862,0.56,0,1.2227100728763067,-0.36151324786888334,True Pseudogene
RNU6-1263P,Pseudogene,RNU6,0.9830457378413626,0.30799999833107,0.28,0,0.06279482960204648,0.2497474555632372,True Pseudogene
RNU6-1264P,Pseudogene,RNU6,1.7529451100946911,0.305000007152557,0,0,-0.43010364904254894,0.36849443981110086,True Pseudogene
RNU6-1265P,Pseudogene,RNU6,1.4837946023599078,-0.430999994277954,0,0,0.9089430545526233,-0.734454257243496,True Pseudogene
RNU6-1266P,Pseudogene,RNU6,0.9262475396549728,0.0719999969005585,0,0,0.9753595207308787,-0.04766757758716276,True Pseudogene
RNU6-1267P,Pseudogene,RNU6,1.266015912846166,-0.0920000001788139,0.42,0,0.7012604037366298,-0.22658818216038362,True Pseudogene
RNU6-1268P,Pseudogene,RNU6,0.1623097324161751,-0.203999996185303,0,0.26,1.8503796366309326,0.10777420491489242,True Pseudogene
RNU6-1269P,Pseudogene,RNU6,0.4220053042820553,0.428000003099442,0,0,0.278346776689242,0.6002023024271275,True Pseudogene
RNU6-126P,Pseudogene,RNU6,1.4837946023599078,0.206000000238419,1.41,0,-0.5213548166551505,-0.1590887108974537,True Pseudogene
RNU6-1270P,Pseudogene,RNU6,1.4794231536155815,0.203999996185303,0,0,-0.14502497269080336,-0.055604636439625064,True Pseudogene
RNU6-1271P,Pseudogene,RNU6,1.3232107709356753,0.296999990940094,0,0,-0.4153351619163132,0.012177592810892104,True Pseudogene
RNU6-1272P,Pseudogene,RNU6,1.168630073396461,-0.218999996781349,5.87,0,0.9768265098606673,-0.33954591612912416,True Pseudogene
RNU6-1273P,Pseudogene,RNU6,1.2691372538541694,-0.149499997496605,0,0,1.0590313868920214,-0.21255506900331797,True Pseudogene
RNU6-1274P,Pseudogene,RNU6,1.136168126913226,0.301999986171722,0,0,0.14914855899335644,-0.19409883650995427,True Pseudogene
RNU6-1275P,Pseudogene,RNU6,0.9413964480138156,-0.046000000089407,5.97,0,0.8426292593495904,-0.06052804562613348,True Pseudogene
RNU6-1276P,Pseudogene,RNU6,1.135543858711625,0.30799999833107,0,0,-0.17645546318732475,0.15522133991361467,True Pseudogene
RNU6-1277P,Pseudogene,RNU6,1.2335539663629311,0.0270000007003546,0,0,0.3208990025140889,-0.15069409863105818,True Pseudogene
RNU6-1278P,Pseudogene,RNU6,0.8764725550473457,-0.136000007390976,0,0,1.114016097032913,-0.12261748578041202,True Pseudogene
RNU6-1279P,Pseudogene,RNU6,1.4837946023599078,0.0549999997019768,0,0,0.1407678840924733,-0.21499559181075042,True Pseudogene
RNU6-127P,Pseudogene,RNU6,1.0387822874635209,-0.197999998927116,0,0,1.2121261349491024,-0.1874797250251398,True Pseudogene
RNU6-1280P,Pseudogene,RNU6,1.3634017522958712,-0.163000002503395,0.73,0,0.6880015348377044,-0.3633392020113607,True Pseudogene
RNU6-1281P,Pseudogene,RNU6,0.9593278089283648,0.137999996542931,0,0,0.39886293904300624,0.0743278392865052,True Pseudogene
RNU6-1282P,Pseudogene,RNU6,1.4834433252286674,-0.238499999046326,0,0,0.8230521387669303,-0.47487886845837746,True Pseudogene
RNU6-1283P,Pseudogene,RNU6,0.5292843083742702,-0.211999997496605,0,0,1.6811294696906984,0.19937757252438115,True Pseudogene
RNU6-1284P,Pseudogene,RNU6,0.868357068426537,0.105999998748302,0.29,0,0.6139986056905721,0.13199711926150454,True Pseudogene
RNU6-1285P,Pseudogene,RNU6,1.2570502323888917,-0.0309999994933605,0.52,0,0.5323433317337498,-0.1885697427302364,True Pseudogene
RNU6-1286P,Pseudogene,RNU6,1.136168126913226,0.30799999833107,0,0,-0.22346152847140643,0.21108424226780148,True Pseudogene
RNU6-1287P,Pseudogene,RNU6,1.330939805812636,0.214000001549721,0,0,0.07075078276832006,0.0649428150921536,True Pseudogene
RNU6-1288P,Pseudogene,RNU6,1.60312074171053,-0.150000005960464,0,0,0.38797618931148503,-0.49075877814779895,True Pseudogene
RNU6-1289P,Pseudogene,RNU6,0.8192047815344689,0.365000009536743,0,0,0.06763485544002816,0.3745321223208989,True Pseudogene
RNU6-128P,Pseudogene,RNU6,0.6492389296647005,0.30799999833107,0,0,0.41434564268767204,0.4233575692700543,True Pseudogene
RNU6-1290P,Pseudogene,RNU6,0.6054599743157506,-0.177000001072884,0,0,1.469113988542702,-0.04392828371628131,True Pseudogene
RNU6-1291P,Pseudogene,RNU6,1.3693323002110775,-0.0209999997168779,0,0,0.33137858553786725,-0.2642636946683991,True Pseudogene
RNU6-1292P,Pseudogene,RNU6,1.4607875917455764,-0.212999999523163,0,0,0.9998745847441621,-0.3450237600834972,True Pseudogene
RNU6-1293P,Pseudogene,RNU6,1.8178690030611613,-0.310999989509583,0,0.01,0.3528231175704583,-0.7640760107167489,True Pseudogene
RNU6-1294P,Pseudogene,RNU6,1.114927594029134,0.294999986886978,0,0,-0.06092202061494458,0.37861067115364844,True Pseudogene
RNU6-1296P,Pseudogene,RNU6,1.0712442339467558,-0.127000004053116,0,0,0.8794355622514133,-0.21886955247643483,True Pseudogene
RNU6-1297P,Pseudogene,RNU6,0.801560370855265,0.239999994635582,0,0,0.46373866213840903,0.3856588962519151,True Pseudogene
RNU6-1298P,Pseudogene,RNU6,0.9629306105323976,-0.224999994039536,0,0,1.4908037860517624,-0.4120605211701775,True Pseudogene
RNU6-1299P,Pseudogene,RNU6,1.2504341785342132,0.30799999833107,0,0,-0.23998693054655315,0.1266481582680397,True Pseudogene
RNU6-129P,Pseudogene,RNU6,1.136168126913226,-0.0799999982118607,0,0,0.722751196873021,-0.16606252083791273,True Pseudogene
RNU6-12P,Pseudogene,RNU6,1.5581734311952813,0.555999994277954,0,0.4,-0.8176493200008549,0.31074883677371967,True Pseudogene
RNU6-1300P,Pseudogene,RNU6,1.0291639329499698,0.30799999833107,0,0,0.07891184261882953,0.22749233161004864,True Pseudogene
RNU6-1301P,Pseudogene,RNU6,1.1689422074972615,0.220000006258488,0,0,0.10040120326779758,0.14777809480424103,True Pseudogene
RNU6-1303P,Pseudogene,RNU6,1.6230973241617517,-0.0820000022649765,0,0,0.5043430574583083,-0.3061654723090255,True Pseudogene
RNU6-1304P,Pseudogene,RNU6,0.8847411640572264,0.29899999499321,0,0,0.6290687730370884,0.2763465022203067,True Pseudogene
RNU6-1305P,Pseudogene,RNU6,1.2023405562828977,-0.078999999910593,0.09,0,0.5762252996771671,-0.2374530345174636,True Pseudogene
RNU6-1306P,Pseudogene,RNU6,1.6139161675806344,-0.0109999999403954,2.56,0,0.41770846382983084,-0.23977619010463638,True Pseudogene
RNU6-1307P,Pseudogene,RNU6,1.079123347170842,0.256999999284744,0,0,0.05237894307049547,0.17291577656405113,True Pseudogene
RNU6-1308P,Pseudogene,RNU6,0.7081746965808651,0.214000001549721,0,0,0.47804698432435017,0.38657907414962206,True Pseudogene
RNU6-1309P,Pseudogene,RNU6,0.643227458093731,-0.168000005185604,0,0,1.4241249724287066,-0.03942802886202131,True Pseudogene
RNU6-130P,Pseudogene,RNU6,1.2140137655671974,0.305000007152557,3.52,0,-0.12176856995412604,0.1632918601522036,True Pseudogene
RNU6-1310P,Pseudogene,RNU6,1.266015912846166,0.239999994635582,0,0,0.023833687453776686,0.08815093324530889,True Pseudogene
RNU6-1311P,Pseudogene,RNU6,0.8115486620808757,0.30799999833107,5.22,0,0.2820820311957006,0.46601031113511276,True Pseudogene
RNU6-1312P,Pseudogene,RNU6,0.643227458093731,0.0945000015199184,0.26,0,0.6619043892044908,0.1263064109900351,True Pseudogene
RNU6-1313P,Pseudogene,RNU6,1.0897029878293798,-0.0329999998211861,0,0,0.7392135472449255,-0.08814657217362666,True Pseudogene
RNU6-1314P,Pseudogene,RNU6,0.2003900927138162,0.293999999761581,0,0.23,0.6660936252846962,0.5236464152189908,True Pseudogene
RNU6-1315P,Pseudogene,RNU6,1.508660765347115,0.310999989509583,0.27,0,-0.23565980547141088,0.2954248298231855,True Pseudogene
RNU6-1316P,Pseudogene,RNU6,1.0291639329499698,0.301999986171722,0,0,0.05090658434894241,0.37145814892118756,True Pseudogene
RNU6-1317P,Pseudogene,RNU6,1.4361289977823497,-0.0850000008940697,0,0,0.48590137903548847,-0.3127032786975448,True Pseudogene
RNU6-1318P,Pseudogene,RNU6,0.7418973011799539,0.293999999761581,0,0,0.2833064193186129,0.3381723460541818,True Pseudogene
RNU6-1319P,Pseudogene,RNU6,0.7013653244983569,0.261999994516373,0.04,0,0.37634887492358154,0.3204003153111855,True Pseudogene
RNU6-131P,Pseudogene,RNU6,1.136168126913226,0.118000000715256,0,0,0.3122320492591476,0.20275837126997046,True Pseudogene
RNU6-1320P,Pseudogene,RNU6,1.0712442339467558,0.40599998831749,0,0,-0.23280545661367075,0.310706342254669,True Pseudogene
RNU6-1321P,Pseudogene,RNU6,0.4544672507652904,0.23199999332428,0,0,0.5977617644661343,0.3670120305645817,True Pseudogene
RNU6-1322P,Pseudogene,RNU6,1.168630073396461,0.305000007152557,0,0,-0.10256025234336263,0.5299148380552811,True Pseudogene
RNU6-1323P,Pseudogene,RNU6,1.136168126913226,0.105999998748302,1.33,0,0.5920726183914088,0.10721232612057961,True Pseudogene
RNU6-1324P,Pseudogene,RNU6,1.136168126913226,0.0320000015199184,0,0,0.574175030585869,0.09644678971776431,True Pseudogene
RNU6-1325P,Pseudogene,RNU6,1.6209331943962024,-0.185000002384186,0,0,0.23890178260835887,-0.5689102144269479,True Pseudogene
RNU6-1326P,Pseudogene,RNU6,1.006320340980286,-0.550000011920929,0,0,1.8382205100061009,-0.5801790907390794,True Pseudogene
RNU6-1327P,Pseudogene,RNU6,1.5878529251228104,0.30799999833107,0,0,-0.37661855671012856,0.03717058598469209,True Pseudogene
RNU6-1328P,Pseudogene,RNU6,1.1468866941482565,0.28099998831749,0,0,0.06791695169843795,-0.033292866034236826,True Pseudogene
RNU6-1329P,Pseudogene,RNU6,1.298477859329401,-0.068000003695488,0.46,0,0.8165517729687536,0.022535760419410442,True Pseudogene
RNU6-132P,Pseudogene,RNU6,1.103706180429991,0.239999994635582,0.67,0,0.3456753730664917,-0.07285705520551744,True Pseudogene
RNU6-1330P,Pseudogene,RNU6,1.1247291552953242,0.0419999994337559,0,0,0.5135948916588954,-0.054912375600094,True Pseudogene
RNU6-1331P,Pseudogene,RNU6,1.4090322242392863,0.239999994635582,0.37,0,0.060874531812753756,0.29696128103247077,True Pseudogene
RNU6-1332P,Pseudogene,RNU6,1.2691372538541694,-0.417000010609627,0,0,1.6125507708485374,-0.46299764697281787,True Pseudogene
RNU6-1333P,Pseudogene,RNU6,0.8216712045326372,0.30799999833107,0.88,0,0.05840209641612826,0.27064567357134256,True Pseudogene
RNU6-1334P,Pseudogene,RNU6,0.0992408078201756,1.81200003623962,0,0.89,-2.9392972513994797,1.8635014311023954,False Pseudogene
RNU6-1335P,Pseudogene,RNU6,1.0712442339467558,0.0769999995827675,0,0,0.7494503758287163,-0.39090048552936235,True Pseudogene
RNU6-1336P,Pseudogene,RNU6,1.0197220620054748,-0.0900000035762787,0,0,0.91125796347048,-0.13938389698503342,True Pseudogene
RNU6-1337P,Pseudogene,RNU6,1.060309683552403,0.252000004053116,0.76,0,-0.26124042872261194,0.05740873355714261,True Pseudogene
RNU6-1338P,Pseudogene,RNU6,1.030577619671055,0.30799999833107,0.47,0,-0.005421674498212857,0.21878400785599053,True Pseudogene
RNU6-1339P,Pseudogene,RNU6,1.5267816587719332,0.208000004291534,0,0,-0.25679836263576,-0.09281203088102408,True Pseudogene
RNU6-133P,Pseudogene,RNU6,1.266015912846166,0.301999986171722,0,0,-0.27629350904379407,0.08211002930696092,True Pseudogene
RNU6-1340P,Pseudogene,RNU6,0.8440106085641107,0.30799999833107,0.56,0,0.1867560006324807,0.26101613140580887,True Pseudogene
RNU6-135P,Pseudogene,RNU6,1.375615157903425,-0.116999998688698,0.29,0,0.6716653298313474,-0.2910102543662704,True Pseudogene
RNU6-136P,Pseudogene,RNU6,0.7466247691144057,0.284000009298325,0.28,0,0.5559337844546407,-0.031090603914969376,True Pseudogene
RNU6-137P,Pseudogene,RNU6,1.157809424568716,-0.204999998211861,0,0,1.0544887455317777,-0.2812074385949811,True Pseudogene
RNU6-138P,Pseudogene,RNU6,1.168630073396461,0.0130000002682209,0,0,0.41278797607774004,-0.13897198764962373,True Pseudogene
RNU6-139P,Pseudogene,RNU6,0.9157219994316208,-0.13849999755621,0,0,1.0342084272724763,-0.16245751631074076,True Pseudogene
RNU6-13P,Pseudogene,RNU6,1.3958636987791062,0.0610000006854534,0,0,0.49713676498097215,-0.06049994408387218,True Pseudogene
RNU6-140P,Pseudogene,RNU6,1.2221321703780892,0.0549999997019768,3.82,0,0.8298164615309562,0.24503120322388777,True Pseudogene
RNU6-141P,Pseudogene,RNU6,0.860087001108189,0.30799999833107,0,0,0.19622053362607306,0.3076591824192571,True Pseudogene
RNU6-142P,Pseudogene,RNU6,1.201092019879696,0.305000007152557,0,0,0.004476656980054804,0.2029540957697943,True Pseudogene
RNU6-143P,Pseudogene,RNU6,0.9337172778779969,0.30799999833107,0,0,0.18321043906689685,0.2750595285857691,True Pseudogene
RNU6-144P,Pseudogene,RNU6,1.298477859329401,-0.0199999995529652,0,0,0.6008960192339021,-0.16020254540397338,True Pseudogene
RNU6-145P,Pseudogene,RNU6,1.0158139291027417,0.146999999880791,0,0,0.5246904715425627,0.12180231801518075,True Pseudogene
RNU6-146P,Pseudogene,RNU6,1.2542935432827758,-0.191500000655651,11.35,0,0.9576452299328839,-0.2889275685556838,True Pseudogene
RNU6-147P,Pseudogene,RNU6,1.201092019879696,0.168999999761581,0.36,0,0.1990159320070273,0.16995233973796592,True Pseudogene
RNU6-148P,Pseudogene,RNU6,1.145492303030751,0.446000009775162,0,0,-0.33416383080813494,0.3244734442359239,True Pseudogene
RNU6-14P,Pseudogene,RNU6,1.507336798023423,-0.1875,0,0,0.915779784429845,-0.3490430141694489,True Pseudogene
RNU6-150P,Pseudogene,RNU6,1.1334344893146375,-0.212999999523163,0,0,0.9447132321806625,-0.33534291349242107,True Pseudogene
RNU6-151P,Pseudogene,RNU6,0.7466247691144057,-0.261999994516373,1.33,0,1.614197210970538,-0.1390756901694809,True Pseudogene
RNU6-152P,Pseudogene,RNU6,1.006320340980286,0.305000007152557,0,0,0.0975403577092706,0.3968022184293579,True Pseudogene
RNU6-153P,Pseudogene,RNU6,1.1021455099259891,-0.157000005245209,0,0,0.8557461145624604,-0.28097172896141226,True Pseudogene
RNU6-154P,Pseudogene,RNU6,0.9830457378413626,0.30799999833107,0,0,0.1680125401781474,0.29319979883509,True Pseudogene
RNU6-155P,Pseudogene,RNU6,1.1114970475859671,-0.184499993920326,0,0,0.9377385954457745,-0.1295990895574114,True Pseudogene
RNU6-156P,Pseudogene,RNU6,0.9089345015305808,-0.319000005722046,0,0,1.1507614177635046,-0.3958078096605817,True Pseudogene
RNU6-157P,Pseudogene,RNU6,0.7141628226311706,0.437999993562698,0,0,-0.06349243479394001,0.4513543703022079,True Pseudogene
RNU6-158P,Pseudogene,RNU6,0.7641542202153526,0.305000007152557,0,0,0.24599571301010703,0.3327694568223224,True Pseudogene
RNU6-159P,Pseudogene,RNU6,1.1796548854096351,0.0065000001341104,0,0,0.40082024188176774,-0.17410640020619547,True Pseudogene
RNU6-15P,Pseudogene,RNU6,1.6555592706449864,0,0,0,0.2557967189709257,-0.27384708735531665,True Pseudogene
RNU6-160P,Pseudogene,RNU6,1.0387822874635209,0.293000012636185,0,0,0.06761300293373988,0.2254175415616633,True Pseudogene
RNU6-161P,Pseudogene,RNU6,1.2124230766710138,-0.148499999195337,0,0,0.8853326418237796,-0.26408228804919004,True Pseudogene
RNU6-162P,Pseudogene,RNU6,0.5395616735854211,0.0230000000447035,0,0,0.8896172940537929,0.10437546308795467,True Pseudogene
RNU6-163P,Pseudogene,RNU6,1.081350311625499,-0.0499999988824129,0,0,0.7456032923048003,-0.12495912952890426,True Pseudogene
RNU6-164P,Pseudogene,RNU6,1.4837946023599078,0.159999996423721,0,0,-0.02680588460813599,-0.0567021783337431,True Pseudogene
RNU6-165P,Pseudogene,RNU6,1.0174688882573566,-0.157000005245209,0,0,0.693876662755856,-0.29431943476634376,True Pseudogene
RNU6-166P,Pseudogene,RNU6,1.298477859329401,0.30799999833107,0.26,0,-0.127212998990156,0.1483413129161977,True Pseudogene
RNU6-167P,Pseudogene,RNU6,1.1796548854096351,-0.155500002205372,0,0,0.8871084207663981,-0.2521803489218193,True Pseudogene
RNU6-168P,Pseudogene,RNU6,0.825369094742055,-0.136000007390976,0,0,1.1319171958812093,-0.12104639880726617,True Pseudogene
RNU6-169P,Pseudogene,RNU6,1.136168126913226,-0.241999998688698,0,0,1.208876977418286,-0.9247267710011946,True Pseudogene
RNU6-16P,Pseudogene,RNU6,1.4283256452623412,0.0549999997019768,0,0,0.4864563637912504,-0.07780039587261142,True Pseudogene
RNU6-170P,Pseudogene,RNU6,1.5363240441392578,0.284000009298325,0,0,-0.2142260333882215,0.3295065581016016,True Pseudogene
RNU6-171P,Pseudogene,RNU6,0.7790867155976406,-0.118000000715256,5.48,0,1.3938808813426784,0.09777788901914448,True Pseudogene
RNU6-172P,Pseudogene,RNU6,1.419250262374555,-0.112999998033047,0,0,0.6761207805317911,-0.29323391651549663,True Pseudogene
RNU6-173P,Pseudogene,RNU6,1.2023405562828977,-0.325499996542931,0,0,1.306483262642484,-0.4179796716855928,True Pseudogene
RNU6-174P,Pseudogene,RNU6,1.2124230766710138,-0.133500002324581,4.71,0,0.8754640322320478,-0.24070247703408662,True Pseudogene
RNU6-175P,Pseudogene,RNU6,0.7141628226311706,0.305000007152557,0,0,0.30531515120706537,0.3778491346072599,True Pseudogene
RNU6-176P,Pseudogene,RNU6,0.9593278089283648,0.266999989748001,0,0,0.13119149296191324,0.20433527939768056,True Pseudogene
RNU6-177P,Pseudogene,RNU6,1.0687471611403534,0.279000014066696,0,0,-0.03011872654105486,0.15766963423034283,True Pseudogene
RNU6-178P,Pseudogene,RNU6,0.9017554172121732,0.307000011205673,0.25,0,0.2503056887798368,0.16781136471915334,True Pseudogene
RNU6-179P,Pseudogene,RNU6,0.6167769831814656,0.293000012636185,0,0,0.5016443379719108,0.2867189110838625,True Pseudogene
RNU6-17P,Pseudogene,RNU6,1.3958636987791062,0.0549999997019768,0,0,0.48359255418421176,-0.059430349734409096,True Pseudogene
RNU6-180P,Pseudogene,RNU6,0.7402388124291791,-0.214000001549721,0,0,1.3967270084910044,-0.1229983127038488,True Pseudogene
RNU6-181P,Pseudogene,RNU6,1.0387822874635209,0.282999992370605,1.01,0,0.27615491131803727,0.09572645152268489,True Pseudogene
RNU6-182P,Pseudogene,RNU6,0.6946856547412297,-0.0339999999850988,1.37,0,1.0401259153131936,0.061903314730100516,True Pseudogene
RNU6-183P,Pseudogene,RNU6,1.0736051027819002,0.105999998748302,0,0,0.5641739925008337,0.08172001334221113,True Pseudogene
RNU6-184P,Pseudogene,RNU6,0,0.242499999701977,0,0.26,1.052298433218075,0.6094597381474726,True Pseudogene
RNU6-185P,Pseudogene,RNU6,1.5906353776785165,0.188999995589256,1.33,0,-0.2531079568156921,-0.12981895724437845,True Pseudogene
RNU6-187P,Pseudogene,RNU6,0.7864365902730902,0.221499994397163,0,0,0.4014184737389699,0.24720927104827045,True Pseudogene
RNU6-188P,Pseudogene,RNU6,1.330939805812636,0.30799999833107,0.71,0,-0.14651002554215475,0.15169990970883185,True Pseudogene
RNU6-189P,Pseudogene,RNU6,1.2036632631654969,-0.111000001430511,0,0,0.6867406850924812,-0.2460558413895198,True Pseudogene
RNU6-18P,Pseudogene,RNU6,0.1947716788994101,0.0850000008940697,0,0.26,1.401634821735235,0.4451568525117389,True Pseudogene
RNU6-190P,Pseudogene,RNU6,1.464288389895729,0.446000009775162,1.43,0,-0.729097339955825,0.16470914437534476,True Pseudogene
RNU6-191P,Pseudogene,RNU6,1.2563463968724369,0.177999995648861,0,0,0.04158281845898832,-0.004208957914575476,True Pseudogene
RNU6-192P,Pseudogene,RNU6,0.9030913511635984,0.325000002980232,0,0,0.24036385676360988,0.01215310749517596,True Pseudogene
RNU6-193P,Pseudogene,RNU6,1.266015912846166,-0.046000000089407,0,0,0.6799578136475782,0.023421680979422276,True Pseudogene
RNU6-194P,Pseudogene,RNU6,2.2163780413172565,0.0120000001043081,0,0.51,-0.29126031690486615,-0.701696094298259,False Pseudogene
RNU6-195P,Pseudogene,RNU6,1.115321005318488,-0.225999996066093,0.62,0,0.980763395133371,-0.3981890432048732,True Pseudogene
RNU6-196P,Pseudogene,RNU6,1.168630073396461,-0.268999993801117,0.3,0,1.291545775975834,-0.29668655627122753,True Pseudogene
RNU6-197P,Pseudogene,RNU6,0.6599513720041681,0.347000002861023,0,0,0.20783885270457117,0.3956021857957663,True Pseudogene
RNU6-198P,Pseudogene,RNU6,1.5697223929248938,0.311000004410744,0,0,-0.48230887785524024,-0.004331878354167997,True Pseudogene
RNU6-199P,Pseudogene,RNU6,1.298477859329401,0.152999997138977,0.35,0,0.18632511779884647,0.21146560999536157,True Pseudogene
RNU6-19P,Pseudogene,RNU6,1.330939805812636,0.215000003576279,0.56,0,0.14660747460980478,0.09368835772902456,True Pseudogene
RNU6-2,Functional,RNU6,4.122667203370849,2.47699999809265,0.98,0.98,-9.265611714367036,-4.270233676815949,True Functional
RNU6-200P,Pseudogene,RNU6,1.330939805812636,0.23199999332428,0,0,-0.030330712735574736,0.04732508035586,True Pseudogene
RNU6-201P,Pseudogene,RNU6,1.6513019661881687,0.30799999833107,0.65,0,-0.6262618168539507,0.02069122814403564,True Pseudogene
RNU6-202P,Pseudogene,RNU6,0.9407201574620816,0.87950000166893,0,0.55,-1.5675847720990432,0.6735989566323259,False Pseudogene
RNU6-203P,Pseudogene,RNU6,0.801560370855265,0.30799999833107,0,0,0.28488998180752595,0.35212635428163047,True Pseudogene
RNU6-204P,Pseudogene,RNU6,1.298477859329401,-0.237000003457069,0.26,0,1.0129472841935458,-0.3784363243143047,True Pseudogene
RNU6-205P,Pseudogene,RNU6,0.6817008761479356,0.30799999833107,0,0,0.3120538419060902,0.37479557737413466,True Pseudogene
RNU6-206P,Pseudogene,RNU6,1.5363240441392578,-0.213500000536442,0,0,0.893517295930577,-0.5595820912173848,True Pseudogene
RNU6-207P,Pseudogene,RNU6,0.8764725550473457,0.30799999833107,0,0,0.2078845393171338,0.32474834239204853,True Pseudogene
RNU6-208P,Pseudogene,RNU6,1.266015912846166,-0.144999995827675,0,0,0.892017740120288,-0.2019279666902847,True Pseudogene
RNU6-209P,Pseudogene,RNU6,1.4932495382288111,0.30799999833107,0,0,-0.4261493180733557,0.03109507889061193,True Pseudogene
RNU6-20P,Pseudogene,RNU6,1.4607875917455764,-0.0610000006854534,0,0,0.796412094660344,0.08303834447255912,True Pseudogene
RNU6-210P,Pseudogene,RNU6,0.9140600720279336,0.202000007033348,0,0,0.362252856687155,0.2365180702565373,True Pseudogene
RNU6-211P,Pseudogene,RNU6,1.330939805812636,0.470999985933304,0,0,-0.5027171902289,0.307382497622748,True Pseudogene
RNU6-212P,Pseudogene,RNU6,1.3693323002110775,0.214000001549721,0,0,-0.12519275100680455,-0.018231705730144716,True Pseudogene
RNU6-213P,Pseudogene,RNU6,1.2023405562828977,0.303000003099442,1.13,0,-0.05649814409986448,0.3750621983564603,True Pseudogene
RNU6-214P,Pseudogene,RNU6,1.5581734311952813,0.30799999833107,0,0,-0.4202069868672918,0.020912859955950245,True Pseudogene
RNU6-215P,Pseudogene,RNU6,1.770767355222742,0.118000000715256,0,0,-0.34795827169533233,-0.29630110797943315,True Pseudogene
RNU6-216P,Pseudogene,RNU6,1.2023405562828977,0.237000003457069,0.66,0,0.13456511042582608,-0.09346450925975168,True Pseudogene
RNU6-217P,Pseudogene,RNU6,1.3359339514254416,0.30799999833107,0,0,-0.13925874332434202,0.15440156130904403,True Pseudogene
RNU6-218P,Pseudogene,RNU6,1.6209331943962024,0.30799999833107,0,0,-0.3889825281739981,-0.4284166203235672,True Pseudogene
RNU6-219P,Pseudogene,RNU6,1.0387822874635209,0.277999997138977,0,0,0.16331608129869907,0.24630565088496603,True Pseudogene
RNU6-21P,Pseudogene,RNU6,1.7529451100946911,0.0769999995827675,0,0,0.004093650436381159,-0.24256354277940273,True Pseudogene
RNU6-220P,Pseudogene,RNU6,1.168630073396461,0.291999995708466,0,0,-0.13630295648235724,0.1499195749049344,True Pseudogene
RNU6-221P,Pseudogene,RNU6,0.8420432178681572,0.30799999833107,0,0,0.050037271684115134,0.4080795901351376,True Pseudogene
RNU6-222P,Pseudogene,RNU6,1.5257114847120463,0.165500000119209,0,0,0.23796524367987884,0.01106129602780834,True Pseudogene
RNU6-223P,Pseudogene,RNU6,1.3634017522958712,-0.119999997317791,0,0,0.7606333926350747,-0.26345435545348433,True Pseudogene
RNU6-224P,Pseudogene,RNU6,1.2335539663629311,0.30799999833107,0,0,-0.1488450922184994,0.14763267173777547,True Pseudogene
RNU6-225P,Pseudogene,RNU6,1.112845951769931,0.27700001001358,0,0,0.08286584591709747,0.1512234726325669,True Pseudogene
RNU6-226P,Pseudogene,RNU6,0.9413964480138156,0.239999994635582,0,0,0.18201955989971366,0.18136657664278522,True Pseudogene
RNU6-227P,Pseudogene,RNU6,1.0116781379726645,0.331999987363815,1.17,0,0.09189163816538296,0.29960250545859696,True Pseudogene
RNU6-228P,Pseudogene,RNU6,1.5728731805461804,0.214000001549721,9,0,-0.14883174157755777,-0.031130345008797064,True Pseudogene
RNU6-229P,Pseudogene,RNU6,1.123756206199048,-0.0955000016838312,0,0,0.7840321665015778,-0.30731111308457926,True Pseudogene
RNU6-22P,Pseudogene,RNU6,1.2335539663629311,0.146999999880791,0,0,0.45681023823173705,0.39323576344163214,True Pseudogene
RNU6-230P,Pseudogene,RNU6,1.2691372538541694,-0.284999996423721,7.04,0,1.4102240845215464,-0.2961051533911804,True Pseudogene
RNU6-231P,Pseudogene,RNU6,1.3826267885626415,0.528999984264374,0,0.41,-1.0784713755580717,0.282423761960394,True Pseudogene
RNU6-232P,Pseudogene,RNU6,0.7598124348732199,0.30799999833107,0.21,0,0.24467739552068823,0.25065152387753437,True Pseudogene
RNU6-233P,Pseudogene,RNU6,1.0592724522649954,0.152999997138977,0,0,0.8150964374493677,0.8784162221281248,True Pseudogene
RNU6-234P,Pseudogene,RNU6,0.7013653244983569,0.30799999833107,0.26,0,0.0973338390621474,0.40749178531643737,True Pseudogene
RNU6-235P,Pseudogene,RNU6,1.0712442339467558,0.19200000166893,0,0,0.32661839714023133,0.4150361398329496,True Pseudogene
RNU6-236P,Pseudogene,RNU6,1.04858212036412,0.238000005483627,0,0,0.20548166979722748,0.3231752460102673,True Pseudogene
RNU6-237P,Pseudogene,RNU6,1.2719596495261951,-0.150999993085861,0.85,0,0.7851853329471521,-0.30910251838758207,True Pseudogene
RNU6-238P,Pseudogene,RNU6,0.8192047815344689,0.303000003099442,0.09,0,0.2713542944061625,0.40459397177003487,True Pseudogene
RNU6-239P,Pseudogene,RNU6,0.7367878156346375,0.214000001549721,0,0,0.3020187116260402,0.2041699337112094,True Pseudogene
RNU6-23P,Pseudogene,RNU6,1.5581734311952813,0.118000000715256,0,0,0.36967865062542277,-0.022895225672759558,True Pseudogene
RNU6-240P,Pseudogene,RNU6,1.1100647060298,0.28999999165535,0,0,-0.20801834548507878,0.12396835326662743,True Pseudogene
RNU6-241P,Pseudogene,RNU6,0.9685521147834452,0.261000007390976,0,0,0.1806428373640249,0.21764406937896943,True Pseudogene
RNU6-242P,Pseudogene,RNU6,1.2335539663629311,0.261999994516373,0.1,0,0.06528135408219551,0.1650918969668816,True Pseudogene
RNU6-243P,Pseudogene,RNU6,1.4283256452623412,0.0140000004321337,0,0,0.19294672125197646,-0.26082907440016867,True Pseudogene
RNU6-244P,Pseudogene,RNU6,1.3693323002110775,-0.351000010967255,0.55,0,1.132518561494859,-0.5242514901736283,True Pseudogene
RNU6-245P,Pseudogene,RNU6,0.8440106085641107,0.30799999833107,0,0,0.19727677746001526,0.15810297609004903,True Pseudogene
RNU6-246P,Pseudogene,RNU6,1.103706180429991,0.30799999833107,0,0,0.08943379803010287,0.2536620510007515,True Pseudogene
RNU6-247P,Pseudogene,RNU6,0.9089345015305808,0.0309999994933605,0.36,0,0.7911109772130955,0.06987907806387758,True Pseudogene
RNU6-248P,Pseudogene,RNU6,1.5581734311952813,0.293000012636185,0,0,-0.5212731376273831,-0.03945957824427389,True Pseudogene
RNU6-249P,Pseudogene,RNU6,1.464288389895729,0.0570000000298023,0,0,0.14011239846350998,-0.20604805256485503,True Pseudogene
RNU6-24P,Pseudogene,RNU6,1.4283256452623412,0.146999999880791,0,0,0.15893993634698517,-0.03582514238267289,True Pseudogene
RNU6-250P,Pseudogene,RNU6,1.1465685563690198,-0.275000005960464,0,0,0.8480466900585745,-0.4542351875673999,True Pseudogene
RNU6-251P,Pseudogene,RNU6,1.1021455099259891,0.0445000007748604,0,0,0.6862572858087195,2.3777202334475197e-4,True Pseudogene
RNU6-252P,Pseudogene,RNU6,1.006320340980286,0.492000013589859,0,0.11,-0.33279928589071067,0.5258316483626169,True Pseudogene
RNU6-253P,Pseudogene,RNU6,1.5216923865760268,-0.090999998152256,0,0,0.5356528041521138,-0.29934268632163197,True Pseudogene
RNU6-254P,Pseudogene,RNU6,1.4932495382288111,0.149000003933907,0,0,-0.1432539479055152,-0.15636399588789,True Pseudogene
RNU6-255P,Pseudogene,RNU6,0.1984816156403513,0.0549999997019768,0.27,0.22,1.2022453269077344,0.3130933096967233,True Pseudogene
RNU6-256P,Pseudogene,RNU6,1.2532988616465484,0.150000005960464,0,0,0.061698148308773654,-0.05580051287359048,True Pseudogene
RNU6-257P,Pseudogene,RNU6,1.098737515151945,-0.0804999992251396,0,0,0.8559114057746885,-0.1450799167679946,True Pseudogene
RNU6-258P,Pseudogene,RNU6,0.997320989479983,0.0130000002682209,0,0,0.5490519980862036,-0.08587156185322425,True Pseudogene
RNU6-259P,Pseudogene,RNU6,0.8115486620808757,0.30799999833107,0,0,0.2862581675704397,0.35210473647330254,True Pseudogene
RNU6-25P,Pseudogene,RNU6,1.882792896027632,-0.293999999761581,0,0.21,0.8537770593567684,-0.5784161919563998,True Pseudogene
RNU6-260P,Pseudogene,RNU6,1.103706180429991,-0.0780000016093254,0,0,0.7143327044922461,-0.1772061144295584,True Pseudogene
RNU6-261P,Pseudogene,RNU6,1.2599690796777203,0.446000009775162,0,0,-0.6887411185520581,0.1977878245433437,True Pseudogene
RNU6-262P,Pseudogene,RNU6,1.4372806649818544,-0.263000011444092,0.79,0,1.0799177498630532,-0.4065254349563121,True Pseudogene
RNU6-263P,Pseudogene,RNU6,1.0387822874635209,0.30799999833107,0.33,0,0.21363060160112413,0.3043535878873236,True Pseudogene
RNU6-264P,Pseudogene,RNU6,1.001950463569081,0.301999986171722,0.69,0,0.160890817836519,-0.11943878375080239,True Pseudogene
RNU6-266P,Pseudogene,RNU6,0.9738583944970508,0.30799999833107,0,0,0.02854247120998084,0.25378800405564145,True Pseudogene
RNU6-267P,Pseudogene,RNU6,1.5175172069589966,0.163000002503395,0,0,-0.12872521989699612,-0.12175048668550562,True Pseudogene
RNU6-268P,Pseudogene,RNU6,1.006320340980286,-0.0219999998807907,0,0,0.9042577458356371,0.009457005484009705,True Pseudogene
RNU6-269P,Pseudogene,RNU6,1.145873244933987,-0.061999998986721,0,0,0.3703805375594104,-0.26155697550920193,True Pseudogene
RNU6-26P,Pseudogene,RNU6,1.5581734311952813,0.125,7.48,0,0.11371333652938914,-0.08475827734087747,True Pseudogene
RNU6-270P,Pseudogene,RNU6,1.6540134636695942,-0.0480000004172325,0,0,0.3192186563060448,-0.3133720521888296,True Pseudogene
RNU6-271P,Pseudogene,RNU6,1.2901305016622835,0.164000004529953,0,0,0.1841705941221555,0.02265303898402411,True Pseudogene
RNU6-272P,Pseudogene,RNU6,1.3025356026398056,-0.195000000298023,0.18,0,0.9165057568373228,-0.3372090093921387,True Pseudogene
RNU6-273P,Pseudogene,RNU6,1.3025356026398056,0.209000006318092,0,0,-0.18359205451236804,-0.034343930024339615,True Pseudogene
RNU6-274P,Pseudogene,RNU6,1.3634017522958712,0.30799999833107,0,0,-0.2620770842544833,0.1020674946396086,True Pseudogene
RNU6-275P,Pseudogene,RNU6,1.266015912846166,0.130999997258186,5.87,0,0.4545495631669482,0.07090696841940106,True Pseudogene
RNU6-276P,Pseudogene,RNU6,1.0854463355331714,-0.0780000016093254,0,0,0.80769146795209,-0.13316736910323176,True Pseudogene
RNU6-277P,Pseudogene,RNU6,1.1468866941482565,0.361999988555908,0,0,-0.5825239612272801,0.12099977942604383,True Pseudogene
RNU6-278P,Pseudogene,RNU6,1.0515883764431455,-0.317999988794327,0,0,1.0261017980173857,-0.45383695741304775,True Pseudogene
RNU6-279P,Pseudogene,RNU6,1.3412247789558394,0.063000001013279,0,0,0.17722204868314864,-0.15927708801767115,True Pseudogene
RNU6-27P,Pseudogene,RNU6,1.5581734311952813,0.214000001549721,0,0,-0.11983318878853652,-0.02269803321099479,True Pseudogene
RNU6-280P,Pseudogene,RNU6,1.77011248563871,0.282999992370605,0,0,-0.5865650627534476,-0.11041114438904616,True Pseudogene
RNU6-281P,Pseudogene,RNU6,1.112845951769931,-0.104999996721745,0,0,0.9010721642562088,-0.1412253646306495,True Pseudogene
RNU6-282P,Pseudogene,RNU6,1.5512398115580857,0.30799999833107,1.15,0,-0.4487208060528099,0.01836707323982298,True Pseudogene
RNU6-283P,Pseudogene,RNU6,1.266015912846166,0.28099998831749,0,0,-0.07867896726934036,0.12969030515883725,True Pseudogene
RNU6-284P,Pseudogene,RNU6,0.9175093553186052,-0.0554999988526106,0,0,0.8568027763085061,-0.0750700699828945,True Pseudogene
RNU6-285P,Pseudogene,RNU6,1.146231330323029,0.30799999833107,0.73,0,-0.1047055021033529,0.1886356517244936,True Pseudogene
RNU6-286P,Pseudogene,RNU6,0.6817008761479356,-0.157000005245209,0,0,1.299126177892791,-0.06435015382397022,True Pseudogene
RNU6-287P,Pseudogene,RNU6,1.098737515151945,-0.271999999880791,0,0,1.2639053299831347,-0.1966859223853077,True Pseudogene
RNU6-288P,Pseudogene,RNU6,1.1021455099259891,0.277999997138977,0.22,0,-0.09010929159134735,0.142337425158195,True Pseudogene
RNU6-289P,Pseudogene,RNU6,1.4932495382288111,0.30799999833107,0,0,-0.35559809896886463,0.03817323849659053,True Pseudogene
RNU6-28P,Pseudogene,RNU6,1.330939805812636,0.146999999880791,0.67,0,0.26963969596250875,0.2846484110438115,True Pseudogene
RNU6-290P,Pseudogene,RNU6,0.997320989479983,0.301999986171722,0.07,0,0.13647238407471235,0.4391927539342816,True Pseudogene
RNU6-291P,Pseudogene,RNU6,1.5257114847120463,0.214000001549721,0.36,0,-0.2087781976799654,-0.06193515814285612,True Pseudogene
RNU6-293P,Pseudogene,RNU6,0.950277546579984,0.146999999880791,0,0,0.3966864967556309,0.09043527636111941,True Pseudogene
RNU6-294P,Pseudogene,RNU6,1.0897029878293798,0.446000009775162,0,0,-0.4100408646899685,0.296414870337501,True Pseudogene
RNU6-295P,Pseudogene,RNU6,1.001950463569081,-0.0765000022947788,0,0,1.0432332027051698,-0.05471417659124025,True Pseudogene
RNU6-296P,Pseudogene,RNU6,1.2335539663629311,-0.025000000372529,0,0,0.6111035258063555,-0.152503471315866,True Pseudogene
RNU6-297P,Pseudogene,RNU6,1.2335539663629311,0.28099998831749,0,0,-0.1447938117185204,0.10429317470381544,True Pseudogene
RNU6-298P,Pseudogene,RNU6,1.2663540581220332,0.214000001549721,2.83,0,0.3340399876612008,0.259843694533735,True Pseudogene
RNU6-299P,Pseudogene,RNU6,1.146231330323029,-0.042000001296401,0.73,0,0.6957648655136367,-0.13470799549284262,True Pseudogene
RNU6-29P,Pseudogene,RNU6,1.103706180429991,0.486999988555908,0,0.07,-0.31018609014961834,0.4295273458461863,True Pseudogene
RNU6-300P,Pseudogene,RNU6,0.9351537659978092,-0.212999999523163,0,0,1.122625044903997,-0.2678704336417016,True Pseudogene
RNU6-301P,Pseudogene,RNU6,1.0712442339467558,-0.101000003516674,0.36,0,0.9447976658448475,-0.14869485557323536,True Pseudogene
RNU6-302P,Pseudogene,RNU6,1.4283256452623412,-0.212999999523163,2.66,0,0.7594649576019892,-0.4291669541880818,True Pseudogene
RNU6-303P,Pseudogene,RNU6,0.1966091475682725,0.272000014781952,0,0.23,0.6465764737398244,0.4711254187623729,True Pseudogene
RNU6-304P,Pseudogene,RNU6,1.4283256452623412,0.194999992847443,0,0,-0.028205414535039636,0.1659433569745464,True Pseudogene
RNU6-306P,Pseudogene,RNU6,1.3958636987791062,0.28099998831749,0.67,0,-0.27241865656277525,0.1998109043422872,True Pseudogene
RNU6-307P,Pseudogene,RNU6,0.8847411640572264,-0.016499999910593,0,0,0.8060211670955616,-0.01648587599682403,True Pseudogene
RNU6-308P,Pseudogene,RNU6,1.2335539663629311,-0.356000006198883,0.26,0,1.374014363503867,-0.4477554034374212,True Pseudogene
RNU6-309P,Pseudogene,RNU6,1.1468866941482565,0.356000006198883,0,0,-0.2754402936332619,0.1927189551195791,True Pseudogene
RNU6-30P,Pseudogene,RNU6,1.103706180429991,0.239999994635582,0.09,0,0.21780064995841342,0.1954333096181189,True Pseudogene
RNU6-310P,Pseudogene,RNU6,1.3634017522958712,0.347000002861023,1.38,0,-0.2267075518152886,0.1880638113706805,True Pseudogene
RNU6-311P,Pseudogene,RNU6,1.191862642938384,0.305999994277954,0,0,-0.12614923656037486,0.14697001456691638,True Pseudogene
RNU6-312P,Pseudogene,RNU6,0.4220053042820553,0.0109999999403954,11.55,0,1.1864193878215548,0.20746750341022013,True Pseudogene
RNU6-313P,Pseudogene,RNU6,0.7753188110951224,0.194999992847443,0.34,0,0.31056671397706415,0.26692033526417025,True Pseudogene
RNU6-314P,Pseudogene,RNU6,1.3693323002110775,-0.309499993920326,0.69,0,0.9958799127738395,-0.5267707792704821,True Pseudogene
RNU6-315P,Pseudogene,RNU6,1.0712442339467558,0.165999993681908,0,0,0.35325275770120323,0.10458495428886073,True Pseudogene
RNU6-316P,Pseudogene,RNU6,1.0712442339467558,-0.140000000596046,1.18,0,0.9718323518765521,-0.18245180881469808,True Pseudogene
RNU6-317P,Pseudogene,RNU6,1.168630073396461,0.118000000715256,0,0,0.48846149063086336,0.21038519422745355,True Pseudogene
RNU6-318P,Pseudogene,RNU6,1.7198528345535296,0.239999994635582,0,0,-0.2687958480451622,0.04218988342468289,True Pseudogene
RNU6-319P,Pseudogene,RNU6,2.026166492995253,0.214000001549721,0,0.63,-0.6461047810072067,-0.2586981962915169,False Pseudogene
RNU6-31P,Pseudogene,RNU6,0.9648411871405967,0.152999997138977,0,0,0.8791154974243405,0.22341366969932927,True Pseudogene
RNU6-320P,Pseudogene,RNU6,1.081350311625499,0.30799999833107,0,0,-0.047253432973664126,0.1941152553866301,True Pseudogene
RNU6-321P,Pseudogene,RNU6,1.3107276504551504,0.44200000166893,0.24,0,-0.49290807604123704,0.24188916497639545,True Pseudogene
RNU6-322P,Pseudogene,RNU6,1.450071997760819,0.214000001549721,2.07,0,-0.22956734553667207,-0.07931351766150561,True Pseudogene
RNU6-323P,Pseudogene,RNU6,1.330939805812636,0.263999998569489,0.36,0,-0.18087691257197058,0.08101708595021014,True Pseudogene
RNU6-324P,Pseudogene,RNU6,1.1796548854096351,-0.159999996423721,0,0,1.0220921493422468,-0.23114210047389053,True Pseudogene
RNU6-325P,Pseudogene,RNU6,1.455531848029243,0.30799999833107,0,0,-0.4286649048308588,0.014625347634665841,True Pseudogene
RNU6-326P,Pseudogene,RNU6,1.5906353776785165,0.197999998927116,0,0,0.019630247123373735,-0.04397025777161631,True Pseudogene
RNU6-327P,Pseudogene,RNU6,1.3674914463410033,0.0099999997764825,0.85,0,0.2829505878543962,-0.21417476844136757,True Pseudogene
RNU6-328P,Pseudogene,RNU6,2.424846153342028,-0.225499995052814,0,0.39,-0.015320811912253552,-0.821719176319047,True Pseudogene
RNU6-329P,Pseudogene,RNU6,1.136168126913226,0.30799999833107,0,0,-0.015532927834061941,0.2304645870769324,True Pseudogene
RNU6-32P,Pseudogene,RNU6,1.0712442339467558,0.342000007629395,0.04,0,0.11291592571183731,0.34515002197452427,True Pseudogene
RNU6-330P,Pseudogene,RNU6,1.0712442339467558,0.202000007033348,0,0,0.20200207883902166,0.12566727786638332,True Pseudogene
RNU6-331P,Pseudogene,RNU6,1.006320340980286,0.30799999833107,0.22,0,0.12410487734088851,0.2736999624684853,True Pseudogene
RNU6-332P,Pseudogene,RNU6,1.0291639329499698,0.359999999403954,0,0,-0.10078927396112616,0.2790816039809817,True Pseudogene
RNU6-333P,Pseudogene,RNU6,1.5257114847120463,0.0769999995827675,0,0,0.2129895092683308,0.08195653753529641,True Pseudogene
RNU6-334P,Pseudogene,RNU6,1.0215965510900435,-0.013499999884516,0,0,0.5648393740192258,-0.12928638850810437,True Pseudogene
RNU6-335P,Pseudogene,RNU6,1.3217470422067643,-0.241999998688698,0.33,0,0.9216889304228086,-0.4134083708788673,True Pseudogene
RNU6-336P,Pseudogene,RNU6,1.201092019879696,0.232999995350838,0,0,-0.025180899321150516,0.16989071346438503,True Pseudogene
RNU6-337P,Pseudogene,RNU6,1.3107276504551504,-0.059000002220273,0,0,0.5468369039510506,-0.21493357763086113,True Pseudogene
RNU6-338P,Pseudogene,RNU6,0.8931672703815808,0.118000000715256,0.29,0,0.734945723497703,0.3921451826730831,True Pseudogene
RNU6-339P,Pseudogene,RNU6,1.2335539663629311,-0.180999994277954,0,0,0.9110803010745384,-0.30094759869132387,True Pseudogene
RNU6-33P,Pseudogene,RNU6,1.4607875917455764,0.114000000059605,4.36,0,0.2789858857855596,-0.05297695164603547,True Pseudogene
RNU6-340P,Pseudogene,RNU6,1.266015912846166,-0.193000003695488,0,0,1.0457490186556608,-0.04469202272253932,True Pseudogene
RNU6-341P,Pseudogene,RNU6,1.3748986916753505,0.167000003159046,0.33,0,-0.0014402728849239384,-0.04907522600491059,True Pseudogene
RNU6-342P,Pseudogene,RNU6,0.6345686269270847,0.30799999833107,0.27,0,0.3119340858251284,0.36869113095748823,True Pseudogene
RNU6-343P,Pseudogene,RNU6,1.2357389050685337,-0.0880000032484531,3.69,0,0.8913005872608377,-0.13459638030346555,True Pseudogene
RNU6-344P,Pseudogene,RNU6,1.3142701576185425,0.305999994277954,0,0,-0.2053251374874981,0.133552247514892,True Pseudogene
RNU6-345P,Pseudogene,RNU6,0.9413964480138156,-0.0839999988675117,0,0,0.9929751279783372,-0.0856418441278398,True Pseudogene
RNU6-346P,Pseudogene,RNU6,0.938764398298959,0.193000003695488,3.65,0,0.25405672506940175,0.13405725455416148,True Pseudogene
RNU6-347P,Pseudogene,RNU6,1.0254883474751486,-0.172000005841255,0,0,0.9804896859841834,-0.23917677457162545,True Pseudogene
RNU6-348P,Pseudogene,RNU6,1.3634017522958712,-0.239999994635582,0,0,0.9550175644105628,-0.38960672101165383,True Pseudogene
RNU6-349P,Pseudogene,RNU6,1.4932495382288111,0.214000001549721,0,0,-0.5474309955370606,-0.15576788265979497,True Pseudogene
RNU6-34P,Pseudogene,RNU6,2.012640681960572,-0.152999997138977,0,0.38,0.2968222412862986,-0.5491238510630169,True Pseudogene
RNU6-351P,Pseudogene,RNU6,1.5977770059048282,0.30799999833107,0,0,-0.5838402839092244,-0.022520296456689147,True Pseudogene
RNU6-352P,Pseudogene,RNU6,0.8764725550473457,-0.185000002384186,0,0,1.1889895655465061,-0.1857624716726961,True Pseudogene
RNU6-353P,Pseudogene,RNU6,1.6402300181390144,0.296000003814697,0,0,-0.29883204827908283,0.02660574792393499,True Pseudogene
RNU6-354P,Pseudogene,RNU6,1.266015912846166,-0.226999998092651,0.74,0,1.0296420071453967,-0.35133027597746885,True Pseudogene
RNU6-355P,Pseudogene,RNU6,1.1689422074972615,0.248500004410744,0.03,0,0.05577279665292003,0.13142490129519657,True Pseudogene
RNU6-356P,Pseudogene,RNU6,1.3958636987791062,0.211999997496605,0,0,-0.10731190072836436,-0.0160666987719228,True Pseudogene
RNU6-358P,Pseudogene,RNU6,1.0188722936204702,0.239999994635582,1.17,0,0.22305594414950597,0.20699711991432826,True Pseudogene
RNU6-359P,Pseudogene,RNU6,1.2221321703780892,0.17399999499321,0,0,0.2192325299700267,0.2075895989168184,True Pseudogene
RNU6-35P,Pseudogene,RNU6,0.9413964480138156,0.164000004529953,0,0,0.6281437828223937,0.23089624228219055,True Pseudogene
RNU6-360P,Pseudogene,RNU6,0.7681620220696289,0.0549999997019768,0,0,0.9211116128218996,0.14929749197914388,True Pseudogene
RNU6-361P,Pseudogene,RNU6,1.006320340980286,0.279000014066696,0,0,0.1840574055528822,0.23655075519451502,True Pseudogene
RNU6-362P,Pseudogene,RNU6,1.3893713094824591,-0.0684999991208315,0,0,0.551085228110946,-0.060600479250913435,True Pseudogene
RNU6-363P,Pseudogene,RNU6,0.8270067318347971,0.136999994516373,0,0,0.44372482173903166,0.11203033727682914,True Pseudogene
RNU6-364P,Pseudogene,RNU6,1.4283256452623412,0.30799999833107,0,0,-0.25219879759889885,0.09351072349980671,True Pseudogene
RNU6-365P,Pseudogene,RNU6,1.6711777543303166,-0.0425000004470348,0,0,0.13981830171520968,-0.3916346020405967,True Pseudogene
RNU6-366P,Pseudogene,RNU6,0.7864365902730902,0.30799999833107,0,0,0.10149311573958773,0.4374127614639491,True Pseudogene
RNU6-367P,Pseudogene,RNU6,1.3893713094824591,0.305000007152557,0,0,-0.3783750334839828,0.0470226285333299,True Pseudogene
RNU6-368P,Pseudogene,RNU6,0.3895433577988203,0.407000005245209,0,0.01,0.38314853010051936,0.6069483537383333,True Pseudogene
RNU6-369P,Pseudogene,RNU6,1.770767355222742,-0.122499998658895,0,0,0.5584005647253009,-0.5229774121036399,True Pseudogene
RNU6-36P,Pseudogene,RNU6,2.142488467893512,0.0850000008940697,0.03,0.43,-0.23130628915661708,-0.36124715284270426,True Pseudogene
RNU6-370P,Pseudogene,RNU6,1.2357389050685337,0.282999992370605,0,0,-0.06276085014899795,-0.008992716737077829,True Pseudogene
RNU6-371P,Pseudogene,RNU6,1.1899707974734026,-0.171499997377396,0,0,0.9469073364195895,-0.25737916757102625,True Pseudogene
RNU6-373P,Pseudogene,RNU6,1.098737515151945,0.30799999833107,0,0,-0.017911620716645645,0.205211460834455,True Pseudogene
RNU6-374P,Pseudogene,RNU6,1.801036882662447,0.282000005245209,0,0.01,-0.6804294692255629,-0.14840996593762149,True Pseudogene
RNU6-375P,Pseudogene,RNU6,1.4935741576936437,-0.0370000004768372,0,0,0.0158771236659861,-0.3826162222518529,True Pseudogene
RNU6-376P,Pseudogene,RNU6,0.9830457378413626,0.238000005483627,0,0,0.3390354350005427,0.3237714349739426,True Pseudogene
RNU6-377P,Pseudogene,RNU6,0.885383677611371,0.0105000003241002,1.56,0,0.6535381638951413,-0.02307806100716628,True Pseudogene
RNU6-378P,Pseudogene,RNU6,1.266015912846166,0.30799999833107,0,0,-0.06668084064113816,0.17083472459518925,True Pseudogene
RNU6-379P,Pseudogene,RNU6,1.0353488123547172,0.194999992847443,5.7,0,0.6567716043833028,-0.09384923650793078,True Pseudogene
RNU6-37P,Pseudogene,RNU6,1.6880212171282214,-0.234999999403954,1.93,0,1.1317670753925948,-0.48303393781332576,True Pseudogene
RNU6-380P,Pseudogene,RNU6,1.5257114847120463,-0.116999998688698,0,0,0.5744280315661608,-0.35762834303741936,True Pseudogene
RNU6-381P,Pseudogene,RNU6,1.5437458994249549,-0.140000000596046,0,0,0.5212842872454013,-0.413913487174341,True Pseudogene
RNU6-382P,Pseudogene,RNU6,1.04858212036412,0.282999992370605,0,0,0.010508839090078128,0.20060030541005783,True Pseudogene
RNU6-383P,Pseudogene,RNU6,0.6651245630501135,0.30799999833107,0,0,0.3569267252909821,0.39430049552486074,True Pseudogene
RNU6-384P,Pseudogene,RNU6,1.2023405562828977,0.327500000596046,0.69,0,-0.17478095026715332,0.09709139984287267,True Pseudogene
RNU6-386P,Pseudogene,RNU6,0.6492389296647005,-0.0759999975562096,0,0,1.0515401194268965,-0.10899407313525654,True Pseudogene
RNU6-387P,Pseudogene,RNU6,0.7608461932880134,0.214000001549721,0.73,0,0.3304847136831138,0.2990126284234274,True Pseudogene
RNU6-388P,Pseudogene,RNU6,0.860087001108189,-0.282000005245209,1.7,0,1.1095996788686704,-0.3422091868233438,True Pseudogene
RNU6-389P,Pseudogene,RNU6,1.0254883474751486,-0.172000005841255,0.31,0,0.7206754318748329,-0.31118123724154445,True Pseudogene
RNU6-38P,Pseudogene,RNU6,1.2335539663629311,0.214000001549721,0,0,0.1864595950084016,0.1228588660882322,True Pseudogene
RNU6-390P,Pseudogene,RNU6,1.0116781379726645,0.279000014066696,0,0,-0.019948213814087987,0.17845623402697827,True Pseudogene
RNU6-391P,Pseudogene,RNU6,0.7681620220696289,0.287000000476837,0,0,0.30759292705271735,0.2977610696745829,True Pseudogene
RNU6-392P,Pseudogene,RNU6,1.272444021060668,-0.238000005483627,0,0,0.9418386701696055,-0.38604601186593546,True Pseudogene
RNU6-393P,Pseudogene,RNU6,0.9413964480138156,0.20100000500679,0,0,0.5152389956232132,0.23876418878530012,True Pseudogene
RNU6-394P,Pseudogene,RNU6,1.103706180429991,0.0149999996647239,0,0,0.23367183955664234,-0.1745873596877945,True Pseudogene
RNU6-395P,Pseudogene,RNU6,0.8192047815344689,0.296999990940094,0.32,0,0.29960223141438624,0.5823435513352331,True Pseudogene
RNU6-396P,Pseudogene,RNU6,1.2570502323888917,0.261999994516373,8.18,0,-0.14984857136465746,0.0748644562194143,True Pseudogene
RNU6-397P,Pseudogene,RNU6,2.003900927138162,0.253000006079674,0,0.67,-1.073200682799953,-0.3314989391066161,False Pseudogene
RNU6-398P,Pseudogene,RNU6,1.3065188919445143,-0.180000007152557,0,0,0.9616602701888896,-0.3045720056498484,True Pseudogene
RNU6-399P,Pseudogene,RNU6,1.2405100977521957,-0.14750000089407,0,0,0.8021950746247484,-0.28058893640260385,True Pseudogene
RNU6-3P,Pseudogene,RNU6,1.168630073396461,0.172999992966652,1.75,0,0.39734520581230887,0.143121536947144,True Pseudogene
RNU6-400P,Pseudogene,RNU6,1.4090322242392863,0.319000005722046,0,0,-0.34772766068779365,0.08856328997919478,True Pseudogene
RNU6-401P,Pseudogene,RNU6,1.230172513604261,-0.0245000002905726,0,0,0.507598657011453,-0.1764883055270711,True Pseudogene
RNU6-402P,Pseudogene,RNU6,1.2140137655671974,-0.150000005960464,0,0,0.8967580170620569,-0.2622031246339362,True Pseudogene
RNU6-403P,Pseudogene,RNU6,0.801560370855265,-0.0600000005215406,0,0,0.9948543593850993,-0.028308714037644428,True Pseudogene
RNU6-405P,Pseudogene,RNU6,1.23148820613218,0.347000002861023,0,0,-0.24064130855280325,-0.027630462405600652,True Pseudogene
RNU6-406P,Pseudogene,RNU6,1.5581734311952813,0.293000012636185,0,0,-0.49113009680484276,-0.38861144587655116,True Pseudogene
RNU6-407P,Pseudogene,RNU6,1.2357389050685337,0.114000000059605,0.38,0,0.15571189220706738,0.042406379682657744,True Pseudogene
RNU6-408P,Pseudogene,RNU6,1.3893713094824591,0.152999997138977,0,0,-0.03280082832744318,-0.0752688822897114,True Pseudogene
RNU6-409P,Pseudogene,RNU6,1.1689422074972615,0.20100000500679,0.25,0,0.14401642607102147,0.07650580501934513,True Pseudogene
RNU6-40P,Pseudogene,RNU6,1.330939805812636,0.118000000715256,0,0,0.4494842403097863,0.036796782174631004,True Pseudogene
RNU6-410P,Pseudogene,RNU6,1.266015912846166,-0.0740000009536743,0,0,0.4847467434877533,-0.2918761760949609,True Pseudogene
RNU6-411P,Pseudogene,RNU6,1.3958636987791062,0.30799999833107,0.09,0,-0.2005894870614174,0.10790750811818463,True Pseudogene
RNU6-412P,Pseudogene,RNU6,1.2124230766710138,0.30799999833107,0,0,-0.2500731228334548,0.111480729525363,True Pseudogene
RNU6-413P,Pseudogene,RNU6,1.168630073396461,0.090999998152256,0,0,0.31691553405372513,-0.04901873717142079,True Pseudogene
RNU6-414P,Pseudogene,RNU6,0.7013653244983569,0.123000003397465,0,0,0.8057657899183261,0.2388843782656885,True Pseudogene
RNU6-415P,Pseudogene,RNU6,1.4681500950716708,0.277999997138977,0.99,0,-0.4410982176588129,-0.03734351532686965,True Pseudogene
RNU6-416P,Pseudogene,RNU6,0.9779555333735755,0.202999994158745,0,0,0.15078477559734416,0.29275557316134515,True Pseudogene
RNU6-417P,Pseudogene,RNU6,1.9477167889941016,0.177000001072884,0,0.55,-0.4131103998439432,-0.18565507055508695,False Pseudogene
RNU6-418P,Pseudogene,RNU6,0.9738583944970508,-0.0700000002980232,5.48,0,0.9959062119727772,-0.04747901151482623,True Pseudogene
RNU6-419P,Pseudogene,RNU6,1.433478335180315,0.347000002861023,0,0,-0.47709651071246056,0.17098468440920833,True Pseudogene
RNU6-41P,Pseudogene,RNU6,1.2335539663629311,0.0549999997019768,0,0,0.8705374816909376,-0.02847258363760927,True Pseudogene
RNU6-420P,Pseudogene,RNU6,1.298477859329401,0.361000001430511,0,0,-0.35455098923779005,0.1558859336519465,True Pseudogene
RNU6-421P,Pseudogene,RNU6,1.201092019879696,0.003000000026077,0.08,0,0.6138146104424924,-0.31865413481353905,True Pseudogene
RNU6-422P,Pseudogene,RNU6,0.9738583944970508,-0.138999998569489,0,0,1.065848354730224,-0.15813237090804852,True Pseudogene
RNU6-424P,Pseudogene,RNU6,0.5623645776476621,0.130999997258186,0,0,0.6393869624325226,0.20621693240958938,True Pseudogene
RNU6-425P,Pseudogene,RNU6,0.7491708041326987,-0.046000000089407,0,0,0.9323262343189034,0.0756382575368042,True Pseudogene
RNU6-426P,Pseudogene,RNU6,1.217490322742361,0.115000002086163,0,0,-0.08850519739714456,-0.13126885923886272,True Pseudogene
RNU6-428P,Pseudogene,RNU6,1.0387822874635209,0.30799999833107,0,0,0.06045407025994633,0.25433042103019343,True Pseudogene
RNU6-429P,Pseudogene,RNU6,1.3829390349015218,-0.222000002861023,0,0,1.048412733657181,-0.3457042435318499,True Pseudogene
RNU6-42P,Pseudogene,RNU6,1.5581734311952813,0.592000007629395,0.05,0.4,-0.9115276986332711,0.32905520669215144,True Pseudogene
RNU6-430P,Pseudogene,RNU6,1.6880212171282214,-0.143999993801117,0.47,0,0.6058666990109952,-0.8435493714212938,True Pseudogene
RNU6-431P,Pseudogene,RNU6,1.3958636987791062,0.30799999833107,0,0,-0.15955437878956066,0.12926552856213833,True Pseudogene
RNU6-432P,Pseudogene,RNU6,1.115321005318488,-0.230000004172325,0,0,1.0573789172669554,-0.33651605201320184,True Pseudogene
RNU6-433P,Pseudogene,RNU6,0.801560370855265,-0.188500002026558,0,0,1.2447045064105886,0.1826846158391694,True Pseudogene
RNU6-434P,Pseudogene,RNU6,0.7466247691144057,0.20100000500679,0.06,0,0.9127694775909523,0.4665876537867546,True Pseudogene
RNU6-435P,Pseudogene,RNU6,1.157809424568716,0.0189999993890524,0,0,0.547925025166801,0.12800893322031726,True Pseudogene
RNU6-436P,Pseudogene,RNU6,0.5484360432167602,0.325499996542931,0,0,0.3387505600281846,0.4477394818970481,True Pseudogene
RNU6-437P,Pseudogene,RNU6,1.9743697555803368,0.305000007152557,0.28,0.59,-0.6460944166842223,0.23801721259365832,False Pseudogene
RNU6-438P,Pseudogene,RNU6,0.910510324175398,-0.068000003695488,0,0,0.9101142266703759,-0.07552427566153128,True Pseudogene
RNU6-439P,Pseudogene,RNU6,1.6384095630689377,0.214000001549721,0,0,-0.287841836672286,-0.09679377455316249,True Pseudogene
RNU6-43P,Pseudogene,RNU6,1.330939805812636,-0.41100001335144,0.56,0,1.5871629114874874,-0.13567010799884788,True Pseudogene
RNU6-440P,Pseudogene,RNU6,0.5954448469210539,-0.123000003397465,0,0,1.3926503761490323,0.05481134698380052,True Pseudogene
RNU6-441P,Pseudogene,RNU6,1.4418004155006654,-0.110500004142523,0,0,0.624854940223272,-0.3111535294330625,True Pseudogene
RNU6-442P,Pseudogene,RNU6,1.3025356026398056,0.304499998688698,0,0,-0.24823065923394733,0.10054220746927793,True Pseudogene
RNU6-444P,Pseudogene,RNU6,1.157809424568716,0.33899998664856,2.87,0,-0.32435187901110984,0.13634623013887376,True Pseudogene
RNU6-445P,Pseudogene,RNU6,1.136168126913226,0.305000007152557,0,0,-0.04203312782962623,0.21402914089557096,True Pseudogene
RNU6-446P,Pseudogene,RNU6,1.0158139291027417,0.381999999284744,1.46,0,-0.2696902193732314,0.31356577164473975,True Pseudogene
RNU6-447P,Pseudogene,RNU6,0.9685521147834452,0.25,0.07,0,0.15138132820988798,0.18983556668929588,True Pseudogene
RNU6-448P,Pseudogene,RNU6,1.2335539663629311,-0.046000000089407,0.26,0,0.5254287609745244,-0.20867989322122066,True Pseudogene
RNU6-449P,Pseudogene,RNU6,1.330939805812636,-0.108999997377396,0,0,0.6149015769207906,-0.31924163206654027,True Pseudogene
RNU6-44P,Pseudogene,RNU6,1.266015912846166,0.29899999499321,0,0,-0.024829491828363578,0.18487814893363405,True Pseudogene
RNU6-450P,Pseudogene,RNU6,1.3634017522958712,0.238000005483627,0,0,0.15209344723532559,0.21846099869126195,True Pseudogene
RNU6-451P,Pseudogene,RNU6,0.9413964480138156,-0.0860000029206276,0,0,1.1902577943250208,-0.6293019705166822,True Pseudogene
RNU6-452P,Pseudogene,RNU6,1.266015912846166,0.211999997496605,0,0,-0.34794642048879854,-0.06370083239575342,True Pseudogene
RNU6-453P,Pseudogene,RNU6,0.9807326890464418,-0.108999997377396,0,0,0.9360372728999827,-0.11021483289593198,True Pseudogene
RNU6-454P,Pseudogene,RNU6,1.103706180429991,-0.207000002264977,0,0,1.3980829766579979,-0.5511019983981678,True Pseudogene
RNU6-455P,Pseudogene,RNU6,1.006320340980286,0.263999998569489,0.21,0,0.23588956116522203,0.03312243490015123,True Pseudogene
RNU6-456P,Pseudogene,RNU6,0.9413964480138156,0.185000002384186,0,0,0.28381783000094307,0.12272794844445205,True Pseudogene
RNU6-457P,Pseudogene,RNU6,2.304798200309687,0.305000007152557,0,0.67,-1.0270595049856162,-0.29227925855549963,False Pseudogene
RNU6-458P,Pseudogene,RNU6,2.142488467893512,-0.284000009298325,0,0.27,0.01363567823121415,-0.8737935015703944,True Pseudogene
RNU6-45P,Pseudogene,RNU6,1.3634017522958712,0.232999995350838,0.35,0,0.24858885772389952,0.3494872048649844,True Pseudogene
RNU6-460P,Pseudogene,RNU6,1.1256480516640297,0.194999992847443,0.72,0,0.14720932312890223,0.0649722494350768,True Pseudogene
RNU6-461P,Pseudogene,RNU6,1.0387822874635209,-0.256000012159348,0.67,0,1.2441735487635848,-0.2936502174228388,True Pseudogene
RNU6-462P,Pseudogene,RNU6,1.3893713094824591,0.30799999833107,0,0,-0.3566884425513862,0.05264711106426784,True Pseudogene
RNU6-463P,Pseudogene,RNU6,1.006320340980286,0.0089999996125698,0,0,0.7607766478003302,-0.015108473277139866,True Pseudogene
RNU6-464P,Pseudogene,RNU6,1.001950463569081,-0.163500003516674,0,0,1.0033422708220607,-0.23044349194822447,True Pseudogene
RNU6-465P,Pseudogene,RNU6,0.0687807578951712,0.277999997138977,0,0.26,0.8746712242346063,0.5882250382171144,True Pseudogene
RNU6-466P,Pseudogene,RNU6,1.1802911609681086,0.30799999833107,0.09,0,-0.20657022485075513,0.144568060746033,True Pseudogene
RNU6-467P,Pseudogene,RNU6,1.4841011714926269,0.338500007987022,5.72,0,-0.20752117352726124,-0.05463806209810523,True Pseudogene
RNU6-468P,Pseudogene,RNU6,1.115321005318488,0.211999997496605,0,0,0.20222780865399334,0.1414769335520552,True Pseudogene
RNU6-469P,Pseudogene,RNU6,0.8597594736896406,-0.223000004887581,0,0,1.2649787247774762,-0.21854759993325407,True Pseudogene
RNU6-46P,Pseudogene,RNU6,1.330939805812636,0.137999996542931,1.09,0,0.3735174664266804,0.05968044639174148,True Pseudogene
RNU6-470P,Pseudogene,RNU6,1.001950463569081,0.211999997496605,0,0,0.2908323605431391,0.16708078790511915,True Pseudogene
RNU6-471P,Pseudogene,RNU6,1.2779594591937713,0.284000009298325,0,0,-0.17388117916173432,0.09516437638718528,True Pseudogene
RNU6-472P,Pseudogene,RNU6,1.4932495382288111,0.284000009298325,0,0,-0.36804172002971014,0.006747978769828363,True Pseudogene
RNU6-473P,Pseudogene,RNU6,0.4220053042820553,-0.167999997735023,0,0,1.5673778022094584,0.05037089254945146,True Pseudogene
RNU6-474P,Pseudogene,RNU6,0.8115486620808757,0.30799999833107,0,0,0.21051384526194014,0.3208242905311368,True Pseudogene
RNU6-475P,Pseudogene,RNU6,1.3025356026398056,-0.163000002503395,0,0,0.7037484621881583,-0.33561474454949364,True Pseudogene
RNU6-476P,Pseudogene,RNU6,1.2335539663629311,0.30799999833107,1.84,0,-0.04035926312040012,0.20566812669942003,True Pseudogene
RNU6-477P,Pseudogene,RNU6,1.4607875917455764,0.214000001549721,0,0,-0.04374585018759781,-0.00320229503085478,True Pseudogene
RNU6-478P,Pseudogene,RNU6,1.2946414474722916,0.214000001549721,0,0,-0.1272041802396992,-0.019087083716170725,True Pseudogene
RNU6-479P,Pseudogene,RNU6,0.7608461932880134,0.0610000006854534,1.37,0,0.4246000100863558,0.008601526125235999,True Pseudogene
RNU6-47P,Pseudogene,RNU6,1.6880212171282214,0.0769999995827675,0.66,0,0.13352955493743918,-0.17647396846454338,True Pseudogene
RNU6-480P,Pseudogene,RNU6,1.201092019879696,-0.104999996721745,0,0,0.9446102139541227,-0.15489744274479364,True Pseudogene
RNU6-481P,Pseudogene,RNU6,0.7790867155976406,-0.184000000357628,0.71,0,1.427429018198043,-0.053274027389204115,True Pseudogene
RNU6-482P,Pseudogene,RNU6,1.5906353776785165,-0.0149999996647239,0,0,0.19316779426682285,-0.19876145702320377,True Pseudogene
RNU6-483P,Pseudogene,RNU6,0.7718729497124773,0.284000009298325,0.42,0,0.19308105688439164,0.2676110161474843,True Pseudogene
RNU6-484P,Pseudogene,RNU6,1.5906353776785165,0.0850000008940697,0.67,0,0.04289004027607213,-0.1803072007143501,True Pseudogene
RNU6-485P,Pseudogene,RNU6,1.0387822874635209,-0.0900000035762787,10.96,0,0.9671385487920132,-0.10419740903477995,True Pseudogene
RNU6-486P,Pseudogene,RNU6,1.103706180429991,0.0270000007003546,0,0,0.6557658182000942,-0.026834073501264648,True Pseudogene
RNU6-487P,Pseudogene,RNU6,0.9351537659978092,0.282000005245209,0,0,0.3490426737268431,0.32317985251925196,True Pseudogene
RNU6-488P,Pseudogene,RNU6,1.0876391564130363,-0.142000004649162,0,0,0.8762394572827568,-0.23537561104573007,True Pseudogene
RNU6-489P,Pseudogene,RNU6,1.0387822874635209,0.144999995827675,0.09,0,0.2552563495184247,0.2159460214266241,True Pseudogene
RNU6-48P,Pseudogene,RNU6,1.006320340980286,0.211999997496605,0.91,0,0.43743229232745334,0.23618869053444286,True Pseudogene
RNU6-490P,Pseudogene,RNU6,1.3958636987791062,0.003000000026077,0.3,0,0.4232678361220873,-0.170707120499241,True Pseudogene
RNU6-491P,Pseudogene,RNU6,1.1367583441220122,-0.0665000006556511,0,0,0.6809221787762759,-0.18954018649510587,True Pseudogene
RNU6-492P,Pseudogene,RNU6,1.2023405562828977,0.421000003814697,0,0,-0.15611980918182633,-0.10447802723561754,True Pseudogene
RNU6-493P,Pseudogene,RNU6,1.318616289092149,0.217999994754791,0,0,-0.08471902309294972,-0.008862456045912301,True Pseudogene
RNU6-494P,Pseudogene,RNU6,1.0806221295974685,-0.134499996900558,0,0,1.0660351736577338,-0.1428538306207321,True Pseudogene
RNU6-495P,Pseudogene,RNU6,1.6880212171282214,0.303999990224838,0.71,0,-0.27163805268791724,-0.025804237095722493,True Pseudogene
RNU6-496P,Pseudogene,RNU6,0.8420432178681572,0.305000007152557,0,0,0.24501404414080435,0.31896632437773326,True Pseudogene
RNU6-497P,Pseudogene,RNU6,1.0353488123547172,0.375999987125397,0,0,-0.07441208941700725,0.43644818160309107,True Pseudogene
RNU6-498P,Pseudogene,RNU6,0.5518530902149955,0.298000007867813,0,0,0.5323144142568408,0.45507865760916977,True Pseudogene
RNU6-499P,Pseudogene,RNU6,1.5906353776785165,-0.149000003933907,0,0,0.6024260259033273,-0.3908096455329346,True Pseudogene
RNU6-49P,Pseudogene,RNU6,1.298477859329401,0.146999999880791,2.66,0,0.3573758628627965,0.3947294243174401,True Pseudogene
RNU6-4P,Pseudogene,RNU6,1.330939805812636,0.360000014305115,0,0,-0.12700259573790115,0.24612044613411987,True Pseudogene
RNU6-500P,Pseudogene,RNU6,1.266015912846166,-0.0209999997168779,0,0,0.5319728758877383,-0.16212074984726477,True Pseudogene
RNU6-501P,Pseudogene,RNU6,0.5557485237929837,0.239999994635582,0,0,0.6486585282854301,0.35762786913193295,True Pseudogene
RNU6-502P,Pseudogene,RNU6,0.9648411871405967,0.214000001549721,0,0,0.41560869084886226,0.14929090419740662,True Pseudogene
RNU6-503P,Pseudogene,RNU6,0.6946856547412297,0.171000003814697,0,0,0.42112815461863456,0.15947327730249602,True Pseudogene
RNU6-504P,Pseudogene,RNU6,0.7681620220696289,0.197999998927116,0,0,0.38970512602090956,0.20042803090799055,True Pseudogene
RNU6-505P,Pseudogene,RNU6,0.8764725550473457,0.214000001549721,0,0,0.250782206044308,0.1615718653264375,True Pseudogene
RNU6-506P,Pseudogene,RNU6,0.775978656891799,0.301999986171722,0,0,0.19670468421943096,0.315050515284148,True Pseudogene
RNU6-507P,Pseudogene,RNU6,1.2851684612712748,0.0360000003129244,0,0,0.20595101015109804,-0.12701761001179723,True Pseudogene
RNU6-508P,Pseudogene,RNU6,1.315181579364464,-0.214000001549721,0,0,0.8913819986373112,-0.3786954935104469,True Pseudogene
RNU6-509P,Pseudogene,RNU6,1.2335539663629311,0.347000002861023,0.99,0,-0.14634524487683015,0.10277020832212355,True Pseudogene
RNU6-50P,Pseudogene,RNU6,0.9779555333735755,0.20100000500679,0.75,0,0.25704641102387954,0.1344012330062838,True Pseudogene
RNU6-510P,Pseudogene,RNU6,1.736714136853074,0.0175000000745058,1.07,0,0.17919344606677512,-0.2738036435008965,True Pseudogene
RNU6-511P,Pseudogene,RNU6,1.168630073396461,-0.241999998688698,0,0,1.3617848845061715,-0.2447245853857715,True Pseudogene
RNU6-512P,Pseudogene,RNU6,0.910510324175398,0.204999998211861,0,0,0.3557689113505817,0.18204328050944749,True Pseudogene
RNU6-513P,Pseudogene,RNU6,1.9371042295668903,0.28600001335144,2.93,0.41,-0.7146701287315604,-0.19395726817040188,True Pseudogene
RNU6-514P,Pseudogene,RNU6,1.4283256452623412,0.252000004053116,0,0,-0.08399758481963883,0.05164120002784741,True Pseudogene
RNU6-516P,Pseudogene,RNU6,1.4027306489967135,0.28999999165535,4.16,0,-0.2680151741536111,0.18837047846542063,True Pseudogene
RNU6-517P,Pseudogene,RNU6,0.8525687580915091,-0.0925000011920929,0,0,1.2209970499603364,-0.1698292990137938,True Pseudogene
RNU6-518P,Pseudogene,RNU6,1.157809424568716,0.284000009298325,0,0,-0.026050605111015167,0.10049961253451097,True Pseudogene
RNU6-519P,Pseudogene,RNU6,1.1899707974734026,0.214000001549721,0,0,0.08550968180921198,0.0010198436995902816,True Pseudogene
RNU6-520P,Pseudogene,RNU6,0.6345686269270847,-0.25900000333786,0,0,1.5097247779464718,-0.16132336937839623,True Pseudogene
RNU6-521P,Pseudogene,RNU6,0.2646421541871351,0.296000003814697,0,0.07,0.4992629905943221,0.5515276908174344,True Pseudogene
RNU6-522P,Pseudogene,RNU6,1.3634017522958712,-0.0579999983310699,0,0,0.5307982020597598,-0.240466465451379,True Pseudogene
RNU6-523P,Pseudogene,RNU6,1.286454916187462,0.165999993681908,0,0,-0.03387490131480366,-0.05469414108337918,True Pseudogene
RNU6-524P,Pseudogene,RNU6,1.2335539663629311,0.284000009298325,0,0,-0.08378710764412385,0.1526251043210702,True Pseudogene
RNU6-525P,Pseudogene,RNU6,1.1689422074972615,0.30799999833107,0,0,-0.3345623717211481,0.07752501078249685,True Pseudogene
RNU6-526P,Pseudogene,RNU6,1.6384095630689377,-0.229000002145767,0,0,0.6628970711858343,-0.5239073954776379,True Pseudogene
RNU6-527P,Pseudogene,RNU6,1.0353488123547172,0.347000002861023,0.27,0,0.005478772009325855,0.2899843125839784,True Pseudogene
RNU6-528P,Pseudogene,RNU6,1.1809656130600903,0.30799999833107,0,0,-0.24709701094764644,0.09691124535408095,True Pseudogene
RNU6-529P,Pseudogene,RNU6,1.0353488123547172,0.144999995827675,0,0,0.8213288230632856,-0.2114895676764333,True Pseudogene
RNU6-530P,Pseudogene,RNU6,1.0387822874635209,0.0419999994337559,3.27,0,0.502667364683731,-0.04996745879018231,True Pseudogene
RNU6-531P,Pseudogene,RNU6,1.3693323002110775,0.305000007152557,1.89,0,-0.2744251415101106,0.09553871712855132,True Pseudogene
RNU6-532P,Pseudogene,RNU6,1.136168126913226,0.30799999833107,0,0,-0.0015265905935476802,0.3127004780310774,True Pseudogene
RNU6-533P,Pseudogene,RNU6,1.6230973241617517,0.305000007152557,0,0,-0.3244516912150051,0.2665882681864494,True Pseudogene
RNU6-534P,Pseudogene,RNU6,0.7864365902730902,0.0564999990165234,0.37,0,0.6635048153252415,0.05340787633648105,True Pseudogene
RNU6-535P,Pseudogene,RNU6,1.266015912846166,-0.172000005841255,0,0,0.8378591776065993,-0.31661794462363824,True Pseudogene
RNU6-536P,Pseudogene,RNU6,1.298477859329401,0.301999986171722,0,0,-0.17576554819427917,0.17142516561604962,True Pseudogene
RNU6-537P,Pseudogene,RNU6,0.9442329287744868,0.263999998569489,0,0,0.1470514460284717,0.22833771864823305,True Pseudogene
RNU6-538P,Pseudogene,RNU6,0.7790867155976406,-0.116999998688698,0,0,1.1956519566417163,-0.039581220396753235,True Pseudogene
RNU6-539P,Pseudogene,RNU6,1.5175172069589966,0.30799999833107,0,0,-0.2833918329146383,0.07097877752038399,True Pseudogene
RNU6-53P,Pseudogene,RNU6,1.2451912679323929,-0.025000000372529,0.37,0,0.5258185392541311,-0.28261321026660835,True Pseudogene
RNU6-540P,Pseudogene,RNU6,1.272444021060668,-0.0439999997615814,2.77,0,0.5348773347213118,-0.20781384675790307,True Pseudogene
RNU6-541P,Pseudogene,RNU6,1.1367583441220122,0.30799999833107,0.35,0,-0.012543488190968895,0.20078355849766308,True Pseudogene
RNU6-542P,Pseudogene,RNU6,0.8430651149772205,0.347000002861023,0,0,-0.12109272391730465,0.279887854609197,True Pseudogene
RNU6-543P,Pseudogene,RNU6,1.3829390349015218,0.28600001335144,0,0,-9.283852394304334e-4,-0.16643222684549647,True Pseudogene
RNU6-544P,Pseudogene,RNU6,1.330939805812636,-0.19200000166893,0,0,0.8470014363987414,-0.353266035476855,True Pseudogene
RNU6-545P,Pseudogene,RNU6,1.5697223929248938,0.152999997138977,0,0,-0.14386576298571696,-0.1449630041527019,True Pseudogene
RNU6-546P,Pseudogene,RNU6,0.5193911437317604,0.214000001549721,0,0,0.6557439811596029,0.3586061637264773,True Pseudogene
RNU6-547P,Pseudogene,RNU6,0.9194368959810392,0.293999999761581,0,0,0.15545401509863374,-0.13066019519352062,True Pseudogene
RNU6-548P,Pseudogene,RNU6,0.9363154476947008,-0.186000004410744,2.65,0,1.3927814139017203,-0.11135994901791899,True Pseudogene
RNU6-549P,Pseudogene,RNU6,1.4607875917455764,0.305000007152557,5.87,0,-0.1341040597636122,0.047719179858873896,True Pseudogene
RNU6-54P,Pseudogene,RNU6,1.298477859329401,0.164000004529953,0,0,0.06983941730019352,-0.020641512045784127,True Pseudogene
RNU6-550P,Pseudogene,RNU6,0.7909787157944694,-0.0410000011324883,0.23,0,0.8893474597009803,-0.027655985594454403,True Pseudogene
RNU6-551P,Pseudogene,RNU6,0.9442329287744868,0.30799999833107,0,0,0.11028441291197157,0.28046223900399003,True Pseudogene
RNU6-552P,Pseudogene,RNU6,1.0215965510900435,0.214000001549721,0,0,0.3232722577740426,0.18298480196066294,True Pseudogene
RNU6-553P,Pseudogene,RNU6,1.3748986916753505,0.078999999910593,0.71,0,0.20271776070525238,-0.11984646226744052,True Pseudogene
RNU6-554P,Pseudogene,RNU6,1.376264032977908,-0.261000007390976,0,0,1.2061050399246231,-0.38964124058901223,True Pseudogene
RNU6-555P,Pseudogene,RNU6,0.9830457378413626,-0.0654999986290932,0,0,0.7617130494657962,-0.1453171058769592,True Pseudogene
RNU6-556P,Pseudogene,RNU6,1.356291040209067,0.30799999833107,0,0,-0.22791435249565947,0.09453578422589565,True Pseudogene
RNU6-557P,Pseudogene,RNU6,1.0104518614417886,0.261999994516373,0,0,0.45318781514141177,0.35093647153111884,True Pseudogene
RNU6-558P,Pseudogene,RNU6,1.4027306489967135,0.30799999833107,0,0,0.09347999606069492,0.3462225867731611,True Pseudogene
RNU6-559P,Pseudogene,RNU6,1.1341806608020075,0.301999986171722,0,0,-0.02342832504832673,-0.24942153883883866,True Pseudogene
RNU6-55P,Pseudogene,RNU6,0.8115486620808757,-0.116500001400709,0,0,1.1041305627721834,-0.06954545550153633,True Pseudogene
RNU6-560P,Pseudogene,RNU6,1.4794231536155815,-0.136000007390976,0,0,0.6514073621710055,-0.3358414738767591,True Pseudogene
RNU6-561P,Pseudogene,RNU6,0.9194368959810392,0.390000000596046,0,0,-0.09974706135669896,0.33646073813781163,True Pseudogene
RNU6-562P,Pseudogene,RNU6,0.9413964480138156,0.120999999344349,0,0,0.5160179493459232,0.09264412817798012,True Pseudogene
RNU6-563P,Pseudogene,RNU6,0.9326798142359102,-0.028999999165535,0,0,0.8364638726196919,-0.04559782772768413,True Pseudogene
RNU6-564P,Pseudogene,RNU6,1.2691372538541694,0.0604999996721745,1.23,0,0.36569898395544065,-0.08619556712302481,True Pseudogene
RNU6-565P,Pseudogene,RNU6,1.3893713094824591,-0.150999993085861,0,0,0.6331112846317927,-0.3611545240873479,True Pseudogene
RNU6-566P,Pseudogene,RNU6,1.5581734311952813,-0.096000000834465,0,0,0.2709721746517295,-0.4155326641409079,True Pseudogene
RNU6-567P,Pseudogene,RNU6,1.330939805812636,0.30799999833107,0,0,-0.17721418173068257,0.13902026855660532,True Pseudogene
RNU6-56P,Pseudogene,RNU6,1.6433424090652744,0.312000006437302,0,0,-0.7036125484475284,-0.08939490764357319,True Pseudogene
RNU6-570P,Pseudogene,RNU6,0.860087001108189,-0.188999995589256,0,0,1.1960206682270118,-0.19804157610164455,True Pseudogene
RNU6-571P,Pseudogene,RNU6,1.201092019879696,0.30799999833107,0,0,-0.07243086976434805,0.17668482550894637,True Pseudogene
RNU6-572P,Pseudogene,RNU6,0.9986106286905176,-0.0750000029802322,0,0,0.8543844635489686,0.16943243078617762,True Pseudogene
RNU6-573P,Pseudogene,RNU6,1.736714136853074,0.30799999833107,0,0,-0.728303564752629,-0.11680930373062026,True Pseudogene
RNU6-574P,Pseudogene,RNU6,1.330939805812636,-0.135000005364418,0.55,0,0.8464144059498467,-0.23593442617446866,True Pseudogene
RNU6-575P,Pseudogene,RNU6,0.8270067318347971,-0.0850000008940697,0,0,0.695649838722589,-0.15060315713030487,True Pseudogene
RNU6-576P,Pseudogene,RNU6,1.6005012633744016,0.30799999833107,0,0,-0.538749556765402,-0.02170513171341086,True Pseudogene
RNU6-577P,Pseudogene,RNU6,1.4177258260025094,0.30799999833107,1.62,0,-0.44046438975066465,0.12927013428920184,True Pseudogene
RNU6-578P,Pseudogene,RNU6,1.3826267885626415,0.204999998211861,0,0,-0.432295049986343,-0.11819720168002107,True Pseudogene
RNU6-579P,Pseudogene,RNU6,0.7151175857630304,-0.0685000009834766,0,0,0.7546156838873458,-0.0894765854439949,True Pseudogene
RNU6-57P,Pseudogene,RNU6,1.2140137655671974,-0.330000013113022,0,0,1.1732901009403731,-0.45102724736499766,True Pseudogene
RNU6-580P,Pseudogene,RNU6,0.9738583944970508,0.30799999833107,0,0,0.15434604415110653,0.28809549046878535,True Pseudogene
RNU6-581P,Pseudogene,RNU6,1.356291040209067,-0.0890000015497208,0,0,0.42452416246256613,-0.3450949740869768,True Pseudogene
RNU6-582P,Pseudogene,RNU6,1.3634017522958712,-0.247999995946884,0,0,1.0671395388385287,-0.3711820232932868,True Pseudogene
RNU6-583P,Pseudogene,RNU6,1.3591675853632754,-0.235999993979931,2.75,0,0.7830406480735589,-0.4486479079631066,True Pseudogene
RNU6-584P,Pseudogene,RNU6,1.060309683552403,0.347000002861023,1.13,0,0.26064579725721015,0.10953281099619715,True Pseudogene
RNU6-586P,Pseudogene,RNU6,1.4027306489967135,0.0314999995753169,0,0,0.01677069959126667,-0.19322548991361488,True Pseudogene
RNU6-587P,Pseudogene,RNU6,0.9175093553186052,-0.176500000059605,0,0,1.0942474592655111,-0.21173928989517496,True Pseudogene
RNU6-588P,Pseudogene,RNU6,1.3893713094824591,0.453999996185303,0,0,-0.7051802994931389,0.1980428250171662,True Pseudogene
RNU6-589P,Pseudogene,RNU6,0.7790867155976406,0.293000012636185,1.33,0,0.41991822484771,0.38616249323026086,True Pseudogene
RNU6-58P,Pseudogene,RNU6,1.5175172069589966,0.0329999998211861,0,0,-0.16184446611716152,-0.3292803697843192,True Pseudogene
RNU6-590P,Pseudogene,RNU6,1.4607875917455764,0.0939999967813492,0,0,0.18299477996761254,-0.10716922622115523,True Pseudogene
RNU6-591P,Pseudogene,RNU6,1.081350311625499,0.197999998927116,0,0,0.2070599487608583,0.11984038448059096,True Pseudogene
RNU6-592P,Pseudogene,RNU6,1.112845951769931,-0.230000004172325,0,0,1.2815320455114725,-0.5284454978950562,True Pseudogene
RNU6-593P,Pseudogene,RNU6,1.5196248697464398,-0.214000001549721,0.85,0,0.7935706722957663,-0.4310970824575043,True Pseudogene
RNU6-595P,Pseudogene,RNU6,1.298477859329401,0.293000012636185,0.56,0,-0.06440053443987641,0.14682327534971695,True Pseudogene
RNU6-596P,Pseudogene,RNU6,1.0278512238518194,-0.252999991178513,0,0,1.309822070999175,-0.04032313874780866,True Pseudogene
RNU6-597P,Pseudogene,RNU6,1.3280755164170566,0.30799999833107,0,0,-0.15967629384183463,-0.2306681003755979,True Pseudogene
RNU6-598P,Pseudogene,RNU6,1.3232107709356753,0.30799999833107,0,0,-0.11419909133330934,0.21271427483168173,True Pseudogene
RNU6-599P,Pseudogene,RNU6,1.7854070565779263,-0.20100000500679,0,0,0.4707275293730032,-0.5518243910131035,True Pseudogene
RNU6-59P,Pseudogene,RNU6,1.266015912846166,0.303000003099442,0.73,0,-0.0905716763422361,0.14740390178882123,True Pseudogene
RNU6-5P,Pseudogene,RNU6,1.136168126913226,0.0759999975562096,1.75,0,0.6885166011095892,0.06124458034566114,True Pseudogene
RNU6-600P,Pseudogene,RNU6,0.9823837541795166,0.187999993562698,0,0,0.7246550511887192,0.11858543349276045,True Pseudogene
RNU6-601P,Pseudogene,RNU6,0.6492389296647005,-0.118000000715256,0,0,1.3501056311993818,0.02999998753972235,True Pseudogene
RNU6-602P,Pseudogene,RNU6,1.190889693842108,0.006000000052154,0.09,0,0.4769412098579729,-0.15306864122802535,True Pseudogene
RNU6-603P,Pseudogene,RNU6,1.006320340980286,0.294999986886978,0.26,0,0.10936609861263427,0.24822793704280877,True Pseudogene
RNU6-604P,Pseudogene,RNU6,1.2851684612712748,0.30799999833107,0,0,-0.2801542703105973,0.08155083153698572,True Pseudogene
RNU6-605P,Pseudogene,RNU6,1.2221321703780892,0.305000007152557,0,0,-0.12144991924451656,0.13817717343824862,True Pseudogene
RNU6-606P,Pseudogene,RNU6,1.06393298473882,0.104999996721745,0.66,0,0.3605854135949637,0.014026524970064534,True Pseudogene
RNU6-607P,Pseudogene,RNU6,0.868357068426537,-0.0315000005066395,0,0,0.729925167088307,-0.0762363232983224,True Pseudogene
RNU6-608P,Pseudogene,RNU6,1.60312074171053,0.284000009298325,0,0,-0.542319581439215,-0.05403120949924363,True Pseudogene
RNU6-609P,Pseudogene,RNU6,0.6817008761479356,0.289000004529953,0,0,0.6484553384336879,0.540920933320279,True Pseudogene
RNU6-60P,Pseudogene,RNU6,1.2140137655671974,0.305000007152557,12.28,0,-0.08053893288899905,0.17590239710528363,True Pseudogene
RNU6-610P,Pseudogene,RNU6,1.2335539663629311,-0.160999998450279,0.68,0,0.8632759734803401,-0.2884910215168548,True Pseudogene
RNU6-611P,Pseudogene,RNU6,1.1021455099259891,0.136999994516373,5.55,0,0.4437602333264414,-0.1786896593927322,True Pseudogene
RNU6-612P,Pseudogene,RNU6,0.9534901143507074,0.194999992847443,0,0,0.43360082724946847,0.2739255043833246,True Pseudogene
RNU6-613P,Pseudogene,RNU6,0.9005184413312235,0.214000001549721,0,0,0.30548149834528926,0.18274896917801906,True Pseudogene
RNU6-614P,Pseudogene,RNU6,1.8178690030611613,-0.287000000476837,0,0.01,0.2989343762413907,-0.7423981657031591,True Pseudogene
RNU6-615P,Pseudogene,RNU6,1.1468866941482565,0.30799999833107,0,0,-0.17625283039572365,0.36489183457401897,True Pseudogene
RNU6-616P,Pseudogene,RNU6,0.8115486620808757,0.284000009298325,0,0,0.27362735445140757,0.30295603603987226,True Pseudogene
RNU6-617P,Pseudogene,RNU6,0.9089345015305808,-0.180999994277954,0,0,1.1928325588997044,-0.1567022342491316,True Pseudogene
RNU6-618P,Pseudogene,RNU6,1.147471840420781,0.347000002861023,0.34,0,-0.15837760557741457,0.35197763695426193,True Pseudogene
RNU6-619P,Pseudogene,RNU6,0.6110660851890446,0.0425000004470348,3.06,0,1.049983775257853,0.19768499505896628,True Pseudogene
RNU6-61P,Pseudogene,RNU6,1.2746525775068434,0.194000005722046,0,0,0.21905008870369314,0.33586057283611187,True Pseudogene
RNU6-620P,Pseudogene,RNU6,1.1216278800509438,0.298000007867813,0,0,-0.09171938836145224,0.1639042079961631,True Pseudogene
RNU6-621P,Pseudogene,RNU6,1.2109199486315012,0.214000001549721,1.3,0,0.11178790794641084,0.08893852467600656,True Pseudogene
RNU6-622P,Pseudogene,RNU6,1.281458974765375,0.30799999833107,0,0,-0.19081282852735304,0.12307593951142734,True Pseudogene
RNU6-623P,Pseudogene,RNU6,1.1247291552953242,0.305000007152557,0.97,0,0.07765185669684181,0.4361510621575675,True Pseudogene
RNU6-624P,Pseudogene,RNU6,0.7466247691144057,0.282999992370605,0,0,0.34854326878281433,0.3447000662243186,True Pseudogene
RNU6-625P,Pseudogene,RNU6,1.298477859329401,-0.11599999666214,0,0,0.6266198899626751,-0.10869367833764573,True Pseudogene
RNU6-626P,Pseudogene,RNU6,0.9738583944970508,-0.0729999989271164,0,0,1.00057586613857,-0.0686853210123051,True Pseudogene
RNU6-627P,Pseudogene,RNU6,0.8172772408720348,0.30799999833107,0,0,0.10521257343752034,0.2814126656591132,True Pseudogene
RNU6-628P,Pseudogene,RNU6,1.266015912846166,-0.101000003516674,0.26,0,0.9781655677246195,-0.1595888641322373,True Pseudogene
RNU6-629P,Pseudogene,RNU6,0.6744520919817764,0.30799999833107,0,0,0.235475579893495,0.33918494554086037,True Pseudogene
RNU6-62P,Pseudogene,RNU6,1.2259158613080523,-0.119000002741814,0.56,0,0.7225348399500398,-0.2560482894240092,True Pseudogene
RNU6-630P,Pseudogene,RNU6,0.7864365902730902,0.0084999999962747,0,0,0.9417902683703974,0.07605619426467317,True Pseudogene
RNU6-631P,Pseudogene,RNU6,0.2921575183491152,-0.175999999046326,0,0.07,1.672401545001122,0.06907903120813527,True Pseudogene
RNU6-632P,Pseudogene,RNU6,1.0311740187565128,-0.08249999769032,0,0,0.8637426569992783,-0.11948097172212814,True Pseudogene
RNU6-633P,Pseudogene,RNU6,1.315181579364464,0.277999997138977,0,0,0.12589452896615733,-0.07003001558687214,True Pseudogene
RNU6-634P,Pseudogene,RNU6,0.9175093553186052,-0.239500001072884,0,0,1.3698556806348792,-0.20000849233153548,True Pseudogene
RNU6-635P,Pseudogene,RNU6,1.2599690796777203,0.144000001251698,0,0,-0.019813245169356775,-0.10524904528589248,True Pseudogene
RNU6-636P,Pseudogene,RNU6,1.330939805812636,0.145999997854233,0,0,0.09239964694305394,-0.05941531562739546,True Pseudogene
RNU6-637P,Pseudogene,RNU6,1.0712442339467558,0.146999999880791,0.21,0,0.42714071466195436,0.10031875519376174,True Pseudogene
RNU6-638P,Pseudogene,RNU6,1.1689422074972615,0.458999991416931,5.51,0,-0.6095854193998824,0.25961716044331634,True Pseudogene
RNU6-639P,Pseudogene,RNU6,1.103706180429991,0.30799999833107,0,0,0.051019540206060844,0.24220948993380947,True Pseudogene
RNU6-63P,Pseudogene,RNU6,0.9871848777901684,0.263999998569489,0,0,0.08800460011667886,0.19260713055893397,True Pseudogene
RNU6-640P,Pseudogene,RNU6,0.9593278089283648,0.0719999969005585,0,0,0.7844671492445046,0.27638154338177245,True Pseudogene
RNU6-641P,Pseudogene,RNU6,0.6492389296647005,0.138999998569489,0,0,0.8262387019497894,0.2841005778407153,True Pseudogene
RNU6-643P,Pseudogene,RNU6,1.266015912846166,0.194999992847443,0,0,0.12754501018226405,0.05743061370451176,True Pseudogene
RNU6-644P,Pseudogene,RNU6,1.736714136853074,-0.035500000230968,0,0,0.1637850442518483,-0.3335939765014346,True Pseudogene
RNU6-645P,Pseudogene,RNU6,1.2779594591937713,-0.280499994754791,0,0,1.0038279822854204,-0.345516542439987,True Pseudogene
RNU6-646P,Pseudogene,RNU6,1.507336798023423,-0.262000009417534,0.37,0,0.8345180403325425,-0.5057414955512235,True Pseudogene
RNU6-647P,Pseudogene,RNU6,1.2335539663629311,-0.27700001001358,0.26,0,1.1789031179089917,-0.3704854905063187,True Pseudogene
RNU6-648P,Pseudogene,RNU6,0.9413964480138156,0.30799999833107,0,0,0.1360859602218732,0.28246113831710185,True Pseudogene
RNU6-649P,Pseudogene,RNU6,1.201092019879696,0.30799999833107,0,0,-0.11714524527497654,0.17145354640791147,True Pseudogene
RNU6-64P,Pseudogene,RNU6,0.9593278089283648,0.0140000004321337,0,0,0.6083298447953772,-0.04850629814548581,True Pseudogene
RNU6-650P,Pseudogene,RNU6,1.2829780110085771,0.28600001335144,0,0,-0.3234056747437511,0.054427058326522997,True Pseudogene
RNU6-651P,Pseudogene,RNU6,0.6285251161944458,0.104000002145767,0,0,0.7742360688492028,0.1997731677580235,True Pseudogene
RNU6-652P,Pseudogene,RNU6,0.9738583944970508,-0.142000004649162,2.9,0,1.0651503814036403,-0.15509068142989113,True Pseudogene
RNU6-653P,Pseudogene,RNU6,1.343495841716529,0.0804999992251396,0.24,0,0.27636713839220717,-0.08643211886855327,True Pseudogene
RNU6-654P,Pseudogene,RNU6,1.2335539663629311,0.28999999165535,0,0,-0.07406096341714324,0.1499787131386912,True Pseudogene
RNU6-655P,Pseudogene,RNU6,1.5257114847120463,0.30799999833107,0,0,-0.354965959858104,0.04976230681671055,True Pseudogene
RNU6-656P,Pseudogene,RNU6,1.6230973241617517,-0.123999997973442,0,0,0.4963768978630536,-0.38633719475701556,True Pseudogene
RNU6-657P,Pseudogene,RNU6,0.8440106085641107,0.30799999833107,0,0,0.24015457219736686,0.02094396956170433,True Pseudogene
RNU6-658P,Pseudogene,RNU6,1.081350311625499,0.0559999998658895,7.01,0,0.6413052049427781,0.03482306286119365,True Pseudogene
RNU6-659P,Pseudogene,RNU6,1.0687471611403534,0.26800000667572,0,0,-0.05300285975847314,0.1324948604283745,True Pseudogene
RNU6-65P,Pseudogene,RNU6,1.4886121173026348,-0.224500000476837,0,0,0.8096066154796154,-0.8073527197355875,True Pseudogene
RNU6-660P,Pseudogene,RNU6,1.147187319756159,0.266999989748001,0,0,0.2601749588923912,0.3979701137762345,True Pseudogene
RNU6-661P,Pseudogene,RNU6,1.5906353776785165,0.101999998092651,0,0,-0.03806212712450599,-0.200265263312901,True Pseudogene
RNU6-662P,Pseudogene,RNU6,1.0687471611403534,0.211999997496605,0,0,0.18448271440815955,0.12364949265904547,True Pseudogene
RNU6-663P,Pseudogene,RNU6,0.8192047815344689,0.293000012636185,0,0,0.23024787289995177,0.3275356691696712,True Pseudogene
RNU6-664P,Pseudogene,RNU6,0.7141628226311706,0.303000003099442,0,0,0.3363591489245053,0.38259691801741597,True Pseudogene
RNU6-665P,Pseudogene,RNU6,1.2335539663629311,0.44200000166893,0,0,-0.48698435330491713,0.25769135411518046,True Pseudogene
RNU6-666P,Pseudogene,RNU6,1.4607875917455764,0.326999992132187,0,0,-0.7733009852199714,-0.04029081827613458,True Pseudogene
RNU6-667P,Pseudogene,RNU6,1.4302351715260608,-0.221000000834465,0,0,0.8448563813872441,-0.42630354060051806,True Pseudogene
RNU6-668P,Pseudogene,RNU6,1.266015912846166,-0.170000001788139,0,0,0.7947491973984722,-0.5374005013958435,True Pseudogene
RNU6-669P,Pseudogene,RNU6,1.298477859329401,0.156000003218651,0,0,0.3254317356122489,0.07026732817361789,True Pseudogene
RNU6-66P,Pseudogene,RNU6,1.0687471611403534,-0.175999999046326,0,0,1.1537784050159043,-0.1774758137882354,True Pseudogene
RNU6-670P,Pseudogene,RNU6,0.5677719293558127,0.30799999833107,0,0,0.322398776409051,0.38134763224870855,True Pseudogene
RNU6-672P,Pseudogene,RNU6,1.298477859329401,-0.0700000002980232,0,0,0.7821986794845929,-0.15920918859370073,True Pseudogene
RNU6-673P,Pseudogene,RNU6,1.3359339514254416,0.284000009298325,0,0,-0.3742922935218442,0.031052418267685542,True Pseudogene
RNU6-674P,Pseudogene,RNU6,0.5193911437317604,0.0405000001192093,0.36,0,0.9652178329593817,0.16440361085372623,True Pseudogene
RNU6-675P,Pseudogene,RNU6,0.834958719640901,0.0919999983161688,0,0,0.7535869314724448,0.15715485841151483,True Pseudogene
RNU6-677P,Pseudogene,RNU6,1.1348825052703255,0.0070000002160668,0,0,0.22488171640143811,-0.19469270765853883,True Pseudogene
RNU6-678P,Pseudogene,RNU6,0.9559894331301324,0.30799999833107,1.15,0,0.0868255397959892,0.37229506015513064,True Pseudogene
RNU6-679P,Pseudogene,RNU6,1.2451912679323929,0.214000001549721,0,0,-0.10841546753705071,-0.012835003649443311,True Pseudogene
RNU6-67P,Pseudogene,RNU6,1.145873244933987,0.214000001549721,0.1,0,0.004706224074067372,0.05736066427643053,True Pseudogene
RNU6-680P,Pseudogene,RNU6,1.2570502323888917,-0.125,0,0,0.7709114798109665,-0.27093909978036207,True Pseudogene
RNU6-681P,Pseudogene,RNU6,1.703315788067438,0.0010000001639127,1.39,0,0.030588071292074585,-0.3722390792255489,True Pseudogene
RNU6-682P,Pseudogene,RNU6,1.4090322242392863,0.287000000476837,0,0,-0.21912814402523256,0.1697764930331519,True Pseudogene
RNU6-684P,Pseudogene,RNU6,1.2451912679323929,0.214000001549721,0,0,0.07922518013627564,0.06024419659730804,True Pseudogene
RNU6-685P,Pseudogene,RNU6,0.7312480576223469,0.103000000119209,0,0,0.7064178707333444,0.16390224559468317,True Pseudogene
RNU6-686P,Pseudogene,RNU6,1.0387822874635209,0.214000001549721,0,0,0.42478898277752597,0.46801492999499783,True Pseudogene
RNU6-687P,Pseudogene,RNU6,1.209845803201018,0.31700000166893,0,0,-0.32485921233518095,0.08398748037585047,True Pseudogene
RNU6-689P,Pseudogene,RNU6,1.2335539663629311,0.305000007152557,1.45,0,-0.012707355439875792,-0.040261804933476066,True Pseudogene
RNU6-68P,Pseudogene,RNU6,1.1689422074972615,0.268999993801117,0,0,-0.1826144171426931,0.074914373872075,True Pseudogene
RNU6-690P,Pseudogene,RNU6,0.9830457378413626,0.282999992370605,0,0,-0.027456918055771128,0.18435904971496053,True Pseudogene
RNU6-692P,Pseudogene,RNU6,0.9738583944970508,-0.18299999833107,0,0,1.1454273850997296,-0.2102227789841587,True Pseudogene
RNU6-693P,Pseudogene,RNU6,0.6817008761479356,0.801999986171722,0.67,0.54,-1.1712992764767038,0.7106017954296893,False Pseudogene
RNU6-694P,Pseudogene,RNU6,1.5358696448360518,0.214000001549721,0.43,0,-0.24062176756688292,-0.07568238649760295,True Pseudogene
RNU6-695P,Pseudogene,RNU6,1.3359339514254416,0.305000007152557,0,0,-0.35895659039773603,0.058180484054797234,True Pseudogene
RNU6-696P,Pseudogene,RNU6,1.266015912846166,-0.13400000333786,0,0,0.8268768259652626,-0.24718200785571376,True Pseudogene
RNU6-697P,Pseudogene,RNU6,1.298477859329401,-0.230000004172325,0,0,0.9247996051086073,-0.3755560425939087,True Pseudogene
RNU6-698P,Pseudogene,RNU6,1.5581734311952813,0.203999996185303,0,0,0.028057820159645065,0.20452107350634796,True Pseudogene
RNU6-699P,Pseudogene,RNU6,1.2630648268022358,0.221000000834465,0,0,-0.36562232774307907,-0.05435249687901808,True Pseudogene
RNU6-7,Functional,RNU6,2.8241893440414474,2.88700008392334,0.47,0.95,-9.080778856065965,-3.257590919196337,True Functional
RNU6-700P,Pseudogene,RNU6,1.3958636987791062,-0.259999990463257,0,0,0.8556263062438914,-0.48681589211104,True Pseudogene
RNU6-701P,Pseudogene,RNU6,1.103706180429991,0.296999990940094,0,0,-0.1721484755254472,0.6978207616347232,True Pseudogene
RNU6-702P,Pseudogene,RNU6,1.103706180429991,-0.36599999666214,0,0,1.5254732080164621,-0.39147398381109927,True Pseudogene
RNU6-703P,Pseudogene,RNU6,1.7529451100946911,0.284000009298325,0.21,0,-0.5940549596181838,-0.09217433024998561,True Pseudogene
RNU6-704P,Pseudogene,RNU6,0.4383938597881546,0.30799999833107,0,0,0.6442348310299404,0.5218563712521022,True Pseudogene
RNU6-705P,Pseudogene,RNU6,1.135543858711625,0.28099998831749,0,0,-0.012290972133201161,0.16476985599522762,True Pseudogene
RNU6-706P,Pseudogene,RNU6,1.3359339514254416,0.0499999988824129,0,0,0.22851608621636493,-0.17922615220433338,True Pseudogene
RNU6-707P,Pseudogene,RNU6,1.060309683552403,0.416999995708466,0.09,0,-0.10781338699798906,0.387514291862098,True Pseudogene
RNU6-708P,Pseudogene,RNU6,1.298477859329401,-0.243000000715256,0,0,1.0643982786437112,-0.3681713801617914,True Pseudogene
RNU6-709P,Pseudogene,RNU6,1.2691372538541694,-0.0305000012740493,0,0,0.1938761626660171,-0.2840269620982816,True Pseudogene
RNU6-70P,Pseudogene,RNU6,1.3314808382540235,0.211999997496605,0,0,-0.03653297267842936,0.030179173098904194,True Pseudogene
RNU6-710P,Pseudogene,RNU6,0.9924080782017566,0.214000001549721,0,0,0.2690191781481141,0.17994014759764682,True Pseudogene
RNU6-711P,Pseudogene,RNU6,0.9175093553186052,0.30799999833107,0,0,0.07114307695512291,0.2658674375303169,True Pseudogene
RNU6-712P,Pseudogene,RNU6,1.4935741576936437,0.287000000476837,0,0,-0.3189037345642685,0.028101645101521185,True Pseudogene
RNU6-713P,Pseudogene,RNU6,1.4607875917455764,0.214000001549721,0,0,-0.05937836483825966,-8.350516231992725e-4,True Pseudogene
RNU6-714P,Pseudogene,RNU6,0.8767877195763092,0.261000007390976,0.22,0,0.19690847206387335,0.25622004638034135,True Pseudogene
RNU6-715P,Pseudogene,RNU6,0.8430651149772205,0.263999998569489,0,0,0.40301360198042047,0.2079957953693611,True Pseudogene
RNU6-716P,Pseudogene,RNU6,0.9779555333735755,0.277999997138977,0,0,0.15684787001231174,0.22705439731193602,True Pseudogene
RNU6-717P,Pseudogene,RNU6,1.3693323002110775,0.266000002622604,0,0,0.13607467808901094,0.055528171450165094,True Pseudogene
RNU6-718P,Pseudogene,RNU6,1.3232107709356753,-0.0370000004768372,0,0,0.16206944070741697,-0.31223660969653366,True Pseudogene
RNU6-719P,Pseudogene,RNU6,0.9351537659978092,0.291500002145767,0,0,0.10413268385373298,0.23942831215364482,True Pseudogene
RNU6-71P,Pseudogene,RNU6,1.006320340980286,0.282999992370605,0,0,0.17169568989457354,0.24317926736167245,True Pseudogene
RNU6-720P,Pseudogene,RNU6,1.157809424568716,0.30799999833107,0,0,-0.019033855769484374,0.2321592680647192,True Pseudogene
RNU6-721P,Pseudogene,RNU6,1.8524950793099453,-0.296000003814697,0,0.03,0.28942932461457765,-0.7648319040211325,True Pseudogene
RNU6-722P,Pseudogene,RNU6,0.9017554172121732,-0.0130000002682209,1.26,0,0.9352829762898829,0.040473528101697985,True Pseudogene
RNU6-723P,Pseudogene,RNU6,0.9738583944970508,0.268999993801117,0,0,0.15132429115497917,0.21545722908264445,True Pseudogene
RNU6-724P,Pseudogene,RNU6,1.190889693842108,-0.0920000001788139,0,0,0.6217146288006228,-0.2550259097579356,True Pseudogene
RNU6-725P,Pseudogene,RNU6,0.7151175857630304,0.0769999995827675,0,0,0.61679873597535,0.08906875512492482,True Pseudogene
RNU6-726P,Pseudogene,RNU6,0.5843150366982305,0.30799999833107,0.73,0,0.5057816506778284,0.47375413163508057,True Pseudogene
RNU6-727P,Pseudogene,RNU6,0.8115486620808757,0.30799999833107,0,0,0.39527078206372174,0.3971241265839276,True Pseudogene
RNU6-728P,Pseudogene,RNU6,1.2023405562828977,-0.167999997735023,0,0,1.0309599886681895,-0.45799364708353213,True Pseudogene
RNU6-729P,Pseudogene,RNU6,1.7204831636114566,-0.273000001907349,0,0,0.7552363190161997,-0.5490793965586205,True Pseudogene
RNU6-72P,Pseudogene,RNU6,1.3629908415808936,-0.0869999974966049,0,0,0.7235595491975705,-0.2271566108274948,True Pseudogene
RNU6-730P,Pseudogene,RNU6,1.2691372538541694,-0.0580000001937151,0,0,0.5415608564734854,-0.2348968601487038,True Pseudogene
RNU6-731P,Pseudogene,RNU6,1.4081465974484384,0.217999994754791,0.63,0,-0.062098471064375764,-0.006723135585569021,True Pseudogene
RNU6-732P,Pseudogene,RNU6,1.5849624161571745,0.30799999833107,0,0,-0.26386961473830167,0.08831428501231736,True Pseudogene
RNU6-733P,Pseudogene,RNU6,1.3693323002110775,0.0579999973997474,0,0,0.2882167436047608,-0.11541953896623752,True Pseudogene
RNU6-735P,Pseudogene,RNU6,1.136168126913226,0.238000005483627,0,0,0.28696397052011163,0.28922618835487846,True Pseudogene
RNU6-737P,Pseudogene,RNU6,1.2335539663629311,0.300000011920929,0,0,0.05306453109585182,0.12823624577177728,True Pseudogene
RNU6-738P,Pseudogene,RNU6,1.1468866941482565,0.30799999833107,0,0,0.0015406294379472418,0.21482832107603142,True Pseudogene
RNU6-739P,Pseudogene,RNU6,1.1465685563690198,-0.101999998092651,0.3,0,0.8451774554067987,-0.17844379979991293,True Pseudogene
RNU6-73P,Pseudogene,RNU6,1.2335539663629311,-0.0829999968409538,0,0,0.866765114310924,-0.144269034057871,True Pseudogene
RNU6-740P,Pseudogene,RNU6,1.2901305016622835,-0.0640000030398369,0,0,0.5807650520740247,-0.2220996075193729,True Pseudogene
RNU6-741P,Pseudogene,RNU6,1.103706180429991,0.273999989032745,0,0,-0.04496536277011711,0.14474398585456308,True Pseudogene
RNU6-742P,Pseudogene,RNU6,0.9089345015305808,0.30799999833107,0.47,0,0.2198600321045765,0.323375534824122,True Pseudogene
RNU6-743P,Pseudogene,RNU6,1.343495841716529,0.239999994635582,0.67,0,0.013858353116130075,0.08389191718275606,True Pseudogene
RNU6-744P,Pseudogene,RNU6,0.8764725550473457,0.30799999833107,0,0,0.14203712159986198,0.30196659586394536,True Pseudogene
RNU6-745P,Pseudogene,RNU6,1.3107276504551504,0.0019999999203719,0,0,0.4297050507880582,-0.17370184320942272,True Pseudogene
RNU6-746P,Pseudogene,RNU6,1.115321005318488,-0.158999994397163,0,0,1.1071328775323168,-0.18159035917959,True Pseudogene
RNU6-747P,Pseudogene,RNU6,0.5677719293558127,0.261999994516373,0.03,0,0.5505685160347278,0.39578334434919626,True Pseudogene
RNU6-748P,Pseudogene,RNU6,1.5257114847120463,0.0769999995827675,1.18,0,0.22495915806846842,-0.13800630301794817,True Pseudogene
RNU6-749P,Pseudogene,RNU6,0.1623097324161751,-0.196999996900558,0,0.26,1.8605976986385682,0.1159845833777449,True Pseudogene
RNU6-74P,Pseudogene,RNU6,0.9738583944970508,-0.109999999403954,0,0,1.0563675417426244,-0.09572797153301468,True Pseudogene
RNU6-750P,Pseudogene,RNU6,0.7466247691144057,0.256999999284744,4.4,0,0.25896092647344693,0.26893202918026105,True Pseudogene
RNU6-751P,Pseudogene,RNU6,1.3412247789558394,0.764999985694885,0,0.48,-1.342382701701682,-0.11299226077040479,True Pseudogene
RNU6-752P,Pseudogene,RNU6,1.2940222980473886,-0.136500000953674,0,0,0.7365454139855637,-0.040343825440787275,True Pseudogene
RNU6-753P,Pseudogene,RNU6,1.3634017522958712,0.451999992132187,0,0,-0.4606285021160983,0.27925447792379954,True Pseudogene
RNU6-754P,Pseudogene,RNU6,1.0387822874635209,0.0439999997615814,0,0,0.5300044335387327,-0.04383822446528355,True Pseudogene
RNU6-755P,Pseudogene,RNU6,0.7756199057790428,-0.163000002503395,0,0,1.2599747323044763,-0.08819490007280938,True Pseudogene
RNU6-756P,Pseudogene,RNU6,1.266015912846166,0.301999986171722,0,0,0.07151017011936213,-0.17841228270280524,True Pseudogene
RNU6-757P,Pseudogene,RNU6,1.5630427231677666,0.0405000001192093,1.65,0,0.22363220674742257,-0.20314963881552334,True Pseudogene
RNU6-758P,Pseudogene,RNU6,2.224555186530904,0.30799999833107,0.63,0.56,-1.0158773564769918,-0.18610751508411447,False Pseudogene
RNU6-759P,Pseudogene,RNU6,1.7872980437517072,0.294999986886978,0.77,0,-0.4351940434052269,-0.04323953821506229,True Pseudogene
RNU6-75P,Pseudogene,RNU6,1.3693323002110775,0.0515000000596046,0,0,0.20384992192031687,-0.1886284433094465,True Pseudogene
RNU6-760P,Pseudogene,RNU6,1.2532988616465484,0.211999997496605,0,0,0.06158625717356605,0.16060605295143063,True Pseudogene
RNU6-761P,Pseudogene,RNU6,1.4932495382288111,0.214000001549721,3.84,0,0.23345548416705755,0.40607278979101524,True Pseudogene
RNU6-762P,Pseudogene,RNU6,0.9534901143507074,0.0149999996647239,1.95,0,0.7294159492208155,0.00808300406497639,True Pseudogene
RNU6-763P,Pseudogene,RNU6,0.9175093553186052,0.30799999833107,0,0,-0.04522414796200009,0.2266338511601849,True Pseudogene
RNU6-764P,Pseudogene,RNU6,1.0585686167485404,0.308999985456467,0,0,-0.12473146964774012,0.17411043520721184,True Pseudogene
RNU6-765P,Pseudogene,RNU6,1.473575631269275,0.0179999992251396,0,0,-0.090456818532674,-0.32467612055732276,True Pseudogene
RNU6-766P,Pseudogene,RNU6,0.7141628226311706,0.30799999833107,0.67,0,0.24987652903311092,0.3516225393158433,True Pseudogene
RNU6-767P,Pseudogene,RNU6,1.3958636987791062,-0.0729999989271164,0.71,0,0.6334635024831125,-0.2318446840203478,True Pseudogene
RNU6-768P,Pseudogene,RNU6,1.006320340980286,0.30799999833107,0,0,0.011045306710726033,0.22700940226005645,True Pseudogene
RNU6-769P,Pseudogene,RNU6,1.1689422074972615,0.282999992370605,0.22,0,-0.05696454334696251,0.13037403612491041,True Pseudogene
RNU6-76P,Pseudogene,RNU6,1.2691372538541694,0.245000004768372,0,0,0.020510949479201863,0.0913364957903011,True Pseudogene
RNU6-770P,Pseudogene,RNU6,0.9924080782017566,0.228000000119209,0,0,0.13257995735655984,0.1271639109836553,True Pseudogene
RNU6-771P,Pseudogene,RNU6,1.5581734311952813,0.146999999880791,0,0,0.008943377770360807,0.05181180952036499,True Pseudogene
RNU6-772P,Pseudogene,RNU6,1.157809424568716,-0.250999987125397,0,0,1.131542358963853,-0.342413335943935,True Pseudogene
RNU6-774P,Pseudogene,RNU6,1.266015912846166,0.017000000923872,0,0,0.48906821374596327,-0.11910250645773424,True Pseudogene
RNU6-775P,Pseudogene,RNU6,0.6874493458376751,-0.0670000016689301,0,0,1.0185132561021542,-0.09790579913249246,True Pseudogene
RNU6-776P,Pseudogene,RNU6,1.3693323002110775,0.28600001335144,0,0,0.04721586143180929,0.17799682390737068,True Pseudogene
RNU6-777P,Pseudogene,RNU6,1.3025356026398056,0.305000007152557,0,0,-0.1433275225350838,0.15360283351475404,True Pseudogene
RNU6-778P,Pseudogene,RNU6,0.7418973011799539,0.284000009298325,0,0,0.2416869370567158,0.45557221458913855,True Pseudogene
RNU6-77P,Pseudogene,RNU6,0.9924080782017566,-0.0529999993741512,0,0,0.7378763049480774,-0.11959482230955533,True Pseudogene
RNU6-780P,Pseudogene,RNU6,1.2023405562828977,-0.399000003933907,0.27,0,1.4278822230683728,-0.489153944916352,True Pseudogene
RNU6-782P,Pseudogene,RNU6,1.0687471611403534,0.214000001549721,0.32,0,0.05414373448683188,0.06907221051117478,True Pseudogene
RNU6-783P,Pseudogene,RNU6,1.0585686167485404,0.282999992370605,0,0,-0.0838564856001607,0.24006223083544856,True Pseudogene
RNU6-784P,Pseudogene,RNU6,0.6553638252275752,0.30799999833107,0.31,0,0.22190206495881606,0.5379135473304758,True Pseudogene
RNU6-785P,Pseudogene,RNU6,0.033398348785636,0.254999995231628,1.45,0.26,1.0032256797321604,0.6012900395667334,True Pseudogene
RNU6-786P,Pseudogene,RNU6,1.19640307205434,-0.223000004887581,0.31,0,0.6885236260508599,-0.4278540563762415,True Pseudogene
RNU6-787P,Pseudogene,RNU6,1.136168126913226,0.204999998211861,0,0,0.15081107485218997,0.08855895069636933,True Pseudogene
RNU6-788P,Pseudogene,RNU6,1.0687471611403534,-0.210500001907349,0,0,1.1705710397975395,-0.07284469821111826,True Pseudogene
RNU6-789P,Pseudogene,RNU6,1.9750866654407508,-0.166999995708466,0,0.37,0.11728048200115375,-0.6511031258539532,True Pseudogene
RNU6-78P,Pseudogene,RNU6,1.3634017522958712,0.294999986886978,0,0,-0.19180713999034413,0.0664806062292786,True Pseudogene
RNU6-790P,Pseudogene,RNU6,0.9924080782017566,0.28099998831749,0,0,0.2765210245367522,-0.15250742935595069,True Pseudogene
RNU6-791P,Pseudogene,RNU6,0.7681620220696289,0.287000000476837,0.04,0,0.2522781842015462,0.3065906734315895,True Pseudogene
RNU6-792P,Pseudogene,RNU6,0.6817008761479356,-0.061999998986721,0.24,0,1.2735142284608447,0.08132608476244901,True Pseudogene
RNU6-793P,Pseudogene,RNU6,1.4695273465679857,0.327500000596046,0,0,-0.469843529366007,0.04572742123134002,True Pseudogene
RNU6-794P,Pseudogene,RNU6,1.248263285863147,0.226999998092651,0.65,0,0.22920938738866167,-0.12981375334557316,True Pseudogene
RNU6-795P,Pseudogene,RNU6,1.2477363701662862,0.239999994635582,0.38,0,-0.10373098034748954,0.04536650248544328,True Pseudogene
RNU6-796P,Pseudogene,RNU6,1.0712442339467558,0.317999988794327,0,0,-0.1085809423194876,0.2009219426115995,True Pseudogene
RNU6-797P,Pseudogene,RNU6,1.2427862630691724,-0.125,0,0,0.9271955961368957,-0.19232543379989106,True Pseudogene
RNU6-798P,Pseudogene,RNU6,0.910510324175398,-0.0480000004172325,0,0,0.7360193599809602,-0.09757591062096022,True Pseudogene
RNU6-799P,Pseudogene,RNU6,0.7790867155976406,-0.237000003457069,0,0,1.5308088144886494,-0.12083272283516377,True Pseudogene
RNU6-79P,Pseudogene,RNU6,1.298477859329401,0.218999996781349,0,0,-0.025504035936776998,0.045074322366987864,True Pseudogene
RNU6-8,Functional,RNU6,3.8954335779882032,1.48800003528595,1.75,0.98,-6.595125183968155,-6.942662956590042,True Functional
RNU6-800P,Pseudogene,RNU6,1.0116781379726645,0.347000002861023,0,0,-0.06227681666997919,0.2501588022166863,True Pseudogene
RNU6-801P,Pseudogene,RNU6,0.8931672703815808,-0.127000004053116,0,0,1.0209244756630569,-0.14115621420138003,True Pseudogene
RNU6-803P,Pseudogene,RNU6,1.2599690796777203,0.194000005722046,0,0,-0.02032022745184482,-0.02488685932792609,True Pseudogene
RNU6-804P,Pseudogene,RNU6,1.2335539663629311,0.284000009298325,0,0,-0.030506749126197497,0.14815931141860136,True Pseudogene
RNU6-805P,Pseudogene,RNU6,1.1141185028868776,0.214000001549721,0.37,0,0.15078621475497278,0.10631822951516942,True Pseudogene
RNU6-806P,Pseudogene,RNU6,1.157809424568716,0.30799999833107,0,0,-0.17304687886684134,0.15090973793405812,True Pseudogene
RNU6-807P,Pseudogene,RNU6,1.3958636987791062,0.30799999833107,4.27,0,-0.2088076826116268,0.25988155083860826,True Pseudogene
RNU6-808P,Pseudogene,RNU6,1.0291639329499698,0.30799999833107,3.73,0,-0.36025452665534374,0.12085536975960386,True Pseudogene
RNU6-809P,Pseudogene,RNU6,1.0712442339467558,-0.137999996542931,0,0,0.9560140392472771,-0.21179188125630152,True Pseudogene
RNU6-80P,Pseudogene,RNU6,1.330939805812636,0.146999999880791,0,0,0.2020810517993493,-0.012289206961073275,True Pseudogene
RNU6-810P,Pseudogene,RNU6,1.0712442339467558,0.277999997138977,0,0,0.18173803642306707,0.3534047440955538,True Pseudogene
RNU6-811P,Pseudogene,RNU6,1.006320340980286,-0.156000003218651,0,0,0.7011980900790965,-0.28881056066574473,True Pseudogene
RNU6-812P,Pseudogene,RNU6,0.9089345015305808,-0.229000002145767,0,0,1.292666469433483,-0.2430422729163781,True Pseudogene
RNU6-813P,Pseudogene,RNU6,1.4283256452623412,-0.138999998569489,0,0,0.6265995238538854,-0.35739997186414135,True Pseudogene
RNU6-815P,Pseudogene,RNU6,1.2602704355924963,0.214000001549721,0,0,0.05159890024780659,0.06118421298600122,True Pseudogene
RNU6-816P,Pseudogene,RNU6,0.3570814113155853,-0.203999996185303,0,0.06,1.6915329103540775,0.030735074406163836,True Pseudogene
RNU6-817P,Pseudogene,RNU6,0.6345686269270847,-0.261000007390976,0.69,0,1.4380941134197909,-0.20338946997732715,True Pseudogene
RNU6-818P,Pseudogene,RNU6,1.286454916187462,0.284000009298325,0.08,0,-0.14939287043055358,0.09154380573598349,True Pseudogene
RNU6-819P,Pseudogene,RNU6,1.4932495382288111,-0.151999995112419,0,0,0.6490714148262128,-0.3669065510273577,True Pseudogene
RNU6-81P,Pseudogene,RNU6,1.1689422074972615,0.26800000667572,0,0,-0.1602865116429813,0.07789318935446193,True Pseudogene
RNU6-820P,Pseudogene,RNU6,1.4607875917455764,0.291999995708466,0,0,-0.19899467305333374,0.08869924198805207,True Pseudogene
RNU6-821P,Pseudogene,RNU6,0.8440106085641107,-0.0555000007152557,0,0,0.8810835564164606,-0.04749132981562888,True Pseudogene
RNU6-822P,Pseudogene,RNU6,1.7039459455916952,0.30799999833107,0.48,0,-0.6207596862479214,-0.05723754296304064,True Pseudogene
RNU6-823P,Pseudogene,RNU6,0.7756199057790428,0.0610000006854534,0,0,0.7709165465917708,0.11105052357533528,True Pseudogene
RNU6-824P,Pseudogene,RNU6,1.4027306489967135,-0.0989999994635582,0.22,0,0.4883886026143594,-0.33093041752620855,True Pseudogene
RNU6-826P,Pseudogene,RNU6,1.502925695353622,0.30799999833107,0.74,0,-0.2111810948735338,0.19291059697413937,True Pseudogene
RNU6-827P,Pseudogene,RNU6,1.04858212036412,0.217999994754791,0,0,0.16129489083516171,0.12624100163714352,True Pseudogene
RNU6-828P,Pseudogene,RNU6,1.2335539663629311,0.30799999833107,3.33,0,0.03439037566065749,0.2403205685083008,True Pseudogene
RNU6-829P,Pseudogene,RNU6,1.364561107527415,0.214000001549721,0,0,-0.08880165471433105,-0.016157498802909776,True Pseudogene
RNU6-82P,Pseudogene,RNU6,1.201092019879696,-0.168999999761581,17.18,0.03,0.8211010199404714,-0.31865463068197925,True Pseudogene
RNU6-830P,Pseudogene,RNU6,1.9152548425108664,0.29899999499321,0,0.42,-0.8170105001349651,-0.1671693199165968,True Pseudogene
RNU6-831P,Pseudogene,RNU6,1.201092019879696,0.30799999833107,0,0,-0.10355931804727689,0.15941804771651988,True Pseudogene
RNU6-832P,Pseudogene,RNU6,1.0712442339467558,0.30799999833107,0,0,0.07148277290601246,0.25256686594872235,True Pseudogene
RNU6-833P,Pseudogene,RNU6,1.201092019879696,0.160999998450279,0.91,0,0.27373921289954933,0.171508643480669,True Pseudogene
RNU6-834P,Pseudogene,RNU6,0.9472986201016766,0.214000001549721,0,0,0.28137295557360464,0.17445675427060994,True Pseudogene
RNU6-835P,Pseudogene,RNU6,1.0353488123547172,-0.123999997973442,0,0,0.898104109502886,-0.18591396502020552,True Pseudogene
RNU6-836P,Pseudogene,RNU6,0.9089345015305808,0.0520000010728836,0,0,0.6869631647967822,0.03884067491951738,True Pseudogene
RNU6-837P,Pseudogene,RNU6,1.2542935432827758,0.130499996244907,0.08,0,-0.15488995666981084,-0.13247258125915395,True Pseudogene
RNU6-838P,Pseudogene,RNU6,1.0613253058546563,0.306500002741814,0.3,0,0.021033296206106517,0.2207461030194142,True Pseudogene
RNU6-839P,Pseudogene,RNU6,1.4151004078062084,-0.0245000002905726,0,0,0.41030083218361313,-0.23635424352441758,True Pseudogene
RNU6-83P,Pseudogene,RNU6,0.9613953257579516,-0.0279999999329448,0,0,1.0612578118647558,0.030657155610776882,True Pseudogene
RNU6-840P,Pseudogene,RNU6,0.7481230127982473,-0.177000001072884,0,0,1.3468089373880012,-0.08517001123035867,True Pseudogene
RNU6-841P,Pseudogene,RNU6,1.0712442339467558,0.17399999499321,0,0,0.3994614148893142,0.28224117056817294,True Pseudogene
RNU6-842P,Pseudogene,RNU6,1.9477167889941016,0.146999999880791,0,0.49,-0.23153699202991102,-0.22758745714120018,True Pseudogene
RNU6-843P,Pseudogene,RNU6,1.3025356026398056,0.306500002741814,0,0,-0.2211821213514169,0.13301974008581707,True Pseudogene
RNU6-844P,Pseudogene,RNU6,1.0897029878293798,-0.167499996721745,0,0,1.016983631498507,-0.21963987837053572,True Pseudogene
RNU6-845P,Pseudogene,RNU6,0.7756199057790428,0.006000000052154,0,0,0.8832629643015717,0.061179525969189436,True Pseudogene
RNU6-847P,Pseudogene,RNU6,1.801036882662447,0.218999996781349,0,0.01,-0.45305350968808006,-0.18306706143601256,True Pseudogene
RNU6-848P,Pseudogene,RNU6,1.0712442339467558,-0.25,0,0,1.2043581782448232,-0.28778141207648844,True Pseudogene
RNU6-849P,Pseudogene,RNU6,1.190889693842108,0.30799999833107,0,0,-0.13054219316685925,0.17975476893371994,True Pseudogene
RNU6-84P,Pseudogene,RNU6,1.123756206199048,0.263999998569489,0,0,0.10340072656584115,-0.006062934700298793,True Pseudogene
RNU6-850P,Pseudogene,RNU6,1.0116781379726645,0.193000003695488,7.05,0,0.3739150123427287,0.34038772158744224,True Pseudogene
RNU6-851P,Pseudogene,RNU6,1.4607875917455764,0.294999986886978,0.36,0,-0.3412923861460224,0.035425322850172074,True Pseudogene
RNU6-853P,Pseudogene,RNU6,0.8764725550473457,0.30799999833107,12.28,0,0.15261228212341132,0.28868113572258036,True Pseudogene
RNU6-854P,Pseudogene,RNU6,1.006320340980286,-0.160999998450279,0,0,1.2915548066311489,-0.9691580235905243,True Pseudogene
RNU6-855P,Pseudogene,RNU6,1.1021455099259891,-0.10050000064075,0,0,0.7562066044728717,0.004332496254408223,True Pseudogene
RNU6-856P,Pseudogene,RNU6,0.5316471847509411,-0.0510000009089708,0.51,0,1.228801024250204,0.10945552962575357,True Pseudogene
RNU6-857P,Pseudogene,RNU6,1.2630648268022358,0.284999996423721,0,0,0.09943128169590765,0.327753938355194,True Pseudogene
RNU6-858P,Pseudogene,RNU6,1.4607875917455764,0.0719999969005585,0.3,0,0.23587198225236608,-0.14766161719849769,True Pseudogene
RNU6-859P,Pseudogene,RNU6,1.0387822874635209,-0.579999983310699,2.66,0,1.9518643521450705,-0.594482274837366,True Pseudogene
RNU6-85P,Pseudogene,RNU6,1.006320340980286,0.30799999833107,0,0,0.04058813327532381,0.239209825488729,True Pseudogene
RNU6-860P,Pseudogene,RNU6,1.2357389050685337,0.254999995231628,0,0.01,-0.056298223443272025,0.09311768329702343,True Pseudogene
RNU6-861P,Pseudogene,RNU6,1.2124230766710138,-0.0095000001601874,0,0,0.1953910888402028,-0.24162938002712422,True Pseudogene
RNU6-862P,Pseudogene,RNU6,1.4886121173026348,-0.216000005602837,0.31,0,0.7120909315457935,-0.47099692806679766,True Pseudogene
RNU6-863P,Pseudogene,RNU6,1.60312074171053,0.20100000500679,0,0,-0.33781568580726473,-0.14356737026336922,True Pseudogene
RNU6-864P,Pseudogene,RNU6,1.093486678759343,0.282999992370605,0,0,-0.10839303772490336,0.13562492116691643,True Pseudogene
RNU6-865P,Pseudogene,RNU6,0.8440106085641107,-0.254999995231628,0,0,1.3304881989035375,-0.24032251205744665,True Pseudogene
RNU6-866P,Pseudogene,RNU6,1.4520069013033898,0.206000000238419,0,0,0.42030365334566044,0.20203884117491994,True Pseudogene
RNU6-867P,Pseudogene,RNU6,1.136168126913226,0.158000007271767,0,0,0.2518266139378239,0.03541818341867178,True Pseudogene
RNU6-869P,Pseudogene,RNU6,1.4932495382288111,0.305000007152557,0,0,-0.20812150702014565,0.09799724118374882,True Pseudogene
RNU6-86P,Pseudogene,RNU6,1.266015912846166,0.118000000715256,0,0,0.2959465091028488,-0.018385615256747742,True Pseudogene
RNU6-871P,Pseudogene,RNU6,1.146231330323029,-5.000000819563e-4,0,0,0.5428159457780763,-0.11749336371227298,True Pseudogene
RNU6-873P,Pseudogene,RNU6,1.3634017522958712,0.284000009298325,0.67,0,-0.22208711176749008,0.07906099170301253,True Pseudogene
RNU6-874P,Pseudogene,RNU6,1.0916488860219322,0.30799999833107,0,0,-0.009053391658990727,0.23575522019908943,True Pseudogene
RNU6-875P,Pseudogene,RNU6,1.1468866941482565,0.293000012636185,0,0,-0.008281041122271827,0.18772595929933347,True Pseudogene
RNU6-876P,Pseudogene,RNU6,1.502925695353622,0.214000001549721,7.04,0,-0.17550153461840712,-0.046858063601021904,True Pseudogene
RNU6-877P,Pseudogene,RNU6,1.4283256452623412,0.187000006437302,0.67,0,0.07117925141336705,0.07846940199211179,True Pseudogene
RNU6-878P,Pseudogene,RNU6,1.105181723451956,0.293000012636185,0.29,0,0.05090114814710547,0.21461597850873534,True Pseudogene
RNU6-879P,Pseudogene,RNU6,1.1256480516640297,0.232999995350838,0,0,0.15033283199299974,0.13582239446957478,True Pseudogene
RNU6-87P,Pseudogene,RNU6,1.3507776619968357,0.26800000667572,0,0,-0.06357109847224313,-0.34866410615092885,True Pseudogene
RNU6-880P,Pseudogene,RNU6,1.201092019879696,0.146999999880791,0,0,0.3779278408114566,0.07678039694831722,True Pseudogene
RNU6-881P,Pseudogene,RNU6,1.3280755164170566,-0.125500001013279,2.85,0,0.5639605458999939,-0.18485463714584918,True Pseudogene
RNU6-882P,Pseudogene,RNU6,0.6070068827835987,0.30799999833107,1.92,0,0.4315014587020443,0.4108641960491871,True Pseudogene
RNU6-883P,Pseudogene,RNU6,0.6817008761479356,0.0219999998807907,0.79,0,0.9312065143098455,0.12019458318315587,True Pseudogene
RNU6-884P,Pseudogene,RNU6,0.6492389296647005,0.168999999761581,0.42,0,0.812751620728159,0.4242712461040314,True Pseudogene
RNU6-885P,Pseudogene,RNU6,1.3359339514254416,-0.028999999165535,0,0,0.4069380493169375,0.032576024236806805,True Pseudogene
RNU6-886P,Pseudogene,RNU6,1.2901305016622835,0.197999998927116,0.31,0,0.11987046866051304,0.13807296739009403,True Pseudogene
RNU6-887P,Pseudogene,RNU6,0.5557485237929837,0.200000002980232,0,0,0.6614721183083536,0.2597614796232595,True Pseudogene
RNU6-888P,Pseudogene,RNU6,1.3068344000082537,0.214000001549721,0,0,0.07481496343694104,0.12273009514183711,True Pseudogene
RNU6-889P,Pseudogene,RNU6,1.41634939316173,0.284000009298325,0,0,-0.638616988277833,-0.060772221547264194,True Pseudogene
RNU6-88P,Pseudogene,RNU6,0.868357068426537,0.30799999833107,0.9,0,0.24084728491633986,0.28981336579046757,True Pseudogene
RNU6-890P,Pseudogene,RNU6,1.201092019879696,-0.103000000119209,2,0,0.8876907427987735,0.061935741863005316,True Pseudogene
RNU6-891P,Pseudogene,RNU6,1.0952251313487855,0.284000009298325,0,0,0.15337171305042435,0.36668315114381067,True Pseudogene
RNU6-892P,Pseudogene,RNU6,1.2630648268022358,0.30799999833107,0.68,0,-0.18640357343238984,0.13479989538768444,True Pseudogene
RNU6-893P,Pseudogene,RNU6,1.3199027440083362,0.202999994158745,0.4,0,0.008649647308007897,0.028631993465683615,True Pseudogene
RNU6-894P,Pseudogene,RNU6,0.7608461932880134,0.284999996423721,0,0,-0.07836158169841832,0.21092899216331149,True Pseudogene
RNU6-895P,Pseudogene,RNU6,1.1802911609681086,0.307000011205673,0,0,-0.296683383561145,0.1011116733812686,True Pseudogene
RNU6-896P,Pseudogene,RNU6,1.266015912846166,0.30799999833107,0,0,-0.20281953232233352,0.13225910146629397,True Pseudogene
RNU6-897P,Pseudogene,RNU6,1.356291040209067,-0.162000000476837,0,0,0.6896196467303741,-0.3736570136855697,True Pseudogene
RNU6-898P,Pseudogene,RNU6,0.9017554172121732,0.194999992847443,0,0,0.40096397354577407,0.1873281816180616,True Pseudogene
RNU6-899P,Pseudogene,RNU6,1.330939805812636,0.30799999833107,0,0,-0.18146394284862263,0.16158906725270056,True Pseudogene
RNU6-89P,Pseudogene,RNU6,0.5210142410559222,0.30799999833107,0.33,0,0.5295162992795374,0.4740393918173006,True Pseudogene
RNU6-9,Functional,RNU6,4.9342158654517245,2.90599989891052,0.98,0.98,-11.203930939259104,-5.574059702449632,True Functional
RNU6-900P,Pseudogene,RNU6,1.2599690796777203,0.146999999880791,0.28,0,0.24967846480011238,0.01594700652096939,True Pseudogene
RNU6-901P,Pseudogene,RNU6,1.1468866941482565,0.284000009298325,0,0,0.0031545283997190423,0.16715078447703766,True Pseudogene
RNU6-902P,Pseudogene,RNU6,1.1069167026096516,0.0900000035762787,0,0,0.22802032875640002,-0.0751129852740333,True Pseudogene
RNU6-903P,Pseudogene,RNU6,1.1790536341938302,-0.096000000834465,0,0,0.8456305784725529,-0.17800440169809045,True Pseudogene
RNU6-904P,Pseudogene,RNU6,1.1692728842179114,-0.0670000016689301,0,0,0.36152765932863967,-0.2757399317280084,True Pseudogene
RNU6-905P,Pseudogene,RNU6,1.3958636987791062,0.0299999993294477,0,0,0.3054304565608178,-0.1655351301656868,True Pseudogene
RNU6-906P,Pseudogene,RNU6,1.6870937329429865,0.293000012636185,1.24,0,-0.5003860577967989,-0.033994773241171304,True Pseudogene
RNU6-907P,Pseudogene,RNU6,1.0215965510900435,0.30799999833107,0.26,0,0.009710243287051784,0.22556069709470924,True Pseudogene
RNU6-908P,Pseudogene,RNU6,1.6997627722391788,0.124499998986721,0,0,-0.21276609608747973,-0.1945265354960923,True Pseudogene
RNU6-909P,Pseudogene,RNU6,1.136168126913226,-0.0590000003576279,0.67,0,0.6123502537385769,-0.20850693263021958,True Pseudogene
RNU6-90P,Pseudogene,RNU6,1.376264032977908,-0.0525000002235174,4.58,0,0.5184474829564644,-0.25390316242226474,True Pseudogene
RNU6-910P,Pseudogene,RNU6,1.103706180429991,-0.172000005841255,0,0,0.9702855327953266,-0.03207808348354071,True Pseudogene
RNU6-911P,Pseudogene,RNU6,1.0687471611403534,0.208000004291534,0,0,0.6048253981251233,0.10735565932416667,True Pseudogene
RNU6-912P,Pseudogene,RNU6,1.77011248563871,0.284000009298325,0,0,-0.4515336314563526,-0.05281610321904932,True Pseudogene
RNU6-913P,Pseudogene,RNU6,1.279684100839107,0.270000010728836,0,0,-0.15600874960499597,0.09887430149944243,True Pseudogene
RNU6-914P,Pseudogene,RNU6,0.9878557475678036,-0.0230000000447035,5.81,0,0.5972633550952419,-0.11366136219227926,True Pseudogene
RNU6-915P,Pseudogene,RNU6,1.0454007425717533,-0.243000000715256,1,0,1.2497432010101717,-0.24588452214029993,True Pseudogene
RNU6-916P,Pseudogene,RNU6,1.3383852063821855,0.263999998569489,0,0,-0.3281374922075554,-0.00428740173497593,True Pseudogene
RNU6-917P,Pseudogene,RNU6,1.4695273465679857,0.256999999284744,0,0,-0.34036009136370254,-0.7332472626757752,True Pseudogene
RNU6-918P,Pseudogene,RNU6,1.1796548854096351,0.421999990940094,0,0,-0.39935973716078027,0.3967037353188115,True Pseudogene
RNU6-919P,Pseudogene,RNU6,1.60312074171053,0.226999998092651,0,0,-0.2605980146288319,-0.0063390941934210595,True Pseudogene
RNU6-91P,Pseudogene,RNU6,1.0387822874635209,0.30799999833107,0.09,0,0.08905042825539347,0.2573168612888749,True Pseudogene
RNU6-920P,Pseudogene,RNU6,0.9816210338734764,-0.185500003397465,0.27,0,1.121845358120447,-0.2073477932185225,True Pseudogene
RNU6-921P,Pseudogene,RNU6,1.3634017522958712,0.284000009298325,0.21,0,0.052900007549363345,0.17497767100649214,True Pseudogene
RNU6-922P,Pseudogene,RNU6,1.1928945586465558,-0.296000003814697,0,0,1.225966270585695,-0.3878528690371302,True Pseudogene
RNU6-923P,Pseudogene,RNU6,1.298477859329401,-0.068000003695488,0,0,0.750525283170906,0.18660481021375167,True Pseudogene
RNU6-924P,Pseudogene,RNU6,1.1256480516640297,-0.121500000357628,0.21,0,0.9224536693295814,-0.1765855921553928,True Pseudogene
RNU6-925P,Pseudogene,RNU6,1.1689422074972615,0.303000003099442,0.76,0,0.034675453427295,0.15852941712710655,True Pseudogene
RNU6-926P,Pseudogene,RNU6,1.298477859329401,0.27700001001358,0,0,0.10716007355764207,0.1482855537731494,True Pseudogene
RNU6-927P,Pseudogene,RNU6,1.1114970475859671,0.204999998211861,0,0.01,0.2710284062911464,0.3937523146906589,True Pseudogene
RNU6-928P,Pseudogene,RNU6,1.135543858711625,-0.250500001013279,0.69,0,0.8024956417013073,-0.4275516569723943,True Pseudogene
RNU6-929P,Pseudogene,RNU6,1.0387822874635209,0.305000007152557,0,0,0.0762934564476579,0.25979166261145586,True Pseudogene
RNU6-92P,Pseudogene,RNU6,1.1021455099259891,0.30799999833107,0,0,-0.20957162653840283,0.13468374140199385,True Pseudogene
RNU6-930P,Pseudogene,RNU6,0.8336227856894756,-0.0325000006705523,3.21,0,0.9672664712411831,-0.248003265914256,True Pseudogene
RNU6-931P,Pseudogene,RNU6,1.266015912846166,-0.314999997615814,0.3,0,1.0523096753658907,-0.5030547900020111,True Pseudogene
RNU6-932P,Pseudogene,RNU6,0.7864365902730902,0.209000006318092,0,0,0.30820311277067736,0.17259763687881513,True Pseudogene
RNU6-933P,Pseudogene,RNU6,1.6555592706449864,0.29899999499321,0.09,0,-0.40451760962045846,0.37610616225055604,True Pseudogene
RNU6-934P,Pseudogene,RNU6,0.8115486620808757,0.186000004410744,0,0,0.44210887318733044,0.20196647504477455,True Pseudogene
RNU6-935P,Pseudogene,RNU6,0.7988885029524141,0.233500003814697,0,0,0.17592638211522985,0.18855640982693916,True Pseudogene
RNU6-936P,Pseudogene,RNU6,0.7790867155976406,0.0070000002160668,0,0,1.0108483210037038,0.1110843500054336,True Pseudogene
RNU6-937P,Pseudogene,RNU6,0.950277546579984,0.019000000320375,0,0,0.7365744925417264,9.049810601735084e-4,True Pseudogene
RNU6-938P,Pseudogene,RNU6,1.079123347170842,0.282000005245209,0,0,0.2210879242762686,0.5739223347890923,True Pseudogene
RNU6-939P,Pseudogene,RNU6,1.0712442339467558,-0.204999998211861,0,0,1.1049422108477926,-0.2641102894999149,True Pseudogene
RNU6-940P,Pseudogene,RNU6,0.9685521147834452,-0.235999993979931,0,0,1.399891782037515,-0.17978388516390859,True Pseudogene
RNU6-941P,Pseudogene,RNU6,0.2572909832374924,-0.280499994754791,0,0.07,1.9651208669276417,0.022780515567439034,True Pseudogene
RNU6-942P,Pseudogene,RNU6,1.201092019879696,-0.120999999344349,0,0,0.8416508670166214,-0.7151108870760013,True Pseudogene
RNU6-943P,Pseudogene,RNU6,1.0632943695018822,0.0405000001192093,0.34,0,0.5577569837893225,-0.035812283309597154,True Pseudogene
RNU6-944P,Pseudogene,RNU6,0.9738583944970508,-0.108000002801418,2.02,0,1.0513059321067133,-0.08533526500956566,True Pseudogene
RNU6-945P,Pseudogene,RNU6,0.9089345015305808,0.184000000357628,0.64,0,0.4441428121520223,0.18019067273572525,True Pseudogene
RNU6-946P,Pseudogene,RNU6,1.330939805812636,0.282999992370605,0,0,-0.07478412709678921,0.12673511006285873,True Pseudogene
RNU6-947P,Pseudogene,RNU6,0.7536683990117115,-0.126999996602535,0,0,1.0659794823564717,0.12414191047026094,True Pseudogene
RNU6-948P,Pseudogene,RNU6,0.9089345015305808,-0.0379999987781048,0.24,0,0.9029926866707555,-0.01904566885162648,True Pseudogene
RNU6-949P,Pseudogene,RNU6,0.7141628226311706,0.174999997019768,0,0,1.0183893340622732,0.44581559868919857,True Pseudogene
RNU6-94P,Pseudogene,RNU6,0.9738583944970508,-0.116999998688698,4.06,0,1.0978288674155867,-0.10465594830035653,True Pseudogene
RNU6-950P,Pseudogene,RNU6,1.4607875917455764,0.159999996423721,0,0,0.5388381400890452,0.3814175386218342,True Pseudogene
RNU6-951P,Pseudogene,RNU6,0.9413964480138156,0.214000001549721,0,0,0.3072671634967623,0.18990857894538388,True Pseudogene
RNU6-952P,Pseudogene,RNU6,1.1256480516640297,-0.108000002801418,0.26,0,0.74145865198456,-0.2310313746160887,True Pseudogene
RNU6-953P,Pseudogene,RNU6,0.9738583944970508,0.277999997138977,0,0,0.1886846874046978,0.33676862104623045,True Pseudogene
RNU6-954P,Pseudogene,RNU6,1.201092019879696,-0.0240000002086162,0.67,0,0.5405725761370933,-0.15583650763937607,True Pseudogene
RNU6-955P,Pseudogene,RNU6,1.1021455099259891,0.252000004053116,0,0,-0.009643874634282807,0.11032799177020884,True Pseudogene
RNU6-956P,Pseudogene,RNU6,1.079123347170842,0.0649999976158142,0.7,0,0.31258185066752886,-0.07991077052776475,True Pseudogene
RNU6-957P,Pseudogene,RNU6,0.9823837541795166,0.26800000667572,0,0,0.1796931140569647,0.22484160034796236,True Pseudogene
RNU6-958P,Pseudogene,RNU6,1.1141185028868776,0.248499989509583,0,0,-0.05824393738657163,0.100793494700506,True Pseudogene
RNU6-959P,Pseudogene,RNU6,0.7466247691144057,0.30799999833107,0,0,0.32594826067181737,0.37230889872333056,True Pseudogene
RNU6-95P,Pseudogene,RNU6,1.3958636987791062,0.194999992847443,0,0,-0.0235089379609023,-0.02140018820735137,True Pseudogene
RNU6-960P,Pseudogene,RNU6,1.157809424568716,-0.0230000000447035,0,0,0.7873642737626869,-0.06719105316616968,True Pseudogene
RNU6-961P,Pseudogene,RNU6,0.8931672703815808,0.282999992370605,0,0,0.20043256287947192,0.3928970235541736,True Pseudogene
RNU6-964P,Pseudogene,RNU6,1.0571303441714364,0.284000009298325,0,0,0.05394210766116299,0.2066310096529632,True Pseudogene
RNU6-965P,Pseudogene,RNU6,0.868357068426537,-0.0450000017881393,0,0,0.8474468753928672,-0.06123801078075619,True Pseudogene
RNU6-966P,Pseudogene,RNU6,1.3025356026398056,-0.132500000298023,0,0,0.6954638876119954,-0.30526281195724125,True Pseudogene
RNU6-967P,Pseudogene,RNU6,1.318616289092149,0.216500014066696,0,0,-0.186332175085116,-0.027102603928593802,True Pseudogene
RNU6-968P,Pseudogene,RNU6,0.8440106085641107,0.214000001549721,0,0,0.4506952142189235,0.3270776441851771,True Pseudogene
RNU6-969P,Pseudogene,RNU6,1.720174002216378,0.284000009298325,1.37,0,-0.36110466270238617,0.2250624092679801,True Pseudogene
RNU6-970P,Pseudogene,RNU6,0.7141628226311706,-0.0379999987781048,0,0,1.0422686647253343,0.04991137769725914,True Pseudogene
RNU6-971P,Pseudogene,RNU6,1.2451912679323929,-0.0765000022947788,0,0,0.7365824642628568,0.022942363660038406,True Pseudogene
RNU6-972P,Pseudogene,RNU6,0.7790867155976406,-0.193000003695488,0,0,1.323505168545758,-0.1170777435117805,True Pseudogene
RNU6-973P,Pseudogene,RNU6,1.266015912846166,-0.270000010728836,0,0,1.0366131332697017,-0.37558525433197837,True Pseudogene
RNU6-974P,Pseudogene,RNU6,1.4151004078062084,-0.0175000009476207,0,0,0.3771457951646881,-0.23282123156103246,True Pseudogene
RNU6-975P,Pseudogene,RNU6,1.1247291552953242,0.29899999499321,0,0,-0.029960226843083294,-0.2503152318997321,True Pseudogene
RNU6-976P,Pseudogene,RNU6,1.8149445033779872,-0.226999998092651,0,0,0.4718040949348603,-0.6326110982975437,True Pseudogene
RNU6-977P,Pseudogene,RNU6,1.079123347170842,-0.0320000015199184,0,0,0.36029904239383953,-0.20688429784453902,True Pseudogene
RNU6-978P,Pseudogene,RNU6,1.7198528345535296,0.407999992370605,0,0.02,-1.1774847702153084,-0.07415170734390542,True Pseudogene
RNU6-979P,Pseudogene,RNU6,0.8764725550473457,-0.0759999975562096,7.87,0,1.0519324149942029,0.17602917507595664,True Pseudogene
RNU6-97P,Pseudogene,RNU6,1.1021455099259891,0.239999994635582,1.51,0,0.21512531071446825,0.18118476293346117,True Pseudogene
RNU6-980P,Pseudogene,RNU6,1.3489041839635527,0.298000007867813,0,0,-0.3720093822725303,0.2595935067202798,True Pseudogene
RNU6-982P,Pseudogene,RNU6,1.4983416082653973,0.298000007867813,0,0,-0.47301239722034616,0.03616400111222924,True Pseudogene
RNU6-983P,Pseudogene,RNU6,1.0116781379726645,0.214000001549721,0,0,0.10603045332711865,0.08502902717905665,True Pseudogene
RNU6-984P,Pseudogene,RNU6,1.115321005318488,-0.188999995589256,0,0,0.8909679201494374,-0.3213650154636239,True Pseudogene
RNU6-985P,Pseudogene,RNU6,1.001950463569081,0.203999996185303,0,0,0.12793809359393496,0.3897414837561522,True Pseudogene
RNU6-986P,Pseudogene,RNU6,0.8172772408720348,-0.124499995261431,0,0,1.0921781444177732,-0.09828518239461503,True Pseudogene
RNU6-987P,Pseudogene,RNU6,1.2357389050685337,0.0439999997615814,0,0,0.32586300670392593,-0.1485342905314933,True Pseudogene
RNU6-988P,Pseudogene,RNU6,1.103706180429991,0.284000009298325,0,0,-0.09416530215502816,0.15155400543233796,True Pseudogene
RNU6-989P,Pseudogene,RNU6,0.8440106085641107,0.204999998211861,0,0,0.3194597799233232,0.17536581552319747,True Pseudogene
RNU6-98P,Pseudogene,RNU6,1.006320340980286,0.0570000000298023,0,0,0.7705038015475584,0.08559670078881665,True Pseudogene
RNU6-990P,Pseudogene,RNU6,1.703315788067438,-0.0780000016093254,0,0,0.35175134534387914,-0.3621597583459266,True Pseudogene
RNU6-991P,Pseudogene,RNU6,1.136168126913226,0.421000003814697,0,0,-0.5054183791759443,0.23059199797638744,True Pseudogene
RNU6-992P,Pseudogene,RNU6,1.2221321703780892,0.30799999833107,0,0,-0.05646340993025611,0.19527782192451648,True Pseudogene
RNU6-993P,Pseudogene,RNU6,1.0968720864335204,0.214000001549721,0,0,0.18542382850347836,0.24770105045182123,True Pseudogene
RNU6-994P,Pseudogene,RNU6,1.3768544508384732,-0.0949999988079071,0.63,0,0.723603334174562,-0.22936269428115863,True Pseudogene
RNU6-995P,Pseudogene,RNU6,1.3634017522958712,0.305999994277954,0,0,-0.3103179980575672,0.08289572795667868,True Pseudogene
RNU6-996P,Pseudogene,RNU6,1.201092019879696,0.28099998831749,0,0,-0.005071401376847109,0.16390150637630374,True Pseudogene
RNU6-997P,Pseudogene,RNU6,1.5581734311952813,-0.143999993801117,0,0,0.5563738848500367,-0.41641490647535845,True Pseudogene
RNU6-998P,Pseudogene,RNU6,1.10049212632274,-0.156000003218651,1.45,0,0.882919303590881,-0.2545884480218282,True Pseudogene
RNU6-999P,Pseudogene,RNU6,0.8931672703815808,-0.319999992847443,0,0,1.1665369386041293,-0.3901973676552558,True Pseudogene
RNU6-99P,Pseudogene,RNU6,1.103706180429991,0.379000008106232,0,0,-0.32288666783896347,0.2221744914735372,True Pseudogene
RNU4ATAC,Functional,RNU4ATAC,4.836080904160099,3.65599989891052,21.99,1,-11.023419645241844,0.7502432899092135,True Functional
RNU4ATAC10P,Pseudogene,RNU4ATAC,0.8256509830940844,0.737000018358231,0,0.5,-1.1488770426430106,0.5924234709385292,False Pseudogene
RNU4ATAC11P,Pseudogene,RNU4ATAC,1.2956438798745156,0.754999995231628,2.54,0.55,-1.5926045085959637,0.41451935794540423,False Pseudogene
RNU4ATAC12P,Pseudogene,RNU4ATAC,1.106578919056826,0.592999994754791,0.62,0.49,-1.0666145157190958,0.3463004985279486,True Pseudogene
RNU4ATAC13P,Pseudogene,RNU4ATAC,1.1026756424463962,0.865000009536743,0,0.53,-1.5420019114731272,0.7417693826385034,False Pseudogene
RNU4ATAC14P,Pseudogene,RNU4ATAC,1.1708185192267917,0.003000000026077,0,0,0.11483638632891331,-0.16930375101272774,True Pseudogene
RNU4ATAC15P,Pseudogene,RNU4ATAC,1.0751087513852364,1.42249995470047,0,0.7,-2.9021396056762425,1.1085424835128739,False Pseudogene
RNU4ATAC16P,Pseudogene,RNU4ATAC,1.3507776619968357,0.663500010967255,2.33,0.54,-1.4344650203527436,0.30909610293669304,False Pseudogene
RNU4ATAC17P,Pseudogene,RNU4ATAC,1.186754660182934,0.0480000004172325,3.52,0,0.08830863012267288,-0.17909097001224242,True Pseudogene
RNU4ATAC18P,Pseudogene,RNU4ATAC,1.4059114441191551,0.784000009298325,2.21,0.55,-1.65201654157407,0.465980287423869,False Pseudogene
RNU4ATAC2P,Pseudogene,RNU4ATAC,0.9648411871405967,0.75,0,0.51,-1.2975087191120513,0.5466641119854243,False Pseudogene
RNU4ATAC3P,Pseudogene,RNU4ATAC,1.2680769888133556,0.306000009179115,0,0,-0.5607794316110406,0.020352649228295314,True Pseudogene
RNU4ATAC4P,Pseudogene,RNU4ATAC,0.6616053854678376,0.838499993085861,0,0.55,-1.2360106659968635,0.7518723507903873,False Pseudogene
RNU4ATAC5P,Pseudogene,RNU4ATAC,1.1026756424463962,1.06950002908707,0,0.56,-1.871510257125961,0.6539525208653433,False Pseudogene
RNU4ATAC6P,Pseudogene,RNU4ATAC,1.3783445530579952,0.344999998807907,0,0,-0.7429715119265403,0.010026006820073608,True Pseudogene
RNU4ATAC7P,Pseudogene,RNU4ATAC,1.1114970475859671,0.157000005245209,0,0,-0.09185554113448167,-0.0495452344733974,True Pseudogene
RNU4ATAC8P,Pseudogene,RNU4ATAC,1.46585046413287,-0.112000003457069,0,0,0.20806979413890564,-0.43890645733525235,True Pseudogene
RNU4ATAC9P,Pseudogene,RNU4ATAC,1.3783445530579952,0.825999975204468,0,0.55,-1.8229921432674736,0.4444863278493105,False Pseudogene
RNU6ATAC,Functional,RNU6ATAC,4.245301223418625,7.1085000038147,167.93,1,-19.110411088827483,3.7623924487559877,True Functional
RNU6ATAC10P,Pseudogene,RNU6ATAC,1.345562304228508,3.58699989318848,16.48,0.89,-7.994316865830721,2.951875729358941,False Pseudogene
RNU6ATAC11P,Pseudogene,RNU6ATAC,1.3615838832928102,4.96299982070923,0,0.78,-11.097685153229419,4.1881305084722795,False Pseudogene
RNU6ATAC12P,Pseudogene,RNU6ATAC,1.147741516528988,-0.119999997317791,1.72,0,0.49900824707031793,-0.31471796824897663,True Pseudogene
RNU6ATAC13P,Pseudogene,RNU6ATAC,1.16664766445092,0.0750000029802322,0,0,0.04493853859470915,-0.1463947691496572,True Pseudogene
RNU6ATAC14P,Pseudogene,RNU6ATAC,0.91606899526316,-0.0359999984502792,0,0,0.5092007807913809,-0.1431371277818535,True Pseudogene
RNU6ATAC15P,Pseudogene,RNU6ATAC,1.0334166764745565,3.10999989509583,0,0.78,-6.655416503262547,2.6499902110576716,False Pseudogene
RNU6ATAC16P,Pseudogene,RNU6ATAC,0.9312814936748368,1.56450003385544,2.28,0.74,-3.097560884815672,1.2962189739708854,False Pseudogene
RNU6ATAC17P,Pseudogene,RNU6ATAC,1.2719596495261951,0.222000002861023,1.3,0.01,-0.2712894776906173,-0.15682970310133057,True Pseudogene
RNU6ATAC18P,Pseudogene,RNU6ATAC,1.10049212632274,2.10999989509583,0.99,0.76,-4.467610229470954,1.7190358090045774,False Pseudogene
RNU6ATAC19P,Pseudogene,RNU6ATAC,0.8209921374214532,0.405000001192093,0,0,-0.3994178906833067,0.2944710998224314,True Pseudogene
RNU6ATAC20P,Pseudogene,RNU6ATAC,1.0392934992191625,3.83100008964539,0.41,0.68,-8.17623685869855,3.3564300569474432,False Pseudogene
RNU6ATAC21P,Pseudogene,RNU6ATAC,0.909707405018277,3.2335000038147,0,0.78,-6.826561891886942,2.8126470512845336,False Pseudogene
RNU6ATAC22P,Pseudogene,RNU6ATAC,1.7172004948659607,0.282999992370605,0,0,-0.7539264856782487,0.025787887377511858,True Pseudogene
RNU6ATAC23P,Pseudogene,RNU6ATAC,0.7906991192176597,0.880999982357025,0,0.55,-1.442216646133474,0.7369296952919624,False Pseudogene
RNU6ATAC24P,Pseudogene,RNU6ATAC,0.9005184413312235,0.298000007867813,31.44,0.04,-0.22741189308626542,0.16495161147106427,True Pseudogene
RNU6ATAC25P,Pseudogene,RNU6ATAC,1.157809424568716,2.03200006484985,0,0.78,-4.341657115917675,1.6249049131056592,False Pseudogene
RNU6ATAC26P,Pseudogene,RNU6ATAC,0.8545736228959571,5.06799983978271,0,0.7,-10.742622835962528,3.9595225685405753,False Pseudogene
RNU6ATAC27P,Pseudogene,RNU6ATAC,0.700523349318887,4.58400011062622,1.24,0.68,-9.350639934168646,4.2795670285212,False Pseudogene
RNU6ATAC28P,Pseudogene,RNU6ATAC,1.295176644432801,0.239999994635582,0,0,-0.28459397217904964,0.06842891843581841,True Pseudogene
RNU6ATAC29P,Pseudogene,RNU6ATAC,1.1948593261549147,3.97699999809265,0.54,0.69,-8.647451384283247,3.317819132982386,False Pseudogene
RNU6ATAC2P,Pseudogene,RNU6ATAC,1.3783445530579952,4.34450006484985,1.25,0.76,-9.723310165475166,3.622549512646123,False Pseudogene
RNU6ATAC30P,Pseudogene,RNU6ATAC,1.281182559973579,3.994500041008,0.2,0.7,-8.664286556158164,3.7702769483883785,False Pseudogene
RNU6ATAC31P,Pseudogene,RNU6ATAC,0.9372742960794368,3.08400011062622,0,0.78,-6.6267857310928,2.609219297453692,False Pseudogene
RNU6ATAC32P,Pseudogene,RNU6ATAC,1.005466079230727,0.27700001001358,0,0,-0.20381361780142315,0.3342481617735198,True Pseudogene
RNU6ATAC33P,Pseudogene,RNU6ATAC,0.9372742960794368,4.03550004959106,0,0.78,-8.651000638384708,3.525660457710335,False Pseudogene
RNU6ATAC34P,Pseudogene,RNU6ATAC,1.0908287140564763,5.07399988174438,0,0.78,-11.114580267774695,4.4002435722216235,False Pseudogene
RNU6ATAC35P,Pseudogene,RNU6ATAC,0.8057727752066064,0.0720000006258488,0.99,0,0.36134863033411496,-2.239148051321005e-5,True Pseudogene
RNU6ATAC36P,Pseudogene,RNU6ATAC,1.2156998957971517,0.282999992370605,0,0,-0.4641901351732605,0.02121576804177515,True Pseudogene
RNU6ATAC37P,Pseudogene,RNU6ATAC,1.2196771037441436,3.84699988365173,0,0.7,-8.315718197851034,3.316706136330311,False Pseudogene
RNU6ATAC38P,Pseudogene,RNU6ATAC,1.0751087513852364,4.13849997520447,0,0.78,-9.135973183404335,3.453604289467242,False Pseudogene
RNU6ATAC39P,Pseudogene,RNU6ATAC,1.165579957619513,0.212999999523163,1.55,0,-0.15340291843128578,0.32122761730399696,True Pseudogene
RNU6ATAC3P,Pseudogene,RNU6ATAC,1.130242533507556,5.24600005149841,0,0.78,-11.534605278621813,4.539319259196545,False Pseudogene
RNU6ATAC40P,Pseudogene,RNU6ATAC,1.5212094629369992,0.330000013113022,0,0,-0.8318863752481598,-0.06254222821939778,True Pseudogene
RNU6ATAC41P,Pseudogene,RNU6ATAC,1.0199749692629163,3.64549994468689,0,0.7,-7.633699953124123,2.887240430870701,False Pseudogene
RNU6ATAC42P,Pseudogene,RNU6ATAC,1.4990585181258114,-0.125,0.44,0,0.3936986379681703,-0.4232862404006266,True Pseudogene
RNU6ATAC4P,Pseudogene,RNU6ATAC,0.9372742960794368,4.60549998283386,0.24,0.77,-9.930858717439108,4.040509307409907,False Pseudogene
RNU6ATAC5P,Pseudogene,RNU6ATAC,1.157809424568716,4.0475001335144,0,0.78,-8.867190927653525,3.44539316640344,False Pseudogene
RNU6ATAC6P,Pseudogene,RNU6ATAC,1.2956438798745156,3.93299996852875,1.06,0.76,-8.728374975698765,3.2850295129043903,False Pseudogene
RNU6ATAC7P,Pseudogene,RNU6ATAC,1.285441959560543,3.92899990081787,0,0.78,-8.807631273486534,3.2976286178552714,False Pseudogene
RNU6ATAC8P,Pseudogene,RNU6ATAC,1.0199749692629163,4.30100011825562,0,0.72,-9.236540728079033,3.927300642854629,False Pseudogene
RNU6ATAC9P,Pseudogene,RNU6ATAC,1.1378471931106346,-0.0540000014007092,0.26,0,0.35930490005703514,-0.25101550275546464,True Pseudogene
RNU11,Functional,RNU11,4.013739338504882,5.12800002098083,15.59,0.99,-13.643305327963418,3.295181293552572,True Functional
RNU11-2P,Pseudogene,RNU11,1.1985773620535298,0.0500000007450581,0.16,0,0.07367312127331323,-0.1821665924345551,True Pseudogene
RNU11-3P,Pseudogene,RNU11,0.9924080782017566,1.46899998188019,3.95,0.7,-2.76977370600386,1.4616425622863074,False Pseudogene
RNU11-4P,Pseudogene,RNU11,0.9924080782017566,0.885999977588654,0.89,0.56,-1.6265341964306046,0.6581164475195619,False Pseudogene
RNU11-5P,Pseudogene,RNU11,1.4001416297110054,0.305000007152557,0,0,-0.5898919689055004,0.10870036766207056,True Pseudogene
RNU11-6P,Pseudogene,RNU11,1.1229880884914614,1.43599998950958,1.99,0.71,-2.973538667229947,1.1009554554263934,False Pseudogene
RNU12,Functional,RNU12,4.492300567326618,6.10249996185303,89.68,1,-16.029626617423766,4.139831908951967,True Functional
RNU12-2P,Pseudogene,RNU12,0.9796848977119904,3.99199998378754,1.99,0.7,-8.276522034266057,3.684701329081841,False Pseudogene
VTRNA1-1,Functional,VTRNA,2.631385055837991,0.115000002086163,0,0.54,-1.4150857725332853,-0.8734591592461195,True Functional
VTRNA1-2,Functional,VTRNA,3.161210001912337,0.405000001192093,0,0.87,-2.4076068478429633,-0.6723072070205509,True Functional
VTRNA1-3,Functional,VTRNA,2.029418766659772,0.328999996185303,1.76,0.8,-1.2657460762153623,-0.27339525958746513,True Functional
VTRNA2-1,Functional,VTRNA,1.9809395623480377,-0.0165000003762543,1.45,0.29,-0.4483713425107041,-0.5654383864895357,False Functional
VTRNA2-2P,Pseudogene,VTRNA,1.5512398115580857,0.300999999046326,0,0,-0.6431439270067609,-0.04150051599439183,True Pseudogene
VTRNA2-2P,Pseudogene,VTRNA,1.5512398115580857,0.300999999046326,0,0,-0.6431439270067609,-0.04150051599439183,True Pseudogene
VTRNA2-2P,Pseudogene,VTRNA,1.5512398115580857,0.300999999046326,0,0,-0.6431439270067609,-0.04150051599439183,True Pseudogene
VTRNA2-2P,Pseudogene,VTRNA,1.5512398115580857,0.300999999046326,0,0,-0.6431439270067609,-0.04150051599439183,True Pseudogene
VTRNA3-1P,Pseudogene,VTRNA,0.7151175857630304,0.167999997735023,0,0,0.223586805587571,0.12414060875299864,True Pseudogene
VTRNA3-1P,Pseudogene,VTRNA,0.7151175857630304,0.167999997735023,0,0,0.223586805587571,0.12414060875299864,True Pseudogene
VTRNA3-1P,Pseudogene,VTRNA,0.7151175857630304,0.167999997735023,0,0,0.223586805587571,0.12414060875299864,True Pseudogene
VTRNA3-1P,Pseudogene,VTRNA,0.7151175857630304,0.167999997735023,0,0,0.223586805587571,0.12414060875299864,True Pseudogene
RNY1,Functional,RNY,3.87302621669889,2.04900002479553,461.11,1,-6.764148060207716,-0.7873833304304025,True Functional
RNY1P1,Pseudogene,RNY,1.3955738599712202,-0.200000002980232,0,0,0.5275540076231676,-1.200707993035172,True Pseudogene
RNY1P10,Pseudogene,RNY,1.4754385587424346,-0.193000003695488,0,0,0.6052452682418451,-0.43030515549797727,True Pseudogene
RNY1P11,Pseudogene,RNY,1.198793828978228,-0.308999985456467,2.4,0,1.0816004322481674,-0.46720521197944187,True Pseudogene
RNY1P12,Pseudogene,RNY,1.5547726558494188,0.30799999833107,3.48,0,-0.7398661641387467,0.012154277804311532,True Pseudogene
RNY1P13,Pseudogene,RNY,0.7277659240146215,0.30799999833107,2.18,0,0.18413278277025333,0.3324953774758257,True Pseudogene
RNY1P14,Pseudogene,RNY,0.9326798142359102,0.30799999833107,7.13,0,0.08952253663978259,0.43426792655623475,True Pseudogene
RNY1P15,Pseudogene,RNY,1.330939805812636,-0.104000002145767,0.28,0,0.3058764289126282,-0.3759471022042583,True Pseudogene
RNY1P16,Pseudogene,RNY,1.126517277958751,-0.0879999995231628,6.87,0,0.8688510238466943,-0.15951191585153765,True Pseudogene
RNY1P2,Pseudogene,RNY,1.2171842668542912,0.30799999833107,0,0,-0.24804069675425403,0.12086349716129646,True Pseudogene
RNY1P3,Pseudogene,RNY,1.0596899818086554,-0.166999995708466,0,0,0.8423106692135734,-0.29350880848626276,True Pseudogene
RNY1P4,Pseudogene,RNY,1.4195750336016433,0.305000007152557,0,0,-0.502030231646512,-0.005817727735051597,True Pseudogene
RNY1P5,Pseudogene,RNY,1.3893713094824591,-0.0419999994337559,0,0,0.4080006238995849,-0.254592547970896,True Pseudogene
RNY1P6,Pseudogene,RNY,1.083454690880817,-0.284000009298325,0.15,0,0.9224142640356333,-0.43629121332589904,True Pseudogene
RNY1P7,Pseudogene,RNY,1.0104518614417886,0.219999998807907,0,0,0.38888087068019944,0.3384468210971205,True Pseudogene
RNY1P8,Pseudogene,RNY,1.0359347482983248,0.294999986886978,0,0,0.025748747810933673,0.20754539430202917,True Pseudogene
RNY1P9,Pseudogene,RNY,1.4339841496951988,0.300999999046326,3.42,0,-0.46878874754155364,0.012974517188152013,True Pseudogene
RNY3,Functional,RNY,3.166949308379135,1.97699999809265,1.8,0.98,-5.928818776263216,-0.04972766156736352,True Functional
RNY3P1,Pseudogene,RNY,0.9875433327203754,0.239999994635582,0,0,-0.025144686671459075,0.0772973950160209,True Pseudogene
RNY3P10,Pseudogene,RNY,1.3280755164170566,0.344999998807907,0,0,-0.4466818388024871,0.10004616316843923,True Pseudogene
RNY3P11,Pseudogene,RNY,1.0215965510900435,0.30799999833107,9.19,0,0.03366102338972577,0.2222123541691208,True Pseudogene
RNY3P12,Pseudogene,RNY,1.123756206199048,-0.197999998927116,0,0,0.9901258193688655,-0.28856242723687464,True Pseudogene
RNY3P13,Pseudogene,RNY,0.8513304592417029,0.29899999499321,0,0,0.1552673999582554,0.5320657759964916,True Pseudogene
RNY3P14,Pseudogene,RNY,1.2599690796777203,0.30799999833107,0,0,0.09078205036970936,0.4025158817266662,True Pseudogene
RNY3P15,Pseudogene,RNY,1.0742561671256128,-0.150999993085861,0,0,0.915679664702467,-0.23036494185121592,True Pseudogene
RNY3P16,Pseudogene,RNY,0.5846364421089557,0.261999994516373,0,0,0.518123315094195,0.6811766045591896,True Pseudogene
RNY3P2,Pseudogene,RNY,0.9194368959810392,-0.0879999995231628,13.19,0,0.9937236197060847,-0.09137215352898705,True Pseudogene
RNY3P3,Pseudogene,RNY,1.4983416082653973,-0.110500000417233,0,0,0.3979124014728965,-0.4037842258873322,True Pseudogene
RNY3P4,Pseudogene,RNY,1.2380536421130823,0.296999990940094,0,0,-0.25857130312059495,0.10397622147152552,True Pseudogene
RNY3P5,Pseudogene,RNY,1.157809424568716,0.300000011920929,0,0,-0.08729270590366049,0.15844524294299117,True Pseudogene
RNY3P7,Pseudogene,RNY,1.0317113684275687,-0.13400000333786,0,0,0.8846160424983603,-0.2272219118153884,True Pseudogene
RNY3P8,Pseudogene,RNY,1.2680769888133556,0.230000004172325,5.12,0,-0.0029106694983901905,0.0630887375148751,True Pseudogene
RNY3P9,Pseudogene,RNY,1.1468866941482565,-0.0689999982714653,0,0,0.7120623942761551,-0.1730281845116197,True Pseudogene
RNY4,Functional,RNY,2.7136158388329283,2.55200004577637,0,0.98,-7.4353288718210155,-3.0824724018598446,True Functional
RNY4P10,Pseudogene,RNY,1.157809424568716,0.0115000000223517,0,0,0.3991612795668258,-0.15553278142982804,True Pseudogene
RNY4P13,Pseudogene,RNY,1.3025356026398056,-0.12050000205636,0,0,0.5762232842836214,-0.28945900582057527,True Pseudogene
RNY4P14,Pseudogene,RNY,1.1939909690864885,0.305000007152557,0,0,-0.31748070594876554,0.08805723433133598,True Pseudogene
RNY4P16,Pseudogene,RNY,0.5912218338223231,0.306500002741814,0,0,0.06640081691213255,0.2050542909145158,True Pseudogene
RNY4P17,Pseudogene,RNY,1.157809424568716,0.0690000001341105,0.86,0,0.22000325934214068,-0.11557954322362453,True Pseudogene
RNY4P18,Pseudogene,RNY,1.2879003711494708,0.231000006198883,0,0,-0.21436107990771097,-0.0631188299168892,True Pseudogene
RNY4P19,Pseudogene,RNY,0.8321755239087647,0.12049999833107,0,0,0.2297918354643474,0.03287817114071702,True Pseudogene
RNY4P20,Pseudogene,RNY,1.2698554979140757,0.30799999833107,0,0,-0.35086093551447695,0.29037738426238874,True Pseudogene
RNY4P23,Pseudogene,RNY,0.7877878558921161,0.24600000679493,0,0,-0.013911553675989225,0.1645724915065955,True Pseudogene
RNY4P24,Pseudogene,RNY,1.0854463355331714,0.111999999731779,0.25,0,0.2890651542427209,-0.021605295182309393,True Pseudogene
RNY4P25,Pseudogene,RNY,0.8321755239087647,0.30799999833107,0.61,0,0.06413308183473465,0.2635725485889034,True Pseudogene
RNY4P27,Pseudogene,RNY,1.049264791015399,0.284000009298325,0,0,-0.011413873078375188,0.18451418207321219,True Pseudogene
RNY4P28,Pseudogene,RNY,1.120460733453596,-0.208000004291534,0,0,1.071019150380359,-0.27767878148207287,True Pseudogene
RNY4P29,Pseudogene,RNY,1.2891074005507357,0.118000000715256,0,0,0.04604475607343743,0.0597365999705333,True Pseudogene
RNY4P3,Pseudogene,RNY,1.4624961152446938,0.30799999833107,0.44,0,-0.7157154807771009,-1.2401586290850575,True Pseudogene
RNY4P30,Pseudogene,RNY,1.0968720864335204,0.19200000166893,0,0,0.02597230028188649,0.19333163866414285,True Pseudogene
RNY4P34,Pseudogene,RNY,1.1334344893146375,-0.0790000036358833,0,0,0.5656831813337377,-0.14869687727074615,True Pseudogene
RNY4P36,Pseudogene,RNY,1.049264791015399,0.30799999833107,0,0,-0.23858571918165772,-0.14591113722372162,True Pseudogene
RNY4P37,Pseudogene,RNY,1.230172513604261,0.214000001549721,0,0,-0.17267178228492336,-0.14942273110033694,True Pseudogene
RNY4P6,Pseudogene,RNY,1.230172513604261,0.214000001549721,0.43,0,-0.09610333468085332,0.2491860519405688,True Pseudogene
RNY4P7,Pseudogene,RNY,0.9045386129443096,-0.415500000119209,0,0,1.5721525606130518,-0.3275927872133681,True Pseudogene
RNY4P9,Pseudogene,RNY,0.8952134726046772,0.211999997496605,0,0,0.3728230333496443,0.41115137018592385,True Pseudogene
MT-TA,Functional,TRNA,0,1.93099999427795,848.15,1,-3.1214676708274998,2.0114751466124834,True Functional
MT-TC,Functional,TRNA,0,1.03649997711182,850.15,1,-1.1129887305846995,1.203522210494773,True Functional
MT-TD,Functional,TRNA,0,1.89650005102158,16.51,0.95,-3.043872656630696,1.980813461462764,True Functional
MT-TE,Functional,TRNA,0,1.73800003528595,134.35,1,-2.688000655689346,1.8375784069095986,True Functional
MT-TF,Functional,TRNA,0,1.69700002670288,0,0.89,-2.5959196534199123,1.8006262002213473,True Functional
MT-TG,Functional,TRNA,0,0.828999996185303,306.57,1,-0.6469904867854613,1.016426036826174,True Functional
MT-TH,Functional,TRNA,0,1.03799998760223,1153.94,1,-1.1164043045582734,1.2046943749994168,True Functional
MT-TI,Functional,TRNA,0,3.79900002479553,415.64,1,-7.315742392784989,3.69899501011876,True Functional
MT-TK,Functional,TRNA,0,1.44749999046326,31.43,1,-2.0357058572418727,1.5752478975169477,True Functional
MT-TL1,Functional,TRNA,0,3.49600005149841,0,0.96,-6.635331790438708,3.4255620976399466,True Functional
MT-TL2,Functional,TRNA,0,4.61299991607666,112.81,1,-9.143422108195319,4.434417624801364,True Functional
MT-TM,Functional,TRNA,0,5.76999998092651,34.77,1,-11.741297643032926,5.479517875532118,True Functional
MT-TN,Functional,TRNA,0,1.98199999332428,656.69,1,-3.235951358429943,2.057655738808459,True Functional
MT-TP,Functional,TRNA,0,0.754499971866608,300.57,1,-0.4797097829988074,0.9491379488429553,True Functional
MT-TQ,Functional,TRNA,0,2.08150005340576,363.47,1,-3.4593194857675815,2.147704920299655,True Functional
MT-TR,Functional,TRNA,0,2.04900002479553,400.09,1,-3.386350777101023,2.118327441254575,True Functional
MT-TS1,Functional,TRNA,0,3.55900001525879,2004.02,1,-6.777103081077685,3.481261139939116,True Functional
MT-TS2,Functional,TRNA,0,1.0900000333786,99.13,1,-1.2329984634092004,1.2522975050075433,True Functional
MT-TT,Functional,TRNA,0,1.18999999761581,229.69,1,-1.4575553231156397,1.3425433444356003,True Functional
MT-TV,Functional,TRNA,0,1.23300004005432,31.01,1,-1.5540750571991642,1.3815023665690265,True Functional
MT-TW,Functional,TRNA,0,2.15200006961823,136.41,1,-3.617582267608758,2.211520196322132,True Functional
MT-TY,Functional,TRNA,0,2.32850003242493,1314.03,1,-4.0140732905790735,2.3702344551589207,True Functional
NMTRQ-TTG12-1,Functional,TRNA,1.9779244336382231,2.12349998950958,0,0.91,-5.250865380218792,1.3687501340041963,True Functional
NMTRS-TGA3-1,Functional,TRNA,0.9564512637741568,3.51699995994568,0,0.78,-7.503234705333335,3.0494060995934156,True Functional
VTRNA2-2P,Pseudogene,TRNA,1.5512398115580857,0.300999999046326,0,0,-0.6431439270067609,-0.04150051599439183,True Pseudogene
VTRNA2-2P,Pseudogene,TRNA,1.5512398115580857,0.300999999046326,0,0,-0.6431439270067609,-0.04150051599439183,True Pseudogene
VTRNA2-2P,Pseudogene,TRNA,1.5512398115580857,0.300999999046326,0,0,-0.6431439270067609,-0.04150051599439183,True Pseudogene
VTRNA2-2P,Pseudogene,TRNA,1.5512398115580857,0.300999999046326,0,0,-0.6431439270067609,-0.04150051599439183,True Pseudogene
VTRNA3-1P,Pseudogene,TRNA,0.7151175857630304,0.167999997735023,0,0,0.223586805587571,0.12414060875299864,True Pseudogene
VTRNA3-1P,Pseudogene,TRNA,0.7151175857630304,0.167999997735023,0,0,0.223586805587571,0.12414060875299864,True Pseudogene
VTRNA3-1P,Pseudogene,TRNA,0.7151175857630304,0.167999997735023,0,0,0.223586805587571,0.12414060875299864,True Pseudogene
VTRNA3-1P,Pseudogene,TRNA,0.7151175857630304,0.167999997735023,0,0,0.223586805587571,0.12414060875299864,True Pseudogene
RN7SL1,Functional,RN7SL,3.1597742155453923,0.28600001335144,2362115.65,1,-11.737344531632504,-18.003839727627863,True Functional
RN7SL100P,Pseudogene,RN7SL,1.4818380007278789,0.301999986171722,0.19,0,-0.12592739140858486,0.5006928279479647,True Pseudogene
RN7SL101P,Pseudogene,RN7SL,1.3694520075543952,0.305000007152557,0.39,0,-0.37324632292263676,0.057684543382427865,True Pseudogene
RN7SL104P,Pseudogene,RN7SL,1.17361569657648,-0.298000007867813,0.03,0,1.1597665697440203,-0.6330259452543487,True Pseudogene
RN7SL105P,Pseudogene,RN7SL,1.1384480629538545,0.289000004529953,4.67,0,-0.255875323338459,0.010778573283227318,True Pseudogene
RN7SL106P,Pseudogene,RN7SL,1.5570540537303423,-0.0515000000596046,0,0,0.09797091158481298,-0.652396449107754,True Pseudogene
RN7SL107P,Pseudogene,RN7SL,1.165991823328919,0.0509999990463257,2.05,0,0.219902297193652,0.027493766317661483,True Pseudogene
RN7SL108P,Pseudogene,RN7SL,1.2513697821096226,0.44200000166893,0.17,0,-0.8788943482247331,-0.24105842433903826,True Pseudogene
RN7SL110P,Pseudogene,RN7SL,0.7364158884182647,-0.17399999499321,0.49,0,1.2019493003207617,-0.39705817485009764,True Pseudogene
RN7SL111P,Pseudogene,RN7SL,0.7312480576223469,0.30799999833107,0.21,0,0.3745350400587659,0.3651489993928745,True Pseudogene
RN7SL113P,Pseudogene,RN7SL,0.6737753841971793,0.30799999833107,2.05,0,0.44339837217101,0.06088599168442841,True Pseudogene
RN7SL116P,Pseudogene,RN7SL,1.0818874950888002,-0.0160000007599592,1.86,0,0.5150766949435682,-0.5398492423940419,True Pseudogene
RN7SL117P,Pseudogene,RN7SL,1.3729429325122275,-0.0614999998360872,0.17,0,0.40786163193245073,-0.5214473511146677,True Pseudogene
RN7SL118P,Pseudogene,RN7SL,1.012124794987222,0.282999992370605,4.36,0,0.12251577290126671,-0.2543773655223687,True Pseudogene
RN7SL11P,Pseudogene,RN7SL,1.126196880553188,0.30799999833107,1.58,0,0.21926737025141577,-0.25043963562260957,True Pseudogene
RN7SL120P,Pseudogene,RN7SL,1.1734554978736986,-0.137000001966953,0,0,0.6879502112374969,-0.44095047692831246,True Pseudogene
RN7SL121P,Pseudogene,RN7SL,1.730352546608191,0.153999999165535,0,0,0.04205916696194309,1.9574698819827383,True Pseudogene
RN7SL122P,Pseudogene,RN7SL,1.14242325281365,0.293000012636185,0.1,0,-0.02882939100024453,0.34556218110832654,True Pseudogene
RN7SL123P,Pseudogene,RN7SL,1.9151436714612664,0.25,0.23,0.49,-0.16698666222056543,0.9880737723701343,True Pseudogene
RN7SL124P,Pseudogene,RN7SL,0.840935266265699,0.229000002145767,2.21,0,0.2861335471778857,0.24074225362478435,True Pseudogene
RN7SL125P,Pseudogene,RN7SL,1.016036841968465,0.282999992370605,0.9,0,0.07396881771308705,0.17436047801511423,True Pseudogene
RN7SL126P,Pseudogene,RN7SL,0.697009018135013,0.301999986171722,0,0,0.47093217446261615,0.7072490378657288,True Pseudogene
RN7SL127P,Pseudogene,RN7SL,1.0536065763575315,0.30799999833107,2.82,0,0.0025921146463501613,0.12831395590981134,True Pseudogene
RN7SL128P,Pseudogene,RN7SL,1.355206441216497,0.211999997496605,53.07,0.08,-0.19844724472652547,-0.05432382215427019,True Pseudogene
RN7SL12P,Pseudogene,RN7SL,1.0899378376112396,-0.100999999791384,0.99,0,0.639936924786691,-0.45549917149639485,True Pseudogene
RN7SL130P,Pseudogene,RN7SL,1.3324298623725224,0.30799999833107,4.36,0,-0.3615378517195435,-0.10268374129581602,True Pseudogene
RN7SL131P,Pseudogene,RN7SL,1.4924887113581105,0.157000005245209,0,0,0.14738492122421323,0.8710041635888511,True Pseudogene
RN7SL132P,Pseudogene,RN7SL,1.2555973827248577,-0.0720000006258488,0.07,0,0.7837183684817156,-0.5700279582690028,True Pseudogene
RN7SL134P,Pseudogene,RN7SL,2.5219611228229457,0.152999997138977,0.43,0.62,-0.15942235347466116,1.4708375506736002,False Pseudogene
RN7SL135P,Pseudogene,RN7SL,1.2369402845212545,0.303000003099442,0,0,-0.42756072129091854,-0.25837283041835163,True Pseudogene
RN7SL138P,Pseudogene,RN7SL,1.1134334535922146,0.307000011205673,5.74,0,0.06380046084766487,0.48898329388108425,True Pseudogene
RN7SL140P,Pseudogene,RN7SL,1.016036841968465,0.29899999499321,0.07,0,-0.27072733072309463,-0.3955953629674811,True Pseudogene
RN7SL141P,Pseudogene,RN7SL,1.2013360946652842,0.30799999833107,9.23,0,-0.4382683386843811,0.04097294740470352,True Pseudogene
RN7SL143P,Pseudogene,RN7SL,1.286454916187462,0.214000001549721,0.19,0,-0.1816454488624488,-0.3998504759674269,True Pseudogene
RN7SL144P,Pseudogene,RN7SL,0.9066236511029606,0.237000003457069,0.71,0,0.30485542976999075,0.08130049951637762,True Pseudogene
RN7SL145P,Pseudogene,RN7SL,1.1851900528524355,-0.028999999165535,18.37,0.04,0.6297480970873697,-0.2443339071269781,True Pseudogene
RN7SL146P,Pseudogene,RN7SL,1.473575631269275,0.239999994635582,2.91,0,-0.4659408047539155,0.18254763220862058,True Pseudogene
RN7SL147P,Pseudogene,RN7SL,0.7925943711812687,0.305000007152557,0.19,0,0.16510926276909627,0.2863607605929158,True Pseudogene
RN7SL148P,Pseudogene,RN7SL,0.9586164052880768,0.293999999761581,0.08,0,0.14558352798719387,-0.11945938110899858,True Pseudogene
RN7SL149P,Pseudogene,RN7SL,1.0877640145414271,0.305000007152557,0,0,-0.07465537372105287,0.0946958835914744,True Pseudogene
RN7SL14P,Pseudogene,RN7SL,1.165579957619513,0.214000001549721,0.55,0,-0.22266523463682755,-0.3949670968441911,True Pseudogene
RN7SL150P,Pseudogene,RN7SL,1.45830958056365,-0.238500006496906,0,0,1.169778654697652,-0.2453048608722274,True Pseudogene
RN7SL151P,Pseudogene,RN7SL,1.7428509359232265,0.130999997258186,0.53,0,-0.36461619073206025,-0.10161370307747869,True Pseudogene
RN7SL152P,Pseudogene,RN7SL,1.177235757195708,-0.136500000953674,0.2,0,0.91026985363508806,-0.489241544218402,True Pseudogene
RN7SL153P,Pseudogene,RN7SL,0.8445664638121113,0.109499998390675,13.02,0,0.4412148604739187,-0.2225082350439106,True Pseudogene
RN7SL154P,Pseudogene,RN7SL,1.3936594925364174,0.0719999969005585,0.29,0,0.4311484364729678,1.8297634274011476,True Pseudogene
RN7SL155P,Pseudogene,RN7SL,1.3999368707712991,0.305000007152557,0.15,0,-0.2855194229254386,2.0371385342568082,True Pseudogene
RN7SL156P,Pseudogene,RN7SL,0.9940403283303778,0.281999990344048,0.13,0,0.3736689137046375,-0.344907607977153,True Pseudogene
RN7SL159P,Pseudogene,RN7SL,1.260902044564561,0.165999993681908,0,0,0.1058922751659845,0.16815837059685088,True Pseudogene
RN7SL15P,Pseudogene,RN7SL,1.234740283344046,0.215000003576279,7.01,0,-0.054772591078718624,-0.43923308792830634,True Pseudogene
RN7SL160P,Pseudogene,RN7SL,0.9417393558992022,0.277999997138977,1.18,0,0.0333129098448521,0.13492718801796363,True Pseudogene
RN7SL162P,Pseudogene,RN7SL,1.1062631145707935,0.293000012636185,0.35,0,-0.09327561663654456,-0.3735632341101542,True Pseudogene
RN7SL163P,Pseudogene,RN7SL,1.5227710910088548,0.123000003397465,0.2,0,0.6285164094483741,0.9058344602578426,True Pseudogene
RN7SL164P,Pseudogene,RN7SL,1.3526882386050345,-0.090999998152256,0.21,0,0.4372821588838995,-0.646638739587999,True Pseudogene
RN7SL165P,Pseudogene,RN7SL,0.7161707780837419,0.143999993801117,13.77,0,0.49379630088749177,0.022231386889445558,True Pseudogene
RN7SL166P,Pseudogene,RN7SL,1.3769662085049372,0.306999996304512,3.26,0,-0.28689556370542035,0.03048631522302404,True Pseudogene
RN7SL167P,Pseudogene,RN7SL,1.230651739359463,0.30799999833107,0,0,-0.1900989509804632,0.23145426472428424,True Pseudogene
RN7SL168P,Pseudogene,RN7SL,1.1329102971586362,0.294999986886978,0.6,0,-0.2122271939289932,-0.044488437101252186,True Pseudogene
RN7SL169P,Pseudogene,RN7SL,1.2499534272160533,0.159999996423721,0.41,0,0.010078155180397744,-0.24877693625899588,True Pseudogene
RN7SL16P,Pseudogene,RN7SL,1.4203610041177557,0.29899999499321,3.74,0,-0.4907441504901344,-0.13348983204495607,True Pseudogene
RN7SL170P,Pseudogene,RN7SL,1.295176644432801,0.30799999833107,0.1,0,-0.10733076747409155,0.24763173751123443,True Pseudogene
RN7SL172P,Pseudogene,RN7SL,1.1234190456211304,0.30799999833107,5.87,0,-0.31514059399817723,-0.5063471007153034,True Pseudogene
RN7SL173P,Pseudogene,RN7SL,1.094367812263581,-0.0850000008940697,3.16,0,0.7987083288427641,-0.46836549512544584,True Pseudogene
RN7SL174P,Pseudogene,RN7SL,1.4302351715260608,-0.100000001490116,2.83,0,0.6931193125072229,-0.40918748740278194,True Pseudogene
RN7SL176P,Pseudogene,RN7SL,1.0525540223351963,-0.0379999987781048,0.3,0,0.8046643704641859,0.025441157463071712,True Pseudogene
RN7SL177P,Pseudogene,RN7SL,1.277849866580857,0.30799999833107,1.68,0,-0.24596353202870688,-0.008155585958959804,True Pseudogene
RN7SL178P,Pseudogene,RN7SL,1.79384289135482,-0.190999999642372,1.16,0,0.2356666332761896,-1.0247379277476143,True Pseudogene
RN7SL180P,Pseudogene,RN7SL,0.909707405018277,0.28999999165535,1.1,0,0.18652928706964916,0.2623873204651944,True Pseudogene
RN7SL181P,Pseudogene,RN7SL,1.2288663206613808,0.30799999833107,2.69,0,-0.1586718299525673,0.5891881412503369,True Pseudogene
RN7SL182P,Pseudogene,RN7SL,1.076762764848906,0.187000006437302,0.38,0,0.23525091212718507,-0.015274117268491988,True Pseudogene
RN7SL183P,Pseudogene,RN7SL,1.2937937529576593,0.299000009894371,0,0,-0.41921339152033105,-0.059437407257545774,True Pseudogene
RN7SL184P,Pseudogene,RN7SL,0.760177905019864,0.282999992370605,0,0,0.16339028056412835,0.17932545694392735,True Pseudogene
RN7SL185P,Pseudogene,RN7SL,1.618143292168326,-0.156000003218651,0,0,0.20646627416222474,-0.81041358711374345,True Pseudogene
RN7SL186P,Pseudogene,RN7SL,1.0993342011056495,0.28600001335144,0.05,0,-0.2198876460528199,0.026489488656681732,True Pseudogene
RN7SL187P,Pseudogene,RN7SL,1.146345964919521,0.23199999332428,0.15,0,0.15592672656949727,-0.08262347722643969,True Pseudogene
RN7SL188P,Pseudogene,RN7SL,1.157809424568716,0.101000003516674,0,0,0.0091986021511844,-0.18073601310250295,True Pseudogene
RN7SL189P,Pseudogene,RN7SL,1.1177468147220475,0.30799999833107,0.02,0,-0.36187684698640754,0.05015114227667812,True Pseudogene
RN7SL18P,Pseudogene,RN7SL,0.8474687540657612,0.30799999833107,0.41,0,0.20026164036332675,0.28089857707883553,True Pseudogene
RN7SL190P,Pseudogene,RN7SL,1.459650792063284,0.0850000008940697,0.15,0,0.6629058403297836,1.8216289400701997,True Pseudogene
RN7SL191P,Pseudogene,RN7SL,1.0021694691348888,0.138999998569489,0.36,0,0.23167519134836628,-0.059872019427648894,True Pseudogene
RN7SL192P,Pseudogene,RN7SL,1.1732985138606051,0.30799999833107,21.5,0.12,-0.3376830626368775,-0.06277693496989009,True Pseudogene
RN7SL193P,Pseudogene,RN7SL,1.145224539519056,-0.146999999880791,0,0,0.7308293817368149,-0.5669776756665228,True Pseudogene
RN7SL196P,Pseudogene,RN7SL,0.6445537002753677,-0.0219999998807907,0.26,0,0.5587538712415636,-0.2959124157127384,True Pseudogene
RN7SL197P,Pseudogene,RN7SL,1.196532147798439,0.30799999833107,0,0,-0.03088203478708451,0.42093017725202236,True Pseudogene
RN7SL198P,Pseudogene,RN7SL,1.1308836239973503,0.32600000500679,0.24,0,0.07782267756450738,1.795841308878621,True Pseudogene
RN7SL199P,Pseudogene,RN7SL,0.024721909421396,0.231000006198883,1.55,0.23,0.8906166326299401,0.5157201025491676,True Pseudogene
RN7SL19P,Pseudogene,RN7SL,1.2145647885181627,0.30799999833107,2.19,0,-0.1874609726871321,-0.5840385296587246,True Pseudogene
RN7SL2,Functional,RN7SL,2.8945235614217903,0.305000007152557,3901077.06,1,-10.986307919322211,-15.480267675681526,True Functional
RN7SL200P,Pseudogene,RN7SL,1.206051483925746,0.305000007152557,3.95,0,-0.23712221902020647,0.06014426843566456,True Pseudogene
RN7SL201P,Pseudogene,RN7SL,0.8566225134478,0.294999986886978,0,0,0.023401738821157887,0.04084381340714857,True Pseudogene
RN7SL202P,Pseudogene,RN7SL,1.2727065430373672,0.257999986410141,0.18,0,0.27467290302087655,2.5951886595558116,True Pseudogene
RN7SL203P,Pseudogene,RN7SL,1.044375393107592,-0.126999996602535,0.37,0,0.8495929610157501,-0.7093217648860375,True Pseudogene
RN7SL204P,Pseudogene,RN7SL,1.140132944804308,0.319999992847443,0.42,0,0.32402639324121085,1.1908485560691713,True Pseudogene
RN7SL205P,Pseudogene,RN7SL,1.2964204120170837,-0.0299999993294477,0,0,0.6337971588661612,-0.39802371345029364,True Pseudogene
RN7SL208P,Pseudogene,RN7SL,1.1851900528524355,0.206000000238419,0.61,0,0.19020873906696045,-0.6401955177787954,True Pseudogene
RN7SL209P,Pseudogene,RN7SL,1.5982804013068146,-0.1875,0.53,0,0.26395393395444583,-0.5618104400135124,True Pseudogene
RN7SL20P,Pseudogene,RN7SL,1.2279796927243958,0.30799999833107,1.09,0,-0.0663799291708584,-0.009105131911217292,True Pseudogene
RN7SL210P,Pseudogene,RN7SL,0.7839334645517348,0.185000002384186,0.12,0,0.4959147688591732,-0.06421243582047319,True Pseudogene
RN7SL211P,Pseudogene,RN7SL,1.0319605740721165,-0.037499999627471,0.21,0,0.5551217406844855,-0.35236434995093396,True Pseudogene
RN7SL213P,Pseudogene,RN7SL,1.2052905681630166,0.44200000166893,1.35,0,-0.7007345343970641,-0.0266374462853416,True Pseudogene
RN7SL214P,Pseudogene,RN7SL,1.3500494799688048,-0.118000000715256,0,0,0.5089879562815433,-0.371755221973406,True Pseudogene
RN7SL215P,Pseudogene,RN7SL,1.0490219618575616,0.305000007152557,0,0,-0.3479198284177136,0.03654482877052548,True Pseudogene
RN7SL216P,Pseudogene,RN7SL,1.5618771432101473,0.29899999499321,0,0,-0.7160374203110185,-0.1506306984939793,True Pseudogene
RN7SL217P,Pseudogene,RN7SL,0.8622846413746033,0.259500004351139,0.24,0,-0.1646465373927541,0.7672693995517389,True Pseudogene
RN7SL218P,Pseudogene,RN7SL,1.1500648799227715,0.214000001549721,0,0,-0.02483719840454322,-0.06419202560054414,True Pseudogene
RN7SL219P,Pseudogene,RN7SL,1.3729429325122275,0.194999992847443,1.54,0,-0.2014570064196564,-0.04264775549123994,True Pseudogene
RN7SL220P,Pseudogene,RN7SL,1.2041218015514648,0.306500002741814,14.93,0,-0.23305530520731893,0.07308571288714752,True Pseudogene
RN7SL221P,Pseudogene,RN7SL,1.359705018176784,0.30799999833107,0.2,0,-0.4827129428943278,-0.1076336708024204,True Pseudogene
RN7SL222P,Pseudogene,RN7SL,1.3475507683943586,-0.0320000015199184,0,0,0.23815505642072624,-0.40962315963131796,True Pseudogene
RN7SL223P,Pseudogene,RN7SL,1.205066952102133,0.305000007152557,0,0,-0.27108136042327474,-0.11573573675540395,True Pseudogene
RN7SL225P,Pseudogene,RN7SL,1.2355147550766834,0.29899999499321,0.08,0,-0.38426268626239085,-0.42779276113359643,True Pseudogene
RN7SL228P,Pseudogene,RN7SL,1.1921998035163015,-0.0879999995231628,0,0,0.5166011780194262,-0.3412302588871748,True Pseudogene
RN7SL229P,Pseudogene,RN7SL,1.2197657817362726,-0.116999998688698,0.67,0,0.72917550114819,-0.3653300932301855,True Pseudogene
RN7SL22P,Pseudogene,RN7SL,1.1492011760589116,0.301999986171722,0.09,0,-0.27838691281149397,-0.5552004292888271,True Pseudogene
RN7SL230P,Pseudogene,RN7SL,1.3068344000082537,-0.0500000007450581,3.07,0,0.5089940943306553,-0.5417339788478087,True Pseudogene
RN7SL231P,Pseudogene,RN7SL,1.1748360337535502,0.27700001001358,1.06,0,-0.3038396971935165,-0.05287988827739707,True Pseudogene
RN7SL233P,Pseudogene,RN7SL,1.2539452251646743,0.25,0.48,0,0.04788877086816698,0.010547119673149991,True Pseudogene
RN7SL234P,Pseudogene,RN7SL,1.295176644432801,-0.0654999986290932,0.12,0,0.9691517007030375,-0.292543290814862,True Pseudogene
RN7SL236P,Pseudogene,RN7SL,1.137425455826309,0.291999995708466,0.25,0,-0.042146255779409746,0.05446461920109349,True Pseudogene
RN7SL237P,Pseudogene,RN7SL,0.9682030031236648,0.0590000003576279,2.04,0,0.5035806940254083,0.09664721305007888,True Pseudogene
RN7SL238P,Pseudogene,RN7SL,1.1378471931106346,-0.046000000089407,0,0,0.40651494759506585,-0.5270737644484786,True Pseudogene
RN7SL239P,Pseudogene,RN7SL,1.2620122727799006,-0.074499998241663,2.53,0,0.47168779997296156,-0.4089964190214527,True Pseudogene
RN7SL23P,Pseudogene,RN7SL,1.1367583441220122,0.136999994516373,6.1,0,-0.0038002381804308765,-0.26997324087776514,True Pseudogene
RN7SL240P,Pseudogene,RN7SL,1.457382492464118,0.207000002264977,0,0,-0.31384314154183796,-0.12741654587217063,True Pseudogene
RN7SL241P,Pseudogene,RN7SL,1.30989456084681,-0.0135000003501773,0.09,0,0.12073025606786521,-0.2855093091692678,True Pseudogene
RN7SL242P,Pseudogene,RN7SL,0.760177905019864,0.305000007152557,5.47,0,0.049155256262330624,0.3040580002175291,True Pseudogene
RN7SL244P,Pseudogene,RN7SL,1.1344193351834897,0.365000009536743,1.3,0,-0.36744710900595606,-0.10438504360940437,True Pseudogene
RN7SL246P,Pseudogene,RN7SL,1.2203937177886468,0.206000000238419,16.36,0.05,-0.250589275264013,-0.19394456883827668,True Pseudogene
RN7SL248P,Pseudogene,RN7SL,0.9185053489739664,0.296000003814697,0,0,-0.2792521179023473,0.9847820174497279,True Pseudogene
RN7SL250P,Pseudogene,RN7SL,1.2924384274255434,0.30799999833107,0.1,0,0.10066835298699614,0.08826189434922413,True Pseudogene
RN7SL251P,Pseudogene,RN7SL,0.760177905019864,0.419999986886978,0.16,0,0.11831775400817243,0.6716034783270587,True Pseudogene
RN7SL252P,Pseudogene,RN7SL,1.356625184343142,0.30799999833107,0.12,0,-0.4737164148331295,-0.09944176296953186,True Pseudogene
RN7SL253P,Pseudogene,RN7SL,1.1851900528524355,0.284000009298325,0.17,0,-0.22096227345739325,-0.08958673184143098,True Pseudogene
RN7SL254P,Pseudogene,RN7SL,1.1129646933354207,0.347000002861023,0.84,0,-0.5251886380271087,0.6544506722752077,True Pseudogene
RN7SL255P,Pseudogene,RN7SL,1.2203937177886468,0.282000005245209,0.08,0,-0.2455931988943665,-0.32854084042003906,True Pseudogene
RN7SL258P,Pseudogene,RN7SL,1.1346532360773416,-0.0940000005066395,1.26,0,0.692836020069698,-0.3963259002087278,True Pseudogene
RN7SL259P,Pseudogene,RN7SL,1.139504137223756,-0.104000002145767,0,0,0.7973987639119541,-0.36011631926776766,True Pseudogene
RN7SL25P,Pseudogene,RN7SL,1.416089988510968,0.28099998831749,1.91,0,-0.12147200153742653,2.2929227517081925,True Pseudogene
RN7SL260P,Pseudogene,RN7SL,1.2932977614863317,0.282000005245209,0.44,0,-0.41432218426290024,0.028158529632361026,True Pseudogene
RN7SL261P,Pseudogene,RN7SL,0.8868327507334846,-0.187000006437302,0,0,1.0425521735899115,-0.4763957419923963,True Pseudogene
RN7SL262P,Pseudogene,RN7SL,0.8860786412515684,0.204999998211861,0.71,0,0.11673168707717752,-0.18184499715321006,True Pseudogene
RN7SL263P,Pseudogene,RN7SL,1.5929860703548886,0.471999987959862,0.46,0,-0.7954593437964392,-0.2719117370923361,True Pseudogene
RN7SL265P,Pseudogene,RN7SL,1.2041218015514648,0.305000007152557,0.51,0,0.050729990788540326,0.1789448764363981,True Pseudogene
RN7SL266P,Pseudogene,RN7SL,0.8172772408720348,0.44200000166893,0.19,0.01,-0.11680505825453408,0.29730468232707385,True Pseudogene
RN7SL267P,Pseudogene,RN7SL,0.6787158695747646,0.30799999833107,0.07,0,0.20578649890498052,0.38883084363629017,True Pseudogene
RN7SL268P,Pseudogene,RN7SL,1.0839893605861468,0.202000007033348,1.66,0,0.17058001243940665,-0.1643957068709713,True Pseudogene
RN7SL269P,Pseudogene,RN7SL,0.7174622335852044,0.44200000166893,1.06,0,0.16570134381018908,0.7710645981570926,True Pseudogene
RN7SL26P,Pseudogene,RN7SL,1.0522111708621231,0.160999998450279,0.14,0,0.31635361085469627,0.2070132348702283,True Pseudogene
RN7SL270P,Pseudogene,RN7SL,1.100124969252125,0.20100000500679,0.42,0,-0.111647314882933,-0.08112592124054581,True Pseudogene
RN7SL271P,Pseudogene,RN7SL,0.8477519854469243,0.0949999988079071,0.13,0,0.507266468371775,-0.5076023093068099,True Pseudogene
RN7SL272P,Pseudogene,RN7SL,1.201878295400051,0.146999999880791,0.38,0,0.30583687680559823,0.43065415770732546,True Pseudogene
RN7SL273P,Pseudogene,RN7SL,1.312700317487608,0.30799999833107,2.77,0,-0.28169881337678404,0.1012970879405755,True Pseudogene
RN7SL274P,Pseudogene,RN7SL,1.4174652146374354,0.163000002503395,0.78,0,0.4649237783035776,1.68910710853139,True Pseudogene
RN7SL275P,Pseudogene,RN7SL,1.9803725381429085,0.0640000030398369,0.06,0.53,0.7224628096767135,0.5976743368558736,False Pseudogene
RN7SL277P,Pseudogene,RN7SL,0.8924780981050519,0.305000007152557,1.82,0,0.0263724366902429,0.22058863029336145,True Pseudogene
RN7SL278P,Pseudogene,RN7SL,1.1851900528524355,0.305000007152557,0.1,0,0.08405245759109507,-0.07379568620650026,True Pseudogene
RN7SL279P,Pseudogene,RN7SL,1.4064938432260812,-0.113500002771616,0.07,0,0.7789403457352195,1.1899982939995757,True Pseudogene
RN7SL280P,Pseudogene,RN7SL,1.073385820693914,0.194999992847443,9.18,0,0.4657125855922443,0.09469025421484485,True Pseudogene
RN7SL282P,Pseudogene,RN7SL,1.4969657206545015,0.305000007152557,0.26,0,-0.6153530267306333,-0.6442579698911575,True Pseudogene
RN7SL283P,Pseudogene,RN7SL,0.7909787157944694,0.214000001549721,0,0,0.1545795387410046,0.18927709235839568,True Pseudogene
RN7SL284P,Pseudogene,RN7SL,1.0483438062458557,0.303000003099442,1.68,0,-0.4842943650633841,0.42361058581883154,True Pseudogene
RN7SL285P,Pseudogene,RN7SL,1.3683202290357552,0.30799999833107,1.37,0,-0.30767066258665976,-0.04037887023707004,True Pseudogene
RN7SL286P,Pseudogene,RN7SL,0.9548943707783226,-0.034000001847744,0.29,0,0.3106479934316339,-0.4152354638793415,True Pseudogene
RN7SL288P,Pseudogene,RN7SL,1.0503838078561547,-0.10700000077486,19.7,0.04,0.8967790616369865,-0.20697657034124842,True Pseudogene
RN7SL28P,Pseudogene,RN7SL,1.0606777614337566,0.44200000166893,0,0,-0.47817170390139163,-0.4161826355938415,True Pseudogene
RN7SL290P,Pseudogene,RN7SL,0.6715294662498553,0.277999997138977,0.02,0,0.6432122679538511,-0.3187837459013838,True Pseudogene
RN7SL291P,Pseudogene,RN7SL,0.6850706283780292,-0.150999993085861,0.1,0,1.0774667299843788,-0.25942119845040007,True Pseudogene
RN7SL292P,Pseudogene,RN7SL,1.331916104954989,0.319999992847443,0,0,-0.4080651022962916,0.06083095225106997,True Pseudogene
RN7SL293P,Pseudogene,RN7SL,1.5080364747051604,0.263999998569489,0.14,0.02,-0.810503206991921,-0.16707161331876125,True Pseudogene
RN7SL294P,Pseudogene,RN7SL,1.4011456426136666,0.293000012636185,0,0,-0.37803187384992343,-0.1617791969780065,True Pseudogene
RN7SL296P,Pseudogene,RN7SL,1.1849153308295222,0.279000014066696,15,0,-0.2554078418668462,0.2139618636446097,True Pseudogene
RN7SL297P,Pseudogene,RN7SL,0.7468463523668509,0.189999997615814,1.75,0,0.3814546058728322,0.20730624678863172,True Pseudogene
RN7SL299P,Pseudogene,RN7SL,0.8063315635389272,0.30799999833107,0,0,0.157340574251239,-0.10495777728651906,True Pseudogene
RN7SL3,Functional,RN7SL,1.4637189380835274,0.266999989748001,100883.77,0.75,-10.554893689218654,-20.66902637149673,True Functional
RN7SL300P,Pseudogene,RN7SL,1.288882189614231,0.291999995708466,6.17,0,-0.20790108364504023,-0.09511888368192795,True Pseudogene
RN7SL301P,Pseudogene,RN7SL,1.5968445419387325,0.209999993443489,6.21,0,-0.14112712979095945,0.05814982234257072,True Pseudogene
RN7SL302P,Pseudogene,RN7SL,1.227277990042839,0.30799999833107,0,0,-0.42865423699649785,-0.17001775478015582,True Pseudogene
RN7SL303P,Pseudogene,RN7SL,1.3423208866513798,0.301999986171722,0.12,0,-0.35295952254370444,-0.38555932499812184,True Pseudogene
RN7SL304P,Pseudogene,RN7SL,0.9693288205691576,0.266999989748001,0.37,0,0.41110240029798073,0.22250106110704018,True Pseudogene
RN7SL305P,Pseudogene,RN7SL,1.1990126069377094,0.211999997496605,0,0,-0.13469770993848967,-0.5525913820670803,True Pseudogene
RN7SL306P,Pseudogene,RN7SL,1.3377392675760165,-0.0139999999664724,0.66,0,0.37464414497742204,-0.2626080208577351,True Pseudogene
RN7SL307P,Pseudogene,RN7SL,1.2834023113015938,0.214000001549721,0,0,-0.33099532283356614,-0.1780622354402026,True Pseudogene
RN7SL308P,Pseudogene,RN7SL,1.1811995139539426,0.305000007152557,4.14,0,-0.19743637777727266,-0.07099425441664295,True Pseudogene
RN7SL309P,Pseudogene,RN7SL,1.117326577555824,-0.214500002563,0,0,0.8786169404061221,-0.3802354410475801,True Pseudogene
RN7SL30P,Pseudogene,RN7SL,1.4983416082653973,0.305000007152557,3.57,0,-0.5606304897017119,-0.36536944502824675,True Pseudogene
RN7SL310P,Pseudogene,RN7SL,1.1866516522270114,0.197999998927116,0.24,0,0.14939779080226995,1.2841877171820968,True Pseudogene
RN7SL311P,Pseudogene,RN7SL,0.5448514939146899,0.270000010728836,0.24,0,0.4000367405571725,0.24543091192560132,True Pseudogene
RN7SL313P,Pseudogene,RN7SL,0.735691405194705,0.184000000357628,0.18,0,0.31272315466372774,-0.14717967245869434,True Pseudogene
RN7SL314P,Pseudogene,RN7SL,1.2014255330284964,-0.175499998033047,0.19,0,0.7626881848657493,-0.3635095433016261,True Pseudogene
RN7SL316P,Pseudogene,RN7SL,1.2259158613080523,0.277999997138977,0.59,0,-0.3322079969592522,-0.09091385775514703,True Pseudogene
RN7SL317P,Pseudogene,RN7SL,1.84756823069476,0.365000009536743,0.12,0.21,-1.0250794679779869,1.0808077007246952,True Pseudogene
RN7SL318P,Pseudogene,RN7SL,2.0115476871294864,0.305000007152557,0.19,0.65,-0.8964872890190451,-0.1966515686529763,False Pseudogene
RN7SL319P,Pseudogene,RN7SL,1.4616689115596009,-0.0659999996423721,0,0,0.29946033304202085,-0.3696533325260809,True Pseudogene
RN7SL320P,Pseudogene,RN7SL,1.1185616474646918,-0.0949999988079071,0.39,0,0.7007371510133534,-0.4292799267865378,True Pseudogene
RN7SL321P,Pseudogene,RN7SL,0.6273081163215116,-0.118000000715256,5.77,0,0.9146429754008727,-0.27940703520047977,True Pseudogene
RN7SL322P,Pseudogene,RN7SL,1.3359339514254416,0.307000011205673,0.1,0,0.018151210096261746,-6.576620161988172e-4,True Pseudogene
RN7SL323P,Pseudogene,RN7SL,1.0596899818086554,0.214000001549721,0.06,0,-0.06826694325869119,0.13054953000685482,True Pseudogene
RN7SL325P,Pseudogene,RN7SL,0.8591518698213088,-0.181999996304512,0,0,0.9114087380469409,-0.2757014852559142,True Pseudogene
RN7SL326P,Pseudogene,RN7SL,1.1617209428949618,0.217999994754791,2.82,0,0.35819628479979426,-0.17002198704895843,True Pseudogene
RN7SL327P,Pseudogene,RN7SL,0.98128242710084,-0.0829999968409538,1.36,0,0.5587717475208727,-0.21253103487367644,True Pseudogene
RN7SL328P,Pseudogene,RN7SL,1.2851684612712748,0.303000003099442,2.63,0,-0.10854168135318623,0.2602975900123926,True Pseudogene
RN7SL329P,Pseudogene,RN7SL,1.312700317487608,0.30799999833107,6.33,0,-0.3378469218924931,-0.031070137736242565,True Pseudogene
RN7SL32P,Pseudogene,RN7SL,1.1742906975163134,0.252000004053116,0.76,0,0.4751931911525288,2.5046904407816717,True Pseudogene
RN7SL330P,Pseudogene,RN7SL,1.3463777347590606,0.174999997019768,0.1,0,-0.24137887918683523,-0.19726514377910312,True Pseudogene
RN7SL331P,Pseudogene,RN7SL,0.3093741782248391,0.187000006437302,1.35,0.06,0.854998015104864,0.3596877293721546,True Pseudogene
RN7SL332P,Pseudogene,RN7SL,1.1623677293898529,0.226999998092651,0.07,0,-0.04669743240438236,-0.09176410935463845,True Pseudogene
RN7SL333P,Pseudogene,RN7SL,0.760177905019864,-0.0390000008046627,2.14,0,1.0136411279856183,-0.17633538654937136,True Pseudogene
RN7SL334P,Pseudogene,RN7SL,0.9212677141729568,0.305000007152557,2.73,0,0.3138166450336576,-0.40539458573623083,True Pseudogene
RN7SL335P,Pseudogene,RN7SL,1.371090108041901,-0.126500003039837,0,0,0.4776115614376438,-0.5805115265735397,True Pseudogene
RN7SL336P,Pseudogene,RN7SL,1.2045896033391692,-0.0010000000474974,1.37,0,0.3238486422293302,-0.3444837054947009,True Pseudogene
RN7SL337P,Pseudogene,RN7SL,1.5809291478330307,0.293000012636185,1.08,0,-0.46126821000461704,0.10185431973263696,True Pseudogene
RN7SL338P,Pseudogene,RN7SL,1.2091798085939491,0.30799999833107,0.33,0,-0.12420891667234026,0.26115225227250066,True Pseudogene
RN7SL339P,Pseudogene,RN7SL,1.5254921472358085,0.0850000008940697,0,0,0.47806193672860325,1.7613556389154001,True Pseudogene
RN7SL33P,Pseudogene,RN7SL,1.208590539681379,0.27700001001358,0.11,0,0.260675348966502,0.7872960663589593,True Pseudogene
RN7SL340P,Pseudogene,RN7SL,1.3729429325122275,0.305000007152557,0,0,-0.3731383627632819,-0.5204273541509562,True Pseudogene
RN7SL341P,Pseudogene,RN7SL,1.2122031559242932,0.30799999833107,0.19,0,0.02576941177332654,-0.44402833904982586,True Pseudogene
RN7SL342P,Pseudogene,RN7SL,1.4059114441191551,0.284000009298325,0,0,-0.4304789363701133,-0.4847021455533666,True Pseudogene
RN7SL343P,Pseudogene,RN7SL,1.3441235848441415,0.287000000476837,0.06,0,-0.22678968498984137,-0.3688273220378851,True Pseudogene
RN7SL344P,Pseudogene,RN7SL,0.6688696337880082,-0.0850000008940697,2.38,0,1.1006502060748597,0.657041106340547,True Pseudogene
RN7SL346P,Pseudogene,RN7SL,1.1814381883354246,-0.144499994814396,0.88,0,0.7409432292370909,-0.21486199585061178,True Pseudogene
RN7SL34P,Pseudogene,RN7SL,1.2478612687018384,0.204999998211861,0.64,0,-0.14745765156913881,0.12935500880142298,True Pseudogene
RN7SL350P,Pseudogene,RN7SL,1.1732985138606051,0.305000007152557,0,0,-0.2328965461293011,-0.07530819258434757,True Pseudogene
RN7SL351P,Pseudogene,RN7SL,0.9103743459310468,0.196999996900558,1.58,0,0.42856218230242904,-0.03931611437035234,True Pseudogene
RN7SL352P,Pseudogene,RN7SL,1.178708511654794,0.305000007152557,0,0,-0.36656471961948023,0.027606214623698395,True Pseudogene
RN7SL353P,Pseudogene,RN7SL,1.3507776619968357,0.224000006914139,0.42,0,0.5599796288947844,1.127816201070078,True Pseudogene
RN7SL354P,Pseudogene,RN7SL,1.3232107709356753,0.413499996066093,0.7,0,-0.4592795891771938,0.05579416417110876,True Pseudogene
RN7SL356P,Pseudogene,RN7SL,1.358558639312485,0.219999998807907,6.42,0,0.5559811323018446,0.6470102527182442,True Pseudogene
RN7SL357P,Pseudogene,RN7SL,1.1539241580433175,0.30799999833107,0,0,-0.13576602079048528,0.3254733735290211,True Pseudogene
RN7SL359P,Pseudogene,RN7SL,0.9286596426228244,0.305000007152557,42.08,0.07,-0.0011189192845721004,0.12693612013974415,True Pseudogene
RN7SL35P,Pseudogene,RN7SL,1.1300537191852196,-0.161499999463558,0,0,0.83591477784525,-0.5258879753532082,True Pseudogene
RN7SL361P,Pseudogene,RN7SL,1.3287611516862443,0.30799999833107,0.1,0,-0.603613378186236,0.08081592900647427,True Pseudogene
RN7SL362P,Pseudogene,RN7SL,1.4570186017044515,0.30799999833107,6.98,0,-0.9476925481530908,-0.12770157729289391,True Pseudogene
RN7SL363P,Pseudogene,RN7SL,1.030577619671055,0.282999992370605,0.58,0,0.4701016146437757,-0.010304711715379385,True Pseudogene
RN7SL364P,Pseudogene,RN7SL,1.1620660768649245,0.203999996185303,5.38,0,0.38457118436600884,-0.35020814928811733,True Pseudogene
RN7SL366P,Pseudogene,RN7SL,1.320378556100625,-0.105000000447035,0.38,0,0.6111507385464134,-0.35149879937598455,True Pseudogene
RN7SL368P,Pseudogene,RN7SL,1.0407745368866796,0.206000000238419,19.63,0.06,0.20563631649855038,-0.2122464739396218,True Pseudogene
RN7SL369P,Pseudogene,RN7SL,1.1616816968916883,0.284000009298325,0.19,0,-0.33336578535592115,-0.6164065670321741,True Pseudogene
RN7SL36P,Pseudogene,RN7SL,1.0697152292210963,-0.0700000002980232,3.39,0,0.8588907959054681,-0.437116866171513,True Pseudogene
RN7SL370P,Pseudogene,RN7SL,0.7182343210036441,0.30799999833107,0,0,0.1493603200769147,0.3710115840407866,True Pseudogene
RN7SL371P,Pseudogene,RN7SL,1.4570186017044515,0.175999999046326,0,0,0.35732447855702826,1.5668940491176373,True Pseudogene
RN7SL372P,Pseudogene,RN7SL,0.8392175694860492,0.202999994158745,0.16,0,0.3263827743575616,0.3235903069047277,True Pseudogene
RN7SL375P,Pseudogene,RN7SL,1.3287611516862443,-0.0449999999254942,1.89,0,0.31196043155952047,-0.426006606747986,True Pseudogene
RN7SL376P,Pseudogene,RN7SL,1.4472617807108952,0.268999993801117,0.21,0,0.012823590066593967,1.5932841830014628,True Pseudogene
RN7SL377P,Pseudogene,RN7SL,1.4993215569954594,0.125,15.93,0.01,0.18866409073152518,1.5285148392184331,True Pseudogene
RN7SL378P,Pseudogene,RN7SL,1.1888915567719032,0.305000007152557,0.74,0,-0.17401642829812555,0.33286274918598496,True Pseudogene
RN7SL379P,Pseudogene,RN7SL,1.2565986246172414,0.214000001549721,0.1,0,-0.15651714266071692,-0.04091697655578538,True Pseudogene
RN7SL37P,Pseudogene,RN7SL,1.3237495375362194,-0.0299999993294477,3.47,0,0.41086485478558554,-0.28331907896522723,True Pseudogene
RN7SL380P,Pseudogene,RN7SL,1.477334752777615,0.282000005245209,0.07,0,-0.6257136210978442,-0.01221720630945614,True Pseudogene
RN7SL381P,Pseudogene,RN7SL,2.0397649258341475,0.305000007152557,12.82,0.65,-0.878701706477269,-0.23728167726275037,False Pseudogene
RN7SL382P,Pseudogene,RN7SL,1.145492303030751,0.30799999833107,2.28,0,-0.26236262296233676,-0.18257652849186423,True Pseudogene
RN7SL383P,Pseudogene,RN7SL,1.4059114441191551,0.303000003099442,0,0,-0.3681858522099141,-0.20299042236400264,True Pseudogene
RN7SL384P,Pseudogene,RN7SL,1.0839893605861468,0.30799999833107,0.85,0,-0.24123384768010966,-0.16165916808469508,True Pseudogene
RN7SL385P,Pseudogene,RN7SL,1.3843373554625953,0.261000007390976,0.96,0,-0.44269046483157165,-0.28973782982339447,True Pseudogene
RN7SL386P,Pseudogene,RN7SL,1.2630648268022358,0.287000000476837,0,0,-0.4172334810772862,-1.838459338807341e-4,True Pseudogene
RN7SL387P,Pseudogene,RN7SL,1.2468716879970787,0.277999997138977,0.44,0,0.22669137022684413,1.8861613614644643,True Pseudogene
RN7SL388P,Pseudogene,RN7SL,0.7479653804735954,0.30799999833107,1.03,0,0.2006265918018864,0.34598614735576694,True Pseudogene
RN7SL38P,Pseudogene,RN7SL,1.2673319377035943,-0.209000006318092,0,0,0.6804047823929791,-0.06100677547255454,True Pseudogene
RN7SL390P,Pseudogene,RN7SL,1.1496558370717531,0.284000009298325,2.54,0,-0.3286256671545593,-0.01859549197550936,True Pseudogene
RN7SL391P,Pseudogene,RN7SL,1.1618862183171974,0.163000002503395,0.21,0,0.8284796169575503,1.2964018558947845,True Pseudogene
RN7SL392P,Pseudogene,RN7SL,1.103597612047104,0.206000000238419,0,0,0.3086287222842144,-0.15301824432257533,True Pseudogene
RN7SL393P,Pseudogene,RN7SL,0.9152952883414848,-0.183000005781651,10,0,1.060909738382357,-0.36850731300920964,True Pseudogene
RN7SL394P,Pseudogene,RN7SL,1.181681783838174,-0.149000003933907,9.51,0,0.6889424468792948,-0.33060535349296416,True Pseudogene
RN7SL395P,Pseudogene,RN7SL,1.3010435801854645,0.230000004172325,0.41,0,-0.3155967741400642,-0.17695276449131733,True Pseudogene
RN7SL396P,Pseudogene,RN7SL,1.1538846468583135,0.145999997854233,23.71,0.05,0.11397640531976587,0.2635075775165974,True Pseudogene
RN7SL397P,Pseudogene,RN7SL,0.722659573724098,0.282999992370605,0.2,0,0.018786039651204983,0.015051080983000795,True Pseudogene
RN7SL398P,Pseudogene,RN7SL,1.2355147550766834,0.305000007152557,8.41,0,-0.46572973156653036,-0.01525181489510087,True Pseudogene
RN7SL399P,Pseudogene,RN7SL,1.4068006986695152,0.279000014066696,1.14,0,-0.40930343926232005,0.1127517234814027,True Pseudogene
RN7SL39P,Pseudogene,RN7SL,1.1928945586465558,0.305000007152557,0.62,0,-0.2569248698967047,-0.5414995809613266,True Pseudogene
RN7SL400P,Pseudogene,RN7SL,1.4081465974484384,0.273999989032745,0,0,-0.4596197669652223,-0.2527639501590849,True Pseudogene
RN7SL401P,Pseudogene,RN7SL,1.2937937529576593,0.30799999833107,0.06,0,-0.2881724754576255,0.2668466532074687,True Pseudogene
RN7SL402P,Pseudogene,RN7SL,1.3156925279189955,0.30799999833107,0.56,0,-0.23429614943801566,-0.09494211336859945,True Pseudogene
RN7SL403P,Pseudogene,RN7SL,1.4804776248583582,0.214000001549721,0.96,0,-0.07959539252704888,0.7648325982236355,True Pseudogene
RN7SL404P,Pseudogene,RN7SL,1.100124969252125,0.216999992728233,14.04,0,-0.1195841584738943,-0.05071065374004422,True Pseudogene
RN7SL405P,Pseudogene,RN7SL,1.213897078354052,-0.0160000007599592,0.2,0,0.8421135928775345,0.6080007006478705,True Pseudogene
RN7SL408P,Pseudogene,RN7SL,1.3612083775334904,0.305000007152557,0.51,0,-0.5148930586403232,-0.5801946276107607,True Pseudogene
RN7SL40P,Pseudogene,RN7SL,0.6906231655322166,0.28999999165535,0.55,0,0.20167799917170143,0.24306676836081226,True Pseudogene
RN7SL411P,Pseudogene,RN7SL,0.7409980317239783,0.305000007152557,5.8,0,-0.1024483243638868,0.10246709006214993,True Pseudogene
RN7SL413P,Pseudogene,RN7SL,1.075944111720423,-0.158999994397163,1.2,0,0.8367130250627441,-0.4386131935839752,True Pseudogene
RN7SL414P,Pseudogene,RN7SL,1.1696238064520703,-0.0379999987781048,1.26,0,0.4070628747111349,-0.39168637624637875,True Pseudogene
RN7SL415P,Pseudogene,RN7SL,1.1658219465380495,0.239999994635582,0.19,0,-0.17016907581244956,-0.08751518261540071,True Pseudogene
RN7SL416P,Pseudogene,RN7SL,1.4103517487196109,0.202999994158745,0,0,-0.18675108112874914,0.1967598349200431,True Pseudogene
RN7SL417P,Pseudogene,RN7SL,1.9791987521872767,-0.172000005841255,6.37,0.29,-0.09772397857162567,-0.7051766313048529,True Pseudogene
RN7SL418P,Pseudogene,RN7SL,0.89558777788939,-0.122000001370907,0,0,1.0647118714358876,0.2075410294610871,True Pseudogene
RN7SL419P,Pseudogene,RN7SL,1.294971516677902,0.282999992370605,1.44,0,-0.10361710566506921,0.10307598141764393,True Pseudogene
RN7SL41P,Pseudogene,RN7SL,1.1344193351834897,-0.187000006437302,0,0,1.1231422744638158,-0.38717292639671674,True Pseudogene
RN7SL420P,Pseudogene,RN7SL,1.1888915567719032,0.232999995350838,0.05,0,0.09677329993632539,-0.29220322583784253,True Pseudogene
RN7SL422P,Pseudogene,RN7SL,1.450588819287242,0.293999999761581,0,0,-0.31766096409736067,-0.4220010977290139,True Pseudogene
RN7SL423P,Pseudogene,RN7SL,0.7198223067219978,-0.111000001430511,0.07,0,0.9547993799790285,-0.25187066834997046,True Pseudogene
RN7SL424P,Pseudogene,RN7SL,1.4903290862960636,0.30799999833107,0.13,0,-0.37279799565413263,0.19842381653389568,True Pseudogene
RN7SL426P,Pseudogene,RN7SL,1.295176644432801,0.214000001549721,0.18,0,-0.12450140328292515,0.0664172850582185,True Pseudogene
RN7SL428P,Pseudogene,RN7SL,0.9843723852608516,0.165999993681908,2.47,0,0.22920078075160494,0.027574885300298287,True Pseudogene
RN7SL429P,Pseudogene,RN7SL,2.040444411908096,-0.122000001370907,0,0.28,-0.26254741197124315,-0.6853120782335659,True Pseudogene
RN7SL42P,Pseudogene,RN7SL,1.0751087513852364,-0.0570000000298023,0.15,0,0.30151846414997024,-0.21931150403791613,True Pseudogene
RN7SL430P,Pseudogene,RN7SL,1.0908287140564763,0.310000002384186,1.44,0,-0.2476918855499794,0.1232660085325653,True Pseudogene
RN7SL431P,Pseudogene,RN7SL,0.7744036806951412,-0.135000005364418,23.09,0.05,1.2763710963937926,-0.5350715833898965,True Pseudogene
RN7SL432P,Pseudogene,RN7SL,0.8042501707574639,0.27700001001358,0.37,0,0.2662486232986657,0.38374008693069267,True Pseudogene
RN7SL434P,Pseudogene,RN7SL,1.1535370650684624,0.305000007152557,1.71,0,-0.14332248256139465,0.0013422621632826843,True Pseudogene
RN7SL435P,Pseudogene,RN7SL,1.2563463968724369,0.200000002980232,0.59,0,-0.12540047033939217,0.0055159390049629095,True Pseudogene
RN7SL43P,Pseudogene,RN7SL,1.4084691968980256,0.200000002980232,0.06,0,0.03104021866129795,-0.31884333835457734,True Pseudogene
RN7SL440P,Pseudogene,RN7SL,2.136715352046639,0.282999992370605,0.31,0.67,-0.1659318641257714,0.644177206522098,False Pseudogene
RN7SL441P,Pseudogene,RN7SL,1.0795790580438027,0.28999999165535,2.47,0,-0.08425077062318463,0.02374459589335729,True Pseudogene
RN7SL442P,Pseudogene,RN7SL,1.3133900659951372,0.194999992847443,0.57,0,0.00885993048916553,-0.15284616689171446,True Pseudogene
RN7SL443P,Pseudogene,RN7SL,1.3055299373585176,0.30799999833107,4.44,0,-0.4491482564866557,0.1669115842694276,True Pseudogene
RN7SL444P,Pseudogene,RN7SL,0.7409980317239783,0.30799999833107,11.06,0,0.012744370506799002,0.10556063190825209,True Pseudogene
RN7SL445P,Pseudogene,RN7SL,1.102487472541542,0.307000011205673,0.08,0,-0.0755260884507085,-0.3890601326486595,True Pseudogene
RN7SL446P,Pseudogene,RN7SL,1.2438628277461206,-0.105999998748302,0.18,0,0.5869682200712536,-0.5349591656875555,True Pseudogene
RN7SL447P,Pseudogene,RN7SL,1.049117111241857,-0.108999997377396,0,0,0.61692977421114,-0.26399629070356645,True Pseudogene
RN7SL448P,Pseudogene,RN7SL,1.1185616474646918,0.30799999833107,0.46,0,-0.3594257363744557,-0.07253642792744974,True Pseudogene
RN7SL449P,Pseudogene,RN7SL,1.2023405562828977,0.30799999833107,18.44,0.08,-0.6453000024121912,0.1124201529517262,True Pseudogene
RN7SL44P,Pseudogene,RN7SL,0.7590935962404165,0.214000001549721,0.17,0,0.4137385031691177,0.3313031498326241,True Pseudogene
RN7SL451P,Pseudogene,RN7SL,1.394018036270026,0.159999996423721,0,0,0.07757360259499534,-0.2055595685470176,True Pseudogene
RN7SL452P,Pseudogene,RN7SL,1.157809424568716,-0.138999998569489,2.56,0,0.9151173607571015,-0.18430202770320647,True Pseudogene
RN7SL453P,Pseudogene,RN7SL,1.0557532746827198,0.301999986171722,0.04,0,-0.423276729055819,0.8930256145451491,True Pseudogene
RN7SL454P,Pseudogene,RN7SL,1.5437458994249549,-0.180000007152557,0.03,0,0.7562312527582395,-0.27420620608813984,True Pseudogene
RN7SL455P,Pseudogene,RN7SL,1.749031258391039,0.305000007152557,1.47,0,-0.17628582753354907,0.7021624412084524,True Pseudogene
RN7SL456P,Pseudogene,RN7SL,1.3422739769576302,0.30799999833107,0,0,-0.4668660147441129,-0.11303806179613844,True Pseudogene
RN7SL457P,Pseudogene,RN7SL,1.2465613665217186,0.30799999833107,0.2,0,-0.2201159727255514,-0.07438387666095009,True Pseudogene
RN7SL459P,Pseudogene,RN7SL,1.4836829381062686,0.30799999833107,0.18,0,-0.3407926522652672,-0.06627352927763114,True Pseudogene
RN7SL45P,Pseudogene,RN7SL,1.165579957619513,0.206000000238419,0.85,0,-0.08133685154243366,-0.3998382508455726,True Pseudogene
RN7SL460P,Pseudogene,RN7SL,1.319364227996909,0.300000011920929,0.09,0,0.012425268629095342,2.128754631673184,True Pseudogene
RN7SL461P,Pseudogene,RN7SL,1.2193950322585414,0.305000007152557,0,0,-0.2857079666324143,0.05815861896469069,True Pseudogene
RN7SL462P,Pseudogene,RN7SL,1.0779604987363909,0.284999996423721,0.06,0,-0.003473477776015878,-0.30500042572955666,True Pseudogene
RN7SL464P,Pseudogene,RN7SL,0.8186531284829306,0.305000007152557,3.2,0,0.21901627112540462,0.20393114845320243,True Pseudogene
RN7SL465P,Pseudogene,RN7SL,1.0385665934669546,0.214000001549721,5.5,0,0.051029381661505335,-0.07934257705173046,True Pseudogene
RN7SL466P,Pseudogene,RN7SL,0.7771059866596806,-0.104000002145767,0,0,0.9916660154942994,-0.2253315123597374,True Pseudogene
RN7SL468P,Pseudogene,RN7SL,0.968779314435048,-0.195500001311302,0.32,0,1.1090377375596638,-0.5327599507948234,True Pseudogene
RN7SL469P,Pseudogene,RN7SL,1.7000745981008996,-0.0659999996423721,0.64,0,-0.07567996772533758,-0.740954894311692,True Pseudogene
RN7SL470P,Pseudogene,RN7SL,1.7031868369138257,0.123000003397465,0.38,0,0.35465765627809875,1.9259098172414209,True Pseudogene
RN7SL471P,Pseudogene,RN7SL,1.568270290803779,0.677999973297119,640.66,0.72,-1.5110856805383202,0.6481771689813434,False Pseudogene
RN7SL472P,Pseudogene,RN7SL,1.7426414888559856,0.146999999880791,1.41,0,-0.6009575641682235,-0.5136934824260115,True Pseudogene
RN7SL473P,Pseudogene,RN7SL,1.2081489647673558,0.282999992370605,15.71,0.02,-0.30287686949348946,-0.1891424500499984,True Pseudogene
RN7SL474P,Pseudogene,RN7SL,1.6617065495471277,0.184000000357628,0.16,0,0.052351507629737164,2.1384172067711122,True Pseudogene
RN7SL475P,Pseudogene,RN7SL,1.2122031559242932,-0.120999999344349,0.24,0,0.571442037166845,-0.30384207926988055,True Pseudogene
RN7SL477P,Pseudogene,RN7SL,1.1537611398674268,0.211999997496605,0.69,0,0.03362449459612506,-0.08112537519518137,True Pseudogene
RN7SL478P,Pseudogene,RN7SL,1.456974947024391,0.223000004887581,0.39,0,-0.22745325056274288,0.9003531704383432,True Pseudogene
RN7SL479P,Pseudogene,RN7SL,0.7062637489869168,0.30799999833107,0.06,0,0.4223997577737758,0.032499183905388224,True Pseudogene
RN7SL47P,Pseudogene,RN7SL,1.3475507683943586,0.305000007152557,1.69,0,-0.4422461468470547,0.1115017510871434,True Pseudogene
RN7SL480P,Pseudogene,RN7SL,1.3232107709356753,0.305000007152557,0,0,-0.4015139995558018,-0.10736377509925644,True Pseudogene
RN7SL481P,Pseudogene,RN7SL,1.1849153308295222,0.226999998092651,4.84,0,0.04719128166592944,-0.034756810318992755,True Pseudogene
RN7SL482P,Pseudogene,RN7SL,0.9208081665194152,0.30799999833107,2.45,0,0.14620718128725174,0.08112317149756938,True Pseudogene
RN7SL483P,Pseudogene,RN7SL,1.060309683552403,0.303000003099442,0.67,0,0.38754824684715306,0.0873675311842535,True Pseudogene
RN7SL484P,Pseudogene,RN7SL,1.8054948947482448,0.17399999499321,0,0.01,-0.7255605167764099,-0.32089078100018903,True Pseudogene
RN7SL487P,Pseudogene,RN7SL,1.1914666752829228,0.305999994277954,0.34,0,0.10806269782990126,-0.02266319809355761,True Pseudogene
RN7SL488P,Pseudogene,RN7SL,1.2994993891138389,0.270999997854233,0.23,0,0.39338625560363105,2.3162008436289563,True Pseudogene
RN7SL489P,Pseudogene,RN7SL,0.7164919308990261,-0.0450000017881393,0.03,0,0.7006702439178553,-0.06881813339498832,True Pseudogene
RN7SL48P,Pseudogene,RN7SL,0.9839404324833116,0.272000014781952,0.15,0,0.3109522923282178,2.4159899754285785,True Pseudogene
RN7SL491P,Pseudogene,RN7SL,1.4461857496471695,0.18299999833107,0,0,0.28236699669354187,0.9504597773836596,True Pseudogene
RN7SL492P,Pseudogene,RN7SL,1.2716279781703863,0.291999995708466,0,0,0.005162405734908466,-0.41647237016929645,True Pseudogene
RN7SL493P,Pseudogene,RN7SL,1.5334198398970285,0.305000007152557,0.35,0,-0.55104631345391,0.003512138217908101,True Pseudogene
RN7SL494P,Pseudogene,RN7SL,1.119723588234219,-0.197499997913837,0.64,0,0.8918387132925324,-0.4111855333168394,True Pseudogene
RN7SL495P,Pseudogene,RN7SL,1.5388606275913312,-0.126000002026558,0,0,0.2233080099611818,-0.7655622377956568,True Pseudogene
RN7SL496P,Pseudogene,RN7SL,1.0899378376112396,0.252000004053116,0,0,-0.16779241012699136,-0.36027550803397834,True Pseudogene
RN7SL497P,Pseudogene,RN7SL,1.327057313874442,0.214000001549721,0,0,0.08671682655267733,-0.3811014177769697,True Pseudogene
RN7SL498P,Pseudogene,RN7SL,1.456974947024391,0.44200000166893,0.56,0,-0.7987567115674271,-0.03429505741295445,True Pseudogene
RN7SL499P,Pseudogene,RN7SL,0.8054326431782373,0.284000009298325,0.23,0,0.09754537674810697,0.21659622344404264,True Pseudogene
RN7SL49P,Pseudogene,RN7SL,1.0606777614337566,0.30799999833107,1.64,0,-0.2784269867422738,0.18749527870291996,True Pseudogene
RN7SL4P,Pseudogene,RN7SL,1.1421103137271065,0.0850000008940697,599.31,0.06,0.4515275560064679,-0.12317363960360465,True Pseudogene
RN7SL502P,Pseudogene,RN7SL,1.0420284821118444,0.284000009298325,2.21,0,-0.10222572756184212,-0.03896876310771263,True Pseudogene
RN7SL503P,Pseudogene,RN7SL,1.3526882386050345,0.30799999833107,0.1,0,-0.23552584042261218,0.04864648102614196,True Pseudogene
RN7SL504P,Pseudogene,RN7SL,1.0408182283579397,0.26800000667572,0,0,-0.13344852099132556,0.06438847495461923,True Pseudogene
RN7SL505P,Pseudogene,RN7SL,1.149906288564834,0.301999986171722,3.61,0,-0.0808934827578304,0.5031116978584871,True Pseudogene
RN7SL507P,Pseudogene,RN7SL,1.2790664926823316,0.305000007152557,2.1,0,-0.021981076758504924,-0.22333436040358973,True Pseudogene
RN7SL508P,Pseudogene,RN7SL,1.3297613193066442,0.30799999833107,1.09,0,-0.33552678660937924,0.08819542967534214,True Pseudogene
RN7SL509P,Pseudogene,RN7SL,1.1811995139539426,-0.0469999983906746,0,0,0.6429931350420663,-0.4474333954869121,True Pseudogene
RN7SL50P,Pseudogene,RN7SL,1.2937937529576593,0.30799999833107,0.2,0,-0.2738321978250312,-0.07250909929320756,True Pseudogene
RN7SL510P,Pseudogene,RN7SL,1.4131438223823491,0.159999996423721,0.29,0,0.6796520167518169,1.9587664430094023,True Pseudogene
RN7SL513P,Pseudogene,RN7SL,1.1539241580433175,0.305000007152557,2.49,0,-0.13578515762710122,0.13657918560957008,True Pseudogene
RN7SL515P,Pseudogene,RN7SL,1.075944111720423,0.20100000500679,0.68,0,0.22691454709268397,0.13098102623198066,True Pseudogene
RN7SL516P,Pseudogene,RN7SL,0.8654333072533837,0.28099998831749,0.41,0,0.21800945308699615,0.03157661285661944,True Pseudogene
RN7SL517P,Pseudogene,RN7SL,0.6035793393653307,0.239999994635582,12.92,0,0.3973386146170347,0.1606566253444451,True Pseudogene
RN7SL518P,Pseudogene,RN7SL,1.0544335830893663,-0.0329999998211861,0.08,0,0.7543054041561222,-0.1770137524375674,True Pseudogene
RN7SL519P,Pseudogene,RN7SL,0.8924780981050519,0.28099998831749,0.22,0,0.14072372233988933,0.24983911718782875,True Pseudogene
RN7SL51P,Pseudogene,RN7SL,0.8653102015197772,0.305000007152557,0,0,0.04881926231775528,0.25339323825313004,True Pseudogene
RN7SL520P,Pseudogene,RN7SL,1.2266302644906326,0.239999994635582,0.32,0,0.03727558742968762,-0.28413146585996857,True Pseudogene
RN7SL521P,Pseudogene,RN7SL,1.321540050265302,-0.132500000298023,10.42,0,0.442744537562132,-0.5029642731273785,True Pseudogene
RN7SL523P,Pseudogene,RN7SL,1.3054495525338543,0.305000007152557,0.2,0,-0.16966005248511334,0.6589520285252234,True Pseudogene
RN7SL524P,Pseudogene,RN7SL,1.933541739029756,0.146999999880791,0.3,0.4,0.48643562429741205,2.1355204490374344,True Pseudogene
RN7SL525P,Pseudogene,RN7SL,1.798739641740684,0.151500001549721,0.37,0,0.07291698812054603,1.8542298706454827,True Pseudogene
RN7SL526P,Pseudogene,RN7SL,1.284841806574688,0.305000007152557,1.18,0,-0.44454811781253983,0.025925933021422976,True Pseudogene
RN7SL52P,Pseudogene,RN7SL,2.3604635803707272,-0.0590000003576279,0,0.54,-0.26436142764299736,-0.8317824510503642,False Pseudogene
RN7SL530P,Pseudogene,RN7SL,1.2588263542290736,0.30799999833107,0.46,0,-0.43990029412322296,-0.05163919325253237,True Pseudogene
RN7SL531P,Pseudogene,RN7SL,1.2193950322585414,0.305000007152557,0.23,0,0.1524342151098421,1.7604795459713152,True Pseudogene
RN7SL535P,Pseudogene,RN7SL,1.1030481680012767,-0.165000006556511,9,0,1.0516960992465652,-0.46073926062422843,True Pseudogene
RN7SL536P,Pseudogene,RN7SL,1.724736797978225,-0.013499999884516,0.06,0,-0.1771157247723074,-0.744484631746081,True Pseudogene
RN7SL538P,Pseudogene,RN7SL,0.7769510612237437,-0.028999999165535,0.18,0,0.8473234602239607,0.09071724370126108,True Pseudogene
RN7SL539P,Pseudogene,RN7SL,0.7877878558921161,-0.158999994397163,0.16,0.01,0.7228191237266225,-0.43226224292435655,True Pseudogene
RN7SL541P,Pseudogene,RN7SL,1.1782654214692234,0.301999986171722,4.11,0,-0.3176025461828109,-0.03903567200789968,True Pseudogene
RN7SL542P,Pseudogene,RN7SL,1.5122408810693433,-0.218999996781349,0,0,0.5128814322766193,-0.7835363530685868,True Pseudogene
RN7SL543P,Pseudogene,RN7SL,1.103597612047104,-0.293999999761581,0.17,0,1.4659987228383968,-0.7045376304946688,True Pseudogene
RN7SL544P,Pseudogene,RN7SL,0.0366911437363325,0.277999997138977,0.16,0.25,0.944752077316493,0.570932983301813,True Pseudogene
RN7SL545P,Pseudogene,RN7SL,1.2695979207339714,-0.145000003278255,0.06,0,0.5340852402182381,-0.6397977475524813,True Pseudogene
RN7SL546P,Pseudogene,RN7SL,1.3055299373585176,0.194999992847443,0.77,0,0.29250025397998464,-0.2053601732431265,True Pseudogene
RN7SL547P,Pseudogene,RN7SL,1.4253033261070056,0.207000002264977,0.02,0,-0.2326127241791458,-0.2561042234158041,True Pseudogene
RN7SL549P,Pseudogene,RN7SL,1.182443667644646,0.231000006198883,0.4,0,-0.2949522110034698,-0.16247294247358132,True Pseudogene
RN7SL551P,Pseudogene,RN7SL,1.3404169512624398,0.30799999833107,0.06,0,-0.47789011667675196,0.10438099798489488,True Pseudogene
RN7SL552P,Pseudogene,RN7SL,1.1955640797176958,0.305000007152557,3.13,0,-0.4106853329985868,-0.426838220424085,True Pseudogene
RN7SL553P,Pseudogene,RN7SL,1.014054563128976,-0.141500003635883,0.07,0,0.7072286706199757,-0.14224512963773356,True Pseudogene
RN7SL554P,Pseudogene,RN7SL,1.3441691607150503,0.195999994874001,0,0,-0.0834035154421135,-0.1272874161671559,True Pseudogene
RN7SL555P,Pseudogene,RN7SL,1.2500243344901183,0.30799999833107,9.05,0,-0.0689585922698515,-0.004236099261284448,True Pseudogene
RN7SL556P,Pseudogene,RN7SL,1.3986959491434152,0.193000003695488,0.11,0,-0.10745808062695157,-0.16980471269947414,True Pseudogene
RN7SL557P,Pseudogene,RN7SL,1.3966582219447798,0.144999995827675,0,0,0.0363126776409626,0.732309721467472,True Pseudogene
RN7SL558P,Pseudogene,RN7SL,1.103597612047104,-0.141000002622604,16.56,0.04,0.5597697701235426,-0.48374605726793235,True Pseudogene
RN7SL559P,Pseudogene,RN7SL,1.356625184343142,-0.0500000007450581,5.13,0,0.5713796022766907,-0.2389759559006079,True Pseudogene
RN7SL55P,Pseudogene,RN7SL,1.2279796927243958,0.204999998211861,0.95,0,-0.17313757495895132,-0.22319012542961922,True Pseudogene
RN7SL560P,Pseudogene,RN7SL,1.460418705990085,0.097000002861023,0.09,0,1.4749303959886637,0.016339425224373285,True Pseudogene
RN7SL561P,Pseudogene,RN7SL,1.1372078333842193,0.160999998450279,0.11,0,0.2232393968620268,-0.3609221876293088,True Pseudogene
RN7SL563P,Pseudogene,RN7SL,1.270482153805269,0.30799999833107,2.42,0,-6.702375494276629e-4,0.5775495004891211,True Pseudogene
RN7SL564P,Pseudogene,RN7SL,1.3615838832928102,0.118000000715256,0,0,-0.21889093033221044,-0.18808629085192705,True Pseudogene
RN7SL565P,Pseudogene,RN7SL,0.6482102060085417,0.300000011920929,0.26,0,0.41568225465534964,0.2204264102655669,True Pseudogene
RN7SL566P,Pseudogene,RN7SL,1.0795790580438027,-0.0839999988675117,3.34,0,0.7314937833900853,-0.3396580301937481,True Pseudogene
RN7SL567P,Pseudogene,RN7SL,1.215126722814692,0.125,0,0,0.16347846845804623,-0.4974113407907114,True Pseudogene
RN7SL568P,Pseudogene,RN7SL,1.3404169512624398,0.266999989748001,0,0,-0.4638784030766397,-0.28282326265897983,True Pseudogene
RN7SL569P,Pseudogene,RN7SL,1.2542935432827758,0.354999989271164,1.91,0,-0.19894943327414516,0.1344204117190482,True Pseudogene
RN7SL570P,Pseudogene,RN7SL,1.3560644630222634,0.284000009298325,0.07,0,-0.15653388763053877,-0.1382956766688505,True Pseudogene
RN7SL571P,Pseudogene,RN7SL,1.2245306456455574,0.222000002861023,0.45,0,-0.09423877578128298,0.10046613472579358,True Pseudogene
RN7SL573P,Pseudogene,RN7SL,1.3591675853632754,0.263999998569489,0,0,-0.35156637477063657,-0.17014005276996957,True Pseudogene
RN7SL574P,Pseudogene,RN7SL,1.391710318420982,0.305000007152557,1.45,0,-0.13670967099941925,-0.07014624770311487,True Pseudogene
RN7SL575P,Pseudogene,RN7SL,0.697009018135013,0.146999999880791,0.74,0,0.5711893494634767,0.020981856567386332,True Pseudogene
RN7SL577P,Pseudogene,RN7SL,1.2609805614114729,0.30799999833107,1.38,0,-0.2873322522584717,-0.31991994287316977,True Pseudogene
RN7SL578P,Pseudogene,RN7SL,0.810057477260091,0.30799999833107,0.58,0,-0.14527539035599035,0.1678111315833103,True Pseudogene
RN7SL57P,Pseudogene,RN7SL,1.1977338874848786,0.30799999833107,7.73,0,-0.2782167280568517,-0.3151717716580697,True Pseudogene
RN7SL580P,Pseudogene,RN7SL,1.1739461412874437,-0.127000004053116,0.07,0,0.4776863164993011,0.012063333200609757,True Pseudogene
RN7SL581P,Pseudogene,RN7SL,1.0116781379726645,-0.0579999983310699,0.46,0,0.6716796163532172,-0.622087003141112,True Pseudogene
RN7SL582P,Pseudogene,RN7SL,0.9835155326981566,-0.0410000011324883,0.8,0,0.6886573316350763,0.17697605279918352,True Pseudogene
RN7SL583P,Pseudogene,RN7SL,0.7261522523427487,-0.10700000077486,0.19,0,1.0794197266600616,-0.12690860948548027,True Pseudogene
RN7SL584P,Pseudogene,RN7SL,1.9647675083590328,0.266999989748001,0,0.64,-0.6383238790956163,-0.5397314304431368,False Pseudogene
RN7SL585P,Pseudogene,RN7SL,1.0668386840668884,0.305000007152557,0,0,-0.21327111494858778,-0.0037522169749138416,True Pseudogene
RN7SL586P,Pseudogene,RN7SL,1.2321282727673837,0.207000002264977,0,0,-0.07706823209128406,-0.4482827571263315,True Pseudogene
RN7SL587P,Pseudogene,RN7SL,1.458592655862368,-0.12899999320507,2.08,0,0.4766995063854735,-0.8430295167274123,True Pseudogene
RN7SL589P,Pseudogene,RN7SL,1.120460733453596,0.184000000357628,1.17,0,0.21032859535814602,-0.20437563736291112,True Pseudogene
RN7SL58P,Pseudogene,RN7SL,1.311396389052321,0.206000000238419,0,0,-0.14456258436340216,-0.04690087367585234,True Pseudogene
RN7SL591P,Pseudogene,RN7SL,1.153844323799645,0.30799999833107,0.58,0,-0.35698474593105833,0.23087364521544218,True Pseudogene
RN7SL592P,Pseudogene,RN7SL,1.7799774783405171,0.305000007152557,0.35,0,-0.6071485795732662,0.3753943199493254,True Pseudogene
RN7SL594P,Pseudogene,RN7SL,1.028715690818894,0.105999998748302,0.07,0,0.20156270085016745,-0.016716135747694327,True Pseudogene
RN7SL596P,Pseudogene,RN7SL,1.2422330284435184,0.144999995827675,0.19,0,0.7329166967346228,1.0711430299466567,True Pseudogene
RN7SL597P,Pseudogene,RN7SL,1.0795790580438027,0.294999986886978,0.44,0,0.026328420203330153,0.10791566340382176,True Pseudogene
RN7SL598P,Pseudogene,RN7SL,1.3468395347023838,-0.170500002801418,0.07,0,0.4033490324634053,-0.43888830076590496,True Pseudogene
RN7SL5P,Pseudogene,RN7SL,1.9801787354773368,0.0149999996647239,215.75,0.46,-0.27008319483548593,-0.4014940237164967,True Pseudogene
RN7SL600P,Pseudogene,RN7SL,1.2662330496119405,0.30799999833107,7.29,0,-0.3973252164757921,1.3103763713025132,True Pseudogene
RN7SL601P,Pseudogene,RN7SL,1.17361569657648,0.207000002264977,0,0,-0.1694915995244091,-0.24620510646239052,True Pseudogene
RN7SL602P,Pseudogene,RN7SL,1.7259936792181785,0.218999996781349,0.14,0,0.23525359849554042,1.9433159324094438,True Pseudogene
RN7SL604P,Pseudogene,RN7SL,0.97396806323517,-0.119999997317791,0.48,0,1.1834389014956381,-0.6372075924973314,True Pseudogene
RN7SL605P,Pseudogene,RN7SL,1.2484564257805018,-0.153999999165535,0.78,0,1.2100854961962895,0.27458611755926965,True Pseudogene
RN7SL606P,Pseudogene,RN7SL,1.0906327685357189,0.305000007152557,0.67,0,-0.21380457877712714,0.1571188132749221,True Pseudogene
RN7SL607P,Pseudogene,RN7SL,1.394018036270026,0.30799999833107,0.2,0,-0.2572621339712562,-0.4175875526358832,True Pseudogene
RN7SL608P,Pseudogene,RN7SL,1.2574059342090356,-0.131999999284744,8.57,0,0.6643728253271065,-0.11399443780169449,True Pseudogene
RN7SL60P,Pseudogene,RN7SL,1.1732985138606051,-0.172999992966652,0.06,0,0.881327263658973,-0.4256069727723042,True Pseudogene
RN7SL610P,Pseudogene,RN7SL,1.0145752689519678,0.146999999880791,0.95,0,0.8566773685349911,0.08814812843231143,True Pseudogene
RN7SL612P,Pseudogene,RN7SL,0.7417829872660587,0.303000003099442,0.45,0,0.3417266901175914,-0.04031582144738752,True Pseudogene
RN7SL614P,Pseudogene,RN7SL,1.364561107527415,-0.333499997854233,0.93,0,0.8962451997081251,-0.8556175931241391,True Pseudogene
RN7SL615P,Pseudogene,RN7SL,1.282137953381464,0.305000007152557,0.78,0,-0.4726970699768151,-0.06377038117083589,True Pseudogene
RN7SL616P,Pseudogene,RN7SL,1.1233764305294978,0.284000009298325,0.63,0,-0.2410744177482563,0.08271086481906822,True Pseudogene
RN7SL617P,Pseudogene,RN7SL,1.206678004177136,0.305000007152557,0.27,0,-0.22599389563789726,0.18481737305213441,True Pseudogene
RN7SL618P,Pseudogene,RN7SL,1.2790664926823316,-0.0654999986290932,0.1,0,0.6767038805455406,-0.24050770133908686,True Pseudogene
RN7SL619P,Pseudogene,RN7SL,1.1981981254257643,0.195999994874001,0.24,0,0.2909806243948088,1.0822749819347737,True Pseudogene
RN7SL620P,Pseudogene,RN7SL,1.2036632631654969,-0.12899999320507,0.27,0,0.6391882127352791,-0.36451445616745165,True Pseudogene
RN7SL621P,Pseudogene,RN7SL,1.1616816968916883,0.266999989748001,0.31,0,0.0583629372848115,-0.048098312095175136,True Pseudogene
RN7SL622P,Pseudogene,RN7SL,1.7430294609870851,0.165000006556511,0,0,0.2815633910756708,0.9054453151056907,True Pseudogene
RN7SL623P,Pseudogene,RN7SL,1.10925612611906,0.30799999833107,0.5,0,-0.11948420699746555,0.2716362157683979,True Pseudogene
RN7SL624P,Pseudogene,RN7SL,1.6367593663867102,0.180500000715256,0.2,0,0.2967264374431566,1.0486388333571732,True Pseudogene
RN7SL625P,Pseudogene,RN7SL,0.9310220115088644,0.214000001549721,0,0,0.40387898125735683,-0.02912167601952214,True Pseudogene
RN7SL627P,Pseudogene,RN7SL,0.768051796496079,0.266000002622604,0.53,0,0.2761492581313376,-0.12345936231060455,True Pseudogene
RN7SL628P,Pseudogene,RN7SL,1.7000745981008996,-0.0160000007599592,0.19,0,-0.190924282277917,-0.7418077548487817,True Pseudogene
RN7SL629P,Pseudogene,RN7SL,1.0359347482983248,0.214000001549721,0.47,0,-0.33542504225448594,-0.335446672084747,True Pseudogene
RN7SL62P,Pseudogene,RN7SL,1.1695044692613294,0.199000000953674,0.02,0,0.23795614537891352,0.20958727196272603,True Pseudogene
RN7SL630P,Pseudogene,RN7SL,1.2045896033391692,0.0689999982714653,8.45,0,0.29308798374255346,-0.26428711299073043,True Pseudogene
RN7SL632P,Pseudogene,RN7SL,1.2535680987811662,-0.096000000834465,0,0,0.42110518965911936,-0.21967625402101343,True Pseudogene
RN7SL633P,Pseudogene,RN7SL,0.912213486023837,0.30799999833107,0,0,0.19499143985313178,0.1175010402469675,True Pseudogene
RN7SL634P,Pseudogene,RN7SL,1.1776349284140708,0.284000009298325,0.23,0,-0.18282971989510874,-0.03707929449631809,True Pseudogene
RN7SL635P,Pseudogene,RN7SL,1.3494738225547531,-0.0509999990463257,0.07,0,0.4699225463286042,-0.6030747683348638,True Pseudogene
RN7SL636P,Pseudogene,RN7SL,1.358653916585738,0.29899999499321,0.06,0,0.001521197034967801,-0.25350708347407674,True Pseudogene
RN7SL638P,Pseudogene,RN7SL,1.1378471931106346,0.30799999833107,2.16,0,-0.10373655094160388,-0.033869563090233985,True Pseudogene
RN7SL63P,Pseudogene,RN7SL,1.1540008409352662,0.29899999499321,0,0,-0.11772327954697948,-0.19301227608021035,True Pseudogene
RN7SL640P,Pseudogene,RN7SL,0.0532326172215501,0.28999999165535,0.02,0.24,0.8513329819717642,0.10443929214913078,True Pseudogene
RN7SL643P,Pseudogene,RN7SL,1.515894813610587,0.29899999499321,0.02,0,-0.4589745232139876,-0.24756039079218528,True Pseudogene
RN7SL644P,Pseudogene,RN7SL,1.3813247574970395,0.180999994277954,0.1,0,0.4131513024741334,1.5079289921340613,True Pseudogene
RN7SL645P,Pseudogene,RN7SL,1.291237276470687,-0.256000012159348,0.07,0,0.938802875993961,-1.008916121469839,True Pseudogene
RN7SL646P,Pseudogene,RN7SL,1.2279796927243958,-0.126000002026558,1.8,0,0.8453243706957819,-0.20216156413050873,True Pseudogene
RN7SL647P,Pseudogene,RN7SL,1.157809424568716,-0.106499999761581,0,0,0.7418154643708811,-0.316087688070021,True Pseudogene
RN7SL648P,Pseudogene,RN7SL,0.9116306764876602,0.29899999499321,35.23,0.08,-0.1702037502106387,-0.034831175478037664,True Pseudogene
RN7SL649P,Pseudogene,RN7SL,1.098866399317945,0.164000004529953,0.08,0,0.15602587767810303,-0.6156354324234282,True Pseudogene
RN7SL650P,Pseudogene,RN7SL,1.2662330496119405,0.347000002861023,14.43,0,-0.719264727191841,0.1414173599080999,True Pseudogene
RN7SL652P,Pseudogene,RN7SL,1.3893713094824591,0.282000005245209,1.13,0,0.22800486801179132,0.1999115931959513,True Pseudogene
RN7SL653P,Pseudogene,RN7SL,0.6638634243260898,-0.063000001013279,5.54,0,0.985870216262813,-0.28526265454330557,True Pseudogene
RN7SL654P,Pseudogene,RN7SL,0.8326711615048985,0.0850000008940697,0.07,0,0.39194233565400566,-0.032931992727629714,True Pseudogene
RN7SL655P,Pseudogene,RN7SL,1.107300959738537,-0.122999999672174,2.46,0,1.0025180881397966,-0.3414758311543516,True Pseudogene
RN7SL656P,Pseudogene,RN7SL,0.0370828641320941,0.224000006914139,8.22,0.22,0.836086067069121,0.4546921120073977,True Pseudogene
RN7SL657P,Pseudogene,RN7SL,1.6952226728326931,0.105999998748302,40.23,0.07,-0.3956317397135602,-0.61392288814938,True Pseudogene
RN7SL658P,Pseudogene,RN7SL,0.768051796496079,0.305000007152557,0.64,0,0.32795709346486607,-0.06516876628146345,True Pseudogene
RN7SL659P,Pseudogene,RN7SL,1.3591675853632754,0.30799999833107,0.08,0,-0.5123422260406295,-0.08740912004791432,True Pseudogene
RN7SL65P,Pseudogene,RN7SL,0.6395518726189099,0.263999998569489,1.12,0,0.43538922639985006,0.3191716712404968,True Pseudogene
RN7SL660P,Pseudogene,RN7SL,1.2081489647673558,0.0040000001899898,5.34,0,0.33267606144976763,-0.13163959594622238,True Pseudogene
RN7SL663P,Pseudogene,RN7SL,1.2197657817362726,0.214000001549721,2.42,0,-0.07721999340491079,0.8949726056047936,True Pseudogene
RN7SL664P,Pseudogene,RN7SL,0.9338397326029644,0.165999993681908,14.75,0,-2.476482594720396e-4,0.4672411990573458,True Pseudogene
RN7SL665P,Pseudogene,RN7SL,1.0536065763575315,-0.126000002026558,0.31,0,0.9427847513195212,-0.3670202782920559,True Pseudogene
RN7SL666P,Pseudogene,RN7SL,1.2911098517394564,-0.100499998778105,0.76,0,0.6754184305914173,-0.8157899775504774,True Pseudogene
RN7SL667P,Pseudogene,RN7SL,0.8974965673670249,0.419999986886978,0.06,0,0.07966923352721068,2.334888527894877,True Pseudogene
RN7SL668P,Pseudogene,RN7SL,0.8368325543912503,-0.096000000834465,0.1,0,0.8894187183394867,-0.6065862375979864,True Pseudogene
RN7SL66P,Pseudogene,RN7SL,1.3025356026398056,0.18299999833107,0.2,0,0.5743248151852198,1.4716032963481676,True Pseudogene
RN7SL670P,Pseudogene,RN7SL,0.909707405018277,0.272000014781952,0.07,0,0.5521186462372122,1.506242198383331,True Pseudogene
RN7SL672P,Pseudogene,RN7SL,1.2381621291129172,0.305000007152557,1.8,0,-0.048874867219617577,-0.42655126403650817,True Pseudogene
RN7SL673P,Pseudogene,RN7SL,1.494893181088722,-0.168999999761581,0.15,0,0.3230917998108224,-0.7902836944403836,True Pseudogene
RN7SL674P,Pseudogene,RN7SL,0.8967760270295874,-0.304000005125999,39.15,0.05,1.3875239245690498,-0.09213953933646604,True Pseudogene
RN7SL675P,Pseudogene,RN7SL,1.2045896033391692,0.374000012874603,0,0,-0.47928224701076627,0.09649661492472007,True Pseudogene
RN7SL677P,Pseudogene,RN7SL,1.295730296460914,0.0350000001490116,1.47,0,0.37848786000497714,-0.09087530689357463,True Pseudogene
RN7SL678P,Pseudogene,RN7SL,0.975812625389018,0.130999997258186,0.22,0,0.3012197644855602,0.12930567284902353,True Pseudogene
RN7SL679P,Pseudogene,RN7SL,0.7312480576223469,0.284000009298325,0.22,0,0.12719374802793018,-0.26901869444206966,True Pseudogene
RN7SL67P,Pseudogene,RN7SL,1.2086591628099097,0.214000001549721,2.44,0,-0.05505983985820923,0.3107752164407466,True Pseudogene
RN7SL680P,Pseudogene,RN7SL,1.277849866580857,0.206000000238419,0.47,0,-0.2628174121593127,-0.10018792894324793,True Pseudogene
RN7SL681P,Pseudogene,RN7SL,1.2371114399501348,0.29899999499321,0.73,0,-0.32807519506773175,0.007040890921879838,True Pseudogene
RN7SL683P,Pseudogene,RN7SL,1.286454916187462,0.305000007152557,2.88,0,-0.31566583540284465,-0.2495628322280252,True Pseudogene
RN7SL684P,Pseudogene,RN7SL,1.2168813339854874,0.0034999998752027,0.64,0,0.5072073282713343,-0.2684205696999757,True Pseudogene
RN7SL685P,Pseudogene,RN7SL,1.282137953381464,0.30799999833107,0.39,0,-0.08743297875549248,-0.2601250087339395,True Pseudogene
RN7SL687P,Pseudogene,RN7SL,0.8896851367738555,0.282999992370605,0,0,-0.0462903551563301,0.11014629398131377,True Pseudogene
RN7SL688P,Pseudogene,RN7SL,1.060974454513878,-0.133000001311302,2.2,0,0.7724402652316611,-0.20672039621710184,True Pseudogene
RN7SL689P,Pseudogene,RN7SL,1.1811995139539426,0.284000009298325,13.75,0,-0.021349224947324778,-0.021785445961055253,True Pseudogene
RN7SL68P,Pseudogene,RN7SL,0.7731179060829814,-0.0345000009983778,8.68,0,0.8452611717107574,0.09307981413786123,True Pseudogene
RN7SL690P,Pseudogene,RN7SL,1.4762070163251129,0.0610000006854534,0.71,0,0.5078828827188266,0.22310140227467984,True Pseudogene
RN7SL691P,Pseudogene,RN7SL,1.211661025711447,0.305000007152557,0,0,-0.32798649063586205,0.5595384287850457,True Pseudogene
RN7SL692P,Pseudogene,RN7SL,0.9407201574620816,0.282999992370605,0,0,0.0706230329573634,-0.08071575397864338,True Pseudogene
RN7SL693P,Pseudogene,RN7SL,1.6184432816551946,0.159999996423721,0.19,0,0.27310976663683445,0.9681928806688215,True Pseudogene
RN7SL697P,Pseudogene,RN7SL,0.8364108217620156,0.194999992847443,0.24,0,0.4507351897918089,0.42668107408977357,True Pseudogene
RN7SL698P,Pseudogene,RN7SL,1.0926347218612056,0.30799999833107,39.51,0.12,0.19062300437293955,0.08560001557107515,True Pseudogene
RN7SL69P,Pseudogene,RN7SL,1.2514557750853033,0.0054999998537823,0.56,0,0.37813598417432015,0.07067748530843522,True Pseudogene
RN7SL700P,Pseudogene,RN7SL,1.3822826803524466,0.30799999833107,0,0,-0.530235660442228,-0.278204081493017,True Pseudogene
RN7SL702P,Pseudogene,RN7SL,0.1665342323009797,0.296000003814697,0.25,0.21,0.5302285467803416,0.6007799707159839,True Pseudogene
RN7SL703P,Pseudogene,RN7SL,1.2191503212346084,0.214000001549721,0.08,0,-0.2257864268120348,-0.012589119971108134,True Pseudogene
RN7SL704P,Pseudogene,RN7SL,1.305704789020924,-0.0980000011622906,0.18,0,0.3446940705886948,-0.7403191789783485,True Pseudogene
RN7SL705P,Pseudogene,RN7SL,1.0751087513852364,0.30799999833107,0,0,-0.08003578108838395,0.32144678433427515,True Pseudogene
RN7SL706P,Pseudogene,RN7SL,1.1776349284140708,0.30799999833107,0.19,0,-0.191018926721565,-0.04973265226189901,True Pseudogene
RN7SL708P,Pseudogene,RN7SL,1.0222798932646855,0.108000002801418,1.3,0,0.47792857254396165,-0.26530456821800674,True Pseudogene
RN7SL709P,Pseudogene,RN7SL,1.1230751418316545,0.256999999284744,7.33,0,-0.05086921939612722,0.7244951372749093,True Pseudogene
RN7SL70P,Pseudogene,RN7SL,1.1961474849848983,0.266000002622604,0.2,0,-0.20833945672954657,0.19179028387366445,True Pseudogene
RN7SL711P,Pseudogene,RN7SL,1.289466683549774,0.30799999833107,0.66,0,0.07217924492705073,0.0013685754863533045,True Pseudogene
RN7SL712P,Pseudogene,RN7SL,1.150291181552036,0.197999998927116,0.06,0,0.051464968377702466,-0.6187866504220524,True Pseudogene
RN7SL713P,Pseudogene,RN7SL,1.288158829983737,0.13849999755621,1.24,0,0.07369575759350465,-0.08105765710759462,True Pseudogene
RN7SL714P,Pseudogene,RN7SL,1.445319147448196,0.30799999833107,0,0,-0.28182128163052095,-0.3881436508312,True Pseudogene
RN7SL715P,Pseudogene,RN7SL,1.3237890973215738,0.305000007152557,2.19,0,-0.47165829402333337,-0.14787721698124717,True Pseudogene
RN7SL716P,Pseudogene,RN7SL,1.257173666229464,0.30799999833107,0.29,0,0.02453875459030762,1.2280125396848445,True Pseudogene
RN7SL717P,Pseudogene,RN7SL,0.5379720558602115,0.30799999833107,0.37,0,0.29995473528752137,0.3778867340059836,True Pseudogene
RN7SL718P,Pseudogene,RN7SL,1.6392747298349148,0.160999998450279,0.34,0,0.4174402358600062,2.432524385644946,True Pseudogene
RN7SL719P,Pseudogene,RN7SL,1.6414513360974201,-0.0450000017881393,0,0.02,-0.26569861751010576,-0.6819532406722911,True Pseudogene
RN7SL720P,Pseudogene,RN7SL,1.3596643571415514,0.130999997258186,5.2,0,-0.012630165443382408,-0.2068100323803729,True Pseudogene
RN7SL722P,Pseudogene,RN7SL,0.1100734312089976,0.287000000476837,0.16,0.24,0.9478363106026368,0.4475547531649922,True Pseudogene
RN7SL724P,Pseudogene,RN7SL,0.7305734745433596,-0.194999992847443,0.98,0,1.3141493109349383,0.2755267500059773,True Pseudogene
RN7SL725P,Pseudogene,RN7SL,0.0134109199756994,-0.163000002503395,0,0.39,1.5689515880920066,0.11505216992177246,True Pseudogene
RN7SL726P,Pseudogene,RN7SL,1.2429994156741064,-0.204999998211861,0.92,0,1.0134209492582789,-1.0821560731562412,True Pseudogene
RN7SL727P,Pseudogene,RN7SL,0.7627460736179041,-0.113500002771616,0.17,0,1.190794900674788,-0.6900843548647377,True Pseudogene
RN7SL728P,Pseudogene,RN7SL,1.1693875188144032,0.30799999833107,5.34,0,-0.23483978902856825,-0.3785929649051174,True Pseudogene
RN7SL72P,Pseudogene,RN7SL,1.084639312235377,0.252000004053116,0,0,-0.07978086342268578,0.07356835488595713,True Pseudogene
RN7SL731P,Pseudogene,RN7SL,1.2447439206114184,0.146999999880791,39.68,0.06,-0.10041174183817698,-0.2468629821247731,True Pseudogene
RN7SL732P,Pseudogene,RN7SL,1.0188722936204702,-0.117999996989965,0,0,0.8848849268488755,-0.2169780561625167,True Pseudogene
RN7SL733P,Pseudogene,RN7SL,1.330249126100227,0.303000003099442,0.13,0,-0.5221671056592233,0.5196527454146925,True Pseudogene
RN7SL734P,Pseudogene,RN7SL,1.2238589555004884,0.30799999833107,0.08,0,-0.41894781002240694,0.15561056022361458,True Pseudogene
RN7SL735P,Pseudogene,RN7SL,1.296587951486199,0.30799999833107,15.29,0,-0.07961018358756329,-0.046976051777894184,True Pseudogene
RN7SL736P,Pseudogene,RN7SL,1.2525001581765665,-0.188999995589256,0.71,0,0.5640430638035889,-0.42031852272994763,True Pseudogene
RN7SL737P,Pseudogene,RN7SL,1.145492303030751,0.140000000596046,15.23,0,0.21786349135818422,0.044028848909718046,True Pseudogene
RN7SL738P,Pseudogene,RN7SL,1.1227242904908763,-0.25900000333786,15.18,0,1.1341589010932418,-0.295556760462114,True Pseudogene
RN7SL73P,Pseudogene,RN7SL,1.199159761160456,0.237000003457069,0,0,0.31753073785237235,1.321926605409721,True Pseudogene
RN7SL740P,Pseudogene,RN7SL,1.353021478711116,0.30799999833107,0.07,0,-0.652098366426816,-0.08069279163384362,True Pseudogene
RN7SL741P,Pseudogene,RN7SL,1.1417843806300487,-0.0850000008940697,0,0,0.8556951506029363,-0.5704547267161179,True Pseudogene
RN7SL743P,Pseudogene,RN7SL,1.375384349991025,-0.149000003933907,1.79,0,0.8512802963280869,-0.40536281937814433,True Pseudogene
RN7SL744P,Pseudogene,RN7SL,1.2358639925171688,0.291999995708466,1.12,0,0.2188739011471676,2.2165936531395243,True Pseudogene
RN7SL745P,Pseudogene,RN7SL,1.0687471611403534,0.287999987602234,4.15,0,-0.11336337368090883,0.09601731398719023,True Pseudogene
RN7SL748P,Pseudogene,RN7SL,1.3737352979609525,-0.0799999982118607,0.18,0,0.36883174958624837,-0.6552063596691863,True Pseudogene
RN7SL749P,Pseudogene,RN7SL,1.3055299373585176,0.30799999833107,4.69,0,-0.19166097835818421,-0.022255573751998513,True Pseudogene
RN7SL74P,Pseudogene,RN7SL,0.7086258351039298,0.301999986171722,1.19,0,0.08822244675515055,0.24731041500644135,True Pseudogene
RN7SL750P,Pseudogene,RN7SL,1.546989063079209,0.111999999731779,0.8,0,0.20328113644772763,0.7045396705469011,True Pseudogene
RN7SL751P,Pseudogene,RN7SL,0.9539697371446464,0.282000005245209,6.79,0,-0.2373498422430242,0.12843301738997923,True Pseudogene
RN7SL752P,Pseudogene,RN7SL,0.9561004655846193,-0.167999997735023,14.25,0,0.9056596970186962,-0.2774544200630412,True Pseudogene
RN7SL753P,Pseudogene,RN7SL,0.6228216214921369,0.230000004172325,0.49,0,0.2958886701765745,0.030445034381958714,True Pseudogene
RN7SL754P,Pseudogene,RN7SL,1.6844821327371922,0.231000006198883,1.5,0,-0.5910076400993715,-0.3049104769110133,True Pseudogene
RN7SL756P,Pseudogene,RN7SL,1.4386214118708298,0.252000004053116,0.09,0,-0.27090526034412316,-0.4671186969662685,True Pseudogene
RN7SL757P,Pseudogene,RN7SL,1.119343995181051,-0.170000001788139,0.5,0,0.9828275558040707,-0.5969664634973084,True Pseudogene
RN7SL759P,Pseudogene,RN7SL,2.0361476087242933,-0.125500001013279,0.02,0.44,-0.14970106762691718,-0.960598644389822,True Pseudogene
RN7SL75P,Pseudogene,RN7SL,1.3473440634660858,0.30799999833107,5.64,0,-0.21404406617458213,-0.5484739034685252,True Pseudogene
RN7SL760P,Pseudogene,RN7SL,1.4408295061299576,-0.158999994397163,4.35,0,0.5380121967889205,-0.5871639024689211,True Pseudogene
RN7SL761P,Pseudogene,RN7SL,1.3493894012959138,0.214000001549721,0,0,-0.2040947299291037,0.047506322310430914,True Pseudogene
RN7SL762P,Pseudogene,RN7SL,0.6490142795160276,-0.104000002145767,0,0,1.2677358260079081,-0.17423753519511415,True Pseudogene
RN7SL763P,Pseudogene,RN7SL,0.0244607624908883,0.281499996781349,0.1,0.25,0.9690111695645701,0.5762621665767,True Pseudogene
RN7SL764P,Pseudogene,RN7SL,0.971588328309412,0.291000008583069,0.02,0,-0.30540424326122284,-0.004789560156397964,True Pseudogene
RN7SL766P,Pseudogene,RN7SL,1.360145052163249,0.30799999833107,0,0,-0.49248975226535435,0.13640191859263107,True Pseudogene
RN7SL767P,Pseudogene,RN7SL,0.8595263185781316,0.146999999880791,2.16,0,0.3364479090409718,0.19315197092514494,True Pseudogene
RN7SL769P,Pseudogene,RN7SL,1.3422739769576302,0.211999997496605,13.02,0,0.32086507663946623,-0.031320787101446895,True Pseudogene
RN7SL76P,Pseudogene,RN7SL,1.310047341986056,0.291999995708466,0.73,0,0.09905469816756911,0.0089994982683848,True Pseudogene
RN7SL771P,Pseudogene,RN7SL,1.107300959738537,0.199000000953674,1.35,0,0.2879872924082385,-0.4248382390216227,True Pseudogene
RN7SL774P,Pseudogene,RN7SL,2.060102286473992,0.316000014543533,0.23,0.66,-0.06067930248331792,1.836025705190793,False Pseudogene
RN7SL775P,Pseudogene,RN7SL,1.2611852660480656,0.301999986171722,1.74,0,-0.09741263266129685,0.9496873317162849,True Pseudogene
RN7SL776P,Pseudogene,RN7SL,0.868357068426537,0.30799999833107,0,0,-0.11208470797733751,0.16858553519686997,True Pseudogene
RN7SL778P,Pseudogene,RN7SL,1.391710318420982,0.305000007152557,1.35,0,-0.12732265688030478,-0.023390172595509264,True Pseudogene
RN7SL77P,Pseudogene,RN7SL,0.968779314435048,-0.276500001549721,0.33,0,1.018081487391457,-0.47585632295079633,True Pseudogene
RN7SL782P,Pseudogene,RN7SL,1.3940970622358009,-0.101999998092651,0,0,0.6017017455926598,0.02574931892730796,True Pseudogene
RN7SL783P,Pseudogene,RN7SL,1.5001517461189344,0.30799999833107,0.06,0,-0.2722103043771596,-0.07662717198332188,True Pseudogene
RN7SL784P,Pseudogene,RN7SL,1.4726523382672263,0.261000007390976,1.09,0,0.3528466435347493,1.8775290930708914,True Pseudogene
RN7SL785P,Pseudogene,RN7SL,0.8237379305231971,0.0309999994933605,0.67,0,0.9232545478164578,0.8873248852319501,True Pseudogene
RN7SL786P,Pseudogene,RN7SL,1.177235757195708,0.30799999833107,11.34,0,-0.2765037400895664,-0.11569215770444448,True Pseudogene
RN7SL787P,Pseudogene,RN7SL,2.066934430480067,0.293999999761581,0.09,0.64,-0.8243666886392983,-0.37175156821054073,False Pseudogene
RN7SL788P,Pseudogene,RN7SL,1.2200966404474127,0.30799999833107,4.39,0,-0.3247713446970901,-0.5209577179136844,True Pseudogene
RN7SL789P,Pseudogene,RN7SL,1.2328892166055954,0.291999995708466,0.54,0,0.3020219552734711,-0.303894978473088,True Pseudogene
RN7SL78P,Pseudogene,RN7SL,1.1124859239628233,0.30799999833107,0,0,-0.27782404471225175,-0.028247969073724885,True Pseudogene
RN7SL790P,Pseudogene,RN7SL,1.0023987635527811,0.190500006079674,0.12,0,0.18140396361656422,0.633526652352197,True Pseudogene
RN7SL791P,Pseudogene,RN7SL,1.2834023113015938,-0.130999997258186,0.16,0,0.5838606155444563,-0.5443759240686438,True Pseudogene
RN7SL792P,Pseudogene,RN7SL,1.2754884152625854,0.305999994277954,0.3,0,-0.55008438055675,-0.0726014763286303,True Pseudogene
RN7SL793P,Pseudogene,RN7SL,1.3964120424697015,0.30799999833107,0.68,0,-0.4232596731484903,0.04617304708689991,True Pseudogene
RN7SL794P,Pseudogene,RN7SL,1.2405100977521957,-0.0725000016391277,0.14,0,0.8060649317569941,-0.46421169027999765,True Pseudogene
RN7SL795P,Pseudogene,RN7SL,1.133175181492786,0.305000007152557,0.77,0,-0.16966009799324358,-0.23889179053664766,True Pseudogene
RN7SL796P,Pseudogene,RN7SL,1.122000885664529,-0.123999997973442,0.11,0.01,0.3814264030663617,-0.5928481663380232,True Pseudogene
RN7SL797P,Pseudogene,RN7SL,1.1695044692613294,-0.203999996185303,0.17,0,1.1280215063788974,-0.6094214912592966,True Pseudogene
RN7SL798P,Pseudogene,RN7SL,1.1078043663647514,-0.185000002384186,9.21,0,1.0918434863370907,-0.060466447471020784,True Pseudogene
RN7SL799P,Pseudogene,RN7SL,1.014054563128976,0.033500000834465,0.23,0,0.5199441334176509,0.006093026555499968,True Pseudogene
RN7SL79P,Pseudogene,RN7SL,1.221688565234576,0.30799999833107,0.27,0,-0.21417475815867265,0.4310672649872779,True Pseudogene
RN7SL7P,Pseudogene,RN7SL,1.165579957619513,-0.111000001430511,0.06,0,0.5579936585863838,-0.2952334752275021,True Pseudogene
RN7SL800P,Pseudogene,RN7SL,1.364561107527415,0.30799999833107,6.41,0,-0.5379232821719685,-0.09399629649357562,True Pseudogene
RN7SL801P,Pseudogene,RN7SL,1.1501418124854796,0.214000001549721,9.94,0,-0.15031687156823445,-0.27343915357632026,True Pseudogene
RN7SL802P,Pseudogene,RN7SL,1.277849866580857,0.305000007152557,0,0,-0.3964496226809176,-0.43261072980851906,True Pseudogene
RN7SL803P,Pseudogene,RN7SL,1.0069547764164404,0.305000007152557,0.23,0,0.07179467581566684,0.1332822039366842,True Pseudogene
RN7SL804P,Pseudogene,RN7SL,1.1306125588909273,0.30799999833107,0.32,0,-0.04460360170345132,-0.20582030384272385,True Pseudogene
RN7SL806P,Pseudogene,RN7SL,1.2809806399483663,0.0719999969005585,0.79,0,0.16112078375635577,-0.027245251521218768,True Pseudogene
RN7SL807P,Pseudogene,RN7SL,0.8654333072533837,0.0549999997019768,0,0,0.3708966078061154,0.07397439766050894,True Pseudogene
RN7SL808P,Pseudogene,RN7SL,0.8944949066066,0.30799999833107,0,0,-0.09138469658491842,0.10423497876078805,True Pseudogene
RN7SL809P,Pseudogene,RN7SL,1.321540050265302,0.219999998807907,4.93,0,-0.06797233049795018,-0.3048609194541901,True Pseudogene
RN7SL810P,Pseudogene,RN7SL,1.3214129302142956,0.305000007152557,0.14,0,-0.4622092683572293,-0.08395123258801972,True Pseudogene
RN7SL811P,Pseudogene,RN7SL,1.736714136853074,0.180999994277954,0.34,0,0.31708155585887277,1.6038551359140552,True Pseudogene
RN7SL812P,Pseudogene,RN7SL,1.0955616060435165,0.214000001549721,4.27,0,0.15491324236677884,-0.07398739899341,True Pseudogene
RN7SL813P,Pseudogene,RN7SL,0.8468782716810044,-0.103000000119209,0.07,0,1.175330118413121,-0.048278855042013125,True Pseudogene
RN7SL814P,Pseudogene,RN7SL,1.238856084288526,-0.164000004529953,0.58,0,0.6533850165836873,-0.8906562154512305,True Pseudogene
RN7SL815P,Pseudogene,RN7SL,1.065983159861542,-0.14750000089407,0.26,0,1.086278511896012,-0.7481521285540851,True Pseudogene
RN7SL817P,Pseudogene,RN7SL,1.025143761336884,-0.0319999996572733,0.77,0,0.6621346988897561,-0.1962887106106716,True Pseudogene
RN7SL818P,Pseudogene,RN7SL,0,-0.164000004529953,0,0.39,1.5827051434355899,0.11968917177907866,True Pseudogene
RN7SL819P,Pseudogene,RN7SL,1.19640307205434,0.209000006318092,0,0,0.5706742108949863,0.9942340274723903,True Pseudogene
RN7SL81P,Pseudogene,RN7SL,1.2642746590118163,-0.155000001192093,44.03,0.06,0.6139189910845452,-0.2687700471251126,True Pseudogene
RN7SL820P,Pseudogene,RN7SL,0.7667099199485142,-0.104000002145767,0.18,0,1.2757294223680118,0.21879842830114773,True Pseudogene
RN7SL822P,Pseudogene,RN7SL,1.4081465974484384,-0.115499999374151,0,0,0.33598023890150935,-0.5440412849411482,True Pseudogene
RN7SL823P,Pseudogene,RN7SL,1.0714643149398626,0.294999986886978,0.46,0,0.22357559682261885,0.2145690273139867,True Pseudogene
RN7SL824P,Pseudogene,RN7SL,0.6549225027863445,0.284000009298325,0,0,0.5364296934816677,-0.1352490473315977,True Pseudogene
RN7SL825P,Pseudogene,RN7SL,1.2245306456455574,0.30799999833107,0.2,0,-0.16494872044579417,0.11050432950154501,True Pseudogene
RN7SL826P,Pseudogene,RN7SL,1.1336883948902012,0.305000007152557,0.19,0,-0.1486153125452241,0.06749897695344007,True Pseudogene
RN7SL827P,Pseudogene,RN7SL,1.3025356026398056,0.193000003695488,2.01,0,-0.12444326778787061,-0.41641308725986687,True Pseudogene
RN7SL828P,Pseudogene,RN7SL,1.2953709403590583,0.214000001549721,0,0,0.045057644249573585,0.34974188711216686,True Pseudogene
RN7SL82P,Pseudogene,RN7SL,1.5242048120904617,-0.0189999993890524,0.2,0,-0.016365006719308003,-0.6217766557104177,True Pseudogene
RN7SL831P,Pseudogene,RN7SL,0.6859748628322487,0.30799999833107,0,0,0.03608276605409152,0.2593857551039118,True Pseudogene
RN7SL832P,Pseudogene,RN7SL,0.9276980981595576,0.0489999987185001,0.85,0.01,0.5930684140976481,0.05539995522758189,True Pseudogene
RN7SL833P,Pseudogene,RN7SL,0.9050482121628696,0.214000001549721,2.34,0,0.26132354944644665,0.40858936095396237,True Pseudogene
RN7SL834P,Pseudogene,RN7SL,0.765125808543662,-0.171499997377396,7.06,0,1.0648339272204523,-0.30002766363050276,True Pseudogene
RN7SL835P,Pseudogene,RN7SL,1.4980816600335676,0.199000000953674,0.62,0,0.03347407197134769,2.2004958607757112,True Pseudogene
RN7SL836P,Pseudogene,RN7SL,1.3729429325122275,0.195999994874001,4.3,0,-0.3558023130594036,-0.06813612082413167,True Pseudogene
RN7SL837P,Pseudogene,RN7SL,0.7503573274208404,0.217999994754791,0.07,0,0.23659139514732702,-0.07939428469754209,True Pseudogene
RN7SL838P,Pseudogene,RN7SL,1.4011456426136666,-0.184000000357628,15.21,0,0.8941194492051115,-0.1867258660351909,True Pseudogene
RN7SL83P,Pseudogene,RN7SL,1.111029245798263,-0.216999992728233,0.37,0,1.006009368208837,-0.4333757537701025,True Pseudogene
RN7SL840P,Pseudogene,RN7SL,1.1985773620535298,0.30799999833107,0.08,0,-0.4973917501403375,0.04819368089049124,True Pseudogene
RN7SL841P,Pseudogene,RN7SL,1.1344193351834897,0.347000002861023,0,0,-0.2538874319066505,-0.2014083648966701,True Pseudogene
RN7SL842P,Pseudogene,RN7SL,1.4125274979738336,0.28099998831749,1.09,0,-0.48645946969282117,0.1571817936650508,True Pseudogene
RN7SL843P,Pseudogene,RN7SL,1.0876391564130363,-0.33500000834465,0.05,0,1.0964638142434762,-0.5897294804333206,True Pseudogene
RN7SL845P,Pseudogene,RN7SL,1.0779604987363909,0.305000007152557,0.1,0,0.17430287280816248,0.03616757767985733,True Pseudogene
RN7SL846P,Pseudogene,RN7SL,1.320378556100625,-0.0640000030398369,0.85,0,0.4239183537713673,-0.10241705440433953,True Pseudogene
RN7SL847P,Pseudogene,RN7SL,1.6209331943962024,0.209999993443489,0.21,0,-0.1894096010966999,2.2980812555760126,True Pseudogene
RN7SL849P,Pseudogene,RN7SL,1.7426013034186776,0.305000007152557,0.19,0,-0.8701496562726029,-0.23330914364156138,True Pseudogene
RN7SL850P,Pseudogene,RN7SL,2.124639974981768,0.165000006556511,0,0.59,-0.19744677953623954,0.5884685821861921,False Pseudogene
RN7SL851P,Pseudogene,RN7SL,1.3182978596574488,0.270999997854233,2.44,0,-0.5499467755897175,0.29460286837639643,True Pseudogene
RN7SL853P,Pseudogene,RN7SL,1.7445020926237156,-0.0900000035762787,0.03,0,-0.0804449244591726,-0.5341501811706741,True Pseudogene
RN7SL854P,Pseudogene,RN7SL,1.047915648677448,0.231000006198883,0.17,0,-0.10559104975164894,0.04066038822840943,True Pseudogene
RN7SL856P,Pseudogene,RN7SL,1.177235757195708,-0.151999995112419,0.31,0,0.9536548016478823,-0.6663452396000236,True Pseudogene
RN7SL860P,Pseudogene,RN7SL,1.2616488348439372,0.0520000010728836,0,0,0.29445769868112465,-0.1616160657120276,True Pseudogene
RN7SL861P,Pseudogene,RN7SL,1.4015587771094984,0.30799999833107,5.61,0,-0.46298476276149375,-0.05980865251134432,True Pseudogene
RN7SL862P,Pseudogene,RN7SL,1.1189567593147325,0.305000007152557,0.19,0,0.019235196865453642,-0.026539054056826456,True Pseudogene
RN7SL863P,Pseudogene,RN7SL,0.7627460736179041,-0.0614999998360872,0.38,0,0.8288486867692522,-0.6978733359221843,True Pseudogene
RN7SL864P,Pseudogene,RN7SL,1.267496633212068,0.305000007152557,0.37,0,-0.29982645457751855,0.07584716427081971,True Pseudogene
RN7SL865P,Pseudogene,RN7SL,1.129765597676048,0.305000007152557,0.59,0,-0.21252902566776033,0.16074522977540093,True Pseudogene
RN7SL868P,Pseudogene,RN7SL,1.2609805614114729,-0.177000001072884,0,0,0.8464309223610862,-0.12390890638399484,True Pseudogene
RN7SL869P,Pseudogene,RN7SL,1.088340859094593,0.305000007152557,0,0,-0.28332408878969784,0.02060482825077064,True Pseudogene
RN7SL870P,Pseudogene,RN7SL,0.8331534034903261,0.284000009298325,0.07,0,-0.14244552478965372,-0.18972698693878387,True Pseudogene
RN7SL87P,Pseudogene,RN7SL,1.3507776619968357,-0.0824999995529652,0,0,0.5012686424035346,-0.19392934247489824,True Pseudogene
RN7SL88P,Pseudogene,RN7SL,1.2429994156741064,0.248999997973442,4.09,0,-0.22688043668884772,-0.12779474238378877,True Pseudogene
RN7SL89P,Pseudogene,RN7SL,1.3500957954334851,0.405000001192093,0,0,-0.7870245852655552,0.1962695092432885,True Pseudogene
RN7SL8P,Pseudogene,RN7SL,1.305800102897048,0.211999997496605,1.86,0,-0.18354901827136752,-0.10308356188151067,True Pseudogene
RN7SL91P,Pseudogene,RN7SL,0.7877878558921161,0.0140000004321337,0,0,0.8630236069341046,-0.12626132697559125,True Pseudogene
RN7SL93P,Pseudogene,RN7SL,0.8061198723959662,0.263999998569489,0.7,0,0.024413136992871523,0.1414860756609571,True Pseudogene
RN7SL96P,Pseudogene,RN7SL,2.160153272693576,0.101000003516674,0.39,0.54,0.052548551729622354,2.1919005285602715,False Pseudogene
RN7SL97P,Pseudogene,RN7SL,1.2313825987051896,0.30799999833107,0,0,-0.047590663986272534,-0.026613966759111787,True Pseudogene
RN7SL98P,Pseudogene,RN7SL,1.3893713094824591,-0.0450000017881393,0,0,0.40547655845082153,-0.6403417828393855,True Pseudogene
RNU7-1,Functional,RNU7,5.568511994354301,0.118000000715256,1.53,0.68,-4.952054414451465,-5.871752406169355,True Functional
RNU7-102P,Pseudogene,RNU7,1.1764837701262758,0.0915000028908253,0,0,-5.505518579195728e-4,-0.13555468342251675,True Pseudogene
RNU7-103P,Pseudogene,RNU7,0.7525761259696655,-0.16499999910593,0,0,0.9391494843314728,-0.19211429749679168,True Pseudogene
RNU7-104P,Pseudogene,RNU7,0.7914140370469704,-0.150999993085861,0,0,0.8743867491175666,-0.19551338710969493,True Pseudogene
RNU7-105P,Pseudogene,RNU7,0.7282994767448375,0.0195000004023313,0,0,0.5457118878752061,-0.015436748561271989,True Pseudogene
RNU7-106P,Pseudogene,RNU7,1.5552663912117082,0.347000002861023,0,0,-0.8992825102488218,-0.061256506581194636,True Pseudogene
RNU7-107P,Pseudogene,RNU7,1.3665947306384845,-0.0750000029802322,0,0,0.21016465994935923,-0.36448243199870223,True Pseudogene
RNU7-10P,Pseudogene,RNU7,1.4886121173026348,-0.124000001698732,0,0,0.2987263652109981,-0.37642327231831535,True Pseudogene
RNU7-110P,Pseudogene,RNU7,0.5042073300541183,-0.176500000059605,0,0,1.178101545682252,-0.09989681322200317,True Pseudogene
RNU7-111P,Pseudogene,RNU7,0.9523916234355566,-0.0514999991282821,0,0,0.4393652242461105,-0.10979479511792264,True Pseudogene
RNU7-113P,Pseudogene,RNU7,1.3445528801443154,0.329500004649162,0,0,-0.6791710359611012,0.0099855662521537,True Pseudogene
RNU7-115P,Pseudogene,RNU7,0.9472986201016766,0.157000005245209,0,0,0.20244427373655868,0.3028304441490727,True Pseudogene
RNU7-116P,Pseudogene,RNU7,0.7282994767448375,-0.267000004649162,0,0,1.1890090428001951,-0.2742161462278697,True Pseudogene
RNU7-119P,Pseudogene,RNU7,0.9372742960794368,-0.101999998092651,0,0,0.6391981827237007,-0.21151144911972106,True Pseudogene
RNU7-11P,Pseudogene,RNU7,0.8403455500901972,0.28099998831749,0,0,-0.1376001314402557,0.1744736592853398,True Pseudogene
RNU7-120P,Pseudogene,RNU7,1.0475418603240765,-0.219999998807907,0,0,0.8095284246797979,-0.36364738373927163,True Pseudogene
RNU7-121P,Pseudogene,RNU7,0.7843225134175172,-0.203000001609325,0,0,0.9972311430605939,-0.239552468096473,True Pseudogene
RNU7-123P,Pseudogene,RNU7,1.2156998957971517,-0.256999999284744,0,0,0.8791634419296268,-0.4013014428423149,True Pseudogene
RNU7-124P,Pseudogene,RNU7,1.2325068067989555,0.30799999833107,1.7,0,-0.5347469006927852,0.03685266853526249,True Pseudogene
RNU7-125P,Pseudogene,RNU7,1.456598953489675,0.0900000035762787,0,0,0.11525355094710613,-0.1578758306994796,True Pseudogene
RNU7-126P,Pseudogene,RNU7,1.5126219901623548,0.0870000012218952,0,0,-0.07207605835098996,-0.5987277237488093,True Pseudogene
RNU7-127P,Pseudogene,RNU7,1.0644376967809164,0.189500004053116,0,0,-0.12444731471166569,-7.488993169153116e-4,True Pseudogene
RNU7-128P,Pseudogene,RNU7,1.0084146601082369,-0.160999998450279,0.57,0,0.596242484807612,-0.24295077028824516,True Pseudogene
RNU7-129P,Pseudogene,RNU7,1.3445528801443154,0.293000012636185,0,0,-0.5972152223389942,-0.022982830890653186,True Pseudogene
RNU7-12P,Pseudogene,RNU7,1.6246680635077144,-0.190499998629093,0,0,0.38761680369424517,-0.4642624716354806,True Pseudogene
RNU7-130P,Pseudogene,RNU7,0.6722764400721577,0.30799999833107,0,0,-0.05400146451757625,0.2682930683152214,True Pseudogene
RNU7-133P,Pseudogene,RNU7,1.0084146601082369,-0.255499996244907,0,0,0.9228147384001762,-0.37954852182195387,True Pseudogene
RNU7-134P,Pseudogene,RNU7,1.248263285863147,-0.195499993860722,0,0,0.5822737921033183,-0.42443886579078705,True Pseudogene
RNU7-136P,Pseudogene,RNU7,1.2584885049659955,0.194999992847443,0,0,-0.3033157777113787,-0.0759463012846075,True Pseudogene
RNU7-137P,Pseudogene,RNU7,1.4005759168169951,0.29899999499321,0,0,-0.6587618912479448,-0.0407073208301459,True Pseudogene
RNU7-138P,Pseudogene,RNU7,1.0311740187565128,0.277999997138977,0,0,-0.1931337179434992,-0.4299488994331138,True Pseudogene
RNU7-13P,Pseudogene,RNU7,0.6162534033994779,0.0620000008493662,0.38,0,0.5464328384781575,0.06923876684997639,True Pseudogene
RNU7-140P,Pseudogene,RNU7,1.3893713094824591,0.215000003576279,1.51,0,-0.5672312602252803,-0.026348921491374258,True Pseudogene
RNU7-141P,Pseudogene,RNU7,1.0084146601082369,-0.210500001907349,0,0,0.8217733149496297,-0.33890254896209093,True Pseudogene
RNU7-143P,Pseudogene,RNU7,0.961872445026318,0.214000001549721,0.57,0,-1.4968875470544184e-4,0.13684468136074654,True Pseudogene
RNU7-144P,Pseudogene,RNU7,1.371090108041901,0.291999995708466,0,0,-0.6177419587302446,-0.03484900800926656,True Pseudogene
RNU7-147P,Pseudogene,RNU7,0.6722764400721577,-0.10249999910593,0,0,0.8677209640753124,-0.1024885728920587,True Pseudogene
RNU7-148P,Pseudogene,RNU7,0.6722764400721577,0.30799999833107,0,0,-0.05400146451757625,0.2682930683152214,True Pseudogene
RNU7-149P,Pseudogene,RNU7,1.3540483100888374,0.0480000004172325,0.79,0,0.10505847741483,-0.26474879234195153,True Pseudogene
RNU7-14P,Pseudogene,RNU7,1.120460733453596,0.272000014781952,0,0,-0.3415695422648503,0.21189819192632103,True Pseudogene
RNU7-151P,Pseudogene,RNU7,1.1141185028868776,-0.172999992966652,1.45,0,0.6468652354236958,-0.3486995717041411,True Pseudogene
RNU7-152P,Pseudogene,RNU7,1.0854463355331714,0.326499998569489,0,0,-0.45009028527773737,0.11431654091322967,True Pseudogene
RNU7-153P,Pseudogene,RNU7,1.5686450268350345,-0.238000005483627,0,0,0.4027756969502712,-0.5951811382895547,True Pseudogene
RNU7-154P,Pseudogene,RNU7,1.2325068067989555,-0.160499997437,1.89,0,0.5172066788333142,-0.3863172348270848,True Pseudogene
RNU7-155P,Pseudogene,RNU7,1.2680769888133556,0.30799999833107,0,0,-0.5652701377494306,0.02215912733983884,True Pseudogene
RNU7-156P,Pseudogene,RNU7,1.5958994771082302,-0.0279999990016222,0,0,-0.09213862258858933,-0.41675911483882166,True Pseudogene
RNU7-157P,Pseudogene,RNU7,1.0525540223351963,0.300999999046326,0,0,-0.36460790380782365,0.10487211726710717,True Pseudogene
RNU7-159P,Pseudogene,RNU7,1.2325068067989555,0.30799999833107,0,0,-0.5347466348699167,0.03685369098016027,True Pseudogene
RNU7-160P,Pseudogene,RNU7,0.8403455500901972,-0.283000007271767,0,0,1.1287858585881383,-0.3349559273435312,True Pseudogene
RNU7-161P,Pseudogene,RNU7,0.8403455500901972,-0.0494999997317791,1.26,0,0.6044928592035644,-0.12404921485564441,True Pseudogene
RNU7-164P,Pseudogene,RNU7,0.8403455500901972,0.303000003099442,0,0,-0.18699820008948223,0.19434503964676958,True Pseudogene
RNU7-165P,Pseudogene,RNU7,1.2735903670255877,-0.172499999403954,0,0,0.5088967159337681,-0.41412724834999193,True Pseudogene
RNU7-167P,Pseudogene,RNU7,0.9523916234355566,0.194999992847443,0,0,-0.04064776434495503,0.05050680778107085,True Pseudogene
RNU7-169P,Pseudogene,RNU7,1.195770389308674,-0.119999997317791,0,0,0.4577939550155395,-0.33455836521213733,True Pseudogene
RNU7-170P,Pseudogene,RNU7,1.195770389308674,0.30799999833107,0,0,-0.4019180507298754,-0.007018627307038685,True Pseudogene
RNU7-171P,Pseudogene,RNU7,0.9523916234355566,-0.196999996900558,0.57,0,0.8395353007645062,-0.3035651561336619,True Pseudogene
RNU7-172P,Pseudogene,RNU7,0.868357068426537,0.347000002861023,0,0,-0.3098315289884519,0.2225158045841081,True Pseudogene
RNU7-173P,Pseudogene,RNU7,1.599605126048884,0.305999994277954,0,0,-0.8452704937406957,-0.11660649784453075,True Pseudogene
RNU7-174P,Pseudogene,RNU7,1.1185616474646918,0.0089999996125698,0,0,0.23439625015225202,-0.18614383467437626,True Pseudogene
RNU7-175P,Pseudogene,RNU7,1.138828942198737,0.252000004053116,0,0,-0.3286192964864258,0.024971733830218487,True Pseudogene
RNU7-176P,Pseudogene,RNU7,1.4005759168169951,0.137499995529652,0,0,-0.1060002571825267,-0.14986233803300408,True Pseudogene
RNU7-179P,Pseudogene,RNU7,1.0215965510900435,0.118000000715256,0,0,0.33847617557074816,-0.18632572473676248,True Pseudogene
RNU7-180P,Pseudogene,RNU7,1.433478335180315,-0.0469999983906746,0,0,0.15598210916635674,-0.42077268384924643,True Pseudogene
RNU7-181P,Pseudogene,RNU7,0.938764398298959,0.306500002741814,0,0,-0.2793122102843151,0.15684812417490537,True Pseudogene
RNU7-182P,Pseudogene,RNU7,0.3921612567087586,0.263999998569489,0,0.02,0.28516719103994675,0.34427002317866057,True Pseudogene
RNU7-183P,Pseudogene,RNU7,0.560230366726798,0.30799999833107,0,0,0.0421475695528919,0.3145809437822337,True Pseudogene
RNU7-185P,Pseudogene,RNU7,1.4472617807108952,0.30799999833107,0,0,-0.7190322835049809,-0.05186473699828001,True Pseudogene
RNU7-186P,Pseudogene,RNU7,0.7167391675901575,-0.108000002801418,0.55,0,0.8419160166367107,-0.12582495332381433,True Pseudogene
RNU7-187P,Pseudogene,RNU7,1.1748360337535502,-0.151500001549721,0,0,0.5464871697860217,-0.3543622644443466,True Pseudogene
RNU7-188P,Pseudogene,RNU7,1.3025356026398056,0.30799999833107,0,0,-0.5948397811639595,0.007923768813277483,True Pseudogene
RNU7-18P,Pseudogene,RNU7,1.120460733453596,0.282000005245209,0,0,-0.5007430190831832,0.021324115416957112,True Pseudogene
RNU7-190P,Pseudogene,RNU7,0.8541217066490528,-0.11599999666214,0,0,0.7419882357822004,-0.18980530950711813,True Pseudogene
RNU7-192P,Pseudogene,RNU7,0.9110631537589896,-0.0070000002160668,0,0,0.4483808078465676,-0.11487506817237275,True Pseudogene
RNU7-193P,Pseudogene,RNU7,1.1756218772543887,0.214000001549721,0,0,-0.041742271679894125,-0.4054610173131023,True Pseudogene
RNU7-194P,Pseudogene,RNU7,0.7167391675901575,-0.0700000002980232,0,0,0.7845587757390374,0.07378751027034919,True Pseudogene
RNU7-195P,Pseudogene,RNU7,1.120460733453596,-0.207000002264977,0,0,0.7745272009276012,-0.2087182016706548,True Pseudogene
RNU7-196P,Pseudogene,RNU7,0.8403455500901972,0.30799999833107,0,0,-0.19822501562327852,0.19886125511470304,True Pseudogene
RNU7-197P,Pseudogene,RNU7,1.0644376967809164,0.0604999996721745,0,0.01,0.03243778054752295,-0.07626320459857958,True Pseudogene
RNU7-19P,Pseudogene,RNU7,1.473575631269275,0.28600001335144,0.25,0,-0.6369619507993395,-0.11974682195386761,True Pseudogene
RNU7-200P,Pseudogene,RNU7,0.8963685867628769,-0.105999998748302,0,0,0.6832816734997439,-0.19822567734551352,True Pseudogene
RNU7-20P,Pseudogene,RNU7,1.120460733453596,-0.11599999666214,1.7,0,0.5134369873328094,-0.29983488838999584,True Pseudogene
RNU7-21P,Pseudogene,RNU7,1.2885298434716357,0.264999985694885,0,0.02,-0.5903523734912995,-0.10056466275926523,True Pseudogene
RNU7-22P,Pseudogene,RNU7,1.3096532835285477,0.279000014066696,0,0,-0.5358320522850806,-0.021210709986846862,True Pseudogene
RNU7-23P,Pseudogene,RNU7,1.456598953489675,0.30799999833107,0,0,-0.7270447030108532,-0.05572205995386434,True Pseudogene
RNU7-24P,Pseudogene,RNU7,1.120460733453596,0.0010000000474974,0,0,0.25072952651527153,-0.19415432618358183,True Pseudogene
RNU7-25P,Pseudogene,RNU7,1.0644376967809164,0.30799999833107,0.24,0.01,-0.39052312129214906,0.10628535983551647,True Pseudogene
RNU7-26P,Pseudogene,RNU7,1.157809424568716,0.271500006318092,0,0,-0.3886914652008288,0.034743877482027216,True Pseudogene
RNU7-27P,Pseudogene,RNU7,1.5686450268350345,-0.488999992609024,0,0,0.9663623453168421,-0.8218953593624645,True Pseudogene
RNU7-28P,Pseudogene,RNU7,1.456598953489675,-0.12899999320507,0,0,0.25417989140727465,-0.45043966063839247,True Pseudogene
RNU7-29P,Pseudogene,RNU7,0.7055401180965614,-0.24099999666214,0,0,1.1501598009612053,-0.24132957147973313,True Pseudogene
RNU7-2P,Pseudogene,RNU7,0.7843225134175172,-0.266999989748001,0,0,1.1409344923064118,-0.29736007050199215,True Pseudogene
RNU7-30P,Pseudogene,RNU7,0.9523916234355566,0.294999986886978,0,0,-0.26518427577219406,0.14083119789604873,True Pseudogene
RNU7-34P,Pseudogene,RNU7,1.3025356026398056,0.347000002861023,0,0,-0.682409036011516,0.04315028714943557,True Pseudogene
RNU7-35P,Pseudogene,RNU7,1.1764837701262758,0.305000007152557,0,0,-0.47993604189782313,0.0572879048166592,True Pseudogene
RNU7-37P,Pseudogene,RNU7,0.8104665971981012,0.305000007152557,0,0,-0.27279905060516335,0.13953116445631386,True Pseudogene
RNU7-38P,Pseudogene,RNU7,1.3314808382540235,0.327500000596046,0,0,-0.5998023456023078,0.03309411008291706,True Pseudogene
RNU7-3P,Pseudogene,RNU7,1.4005759168169951,-0.0105000003241002,2.38,0,0.036178270374683415,-0.32026275209196686,True Pseudogene
RNU7-40P,Pseudogene,RNU7,1.3025356026398056,0.319999992847443,4.76,0,-0.8556299709558356,0.029265244338339755,True Pseudogene
RNU7-41P,Pseudogene,RNU7,1.138828942198737,-0.200000002980232,0,0.01,0.5987126476494107,-0.3925514767901058,True Pseudogene
RNU7-43P,Pseudogene,RNU7,1.248263285863147,0.30799999833107,0,0,-0.5144370289755595,0.19585354293012722,True Pseudogene
RNU7-45P,Pseudogene,RNU7,0.6616053854678376,0.305000007152557,0,0,0.03005511992893955,0.530023856400259,True Pseudogene
RNU7-46P,Pseudogene,RNU7,0.6722764400721577,0.306500002741814,0,0,-0.050633426549147646,0.2669382063667183,True Pseudogene
RNU7-47P,Pseudogene,RNU7,0.9523916234355566,0.305000007152557,0,0,-0.28763797375688693,0.1498636557506837,True Pseudogene
RNU7-48P,Pseudogene,RNU7,1.3232107709356753,0.282000005245209,0,0,-0.6510886372383485,-0.012344025480795067,True Pseudogene
RNU7-49P,Pseudogene,RNU7,1.6246680635077144,-0.151999995112419,0,0,0.06124597356988216,-0.5210649043679237,True Pseudogene
RNU7-4P,Pseudogene,RNU7,0.8403455500901972,-0.143500000238419,0,0,0.6114714307475676,-0.21388215672377828,True Pseudogene
RNU7-50P,Pseudogene,RNU7,1.4005759168169951,-0.140000000596046,0,0,0.2259613250084886,-0.4162098691719691,True Pseudogene
RNU7-51P,Pseudogene,RNU7,1.2325068067989555,0.284000009298325,0,0,-0.48085789354085134,0.015175845966571384,True Pseudogene
RNU7-52P,Pseudogene,RNU7,1.1026756424463962,-0.389500007033348,0,0,1.266833748442052,-0.2793862308633457,True Pseudogene
RNU7-53P,Pseudogene,RNU7,1.3893713094824591,-0.25900000333786,0,0,0.603766816855228,-0.5400886586589178,True Pseudogene
RNU7-54P,Pseudogene,RNU7,0.7282994767448375,-0.217999994754791,0,0,1.0789861234264946,-0.22995718349646024,True Pseudogene
RNU7-55P,Pseudogene,RNU7,1.2885298434716357,0.0070000002160668,0,0,0.09303378354242971,-0.2581666755019171,True Pseudogene
RNU7-56P,Pseudogene,RNU7,0.4481842933814384,0.194999992847443,0,0,0.6133827903746205,-0.1837168779874712,True Pseudogene
RNU7-57P,Pseudogene,RNU7,0.6946856547412297,0.30799999833107,4.18,0,-0.07323192494319385,0.2590329792102467,True Pseudogene
RNU7-59P,Pseudogene,RNU7,1.138828942198737,0.152999997138977,0,0,-0.10632812139910484,-0.06444942395868036,True Pseudogene
RNU7-60P,Pseudogene,RNU7,1.2885298434716357,-0.177000001072884,0,0,0.5061809920882095,-0.42436356438382083,True Pseudogene
RNU7-61P,Pseudogene,RNU7,1.138828942198737,-0.166999995708466,0,0.01,0.48057167329937284,-0.47022062319423996,True Pseudogene
RNU7-62P,Pseudogene,RNU7,0.9523916234355566,0.217999994754791,0,0,-0.0922911693340998,0.07128142046857973,True Pseudogene
RNU7-63P,Pseudogene,RNU7,1.456598953489675,0.30799999833107,0,0,-0.7270447030108532,-0.05572205995386434,True Pseudogene
RNU7-65P,Pseudogene,RNU7,0.7843225134175172,0.257999999448657,0,0,-0.03788223869210521,0.17684299610829696,True Pseudogene
RNU7-66P,Pseudogene,RNU7,1.5686450268350345,0.300999999046326,0,0,-0.8074761819505859,-0.10833264245973706,True Pseudogene
RNU7-67P,Pseudogene,RNU7,1.3445528801443154,0.303000003099442,0,0,-0.5072050904078306,0.03592095520057555,True Pseudogene
RNU7-69P,Pseudogene,RNU7,0.8403455500901972,0.218500003218651,0,0,0.24142534517941383,0.3125563885153145,True Pseudogene
RNU7-6P,Pseudogene,RNU7,0.7843225134175172,0.214000001549721,0,0,0.10056998905430008,0.21071935188456214,True Pseudogene
RNU7-70P,Pseudogene,RNU7,1.157809424568716,-0.0729999989271164,0,0,0.3848368745493039,-0.276423669748807,True Pseudogene
RNU7-71P,Pseudogene,RNU7,1.2735903670255877,-0.189500004053116,0,0,0.5470679355906473,-0.42948239978410396,True Pseudogene
RNU7-73P,Pseudogene,RNU7,0.9372742960794368,0.30799999833107,0,0,-0.2814015609699532,0.15881856919482737,True Pseudogene
RNU7-74P,Pseudogene,RNU7,1.2325068067989555,0.28099998831749,0,0,-0.47412175068689383,0.012466095150797064,True Pseudogene
RNU7-75P,Pseudogene,RNU7,1.6806911001803944,-0.280000001192093,1.4,0,0.40093177475126823,-0.6794060980031775,True Pseudogene
RNU7-77P,Pseudogene,RNU7,1.8524950793099453,0.214000001549721,0.68,0.05,-0.855707070294014,-0.30417789111018084,True Pseudogene
RNU7-79P,Pseudogene,RNU7,1.2325068067989555,-0.0665000006556511,0,0,0.3061426482708242,-0.3014111692473527,True Pseudogene
RNU7-7P,Pseudogene,RNU7,1.0644376967809164,-0.22350000590086,0,0,0.8028885551066726,-0.3737886617175469,True Pseudogene
RNU7-80P,Pseudogene,RNU7,1.594360519078232,-0.256000012159348,0,0,0.42112529497961254,-0.6220629823376257,True Pseudogene
RNU7-81P,Pseudogene,RNU7,1.628169503299757,0.0135000012814999,0,0,-0.21301285248865603,-0.39260571134153444,True Pseudogene
RNU7-82P,Pseudogene,RNU7,1.2325068067989555,-0.0270000007003546,0,0,0.21745072107098923,-0.26573303306573176,True Pseudogene
RNU7-84P,Pseudogene,RNU7,0.8963685867628769,0.0640000030398369,2.9,0,0.30156912384405626,-0.04467594755325169,True Pseudogene
RNU7-85P,Pseudogene,RNU7,1.0475418603240765,-0.172999992966652,0.55,0,0.7039961589015206,-0.3211952433697857,True Pseudogene
RNU7-87P,Pseudogene,RNU7,1.456598953489675,-0.200499996542931,0,0,0.4147235141416136,-0.5150216064348885,True Pseudogene
RNU7-88P,Pseudogene,RNU7,0.9924080782017566,0.30799999833107,0,0,-0.3287129904331994,0.1360419955523293,True Pseudogene
RNU7-8P,Pseudogene,RNU7,1.1764837701262758,0.252999991178513,0,0,-0.36317701312871664,0.010319204728859955,True Pseudogene
RNU7-90P,Pseudogene,RNU7,1.3445528801443154,0.140000000596046,0,0,-0.25367431234417437,-0.16117916687889577,True Pseudogene
RNU7-92P,Pseudogene,RNU7,1.279684100839107,-0.033500000834465,0,0,0.19156179166566428,-0.29109375066986787,True Pseudogene
RNU7-93P,Pseudogene,RNU7,1.537419071968295,-0.168999999761581,0,0,0.2746411144287006,-0.5199574005067115,True Pseudogene
RNU7-94P,Pseudogene,RNU7,0.9372742960794368,0.347000002861023,0,0,-0.457598490374095,0.1354533664070038,True Pseudogene
RNU7-95P,Pseudogene,RNU7,1.0854463355331714,-0.0024999999441206,0,0,0.2886348780118451,-0.18285071893502522,True Pseudogene
RNU7-96P,Pseudogene,RNU7,0.868357068426537,0.30799999833107,4.76,0,-0.22226301844492746,0.18728642340223617,True Pseudogene
RNU7-97P,Pseudogene,RNU7,0.9523916234355566,0.319000005722046,0,0,-0.30145525638878906,0.18881172870265198,True Pseudogene
RNU7-99P,Pseudogene,RNU7,1.8487602101984333,0.185000006109476,0,0,-0.7873864142057417,-0.32882862352604914,True Pseudogene
RNU7-9P,Pseudogene,RNU7,0.7282994767448375,-0.0399999991059303,0,0,0.6793111190334166,-0.0691797634388577,True Pseudogene
RN7SK,Functional,RN7SK,3.3251721888528367,0.194999992847443,344.31,0.83,-6.383105246856806,-16.01695128958686,True Functional
RN7SKP1,Pseudogene,RN7SK,1.2106085514220124,0.211999997496605,0.16,0.09,-1.2742685383258068,-6.945000464080155,True Pseudogene
RN7SKP10,Pseudogene,RN7SK,1.3786838378710558,0.239999994635582,0,0,-0.32814389915410447,-0.5305859931958639,True Pseudogene
RN7SKP100,Pseudogene,RN7SK,1.1985773620535298,0.281000003218651,0,0,-0.08373436123680383,0.13597499330897161,True Pseudogene
RN7SKP101,Pseudogene,RN7SK,1.2591177492184786,0.173499993979931,0,0,-0.25558039482141875,-0.09562599531918964,True Pseudogene
RN7SKP102,Pseudogene,RN7SK,1.1137023988708603,0.214000001549721,1.53,0,0.1788257157835963,0.10027549926423607,True Pseudogene
RN7SKP103,Pseudogene,RN7SK,0.8575026050712053,0.0425000004470348,5.1,0,0.7998856571893149,0.10198353844275328,True Pseudogene
RN7SKP104,Pseudogene,RN7SK,1.016613153279848,0.034000001847744,0,0,0.6132589248160715,-0.03969402624190363,True Pseudogene
RN7SKP105,Pseudogene,RN7SK,0.8075167642692638,-0.0830000005662441,0,0,0.7078838484788873,-0.14074507760474197,True Pseudogene
RN7SKP106,Pseudogene,RN7SK,1.2131459044194266,0.305000007152557,3.45,0,-0.17591991533720486,0.09245289302834822,True Pseudogene
RN7SKP107,Pseudogene,RN7SK,1.1618018708603324,0.0049999998882412,0,0,0.607303812259577,-0.0993543145213332,True Pseudogene
RN7SKP108,Pseudogene,RN7SK,1.238997280559815,0.300499990582466,0.06,0,-0.21969066829075132,0.09109201790380447,True Pseudogene
RN7SKP109,Pseudogene,RN7SK,1.319023395078284,0.211999997496605,0,0,-0.06618859614313753,-0.033413943081627186,True Pseudogene
RN7SKP11,Pseudogene,RN7SK,1.1860486788264897,0.305000007152557,3.86,0,-0.33945270712927783,-0.7300518052828013,True Pseudogene
RN7SKP110,Pseudogene,RN7SK,1.0968720864335204,-0.034000001847744,4.49,0,0.7124777927772061,-0.14114555071047058,True Pseudogene
RN7SKP111,Pseudogene,RN7SK,1.7815739116057367,0.211999997496605,0.22,0,-0.2828004977208121,-0.10678148453461533,True Pseudogene
RN7SKP112,Pseudogene,RN7SK,0.8192047815344689,0.211999997496605,0.69,0,0.3455139345077325,0.2048072442989436,True Pseudogene
RN7SKP113,Pseudogene,RN7SK,0.8242033191845097,0.207000002264977,0,0,0.5191620448757849,0.24060441054073542,True Pseudogene
RN7SKP114,Pseudogene,RN7SK,1.419250262374555,-0.195999994874001,0.28,0,0.7035752146410325,-0.4073601902053877,True Pseudogene
RN7SKP115,Pseudogene,RN7SK,1.303905251012718,0.305000007152557,2.73,0,-0.16587412018241698,0.1221520935242249,True Pseudogene
RN7SKP116,Pseudogene,RN7SK,1.0997374785088432,0.0430000014603138,5.29,0,0.5367606304055853,-0.05969613626011435,True Pseudogene
RN7SKP117,Pseudogene,RN7SK,1.486732556548465,0.30799999833107,0.05,0,-0.547214351661761,-0.35157283615974827,True Pseudogene
RN7SKP118,Pseudogene,RN7SK,1.3051669876956435,0.266999989748001,1.19,0,-0.03877756787428947,0.12706421491900732,True Pseudogene
RN7SKP119,Pseudogene,RN7SK,1.5267816587719332,-0.10700000077486,0.46,0,0.6263172597711598,-0.33119192350547594,True Pseudogene
RN7SKP12,Pseudogene,RN7SK,0.6558221216088531,0.734000027179718,0,0.46,-0.8020764070952106,0.7981919347055428,True Pseudogene
RN7SKP120,Pseudogene,RN7SK,1.5584590201672746,0.30799999833107,0,0,-0.5162901193002641,-0.023195295820358237,True Pseudogene
RN7SKP121,Pseudogene,RN7SK,1.56019565081227,-0.164000004529953,0,0,0.471869722659149,-0.47039602980982625,True Pseudogene
RN7SKP122,Pseudogene,RN7SK,1.1969246078311726,-0.0449999999254942,0,0,0.2884011086707931,-0.26729189553568605,True Pseudogene
RN7SKP123,Pseudogene,RN7SK,0.7877878558921161,0.734000027179718,0,0.4,-0.6812561706046807,1.2594325245161555,True Pseudogene
RN7SKP124,Pseudogene,RN7SK,1.1000887201180762,0.284000009298325,3.12,0,0.1881800948708961,0.2242508028890577,True Pseudogene
RN7SKP125,Pseudogene,RN7SK,1.3571673387328658,-0.113000001758337,0,0,0.6270144607481379,-0.31427877552981276,True Pseudogene
RN7SKP126,Pseudogene,RN7SK,0.648373277758481,-0.0749999992549419,0.23,0,1.0539834722079162,0.004118486242876716,True Pseudogene
RN7SKP127,Pseudogene,RN7SK,1.2755527558807889,0.30799999833107,1.2,0,0.04320161510931518,0.17153722614409248,True Pseudogene
RN7SKP128,Pseudogene,RN7SK,1.10049212632274,-0.0649999976158142,0.08,0,0.8228723728786099,-0.11721958835186871,True Pseudogene
RN7SKP129,Pseudogene,RN7SK,1.2429994156741064,0.214000001549721,0,0,-0.037414843801700216,0.029849753142932197,True Pseudogene
RN7SKP13,Pseudogene,RN7SK,0.7260034506516949,-0.0810000002384186,0,0,1.0167126104381925,-0.3857755231987405,True Pseudogene
RN7SKP130,Pseudogene,RN7SK,1.2924384274255434,0.303999990224838,0.74,0,-0.0662217908438934,0.1577383917175941,True Pseudogene
RN7SKP131,Pseudogene,RN7SK,0.5539021831823757,0.322500005364418,0.48,0,0.5047558832865021,0.497247935182594,True Pseudogene
RN7SKP132,Pseudogene,RN7SK,1.2524380794613514,-0.0810000002384186,0,0,0.32159700948630304,-0.3227421071422266,True Pseudogene
RN7SKP133,Pseudogene,RN7SK,1.2565637578407536,0.305000007152557,0.58,0,-0.39235934688638874,-0.03198565523291931,True Pseudogene
RN7SKP134,Pseudogene,RN7SK,1.2525001581765665,-0.127000004053116,2.31,0,0.8196148994342648,-0.24098629693196794,True Pseudogene
RN7SKP135,Pseudogene,RN7SK,1.25155917554594,-0.162000000476837,0,0,0.5042258005980778,-0.3955417796195766,True Pseudogene
RN7SKP136,Pseudogene,RN7SK,1.2620122727799006,0.208499997854233,0,0,-0.08729229688371919,0.020124764196188846,True Pseudogene
RN7SKP137,Pseudogene,RN7SK,1.267179044479116,-0.0439999997615814,3.35,0,0.6403664510944679,-0.1815867885349383,True Pseudogene
RN7SKP139,Pseudogene,RN7SK,1.2091798085939491,0.305000007152557,1.14,0,0.03733558440956323,0.22045988389881466,True Pseudogene
RN7SKP14,Pseudogene,RN7SK,1.1930012003914734,0.30799999833107,0,0,-0.3582830832495797,-0.8571415818228512,True Pseudogene
RN7SKP140,Pseudogene,RN7SK,0.9295089746537578,0.277999997138977,0,0,0.1416653415808802,0.40871663986452955,True Pseudogene
RN7SKP141,Pseudogene,RN7SK,0.6885198057346507,0.037499999627471,0,0,0.5394310668901262,0.01725520718317243,True Pseudogene
RN7SKP142,Pseudogene,RN7SK,1.3660739247197962,0.28099998831749,0.15,0,-0.33033563126934395,-0.0043802367102435775,True Pseudogene
RN7SKP143,Pseudogene,RN7SK,1.2100975921298838,0.30799999833107,0,0,-0.058285963332219685,0.24869376933074788,True Pseudogene
RN7SKP144,Pseudogene,RN7SK,0.9586164052880768,-0.180000007152557,0.23,0,1.0779513418483264,-0.2581712078142108,True Pseudogene
RN7SKP145,Pseudogene,RN7SK,1.1119555859719352,0.305000007152557,0,0,0.08896432430390377,0.22984597321822497,True Pseudogene
RN7SKP146,Pseudogene,RN7SK,1.112744985887898,0.229000002145767,0,0,-0.08840678513141204,0.022878151744768132,True Pseudogene
RN7SKP147,Pseudogene,RN7SK,1.0818874950888002,-0.0899999998509884,0,0,0.48815825100404936,-0.26041435575299393,True Pseudogene
RN7SKP148,Pseudogene,RN7SK,1.4777858473586158,0.305000007152557,0,0,-0.3988569039599876,0.01131361835838888,True Pseudogene
RN7SKP149,Pseudogene,RN7SK,1.019814696640468,0.300999999046326,0,0,0.024473787398074837,0.19247959872803153,True Pseudogene
RN7SKP15,Pseudogene,RN7SK,1.0903642153705384,-0.258000001311302,0,0,1.080010797713716,-1.295557003603833,True Pseudogene
RN7SKP150,Pseudogene,RN7SK,1.4283256452623412,0.195999994874001,0.75,0,-0.026724418229817942,-0.1104367552260176,True Pseudogene
RN7SKP151,Pseudogene,RN7SK,1.2420803636987177,0.305000007152557,3.39,0,-0.05525040865669111,0.2903873762232041,True Pseudogene
RN7SKP152,Pseudogene,RN7SK,0.7498194368635495,0.305000007152557,0.14,0,0.2213939807846506,0.3278629624208489,True Pseudogene
RN7SKP153,Pseudogene,RN7SK,1.3629908415808936,0.206000000238419,0.17,0,0.1459152943342624,0.03975328631540257,True Pseudogene
RN7SKP154,Pseudogene,RN7SK,0.8743457378639614,0.305000007152557,5,0,0.1473188827752898,0.2546631697320631,True Pseudogene
RN7SKP155,Pseudogene,RN7SK,1.2422330284435184,-0.0689999982714653,0.2,0,0.3034097544458268,-0.30768744201435505,True Pseudogene
RN7SKP156,Pseudogene,RN7SK,0.9242162950504664,-0.258000001311302,0,0,1.1663027347132953,-0.31303912539144163,True Pseudogene
RN7SKP157,Pseudogene,RN7SK,1.0100039661131353,0.110999997705221,0,0,0.09852457246717346,-0.04916618339307266,True Pseudogene
RN7SKP158,Pseudogene,RN7SK,1.2785625547384594,0.211999997496605,0,0,-0.0132959378286329,0.034060453786145896,True Pseudogene
RN7SKP159,Pseudogene,RN7SK,2.105468508376672,-0.178000003099442,0,0.39,0.23012276032190626,-0.6455302651899238,True Pseudogene
RN7SKP16,Pseudogene,RN7SK,1.2546162326430232,0.211999997496605,9.3,0,-0.05024566903322995,-0.41831684319744405,True Pseudogene
RN7SKP160,Pseudogene,RN7SK,1.2463477923298532,0.293000012636185,1.23,0,0.055285233024727945,0.281353328448363,True Pseudogene
RN7SKP161,Pseudogene,RN7SK,1.2868767046845728,0.204999998211861,0.65,0,0.11666630945913257,0.03913691452401919,True Pseudogene
RN7SKP162,Pseudogene,RN7SK,1.3490996773235475,-0.109999999403954,0,0,0.7916142410131288,-0.2226917804088297,True Pseudogene
RN7SKP163,Pseudogene,RN7SK,1.2735903670255877,0.30799999833107,0.73,0,-0.06199937949638182,0.16791125019476322,True Pseudogene
RN7SKP164,Pseudogene,RN7SK,1.031582081288668,-0.12899999320507,0,0,0.6188955883136743,-0.2748589600887106,True Pseudogene
RN7SKP165,Pseudogene,RN7SK,0.868357068426537,0.238000005483627,0.12,0,0.4890352304388989,0.2867271783417915,True Pseudogene
RN7SKP166,Pseudogene,RN7SK,1.4235361777484214,0.277999997138977,0.21,0,-0.38762744274329336,-0.025875338090346953,True Pseudogene
RN7SKP167,Pseudogene,RN7SK,1.1212470216875987,-0.129999995231628,0,0,0.8271831592750668,-0.24005374267095853,True Pseudogene
RN7SKP168,Pseudogene,RN7SK,1.0999189533402802,0.0150000005960464,0,0,0.5518316189179093,-0.07385389962185965,True Pseudogene
RN7SKP169,Pseudogene,RN7SK,1.312979759820193,-0.0430000014603138,0,0,0.6180946355409065,-0.20046524001764512,True Pseudogene
RN7SKP17,Pseudogene,RN7SK,1.2369758809494829,-0.0195000004023314,0,0.01,0.22218964459376495,-1.2327683978169386,True Pseudogene
RN7SKP170,Pseudogene,RN7SK,1.3343047636798009,0.146999999880791,0.67,0,-0.09054622642323334,-0.12755257231912784,True Pseudogene
RN7SKP171,Pseudogene,RN7SK,1.1348825052703255,0.305000007152557,0,0,0.07324917610112107,0.2264209886406465,True Pseudogene
RN7SKP172,Pseudogene,RN7SK,1.3520727508386348,-0.0195000004023314,0.32,0,0.525528752159359,-0.21561765203298452,True Pseudogene
RN7SKP173,Pseudogene,RN7SK,1.2239699631155,0.214000001549721,2.29,0,0.163633425666931,0.0787016467494918,True Pseudogene
RN7SKP174,Pseudogene,RN7SK,1.242013746355532,0.146999999880791,0,0,0.1576493422862033,-0.02100391828280012,True Pseudogene
RN7SKP175,Pseudogene,RN7SK,1.286009776078055,0.280000001192093,1.46,0,-0.01290125940940623,0.14061461249485124,True Pseudogene
RN7SKP176,Pseudogene,RN7SK,2.053473319046402,0.0850000008940697,2.99,0.44,-0.19611279617942903,-0.34589813932226776,True Pseudogene
RN7SKP177,Pseudogene,RN7SK,1.2426067345371292,0.263000011444092,0.15,0,-0.293413209933298,0.10597798939588148,True Pseudogene
RN7SKP178,Pseudogene,RN7SK,0.8657176852398303,0.30799999833107,0,0,0.04955007260623833,-0.23031584090326504,True Pseudogene
RN7SKP179,Pseudogene,RN7SK,0.576236948633278,0.0509999990463257,0.08,0,0.6054708479051855,0.07583464624334448,True Pseudogene
RN7SKP18,Pseudogene,RN7SK,1.1241276958539896,0.197999998927116,0,0,0.05046567484930956,-0.261231621338807,True Pseudogene
RN7SKP180,Pseudogene,RN7SK,1.2630648268022358,0.164000004529953,1.04,0,0.2148341679065257,0.019259258792959356,True Pseudogene
RN7SKP181,Pseudogene,RN7SK,1.198112917196108,0.197999998927116,0,0,0.02488138470709571,0.011278319012380687,True Pseudogene
RN7SKP182,Pseudogene,RN7SK,1.2937937529576593,0.30799999833107,0,0,-0.3947078734473779,0.07344037072740771,True Pseudogene
RN7SKP183,Pseudogene,RN7SK,0.9005184413312235,0.593999981880188,0,0.43,-0.6533365645082054,0.4514993923668264,True Pseudogene
RN7SKP184,Pseudogene,RN7SK,1.2412551488619568,0.305000007152557,2.11,0,-0.08349328968082848,0.16867627982371705,True Pseudogene
RN7SKP185,Pseudogene,RN7SK,1.1826703631330748,0.282000005245209,1.05,0,0.04366953799530395,0.1692960680990876,True Pseudogene
RN7SKP186,Pseudogene,RN7SK,0.985857529830788,-0.0990000031888485,0.88,0,0.9433207008737192,-0.1494520822408488,True Pseudogene
RN7SKP187,Pseudogene,RN7SK,1.17886050501542,0.305000007152557,1.62,0,0.12767248786095015,0.42651418843834965,True Pseudogene
RN7SKP188,Pseudogene,RN7SK,1.523048990678721,0.122000001370907,0,0,0.07616110363555535,-0.09927942465188565,True Pseudogene
RN7SKP189,Pseudogene,RN7SK,0.9157219994316208,-0.104499999433756,0.12,0,1.031975034998895,-0.09231911115580252,True Pseudogene
RN7SKP19,Pseudogene,RN7SK,1.3369942164662554,0.30799999833107,0,0,-0.5090972087284757,-0.49969718508388655,True Pseudogene
RN7SKP190,Pseudogene,RN7SK,1.639555304022133,-0.0115000000223517,2.19,0,-0.1666494499709544,-0.41989176973498576,True Pseudogene
RN7SKP191,Pseudogene,RN7SK,1.2713201524676097,0.107999999076128,0.2,0,0.18239040617264227,-0.08389821053950769,True Pseudogene
RN7SKP192,Pseudogene,RN7SK,1.2002978438189442,0.164000004529953,0.14,0,0.24812408699391492,0.2988580357339899,True Pseudogene
RN7SKP193,Pseudogene,RN7SK,1.123756206199048,0.296999990940094,0.37,0,0.32149122274056025,0.5815284926970214,True Pseudogene
RN7SKP194,Pseudogene,RN7SK,0.8510394060932442,0.003000000026077,0,0,0.857391866299842,-0.007952625220903764,True Pseudogene
RN7SKP195,Pseudogene,RN7SK,0.9400036912340072,-0.046000000089407,4.1,0,0.511114942237537,-0.16205980849112595,True Pseudogene
RN7SKP196,Pseudogene,RN7SK,1.2886922290851797,0.0579999983310699,0,0,-0.02161918630468956,-0.2121683193776643,True Pseudogene
RN7SKP197,Pseudogene,RN7SK,1.1811995139539426,0.0670000016689301,0.32,0,0.05041417290892986,-0.1596324967904525,True Pseudogene
RN7SKP198,Pseudogene,RN7SK,1.0329476238799329,0.30799999833107,1.35,0,0.15854441749449924,0.24665428841224038,True Pseudogene
RN7SKP199,Pseudogene,RN7SK,1.4235361777484214,-0.182499997317791,0,0,0.7136973357225481,-0.40960028855475566,True Pseudogene
RN7SKP2,Pseudogene,RN7SK,0.9799640897603552,0.194999992847443,0.22,0.07,-1.979179650326922,-4.181495525457679,True Pseudogene
RN7SKP20,Pseudogene,RN7SK,0.8100966900337023,0.200499996542931,0.09,0,0.3555187516258853,-0.6630112632414008,True Pseudogene
RN7SKP200,Pseudogene,RN7SK,0.7706668982285516,-0.214000001549721,0,0,1.4654458002045898,-0.11846403350809133,True Pseudogene
RN7SKP202,Pseudogene,RN7SK,1.1367583441220122,0.200499996542931,0.65,0,0.11559896959955135,0.0480987617264995,True Pseudogene
RN7SKP204,Pseudogene,RN7SK,1.2997344508061717,0.214000001549721,0.46,0,0.011536692428206454,0.007029196686516872,True Pseudogene
RN7SKP205,Pseudogene,RN7SK,1.086153466696385,0.178000003099442,0,0,0.2009462471653008,0.02748464720649616,True Pseudogene
RN7SKP206,Pseudogene,RN7SK,1.3277268486521796,0.305000007152557,0,0,-0.19029838545904093,0.12390245489407697,True Pseudogene
RN7SKP207,Pseudogene,RN7SK,1.5475670526413532,0.305000007152557,0,0,-0.2880655558901346,0.09267291835719858,True Pseudogene
RN7SKP208,Pseudogene,RN7SK,1.366279265557543,-0.078999999910593,0,0,0.6075709676480421,-0.2517827971803385,True Pseudogene
RN7SKP209,Pseudogene,RN7SK,0.9597630756293304,-0.0095000001601874,0,0,0.41220381884567986,-0.13725182966295535,True Pseudogene
RN7SKP21,Pseudogene,RN7SK,1.0736051027819002,0.10700000077486,0,0,0.21320804165075102,-0.7135094172956497,True Pseudogene
RN7SKP210,Pseudogene,RN7SK,0.9581871099879028,-0.0179999992251396,0,0,0.4326417898016069,-0.14427834792602656,True Pseudogene
RN7SKP211,Pseudogene,RN7SK,1.2460234759644278,0.305000007152557,0,0,-0.09487070357528037,0.14605264116863914,True Pseudogene
RN7SKP212,Pseudogene,RN7SK,0.7624598649598862,0.305000007152557,0.04,0,0.2303652505424818,0.3264139733479142,True Pseudogene
RN7SKP213,Pseudogene,RN7SK,0.8858407677908298,0.214000001549721,0.01,0,0.6297222259254319,0.018316670903193173,True Pseudogene
RN7SKP214,Pseudogene,RN7SK,1.356291040209067,0.284000009298325,0.49,0,-0.0871213848324316,0.09551227237544699,True Pseudogene
RN7SKP216,Pseudogene,RN7SK,1.3136683855683509,0.0755000002682209,0.18,0,0.3420427069631969,-0.07553359143937473,True Pseudogene
RN7SKP217,Pseudogene,RN7SK,1.2259158613080523,0.222000002861023,0.19,0,0.04238299382969041,0.08286317388835858,True Pseudogene
RN7SKP218,Pseudogene,RN7SK,1.2846926491789863,0.30799999833107,0,0,-0.30610889833078736,0.08409478882884873,True Pseudogene
RN7SKP219,Pseudogene,RN7SK,1.2086591628099097,0.10700000077486,0.13,0,-0.06296409329356732,-0.13484660861940917,True Pseudogene
RN7SKP22,Pseudogene,RN7SK,1.161760992570657,0.194000005722046,7.95,0,-0.08948355926083339,-0.545393776104768,True Pseudogene
RN7SKP220,Pseudogene,RN7SK,1.1698699394079737,-0.0874999985098839,0,0,0.6526068182762883,-0.22838479493963998,True Pseudogene
RN7SKP221,Pseudogene,RN7SK,0.8077740171409646,0.307000011205673,0.94,0,0.23461326892233347,0.34240202430514544,True Pseudogene
RN7SKP222,Pseudogene,RN7SK,1.2019164502665718,0.146999999880791,0,0,0.11011042121011382,-0.025046623816935606,True Pseudogene
RN7SKP223,Pseudogene,RN7SK,1.2885298434716357,0.284000009298325,0,0,-0.10148430900676444,0.1288531137217223,True Pseudogene
RN7SKP224,Pseudogene,RN7SK,1.325246479814038,0.28099998831749,0.62,0,0.1675756842797467,0.6220466367814543,True Pseudogene
RN7SKP225,Pseudogene,RN7SK,1.016372477817424,0.30799999833107,0.35,0,0.03600231228473891,0.23672541914344897,True Pseudogene
RN7SKP226,Pseudogene,RN7SK,1.4356836864652078,0.305000007152557,0.37,0,-0.2795803899371339,0.027752054115000438,True Pseudogene
RN7SKP227,Pseudogene,RN7SK,1.1999115854621238,0.187999993562698,2.9,0,-0.33165472034238414,-0.052100427712920366,True Pseudogene
RN7SKP228,Pseudogene,RN7SK,1.4527646772154992,-0.158999994397163,1.05,0,0.7737140770233987,-0.3258687692556344,True Pseudogene
RN7SKP229,Pseudogene,RN7SK,0.8166006868646905,0.194000005722046,0.74,0,0.6487550615230688,0.27959539469525707,True Pseudogene
RN7SKP23,Pseudogene,RN7SK,1.1540406889388717,-0.0309999994933605,0.57,0.02,-0.31177911188059876,1.032662718934846,True Pseudogene
RN7SKP230,Pseudogene,RN7SK,1.5034241781713178,0.30799999833107,4.77,0,-0.18043251074796335,0.1363811497038215,True Pseudogene
RN7SKP231,Pseudogene,RN7SK,1.166169059403147,-0.0340000009164214,0,0,0.5454017394755385,-0.16568437998488367,True Pseudogene
RN7SKP232,Pseudogene,RN7SK,1.0779604987363909,0.284000009298325,0.33,0,-0.11017499786544037,0.14204282749692512,True Pseudogene
RN7SKP233,Pseudogene,RN7SK,1.4209479301525152,0.557000011205673,0,0.43,-1.0072969152611377,0.2511425823714858,True Pseudogene
RN7SKP234,Pseudogene,RN7SK,1.364561107527415,-0.0415000002831221,2.21,0,0.39088951693540785,-0.29458001051924537,True Pseudogene
RN7SKP235,Pseudogene,RN7SK,1.0021694691348888,0.268999993801117,0.16,0,0.1510881233163424,0.19163914623833775,True Pseudogene
RN7SKP236,Pseudogene,RN7SK,1.1496558370717531,0.300000011920929,0,0,0.04674815470316116,0.2098680028539118,True Pseudogene
RN7SKP237,Pseudogene,RN7SK,1.211661025711447,0.30799999833107,0.1,0,0.1344175139420253,0.22619478328313858,True Pseudogene
RN7SKP238,Pseudogene,RN7SK,1.3531025805200658,-0.0309999994933605,0,0,0.12294647200031901,-0.31916588982422317,True Pseudogene
RN7SKP239,Pseudogene,RN7SK,1.1185616474646918,-0.149000003933907,5.3,0,1.0737684249659072,-0.16843392597184348,True Pseudogene
RN7SKP24,Pseudogene,RN7SK,1.0273520246173111,-0.228500001132488,0.4,0,1.2109228481475538,-0.6181168217643787,True Pseudogene
RN7SKP240,Pseudogene,RN7SK,1.2596966539307632,0.273999989032745,0.71,0,-0.044597389940420555,0.10044149602874028,True Pseudogene
RN7SKP241,Pseudogene,RN7SK,1.4084691968980256,-0.0670000016689301,0.41,0,0.4746703058409345,-0.3092369093712954,True Pseudogene
RN7SKP242,Pseudogene,RN7SK,1.1057280317680471,0.017000000923872,0,0,0.22744611412338261,-0.17361612706809929,True Pseudogene
RN7SKP243,Pseudogene,RN7SK,1.1915320291678049,0.30799999833107,0.22,0,0.0013558333163460935,0.20330666115782345,True Pseudogene
RN7SKP244,Pseudogene,RN7SK,1.0635252694735438,0.287999987602234,0.46,0.01,-0.3448328540503176,0.08859727582525219,True Pseudogene
RN7SKP245,Pseudogene,RN7SK,1.2374088225078153,-0.0729999989271164,1.79,0,0.626243275097688,-0.21669741994282204,True Pseudogene
RN7SKP246,Pseudogene,RN7SK,1.5668777386119217,0.146999999880791,0.02,0,-0.09005604383839301,-0.15120317794172447,True Pseudogene
RN7SKP247,Pseudogene,RN7SK,1.3871158365774552,-0.228500001132488,0,0,1.0310378640944902,-0.37825792115859663,True Pseudogene
RN7SKP248,Pseudogene,RN7SK,0.8655099960710402,0.0309999994933605,1.75,0.01,0.40214675452727205,-0.06173417342307161,True Pseudogene
RN7SKP249,Pseudogene,RN7SK,1.2523910395334843,-0.193999998271465,0.14,0,0.9004232720402726,-0.3346634341178962,True Pseudogene
RN7SKP25,Pseudogene,RN7SK,0.8119702458014372,-0.0989999994635582,1.38,0,0.8945983504778544,-0.5275834570483404,True Pseudogene
RN7SKP250,Pseudogene,RN7SK,1.060423585119011,0.152999997138977,0,0,0.37470310745736,0.0682244788507361,True Pseudogene
RN7SKP251,Pseudogene,RN7SK,1.183620462696044,0.305000007152557,0.26,0,-0.039343786839840016,0.1550026681009752,True Pseudogene
RN7SKP252,Pseudogene,RN7SK,1.3171409967570713,0.101999998092651,0,0,0.0948441004020597,-0.1337267946221242,True Pseudogene
RN7SKP253,Pseudogene,RN7SK,1.0004372697729682,0.791999995708466,3.04,0.59,-1.4223602539814277,0.5698932622812349,False Pseudogene
RN7SKP254,Pseudogene,RN7SK,1.2549160214680275,0.214000001549721,0.22,0,-0.17004597888802553,-0.03444655978927213,True Pseudogene
RN7SKP255,Pseudogene,RN7SK,1.3871518664960656,0,81.36,0.04,0.5920767450145303,-0.1457206222904157,True Pseudogene
RN7SKP256,Pseudogene,RN7SK,1.238929830111747,0.0785000026226044,0,0,-0.024947048133247877,-0.1730942379035927,True Pseudogene
RN7SKP257,Pseudogene,RN7SK,1.2140137655671974,0.305000007152557,0.07,0,-0.2155578017042156,0.10691505030134232,True Pseudogene
RN7SKP258,Pseudogene,RN7SK,1.5081991188460906,0.0039999999571591,1.45,0,-0.08873305839606975,-0.3516258776411534,True Pseudogene
RN7SKP259,Pseudogene,RN7SK,1.2934087265452323,-0.0989999994635582,0,0,0.9229541308385086,-0.09858396414927052,True Pseudogene
RN7SKP26,Pseudogene,RN7SK,1.197325104588126,0.194999992847443,7.34,0,-0.24129449288874177,-0.8620693584405531,True Pseudogene
RN7SKP260,Pseudogene,RN7SK,0.6061015779621466,-0.003000000026077,0,0,0.7010931306541087,0.014722005443009124,True Pseudogene
RN7SKP261,Pseudogene,RN7SK,2.423903183809326,0.263999998569489,0.05,0.62,-1.0301093420159044,-0.1821540280301989,False Pseudogene
RN7SKP262,Pseudogene,RN7SK,1.2641806084513545,0.28099998831749,0,0,-0.34390593254453344,0.14161520244856718,True Pseudogene
RN7SKP263,Pseudogene,RN7SK,1.3826267885626415,0.30799999833107,0,0,-0.49769773099633813,-0.0272476203030135,True Pseudogene
RN7SKP264,Pseudogene,RN7SK,1.3220661249400565,0.30799999833107,0.64,0,-0.44239823821867647,0.10732513152334869,True Pseudogene
RN7SKP265,Pseudogene,RN7SK,1.152617454054955,0.453999996185303,0,0,-0.605957177455413,0.248513158033996,True Pseudogene
RN7SKP266,Pseudogene,RN7SK,1.1860486788264897,0.30799999833107,0,0,-0.22755426630074047,0.11791795070555144,True Pseudogene
RN7SKP267,Pseudogene,RN7SK,0.9749974101631292,-0.0879999995231628,0,0,0.8274219239897266,-0.16771814525615794,True Pseudogene
RN7SKP268,Pseudogene,RN7SK,1.198112917196108,0.0700000002980232,1.46,0,0.29962064036684183,-0.10074596915834787,True Pseudogene
RN7SKP269,Pseudogene,RN7SK,1.154179927939974,0.194999992847443,3.87,0,0.37639053096616437,-0.24242159646473893,True Pseudogene
RN7SKP27,Pseudogene,RN7SK,1.470730890668369,0.448500007390976,0,0,-0.9636538133141287,-1.3430724980386541,True Pseudogene
RN7SKP270,Pseudogene,RN7SK,1.2580044709256242,-0.019000000320375,0,0,0.37249338457241365,-0.23267314331469263,True Pseudogene
RN7SKP271,Pseudogene,RN7SK,1.5196248697464398,-0.233999997377396,0.83,0,0.5627430193262928,-1.0166938825917378,True Pseudogene
RN7SKP272,Pseudogene,RN7SK,1.3923656442011714,0.448500007390976,0.49,0.01,-0.9873986969383153,0.09771915091214585,True Pseudogene
RN7SKP273,Pseudogene,RN7SK,1.084063601347779,0.305000007152557,0.86,0,-0.02630049039884791,0.3399592433055728,True Pseudogene
RN7SKP275,Pseudogene,RN7SK,1.4539932308537364,-0.125,0.44,0,0.6946971588102833,-0.3448616854077419,True Pseudogene
RN7SKP276,Pseudogene,RN7SK,0.8553965151664394,-0.576499998569489,0.27,0,1.7748849552586443,-0.6062759569768008,True Pseudogene
RN7SKP277,Pseudogene,RN7SK,1.2028126177498322,0.523999989032745,0,0.44,-0.9942643148079479,0.2442214816645106,True Pseudogene
RN7SKP278,Pseudogene,RN7SK,1.4523398922221613,-0.0650000013411045,0,0,0.38972088869965754,-0.31676501557621006,True Pseudogene
RN7SKP279,Pseudogene,RN7SK,1.2588263542290736,0.206000000238419,0,0,-0.08299038701197091,-0.03361179356584159,True Pseudogene
RN7SKP28,Pseudogene,RN7SK,1.1843820998866863,-0.0775000005960464,0.2,0,0.50997402380588,-1.2946600930198562,True Pseudogene
RN7SKP280,Pseudogene,RN7SK,1.542476371547138,-0.172999992966652,0.18,0,0.660159370546434,-0.4144922509179684,True Pseudogene
RN7SKP281,Pseudogene,RN7SK,1.312403296599198,0.211999997496605,0.07,0,-0.08735697887379701,0.014722152200693762,True Pseudogene
RN7SKP282,Pseudogene,RN7SK,0.1045513527202519,0.0099999997764825,0.64,0.26,1.4052055118302957,0.31905243189742327,True Pseudogene
RN7SKP283,Pseudogene,RN7SK,0.681821105579355,-0.046000000089407,3.95,0,0.9481825777791837,-0.028159713511316416,True Pseudogene
RN7SKP284,Pseudogene,RN7SK,1.4278524390453844,-0.122000001370907,0,0,0.26313032676150366,-0.4322413537954134,True Pseudogene
RN7SKP285,Pseudogene,RN7SK,1.2451912679323929,-0.0775000005960464,0,0,0.5279480034200389,-0.2880419705629535,True Pseudogene
RN7SKP286,Pseudogene,RN7SK,0.8480276387309325,0.0469999983906746,0.19,0,0.5779218877682697,-0.3963734901112659,True Pseudogene
RN7SKP287,Pseudogene,RN7SK,1.2274520967232252,-0.0025000000605359,0.68,0,0.16677671513579734,-0.24151578973549095,True Pseudogene
RN7SKP288,Pseudogene,RN7SK,1.1794103466688786,-0.0165000008419156,2.07,0,0.23943722427301356,-0.2343152905823914,True Pseudogene
RN7SKP289,Pseudogene,RN7SK,1.330499643826423,0.061999998986721,0,0,0.15103420639185655,-0.1889387299292111,True Pseudogene
RN7SKP29,Pseudogene,RN7SK,1.2386858181966778,-0.0759999975562096,0.08,0,0.42400278175455136,-1.341931887389312,True Pseudogene
RN7SKP290,Pseudogene,RN7SK,1.033122255769008,0.208000004291534,0,0,0.5439506349367029,0.08569536441396866,True Pseudogene
RN7SKP291,Pseudogene,RN7SK,1.157809424568716,-0.0759999975562096,0,0,0.8113181642938775,-0.17637403185126882,True Pseudogene
RN7SKP292,Pseudogene,RN7SK,1.303905251012718,0.305000007152557,2.26,0,-0.535111324992412,0.012212193540242673,True Pseudogene
RN7SKP293,Pseudogene,RN7SK,1.1851900528524355,-0.15599999576807,0.04,0,0.9839250811574378,-0.21343794040309758,True Pseudogene
RN7SKP294,Pseudogene,RN7SK,1.233169801315792,0.26800000667572,0,0,0.008810126813703283,0.14836497644975657,True Pseudogene
RN7SKP295,Pseudogene,RN7SK,1.3167244436271672,0.034000001847744,0,0,0.008214553397402187,-0.2454266898936527,True Pseudogene
RN7SKP296,Pseudogene,RN7SK,1.2325068067989555,-0.0474999994039536,2.34,0,0.6526912968739141,-0.20292449078340993,True Pseudogene
RN7SKP297,Pseudogene,RN7SK,1.108540938416856,-0.138999998569489,0.26,0,0.8606797713371604,-0.2595952172987971,True Pseudogene
RN7SKP298,Pseudogene,RN7SK,1.145492303030751,0.0215000004973262,0,0,0.18321943456288775,-0.18597873304905002,True Pseudogene
RN7SKP299,Pseudogene,RN7SK,1.0616458510995537,-0.0450000017881393,0.08,0,0.6624036490116744,-0.1401854985121325,True Pseudogene
RN7SKP3,Pseudogene,RN7SK,1.1157660655759971,0.305000007152557,0.15,0,-0.19345054770147882,-0.6411361396518541,True Pseudogene
RN7SKP30,Pseudogene,RN7SK,1.4975259623164232,0.305000007152557,1.6,0,-0.41487598272814935,0.012360963989576899,True Pseudogene
RN7SKP31,Pseudogene,RN7SK,0.8746042415806847,0.23200000077486,0,0,-0.05697534821117566,0.11606194906424265,True Pseudogene
RN7SKP32,Pseudogene,RN7SK,1.6392747298349148,0.207000002264977,0,0,-0.4020663777235243,-0.16124155400553683,True Pseudogene
RN7SKP33,Pseudogene,RN7SK,1.0931083096663463,0.30799999833107,0,0,0.13417508205075537,0.22864615159580487,True Pseudogene
RN7SKP34,Pseudogene,RN7SK,1.1103582186437688,-0.0599999986588955,0,0,0.3963659789482285,-0.24507870930102846,True Pseudogene
RN7SKP35,Pseudogene,RN7SK,0.8050992687398356,0.0410000011324883,0.66,0,0.43153295320430457,-0.027744519758040084,True Pseudogene
RN7SKP36,Pseudogene,RN7SK,1.413863431925259,0.30799999833107,2.2,0,-0.37797757223923156,0.03800403838854947,True Pseudogene
RN7SKP37,Pseudogene,RN7SK,1.2438628277461206,0.305000007152557,0,0,-0.032429596009482316,0.1719661050490589,True Pseudogene
RN7SKP38,Pseudogene,RN7SK,0.9779555333735755,0.30799999833107,2.26,0,0.2109551584292776,0.5124610862735016,True Pseudogene
RN7SKP39,Pseudogene,RN7SK,1.229723053423916,-0.0035000000498257,0,0,0.16707343215733578,-0.2433567902075707,True Pseudogene
RN7SKP4,Pseudogene,RN7SK,1.3052323637218757,0.0525000002235174,0.68,0,0.19006341131541274,-0.31262148518728006,True Pseudogene
RN7SKP40,Pseudogene,RN7SK,1.0190636670790765,0.502999991178513,0.66,0.13,-0.7894330085887604,0.30116234883551957,True Pseudogene
RN7SKP42,Pseudogene,RN7SK,0.8915132569179113,-0.14750000089407,0.37,0,0.780630736401689,-0.2337047180108602,True Pseudogene
RN7SKP43,Pseudogene,RN7SK,0.716394581451893,0.0560000017285347,2,0,0.4739715754787048,0.022448540885670068,True Pseudogene
RN7SKP44,Pseudogene,RN7SK,1.143153609067846,0.283000007271767,0.17,0,-0.08204001651573972,0.1568254827719079,True Pseudogene
RN7SKP45,Pseudogene,RN7SK,0.8455055666258388,0.305000007152557,0,0,0.21823407858981947,0.32976120590263197,True Pseudogene
RN7SKP46,Pseudogene,RN7SK,1.2171842668542912,0.172999992966652,0,0,0.09154414152777982,-0.0036633260807986284,True Pseudogene
RN7SKP47,Pseudogene,RN7SK,1.4402019671464517,-0.25900000333786,0,0,1.1119160145169396,-0.39057156433888424,True Pseudogene
RN7SKP48,Pseudogene,RN7SK,1.1331000770931643,0.305000007152557,0.15,0,-0.07418584736606547,0.17446181202911346,True Pseudogene
RN7SKP49,Pseudogene,RN7SK,0.6011702781414487,0.0525000002235174,0,0,0.5807070083614526,0.06688923741783005,True Pseudogene
RN7SKP5,Pseudogene,RN7SK,1.0599064217559202,0.211999997496605,0.49,0,-0.10843516709664047,-0.4661857107536238,True Pseudogene
RN7SKP50,Pseudogene,RN7SK,1.4114248223313872,0.305000007152557,2.03,0,-0.14576505116857913,0.09326130212143018,True Pseudogene
RN7SKP51,Pseudogene,RN7SK,1.0625948337324729,0.0599999986588955,5.62,0,0.3802719558096209,-0.04690638405206254,True Pseudogene
RN7SKP52,Pseudogene,RN7SK,1.125390760680792,0.26800000667572,0.09,0,-0.14162538817321552,0.10580374832634046,True Pseudogene
RN7SKP53,Pseudogene,RN7SK,1.5327191430004907,-0.0790000036358833,0,0,0.3423991409967144,-0.3710674367500935,True Pseudogene
RN7SKP54,Pseudogene,RN7SK,1.3299743947648075,-0.145999997854233,11.28,0,0.6566759669889313,-0.35202241319440214,True Pseudogene
RN7SKP55,Pseudogene,RN7SK,0.769358705576606,0.211999997496605,0.91,0,0.2775493792110046,0.2012865330155364,True Pseudogene
RN7SKP56,Pseudogene,RN7SK,1.101842805858446,-0.12899999320507,3.14,0,0.8753853550977349,-0.21717897346674903,True Pseudogene
RN7SKP57,Pseudogene,RN7SK,1.114342176547365,0.0209999997168779,0.61,0,0.4000301939767231,-0.1484659498410128,True Pseudogene
RN7SKP58,Pseudogene,RN7SK,0.9793928902909138,0.301999986171722,0.33,0,-0.024131512556430656,0.23396122485169848,True Pseudogene
RN7SKP59,Pseudogene,RN7SK,1.128311095280341,0.30799999833107,0,0,0.11099077482799723,0.5721343940406161,True Pseudogene
RN7SKP6,Pseudogene,RN7SK,1.1759569077124263,0.194999992847443,0,0,-0.1391507636680857,-0.923762796222513,True Pseudogene
RN7SKP60,Pseudogene,RN7SK,1.409717751253123,-0.163000002503395,0,0,0.39928721674185164,-0.3206859805994009,True Pseudogene
RN7SKP61,Pseudogene,RN7SK,1.3069509775640082,0.211999997496605,0,0,-0.3830736392722815,-0.08061170772873572,True Pseudogene
RN7SKP62,Pseudogene,RN7SK,1.2035587331383006,0.30799999833107,0,0,-0.0883114616034627,0.16115860655093847,True Pseudogene
RN7SKP63,Pseudogene,RN7SK,1.0154873358343557,0.28099998831749,0.68,0,0.19791303487893175,0.2674526661347081,True Pseudogene
RN7SKP64,Pseudogene,RN7SK,1.8214318996263947,0.245999999344349,0.33,0,-0.4785380711517102,-0.13312267790189805,True Pseudogene
RN7SKP65,Pseudogene,RN7SK,1.231790857448506,0.194999992847443,0,0,0.2425199947647378,0.2218644843640466,True Pseudogene
RN7SKP66,Pseudogene,RN7SK,1.2480283407688757,0.0540000014007092,0,0,0.2479766782664838,-0.13223516915205735,True Pseudogene
RN7SKP67,Pseudogene,RN7SK,0.9607354799612752,0.0520000010728836,0,0,0.27327941321311416,-0.08210403980220754,True Pseudogene
RN7SKP68,Pseudogene,RN7SK,1.2106085514220124,0.300000011920929,0,0,-0.18853038786990686,0.1135356433529855,True Pseudogene
RN7SKP69,Pseudogene,RN7SK,1.321041572950535,-0.175999999046326,6.68,0,0.9147196324575526,-0.3307263226453015,True Pseudogene
RN7SKP7,Pseudogene,RN7SK,1.4137462447365374,0.211999997496605,0,0.01,-0.2665650992390746,-0.7565287144904923,True Pseudogene
RN7SKP70,Pseudogene,RN7SK,1.3586103210806335,2.08200001716614,4.48,0.8,-4.626237340338815,1.58711057930085,False Pseudogene
RN7SKP71,Pseudogene,RN7SK,1.3544185721369886,0.0769999995827675,3.47,0,0.5415247123433456,-0.07803809014039093,True Pseudogene
RN7SKP72,Pseudogene,RN7SK,1.1300537191852196,0.263999998569489,0.25,0,0.014564857832386686,0.14506408718049837,True Pseudogene
RN7SKP73,Pseudogene,RN7SK,1.260902044564561,0.28099998831749,0,0,-0.10143784418418182,0.09412262807318969,True Pseudogene
RN7SKP74,Pseudogene,RN7SK,1.2027728973675011,-0.0729999989271164,2.05,0,0.7201408625460234,-0.21117828041137937,True Pseudogene
RN7SKP75,Pseudogene,RN7SK,1.3142701576185425,-0.222000002861023,0.2,0,1.0208662459518405,-0.33540106771016875,True Pseudogene
RN7SKP76,Pseudogene,RN7SK,1.3872205799012172,0.305000007152557,0.21,0,-0.19520161974448574,0.09191398010853384,True Pseudogene
RN7SKP77,Pseudogene,RN7SK,1.131570117496337,0.305000007152557,0,0,0.03191476030251353,0.23601469364408043,True Pseudogene
RN7SKP78,Pseudogene,RN7SK,1.288882189614231,0.211999997496605,4.64,0,0.34686166880826874,0.00534869603922205,True Pseudogene
RN7SKP79,Pseudogene,RN7SK,1.2508476819001306,0.0769999995827675,0,0,0.4237276294536658,-0.03977583350390158,True Pseudogene
RN7SKP8,Pseudogene,RN7SK,1.3389192786911968,0.126000002026558,0,0,0.030933315771071994,-0.5101534345798856,True Pseudogene
RN7SKP80,Pseudogene,RN7SK,2.0742380857114453,0.0769999995827675,4.44,0.51,-0.16530908051323082,-0.11591851695090094,False Pseudogene
RN7SKP81,Pseudogene,RN7SK,0.8814742446867566,-0.270999997854233,0,0,1.4581061672510802,-0.26763517117571833,True Pseudogene
RN7SKP82,Pseudogene,RN7SK,0.8099474001467252,0.301999986171722,0,0,-0.15866752077298468,0.20599970177301685,True Pseudogene
RN7SKP83,Pseudogene,RN7SK,0.6829774695489618,0.30799999833107,0,0,-0.06318423743441874,0.2638723161638775,True Pseudogene
RN7SKP85,Pseudogene,RN7SK,1.3653413025574483,0.305000007152557,0.2,0,-0.16406896924327294,0.10605600228631162,True Pseudogene
RN7SKP86,Pseudogene,RN7SK,1.307766669317074,0.214000001549721,0.53,0,0.1036378077804707,0.21653491241283965,True Pseudogene
RN7SKP87,Pseudogene,RN7SK,1.2232006545277463,-0.150000005960464,0.55,0,0.781023436410782,-0.3281845177168683,True Pseudogene
RN7SKP88,Pseudogene,RN7SK,0.6668982285515804,0.126000002026558,0.52,0,0.3592700746649629,0.10612417712002205,True Pseudogene
RN7SKP89,Pseudogene,RN7SK,1.449653948943475,0.305000007152557,0.53,0,-0.3589102774390176,0.05152019949684107,True Pseudogene
RN7SKP9,Pseudogene,RN7SK,1.486952572021361,-0.132999993860722,7.39,0,0.47095333633259423,-1.0572762498281638,True Pseudogene
RN7SKP90,Pseudogene,RN7SK,1.337529096442069,0.211999997496605,0.29,0,-0.05248245226520665,0.018825528223518396,True Pseudogene
RN7SKP91,Pseudogene,RN7SK,1.1939909690864885,-0.132999993860722,0.55,0,0.8279784831893219,-0.24066656110527207,True Pseudogene
RN7SKP92,Pseudogene,RN7SK,1.124593580421253,-0.204999998211861,11.59,0,0.7097264706654626,-0.3819368896760612,True Pseudogene
RN7SKP93,Pseudogene,RN7SK,0.8543059831769166,-0.0719999969005585,0.21,0,1.032565734349751,-0.08191450892178016,True Pseudogene
RN7SKP94,Pseudogene,RN7SK,1.3453419369988602,-0.0610000006854534,0,0,0.7674913061570862,-0.16920686555030037,True Pseudogene
RN7SKP95,Pseudogene,RN7SK,1.3870786175526202,0.305000007152557,16.71,0.07,-0.3002038599448849,0.030904115270313278,True Pseudogene
RN7SKP96,Pseudogene,RN7SK,1.0291639329499698,0.0329999998211861,1.85,0,0.25722120719693603,-0.12753558581220126,True Pseudogene
RN7SKP97,Pseudogene,RN7SK,1.126517277958751,0.305000007152557,3.22,0,0.002453575273547092,0.188850755947353,True Pseudogene
RN7SKP98,Pseudogene,RN7SK,0.8906226342836276,0.305000007152557,0.73,0,0.2326122454063022,0.12665634762253314,True Pseudogene
RN7SKP99,Pseudogene,RN7SK,1.2898072417019573,-0.0869999974966049,0.38,0,0.3030018906831227,-0.34359954568650786,True Pseudogene
