Gene,Gene_Type,Gene_group,enrichment_intergenic_dbsnp,PhyloP100_median,ENCODE_max,functional_probability,LLE1,LLE2
RNU1-101P,Pseudogene,RNU1,1.2033924727800829,0.437000006437302,0,0,0.042938624108861116,0.04692303041044829
RNU1-103P,Pseudogene,RNU1,1.6116707189996529,0.30799999833107,1.58,0,0.3971795599691845,0.026775219217357323
RNU1-104P,Pseudogene,RNU1,1.4092194710464945,-0.23199999332428,1.04,0,0.32273262814807363,-0.018385577424839705
RNU1-105P,Pseudogene,RNU1,1.4238898513329552,-0.133000001311302,0,0,0.3528719606852835,-0.014701985494176045
RNU1-109P,Pseudogene,RNU1,1.4649833535359265,-0.0920000001788139,2.47,0,0.36752325331759417,-0.011235784981603218
RNU1-112P,Pseudogene,RNU1,1.1648692381331596,0.146999999880791,0,0,0.4189404873818203,-0.02082333610452936
RNU1-115P,Pseudogene,RNU1,0.6512678013199028,0.252000004053116,0,0,0.41621045248448035,-0.04688779952675787
RNU1-117P,Pseudogene,RNU1,1.1211698858165415,0.30799999833107,0,0,0.46392631877357493,-0.018225667433311193
RNU1-119P,Pseudogene,RNU1,1.3262180681423474,0.300000011920929,0.47,0,0.47313170693202455,-0.007558019870463076
RNU1-123P,Pseudogene,RNU1,1.128864188954498,-0.211499996483326,0.12,0,0.3112932107400948,-0.03355676958522477
RNU1-124P,Pseudogene,RNU1,1.4851900204812496,0.204999998211861,1.32,0,0.4553509118672421,-0.0016914965474414253
RNU1-129P,Pseudogene,RNU1,1.0399485849419603,-0.152999997138977,1.38,0,0.32295803038817805,-0.036838933782896745
RNU1-130P,Pseudogene,RNU1,0.8466481417158735,0.30799999833107,0,0,0.4458559298734801,-0.033753301593761935
RNU1-131P,Pseudogene,RNU1,1.4023157626763951,-0.196999996900558,0,0,0.33259258171486106,-0.017761089890894283
RNU1-132P,Pseudogene,RNU1,0.8048187463465466,0.305000007152557,0.16,0,0.44199612788337517,-0.03630478074200582
RNU1-133P,Pseudogene,RNU1,0.7695619528570508,0.26800000667572,0,0,0.4288269467995382,-0.039527934600358736
RNU1-134P,Pseudogene,RNU1,1.2841159072489396,0.194999992847443,2.63,0,-0.6772249080080709,0.1839385482407114
RNU1-136P,Pseudogene,RNU1,1.355484204373131,0.212999999523163,0,0,0.3606657745633624,0.008537862057771977
RNU1-139P,Pseudogene,RNU1,1.3893713094824591,0.238000005483627,0,0,0.45900608819135746,-0.005943695931983005
RNU1-140P,Pseudogene,RNU1,1.2630648268022358,-0.101999998092651,0,0,0.3516995427915249,-0.022800003061275692
RNU1-141P,Pseudogene,RNU1,0.8133977602982752,0.30799999833107,0.05,0,-0.08006101932713804,0.03457258019518947
RNU1-142P,Pseudogene,RNU1,0.6707309769915321,-0.003000000026077,0,0,0.3435680668730981,-0.05332286223203606
RNU1-143P,Pseudogene,RNU1,0.9754147891914526,-0.149999998509884,1.44,0,0.31986631353651507,-0.04039874973522078
RNU1-146P,Pseudogene,RNU1,1.1999115854621238,0.214000001549721,0.6,0,0.4407427243879414,-0.016883377479306867
RNU1-148P,Pseudogene,RNU1,1.3507776619968357,-0.0219999998807907,0.38,0,0.1290205061245552,0.12606180669100156
RNU1-149P,Pseudogene,RNU1,1.121852610141116,0.282999992370605,0.33,0,-0.1690689726056611,0.05080708038092296
RNU1-150P,Pseudogene,RNU1,1.0077230176801788,-0.197999998927116,0,0,0.3077451282526821,-0.040006672269648554
RNU1-151P,Pseudogene,RNU1,1.5838832928100035,-0.034000001847744,0.29,0,0.39219106307486906,-0.002975056802522557
RNU1-15P,Pseudogene,RNU1,1.2784145729612908,-0.133000001311302,0,0,0.34347125837129605,-0.02285934059333664
RNU1-16P,Pseudogene,RNU1,1.1225103567464991,0.306500002741814,4.48,0,0.46356528777002687,-0.01820015296100578
RNU1-17P,Pseudogene,RNU1,1.2339810972377103,-0.0469999983906746,0,0,0.3661187172031605,-0.02279841665843075
RNU1-18P,Pseudogene,RNU1,1.080151475359839,0.214000001549721,1.14,0,0.4336193522849059,-0.02344449629277817
RNU1-19P,Pseudogene,RNU1,1.5156777921626827,-0.0240000002086162,0.75,0,0.3906330311571688,-0.006486091530530602
RNU1-20P,Pseudogene,RNU1,1.0077230176801788,-0.20099999755621,0,0,0.3068617857120152,-0.040096353508093034
RNU1-21P,Pseudogene,RNU1,1.3424906824753824,0.246999993920326,0.15,0,0.45873984617707786,-0.008216934538629365
RNU1-23P,Pseudogene,RNU1,1.399019721353865,0.30799999833107,0,0,0.47993868195031036,-0.0034071668869696202
RNU1-24P,Pseudogene,RNU1,1.4314734703758671,-0.123999997973442,0,0,0.355995377076641,-0.014021583596330775
RNU1-29P,Pseudogene,RNU1,1.2680769888133556,0.211999997496605,1.59,0,0.4441207437105722,-0.013263192125588462
RNU1-30P,Pseudogene,RNU1,0.6392812773692297,-0.233999997377396,0.86,0,0.2746998098245249,-0.062167240963888384
RNU1-31P,Pseudogene,RNU1,0.9275632321828916,-0.19200000166893,0.72,0,0.3046978599158749,-0.044378063882542486
RNU1-33P,Pseudogene,RNU1,0.8361956955218505,-0.114000000059605,0.44,0,-0.17595068109168505,0.03271489056994709
RNU1-34P,Pseudogene,RNU1,1.1725585892129031,-0.29899999499321,4.09,0,0.28838227640334746,-0.03367197863249466
RNU1-35P,Pseudogene,RNU1,1.1805115701484947,-0.17399999499321,0,0,0.3253699385773024,-0.029550743147988383
RNU1-36P,Pseudogene,RNU1,1.094656183228604,0.296000003814697,0.44,0,0.4588151723198481,-0.02006871286693109
RNU1-38P,Pseudogene,RNU1,0.9407201574620816,0.305000007152557,0,0,0.3811329697047527,-0.017175130900436524
RNU1-39P,Pseudogene,RNU1,1.1367583441220122,-0.13400000333786,5,0,0.3345273842397772,-0.03081705768636417
RNU1-42P,Pseudogene,RNU1,1.5630427231677666,0.266999989748001,0,0,-0.2659917324856809,0.1011043887962992
RNU1-43P,Pseudogene,RNU1,1.473575631269275,-0.0549999997019768,0,0,0.37887083098339464,-0.009706091848725949
RNU1-44P,Pseudogene,RNU1,0.8736844124046139,-0.208000004291534,0,0,0.29678736959311514,-0.04794044773426484
RNU1-45P,Pseudogene,RNU1,1.330249126100227,0.266999989748001,0,0,0.4638055013715218,-0.008298899701553362
RNU1-46P,Pseudogene,RNU1,1.1436897974398292,0.0255000004544854,0,0,0.3818579368105844,-0.025672448337103644
RNU1-49P,Pseudogene,RNU1,1.2451912679323929,-0.0780000016093254,0,0,0.3577116828817167,-0.023085349852326516
RNU1-51P,Pseudogene,RNU1,1.48015409390887,0.305000007152557,1.08,0,-0.21216215665789204,0.1260216798636233
RNU1-54P,Pseudogene,RNU1,0.9551927752691908,0.309499993920326,0,0,0.45375417172173016,-0.02752216111334818
RNU1-55P,Pseudogene,RNU1,1.165137332319151,0.30799999833107,0.05,0,1.0094858176843629,0.12618258733592397
RNU1-56P,Pseudogene,RNU1,0.7836393056532164,0.0279999997001141,0.57,0,0.29945352007140025,-0.03365055332735415
RNU1-57P,Pseudogene,RNU1,1.0043648020355127,0.319000005722046,0.37,0,0.45966594957125617,-0.024455154731788005
RNU1-58P,Pseudogene,RNU1,1.2572531788261518,0.30799999833107,0.12,0,0.47148577556119425,-0.011004988603890105
RNU1-62P,Pseudogene,RNU1,1.1436897974398292,0.284000009298325,0,0,0.6186448258434712,0.12622869385545413
RNU1-63P,Pseudogene,RNU1,1.016613153279848,-0.131500001996756,0,0,0.32781980614827083,-0.037513251306014905
RNU1-65P,Pseudogene,RNU1,1.5020230372783343,-0.142000004649162,0,0,0.35538987187874127,-0.010574480132970415
RNU1-67P,Pseudogene,RNU1,0.8048187463465466,0.214000001549721,10.7,0,-0.22426531138447175,0.06455907502060179
RNU1-68P,Pseudogene,RNU1,1.2133208353357092,-0.0645000003278255,1.44,0,0.3597011006170275,-0.024466458759045743
RNU1-6P,Pseudogene,RNU1,1.0613253058546563,0.296999990940094,0.69,0,-0.49483371418349054,0.06179160933646412
RNU1-70P,Pseudogene,RNU1,1.0589720346665086,-0.129000000655651,3.78,0,0.3311852868570771,-0.03504917361890937
RNU1-72P,Pseudogene,RNU1,0.9534901143507074,-0.217999994754791,7.42,0,0.2986190490040254,-0.04368612863131318
RNU1-73P,Pseudogene,RNU1,0.995433712586518,0.284000009298325,1.98,0,0.4489345018291066,-0.02603065098867177
RNU1-74P,Pseudogene,RNU1,0.7312480576223469,-0.109999999403954,0.19,0,0.23011032414140387,-0.03353017007699323
RNU1-75P,Pseudogene,RNU1,1.103957823425985,-0.17399999499321,0.16,0,0.32076915454753213,-0.033849626833006644
RNU1-76P,Pseudogene,RNU1,1.2015003462505542,-0.180999994277954,0,0,0.32456152269806254,-0.028578814137381912
RNU1-77P,Pseudogene,RNU1,1.3078958314572533,0.300999999046326,0.48,0,0.9383994551930487,0.12617235687313325
RNU1-78P,Pseudogene,RNU1,1.3051669876956435,0.305000007152557,0,0,0.3984586834938799,0.0053074049582507955
RNU1-7P,Pseudogene,RNU1,1.5037402892264422,0.214000001549721,0,0,-0.10191636122945254,0.07866930051933019
RNU1-80P,Pseudogene,RNU1,1.4670380286460751,0.30799999833107,0,0,-0.34963666764268403,0.10351624333136301
RNU1-82P,Pseudogene,RNU1,1.4946267117159788,-0.130999997258186,0.08,0,0.3581150233775904,-0.010676524296565605
RNU1-83P,Pseudogene,RNU1,1.3131253229864706,-0.250999987125397,2.76,0,0.3106696579046843,-0.024360887034582734
RNU1-84P,Pseudogene,RNU1,1.080151475359839,0.0649999976158142,0,0,-0.5352998293180823,0.08711485424590155
RNU1-88P,Pseudogene,RNU1,1.13971865230983,0.282999992370605,0,0,0.4576067583592198,-0.01801257407519308
RNU1-8P,Pseudogene,RNU1,0.7578388960813414,-0.0469999983906746,0,0,-0.3221881195725927,0.03757544164300325
RNU1-91P,Pseudogene,RNU1,1.150706299264613,-0.229000002145767,3.22,0,0.3074626999876014,-0.03284817980918923
RNU1-93P,Pseudogene,RNU1,0.6576905607017558,-0.0790000036358833,1.08,0,0.32073624970036835,-0.056378811595558166
RNU1-94P,Pseudogene,RNU1,1.1444243445158986,0.263999998569489,0.7,0,0.45227196724147284,-0.018349930620762504
RNU1-96P,Pseudogene,RNU1,0.8147547802520594,0.214000001549721,0,0,0.4162180781999873,-0.038510763194858015
RNU1-98P,Pseudogene,RNU1,1.2808266759291422,-0.240000002086163,0,0,0.3117776281685751,-0.025870344061913745
RNU2-10P,Pseudogene,RNU2,1.3334013752142089,0.119000002741814,0,0,0.4208732748749363,-0.012444306315505445
RNU2-12P,Pseudogene,RNU2,1.0130832464976265,0.186000004410744,0,0,0.4211235844205532,-0.028067768504703643
RNU2-13P,Pseudogene,RNU2,0.7684575826783514,-0.127000004053116,0.44,0,0.22807016148880804,-0.03225804338363851
RNU2-14P,Pseudogene,RNU2,1.1638712540167198,0.238000005483627,0,0,0.8310092064626866,0.12624235843629936
RNU2-16P,Pseudogene,RNU2,1.123756206199048,0.284500002861023,0,0,-0.18230656327114045,0.08164329910052054
RNU2-17P,Pseudogene,RNU2,1.078590884992962,0.421000003814697,0.29,0,0.4970463537250083,-0.016384597757698884
RNU2-18P,Pseudogene,RNU2,1.3722185772666264,-0.153499998152256,0.78,0,1.3692073823721633,0.12619276819220818
RNU2-19P,Pseudogene,RNU2,0.7856563952430573,-0.300999999046326,0,0,0.2644433343679217,-0.05579600310670943
RNU2-20P,Pseudogene,RNU2,1.0547583239526523,-0.104999996721745,0,0,0.33798055647325337,-0.03456696784101768
RNU2-21P,Pseudogene,RNU2,0.6836002453570611,0.127500001341105,0,0,0.3822589475493217,-0.048655003855205305
RNU2-22P,Pseudogene,RNU2,0.6553638252275752,0.30799999833107,1.25,0,1.2459004763722972,0.12650059513999476
RNU2-23P,Pseudogene,RNU2,1.0865596138260258,0.214000001549721,0.39,0,0.434019980526764,-0.023086506596634547
RNU2-24P,Pseudogene,RNU2,1.457382492464118,0.398999989032745,0,0,1.67572875454601,0.1260010389983254
RNU2-25P,Pseudogene,RNU2,1.4184680908328773,-0.0280000008642673,10.54,0,0.38322252705816295,-0.012001489614302023
RNU2-26P,Pseudogene,RNU2,0.9638308822325962,0.305000007152557,0,0,0.7086271755918002,0.12628530991646325
RNU2-27P,Pseudogene,RNU2,1.2230381245444182,-0.0794999990612268,1.38,0,0.3558918954479242,-0.024367825307027056
RNU2-28P,Pseudogene,RNU2,1.249699061439249,-0.23199999332428,0,0,0.3122939479236592,-0.027377504648462024
RNU2-29P,Pseudogene,RNU2,1.2129432066910355,0.284000009298325,0,0,0.4620096245288771,-0.0140726442371339
RNU2-30P,Pseudogene,RNU2,1.3056148830242968,0.165999993681908,0.46,0,2.440269920012292,0.1263880644528565
RNU2-31P,Pseudogene,RNU2,1.0756423041154524,0.0120000001043081,0,0,0.3736340675827913,-0.029887048545148058
RNU2-32P,Pseudogene,RNU2,0.9820163705766074,-0.0799999982118607,0.08,0,0.2662513182613128,-0.021316678797625437
RNU2-33P,Pseudogene,RNU2,1.230172513604261,-0.212999999523163,0.43,0,0.2614585544565944,-0.01249017830533797
RNU2-34P,Pseudogene,RNU2,0.8037685261468772,-0.0309999994933605,0,0,0.34396867404335596,-0.046564507255147644
RNU2-35P,Pseudogene,RNU2,0.7827443997084278,-0.0820000022649765,0.73,0,-0.3609109292434234,0.062371646554172745
RNU2-36P,Pseudogene,RNU2,1.254798695736776,0.206000000238419,0.18,0,1.5818632519659386,0.12630481898287926
RNU2-37P,Pseudogene,RNU2,0.9026988733925584,0.30799999833107,0.44,0,0.44981246502327915,-0.030537101816658016
RNU2-38P,Pseudogene,RNU2,0.9233163765547988,-0.0149999996647239,0,0,0.3561820511620737,-0.039280302130971195
RNU2-39P,Pseudogene,RNU2,0.6139898463621979,-0.010499999858439,0,0,0.33772434945650326,-0.05681864112175094
RNU2-3P,Pseudogene,RNU2,1.327540649112821,0.214000001549721,0,0,0.44826512222511655,-0.00998425571118956
RNU2-40P,Pseudogene,RNU2,1.4177258260025094,0.156000003218651,0,0,0.4368906665023212,-0.006764178322779707
RNU2-41P,Pseudogene,RNU2,0.8781138894200936,-0.0050000001210719,0,0,0.3562448044068655,-0.041544348033359504
RNU2-42P,Pseudogene,RNU2,1.4139619521281666,-0.209999993443489,3.41,0,0.32953180965166395,-0.017481748908141154
RNU2-43P,Pseudogene,RNU2,1.2979653022796658,-0.0685000009834766,0.04,0,0.36375160349709706,-0.019874746292586325
RNU2-44P,Pseudogene,RNU2,1.342820208907016,0.239999994635582,2.44,0,0.4567315168169695,-0.008401415957631903
RNU2-45P,Pseudogene,RNU2,1.1144689648255022,-0.0920000001788139,0,0,-0.6796973930518707,0.14363442125899786
RNU2-46P,Pseudogene,RNU2,1.13731722236396,0.212999999523163,0.44,0,0.4367729971553987,-0.020318687628003835
RNU2-47P,Pseudogene,RNU2,1.6246680635077144,0.0060000002849847,0,0,-0.12364945987278156,0.08016182906320549
RNU2-48P,Pseudogene,RNU2,1.327540649112821,0.30799999833107,0.12,0,0.4755140889443812,-0.007258378388021735
RNU2-50P,Pseudogene,RNU2,1.4088030760486474,0.214000001549721,0,0,0.4532228556811985,-0.005578047131421587
RNU2-51P,Pseudogene,RNU2,1.0226337049490182,0.30799999833107,0.54,0,-0.048240523293980875,0.036692203689340404
RNU2-53P,Pseudogene,RNU2,0.9451505506683398,0.0579999983310699,0,0,-0.21839760647891898,0.05164184730702129
RNU2-54P,Pseudogene,RNU2,1.2614028993985489,-0.160000003874302,0.96,0,0.33440998870056177,-0.02460435391253581
RNU2-56P,Pseudogene,RNU2,1.0968720864335204,0.30799999833107,0,0,0.4624973605031359,-0.01956409332680814
RNU2-59P,Pseudogene,RNU2,1.545766509240956,0.146999999880791,0.4,0,-0.14442951329146214,0.11498721205287335
RNU2-5P,Pseudogene,RNU2,1.2542935432827758,0.30799999833107,1.5,0,-0.10114226621938631,0.07278448225552557
RNU2-60P,Pseudogene,RNU2,1.3025356026398056,0.306500002741814,0,0,0.4736385607395972,-0.008635728452742736
RNU2-61P,Pseudogene,RNU2,1.0911293006406748,0.207000002264977,0,0,0.5254430363097267,0.12621832537616462
RNU2-62P,Pseudogene,RNU2,0.7637905104484723,0.164000004529953,0,0,0.3982008034548598,-0.042958660287141466
RNU2-64P,Pseudogene,RNU2,1.618508462617001,0.206000000238419,0,0,0.46418261235767133,0.005650507149785968
RNU2-65P,Pseudogene,RNU2,1.351820733550501,0.239999994635582,0.11,0,1.8007744577153104,0.12620929543607162
RNU2-68P,Pseudogene,RNU2,0.7819759987924836,0.252000004053116,0.71,0,0.42502184619746836,-0.03926066728140813
RNU2-69P,Pseudogene,RNU2,1.458839874956582,-0.198499999940395,0,0,0.09318934522793203,0.12603283914810393
RNU2-6P,Pseudogene,RNU2,1.078590884992962,0.28999999165535,2.27,0,0.506539895295348,0.12622549960131452
RNU2-70P,Pseudogene,RNU2,0.8926128524607979,0.239999994635582,0,0,0.4291474993732595,-0.03322967167432915
RNU2-71P,Pseudogene,RNU2,1.157809424568716,-0.28999999165535,0,0,0.2501121128581568,-0.023055027806537006
RNU2-72P,Pseudogene,RNU2,0.9163031642292292,-0.0309999994933605,1.97,0,0.3510578378472236,-0.04016317134162914
RNU2-7P,Pseudogene,RNU2,1.1122775932654518,0.246999993920326,3.45,0,0.4453397921431549,-0.020641643540333224
RNU2-8P,Pseudogene,RNU2,1.0968720864335204,0.30799999833107,0,0,0.4624973605031381,-0.01956409332679961
RNU2-9P,Pseudogene,RNU2,0.6228216214921369,0.282999992370605,0,0,0.42322527496253803,-0.04766702169586803
RNU4-10P,Pseudogene,RNU4,0.9924080782017566,-0.20100000500679,0,0,0.30592588341602694,-0.04096560833193617
RNU4-11P,Pseudogene,RNU4,1.157809424568716,0.284000009298325,0,0,0.4589225989817133,-0.0170081434987264
RNU4-12P,Pseudogene,RNU4,1.4993215569954594,0.263999998569489,0,0,0.4734490451020795,7.633267906604952e-4
RNU4-13P,Pseudogene,RNU4,1.3056148830242968,-0.136000007390976,0,0,0.34433279048612875,-0.02142612519409867
RNU4-14P,Pseudogene,RNU4,1.281182559973579,-0.201999999582767,0.23,0,0.5259009015566237,0.12612358412227684
RNU4-15P,Pseudogene,RNU4,1.133175181492786,0.379000008106232,0,0,0.4866439880187368,-0.015008597781832141
RNU4-17P,Pseudogene,RNU4,1.0100039661131353,-0.0230000000447035,0,0,0.359273717603718,-0.034629675441288636
RNU4-18P,Pseudogene,RNU4,1.0723335610099518,-0.172999992966652,0,0,-0.29681533758142964,0.056244245181733855
RNU4-20P,Pseudogene,RNU4,1.265155993734027,0.30799999833107,0,0,0.40719493798941064,7.485404733105641e-4
RNU4-21P,Pseudogene,RNU4,1.2680769888133556,0.30799999833107,1.24,0,1.2420924242817566,0.1262113828954636
RNU4-22P,Pseudogene,RNU4,1.067137602162732,0.238000005483627,0.58,0,0.017871564410013762,0.0545467414540396
RNU4-23P,Pseudogene,RNU4,1.0420284821118444,0.305000007152557,0.74,0,0.4581640780033322,-0.02273905464010149
RNU4-24P,Pseudogene,RNU4,1.0745137825134128,0.0140000004321337,0.78,0,0.3741488825613855,-0.029890556812965065
RNU4-25P,Pseudogene,RNU4,1.3742694474228672,0.207000002264977,2.34,0,0.44904450789630673,-0.007656311052128698
RNU4-26P,Pseudogene,RNU4,1.5581734311952813,0.0890000015497208,0,0,0.42628415823426496,-9.433722435749933e-4
RNU4-27P,Pseudogene,RNU4,1.3743780939125043,0.282000005245209,0.46,0,0.3826122426935713,0.010593726019840361
RNU4-28P,Pseudogene,RNU4,0.9853697230372052,0.187999993562698,0.14,0,1.1834593670546893,0.12629999721733043
RNU4-29P,Pseudogene,RNU4,0.9382248785298216,-0.0695000011473894,0.49,0,0.34117420432691004,-0.040081155069914685
RNU4-30P,Pseudogene,RNU4,1.2873545350099709,0.239999994635582,0.14,0,0.5692201274229097,0.1261679575060553
RNU4-31P,Pseudogene,RNU4,1.428786098403947,0.146999999880791,0,0,0.43496427339157806,-0.006420175563851357
RNU4-32P,Pseudogene,RNU4,1.2563463968724369,0.301999986171722,3.7,0,-0.2859230522441869,0.058275218969481374
RNU4-33P,Pseudogene,RNU4,0.6946856547412297,0.300000011920929,0,0,0.43298119345153585,-0.042996980193311315
RNU4-34P,Pseudogene,RNU4,1.2605183251352958,0.214000001549721,0,0,1.2134515460642872,0.1261165765832705
RNU4-35P,Pseudogene,RNU4,1.2563463968724369,0.282999992370605,0,0,0.37675181871006524,0.0038385596379141326
RNU4-36P,Pseudogene,RNU4,1.399019721353865,0.30799999833107,0.75,0,0.4799363672202851,-0.0034073455166228504
RNU4-37P,Pseudogene,RNU4,1.364561107527415,-0.119500000029802,0,0,0.35303297393766025,-0.01763302718741444
RNU4-38P,Pseudogene,RNU4,0.7808482165695992,-0.0930000022053719,5.73,0,0.32448612370666496,-0.04974961371918092
RNU4-39P,Pseudogene,RNU4,1.0939931570728023,0.207000002264977,2.41,0,1.8358433391444247,0.126318363304799
RNU4-41P,Pseudogene,RNU4,1.2873545350099709,-0.0879999995231628,0.86,0,0.3573589921483345,-0.021034942307193466
RNU4-42P,Pseudogene,RNU4,0.8805874496719812,0.189999997615814,0,0,-0.05469098746532321,0.03903000854904104
RNU4-43P,Pseudogene,RNU4,1.2169675703495997,-0.398999989032745,0,0,0.26255092692299264,-0.03406483142738739
RNU4-44P,Pseudogene,RNU4,0.7636615353538341,0.30799999833107,0,0,0.4399771114322338,-0.038678757996187745
RNU4-45P,Pseudogene,RNU4,1.4534203414798776,0.0035000001080334,0,0,0.3362611211408026,0.005343686574393278
RNU4-46P,Pseudogene,RNU4,1.4095071255619152,0.30799999833107,13.15,0,-0.10136325224365603,0.09017520175238389
RNU4-47P,Pseudogene,RNU4,1.4929647843122915,0.30799999833107,0.66,0,0.7903894376266839,0.12604475064401685
RNU4-48P,Pseudogene,RNU4,0.7633908293859666,-0.10249999910593,0.43,0,0.3206358135702049,-0.051033238281802736
RNU4-49P,Pseudogene,RNU4,1.5382325212127226,-0.105000000447035,0,0,0.3685671684685187,-0.0075030949299582615
RNU4-4P,Pseudogene,RNU4,1.1489031982258795,0.0850000008940697,0.52,0,0.3997211655633368,-0.02357767118295222
RNU4-50P,Pseudogene,RNU4,1.2563463968724369,-0.158000007271767,0.64,0,0.3346937373291366,-0.024827659223084553
RNU4-51P,Pseudogene,RNU4,0.6450652508311419,0.30799999833107,0.93,0,0.43193146124016546,-0.04566965386319134
RNU4-52P,Pseudogene,RNU4,0.7802628730789173,0.211999997496605,0.55,0,0.7725731257172145,0.12641523340855412
RNU4-53P,Pseudogene,RNU4,1.0420284821118444,0.203999996185303,1.17,0,-0.6224663113840898,0.13250999907057917
RNU4-54P,Pseudogene,RNU4,1.1308836239973503,0.115000002086163,0,0,0.4074736545017627,-0.02365712540058055
RNU4-55P,Pseudogene,RNU4,0.9887861509090494,0.305000007152557,0,0,0.45466203973525826,-0.025757735201139102
RNU4-56P,Pseudogene,RNU4,0.8805874496719812,0.30799999833107,1.02,0,0.44828343081929123,-0.03179892380602628
RNU4-57P,Pseudogene,RNU4,0.7461438513887281,0.0689999982714653,0,0,0.3693761657926553,-0.0468299768656055
RNU4-58P,Pseudogene,RNU4,1.4041518553280172,0.30799999833107,0,0,0.480258230385138,-0.0031307035521748023
RNU4-59P,Pseudogene,RNU4,0.9282437628007808,-0.0815000012516975,2.33,0,0.3370502166580593,-0.0410065776003747
RNU4-5P,Pseudogene,RNU4,1.260725817863713,0.151999995112419,0.59,0,0.42612048079977954,-0.015440885289247865
RNU4-60P,Pseudogene,RNU4,1.36364221115871,-0.0759999975562096,0.96,0,0.36571974285573977,-0.016428721636974664
RNU4-61P,Pseudogene,RNU4,0.7141628226311706,0.347000002861023,0,0,0.18876244707339065,0.009596992249474764
RNU4-62P,Pseudogene,RNU4,1.442808667539477,0.0549999997019768,0.98,0,-0.20496149613894585,0.06570961030797168
RNU4-64P,Pseudogene,RNU4,0.7954415893983545,-0.216999992728233,0,0,0.28937998124985514,-0.05268691250375931
RNU4-65P,Pseudogene,RNU4,1.5382325212127226,-0.207000002264976,0,0,0.33890894114124676,-0.010360920286848978
RNU4-66P,Pseudogene,RNU4,1.2584885049659955,-0.0054999999701976,0,0,0.3797975481393168,-0.020219273001135452
RNU4-67P,Pseudogene,RNU4,1.0839066953409258,0.282999992370605,0,0,0.4542987279529404,-0.021078433111110618
RNU4-68P,Pseudogene,RNU4,1.108540938416856,0.204999998211861,0.73,0,0.713424157374444,0.12618483272745196
RNU4-69P,Pseudogene,RNU4,1.4816722006718532,0.0979999974370003,0,0,0.42398624042014366,-0.004906921327074889
RNU4-6P,Pseudogene,RNU4,0.8541217066490528,0.305000007152557,0,0,0.44552026921482996,-0.033413649894614296
RNU4-70P,Pseudogene,RNU4,1.1244911677465947,0.30799999833107,0,0,0.4641835178715597,-0.018021778033941574
RNU4-71P,Pseudogene,RNU4,0.9836257058282896,-0.0240000002086162,0,0,0.35733911051033745,-0.03614750590390696
RNU4-72P,Pseudogene,RNU4,1.2247348248328036,0.194999992847443,0.11,0,0.43660178537172034,-0.016110822352227983
RNU4-73P,Pseudogene,RNU4,1.3056148830242968,0.414000004529953,0,0,0.5043260939610845,-0.005451101487922198
RNU4-74P,Pseudogene,RNU4,1.0787044328279962,0.305000007152557,0,0,0.4605015186043289,-0.02067278999530289
RNU4-75P,Pseudogene,RNU4,0.8088805568904728,0.30799999833107,0,0,0.4431305358012825,-0.035972813448166385
RNU4-76P,Pseudogene,RNU4,1.0346382091890651,0.239999994635582,0,0,0.4384727952187973,-0.025176056916799576
RNU4-77P,Pseudogene,RNU4,0.4898424488559952,-0.0195000004023314,0,0,0.32701012173909444,-0.06429519337963889
RNU4-78P,Pseudogene,RNU4,1.461045226241475,-0.0819999985396862,2.87,0,0.3701896529987087,-0.011170448242095666
RNU4-79P,Pseudogene,RNU4,0.8621985076575545,0.214000001549721,0,0,0.41949227333356837,-0.0357692275086577
RNU4-7P,Pseudogene,RNU4,1.157809424568716,0.30799999833107,0,0,0.46608359463464155,-0.01622068359803871
RNU4-81P,Pseudogene,RNU4,0.603025741962873,0.0179999992251396,0,0,0.345243541968861,-0.056594183994613835
RNU4-82P,Pseudogene,RNU4,1.3149407036173275,-0.0274999998509884,1.17,0,0.3768599646446623,-0.01772983785687411
RNU4-83P,Pseudogene,RNU4,1.2013360946652842,0.30799999833107,0,0,-0.14922365324299305,0.05457893650970221
RNU4-84P,Pseudogene,RNU4,0.6746947006479569,0.30799999833107,0,0,0.43394232507417757,-0.043936363960512766
RNU4-85P,Pseudogene,RNU4,1.4402019671464517,0.26800000667572,1.28,0,0.4708970920656025,-0.002327180650865568
RNU4-87P,Pseudogene,RNU4,0.6353832207999052,0.207999996840954,1.11,0,0.40243129848221804,-0.049058979184097934
RNU4-88P,Pseudogene,RNU4,1.37321582913964,0.282000005245209,0,0,0.4707681174170569,-0.005549885220301726
RNU4-89P,Pseudogene,RNU4,1.331916104954989,0.0579999983310699,0.53,0,0.40293244736735734,-0.014306558753780008
RNU4-8P,Pseudogene,RNU4,0.7390272922779039,0.301999986171722,0,0,-0.010398653127999978,0.016682783988974745
RNU4-90P,Pseudogene,RNU4,1.133175181492786,0.214000001549721,0,0,0.9099504951369112,0.12621603605901488
RNU5A-2P,Pseudogene,RNU5,0.9282437628007808,-0.0169999997597188,0,0,0.35590781513038544,-0.03906224804971882
RNU5A-3P,Pseudogene,RNU5,1.310152769906705,0.30799999833107,0,0,1.0783373398682463,0.1261450036506202
RNU5A-4P,Pseudogene,RNU5,1.2829780110085771,0.0099999997764825,0,0,0.38585548998842945,-0.018409108255553374
RNU5A-5P,Pseudogene,RNU5,0.898300415613659,0.193999998271465,0,0,0.4160611576464919,-0.034328338276951684
RNU5A-6P,Pseudogene,RNU5,1.0779604987363909,-0.109000001102686,0,0,0.33823983001168256,-0.03338013220632969
RNU5B-2P,Pseudogene,RNU5,1.2602704355924963,0.214000001549721,1.4,0,0.4442540487103548,-0.013621668782984897
RNU5B-4P,Pseudogene,RNU5,0.7510115186391672,0.282999992370605,0.69,0,0.0059112447923298835,0.02500598976329276
RNU5B-6P,Pseudogene,RNU5,1.6345544817440696,0.140000000596046,0,0,0.44601085583232325,0.0046844641991503466
RNU5E-10P,Pseudogene,RNU5,1.5600991398849648,0.310999989509583,0.63,0,-0.2122171326680915,0.11077067535319643
RNU5E-3P,Pseudogene,RNU5,1.2769956888625544,-0.237499997019768,0,0,0.31228946963953835,-0.026011257089728786
RNU5E-5P,Pseudogene,RNU5,1.3474506234204884,0.206000000238419,0,0,0.8266620751312038,0.12608517403475117
RNU5E-7P,Pseudogene,RNU5,1.454683635996592,0.354999989271164,0,0,0.49704977626890884,9.362302167583048e-4
RNU5E-8P,Pseudogene,RNU5,1.3474506234204884,0.194999992847443,0,0,-0.13570013642096043,0.0808002774218883
RNU5E-9P,Pseudogene,RNU5,0.5677719293558127,-0.145500004291534,0,0,0.29575513958725247,-0.06359311478830264
RNU5F-2P,Pseudogene,RNU5,0.5930243394132448,-0.283500000834465,0,0,0.2575984091509792,-0.06630810133811701
RNU5F-3P,Pseudogene,RNU5,1.2468716879970787,0.0829999968409538,0,0,0.4050515335608292,-0.018246770366653845
RNU5F-4P,Pseudogene,RNU5,0.8531227338927381,0.284000009298325,0.33,0,1.3231213351433684,0.12638583567828712
RNU5F-6P,Pseudogene,RNU5,1.4073373177947324,0.0850000008940697,0,0,0.41553143417204136,-0.009367660117845721
RNU5F-7P,Pseudogene,RNU5,0.8155005512179653,-0.0810000002384186,0,0,0.3301442105684759,-0.04741077073723874
RNU5F-8P,Pseudogene,RNU5,0.7197193720292019,0.284000009298325,0,0,0.0548010457210975,0.023618145670179908
RNU6-1000P,Pseudogene,RNU6,1.2779594591937713,0.0480000004172325,0,0,-0.5426294485851899,0.06400454454865531
RNU6-1001P,Pseudogene,RNU6,0.9030913511635984,-0.211000002920628,0,0,0.2977293997699436,-0.04635303677961883
RNU6-1003P,Pseudogene,RNU6,1.0254883474751486,0.30799999833107,0,0,0.770560891735681,0.12624167303462047
RNU6-1004P,Pseudogene,RNU6,1.032640838128855,0.264999985694885,0.5,0,-0.18314155476921046,0.07784774543633237
RNU6-1005P,Pseudogene,RNU6,1.168630073396461,-0.245000004768372,0.71,0,-0.920936634127471,0.07174626109465382
RNU6-1006P,Pseudogene,RNU6,1.0116781379726645,-0.0579999983310699,0,0,-0.6754152929175521,0.05525311181130288
RNU6-1007P,Pseudogene,RNU6,0.8440106085641107,0.211999997496605,0,0,1.4605115162977254,0.12630969162195643
RNU6-1008P,Pseudogene,RNU6,0.9351537659978092,0.30799999833107,0,0,-1.3304090101906845,0.10881235815493821
RNU6-1009P,Pseudogene,RNU6,1.103706180429991,-0.111000001430511,0,0,-0.5380387277092904,0.08284265100438355
RNU6-100P,Pseudogene,RNU6,1.1141185028868776,-0.247500002384186,2.87,0,-0.38243350784299396,0.06554595884527538
RNU6-1010P,Pseudogene,RNU6,1.168630073396461,0.30799999833107,4.23,0,0.7641939916870432,0.1260857191199984
RNU6-1011P,Pseudogene,RNU6,1.4607875917455764,0.214000001549721,0.54,0,-0.969433808064867,0.10740982430072957
RNU6-1012P,Pseudogene,RNU6,0.9878557475678036,0.465000003576279,0,0,0.5050608420122662,-0.019802047928950416
RNU6-1013P,Pseudogene,RNU6,0.9089345015305808,0.305000007152557,0,0,-0.7324558351945295,0.06975717920635997
RNU6-1014P,Pseudogene,RNU6,1.0454007425717533,0.425999999046326,0,0,-1.0835989716913685,0.10122012031113913
RNU6-1015P,Pseudogene,RNU6,0.912213486023837,0.224000006914139,0,0,-0.2750757550267941,0.07376360281244125
RNU6-1016P,Pseudogene,RNU6,1.108540938416856,0.0535000003874302,13.54,0,-0.53077327164561106,0.05514161433617357
RNU6-1017P,Pseudogene,RNU6,0.8192047815344689,0.289000004529953,0,0,-0.2875670497088885,0.06916626845522783
RNU6-1018P,Pseudogene,RNU6,1.1141185028868776,0.30799999833107,0,0,-0.917840203050132,0.09062827283831323
RNU6-1019P,Pseudogene,RNU6,1.3958636987791062,0.090999998152256,0.21,0,-1.014338247005701,0.1019608283653664
RNU6-101P,Pseudogene,RNU6,1.0687471611403534,-0.0679999999701977,9.56,0,-0.4351560495188401,0.041550309124518646
RNU6-1020P,Pseudogene,RNU6,1.103706180429991,0.305000007152557,0.36,0,1.2118632546237187,0.1261536138487035
RNU6-1021P,Pseudogene,RNU6,1.168630073396461,-0.160999998450279,0,0,-0.5288410405705571,0.04884337537736397
RNU6-1022P,Pseudogene,RNU6,1.4695273465679857,0.287000000476837,0.09,0,1.4109419972262363,0.12582706704727217
RNU6-1023P,Pseudogene,RNU6,1.2124230766710138,0.201999992132187,0,0,-0.4382149218036388,0.061172919229240896
RNU6-1024P,Pseudogene,RNU6,1.136168126913226,-0.090999998152256,1.28,0,-0.6945948798579547,0.09147439232839821
RNU6-1025P,Pseudogene,RNU6,1.0687471611403534,0.0549999997019768,0.27,0,-0.5453637809969245,0.07584921189026382
RNU6-1026P,Pseudogene,RNU6,1.157809424568716,0.0200000004842877,0,0,-0.9031553899600342,0.08044979922572396
RNU6-1027P,Pseudogene,RNU6,0.7466247691144057,0.204999998211861,0,0,-0.6957687080671491,0.08186787577799813
RNU6-1028P,Pseudogene,RNU6,1.0457633512233564,0.30799999833107,0,0,1.4674370646837904,0.1262151925645796
RNU6-1029P,Pseudogene,RNU6,0.8764725550473457,-0.157000005245209,0.33,0,-1.2843229735220916,0.08539934591942636
RNU6-102P,Pseudogene,RNU6,0.9351537659978092,0.100500002503395,0,0,-0.5436169734769082,0.04912864677121833
RNU6-1031P,Pseudogene,RNU6,1.136168126913226,0.30799999833107,0,0,-1.0346213280811805,0.09881504518963623
RNU6-1032P,Pseudogene,RNU6,1.4607875917455764,0.305000007152557,0,0,-0.5306917128668754,0.08361011941919298
RNU6-1034P,Pseudogene,RNU6,1.1692728842179114,0.231000006198883,0,0,-0.7162349588899174,0.07780291082314666
RNU6-1035P,Pseudogene,RNU6,1.5581734311952813,0.296999990940094,0,0,-0.6988039738975742,0.1810668679763763
RNU6-1036P,Pseudogene,RNU6,0.9351537659978092,0.204999998211861,0,0,-0.5367421968774317,0.10308612904409933
RNU6-1037P,Pseudogene,RNU6,1.4283256452623412,0.284000009298325,0,0,-0.44895562026476943,0.07600321490924454
RNU6-1038P,Pseudogene,RNU6,1.2023405562828977,0.202999994158745,0,0,-0.9850950544871322,0.09491511551132108
RNU6-1039P,Pseudogene,RNU6,1.201092019879696,-0.096000000834465,0.3,0,-0.5736309726787017,0.05604604858463693
RNU6-103P,Pseudogene,RNU6,1.201092019879696,-0.120999999344349,0.61,0,-0.7148585227596218,0.10339332480355497
RNU6-1040P,Pseudogene,RNU6,1.266015912846166,0.305000007152557,0,0,-0.645279107437504,0.08103140235199369
RNU6-1041P,Pseudogene,RNU6,1.2940222980473886,0.305000007152557,0,0,0.9670555305265868,0.12609558548379485
RNU6-1042P,Pseudogene,RNU6,0.7141628226311706,0.30799999833107,0,0,-0.9948146051420808,0.07867733903289229
RNU6-1043P,Pseudogene,RNU6,1.6840864357363143,-0.200000002980232,0.27,0,-0.4059685555675426,0.062482436362962294
RNU6-1044P,Pseudogene,RNU6,1.2335539663629311,0.186000004410744,0,0,-0.7370773907602872,0.08024580685565479
RNU6-1045P,Pseudogene,RNU6,0.7141628226311706,-0.0280000008642673,0.71,0,-0.45915861338037295,0.024759204689287096
RNU6-1046P,Pseudogene,RNU6,1.168630073396461,0.0280000008642673,0.38,0,-0.7628109338560313,0.12184688422955878
RNU6-1047P,Pseudogene,RNU6,0.7790867155976406,0.30799999833107,0,0,-1.1555943972303269,0.09205856816447547
RNU6-1048P,Pseudogene,RNU6,1.2335539663629311,0.30799999833107,3.73,0,-0.8947155843084735,0.09486003768560604
RNU6-1049P,Pseudogene,RNU6,0.8115486620808757,-0.0509999990463257,0.27,0,-0.7451146594818727,0.05015008390550511
RNU6-104P,Pseudogene,RNU6,1.3634017522958712,-0.0140000004321337,0,0,-0.6547037125860127,0.07277523703422127
RNU6-1050P,Pseudogene,RNU6,1.201092019879696,0.273000001907349,0,0,-0.5420529767280348,0.10233632782194238
RNU6-1051P,Pseudogene,RNU6,0.6470111490236943,0.30799999833107,0,0,-0.8821229932128646,0.06856919259360973
RNU6-1052P,Pseudogene,RNU6,1.001950463569081,0.256999999284744,0,0,-0.895595127474823,0.08230149984777334
RNU6-1053P,Pseudogene,RNU6,1.1348825052703255,0.0659999996423721,4.35,0,-0.4219420629163761,0.04981463051948398
RNU6-1054P,Pseudogene,RNU6,1.3359339514254416,0.262500002980232,0,0,-0.5867315307654107,0.07901719413781783
RNU6-1055P,Pseudogene,RNU6,1.330939805812636,0.282000005245209,0,0,-0.8089579770107772,0.09339593137097651
RNU6-1056P,Pseudogene,RNU6,0.5518530902149955,0.30799999833107,0.21,0,0.9931100761216006,0.12653346468202295
RNU6-1057P,Pseudogene,RNU6,1.2599690796777203,0.282000005245209,0,0,1.2421008306353611,0.12610917773819125
RNU6-105P,Pseudogene,RNU6,1.2023405562828977,-0.0989999994635582,0,0,-0.5964522649934556,0.05762471360868393
RNU6-1061P,Pseudogene,RNU6,1.4034053631135952,0.152999997138977,0,0,-0.4673784335020232,0.06993939606521293
RNU6-1062P,Pseudogene,RNU6,0.9738583944970508,0.305999994277954,5.93,0,-0.5811714345308259,0.06326349255408183
RNU6-1064P,Pseudogene,RNU6,1.636519090496166,0.30799999833107,0,0,-0.4854523195452674,0.13353250669157912
RNU6-1065P,Pseudogene,RNU6,1.0158139291027417,0.26800000667572,0.61,0,-0.5590489310760971,0.09631897112433156
RNU6-1066P,Pseudogene,RNU6,1.2570502323888917,0.30799999833107,0,0,-0.03200855091474341,0.05155109719754499
RNU6-1067P,Pseudogene,RNU6,1.136168126913226,0.214000001549721,0,0,-0.6599420642125228,0.1205915927730548
RNU6-1068P,Pseudogene,RNU6,1.0116781379726645,-0.216000005602837,0,0,-0.7682116726614316,0.055149769581839606
RNU6-1069P,Pseudogene,RNU6,1.305800102897048,0.206000000238419,0,0,1.370791090607003,0.1259412188729156
RNU6-106P,Pseudogene,RNU6,1.006320340980286,0.349000006914139,0,0,1.780539075881773,0.12616770024039442
RNU6-1072P,Pseudogene,RNU6,1.3958636987791062,0.136999994516373,0,0,-0.7695259993634643,0.15513690009946152
RNU6-1073P,Pseudogene,RNU6,1.3107276504551504,0.0284999995492399,0,0,-0.6897186474608006,0.07427716065694069
RNU6-1074P,Pseudogene,RNU6,0.834958719640901,0.282000005245209,0,0,-1.0850469453604499,0.08843531224980972
RNU6-1075P,Pseudogene,RNU6,1.6880212171282214,0.214000001549721,0,0,-0.7123558005659781,0.1029823134875463
RNU6-1079P,Pseudogene,RNU6,1.168334964792068,-0.0470000002533197,1.39,0,-1.0029408703218563,0.08484466274921028
RNU6-107P,Pseudogene,RNU6,0.8513304592417029,-0.12049999833107,13.92,0,-0.8130140621845968,0.05406002673620025
RNU6-1080P,Pseudogene,RNU6,1.330939805812636,-0.244000002741814,0,0,-0.4168950471687799,0.045581876550306655
RNU6-1081P,Pseudogene,RNU6,1.0712442339467558,-0.0439999997615814,0,0,-0.8441058782816446,0.0699659332996885
RNU6-1082P,Pseudogene,RNU6,1.5257114847120463,0.30799999833107,0.26,0,-0.9652652366869998,0.11429240759935551
RNU6-1083P,Pseudogene,RNU6,1.3958636987791062,0.061999998986721,0.87,0,1.6123388918729602,0.12581698415400536
RNU6-1084P,Pseudogene,RNU6,1.330939805812636,-0.0419999994337559,0.36,0,-0.6554346693803392,0.10389148884650347
RNU6-1085P,Pseudogene,RNU6,1.6230973241617517,0.184000000357628,0,0,1.360561840564231,0.12572905808019685
RNU6-1086P,Pseudogene,RNU6,1.076762764848906,0.218999996781349,0,0,-0.8369504517060312,0.08062719183476856
RNU6-1087P,Pseudogene,RNU6,0.928540231584812,0.305000007152557,0,0,-0.4438989350788678,0.05224970908416261
RNU6-1088P,Pseudogene,RNU6,1.1021455099259891,0.0769999995827675,7.62,0,1.0401221242429801,0.12615347709460198
RNU6-1089P,Pseudogene,RNU6,0.6011702781414487,0.284000009298325,0.58,0,-1.328873205805398,0.0960788364876908
RNU6-108P,Pseudogene,RNU6,0.9089345015305808,0.30799999833107,0,0,-0.9239419822606351,0.08214355296322987
RNU6-1090P,Pseudogene,RNU6,0.9607354799612752,0.266999989748001,0,0,-0.6712117657272867,0.06666175654250295
RNU6-1091P,Pseudogene,RNU6,1.266015912846166,0.319999992847443,0.61,0,1.3912470257779972,0.12594677208287924
RNU6-1092P,Pseudogene,RNU6,1.1178849616525537,0.26800000667572,0,0,1.2347380739635379,0.12615550386143728
RNU6-1093P,Pseudogene,RNU6,0.9089345015305808,0.239999994635582,0,0,1.038423039803507,0.1263161430937509
RNU6-1094P,Pseudogene,RNU6,1.3693323002110775,-0.0515000000596046,0,0,-0.8236368807273057,0.08260557497557491
RNU6-1095P,Pseudogene,RNU6,0.9970025600452832,0.27700001001358,1.26,0,1.621387599990105,0.12621128853800578
RNU6-1096P,Pseudogene,RNU6,0.5448514939146899,-0.193000003695488,0.25,0,-0.8275223675020462,0.03587159039688386
RNU6-1097P,Pseudogene,RNU6,1.2335539663629311,0.202999994158745,0,0,-0.8498341847203359,0.0880831274574516
RNU6-1098P,Pseudogene,RNU6,1.1939909690864885,0.305000007152557,3,0,-0.8150842317502534,0.0880517999686814
RNU6-1099P,Pseudogene,RNU6,0.9738583944970508,0.214000001549721,9.26,0,-1.375299998645478,0.10948577063954464
RNU6-10P,Pseudogene,RNU6,1.4607875917455764,0.136999994516373,1.19,0,1.3057706907868383,0.12583391134909738
RNU6-1100P,Pseudogene,RNU6,0.801560370855265,0.234999999403954,0.07,0,-1.0066717822118458,0.07995977771629131
RNU6-1101P,Pseudogene,RNU6,1.5437458994249549,0.146999999880791,0.41,0,1.1640136817743567,0.12583104616476798
RNU6-1102P,Pseudogene,RNU6,0.6150862568021305,0.116500001400709,0,0,-0.7501476894684247,0.04851690096480861
RNU6-1103P,Pseudogene,RNU6,1.266015912846166,0.214000001549721,0,0,-0.8019822320264803,0.08697582666654664
RNU6-1104P,Pseudogene,RNU6,1.5697223929248938,0.214000001549721,0,0,-0.7335655871155305,0.14008468776312188
RNU6-1105P,Pseudogene,RNU6,1.3958636987791062,0.186000004410744,0,0,-0.632872975906838,0.11208159543017907
RNU6-1106P,Pseudogene,RNU6,1.298477859329401,0.214000001549721,0,0,1.411199271676696,0.12593380335939963
RNU6-1107P,Pseudogene,RNU6,1.2023405562828977,-0.100499998778105,0,0,-0.6707109128699099,0.062492709109674964
RNU6-1108P,Pseudogene,RNU6,1.135543858711625,-0.285500004887581,0,0,-0.8568591545585511,0.06431521247962702
RNU6-110P,Pseudogene,RNU6,0.9017554172121732,0.214000001549721,0.12,0,-1.2697886108322705,0.10022093922394755
RNU6-1110P,Pseudogene,RNU6,1.3068344000082537,0.0750000029802322,0,0,0.40636429608411806,-0.015189021214406908
RNU6-1111P,Pseudogene,RNU6,1.201092019879696,-0.180000007152557,0,0,-0.586195972989493,0.05338754138170983
RNU6-1112P,Pseudogene,RNU6,1.473575631269275,-0.0719999969005585,0,0,-0.4604340413965716,0.06259413712762743
RNU6-1113P,Pseudogene,RNU6,1.136168126913226,0.30799999833107,0,0,-0.7150601417112692,0.14136342969642876
RNU6-1115P,Pseudogene,RNU6,1.1141185028868776,-0.193500004708767,0,0,-0.42192216826227585,0.037707098350412444
RNU6-1116P,Pseudogene,RNU6,0.912213486023837,0.294999986886978,0,0,-0.6800521868740846,0.06616948284100956
RNU6-1117P,Pseudogene,RNU6,1.4361289977823497,0.0435000006109476,0,0,-0.8787495725857184,0.09327911655992867
RNU6-1118P,Pseudogene,RNU6,1.3359339514254416,0.262500002980232,1.45,0,-0.6325246826827378,0.0818105256884544
RNU6-1119P,Pseudogene,RNU6,1.318616289092149,0.0485000004991889,0,0,-0.49438191341237797,0.06283229114906118
RNU6-111P,Pseudogene,RNU6,0.7939264625614052,-0.0099999997764825,0,0,-0.6510464245891631,0.04436956803906066
RNU6-1120P,Pseudogene,RNU6,1.318616289092149,-0.136999994516373,0,0,-0.4196077140669819,0.04985620036576558
RNU6-1121P,Pseudogene,RNU6,0.9878557475678036,0.261999994516373,0.88,0,1.0777553200382155,0.1262526736308599
RNU6-1122P,Pseudogene,RNU6,0.9738583944970508,0.152999997138977,0,0,1.6950361109567076,0.12627665215379386
RNU6-1123P,Pseudogene,RNU6,1.2451912679323929,0.301999986171722,0,0,-1.210031303379032,0.11468537201895848
RNU6-1124P,Pseudogene,RNU6,1.168630073396461,0.30799999833107,0,0,-1.4375903141781794,0.12480847376694759
RNU6-1125P,Pseudogene,RNU6,1.2335539663629311,0.243000000715256,0,0,-0.6980575784958524,0.08021476710554241
RNU6-1126P,Pseudogene,RNU6,1.168630073396461,0.287999987602234,0,0,-0.5483446677066625,0.09160474450624362
RNU6-1127P,Pseudogene,RNU6,1.006320340980286,-0.133000001311302,0,0,-1.2403577176727152,0.08940068572023341
RNU6-1128P,Pseudogene,RNU6,1.1790536341938302,-0.0900000035762787,0,0,-0.5244766843469834,0.05198104052101853
RNU6-1129P,Pseudogene,RNU6,1.3693323002110775,-0.206500001251698,0,0,-0.46959659418639377,0.05250201807661189
RNU6-112P,Pseudogene,RNU6,1.1689422074972615,-0.17399999499321,8.06,0,-0.4844022619433607,0.045291049836593614
RNU6-1130P,Pseudogene,RNU6,1.103706180429991,0.153999999165535,0.72,0,-0.9620456715881756,0.08712889660716913
RNU6-1131P,Pseudogene,RNU6,1.266015912846166,0.446000009775162,0.16,0,-0.6627826275084404,0.1280772911527784
RNU6-1133P,Pseudogene,RNU6,1.146231330323029,0.294999986886978,0,0,1.6765375805746627,0.1261117951104932
RNU6-1134P,Pseudogene,RNU6,0.9629306105323976,0.214000001549721,0,0,-0.8076772345745451,0.0732092699148933
RNU6-1135P,Pseudogene,RNU6,1.3489041839635527,0.214000001549721,0.25,0,-0.4418354204589285,0.06845094338972343
RNU6-1136P,Pseudogene,RNU6,0.868357068426537,-0.116500001400709,1.11,0,-0.765476196787103,0.05182040447595679
RNU6-1137P,Pseudogene,RNU6,1.0876391564130363,-0.130999997258186,0,0,-0.8090258006043772,0.1110856262630802
RNU6-1138P,Pseudogene,RNU6,0.9830457378413626,-0.11599999666214,0.37,0,1.193726564533458,0.126220012405511
RNU6-113P,Pseudogene,RNU6,0.9629306105323976,0.307000011205673,0,0,-0.37677631202657724,0.06957843513584142
RNU6-1140P,Pseudogene,RNU6,0.7536683990117115,-0.341000005602837,0,0,-1.051937035684292,0.0571185900265471
RNU6-1141P,Pseudogene,RNU6,1.4607875917455764,0.163000002503395,0,0,-0.6727974774346267,0.08642994455683757
RNU6-1143P,Pseudogene,RNU6,1.3693323002110775,0.211999997496605,0,0,0.4502068356785099,-0.007779455602845787
RNU6-1144P,Pseudogene,RNU6,0.9685521147834452,0.30799999833107,0,0,-0.5898348913474261,0.08751075376072402
RNU6-1145P,Pseudogene,RNU6,1.330939805812636,0.284000009298325,0.21,0,-0.8713935253684458,0.14633633370595345
RNU6-1146P,Pseudogene,RNU6,1.0897029878293798,0.184000000357628,0,0,-0.7572895226148997,0.07502449344775526
RNU6-1147P,Pseudogene,RNU6,0.8764725550473457,-0.17399999499321,0.24,0,-0.6528121430327307,0.06504727906404179
RNU6-1148P,Pseudogene,RNU6,1.001950463569081,0.211999997496605,0,0,-0.8868253034084276,0.08004562432447583
RNU6-1149P,Pseudogene,RNU6,1.0384476282214257,0.211999997496605,0,0,-0.4171750315174949,0.09808555011386097
RNU6-114P,Pseudogene,RNU6,0.7939264625614052,0.30799999833107,0,0,-1.1553996636788333,0.092614460683267
RNU6-1150P,Pseudogene,RNU6,1.0525540223351963,0.194000005722046,0,0,0.4260033149275059,-0.02559614304081481
RNU6-1152P,Pseudogene,RNU6,1.201092019879696,-0.129999995231628,0,0,-1.009458222606484,0.08362631355489954
RNU6-1154P,Pseudogene,RNU6,1.3693323002110775,0.30799999833107,0.18,0,-0.5464395641514207,0.12079312725523678
RNU6-1155P,Pseudogene,RNU6,1.201092019879696,0.228000000119209,0,0,1.3908372907316062,0.12606985245758331
RNU6-1156P,Pseudogene,RNU6,1.076762764848906,0.30799999833107,0.58,0,-0.6948198492610581,0.07519195667794623
RNU6-1157P,Pseudogene,RNU6,1.2124230766710138,0.0399999991059303,3.68,0,-0.5895765358715783,0.10973929949202466
RNU6-1158P,Pseudogene,RNU6,1.168630073396461,0.30799999833107,0,0,-0.7051976050406275,0.13472194869143103
RNU6-1159P,Pseudogene,RNU6,1.3634017522958712,0.211999997496605,0.09,0,-0.6615814324716834,0.08287415447572781
RNU6-115P,Pseudogene,RNU6,1.4607875917455764,0.239999994635582,0.67,0,-0.6669549296289107,0.08933799802547544
RNU6-1160P,Pseudogene,RNU6,1.0687471611403534,0.114500001072884,0.29,0,-0.5528774600544237,0.08692089971049693
RNU6-1162P,Pseudogene,RNU6,1.3693323002110775,0.146999999880791,0.32,0,1.2655286490136561,0.1259548236802134
RNU6-1163P,Pseudogene,RNU6,1.4283256452623412,0.202999994158745,0.67,0,-0.6656805444035288,0.0860378684463208
RNU6-1164P,Pseudogene,RNU6,1.136168126913226,0.223000004887581,0,0,-0.5996271273825244,0.1139638142722876
RNU6-1165P,Pseudogene,RNU6,1.168630073396461,-0.0359999984502792,0.17,0,-0.4720038985455993,0.05039647539118669
RNU6-1167P,Pseudogene,RNU6,1.108540938416856,0.305000007152557,0,0,-0.909635566855753,0.08978720364146585
RNU6-1168P,Pseudogene,RNU6,0.868357068426537,-0.13400000333786,0,0,-0.9767315382458852,0.06577807169399094
RNU6-1169P,Pseudogene,RNU6,1.281458974765375,0.26800000667572,0.19,0,1.3441328790752258,0.1260126089522477
RNU6-116P,Pseudogene,RNU6,1.46585046413287,0.305000007152557,0,0,-0.9674628788597097,0.11116835922635511
RNU6-1170P,Pseudogene,RNU6,1.4090322242392863,0.197999998927116,0.22,0,-0.6167704607286352,0.08175397403535456
RNU6-1172P,Pseudogene,RNU6,0.8115486620808757,0.305000007152557,0,0,-0.8730953741541047,0.07451250971967148
RNU6-1174P,Pseudogene,RNU6,0.6878075789517125,-0.0080000003799796,0,0,-0.6073662669476546,0.03566628409483699
RNU6-1175P,Pseudogene,RNU6,1.330939805812636,-0.0659999996423721,0,0,-1.2002590917170166,0.10475398082821682
RNU6-1176P,Pseudogene,RNU6,1.298477859329401,0.30799999833107,0,0,-0.3206009254025878,0.07169061121185187
RNU6-1177P,Pseudogene,RNU6,0.9351537659978092,-0.149000003933907,0,0,-0.6667317912196027,0.04712227720532169
RNU6-1178P,Pseudogene,RNU6,1.5906353776785165,0.24600000679493,0,0,1.0433168777392847,0.1257582753135109
RNU6-1179P,Pseudogene,RNU6,1.006320340980286,0.130999997258186,0,0,-1.2413664503042268,0.09947906749414867
RNU6-117P,Pseudogene,RNU6,1.4283256452623412,-0.174999997019768,0,0,-0.5251553518556219,0.06025426121962993
RNU6-1180P,Pseudogene,RNU6,0.8440106085641107,0.305000007152557,0,0,-1.1576048022096448,0.09454019692900789
RNU6-1181P,Pseudogene,RNU6,0.6553638252275752,0.30799999833107,0.28,0,-1.2623817148988836,0.0947371925215673
RNU6-1183P,Pseudogene,RNU6,1.157809424568716,0.118000000715256,0,0,-0.8409710638473169,0.12084928852456793
RNU6-1184P,Pseudogene,RNU6,1.318616289092149,0.155000001192093,0,0,-0.7019281502740472,0.08086344839389278
RNU6-1186P,Pseudogene,RNU6,1.4681500950716708,0.30799999833107,0,0,-0.3464123890843845,0.07277671254070546
RNU6-1187P,Pseudogene,RNU6,1.4841011714926269,0.214000001549721,0,0,-1.0448065397930246,0.18553303356256126
RNU6-1188P,Pseudogene,RNU6,1.2335539663629311,0.347000002861023,0,0,-1.0087489534259582,0.10342097492097123
RNU6-118P,Pseudogene,RNU6,1.157809424568716,0.202999994158745,7.85,0,-0.39288129962057383,0.05595476208673776
RNU6-1190P,Pseudogene,RNU6,1.2357389050685337,0.0799999982118607,0,0,-0.4014287671439823,0.07629721372319295
RNU6-1191P,Pseudogene,RNU6,1.7529451100946911,0.284000009298325,0,0,-0.29871978212268646,0.11697596620095099
RNU6-1192P,Pseudogene,RNU6,1.0712442339467558,0.145999997854233,0,0,-0.29348278568091907,0.05865519200189814
RNU6-1193P,Pseudogene,RNU6,0.4544672507652904,0.430999994277954,0,0,-1.0522816494256044,0.07828443062560697
RNU6-1195P,Pseudogene,RNU6,1.135543858711625,0.211999997496605,0,0,-0.6985105013940189,0.13315433514961444
RNU6-1196P,Pseudogene,RNU6,0.7020759276640086,-0.167499996721745,0,0,0.8935181223823824,0.12643397824715402
RNU6-1197P,Pseudogene,RNU6,1.5906353776785165,0.319000005722046,0,0,-0.27540545506233666,0.09084165208733712
RNU6-1198P,Pseudogene,RNU6,1.5034241781713178,0.222000002861023,0,0,-0.5983821978139388,0.1609799248718179
RNU6-1199P,Pseudogene,RNU6,1.1021455099259891,0.24099999666214,0,0,-0.6999110391290442,0.07408594858402111
RNU6-119P,Pseudogene,RNU6,1.266015912846166,0.0189999993890524,0,0,-0.7684303786374486,0.07682255926654179
RNU6-11P,Pseudogene,RNU6,1.5581734311952813,0,0.03,0,-1.1302621303319647,0.11428998084387303
RNU6-1200P,Pseudogene,RNU6,1.266015912846166,0.30799999833107,0,0,-0.8223407192302815,0.091937841554021
RNU6-1201P,Pseudogene,RNU6,1.266015912846166,0.296999990940094,0,0,1.1199306389375239,0.1261014071732835
RNU6-1203P,Pseudogene,RNU6,1.4841011714926269,0.30799999833107,0.25,0,-0.33878142199586336,0.0731257470384198
RNU6-1204P,Pseudogene,RNU6,1.2335539663629311,-0.138999998569489,0,0,-0.7737963245992943,0.06918289055672365
RNU6-1205P,Pseudogene,RNU6,1.2451912679323929,0.214000001549721,0,0,1.3302853726810162,0.1260449010677388
RNU6-1206P,Pseudogene,RNU6,0.5058390689863322,0.277999997138977,0.32,0,0.4137415698473416,-0.05461328535154767
RNU6-1207P,Pseudogene,RNU6,1.0387822874635209,0.249999992549419,0,0,-0.4637955045285888,0.05682166261859716
RNU6-1208P,Pseudogene,RNU6,1.0387822874635209,0.0080000003799796,0,0,-0.43255470131223533,0.043039544331790976
RNU6-1209P,Pseudogene,RNU6,1.006320340980286,0.30799999833107,0.56,0,-0.9733656985881193,0.08927642224859608
RNU6-120P,Pseudogene,RNU6,1.0454007425717533,-0.224000006914139,0,0,-0.9198933168205486,0.11866537650002335
RNU6-1210P,Pseudogene,RNU6,0.9413964480138156,-0.0949999988079071,0,0,-0.36025460326058095,0.028354262589858417
RNU6-1211P,Pseudogene,RNU6,0.7277659240146215,-0.218999996781349,0,0,-0.34020443678902773,0.004840385424879163
RNU6-1212P,Pseudogene,RNU6,1.2357389050685337,-0.0474999994039536,0,0,0.36608032166303495,-0.022715613799086994
RNU6-1213P,Pseudogene,RNU6,1.736714136853074,0.180000007152557,0,0,1.3894700408378247,0.12566589307511447
RNU6-1214P,Pseudogene,RNU6,0.732925232066435,0.347000002861023,0,0,-0.8371351888716548,0.07031615198217805
RNU6-1215P,Pseudogene,RNU6,1.2940222980473886,-0.189499996602535,0,0,-0.440883064625231,0.04772897670138645
RNU6-1216P,Pseudogene,RNU6,1.0712442339467558,0.0869999974966049,0,0,-1.2114262667542273,0.09866187119497014
RNU6-1219P,Pseudogene,RNU6,0.7753188110951224,-0.307500004768372,0.62,0,-1.0178384033843915,0.08592249131052503
RNU6-121P,Pseudogene,RNU6,0.4561067430119185,0.146999999880791,0,0,-0.8410471637617076,0.04980380383828242
RNU6-1220P,Pseudogene,RNU6,1.157809424568716,0.140500001609325,0,0,0.4166102931667425,-0.02140487537005166
RNU6-1222P,Pseudogene,RNU6,1.330939805812636,-0.187000006437302,0,0,-0.4857304142537862,0.05262830377927323
RNU6-1223P,Pseudogene,RNU6,1.669917439281802,0.266999989748001,2.77,0,1.463664574947562,0.12573782488771476
RNU6-1224P,Pseudogene,RNU6,0.877128351945997,0.30799999833107,0,0,-0.3060910154633836,0.052137494551082804
RNU6-1225P,Pseudogene,RNU6,1.0687471611403534,0.282999992370605,0.51,0,-0.7736822428986253,0.07877150806144328
RNU6-1226P,Pseudogene,RNU6,0.9738583944970508,0.44200000166893,0.53,0,-0.73320692628754,0.07813690357303472
RNU6-1227P,Pseudogene,RNU6,0.7466247691144057,0.44200000166893,0.08,0,-1.0254121044071478,0.08694500070365825
RNU6-1228P,Pseudogene,RNU6,0.9413964480138156,-0.0270000007003546,0,0,-1.0744669332663914,0.07968953175040573
RNU6-1229P,Pseudogene,RNU6,1.3634017522958712,0.28600001335144,0,0,-0.5829147227262647,0.1000309939028252
RNU6-122P,Pseudogene,RNU6,1.201092019879696,0.104000002145767,3.45,0,-0.4978694196474358,0.05984294296242245
RNU6-1230P,Pseudogene,RNU6,1.5437458994249549,-0.163499996066093,0,0,-0.6368395269125898,0.073594619966264
RNU6-1231P,Pseudogene,RNU6,1.112845951769931,-0.0729999989271164,0.7,0,-0.7867732391768552,0.13745226163082278
RNU6-1232P,Pseudogene,RNU6,1.211661025711447,0.0474999994039536,0,0,-0.8010396466677896,0.0775418084133845
RNU6-1233P,Pseudogene,RNU6,1.6005012633744016,-0.156000003218651,0,0,-0.8345842506418917,0.09013848638106992
RNU6-1234P,Pseudogene,RNU6,1.315181579364464,-0.112999998033047,0,0,-0.25540612464867885,0.03957030949450926
RNU6-1236P,Pseudogene,RNU6,0.912213486023837,0.194000005722046,0,0,-0.6023840490939486,0.05634149854450179
RNU6-1237P,Pseudogene,RNU6,1.136168126913226,-0.0979999974370003,0,0,-0.7676462032045138,0.06584643959639776
RNU6-1238P,Pseudogene,RNU6,1.770767355222742,-0.23200000077486,0.71,0,0.7993808691464931,0.12571818413222408
RNU6-123P,Pseudogene,RNU6,0.9534901143507074,0.0104999998002313,0.23,0,-0.7046352123097848,0.11710396770514812
RNU6-1240P,Pseudogene,RNU6,0.7013653244983569,-0.192999996244907,0,0,-0.9708366265532933,0.05473621037303878
RNU6-1241P,Pseudogene,RNU6,0.8440106085641107,0.303000003099442,0,0,-0.8217654183603879,0.07250558846503845
RNU6-1242P,Pseudogene,RNU6,1.4837946023599078,0.196999996900558,0.09,0,1.5536273470808135,0.12599266012450555
RNU6-1243P,Pseudogene,RNU6,0.9738583944970508,0.0610000006854534,0.36,0,-1.0137521750567404,0.08074995620733508
RNU6-1244P,Pseudogene,RNU6,1.1256480516640297,0.282999992370605,0,0,-0.7135487908298873,0.07766147317963171
RNU6-1245P,Pseudogene,RNU6,0.688132016488954,-0.0240000002086163,4.39,0,1.1965453077590935,0.12642819582364268
RNU6-1246P,Pseudogene,RNU6,1.5257114847120463,0.214000001549721,0,0,-0.5153877809975334,0.08195107810016844
RNU6-1247P,Pseudogene,RNU6,1.311396389052321,0.118499998003244,0,0,-0.44959955783450206,0.1034810819056052
RNU6-1248P,Pseudogene,RNU6,0.9769017019798542,0.275000005960464,0.99,0,-1.0044553897767377,0.08882443901646922
RNU6-1249P,Pseudogene,RNU6,1.3142701576185425,0.152999997138977,0,0,-0.8296217843912236,0.08858494874321365
RNU6-1250P,Pseudogene,RNU6,1.4283256452623412,0.0719999969005585,0,0,-0.38301486248598937,0.061896890083071275
RNU6-1251P,Pseudogene,RNU6,1.4607875917455764,0.282000005245209,2,0,-0.8243249034118203,0.10099054041891825
RNU6-1252P,Pseudogene,RNU6,1.5697223929248938,0.246999993920326,0,0,-0.9799693080192411,0.11520166593544784
RNU6-1254P,Pseudogene,RNU6,1.0687471611403534,0.189999997615814,0.25,0,-0.7694374736867731,0.07493075658904352
RNU6-1255P,Pseudogene,RNU6,1.5506376221902447,0.30799999833107,4.84,0,1.1476623721907624,0.12569012753387535
RNU6-1256P,Pseudogene,RNU6,1.2477363701662862,0.118000000715256,2.11,0,-0.6321180274877692,0.07138311903251013
RNU6-1257P,Pseudogene,RNU6,1.0736051027819002,-0.0854999981820583,0.67,0,-0.6171138163734454,0.05328469780658587
RNU6-1258P,Pseudogene,RNU6,1.126517277958751,-0.136999994516373,0,0,0.33301510785670324,-0.03148085216725048
RNU6-125P,Pseudogene,RNU6,0.9413964480138156,0.214000001549721,0,0,-0.9378314598027847,0.08054902135736308
RNU6-1260P,Pseudogene,RNU6,1.0387822874635209,-0.264999985694885,0.36,0,-1.2640730106629257,0.08754295265993427
RNU6-1261P,Pseudogene,RNU6,1.1021455099259891,0.282000005245209,0,0,-0.13059965639607807,0.05539190395679043
RNU6-1262P,Pseudogene,RNU6,1.230172513604261,-0.284499987959862,0.56,0,-0.7905659532738026,0.06443672574571017
RNU6-1263P,Pseudogene,RNU6,0.9830457378413626,0.30799999833107,0.28,0,-0.9146760190935408,0.08455725189577412
RNU6-1264P,Pseudogene,RNU6,1.7529451100946911,0.305000007152557,0,0,-0.5334150566070309,0.18084884667258821
RNU6-1265P,Pseudogene,RNU6,1.4837946023599078,-0.430999994277954,0,0,0.2717250614247478,-0.019511936358441426
RNU6-1266P,Pseudogene,RNU6,0.9262475396549728,0.0719999969005585,0,0,1.444317595615635,0.12627121311612446
RNU6-1267P,Pseudogene,RNU6,1.266015912846166,-0.0920000001788139,0.42,0,-0.6733345616658173,0.06602529354756602
RNU6-1269P,Pseudogene,RNU6,0.4220053042820553,0.428000003099442,0,0,-1.1692161370815688,0.08502366171060236
RNU6-126P,Pseudogene,RNU6,1.4837946023599078,0.206000000238419,1.41,0,0.45556088116370513,-0.001738097342849207
RNU6-1270P,Pseudogene,RNU6,1.4794231536155815,0.203999996185303,0,0,-0.6229193215827352,0.08595892285422982
RNU6-1271P,Pseudogene,RNU6,1.3232107709356753,0.296999990940094,0,0,-0.2691687156900709,0.06036940103284854
RNU6-1272P,Pseudogene,RNU6,1.168630073396461,-0.218999996781349,5.87,0,-0.4902680915797775,0.043884385521151086
RNU6-1273P,Pseudogene,RNU6,1.2691372538541694,-0.149499997496605,0,0,0.9953576825316365,0.12600447970328857
RNU6-1274P,Pseudogene,RNU6,1.136168126913226,0.301999986171722,0,0,1.4669971432243145,0.12609291333137926
RNU6-1275P,Pseudogene,RNU6,0.9413964480138156,-0.046000000089407,5.97,0,-0.7295063201536974,0.05581305744399438
RNU6-1276P,Pseudogene,RNU6,1.135543858711625,0.30799999833107,0,0,-0.5884495016822637,0.07136397619621053
RNU6-1277P,Pseudogene,RNU6,1.2335539663629311,0.0270000007003546,0,0,-0.39154565891613347,0.05102333767197761
RNU6-1278P,Pseudogene,RNU6,0.8764725550473457,-0.136000007390976,0,0,-0.7687669861627618,0.051698630651907884
RNU6-1279P,Pseudogene,RNU6,1.4837946023599078,0.0549999997019768,0,0,-0.5040221347026582,0.07198224136228872
RNU6-127P,Pseudogene,RNU6,1.0387822874635209,-0.197999998927116,0,0,-0.9149168104715101,0.06694167632862517
RNU6-1280P,Pseudogene,RNU6,1.3634017522958712,-0.163000002503395,0.73,0,-0.430328711728265,0.05144766760104763
RNU6-1281P,Pseudogene,RNU6,0.9593278089283648,0.137999996542931,0,0,-0.7272351865527249,0.06466415151391798
RNU6-1282P,Pseudogene,RNU6,1.4834433252286674,-0.238499999046326,0,0,-0.5248761676128094,0.06000566330240834
RNU6-1283P,Pseudogene,RNU6,0.5292843083742702,-0.211999997496605,0,0,-1.0683487339892466,0.10983940948876392
RNU6-1284P,Pseudogene,RNU6,0.868357068426537,0.105999998748302,0.29,0,-0.9022580578356592,0.07038039892458849
RNU6-1285P,Pseudogene,RNU6,1.2570502323888917,-0.0309999994933605,0.52,0,-0.5994164779032882,0.06329852690003643
RNU6-1286P,Pseudogene,RNU6,1.136168126913226,0.30799999833107,0,0,-0.20562239205003005,0.051042113895749246
RNU6-1287P,Pseudogene,RNU6,1.330939805812636,0.214000001549721,0,0,-0.9427819719480087,0.09897753402192752
RNU6-1288P,Pseudogene,RNU6,1.60312074171053,-0.150000005960464,0,0,-0.19963542570659676,0.04746052089937258
RNU6-1289P,Pseudogene,RNU6,0.8192047815344689,0.365000009536743,0,0,-0.9633235019206636,0.08301072479817835
RNU6-128P,Pseudogene,RNU6,0.6492389296647005,0.30799999833107,0,0,-1.1910501444327377,0.08964749995488185
RNU6-1290P,Pseudogene,RNU6,0.6054599743157506,-0.177000001072884,0,0,-0.9250441155566085,0.047059707033809836
RNU6-1291P,Pseudogene,RNU6,1.3693323002110775,-0.0209999997168779,0,0,-0.3772427443819688,0.05451177092592049
RNU6-1292P,Pseudogene,RNU6,1.4607875917455764,-0.212999999523163,0,0,-0.9941478746218445,0.0918545837188476
RNU6-1294P,Pseudogene,RNU6,1.114927594029134,0.294999986886978,0,0,-0.4724575217528351,0.10762927908061981
RNU6-1296P,Pseudogene,RNU6,1.0712442339467558,-0.127000004053116,0,0,-0.5971200059040815,0.05007761877381916
RNU6-1297P,Pseudogene,RNU6,0.801560370855265,0.239999994635582,0,0,-0.920702167108923,0.08629974694906406
RNU6-1298P,Pseudogene,RNU6,0.9629306105323976,-0.224999994039536,0,0,0.9420073037889798,0.12616632201123773
RNU6-1299P,Pseudogene,RNU6,1.2504341785342132,0.30799999833107,0,0,-0.6145585247032491,0.07846182725415295
RNU6-129P,Pseudogene,RNU6,1.136168126913226,-0.0799999982118607,0,0,-0.5819310263806982,0.05433919866067648
RNU6-1300P,Pseudogene,RNU6,1.0291639329499698,0.30799999833107,0,0,-0.6353107521136269,0.0813843327909789
RNU6-1301P,Pseudogene,RNU6,1.1689422074972615,0.220000006258488,0,0,-0.5421671287857607,0.09503565931959287
RNU6-1303P,Pseudogene,RNU6,1.6230973241617517,-0.0820000022649765,0,0,-0.8008556774835098,0.09228256336838636
RNU6-1304P,Pseudogene,RNU6,0.8847411640572264,0.29899999499321,0,0,1.8970656250316986,0.12624984876649795
RNU6-1305P,Pseudogene,RNU6,1.2023405562828977,-0.078999999910593,0.09,0,-0.3695693018339783,0.043468156035011245
RNU6-1306P,Pseudogene,RNU6,1.6139161675806344,-0.0109999999403954,2.56,0,1.3359532797336706,0.12583743716867413
RNU6-1307P,Pseudogene,RNU6,1.079123347170842,0.256999999284744,0,0,-0.7514877185767646,0.07692068146164718
RNU6-1308P,Pseudogene,RNU6,0.7081746965808651,0.214000001549721,0,0,-0.5481284948574697,0.06068171200515755
RNU6-1309P,Pseudogene,RNU6,0.643227458093731,-0.168000005185604,0,0,-0.9301462601497659,0.049843899746300706
RNU6-130P,Pseudogene,RNU6,1.2140137655671974,0.305000007152557,3.52,0,-0.8189602824253688,0.08915589362967509
RNU6-1310P,Pseudogene,RNU6,1.266015912846166,0.239999994635582,0,0,-0.8833997784080343,0.09319095256442031
RNU6-1311P,Pseudogene,RNU6,0.8115486620808757,0.30799999833107,5.22,0,-0.5009228998087218,0.07353124844834592
RNU6-1312P,Pseudogene,RNU6,0.643227458093731,0.0945000015199184,0.26,0,-0.5845117406834737,0.03700657821130761
RNU6-1313P,Pseudogene,RNU6,1.0897029878293798,-0.0329999998211861,0,0,-0.7935883276778757,0.06801389130444263
RNU6-1315P,Pseudogene,RNU6,1.508660765347115,0.310999989509583,0.27,0,1.3949082042893741,0.1258479738493996
RNU6-1316P,Pseudogene,RNU6,1.0291639329499698,0.301999986171722,0,0,-0.5286189506230666,0.07533286467703657
RNU6-1317P,Pseudogene,RNU6,1.4361289977823497,-0.0850000008940697,0,0,-0.48751035103476903,0.0620483571161448
RNU6-1318P,Pseudogene,RNU6,0.7418973011799539,0.293999999761581,0,0,-0.9564531086519235,0.07670341024894697
RNU6-1319P,Pseudogene,RNU6,0.7013653244983569,0.261999994516373,0.04,0,-0.9347389744213949,0.07230281064040144
RNU6-131P,Pseudogene,RNU6,1.136168126913226,0.118000000715256,0,0,-0.5548780658612122,0.10328352165948312
RNU6-1320P,Pseudogene,RNU6,1.0712442339467558,0.40599998831749,0,0,-0.9211926635541088,0.09177508995662084
RNU6-1321P,Pseudogene,RNU6,0.4544672507652904,0.23199999332428,0,0,-0.8999387077067792,0.05803232784474756
RNU6-1322P,Pseudogene,RNU6,1.168630073396461,0.305000007152557,0,0,1.945226203841954,0.12622758805492929
RNU6-1323P,Pseudogene,RNU6,1.136168126913226,0.105999998748302,1.33,0,-1.2755582367963103,0.10647692836243626
RNU6-1324P,Pseudogene,RNU6,1.136168126913226,0.0320000015199184,0,0,-0.6810854499189241,0.10716807630548927
RNU6-1325P,Pseudogene,RNU6,1.6209331943962024,-0.185000002384186,0,0,0.35082713182066455,-0.005089652973599925
RNU6-1326P,Pseudogene,RNU6,1.006320340980286,-0.550000011920929,0,0,-0.4529105512329355,0.02101722922140064
RNU6-1327P,Pseudogene,RNU6,1.5878529251228104,0.30799999833107,0,0,-0.7943483583269609,0.10678914905847464
RNU6-1328P,Pseudogene,RNU6,1.1468866941482565,0.28099998831749,0,0,1.160667404306095,0.12614636673954946
RNU6-1329P,Pseudogene,RNU6,1.298477859329401,-0.068000003695488,0.46,0,-1.083716937397933,0.15632623833215067
RNU6-132P,Pseudogene,RNU6,1.103706180429991,0.239999994635582,0.67,0,1.4522874378727044,0.1261179184535876
RNU6-1330P,Pseudogene,RNU6,1.1247291552953242,0.0419999994337559,0,0,-0.7343210940131256,0.0689117421518978
RNU6-1331P,Pseudogene,RNU6,1.4090322242392863,0.239999994635582,0.37,0,-0.7754561075246382,0.161189729520412
RNU6-1332P,Pseudogene,RNU6,1.2691372538541694,-0.417000010609627,0,0,-1.0274159193359227,0.07703583783524398
RNU6-1333P,Pseudogene,RNU6,0.8216712045326372,0.30799999833107,0.88,0,-0.6309981711071728,0.05924599419297217
RNU6-1335P,Pseudogene,RNU6,1.0712442339467558,0.0769999995827675,0,0,1.2606345676546535,0.12612724723824684
RNU6-1336P,Pseudogene,RNU6,1.0197220620054748,-0.0900000035762787,0,0,-0.7818295156226901,0.061496719352764656
RNU6-1337P,Pseudogene,RNU6,1.060309683552403,0.252000004053116,0.76,0,0.44365777825004604,-0.023358878815610377
RNU6-1338P,Pseudogene,RNU6,1.030577619671055,0.30799999833107,0.47,0,-0.83100928155254306,0.08144567035045397
RNU6-1339P,Pseudogene,RNU6,1.5267816587719332,0.208000004291534,0,0,-0.46166125140632835,0.07835064081915691
RNU6-133P,Pseudogene,RNU6,1.266015912846166,0.301999986171722,0,0,-0.5266800086756674,0.07362668708956341
RNU6-1340P,Pseudogene,RNU6,0.8440106085641107,0.30799999833107,0.56,0,-0.3839644003120862,0.07248061664197082
RNU6-135P,Pseudogene,RNU6,1.375615157903425,-0.116999998688698,0.29,0,-0.642817669578028,0.06816319576725348
RNU6-136P,Pseudogene,RNU6,0.7466247691144057,0.284000009298325,0.28,0,0.9719710179036409,0.12641308195044504
RNU6-137P,Pseudogene,RNU6,1.157809424568716,-0.204999998211861,0,0,-0.7152320607146316,0.05909341061357434
RNU6-138P,Pseudogene,RNU6,1.168630073396461,0.0130000002682209,0,0,-0.4243074518563394,0.04936422077184815
RNU6-139P,Pseudogene,RNU6,0.9157219994316208,-0.13849999755621,0,0,-0.6382949466030989,0.0446462522427583
RNU6-13P,Pseudogene,RNU6,1.3958636987791062,0.0610000006854534,0,0,-1.2049200267701974,0.11313582079478016
RNU6-140P,Pseudogene,RNU6,1.2221321703780892,0.0549999997019768,3.82,0,-1.1702484968473774,0.181592397555276
RNU6-141P,Pseudogene,RNU6,0.860087001108189,0.30799999833107,0,0,-1.0244065159991145,0.08666899448975574
RNU6-142P,Pseudogene,RNU6,1.201092019879696,0.305000007152557,0,0,-1.09583329972906,0.10577232731615943
RNU6-143P,Pseudogene,RNU6,0.9337172778779969,0.30799999833107,0,0,1.6124919094392791,0.1263093359988673
RNU6-144P,Pseudogene,RNU6,1.298477859329401,-0.0199999995529652,0,0,-0.8724746397469215,0.0835277801688149
RNU6-145P,Pseudogene,RNU6,1.0158139291027417,0.146999999880791,0,0,-1.1658246989918435,0.0958054906251284
RNU6-146P,Pseudogene,RNU6,1.2542935432827758,-0.191500000655651,11.35,0,-0.7092009082695374,0.063841023559616
RNU6-147P,Pseudogene,RNU6,1.201092019879696,0.168999999761581,0.36,0,-0.6050250916584211,0.10915022772556415
RNU6-148P,Pseudogene,RNU6,1.145492303030751,0.446000009775162,0,0,-1.0411129654456712,0.1033714388978178
RNU6-14P,Pseudogene,RNU6,1.507336798023423,-0.1875,0,0,-1.008352407021576,0.09607879186734297
RNU6-150P,Pseudogene,RNU6,1.1334344893146375,-0.212999999523163,0,0,-0.3970699022012128,0.03616911599678841
RNU6-151P,Pseudogene,RNU6,0.7466247691144057,-0.261999994516373,1.33,0,-1.032281142304164,0.05879194553152305
RNU6-152P,Pseudogene,RNU6,1.006320340980286,0.305000007152557,0,0,-0.5242710344791361,0.08739619110617668
RNU6-153P,Pseudogene,RNU6,1.1021455099259891,-0.157000005245209,0,0,-0.4388763763926948,0.039684788444241455
RNU6-154P,Pseudogene,RNU6,0.9830457378413626,0.30799999833107,0,0,-1.152687240097645,0.0999790591776539
RNU6-155P,Pseudogene,RNU6,1.1114970475859671,-0.184499993920326,0,0,-0.5247487858973177,0.08588672417683454
RNU6-156P,Pseudogene,RNU6,0.9089345015305808,-0.319000005722046,0,0,0.26685195497746506,-0.04927762387630233
RNU6-157P,Pseudogene,RNU6,0.7141628226311706,0.437999993562698,0,0,-0.8871867416508982,0.07625682087629394
RNU6-158P,Pseudogene,RNU6,0.7641542202153526,0.305000007152557,0,0,-0.9673505934473755,0.07874487807766813
RNU6-159P,Pseudogene,RNU6,1.1796548854096351,0.0065000001341104,0,0,-0.3836848318748821,0.046817789928813754
RNU6-15P,Pseudogene,RNU6,1.6555592706449864,0,0,0,-0.7187230536896294,0.09205748654846915
RNU6-160P,Pseudogene,RNU6,1.0387822874635209,0.293000012636185,0,0,-0.9297298324725477,0.08741168258368154
RNU6-161P,Pseudogene,RNU6,1.2124230766710138,-0.148499999195337,0,0,-0.7162479170387955,0.06397760162401916
RNU6-162P,Pseudogene,RNU6,0.5395616735854211,0.0230000000447035,0,0,-0.5551799610800308,0.026432035105980637
RNU6-163P,Pseudogene,RNU6,1.081350311625499,-0.0499999988824129,0,0,-0.7102404343030206,0.061358429423619076
RNU6-164P,Pseudogene,RNU6,1.4837946023599078,0.159999996423721,0,0,-0.6613786943239564,0.08676156523094247
RNU6-165P,Pseudogene,RNU6,1.0174688882573566,-0.157000005245209,0,0,0.3203942262864307,-0.03822746092987795
RNU6-166P,Pseudogene,RNU6,1.298477859329401,0.30799999833107,0.26,0,-0.9451919970770551,0.10128645620748539
RNU6-167P,Pseudogene,RNU6,1.1796548854096351,-0.155500002205372,0,0,-0.6281876434173468,0.056340683632237196
RNU6-168P,Pseudogene,RNU6,0.825369094742055,-0.136000007390976,0,0,-0.729966482121854,0.04648701194546142
RNU6-169P,Pseudogene,RNU6,1.136168126913226,-0.241999998688698,0,0,0.5232846531797783,0.12609261724659607
RNU6-16P,Pseudogene,RNU6,1.4283256452623412,0.0549999997019768,0,0,-1.195077627443476,0.11393386922147099
RNU6-170P,Pseudogene,RNU6,1.5363240441392578,0.284000009298325,0,0,-0.6147465279728689,0.1541461421099309
RNU6-171P,Pseudogene,RNU6,0.7790867155976406,-0.118000000715256,5.48,0,-1.1726791856481233,0.1076998196933594
RNU6-172P,Pseudogene,RNU6,1.419250262374555,-0.112999998033047,0,0,-0.7370816306791934,0.07663702547323281
RNU6-173P,Pseudogene,RNU6,1.2023405562828977,-0.325499996542931,0,0,-0.7318514288588748,0.05752708084160681
RNU6-174P,Pseudogene,RNU6,1.2124230766710138,-0.133500002324581,4.71,0,-0.7706047372977319,0.0681962495941788
RNU6-175P,Pseudogene,RNU6,0.7141628226311706,0.305000007152557,0,0,-1.0215413536278959,0.08037129995988823
RNU6-176P,Pseudogene,RNU6,0.9593278089283648,0.266999989748001,0,0,-0.8084796612123439,0.07519608609394783
RNU6-177P,Pseudogene,RNU6,1.0687471611403534,0.279000014066696,0,0,-0.6680172941008987,0.07205894653165622
RNU6-178P,Pseudogene,RNU6,0.9017554172121732,0.307000011205673,0.25,0,1.460607556089535,0.12626709046063272
RNU6-179P,Pseudogene,RNU6,0.6167769831814656,0.293000012636185,0,0,1.1774005233808515,0.1264923240386893
RNU6-17P,Pseudogene,RNU6,1.3958636987791062,0.0549999997019768,0,0,-1.1370034453260764,0.10848125113256023
RNU6-180P,Pseudogene,RNU6,0.7402388124291791,-0.214000001549721,0,0,-0.7704953219544947,0.04123145809766114
RNU6-181P,Pseudogene,RNU6,1.0387822874635209,0.282999992370605,1.01,0,1.4751384029226209,0.12615116622434383
RNU6-182P,Pseudogene,RNU6,0.6946856547412297,-0.0339999999850988,1.37,0,-0.8476707416336249,0.0524154827012433
RNU6-183P,Pseudogene,RNU6,1.0736051027819002,0.105999998748302,0,0,-1.1179563470500247,0.09371053781594318
RNU6-185P,Pseudogene,RNU6,1.5906353776785165,0.188999995589256,1.33,0,-0.46273150166392396,0.08087287082381071
RNU6-187P,Pseudogene,RNU6,0.7864365902730902,0.221499994397163,0,0,-0.9084084413619277,0.07221312392353038
RNU6-188P,Pseudogene,RNU6,1.330939805812636,0.30799999833107,0.71,0,-0.9421912368205677,0.10264024293720701
RNU6-189P,Pseudogene,RNU6,1.2036632631654969,-0.111000001430511,0,0,-0.45012422678714675,0.04756526653266886
RNU6-190P,Pseudogene,RNU6,1.464288389895729,0.446000009775162,1.43,0,-0.5394965473214638,0.08986207924190522
RNU6-191P,Pseudogene,RNU6,1.2563463968724369,0.177999995648861,0,0,-0.5812754115684755,0.07114174577290801
RNU6-192P,Pseudogene,RNU6,0.9030913511635984,0.325000002980232,0,0,1.2784974293928244,0.12623565806999815
RNU6-193P,Pseudogene,RNU6,1.266015912846166,-0.046000000089407,0,0,-0.8224088809154172,0.126449579877927
RNU6-195P,Pseudogene,RNU6,1.115321005318488,-0.225999996066093,0.62,0,-0.47654707198471524,0.07832784894749797
RNU6-196P,Pseudogene,RNU6,1.168630073396461,-0.268999993801117,0.3,0,-0.927416462357942,0.07126941503377872
RNU6-197P,Pseudogene,RNU6,0.6599513720041681,0.347000002861023,0,0,-0.9407837794481103,0.07424208195176829
RNU6-198P,Pseudogene,RNU6,1.5697223929248938,0.311000004410744,0,0,-0.5474250917248289,0.09053768655641097
RNU6-199P,Pseudogene,RNU6,1.298477859329401,0.152999997138977,0.35,0,-0.6795082072828755,0.1315502333755007
RNU6-19P,Pseudogene,RNU6,1.330939805812636,0.215000003576279,0.56,0,-1.1268259953632078,0.11070956769845683
RNU6-200P,Pseudogene,RNU6,1.330939805812636,0.23199999332428,0,0,-0.8122983166887107,0.09156371129975395
RNU6-201P,Pseudogene,RNU6,1.6513019661881687,0.30799999833107,0.65,0,-0.36703589073933723,0.11041284665749736
RNU6-203P,Pseudogene,RNU6,0.801560370855265,0.30799999833107,0,0,-1.1357824188281835,0.09165109794063572
RNU6-204P,Pseudogene,RNU6,1.298477859329401,-0.237000003457069,0.26,0,-0.6752566768177606,0.06170800318759531
RNU6-205P,Pseudogene,RNU6,0.6817008761479356,0.30799999833107,0,0,-1.0048840557201129,0.07804867906808527
RNU6-206P,Pseudogene,RNU6,1.5363240441392578,-0.213500000536442,0,0,0.6693166597117115,0.12580868693293307
RNU6-207P,Pseudogene,RNU6,0.8764725550473457,0.30799999833107,0,0,-1.0748523043541938,0.09056253311117339
RNU6-208P,Pseudogene,RNU6,1.266015912846166,-0.144999995827675,0,0,-0.9393993313669798,0.1417959761633853
RNU6-209P,Pseudogene,RNU6,1.4932495382288111,0.30799999833107,0,0,-0.5468723248570082,0.08638372006326703
RNU6-20P,Pseudogene,RNU6,1.4607875917455764,-0.0610000006854534,0,0,1.442468325499438,0.1258936080773831
RNU6-210P,Pseudogene,RNU6,0.9140600720279336,0.202000007033348,0,0,1.0700334936357607,0.1262992302704151
RNU6-211P,Pseudogene,RNU6,1.330939805812636,0.470999985933304,0,0,-0.9679267060747112,0.11037480385077576
RNU6-212P,Pseudogene,RNU6,1.3693323002110775,0.214000001549721,0,0,-0.5609639273989943,0.07689272884609813
RNU6-213P,Pseudogene,RNU6,1.2023405562828977,0.303000003099442,1.13,0,-0.5729774869714862,0.12173267970935066
RNU6-214P,Pseudogene,RNU6,1.5581734311952813,0.30799999833107,0,0,-0.6540730317348303,0.09646234297810204
RNU6-215P,Pseudogene,RNU6,1.770767355222742,0.118000000715256,0,0,-0.15533577983607516,0.06620202844974864
RNU6-216P,Pseudogene,RNU6,1.2023405562828977,0.237000003457069,0.66,0,1.1848775743809954,0.12611661520577805
RNU6-217P,Pseudogene,RNU6,1.3359339514254416,0.30799999833107,0,0,-0.9645561872180022,0.10428021882602634
RNU6-218P,Pseudogene,RNU6,1.6209331943962024,0.30799999833107,0,0,0.9991058125986323,0.12578433179362838
RNU6-219P,Pseudogene,RNU6,1.0387822874635209,0.277999997138977,0,0,-1.0624641691015544,0.09538817052617064
RNU6-21P,Pseudogene,RNU6,1.7529451100946911,0.0769999995827675,0,0,-0.6861526972941127,0.0985867150580702
RNU6-220P,Pseudogene,RNU6,1.168630073396461,0.291999995708466,0,0,-0.3992028552194551,0.07336896336985324
RNU6-221P,Pseudogene,RNU6,0.8420432178681572,0.30799999833107,0,0,-0.21439796778839346,0.05708648030042008
RNU6-222P,Pseudogene,RNU6,1.5257114847120463,0.165500000119209,0,0,1.5919180925638676,0.12585926616873747
RNU6-223P,Pseudogene,RNU6,1.3634017522958712,-0.119999997317791,0,0,-0.804581337809041,0.07822212208357623
RNU6-224P,Pseudogene,RNU6,1.2335539663629311,0.30799999833107,0,0,-0.8028277185674173,0.08927515199588357
RNU6-225P,Pseudogene,RNU6,1.112845951769931,0.27700001001358,0,0,1.5090562790531146,0.12621158290044132
RNU6-226P,Pseudogene,RNU6,0.9413964480138156,0.239999994635582,0,0,-0.7475050621429372,0.06940444271718005
RNU6-227P,Pseudogene,RNU6,1.0116781379726645,0.331999987363815,1.17,0,-1.1564623720384202,0.10218016146811487
RNU6-228P,Pseudogene,RNU6,1.5728731805461804,0.214000001549721,9,0,-0.7965676551855743,0.10214847017312927
RNU6-229P,Pseudogene,RNU6,1.123756206199048,-0.0955000016838312,0,0,0.5431971332015977,0.1261624612932502
RNU6-22P,Pseudogene,RNU6,1.2335539663629311,0.146999999880791,0,0,-0.9025771654634258,0.16310844928146223
RNU6-230P,Pseudogene,RNU6,1.2691372538541694,-0.284999996423721,7.04,0,-1.2445464426577246,0.0964121181446318
RNU6-232P,Pseudogene,RNU6,0.7598124348732199,0.30799999833107,0.21,0,1.1063526166793718,0.12634853281453565
RNU6-233P,Pseudogene,RNU6,1.0592724522649954,0.152999997138977,0,0,2.6429692095939865,0.12634796182115604
RNU6-234P,Pseudogene,RNU6,0.7013653244983569,0.30799999833107,0.26,0,2.675631343702572e-4,0.019445755290164762
RNU6-235P,Pseudogene,RNU6,1.0712442339467558,0.19200000166893,0,0,-0.6539311334184036,0.11882475583241879
RNU6-236P,Pseudogene,RNU6,1.04858212036412,0.238000005483627,0,0,-0.6101476046921313,0.09884035379012694
RNU6-237P,Pseudogene,RNU6,1.2719596495261951,-0.150999993085861,0.85,0,-0.5704146621709054,0.056973091744318055
RNU6-238P,Pseudogene,RNU6,0.8192047815344689,0.303000003099442,0.09,0,-0.5070089311111035,0.07287189509397193
RNU6-239P,Pseudogene,RNU6,0.7367878156346375,0.214000001549721,0,0,-0.5453580633047022,0.04474183173897451
RNU6-23P,Pseudogene,RNU6,1.5581734311952813,0.118000000715256,0,0,1.5057754760791915,0.12581932329143375
RNU6-240P,Pseudogene,RNU6,1.1100647060298,0.28999999165535,0,0,-0.37337928728040726,0.05629358101281354
RNU6-241P,Pseudogene,RNU6,0.9685521147834452,0.261000007390976,0,0,-0.9045858614952573,0.08148713077840716
RNU6-242P,Pseudogene,RNU6,1.2335539663629311,0.261999994516373,0.1,0,-1.0506498528082342,0.10265891027495773
RNU6-243P,Pseudogene,RNU6,1.4283256452623412,0.0140000004321337,0,0,-0.3374495840251743,0.05612362883513564
RNU6-244P,Pseudogene,RNU6,1.3693323002110775,-0.351000010967255,0.55,0,-0.46408435733014647,0.04614549367611571
RNU6-245P,Pseudogene,RNU6,0.8440106085641107,0.30799999833107,0,0,1.2926945567565522,0.12631338862486222
RNU6-246P,Pseudogene,RNU6,1.103706180429991,0.30799999833107,0,0,-1.1631524074754194,0.10556696312241988
RNU6-247P,Pseudogene,RNU6,0.9089345015305808,0.0309999994933605,0.36,0,-0.9702319156348949,0.07365889289339177
RNU6-248P,Pseudogene,RNU6,1.5581734311952813,0.293000012636185,0,0,-0.34894566046326453,0.07676941221078486
RNU6-249P,Pseudogene,RNU6,1.464288389895729,0.0570000000298023,0,0,-0.4850913049151233,0.06979965086344775
RNU6-24P,Pseudogene,RNU6,1.4283256452623412,0.146999999880791,0,0,-0.9365438228346716,0.10088647056895356
RNU6-250P,Pseudogene,RNU6,1.1465685563690198,-0.275000005960464,0,0,0.2937205911141907,-0.03444107179039648
RNU6-251P,Pseudogene,RNU6,1.1021455099259891,0.0445000007748604,0,0,-1.1165812564657496,0.09262953642686088
RNU6-253P,Pseudogene,RNU6,1.5216923865760268,-0.090999998152256,0,0,-0.6834058395944757,0.07894501345303634
RNU6-254P,Pseudogene,RNU6,1.4932495382288111,0.149000003933907,0,0,-0.3675928925142124,0.06792722153180482
RNU6-256P,Pseudogene,RNU6,1.2532988616465484,0.150000005960464,0,0,-0.47836741941302463,0.06326495452147456
RNU6-257P,Pseudogene,RNU6,1.098737515151945,-0.0804999992251396,0,0,-0.8278691627801281,0.06873069524690706
RNU6-258P,Pseudogene,RNU6,0.997320989479983,0.0130000002682209,0,0,-0.46436893176703975,0.04333482733149337
RNU6-259P,Pseudogene,RNU6,0.8115486620808757,0.30799999833107,0,0,-1.155008826063488,0.09330478526591385
RNU6-260P,Pseudogene,RNU6,1.103706180429991,-0.0780000016093254,0,0,-0.5270157112845454,0.04910483241389563
RNU6-261P,Pseudogene,RNU6,1.2599690796777203,0.446000009775162,0,0,-0.33150486377184446,0.06730678126608479
RNU6-262P,Pseudogene,RNU6,1.4372806649818544,-0.263000011444092,0.79,0,-0.8851655652514097,0.08145987746275977
RNU6-263P,Pseudogene,RNU6,1.0387822874635209,0.30799999833107,0.33,0,-1.372770839633553,0.11522555355748154
RNU6-264P,Pseudogene,RNU6,1.001950463569081,0.301999986171722,0.69,0,0.9750078470365817,0.12617077860409356
RNU6-266P,Pseudogene,RNU6,0.9738583944970508,0.30799999833107,0,0,-0.8117852260054476,0.07769500853910542
RNU6-267P,Pseudogene,RNU6,1.5175172069589966,0.163000002503395,0,0,-0.503372348537849,0.07850020159120522
RNU6-268P,Pseudogene,RNU6,1.006320340980286,-0.0219999998807907,0,0,-1.0998243625651294,0.08446219748944565
RNU6-269P,Pseudogene,RNU6,1.145873244933987,-0.061999998986721,0,0,0.3562610279947881,-0.02816469530529572
RNU6-26P,Pseudogene,RNU6,1.5581734311952813,0.125,7.48,0,-0.902077953083149,0.10443902280570709
RNU6-270P,Pseudogene,RNU6,1.6540134636695942,-0.0480000004172325,0,0,-0.6140354990675022,0.08263017417676838
RNU6-271P,Pseudogene,RNU6,1.2901305016622835,0.164000004529953,0,0,-0.8789632124236114,0.0909738725693424
RNU6-272P,Pseudogene,RNU6,1.3025356026398056,-0.195000000298023,0.18,0,-0.6804751551313203,0.0639379459672064
RNU6-273P,Pseudogene,RNU6,1.3025356026398056,0.209000006318092,0,0,-0.30271208478434297,0.05731048799542548
RNU6-274P,Pseudogene,RNU6,1.3634017522958712,0.30799999833107,0,0,-0.7318057617796703,0.09125215925672898
RNU6-275P,Pseudogene,RNU6,1.266015912846166,0.130999997258186,5.87,0,-1.292435303164144,0.11473948893025267
RNU6-276P,Pseudogene,RNU6,1.0854463355331714,-0.0780000016093254,0,0,-0.7045143037311812,0.060048334053799515
RNU6-277P,Pseudogene,RNU6,1.1468866941482565,0.361999988555908,0,0,0.48186756228892197,-0.014938409606213388
RNU6-278P,Pseudogene,RNU6,1.0515883764431455,-0.317999988794327,0,0,0.27539272148636074,-0.04104453306764517
RNU6-279P,Pseudogene,RNU6,1.3412247789558394,0.063000001013279,0,0,-0.41812216221477455,0.059591877413616934
RNU6-27P,Pseudogene,RNU6,1.5581734311952813,0.214000001549721,0,0,-0.841333749174301,0.10423097898639089
RNU6-280P,Pseudogene,RNU6,1.77011248563871,0.282999992370605,0,0,-0.4511854709829643,0.09376293128665514
RNU6-281P,Pseudogene,RNU6,1.112845951769931,-0.104999996721745,0,0,-0.8125413150352873,0.06742155389617548
RNU6-282P,Pseudogene,RNU6,1.5512398115580857,0.30799999833107,1.15,0,-0.5782351118677616,0.09135946079723818
RNU6-283P,Pseudogene,RNU6,1.266015912846166,0.28099998831749,0,0,-0.8662299741649714,0.09368392116223333
RNU6-284P,Pseudogene,RNU6,0.9175093553186052,-0.0554999988526106,0,0,-0.6730905188266277,0.050378357441090565
RNU6-285P,Pseudogene,RNU6,1.146231330323029,0.30799999833107,0.73,0,-0.7719477162307635,0.08310458853138661
RNU6-286P,Pseudogene,RNU6,0.6817008761479356,-0.157000005245209,0,0,-0.7493681158591897,0.038284387380602934
RNU6-287P,Pseudogene,RNU6,1.098737515151945,-0.271999999880791,0,0,-0.600446480675502,0.08185683819177801
RNU6-288P,Pseudogene,RNU6,1.1021455099259891,0.277999997138977,0.22,0,-0.5736549752877746,0.06764941166483081
RNU6-289P,Pseudogene,RNU6,1.4932495382288111,0.30799999833107,0,0,-0.7095551480397235,0.09660311455671652
RNU6-28P,Pseudogene,RNU6,1.330939805812636,0.146999999880791,0.67,0,-0.7947722769316139,0.14661560911222654
RNU6-290P,Pseudogene,RNU6,0.997320989479983,0.301999986171722,0.07,0,-0.506945301041982,0.09422560037286463
RNU6-291P,Pseudogene,RNU6,1.5257114847120463,0.214000001549721,0.36,0,-0.5971396373907019,0.08710872970162631
RNU6-293P,Pseudogene,RNU6,0.950277546579984,0.146999999880791,0,0,-0.7567849717520752,0.06652624951854154
RNU6-294P,Pseudogene,RNU6,1.0897029878293798,0.446000009775162,0,0,-0.7398292923178047,0.08363648739660068
RNU6-295P,Pseudogene,RNU6,1.001950463569081,-0.0765000022947788,0,0,-1.122144310506193,0.08365021890691267
RNU6-296P,Pseudogene,RNU6,1.2335539663629311,-0.025000000372529,0,0,-0.7724785144600762,0.07374405044153891
RNU6-297P,Pseudogene,RNU6,1.2335539663629311,0.28099998831749,0,0,-0.6670973546536021,0.0798042145742041
RNU6-298P,Pseudogene,RNU6,1.2663540581220332,0.214000001549721,2.83,0,-0.9551625091949112,0.1693205245799201
RNU6-299P,Pseudogene,RNU6,1.146231330323029,-0.042000001296401,0.73,0,-0.7395525716001953,0.06673928311253607
RNU6-300P,Pseudogene,RNU6,0.9351537659978092,-0.212999999523163,0,0,-0.48100040639022607,0.03179196034245362
RNU6-301P,Pseudogene,RNU6,1.0712442339467558,-0.101000003516674,0.36,0,-0.8791794199012517,0.06998054512579076
RNU6-302P,Pseudogene,RNU6,1.4283256452623412,-0.212999999523163,2.66,0,-0.430338837077505,0.052266475174415405
RNU6-304P,Pseudogene,RNU6,1.4283256452623412,0.194999992847443,0,0,-0.6199572482795227,0.12942696515422
RNU6-306P,Pseudogene,RNU6,1.3958636987791062,0.28099998831749,0.67,0,-0.46317789394353553,0.10556687457371633
RNU6-307P,Pseudogene,RNU6,0.8847411640572264,-0.016499999910593,0,0,-0.5514267980018339,0.06075817307311811
RNU6-308P,Pseudogene,RNU6,1.2335539663629311,-0.356000006198883,0.26,0,-0.7726718506609523,0.0605492461644762
RNU6-309P,Pseudogene,RNU6,1.1468866941482565,0.356000006198883,0,0,-0.6379183584978766,0.07687191508801297
RNU6-30P,Pseudogene,RNU6,1.103706180429991,0.239999994635582,0.09,0,-1.087165999613109,0.09816408889679634
RNU6-310P,Pseudogene,RNU6,1.3634017522958712,0.347000002861023,1.38,0,-1.004176836860175,0.10962590881654696
RNU6-311P,Pseudogene,RNU6,1.191862642938384,0.305999994277954,0,0,-0.7839738488054707,0.08608075364132586
RNU6-312P,Pseudogene,RNU6,0.4220053042820553,0.0109999999403954,11.55,0,-1.0130797590199705,0.05417209816006878
RNU6-313P,Pseudogene,RNU6,0.7753188110951224,0.194999992847443,0.34,0,-0.20538507680142476,0.04247857628456635
RNU6-314P,Pseudogene,RNU6,1.3693323002110775,-0.309499993920326,0.69,0,-0.38155708491489265,0.042335357083280525
RNU6-315P,Pseudogene,RNU6,1.0712442339467558,0.165999993681908,0,0,-0.9495575350949366,0.08539282334988335
RNU6-316P,Pseudogene,RNU6,1.0712442339467558,-0.140000000596046,1.18,0,-0.7292539090909825,0.05848002526209305
RNU6-317P,Pseudogene,RNU6,1.168630073396461,0.118000000715256,0,0,-0.7920857141978813,0.11407344501884802
RNU6-318P,Pseudogene,RNU6,1.7198528345535296,0.239999994635582,0,0,1.2940235208254245,0.12573031376188146
RNU6-31P,Pseudogene,RNU6,0.9648411871405967,0.152999997138977,0,0,1.6924537558427468,0.1261797981027467
RNU6-320P,Pseudogene,RNU6,1.081350311625499,0.30799999833107,0,0,-0.8115010437918804,0.0826129605326174
RNU6-321P,Pseudogene,RNU6,1.3107276504551504,0.44200000166893,0.24,0,-0.8200904572726517,0.09922582116696343
RNU6-322P,Pseudogene,RNU6,1.450071997760819,0.214000001549721,2.07,0,-0.44674504752997307,0.07377733744655753
RNU6-323P,Pseudogene,RNU6,1.330939805812636,0.263999998569489,0.36,0,-0.518773234726045,0.11560127602572086
RNU6-324P,Pseudogene,RNU6,1.1796548854096351,-0.159999996423721,0,0,-0.9120045621671695,0.07500584214229472
RNU6-325P,Pseudogene,RNU6,1.455531848029243,0.30799999833107,0,0,-0.49054943196936096,0.0810172562419433
RNU6-326P,Pseudogene,RNU6,1.5906353776785165,0.197999998927116,0,0,-0.8267699027365848,0.16348226562781806
RNU6-327P,Pseudogene,RNU6,1.3674914463410033,0.0099999997764825,0.85,0,-0.42136144045941293,0.05867681372192018
RNU6-329P,Pseudogene,RNU6,1.136168126913226,0.30799999833107,0,0,-0.9657437317768571,0.09452635869152955
RNU6-32P,Pseudogene,RNU6,1.0712442339467558,0.342000007629395,0.04,0,-1.3871296276498315,0.1181207171969035
RNU6-330P,Pseudogene,RNU6,1.0712442339467558,0.202000007033348,0,0,-0.7888404470053293,0.07681576596611132
RNU6-331P,Pseudogene,RNU6,1.006320340980286,0.30799999833107,0.22,0,-1.0926291791364062,0.09691433855668434
RNU6-332P,Pseudogene,RNU6,1.0291639329499698,0.359999999403954,0,0,-0.9009919954843385,0.08729862057875856
RNU6-333P,Pseudogene,RNU6,1.5257114847120463,0.0769999995827675,0,0,0.9854781503721823,0.1258110675690506
RNU6-334P,Pseudogene,RNU6,1.0215965510900435,-0.013499999884516,0,0,-0.3992401728618683,0.03898217501434935
RNU6-335P,Pseudogene,RNU6,1.3217470422067643,-0.241999998688698,0.33,0,-0.4827925203582186,0.04965180608204064
RNU6-336P,Pseudogene,RNU6,1.201092019879696,0.232999995350838,0,0,-0.4081921358165814,0.08427329623841057
RNU6-337P,Pseudogene,RNU6,1.3107276504551504,-0.059000002220273,0,0,-0.5642249053877126,0.06229877430312434
RNU6-338P,Pseudogene,RNU6,0.8931672703815808,0.118000000715256,0.29,0,-0.7294158113984403,0.1037105257410897
RNU6-339P,Pseudogene,RNU6,1.2335539663629311,-0.180999994277954,0,0,-0.6345740288149341,0.05823739838731693
RNU6-33P,Pseudogene,RNU6,1.4607875917455764,0.114000000059605,4.36,0,-1.080802302636732,0.11059388670471401
RNU6-340P,Pseudogene,RNU6,1.266015912846166,-0.193000003695488,0,0,-1.158510805990575,0.17167811090308208
RNU6-341P,Pseudogene,RNU6,1.3748986916753505,0.167000003159046,0.33,0,-0.6020290583478601,0.07774991184831503
RNU6-342P,Pseudogene,RNU6,0.6345686269270847,0.30799999833107,0.27,0,-0.9317218258094376,0.07107822254494955
RNU6-343P,Pseudogene,RNU6,1.2357389050685337,-0.0880000032484531,3.69,0,-1.0689373639880668,0.09082157119069306
RNU6-344P,Pseudogene,RNU6,1.3142701576185425,0.305999994277954,0,0,-0.7780658030199451,0.09151361021850513
RNU6-345P,Pseudogene,RNU6,0.9413964480138156,-0.0839999988675117,0,0,-0.8739403891210712,0.0641659512009653
RNU6-346P,Pseudogene,RNU6,0.938764398298959,0.193000003695488,3.65,0,-0.6526578898759862,0.060918744368530224
RNU6-347P,Pseudogene,RNU6,1.0254883474751486,-0.172000005841255,0,0,-0.5148738703185236,0.04043843803512854
RNU6-348P,Pseudogene,RNU6,1.3634017522958712,-0.239999994635582,0,0,-0.622289801423459,0.06103086311242826
RNU6-349P,Pseudogene,RNU6,1.4932495382288111,0.214000001549721,0,0,0.4584790639881741,-9.98717672694347e-4
RNU6-351P,Pseudogene,RNU6,1.5977770059048282,0.30799999833107,0,0,-0.3368843335670332,0.07881510977236439
RNU6-352P,Pseudogene,RNU6,0.8764725550473457,-0.185000002384186,0,0,-0.682255912241865,0.04381110590894501
RNU6-353P,Pseudogene,RNU6,1.6402300181390144,0.296000003814697,0,0,-0.9780274895441718,0.12086417107914055
RNU6-354P,Pseudogene,RNU6,1.266015912846166,-0.226999998092651,0.74,0,-0.7144907927440022,0.06323682070137233
RNU6-355P,Pseudogene,RNU6,1.1689422074972615,0.248500004410744,0.03,0,-0.8571803414807677,0.08724599517490088
RNU6-356P,Pseudogene,RNU6,1.3958636987791062,0.211999997496605,0,0,-0.6282412863100587,0.08241430570121597
RNU6-358P,Pseudogene,RNU6,1.0188722936204702,0.239999994635582,1.17,0,-0.9635849108164161,0.08663067037850262
RNU6-359P,Pseudogene,RNU6,1.2221321703780892,0.17399999499321,0,0,-0.6677637584147008,0.11922822061390409
RNU6-35P,Pseudogene,RNU6,0.9413964480138156,0.164000004529953,0,0,-1.374395025425321,0.1063796401357873
RNU6-360P,Pseudogene,RNU6,0.7681620220696289,0.0549999997019768,0,0,-1.1833811804862544,0.08295359274214238
RNU6-361P,Pseudogene,RNU6,1.006320340980286,0.279000014066696,0,0,-1.0791646971166078,0.094833521740763
RNU6-362P,Pseudogene,RNU6,1.3893713094824591,-0.0684999991208315,0,0,-0.9050012930813789,0.1686932025871024
RNU6-363P,Pseudogene,RNU6,0.8270067318347971,0.136999994516373,0,0,-0.6075359638550756,0.049768129692424806
RNU6-364P,Pseudogene,RNU6,1.4283256452623412,0.30799999833107,0,0,-0.8480366318913887,0.10185948559470642
RNU6-365P,Pseudogene,RNU6,1.6711777543303166,-0.0425000004470348,0,0,-0.28674167943766937,0.06153501677518866
RNU6-366P,Pseudogene,RNU6,0.7864365902730902,0.30799999833107,0,0,-0.20142990542837189,0.04471846651215859
RNU6-367P,Pseudogene,RNU6,1.3893713094824591,0.305000007152557,0,0,-0.4900293597580248,0.07752243183338257
RNU6-369P,Pseudogene,RNU6,1.770767355222742,-0.122499998658895,0,0,1.0868826865742527,0.12570893981973447
RNU6-370P,Pseudogene,RNU6,1.2357389050685337,0.282999992370605,0,0,-0.6218137152040603,0.11324762730237925
RNU6-371P,Pseudogene,RNU6,1.1899707974734026,-0.171499997377396,0,0,-0.6933962835753211,0.0605407074863495
RNU6-373P,Pseudogene,RNU6,1.098737515151945,0.30799999833107,0,0,-0.9052750646583684,0.08927178853929636
RNU6-375P,Pseudogene,RNU6,1.4935741576936437,-0.0370000004768372,0,0,0.38541168787288155,-0.008083159757078576
RNU6-376P,Pseudogene,RNU6,0.9830457378413626,0.238000005483627,0,0,-0.6611850969504698,0.09572379717886446
RNU6-377P,Pseudogene,RNU6,0.885383677611371,0.0105000003241002,1.56,0,-0.5044163499128098,0.03988055382752297
RNU6-378P,Pseudogene,RNU6,1.266015912846166,0.30799999833107,0,0,-1.0412359463609824,0.1056709433841252
RNU6-379P,Pseudogene,RNU6,1.0353488123547172,0.194999992847443,5.7,0,1.5683079082003366,0.12613969069901
RNU6-37P,Pseudogene,RNU6,1.6880212171282214,-0.234999999403954,1.93,0,1.236787937783761,0.1256905068860262
RNU6-380P,Pseudogene,RNU6,1.5257114847120463,-0.116999998688698,0,0,-0.6517452920213442,0.0756854487801769
RNU6-381P,Pseudogene,RNU6,1.5437458994249549,-0.140000000596046,0,0,-0.4486321041839254,0.06183409052872709
RNU6-382P,Pseudogene,RNU6,1.04858212036412,0.282999992370605,0,0,-0.7496885655457075,0.07633927594101711
RNU6-383P,Pseudogene,RNU6,0.6651245630501135,0.30799999833107,0,0,-1.0831658790232452,0.08275924672597709
RNU6-384P,Pseudogene,RNU6,1.2023405562828977,0.327500000596046,0.69,0,-0.547849790156679,0.08496505311068765
RNU6-386P,Pseudogene,RNU6,0.6492389296647005,-0.0759999975562096,0,0,-0.44743192084358047,0.032504807890104244
RNU6-387P,Pseudogene,RNU6,0.7608461932880134,0.214000001549721,0.73,0,-0.2823421910768075,0.04780522602166792
RNU6-388P,Pseudogene,RNU6,0.860087001108189,-0.282000005245209,1.7,0,0.27450468775999015,-0.050962157700148
RNU6-389P,Pseudogene,RNU6,1.0254883474751486,-0.172000005841255,0.31,0,0.3164840653453214,-0.03822283858701011
RNU6-38P,Pseudogene,RNU6,1.2335539663629311,0.214000001549721,0,0,-1.0706553386173832,0.1021780459668787
RNU6-390P,Pseudogene,RNU6,1.0116781379726645,0.279000014066696,0,0,-0.5968163554659348,0.06494798093419861
RNU6-391P,Pseudogene,RNU6,0.7681620220696289,0.287000000476837,0,0,-0.5720907107724792,0.061811818128935735
RNU6-392P,Pseudogene,RNU6,1.272444021060668,-0.238000005483627,0,0,-0.4715575655519389,0.04673872319153163
RNU6-393P,Pseudogene,RNU6,0.9413964480138156,0.20100000500679,0,0,-1.318789068596355,0.10428574400019866
RNU6-394P,Pseudogene,RNU6,1.103706180429991,0.0149999996647239,0,0,0.3762789115111575,-0.028221558129449226
RNU6-395P,Pseudogene,RNU6,0.8192047815344689,0.296999990940094,0.32,0,-0.45757287940269326,0.07826683073283981
RNU6-396P,Pseudogene,RNU6,1.2570502323888917,0.261999994516373,8.18,0,-0.5883582247395748,0.07521464571583228
RNU6-398P,Pseudogene,RNU6,1.3065188919445143,-0.180000007152557,0,0,-0.8623931206598887,0.07688682224735642
RNU6-399P,Pseudogene,RNU6,1.2405100977521957,-0.14750000089407,0,0,-0.5751913463772778,0.05601398426906572
RNU6-3P,Pseudogene,RNU6,1.168630073396461,0.172999992966652,1.75,0,-1.2452961977034354,0.10834531191833338
RNU6-400P,Pseudogene,RNU6,1.4090322242392863,0.319000005722046,0,0,-0.6603590001875952,0.08960442075107122
RNU6-401P,Pseudogene,RNU6,1.230172513604261,-0.0245000002905726,0,0,-0.5361401025001367,0.058156988461121314
RNU6-402P,Pseudogene,RNU6,1.2140137655671974,-0.150000005960464,0,0,-0.7360249080398895,0.0653058309903481
RNU6-403P,Pseudogene,RNU6,0.801560370855265,-0.0600000005215406,0,0,-0.779961450312367,0.05185216818291494
RNU6-405P,Pseudogene,RNU6,1.23148820613218,0.347000002861023,0,0,1.1491713158438641,0.1261007562330376
RNU6-406P,Pseudogene,RNU6,1.5581734311952813,0.293000012636185,0,0,0.7818515439589554,0.12592400669565992
RNU6-407P,Pseudogene,RNU6,1.2357389050685337,0.114000000059605,0.38,0,-0.4034559765724629,0.0889204045177779
RNU6-408P,Pseudogene,RNU6,1.3893713094824591,0.152999997138977,0,0,-0.4801825350270659,0.0699709298255952
RNU6-409P,Pseudogene,RNU6,1.1689422074972615,0.20100000500679,0.25,0,-0.8050299499956789,0.08217739679357068
RNU6-40P,Pseudogene,RNU6,1.330939805812636,0.118000000715256,0,0,-1.3064004093017239,0.11836085964487095
RNU6-410P,Pseudogene,RNU6,1.266015912846166,-0.0740000009536743,0,0,-0.29394106992279423,0.04151676080790086
RNU6-411P,Pseudogene,RNU6,1.3958636987791062,0.30799999833107,0.09,0,-0.9186116818905911,0.104586197856423
RNU6-412P,Pseudogene,RNU6,1.2124230766710138,0.30799999833107,0,0,-0.5373263168450213,0.07191548384815377
RNU6-413P,Pseudogene,RNU6,1.168630073396461,0.090999998152256,0,0,-0.6151774822843258,0.06534172466107671
RNU6-414P,Pseudogene,RNU6,0.7013653244983569,0.123000003397465,0,0,-1.1760752113747777,0.08277756064860364
RNU6-415P,Pseudogene,RNU6,1.4681500950716708,0.277999997138977,0.99,0,-0.32395639996870645,0.07002969725606775
RNU6-416P,Pseudogene,RNU6,0.9779555333735755,0.202999994158745,0,0,-0.3915962084240687,0.09706137733523346
RNU6-418P,Pseudogene,RNU6,0.9738583944970508,-0.0700000002980232,5.48,0,-1.0029290905867905,0.07478886164432146
RNU6-419P,Pseudogene,RNU6,1.433478335180315,0.347000002861023,0,0,-0.34613882359001874,0.0828089048659781
RNU6-41P,Pseudogene,RNU6,1.2335539663629311,0.0549999997019768,0,0,1.4335649244306348,0.12597305194306094
RNU6-420P,Pseudogene,RNU6,1.298477859329401,0.361000001430511,0,0,-0.7105680181700754,0.08874555668426178
RNU6-421P,Pseudogene,RNU6,1.201092019879696,0.003000000026077,0.08,0,0.8947399552207534,0.12610705958173607
RNU6-422P,Pseudogene,RNU6,0.9738583944970508,-0.138999998569489,0,0,-0.8008267671960164,0.05857674998656388
RNU6-424P,Pseudogene,RNU6,0.5623645776476621,0.130999997258186,0,0,-0.6010506263924867,0.036347980636975
RNU6-425P,Pseudogene,RNU6,0.7491708041326987,-0.046000000089407,0,0,-0.4561572649639144,0.046773708338883606
RNU6-426P,Pseudogene,RNU6,1.217490322742361,0.115000002086163,0,0,0.41266844843861406,-0.018910504513529738
RNU6-428P,Pseudogene,RNU6,1.0387822874635209,0.30799999833107,0,0,-0.9949773947062809,0.09204119020180028
RNU6-429P,Pseudogene,RNU6,1.3829390349015218,-0.222000002861023,0,0,-0.9458899876075711,0.08453677072823731
RNU6-430P,Pseudogene,RNU6,1.6880212171282214,-0.143999993801117,0.47,0,-0.10897396956528582,0.12591101013420503
RNU6-431P,Pseudogene,RNU6,1.3958636987791062,0.30799999833107,0,0,-1.0095049949765937,0.11025728927031744
RNU6-432P,Pseudogene,RNU6,1.115321005318488,-0.230000004172325,0,0,-0.533446971957567,0.043792519020436474
RNU6-433P,Pseudogene,RNU6,0.801560370855265,-0.188500002026558,0,0,-0.6295134682351824,0.08910150513781968
RNU6-434P,Pseudogene,RNU6,0.7466247691144057,0.20100000500679,0.06,0,-1.2816282062721724,0.16402174106227355
RNU6-435P,Pseudogene,RNU6,1.157809424568716,0.0189999993890524,0,0,-0.7379042414732102,0.12595367010261183
RNU6-436P,Pseudogene,RNU6,0.5484360432167602,0.325499996542931,0,0,-0.9477316341905808,0.07000834040886197
RNU6-438P,Pseudogene,RNU6,0.910510324175398,-0.068000003695488,0,0,-0.7180424047134736,0.05258890467329542
RNU6-439P,Pseudogene,RNU6,1.6384095630689377,0.214000001549721,0,0,-0.5783234443122758,0.0917964245284438
RNU6-43P,Pseudogene,RNU6,1.330939805812636,-0.41100001335144,0.56,0,-1.6505662619953994,0.21574751173201367
RNU6-440P,Pseudogene,RNU6,0.5954448469210539,-0.123000003397465,0,0,-1.0214261731595589,0.0562567668989015
RNU6-441P,Pseudogene,RNU6,1.4418004155006654,-0.110500004142523,0,0,-0.6707784993057756,0.07338582139224867
RNU6-442P,Pseudogene,RNU6,1.3025356026398056,0.304499998688698,0,0,-0.6579733609130957,0.08350451559887369
RNU6-444P,Pseudogene,RNU6,1.157809424568716,0.33899998664856,2.87,0,-0.4494424555923002,0.06520812945582775
RNU6-445P,Pseudogene,RNU6,1.136168126913226,0.305000007152557,0,0,-0.8872527684645996,0.08956064368563714
RNU6-446P,Pseudogene,RNU6,1.0158139291027417,0.381999999284744,1.46,0,-0.27521962707471737,0.05996385415997101
RNU6-447P,Pseudogene,RNU6,0.9685521147834452,0.25,0.07,0,-0.7732624282365131,0.07275066736555301
RNU6-448P,Pseudogene,RNU6,1.2335539663629311,-0.046000000089407,0.26,0,-0.4723551829471165,0.05320360429311493
RNU6-449P,Pseudogene,RNU6,1.330939805812636,-0.108999997377396,0,0,-0.4996272832212921,0.056927670056029854
RNU6-44P,Pseudogene,RNU6,1.266015912846166,0.29899999499321,0,0,-1.091627921593709,0.10823081722378868
RNU6-450P,Pseudogene,RNU6,1.3634017522958712,0.238000005483627,0,0,1.5124430275212115,0.12592147636690432
RNU6-451P,Pseudogene,RNU6,0.9413964480138156,-0.0860000029206276,0,0,1.1751364901971229,0.12623568919360215
RNU6-452P,Pseudogene,RNU6,1.266015912846166,0.211999997496605,0,0,0.4440046351533071,-0.013372317145157242
RNU6-453P,Pseudogene,RNU6,0.9807326890464418,-0.108999997377396,0,0,-0.5579613287607467,0.06559727968408903
RNU6-454P,Pseudogene,RNU6,1.103706180429991,-0.207000002264977,0,0,1.2067511826437505,0.12616082291685968
RNU6-455P,Pseudogene,RNU6,1.006320340980286,0.263999998569489,0.21,0,-0.6574251608448322,0.09245150077373662
RNU6-456P,Pseudogene,RNU6,0.9413964480138156,0.185000002384186,0,0,-0.6841314910702023,0.06289802587302483
RNU6-45P,Pseudogene,RNU6,1.3634017522958712,0.232999995350838,0.35,0,-0.9230459826512087,0.1726242893492342
RNU6-460P,Pseudogene,RNU6,1.1256480516640297,0.194999992847443,0.72,0,-0.714074219311519,0.07424205159176461
RNU6-461P,Pseudogene,RNU6,1.0387822874635209,-0.256000012159348,0.67,0,-0.6922264438748674,0.04975923731420924
RNU6-462P,Pseudogene,RNU6,1.3893713094824591,0.30799999833107,0,0,-0.5568211753031903,0.08177402659148808
RNU6-463P,Pseudogene,RNU6,1.006320340980286,0.0089999996125698,0,0,-0.9418860891242247,0.07542863732759902
RNU6-464P,Pseudogene,RNU6,1.001950463569081,-0.163500003516674,0,0,-0.5767745685417922,0.0438495314409073
RNU6-466P,Pseudogene,RNU6,1.1802911609681086,0.30799999833107,0.09,0,-0.5862770649549104,0.07334329804514216
RNU6-467P,Pseudogene,RNU6,1.4841011714926269,0.338500007987022,5.72,0,1.4221284929039293,0.12586942251416705
RNU6-468P,Pseudogene,RNU6,1.115321005318488,0.211999997496605,0,0,-0.9152271668767993,0.08691373855075553
RNU6-469P,Pseudogene,RNU6,0.8597594736896406,-0.223000004887581,0,0,-0.6267935623333963,0.037547506626435016
RNU6-46P,Pseudogene,RNU6,1.330939805812636,0.137999996542931,1.09,0,-1.2330048678610788,0.11443068941221839
RNU6-470P,Pseudogene,RNU6,1.001950463569081,0.211999997496605,0,0,-0.9455528369766578,0.08376075954810848
RNU6-471P,Pseudogene,RNU6,1.2779594591937713,0.284000009298325,0,0,-0.6825558109465646,0.08300590802859567
RNU6-472P,Pseudogene,RNU6,1.4932495382288111,0.284000009298325,0,0,-0.5542800895633831,0.08581526486964207
RNU6-473P,Pseudogene,RNU6,0.4220053042820553,-0.167999997735023,0,0,-0.9102958467162889,0.038009895117545954
RNU6-474P,Pseudogene,RNU6,0.8115486620808757,0.30799999833107,0,0,-0.977388732602056,0.08149606385907235
RNU6-475P,Pseudogene,RNU6,1.3025356026398056,-0.163000002503395,0,0,-0.37145875400586925,0.04457649325441454
RNU6-476P,Pseudogene,RNU6,1.2335539663629311,0.30799999833107,1.84,0,-1.0554746759183735,0.10463100466750082
RNU6-477P,Pseudogene,RNU6,1.4607875917455764,0.214000001549721,0,0,-0.8768301321707845,0.1015174947446312
RNU6-478P,Pseudogene,RNU6,1.2946414474722916,0.214000001549721,0,0,-0.4469996843335775,0.06617011980372803
RNU6-479P,Pseudogene,RNU6,0.7608461932880134,0.0610000006854534,1.37,0,0.36800464264865296,-0.0462318426948086
RNU6-47P,Pseudogene,RNU6,1.6880212171282214,0.0769999995827675,0.66,0,-0.8767807510995317,0.1077599735749643
RNU6-480P,Pseudogene,RNU6,1.201092019879696,-0.104999996721745,0,0,-1.0518998769080272,0.08739344434491991
RNU6-481P,Pseudogene,RNU6,0.7790867155976406,-0.184000000357628,0.71,0,-1.0686152959687418,0.06589511840481567
RNU6-482P,Pseudogene,RNU6,1.5906353776785165,-0.0149999996647239,0,0,-0.4692257607565903,0.09926569011902475
RNU6-483P,Pseudogene,RNU6,0.7718729497124773,0.284000009298325,0.42,0,-0.7402136830138639,0.06284976030192085
RNU6-484P,Pseudogene,RNU6,1.5906353776785165,0.0850000008940697,0.67,0,-0.587391395885309,0.08398345760386408
RNU6-485P,Pseudogene,RNU6,1.0387822874635209,-0.0900000035762787,10.96,0,-0.9332166808781439,0.07246724587211806
RNU6-486P,Pseudogene,RNU6,1.103706180429991,0.0270000007003546,0,0,-0.9496152343081393,0.08118606917227988
RNU6-487P,Pseudogene,RNU6,0.9351537659978092,0.282000005245209,0,0,-1.3679043860384852,0.11013504161569913
RNU6-488P,Pseudogene,RNU6,1.0876391564130363,-0.142000004649162,0,0,-0.5356054641817616,0.04616861108690669
RNU6-489P,Pseudogene,RNU6,1.0387822874635209,0.144999995827675,0.09,0,-0.33635708853242485,0.06712460748721591
RNU6-48P,Pseudogene,RNU6,1.006320340980286,0.211999997496605,0.91,0,-1.302691155503533,0.10619232309662646
RNU6-490P,Pseudogene,RNU6,1.3958636987791062,0.003000000026077,0.3,0,-0.7323609518528655,0.08019264162534075
RNU6-491P,Pseudogene,RNU6,1.1367583441220122,-0.0665000006556511,0,0,-0.5663845795375937,0.05375224111133859
RNU6-492P,Pseudogene,RNU6,1.2023405562828977,0.421000003814697,0,0,1.427354109604702,0.12600988900030297
RNU6-493P,Pseudogene,RNU6,1.318616289092149,0.217999994754791,0,0,-0.6013437133779597,0.07720628000989506
RNU6-494P,Pseudogene,RNU6,1.0806221295974685,-0.134499996900558,0,0,-0.985458141398397,0.07612399145196386
RNU6-495P,Pseudogene,RNU6,1.6880212171282214,0.303999990224838,0.71,0,-0.739832773912987,0.16069130440833226
RNU6-496P,Pseudogene,RNU6,0.8420432178681572,0.305000007152557,0,0,-1.0939038004802228,0.09041083114353986
RNU6-497P,Pseudogene,RNU6,1.0353488123547172,0.375999987125397,0,0,-0.43761424291450834,0.08851131035257753
RNU6-498P,Pseudogene,RNU6,0.5518530902149955,0.298000007867813,0,0,-1.2573392016782199,0.08997218046086913
RNU6-499P,Pseudogene,RNU6,1.5906353776785165,-0.149000003933907,0,0,-0.640383763675838,0.07667024094651163
RNU6-49P,Pseudogene,RNU6,1.298477859329401,0.146999999880791,2.66,0,-0.8619710547656373,0.16743324400951617
RNU6-4P,Pseudogene,RNU6,1.330939805812636,0.360000014305115,0,0,-1.2723512278376867,0.12512745679864395
RNU6-500P,Pseudogene,RNU6,1.266015912846166,-0.0209999997168779,0,0,-0.6610861833260933,0.06816373574993533
RNU6-501P,Pseudogene,RNU6,0.5557485237929837,0.239999994635582,0,0,1.513607252125901,0.12653868139948954
RNU6-502P,Pseudogene,RNU6,0.9648411871405967,0.214000001549721,0,0,1.528078802334745,0.12626810041120878
RNU6-503P,Pseudogene,RNU6,0.6946856547412297,0.171000003814697,0,0,-0.5247736583404901,0.039063190939291975
RNU6-504P,Pseudogene,RNU6,0.7681620220696289,0.197999998927116,0,0,-0.7199974684966695,0.0573881366009532
RNU6-505P,Pseudogene,RNU6,0.8764725550473457,0.214000001549721,0,0,-0.660714582550469,0.05933282001144283
RNU6-506P,Pseudogene,RNU6,0.775978656891799,0.301999986171722,0,0,-0.8517969187025349,0.07144023183620625
RNU6-507P,Pseudogene,RNU6,1.2851684612712748,0.0360000003129244,0,0,-0.30606107719935616,0.06218453852226651
RNU6-508P,Pseudogene,RNU6,1.315181579364464,-0.214000001549721,0,0,-0.5481797502691764,0.054901894828233856
RNU6-509P,Pseudogene,RNU6,1.2335539663629311,0.347000002861023,0.99,0,1.175879264625044,0.12603300413711727
RNU6-50P,Pseudogene,RNU6,0.9779555333735755,0.20100000500679,0.75,0,-0.7689159737657909,0.0708994692930819
RNU6-510P,Pseudogene,RNU6,1.736714136853074,0.0175000000745058,1.07,0,-0.747324661176206,0.09899484652217913
RNU6-511P,Pseudogene,RNU6,1.168630073396461,-0.241999998688698,0,0,-1.2181125702378233,0.09150537208802964
RNU6-512P,Pseudogene,RNU6,0.910510324175398,0.204999998211861,0,0,-0.9147243610334393,0.07733467228405028
RNU6-514P,Pseudogene,RNU6,1.4283256452623412,0.252000004053116,0,0,-0.9381499238047399,0.1052673948698386
RNU6-516P,Pseudogene,RNU6,1.4027306489967135,0.28999999165535,4.16,0,1.400240374664995,0.12600733218326018
RNU6-517P,Pseudogene,RNU6,0.8525687580915091,-0.0925000011920929,0,0,1.0668071760643594,0.12631208773582964
RNU6-518P,Pseudogene,RNU6,1.157809424568716,0.284000009298325,0,0,1.115707367456026,0.12613010129065588
RNU6-519P,Pseudogene,RNU6,1.1899707974734026,0.214000001549721,0,0,0.9566597655353583,0.12611087641930244
RNU6-520P,Pseudogene,RNU6,0.6345686269270847,-0.25900000333786,0,0,-0.5664415770129285,0.014928334997995887
RNU6-522P,Pseudogene,RNU6,1.3634017522958712,-0.0579999983310699,0,0,-0.6146564716064692,0.0682183913537171
RNU6-523P,Pseudogene,RNU6,1.286454916187462,0.165999993681908,0,0,-0.39350121337759525,0.06019869887214629
RNU6-524P,Pseudogene,RNU6,1.2335539663629311,0.284000009298325,0,0,-0.8210619906703187,0.08930889647542953
RNU6-525P,Pseudogene,RNU6,1.1689422074972615,0.30799999833107,0,0,-0.1216041329842979,0.050094841277665614
RNU6-526P,Pseudogene,RNU6,1.6384095630689377,-0.229000002145767,0,0,-0.45243633278012685,0.062030815421903876
RNU6-527P,Pseudogene,RNU6,1.0353488123547172,0.347000002861023,0.27,0,-1.0883344878972205,0.09891873478129853
RNU6-528P,Pseudogene,RNU6,1.1809656130600903,0.30799999833107,0,0,-0.5003201450869358,0.06817467932462203
RNU6-529P,Pseudogene,RNU6,1.0353488123547172,0.144999995827675,0,0,1.6874010232905408,0.1261631666156333
RNU6-530P,Pseudogene,RNU6,1.0387822874635209,0.0419999994337559,3.27,0,-0.5762742320201867,0.05419529786536561
RNU6-531P,Pseudogene,RNU6,1.3693323002110775,0.305000007152557,1.89,0,-0.6960313660279592,0.08920656076758741
RNU6-532P,Pseudogene,RNU6,1.136168126913226,0.30799999833107,0,0,-0.6420399323384872,0.1362455189477188
RNU6-533P,Pseudogene,RNU6,1.6230973241617517,0.305000007152557,0,0,-0.5869247258243945,0.1486921129660643
RNU6-534P,Pseudogene,RNU6,0.7864365902730902,0.0564999990165234,0.37,0,-0.6139698807198006,0.04429624295853972
RNU6-535P,Pseudogene,RNU6,1.266015912846166,-0.172000005841255,0,0,-0.5687219544720403,0.055721225733173015
RNU6-536P,Pseudogene,RNU6,1.298477859329401,0.301999986171722,0,0,-0.5580328139721182,0.09780096327497986
RNU6-537P,Pseudogene,RNU6,0.9442329287744868,0.263999998569489,0,0,-0.7961892738585058,0.07369529899859459
RNU6-538P,Pseudogene,RNU6,0.7790867155976406,-0.116999998688698,0,0,-0.896756464950878,0.056569512767728404
RNU6-539P,Pseudogene,RNU6,1.5175172069589966,0.30799999833107,0,0,-0.9060213327192665,0.11016877275611106
RNU6-53P,Pseudogene,RNU6,1.2451912679323929,-0.025000000372529,0.37,0,-0.5038947675389225,0.07909085888069557
RNU6-540P,Pseudogene,RNU6,1.272444021060668,-0.0439999997615814,2.77,0,-0.5611988401252964,0.06096005825064447
RNU6-541P,Pseudogene,RNU6,1.1367583441220122,0.30799999833107,0.35,0,-0.97452155196962,0.095426423524864
RNU6-542P,Pseudogene,RNU6,0.8430651149772205,0.347000002861023,0,0,-0.4521353678916612,0.05039665686530957
RNU6-543P,Pseudogene,RNU6,1.3829390349015218,0.28600001335144,0,0,1.3360574526500062,0.12594668355166588
RNU6-544P,Pseudogene,RNU6,1.330939805812636,-0.19200000166893,0,0,-0.5834440851117882,0.058928064765289806
RNU6-545P,Pseudogene,RNU6,1.5697223929248938,0.152999997138977,0,0,-0.49164754207695954,0.07999729008368588
RNU6-546P,Pseudogene,RNU6,0.5193911437317604,0.214000001549721,0,0,-1.033665819468591,0.06912468761474969
RNU6-547P,Pseudogene,RNU6,0.9194368959810392,0.293999999761581,0,0,0.9858924920349545,0.1262463903607721
RNU6-548P,Pseudogene,RNU6,0.9363154476947008,-0.186000004410744,2.65,0,-1.2269825367172669,0.08327853481257023
RNU6-549P,Pseudogene,RNU6,1.4607875917455764,0.305000007152557,5.87,0,1.5374670346928314,0.1259306131749811
RNU6-54P,Pseudogene,RNU6,1.298477859329401,0.164000004529953,0,0,-0.6342780041946595,0.07591654927283431
RNU6-550P,Pseudogene,RNU6,0.7909787157944694,-0.0410000011324883,0.23,0,-0.6160727355633114,0.0403352600715404
RNU6-551P,Pseudogene,RNU6,0.9442329287744868,0.30799999833107,0,0,-0.9580260608291902,0.08570846952057648
RNU6-552P,Pseudogene,RNU6,1.0215965510900435,0.214000001549721,0,0,-1.0636480116996687,0.09221772790096121
RNU6-553P,Pseudogene,RNU6,1.3748986916753505,0.078999999910593,0.71,0,-0.4881790773953822,0.09194844851497454
RNU6-554P,Pseudogene,RNU6,1.376264032977908,-0.261000007390976,0,0,-1.2838308292132146,0.17015460743687952
RNU6-555P,Pseudogene,RNU6,0.9830457378413626,-0.0654999986290932,0,0,-0.5124305798255402,0.042520727804624014
RNU6-556P,Pseudogene,RNU6,1.356291040209067,0.30799999833107,0,0,-0.8025866406053163,0.09537746994346785
RNU6-557P,Pseudogene,RNU6,1.0104518614417886,0.261999994516373,0,0,-1.0441192140540538,0.16779550355407602
RNU6-558P,Pseudogene,RNU6,1.4027306489967135,0.30799999833107,0,0,-0.9433254948638292,0.18896478646574416
RNU6-559P,Pseudogene,RNU6,1.1341806608020075,0.301999986171722,0,0,0.9655260185193866,0.12612565787757296
RNU6-55P,Pseudogene,RNU6,0.8115486620808757,-0.116500001400709,0,0,-0.7386855492148628,0.04693216573657158
RNU6-560P,Pseudogene,RNU6,1.4794231536155815,-0.136000007390976,0,0,-0.6511294492594051,0.07280516057163681
RNU6-561P,Pseudogene,RNU6,0.9194368959810392,0.390000000596046,0,0,-0.877513174788055,0.08283236214564471
RNU6-562P,Pseudogene,RNU6,0.9413964480138156,0.120999999344349,0,0,-0.8791306438069109,0.0729222251249787
RNU6-563P,Pseudogene,RNU6,0.9326798142359102,-0.028999999165535,0,0,1.2092856806936143,0.12631324936276092
RNU6-564P,Pseudogene,RNU6,1.2691372538541694,0.0604999996721745,1.23,0,-0.7160394863326609,0.07535261902597663
RNU6-565P,Pseudogene,RNU6,1.3893713094824591,-0.150999993085861,0,0,-0.4080946895832921,0.051705738937354764
RNU6-566P,Pseudogene,RNU6,1.5581734311952813,-0.096000000834465,0,0,-0.14459505210760026,0.04425780939520281
RNU6-567P,Pseudogene,RNU6,1.330939805812636,0.30799999833107,0,0,-0.8754320784609396,0.09850602777688502
RNU6-56P,Pseudogene,RNU6,1.6433424090652744,0.312000006437302,0,0,-0.16384565124299635,0.07028569655260328
RNU6-570P,Pseudogene,RNU6,0.860087001108189,-0.188999995589256,0,0,-0.6532968004634514,0.040861377700036165
RNU6-571P,Pseudogene,RNU6,1.201092019879696,0.30799999833107,0,0,-0.9316779955060154,0.09571151815079025
RNU6-572P,Pseudogene,RNU6,0.9986106286905176,-0.0750000029802322,0,0,-0.7066358083587536,0.11828269049870749
RNU6-573P,Pseudogene,RNU6,1.736714136853074,0.30799999833107,0,0,-0.21926607446425175,0.0784452040547197
RNU6-574P,Pseudogene,RNU6,1.330939805812636,-0.135000005364418,0.55,0,-0.8654320168483978,0.08016746061784526
RNU6-575P,Pseudogene,RNU6,0.8270067318347971,-0.0850000008940697,0,0,0.3297193785579871,-0.04687553327240423
RNU6-576P,Pseudogene,RNU6,1.6005012633744016,0.30799999833107,0,0,-0.44596696673295505,0.08568930761773919
RNU6-577P,Pseudogene,RNU6,1.4177258260025094,0.30799999833107,1.62,0,-0.3529060243921881,0.0961283381698645
RNU6-578P,Pseudogene,RNU6,1.3826267885626415,0.204999998211861,0,0,0.44897619545607564,-0.007262098723760523
RNU6-579P,Pseudogene,RNU6,0.7151175857630304,-0.0685000009834766,0,0,0.32744735651587636,-0.052758657881787165
RNU6-57P,Pseudogene,RNU6,1.2140137655671974,-0.330000013113022,0,0,-0.42928015038547107,0.037549021966989955
RNU6-580P,Pseudogene,RNU6,0.9738583944970508,0.30799999833107,0,0,-1.1098073597805094,0.09673226216599148
RNU6-581P,Pseudogene,RNU6,1.356291040209067,-0.0890000015497208,0,0,-0.22172760733412922,0.04029388432349073
RNU6-582P,Pseudogene,RNU6,1.3634017522958712,-0.247999995946884,0,0,-0.826183835785992,0.07456126951739817
RNU6-583P,Pseudogene,RNU6,1.3591675853632754,-0.235999993979931,2.75,0,-0.2660278214952267,0.0371215714733627
RNU6-584P,Pseudogene,RNU6,1.060309683552403,0.347000002861023,1.13,0,1.6093254842039553,0.12605904973612234
RNU6-586P,Pseudogene,RNU6,1.4027306489967135,0.0314999995753169,0,0,-0.13418980277949322,0.06698078395454773
RNU6-587P,Pseudogene,RNU6,0.9175093553186052,-0.176500000059605,0,0,-0.5789887412188955,0.03914393215061032
RNU6-588P,Pseudogene,RNU6,1.3893713094824591,0.453999996185303,0,0,-0.5264966871157105,0.08566576317987279
RNU6-589P,Pseudogene,RNU6,0.7790867155976406,0.293000012636185,1.33,0,-1.333799927921694,0.10282760521481016
RNU6-58P,Pseudogene,RNU6,1.5175172069589966,0.0329999998211861,0,0,0.40733318597949475,-0.004773005097508511
RNU6-590P,Pseudogene,RNU6,1.4607875917455764,0.0939999967813492,0,0,-0.7591512136961781,0.0889812146141552
RNU6-591P,Pseudogene,RNU6,1.081350311625499,0.197999998927116,0,0,-0.7945979083048299,0.07749183019113348
RNU6-592P,Pseudogene,RNU6,1.112845951769931,-0.230000004172325,0,0,0.849147084192604,0.12611925640151642
RNU6-593P,Pseudogene,RNU6,1.5196248697464398,-0.214000001549721,0.85,0,-0.6295651571685693,0.06988149249099258
RNU6-595P,Pseudogene,RNU6,1.298477859329401,0.293000012636185,0.56,0,-1.0114065808084711,0.10482360271905276
RNU6-596P,Pseudogene,RNU6,1.0278512238518194,-0.252999991178513,0,0,-0.8492201602028531,0.11520421230958809
RNU6-597P,Pseudogene,RNU6,1.3280755164170566,0.30799999833107,0,0,0.9131705158476664,0.12601410057567508
RNU6-598P,Pseudogene,RNU6,1.3232107709356753,0.30799999833107,0,0,-0.6597364920493703,0.13068637650746265
RNU6-599P,Pseudogene,RNU6,1.7854070565779263,-0.20100000500679,0,0,-0.391846170907287,0.06501642702522661
RNU6-59P,Pseudogene,RNU6,1.266015912846166,0.303000003099442,0.73,0,-0.9584126772724206,0.10036176316136275
RNU6-5P,Pseudogene,RNU6,1.136168126913226,0.0759999975562096,1.75,0,-1.3438309185164552,0.10968991011153265
RNU6-600P,Pseudogene,RNU6,0.9823837541795166,0.187999993562698,0,0,1.8126711091423235,0.12616799463511244
RNU6-601P,Pseudogene,RNU6,0.6492389296647005,-0.118000000715256,0,0,-1.0401382787814701,0.060386665886184396
RNU6-602P,Pseudogene,RNU6,1.190889693842108,0.006000000052154,0.09,0,-0.5695442013681101,0.05975988702841346
RNU6-603P,Pseudogene,RNU6,1.006320340980286,0.294999986886978,0.26,0,-0.9869856008824238,0.08965158552755799
RNU6-604P,Pseudogene,RNU6,1.2851684612712748,0.30799999833107,0,0,-0.5801013131917668,0.07809284880616113
RNU6-605P,Pseudogene,RNU6,1.2221321703780892,0.305000007152557,0,0,-0.5441869221786103,0.10433368943102643
RNU6-606P,Pseudogene,RNU6,1.06393298473882,0.104999996721745,0.66,0,-0.6242848237669016,0.061447996451017325
RNU6-607P,Pseudogene,RNU6,0.868357068426537,-0.0315000005066395,0,0,-0.42577449625015407,0.03137708986829459
RNU6-608P,Pseudogene,RNU6,1.60312074171053,0.284000009298325,0,0,-0.31587329490353716,0.07667100592132839
RNU6-609P,Pseudogene,RNU6,0.6817008761479356,0.289000004529953,0,0,-0.9982778484101779,0.11683592306256711
RNU6-60P,Pseudogene,RNU6,1.2140137655671974,0.305000007152557,12.28,0,-0.9155536830989531,0.09511686842110155
RNU6-610P,Pseudogene,RNU6,1.2335539663629311,-0.160999998450279,0.68,0,-0.6325600133407739,0.05889483272904419
RNU6-611P,Pseudogene,RNU6,1.1021455099259891,0.136999994516373,5.55,0,1.5404957341623797,0.12618718578222304
RNU6-612P,Pseudogene,RNU6,0.9534901143507074,0.194999992847443,0,0,-0.702010255364352,0.09805291058708562
RNU6-613P,Pseudogene,RNU6,0.9005184413312235,0.214000001549721,0,0,-0.8290688024845365,0.07170009093227743
RNU6-615P,Pseudogene,RNU6,1.1468866941482565,0.30799999833107,0,0,-0.4004710741289428,0.09953279175326568
RNU6-616P,Pseudogene,RNU6,0.8115486620808757,0.284000009298325,0,0,-0.9939429567681678,0.08160765229709581
RNU6-617P,Pseudogene,RNU6,0.9089345015305808,-0.180999994277954,0,0,-0.7569501217247253,0.05067107103838439
RNU6-618P,Pseudogene,RNU6,1.147471840420781,0.347000002861023,0.34,0,-0.46082799857854195,0.0998706605344461
RNU6-619P,Pseudogene,RNU6,0.6110660851890446,0.0425000004470348,3.06,0,-1.1596406410752902,0.07417864064014741
RNU6-61P,Pseudogene,RNU6,1.2746525775068434,0.194000005722046,0,0,-0.7902782037629867,0.1575271758866364
RNU6-620P,Pseudogene,RNU6,1.1216278800509438,0.298000007867813,0,0,-0.7114492649098452,0.07792113300477752
RNU6-621P,Pseudogene,RNU6,1.2109199486315012,0.214000001549721,1.3,0,-0.8636832319408196,0.08827140287660294
RNU6-622P,Pseudogene,RNU6,1.281458974765375,0.30799999833107,0,0,-0.7774267105059763,0.09004930008511686
RNU6-623P,Pseudogene,RNU6,1.1247291552953242,0.305000007152557,0.97,0,-0.608038907617294,0.1120120443254864
RNU6-624P,Pseudogene,RNU6,0.7466247691144057,0.282999992370605,0,0,-1.0567184502837097,0.08315308773324823
RNU6-625P,Pseudogene,RNU6,1.298477859329401,-0.11599999666214,0,0,-0.5662313493515713,0.10763436647485439
RNU6-626P,Pseudogene,RNU6,0.9738583944970508,-0.0729999989271164,0,0,-1.0011154464944394,0.07459756583019916
RNU6-627P,Pseudogene,RNU6,0.8172772408720348,0.30799999833107,0,0,-0.7375643702417358,0.06599193721126496
RNU6-628P,Pseudogene,RNU6,1.266015912846166,-0.101000003516674,0.26,0,-1.2449686261388784,0.10321796712539706
RNU6-629P,Pseudogene,RNU6,0.6744520919817764,0.30799999833107,0,0,-0.8148717559577278,0.06481754021405328
RNU6-62P,Pseudogene,RNU6,1.2259158613080523,-0.119000002741814,0.56,0,-0.522502428808484,0.05305139061464491
RNU6-630P,Pseudogene,RNU6,0.7864365902730902,0.0084999999962747,0,0,-1.0049443564862646,0.06965259039226229
RNU6-632P,Pseudogene,RNU6,1.0311740187565128,-0.08249999769032,0,0,-0.7238183706321047,0.0584979318685184
RNU6-633P,Pseudogene,RNU6,1.315181579364464,0.277999997138977,0,0,1.3339007010195465,0.125881493648478
RNU6-634P,Pseudogene,RNU6,0.9175093553186052,-0.239500001072884,0,0,-0.8645455877800562,0.05620598508869569
RNU6-635P,Pseudogene,RNU6,1.2599690796777203,0.144000001251698,0,0,-0.27688856623204255,0.05069946658178968
RNU6-636P,Pseudogene,RNU6,1.330939805812636,0.145999997854233,0,0,-0.6410104442888613,0.07724956612357198
RNU6-637P,Pseudogene,RNU6,1.0712442339467558,0.146999999880791,0.21,0,-1.0185166769872025,0.08892178853071504
RNU6-638P,Pseudogene,RNU6,1.1689422074972615,0.458999991416931,5.51,0,-0.4448892886247024,0.07041085036981903
RNU6-639P,Pseudogene,RNU6,1.103706180429991,0.30799999833107,0,0,-1.072954593338161,0.0999104988797384
RNU6-63P,Pseudogene,RNU6,0.9871848777901684,0.263999998569489,0,0,-0.7299580878515531,0.07148347524199167
RNU6-640P,Pseudogene,RNU6,0.9593278089283648,0.0719999969005585,0,0,-0.8093213347353534,0.11295851719764069
RNU6-641P,Pseudogene,RNU6,0.6492389296647005,0.138999998569489,0,0,-1.2269514485907858,0.08491037416519326
RNU6-643P,Pseudogene,RNU6,1.266015912846166,0.194999992847443,0,0,-0.880150840293158,0.09112103583683817
RNU6-644P,Pseudogene,RNU6,1.736714136853074,-0.035500000230968,0,0,-0.5073189394656558,0.11359177457167846
RNU6-645P,Pseudogene,RNU6,1.2779594591937713,-0.280499994754791,0,0,-0.42350305043244574,0.07694673485181654
RNU6-646P,Pseudogene,RNU6,1.507336798023423,-0.262000009417534,0.37,0,-0.46687181559648455,0.05609177348840482
RNU6-647P,Pseudogene,RNU6,1.2335539663629311,-0.27700001001358,0.26,0,-0.7383185369222339,0.06137915035876824
RNU6-648P,Pseudogene,RNU6,0.9413964480138156,0.30799999833107,0,0,-1.015702476304714,0.08936345793960271
RNU6-649P,Pseudogene,RNU6,1.201092019879696,0.30799999833107,0,0,-0.8265723539959693,0.08912008045149633
RNU6-64P,Pseudogene,RNU6,0.9593278089283648,0.0140000004321337,0,0,-0.541288826316742,0.04649984648429568
RNU6-650P,Pseudogene,RNU6,1.2829780110085771,0.28600001335144,0,0,-0.35647842273581737,0.06317579616492233
RNU6-651P,Pseudogene,RNU6,0.6285251161944458,0.104000002145767,0,0,-0.8799480917756026,0.05796408993477614
RNU6-652P,Pseudogene,RNU6,0.9738583944970508,-0.142000004649162,2.9,0,-0.7807780173583826,0.05708281644827952
RNU6-653P,Pseudogene,RNU6,1.343495841716529,0.0804999992251396,0.24,0,-0.7285451817486325,0.08058003102373441
RNU6-654P,Pseudogene,RNU6,1.2335539663629311,0.28999999165535,0,0,-0.8780721697739192,0.09319699767988508
RNU6-655P,Pseudogene,RNU6,1.5257114847120463,0.30799999833107,0,0,-0.7546945030971343,0.1010714440845486
RNU6-656P,Pseudogene,RNU6,1.6230973241617517,-0.123999997973442,0,0,-0.581551851538725,0.07529008568301052
RNU6-657P,Pseudogene,RNU6,0.8440106085641107,0.30799999833107,0,0,1.2316692644390452,0.12636966326118879
RNU6-658P,Pseudogene,RNU6,1.081350311625499,0.0559999998658895,7.01,0,-1.0334352679097119,0.08670489134288176
RNU6-659P,Pseudogene,RNU6,1.0687471611403534,0.26800000667572,0,0,-0.5535137805170695,0.06448666221502682
RNU6-65P,Pseudogene,RNU6,1.4886121173026348,-0.224500000476837,0,0,0.5532984752193109,0.12590470690940134
RNU6-660P,Pseudogene,RNU6,1.147187319756159,0.266999989748001,0,0,1.4254347868710318,0.12603434435004995
RNU6-661P,Pseudogene,RNU6,1.5906353776785165,0.101999998092651,0,0,-0.4965816475649745,0.0790779736560183
RNU6-662P,Pseudogene,RNU6,1.0687471611403534,0.211999997496605,0,0,-0.8022317686908121,0.07783697513910039
RNU6-663P,Pseudogene,RNU6,0.8192047815344689,0.293000012636185,0,0,-0.9463076134903817,0.07905602551779416
RNU6-664P,Pseudogene,RNU6,0.7141628226311706,0.303000003099442,0,0,-1.084443143462173,0.08459024019929033
RNU6-665P,Pseudogene,RNU6,1.2335539663629311,0.44200000166893,0,0,-0.7202361969437627,0.08927963721879778
RNU6-666P,Pseudogene,RNU6,1.4607875917455764,0.326999992132187,0,0,0.4894025109546171,4.7575866192362513e-4
RNU6-667P,Pseudogene,RNU6,1.4302351715260608,-0.221000000834465,0,0,-0.5804598503627753,0.062079824585967294
RNU6-668P,Pseudogene,RNU6,1.266015912846166,-0.170000001788139,0,0,-0.4634711725847905,0.07162802470512857
RNU6-669P,Pseudogene,RNU6,1.298477859329401,0.156000003218651,0,0,-1.1740044508308065,0.10972615379164467
RNU6-66P,Pseudogene,RNU6,1.0687471611403534,-0.175999999046326,0,0,-0.9458027245445111,0.07131907119207495
RNU6-670P,Pseudogene,RNU6,0.5677719293558127,0.30799999833107,0,0,-0.8495023440753139,0.06271346564240449
RNU6-672P,Pseudogene,RNU6,1.298477859329401,-0.0700000002980232,0,0,-1.012843464732501,0.09086399669500703
RNU6-673P,Pseudogene,RNU6,1.3359339514254416,0.284000009298325,0,0,-0.3078367156600926,0.06270196113807454
RNU6-674P,Pseudogene,RNU6,0.5193911437317604,0.0405000001192093,0.36,0,-0.8037062458655019,0.044579711124727674
RNU6-675P,Pseudogene,RNU6,0.834958719640901,0.0919999983161688,0,0,-1.0990922216607526,0.08165141773499854
RNU6-677P,Pseudogene,RNU6,1.1348825052703255,0.0070000002160668,0,0,0.37585868500557507,-0.026721692018804165
RNU6-678P,Pseudogene,RNU6,0.9559894331301324,0.30799999833107,1.15,0,-0.4301012038662404,0.08436842027591065
RNU6-679P,Pseudogene,RNU6,1.2451912679323929,0.214000001549721,0,0,-0.4164676500710694,0.06193923286049442
RNU6-67P,Pseudogene,RNU6,1.145873244933987,0.214000001549721,0.1,0,-0.5181536682438483,0.06354892570381158
RNU6-680P,Pseudogene,RNU6,1.2570502323888917,-0.125,0,0,-0.6503636887335824,0.06264978622241014
RNU6-681P,Pseudogene,RNU6,1.703315788067438,0.0010000001639127,1.39,0,-0.31632811503382374,0.0666777268719474
RNU6-682P,Pseudogene,RNU6,1.4090322242392863,0.287000000476837,0,0,-0.5683364778838778,0.11444532295980164
RNU6-684P,Pseudogene,RNU6,1.2451912679323929,0.214000001549721,0,0,-0.8419496932702709,0.08860219725236264
RNU6-685P,Pseudogene,RNU6,0.7312480576223469,0.103000000119209,0,0,-0.8812547707256255,0.06264463673171453
RNU6-686P,Pseudogene,RNU6,1.0387822874635209,0.214000001549721,0,0,-0.7279504922541085,0.12488557689776769
RNU6-687P,Pseudogene,RNU6,1.209845803201018,0.31700000166893,0,0,-0.4135774083206521,0.064546501997506
RNU6-689P,Pseudogene,RNU6,1.2335539663629311,0.305000007152557,1.45,0,1.327401051365237,0.12607922996801516
RNU6-68P,Pseudogene,RNU6,1.1689422074972615,0.268999993801117,0,0,-0.4169440223965387,0.0607815704225434
RNU6-690P,Pseudogene,RNU6,0.9830457378413626,0.282999992370605,0,0,-0.5540797041869091,0.06105906751346892
RNU6-692P,Pseudogene,RNU6,0.9738583944970508,-0.18299999833107,0,0,-0.7508328848013741,0.05351085545381155
RNU6-694P,Pseudogene,RNU6,1.5358696448360518,0.214000001549721,0.43,0,-0.5408485102301609,0.0840780993636524
RNU6-695P,Pseudogene,RNU6,1.3359339514254416,0.305000007152557,0,0,-0.45590926707751805,0.0727791573288577
RNU6-696P,Pseudogene,RNU6,1.266015912846166,-0.13400000333786,0,0,-0.7338412419601837,0.06831744338189322
RNU6-697P,Pseudogene,RNU6,1.298477859329401,-0.230000004172325,0,0,-0.5118074666994156,0.050996991529137704
RNU6-698P,Pseudogene,RNU6,1.5581734311952813,0.203999996185303,0,0,-0.7762678437074781,0.16111876061652053
RNU6-699P,Pseudogene,RNU6,1.2630648268022358,0.221000000834465,0,0,0.44646305468737685,-0.01326433497870967
RNU6-700P,Pseudogene,RNU6,1.3958636987791062,-0.259999990463257,0,0,-0.3616543186168591,0.04424120032481225
RNU6-701P,Pseudogene,RNU6,1.103706180429991,0.296999990940094,0,0,-0.5143490736374765,0.14446655733423525
RNU6-702P,Pseudogene,RNU6,1.103706180429991,-0.36599999666214,0,0,-0.8587616942712845,0.059863472274451816
RNU6-703P,Pseudogene,RNU6,1.7529451100946911,0.284000009298325,0.21,0,-0.432022503084961,0.11418391123977178
RNU6-704P,Pseudogene,RNU6,0.4383938597881546,0.30799999833107,0,0,-1.3932738865160832,0.09553759386511529
RNU6-705P,Pseudogene,RNU6,1.135543858711625,0.28099998831749,0,0,-0.8255517718727327,0.084963115705212
RNU6-706P,Pseudogene,RNU6,1.3359339514254416,0.0499999988824129,0,0,-0.46087223589191795,0.06156999078766912
RNU6-707P,Pseudogene,RNU6,1.060309683552403,0.416999995708466,0.09,0,-1.2789094259032758,0.11319146815137496
RNU6-708P,Pseudogene,RNU6,1.298477859329401,-0.243000000715256,0,0,-0.756680399841265,0.06695305890984872
RNU6-709P,Pseudogene,RNU6,1.2691372538541694,-0.0305000012740493,0,0,0.3731278139463962,-0.020362867585900276
RNU6-70P,Pseudogene,RNU6,1.3314808382540235,0.211999997496605,0,0,-0.691448211340174,0.08315022845647159
RNU6-710P,Pseudogene,RNU6,0.9924080782017566,0.214000001549721,0,0,-0.8854914021286308,0.07948319090366733
RNU6-711P,Pseudogene,RNU6,0.9175093553186052,0.30799999833107,0,0,-0.8212191120388185,0.07588540741681431
RNU6-712P,Pseudogene,RNU6,1.4935741576936437,0.287000000476837,0,0,-0.681157222324407,0.09392192958066244
RNU6-713P,Pseudogene,RNU6,1.4607875917455764,0.214000001549721,0,0,-0.8401976553399,0.09913718618842807
RNU6-714P,Pseudogene,RNU6,0.8767877195763092,0.261000007390976,0.22,0,-0.7835952448422445,0.06976942224673342
RNU6-715P,Pseudogene,RNU6,0.8430651149772205,0.263999998569489,0,0,1.330641280856761,0.1263617849127146
RNU6-716P,Pseudogene,RNU6,0.9779555333735755,0.277999997138977,0,0,-0.5147056874612578,0.0970267279945134
RNU6-717P,Pseudogene,RNU6,1.3693323002110775,0.266000002622604,0,0,1.4240397683966488,0.12586024016505623
RNU6-718P,Pseudogene,RNU6,1.3232107709356753,-0.0370000004768372,0,0,0.37459181838861877,-0.01754759023478816
RNU6-719P,Pseudogene,RNU6,0.9351537659978092,0.291500002145767,0,0,-0.8406172703815683,0.07718024662520565
RNU6-71P,Pseudogene,RNU6,1.006320340980286,0.282999992370605,0,0,-1.0696428788360288,0.09443229351754745
RNU6-720P,Pseudogene,RNU6,1.157809424568716,0.30799999833107,0,0,-0.990256545650194,0.09700833516510705
RNU6-722P,Pseudogene,RNU6,0.9017554172121732,-0.0130000002682209,1.26,0,-1.0548430556151112,0.07728022554824866
RNU6-723P,Pseudogene,RNU6,0.9738583944970508,0.268999993801117,0,0,-0.8901792574049712,0.0811305458731885
RNU6-724P,Pseudogene,RNU6,1.190889693842108,-0.0920000001788139,0,0,-0.3879235393425877,0.043473622665547426
RNU6-725P,Pseudogene,RNU6,0.7151175857630304,0.0769999995827675,0,0,-0.48982478795966466,0.03274095773211342
RNU6-726P,Pseudogene,RNU6,0.5843150366982305,0.30799999833107,0.73,0,-1.2985995714005723,0.0946030225815475
RNU6-727P,Pseudogene,RNU6,0.8115486620808757,0.30799999833107,0,0,-1.4145529826370429,0.10947175483673065
RNU6-728P,Pseudogene,RNU6,1.2023405562828977,-0.167999997735023,0,0,0.6531959572068416,0.12602067715820292
RNU6-729P,Pseudogene,RNU6,1.7204831636114566,-0.273000001907349,0,0,-0.5439676546666223,0.07021388857486238
RNU6-72P,Pseudogene,RNU6,1.3629908415808936,-0.0869999974966049,0,0,-0.8921406164396002,0.08526420516134045
RNU6-730P,Pseudogene,RNU6,1.2691372538541694,-0.0580000001937151,0,0,-0.5015786507734145,0.05630525544662095
RNU6-731P,Pseudogene,RNU6,1.4081465974484384,0.217999994754791,0.63,0,-0.6393934833938425,0.13652533388538096
RNU6-732P,Pseudogene,RNU6,1.5849624161571745,0.30799999833107,0,0,-1.0424506488934804,0.12218843010720545
RNU6-733P,Pseudogene,RNU6,1.3693323002110775,0.0579999973997474,0,0,-0.6748036494642824,0.07746496777912612
RNU6-735P,Pseudogene,RNU6,1.136168126913226,0.238000005483627,0,0,-0.7578475955434937,0.12083374142226139
RNU6-737P,Pseudogene,RNU6,1.2335539663629311,0.300000011920929,0,0,1.2962819063457334,0.1260113850847878
RNU6-738P,Pseudogene,RNU6,1.1468866941482565,0.30799999833107,0,0,-1.0227211703502912,0.0987939972094646
RNU6-739P,Pseudogene,RNU6,1.1465685563690198,-0.101999998092651,0.3,0,-0.7616934544585218,0.06578002766271243
RNU6-73P,Pseudogene,RNU6,1.2335539663629311,-0.0829999968409538,0,0,-1.0387453516795349,0.0889290157868064
RNU6-740P,Pseudogene,RNU6,1.2901305016622835,-0.0640000030398369,0,0,-0.5857049513916668,0.06255053216773496
RNU6-741P,Pseudogene,RNU6,1.103706180429991,0.273999989032745,0,0,-0.6604273777864904,0.07300122898553393
RNU6-742P,Pseudogene,RNU6,0.9089345015305808,0.30799999833107,0.47,0,-1.1553165943511818,0.09710736941289548
RNU6-743P,Pseudogene,RNU6,1.343495841716529,0.239999994635582,0.67,0,-0.9692329702272725,0.10237605942322157
RNU6-744P,Pseudogene,RNU6,0.8764725550473457,0.30799999833107,0,0,-0.9193953767977252,0.08040745207686852
RNU6-745P,Pseudogene,RNU6,1.3107276504551504,0.0019999999203719,0,0,-0.6206853810334133,0.06865858569485354
RNU6-746P,Pseudogene,RNU6,1.115321005318488,-0.158999994397163,0,0,-1.0056386449215153,0.0781783685995796
RNU6-747P,Pseudogene,RNU6,0.5677719293558127,0.261999994516373,0.03,0,-1.1289173743341774,0.07997922037237351
RNU6-748P,Pseudogene,RNU6,1.5257114847120463,0.0769999995827675,1.18,0,-0.8607091934503787,0.0980240300111875
RNU6-74P,Pseudogene,RNU6,0.9738583944970508,-0.109999999403954,0,0,-0.9279816439737255,0.06819213762819087
RNU6-750P,Pseudogene,RNU6,0.7466247691144057,0.256999999284744,4.4,0,-0.6992281073419506,0.05789532518388881
RNU6-752P,Pseudogene,RNU6,1.2940222980473886,-0.136500000953674,0,0,0.793752530664628,0.12604338801027995
RNU6-753P,Pseudogene,RNU6,1.3634017522958712,0.451999992132187,0,0,-1.014953049801786,0.11429578307076142
RNU6-754P,Pseudogene,RNU6,1.0387822874635209,0.0439999997615814,0,0,-0.6517494047925392,0.059403878196958755
RNU6-755P,Pseudogene,RNU6,0.7756199057790428,-0.163000002503395,0,0,-0.7876436382972607,0.04645038733581255
RNU6-756P,Pseudogene,RNU6,1.266015912846166,0.301999986171722,0,0,1.2391799319831498,0.12596386256380424
RNU6-757P,Pseudogene,RNU6,1.5630427231677666,0.0405000001192093,1.65,0,-0.7237324744309382,0.08945360688329727
RNU6-759P,Pseudogene,RNU6,1.7872980437517072,0.294999986886978,0.77,0,1.3017512177559523,0.12566695739085848
RNU6-75P,Pseudogene,RNU6,1.3693323002110775,0.0515000000596046,0,0,-0.46279042745732635,0.06338119881263468
RNU6-760P,Pseudogene,RNU6,1.2532988616465484,0.211999997496605,0,0,-0.6080821982287156,0.12224922312376052
RNU6-761P,Pseudogene,RNU6,1.4932495382288111,0.214000001549721,3.84,0,-0.944113107460576,0.19216271401084803
RNU6-762P,Pseudogene,RNU6,0.9534901143507074,0.0149999996647239,1.95,0,-0.8146477201485512,0.06459413515896503
RNU6-763P,Pseudogene,RNU6,0.9175093553186052,0.30799999833107,0,0,-0.5419630810727194,0.05812583842961353
RNU6-764P,Pseudogene,RNU6,1.0585686167485404,0.308999985456467,0,0,-0.5945120385343147,0.06822474244368937
RNU6-765P,Pseudogene,RNU6,1.473575631269275,0.0179999992251396,0,0,0.4001646994209247,-0.007629237157089474
RNU6-766P,Pseudogene,RNU6,0.7141628226311706,0.30799999833107,0.67,0,-0.9103469968897187,0.07304692648982648
RNU6-767P,Pseudogene,RNU6,1.3958636987791062,-0.0729999989271164,0.71,0,-0.8105341008701089,0.08208327898946169
RNU6-768P,Pseudogene,RNU6,1.006320340980286,0.30799999833107,0,0,-0.8313587506333638,0.08032558989430229
RNU6-769P,Pseudogene,RNU6,1.1689422074972615,0.282999992370605,0.22,0,-0.7858220342691844,0.08426109769471915
RNU6-76P,Pseudogene,RNU6,1.2691372538541694,0.245000004768372,0,0,-0.9072215406395925,0.09505528453045253
RNU6-770P,Pseudogene,RNU6,0.9924080782017566,0.228000000119209,0,0,-0.6500880344447847,0.06523526188155293
RNU6-771P,Pseudogene,RNU6,1.5581734311952813,0.146999999880791,0,0,-0.7151919770593117,0.1624719161057882
RNU6-772P,Pseudogene,RNU6,1.157809424568716,-0.250999987125397,0,0,-0.6536646194793146,0.053095206338741235
RNU6-774P,Pseudogene,RNU6,1.266015912846166,0.017000000923872,0,0,-0.7627325651580685,0.07638095517988162
RNU6-775P,Pseudogene,RNU6,0.6874493458376751,-0.0670000016689301,0,0,0.8532380611936423,0.12645352006772578
RNU6-776P,Pseudogene,RNU6,1.3693323002110775,0.28600001335144,0,0,1.4644017950370685,0.1258657048945128
RNU6-777P,Pseudogene,RNU6,1.3025356026398056,0.305000007152557,0,0,-0.8962091732244706,0.09822116007347113
RNU6-778P,Pseudogene,RNU6,0.7418973011799539,0.284000009298325,0,0,-0.2630626462924178,0.04888552461937384
RNU6-77P,Pseudogene,RNU6,0.9924080782017566,-0.0529999993741512,0,0,-0.5358215522672339,0.045085855859772005
RNU6-780P,Pseudogene,RNU6,1.2023405562828977,-0.399000003933907,0.27,0,-0.6264260398699184,0.04760197549726406
RNU6-782P,Pseudogene,RNU6,1.0687471611403534,0.214000001549721,0.32,0,-0.51170533668782,0.05965917922759943
RNU6-783P,Pseudogene,RNU6,1.0585686167485404,0.282999992370605,0,0,1.1593951333257577,0.12628156111486258
RNU6-784P,Pseudogene,RNU6,0.6553638252275752,0.30799999833107,0.31,0,-0.03718899078530376,0.024690739162752568
RNU6-786P,Pseudogene,RNU6,1.19640307205434,-0.223000004887581,0.31,0,0.31189491557661186,-0.03010873425019883
RNU6-787P,Pseudogene,RNU6,1.136168126913226,0.204999998211861,0,0,-0.7915853516167124,0.08000008267302892
RNU6-788P,Pseudogene,RNU6,1.0687471611403534,-0.210500001907349,0,0,-0.8247385378389082,0.11716621254002249
RNU6-78P,Pseudogene,RNU6,1.3634017522958712,0.294999986886978,0,0,1.2345526405420213,0.1260000865548026
RNU6-790P,Pseudogene,RNU6,0.9924080782017566,0.28099998831749,0,0,1.2450951158509762,0.12615858866841834
RNU6-791P,Pseudogene,RNU6,0.7681620220696289,0.287000000476837,0.04,0,-0.8887990013384957,0.07296199001798703
RNU6-792P,Pseudogene,RNU6,0.6817008761479356,-0.061999998986721,0.24,0,-1.2257692838796268,0.07771677643301764
RNU6-793P,Pseudogene,RNU6,1.4695273465679857,0.327500000596046,0,0,-0.5167993638085542,0.08408406810516594
RNU6-794P,Pseudogene,RNU6,1.248263285863147,0.226999998092651,0.65,0,1.352896674330671,0.12602766166659382
RNU6-795P,Pseudogene,RNU6,1.2477363701662862,0.239999994635582,0.38,0,-0.5650212897438447,0.07241052731694382
RNU6-796P,Pseudogene,RNU6,1.0712442339467558,0.317999988794327,0,0,-0.7025301103278515,0.07578810521714904
RNU6-797P,Pseudogene,RNU6,1.2427862630691724,-0.125,0,0,-0.9692467539394333,0.08315494460580766
RNU6-798P,Pseudogene,RNU6,0.910510324175398,-0.0480000004172325,0,0,-0.4232120972012111,0.0330064504579056
RNU6-799P,Pseudogene,RNU6,0.7790867155976406,-0.237000003457069,0,0,-1.024308645984076,0.06074733494828373
RNU6-79P,Pseudogene,RNU6,1.298477859329401,0.218999996781349,0,0,-0.7058092107669987,0.08274223437271498
RNU6-800P,Pseudogene,RNU6,1.0116781379726645,0.347000002861023,0,0,-0.8947790097263704,0.08584615206600531
RNU6-801P,Pseudogene,RNU6,0.8931672703815808,-0.127000004053116,0,0,-0.631044116351641,0.04339364089722246
RNU6-803P,Pseudogene,RNU6,1.2599690796777203,0.194000005722046,0,0,-0.37180802661413326,0.07214836748475105
RNU6-804P,Pseudogene,RNU6,1.2335539663629311,0.284000009298325,0,0,-0.9473276592389998,0.09729778640871395
RNU6-805P,Pseudogene,RNU6,1.1141185028868776,0.214000001549721,0.37,0,-0.8065303283588576,0.08025175076249197
RNU6-806P,Pseudogene,RNU6,1.157809424568716,0.30799999833107,0,0,-0.6312084688223083,0.07507565704684493
RNU6-807P,Pseudogene,RNU6,1.3958636987791062,0.30799999833107,4.27,0,1.2042908021032737,0.125926284404436
RNU6-808P,Pseudogene,RNU6,1.0291639329499698,0.30799999833107,3.73,0,0.45820700326881214,-0.023373661206545656
RNU6-809P,Pseudogene,RNU6,1.0712442339467558,-0.137999996542931,0,0,-0.712915480504468,0.05740758418596379
RNU6-80P,Pseudogene,RNU6,1.330939805812636,0.146999999880791,0,0,-0.8898611608538799,0.09300174467001394
RNU6-810P,Pseudogene,RNU6,1.0712442339467558,0.277999997138977,0,0,-0.662913278595237,0.09974689389925728
RNU6-811P,Pseudogene,RNU6,1.006320340980286,-0.156000003218651,0,0,0.3200009062977957,-0.038829414992423934
RNU6-812P,Pseudogene,RNU6,0.9089345015305808,-0.229000002145767,0,0,-0.7424541446833248,0.04806731088830621
RNU6-813P,Pseudogene,RNU6,1.4283256452623412,-0.138999998569489,0,0,-0.5125392756877964,0.060999503242513936
RNU6-815P,Pseudogene,RNU6,1.2602704355924963,0.214000001549721,0,0,-0.7996157282868166,0.08659689259055138
RNU6-817P,Pseudogene,RNU6,0.6345686269270847,-0.261000007390976,0.69,0,-0.33455709051905197,-0.006396082258305621
RNU6-818P,Pseudogene,RNU6,1.286454916187462,0.284000009298325,0.08,0,-0.7524313024904056,0.08782790730301013
RNU6-819P,Pseudogene,RNU6,1.4932495382288111,-0.151999995112419,0,0,-0.5867532771923434,0.06845612896356211
RNU6-81P,Pseudogene,RNU6,1.1689422074972615,0.26800000667572,0,0,-0.46427192433357883,0.06364255616932925
RNU6-820P,Pseudogene,RNU6,1.4607875917455764,0.291999995708466,0,0,-0.930540036921958,0.10800128156126775
RNU6-821P,Pseudogene,RNU6,0.8440106085641107,-0.0555000007152557,0,0,-0.6050068463541138,0.041808474636324755
RNU6-822P,Pseudogene,RNU6,1.7039459455916952,0.30799999833107,0.48,0,-0.40704682132044345,0.08865035684943355
RNU6-823P,Pseudogene,RNU6,0.7756199057790428,0.0610000006854534,0,0,-0.8737470356731798,0.06229535284764544
RNU6-824P,Pseudogene,RNU6,1.4027306489967135,-0.0989999994635582,0.22,0,-0.37443595089007037,0.05240208983252986
RNU6-826P,Pseudogene,RNU6,1.502925695353622,0.30799999833107,0.74,0,-0.6579574531393776,0.1272101842612604
RNU6-827P,Pseudogene,RNU6,1.04858212036412,0.217999994754791,0,0,-0.7492010225829799,0.07376348312932628
RNU6-828P,Pseudogene,RNU6,1.2335539663629311,0.30799999833107,3.33,0,-0.7328207395313027,0.12354002935447515
RNU6-829P,Pseudogene,RNU6,1.364561107527415,0.214000001549721,0,0,-0.6368156083125163,0.08151370209924706
RNU6-831P,Pseudogene,RNU6,1.201092019879696,0.30799999833107,0,0,-0.8601833854482569,0.09132561879271996
RNU6-832P,Pseudogene,RNU6,1.0712442339467558,0.30799999833107,0,0,-1.071272316184127,0.09833438863953631
RNU6-833P,Pseudogene,RNU6,1.201092019879696,0.160999998450279,0.91,0,-0.6634029827091488,0.1068120642145945
RNU6-834P,Pseudogene,RNU6,0.9472986201016766,0.214000001549721,0,0,-0.8463490989740196,0.07497576477349108
RNU6-835P,Pseudogene,RNU6,1.0353488123547172,-0.123999997973442,0,0,-0.5942659142699301,0.04829631734459186
RNU6-836P,Pseudogene,RNU6,0.9089345015305808,0.0520000010728836,0,0,-0.8488967385668512,0.06665168448308707
RNU6-837P,Pseudogene,RNU6,1.2542935432827758,0.130499996244907,0.08,0,0.4194417937619104,-0.01642688242458876
RNU6-838P,Pseudogene,RNU6,1.0613253058546563,0.306500002741814,0.3,0,-0.9320969284600871,0.08911622547369803
RNU6-839P,Pseudogene,RNU6,1.4151004078062084,-0.0245000002905726,0,0,-0.5962738174778878,0.07087706583793528
RNU6-83P,Pseudogene,RNU6,0.9613953257579516,-0.0279999999329448,0,0,-1.3622786084468337,0.09916818957479397
RNU6-840P,Pseudogene,RNU6,0.7481230127982473,-0.177000001072884,0,0,-0.8708330178166593,0.0505174330169311
RNU6-841P,Pseudogene,RNU6,1.0712442339467558,0.17399999499321,0,0,-0.7099094645965577,0.11164416790259767
RNU6-843P,Pseudogene,RNU6,1.3025356026398056,0.306500002741814,0,0,-0.7271413868040058,0.08777369380017978
RNU6-844P,Pseudogene,RNU6,1.0897029878293798,-0.167499996721745,0,0,-0.7181397372022599,0.0575022616290223
RNU6-845P,Pseudogene,RNU6,0.7756199057790428,0.006000000052154,0,0,-0.8341337029027186,0.05708777530244335
RNU6-848P,Pseudogene,RNU6,1.0712442339467558,-0.25,0,0,-0.6812241223402428,0.05081550228334922
RNU6-849P,Pseudogene,RNU6,1.190889693842108,0.30799999833107,0,0,-0.7786835524423384,0.08559803281707914
RNU6-84P,Pseudogene,RNU6,1.123756206199048,0.263999998569489,0,0,1.2674460034845951,0.12618062850742448
RNU6-850P,Pseudogene,RNU6,1.0116781379726645,0.193000003695488,7.05,0,1.2225030321044141,0.12620292554968274
RNU6-851P,Pseudogene,RNU6,1.4607875917455764,0.294999986886978,0.36,0,-0.6255440524405876,0.08909852728714442
RNU6-853P,Pseudogene,RNU6,0.8764725550473457,0.30799999833107,12.28,0,-0.9491325004698159,0.08241727306254935
RNU6-854P,Pseudogene,RNU6,1.006320340980286,-0.160999998450279,0,0,0.3846836858086146,0.12609342910878826
RNU6-855P,Pseudogene,RNU6,1.1021455099259891,-0.10050000064075,0,0,-0.5931140496655287,0.10562513096235104
RNU6-856P,Pseudogene,RNU6,0.5316471847509411,-0.0510000009089708,0.51,0,-0.9373073866298958,0.05049127983699827
RNU6-857P,Pseudogene,RNU6,1.2630648268022358,0.284999996423721,0,0,-0.7985502560822221,0.15672762886292196
RNU6-858P,Pseudogene,RNU6,1.4607875917455764,0.0719999969005585,0.3,0,-0.7688833142028169,0.08861622092625887
RNU6-859P,Pseudogene,RNU6,1.0387822874635209,-0.579999983310699,2.66,0,-0.6017170504036714,0.031668139876469624
RNU6-85P,Pseudogene,RNU6,1.006320340980286,0.30799999833107,0,0,-0.9011565678675818,0.08467531875439749
RNU6-861P,Pseudogene,RNU6,1.2124230766710138,-0.0095000001601874,0,0,0.3758029672958599,-0.022886309778523094
RNU6-862P,Pseudogene,RNU6,1.4886121173026348,-0.216000005602837,0.31,0,-0.4040719471770244,0.05311450560486113
RNU6-863P,Pseudogene,RNU6,1.60312074171053,0.20100000500679,0,0,-0.3539770785495209,0.07518937829132168
RNU6-864P,Pseudogene,RNU6,1.093486678759343,0.282999992370605,0,0,-0.5454950585750028,0.06576946131721247
RNU6-865P,Pseudogene,RNU6,0.8440106085641107,-0.254999995231628,0,0,-0.5791848754377126,0.03201368497358774
RNU6-866P,Pseudogene,RNU6,1.4520069013033898,0.206000000238419,0,0,1.8260586654195952,0.12581916312207997
RNU6-867P,Pseudogene,RNU6,1.136168126913226,0.158000007271767,0,0,-0.7719746420489318,0.07699011655544363
RNU6-869P,Pseudogene,RNU6,1.4932495382288111,0.305000007152557,0,0,-1.027124550278664,0.11635731694198917
RNU6-86P,Pseudogene,RNU6,1.266015912846166,0.118000000715256,0,0,-0.8553928235092892,0.08648888735377351
RNU6-871P,Pseudogene,RNU6,1.146231330323029,-5.000000819563e-4,0,0,-0.61153562023951,0.06006442230459186
RNU6-873P,Pseudogene,RNU6,1.3634017522958712,0.284000009298325,0.67,0,-0.696056611446963,0.08802401729610582
RNU6-874P,Pseudogene,RNU6,1.0916488860219322,0.30799999833107,0,0,-0.9126462230965009,0.08919319610932852
RNU6-875P,Pseudogene,RNU6,1.1468866941482565,0.293000012636185,0,0,-0.9175570289639305,0.09165299331277736
RNU6-876P,Pseudogene,RNU6,1.502925695353622,0.214000001549721,7.04,0,-0.639075250059026,0.08859711809446791
RNU6-877P,Pseudogene,RNU6,1.4283256452623412,0.187000006437302,0.67,0,1.44729020545825,0.12597923728508292
RNU6-878P,Pseudogene,RNU6,1.105181723451956,0.293000012636185,0.29,0,-0.9925225955297677,0.09439298622408528
RNU6-879P,Pseudogene,RNU6,1.1256480516640297,0.232999995350838,0,0,-0.9275177944703895,0.08906825760339052
RNU6-87P,Pseudogene,RNU6,1.3507776619968357,0.26800000667572,0,0,1.190159616390811,0.12595530926672494
RNU6-880P,Pseudogene,RNU6,1.201092019879696,0.146999999880791,0,0,-1.10286217178396,0.10020024754856098
RNU6-881P,Pseudogene,RNU6,1.3280755164170566,-0.125500001013279,2.85,0,-0.42509293836251183,0.09274148053287394
RNU6-882P,Pseudogene,RNU6,0.6070068827835987,0.30799999833107,1.92,0,-1.1686639072315137,0.08637115054898746
RNU6-883P,Pseudogene,RNU6,0.6817008761479356,0.0219999998807907,0.79,0,-0.8809193083782532,0.05675892894674721
RNU6-884P,Pseudogene,RNU6,0.6492389296647005,0.168999999761581,0.42,0,-0.9169206142329249,0.12056972328361328
RNU6-885P,Pseudogene,RNU6,1.3359339514254416,-0.028999999165535,0,0,-0.6451209749735463,0.13062504108623776
RNU6-886P,Pseudogene,RNU6,1.2901305016622835,0.197999998927116,0.31,0,-0.6641758339479976,0.11238693245751916
RNU6-887P,Pseudogene,RNU6,0.5557485237929837,0.200000002980232,0,0,-0.7475888133512996,0.0593579859452728
RNU6-888P,Pseudogene,RNU6,1.3068344000082537,0.214000001549721,0,0,-0.6599485930228006,0.10653005555432102
RNU6-889P,Pseudogene,RNU6,1.41634939316173,0.284000009298325,0,0,0.47404996784372194,-0.003160798643696974
RNU6-88P,Pseudogene,RNU6,0.868357068426537,0.30799999833107,0.9,0,-0.47535649099256283,0.0793869865835177
RNU6-890P,Pseudogene,RNU6,1.201092019879696,-0.103000000119209,2,0,-0.9855204301521133,0.14814607376479627
RNU6-891P,Pseudogene,RNU6,1.0952251313487855,0.284000009298325,0,0,-0.6351342121169509,0.10877440404010641
RNU6-892P,Pseudogene,RNU6,1.2630648268022358,0.30799999833107,0.68,0,-0.7597354949288078,0.0880037446853853
RNU6-893P,Pseudogene,RNU6,1.3199027440083362,0.202999994158745,0.4,0,-0.7302257493874756,0.08465369561696907
RNU6-894P,Pseudogene,RNU6,0.7608461932880134,0.284999996423721,0,0,0.43313841310943385,-0.03953396998603328
RNU6-895P,Pseudogene,RNU6,1.1802911609681086,0.307000011205673,0,0,-0.3732002724509815,0.060263839323822975
RNU6-896P,Pseudogene,RNU6,1.266015912846166,0.30799999833107,0,0,-0.725915502893902,0.086025590426124815
RNU6-897P,Pseudogene,RNU6,1.356291040209067,-0.162000000476837,0,0,-0.4317377644770226,0.05129534702476619
RNU6-898P,Pseudogene,RNU6,0.9017554172121732,0.194999992847443,0,0,-0.9499140741487582,0.07876800728216914
RNU6-899P,Pseudogene,RNU6,1.330939805812636,0.30799999833107,0,0,1.5650893987576475,0.1260724255430186
RNU6-89P,Pseudogene,RNU6,0.5210142410559222,0.30799999833107,0.33,0,-1.2565473422255478,0.08925138054712589
RNU6-900P,Pseudogene,RNU6,1.2599690796777203,0.146999999880791,0.28,0,-0.8948334360642095,0.08988352715529835
RNU6-901P,Pseudogene,RNU6,1.1468866941482565,0.284000009298325,0,0,-0.895463823234283,0.09003240003864141
RNU6-902P,Pseudogene,RNU6,1.1069167026096516,0.0900000035762787,0,0,-0.3122040649392317,0.04239168523466416
RNU6-903P,Pseudogene,RNU6,1.1790536341938302,-0.096000000834465,0,0,-0.8445080351797911,0.07300389928780578
RNU6-904P,Pseudogene,RNU6,1.1692728842179114,-0.0670000016689301,0,0,0.3562364138537972,-0.027005053319423832
RNU6-905P,Pseudogene,RNU6,1.3958636987791062,0.0299999993294477,0,0,-0.6098836633610237,0.07333263025604884
RNU6-906P,Pseudogene,RNU6,1.6870937329429865,0.293000012636185,1.24,0,-0.574630709814078,0.09766913020198946
RNU6-907P,Pseudogene,RNU6,1.0215965510900435,0.30799999833107,0.26,0,-0.8520419293950926,0.08233511563366469
RNU6-908P,Pseudogene,RNU6,1.6997627722391788,0.124499998986721,0,0,-0.43267496852231446,0.113588969283971
RNU6-909P,Pseudogene,RNU6,1.136168126913226,-0.0590000003576279,0.67,0,-0.45221612331312006,0.04639796884966376
RNU6-90P,Pseudogene,RNU6,1.376264032977908,-0.0525000002235174,4.58,0,-0.6383339742063836,0.07057299131033631
RNU6-910P,Pseudogene,RNU6,1.103706180429991,-0.172000005841255,0,0,-0.5354495109211693,0.0843526823043778
RNU6-911P,Pseudogene,RNU6,1.0687471611403534,0.208000004291534,0,0,1.6037282216268267,0.12604810851015738
RNU6-912P,Pseudogene,RNU6,1.77011248563871,0.284000009298325,0,0,-0.7521909573866147,0.11297280808799333
RNU6-913P,Pseudogene,RNU6,1.279684100839107,0.270000010728836,0,0,-0.6476170834387177,0.08026663603181225
RNU6-914P,Pseudogene,RNU6,0.9878557475678036,-0.0230000000447035,5.81,0,-0.36433496072828375,0.034198065229560135
RNU6-915P,Pseudogene,RNU6,1.0454007425717533,-0.243000000715256,1,0,-0.7748354610052667,0.05611679227123976
RNU6-916P,Pseudogene,RNU6,1.3383852063821855,0.263999998569489,0,0,-0.3155613820732196,0.06243810823258567
RNU6-917P,Pseudogene,RNU6,1.4695273465679857,0.256999999284744,0,0,0.6385185875862822,0.12595267949420436
RNU6-918P,Pseudogene,RNU6,1.1796548854096351,0.421999990940094,0,0,-0.35448539762001735,0.09147456823387816
RNU6-919P,Pseudogene,RNU6,1.60312074171053,0.226999998092651,0,0,-0.5406204187497106,0.12592499699462228
RNU6-91P,Pseudogene,RNU6,1.0387822874635209,0.30799999833107,0.09,0,-1.0637910304947662,0.09641851517920437
RNU6-920P,Pseudogene,RNU6,0.9816210338734764,-0.185500003397465,0.27,0,-0.6921223823322403,0.04974044264482023
RNU6-921P,Pseudogene,RNU6,1.3634017522958712,0.284000009298325,0.21,0,-1.3368489960793233,0.12804550768490688
RNU6-922P,Pseudogene,RNU6,1.1928945586465558,-0.296000003814697,0,0,-0.6876795853376985,0.055294900080678534
RNU6-923P,Pseudogene,RNU6,1.298477859329401,-0.068000003695488,0,0,1.449223008436063,0.12611329550086903
RNU6-924P,Pseudogene,RNU6,1.1256480516640297,-0.121500000357628,0.21,0,-0.7991331091009735,0.0664634950331852
RNU6-925P,Pseudogene,RNU6,1.1689422074972615,0.303000003099442,0.76,0,1.4110575408799024,0.1261229057178975
RNU6-926P,Pseudogene,RNU6,1.298477859329401,0.27700001001358,0,0,-0.8525181312614597,0.15383996344063333
RNU6-928P,Pseudogene,RNU6,1.135543858711625,-0.250500001013279,0.69,0,0.30022949382389497,-0.03433663838270922
RNU6-929P,Pseudogene,RNU6,1.0387822874635209,0.305000007152557,0,0,-1.0126240960579054,0.09306386575921934
RNU6-92P,Pseudogene,RNU6,1.1021455099259891,0.30799999833107,0,0,-0.4593102598981917,0.06194690528730866
RNU6-930P,Pseudogene,RNU6,0.8336227856894756,-0.0325000006705523,3.21,0,0.9105342790889018,0.12637533753631727
RNU6-931P,Pseudogene,RNU6,1.266015912846166,-0.314999997615814,0.3,0,-0.3241520190333877,0.03345744194841921
RNU6-932P,Pseudogene,RNU6,0.7864365902730902,0.209000006318092,0,0,-0.6210801742320343,0.05183041672620176
RNU6-933P,Pseudogene,RNU6,1.6555592706449864,0.29899999499321,0.09,0,-0.5160903132264297,0.16716725453078607
RNU6-934P,Pseudogene,RNU6,0.8115486620808757,0.186000004410744,0,0,-0.8478719472086808,0.06764208765778948
RNU6-935P,Pseudogene,RNU6,0.7988885029524141,0.233500003814697,0,0,-0.4555884834555715,0.04274439837575463
RNU6-936P,Pseudogene,RNU6,0.7790867155976406,0.0070000002160668,0,0,-1.143821446228685,0.078966115072971
RNU6-937P,Pseudogene,RNU6,0.950277546579984,0.019000000320375,0,0,-0.8511392020954154,0.06720915108677451
RNU6-938P,Pseudogene,RNU6,1.079123347170842,0.282000005245209,0,0,-0.717347749798005,0.14281995903644643
RNU6-939P,Pseudogene,RNU6,1.0712442339467558,-0.204999998211861,0,0,-0.6962767948706676,0.05363320639938538
RNU6-940P,Pseudogene,RNU6,0.9685521147834452,-0.235999993979931,0,0,-1.0271383820698725,0.06956039193743367
RNU6-942P,Pseudogene,RNU6,1.201092019879696,-0.120999999344349,0,0,0.6171122053710255,0.12612568882539968
RNU6-943P,Pseudogene,RNU6,1.0632943695018822,0.0405000001192093,0.34,0,-0.7320756872537291,0.06573603841550153
RNU6-944P,Pseudogene,RNU6,0.9738583944970508,-0.108000002801418,2.02,0,-0.9251467583095805,0.06804032701738257
RNU6-945P,Pseudogene,RNU6,0.9089345015305808,0.184000000357628,0.64,0,-1.002910292139684,0.08206042045707931
RNU6-946P,Pseudogene,RNU6,1.330939805812636,0.282999992370605,0,0,-0.9769725005770432,0.10388472048119358
RNU6-947P,Pseudogene,RNU6,0.7536683990117115,-0.126999996602535,0,0,0.887845341878528,0.126406551351282
RNU6-948P,Pseudogene,RNU6,0.9089345015305808,-0.0379999987781048,0.24,0,-0.8585322023572823,0.06332391428100381
RNU6-949P,Pseudogene,RNU6,0.7141628226311706,0.174999997019768,0,0,-1.3622014723758331,0.17204263640945955
RNU6-94P,Pseudogene,RNU6,0.9738583944970508,-0.116999998688698,4.06,0,-0.9869147838496185,0.07192514669809899
RNU6-950P,Pseudogene,RNU6,1.4607875917455764,0.159999996423721,0,0,1.8815009329274441,0.1258069927640674
RNU6-951P,Pseudogene,RNU6,0.9413964480138156,0.214000001549721,0,0,-0.8960381914260258,0.07786751249311333
RNU6-952P,Pseudogene,RNU6,1.1256480516640297,-0.108000002801418,0.26,0,-0.469866494097582,0.045051877420473056
RNU6-953P,Pseudogene,RNU6,0.9738583944970508,0.277999997138977,0,0,-0.597626854277735,0.08226625841581596
RNU6-954P,Pseudogene,RNU6,1.201092019879696,-0.0240000002086162,0.67,0,-0.5667049797279872,0.058793384895159714
RNU6-955P,Pseudogene,RNU6,1.1021455099259891,0.252000004053116,0,0,-0.6221143940634741,0.06969210121524219
RNU6-956P,Pseudogene,RNU6,1.079123347170842,0.0649999976158142,0.7,0,-0.32749897328682853,0.04060391339146253
RNU6-957P,Pseudogene,RNU6,0.9823837541795166,0.26800000667572,0,0,-0.963693007578029,0.08620327163262186
RNU6-958P,Pseudogene,RNU6,1.1141185028868776,0.248499989509583,0,0,-0.5068810623287585,0.06287315950980962
RNU6-959P,Pseudogene,RNU6,0.7466247691144057,0.30799999833107,0,0,-1.1432752068699383,0.09005717516838446
RNU6-95P,Pseudogene,RNU6,1.3958636987791062,0.194999992847443,0,0,-0.7287174732533797,0.08805947085815873
RNU6-960P,Pseudogene,RNU6,1.157809424568716,-0.0230000000447035,0,0,-1.0659238096695485,0.08935368700713832
RNU6-961P,Pseudogene,RNU6,0.8931672703815808,0.282999992370605,0,0,-0.5093053729640986,0.07299438703422848
RNU6-964P,Pseudogene,RNU6,1.0571303441714364,0.284000009298325,0,0,-0.8752788283514487,0.08451854353322684
RNU6-965P,Pseudogene,RNU6,0.868357068426537,-0.0450000017881393,0,0,-0.62926710121717,0.045316179609938445
RNU6-966P,Pseudogene,RNU6,1.3025356026398056,-0.132500000298023,0,0,-0.5109708494127309,0.05527466096868983
RNU6-967P,Pseudogene,RNU6,1.318616289092149,0.216500014066696,0,0,-0.35961351896817356,0.061972559348892724
RNU6-968P,Pseudogene,RNU6,0.8440106085641107,0.214000001549721,0,0,-0.7218380129359825,0.08651776314908317
RNU6-969P,Pseudogene,RNU6,1.720174002216378,0.284000009298325,1.37,0,1.600455376330081,0.12576091340616435
RNU6-970P,Pseudogene,RNU6,0.7141628226311706,-0.0379999987781048,0,0,-0.8634049532767486,0.05425663626831008
RNU6-971P,Pseudogene,RNU6,1.2451912679323929,-0.0765000022947788,0,0,-0.8574304695392968,0.1350118903695157
RNU6-972P,Pseudogene,RNU6,0.7790867155976406,-0.193000003695488,0,0,-0.7792089075216762,0.04483730065539392
RNU6-973P,Pseudogene,RNU6,1.266015912846166,-0.270000010728836,0,0,-0.48565351489423225,0.07961136454025887
RNU6-974P,Pseudogene,RNU6,1.4151004078062084,-0.0175000009476207,0,0,-0.5574144289388112,0.06871596642410768
RNU6-975P,Pseudogene,RNU6,1.1247291552953242,0.29899999499321,0,0,1.226270654349052,0.1261351224300075
RNU6-976P,Pseudogene,RNU6,1.8149445033779872,-0.226999998092651,0,0,-0.38320122289465486,0.08913861023822515
RNU6-977P,Pseudogene,RNU6,1.079123347170842,-0.0320000015199184,0,0,0.36094100639085686,-0.031009230706692842
RNU6-979P,Pseudogene,RNU6,0.8764725550473457,-0.0759999975562096,7.87,0,-0.7642724324373391,0.10974865073694004
RNU6-97P,Pseudogene,RNU6,1.1021455099259891,0.239999994635582,1.51,0,-1.0794336357959309,0.09776888755946328
RNU6-980P,Pseudogene,RNU6,1.3489041839635527,0.298000007867813,0,0,-0.37815229419235136,0.10487829113953627
RNU6-982P,Pseudogene,RNU6,1.4983416082653973,0.298000007867813,0,0,-0.35170377141292436,0.09771669929254405
RNU6-983P,Pseudogene,RNU6,1.0116781379726645,0.214000001549721,0,0,-0.5434542438275617,0.058901168677798765
RNU6-984P,Pseudogene,RNU6,1.115321005318488,-0.188999995589256,0,0,-0.37381049897924445,0.03456456514944
RNU6-985P,Pseudogene,RNU6,1.001950463569081,0.203999996185303,0,0,-0.3013871110018185,0.08235541941968545
RNU6-986P,Pseudogene,RNU6,0.8172772408720348,-0.124499995261431,0,0,-0.6810546883026474,0.04295785452627047
RNU6-987P,Pseudogene,RNU6,1.2357389050685337,0.0439999997615814,0,0,-0.4975218483783121,0.05892101310741617
RNU6-988P,Pseudogene,RNU6,1.103706180429991,0.284000009298325,0,0,-0.5988948811660001,0.06954670776737885
RNU6-989P,Pseudogene,RNU6,0.8440106085641107,0.204999998211861,0,0,-0.7194107155058596,0.06128981416721349
RNU6-98P,Pseudogene,RNU6,1.006320340980286,0.0570000000298023,0,0,-1.2232382482268764,0.09542935478279653
RNU6-990P,Pseudogene,RNU6,1.703315788067438,-0.0780000016093254,0,0,-0.6082773424354024,0.08297056578099148
RNU6-991P,Pseudogene,RNU6,1.136168126913226,0.421000003814697,0,0,-0.4313916971885778,0.06650588955051877
RNU6-992P,Pseudogene,RNU6,1.2221321703780892,0.30799999833107,0,0,-1.0004709092152275,0.10077591688633193
RNU6-993P,Pseudogene,RNU6,1.0968720864335204,0.214000001549721,0,0,1.1116309573445096,0.12613023903380854
RNU6-994P,Pseudogene,RNU6,1.3768544508384732,-0.0949999988079071,0.63,0,-0.8683083590802773,0.08409087081994943
RNU6-995P,Pseudogene,RNU6,1.3634017522958712,0.305999994277954,0,0,-0.6118433796471348,0.08372503077146541
RNU6-996P,Pseudogene,RNU6,1.201092019879696,0.28099998831749,0,0,-0.9414050807210053,0.09524763670015661
RNU6-997P,Pseudogene,RNU6,1.5581734311952813,-0.143999993801117,0,0,-0.5271686660840535,0.06750540410848405
RNU6-998P,Pseudogene,RNU6,1.10049212632274,-0.156000003218651,1.45,0,-0.4978824597600898,0.043686695921071
RNU6-999P,Pseudogene,RNU6,0.8931672703815808,-0.319999992847443,0,0,0.2655405236131684,-0.05021337980548105
RNU6-99P,Pseudogene,RNU6,1.103706180429991,0.379000008106232,0,0,-0.5860949069547502,0.07255157163985941
RNU4ATAC14P,Pseudogene,RNU4ATAC,1.1708185192267917,0.003000000026077,0,0,0.31761434899678653,-0.011925930396407004
RNU4ATAC17P,Pseudogene,RNU4ATAC,1.186754660182934,0.0480000004172325,3.52,0,0.39112455414769387,-0.022603347241513028
RNU4ATAC3P,Pseudogene,RNU4ATAC,1.2680769888133556,0.306000009179115,0,0,0.4715137160382236,-0.010488786997782305
RNU4ATAC6P,Pseudogene,RNU4ATAC,1.3783445530579952,0.344999998807907,0,0,0.4891914216211987,-0.0034791031357226084
RNU4ATAC7P,Pseudogene,RNU4ATAC,1.1114970475859671,0.157000005245209,0,0,0.41870718266054147,-0.02345182344939617
RNU4ATAC8P,Pseudogene,RNU4ATAC,1.46585046413287,-0.112000003457069,0,0,0.3617588840928937,-0.011752096841912824
RNU6ATAC12P,Pseudogene,RNU6ATAC,1.147741516528988,-0.119999997317791,1.72,0,0.3393088783049866,-0.029785780976253277
RNU6ATAC13P,Pseudogene,RNU6ATAC,1.16664766445092,0.0750000029802322,0,0,0.3978495306711742,-0.022903271577101897
RNU6ATAC14P,Pseudogene,RNU6ATAC,0.91606899526316,-0.0359999984502792,0,0,0.34958284664305583,-0.04032439646009915
RNU6ATAC19P,Pseudogene,RNU6ATAC,0.8209921374214532,0.405000001192093,0,0,0.4732576991321968,-0.0317845854254581
RNU6ATAC22P,Pseudogene,RNU6ATAC,1.7172004948659607,0.282999992370605,0,0,-0.3733851923384079,0.14783774115543882
RNU6ATAC28P,Pseudogene,RNU6ATAC,1.295176644432801,0.239999994635582,0,0,0.8416419167619583,0.12610430903780004
RNU6ATAC32P,Pseudogene,RNU6ATAC,1.005466079230727,0.27700001001358,0,0,0.0025425892735837464,0.05207863164067858
RNU6ATAC35P,Pseudogene,RNU6ATAC,0.8057727752066064,0.0720000006258488,0.99,0,0.3741102243426154,-0.043333973921153617
RNU6ATAC36P,Pseudogene,RNU6ATAC,1.2156998957971517,0.282999992370605,0,0,0.46188195820428135,-0.013949737506496081
RNU6ATAC39P,Pseudogene,RNU6ATAC,1.165579957619513,0.212999999523163,1.55,0,0.8959663020731188,0.12617469532876213
RNU6ATAC40P,Pseudogene,RNU6ATAC,1.5212094629369992,0.330000013113022,0,0,0.49411558597495936,0.0038407124254097994
RNU6ATAC42P,Pseudogene,RNU6ATAC,1.4990585181258114,-0.125,0.44,0,-0.1824059164202127,0.04273154153462008
RNU6ATAC9P,Pseudogene,RNU6ATAC,1.1378471931106346,-0.0540000014007092,0.26,0,0.35812133855099426,-0.028375081922465125
RNU11-2P,Pseudogene,RNU11,1.1985773620535298,0.0500000007450581,0.16,0,0.39243592890555573,-0.02188899470065596
RNU11-5P,Pseudogene,RNU11,1.4001416297110054,0.305000007152557,0,0,-0.053454214538744306,0.07593804624913855
VTRNA2-2P,Pseudogene,VTRNA,1.5512398115580857,0.300999999046326,0,0,-0.3394574434181897,0.12192971023620351
VTRNA2-2P,Pseudogene,VTRNA,1.5512398115580857,0.300999999046326,0,0,-0.33945744341817835,0.12192971023620486
VTRNA2-2P,Pseudogene,VTRNA,1.5512398115580857,0.300999999046326,0,0,-0.3394574434181849,0.12192971023620444
VTRNA2-2P,Pseudogene,VTRNA,1.5512398115580857,0.300999999046326,0,0,-0.3394574434181848,0.12192971023621003
VTRNA3-1P,Pseudogene,VTRNA,0.7151175857630304,0.167999997735023,0,0,0.3961050167247906,-0.04564562155014505
VTRNA3-1P,Pseudogene,VTRNA,0.7151175857630304,0.167999997735023,0,0,0.39610501672479664,-0.04564562155014947
VTRNA3-1P,Pseudogene,VTRNA,0.7151175857630304,0.167999997735023,0,0,0.3961050167247892,-0.04564562155015315
VTRNA3-1P,Pseudogene,VTRNA,0.7151175857630304,0.167999997735023,0,0,0.3961050167247948,-0.04564562155015216
RNY1P1,Pseudogene,RNY,1.3955738599712202,-0.200000002980232,0,0,-1.0365551628276646,0.1298859844088434
RNY1P10,Pseudogene,RNY,1.4754385587424346,-0.193000003695488,0,0,-0.3663125322310911,0.0673645497341129
RNY1P11,Pseudogene,RNY,1.198793828978228,-0.308999985456467,2.4,0,-0.3165235213411357,0.03004302733056609
RNY1P12,Pseudogene,RNY,1.5547726558494188,0.30799999833107,3.48,0,-0.1809638687731308,0.1045646395146249
RNY1P13,Pseudogene,RNY,0.7277659240146215,0.30799999833107,2.18,0,-0.7758598445156045,0.0647518050031492
RNY1P14,Pseudogene,RNY,0.9326798142359102,0.30799999833107,7.13,0,-0.40103601141431205,0.08115593114971435
RNY1P15,Pseudogene,RNY,1.330939805812636,-0.104000002145767,0.28,0,0.3553876191613943,-0.019073905545331383
RNY1P16,Pseudogene,RNY,1.126517277958751,-0.0879999995231628,6.87,0,-0.8614018995717813,0.07195375098696093
RNY1P2,Pseudogene,RNY,1.2171842668542912,0.30799999833107,0,0,-0.5475231005782001,0.07273986005798214
RNY1P3,Pseudogene,RNY,1.0596899818086554,-0.166999995708466,0,0,-0.29078178668346655,0.02687515201902967
RNY1P4,Pseudogene,RNY,1.4195750336016433,0.305000007152557,0,0,-0.2543237217000767,0.06457729027607689
RNY1P5,Pseudogene,RNY,1.3893713094824591,-0.0419999994337559,0,0,-0.4635611601972123,0.060174741834366295
RNY1P6,Pseudogene,RNY,1.083454690880817,-0.284000009298325,0.15,0,0.28720085499285974,-0.038260902094102295
RNY1P7,Pseudogene,RNY,1.0104518614417886,0.219999998807907,0,0,1.2538080315600506,0.12609036559265943
RNY1P8,Pseudogene,RNY,1.0359347482983248,0.294999986886978,0,0,-0.8396503319173665,0.0817800318804743
RNY1P9,Pseudogene,RNY,1.4339841496951988,0.300999999046326,3.42,0,-0.3266470833274586,0.06953268526990423
RNY3P1,Pseudogene,RNY,0.9875433327203754,0.239999994635582,0,0,1.0359134262737868,0.12612984524765344
RNY3P10,Pseudogene,RNY,1.3280755164170566,0.344999998807907,0,0,-0.45324561929057405,0.07398606855678022
RNY3P11,Pseudogene,RNY,1.0215965510900435,0.30799999833107,9.19,0,-0.9131239594304004,0.08614734176147568
RNY3P12,Pseudogene,RNY,1.123756206199048,-0.197999998927116,0,0,-0.5560498520315618,0.04703106295159119
RNY3P13,Pseudogene,RNY,0.8513304592417029,0.29899999499321,0,0,-0.3294518635831459,0.06638678965269687
RNY3P14,Pseudogene,RNY,1.2599690796777203,0.30799999833107,0,0,1.3228890022147224,0.12586355410772632
RNY3P15,Pseudogene,RNY,1.0742561671256128,-0.150999993085861,0,0,-0.5549346253103339,0.04645372801338971
RNY3P16,Pseudogene,RNY,0.5846364421089557,0.261999994516373,0,0,-0.5249434667954177,0.08496391578713751
RNY3P2,Pseudogene,RNY,0.9194368959810392,-0.0879999995231628,13.19,0,-0.8197210282569691,0.05929460586505108
RNY3P3,Pseudogene,RNY,1.4983416082653973,-0.110500000417233,0,0,-0.2635090347052134,0.048789294884818354
RNY3P4,Pseudogene,RNY,1.2380536421130823,0.296999990940094,0,0,-0.495067357900648,0.06997988322551187
RNY3P5,Pseudogene,RNY,1.157809424568716,0.300000011920929,0,0,-0.7894307926303241,0.08455013717671378
RNY3P7,Pseudogene,RNY,1.0317113684275687,-0.13400000333786,0,0,-0.5113313490081353,0.042062247628685455
RNY3P8,Pseudogene,RNY,1.2680769888133556,0.230000004172325,5.12,0,-0.772416078234874,0.08593565903512809
RNY3P9,Pseudogene,RNY,1.1468866941482565,-0.0689999982714653,0,0,-0.6361096578040825,0.058813331713933395
RNY4P10,Pseudogene,RNY,1.157809424568716,0.0115000000223517,0,0,-0.37075112983467695,0.04518902741322971
RNY4P13,Pseudogene,RNY,1.3025356026398056,-0.12050000205636,0,0,-0.3799811589144117,0.07662700130420416
RNY4P14,Pseudogene,RNY,1.1939909690864885,0.305000007152557,0,0,-0.33579768333151916,0.058541811188590274
RNY4P16,Pseudogene,RNY,0.5912218338223231,0.306500002741814,0,0,0.17632624356324827,-0.0063942334167995454
RNY4P17,Pseudogene,RNY,1.157809424568716,0.0690000001341105,0.86,0,-0.21447377552761393,0.04798302072867526
RNY4P18,Pseudogene,RNY,1.2879003711494708,0.231000006198883,0,0,-0.25937275612289,0.06186757465181627
RNY4P19,Pseudogene,RNY,0.8321755239087647,0.12049999833107,0,0,0.390048415530042,-0.040347919137001705
RNY4P20,Pseudogene,RNY,1.2698554979140757,0.30799999833107,0,0,-0.3449274589462952,0.10004181565283919
RNY4P23,Pseudogene,RNY,0.7877878558921161,0.24600000679493,0,0,0.4236878480549262,-0.03910519924194976
RNY4P24,Pseudogene,RNY,1.0854463355331714,0.111999999731779,0.25,0,-0.5353448209713524,0.05703868289776107
RNY4P25,Pseudogene,RNY,0.8321755239087647,0.30799999833107,0.61,0,-0.6647963314767147,0.061906667979891326
RNY4P27,Pseudogene,RNY,1.049264791015399,0.284000009298325,0,0,-0.7069508112861612,0.07374578305986154
RNY4P28,Pseudogene,RNY,1.120460733453596,-0.208000004291534,0,0,-0.6787455799600989,0.05470670408432133
RNY4P29,Pseudogene,RNY,1.2891074005507357,0.118000000715256,0,0,-0.31430908594932,0.08765822009144963
RNY4P3,Pseudogene,RNY,1.4624961152446938,0.30799999833107,0.44,0,0.7928182918110306,0.1259860109594902
RNY4P30,Pseudogene,RNY,1.0968720864335204,0.19200000166893,0,0,-0.25904167841518,0.07473080426856295
RNY4P34,Pseudogene,RNY,1.1334344893146375,-0.0790000036358833,0,0,-0.25585014781937004,0.049943518891457275
RNY4P36,Pseudogene,RNY,1.049264791015399,0.30799999833107,0,0,1.076583717877739,0.12628944334777842
RNY4P37,Pseudogene,RNY,1.230172513604261,0.214000001549721,0,0,-0.24156042187051038,0.061251252257300236
RNY4P6,Pseudogene,RNY,1.230172513604261,0.214000001549721,0.43,0,-0.632456247566632,0.15949078868469027
RNY4P7,Pseudogene,RNY,0.9045386129443096,-0.415500000119209,0,0,-0.389619046216346,0.03041373039090444
RNY4P9,Pseudogene,RNY,0.8952134726046772,0.211999997496605,0,0,-0.5773093579703279,0.0935841819003229
VTRNA2-2P,Pseudogene,TRNA,1.5512398115580857,0.300999999046326,0,0,-0.3394574434181893,0.12192971023620712
VTRNA2-2P,Pseudogene,TRNA,1.5512398115580857,0.300999999046326,0,0,-0.3394574434181821,0.12192971023620372
VTRNA2-2P,Pseudogene,TRNA,1.5512398115580857,0.300999999046326,0,0,-0.33945744341817796,0.12192971023620434
VTRNA2-2P,Pseudogene,TRNA,1.5512398115580857,0.300999999046326,0,0,-0.33945744341819006,0.12192971023620251
VTRNA3-1P,Pseudogene,TRNA,0.7151175857630304,0.167999997735023,0,0,0.3961050167247949,-0.0456456215501564
VTRNA3-1P,Pseudogene,TRNA,0.7151175857630304,0.167999997735023,0,0,0.3961050167247957,-0.0456456215501527
VTRNA3-1P,Pseudogene,TRNA,0.7151175857630304,0.167999997735023,0,0,0.396105016724789,-0.04564562155014962
VTRNA3-1P,Pseudogene,TRNA,0.7151175857630304,0.167999997735023,0,0,0.3961050167247906,-0.045645621550145156
RN7SL100P,Pseudogene,RN7SL,1.4818380007278789,0.301999986171722,0.19,0,2.7967651198525108,0.12634692543809148
RN7SL101P,Pseudogene,RN7SL,1.3694520075543952,0.305000007152557,0.39,0,-0.3211121071888428,0.07890681762119729
RN7SL104P,Pseudogene,RN7SL,1.17361569657648,-0.298000007867813,0.03,0,-0.5564901364580824,0.08145439673471352
RN7SL105P,Pseudogene,RN7SL,1.1384480629538545,0.289000004529953,4.67,0,-0.28910642984345003,0.08184420780325123
RN7SL106P,Pseudogene,RN7SL,1.5570540537303423,-0.0515000000596046,0,0,-0.19818265069267338,0.0712585794111441
RN7SL107P,Pseudogene,RN7SL,1.165991823328919,0.0509999990463257,2.05,0,-0.16595193403775085,0.06081135539506615
RN7SL108P,Pseudogene,RN7SL,1.2513697821096226,0.44200000166893,0.17,0,0.8641554480843847,0.1262359147254409
RN7SL110P,Pseudogene,RN7SL,0.7364158884182647,-0.17399999499321,0.49,0,0.8743887628877898,0.12639301251933627
RN7SL111P,Pseudogene,RN7SL,0.7312480576223469,0.30799999833107,0.21,0,-0.5986724434045859,0.06453770628955517
RN7SL113P,Pseudogene,RN7SL,0.6737753841971793,0.30799999833107,2.05,0,1.2974664863552994,0.12641177516335378
RN7SL116P,Pseudogene,RN7SL,1.0818874950888002,-0.0160000007599592,1.86,0,-0.47478620901953345,0.0823187690726309
RN7SL117P,Pseudogene,RN7SL,1.3729429325122275,-0.0614999998360872,0.17,0,-0.5523539976743721,0.10530914719104283
RN7SL118P,Pseudogene,RN7SL,1.012124794987222,0.282999992370605,4.36,0,1.2331129565169632,0.12619577369959006
RN7SL11P,Pseudogene,RN7SL,1.126196880553188,0.30799999833107,1.58,0,1.634941908078541,0.12608525750409272
RN7SL120P,Pseudogene,RN7SL,1.1734554978736986,-0.137000001966953,0,0,-0.3031206352698253,0.05114832386949909
RN7SL121P,Pseudogene,RN7SL,1.730352546608191,0.153999999165535,0,0,4.539296296165246,0.12697414975369858
RN7SL122P,Pseudogene,RN7SL,1.14242325281365,0.293000012636185,0.1,0,-0.8360287957742499,0.191016330305733
RN7SL124P,Pseudogene,RN7SL,0.840935266265699,0.229000002145767,2.21,0,-0.49565719619100196,0.060620887818698656
RN7SL125P,Pseudogene,RN7SL,1.016036841968465,0.282999992370605,0.9,0,-0.5135620345971814,0.08756133258936175
RN7SL126P,Pseudogene,RN7SL,0.697009018135013,0.301999986171722,0,0,2.5392396827001003,0.12673644874084947
RN7SL127P,Pseudogene,RN7SL,1.0536065763575315,0.30799999833107,2.82,0,-0.5634207606401375,0.0827942850761812
RN7SL12P,Pseudogene,RN7SL,1.0899378376112396,-0.100999999791384,0.99,0,-0.36510350870911307,0.06764606578388328
RN7SL130P,Pseudogene,RN7SL,1.3324298623725224,0.30799999833107,4.36,0,-0.38098063343777816,0.09038190834862868
RN7SL131P,Pseudogene,RN7SL,1.4924887113581105,0.157000005245209,0,0,3.636306882228065,0.12669541260684528
RN7SL132P,Pseudogene,RN7SL,1.2555973827248577,-0.0720000006258488,0.07,0,0.947704265474442,0.1259920302879633
RN7SL135P,Pseudogene,RN7SL,1.2369402845212545,0.303000003099442,0,0,0.5642721167814869,0.12611500468910955
RN7SL138P,Pseudogene,RN7SL,1.1134334535922146,0.307000011205673,5.74,0,-0.702356117106646,0.1452526218551667
RN7SL140P,Pseudogene,RN7SL,1.016036841968465,0.29899999499321,0.07,0,1.418253680256453,0.12636113644535574
RN7SL141P,Pseudogene,RN7SL,1.2013360946652842,0.30799999833107,9.23,0,-0.12478391136994638,0.07226796123206221
RN7SL143P,Pseudogene,RN7SL,1.286454916187462,0.214000001549721,0.19,0,0.3937123285132651,0.12604381424689337
RN7SL144P,Pseudogene,RN7SL,0.9066236511029606,0.237000003457069,0.71,0,-0.627476284498495,0.08209999563958087
RN7SL146P,Pseudogene,RN7SL,1.473575631269275,0.239999994635582,2.91,0,0.13414189094060688,0.1258468122702956
RN7SL147P,Pseudogene,RN7SL,0.7925943711812687,0.305000007152557,0.19,0,1.3561857743397365,0.12633425513979596
RN7SL148P,Pseudogene,RN7SL,0.9586164052880768,0.293999999761581,0.08,0,1.1897259558414484,0.12625543135805617
RN7SL149P,Pseudogene,RN7SL,1.0877640145414271,0.305000007152557,0,0,-0.4900282255915541,0.0896891555780364
RN7SL14P,Pseudogene,RN7SL,1.165579957619513,0.214000001549721,0.55,0,-0.2225408192762085,0.06967010395157222
RN7SL150P,Pseudogene,RN7SL,1.45830958056365,-0.238500006496906,0,0,1.1492721637307695,0.12585310261898136
RN7SL151P,Pseudogene,RN7SL,1.7428509359232265,0.130999997258186,0.53,0,0.6609579459259395,0.12579086022198924
RN7SL152P,Pseudogene,RN7SL,1.177235757195708,-0.136500000953674,0.2,0,-0.775583074611626,0.11256693066429227
RN7SL153P,Pseudogene,RN7SL,0.8445664638121113,0.109499998390675,13.02,0,0.5795498635649945,0.12634617625935746
RN7SL154P,Pseudogene,RN7SL,1.3936594925364174,0.0719999969005585,0.29,0,4.037070902459207,0.12688054833818088
RN7SL155P,Pseudogene,RN7SL,1.3999368707712991,0.305000007152557,0.15,0,4.272437371562684,0.12703548872830278
RN7SL156P,Pseudogene,RN7SL,0.9940403283303778,0.281999990344048,0.13,0,1.4895120084261129,0.12607758560585222
RN7SL159P,Pseudogene,RN7SL,1.260902044564561,0.165999993681908,0,0,0.8814738328596748,0.1260068435999505
RN7SL15P,Pseudogene,RN7SL,1.234740283344046,0.215000003576279,7.01,0,0.7770849668809067,0.12608503267879057
RN7SL160P,Pseudogene,RN7SL,0.9417393558992022,0.277999997138977,1.18,0,-0.4001714569278535,0.09472306027026033
RN7SL162P,Pseudogene,RN7SL,1.1062631145707935,0.293000012636185,0.35,0,0.8403794711634885,0.12617394886414895
RN7SL163P,Pseudogene,RN7SL,1.5227710910088548,0.123000003397465,0.2,0,3.9665089439158585,0.12665971854743446
RN7SL164P,Pseudogene,RN7SL,1.3526882386050345,-0.090999998152256,0.21,0,-0.4842603098899951,0.09688218596004576
RN7SL165P,Pseudogene,RN7SL,0.7161707780837419,0.143999993801117,13.77,0,-0.3383454378862574,0.04080921755077709
RN7SL166P,Pseudogene,RN7SL,1.3769662085049372,0.306999996304512,3.26,0,-0.5012254409664122,0.11470933054967382
RN7SL167P,Pseudogene,RN7SL,1.230651739359463,0.30799999833107,0,0,1.1482783154576888,0.126009652422758
RN7SL168P,Pseudogene,RN7SL,1.1329102971586362,0.294999986886978,0.6,0,1.4098592412172264,0.1262501479051499
RN7SL169P,Pseudogene,RN7SL,1.2499534272160533,0.159999996423721,0.41,0,-0.43562785792751857,0.08427129852764899
RN7SL16P,Pseudogene,RN7SL,1.4203610041177557,0.29899999499321,3.74,0,-0.2829364646877025,0.0899487234558105
RN7SL170P,Pseudogene,RN7SL,1.295176644432801,0.30799999833107,0.1,0,1.238026905698202,0.1259083265543871
RN7SL172P,Pseudogene,RN7SL,1.1234190456211304,0.30799999833107,5.87,0,0.6402312671555296,0.1262192213601861
RN7SL173P,Pseudogene,RN7SL,1.094367812263581,-0.0850000008940697,3.16,0,0.6618906655565076,0.1261381612850199
RN7SL174P,Pseudogene,RN7SL,1.4302351715260608,-0.100000001490116,2.83,0,-0.9442598528734045,0.14678847906402373
RN7SL176P,Pseudogene,RN7SL,1.0525540223351963,-0.0379999987781048,0.3,0,0.8912334278680857,0.12618205278114214
RN7SL177P,Pseudogene,RN7SL,1.277849866580857,0.30799999833107,1.68,0,-0.4839265734346576,0.09770357849226241
RN7SL178P,Pseudogene,RN7SL,1.79384289135482,-0.190999999642372,1.16,0,-0.01339539100457408,0.12588125559935212
RN7SL180P,Pseudogene,RN7SL,0.909707405018277,0.28999999165535,1.1,0,-0.5183055803425709,0.07858095877157799
RN7SL181P,Pseudogene,RN7SL,1.2288663206613808,0.30799999833107,2.69,0,1.8147556939867957,0.12620180946656212
RN7SL182P,Pseudogene,RN7SL,1.076762764848906,0.187000006437302,0.38,0,1.2698227756126068,0.12622117717541656
RN7SL183P,Pseudogene,RN7SL,1.2937937529576593,0.299000009894371,0,0,-0.2311410513551803,0.07863430748683185
RN7SL184P,Pseudogene,RN7SL,0.760177905019864,0.282999992370605,0,0,-0.28239157369012463,0.04426506374097434
RN7SL185P,Pseudogene,RN7SL,1.618143292168326,-0.156000003218651,0,0,-0.06127858279752407,0.05857004192438043
RN7SL186P,Pseudogene,RN7SL,1.0993342011056495,0.28600001335144,0.05,0,1.6800367376433796,0.1263161431436503
RN7SL187P,Pseudogene,RN7SL,1.146345964919521,0.23199999332428,0.15,0,1.0533256884274709,0.12607975900881635
RN7SL188P,Pseudogene,RN7SL,1.157809424568716,0.101000003516674,0,0,-0.05572523927959287,0.050297552748951486
RN7SL189P,Pseudogene,RN7SL,1.1177468147220475,0.30799999833107,0.02,0,-0.07922314263591913,0.054939443877958426
RN7SL18P,Pseudogene,RN7SL,0.8474687540657612,0.30799999833107,0.41,0,1.449635506414753,0.12630175862373838
RN7SL190P,Pseudogene,RN7SL,1.459650792063284,0.0850000008940697,0.15,0,4.326891348338447,0.12686614511735356
RN7SL191P,Pseudogene,RN7SL,1.0021694691348888,0.138999998569489,0.36,0,-0.31611340126530857,0.06100098144557265
RN7SL193P,Pseudogene,RN7SL,1.145224539519056,-0.146999999880791,0,0,-0.34025992714331144,0.055580144842937114
RN7SL196P,Pseudogene,RN7SL,0.6445537002753677,-0.0219999998807907,0.26,0,0.27633253004998176,-0.042143953523519295
RN7SL197P,Pseudogene,RN7SL,1.196532147798439,0.30799999833107,0,0,1.428702223077037,0.12603600748899585
RN7SL198P,Pseudogene,RN7SL,1.1308836239973503,0.32600000500679,0.24,0,3.4955639402675076,0.12674501635698515
RN7SL19P,Pseudogene,RN7SL,1.2145647885181627,0.30799999833107,2.19,0,0.8207585474590283,0.12608041513571105
RN7SL200P,Pseudogene,RN7SL,1.206051483925746,0.305000007152557,3.95,0,-0.5858644173043633,0.13872958490696935
RN7SL201P,Pseudogene,RN7SL,0.8566225134478,0.294999986886978,0,0,-0.4053148538867969,0.0996764997831771
RN7SL202P,Pseudogene,RN7SL,1.2727065430373672,0.257999986410141,0.18,0,4.238692429480609,0.12694555384300474
RN7SL203P,Pseudogene,RN7SL,1.044375393107592,-0.126999996602535,0.37,0,0.4653935147450082,0.12621885160894206
RN7SL204P,Pseudogene,RN7SL,1.140132944804308,0.319999992847443,0.42,0,3.1294286741243775,0.1265271424407485
RN7SL205P,Pseudogene,RN7SL,1.2964204120170837,-0.0299999993294477,0,0,0.8166578519588426,0.12596992256571116
RN7SL208P,Pseudogene,RN7SL,1.1851900528524355,0.206000000238419,0.61,0,1.1127008579934314,0.12611918173035486
RN7SL209P,Pseudogene,RN7SL,1.5982804013068146,-0.1875,0.53,0,0.348611098977114,-0.006425954422854066
RN7SL20P,Pseudogene,RN7SL,1.2279796927243958,0.30799999833107,1.09,0,-0.6568716110590632,0.10495208962408646
RN7SL210P,Pseudogene,RN7SL,0.7839334645517348,0.185000002384186,0.12,0,1.378664717046832,0.12637407684981808
RN7SL211P,Pseudogene,RN7SL,1.0319605740721165,-0.037499999627471,0.21,0,-0.3838858163746365,0.07071366238657234
RN7SL213P,Pseudogene,RN7SL,1.2052905681630166,0.44200000166893,1.35,0,0.8073818865810597,0.126113974228362
RN7SL214P,Pseudogene,RN7SL,1.3500494799688048,-0.118000000715256,0,0,-0.2528935270169442,0.04085590252496372
RN7SL215P,Pseudogene,RN7SL,1.0490219618575616,0.305000007152557,0,0,-0.05260204091158688,0.062030826747500836
RN7SL216P,Pseudogene,RN7SL,1.5618771432101473,0.29899999499321,0,0,-0.15321390342254446,0.09174005611156336
RN7SL217P,Pseudogene,RN7SL,0.8622846413746033,0.259500004351139,0.24,0,1.2172324598449422,0.1264403308432837
RN7SL218P,Pseudogene,RN7SL,1.1500648799227715,0.214000001549721,0,0,-0.4850260700814515,0.1130606383390845
RN7SL219P,Pseudogene,RN7SL,1.3729429325122275,0.194999992847443,1.54,0,-0.5556519462116393,0.14224110583114943
RN7SL220P,Pseudogene,RN7SL,1.2041218015514648,0.306500002741814,14.93,0,-0.5073933847392644,0.11758685359530968
RN7SL221P,Pseudogene,RN7SL,1.359705018176784,0.30799999833107,0.2,0,-0.17099207033661662,0.0668590398590205
RN7SL222P,Pseudogene,RN7SL,1.3475507683943586,-0.0320000015199184,0,0,0.5572050499947525,0.1260526605881883
RN7SL223P,Pseudogene,RN7SL,1.205066952102133,0.305000007152557,0,0,-0.3762398886255965,0.07164624764901406
RN7SL225P,Pseudogene,RN7SL,1.2355147550766834,0.29899999499321,0.08,0,0.6161556310108215,0.12614104623829012
RN7SL228P,Pseudogene,RN7SL,1.1921998035163015,-0.0879999995231628,0,0,-0.22011229785994155,0.04703040829789526
RN7SL229P,Pseudogene,RN7SL,1.2197657817362726,-0.116999998688698,0.67,0,0.6849323972924511,0.1260511044653843
RN7SL22P,Pseudogene,RN7SL,1.1492011760589116,0.301999986171722,0.09,0,0.9409790362177942,0.12620566631256605
RN7SL230P,Pseudogene,RN7SL,1.3068344000082537,-0.0500000007450581,3.07,0,1.2214486719884026,0.12613371377808286
RN7SL231P,Pseudogene,RN7SL,1.1748360337535502,0.27700001001358,1.06,0,-0.18230817381358527,0.06795926440616566
RN7SL233P,Pseudogene,RN7SL,1.2539452251646743,0.25,0.48,0,-0.6920664102951987,0.11752859130704149
RN7SL234P,Pseudogene,RN7SL,1.295176644432801,-0.0654999986290932,0.12,0,1.325540725226935,0.12588972526258857
RN7SL236P,Pseudogene,RN7SL,1.137425455826309,0.291999995708466,0.25,0,-0.6195892301413694,0.12704388767121452
RN7SL237P,Pseudogene,RN7SL,0.9682030031236648,0.0590000003576279,2.04,0,0.7428398347012944,0.1262430025011399
RN7SL238P,Pseudogene,RN7SL,1.1378471931106346,-0.046000000089407,0,0,-0.10933527664449165,0.03172793597701111
RN7SL239P,Pseudogene,RN7SL,1.2620122727799006,-0.074499998241663,2.53,0,0.270115805408751,0.12608836906467846
RN7SL23P,Pseudogene,RN7SL,1.1367583441220122,0.136999994516373,6.1,0,-0.19662431395533495,0.06451167277905245
RN7SL240P,Pseudogene,RN7SL,1.457382492464118,0.207000002264977,0,0,-0.28749607034148633,0.09071121668988967
RN7SL241P,Pseudogene,RN7SL,1.30989456084681,-0.0135000003501773,0.09,0,0.38063798170685864,-0.017604629990909754
RN7SL242P,Pseudogene,RN7SL,0.760177905019864,0.305000007152557,5.47,0,-0.28681978283215953,0.08777507063313948
RN7SL244P,Pseudogene,RN7SL,1.1344193351834897,0.365000009536743,1.3,0,-0.3878812561270845,0.07726629023021636
RN7SL248P,Pseudogene,RN7SL,0.9185053489739664,0.296000003814697,0,0,1.7180733080913073,0.12644648710262085
RN7SL250P,Pseudogene,RN7SL,1.2924384274255434,0.30799999833107,0.1,0,1.7500040281156117,0.12599411702382726
RN7SL251P,Pseudogene,RN7SL,0.760177905019864,0.419999986886978,0.16,0,1.8325046482781697,0.12640091088327476
RN7SL252P,Pseudogene,RN7SL,1.356625184343142,0.30799999833107,0.12,0,-0.22514692898087654,0.06938402930399513
RN7SL253P,Pseudogene,RN7SL,1.1851900528524355,0.284000009298325,0.17,0,0.5926630355012901,0.1261428997864288
RN7SL254P,Pseudogene,RN7SL,1.1129646933354207,0.347000002861023,0.84,0,1.0644473365129388,0.12616331200910974
RN7SL255P,Pseudogene,RN7SL,1.2203937177886468,0.282000005245209,0.08,0,0.5587308860770965,0.1260814303367457
RN7SL258P,Pseudogene,RN7SL,1.1346532360773416,-0.0940000005066395,1.26,0,-0.42742793700195736,0.06611149726995555
RN7SL259P,Pseudogene,RN7SL,1.139504137223756,-0.104000002145767,0,0,-0.5960719086849887,0.08801351030046714
RN7SL25P,Pseudogene,RN7SL,1.416089988510968,0.28099998831749,1.91,0,3.1409759585431125,0.12661836892756803
RN7SL260P,Pseudogene,RN7SL,1.2932977614863317,0.282000005245209,0.44,0,0.42411110434953286,0.12607640377691567
RN7SL261P,Pseudogene,RN7SL,0.8868327507334846,-0.187000006437302,0,0,0.3405010097437597,0.12633723627179502
RN7SL262P,Pseudogene,RN7SL,0.8860786412515684,0.204999998211861,0.71,0,1.1599504104711815,0.1263552807572964
RN7SL263P,Pseudogene,RN7SL,1.5929860703548886,0.471999987959862,0.46,0,1.1567018343456763,0.12582144651974703
RN7SL265P,Pseudogene,RN7SL,1.2041218015514648,0.305000007152557,0.51,0,-0.8032709827722779,0.1529695283657692
RN7SL267P,Pseudogene,RN7SL,0.6787158695747646,0.30799999833107,0.07,0,0.8535157137965069,0.126433089564841
RN7SL268P,Pseudogene,RN7SL,1.0839893605861468,0.202000007033348,1.66,0,-0.6334938706196102,0.11619851005968575
RN7SL269P,Pseudogene,RN7SL,0.7174622335852044,0.44200000166893,1.06,0,1.879662034309218,0.1263462850545101
RN7SL26P,Pseudogene,RN7SL,1.0522111708621231,0.160999998450279,0.14,0,1.8880419724713948,0.12634560239603665
RN7SL270P,Pseudogene,RN7SL,1.100124969252125,0.20100000500679,0.42,0,-0.10107577278175726,0.04813244908980767
RN7SL271P,Pseudogene,RN7SL,0.8477519854469243,0.0949999988079071,0.13,0,0.7663366914733113,0.1263652016892532
RN7SL272P,Pseudogene,RN7SL,1.201878295400051,0.146999999880791,0.38,0,0.9777429741783862,0.1259273751491173
RN7SL273P,Pseudogene,RN7SL,1.312700317487608,0.30799999833107,2.77,0,-0.40214535660364015,0.08562608956952475
RN7SL274P,Pseudogene,RN7SL,1.4174652146374354,0.163000002503395,0.78,0,4.241952567117966,0.12685623569265228
RN7SL277P,Pseudogene,RN7SL,0.8924780981050519,0.305000007152557,1.82,0,-0.3441597982908879,0.0556513984561314
RN7SL278P,Pseudogene,RN7SL,1.1851900528524355,0.305000007152557,0.1,0,1.3822459871571744,0.12604710399937533
RN7SL279P,Pseudogene,RN7SL,1.4064938432260812,-0.113500002771616,0.07,0,3.344666636538335,0.12674661503833204
RN7SL280P,Pseudogene,RN7SL,1.073385820693914,0.194999992847443,9.18,0,1.4093557972402855,0.1260308872400642
RN7SL282P,Pseudogene,RN7SL,1.4969657206545015,0.305000007152557,0.26,0,0.6156004893089568,0.12599777068629156
RN7SL283P,Pseudogene,RN7SL,0.7909787157944694,0.214000001549721,0,0,-0.032138164163324094,0.026517612709735894
RN7SL284P,Pseudogene,RN7SL,1.0483438062458557,0.303000003099442,1.68,0,-0.7984833984565285,0.21082536903072274
RN7SL285P,Pseudogene,RN7SL,1.3683202290357552,0.30799999833107,1.37,0,-0.5077707503154946,0.1245947752990518
RN7SL286P,Pseudogene,RN7SL,0.9548943707783226,-0.034000001847744,0.29,0,0.28209985120858544,-0.022555910410322916
RN7SL28P,Pseudogene,RN7SL,1.0606777614337566,0.44200000166893,0,0,0.8936119786674008,0.12623993256907529
RN7SL290P,Pseudogene,RN7SL,0.6715294662498553,0.277999997138977,0.02,0,1.5982184211969686,0.126415418640421
RN7SL291P,Pseudogene,RN7SL,0.6850706283780292,-0.150999993085861,0.1,0,-0.39643782418412277,0.042892473681588196
RN7SL292P,Pseudogene,RN7SL,1.331916104954989,0.319999992847443,0,0,-0.33394516352772335,0.08848163260206948
RN7SL294P,Pseudogene,RN7SL,1.4011456426136666,0.293000012636185,0,0,-0.3966730138916407,0.10183933712438858
RN7SL296P,Pseudogene,RN7SL,1.1849153308295222,0.279000014066696,15,0,-0.460714294058551,0.13150840202939218
RN7SL297P,Pseudogene,RN7SL,0.7468463523668509,0.189999997615814,1.75,0,-0.33232834376415565,0.04473427110529112
RN7SL299P,Pseudogene,RN7SL,0.8063315635389272,0.30799999833107,0,0,0.896824616521132,0.1263765007597883
RN7SL300P,Pseudogene,RN7SL,1.288882189614231,0.291999995708466,6.17,0,0.9614666260393284,0.12599696405689542
RN7SL301P,Pseudogene,RN7SL,1.5968445419387325,0.209999993443489,6.21,0,-0.6179597168125098,0.13533569993132125
RN7SL302P,Pseudogene,RN7SL,1.227277990042839,0.30799999833107,0,0,-0.15265894797268922,0.05596523698494417
RN7SL303P,Pseudogene,RN7SL,1.3423208866513798,0.301999986171722,0.12,0,1.2679875308219506,0.126086938927799
RN7SL304P,Pseudogene,RN7SL,0.9693288205691576,0.266999989748001,0.37,0,1.807594191947355,0.12621891460663184
RN7SL305P,Pseudogene,RN7SL,1.1990126069377094,0.211999997496605,0,0,0.6683004800246268,0.12617556388427875
RN7SL306P,Pseudogene,RN7SL,1.3377392675760165,-0.0139999999664724,0.66,0,-0.4665009758065643,0.05923091951217089
RN7SL307P,Pseudogene,RN7SL,1.2834023113015938,0.214000001549721,0,0,-0.24479233027854935,0.10326599331144952
RN7SL308P,Pseudogene,RN7SL,1.1811995139539426,0.305000007152557,4.14,0,-0.4791526878429964,0.09638883506041905
RN7SL309P,Pseudogene,RN7SL,1.117326577555824,-0.214500002563,0,0,-0.32274981019974563,0.0480771714223718
RN7SL30P,Pseudogene,RN7SL,1.4983416082653973,0.305000007152557,3.57,0,0.6197783935248955,0.12593909303603706
RN7SL310P,Pseudogene,RN7SL,1.1866516522270114,0.197999998927116,0.24,0,1.3242292840533822,0.12603133087255247
RN7SL311P,Pseudogene,RN7SL,0.5448514939146899,0.270000010728836,0.24,0,1.26110101751315,0.1265441028374679
RN7SL313P,Pseudogene,RN7SL,0.735691405194705,0.184000000357628,0.18,0,1.0580884208134531,0.12644145545724117
RN7SL314P,Pseudogene,RN7SL,1.2014255330284964,-0.175499998033047,0.19,0,-0.2953484267424707,0.03418808603817511
RN7SL316P,Pseudogene,RN7SL,1.2259158613080523,0.277999997138977,0.59,0,-0.22775128089910077,0.0762488189509558
RN7SL319P,Pseudogene,RN7SL,1.4616689115596009,-0.0659999996423721,0,0,-0.22100342070506088,0.04619980199039855
RN7SL320P,Pseudogene,RN7SL,1.1185616474646918,-0.0949999988079071,0.39,0,0.5748990240100617,0.1261699429045488
RN7SL321P,Pseudogene,RN7SL,0.6273081163215116,-0.118000000715256,5.77,0,0.9228676826117531,0.12644560380077638
RN7SL322P,Pseudogene,RN7SL,1.3359339514254416,0.307000011205673,0.1,0,-0.9452700454094455,0.18252721910649614
RN7SL323P,Pseudogene,RN7SL,1.0596899818086554,0.214000001549721,0.06,0,1.204215489876889,0.12620875257937667
RN7SL325P,Pseudogene,RN7SL,0.8591518698213088,-0.181999996304512,0,0,-0.2858710894767226,0.054955499182131176
RN7SL326P,Pseudogene,RN7SL,1.1617209428949618,0.217999994754791,2.82,0,1.5948827951388471,0.12604965756854922
RN7SL327P,Pseudogene,RN7SL,0.98128242710084,-0.0829999968409538,1.36,0,0.3398717192745457,-0.03805190407354502
RN7SL328P,Pseudogene,RN7SL,1.2851684612712748,0.303000003099442,2.63,0,1.2553262129866178,0.12598362873494487
RN7SL329P,Pseudogene,RN7SL,1.312700317487608,0.30799999833107,6.33,0,-0.40237679082122657,0.09880316522198643
RN7SL32P,Pseudogene,RN7SL,1.1742906975163134,0.252000004053116,0.76,0,4.452072477471585,0.12700108554796588
RN7SL330P,Pseudogene,RN7SL,1.3463777347590606,0.174999997019768,0.1,0,-0.20915122270070446,0.0742461515208625
RN7SL332P,Pseudogene,RN7SL,1.1623677293898529,0.226999998092651,0.07,0,-0.4718510333427069,0.10339745070864124
RN7SL333P,Pseudogene,RN7SL,0.760177905019864,-0.0390000008046627,2.14,0,-0.7504514814219977,0.0663628326336903
RN7SL334P,Pseudogene,RN7SL,0.9212677141729568,0.305000007152557,2.73,0,1.2412922248010216,0.12614337431790573
RN7SL335P,Pseudogene,RN7SL,1.371090108041901,-0.126500003039837,0,0,-0.3149674144801941,0.06944743186118407
RN7SL336P,Pseudogene,RN7SL,1.2045896033391692,-0.0010000000474974,1.37,0,-0.2987459078870188,0.06802682251569239
RN7SL337P,Pseudogene,RN7SL,1.5809291478330307,0.293000012636185,1.08,0,-0.7695764242428434,0.21925239474409838
RN7SL338P,Pseudogene,RN7SL,1.2091798085939491,0.30799999833107,0.33,0,-0.47818106931720106,0.09402348105469682
RN7SL339P,Pseudogene,RN7SL,1.5254921472358085,0.0850000008940697,0,0,4.799069587065318,0.12703895967376377
RN7SL33P,Pseudogene,RN7SL,1.208590539681379,0.27700001001358,0.11,0,2.1082537876222815,0.12604370841009196
RN7SL340P,Pseudogene,RN7SL,1.3729429325122275,0.305000007152557,0,0,0.7451678288617077,0.12603022936568814
RN7SL341P,Pseudogene,RN7SL,1.2122031559242932,0.30799999833107,0.19,0,1.3586716459716832,0.1260041503319534
RN7SL342P,Pseudogene,RN7SL,1.4059114441191551,0.284000009298325,0,0,0.8421602687567499,0.12605436939639145
RN7SL343P,Pseudogene,RN7SL,1.3441235848441415,0.287000000476837,0.06,0,0.8080793355064022,0.1260299388295837
RN7SL344P,Pseudogene,RN7SL,0.6688696337880082,-0.0850000008940697,2.38,0,1.1266750983766325,0.12642265318765314
RN7SL346P,Pseudogene,RN7SL,1.1814381883354246,-0.144499994814396,0.88,0,-0.38689325939024544,0.07362030839936923
RN7SL34P,Pseudogene,RN7SL,1.2478612687018384,0.204999998211861,0.64,0,-0.7004343168412638,0.17637138161195506
RN7SL350P,Pseudogene,RN7SL,1.1732985138606051,0.305000007152557,0,0,-0.4134233023158281,0.08197629859186004
RN7SL351P,Pseudogene,RN7SL,0.9103743459310468,0.196999996900558,1.58,0,-0.6342417890304158,0.09252393958446954
RN7SL352P,Pseudogene,RN7SL,1.178708511654794,0.305000007152557,0,0,-0.09540959461985073,0.0478522167771018
RN7SL353P,Pseudogene,RN7SL,1.3507776619968357,0.224000006914139,0.42,0,4.437203983578171,0.12685363719072645
RN7SL354P,Pseudogene,RN7SL,1.3232107709356753,0.413499996066093,0.7,0,1.0287766260849158,0.12596206521579298
RN7SL356P,Pseudogene,RN7SL,1.358558639312485,0.219999998807907,6.42,0,3.6180466550951382,0.1265666199010433
RN7SL357P,Pseudogene,RN7SL,1.1539241580433175,0.30799999833107,0,0,-0.8024524284514905,0.1910799240051399
RN7SL35P,Pseudogene,RN7SL,1.1300537191852196,-0.161499999463558,0,0,0.38331921326667695,0.12614111563595137
RN7SL361P,Pseudogene,RN7SL,1.3287611516862443,0.30799999833107,0.1,0,0.8223779671941924,0.12613768535637385
RN7SL362P,Pseudogene,RN7SL,1.4570186017044515,0.30799999833107,6.98,0,0.3186310508872772,0.030150026643069774
RN7SL363P,Pseudogene,RN7SL,1.030577619671055,0.282999992370605,0.58,0,2.0054483090672264,0.12616783596544914
RN7SL364P,Pseudogene,RN7SL,1.1620660768649245,0.203999996185303,5.38,0,1.6431248791179176,0.12611802459442
RN7SL366P,Pseudogene,RN7SL,1.320378556100625,-0.105000000447035,0.38,0,-0.746015542457323,0.13332632618390478
RN7SL369P,Pseudogene,RN7SL,1.1616816968916883,0.284000009298325,0.19,0,0.405922109605547,0.12619324933079185
RN7SL36P,Pseudogene,RN7SL,1.0697152292210963,-0.0700000002980232,3.39,0,0.6160909238876608,0.12612817292142114
RN7SL370P,Pseudogene,RN7SL,0.7182343210036441,0.30799999833107,0,0,-0.4691680625054008,0.11023775747117318
RN7SL371P,Pseudogene,RN7SL,1.4570186017044515,0.175999999046326,0,0,4.243695799271208,0.12687653322044168
RN7SL372P,Pseudogene,RN7SL,0.8392175694860492,0.202999994158745,0.16,0,-0.8882045370255153,0.18969623987719472
RN7SL375P,Pseudogene,RN7SL,1.3287611516862443,-0.0449999999254942,1.89,0,-0.3404983687675375,0.08488307086200304
RN7SL376P,Pseudogene,RN7SL,1.4472617807108952,0.268999993801117,0.21,0,4.116158106316693,0.12680870027249438
RN7SL378P,Pseudogene,RN7SL,1.1888915567719032,0.305000007152557,0.74,0,-0.7236540179521805,0.1753763326038083
RN7SL379P,Pseudogene,RN7SL,1.2565986246172414,0.214000001549721,0.1,0,-0.5480414520811449,0.13869409194076032
RN7SL37P,Pseudogene,RN7SL,1.3237495375362194,-0.0299999993294477,3.47,0,-0.5208893883046231,0.09668348383982035
RN7SL380P,Pseudogene,RN7SL,1.477334752777615,0.282000005245209,0.07,0,-0.6403625402869935,0.1893145807860281
RN7SL382P,Pseudogene,RN7SL,1.145492303030751,0.30799999833107,2.28,0,1.0290093584589954,0.12617261455664433
RN7SL383P,Pseudogene,RN7SL,1.4059114441191551,0.303000003099442,0,0,-0.42953409063287656,0.10533531922489832
RN7SL384P,Pseudogene,RN7SL,1.0839893605861468,0.30799999833107,0.85,0,-0.33317015339313855,0.0667060532832913
RN7SL385P,Pseudogene,RN7SL,1.3843373554625953,0.261000007390976,0.96,0,1.1545913288707979,0.12609879675234387
RN7SL386P,Pseudogene,RN7SL,1.2630648268022358,0.287000000476837,0,0,1.5431158634910942,0.12622214098903825
RN7SL387P,Pseudogene,RN7SL,1.2468716879970787,0.277999997138977,0.44,0,3.6611872708498496,0.12673630651891318
RN7SL388P,Pseudogene,RN7SL,0.7479653804735954,0.30799999833107,1.03,0,1.7625637905733655,0.12646627864698973
RN7SL38P,Pseudogene,RN7SL,1.2673319377035943,-0.209000006318092,0,0,-0.021140574646690637,0.12604729422951216
RN7SL390P,Pseudogene,RN7SL,1.1496558370717531,0.284000009298325,2.54,0,-0.1729310955457811,0.0766493867718319
RN7SL391P,Pseudogene,RN7SL,1.1618862183171974,0.163000002503395,0.21,0,4.8631910060279235,0.12703773858170464
RN7SL392P,Pseudogene,RN7SL,1.103597612047104,0.206000000238419,0,0,1.3369786897342477,0.1261078548510492
RN7SL393P,Pseudogene,RN7SL,0.9152952883414848,-0.183000005781651,10,0,-0.4791318182452098,0.05308334979128631
RN7SL394P,Pseudogene,RN7SL,1.181681783838174,-0.149000003933907,9.51,0,-0.6533515113936909,0.1266675191927714
RN7SL395P,Pseudogene,RN7SL,1.3010435801854645,0.230000004172325,0.41,0,-0.24117476027767484,0.08344468112370512
RN7SL397P,Pseudogene,RN7SL,0.722659573724098,0.282999992370605,0.2,0,0.06906692562758265,0.015177174146213009
RN7SL398P,Pseudogene,RN7SL,1.2355147550766834,0.305000007152557,8.41,0,-0.08521923313176145,0.0633682251475345
RN7SL399P,Pseudogene,RN7SL,1.4068006986695152,0.279000014066696,1.14,0,-0.7262150965133674,0.19712511495766877
RN7SL39P,Pseudogene,RN7SL,1.1928945586465558,0.305000007152557,0.62,0,0.9035023194873306,0.126160940746645
RN7SL400P,Pseudogene,RN7SL,1.4081465974484384,0.273999989032745,0,0,0.5335069075140589,0.12603938340480028
RN7SL401P,Pseudogene,RN7SL,1.2937937529576593,0.30799999833107,0.06,0,0.865707405292563,0.12600373395355696
RN7SL402P,Pseudogene,RN7SL,1.3156925279189955,0.30799999833107,0.56,0,-0.5507085819459876,0.1102961094851054
RN7SL403P,Pseudogene,RN7SL,1.4804776248583582,0.214000001549721,0.96,0,2.6555644086517485,0.12640118825951474
RN7SL404P,Pseudogene,RN7SL,1.100124969252125,0.216999992728233,14.04,0,-0.18645772109024603,0.06575770563415483
RN7SL405P,Pseudogene,RN7SL,1.213897078354052,-0.0160000007599592,0.2,0,3.2163632398306548,0.126611567998817
RN7SL408P,Pseudogene,RN7SL,1.3612083775334904,0.305000007152557,0.51,0,0.6598637469537189,0.126069840731328
RN7SL40P,Pseudogene,RN7SL,0.6906231655322166,0.28999999165535,0.55,0,-0.5378961734066688,0.11892034417175251
RN7SL411P,Pseudogene,RN7SL,0.7409980317239783,0.305000007152557,5.8,0,0.859584494939197,0.12643700747101413
RN7SL413P,Pseudogene,RN7SL,1.075944111720423,-0.158999994397163,1.2,0,-0.49215012095006394,0.08479788874284161
RN7SL414P,Pseudogene,RN7SL,1.1696238064520703,-0.0379999987781048,1.26,0,-0.278652507558065,0.06554054558456633
RN7SL415P,Pseudogene,RN7SL,1.1658219465380495,0.239999994635582,0.19,0,-0.31249857345989807,0.0875084966157898
RN7SL416P,Pseudogene,RN7SL,1.4103517487196109,0.202999994158745,0,0,-0.8658009540280407,0.22133885143284784
RN7SL418P,Pseudogene,RN7SL,0.89558777788939,-0.122000001370907,0,0,0.8009771474682367,0.12624986404617672
RN7SL419P,Pseudogene,RN7SL,1.294971516677902,0.282999992370605,1.44,0,1.2354235603563708,0.12600704134984544
RN7SL41P,Pseudogene,RN7SL,1.1344193351834897,-0.187000006437302,0,0,-0.725008158925377,0.09433103598298856
RN7SL420P,Pseudogene,RN7SL,1.1888915567719032,0.232999995350838,0.05,0,1.181112371482733,0.12605661022484557
RN7SL422P,Pseudogene,RN7SL,1.450588819287242,0.293999999761581,0,0,0.8409133964006312,0.12595781550682603
RN7SL423P,Pseudogene,RN7SL,0.7198223067219978,-0.111000001430511,0.07,0,0.6973619605314998,0.12643214121231938
RN7SL424P,Pseudogene,RN7SL,1.4903290862960636,0.30799999833107,0.13,0,0.8070202377722774,0.12584165945855824
RN7SL426P,Pseudogene,RN7SL,1.295176644432801,0.214000001549721,0.18,0,-0.7741011961577033,0.1907479306384335
RN7SL428P,Pseudogene,RN7SL,0.9843723852608516,0.165999993681908,2.47,0,-0.5318944174694391,0.05493011709011956
RN7SL42P,Pseudogene,RN7SL,1.0751087513852364,-0.0570000000298023,0.15,0,0.281977449282398,-0.016078756797632165
RN7SL430P,Pseudogene,RN7SL,1.0908287140564763,0.310000002384186,1.44,0,-0.3624994580728662,0.055625237941480214
RN7SL432P,Pseudogene,RN7SL,0.8042501707574639,0.27700001001358,0.37,0,1.328990938620648,0.12632198252019763
RN7SL434P,Pseudogene,RN7SL,1.1535370650684624,0.305000007152557,1.71,0,-0.5010763527527029,0.09426462275502713
RN7SL435P,Pseudogene,RN7SL,1.2563463968724369,0.200000002980232,0.59,0,-0.2677111902217551,0.06820585238640008
RN7SL43P,Pseudogene,RN7SL,1.4084691968980256,0.200000002980232,0.06,0,0.9183508453365076,0.1258383798862182
RN7SL441P,Pseudogene,RN7SL,1.0795790580438027,0.28999999165535,2.47,0,-0.44458790094678996,0.07542589221129406
RN7SL442P,Pseudogene,RN7SL,1.3133900659951372,0.194999992847443,0.57,0,-0.606013044736756,0.13069394795524664
RN7SL443P,Pseudogene,RN7SL,1.3055299373585176,0.30799999833107,4.44,0,-0.6421707147195337,0.17760300219050376
RN7SL444P,Pseudogene,RN7SL,0.7409980317239783,0.30799999833107,11.06,0,-0.011218910159228752,0.023466682208041306
RN7SL445P,Pseudogene,RN7SL,1.102487472541542,0.307000011205673,0.08,0,1.017527983334059,0.12619152507521988
RN7SL446P,Pseudogene,RN7SL,1.2438628277461206,-0.105999998748302,0.18,0,-0.4175984568283032,0.06891345863157039
RN7SL447P,Pseudogene,RN7SL,1.049117111241857,-0.108999997377396,0,0,-0.24794312764312948,0.06047110469263066
RN7SL448P,Pseudogene,RN7SL,1.1185616474646918,0.30799999833107,0.46,0,-0.18498482770953176,0.07398422536291843
RN7SL44P,Pseudogene,RN7SL,0.7590935962404165,0.214000001549721,0.17,0,1.6799166211436016,0.12645210571948612
RN7SL451P,Pseudogene,RN7SL,1.394018036270026,0.159999996423721,0,0,0.9776419872745795,0.12593131459448212
RN7SL452P,Pseudogene,RN7SL,1.157809424568716,-0.138999998569489,2.56,0,-0.6038497507578994,0.09115177387306629
RN7SL453P,Pseudogene,RN7SL,1.0557532746827198,0.301999986171722,0.04,0,1.6951954040323938,0.12636086046508035
RN7SL454P,Pseudogene,RN7SL,1.5437458994249549,-0.180000007152557,0.03,0,-0.8986610344788337,0.13897464756065733
RN7SL455P,Pseudogene,RN7SL,1.749031258391039,0.305000007152557,1.47,0,3.8720266098043057,0.12663934677634653
RN7SL456P,Pseudogene,RN7SL,1.3422739769576302,0.30799999833107,0,0,-0.2371045079261195,0.07776612960036275
RN7SL457P,Pseudogene,RN7SL,1.2465613665217186,0.30799999833107,0.2,0,-0.5255044294474834,0.10099317510291952
RN7SL459P,Pseudogene,RN7SL,1.4836829381062686,0.30799999833107,0.18,0,-0.5246709454802869,0.1278285802349809
RN7SL45P,Pseudogene,RN7SL,1.165579957619513,0.206000000238419,0.85,0,0.7672554489179777,0.12618606563603113
RN7SL460P,Pseudogene,RN7SL,1.319364227996909,0.300000011920929,0.09,0,3.691560694490912,0.12678658289222414
RN7SL461P,Pseudogene,RN7SL,1.2193950322585414,0.305000007152557,0,0,0.8616219741942844,0.12612904556101306
RN7SL462P,Pseudogene,RN7SL,1.0779604987363909,0.284999996423721,0.06,0,0.9076751307338995,0.1262145231720594
RN7SL464P,Pseudogene,RN7SL,0.8186531284829306,0.305000007152557,3.2,0,-0.4938812308906367,0.06755592029058072
RN7SL465P,Pseudogene,RN7SL,1.0385665934669546,0.214000001549721,5.5,0,-0.35919910285201134,0.06724958171484184
RN7SL466P,Pseudogene,RN7SL,0.7771059866596806,-0.104000002145767,0,0,-0.44992905666341143,0.03930466586906102
RN7SL468P,Pseudogene,RN7SL,0.968779314435048,-0.195500001311302,0.32,0,0.3545223019524162,0.1262754031929014
RN7SL469P,Pseudogene,RN7SL,1.7000745981008996,-0.0659999996423721,0.64,0,-0.044173069250163705,0.0673687936642144
RN7SL470P,Pseudogene,RN7SL,1.7031868369138257,0.123000003397465,0.38,0,4.190778605226497,0.12679463348268222
RN7SL472P,Pseudogene,RN7SL,1.7426414888559856,0.146999999880791,1.41,0,-0.08964430065676583,0.09237544215001435
RN7SL474P,Pseudogene,RN7SL,1.6617065495471277,0.184000000357628,0.16,0,4.2981838172016325,0.12689963348334726
RN7SL475P,Pseudogene,RN7SL,1.2122031559242932,-0.120999999344349,0.24,0,0.2723110494820106,0.12602765672869476
RN7SL477P,Pseudogene,RN7SL,1.1537611398674268,0.211999997496605,0.69,0,-0.5859411641188061,0.124913438811161
RN7SL478P,Pseudogene,RN7SL,1.456974947024391,0.223000004887581,0.39,0,1.220474041298373,0.12587002810953166
RN7SL479P,Pseudogene,RN7SL,0.7062637489869168,0.30799999833107,0.06,0,1.390867771011206,0.12642368665214518
RN7SL47P,Pseudogene,RN7SL,1.3475507683943586,0.305000007152557,1.69,0,0.5666591172728922,0.12602650553404224
RN7SL480P,Pseudogene,RN7SL,1.3232107709356753,0.305000007152557,0,0,0.7417907341496242,0.12606478953749103
RN7SL481P,Pseudogene,RN7SL,1.1849153308295222,0.226999998092651,4.84,0,0.8131393008415437,0.12606295150342903
RN7SL482P,Pseudogene,RN7SL,0.9208081665194152,0.30799999833107,2.45,0,1.220471195518455,0.12623970177644386
RN7SL483P,Pseudogene,RN7SL,1.060309683552403,0.303000003099442,0.67,0,1.774297192679438,0.12614242229584643
RN7SL487P,Pseudogene,RN7SL,1.1914666752829228,0.305999994277954,0.34,0,-0.9944959559500479,0.18424307259487888
RN7SL488P,Pseudogene,RN7SL,1.2994993891138389,0.270999997854233,0.23,0,4.779635552408976,0.12704771858054717
RN7SL489P,Pseudogene,RN7SL,0.7164919308990261,-0.0450000017881393,0.03,0,0.33435389438863694,-0.05197006264019321
RN7SL48P,Pseudogene,RN7SL,0.9839404324833116,0.272000014781952,0.15,0,3.2732483208256515,0.12672689911925353
RN7SL491P,Pseudogene,RN7SL,1.4461857496471695,0.18299999833107,0,0,4.027731099355034,0.12676860807088164
RN7SL492P,Pseudogene,RN7SL,1.2716279781703863,0.291999995708466,0,0,1.2701090449850814,0.1258551960326694
RN7SL493P,Pseudogene,RN7SL,1.5334198398970285,0.305000007152557,0.35,0,0.9689020698286344,0.1259113251262871
RN7SL494P,Pseudogene,RN7SL,1.119723588234219,-0.197499997913837,0.64,0,-0.43784417232215234,0.067281787055764
RN7SL495P,Pseudogene,RN7SL,1.5388606275913312,-0.126000002026558,0,0,-0.08285827611559035,0.05474172902861467
RN7SL496P,Pseudogene,RN7SL,1.0899378376112396,0.252000004053116,0,0,0.3922615125627915,0.12622538621648016
RN7SL497P,Pseudogene,RN7SL,1.327057313874442,0.214000001549721,0,0,1.228302209328493,0.12601255842863254
RN7SL498P,Pseudogene,RN7SL,1.456974947024391,0.44200000166893,0.56,0,-0.31702539498137294,0.10104850875159824
RN7SL499P,Pseudogene,RN7SL,0.8054326431782373,0.284000009298325,0.23,0,1.026983908048156,0.12636994196797638
RN7SL49P,Pseudogene,RN7SL,1.0606777614337566,0.30799999833107,1.64,0,-0.14679305251021682,0.06612682933632548
RN7SL502P,Pseudogene,RN7SL,1.0420284821118444,0.284000009298325,2.21,0,-0.41552003882180516,0.10313243019256071
RN7SL503P,Pseudogene,RN7SL,1.3526882386050345,0.30799999833107,0.1,0,1.8790936522234403,0.12608346688578678
RN7SL504P,Pseudogene,RN7SL,1.0408182283579397,0.26800000667572,0,0,0.48616164047704075,0.12621584959847992
RN7SL505P,Pseudogene,RN7SL,1.149906288564834,0.301999986171722,3.61,0,1.3757950380234587,0.12604097963536376
RN7SL507P,Pseudogene,RN7SL,1.2790664926823316,0.305000007152557,2.1,0,1.0642981055121112,0.1258534472061629
RN7SL508P,Pseudogene,RN7SL,1.3297613193066442,0.30799999833107,1.09,0,-0.3653634402578149,0.08710856366837236
RN7SL509P,Pseudogene,RN7SL,1.1811995139539426,-0.0469999983906746,0,0,0.6984895776837867,0.12613041405689138
RN7SL50P,Pseudogene,RN7SL,1.2937937529576593,0.30799999833107,0.2,0,-0.5018581576041287,0.10767597767880394
RN7SL510P,Pseudogene,RN7SL,1.4131438223823491,0.159999996423721,0.29,0,4.078269360457834,0.12675838401605105
RN7SL513P,Pseudogene,RN7SL,1.1539241580433175,0.305000007152557,2.49,0,-0.7228405702963371,0.16847491310259333
RN7SL515P,Pseudogene,RN7SL,1.075944111720423,0.20100000500679,0.68,0,-0.5400783629498497,0.0840568354095888
RN7SL516P,Pseudogene,RN7SL,0.8654333072533837,0.28099998831749,0.41,0,0.9559730790902735,0.12634683947615874
RN7SL517P,Pseudogene,RN7SL,0.6035793393653307,0.239999994635582,12.92,0,1.192066372493313,0.12647204297136463
RN7SL518P,Pseudogene,RN7SL,1.0544335830893663,-0.0329999998211861,0.08,0,-0.5921320783783491,0.07123710375577529
RN7SL519P,Pseudogene,RN7SL,0.8924780981050519,0.28099998831749,0.22,0,0.8734681190429004,0.12624380749109376
RN7SL51P,Pseudogene,RN7SL,0.8653102015197772,0.305000007152557,0,0,-0.3769704659498609,0.05539537450680546
RN7SL520P,Pseudogene,RN7SL,1.2266302644906326,0.239999994635582,0.32,0,1.0037862515156666,0.12602149020600004
RN7SL521P,Pseudogene,RN7SL,1.321540050265302,-0.132500000298023,10.42,0,-0.12263652549018875,0.04663681959496973
RN7SL523P,Pseudogene,RN7SL,1.3054495525338543,0.305000007152557,0.2,0,1.290652974692135,0.12588580949274056
RN7SL525P,Pseudogene,RN7SL,1.798739641740684,0.151500001549721,0.37,0,4.522037474408252,0.1269171717028954
RN7SL526P,Pseudogene,RN7SL,1.284841806574688,0.305000007152557,1.18,0,0.8204642923239202,0.1259990272243827
RN7SL530P,Pseudogene,RN7SL,1.2588263542290736,0.30799999833107,0.46,0,0.5010959555090955,0.12609076195943064
RN7SL531P,Pseudogene,RN7SL,1.2193950322585414,0.305000007152557,0.23,0,3.068854496619874,0.12656139183275297
RN7SL535P,Pseudogene,RN7SL,1.1030481680012767,-0.165000006556511,9,0,0.6580246320056878,0.12614040248437208
RN7SL536P,Pseudogene,RN7SL,1.724736797978225,-0.013499999884516,0.06,0,-0.07026936421400795,0.0680823090555177
RN7SL538P,Pseudogene,RN7SL,0.7769510612237437,-0.028999999165535,0.18,0,-0.41189788163190627,0.052024739113471635
RN7SL541P,Pseudogene,RN7SL,1.1782654214692234,0.301999986171722,4.11,0,-0.23891746570092598,0.06524774551043326
RN7SL542P,Pseudogene,RN7SL,1.5122408810693433,-0.218999996781349,0,0,0.526234557859841,0.12596593316127086
RN7SL543P,Pseudogene,RN7SL,1.103597612047104,-0.293999999761581,0.17,0,0.9857688577822555,0.12613598198614523
RN7SL545P,Pseudogene,RN7SL,1.2695979207339714,-0.145000003278255,0.06,0,-0.19129785463769317,0.04931213157079005
RN7SL546P,Pseudogene,RN7SL,1.3055299373585176,0.194999992847443,0.77,0,1.5033355950379093,0.12600063750520132
RN7SL547P,Pseudogene,RN7SL,1.4253033261070056,0.207000002264977,0.02,0,-0.3836325010874691,0.09897932761008847
RN7SL549P,Pseudogene,RN7SL,1.182443667644646,0.231000006198883,0.4,0,-0.046652574259727415,0.04949205018930297
RN7SL551P,Pseudogene,RN7SL,1.3404169512624398,0.30799999833107,0.06,0,0.8220756817133619,0.12599778663946792
RN7SL552P,Pseudogene,RN7SL,1.1955640797176958,0.305000007152557,3.13,0,0.6445222970474537,0.12617896724767436
RN7SL553P,Pseudogene,RN7SL,1.014054563128976,-0.141500003635883,0.07,0,0.3988397530447136,0.126225976115821
RN7SL554P,Pseudogene,RN7SL,1.3441691607150503,0.195999994874001,0,0,-0.49542564616479406,0.1145659282091435
RN7SL555P,Pseudogene,RN7SL,1.2500243344901183,0.30799999833107,9.05,0,1.0593030406953703,0.1258721954605094
RN7SL556P,Pseudogene,RN7SL,1.3986959491434152,0.193000003695488,0.11,0,1.1546692700795138,0.12600508065124683
RN7SL557P,Pseudogene,RN7SL,1.3966582219447798,0.144999995827675,0,0,2.042920564651553,0.12617197099844865
RN7SL559P,Pseudogene,RN7SL,1.356625184343142,-0.0500000007450581,5.13,0,0.818993362014195,0.1259601714988734
RN7SL55P,Pseudogene,RN7SL,1.2279796927243958,0.204999998211861,0.95,0,-0.4020194481265032,0.11251875656148709
RN7SL560P,Pseudogene,RN7SL,1.460418705990085,0.097000002861023,0.09,0,3.4679137042549435,0.1261401123941598
RN7SL561P,Pseudogene,RN7SL,1.1372078333842193,0.160999998450279,0.11,0,0.8693670301918253,0.12617458973147075
RN7SL563P,Pseudogene,RN7SL,1.270482153805269,0.30799999833107,2.42,0,1.6304586969115702,0.12595723454126312
RN7SL564P,Pseudogene,RN7SL,1.3615838832928102,0.118000000715256,0,0,0.4223117595848975,-0.01093704620045148
RN7SL565P,Pseudogene,RN7SL,0.6482102060085417,0.300000011920929,0.26,0,1.171364681670899,0.1264463222401615
RN7SL566P,Pseudogene,RN7SL,1.0795790580438027,-0.0839999988675117,3.34,0,-0.6625373406346488,0.11180164932251771
RN7SL567P,Pseudogene,RN7SL,1.215126722814692,0.125,0,0,1.1227995187652213,0.12616617744331088
RN7SL568P,Pseudogene,RN7SL,1.3404169512624398,0.266999989748001,0,0,0.4211638878430204,0.12605988518683048
RN7SL569P,Pseudogene,RN7SL,1.2542935432827758,0.354999989271164,1.91,0,-0.6422697342541569,0.1361085804545932
RN7SL570P,Pseudogene,RN7SL,1.3560644630222634,0.284000009298325,0.07,0,-0.6143405625371242,0.12229024892816334
RN7SL571P,Pseudogene,RN7SL,1.2245306456455574,0.222000002861023,0.45,0,-0.29728038444404575,0.07729141452014504
RN7SL573P,Pseudogene,RN7SL,1.3591675853632754,0.263999998569489,0,0,-0.2950168475640936,0.07553848669028623
RN7SL574P,Pseudogene,RN7SL,1.391710318420982,0.305000007152557,1.45,0,1.4282981183075967,0.12591395200947056
RN7SL575P,Pseudogene,RN7SL,0.697009018135013,0.146999999880791,0.74,0,-0.47570870551863154,0.04749933938709064
RN7SL577P,Pseudogene,RN7SL,1.2609805614114729,0.30799999833107,1.38,0,0.6434022436072928,0.12604998931580874
RN7SL578P,Pseudogene,RN7SL,0.810057477260091,0.30799999833107,0.58,0,0.08217314977400934,0.02122114274344925
RN7SL57P,Pseudogene,RN7SL,1.1977338874848786,0.30799999833107,7.73,0,0.7323094956083285,0.1261445820031844
RN7SL580P,Pseudogene,RN7SL,1.1739461412874437,-0.127000004053116,0.07,0,-1.0503577711677043,0.2117642347148051
RN7SL581P,Pseudogene,RN7SL,1.0116781379726645,-0.0579999983310699,0.46,0,0.6167692201249461,0.12622608567641497
RN7SL582P,Pseudogene,RN7SL,0.9835155326981566,-0.0410000011324883,0.8,0,0.696963150613311,0.1262610003635034
RN7SL583P,Pseudogene,RN7SL,0.7261522523427487,-0.10700000077486,0.19,0,-0.7453351404826024,0.10381914534147031
RN7SL585P,Pseudogene,RN7SL,1.0668386840668884,0.305000007152557,0,0,-0.3150995959290787,0.07893552137977437
RN7SL586P,Pseudogene,RN7SL,1.2321282727673837,0.207000002264977,0,0,0.8797408010235753,0.12602008183275842
RN7SL587P,Pseudogene,RN7SL,1.458592655862368,-0.12899999320507,2.08,0,0.5394271945502319,0.12596868661249275
RN7SL589P,Pseudogene,RN7SL,1.120460733453596,0.184000000357628,1.17,0,1.0757242409458485,0.12614998024811405
RN7SL58P,Pseudogene,RN7SL,1.311396389052321,0.206000000238419,0,0,-0.34806248622441294,0.08584129377043351
RN7SL591P,Pseudogene,RN7SL,1.153844323799645,0.30799999833107,0.58,0,-0.11641292149464912,0.07282654651049908
RN7SL592P,Pseudogene,RN7SL,1.7799774783405171,0.305000007152557,0.35,0,2.3273667309709745,0.12614451238237578
RN7SL594P,Pseudogene,RN7SL,1.028715690818894,0.105999998748302,0.07,0,-0.48870044741303614,0.12034485211076777
RN7SL596P,Pseudogene,RN7SL,1.2422330284435184,0.144999995827675,0.19,0,4.232217043971558,0.12682109488184237
RN7SL597P,Pseudogene,RN7SL,1.0795790580438027,0.294999986886978,0.44,0,-0.5862918357006629,0.11512540466740592
RN7SL598P,Pseudogene,RN7SL,1.3468395347023838,-0.170500002801418,0.07,0,-0.3475795073408269,0.11391214497909874
RN7SL600P,Pseudogene,RN7SL,1.2662330496119405,0.30799999833107,7.29,0,2.0099490310619657,0.12621685098772417
RN7SL601P,Pseudogene,RN7SL,1.17361569657648,0.207000002264977,0,0,1.1085510837874037,0.1262067052613181
RN7SL602P,Pseudogene,RN7SL,1.7259936792181785,0.218999996781349,0.14,0,4.866930987048897,0.12696287675713516
RN7SL604P,Pseudogene,RN7SL,0.97396806323517,-0.119999997317791,0.48,0,1.1570042335105852,0.12627303410435015
RN7SL605P,Pseudogene,RN7SL,1.2484564257805018,-0.153999999165535,0.78,0,3.142951857269114,0.1266442245070632
RN7SL606P,Pseudogene,RN7SL,1.0906327685357189,0.305000007152557,0.67,0,-0.2963967882861513,0.0760039618892526
RN7SL607P,Pseudogene,RN7SL,1.394018036270026,0.30799999833107,0.2,0,1.0679118428925882,0.12598519651187323
RN7SL608P,Pseudogene,RN7SL,1.2574059342090356,-0.131999999284744,8.57,0,-0.8278631550762221,0.1577174561976265
RN7SL60P,Pseudogene,RN7SL,1.1732985138606051,-0.172999992966652,0.06,0,0.8143137045181705,0.12611029698665072
RN7SL610P,Pseudogene,RN7SL,1.0145752689519678,0.146999999880791,0.95,0,1.8712579875864581,0.1260432011557594
RN7SL612P,Pseudogene,RN7SL,0.7417829872660587,0.303000003099442,0.45,0,1.3305412073932354,0.12635383831039193
RN7SL614P,Pseudogene,RN7SL,1.364561107527415,-0.333499997854233,0.93,0,0.05920513207825857,0.12603208031331734
RN7SL615P,Pseudogene,RN7SL,1.282137953381464,0.305000007152557,0.78,0,-0.09980453793744518,0.0595676882477898
RN7SL616P,Pseudogene,RN7SL,1.1233764305294978,0.284000009298325,0.63,0,-0.24615222671088352,0.08041987833499943
RN7SL617P,Pseudogene,RN7SL,1.206678004177136,0.305000007152557,0.27,0,0.979871090661129,0.1261109576655923
RN7SL618P,Pseudogene,RN7SL,1.2790664926823316,-0.0654999986290932,0.1,0,-0.7578747975047392,0.11632236299504509
RN7SL619P,Pseudogene,RN7SL,1.1981981254257643,0.195999994874001,0.24,0,4.030029176018697,0.12693662279937717
RN7SL620P,Pseudogene,RN7SL,1.2036632631654969,-0.12899999320507,0.27,0,-0.7633663748301921,0.14705619232460404
RN7SL621P,Pseudogene,RN7SL,1.1616816968916883,0.266999989748001,0.31,0,-0.690571920778858,0.12195952735068082
RN7SL622P,Pseudogene,RN7SL,1.7430294609870851,0.165000006556511,0,0,4.262894433282188,0.12674274692368476
RN7SL623P,Pseudogene,RN7SL,1.10925612611906,0.30799999833107,0.5,0,-0.42646235373384644,0.09337802196871307
RN7SL624P,Pseudogene,RN7SL,1.6367593663867102,0.180500000715256,0.2,0,4.224358043493176,0.12675727524344158
RN7SL625P,Pseudogene,RN7SL,0.9310220115088644,0.214000001549721,0,0,1.0680249606806644,0.1261149988733577
RN7SL627P,Pseudogene,RN7SL,0.768051796496079,0.266000002622604,0.53,0,1.112333123662754,0.1263932149449749
RN7SL628P,Pseudogene,RN7SL,1.7000745981008996,-0.0160000007599592,0.19,0,-0.036348551179999675,0.06829771646490912
RN7SL629P,Pseudogene,RN7SL,1.0359347482983248,0.214000001549721,0.47,0,0.3471739129749548,-0.010466835051441754
RN7SL62P,Pseudogene,RN7SL,1.1695044692613294,0.199000000953674,0.02,0,1.1245380288690228,0.12607937674353156
RN7SL630P,Pseudogene,RN7SL,1.2045896033391692,0.0689999982714653,8.45,0,-0.5600531213920684,0.10936960930116059
RN7SL632P,Pseudogene,RN7SL,1.2535680987811662,-0.096000000834465,0,0,-0.14911911028673974,0.05983446178897091
RN7SL633P,Pseudogene,RN7SL,0.912213486023837,0.30799999833107,0,0,1.1355870530981433,0.126195584293995
RN7SL634P,Pseudogene,RN7SL,1.1776349284140708,0.284000009298325,0.23,0,1.5282669544049146,0.12618601611408586
RN7SL635P,Pseudogene,RN7SL,1.3494738225547531,-0.0509999990463257,0.07,0,0.9256813685260322,0.126031900981574
RN7SL636P,Pseudogene,RN7SL,1.358653916585738,0.29899999499321,0.06,0,1.293944041409492,0.1258516580513736
RN7SL638P,Pseudogene,RN7SL,1.1378471931106346,0.30799999833107,2.16,0,-0.5761797115638432,0.11718921881716553
RN7SL63P,Pseudogene,RN7SL,1.1540008409352662,0.29899999499321,0,0,-0.6144782447308277,0.11468333724068912
RN7SL643P,Pseudogene,RN7SL,1.515894813610587,0.29899999499321,0.02,0,0.8294994341746632,0.12593701120626136
RN7SL644P,Pseudogene,RN7SL,1.3813247574970395,0.180999994277954,0.1,0,4.524189216716807,0.1269398910668115
RN7SL645P,Pseudogene,RN7SL,1.291237276470687,-0.256000012159348,0.07,0,0.3316791565290319,0.12606267407426036
RN7SL646P,Pseudogene,RN7SL,1.2279796927243958,-0.126000002026558,1.8,0,-0.6338681926632769,0.09673030795959002
RN7SL647P,Pseudogene,RN7SL,1.157809424568716,-0.106499999761581,0,0,-0.4773243353493272,0.07351417218861113
RN7SL649P,Pseudogene,RN7SL,1.098866399317945,0.164000004529953,0.08,0,0.753790706959477,0.12618279395589793
RN7SL650P,Pseudogene,RN7SL,1.2662330496119405,0.347000002861023,14.43,0,1.3305799470772073,0.12614722663742656
RN7SL652P,Pseudogene,RN7SL,1.3893713094824591,0.282000005245209,1.13,0,-1.1524747837524953,0.2312384613055994
RN7SL653P,Pseudogene,RN7SL,0.6638634243260898,-0.063000001013279,5.54,0,-0.4606314940245218,0.03172403832082601
RN7SL654P,Pseudogene,RN7SL,0.8326711615048985,0.0850000008940697,0.07,0,-0.1665352607475992,0.03037540057799913
RN7SL655P,Pseudogene,RN7SL,1.107300959738537,-0.122999999672174,2.46,0,-0.8255140312819185,0.11329515517217317
RN7SL658P,Pseudogene,RN7SL,0.768051796496079,0.305000007152557,0.64,0,1.2216415760858217,0.12634258884077093
RN7SL659P,Pseudogene,RN7SL,1.3591675853632754,0.30799999833107,0.08,0,0.3044752109750048,0.1260638199945957
RN7SL65P,Pseudogene,RN7SL,0.6395518726189099,0.263999998569489,1.12,0,-0.36868030595055284,0.041358769433961155
RN7SL660P,Pseudogene,RN7SL,1.2081489647673558,0.0040000001899898,5.34,0,-0.5870053707823132,0.12901703551142496
RN7SL663P,Pseudogene,RN7SL,1.2197657817362726,0.214000001549721,2.42,0,2.01345010780935,0.12628484082647748
RN7SL664P,Pseudogene,RN7SL,0.9338397326029644,0.165999993681908,14.75,0,1.6854933933927971,0.1265056252702286
RN7SL665P,Pseudogene,RN7SL,1.0536065763575315,-0.126000002026558,0.31,0,-0.6125383315970367,0.08087082523574186
RN7SL666P,Pseudogene,RN7SL,1.2911098517394564,-0.100499998778105,0.76,0,0.546021516996379,0.12604218068122847
RN7SL667P,Pseudogene,RN7SL,0.8974965673670249,0.419999986886978,0.06,0,4.150780460637341,0.12700944270145442
RN7SL668P,Pseudogene,RN7SL,0.8368325543912503,-0.096000000834465,0.1,0,0.25566406952601367,0.1263357891334403
RN7SL66P,Pseudogene,RN7SL,1.3025356026398056,0.18299999833107,0.2,0,4.212792497575993,0.12683867020686251
RN7SL670P,Pseudogene,RN7SL,0.909707405018277,0.272000014781952,0.07,0,4.05830601556256,0.12692116520553068
RN7SL672P,Pseudogene,RN7SL,1.2381621291129172,0.305000007152557,1.8,0,1.285691179451503,0.12601520439163363
RN7SL673P,Pseudogene,RN7SL,1.494893181088722,-0.168999999761581,0.15,0,-0.06217368922096382,0.054029247159792196
RN7SL675P,Pseudogene,RN7SL,1.2045896033391692,0.374000012874603,0,0,-0.3203476245134105,0.09099503518947827
RN7SL677P,Pseudogene,RN7SL,1.295730296460914,0.0350000001490116,1.47,0,-0.5814514680947164,0.10448566139737908
RN7SL678P,Pseudogene,RN7SL,0.975812625389018,0.130999997258186,0.22,0,-0.6980103290957637,0.1516387381873776
RN7SL679P,Pseudogene,RN7SL,0.7312480576223469,0.284000009298325,0.22,0,1.0715113387931763,0.12642647772717583
RN7SL67P,Pseudogene,RN7SL,1.2086591628099097,0.214000001549721,2.44,0,-0.4692671083556485,0.11845124268313581
RN7SL680P,Pseudogene,RN7SL,1.277849866580857,0.206000000238419,0.47,0,-0.3709595243678675,0.11980557317996568
RN7SL681P,Pseudogene,RN7SL,1.2371114399501348,0.29899999499321,0.73,0,-0.2924523461240015,0.07375799893302926
RN7SL683P,Pseudogene,RN7SL,1.286454916187462,0.305000007152557,2.88,0,0.9434566881025634,0.126052553055508
RN7SL684P,Pseudogene,RN7SL,1.2168813339854874,0.0034999998752027,0.64,0,-0.5225176450949263,0.08167146637268678
RN7SL685P,Pseudogene,RN7SL,1.282137953381464,0.30799999833107,0.39,0,1.2179147679242206,0.12598789553796427
RN7SL687P,Pseudogene,RN7SL,0.8896851367738555,0.282999992370605,0,0,0.7055724993344632,0.12633611905014666
RN7SL688P,Pseudogene,RN7SL,1.060974454513878,-0.133000001311302,2.2,0,-0.30909779631308254,0.049127564424184256
RN7SL689P,Pseudogene,RN7SL,1.1811995139539426,0.284000009298325,13.75,0,-0.6410119578102018,0.11783796563654819
RN7SL68P,Pseudogene,RN7SL,0.7731179060829814,-0.0345000009983778,8.68,0,0.6312298900481281,0.12634544127832661
RN7SL690P,Pseudogene,RN7SL,1.4762070163251129,0.0610000006854534,0.71,0,3.139060858329726,0.1265251315908349
RN7SL691P,Pseudogene,RN7SL,1.211661025711447,0.305000007152557,0,0,0.8445426204613183,0.12601473493468626
RN7SL692P,Pseudogene,RN7SL,0.9407201574620816,0.282999992370605,0,0,-0.48314804264898276,0.07337483568922666
RN7SL693P,Pseudogene,RN7SL,1.6184432816551946,0.159999996423721,0.19,0,4.428233838612087,0.1268501321897403
RN7SL697P,Pseudogene,RN7SL,0.8364108217620156,0.194999992847443,0.24,0,-0.9115513654614409,0.17799011237512652
RN7SL69P,Pseudogene,RN7SL,1.2514557750853033,0.0054999998537823,0.56,0,0.7795172874505336,0.12601499946153405
RN7SL700P,Pseudogene,RN7SL,1.3822826803524466,0.30799999833107,0,0,-0.23757820488921846,0.08196969131669019
RN7SL703P,Pseudogene,RN7SL,1.2191503212346084,0.214000001549721,0.08,0,-0.10128215623777193,0.059999431079335
RN7SL704P,Pseudogene,RN7SL,1.305704789020924,-0.0980000011622906,0.18,0,0.25932937056707606,0.12608343652749743
RN7SL705P,Pseudogene,RN7SL,1.0751087513852364,0.30799999833107,0,0,-0.3441628462196469,0.07212013637996609
RN7SL706P,Pseudogene,RN7SL,1.1776349284140708,0.30799999833107,0.19,0,-0.481059946097016,0.08454913617135816
RN7SL708P,Pseudogene,RN7SL,1.0222798932646855,0.108000002801418,1.3,0,-0.7249988907592825,0.11372544956652712
RN7SL709P,Pseudogene,RN7SL,1.1230751418316545,0.256999999284744,7.33,0,1.1358894555898598,0.1261027170362525
RN7SL70P,Pseudogene,RN7SL,1.1961474849848983,0.266000002622604,0.2,0,-0.6196324498689185,0.15813199908628733
RN7SL711P,Pseudogene,RN7SL,1.289466683549774,0.30799999833107,0.66,0,-1.000831932919202,0.19139627845042195
RN7SL712P,Pseudogene,RN7SL,1.150291181552036,0.197999998927116,0.06,0,0.8823408706407299,0.12617366026699506
RN7SL713P,Pseudogene,RN7SL,1.288158829983737,0.13849999755621,1.24,0,-0.4559296781522597,0.09653999633918156
RN7SL714P,Pseudogene,RN7SL,1.445319147448196,0.30799999833107,0,0,0.9878357565783814,0.12592619606964953
RN7SL715P,Pseudogene,RN7SL,1.3237890973215738,0.305000007152557,2.19,0,-0.2655338105904869,0.08944340587065176
RN7SL716P,Pseudogene,RN7SL,1.257173666229464,0.30799999833107,0.29,0,3.547293392739257,0.1267107700887083
RN7SL717P,Pseudogene,RN7SL,0.5379720558602115,0.30799999833107,0.37,0,1.228501199399754,0.12652862109755392
RN7SL718P,Pseudogene,RN7SL,1.6392747298349148,0.160999998450279,0.34,0,4.742707013020434,0.1269720692633657
RN7SL720P,Pseudogene,RN7SL,1.3596643571415514,0.130999997258186,5.2,0,1.6723015334154707,0.12614168334068868
RN7SL724P,Pseudogene,RN7SL,0.7305734745433596,-0.194999992847443,0.98,0,1.1151182065022522,0.1264055485908565
RN7SL726P,Pseudogene,RN7SL,1.2429994156741064,-0.204999998211861,0.92,0,0.5924252025449657,0.12603950732432148
RN7SL727P,Pseudogene,RN7SL,0.7627460736179041,-0.113500002771616,0.17,0,0.7391916880374574,0.12634450071600845
RN7SL728P,Pseudogene,RN7SL,1.1693875188144032,0.30799999833107,5.34,0,1.1836980513640074,0.1261614452746147
RN7SL72P,Pseudogene,RN7SL,1.084639312235377,0.252000004053116,0,0,-0.4327422380384735,0.057186707868279826
RN7SL732P,Pseudogene,RN7SL,1.0188722936204702,-0.117999996989965,0,0,-0.717448874175977,0.11773898922020039
RN7SL733P,Pseudogene,RN7SL,1.330249126100227,0.303000003099442,0.13,0,1.6246612659113369,0.12614276326026724
RN7SL734P,Pseudogene,RN7SL,1.2238589555004884,0.30799999833107,0.08,0,-0.12075792453124323,0.07778764561311267
RN7SL735P,Pseudogene,RN7SL,1.296587951486199,0.30799999833107,15.29,0,1.3626839342894164,0.1259992273165396
RN7SL736P,Pseudogene,RN7SL,1.2525001581765665,-0.188999995589256,0.71,0,0.32522753529090687,-0.025959532455639676
RN7SL737P,Pseudogene,RN7SL,1.145492303030751,0.140000000596046,15.23,0,-0.5372438483044215,0.10539395311655836
RN7SL738P,Pseudogene,RN7SL,1.1227242904908763,-0.25900000333786,15.18,0,0.5344200066999847,0.1261441608177319
RN7SL73P,Pseudogene,RN7SL,1.199159761160456,0.237000003457069,0,0,3.167380295658176,0.12659668901104748
RN7SL740P,Pseudogene,RN7SL,1.353021478711116,0.30799999833107,0.07,0,1.709735490587956,0.12627812316141074
RN7SL741P,Pseudogene,RN7SL,1.1417843806300487,-0.0850000008940697,0,0,0.8377158421048646,0.12605247062628733
RN7SL743P,Pseudogene,RN7SL,1.375384349991025,-0.149000003933907,1.79,0,-0.960579318005845,0.14040300999011587
RN7SL744P,Pseudogene,RN7SL,1.2358639925171688,0.291999995708466,1.12,0,4.240362080674144,0.12692681413938928
RN7SL745P,Pseudogene,RN7SL,1.0687471611403534,0.287999987602234,4.15,0,1.4379749768247339,0.1262178200263612
RN7SL748P,Pseudogene,RN7SL,1.3737352979609525,-0.0799999982118607,0.18,0,0.16892156302911315,0.1258979847458099
RN7SL749P,Pseudogene,RN7SL,1.3055299373585176,0.30799999833107,4.69,0,-0.5738425055130705,0.11066310271498671
RN7SL74P,Pseudogene,RN7SL,0.7086258351039298,0.301999986171722,1.19,0,1.2730688717837204,0.12641896068181424
RN7SL750P,Pseudogene,RN7SL,1.546989063079209,0.111999999731779,0.8,0,3.440701747351667,0.12665180220605443
RN7SL751P,Pseudogene,RN7SL,0.9539697371446464,0.282000005245209,6.79,0,0.44559268303209126,-0.028442796854846908
RN7SL752P,Pseudogene,RN7SL,0.9561004655846193,-0.167999997735023,14.25,0,-0.46208250842706705,0.07876221949912052
RN7SL753P,Pseudogene,RN7SL,0.6228216214921369,0.230000004172325,0.49,0,-0.0374547737043384,0.013322108024504387
RN7SL754P,Pseudogene,RN7SL,1.6844821327371922,0.231000006198883,1.5,0,-0.401963618586764,0.13454406480646636
RN7SL756P,Pseudogene,RN7SL,1.4386214118708298,0.252000004053116,0.09,0,0.7281775211650667,0.12596706388768356
RN7SL757P,Pseudogene,RN7SL,1.119343995181051,-0.170000001788139,0.5,0,0.5705764957914119,0.12613771852247865
RN7SL75P,Pseudogene,RN7SL,1.3473440634660858,0.30799999833107,5.64,0,1.1145328248553346,0.12599435968398506
RN7SL760P,Pseudogene,RN7SL,1.4408295061299576,-0.158999994397163,4.35,0,-0.55044971695110545,0.10924175007180247
RN7SL761P,Pseudogene,RN7SL,1.3493894012959138,0.214000001549721,0,0,-0.32603556528987193,0.09125681413527408
RN7SL762P,Pseudogene,RN7SL,0.6490142795160276,-0.104000002145767,0,0,0.9564214030406895,0.12643145318360768
RN7SL764P,Pseudogene,RN7SL,0.971588328309412,0.291000008583069,0.02,0,1.470500081273328,0.12644258477841994
RN7SL766P,Pseudogene,RN7SL,1.360145052163249,0.30799999833107,0,0,-0.39140664117145574,0.12497559654830552
RN7SL767P,Pseudogene,RN7SL,0.8595263185781316,0.146999999880791,2.16,0,-0.2642680294284495,0.061668933380344335
RN7SL769P,Pseudogene,RN7SL,1.3422739769576302,0.211999997496605,13.02,0,1.5889409938569063,0.12585855070267807
RN7SL76P,Pseudogene,RN7SL,1.310047341986056,0.291999995708466,0.73,0,-0.9117155087426059,0.15227047004529667
RN7SL771P,Pseudogene,RN7SL,1.107300959738537,0.199000000953674,1.35,0,1.3873136122135388,0.12611304390369574
RN7SL775P,Pseudogene,RN7SL,1.2611852660480656,0.301999986171722,1.74,0,2.2503794441289546,0.12629301641665716
RN7SL776P,Pseudogene,RN7SL,0.868357068426537,0.30799999833107,0,0,-0.08965136442903779,0.037430674756034205
RN7SL778P,Pseudogene,RN7SL,1.391710318420982,0.305000007152557,1.35,0,-0.7194385383828952,0.14455218830536232
RN7SL77P,Pseudogene,RN7SL,0.968779314435048,-0.276500001549721,0.33,0,-0.39688734000520676,0.07832733193279763
RN7SL782P,Pseudogene,RN7SL,1.3940970622358009,-0.101999998092651,0,0,-0.056298292015788745,0.126027050304373
RN7SL783P,Pseudogene,RN7SL,1.5001517461189344,0.30799999833107,0.06,0,-0.6154739094939706,0.13163837487998878
RN7SL784P,Pseudogene,RN7SL,1.4726523382672263,0.261000007390976,1.09,0,4.799467237115711,0.12696948658785287
RN7SL785P,Pseudogene,RN7SL,0.8237379305231971,0.0309999994933605,0.67,0,2.4624680909858614,0.1266137383719114
RN7SL786P,Pseudogene,RN7SL,1.177235757195708,0.30799999833107,11.34,0,0.7207670538747598,0.12603098369821703
RN7SL788P,Pseudogene,RN7SL,1.2200966404474127,0.30799999833107,4.39,0,0.6712517603239951,0.1261045460362751
RN7SL789P,Pseudogene,RN7SL,1.2328892166055954,0.291999995708466,0.54,0,1.7664666614120978,0.1258715963824515
RN7SL78P,Pseudogene,RN7SL,1.1124859239628233,0.30799999833107,0,0,-0.20670562661264222,0.05479417678504095
RN7SL790P,Pseudogene,RN7SL,1.0023987635527811,0.190500006079674,0.12,0,1.2823166086209623,0.12619297225783338
RN7SL791P,Pseudogene,RN7SL,1.2834023113015938,-0.130999997258186,0.16,0,-0.3405509617366792,0.065813416195392
RN7SL792P,Pseudogene,RN7SL,1.2754884152625854,0.305999994277954,0.3,0,-0.18744883653772818,0.10090152873474581
RN7SL793P,Pseudogene,RN7SL,1.3964120424697015,0.30799999833107,0.68,0,-0.31582978147076646,0.08425170563691979
RN7SL794P,Pseudogene,RN7SL,1.2405100977521957,-0.0725000016391277,0.14,0,1.0478452407279042,0.1260495191303343
RN7SL795P,Pseudogene,RN7SL,1.133175181492786,0.305000007152557,0.77,0,0.8718904524516881,0.12615675075101826
RN7SL797P,Pseudogene,RN7SL,1.1695044692613294,-0.203999996185303,0.17,0,0.7116092206864204,0.12608242880167103
RN7SL798P,Pseudogene,RN7SL,1.1078043663647514,-0.185000002384186,9.21,0,0.7872839153550235,0.12607501746472274
RN7SL799P,Pseudogene,RN7SL,1.014054563128976,0.033500000834465,0.23,0,-0.4109858515247008,0.06607725375845994
RN7SL79P,Pseudogene,RN7SL,1.221688565234576,0.30799999833107,0.27,0,1.8976261189427845,0.12620228837918182
RN7SL7P,Pseudogene,RN7SL,1.165579957619513,-0.111000001430511,0.06,0,-0.6575351767073784,0.13812013563587594
RN7SL800P,Pseudogene,RN7SL,1.364561107527415,0.30799999833107,6.41,0,0.2878459819915549,0.12604787499816061
RN7SL801P,Pseudogene,RN7SL,1.1501418124854796,0.214000001549721,9.94,0,-0.22692579045330558,0.05969180508754509
RN7SL802P,Pseudogene,RN7SL,1.277849866580857,0.305000007152557,0,0,0.5638178998015883,0.12611610415353552
RN7SL803P,Pseudogene,RN7SL,1.0069547764164404,0.305000007152557,0.23,0,1.0009132291510106,0.1261371867125503
RN7SL804P,Pseudogene,RN7SL,1.1306125588909273,0.30799999833107,0.32,0,1.0010686447760873,0.12613961087711717
RN7SL806P,Pseudogene,RN7SL,1.2809806399483663,0.0719999969005585,0.79,0,-0.4497514860468936,0.10697145783103265
RN7SL807P,Pseudogene,RN7SL,0.8654333072533837,0.0549999997019768,0,0,-0.04833510883508659,0.03702488647551202
RN7SL808P,Pseudogene,RN7SL,0.8944949066066,0.30799999833107,0,0,-0.22020738625803654,0.042527680565861564
RN7SL809P,Pseudogene,RN7SL,1.321540050265302,0.219999998807907,4.93,0,0.6823905740136115,0.12603381350699872
RN7SL810P,Pseudogene,RN7SL,1.3214129302142956,0.305000007152557,0.14,0,-0.41453049111884116,0.12310509953900368
RN7SL811P,Pseudogene,RN7SL,1.736714136853074,0.180999994277954,0.34,0,4.86248558201413,0.12693654716891492
RN7SL812P,Pseudogene,RN7SL,1.0955616060435165,0.214000001549721,4.27,0,-0.6132349794816465,0.10094040762228415
RN7SL813P,Pseudogene,RN7SL,0.8468782716810044,-0.103000000119209,0.07,0,0.7741676039144868,0.1263157706720207
RN7SL814P,Pseudogene,RN7SL,1.238856084288526,-0.164000004529953,0.58,0,0.38871901478731263,0.1261155496621408
RN7SL815P,Pseudogene,RN7SL,1.065983159861542,-0.14750000089407,0.26,0,0.7398225283004376,0.12617186172138023
RN7SL817P,Pseudogene,RN7SL,1.025143761336884,-0.0319999996572733,0.77,0,-0.49100033373916424,0.07551972327077007
RN7SL819P,Pseudogene,RN7SL,1.19640307205434,0.209000006318092,0,0,3.9214459363557284,0.12675645525416465
RN7SL820P,Pseudogene,RN7SL,0.7667099199485142,-0.104000002145767,0.18,0,0.9436245900408275,0.12635298045042714
RN7SL822P,Pseudogene,RN7SL,1.4081465974484384,-0.115499999374151,0,0,-0.20484607782132927,0.07136774304035978
RN7SL823P,Pseudogene,RN7SL,1.0714643149398626,0.294999986886978,0.46,0,1.6926323541660966,0.1261437187053332
RN7SL824P,Pseudogene,RN7SL,0.6549225027863445,0.284000009298325,0,0,1.3235328524924448,0.1264490331491512
RN7SL825P,Pseudogene,RN7SL,1.2245306456455574,0.30799999833107,0.2,0,1.3942916127269283,0.1261101328913447
RN7SL826P,Pseudogene,RN7SL,1.1336883948902012,0.305000007152557,0.19,0,-0.4849929809336098,0.10559733612763993
RN7SL827P,Pseudogene,RN7SL,1.3025356026398056,0.193000003695488,2.01,0,0.7205254850255604,0.1260856352753479
RN7SL828P,Pseudogene,RN7SL,1.2953709403590583,0.214000001549721,0,0,1.8170176990503328,0.12608315069622344
RN7SL82P,Pseudogene,RN7SL,1.5242048120904617,-0.0189999993890524,0.2,0,-0.07453495200719926,0.06303858735165428
RN7SL831P,Pseudogene,RN7SL,0.6859748628322487,0.30799999833107,0,0,0.7133674790181241,0.12645210481726565
RN7SL833P,Pseudogene,RN7SL,0.9050482121628696,0.214000001549721,2.34,0,1.6264971219789501,0.12635946950057658
RN7SL834P,Pseudogene,RN7SL,0.765125808543662,-0.171499997377396,7.06,0,-0.31977417730240026,0.026112287385313238
RN7SL835P,Pseudogene,RN7SL,1.4980816600335676,0.199000000953674,0.62,0,3.8026845727300396,0.12680102250393846
RN7SL836P,Pseudogene,RN7SL,1.3729429325122275,0.195999994874001,4.3,0,1.376734929121865,0.1261300259081139
RN7SL837P,Pseudogene,RN7SL,0.7503573274208404,0.217999994754791,0.07,0,-0.28912415428126303,0.03635467676302047
RN7SL838P,Pseudogene,RN7SL,1.4011456426136666,-0.184000000357628,15.21,0,-1.197576386465868,0.196285680221783
RN7SL83P,Pseudogene,RN7SL,1.111029245798263,-0.216999992728233,0.37,0,-0.4754074834824759,0.0677981549049803
RN7SL840P,Pseudogene,RN7SL,1.1985773620535298,0.30799999833107,0.08,0,-0.5862933514320464,0.1656954795146008
RN7SL841P,Pseudogene,RN7SL,1.1344193351834897,0.347000002861023,0,0,-0.5522784633705278,0.08266979945407261
RN7SL842P,Pseudogene,RN7SL,1.4125274979738336,0.28099998831749,1.09,0,-0.7720833623120444,0.21364676573030217
RN7SL843P,Pseudogene,RN7SL,1.0876391564130363,-0.33500000834465,0.05,0,-0.5675926053309867,0.10642546549510662
RN7SL845P,Pseudogene,RN7SL,1.0779604987363909,0.305000007152557,0.1,0,1.3036559875605116,0.12608329207039787
RN7SL846P,Pseudogene,RN7SL,1.320378556100625,-0.0640000030398369,0.85,0,0.11607168064576427,0.12602273040641576
RN7SL847P,Pseudogene,RN7SL,1.6209331943962024,0.209999993443489,0.21,0,3.9067403014847484,0.1268663652402152
RN7SL849P,Pseudogene,RN7SL,1.7426013034186776,0.305000007152557,0.19,0,-0.15599756437123188,0.09724782487785429
RN7SL851P,Pseudogene,RN7SL,1.3182978596574488,0.270999997854233,2.44,0,1.203727930493947,0.1261961202918455
RN7SL853P,Pseudogene,RN7SL,1.7445020926237156,-0.0900000035762787,0.03,0,0.3864783382514536,0.004463205067879254
RN7SL854P,Pseudogene,RN7SL,1.047915648677448,0.231000006198883,0.17,0,0.33889619801571613,0.12622301617163031
RN7SL856P,Pseudogene,RN7SL,1.177235757195708,-0.151999995112419,0.31,0,0.5668087597632303,0.1260439399717803
RN7SL860P,Pseudogene,RN7SL,1.2616488348439372,0.0520000010728836,0,0,-0.5098845802011808,0.06135114015613759
RN7SL861P,Pseudogene,RN7SL,1.4015587771094984,0.30799999833107,5.61,0,-0.30997684423165073,0.08466907652084588
RN7SL862P,Pseudogene,RN7SL,1.1189567593147325,0.305000007152557,0.19,0,-0.6545900178163245,0.11712758631306887
RN7SL863P,Pseudogene,RN7SL,0.7627460736179041,-0.0614999998360872,0.38,0,0.36171388195090254,0.12640382806649056
RN7SL864P,Pseudogene,RN7SL,1.267496633212068,0.305000007152557,0.37,0,-0.3238600624426039,0.067699133993364
RN7SL865P,Pseudogene,RN7SL,1.129765597676048,0.305000007152557,0.59,0,1.102499755174231,0.12610302590983027
RN7SL868P,Pseudogene,RN7SL,1.2609805614114729,-0.177000001072884,0,0,-1.0660258945513268,0.18785881208562738
RN7SL869P,Pseudogene,RN7SL,1.088340859094593,0.305000007152557,0,0,-0.2609774587602539,0.09381796450061056
RN7SL870P,Pseudogene,RN7SL,0.8331534034903261,0.284000009298325,0.07,0,0.91049033392547,0.12640622523798364
RN7SL87P,Pseudogene,RN7SL,1.3507776619968357,-0.0824999995529652,0,0,-0.4741847524633262,0.09567791324860292
RN7SL88P,Pseudogene,RN7SL,1.2429994156741064,0.248999997973442,4.09,0,1.5332586679316664,0.12621178462431426
RN7SL89P,Pseudogene,RN7SL,1.3500957954334851,0.405000001192093,0,0,-0.28580952009632066,0.1258899049662019
RN7SL8P,Pseudogene,RN7SL,1.305800102897048,0.211999997496605,1.86,0,-0.3087801760581034,0.0765469957633813
RN7SL91P,Pseudogene,RN7SL,0.7877878558921161,0.0140000004321337,0,0,1.0078283845195526,0.1263521767050113
RN7SL93P,Pseudogene,RN7SL,0.8061198723959662,0.263999998569489,0.7,0,-0.10370804584760747,0.028516124528333003
RN7SL97P,Pseudogene,RN7SL,1.2313825987051896,0.30799999833107,0,0,1.1609653550993682,0.12597603157812093
RN7SL98P,Pseudogene,RN7SL,1.3893713094824591,-0.0450000017881393,0,0,0.8363771795590867,0.1260188525608379
RNU7-102P,Pseudogene,RNU7,1.1764837701262758,0.0915000028908253,0,0,0.4033032189617349,-0.021862419121614653
RNU7-103P,Pseudogene,RNU7,0.7525761259696655,-0.16499999910593,0,0,0.30182056526799567,-0.05355313548157359
RNU7-104P,Pseudogene,RNU7,0.7914140370469704,-0.150999993085861,0,0,0.3083117414186759,-0.050906601840853605
RNU7-105P,Pseudogene,RNU7,0.7282994767448375,0.0195000004023313,0,0,0.35382025377712706,-0.04934555969366597
RNU7-106P,Pseudogene,RNU7,1.5552663912117082,0.347000002861023,0,0,0.5011215825242261,0.006167096510336602
RNU7-107P,Pseudogene,RNU7,1.3665947306384845,-0.0750000029802322,0,0,0.3662118584195205,-0.01623198456099741
RNU7-10P,Pseudogene,RNU7,1.4886121173026348,-0.124000001698732,0,0,-0.13003255712806275,0.05736668460858146
RNU7-110P,Pseudogene,RNU7,0.5042073300541183,-0.176500000059605,0,0,0.2827316124598985,-0.06821051075365046
RNU7-111P,Pseudogene,RNU7,0.9523916234355566,-0.0514999991282821,0,0,0.2981130543597737,-0.0280010845648605
RNU7-113P,Pseudogene,RNU7,1.3445528801443154,0.329500004649162,0,0,0.48274145210077896,-0.005729270373101828
RNU7-115P,Pseudogene,RNU7,0.9472986201016766,0.157000005245209,0,0,1.1312728011404924,0.12628750976103
RNU7-116P,Pseudogene,RNU7,0.7282994767448375,-0.267000004649162,0,0,0.27072445377201326,-0.0580554408575651
RNU7-119P,Pseudogene,RNU7,0.9372742960794368,-0.101999998092651,0,0,0.331613991592823,-0.041114323413942326
RNU7-11P,Pseudogene,RNU7,0.8403455500901972,0.28099998831749,0,0,0.43757123651692054,-0.03495712643980866
RNU7-120P,Pseudogene,RNU7,1.0475418603240765,-0.219999998807907,0,0,0.30374536922769957,-0.03840359807845034
RNU7-121P,Pseudogene,RNU7,0.7843225134175172,-0.203000001609325,0,0,0.2927654603896377,-0.052895377348414895
RNU7-123P,Pseudogene,RNU7,1.2156998957971517,-0.256999999284744,0,0,-0.2995817769419576,0.06620896074671981
RNU7-124P,Pseudogene,RNU7,1.2325068067989555,0.30799999833107,1.7,0,0.47009417768562,-0.012311176497979618
RNU7-125P,Pseudogene,RNU7,1.456598953489675,0.0900000035762787,0,0,-0.5969669012533458,0.12524895765839403
RNU7-126P,Pseudogene,RNU7,1.5126219901623548,0.0870000012218952,0,0,0.7351851370885323,0.12602320286423804
RNU7-127P,Pseudogene,RNU7,1.0644376967809164,0.189500004053116,0,0,0.42540243118750876,-0.02507570012290059
RNU7-128P,Pseudogene,RNU7,1.0084146601082369,-0.160999998450279,0.57,0,0.25030322741039607,-0.02254891127461913
RNU7-129P,Pseudogene,RNU7,1.3445528801443154,0.293000012636185,0,0,0.47219191965543633,-0.006777223235128067
RNU7-12P,Pseudogene,RNU7,1.6246680635077144,-0.190499998629093,0,0,0.5894049990353042,0.12592550329529142
RNU7-130P,Pseudogene,RNU7,0.6722764400721577,0.30799999833107,0,0,0.43378897583620535,-0.044078862961854995
RNU7-133P,Pseudogene,RNU7,1.0084146601082369,-0.255499996244907,0,0,0.29090655186629316,-0.04166951897754481
RNU7-134P,Pseudogene,RNU7,1.248263285863147,-0.195499993860722,0,0,0.32302487748053893,-0.02638885589619725
RNU7-136P,Pseudogene,RNU7,1.2584885049659955,0.194999992847443,0,0,0.4385880373729774,-0.014285031283172723
RNU7-137P,Pseudogene,RNU7,1.4005759168169951,0.29899999499321,0,0,0.4774129023133236,-0.0035823356263689813
RNU7-138P,Pseudogene,RNU7,1.0311740187565128,0.277999997138977,0,0,0.5031863717355468,0.12625934349931972
RNU7-13P,Pseudogene,RNU7,0.6162534033994779,0.0620000008493662,0.38,0,0.3588411964431278,-0.05449327893450971
RNU7-140P,Pseudogene,RNU7,1.3893713094824591,0.215000003576279,1.51,0,0.3638633882050701,0.010478390133584876
RNU7-141P,Pseudogene,RNU7,1.0084146601082369,-0.210500001907349,0,0,0.30410701671002655,-0.040341232872341384
RNU7-143P,Pseudogene,RNU7,0.961872445026318,0.214000001549721,0.57,0,-0.08436473154440019,0.041405911929380784
RNU7-144P,Pseudogene,RNU7,1.371090108041901,0.291999995708466,0,0,0.4735686380752444,-0.005372903523595186
RNU7-147P,Pseudogene,RNU7,0.6722764400721577,-0.10249999910593,0,0,0.31485569678707254,-0.05625829064243659
RNU7-148P,Pseudogene,RNU7,0.6722764400721577,0.30799999833107,0,0,0.4337889758362073,-0.04407886296186233
RNU7-149P,Pseudogene,RNU7,1.3540483100888374,0.0480000004172325,0.79,0,0.47975111528851894,0.12606198334932142
RNU7-14P,Pseudogene,RNU7,1.120460733453596,0.272000014781952,0,0,-0.058832176587706814,0.08372210579292283
RNU7-151P,Pseudogene,RNU7,1.1141185028868776,-0.172999992966652,1.45,0,0.32167924267514064,-0.03324782086514053
RNU7-152P,Pseudogene,RNU7,1.0854463355331714,0.326499998569489,0,0,0.4674854087652491,-0.01954501470722501
RNU7-153P,Pseudogene,RNU7,1.5686450268350345,-0.238000005483627,0,0,0.33193457441407326,-0.009507868790068699
RNU7-154P,Pseudogene,RNU7,1.2325068067989555,-0.160499997437,1.89,0,0.33249886485873437,-0.02623632723971959
RNU7-155P,Pseudogene,RNU7,1.2680769888133556,0.30799999833107,0,0,0.4720870426534867,-0.010431463480280645
RNU7-156P,Pseudogene,RNU7,1.5958994771082302,-0.0279999990016222,0,0,0.39472398068504655,-0.0021292015091976335
RNU7-157P,Pseudogene,RNU7,1.0525540223351963,0.300999999046326,0,0,0.4576578831195707,-0.022269712817385764
RNU7-159P,Pseudogene,RNU7,1.2325068067989555,0.30799999833107,0,0,0.4700941883078275,-0.012311175860328526
RNU7-160P,Pseudogene,RNU7,0.8403455500901972,-0.283000007271767,0,0,0.27300663865305813,-0.052120631282901335
RNU7-161P,Pseudogene,RNU7,0.8403455500901972,-0.0494999997317791,1.26,0,0.3408976612329664,-0.04503995102390604
RNU7-164P,Pseudogene,RNU7,0.8403455500901972,0.303000003099442,0,0,0.4439556288547652,-0.03427633518597025
RNU7-165P,Pseudogene,RNU7,1.2735903670255877,-0.172499999403954,0,0,0.33141547552028183,-0.02429265451669823
RNU7-167P,Pseudogene,RNU7,0.9523916234355566,0.194999992847443,0,0,0.419858969823239,-0.031222645143338525
RNU7-169P,Pseudogene,RNU7,1.195770389308674,-0.119999997317791,0,0,0.3422517169970126,-0.02709405753557152
RNU7-170P,Pseudogene,RNU7,1.195770389308674,0.30799999833107,0,0,0.8843197962476274,0.12622856037810107
RNU7-171P,Pseudogene,RNU7,0.9523916234355566,-0.196999996900558,0.57,0,0.30468975890197114,-0.043120789926092286
RNU7-172P,Pseudogene,RNU7,0.868357068426537,0.347000002861023,0,0,0.4589879018722108,-0.03114349843276006
RNU7-173P,Pseudogene,RNU7,1.599605126048884,0.305999994277954,0,0,0.49205080089318215,0.007418778869705586
RNU7-174P,Pseudogene,RNU7,1.1185616474646918,0.0089999996125698,0,0,0.3754277858852979,-0.027573831447015223
RNU7-175P,Pseudogene,RNU7,1.138828942198737,0.252000004053116,0,0,0.4483852915695557,-0.019034071216001657
RNU7-176P,Pseudogene,RNU7,1.4005759168169951,0.137499995529652,0,0,0.7438730951435033,0.12606530146881886
RNU7-179P,Pseudogene,RNU7,1.0215965510900435,0.118000000715256,0,0,1.289405728939121,0.12626734424458694
RNU7-180P,Pseudogene,RNU7,1.433478335180315,-0.0469999983906746,0,0,-0.11009802917811332,0.055965472987111985
RNU7-181P,Pseudogene,RNU7,0.938764398298959,0.306500002741814,0,0,0.451806612984152,-0.028546131995689453
RNU7-183P,Pseudogene,RNU7,0.560230366726798,0.30799999833107,0,0,0.42612195603902925,-0.05060047029117723
RNU7-185P,Pseudogene,RNU7,1.4472617807108952,0.30799999833107,0,0,0.48301408335399687,-7.987006074686376e-4
RNU7-186P,Pseudogene,RNU7,0.7167391675901575,-0.108000002801418,0.55,0,0.3160993503787959,-0.053864244404731594
RNU7-187P,Pseudogene,RNU7,1.1748360337535502,-0.151500001549721,0,0,0.33167330662524586,-0.02920169805755978
RNU7-188P,Pseudogene,RNU7,1.3025356026398056,0.30799999833107,0,0,0.4740713516670088,-0.008592691248804246
RNU7-18P,Pseudogene,RNU7,1.120460733453596,0.282000005245209,0,0,0.3713485241646288,-0.00466024154488758
RNU7-190P,Pseudogene,RNU7,0.8541217066490528,-0.11599999666214,0,0,0.32238345712409366,-0.04626715107555453
RNU7-192P,Pseudogene,RNU7,0.9110631537589896,-0.0070000002160668,0,0,0.35775112192397435,-0.03973420490492855
RNU7-193P,Pseudogene,RNU7,1.1756218772543887,0.214000001549721,0,0,0.7442804367131424,0.12616510456334085
RNU7-194P,Pseudogene,RNU7,0.7167391675901575,-0.0700000002980232,0,0,-0.04611320421992397,0.007737892078931207
RNU7-195P,Pseudogene,RNU7,1.120460733453596,-0.207000002264977,0,0,-0.3298934735640588,0.07965231316114559
RNU7-196P,Pseudogene,RNU7,0.8403455500901972,0.30799999833107,0,0,0.4454013795712345,-0.03411842889273725
RNU7-19P,Pseudogene,RNU7,1.473575631269275,0.28600001335144,0.25,0,-0.10285769107921731,0.07668231209669814
RNU7-200P,Pseudogene,RNU7,0.8963685867628769,-0.105999998748302,0,0,0.32791648089049463,-0.04355696156112485
RNU7-20P,Pseudogene,RNU7,1.120460733453596,-0.11599999666214,1.7,0,0.33881909362344326,-0.031198041064345754
RNU7-22P,Pseudogene,RNU7,1.3096532835285477,0.279000014066696,0,0,0.4660727413586905,-0.009053718863206486
RNU7-23P,Pseudogene,RNU7,1.456598953489675,0.30799999833107,0,0,0.4836070060218589,-2.9202047179166925e-4
RNU7-24P,Pseudogene,RNU7,1.120460733453596,0.0010000000474974,0,0,0.3731995131634714,-0.027706282025591108
RNU7-26P,Pseudogene,RNU7,1.157809424568716,0.271500006318092,0,0,0.45524679779399174,-0.017393188133645664
RNU7-27P,Pseudogene,RNU7,1.5686450268350345,-0.488999992609024,0,0,0.2612013246699836,-0.01625795716027453
RNU7-28P,Pseudogene,RNU7,1.456598953489675,-0.12899999320507,0,0,0.35614562682145107,-0.012762198138377938
RNU7-29P,Pseudogene,RNU7,0.7055401180965614,-0.24099999666214,0,0,0.27684131314674443,-0.0585686011699459
RNU7-2P,Pseudogene,RNU7,0.7843225134175172,-0.266999989748001,0,0,0.2741965341486648,-0.054839703225528925
RNU7-30P,Pseudogene,RNU7,0.9523916234355566,0.294999986886978,0,0,0.4493197703061169,-0.02812917296683468
RNU7-34P,Pseudogene,RNU7,1.3025356026398056,0.347000002861023,0,0,0.4851747490866294,-0.007493081701933748
RNU7-35P,Pseudogene,RNU7,1.1764837701262758,0.305000007152557,0,0,0.4662049584716311,-0.015333357691281517
RNU7-37P,Pseudogene,RNU7,0.8104665971981012,0.305000007152557,0,0,0.3765832045657503,-0.02544479967213487
RNU7-38P,Pseudogene,RNU7,1.3314808382540235,0.327500000596046,0,0,0.009249427931516053,0.0531590436115056
RNU7-3P,Pseudogene,RNU7,1.4005759168169951,-0.0105000003241002,2.38,0,0.3872212979241315,-0.012486700450375627
RNU7-40P,Pseudogene,RNU7,1.3025356026398056,0.319999992847443,4.76,0,0.288508678654154,0.025023541399827636
RNU7-43P,Pseudogene,RNU7,1.248263285863147,0.30799999833107,0,0,-0.02282539678902283,0.07119149707819397
RNU7-45P,Pseudogene,RNU7,0.6616053854678376,0.305000007152557,0,0,0.3680338783059361,-0.0014772712860468419
RNU7-46P,Pseudogene,RNU7,0.6722764400721577,0.306500002741814,0,0,0.43334500307445134,-0.04412094646648814
RNU7-47P,Pseudogene,RNU7,0.9523916234355566,0.305000007152557,0,0,0.45225013843758854,-0.027819877642927364
RNU7-48P,Pseudogene,RNU7,1.3232107709356753,0.282000005245209,0,0,0.3935847436053432,0.0054697797153703525
RNU7-49P,Pseudogene,RNU7,1.6246680635077144,-0.151999995112419,0,0,0.30882872535404493,0.013177856587009498
RNU7-4P,Pseudogene,RNU7,0.8403455500901972,-0.143500000238419,0,0,0.1978812465005465,-0.022178105387582022
RNU7-50P,Pseudogene,RNU7,1.4005759168169951,-0.140000000596046,0,0,0.2942613214071062,-1.413618515826022e-4
RNU7-51P,Pseudogene,RNU7,1.2325068067989555,0.284000009298325,0,0,0.4631084870136204,-0.013026306399007556
RNU7-52P,Pseudogene,RNU7,1.1026756424463962,-0.389500007033348,0,0,-0.47699975520616117,0.08564225358132722
RNU7-53P,Pseudogene,RNU7,1.3893713094824591,-0.25900000333786,0,0,0.31348307487907084,-0.020281495896356215
RNU7-54P,Pseudogene,RNU7,0.7282994767448375,-0.217999994754791,0,0,0.2849151229493962,-0.056560403700958904
RNU7-55P,Pseudogene,RNU7,1.2885298434716357,0.0070000002160668,0,0,0.3853216663691218,-0.018189321929757363
RNU7-56P,Pseudogene,RNU7,0.4481842933814384,0.194999992847443,0,0,1.0345590201024304,0.126578621537605
RNU7-57P,Pseudogene,RNU7,0.6946856547412297,0.30799999833107,4.18,0,0.4352828894600977,-0.042771615073341304
RNU7-59P,Pseudogene,RNU7,1.138828942198737,0.152999997138977,0,0,0.4191638566347395,-0.022069549677344924
RNU7-60P,Pseudogene,RNU7,1.2885298434716357,-0.177000001072884,0,0,0.3310144069237709,-0.023587585315724045
RNU7-62P,Pseudogene,RNU7,0.9523916234355566,0.217999994754791,0,0,0.4266560798859765,-0.03051454954410195
RNU7-63P,Pseudogene,RNU7,1.456598953489675,0.30799999833107,0,0,0.4836070060218535,-2.920204717904731e-4
RNU7-65P,Pseudogene,RNU7,0.7843225134175172,0.257999999448657,0,0,0.42692492337465376,-0.03894428876122274
RNU7-66P,Pseudogene,RNU7,1.5686450268350345,0.300999999046326,0,0,0.4886332099198469,0.005592867250675041
RNU7-67P,Pseudogene,RNU7,1.3445528801443154,0.303000003099442,0,0,-0.06058708671262964,0.05557930344708709
RNU7-69P,Pseudogene,RNU7,0.8403455500901972,0.218500003218651,0,0,-0.23711374264195148,0.04645739061055885
RNU7-6P,Pseudogene,RNU7,0.7843225134175172,0.214000001549721,0,0,0.058971860827310464,0.02354932309690926
RNU7-70P,Pseudogene,RNU7,1.157809424568716,-0.0729999989271164,0,0,0.3537602068223602,-0.02782351211866412
RNU7-71P,Pseudogene,RNU7,1.2735903670255877,-0.189500004053116,0,0,0.32635756047777403,-0.02479147026756882
RNU7-73P,Pseudogene,RNU7,0.9372742960794368,0.30799999833107,0,0,0.4521557616253219,-0.02857065471687533
RNU7-74P,Pseudogene,RNU7,1.2325068067989555,0.28099998831749,0,0,0.4622336046942498,-0.013115558861110233
RNU7-75P,Pseudogene,RNU7,1.6806911001803944,-0.280000001192093,1.4,0,0.3272368757610068,-0.004321905434528559
RNU7-79P,Pseudogene,RNU7,1.2325068067989555,-0.0665000006556511,0,0,0.3603041810699339,-0.023453109306031613
RNU7-7P,Pseudogene,RNU7,1.0644376967809164,-0.22350000590086,0,0,0.3037846440604882,-0.037548640429554365
RNU7-80P,Pseudogene,RNU7,1.594360519078232,-0.256000012159348,0,0,0.3286569701865837,-0.008534854295828625
RNU7-81P,Pseudogene,RNU7,1.628169503299757,0.0135000012814999,0,0,0.40889947148143363,8.262795945534603e-4
RNU7-82P,Pseudogene,RNU7,1.2325068067989555,-0.0270000007003546,0,0,0.37189078444874635,-0.02229191797702624
RNU7-84P,Pseudogene,RNU7,0.8963685867628769,0.0640000030398369,2.9,0,0.3776225497858676,-0.03841442902566051
RNU7-85P,Pseudogene,RNU7,1.0475418603240765,-0.172999992966652,0.55,0,0.31759193252526835,-0.037003793765095175
RNU7-87P,Pseudogene,RNU7,1.456598953489675,-0.200499996542931,0,0,0.3351998228893105,-0.014801395258982277
RNU7-88P,Pseudogene,RNU7,0.9924080782017566,0.30799999833107,0,0,0.45577664825415237,-0.02546059548062538
RNU7-8P,Pseudogene,RNU7,1.1764837701262758,0.252999991178513,0,0,0.45085805213190827,-0.016962462292584468
RNU7-90P,Pseudogene,RNU7,1.3445528801443154,0.140000000596046,0,0,0.4276893849495364,-0.011222861603548236
RNU7-92P,Pseudogene,RNU7,1.279684100839107,-0.033500000834465,0,0,0.37289837190967806,-0.019865142120816366
RNU7-93P,Pseudogene,RNU7,1.537419071968295,-0.168999999761581,0,0,0.3499247426291608,-0.009335272682240376
RNU7-94P,Pseudogene,RNU7,0.9372742960794368,0.347000002861023,0,0,0.403217443175698,-0.018309357116234614
RNU7-95P,Pseudogene,RNU7,1.0854463355331714,-0.0024999999441206,0,0,0.36999760404142235,-0.029768248471039066
RNU7-96P,Pseudogene,RNU7,0.868357068426537,0.30799999833107,4.76,0,0.4474114684655955,-0.0325001484690893
RNU7-97P,Pseudogene,RNU7,0.9523916234355566,0.319000005722046,0,0,0.06650841395960409,0.0396162061024909
RNU7-99P,Pseudogene,RNU7,1.8487602101984333,0.185000006109476,0,0,0.4741748918691476,0.01783173148028138
RNU7-9P,Pseudogene,RNU7,0.7282994767448375,-0.0399999991059303,0,0,0.3365536724659515,-0.05114507726864011
RN7SKP10,Pseudogene,RN7SK,1.3786838378710558,0.239999994635582,0,0,-1.5720419488402215,0.14230363693745157
RN7SKP100,Pseudogene,RN7SK,1.1985773620535298,0.281000003218651,0,0,-0.7545557998578086,0.08351390819142815
RN7SKP101,Pseudogene,RN7SK,1.2591177492184786,0.173499993979931,0,0,0.43231641395888964,-0.014894521040641108
RN7SKP102,Pseudogene,RN7SK,1.1137023988708603,0.214000001549721,1.53,0,-0.8740955738715773,0.08449837235502553
RN7SKP103,Pseudogene,RN7SK,0.8575026050712053,0.0425000004470348,5.1,0,-0.969208769610439,0.07170394533568016
RN7SKP104,Pseudogene,RN7SK,1.016613153279848,0.034000001847744,0,0,-0.757065489156879,0.06477998985163252
RN7SKP105,Pseudogene,RN7SK,0.8075167642692638,-0.0830000005662441,0,0,0.32907336174540264,-0.0479262392648222
RN7SKP106,Pseudogene,RN7SK,1.2131459044194266,0.305000007152557,3.45,0,-0.7008581319760406,0.08208121454090515
RN7SKP107,Pseudogene,RN7SK,1.1618018708603324,0.0049999998882412,0,0,-0.8136524116978985,0.07423165663327091
RN7SKP108,Pseudogene,RN7SK,1.238997280559815,0.300499990582466,0.06,0,-0.6105367559132432,0.07745309603963631
RN7SKP109,Pseudogene,RN7SK,1.319023395078284,0.211999997496605,0,0,-0.4831590977702497,0.10016410550697265
RN7SKP11,Pseudogene,RN7SK,1.1860486788264897,0.305000007152557,3.86,0,1.22739368659232,0.1262196662924014
RN7SKP110,Pseudogene,RN7SK,1.0968720864335204,-0.034000001847744,4.49,0,-0.7531999100960513,0.06559049032906746
RN7SKP111,Pseudogene,RN7SK,1.7815739116057367,0.211999997496605,0.22,0,-0.7678851587495453,0.11185080347715005
RN7SKP112,Pseudogene,RN7SK,0.8192047815344689,0.211999997496605,0.69,0,-0.7773358743894897,0.06436265810918741
RN7SKP113,Pseudogene,RN7SK,0.8242033191845097,0.207000002264977,0,0,-1.174173170155834,0.09051310949737947
RN7SKP114,Pseudogene,RN7SK,1.419250262374555,-0.195999994874001,0.28,0,-0.3781596067055689,0.04912448008537297
RN7SKP115,Pseudogene,RN7SK,1.303905251012718,0.305000007152557,2.73,0,-0.8509643951064564,0.09562603194116784
RN7SKP116,Pseudogene,RN7SK,1.0997374785088432,0.0430000014603138,5.29,0,-0.7591968804517129,0.06937495347065839
RN7SKP117,Pseudogene,RN7SK,1.486732556548465,0.30799999833107,0.05,0,0.8980574133440469,0.1260330704760139
RN7SKP118,Pseudogene,RN7SK,1.3051669876956435,0.266999989748001,1.19,0,-0.9368937148089879,0.09941169194470499
RN7SKP119,Pseudogene,RN7SK,1.5267816587719332,-0.10700000077486,0.46,0,-0.8155036971782896,0.08731932665940137
RN7SKP120,Pseudogene,RN7SK,1.5584590201672746,0.30799999833107,0,0,-0.43986860468355143,0.08314827096812726
RN7SKP121,Pseudogene,RN7SK,1.56019565081227,-0.164000004529953,0,0,-0.24608305235497815,0.048105307650650284
RN7SKP122,Pseudogene,RN7SK,1.1969246078311726,-0.0449999999254942,0,0,0.3644142963676256,-0.024806350141064144
RN7SKP124,Pseudogene,RN7SK,1.1000887201180762,0.284000009298325,3.12,0,-1.2606286047134605,0.11085188856115509
RN7SKP125,Pseudogene,RN7SK,1.3571673387328658,-0.113000001758337,0,0,-0.5423548853237714,0.06076674539589402
RN7SKP126,Pseudogene,RN7SK,0.648373277758481,-0.0749999992549419,0.23,0,-0.5564852979108296,0.025764122033212298
RN7SKP127,Pseudogene,RN7SK,1.2755527558807889,0.30799999833107,1.2,0,-1.3383105750395488,0.12472743624134712
RN7SKP128,Pseudogene,RN7SK,1.10049212632274,-0.0649999976158142,0.08,0,-0.8327605800150532,0.06977420805226503
RN7SKP129,Pseudogene,RN7SK,1.2429994156741064,0.214000001549721,0,0,-0.5711971868458777,0.07141292477636874
RN7SKP13,Pseudogene,RN7SK,0.7260034506516949,-0.0810000002384186,0,0,-0.5776111268681519,0.057134906630702274
RN7SKP130,Pseudogene,RN7SK,1.2924384274255434,0.303999990224838,0.74,0,-1.060560525240368,0.10806635887696255
RN7SKP131,Pseudogene,RN7SK,0.5539021831823757,0.322500005364418,0.48,0,-1.3280878300684797,0.0961773650065957
RN7SKP132,Pseudogene,RN7SK,1.2524380794613514,-0.0810000002384186,0,0,0.3572589547075936,-0.022771366557787363
RN7SKP133,Pseudogene,RN7SK,1.2565637578407536,0.305000007152557,0.58,0,-0.17114496428993825,0.06858506712991874
RN7SKP134,Pseudogene,RN7SK,1.2525001581765665,-0.127000004053116,2.31,0,-0.7351055788871527,0.06803834090924579
RN7SKP135,Pseudogene,RN7SK,1.25155917554594,-0.162000000476837,0,0,0.3332082750753413,-0.025213414196507047
RN7SKP136,Pseudogene,RN7SK,1.2620122727799006,0.208499997854233,0,0,-0.4533361511952979,0.06466509867138057
RN7SKP137,Pseudogene,RN7SK,1.267179044479116,-0.0439999997615814,3.35,0,-0.7902346249029721,0.07569953502987832
RN7SKP139,Pseudogene,RN7SK,1.2091798085939491,0.305000007152557,1.14,0,-1.1882322515530008,0.11173640155376176
RN7SKP14,Pseudogene,RN7SK,1.1930012003914734,0.30799999833107,0,0,-2.002047154778268,0.143131441118264
RN7SKP140,Pseudogene,RN7SK,0.9295089746537578,0.277999997138977,0,0,-0.4418982350280555,0.07386541467681923
RN7SKP141,Pseudogene,RN7SK,0.6885198057346507,0.037499999627471,0,0,0.3564582477946426,-0.05108099416752027
RN7SKP142,Pseudogene,RN7SK,1.3660739247197962,0.28099998831749,0.15,0,-0.3251761397778947,0.08162659112622954
RN7SKP143,Pseudogene,RN7SK,1.2100975921298838,0.30799999833107,0,0,-0.5656903606691354,0.0990643361773404
RN7SKP144,Pseudogene,RN7SK,0.9586164052880768,-0.180000007152557,0.23,0,-0.5974633270707866,0.04262047368638707
RN7SKP145,Pseudogene,RN7SK,1.1119555859719352,0.305000007152557,0,0,-1.1590788035715722,0.10579750905453983
RN7SKP146,Pseudogene,RN7SK,1.112744985887898,0.229000002145767,0,0,-0.19789180454882238,0.05426289767575502
RN7SKP147,Pseudogene,RN7SK,1.0818874950888002,-0.0899999998509884,0,0,0.3440717952538049,-0.032589969146743517
RN7SKP148,Pseudogene,RN7SK,1.4777858473586158,0.305000007152557,0,0,-0.575640359819895,0.08732831245328565
RN7SKP149,Pseudogene,RN7SK,1.019814696640468,0.300999999046326,0,0,-0.853931255333059,0.08218481096008129
RN7SKP15,Pseudogene,RN7SK,1.0903642153705384,-0.258000001311302,0,0,0.6905897214846642,0.12618410358553317
RN7SKP150,Pseudogene,RN7SK,1.4283256452623412,0.195999994874001,0.75,0,0.8519414629827123,0.12589350751734832
RN7SKP151,Pseudogene,RN7SK,1.2420803636987177,0.305000007152557,3.39,0,-0.6109472367982293,0.11964050993061813
RN7SKP152,Pseudogene,RN7SK,0.7498194368635495,0.305000007152557,0.14,0,-0.8850765686738361,0.0726504571224398
RN7SKP153,Pseudogene,RN7SK,1.3629908415808936,0.206000000238419,0.17,0,-1.1358101866261738,0.11278325522610262
RN7SKP154,Pseudogene,RN7SK,0.8743457378639614,0.305000007152557,5,0,-0.9241743591295541,0.08071322413200413
RN7SKP155,Pseudogene,RN7SK,1.2422330284435184,-0.0689999982714653,0.2,0,0.3601668537113545,-0.022986410003113553
RN7SKP156,Pseudogene,RN7SK,0.9242162950504664,-0.258000001311302,0,0,-0.3671747739724579,0.036069609582312936
RN7SKP157,Pseudogene,RN7SK,1.0100039661131353,0.110999997705221,0,0,0.39877673573898154,-0.03053886619658919
RN7SKP158,Pseudogene,RN7SK,1.2785625547384594,0.211999997496605,0,0,-0.6682465315135382,0.07913206440801161
RN7SKP16,Pseudogene,RN7SK,1.2546162326430232,0.211999997496605,9.3,0,-1.831713165584872,0.1428429123852494
RN7SKP160,Pseudogene,RN7SK,1.2463477923298532,0.293000012636185,1.23,0,-0.7100621288828775,0.1111052598234892
RN7SKP161,Pseudogene,RN7SK,1.2868767046845728,0.204999998211861,0.65,0,-0.941418280456101,0.09662426097080863
RN7SKP162,Pseudogene,RN7SK,1.3490996773235475,-0.109999999403954,0,0,-0.8999275171349873,0.08430368354307206
RN7SKP163,Pseudogene,RN7SK,1.2735903670255877,0.30799999833107,0.73,0,-1.0635188934843287,0.10748237752844177
RN7SKP164,Pseudogene,RN7SK,1.031582081288668,-0.12899999320507,0,0,0.3294880691428907,-0.036594151679746334
RN7SKP165,Pseudogene,RN7SK,0.868357068426537,0.238000005483627,0.12,0,-1.3463147481502507,0.10439851463607355
RN7SKP166,Pseudogene,RN7SK,1.4235361777484214,0.277999997138977,0.21,0,-0.38275436578177635,0.07143091268110649
RN7SKP167,Pseudogene,RN7SK,1.1212470216875987,-0.129999995231628,0,0,-0.541086237344783,0.04866022009733291
RN7SKP168,Pseudogene,RN7SK,1.0999189533402802,0.0150000005960464,0,0,-0.638913391277908,0.060297209451614
RN7SKP169,Pseudogene,RN7SK,1.312979759820193,-0.0430000014603138,0,0,-0.8153307370332072,0.07951007639432082
RN7SKP170,Pseudogene,RN7SK,1.3343047636798009,0.146999999880791,0.67,0,-0.2814698095509335,0.07373347213532137
RN7SKP171,Pseudogene,RN7SK,1.1348825052703255,0.305000007152557,0,0,-1.1573807090774473,0.10666319290403703
RN7SKP172,Pseudogene,RN7SK,1.3520727508386348,-0.0195000004023314,0.32,0,-0.7930354469635115,0.080737030355929
RN7SKP173,Pseudogene,RN7SK,1.2239699631155,0.214000001549721,2.29,0,-1.00543136215675,0.09803854355442952
RN7SKP174,Pseudogene,RN7SK,1.242013746355532,0.146999999880791,0,0,-0.6616380519841994,0.0742243116125151
RN7SKP175,Pseudogene,RN7SK,1.286009776078055,0.280000001192093,1.46,0,-1.0438003812590801,0.10576456221972175
RN7SKP177,Pseudogene,RN7SK,1.2426067345371292,0.263000011444092,0.15,0,1.171176720302216,0.12612321745304875
RN7SKP178,Pseudogene,RN7SK,0.8657176852398303,0.30799999833107,0,0,1.1351363800664958,0.12634293028779428
RN7SKP179,Pseudogene,RN7SK,0.576236948633278,0.0509999990463257,0.08,0,0.3530505646024916,-0.05714642495183068
RN7SKP18,Pseudogene,RN7SK,1.1241276958539896,0.197999998927116,0,0,-1.6207032536003236,0.1281354958228325
RN7SKP180,Pseudogene,RN7SK,1.2630648268022358,0.164000004529953,1.04,0,-0.9114416430092233,0.09186488766017743
RN7SKP181,Pseudogene,RN7SK,1.198112917196108,0.197999998927116,0,0,-0.5643410620786872,0.06821258608707144
RN7SKP182,Pseudogene,RN7SK,1.2937937529576593,0.30799999833107,0,0,-0.32355884585274075,0.06264635183887422
RN7SKP184,Pseudogene,RN7SK,1.2412551488619568,0.305000007152557,2.11,0,-0.9491532925248634,0.09851499778503031
RN7SKP185,Pseudogene,RN7SK,1.1826703631330748,0.282000005245209,1.05,0,-1.0334171973956743,0.10033969374527349
RN7SKP186,Pseudogene,RN7SK,0.985857529830788,-0.0990000031888485,0.88,0,-0.7569763846086295,0.05781324976536575
RN7SKP187,Pseudogene,RN7SK,1.17886050501542,0.305000007152557,1.62,0,-0.7216454172001837,0.11796540141013112
RN7SKP188,Pseudogene,RN7SK,1.523048990678721,0.122000001370907,0,0,-0.7537122792542604,0.09295146260360652
RN7SKP189,Pseudogene,RN7SK,0.9157219994316208,-0.104499999433756,0.12,0,-0.8098295722795403,0.05767093540083821
RN7SKP19,Pseudogene,RN7SK,1.3369942164662554,0.30799999833107,0,0,-1.7852255726484503,0.20650129301811634
RN7SKP190,Pseudogene,RN7SK,1.639555304022133,-0.0115000000223517,2.19,0,0.4023674545822681,7.622037467471677e-4
RN7SKP191,Pseudogene,RN7SK,1.2713201524676097,0.107999999076128,0.2,0,-0.5583453285983513,0.06732631939288762
RN7SKP192,Pseudogene,RN7SK,1.2002978438189442,0.164000004529953,0.14,0,-0.8473141012934663,0.17162405804643813
RN7SKP193,Pseudogene,RN7SK,1.123756206199048,0.296999990940094,0.37,0,-0.9828500787513873,0.18849169481680728
RN7SKP194,Pseudogene,RN7SK,0.8510394060932442,0.003000000026077,0,0,-0.891759086360454,0.0650316061311574
RN7SKP195,Pseudogene,RN7SK,0.9400036912340072,-0.046000000089407,4.1,0,0.3481617128292663,-0.03927296003173691
RN7SKP196,Pseudogene,RN7SK,1.2886922290851797,0.0579999983310699,0,0,0.4002718012575125,-0.016682967828089305
RN7SKP197,Pseudogene,RN7SK,1.1811995139539426,0.0670000016689301,0.32,0,0.3963728138889039,-0.022345291358537248
RN7SKP198,Pseudogene,RN7SK,1.0329476238799329,0.30799999833107,1.35,0,-1.2184635758913085,0.10634238771573291
RN7SKP199,Pseudogene,RN7SK,1.4235361777484214,-0.182499997317791,0,0,-0.48013896717769455,0.05669508874425909
RN7SKP20,Pseudogene,RN7SK,0.8100966900337023,0.200499996542931,0.09,0,1.0426636170666643,0.12638393610079293
RN7SKP200,Pseudogene,RN7SK,0.7706668982285516,-0.214000001549721,0,0,-0.9879200682423835,0.05875536989685443
RN7SKP202,Pseudogene,RN7SK,1.1367583441220122,0.200499996542931,0.65,0,-0.691072414084055,0.07346253010835199
RN7SKP204,Pseudogene,RN7SK,1.2997344508061717,0.214000001549721,0.46,0,-0.7727870034156097,0.086915135062395385
RN7SKP205,Pseudogene,RN7SK,1.086153466696385,0.178000003099442,0,0,-0.6918643735679559,0.07019422805931799
RN7SKP206,Pseudogene,RN7SK,1.3277268486521796,0.305000007152557,0,0,-0.8272864379258505,0.09526425785655011
RN7SKP207,Pseudogene,RN7SK,1.5475670526413532,0.305000007152557,0,0,-0.9216768950899765,0.11228661011546741
RN7SKP208,Pseudogene,RN7SK,1.366279265557543,-0.078999999910593,0,0,-0.6816858275889909,0.07190347504356615
RN7SKP209,Pseudogene,RN7SK,0.9597630756293304,-0.0095000001601874,0,0,0.3600818642410369,-0.037055324911066584
RN7SKP21,Pseudogene,RN7SK,1.0736051027819002,0.10700000077486,0,0,-1.4725018700286763,0.13195759281291816
RN7SKP210,Pseudogene,RN7SK,0.9581871099879028,-0.0179999992251396,0,0,0.3574875691643167,-0.03740181214521532
RN7SKP211,Pseudogene,RN7SK,1.2460234759644278,0.305000007152557,0,0,-0.9307389632795545,0.09776854352220804
RN7SKP212,Pseudogene,RN7SK,0.7624598649598862,0.305000007152557,0.04,0,-0.9280049028380027,0.07606840969830865
RN7SKP213,Pseudogene,RN7SK,0.8858407677908298,0.214000001549721,0.01,0,-1.1639409354177903,0.16135716136175848
RN7SKP214,Pseudogene,RN7SK,1.356291040209067,0.284000009298325,0.49,0,-1.0034475429614937,0.10707867413669313
RN7SKP216,Pseudogene,RN7SK,1.3136683855683509,0.0755000002682209,0.18,0,-0.8072774218468366,0.083937229866872215
RN7SKP217,Pseudogene,RN7SK,1.2259158613080523,0.222000002861023,0.19,0,-0.7690990419273083,0.08332942843899173
RN7SKP218,Pseudogene,RN7SK,1.2846926491789863,0.30799999833107,0,0,-0.5171856255856169,0.07418181799147151
RN7SKP219,Pseudogene,RN7SK,1.2086591628099097,0.10700000077486,0.13,0,0.4097913554052518,-0.019633238641066784
RN7SKP22,Pseudogene,RN7SK,1.161760992570657,0.194000005722046,7.95,0,1.2689264482934517,0.1260787375771765
RN7SKP220,Pseudogene,RN7SK,1.1698699394079737,-0.0874999985098839,0,0,-0.4453967477255091,0.04649721397051232
RN7SKP221,Pseudogene,RN7SK,0.8077740171409646,0.307000011205673,0.94,0,-1.0184752668945567,0.08396696818008995
RN7SKP222,Pseudogene,RN7SK,1.2019164502665718,0.146999999880791,0,0,-0.490546999079957,0.06148727149918696
RN7SKP223,Pseudogene,RN7SK,1.2885298434716357,0.284000009298325,0,0,-0.8616506969854049,0.09459978939766696
RN7SKP224,Pseudogene,RN7SK,1.325246479814038,0.28099998831749,0.62,0,2.2538881174964915,0.12619171019141706
RN7SKP225,Pseudogene,RN7SK,1.016372477817424,0.30799999833107,0.35,0,-0.906350486136957,0.08545896312284741
RN7SKP226,Pseudogene,RN7SK,1.4356836864652078,0.305000007152557,0.37,0,-0.7907356851873326,0.09869453862635615
RN7SKP227,Pseudogene,RN7SK,1.1999115854621238,0.187999993562698,2.9,0,0.3658768828358906,-0.005007871969298054
RN7SKP228,Pseudogene,RN7SK,1.4527646772154992,-0.158999994397163,1.05,0,-0.7618845539154835,0.07806166318183873
RN7SKP229,Pseudogene,RN7SK,0.8166006868646905,0.194000005722046,0.74,0,-1.3927424393972034,0.10365897210033694
RN7SKP230,Pseudogene,RN7SK,1.5034241781713178,0.30799999833107,4.77,0,-1.1199886310612595,0.12263971855192103
RN7SKP231,Pseudogene,RN7SK,1.166169059403147,-0.0340000009164214,0,0,-0.4731187947998197,0.05048462488046603
RN7SKP232,Pseudogene,RN7SK,1.0779604987363909,0.284000009298325,0.33,0,-0.5209593969902041,0.06356571451600798
RN7SKP234,Pseudogene,RN7SK,1.364561107527415,-0.0415000002831221,2.21,0,-0.40093459494602923,0.05495019212082768
RN7SKP235,Pseudogene,RN7SK,1.0021694691348888,0.268999993801117,0.16,0,-0.9416790496029173,0.08574383888179299
RN7SKP236,Pseudogene,RN7SK,1.1496558370717531,0.300000011920929,0,0,-1.0893181225418698,0.10287601784292608
RN7SKP237,Pseudogene,RN7SK,1.211661025711447,0.30799999833107,0.1,0,-1.4607869145173316,0.12895724852442086
RN7SKP238,Pseudogene,RN7SK,1.3531025805200658,-0.0309999994933605,0,0,0.37822569331045186,-0.01571417166687265
RN7SKP239,Pseudogene,RN7SK,1.1185616474646918,-0.149000003933907,5.3,0,-0.9850883106386045,0.07734060536042284
RN7SKP24,Pseudogene,RN7SK,1.0273520246173111,-0.228500001132488,0.4,0,-0.8312691505677413,0.06026802858063985
RN7SKP240,Pseudogene,RN7SK,1.2596966539307632,0.273999989032745,0.71,0,-0.9016737059129825,0.09550022787920796
RN7SKP241,Pseudogene,RN7SK,1.4084691968980256,-0.0670000016689301,0.41,0,-0.5192298951258446,0.06356581459733557
RN7SKP242,Pseudogene,RN7SK,1.1057280317680471,0.017000000923872,0,0,0.37699182378018903,-0.028048325626656927
RN7SKP243,Pseudogene,RN7SK,1.1915320291678049,0.30799999833107,0.22,0,-1.0905821864129308,0.10516963781219375
RN7SKP245,Pseudogene,RN7SK,1.2374088225078153,-0.0729999989271164,1.79,0,-0.5616519787573387,0.05809585871944634
RN7SKP246,Pseudogene,RN7SK,1.5668777386119217,0.146999999880791,0.02,0,-0.5789632903299109,0.08511003715560155
RN7SKP247,Pseudogene,RN7SK,1.3871158365774552,-0.228500001132488,0,0,-0.8855112341365386,0.08037141651464773
RN7SKP249,Pseudogene,RN7SK,1.2523910395334843,-0.193999998271465,0.14,0,-0.5750918251534025,0.05454047551558185
RN7SKP25,Pseudogene,RN7SK,0.8119702458014372,-0.0989999994635582,1.38,0,1.1783232817073306,0.12643913228104975
RN7SKP250,Pseudogene,RN7SK,1.060423585119011,0.152999997138977,0,0,-0.915538174272305,0.08234655578996868
RN7SKP251,Pseudogene,RN7SK,1.183620462696044,0.305000007152557,0.26,0,-0.9669796844485542,0.09731499704495186
RN7SKP252,Pseudogene,RN7SK,1.3171409967570713,0.101999998092651,0,0,-0.40141975391701795,0.05920281984349642
RN7SKP254,Pseudogene,RN7SK,1.2549160214680275,0.214000001549721,0.22,0,-0.29133973666303536,0.05462859708668138
RN7SKP256,Pseudogene,RN7SK,1.238929830111747,0.0785000026226044,0,0,0.40325369414690737,-0.01881718491445881
RN7SKP257,Pseudogene,RN7SK,1.2140137655671974,0.305000007152557,0.07,0,-0.6055695719408578,0.07612033939479139
RN7SKP258,Pseudogene,RN7SK,1.5081991188460906,0.0039999999571591,1.45,0,0.3983015076951447,-0.006109694603054383
RN7SKP259,Pseudogene,RN7SK,1.2934087265452323,-0.0989999994635582,0,0,1.2336253110333284,0.12597645515460307
RN7SKP26,Pseudogene,RN7SK,1.197325104588126,0.194999992847443,7.34,0,0.8818320563432824,0.12610073090011634
RN7SKP260,Pseudogene,RN7SK,0.6061015779621466,-0.003000000026077,0,0,0.3393674602070363,-0.05705129003355091
RN7SKP262,Pseudogene,RN7SK,1.2641806084513545,0.28099998831749,0,0,-0.15311105783370868,0.07488549106108106
RN7SKP263,Pseudogene,RN7SK,1.3826267885626415,0.30799999833107,0,0,-0.23261720307344402,0.0615870656843999
RN7SKP264,Pseudogene,RN7SK,1.3220661249400565,0.30799999833107,0.64,0,1.1156879138405233,0.12612859853501895
RN7SKP265,Pseudogene,RN7SK,1.152617454054955,0.453999996185303,0,0,-0.4010320685302308,0.0668081280834737
RN7SKP266,Pseudogene,RN7SK,1.1860486788264897,0.30799999833107,0,0,-0.5502347161358598,0.07145431084334582
RN7SKP267,Pseudogene,RN7SK,0.9749974101631292,-0.0879999995231628,0,0,-0.5326840203575318,0.04265363684924022
RN7SKP268,Pseudogene,RN7SK,1.198112917196108,0.0700000002980232,1.46,0,-0.5135188682199676,0.05925139634831114
RN7SKP269,Pseudogene,RN7SK,1.154179927939974,0.194999992847443,3.87,0,1.184478137530913,0.1260135225657763
RN7SKP27,Pseudogene,RN7SK,1.470730890668369,0.448500007390976,0,0,0.8034756589306076,0.1259081041351998
RN7SKP270,Pseudogene,RN7SK,1.2580044709256242,-0.019000000320375,0,0,-0.31164399843732205,0.044752841278934793
RN7SKP271,Pseudogene,RN7SK,1.5196248697464398,-0.233999997377396,0.83,0,0.3322580180129769,0.12580449786796033
RN7SKP273,Pseudogene,RN7SK,1.084063601347779,0.305000007152557,0.86,0,-0.48059059046934044,0.0956686867062688
RN7SKP275,Pseudogene,RN7SK,1.4539932308537364,-0.125,0.44,0,-0.7758643042851893,0.08025438064038791
RN7SKP276,Pseudogene,RN7SK,0.8553965151664394,-0.576499998569489,0.27,0,0.1932854236977313,-0.059574966977117734
RN7SKP278,Pseudogene,RN7SK,1.4523398922221613,-0.0650000013411045,0,0,-0.40255811006688175,0.058041801132212904
RN7SKP279,Pseudogene,RN7SK,1.2588263542290736,0.206000000238419,0,0,-0.3377819859871293,0.07558597662860934
RN7SKP28,Pseudogene,RN7SK,1.1843820998866863,-0.0775000005960464,0.2,0,0.6733312691963375,0.12620714549866335
RN7SKP280,Pseudogene,RN7SK,1.542476371547138,-0.172999992966652,0.18,0,-0.7118932422700807,0.10715823004773313
RN7SKP281,Pseudogene,RN7SK,1.312403296599198,0.211999997496605,0.07,0,-0.5486421373836979,0.07323299292180145
RN7SKP283,Pseudogene,RN7SK,0.681821105579355,-0.046000000089407,3.95,0,-0.540026955031032,0.028255144512512088
RN7SKP284,Pseudogene,RN7SK,1.4278524390453844,-0.122000001370907,0,0,0.3563492857077645,-0.014166784512533798
RN7SKP285,Pseudogene,RN7SK,1.2451912679323929,-0.0775000005960464,0,0,-0.34017894759998696,0.043431046473331056
RN7SKP286,Pseudogene,RN7SK,0.8480276387309325,0.0469999983906746,0.19,0,0.7149188638206362,0.12638462270508932
RN7SKP287,Pseudogene,RN7SK,1.2274520967232252,-0.0025000000605359,0.68,0,0.37877106293616214,-0.021849140142761212
RN7SKP288,Pseudogene,RN7SK,1.1794103466688786,-0.0165000008419156,2.07,0,0.3717126078763375,-0.02493563686385608
RN7SKP289,Pseudogene,RN7SK,1.330499643826423,0.061999998986721,0,0,-0.34405071815438065,0.05420276305569706
RN7SKP29,Pseudogene,RN7SK,1.2386858181966778,-0.0759999975562096,0.08,0,0.8723174638075347,0.12616024079875374
RN7SKP290,Pseudogene,RN7SK,1.033122255769008,0.208000004291534,0,0,1.7324840886998145,0.12619431921515836
RN7SKP291,Pseudogene,RN7SK,1.157809424568716,-0.0759999975562096,0,0,-0.847148243713671,0.0729626668359475
RN7SKP292,Pseudogene,RN7SK,1.303905251012718,0.305000007152557,2.26,0,-0.12703994645779756,0.08280052283029675
RN7SKP293,Pseudogene,RN7SK,1.1851900528524355,-0.15599999576807,0.04,0,-0.8467123854816703,0.07107657993211737
RN7SKP294,Pseudogene,RN7SK,1.233169801315792,0.26800000667572,0,0,-0.9508831830962745,0.0967753004370576
RN7SKP295,Pseudogene,RN7SK,1.3167244436271672,0.034000001847744,0,0,0.39496795612530705,-0.01584085331447384
RN7SKP296,Pseudogene,RN7SK,1.2325068067989555,-0.0474999994039536,2.34,0,-0.757385945067883,0.07171396600513384
RN7SKP297,Pseudogene,RN7SK,1.108540938416856,-0.138999998569489,0.26,0,-0.5539150924470269,0.048441523650973005
RN7SKP298,Pseudogene,RN7SK,1.145492303030751,0.0215000004973262,0,0,0.38079467992485944,-0.025692088128214812
RN7SKP299,Pseudogene,RN7SK,1.0616458510995537,-0.0450000017881393,0.08,0,-0.5168917892197534,0.04767469779927408
RN7SKP3,Pseudogene,RN7SK,1.1157660655759971,0.305000007152557,0.15,0,1.2642384915142173,0.12616883270306364
RN7SKP30,Pseudogene,RN7SK,1.4975259623164232,0.305000007152557,1.6,0,-0.5658751581452877,0.08772597574324409
RN7SKP31,Pseudogene,RN7SK,0.8746042415806847,0.23200000077486,0,0,0.4255758056730291,-0.03451032612215171
RN7SKP32,Pseudogene,RN7SK,1.6392747298349148,0.207000002264977,0,0,-0.29317213532781394,0.0734939068005261
RN7SKP33,Pseudogene,RN7SK,1.0931083096663463,0.30799999833107,0,0,-1.2520760316561885,0.1112428580997326
RN7SKP34,Pseudogene,RN7SK,1.1103582186437688,-0.0599999986588955,0,0,0.3546555438326193,-0.03009257411117659
RN7SKP35,Pseudogene,RN7SK,0.8050992687398356,0.0410000011324883,0.66,0,0.36501874673360074,-0.04431013192132102
RN7SKP36,Pseudogene,RN7SK,1.413863431925259,0.30799999833107,2.2,0,-0.5449216479235952,0.08226527066480857
RN7SKP37,Pseudogene,RN7SK,1.2438628277461206,0.305000007152557,0,0,-1.0727758998482062,0.10658737039281124
RN7SKP38,Pseudogene,RN7SK,0.9779555333735755,0.30799999833107,2.26,0,-0.5353658110921863,0.10164203567822036
RN7SKP39,Pseudogene,RN7SK,1.229723053423916,-0.0035000000498257,0,0,0.3786177896168633,-0.02175279587594698
RN7SKP4,Pseudogene,RN7SK,1.3052323637218757,0.0525000002235174,0.68,0,0.8953187702091541,0.12603264167673253
RN7SKP42,Pseudogene,RN7SK,0.8915132569179113,-0.14750000089407,0.37,0,0.31548743589330547,-0.04508591045069837
RN7SKP43,Pseudogene,RN7SK,0.716394581451893,0.0560000017285347,2,0,0.3636370997573579,-0.04892326436858688
RN7SKP44,Pseudogene,RN7SK,1.143153609067846,0.283000007271767,0.17,0,-0.6820230170530405,0.07649529525732483
RN7SKP45,Pseudogene,RN7SK,0.8455055666258388,0.305000007152557,0,0,-1.030848477536817,0.08626900371202735
RN7SKP46,Pseudogene,RN7SK,1.2171842668542912,0.172999992966652,0,0,-0.6117957593192617,0.07100767298785736
RN7SKP47,Pseudogene,RN7SK,1.4402019671464517,-0.25900000333786,0,0,-0.9786669036718959,0.08801828137765012
RN7SKP48,Pseudogene,RN7SK,1.1331000770931643,0.305000007152557,0.15,0,-0.8100674966170497,0.08485319706071276
RN7SKP49,Pseudogene,RN7SK,0.6011702781414487,0.0525000002235174,0,0,0.355106620870863,-0.055658068164657945
RN7SKP5,Pseudogene,RN7SK,1.0599064217559202,0.211999997496605,0.49,0,-1.3909948105754093,0.12350139361667015
RN7SKP50,Pseudogene,RN7SK,1.4114248223313872,0.305000007152557,2.03,0,-1.0634714861634298,0.11458751295191774
RN7SKP51,Pseudogene,RN7SK,1.0625948337324729,0.0599999986588955,5.62,0,-0.42471737182342273,0.04594891001833652
RN7SKP52,Pseudogene,RN7SK,1.125390760680792,0.26800000667572,0.09,0,-0.4351542259657304,0.059833097466129324
RN7SKP53,Pseudogene,RN7SK,1.5327191430004907,-0.0790000036358833,0,0,-0.347772867089029,0.057415891549119434
RN7SKP54,Pseudogene,RN7SK,1.3299743947648075,-0.145999997854233,11.28,0,-0.4007435869034974,0.04865357853102735
RN7SKP55,Pseudogene,RN7SK,0.769358705576606,0.211999997496605,0.91,0,-0.29062345856700106,0.04056898040902472
RN7SKP56,Pseudogene,RN7SK,1.101842805858446,-0.12899999320507,3.14,0,-0.6229777971324791,0.05325657031482528
RN7SKP57,Pseudogene,RN7SK,1.114342176547365,0.0209999997168779,0.61,0,-0.35570792390630906,0.04237590601896438
RN7SKP58,Pseudogene,RN7SK,0.9793928902909138,0.301999986171722,0.33,0,-0.6569655425330815,0.06814213737384539
RN7SKP59,Pseudogene,RN7SK,1.128311095280341,0.30799999833107,0,0,-0.7846438932262717,0.1657693353772237
RN7SKP6,Pseudogene,RN7SK,1.1759569077124263,0.194999992847443,0,0,-1.6638034052202317,0.14223795847470969
RN7SKP60,Pseudogene,RN7SK,1.409717751253123,-0.163000002503395,0,0,-0.21879125967372823,0.08704905338734642
RN7SKP61,Pseudogene,RN7SK,1.3069509775640082,0.211999997496605,0,0,0.4464279372259208,-0.011161436983877806
RN7SKP62,Pseudogene,RN7SK,1.2035587331383006,0.30799999833107,0,0,-0.8988800944336507,0.09389614890957416
RN7SKP63,Pseudogene,RN7SK,1.0154873358343557,0.28099998831749,0.68,0,-1.1189693939048746,0.09825311049939374
RN7SKP64,Pseudogene,RN7SK,1.8214318996263947,0.245999999344349,0.33,0,-0.4957156295067952,0.13734400930555665
RN7SKP65,Pseudogene,RN7SK,1.231790857448506,0.194999992847443,0,0,-0.7960704774594426,0.14453463032352434
RN7SKP66,Pseudogene,RN7SK,1.2480283407688757,0.0540000014007092,0,0,-0.38856927634414035,0.05280360729254333
RN7SKP67,Pseudogene,RN7SK,0.9607354799612752,0.0520000010728836,0,0,0.37818022932989087,-0.03513771440205502
RN7SKP68,Pseudogene,RN7SK,1.2106085514220124,0.300000011920929,0,0,-0.6348172064515701,0.07754563358377459
RN7SKP69,Pseudogene,RN7SK,1.321041572950535,-0.175999999046326,6.68,0,-0.8057101390670031,0.07387429679370734
RN7SKP71,Pseudogene,RN7SK,1.3544185721369886,0.0769999995827675,3.47,0,1.2689653670816712,0.1258963182844061
RN7SKP72,Pseudogene,RN7SK,1.1300537191852196,0.263999998569489,0.25,0,-0.7865269767296841,0.08165003437811418
RN7SKP73,Pseudogene,RN7SK,1.260902044564561,0.28099998831749,0,0,-0.8103967736273993,0.09015047484573227
RN7SKP74,Pseudogene,RN7SK,1.2027728973675011,-0.0729999989271164,2.05,0,-0.7291525976336176,0.06740720512246524
RN7SKP75,Pseudogene,RN7SK,1.3142701576185425,-0.222000002861023,0.2,0,-0.7859439816368582,0.07055062558490811
RN7SKP76,Pseudogene,RN7SK,1.3872205799012172,0.305000007152557,0.21,0,-0.9069792400244293,0.10337007575487231
RN7SKP77,Pseudogene,RN7SK,1.131570117496337,0.305000007152557,0,0,-1.053652724497699,0.09977537408872268
RN7SKP78,Pseudogene,RN7SK,1.288882189614231,0.211999997496605,4.64,0,1.574986066735571,0.12599155927913092
RN7SKP79,Pseudogene,RN7SK,1.2508476819001306,0.0769999995827675,0,0,-0.9054877973173184,0.08731487810540918
RN7SKP8,Pseudogene,RN7SK,1.3389192786911968,0.126000002026558,0,0,-1.5862483510530285,0.16468161465752376
RN7SKP81,Pseudogene,RN7SK,0.8814742446867566,-0.270999997854233,0,0,-0.8579173563651202,0.05326539039140448
RN7SKP82,Pseudogene,RN7SK,0.8099474001467252,0.301999986171722,0,0,0.44149958598545636,-0.03609389222677965
RN7SKP83,Pseudogene,RN7SK,0.6829774695489618,0.30799999833107,0,0,0.4344974410124441,-0.04345646361569701
RN7SKP85,Pseudogene,RN7SK,1.3653413025574483,0.305000007152557,0.2,0,-0.9485105900127652,0.10487290666665927
RN7SKP86,Pseudogene,RN7SK,1.307766669317074,0.214000001549721,0.53,0,-0.6752284094771664,0.12551657650744813
RN7SKP87,Pseudogene,RN7SK,1.2232006545277463,-0.150000005960464,0.55,0,-0.49896989270532954,0.04972543270335408
RN7SKP88,Pseudogene,RN7SK,0.6668982285515804,0.126000002026558,0.52,0,0.38071725580905225,-0.04965456473896367
RN7SKP89,Pseudogene,RN7SK,1.449653948943475,0.305000007152557,0.53,0,-0.6211599586893073,0.0886618117120838
RN7SKP9,Pseudogene,RN7SK,1.486952572021361,-0.132999993860722,7.39,0,0.6852873182229613,0.1258428972643207
RN7SKP90,Pseudogene,RN7SK,1.337529096442069,0.211999997496605,0.29,0,-0.6653910317400603,0.08181757562386863
RN7SKP91,Pseudogene,RN7SK,1.1939909690864885,-0.132999993860722,0.55,0,-0.6352440117443056,0.05840384539917155
RN7SKP92,Pseudogene,RN7SK,1.124593580421253,-0.204999998211861,11.59,0,0.31294070839174365,-0.03360416580689563
RN7SKP93,Pseudogene,RN7SK,0.8543059831769166,-0.0719999969005585,0.21,0,-0.8983279598644565,0.06255748121845969
RN7SKP94,Pseudogene,RN7SK,1.3453419369988602,-0.0610000006854534,0,0,-1.099111143749691,0.0990721665560975
RN7SKP96,Pseudogene,RN7SK,1.0291639329499698,0.0329999998211861,1.85,0,0.37691191345940833,-0.031856241014948855
RN7SKP97,Pseudogene,RN7SK,1.126517277958751,0.305000007152557,3.22,0,-0.9782283835367012,0.09521370851076096
RN7SKP98,Pseudogene,RN7SK,0.8906226342836276,0.305000007152557,0.73,0,1.2265108858073945,0.1261999140500486
RN7SKP99,Pseudogene,RN7SK,1.2898072417019573,-0.0869999974966049,0.38,0,0.35780570478158524,-0.020869429841770377
RNU1-100P,Pseudogene,RNU1,0.8841453787615648,0.305000007152557,1.55,0.01,0.7748085131953135,0.1263682938388116
RNU1-11P,Pseudogene,RNU1,1.5672786113064328,-0.102000001817942,0.58,0.01,0.32498364209367103,0.009351558476648095
RNU1-14P,Pseudogene,RNU1,1.5539021224474874,0.305000007152557,0,0.01,0.41063828358378035,0.02053401155000306
RNU1-22P,Pseudogene,RNU1,1.494893181088722,-0.028999999165535,0,0.01,0.35886241401774244,0.013574250249553825
RNU1-32P,Pseudogene,RNU1,1.0704275812050392,-0.0219999998807907,0,0.01,0.3633379507231155,-0.031196257882810673
RNU1-47P,Pseudogene,RNU1,1.36380005838769,0.282999992370605,0.43,0.01,0.37995739113554033,0.011294877602848053
RNU1-5P,Pseudogene,RNU1,1.3748986916753505,0.30799999833107,0.69,0.01,0.47839971264350545,-0.00471142745539188
RNU1-64P,Pseudogene,RNU1,1.3211813065630749,0.430000007152557,0.13,0.01,0.5097610839697772,-0.0041737604616548995
RNU1-89P,Pseudogene,RNU1,1.842611340319725,0.146999999880791,1.18,0.01,0.46258332885118236,0.01644158960135375
RNU2-15P,Pseudogene,RNU2,0.9820163705766074,0.44200000166893,0.4,0.01,0.4973901864176934,-0.0209968930208545
RNU2-55P,Pseudogene,RNU2,1.477205127898017,-0.241999998688698,0,0.01,0.3244658352879863,-0.014816054327329091
RNU2-66P,Pseudogene,RNU2,1.4886121173026348,0.243000000715256,0,0.01,0.4666612292155673,-4.1778842745036546e-4
RNU4-16P,Pseudogene,RNU4,1.0592724522649954,-0.101000003516674,0,0.01,0.27674095006504174,-0.01983803155661833
RNU4-40P,Pseudogene,RNU4,1.0687471611403534,-0.0790000036358833,0.84,0.01,0.2880890991906235,-0.019727786108680225
RNU4-80P,Pseudogene,RNU4,1.4780545845558075,0.30799999833107,1.04,0.01,0.48495215232865546,8.665213077588823e-4
RNU4-92P,Pseudogene,RNU4,1.0726763786445457,0.296999990940094,0,0.01,0.4577592592709382,-0.021262412925405472
RNU5A-7P,Pseudogene,RNU5,0.9881304571750248,0.340000003576279,0,0.01,0.3697365198708417,-0.010020461770667666
RNU5B-3P,Pseudogene,RNU5,1.3893713094824591,0.305000007152557,0.98,0.01,0.4784473778554341,-0.004015466027028264
RNU5D-2P,Pseudogene,RNU5,0.4168113928447378,0.0230000000447035,1.19,0.01,0.33438360807288997,-0.0673066206951469
RNU6-1109P,Pseudogene,RNU6,1.0712442339467558,0.197999998927116,0,0.01,0.42834322157446775,-0.024433803981366367
RNU6-1114P,Pseudogene,RNU6,1.3634017522958712,0.0240000002086162,0,0.01,1.4514158211366173,0.1260438558542531
RNU6-1132P,Pseudogene,RNU6,1.0712442339467558,-0.310999989509583,0,0.01,0.27859997050820223,-0.03973653834235344
RNU6-1153P,Pseudogene,RNU6,1.819414810036554,-0.171000003814697,0.29,0.01,-0.31228171729880583,0.062066598073292616
RNU6-1161P,Pseudogene,RNU6,1.123756206199048,-0.0054999999701976,0,0.01,-0.47068908077579613,0.049409966436636525
RNU6-1217P,Pseudogene,RNU6,1.2023405562828977,0.254999995231628,1.45,0.01,-0.8253907000654971,0.08708667474925708
RNU6-1293P,Pseudogene,RNU6,1.8178690030611613,-0.310999989509583,0,0.01,0.32698949668681,0.0025376082105959623
RNU6-368P,Pseudogene,RNU6,0.3895433577988203,0.407000005245209,0,0.01,-1.247372387908461,0.08820146415150705
RNU6-374P,Pseudogene,RNU6,1.801036882662447,0.282000005245209,0,0.01,-0.28201436983285383,0.08455857111189102
RNU6-614P,Pseudogene,RNU6,1.8178690030611613,-0.287000000476837,0,0.01,0.3338801772507784,0.0031902104577311735
RNU6-847P,Pseudogene,RNU6,1.801036882662447,0.218999996781349,0,0.01,-0.4654795219201248,0.09351005829737646
RNU6-860P,Pseudogene,RNU6,1.2357389050685337,0.254999995231628,0,0.01,-0.7349681549514216,0.08304055342318767
RNU6-927P,Pseudogene,RNU6,1.1114970475859671,0.204999998211861,0,0.01,1.6172729950085634,0.12615606930227735
RNU6ATAC17P,Pseudogene,RNU6ATAC,1.2719596495261951,0.222000002861023,1.3,0.01,0.4713514761710513,0.12612691324693986
RN7SL266P,Pseudogene,RN7SL,0.8172772408720348,0.44200000166893,0.19,0.01,-0.22571508594359427,0.047091070508392806
RN7SL377P,Pseudogene,RN7SL,1.4993215569954594,0.125,15.93,0.01,3.124823905504077,0.12655043011974007
RN7SL484P,Pseudogene,RN7SL,1.8054948947482448,0.17399999499321,0,0.01,0.46812998555610924,0.01511990287209959
RN7SL539P,Pseudogene,RN7SL,0.7877878558921161,-0.158999994397163,0.16,0.01,0.23116499311847927,-0.03393751740476091
RN7SL796P,Pseudogene,RN7SL,1.122000885664529,-0.123999997973442,0.11,0.01,0.27847915559358666,-0.01716283604928198
RN7SL832P,Pseudogene,RN7SL,0.9276980981595576,0.0489999987185001,0.85,0.01,1.7561987455054389,0.12628045887883965
RNU7-197P,Pseudogene,RNU7,1.0644376967809164,0.0604999996721745,0,0.01,0.2968586878506309,-0.01103036556217535
RNU7-25P,Pseudogene,RNU7,1.0644376967809164,0.30799999833107,0.24,0.01,0.4605140782454773,-0.021374611658877517
RNU7-41P,Pseudogene,RNU7,1.138828942198737,-0.200000002980232,0,0.01,0.2685469291480275,-0.020646953582065083
RNU7-61P,Pseudogene,RNU7,1.138828942198737,-0.166999995708466,0,0.01,0.26313900824725445,-0.01595485692482314
RN7SKP17,Pseudogene,RN7SK,1.2369758809494829,-0.0195000004023314,0,0.01,0.9849535196144047,0.1260875696855756
RN7SKP244,Pseudogene,RN7SK,1.0635252694735438,0.287999987602234,0.46,0.01,0.45452081168106173,-0.02205653652018839
RN7SKP248,Pseudogene,RN7SK,0.8655099960710402,0.0309999994933605,1.75,0.01,0.3659627700379395,-0.041171649262374814
RN7SKP272,Pseudogene,RN7SK,1.3923656442011714,0.448500007390976,0.49,0.01,0.5193279586063468,1.480779884447126e-4
RN7SKP7,Pseudogene,RN7SK,1.4137462447365374,0.211999997496605,0,0.01,1.2854223261298154,0.12597158488699872
RNU1-138P,Pseudogene,RNU1,0.6777421021865655,0.266999989748001,0,0.02,0.3435356790843808,-0.031676702021773216
RNU2-52P,Pseudogene,RNU2,0.8774976691468164,0.446000009775162,0.34,0.02,0.4901921996246508,-0.02695757542891238
RNU6-978P,Pseudogene,RNU6,1.7198528345535296,0.407999992370605,0,0.02,0.5292093052164287,0.01682786595158009
RN7SL293P,Pseudogene,RN7SL,1.5080364747051604,0.263999998569489,0.14,0.02,0.37914916841271634,0.020912569308205852
RN7SL473P,Pseudogene,RN7SL,1.2081489647673558,0.282999992370605,15.71,0.02,0.8005738651560148,0.12614392110644157
RN7SL719P,Pseudogene,RN7SL,1.6414513360974201,-0.0450000017881393,0,0.02,0.3393586810822048,0.026676145504414273
RNU7-182P,Pseudogene,RNU7,0.3921612567087586,0.263999998569489,0,0.02,0.40188378769891187,-0.061609173910368596
RNU7-21P,Pseudogene,RNU7,1.2885298434716357,0.264999985694885,0,0.02,0.3932782333056162,0.0021860446652379566
RN7SKP23,Pseudogene,RN7SK,1.1540406889388717,-0.0309999994933605,0.57,0.02,1.7347695586944376,0.12633756670336235
RNU2-49P,Pseudogene,RNU2,1.3402902577887854,0.30799999833107,0,0.03,0.47627211390237206,-0.006574813680020911
RNU4-91P,Pseudogene,RNU4,1.3379131128349608,-0.0350000001490116,0.5,0.03,0.3761007613568467,-0.016674083244069476
RNU4-9P,Pseudogene,RNU4,1.1994572455963677,0.30799999833107,6.92,0.03,0.3659743987501828,0.003375283449409677
RNU6-721P,Pseudogene,RNU6,1.8524950793099453,-0.296000003814697,0,0.03,0.33264870011455955,0.004892417259271628
RNU6-82P,Pseudogene,RNU6,1.201092019879696,-0.168999999761581,17.18,0.03,-0.45183740539785405,0.04490210046349747
RNU1-125P,Pseudogene,RNU1,1.4539932308537364,-0.0579999983310699,205.51,0.04,0.37673638552104505,-0.010880649946410156
RNU6-1060P,Pseudogene,RNU6,1.136168126913226,0.486000001430511,0,0.04,-1.5049401875652901,0.13227058777279474
RNU6ATAC24P,Pseudogene,RNU6ATAC,0.9005184413312235,0.298000007867813,31.44,0.04,0.44672922083573346,-0.030974609423897
RN7SL145P,Pseudogene,RN7SL,1.1851900528524355,-0.028999999165535,18.37,0.04,-0.6812977317767293,0.10972720436298561
RN7SL288P,Pseudogene,RN7SL,1.0503838078561547,-0.10700000077486,19.7,0.04,-0.7721242382879915,0.12131117814872193
RN7SL558P,Pseudogene,RN7SL,1.103597612047104,-0.141000002622604,16.56,0.04,-0.21124700213555525,0.06406300979652337
RN7SKP255,Pseudogene,RN7SK,1.3871518664960656,0,81.36,0.04,-1.0887462599258277,0.10284598458295743
RN7SL246P,Pseudogene,RN7SL,1.2203937177886468,0.206000000238419,16.36,0.05,-0.11809556719536418,0.05952120526127868
RN7SL396P,Pseudogene,RN7SL,1.1538846468583135,0.145999997854233,23.71,0.05,-0.3558298753277841,0.09174559259773397
RN7SL431P,Pseudogene,RN7SL,0.7744036806951412,-0.135000005364418,23.09,0.05,0.8604513848321499,0.12641022989089554
RN7SL674P,Pseudogene,RN7SL,0.8967760270295874,-0.304000005125999,39.15,0.05,-0.6225993497994375,0.08163228906717224
RNU7-77P,Pseudogene,RNU7,1.8524950793099453,0.214000001549721,0.68,0.05,0.4829828336191754,0.018833980997874224
RNU6-1189P,Pseudogene,RNU6,0.9738583944970508,0.30799999833107,19.6,0.06,-1.0964129895185806,0.0958544363784523
RNU6-1235P,Pseudogene,RNU6,0.3246194648323502,0.291999995708466,0,0.06,-1.3271963695779108,0.08572419957159942
RNU6-816P,Pseudogene,RNU6,0.3570814113155853,-0.203999996185303,0,0.06,-0.9040694376877796,0.033008583490778766
RN7SL331P,Pseudogene,RN7SL,0.3093741782248391,0.187000006437302,1.35,0.06,-1.0576454009089398,0.06121817777995435
RN7SL368P,Pseudogene,RN7SL,1.0407745368866796,0.206000000238419,19.63,0.06,0.9693342192631104,0.12617102437138958
RN7SL4P,Pseudogene,RN7SL,1.1421103137271065,0.0850000008940697,599.31,0.06,1.0449680172413747,0.1261133751945752
RN7SL731P,Pseudogene,RN7SL,1.2447439206114184,0.146999999880791,39.68,0.06,-0.1962944025769718,0.06427695182075814
RN7SL81P,Pseudogene,RN7SL,1.2642746590118163,-0.155000001192093,44.03,0.06,-0.29536085790096217,0.07287752163618977
RNU6-29P,Pseudogene,RNU6,1.103706180429991,0.486999988555908,0,0.07,-1.2801348189802586,0.11695119772301478
RNU6-521P,Pseudogene,RNU6,0.2646421541871351,0.296000003814697,0,0.07,-1.0035556596236315,0.06832573144267517
RNU6-631P,Pseudogene,RNU6,0.2921575183491152,-0.175999999046326,0,0.07,-0.9230390142388791,0.033304903463096315
RNU6-941P,Pseudogene,RNU6,0.2572909832374924,-0.280499994754791,0,0.07,-0.967317012277334,0.029915191600046107
RN7SL359P,Pseudogene,RN7SL,0.9286596426228244,0.305000007152557,42.08,0.07,0.7231951600859915,0.12628593629443818
RN7SL657P,Pseudogene,RN7SL,1.6952226728326931,0.105999998748302,40.23,0.07,-0.19186939634771216,0.08921613276385719
RN7SKP2,Pseudogene,RN7SK,0.9799640897603552,0.194999992847443,0.22,0.07,0.7081752870968431,-9.537106858149205
RN7SKP95,Pseudogene,RN7SK,1.3870786175526202,0.305000007152557,16.71,0.07,-0.6722628157036578,0.08878428870019676
RN7SL128P,Pseudogene,RN7SL,1.355206441216497,0.211999997496605,53.07,0.08,0.7508054966424011,0.1260300293381798
RN7SL449P,Pseudogene,RN7SL,1.2023405562828977,0.30799999833107,18.44,0.08,-0.5293576523518508,0.17074629652532158
RN7SL648P,Pseudogene,RN7SL,0.9116306764876602,0.29899999499321,35.23,0.08,0.8607636355375672,0.12634732608613217
RN7SKP1,Pseudogene,RN7SK,1.2106085514220124,0.211999997496605,0.16,0.09,0.2692282490508605,-9.196340680290138
RNU6-252P,Pseudogene,RNU6,1.006320340980286,0.492000013589859,0,0.11,-0.6268364468376042,0.083859002576410685
RN7SL192P,Pseudogene,RN7SL,1.1732985138606051,0.30799999833107,21.5,0.12,-0.2632664212284147,0.07436482674436852
RN7SL698P,Pseudogene,RN7SL,1.0926347218612056,0.30799999833107,39.51,0.12,-0.8900969338400385,0.14515360253196166
RN7SKP40,Pseudogene,RN7SK,1.0190636670790765,0.502999991178513,0.66,0.13,0.5212887290440071,-0.01634764190178452
RNU6-25P,Pseudogene,RNU6,1.882792896027632,-0.293999999761581,0,0.21,-0.8642276875864061,0.10196648263367572
RN7SL317P,Pseudogene,RN7SL,1.84756823069476,0.365000009536743,0.12,0.21,1.2393426593101684,0.12563424198942372
RN7SL702P,Pseudogene,RN7SL,0.1665342323009797,0.296000003814697,0.25,0.21,-1.6122087984020737,0.18571799533874647
RNU6-255P,Pseudogene,RNU6,0.1984816156403513,0.0549999997019768,0.27,0.22,-1.214965509937815,0.06876839856450022
RN7SL656P,Pseudogene,RN7SL,0.0370828641320941,0.224000006914139,8.22,0.22,-1.2629303819029605,0.07892261999323698
RNU2-57P,Pseudogene,RNU2,0.0727419533760449,-0.0829999968409538,0,0.23,0.976141237116403,0.12683056516712418
RNU6-1314P,Pseudogene,RNU6,0.2003900927138162,0.293999999761581,0,0.23,-1.0412921148651897,0.06088647332593559
RNU6-303P,Pseudogene,RNU6,0.1966091475682725,0.272000014781952,0,0.23,-0.8965794087343377,0.0495277077324743
RN7SL199P,Pseudogene,RN7SL,0.024721909421396,0.231000006198883,1.55,0.23,-1.409497422997562,0.08998124504050406
RN7SL640P,Pseudogene,RN7SL,0.0532326172215501,0.28999999165535,0.02,0.24,1.5204565951517937,0.12685551522328403
RN7SL722P,Pseudogene,RN7SL,0.1100734312089976,0.287000000476837,0.16,0.24,1.7653674642099653,0.1267755356920278
RN7SL544P,Pseudogene,RN7SL,0.0366911437363325,0.277999997138977,0.16,0.25,-1.69370262761247,0.11027316647654188
RN7SL763P,Pseudogene,RN7SL,0.0244607624908883,0.281499996781349,0.1,0.25,-1.7318757999433638,0.11217405200196202
RNU6-1071P,Pseudogene,RNU6,0.0687807578951712,0.252999991178513,0,0.26,-1.2178460251385737,0.0661203770059344
RNU6-1076P,Pseudogene,RNU6,0,0.254999995231628,0.07,0.26,-1.3775407596484335,0.07475983938678761
RNU6-109P,Pseudogene,RNU6,0,0.221000000834465,0,0.26,-1.3384046608820332,0.07035145121795496
RNU6-1171P,Pseudogene,RNU6,0,0.273999989032745,0,0.26,-1.2624934289416097,0.06758178389809531
RNU6-1239P,Pseudogene,RNU6,0.097385839449705,-0.23199999332428,0,0.26,-1.00920859373441,0.028936256066601808
RNU6-1268P,Pseudogene,RNU6,0.1623097324161751,-0.203999996185303,0,0.26,-0.9850737852854418,0.031141569977438315
RNU6-184P,Pseudogene,RNU6,0,0.242499999701977,0,0.26,-1.330929747706066,0.07085548348755685
RNU6-18P,Pseudogene,RNU6,0.1947716788994101,0.0850000008940697,0,0.26,-1.5294164796838055,0.08493042418806371
RNU6-465P,Pseudogene,RNU6,0.0687807578951712,0.277999997138977,0,0.26,-1.2287305344176733,0.06808386443876091
RNU6-749P,Pseudogene,RNU6,0.1623097324161751,-0.196999996900558,0,0.26,-1.0417284051427516,0.03547235427429678
RNU6-785P,Pseudogene,RNU6,0.033398348785636,0.254999995231628,1.45,0.26,-1.3355410595452382,0.07309579329483723
RN7SKP282,Pseudogene,RN7SK,0.1045513527202519,0.0099999997764825,0.64,0.26,-1.049077509646674,0.04383727039319581
RNU6-458P,Pseudogene,RNU6,2.142488467893512,-0.284000009298325,0,0.27,0.35194182265208074,0.021518350473988153
RNU1-114P,Pseudogene,RNU1,2.050578137489172,-0.0525000002235174,0,0.28,0.4162685601432355,0.022617809317233926
RN7SL429P,Pseudogene,RN7SL,2.040444411908096,-0.122000001370907,0,0.28,0.39492633647044656,0.0201684850252263
VTRNA2-1,Functional,VTRNA,1.9809395623480377,-0.0165000003762543,1.45,0.29,0.4231241028154561,0.01969117014187397
RN7SL417P,Pseudogene,RN7SL,1.9791987521872767,-0.172000005841255,6.37,0.29,0.3762770755767108,0.015392529874149156
RNU1-41P,Pseudogene,RNU1,0,0.005499999737367,0.41,0.36,1.18341049026695,-0.21145374731269095
RNU1-48P,Pseudogene,RNU1,0.042881830539582,-0.0410000011324883,0.41,0.36,1.1387386212567894,-0.20371694215512753
RNU6-789P,Pseudogene,RNU6,1.9750866654407508,-0.166999995708466,0,0.37,-0.09028072112023255,0.05254139843526754
RNU6-34P,Pseudogene,RNU6,2.012640681960572,-0.152999997138977,0,0.38,-0.5471325339653246,0.09233228144115667
RNU1-107P,Pseudogene,RNU1,0.0225547290500399,-0.368000000715256,0,0.39,1.3912034098881767,-0.2527621231287083
RNU1-128P,Pseudogene,RNU1,0,-0.0200000004842877,0,0.39,1.199533159671287,-0.21461913526661835
RNU1-40P,Pseudogene,RNU1,0,-0.116500001400709,0,0.39,1.2577959947918669,-0.22630155096886195
RNU1-86P,Pseudogene,RNU1,0.0451094581000798,-0.295000001788139,0,0.39,1.2882710966524094,-0.23468320141020726
RNU1-95P,Pseudogene,RNU1,0,0.0090000003110617,0,0.39,1.1811940132936989,-0.2110189927288055
RNU1-97P,Pseudogene,RNU1,0,-0.0500000007450581,0,0.39,1.2184524856516783,-0.21833900482999863
RNU6-328P,Pseudogene,RNU6,2.424846153342028,-0.225499995052814,0,0.39,-0.23434730924294833,0.08828143968687026
RN7SL725P,Pseudogene,RN7SL,0.0134109199756994,-0.163000002503395,0,0.39,1.2639208363336933,-0.22805767845272232
RN7SL818P,Pseudogene,RN7SL,0,-0.164000004529953,0,0.39,1.2901953467471345,-0.2324932688295446
RN7SKP159,Pseudogene,RN7SK,2.105468508376672,-0.178000003099442,0,0.39,-0.45757864737471055,0.0885873442378864
RNU6-12P,Pseudogene,RNU6,1.5581734311952813,0.555999994277954,0,0.4,-1.0036180488517434,0.1272914854219875
RNU6-42P,Pseudogene,RNU6,1.5581734311952813,0.592000007629395,0.05,0.4,-0.9742651691018805,0.12677390448596845
RN7SL524P,Pseudogene,RN7SL,1.933541739029756,0.146999999880791,0.3,0.4,5.218253488220779,0.12696240441661813
RN7SKP123,Pseudogene,RN7SK,0.7877878558921161,0.734000027179718,0,0.4,1.7582083064846221,0.12631965905273385
RNU2-63P,Pseudogene,RNU2,4.149832727006819,-0.462999999523163,44.96,0.41,0.46526942120841924,0.32068997937352606
RNU6-231P,Pseudogene,RNU6,1.3826267885626415,0.528999984264374,0,0.41,0.08543598044718323,0.0646247919786115
RNU6-513P,Pseudogene,RNU6,1.9371042295668903,0.28600001335144,2.93,0.41,-0.40529910292780286,0.1360220572314639
RNU6-1218P,Pseudogene,RNU6,2.315618849137432,-0.421000003814697,0,0.42,-0.3298420563876754,0.07750709571244187
RNU6-830P,Pseudogene,RNU6,1.9152548425108664,0.29899999499321,0,0.42,-0.21940828442735363,0.08751462085433812
RNU2-58P,Pseudogene,RNU2,1.8790677546279164,0.195999994874001,0.76,0.43,0.7116482067684012,0.12547310137727244
RNU6-1078P,Pseudogene,RNU6,0.6744520919817764,0.574000000953674,0,0.43,-0.944050512372454,0.0836777327761001
RNU6-36P,Pseudogene,RNU6,2.142488467893512,0.0850000008940697,0.03,0.43,-0.7048961669269844,0.12380398524364192
RN7SKP183,Pseudogene,RN7SK,0.9005184413312235,0.593999981880188,0,0.43,-0.6776856077595836,0.07695532670656573
RN7SKP233,Pseudogene,RN7SK,1.4209479301525152,0.557000011205673,0,0.43,-0.4291322148371941,0.08525148813235407
RN7SL759P,Pseudogene,RN7SL,2.0361476087242933,-0.125500001013279,0.02,0.44,-0.04682105767348666,0.07338465426027152
RN7SKP176,Pseudogene,RN7SK,2.053473319046402,0.0850000008940697,2.99,0.44,-0.6833351763224523,0.11644240120037223
RN7SKP277,Pseudogene,RN7SK,1.2028126177498322,0.523999989032745,0,0.44,0.5390232496775655,-0.005584931898604378
RNU6-1151P,Pseudogene,RNU6,1.9152548425108664,0.206000000238419,0,0.45,1.137076795049523,0.12552331508438008
RN7SL5P,Pseudogene,RN7SL,1.9801787354773368,0.0149999996647239,215.75,0.46,-0.2649383262625655,0.12816759284857226
RN7SKP12,Pseudogene,RN7SK,0.6558221216088531,0.734000027179718,0,0.46,1.6767309531426924,0.12645310442336963
RNU6-751P,Pseudogene,RNU6,1.3412247789558394,0.764999985694885,0,0.48,1.0053758744455878,0.12602667174611196
RNU6-842P,Pseudogene,RNU6,1.9477167889941016,0.146999999880791,0,0.49,-0.7700119604692709,0.1188754001986215
RNU4ATAC12P,Pseudogene,RNU4ATAC,1.106578919056826,0.592999994754791,0.62,0.49,0.5599064793594307,-0.007489094137366799
RN7SL123P,Pseudogene,RN7SL,1.9151436714612664,0.25,0.23,0.49,4.224270661181115,0.1267373727025417
RNU1-52P,Pseudogene,RNU1,1.1225103567464991,0.622500002384186,0,0.5,0.5709588460128294,-0.005439516873500798
RNU6-1059P,Pseudogene,RNU6,1.205066952102133,0.947000026702881,0,0.5,-0.22466414945942287,0.08008611224912825
RNU4ATAC10P,Pseudogene,RNU4ATAC,0.8256509830940844,0.737000018358231,0,0.5,0.6008943142079888,-0.015899248947367644
RNU5F-1,Functional,RNU5,4.92811190970274,-0.423000007867813,3.73,0.51,0.5459589269057318,0.4318155508659421
RNU6-194P,Pseudogene,RNU6,2.2163780413172565,0.0120000001043081,0,0.51,0.9552451910824209,0.1254455748238596
RNU4ATAC2P,Pseudogene,RNU4ATAC,0.9648411871405967,0.75,0,0.51,0.6118871036628524,-0.00794450896244503
RN7SKP80,Pseudogene,RN7SK,2.0742380857114453,0.0769999995827675,4.44,0.51,-0.4461313330579996,0.1712783834031447
RNU4ATAC13P,Pseudogene,RNU4ATAC,1.1026756424463962,0.865000009536743,0,0.53,-0.1561930444554485,0.09675437416868261
RN7SL275P,Pseudogene,RN7SL,1.9803725381429085,0.0640000030398369,0.06,0.53,3.58717408165465,0.126284368892155
RNU2-4P,Pseudogene,RNU2,1.3025356026398056,0.78600001335144,1.35,0.54,0.028773206235238682,0.12599938026403257
RNU6-693P,Pseudogene,RNU6,0.6817008761479356,0.801999986171722,0.67,0.54,0.6203535235513773,-0.020403721989922362
RNU4ATAC16P,Pseudogene,RNU4ATAC,1.3507776619968357,0.663500010967255,2.33,0.54,0.5924047857992147,0.008015947898012377
VTRNA1-1,Functional,VTRNA,2.631385055837991,0.115000002086163,0,0.54,0.6232779310798683,0.07689010104378917
RN7SL52P,Pseudogene,RN7SL,2.3604635803707272,-0.0590000003576279,0,0.54,0.2823235003329103,0.12525023505158409
RN7SL96P,Pseudogene,RN7SL,2.160153272693576,0.101000003516674,0.39,0.54,4.677836713379366,0.12688460399883586
RNU6-202P,Pseudogene,RNU6,0.9407201574620816,0.87950000166893,0,0.55,0.6586822304225451,-0.0034020843302954976
RNU6-417P,Pseudogene,RNU6,1.9477167889941016,0.177000001072884,0,0.55,-0.4789819070070961,0.1374257588871277
RNU4ATAC11P,Pseudogene,RNU4ATAC,1.2956438798745156,0.754999995231628,2.54,0.55,0.6229340595178721,0.009127553566059075
RNU4ATAC18P,Pseudogene,RNU4ATAC,1.4059114441191551,0.784000009298325,2.21,0.55,0.22377918884412165,0.06342744743719828
RNU4ATAC4P,Pseudogene,RNU4ATAC,0.6616053854678376,0.838499993085861,0,0.55,0.6333019588599761,-0.019748967894056432
RNU4ATAC9P,Pseudogene,RNU4ATAC,1.3783445530579952,0.825999975204468,0,0.55,0.6473999422162847,0.016687233683158928
RNU6ATAC23P,Pseudogene,RNU6ATAC,0.7906991192176597,0.880999982357025,0,0.55,0.6531694500932992,-0.011106171749769703
RNU4-63P,Pseudogene,RNU4,1.707278304025056,0.819499999284744,0,0.56,0.6576601162409967,0.03326642512641183
RNU4-86P,Pseudogene,RNU4,2.236316833756013,0.140000000596046,0.11,0.56,1.1121242812929122,0.12522310970403105
RNU6-758P,Pseudogene,RNU6,2.224555186530904,0.30799999833107,0.63,0.56,-0.15660052876243738,0.13778997763786877
RNU4ATAC5P,Pseudogene,RNU4ATAC,1.1026756424463962,1.06950002908707,0,0.56,1.728204652986356,0.1262693212929199
RNU11-4P,Pseudogene,RNU11,0.9924080782017566,0.885999977588654,0.89,0.56,0.6630980715064061,-4.1375592668571007e-4
RNU6-437P,Pseudogene,RNU6,1.9743697555803368,0.305000007152557,0.28,0.59,-0.36056938421864454,0.1713246444031706
RN7SL850P,Pseudogene,RN7SL,2.124639974981768,0.165000006556511,0,0.59,4.03593760789479,0.1266388462912359
RN7SKP253,Pseudogene,RN7SK,1.0004372697729682,0.791999995708466,3.04,0.59,0.6282737142069201,-0.00426018662499542
RNU6-1077P,Pseudogene,RNU6,2.00913988381042,0.277999997138977,0,0.61,-0.40442309772281915,0.15692793534187835
RNU6-1194P,Pseudogene,RNU6,1.2691372538541694,1.66500002145767,0,0.62,-0.5546980839815084,-0.07502209071509655
RN7SL134P,Pseudogene,RN7SL,2.5219611228229457,0.152999997138977,0.43,0.62,4.748207385055589,0.12673783726273097
RN7SKP261,Pseudogene,RN7SK,2.423903183809326,0.263999998569489,0.05,0.62,-0.0769353662522528,0.15387001615012802
RNU1-108P,Pseudogene,RNU1,2.416297929534712,0.449000000953674,3.46,0.63,0.356582441617175,0.12030838269323801
RNU6-319P,Pseudogene,RNU6,2.026166492995253,0.214000001549721,0,0.63,-0.3137729164405861,0.09598164716353778
RN7SL584P,Pseudogene,RN7SL,1.9647675083590328,0.266999989748001,0,0.64,0.7781649064246758,0.12532428473828439
RN7SL787P,Pseudogene,RN7SL,2.066934430480067,0.293999999761581,0.09,0.64,0.6954742377780795,0.12544527722683735
RN7SL318P,Pseudogene,RN7SL,2.0115476871294864,0.305000007152557,0.19,0.65,1.2265378454666713,0.12554958987566162
RN7SL381P,Pseudogene,RN7SL,2.0397649258341475,0.305000007152557,12.82,0.65,-0.30094647022793547,0.16735756263842094
RN7SL774P,Pseudogene,RN7SL,2.060102286473992,0.316000014543533,0.23,0.66,4.767669977573578,0.12680483228615563
RNU6-397P,Pseudogene,RNU6,2.003900927138162,0.253000006079674,0,0.67,0.504935402034588,0.02825355675364348
RNU6-457P,Pseudogene,RNU6,2.304798200309687,0.305000007152557,0,0.67,-0.29723770425492707,0.11538103028814785
RN7SL440P,Pseudogene,RN7SL,2.136715352046639,0.282999992370605,0.31,0.67,4.213846502670673,0.12659074631678205
RNU6ATAC20P,Pseudogene,RNU6ATAC,1.0392934992191625,3.83100008964539,0.41,0.68,1.1371685952902477,-0.8627532546377741
RNU6ATAC27P,Pseudogene,RNU6ATAC,0.700523349318887,4.58400011062622,1.24,0.68,1.3514076801191348,-1.2703182734590934
RNU7-1,Functional,RNU7,5.568511994354301,0.118000000715256,1.53,0.68,0.20372391621578784,-0.01610468439454541
RNU6ATAC29P,Pseudogene,RNU6ATAC,1.1948593261549147,3.97699999809265,0.54,0.69,1.1722320749839645,-0.9252764299874594
RNU4ATAC15P,Pseudogene,RNU4ATAC,1.0751087513852364,1.42249995470047,0,0.7,0.7442566511385822,-0.17470485684561632
RNU6ATAC26P,Pseudogene,RNU6ATAC,0.8545736228959571,5.06799983978271,0,0.7,1.316710886411423,-1.1882542870774313
RNU6ATAC30P,Pseudogene,RNU6ATAC,1.281182559973579,3.994500041008,0.2,0.7,1.2059852392793864,-0.9980156148522766
RNU6ATAC37P,Pseudogene,RNU6ATAC,1.2196771037441436,3.84699988365173,0,0.7,1.1402916894857844,-0.8665889203084336
RNU6ATAC41P,Pseudogene,RNU6ATAC,1.0199749692629163,3.64549994468689,0,0.7,1.1392076373548874,-0.8682432196426461
RNU11-3P,Pseudogene,RNU11,0.9924080782017566,1.46899998188019,3.95,0.7,-0.16648300275762917,-0.0856588701264952
RNU12-2P,Pseudogene,RNU12,0.9796848977119904,3.99199998378754,1.99,0.7,1.2245088906155215,-1.0358639436497774
RNU11-6P,Pseudogene,RNU11,1.1229880884914614,1.43599998950958,1.99,0.71,0.7459696958422553,-0.17760819648568282
RNU1-4,Functional,RNU1,0.0211794406933301,0.266000002622604,4585.69,0.72,-1.277866337875803,0.08033290556576538
RNU6ATAC8P,Pseudogene,RNU6ATAC,1.0199749692629163,4.30100011825562,0,0.72,1.2236258473532684,-1.034437871102709
RN7SL471P,Pseudogene,RN7SL,1.568270290803779,0.677999973297119,640.66,0.72,0.4746549159774023,0.1257986622001864
RNU6ATAC16P,Pseudogene,RNU6ATAC,0.9312814936748368,1.56450003385544,2.28,0.74,0.772377041135411,-0.2238566486978232
RN7SL3,Functional,RN7SL,1.4637189380835274,0.266999989748001,100883.77,0.75,0.16017971822184632,-15.798767550590265
RNU1-61P,Pseudogene,RNU1,2.461303478718926,0.397000014781952,0.15,0.76,0.5917587761359973,0.05737314979295668
RNU6ATAC18P,Pseudogene,RNU6ATAC,1.10049212632274,2.10999989509583,0.99,0.76,0.8702659160981817,-0.3895163949719487
RNU6ATAC2P,Pseudogene,RNU6ATAC,1.3783445530579952,4.34450006484985,1.25,0.76,1.1404706986180886,-0.8807933234475607
RNU6ATAC6P,Pseudogene,RNU6ATAC,1.2956438798745156,3.93299996852875,1.06,0.76,1.0966558878493478,-0.8009326852325364
RNU1-3,Functional,RNU1,0,0.446000009775162,3848.22,0.77,-1.1511233499356304,0.078756916647731
RNU6ATAC4P,Pseudogene,RNU6ATAC,0.9372742960794368,4.60549998283386,0.24,0.77,1.2247483626547588,-1.0390409035405832
RNU6ATAC11P,Pseudogene,RNU6ATAC,1.3615838832928102,4.96299982070923,0,0.78,1.221418354342883,-1.0296576863301115
RNU6ATAC15P,Pseudogene,RNU6ATAC,1.0334166764745565,3.10999989509583,0,0.78,1.0181928496014823,-0.6584189304328542
RNU6ATAC21P,Pseudogene,RNU6ATAC,0.909707405018277,3.2335000038147,0,0.78,1.0491096508189033,-0.7171551753925984
RNU6ATAC25P,Pseudogene,RNU6ATAC,1.157809424568716,2.03200006484985,0,0.78,0.8436484571870407,-0.3457292370421022
RNU6ATAC31P,Pseudogene,RNU6ATAC,0.9372742960794368,3.08400011062622,0,0.78,1.0308615946535216,-0.682149197107808
RNU6ATAC33P,Pseudogene,RNU6ATAC,0.9372742960794368,4.03550004959106,0,0.78,1.1497303409273378,-0.9013014466230194
RNU6ATAC34P,Pseudogene,RNU6ATAC,1.0908287140564763,5.07399988174438,0,0.78,1.266085259213156,-1.1137560236948276
RNU6ATAC38P,Pseudogene,RNU6ATAC,1.0751087513852364,4.13849997520447,0,0.78,1.1539194839039821,-0.9069644161199187
RNU6ATAC3P,Pseudogene,RNU6ATAC,1.130242533507556,5.24600005149841,0,0.78,1.283309501071863,-1.145083367213316
RNU6ATAC5P,Pseudogene,RNU6ATAC,1.157809424568716,4.0475001335144,0,0.78,1.1267686315192278,-0.8573488348678449
RNU6ATAC7P,Pseudogene,RNU6ATAC,1.285441959560543,3.92899990081787,0,0.78,1.103248808936734,-0.8123669988371734
NMTRS-TGA3-1,Functional,TRNA,0.9564512637741568,3.51699995994568,0,0.78,1.0824573896633085,-0.7775119421557192
VTRNA1-3,Functional,VTRNA,2.029418766659772,0.328999996185303,1.76,0.8,0.5321972903509208,0.031741066000206035
RN7SKP70,Pseudogene,RN7SK,1.3586103210806335,2.08200001716614,4.48,0.8,0.8619768380320495,-0.3533505318716367
RNU5E-4P,Pseudogene,RNU5,3.9365520435336334,0.38400000333786,0,0.83,0.5570549090175161,0.1613800609366594
RN7SK,Functional,RN7SK,3.3251721888528367,0.194999992847443,344.31,0.83,-1.1224635397515454,-24.329175103152078
VTRNA1-2,Functional,VTRNA,3.161210001912337,0.405000001192093,0,0.87,0.5365397387037549,0.08570534338292961
RNU5A-8P,Pseudogene,RNU5,4.143738993193299,0.683499991893768,0,0.88,0.5957906258978445,0.11319321310657188
RNU6-1334P,Pseudogene,RNU6,0.0992408078201756,1.81200003623962,0,0.89,0.9915652247713989,-0.6133624539589468
RNU6ATAC10P,Pseudogene,RNU6ATAC,1.345562304228508,3.58699989318848,16.48,0.89,1.0466440887576214,-0.7086308595324831
MT-TF,Functional,TRNA,0,1.69700002670288,0,0.89,0.9782776116826745,-0.5871454512632599
NMTRQ-TTG12-1,Functional,TRNA,1.9779244336382231,2.12349998950958,0,0.91,0.914587795055516,-0.3377557104292508
RNU5E-6P,Pseudogene,RNU5,4.288928824924113,0.725000023841858,2.52,0.92,0.6018240140372223,0.12665142317333236
RNU1-1,Functional,RNU1,3.388710510932828,0.328999996185303,3848.22,0.94,0.31236860571298536,0.08928961983222372
RNU6-7,Functional,RNU6,2.8241893440414474,2.88700008392334,0.47,0.95,0.7977035540394585,-8.818508444205408
MT-TD,Functional,TRNA,0,1.89650005102158,16.51,0.95,1.0013403767180051,-0.6326233422045648
MT-TL1,Functional,TRNA,0,3.49600005149841,0,0.96,1.198793601324708,-0.9988248684490797
RNU2-1,Functional,RNU2,2.235557559140659,0.808000028133392,5154.1,0.97,0.8650480831997587,0.12535680660736756
RNU6-1,Functional,RNU6,3.733123845572029,2.71600008010864,0.98,0.97,-1.7844729808451387,-34.90111586283916
RNU5A-1,Functional,RNU5,4.126551538847475,1.55200004577637,3.54,0.98,0.6559685387044807,-0.05685546260723843
RNU6-2,Functional,RNU6,4.122667203370849,2.47699999809265,0.98,0.98,0.5826094363410989,-8.518898731943757
RNU6-8,Functional,RNU6,3.8954335779882032,1.48800003528595,1.75,0.98,0.2191446231800388,-7.834547765533519
RNU6-9,Functional,RNU6,4.9342158654517245,2.90599989891052,0.98,0.98,0.4743553838846271,-8.245546050300844
RNY3,Functional,RNY,3.166949308379135,1.97699999809265,1.8,0.98,1.110402542617447,-1.2679566594533487
RNY4,Functional,RNY,2.7136158388329283,2.55200004577637,0,0.98,1.0555866866357098,-1.9997828968841866
RNU1-2,Functional,RNU1,3.367531070239497,0.284000009298325,3848.22,0.99,0.7203032450974975,0.13751526638684966
RNU5D-1,Functional,RNU5,5.142035973819886,2.70050001144409,6.68,0.99,0.7069722714071545,-0.17753958107713547
RNU5E-1,Functional,RNU5,5.425437551491421,1.02399998903275,6.33,0.99,0.7219286395279197,0.3999972915910515
RNU11,Functional,RNU11,4.013739338504882,5.12800002098083,15.59,0.99,1.0518074169043334,-0.830909851372802
RNU1-27P,Pseudogene,RNU1,0,0.898999989032745,6836.16,1,0.8287882837407955,-0.40555598911336815
RNU1-28P,Pseudogene,RNU1,0,1.32599997520447,6836.16,1,0.9064137652545293,-0.5025194348283448
RNU2-2,Functional,RNU2,4.9828238062590815,1.35500001907349,37897.85,1,0.9584536406488923,-0.2570520351479463
RNU4-1,Functional,RNU4,4.5274340946928415,2.8840000629425,2273.06,1,0.8415549469732025,-0.37248844008867715
RNU4-2,Functional,RNU4,3.928567150950402,2.83999991416931,9032.84,1,0.8991945770206262,-0.41163914220199216
RNU5B-1,Functional,RNU5,4.215613802275837,2.5200001001358,17.2,1,0.7248167791217434,-0.2683481300757193
RNU4ATAC,Functional,RNU4ATAC,4.836080904160099,3.65599989891052,21.99,1,0.8973432209630371,-0.5492594886715237
RNU6ATAC,Functional,RNU6ATAC,4.245301223418625,7.1085000038147,167.93,1,1.3971474514876063,-2.219773803328217
RNU12,Functional,RNU12,4.492300567326618,6.10249996185303,89.68,1,1.113928498247361,-0.9299045347953125
RNY1,Functional,RNY,3.87302621669889,2.04900002479553,461.11,1,0.9941207429477797,-1.0570879764550467
MT-TA,Functional,TRNA,0,1.93099999427795,848.15,1,1.0038446837892923,-0.6404761669511577
MT-TC,Functional,TRNA,0,1.03649997711182,850.15,1,0.9008349600277243,-0.43544802766931456
MT-TE,Functional,TRNA,0,1.73800003528595,134.35,1,0.9827656539323857,-0.5964922066284565
MT-TG,Functional,TRNA,0,0.828999996185303,306.57,1,0.8198236208368784,-0.39043034184496184
MT-TH,Functional,TRNA,0,1.03799998760223,1153.94,1,0.899740440037473,-0.43579256972382663
MT-TI,Functional,TRNA,0,3.79900002479553,415.64,1,1.2365588770872786,-1.0681462586897803
MT-TK,Functional,TRNA,0,1.44749999046326,31.43,1,0.9438111399408857,-0.5302682541477536
MT-TL2,Functional,TRNA,0,4.61299991607666,112.81,1,1.3378325023080972,-1.2540184996793484
MT-TM,Functional,TRNA,0,5.76999998092651,34.77,1,1.4817247180924475,-1.5180531888771314
MT-TN,Functional,TRNA,0,1.98199999332428,656.69,1,1.0101456563312736,-0.652095574796484
MT-TP,Functional,TRNA,0,0.754499971866608,300.57,1,0.9780187091346564,-0.37401903695587213
MT-TQ,Functional,TRNA,0,2.08150005340576,363.47,1,1.0222085703746706,-0.6747503902289606
MT-TR,Functional,TRNA,0,2.04900002479553,400.09,1,1.0183693226473347,-0.6673533479929847
MT-TS1,Functional,TRNA,0,3.55900001525879,2004.02,1,1.2066960595094467,-1.013350248041195
MT-TS2,Functional,TRNA,0,1.0900000333786,99.13,1,0.9130007161975696,-0.449099474890991
MT-TT,Functional,TRNA,0,1.18999999761581,229.69,1,0.9234079062556448,-0.47182070267899656
MT-TV,Functional,TRNA,0,1.23300004005432,31.01,1,0.9289903314832226,-0.48159678472577755
MT-TW,Functional,TRNA,0,2.15200006961823,136.41,1,1.0307111144767092,-0.6907890329904635
MT-TY,Functional,TRNA,0,2.32850003242493,1314.03,1,1.0532277068188896,-0.7315285233216947
RN7SL1,Functional,RN7SL,3.1597742155453923,0.28600001335144,2362115.65,1,0.030019776647987058,-12.908667303581591
RN7SL2,Functional,RN7SL,2.8945235614217903,0.305000007152557,3901077.06,1,0.18753831215372807,-10.560919194717973
