Gene,Gene_Type,Gene_group,enrichment_intergenic_dbsnp,PhyloP100_median,ENCODE_max,functional_probability,MDS1,MDS2
RNU1-101P,Pseudogene,RNU1,1.2033924727800829,0.437000006437302,0,0,-0.37761911927477865,-0.5517171103914609
RNU1-103P,Pseudogene,RNU1,1.6116707189996529,0.30799999833107,1.58,0,-0.340836656078463,-0.7702150204849103
RNU1-104P,Pseudogene,RNU1,1.4092194710464945,-0.23199999332428,1.04,0,-0.7118548372026505,-1.0718421825735562
RNU1-105P,Pseudogene,RNU1,1.4238898513329552,-0.133000001311302,0,0,-0.6930868534277794,-1.0763723573903083
RNU1-109P,Pseudogene,RNU1,1.4649833535359265,-0.0920000001788139,2.47,0,-0.6708075186818927,-1.076012237955421
RNU1-112P,Pseudogene,RNU1,1.1648692381331596,0.146999999880791,0,0,-0.7643843433263596,-1.108457601228974
RNU1-115P,Pseudogene,RNU1,0.6512678013199028,0.252000004053116,0,0,-0.9635090800149154,-1.1471867705242416
RNU1-117P,Pseudogene,RNU1,1.1211698858165415,0.30799999833107,0,0,-0.7618196220800475,-1.1201604987175944
RNU1-119P,Pseudogene,RNU1,1.3262180681423474,0.300000011920929,0.47,0,-0.6779687010656433,-1.106575209152188
RNU1-123P,Pseudogene,RNU1,1.128864188954498,-0.211499996483326,0.12,0,-0.8252758293462046,-1.0909447355331474
RNU1-124P,Pseudogene,RNU1,1.4851900204812496,0.204999998211861,1.32,0,-0.624348868839234,-1.0911345092932576
RNU1-129P,Pseudogene,RNU1,1.0399485849419603,-0.152999997138977,1.38,0,-0.8545709759199422,-1.0998826958926378
RNU1-130P,Pseudogene,RNU1,0.8466481417158735,0.30799999833107,0,0,-0.8754519373819235,-1.1377583698499276
RNU1-131P,Pseudogene,RNU1,1.4023157626763951,-0.196999996900558,0,0,-0.7102269141251862,-1.0742168110210466
RNU1-132P,Pseudogene,RNU1,0.8048187463465466,0.305000007152557,0.16,0,-0.8931504939041992,-1.1402743929282153
RNU1-133P,Pseudogene,RNU1,0.7695619528570508,0.26800000667572,0,0,-0.9124913002360311,-1.1404883044746663
RNU1-134P,Pseudogene,RNU1,1.2841159072489396,0.194999992847443,2.63,0,0.32984465866603807,0.7204867476845516
RNU1-136P,Pseudogene,RNU1,1.355484204373131,0.212999999523163,0,0,-0.4959192016845292,-0.7717181456143886
RNU1-139P,Pseudogene,RNU1,1.3893713094824591,0.238000005483627,0,0,-0.6597830824441911,-1.0990975208877931
RNU1-140P,Pseudogene,RNU1,1.2630648268022358,-0.101999998092651,0,0,-0.7556801923337023,-1.0883958172324957
RNU1-141P,Pseudogene,RNU1,0.8133977602982752,0.30799999833107,0.05,0,-0.3422760213400887,-0.14559814805291799
RNU1-142P,Pseudogene,RNU1,0.6707309769915321,-0.003000000026077,0,0,-0.9881641841271377,-1.1318402916485324
RNU1-143P,Pseudogene,RNU1,0.9754147891914526,-0.149999998509884,1.44,0,-0.8808982539973141,-1.1041855983928932
RNU1-146P,Pseudogene,RNU1,1.1999115854621238,0.214000001549721,0.6,0,-0.7412820989075698,-1.109917413966225
RNU1-148P,Pseudogene,RNU1,1.3507776619968357,-0.0219999998807907,0.38,0,0.2853896364956504,0.31373427421509525
RNU1-149P,Pseudogene,RNU1,1.121852610141116,0.282999992370605,0.33,0,-0.39115113369050414,-0.37462728682862745
RNU1-150P,Pseudogene,RNU1,1.0077230176801788,-0.197999998927116,0,0,-0.8736882936610526,-1.0994563930617742
RNU1-151P,Pseudogene,RNU1,1.5838832928100035,-0.034000001847744,0.29,0,-0.6141601143699406,-1.0715906894017315
RNU1-15P,Pseudogene,RNU1,1.2784145729612908,-0.133000001311302,0,0,-0.7533031862166867,-1.0856978671422195
RNU1-16P,Pseudogene,RNU1,1.1225103567464991,0.306500002741814,4.48,0,-0.7614388974536181,-1.1200048021767686
RNU1-17P,Pseudogene,RNU1,1.2339810972377103,-0.0469999983906746,0,0,-0.7606633572400487,-1.0933011142730036
RNU1-18P,Pseudogene,RNU1,1.080151475359839,0.214000001549721,1.14,0,-0.7908519920757772,-1.117596072248225
RNU1-19P,Pseudogene,RNU1,1.5156777921626827,-0.0240000002086162,0.75,0,-0.6411076202203637,-1.076517164013443
RNU1-20P,Pseudogene,RNU1,1.0077230176801788,-0.20099999755621,0,0,-0.8740731342211443,-1.0992905247110636
RNU1-21P,Pseudogene,RNU1,1.3424906824753824,0.246999993920326,0.15,0,-0.6780331671131374,-1.102600790006316
RNU1-23P,Pseudogene,RNU1,1.399019721353865,0.30799999833107,0,0,-0.6468097155905519,-1.102349284469542
RNU1-24P,Pseudogene,RNU1,1.4314734703758671,-0.123999997973442,0,0,-0.6887932563514433,-1.0763838244937407
RNU1-29P,Pseudogene,RNU1,1.2680769888133556,0.211999997496605,1.59,0,-0.7133190304813761,-1.1054400869331809
RNU1-30P,Pseudogene,RNU1,0.6392812773692297,-0.233999997377396,0.86,0,-1.0308113305687117,-1.1210869939161368
RNU1-31P,Pseudogene,RNU1,0.9275632321828916,-0.19200000166893,0.72,0,-0.9060960764885162,-1.104928788059213
RNU1-33P,Pseudogene,RNU1,0.8361956955218505,-0.114000000059605,0.44,0,-0.4694288770715027,-0.24443502912894902
RNU1-34P,Pseudogene,RNU1,1.1725585892129031,-0.29899999499321,4.09,0,-0.8183977983924635,-1.0833175996877629
RNU1-35P,Pseudogene,RNU1,1.1805115701484947,-0.17399999499321,0,0,-0.799087497718515,-1.0897069478560724
RNU1-36P,Pseudogene,RNU1,1.094656183228604,0.296000003814697,0.44,0,-0.7743319599103684,-1.1211979460234862
RNU1-38P,Pseudogene,RNU1,0.9407201574620816,0.305000007152557,0,0,-0.6429041115775369,-0.901132190753127
RNU1-39P,Pseudogene,RNU1,1.1367583441220122,-0.13400000333786,5,0,-0.8120465788521187,-1.0947379668409543
RNU1-42P,Pseudogene,RNU1,1.5630427231677666,0.266999989748001,0,0,-0.09636563517979901,-0.10289493676105549
RNU1-43P,Pseudogene,RNU1,1.473575631269275,-0.0549999997019768,0,0,-0.6625146443053195,-1.0774998921367573
RNU1-44P,Pseudogene,RNU1,0.8736844124046139,-0.208000004291534,0,0,-0.9304534670867134,-1.107495874217455
RNU1-45P,Pseudogene,RNU1,1.330249126100227,0.266999989748001,0,0,-0.6805353014444199,-1.1044908680135341
RNU1-46P,Pseudogene,RNU1,1.1436897974398292,0.0255000004544854,0,0,-0.7887371626662937,-1.1030976113948654
RNU1-49P,Pseudogene,RNU1,1.2451912679323929,-0.0780000016093254,0,0,-0.7599998385042382,-1.0908685264614182
RNU1-51P,Pseudogene,RNU1,1.48015409390887,0.305000007152557,1.08,0,0.13915747605980688,-0.17370418341899463
RNU1-54P,Pseudogene,RNU1,0.9551927752691908,0.309499993920326,0,0,-0.8303298233412817,-1.1308831866048263
RNU1-55P,Pseudogene,RNU1,1.165137332319151,0.30799999833107,0.05,0,0.4534988274242151,0.9439907643232935
RNU1-56P,Pseudogene,RNU1,0.7836393056532164,0.0279999997001141,0.57,0,-0.7800224444719147,-0.853585299157909
RNU1-57P,Pseudogene,RNU1,1.0043648020355127,0.319000005722046,0.37,0,-0.808755956491155,-1.1282574137664079
RNU1-58P,Pseudogene,RNU1,1.2572531788261518,0.30799999833107,0.12,0,-0.7054904079116792,-1.1114374030523912
RNU1-62P,Pseudogene,RNU1,1.1436897974398292,0.284000009298325,0,0,0.5300316579023576,0.4279013002587636
RNU1-63P,Pseudogene,RNU1,1.016613153279848,-0.131500001996756,0,0,-0.8614777791405631,-1.1025632520516997
RNU1-65P,Pseudogene,RNU1,1.5020230372783343,-0.142000004649162,0,0,-0.66189984024132,-1.0708661223113705
RNU1-67P,Pseudogene,RNU1,0.8048187463465466,0.214000001549721,10.7,0,-0.22830868913719002,0.2797137583271938
RNU1-68P,Pseudogene,RNU1,1.2133208353357092,-0.0645000003278255,1.44,0,-0.7714542510893847,-1.093662180580462
RNU1-6P,Pseudogene,RNU1,1.0613253058546563,0.296999990940094,0.69,0,-0.5946823923171262,-0.7579314350007901
RNU1-70P,Pseudogene,RNU1,1.0589720346665086,-0.129000000655651,3.78,0,-0.8436081106713931,-1.0999972223445929
RNU1-72P,Pseudogene,RNU1,0.9534901143507074,-0.217999994754791,7.42,0,-0.8986721452978467,-1.1018489430737541
RNU1-73P,Pseudogene,RNU1,0.995433712586518,0.284000009298325,1.98,0,-0.8169360237909999,-1.1268995303360412
RNU1-74P,Pseudogene,RNU1,0.7312480576223469,-0.109999999403954,0.19,0,-0.6455187551374535,-0.7619110300210619
RNU1-75P,Pseudogene,RNU1,1.103957823425985,-0.17399999499321,0.16,0,-0.8307746059120552,-1.0946147997428959
RNU1-76P,Pseudogene,RNU1,1.2015003462505542,-0.180999994277954,0,0,-0.7912976112041459,-1.0879744624732157
RNU1-77P,Pseudogene,RNU1,1.3078958314572533,0.300999999046326,0.48,0,0.5095393458948083,0.9680151485711069
RNU1-78P,Pseudogene,RNU1,1.3051669876956435,0.305000007152557,0,0,-0.4991121818059096,-0.862325624809776
RNU1-7P,Pseudogene,RNU1,1.5037402892264422,0.214000001549721,0,0,-0.1872481925405897,-0.3483898922894113
RNU1-80P,Pseudogene,RNU1,1.4670380286460751,0.30799999833107,0,0,-0.08511841625358949,0.0056541571555011536
RNU1-82P,Pseudogene,RNU1,1.4946267117159788,-0.130999997258186,0.08,0,-0.6635499784369876,-1.0719486742165822
RNU1-83P,Pseudogene,RNU1,1.3131253229864706,-0.250999987125397,2.76,0,-0.7540612268119279,-1.0769567324290659
RNU1-84P,Pseudogene,RNU1,1.080151475359839,0.0649999976158142,0,0,-0.2054352198872209,0.08941928594956035
RNU1-88P,Pseudogene,RNU1,1.13971865230983,0.282999992370605,0,0,-0.7573487698355662,-1.117589216153705
RNU1-8P,Pseudogene,RNU1,0.7578388960813414,-0.0469999983906746,0,0,-0.4525953237338189,-0.19549976504702427
RNU1-91P,Pseudogene,RNU1,1.150706299264613,-0.229000002145767,3.22,0,-0.8184670140816724,-1.0885861192275688
RNU1-93P,Pseudogene,RNU1,0.6576905607017558,-0.0790000036358833,1.08,0,-1.0033068722779936,-1.1284774048944355
RNU1-94P,Pseudogene,RNU1,1.1444243445158986,0.263999998569489,0.7,0,-0.7578354174631535,-1.1162391212676828
RNU1-96P,Pseudogene,RNU1,0.8147547802520594,0.214000001549721,0,0,-0.9007118445087837,-1.1346056431541829
RNU1-98P,Pseudogene,RNU1,1.2808266759291422,-0.240000002086163,0,0,-0.7660307349152634,-1.0796272683936414
RNU2-10P,Pseudogene,RNU2,1.3334013752142089,0.119000002741814,0,0,-0.6982159710082874,-1.0961059553928283
RNU2-12P,Pseudogene,RNU2,1.0130832464976265,0.186000004410744,0,0,-0.8222099286983658,-1.1203439411125733
RNU2-13P,Pseudogene,RNU2,0.7684575826783514,-0.127000004053116,0.44,0,-0.7450031055027255,-0.7026890974150264
RNU2-14P,Pseudogene,RNU2,1.1638712540167198,0.238000005483627,0,0,0.44795622990177797,1.0093984398095692
RNU2-16P,Pseudogene,RNU2,1.123756206199048,0.284500002861023,0,0,-0.14330286320245367,0.013518249135209551
RNU2-17P,Pseudogene,RNU2,1.078590884992962,0.421000003814697,0.29,0,-0.7649474228666785,-1.1291385353518824
RNU2-18P,Pseudogene,RNU2,1.3722185772666264,-0.153499998152256,0.78,0,1.1938592319649335,2.261975595107519
RNU2-19P,Pseudogene,RNU2,0.7856563952430573,-0.300999999046326,0,0,-0.9788208155870953,-1.1079968786107266
RNU2-20P,Pseudogene,RNU2,1.0547583239526523,-0.104999996721745,0,0,-0.8422889868060025,-1.1015831752543725
RNU2-21P,Pseudogene,RNU2,0.6836002453570611,0.127500001341105,0,0,-0.966096657727367,-1.13823060001462
RNU2-22P,Pseudogene,RNU2,0.6553638252275752,0.30799999833107,1.25,0,1.0888687722315364,1.9856185645127435
RNU2-23P,Pseudogene,RNU2,1.0865596138260258,0.214000001549721,0.39,0,-0.7882025435012272,-1.1171830823563358
RNU2-24P,Pseudogene,RNU2,1.457382492464118,0.398999989032745,0,0,1.5902778396847523,2.564975455224996
RNU2-25P,Pseudogene,RNU2,1.4184680908328773,-0.0280000008642673,10.54,0,-0.6818186275268365,-1.082556284332507
RNU2-26P,Pseudogene,RNU2,0.9638308822325962,0.305000007152557,0,0,0.6322224063889671,1.1681128436384134
RNU2-27P,Pseudogene,RNU2,1.2230381245444182,-0.0794999990612268,1.38,0,-0.7693564386257659,-1.0922097475761083
RNU2-28P,Pseudogene,RNU2,1.249699061439249,-0.23199999332428,0,0,-0.7778890919754489,-1.0820649812589516
RNU2-29P,Pseudogene,RNU2,1.2129432066910355,0.284000009298325,0,0,-0.7269107730515276,-1.1129505386029797
RNU2-30P,Pseudogene,RNU2,1.3056148830242968,0.165999993681908,0.46,0,2.279540024993687,3.509495182214349
RNU2-31P,Pseudogene,RNU2,1.0756423041154524,0.0120000001043081,0,0,-0.8186357283748574,-1.1067133024306552
RNU2-32P,Pseudogene,RNU2,0.9820163705766074,-0.0799999982118607,0.08,0,-0.6476567663816493,-0.7807126708218823
RNU2-33P,Pseudogene,RNU2,1.230172513604261,-0.212999999523163,0.43,0,-0.6098318555784796,-0.8055078328955858
RNU2-34P,Pseudogene,RNU2,0.8037685261468772,-0.0309999994933605,0,0,-0.9366880260884499,-1.1217639816001532
RNU2-35P,Pseudogene,RNU2,0.7827443997084278,-0.0820000022649765,0.73,0,-0.3173265745827478,0.15267283567296067
RNU2-36P,Pseudogene,RNU2,1.254798695736776,0.206000000238419,0.18,0,1.6518407110401239,2.583893710187806
RNU2-37P,Pseudogene,RNU2,0.9026988733925584,0.30799999833107,0.44,0,-0.8522491581229744,-1.1341666013435938
RNU2-38P,Pseudogene,RNU2,0.9233163765547988,-0.0149999996647239,0,0,-0.8851513052418835,-1.1149851486067996
RNU2-39P,Pseudogene,RNU2,0.6139898463621979,-0.010499999858439,0,0,-1.0126130449539092,-1.1350629394057101
RNU2-3P,Pseudogene,RNU2,1.327540649112821,0.214000001549721,0,0,-0.6884552681722877,-1.1017341499751765
RNU2-40P,Pseudogene,RNU2,1.4177258260025094,0.156000003218651,0,0,-0.6585653263966039,-1.0927461531520803
RNU2-41P,Pseudogene,RNU2,0.8781138894200936,-0.0050000001210719,0,0,-0.9025790909186892,-1.1184356919220013
RNU2-42P,Pseudogene,RNU2,1.4139619521281666,-0.209999993443489,3.41,0,-0.7070599513452633,-1.0727615056262703
RNU2-43P,Pseudogene,RNU2,1.2979653022796658,-0.0685000009834766,0.04,0,-0.7369363471895403,-1.0880108809759688
RNU2-44P,Pseudogene,RNU2,1.342820208907016,0.239999994635582,2.44,0,-0.6787853815505984,-1.102199370104701
RNU2-45P,Pseudogene,RNU2,1.1144689648255022,-0.0920000001788139,0,0,0.03076847237819966,0.5137053110800518
RNU2-46P,Pseudogene,RNU2,1.13731722236396,0.212999999523163,0.44,0,-0.7673206099678396,-1.113874187061659
RNU2-47P,Pseudogene,RNU2,1.6246680635077144,0.0060000002849847,0,0,-0.12171313584014863,-0.3309538465463635
RNU2-48P,Pseudogene,RNU2,1.327540649112821,0.30799999833107,0.12,0,-0.6763964357327124,-1.106931713172071
RNU2-50P,Pseudogene,RNU2,1.4088030760486474,0.214000001549721,0,0,-0.654818450986755,-1.0965249243023552
RNU2-51P,Pseudogene,RNU2,1.0226337049490182,0.30799999833107,0.54,0,-0.4874005287340307,-0.4442910017684702
RNU2-53P,Pseudogene,RNU2,0.9451505506683398,0.0579999983310699,0,0,-0.3544492342956018,-0.15040502510675038
RNU2-54P,Pseudogene,RNU2,1.2614028993985489,-0.160000003874302,0.96,0,-0.7638044477259351,-1.0852983845207118
RNU2-56P,Pseudogene,RNU2,1.0968720864335204,0.30799999833107,0,0,-0.7718771685584838,-1.1217180785870575
RNU2-59P,Pseudogene,RNU2,1.545766509240956,0.146999999880791,0.4,0,0.07106385422316736,0.062280385304916634
RNU2-5P,Pseudogene,RNU2,1.2542935432827758,0.30799999833107,1.5,0,-0.23916033015165902,-0.20054332966511454
RNU2-60P,Pseudogene,RNU2,1.3025356026398056,0.306500002741814,0,0,-0.6869396413824794,-1.1084513435796963
RNU2-61P,Pseudogene,RNU2,1.0911293006406748,0.207000002264977,0,0,0.4398621781745432,0.3867236069283176
RNU2-62P,Pseudogene,RNU2,0.7637905104484723,0.164000004529953,0,0,-0.9282214092944259,-1.1351081699604937
RNU2-64P,Pseudogene,RNU2,1.618508462617001,0.206000000238419,0,0,-0.5690417016637642,-1.0826397083718673
RNU2-65P,Pseudogene,RNU2,1.351820733550501,0.239999994635582,0.11,0,1.8652795896111598,2.998467117246337
RNU2-68P,Pseudogene,RNU2,0.7819759987924836,0.252000004053116,0.71,0,-0.9094023617878301,-1.138809972596397
RNU2-69P,Pseudogene,RNU2,1.458839874956582,-0.198499999940395,0,0,0.3969576717591865,0.642651291147583
RNU2-6P,Pseudogene,RNU2,1.078590884992962,0.28999999165535,2.27,0,0.24862255093467656,0.515494591603372
RNU2-70P,Pseudogene,RNU2,0.8926128524607979,0.239999994635582,0,0,-0.8651489005527564,-1.131052175340172
RNU2-71P,Pseudogene,RNU2,1.157809424568716,-0.28999999165535,0,0,-0.6847795319092507,-0.8881267892711256
RNU2-72P,Pseudogene,RNU2,0.9163031642292292,-0.0309999994933605,1.97,0,-0.8900987153469718,-1.1145558799547872
RNU2-7P,Pseudogene,RNU2,1.1122775932654518,0.246999993920326,3.45,0,-0.773311407495079,-1.1173680091799134
RNU2-8P,Pseudogene,RNU2,1.0968720864335204,0.30799999833107,0,0,-0.7718771685584838,-1.1217180785870575
RNU2-9P,Pseudogene,RNU2,0.6228216214921369,0.282999992370605,0,0,-0.9713070723988083,-1.15072425019924
RNU4-10P,Pseudogene,RNU4,0.9924080782017566,-0.20100000500679,0,0,-0.8804124218419472,-1.1002722692323854
RNU4-11P,Pseudogene,RNU4,1.157809424568716,0.284000009298325,0,0,-0.7497322050456784,-1.1164848203627165
RNU4-12P,Pseudogene,RNU4,1.4993215569954594,0.263999998569489,0,0,-0.6109362793357883,-1.0934868245390805
RNU4-13P,Pseudogene,RNU4,1.3056148830242968,-0.136000007390976,0,0,-0.7424290499801084,-1.0837883567135287
RNU4-14P,Pseudogene,RNU4,1.281182559973579,-0.201999999582767,0.23,0,0.5176095095280325,1.0962893235686308
RNU4-15P,Pseudogene,RNU4,1.133175181492786,0.379000008106232,0,0,-0.7477423919334176,-1.123316467638775
RNU4-17P,Pseudogene,RNU4,1.0100039661131353,-0.0230000000447035,0,0,-0.8502951017961666,-1.1089858338824023
RNU4-18P,Pseudogene,RNU4,1.0723335610099518,-0.172999992966652,0,0,-0.34918318281646443,-0.2699061850997547
RNU4-20P,Pseudogene,RNU4,1.265155993734027,0.30799999833107,0,0,-0.5660796260389822,-0.8880504637262848
RNU4-21P,Pseudogene,RNU4,1.2680769888133556,0.30799999833107,1.24,0,0.7097815207124112,1.4140509003090689
RNU4-22P,Pseudogene,RNU4,1.067137602162732,0.238000005483627,0.58,0,-0.3432817226780519,-0.207527688802518
RNU4-23P,Pseudogene,RNU4,1.0420284821118444,0.305000007152557,0.74,0,-0.7949603069689147,-1.1250700657704755
RNU4-24P,Pseudogene,RNU4,1.0745137825134128,0.0140000004321337,0.78,0,-0.818843111203539,-1.1068985162623184
RNU4-25P,Pseudogene,RNU4,1.3742694474228672,0.207000002264977,2.34,0,-0.6700013073990646,-1.0983585100564022
RNU4-26P,Pseudogene,RNU4,1.5581734311952813,0.0890000015497208,0,0,-0.6090248664049668,-1.0800385411149267
RNU4-27P,Pseudogene,RNU4,1.3743780939125043,0.282000005245209,0.46,0,-0.4962461123298427,-0.7821534463682578
RNU4-28P,Pseudogene,RNU4,0.9853697230372052,0.187999993562698,0.14,0,0.5969342535520149,1.2776328854189303
RNU4-29P,Pseudogene,RNU4,0.9382248785298216,-0.0695000011473894,0.49,0,-0.8859695281297038,-1.1110176214419858
RNU4-30P,Pseudogene,RNU4,1.2873545350099709,0.239999994635582,0.14,0,0.30407981330251926,0.6597967161878462
RNU4-31P,Pseudogene,RNU4,1.428786098403947,0.146999999880791,0,0,-0.6551416894228698,-1.0915395428365138
RNU4-32P,Pseudogene,RNU4,1.2563463968724369,0.301999986171722,3.7,0,-0.5671282729474435,-0.8333940357633937
RNU4-33P,Pseudogene,RNU4,0.6946856547412297,0.300000011920929,0,0,-0.9393797495350223,-1.1470574188975646
RNU4-34P,Pseudogene,RNU4,1.2605183251352958,0.214000001549721,0,0,0.8000864066512836,1.5675639878727858
RNU4-35P,Pseudogene,RNU4,1.2563463968724369,0.282999992370605,0,0,-0.5124982551366484,-0.8096668293661811
RNU4-36P,Pseudogene,RNU4,1.399019721353865,0.30799999833107,0.75,0,-0.6468066543864204,-1.1023514887047399
RNU4-37P,Pseudogene,RNU4,1.364561107527415,-0.119500000029802,0,0,-0.7159129152496587,-1.0809219598827624
RNU4-38P,Pseudogene,RNU4,0.7808482165695992,-0.0930000022053719,5.73,0,-0.9541053785291111,-1.1198221519439473
RNU4-39P,Pseudogene,RNU4,1.0939931570728023,0.207000002264977,2.41,0,1.5962945228894319,2.873465398828714
RNU4-41P,Pseudogene,RNU4,1.2873545350099709,-0.0879999995231628,0.86,0,-0.743826561589926,-1.0876153361386118
RNU4-42P,Pseudogene,RNU4,0.8805874496719812,0.189999997615814,0,0,-0.42732497253891577,-0.25510310784841433
RNU4-43P,Pseudogene,RNU4,1.2169675703495997,-0.398999989032745,0,0,-0.8128603824331936,-1.0749298501563838
RNU4-44P,Pseudogene,RNU4,0.7636615353538341,0.30799999833107,0,0,-0.90980244120396625,-1.1430781218763226
RNU4-45P,Pseudogene,RNU4,1.4534203414798776,0.0035000001080334,0,0,-0.5139184548560786,-0.8280108978851443
RNU4-46P,Pseudogene,RNU4,1.4095071255619152,0.30799999833107,13.15,0,-0.12400854581350196,-0.12966783482308641
RNU4-47P,Pseudogene,RNU4,1.4929647843122915,0.30799999833107,0.66,0,0.7794741159659812,1.2768276360510065
RNU4-48P,Pseudogene,RNU4,0.7633908293859666,-0.10249999910593,0.43,0,-0.9625717793450413,-1.120400409351434
RNU4-49P,Pseudogene,RNU4,1.5382325212127226,-0.105000000447035,0,0,-0.6421653409645163,-1.0705906697113006
RNU4-4P,Pseudogene,RNU4,1.1489031982258795,0.0850000008940697,0.52,0,-0.7789443915214435,-1.1060546649809369
RNU4-50P,Pseudogene,RNU4,1.2563463968724369,-0.158000007271767,0.64,0,-0.7656422232141414,-1.0857321635449282
RNU4-51P,Pseudogene,RNU4,0.6450652508311419,0.30799999833107,0.93,0,-0.9588890022174056,-1.150683320785619
RNU4-52P,Pseudogene,RNU4,0.7802628730789173,0.211999997496605,0.55,0,0.2269554669661944,0.7477212404717948
RNU4-53P,Pseudogene,RNU4,1.0420284821118444,0.203999996185303,1.17,0,0.13797111105162907,0.6313351651894299
RNU4-54P,Pseudogene,RNU4,1.1308836239973503,0.115000002086163,0,0,-0.7825569179382054,-1.108866943184406
RNU4-55P,Pseudogene,RNU4,0.9887861509090494,0.305000007152557,0,0,-0.8170018343119255,-1.1284809236025488
RNU4-56P,Pseudogene,RNU4,0.8805874496719812,0.30799999833107,1.02,0,-0.8613993345373453,-1.1355857309596329
RNU4-57P,Pseudogene,RNU4,0.7461438513887281,0.0689999982714653,0,0,-0.9477124847596758,-1.1309868863260992
RNU4-58P,Pseudogene,RNU4,1.4041518553280172,0.30799999833107,0,0,-0.6446853801655653,-1.1020202954759484
RNU4-59P,Pseudogene,RNU4,0.9282437628007808,-0.0815000012516975,2.33,0,-0.8916328470696242,-1.1109993823241735
RNU4-5P,Pseudogene,RNU4,1.260725817863713,0.151999995112419,0.59,0,-0.7240627847109693,-1.1025910168589241
RNU4-60P,Pseudogene,RNU4,1.36364221115871,-0.0759999975562096,0.96,0,-0.710709163119669,-1.083388778320926
RNU4-61P,Pseudogene,RNU4,0.7141628226311706,0.347000002861023,0,0,-0.35776376873026206,-0.13655820577126584
RNU4-62P,Pseudogene,RNU4,1.442808667539477,0.0549999997019768,0.98,0,-0.3368000274590267,-0.4331053151521746
RNU4-64P,Pseudogene,RNU4,0.7954415893983545,-0.216999992728233,0,0,-0.96399490551453,-1.1120139273380159
RNU4-65P,Pseudogene,RNU4,1.5382325212127226,-0.207000002264976,0,0,-0.6552499262200634,-1.0649511431095484
RNU4-66P,Pseudogene,RNU4,1.2584885049659955,-0.0054999999701976,0,0,-0.745195417960267,-1.0940246108702105
RNU4-67P,Pseudogene,RNU4,1.0839066953409258,0.282999992370605,0,0,-0.7804509175823026,-1.1211669714590256
RNU4-68P,Pseudogene,RNU4,1.108540938416856,0.204999998211861,0.73,0,0.7067066402315892,0.8773688618106955
RNU4-69P,Pseudogene,RNU4,1.4816722006718532,0.0979999974370003,0,0,-0.6395363680347893,-1.0854401613321454
RNU4-6P,Pseudogene,RNU4,0.8541217066490528,0.305000007152557,0,0,-0.8727432570550803,-1.1371134184308138
RNU4-70P,Pseudogene,RNU4,1.1244911677465947,0.30799999833107,0,0,-0.7604448495398317,-1.1199475921167312
RNU4-71P,Pseudogene,RNU4,0.9836257058282896,-0.0240000002086162,0,0,-0.8613420901583709,-1.1106214895967654
RNU4-72P,Pseudogene,RNU4,1.2247348248328036,0.194999992847443,0.11,0,-0.7334463837191345,-1.107274210811193
RNU4-73P,Pseudogene,RNU4,1.3056148830242968,0.414000004529953,0,0,-0.6718749135265213,-1.1141975688989074
RNU4-74P,Pseudogene,RNU4,1.0787044328279962,0.305000007152557,0,0,-0.7797821139000157,-1.122716825232731
RNU4-75P,Pseudogene,RNU4,0.8088805568904728,0.30799999833107,0,0,-0.891085009075862,-1.140179413373872
RNU4-76P,Pseudogene,RNU4,1.0346382091890651,0.239999994635582,0,0,-0.806360587920259,-1.1219478184761462
RNU4-77P,Pseudogene,RNU4,0.4898424488559952,-0.0195000004023314,0,0,-1.0651556868267495,-1.142523646869796
RNU4-78P,Pseudogene,RNU4,1.461045226241475,-0.0819999985396862,2.87,0,-0.671153185661547,-1.0768187570903018
RNU4-79P,Pseudogene,RNU4,0.8621985076575545,0.214000001549721,0,0,-0.8810735436911251,-1.13156432268008
RNU4-7P,Pseudogene,RNU4,1.157809424568716,0.30799999833107,0,0,-0.7466534805649506,-1.1178117671683998
RNU4-81P,Pseudogene,RNU4,0.603025741962873,0.0179999992251396,0,0,-1.0134954110333163,-1.1373415295295322
RNU4-82P,Pseudogene,RNU4,1.3149407036173275,-0.0274999998509884,1.17,0,-0.7246456459738404,-1.089192883829537
RNU4-83P,Pseudogene,RNU4,1.2013360946652842,0.30799999833107,0,0,-0.36774384078715855,-0.4026267756064359
RNU4-84P,Pseudogene,RNU4,0.6746947006479569,0.30799999833107,0,0,-0.9466283307007225,-1.1487812289192076
RNU4-85P,Pseudogene,RNU4,1.4402019671464517,0.26800000667572,1.28,0,-0.6348892034186864,-1.0975015317350203
RNU4-87P,Pseudogene,RNU4,0.6353832207999052,0.207999996840954,1.11,0,-0.9757239583575567,-1.1457755565272552
RNU4-88P,Pseudogene,RNU4,1.37321582913964,0.282000005245209,0,0,-0.6608259619860861,-1.1025658845449176
RNU4-89P,Pseudogene,RNU4,1.331916104954989,0.0579999983310699,0.53,0,-0.7066536986617675,-1.0928300661847634
RNU4-8P,Pseudogene,RNU4,0.7390272922779039,0.301999986171722,0,0,-0.5303364948405825,-0.5323841974964293
RNU4-90P,Pseudogene,RNU4,1.133175181492786,0.214000001549721,0,0,0.5363042240074106,1.0718064174487267
RNU5A-2P,Pseudogene,RNU5,0.9282437628007808,-0.0169999997597188,0,0,-0.8833682811961205,-1.1145587057525497
RNU5A-3P,Pseudogene,RNU5,1.310152769906705,0.30799999833107,0,0,0.5294999084016191,1.1504165126249422
RNU5A-4P,Pseudogene,RNU5,1.2829780110085771,0.0099999997764825,0,0,-0.7330701749027004,-1.0933117287427288
RNU5A-5P,Pseudogene,RNU5,0.898300415613659,0.193999998271465,0,0,-0.8686955480974013,-1.1281442655855771
RNU5A-6P,Pseudogene,RNU5,1.0779604987363909,-0.109000001102686,0,0,-0.8331980718844899,-1.0998746708776186
RNU5B-2P,Pseudogene,RNU5,1.2602704355924963,0.214000001549721,1.4,0,-0.7162945981785621,-1.1060505369777474
RNU5B-4P,Pseudogene,RNU5,0.7510115186391672,0.282999992370605,0.69,0,-0.3530292788510773,-0.11646437795400351
RNU5B-6P,Pseudogene,RNU5,1.6345544817440696,0.140000000596046,0,0,-0.5708662965970848,-1.077961993133849
RNU5E-10P,Pseudogene,RNU5,1.5600991398849648,0.310999989509583,0.63,0,-0.009790839490051417,-8.641572574389125e-4
RNU5E-3P,Pseudogene,RNU5,1.2769956888625544,-0.237499997019768,0,0,-0.7672957875663531,-1.0800110729700851
RNU5E-5P,Pseudogene,RNU5,1.3474506234204884,0.206000000238419,0,0,0.6481479089593942,1.0479352657685335
RNU5E-7P,Pseudogene,RNU5,1.454683635996592,0.354999989271164,0,0,-0.6177396763826155,-1.101379624079034
RNU5E-8P,Pseudogene,RNU5,1.3474506234204884,0.194999992847443,0,0,-0.19107369651845327,-0.1808269693686219
RNU5E-9P,Pseudogene,RNU5,0.5677719293558127,-0.145500004291534,0,0,-1.0490617818592598,-1.1305616014079938
RNU5F-2P,Pseudogene,RNU5,0.5930243394132448,-0.283500000834465,0,0,-1.0563117684298142,-1.1213128799937029
RNU5F-3P,Pseudogene,RNU5,1.2468716879970787,0.0829999968409538,0,0,-0.7386511458080433,-1.0996624107168727
RNU5F-4P,Pseudogene,RNU5,0.8531227338927381,0.284000009298325,0.33,0,0.7149880417701203,1.6736577991280144
RNU5F-6P,Pseudogene,RNU5,1.4073373177947324,0.0850000008940697,0,0,-0.671973321520075,-1.0894865425156488
RNU5F-7P,Pseudogene,RNU5,0.8155005512179653,-0.0810000002384186,0,0,-0.9382458214082221,-1.1182474410723369
RNU5F-8P,Pseudogene,RNU5,0.7197193720292019,0.284000009298325,0,0,-0.3940093879607823,-0.016646784596853315
RNU6-1000P,Pseudogene,RNU6,1.2779594591937713,0.0480000004172325,0,0,-0.49852847999128874,-0.5905025784549662
RNU6-1001P,Pseudogene,RNU6,0.9030913511635984,-0.211000002920628,0,0,-0.9186659438580095,-1.105444911043492
RNU6-1003P,Pseudogene,RNU6,1.0254883474751486,0.30799999833107,0,0,0.37319971949011554,0.7469036544058775
RNU6-1004P,Pseudogene,RNU6,1.032640838128855,0.264999985694885,0.5,0,-0.14453113617076588,0.07515378475004349
RNU6-1005P,Pseudogene,RNU6,1.168630073396461,-0.245000004768372,0.71,0,-0.4649314485108856,-0.2915647988549734
RNU6-1006P,Pseudogene,RNU6,1.0116781379726645,-0.0579999983310699,0,0,-0.6024374923234714,-0.5708123206292499
RNU6-1007P,Pseudogene,RNU6,0.8440106085641107,0.211999997496605,0,0,0.847164851468339,2.030869911884881
RNU6-1008P,Pseudogene,RNU6,0.9351537659978092,0.30799999833107,0,0,-0.4391942823419172,-0.19438731377301738
RNU6-1009P,Pseudogene,RNU6,1.103706180429991,-0.111000001430511,0,0,-0.27051744009371426,0.028868991438011714
RNU6-100P,Pseudogene,RNU6,1.1141185028868776,-0.247500002384186,2.87,0,-0.3599809439480946,-0.15620298029677174
RNU6-1010P,Pseudogene,RNU6,1.168630073396461,0.30799999833107,4.23,0,0.7724180584040727,1.291913947508922
RNU6-1011P,Pseudogene,RNU6,1.4607875917455764,0.214000001549721,0.54,0,-0.24637599502027363,-0.2187990339900424
RNU6-1012P,Pseudogene,RNU6,0.9878557475678036,0.465000003576279,0,0,-0.7968621157812832,-1.1373868818212
RNU6-1013P,Pseudogene,RNU6,0.9089345015305808,0.305000007152557,0,0,-0.6236759260623845,-0.6319947775247197
RNU6-1014P,Pseudogene,RNU6,1.0454007425717533,0.425999999046326,0,0,-0.43916727977269104,-0.39110674342614005
RNU6-1015P,Pseudogene,RNU6,0.912213486023837,0.224000006914139,0,0,-0.20595280457724266,0.23375390266250662
RNU6-1016P,Pseudogene,RNU6,1.108540938416856,0.0535000003874302,13.54,0,-0.6014804304599357,-0.6576399915790884
RNU6-1017P,Pseudogene,RNU6,0.8192047815344689,0.289000004529953,0,0,-0.15450529338863692,0.21442545425445292
RNU6-1018P,Pseudogene,RNU6,1.1141185028868776,0.30799999833107,0,0,-0.46271729868857053,-0.4241479349364772
RNU6-1019P,Pseudogene,RNU6,1.3958636987791062,0.090999998152256,0.21,0,-0.2827851292974567,-0.1898778052972953
RNU6-101P,Pseudogene,RNU6,1.0687471611403534,-0.0679999999701977,9.56,0,-0.6512519120125078,-0.7296369398605514
RNU6-1020P,Pseudogene,RNU6,1.103706180429991,0.305000007152557,0.36,0,0.5049363801743199,1.2355554037596121
RNU6-1021P,Pseudogene,RNU6,1.168630073396461,-0.160999998450279,0,0,-0.5757656948367856,-0.6094744431235244
RNU6-1022P,Pseudogene,RNU6,1.4695273465679857,0.287000000476837,0.09,0,1.039821457162733,1.4647561318935924
RNU6-1023P,Pseudogene,RNU6,1.2124230766710138,0.201999992132187,0,0,-0.5515964700185971,-0.7209336557849705
RNU6-1024P,Pseudogene,RNU6,1.136168126913226,-0.090999998152256,1.28,0,-0.22754627843255304,0.10437086536853586
RNU6-1025P,Pseudogene,RNU6,1.0687471611403534,0.0549999997019768,0.27,0,-0.3128715570177131,-0.0346277951151836
RNU6-1026P,Pseudogene,RNU6,1.157809424568716,0.0200000004842877,0,0,-0.4456355005910662,-0.3638119801637167
RNU6-1027P,Pseudogene,RNU6,0.7466247691144057,0.204999998211861,0,0,-0.29819815410357386,0.28444611059379915
RNU6-1028P,Pseudogene,RNU6,1.0457633512233564,0.30799999833107,0,0,0.7280834620500698,1.6100293402394497
RNU6-1029P,Pseudogene,RNU6,0.8764725550473457,-0.157000005245209,0.33,0,-0.4966812009466106,-0.13488427804276856
RNU6-102P,Pseudogene,RNU6,0.9351537659978092,0.100500002503395,0,0,-0.6881745672904188,-0.7149534671305479
RNU6-1031P,Pseudogene,RNU6,1.136168126913226,0.30799999833107,0,0,-0.4243254326206456,-0.32695569562437626
RNU6-1032P,Pseudogene,RNU6,1.4607875917455764,0.305000007152557,0,0,-0.3750567858242852,-0.5649946380949998
RNU6-1034P,Pseudogene,RNU6,1.1692728842179114,0.231000006198883,0,0,-0.5012582269364709,-0.5286147784388223
RNU6-1035P,Pseudogene,RNU6,1.5581734311952813,0.296999990940094,0,0,0.45878721079721857,1.1789833683250368
RNU6-1036P,Pseudogene,RNU6,0.9351537659978092,0.204999998211861,0,0,-0.07549449849255113,0.5299017358191465
RNU6-1037P,Pseudogene,RNU6,1.4283256452623412,0.284000009298325,0,0,-0.41282784015429175,-0.642051659570304
RNU6-1038P,Pseudogene,RNU6,1.2023405562828977,0.202999994158745,0,0,-0.40169725155671765,-0.3148691201558495
RNU6-1039P,Pseudogene,RNU6,1.201092019879696,-0.096000000834465,0.3,0,-0.532816051137164,-0.5768348646003917
RNU6-103P,Pseudogene,RNU6,1.201092019879696,-0.120999999344349,0.61,0,-0.15774889828739846,0.18279478122590367
RNU6-1040P,Pseudogene,RNU6,1.266015912846166,0.305000007152557,0,0,-0.4403207476424061,-0.5685038423854966
RNU6-1041P,Pseudogene,RNU6,1.2940222980473886,0.305000007152557,0,0,0.5482875492666789,1.0776759062318753
RNU6-1042P,Pseudogene,RNU6,0.7141628226311706,0.30799999833107,0,0,-0.6385529190777338,-0.517056270479479
RNU6-1043P,Pseudogene,RNU6,1.6840864357363143,-0.200000002980232,0.27,0,-0.35082812946613445,-0.500986053317546
RNU6-1044P,Pseudogene,RNU6,1.2335539663629311,0.186000004410744,0,0,-0.45059177880260176,-0.48593957267003546
RNU6-1045P,Pseudogene,RNU6,0.7141628226311706,-0.0280000008642673,0.71,0,-0.8201445122581361,-0.8144656297112256
RNU6-1046P,Pseudogene,RNU6,1.168630073396461,0.0280000008642673,0.38,0,-0.05931990015327042,0.4046324627107262
RNU6-1047P,Pseudogene,RNU6,0.7790867155976406,0.30799999833107,0,0,-0.565203644175203,-0.3727801473817158
RNU6-1048P,Pseudogene,RNU6,1.2335539663629311,0.30799999833107,3.73,0,-0.3992370578379093,-0.3905626051187697
RNU6-1049P,Pseudogene,RNU6,0.8115486620808757,-0.0509999990463257,0.27,0,-0.6974449007901138,-0.5769103275253381
RNU6-104P,Pseudogene,RNU6,1.3634017522958712,-0.0140000004321337,0,0,-0.430035885245424,-0.45538481748649834
RNU6-1050P,Pseudogene,RNU6,1.201092019879696,0.273000001907349,0,0,-0.04476625862148378,0.1931523825335982
RNU6-1051P,Pseudogene,RNU6,0.6470111490236943,0.30799999833107,0,0,-0.7227576679234838,-0.615697569888046
RNU6-1052P,Pseudogene,RNU6,1.001950463569081,0.256999999284744,0,0,-0.5193714705330373,-0.47878544303703136
RNU6-1053P,Pseudogene,RNU6,1.1348825052703255,0.0659999996423721,4.35,0,-0.6155023265718612,-0.7350543563123244
RNU6-1054P,Pseudogene,RNU6,1.3359339514254416,0.262500002980232,0,0,-0.4287593999322605,-0.5720083787099098
RNU6-1055P,Pseudogene,RNU6,1.330939805812636,0.282000005245209,0,0,-0.3610222899707675,-0.4102252498105096
RNU6-1056P,Pseudogene,RNU6,0.5518530902149955,0.30799999833107,0.21,0,0.16579444325551618,0.7321036730220154
RNU6-1057P,Pseudogene,RNU6,1.2599690796777203,0.282000005245209,0,0,0.8130997889535531,1.4267965287171807
RNU6-105P,Pseudogene,RNU6,1.2023405562828977,-0.0989999994635582,0,0,-0.5384723548165932,-0.5507149965034666
RNU6-1061P,Pseudogene,RNU6,1.4034053631135952,0.152999997138977,0,0,-0.44016390932883925,-0.6165725821654597
RNU6-1062P,Pseudogene,RNU6,0.9738583944970508,0.305999994277954,5.93,0,-0.6350892082541723,-0.7167333683441146
RNU6-1064P,Pseudogene,RNU6,1.636519090496166,0.30799999833107,0,0,0.12105489476683369,0.25018726471061636
RNU6-1065P,Pseudogene,RNU6,1.0158139291027417,0.26800000667572,0.61,0,-0.10823088952192042,0.36452561526296134
RNU6-1066P,Pseudogene,RNU6,1.2570502323888917,0.30799999833107,0,0,-0.4016421054366782,-0.4783255258208014
RNU6-1067P,Pseudogene,RNU6,1.136168126913226,0.214000001549721,0,0,0.01505030507954003,0.5291453615489344
RNU6-1068P,Pseudogene,RNU6,1.0116781379726645,-0.216000005602837,0,0,-0.5934608122614715,-0.4663491822308797
RNU6-1069P,Pseudogene,RNU6,1.305800102897048,0.206000000238419,0,0,1.015223623767572,1.7482673378142093
RNU6-106P,Pseudogene,RNU6,1.006320340980286,0.349000006914139,0,0,0.9895615309770864,1.879268587177585
RNU6-1072P,Pseudogene,RNU6,1.3958636987791062,0.136999994516373,0,0,0.21291431492537108,0.7020812562584147
RNU6-1073P,Pseudogene,RNU6,1.3107276504551504,0.0284999995492399,0,0,-0.43812132542601134,-0.46020803600786714
RNU6-1074P,Pseudogene,RNU6,0.834958719640901,0.282000005245209,0,0,-0.557664309153476,-0.3993239666922322
RNU6-1075P,Pseudogene,RNU6,1.6880212171282214,0.214000001549721,0,0,-0.19367700347773714,-0.3107698882608553
RNU6-1079P,Pseudogene,RNU6,1.168334964792068,-0.0470000002533197,1.39,0,-0.4218053667442437,-0.2667558487786641
RNU6-107P,Pseudogene,RNU6,0.8513304592417029,-0.12049999833107,13.92,0,-0.6557567782162221,-0.5031530001627706
RNU6-1080P,Pseudogene,RNU6,1.330939805812636,-0.244000002741814,0,0,-0.5379885236164192,-0.622417720357038
RNU6-1081P,Pseudogene,RNU6,1.0712442339467558,-0.0439999997615814,0,0,-0.5233068217564183,-0.4218690310003379
RNU6-1082P,Pseudogene,RNU6,1.5257114847120463,0.30799999833107,0.26,0,-0.20357189757342736,-0.2098562928735381
RNU6-1083P,Pseudogene,RNU6,1.3958636987791062,0.061999998986721,0.87,0,1.4493651115245587,2.072891945542114
RNU6-1084P,Pseudogene,RNU6,1.330939805812636,-0.0419999994337559,0.36,0,-0.14988769338043129,0.10703543227017619
RNU6-1085P,Pseudogene,RNU6,1.6230973241617517,0.184000000357628,0,0,1.0919558537177338,1.830546028371767
RNU6-1086P,Pseudogene,RNU6,1.076762764848906,0.218999996781349,0,0,-0.5041014993921692,-0.47937723025367823
RNU6-1087P,Pseudogene,RNU6,0.928540231584812,0.305000007152557,0,0,-0.6909028590816164,-0.8350199597793173
RNU6-1088P,Pseudogene,RNU6,1.1021455099259891,0.0769999995827675,7.62,0,0.612415998492841,1.0937161348135722
RNU6-1089P,Pseudogene,RNU6,0.6011702781414487,0.284000009298325,0.58,0,-0.6113118216735639,-0.30399934461263795
RNU6-108P,Pseudogene,RNU6,0.9089345015305808,0.30799999833107,0,0,-0.5600421906617874,-0.4998129613779288
RNU6-1090P,Pseudogene,RNU6,0.9607354799612752,0.266999989748001,0,0,-0.6131224997468205,-0.6522603418990257
RNU6-1091P,Pseudogene,RNU6,1.266015912846166,0.319999992847443,0.61,0,1.080501627470049,1.9499598442975585
RNU6-1092P,Pseudogene,RNU6,1.1178849616525537,0.26800000667572,0,0,0.55851006552747,1.1692382475713354
RNU6-1093P,Pseudogene,RNU6,0.9089345015305808,0.239999994635582,0,0,0.3630519118228245,0.905736472866311
RNU6-1094P,Pseudogene,RNU6,1.3693323002110775,-0.0515000000596046,0,0,-0.37218353481148153,-0.31822183672968485
RNU6-1095P,Pseudogene,RNU6,0.9970025600452832,0.27700001001358,1.26,0,0.879206218565975,1.8340362642617567
RNU6-1096P,Pseudogene,RNU6,0.5448514939146899,-0.193000003695488,0.25,0,-0.8097607631815172,-0.5747679367490088
RNU6-1097P,Pseudogene,RNU6,1.2335539663629311,0.202999994158745,0,0,-0.4094103144243674,-0.40680154367901555
RNU6-1098P,Pseudogene,RNU6,1.1939909690864885,0.305000007152557,3,0,-0.43424878882204093,-0.4705235983428227
RNU6-1099P,Pseudogene,RNU6,0.9738583944970508,0.214000001549721,9.26,0,-0.40483630205993987,-0.1289234943171379
RNU6-10P,Pseudogene,RNU6,1.4607875917455764,0.136999994516373,1.19,0,1.074432098912641,1.8596008860168398
RNU6-1100P,Pseudogene,RNU6,0.801560370855265,0.234999999403954,0.07,0,-0.6003227765426462,-0.45761387193353914
RNU6-1101P,Pseudogene,RNU6,1.5437458994249549,0.146999999880791,0.41,0,1.3244554042057437,2.1556834394426834
RNU6-1102P,Pseudogene,RNU6,0.6150862568021305,0.116500001400709,0,0,-0.7713205695737361,-0.6859089942376563
RNU6-1103P,Pseudogene,RNU6,1.266015912846166,0.214000001549721,0,0,-0.41813733873165876,-0.42527873719218434
RNU6-1104P,Pseudogene,RNU6,1.5697223929248938,0.214000001549721,0,0,0.13003000455498526,0.42262180811464406
RNU6-1105P,Pseudogene,RNU6,1.3958636987791062,0.186000004410744,0,0,-0.06552571422106486,0.17385610384937225
RNU6-1106P,Pseudogene,RNU6,1.298477859329401,0.214000001549721,0,0,1.2526253067420894,2.140572349351892
RNU6-1107P,Pseudogene,RNU6,1.2023405562828977,-0.100499998778105,0,0,-0.5191548492442084,-0.49017797686534614
RNU6-1108P,Pseudogene,RNU6,1.135543858711625,-0.285500004887581,0,0,-0.49604666277697,-0.35351387687251734
RNU6-110P,Pseudogene,RNU6,0.9017554172121732,0.214000001549721,0.12,0,-0.47479491997703205,-0.22656152874928082
RNU6-1110P,Pseudogene,RNU6,1.3068344000082537,0.0750000029802322,0,0,-0.7148571243115429,-1.0953762610155096
RNU6-1111P,Pseudogene,RNU6,1.201092019879696,-0.180000007152557,0,0,-0.5362460107845851,-0.5532638063774025
RNU6-1112P,Pseudogene,RNU6,1.473575631269275,-0.0719999969005585,0,0,-0.43820281973547554,-0.5542713735798052
RNU6-1113P,Pseudogene,RNU6,1.136168126913226,0.30799999833107,0,0,0.18452598038772117,0.8725498880039096
RNU6-1115P,Pseudogene,RNU6,1.1141185028868776,-0.193500004708767,0,0,-0.6559472494586377,-0.6978828673080194
RNU6-1116P,Pseudogene,RNU6,0.912213486023837,0.294999986886978,0,0,-0.6435201432062085,-0.6621530738236183
RNU6-1117P,Pseudogene,RNU6,1.4361289977823497,0.0435000006109476,0,0,-0.29168655536549243,-0.27561751195677986
RNU6-1118P,Pseudogene,RNU6,1.3359339514254416,0.262500002980232,1.45,0,-0.4219740935594043,-0.534158042292728
RNU6-1119P,Pseudogene,RNU6,1.318616289092149,0.0485000004991889,0,0,-0.4976931804607889,-0.6088996169700603
RNU6-111P,Pseudogene,RNU6,0.7939264625614052,-0.0099999997764825,0,0,-0.7337436977072187,-0.6583742239948814
RNU6-1120P,Pseudogene,RNU6,1.318616289092149,-0.136999994516373,0,0,-0.5146828373331008,-0.6524764233816437
RNU6-1121P,Pseudogene,RNU6,0.9878557475678036,0.261999994516373,0.88,0,0.7061233166256666,1.5347255425454498
RNU6-1122P,Pseudogene,RNU6,0.9738583944970508,0.152999997138977,0,0,0.7351203337747159,2.0223892016976386
RNU6-1123P,Pseudogene,RNU6,1.2451912679323929,0.301999986171722,0,0,-0.29529047136758635,-0.1626732351037665
RNU6-1124P,Pseudogene,RNU6,1.168630073396461,0.30799999833107,0,0,-0.2797992525021277,-0.04835146231276766
RNU6-1125P,Pseudogene,RNU6,1.2335539663629311,0.243000000715256,0,0,-0.450909952505204,-0.5291372825546481
RNU6-1126P,Pseudogene,RNU6,1.168630073396461,0.287999987602234,0,0,-0.16211297948094014,0.10468018283484253
RNU6-1127P,Pseudogene,RNU6,1.006320340980286,-0.133000001311302,0,0,-0.4462184300638076,-0.12388573796732459
RNU6-1128P,Pseudogene,RNU6,1.1790536341938302,-0.0900000035762787,0,0,-0.5588930729908482,-0.6242345170799207
RNU6-1129P,Pseudogene,RNU6,1.3693323002110775,-0.206500001251698,0,0,-0.47844976496186414,-0.5831558816916398
RNU6-112P,Pseudogene,RNU6,1.1689422074972615,-0.17399999499321,8.06,0,-0.5838629792864913,-0.6461305649672321
RNU6-1130P,Pseudogene,RNU6,1.103706180429991,0.153999999165535,0.72,0,-0.4515829947428925,-0.36641536880221337
RNU6-1131P,Pseudogene,RNU6,1.266015912846166,0.446000009775162,0.16,0,0.09563927852113799,0.5701363585336584
RNU6-1133P,Pseudogene,RNU6,1.146231330323029,0.294999986886978,0,0,1.0952867428523636,1.9849042252143454
RNU6-1134P,Pseudogene,RNU6,0.9629306105323976,0.214000001549721,0,0,-0.5765953320238218,-0.5399192673332135
RNU6-1135P,Pseudogene,RNU6,1.3489041839635527,0.214000001549721,0.25,0,-0.47848378709367384,-0.6638094269930547
RNU6-1136P,Pseudogene,RNU6,0.868357068426537,-0.116500001400709,1.11,0,-0.6575385388128494,-0.5363729259638419
RNU6-1137P,Pseudogene,RNU6,1.0876391564130363,-0.130999997258186,0,0,-0.13072123019506265,0.3616238194905216
RNU6-1138P,Pseudogene,RNU6,0.9830457378413626,-0.11599999666214,0.37,0,0.7210578578526876,1.719391645681796
RNU6-113P,Pseudogene,RNU6,0.9629306105323976,0.307000011205673,0,0,-0.2544850851048791,0.03827591127822547
RNU6-1140P,Pseudogene,RNU6,0.7536683990117115,-0.341000005602837,0,0,-0.6649376824877579,-0.30290083499890263
RNU6-1141P,Pseudogene,RNU6,1.4607875917455764,0.163000002503395,0,0,-0.3454560180937251,-0.4339648938069283
RNU6-1143P,Pseudogene,RNU6,1.3693323002110775,0.211999997496605,0,0,-0.6714130826294825,-1.0989445695688966
RNU6-1144P,Pseudogene,RNU6,0.9685521147834452,0.30799999833107,0,0,-0.15761426222829736,0.3115211893103258
RNU6-1145P,Pseudogene,RNU6,1.330939805812636,0.284000009298325,0.21,0,0.16452638576125841,0.7000538742187082
RNU6-1146P,Pseudogene,RNU6,1.0897029878293798,0.184000000357628,0,0,-0.5317826952824086,-0.5195677151375083
RNU6-1147P,Pseudogene,RNU6,0.8764725550473457,-0.17399999499321,0.24,0,-0.42276912811042267,-0.052417744526920794
RNU6-1148P,Pseudogene,RNU6,1.001950463569081,0.211999997496605,0,0,-0.5301302805710932,-0.4687517506793688
RNU6-1149P,Pseudogene,RNU6,1.0384476282214257,0.211999997496605,0,0,-0.04971879798396279,0.2855623588791006
RNU6-114P,Pseudogene,RNU6,0.7939264625614052,0.30799999833107,0,0,-0.5574610638644152,-0.36770718557734106
RNU6-1150P,Pseudogene,RNU6,1.0525540223351963,0.194000005722046,0,0,-0.8048456159354264,-1.11825603254747
RNU6-1152P,Pseudogene,RNU6,1.201092019879696,-0.129999995231628,0,0,-0.4112591377452804,-0.2301862854943704
RNU6-1154P,Pseudogene,RNU6,1.3693323002110775,0.30799999833107,0.18,0,0.03628779708493341,0.33050608617279215
RNU6-1155P,Pseudogene,RNU6,1.201092019879696,0.228000000119209,0,0,0.777801795365643,1.483221803613612
RNU6-1156P,Pseudogene,RNU6,1.076762764848906,0.30799999833107,0.58,0,-0.5523439993589415,-0.5972115873549406
RNU6-1157P,Pseudogene,RNU6,1.2124230766710138,0.0399999991059303,3.68,0,-0.08910683359530978,0.24036152014913537
RNU6-1158P,Pseudogene,RNU6,1.168630073396461,0.30799999833107,0,0,0.1367975241813855,0.7676779371122369
RNU6-1159P,Pseudogene,RNU6,1.3634017522958712,0.211999997496605,0.09,0,-0.4055572686466019,-0.48970173436300696
RNU6-115P,Pseudogene,RNU6,1.4607875917455764,0.239999994635582,0.67,0,-0.3535951879176397,-0.4438626447155243
RNU6-1160P,Pseudogene,RNU6,1.0687471611403534,0.114500001072884,0.29,0,-0.20981252602954367,0.10783571889093149
RNU6-1162P,Pseudogene,RNU6,1.3693323002110775,0.146999999880791,0.32,0,0.6773722706014006,1.3886590814301376
RNU6-1163P,Pseudogene,RNU6,1.4283256452623412,0.202999994158745,0.67,0,-0.36879974147932865,-0.4566148959558314
RNU6-1164P,Pseudogene,RNU6,1.136168126913226,0.223000004887581,0,0,-0.018991397308008074,0.42425165192935127
RNU6-1165P,Pseudogene,RNU6,1.168630073396461,-0.0359999984502792,0.17,0,-0.5885265476234999,-0.6701775758921654
RNU6-1167P,Pseudogene,RNU6,1.108540938416856,0.305000007152557,0,0,-0.4648633466320048,-0.43312442707924503
RNU6-1168P,Pseudogene,RNU6,0.868357068426537,-0.13400000333786,0,0,-0.5874100742098045,-0.37953749400499087
RNU6-1169P,Pseudogene,RNU6,1.281458974765375,0.26800000667572,0.19,0,0.9000966468235722,1.6685037137290257
RNU6-116P,Pseudogene,RNU6,1.46585046413287,0.305000007152557,0,0,-0.23694395838375729,-0.23467130364843972
RNU6-1170P,Pseudogene,RNU6,1.4090322242392863,0.197999998927116,0.22,0,-0.3946908254519054,-0.5020413299052762
RNU6-1172P,Pseudogene,RNU6,0.8115486620808757,0.305000007152557,0,0,-0.6442890497113454,-0.5569095056851583
RNU6-1174P,Pseudogene,RNU6,0.6878075789517125,-0.0080000003799796,0,0,-0.789545553287399,-0.7271280063534157
RNU6-1175P,Pseudogene,RNU6,1.330939805812636,-0.0659999996423721,0,0,-0.2810857561634707,-0.03947749944345379
RNU6-1176P,Pseudogene,RNU6,1.298477859329401,0.30799999833107,0,0,-0.27237218695737,-0.28730264170112846
RNU6-1177P,Pseudogene,RNU6,0.9351537659978092,-0.149000003933907,0,0,-0.6547877552976958,-0.5836788337065717
RNU6-1178P,Pseudogene,RNU6,1.5906353776785165,0.24600000679493,0,0,1.231868139958484,1.9787461797402268
RNU6-1179P,Pseudogene,RNU6,1.006320340980286,0.130999997258186,0,0,-0.43264375415537093,-0.1907539165377209
RNU6-117P,Pseudogene,RNU6,1.4283256452623412,-0.174999997019768,0,0,-0.4328595556425686,-0.5165964004406534
RNU6-1180P,Pseudogene,RNU6,0.8440106085641107,0.305000007152557,0,0,-0.5307890354055633,-0.34803551123849497
RNU6-1181P,Pseudogene,RNU6,0.6553638252275752,0.30799999833107,0.28,0,-0.5999866869761821,-0.3383918901614426
RNU6-1183P,Pseudogene,RNU6,1.157809424568716,0.118000000715256,0,0,0.002692069690267064,0.4032182265328603
RNU6-1184P,Pseudogene,RNU6,1.318616289092149,0.155000001192093,0,0,-0.40656029599898624,-0.476388746676962
RNU6-1186P,Pseudogene,RNU6,1.4681500950716708,0.30799999833107,0,0,-0.4380233857714319,-0.6949558501052365
RNU6-1187P,Pseudogene,RNU6,1.4841011714926269,0.214000001549721,0,0,0.4305081341515237,1.0072170030065726
RNU6-1188P,Pseudogene,RNU6,1.2335539663629311,0.347000002861023,0,0,-0.3535222315808332,-0.3183778355338318
RNU6-118P,Pseudogene,RNU6,1.157809424568716,0.202999994158745,7.85,0,-0.6002942895307731,-0.7717494178537166
RNU6-1190P,Pseudogene,RNU6,1.2357389050685337,0.0799999982118607,0,0,-0.26407267842656307,-0.14559259472884672
RNU6-1191P,Pseudogene,RNU6,1.7529451100946911,0.284000009298325,0,0,0.02803032153442166,-0.05104570915314605
RNU6-1192P,Pseudogene,RNU6,1.0712442339467558,0.145999997854233,0,0,-0.3699413585280049,-0.22690842508892312
RNU6-1193P,Pseudogene,RNU6,0.4544672507652904,0.430999994277954,0,0,-0.7624711912881207,-0.5928716056947618
RNU6-1195P,Pseudogene,RNU6,1.135543858711625,0.211999997496605,0,0,0.08310868192775374,0.7268313566521067
RNU6-1196P,Pseudogene,RNU6,0.7020759276640086,-0.167499996721745,0,0,0.34872887003541747,1.2491380771851859
RNU6-1197P,Pseudogene,RNU6,1.5906353776785165,0.319000005722046,0,0,-0.17183542367019575,-0.3519435675400615
RNU6-1198P,Pseudogene,RNU6,1.5034241781713178,0.222000002861023,0,0,0.33173280205776084,0.7524525534697427
RNU6-1199P,Pseudogene,RNU6,1.1021455099259891,0.24099999666214,0,0,-0.5283262136650492,-0.5757068176062948
RNU6-119P,Pseudogene,RNU6,1.266015912846166,0.0189999993890524,0,0,-0.4332131017877832,-0.41947972912630876
RNU6-11P,Pseudogene,RNU6,1.5581734311952813,0,0.03,0,-0.1693306325087759,-0.004782869552442769
RNU6-1200P,Pseudogene,RNU6,1.266015912846166,0.30799999833107,0,0,-0.40861039549586986,-0.4268017781894521
RNU6-1201P,Pseudogene,RNU6,1.266015912846166,0.296999990940094,0,0,0.6205842519097718,1.293943761942488
RNU6-1203P,Pseudogene,RNU6,1.4841011714926269,0.30799999833107,0.25,0,-0.42478417082345443,-0.6972307785709884
RNU6-1204P,Pseudogene,RNU6,1.2335539663629311,-0.138999998569489,0,0,-0.4590534501284746,-0.4027597763794212
RNU6-1205P,Pseudogene,RNU6,1.2451912679323929,0.214000001549721,0,0,1.0457864801863215,1.9443520119267592
RNU6-1206P,Pseudogene,RNU6,0.5058390689863322,0.277999997138977,0.32,0,-1.0203695544769296,-1.1579477629554071
RNU6-1207P,Pseudogene,RNU6,1.0387822874635209,0.249999992549419,0,0,-0.6385777892589921,-0.7691054416342791
RNU6-1208P,Pseudogene,RNU6,1.0387822874635209,0.0080000003799796,0,0,-0.6639754415644412,-0.7513757130274129
RNU6-1209P,Pseudogene,RNU6,1.006320340980286,0.30799999833107,0.56,0,-0.49887487181090584,-0.42965458096822023
RNU6-120P,Pseudogene,RNU6,1.0454007425717533,-0.224000006914139,0,0,-0.09787629846241586,0.4925104039303854
RNU6-1210P,Pseudogene,RNU6,0.9413964480138156,-0.0949999988079071,0,0,-0.7474627971146932,-0.8189170447874674
RNU6-1211P,Pseudogene,RNU6,0.7277659240146215,-0.218999996781349,0,0,-0.8647833525161767,-0.818427801767737
RNU6-1212P,Pseudogene,RNU6,1.2357389050685337,-0.0474999994039536,0,0,-0.7599998911082463,-1.0931607874190852
RNU6-1213P,Pseudogene,RNU6,1.736714136853074,0.180000007152557,0,0,1.0923921785937225,1.7709389557480224
RNU6-1214P,Pseudogene,RNU6,0.732925232066435,0.347000002861023,0,0,-0.6737221572495042,-0.6313072509685903
RNU6-1215P,Pseudogene,RNU6,1.2940222980473886,-0.189499996602535,0,0,-0.5453089383002481,-0.6253000205203959
RNU6-1216P,Pseudogene,RNU6,1.0712442339467558,0.0869999974966049,0,0,-0.4187519051571153,-0.17247593686519977
RNU6-1219P,Pseudogene,RNU6,0.7753188110951224,-0.307500004768372,0.62,0,-0.4074708479603082,0.12873404765434002
RNU6-121P,Pseudogene,RNU6,0.4561067430119185,0.146999999880791,0,0,-0.8464300002735995,-0.6808553257608764
RNU6-1220P,Pseudogene,RNU6,1.157809424568716,0.140500001609325,0,0,-0.7681404212350028,-1.1085507802030237
RNU6-1222P,Pseudogene,RNU6,1.330939805812636,-0.187000006437302,0,0,-0.5018895195034759,-0.5819975868567763
RNU6-1223P,Pseudogene,RNU6,1.669917439281802,0.266999989748001,2.77,0,1.0508989536679088,1.7182776812295617
RNU6-1224P,Pseudogene,RNU6,0.877128351945997,0.30799999833107,0,0,-0.402318463379462,-0.18858459281153311
RNU6-1225P,Pseudogene,RNU6,1.0687471611403534,0.282999992370605,0.51,0,-0.5389993669575097,-0.5349618033841627
RNU6-1226P,Pseudogene,RNU6,0.9738583944970508,0.44200000166893,0.53,0,-0.5747297569709426,-0.6442181530598142
RNU6-1227P,Pseudogene,RNU6,0.7466247691144057,0.44200000166893,0.08,0,-0.5958016135100144,-0.5115412714518857
RNU6-1228P,Pseudogene,RNU6,0.9413964480138156,-0.0270000007003546,0,0,-0.520357636059863,-0.3008908309180947
RNU6-1229P,Pseudogene,RNU6,1.3634017522958712,0.28600001335144,0,0,-0.13254237229579782,0.03773085405041985
RNU6-122P,Pseudogene,RNU6,1.201092019879696,0.104000002145767,3.45,0,-0.5517219163379207,-0.6619486970509965
RNU6-1230P,Pseudogene,RNU6,1.5437458994249549,-0.163499996066093,0,0,-0.3343357539237548,-0.3829031759704194
RNU6-1231P,Pseudogene,RNU6,1.112845951769931,-0.0729999989271164,0.7,0,0.10549311625694838,0.5746936870950967
RNU6-1232P,Pseudogene,RNU6,1.211661025711447,0.0474999994039536,0,0,-0.45665027353065113,-0.4159841786218526
RNU6-1233P,Pseudogene,RNU6,1.6005012633744016,-0.156000003218651,0,0,-0.24362872716355455,-0.19881413734362383
RNU6-1234P,Pseudogene,RNU6,1.315181579364464,-0.112999998033047,0,0,-0.590890695294495,-0.7730468138396119
RNU6-1236P,Pseudogene,RNU6,0.912213486023837,0.194000005722046,0,0,-0.6696403516573128,-0.7006751554456729
RNU6-1237P,Pseudogene,RNU6,1.136168126913226,-0.0979999974370003,0,0,-0.5280052792221374,-0.43742821344406985
RNU6-1238P,Pseudogene,RNU6,1.770767355222742,-0.23200000077486,0.71,0,1.1457395715208993,1.7143616170741982
RNU6-123P,Pseudogene,RNU6,0.9534901143507074,0.0104999998002313,0.23,0,-0.07335203585107206,0.6132411346766576
RNU6-1240P,Pseudogene,RNU6,0.7013653244983569,-0.192999996244907,0,0,-0.6827739218813796,-0.4248871220936947
RNU6-1241P,Pseudogene,RNU6,0.8440106085641107,0.303000003099442,0,0,-0.626120312887427,-0.5928437082614801
RNU6-1242P,Pseudogene,RNU6,1.4837946023599078,0.196999996900558,0.09,0,1.0600433485925154,2.0915369292706347
RNU6-1243P,Pseudogene,RNU6,0.9738583944970508,0.0610000006854534,0.36,0,-0.5121005332537296,-0.3562993269532741
RNU6-1244P,Pseudogene,RNU6,1.1256480516640297,0.282999992370605,0,0,-0.5026148507613688,-0.5696188133232852
RNU6-1245P,Pseudogene,RNU6,0.688132016488954,-0.0240000002086163,4.39,0,0.4851561896590111,1.4805647722600512
RNU6-1246P,Pseudogene,RNU6,1.5257114847120463,0.214000001549721,0,0,-0.3550034260761542,-0.5331044892658583
RNU6-1247P,Pseudogene,RNU6,1.311396389052321,0.118499998003244,0,0,-0.09650952093537864,0.10967684933421991
RNU6-1248P,Pseudogene,RNU6,0.9769017019798542,0.275000005960464,0.99,0,-0.5066363765563556,-0.4074413916398016
RNU6-1249P,Pseudogene,RNU6,1.3142701576185425,0.152999997138977,0,0,-0.38094138335093436,-0.37467985808242266
RNU6-1250P,Pseudogene,RNU6,1.4283256452623412,0.0719999969005585,0,0,-0.4765123288492294,-0.6529620117117869
RNU6-1251P,Pseudogene,RNU6,1.4607875917455764,0.282000005245209,2,0,-0.28697647786926983,-0.33944384908855785
RNU6-1252P,Pseudogene,RNU6,1.5697223929248938,0.246999993920326,0,0,-0.17127766864815774,-0.16762840380203767
RNU6-1254P,Pseudogene,RNU6,1.0687471611403534,0.189999997615814,0.25,0,-0.5262010813511612,-0.5272858543713056
RNU6-1255P,Pseudogene,RNU6,1.5506376221902447,0.30799999833107,4.84,0,1.5149642330587674,2.3903683549756702
RNU6-1256P,Pseudogene,RNU6,1.2477363701662862,0.118000000715256,2.11,0,-0.4691329292897384,-0.5522996489761158
RNU6-1257P,Pseudogene,RNU6,1.0736051027819002,-0.0854999981820583,0.67,0,-0.5958507940980536,-0.5849184399838638
RNU6-1258P,Pseudogene,RNU6,1.126517277958751,-0.136999994516373,0,0,-0.8166908934588091,-1.0952138946668115
RNU6-125P,Pseudogene,RNU6,0.9413964480138156,0.214000001549721,0,0,-0.5539501341430668,-0.4498069112578627
RNU6-1260P,Pseudogene,RNU6,1.0387822874635209,-0.264999985694885,0.36,0,-0.4376935385749592,-0.052958971546412145
RNU6-1261P,Pseudogene,RNU6,1.1021455099259891,0.282000005245209,0,0,-0.3391945043846343,-0.305860278265926
RNU6-1262P,Pseudogene,RNU6,1.230172513604261,-0.284499987959862,0.56,0,-0.477985568505409,-0.3614368192153395
RNU6-1263P,Pseudogene,RNU6,0.9830457378413626,0.30799999833107,0.28,0,-0.5248689300969573,-0.4834825780431672
RNU6-1264P,Pseudogene,RNU6,1.7529451100946911,0.305000007152557,0,0,0.510002622262133,1.1081672537449314
RNU6-1265P,Pseudogene,RNU6,1.4837946023599078,-0.430999994277954,0,0,-0.7065180946494446,-1.0560559753586891
RNU6-1266P,Pseudogene,RNU6,0.9262475396549728,0.0719999969005585,0,0,0.5064070368240997,1.5728721655805677
RNU6-1267P,Pseudogene,RNU6,1.266015912846166,-0.0920000001788139,0.42,0,-0.4773530136037986,-0.46998425934468974
RNU6-1269P,Pseudogene,RNU6,0.4220053042820553,0.428000003099442,0,0,-0.7464261802640821,-0.5178478931249162
RNU6-126P,Pseudogene,RNU6,1.4837946023599078,0.206000000238419,1.41,0,-0.6247978240221641,-1.0912795149126566
RNU6-1270P,Pseudogene,RNU6,1.4794231536155815,0.203999996185303,0,0,-0.34298423032821496,-0.47228490388852556
RNU6-1271P,Pseudogene,RNU6,1.3232107709356753,0.296999990940094,0,0,-0.5258234813288165,-0.82260897927396
RNU6-1272P,Pseudogene,RNU6,1.168630073396461,-0.218999996781349,5.87,0,-0.5959220459840706,-0.6289089128753742
RNU6-1273P,Pseudogene,RNU6,1.2691372538541694,-0.149499997496605,0,0,0.6863593232112001,1.3598131148174009
RNU6-1274P,Pseudogene,RNU6,1.136168126913226,0.301999986171722,0,0,0.954699818483161,1.8689273186655506
RNU6-1275P,Pseudogene,RNU6,0.9413964480138156,-0.046000000089407,5.97,0,-0.6319015611406091,-0.5504008213795366
RNU6-1276P,Pseudogene,RNU6,1.135543858711625,0.30799999833107,0,0,-0.5444937956463101,-0.656282171063394
RNU6-1277P,Pseudogene,RNU6,1.2335539663629311,0.0270000007003546,0,0,-0.5799851141902204,-0.717150581372092
RNU6-1278P,Pseudogene,RNU6,0.8764725550473457,-0.136000007390976,0,0,-0.6506747225951129,-0.5294828476616211
RNU6-1279P,Pseudogene,RNU6,1.4837946023599078,0.0549999997019768,0,0,-0.38669834305829004,-0.5419952240068412
RNU6-127P,Pseudogene,RNU6,1.0387822874635209,-0.197999998927116,0,0,-0.5402872495572958,-0.3430874370818332
RNU6-1280P,Pseudogene,RNU6,1.3634017522958712,-0.163000002503395,0.73,0,-0.5089840232627297,-0.6114890638216516
RNU6-1281P,Pseudogene,RNU6,0.9593278089283648,0.137999996542931,0,0,-0.5968657590586773,-0.5897953183409492
RNU6-1282P,Pseudogene,RNU6,1.4834433252286674,-0.238499999046326,0,0,-0.40566899725630057,-0.4874910517524113
RNU6-1283P,Pseudogene,RNU6,0.5292843083742702,-0.211999997496605,0,0,-0.2601712379428435,0.5526773883364163
RNU6-1284P,Pseudogene,RNU6,0.868357068426537,0.105999998748302,0.29,0,-0.6129410834588948,-0.4767191309536012
RNU6-1285P,Pseudogene,RNU6,1.2570502323888917,-0.0309999994933605,0.52,0,-0.49607411510224253,-0.5429528165595011
RNU6-1286P,Pseudogene,RNU6,1.136168126913226,0.30799999833107,0,0,-0.40261331324663135,-0.4035637168792467
RNU6-1287P,Pseudogene,RNU6,1.330939805812636,0.214000001549721,0,0,-0.3329727324746569,-0.29134642606079175
RNU6-1288P,Pseudogene,RNU6,1.60312074171053,-0.150000005960464,0,0,-0.4408002905848901,-0.7116808989727861
RNU6-1289P,Pseudogene,RNU6,0.8192047815344689,0.365000009536743,0,0,-0.5976310958725791,-0.5083142713906206
RNU6-128P,Pseudogene,RNU6,0.6492389296647005,0.30799999833107,0,0,-0.6268080052626973,-0.3911480073099597
RNU6-1290P,Pseudogene,RNU6,0.6054599743157506,-0.177000001072884,0,0,-0.7407505993589525,-0.49448944786536964
RNU6-1291P,Pseudogene,RNU6,1.3693323002110775,-0.0209999997168779,0,0,-0.4994416090658313,-0.6782028330063916
RNU6-1292P,Pseudogene,RNU6,1.4607875917455764,-0.212999999523163,0,0,-0.27604488218951956,-0.1203112158941156
RNU6-1294P,Pseudogene,RNU6,1.114927594029134,0.294999986886978,0,0,-0.023034714638711918,0.3911613737940851
RNU6-1296P,Pseudogene,RNU6,1.0712442339467558,-0.127000004053116,0,0,-0.596785219437481,-0.5995276250159052
RNU6-1297P,Pseudogene,RNU6,0.801560370855265,0.239999994635582,0,0,-0.3742763498130515,0.009970332833225574
RNU6-1298P,Pseudogene,RNU6,0.9629306105323976,-0.224999994039536,0,0,1.0227094401174253,2.0740105421425805
RNU6-1299P,Pseudogene,RNU6,1.2504341785342132,0.30799999833107,0,0,-0.47715284412879383,-0.5877556118813665
RNU6-129P,Pseudogene,RNU6,1.136168126913226,-0.0799999982118607,0,0,-0.5891876503642236,-0.5815910771022076
RNU6-1300P,Pseudogene,RNU6,1.0291639329499698,0.30799999833107,0,0,-0.24006103816826527,-0.02323679554636319
RNU6-1301P,Pseudogene,RNU6,1.1689422074972615,0.220000006258488,0,0,-0.12909482506575143,0.126615777641533
RNU6-1303P,Pseudogene,RNU6,1.6230973241617517,-0.0820000022649765,0,0,-0.24400800853802218,-0.22039670858981783
RNU6-1304P,Pseudogene,RNU6,0.8847411640572264,0.29899999499321,0,0,0.8144789791245736,1.9313306702748818
RNU6-1305P,Pseudogene,RNU6,1.2023405562828977,-0.078999999910593,0.09,0,-0.6128019008189364,-0.7295185614216915
RNU6-1306P,Pseudogene,RNU6,1.6139161675806344,-0.0109999999403954,2.56,0,1.1377381953970227,2.102187420169317
RNU6-1307P,Pseudogene,RNU6,1.079123347170842,0.256999999284744,0,0,-0.5411655688982473,-0.5409048239446661
RNU6-1308P,Pseudogene,RNU6,0.7081746965808651,0.214000001549721,0,0,-0.3820445615883507,0.019560722929420956
RNU6-1309P,Pseudogene,RNU6,0.643227458093731,-0.168000005185604,0,0,-0.725972269379049,-0.4773514592677536
RNU6-130P,Pseudogene,RNU6,1.2140137655671974,0.305000007152557,3.52,0,-0.4321305493635635,-0.45455510817856204
RNU6-1310P,Pseudogene,RNU6,1.266015912846166,0.239999994635582,0,0,-0.37886948986490654,-0.3749324856908067
RNU6-1311P,Pseudogene,RNU6,0.8115486620808757,0.30799999833107,5.22,0,-0.18753382139048108,0.29845023217535266
RNU6-1312P,Pseudogene,RNU6,0.643227458093731,0.0945000015199184,0.26,0,-0.8072833873130653,-0.7880766160074661
RNU6-1313P,Pseudogene,RNU6,1.0897029878293798,-0.0329999998211861,0,0,-0.5335795982369996,-0.4506845850260142
RNU6-1315P,Pseudogene,RNU6,1.508660765347115,0.310999989509583,0.27,0,1.2264185403996923,1.9922961058314632
RNU6-1316P,Pseudogene,RNU6,1.0291639329499698,0.301999986171722,0,0,-0.3046458024499838,-0.02754809279835812
RNU6-1317P,Pseudogene,RNU6,1.4361289977823497,-0.0850000008940697,0,0,-0.4417491043871245,-0.5514486530841682
RNU6-1318P,Pseudogene,RNU6,0.7418973011799539,0.293999999761581,0,0,-0.6454514503210448,-0.5266367847134452
RNU6-1319P,Pseudogene,RNU6,0.7013653244983569,0.261999994516373,0.04,0,-0.6753764727874542,-0.5507609631128438
RNU6-131P,Pseudogene,RNU6,1.136168126913226,0.118000000715256,0,0,-0.12800791946479156,0.2623437994880183
RNU6-1320P,Pseudogene,RNU6,1.0712442339467558,0.40599998831749,0,0,-0.4827889543810265,-0.48088364354085644
RNU6-1321P,Pseudogene,RNU6,0.4544672507652904,0.23199999332428,0,0,-0.8163505264995751,-0.665099737688534
RNU6-1322P,Pseudogene,RNU6,1.168630073396461,0.305000007152557,0,0,1.3612817115766278,2.326047110606528
RNU6-1323P,Pseudogene,RNU6,1.136168126913226,0.105999998748302,1.33,0,-0.3637575278669446,-0.1032207958168045
RNU6-1324P,Pseudogene,RNU6,1.136168126913226,0.0320000015199184,0,0,-0.12099854147099162,0.2894190141228031
RNU6-1325P,Pseudogene,RNU6,1.6209331943962024,-0.185000002384186,0,0,-0.6181956128471391,-1.0608660889244115
RNU6-1326P,Pseudogene,RNU6,1.006320340980286,-0.550000011920929,0,0,-0.7196336430921256,-0.6571693638095659
RNU6-1327P,Pseudogene,RNU6,1.5878529251228104,0.30799999833107,0,0,-0.22511212815632697,-0.3072297500380425
RNU6-1328P,Pseudogene,RNU6,1.1468866941482565,0.28099998831749,0,0,0.41537526544690834,1.095152904425334
RNU6-1329P,Pseudogene,RNU6,1.298477859329401,-0.068000003695488,0.46,0,0.07640060801255506,0.6385806035707211
RNU6-132P,Pseudogene,RNU6,1.103706180429991,0.239999994635582,0.67,0,0.913114867194907,1.9570761145063074
RNU6-1330P,Pseudogene,RNU6,1.1247291552953242,0.0419999994337559,0,0,-0.5204467570709214,-0.501278381134474
RNU6-1331P,Pseudogene,RNU6,1.4090322242392863,0.239999994635582,0.37,0,0.2772518345762515,0.87520841029849
RNU6-1332P,Pseudogene,RNU6,1.2691372538541694,-0.417000010609627,0,0,-0.3810042333261614,-0.1403187959334815
RNU6-1333P,Pseudogene,RNU6,0.8216712045326372,0.30799999833107,0.88,0,-0.6973551826657134,-0.7355109727286114
RNU6-1335P,Pseudogene,RNU6,1.0712442339467558,0.0769999995827675,0,0,0.7532211583176983,1.5655261992980243
RNU6-1336P,Pseudogene,RNU6,1.0197220620054748,-0.0900000035762787,0,0,-0.5627880252010238,-0.4847808178423346
RNU6-1337P,Pseudogene,RNU6,1.060309683552403,0.252000004053116,0.76,0,-0.7941919723381278,-1.1209678887515044
RNU6-1338P,Pseudogene,RNU6,1.030577619671055,0.30799999833107,0.47,0,-0.5234436666945596,-0.5274501548572746
RNU6-1339P,Pseudogene,RNU6,1.5267816587719332,0.208000004291534,0,0,-0.36776565758699525,-0.574934111823797
RNU6-133P,Pseudogene,RNU6,1.266015912846166,0.301999986171722,0,0,-0.48152792343514084,-0.653108564190474
RNU6-1340P,Pseudogene,RNU6,0.8440106085641107,0.30799999833107,0.56,0,-0.08715129442028277,0.31034429987865175
RNU6-135P,Pseudogene,RNU6,1.375615157903425,-0.116999998688698,0.29,0,-0.42965826885946656,-0.4473146776166636
RNU6-136P,Pseudogene,RNU6,0.7466247691144057,0.284000009298325,0.28,0,0.18730183494882857,0.7660648392115245
RNU6-137P,Pseudogene,RNU6,1.157809424568716,-0.204999998211861,0,0,-0.5322168085798479,-0.45927700720382253
RNU6-138P,Pseudogene,RNU6,1.168630073396461,0.0130000002682209,0,0,-0.6019576096630347,-0.7134810196563746
RNU6-139P,Pseudogene,RNU6,0.9157219994316208,-0.13849999755621,0,0,-0.6691759312405144,-0.6155147326340903
RNU6-13P,Pseudogene,RNU6,1.3958636987791062,0.0610000006854534,0,0,-0.2193624085071838,-0.045507075347407396
RNU6-140P,Pseudogene,RNU6,1.2221321703780892,0.0549999997019768,3.82,0,0.25922952078300704,1.0790403216455107
RNU6-141P,Pseudogene,RNU6,0.860087001108189,0.30799999833107,0,0,-0.5536514480614667,-0.4445900962449352
RNU6-142P,Pseudogene,RNU6,1.201092019879696,0.305000007152557,0,0,-0.3502434980723523,-0.2611967309507865
RNU6-143P,Pseudogene,RNU6,0.9337172778779969,0.30799999833107,0,0,0.9022077253297174,2.0602356420665466
RNU6-144P,Pseudogene,RNU6,1.298477859329401,-0.0199999995529652,0,0,-0.3776452369204259,-0.3244081822325909
RNU6-145P,Pseudogene,RNU6,1.0158139291027417,0.146999999880791,0,0,-0.4287385887145681,-0.2575517549264825
RNU6-146P,Pseudogene,RNU6,1.2542935432827758,-0.191500000655651,11.35,0,-0.4903057554600214,-0.42278265135703985
RNU6-147P,Pseudogene,RNU6,1.201092019879696,0.168999999761581,0.36,0,-0.06362012936665344,0.26781695981570847
RNU6-148P,Pseudogene,RNU6,1.145492303030751,0.446000009775162,0,0,-0.4015840184127362,-0.39212156930288383
RNU6-14P,Pseudogene,RNU6,1.507336798023423,-0.1875,0,0,-0.234157249096687,-0.09947988601696385
RNU6-150P,Pseudogene,RNU6,1.1334344893146375,-0.212999999523163,0,0,-0.6457871078568562,-0.7141317927700912
RNU6-151P,Pseudogene,RNU6,0.7466247691144057,-0.261999994516373,1.33,0,-0.6501562713216185,-0.34942710759323886
RNU6-152P,Pseudogene,RNU6,1.006320340980286,0.305000007152557,0,0,-0.1557043532657946,0.233511092683689
RNU6-153P,Pseudogene,RNU6,1.1021455099259891,-0.157000005245209,0,0,-0.6343244142663098,-0.7054327722367028
RNU6-154P,Pseudogene,RNU6,0.9830457378413626,0.30799999833107,0,0,-0.45486034417954513,-0.3031320498867211
RNU6-155P,Pseudogene,RNU6,1.1114970475859671,-0.184499993920326,0,0,-0.2604830779110671,0.06812558297159786
RNU6-156P,Pseudogene,RNU6,0.9089345015305808,-0.319000005722046,0,0,-0.9301015654890572,-1.0990990797291622
RNU6-157P,Pseudogene,RNU6,0.7141628226311706,0.437999993562698,0,0,-0.662823946845301,-0.6195320503745404
RNU6-158P,Pseudogene,RNU6,0.7641542202153526,0.305000007152557,0,0,-0.6234260317940182,-0.5168374705674401
RNU6-159P,Pseudogene,RNU6,1.1796548854096351,0.0065000001341104,0,0,-0.5954373737061456,-0.7460070867037699
RNU6-15P,Pseudogene,RNU6,1.6555592706449864,0,0,0,-0.2337577124866908,-0.28874172096221107
RNU6-160P,Pseudogene,RNU6,1.0387822874635209,0.293000012636185,0,0,-0.4946459790188612,-0.44550038532435465
RNU6-161P,Pseudogene,RNU6,1.2124230766710138,-0.148499999195337,0,0,-0.48869321447021,-0.4542717294848564
RNU6-162P,Pseudogene,RNU6,0.5395616735854211,0.0230000000447035,0,0,-0.8809492615850982,-0.8259757184829274
RNU6-163P,Pseudogene,RNU6,1.081350311625499,-0.0499999988824129,0,0,-0.5580487498472938,-0.519180396438183
RNU6-164P,Pseudogene,RNU6,1.4837946023599078,0.159999996423721,0,0,-0.35619673699513044,-0.42236281285520444
RNU6-165P,Pseudogene,RNU6,1.0174688882573566,-0.157000005245209,0,0,-0.8643947128994063,-1.101098514432344
RNU6-166P,Pseudogene,RNU6,1.298477859329401,0.30799999833107,0.26,0,-0.33708342940028774,-0.3260566380216352
RNU6-167P,Pseudogene,RNU6,1.1796548854096351,-0.155500002205372,0,0,-0.5488536729676469,-0.5227323341420227
RNU6-168P,Pseudogene,RNU6,0.825369094742055,-0.136000007390976,0,0,-0.6820107683497518,-0.5793809844501459
RNU6-169P,Pseudogene,RNU6,1.136168126913226,-0.241999998688698,0,0,0.8080787102260774,1.7423361989775528
RNU6-16P,Pseudogene,RNU6,1.4283256452623412,0.0549999997019768,0,0,-0.20423082612351695,-0.036746087223524064
RNU6-170P,Pseudogene,RNU6,1.5363240441392578,0.284000009298325,0,0,0.27062676289625526,0.7714521518499998
RNU6-171P,Pseudogene,RNU6,0.7790867155976406,-0.118000000715256,5.48,0,-0.25265210937622545,0.3636844321037389
RNU6-172P,Pseudogene,RNU6,1.419250262374555,-0.112999998033047,0,0,-0.37014434880889285,-0.3596636386492614
RNU6-173P,Pseudogene,RNU6,1.2023405562828977,-0.325499996542931,0,0,-0.5020031988487351,-0.42037224577126536
RNU6-174P,Pseudogene,RNU6,1.2124230766710138,-0.133500002324581,4.71,0,-0.4709053605156285,-0.41429862085131497
RNU6-175P,Pseudogene,RNU6,0.7141628226311706,0.305000007152557,0,0,-0.6473627161319755,-0.48761754018359665
RNU6-176P,Pseudogene,RNU6,0.9593278089283648,0.266999989748001,0,0,-0.5692345947538692,-0.5581818599637438
RNU6-177P,Pseudogene,RNU6,1.0687471611403534,0.279000014066696,0,0,-0.5528743923992463,-0.6201310564041659
RNU6-178P,Pseudogene,RNU6,0.9017554172121732,0.307000011205673,0.25,0,0.9539731393066613,1.9409056700589102
RNU6-179P,Pseudogene,RNU6,0.6167769831814656,0.293000012636185,0,0,0.31480081201671806,0.8939373453787163
RNU6-17P,Pseudogene,RNU6,1.3958636987791062,0.0549999997019768,0,0,-0.25227816329476904,-0.08720486603488216
RNU6-180P,Pseudogene,RNU6,0.7402388124291791,-0.214000001549721,0,0,-0.7374511605707428,-0.545621621910052
RNU6-181P,Pseudogene,RNU6,1.0387822874635209,0.282999992370605,1.01,0,1.077491928606179,2.1469335498016946
RNU6-182P,Pseudogene,RNU6,0.6946856547412297,-0.0339999999850988,1.37,0,-0.7275719225949346,-0.5439715923264485
RNU6-183P,Pseudogene,RNU6,1.0736051027819002,0.105999998748302,0,0,-0.4297749869935801,-0.2513482964522567
RNU6-185P,Pseudogene,RNU6,1.5906353776785165,0.188999995589256,1.33,0,-0.33323849299299224,-0.5426729127816865
RNU6-187P,Pseudogene,RNU6,0.7864365902730902,0.221499994397163,0,0,-0.6370694881733063,-0.5319102003240191
RNU6-188P,Pseudogene,RNU6,1.330939805812636,0.30799999833107,0.71,0,-0.32857690785821625,-0.3060971209441734
RNU6-189P,Pseudogene,RNU6,1.2036632631654969,-0.111000001430511,0,0,-0.5934209323741371,-0.6583771554872613
RNU6-190P,Pseudogene,RNU6,1.464288389895729,0.446000009775162,1.43,0,-0.36808755648852143,-0.5743739773177583
RNU6-191P,Pseudogene,RNU6,1.2563463968724369,0.177999995648861,0,0,-0.4877932275809734,-0.5913344053545034
RNU6-192P,Pseudogene,RNU6,0.9030913511635984,0.325000002980232,0,0,0.8889515335910442,1.7982565789933296
RNU6-193P,Pseudogene,RNU6,1.266015912846166,-0.046000000089407,0,0,-0.05821985859608859,0.3750173692031998
RNU6-195P,Pseudogene,RNU6,1.115321005318488,-0.225999996066093,0.62,0,-0.21308172658804592,-0.019515450005077806
RNU6-196P,Pseudogene,RNU6,1.168630073396461,-0.268999993801117,0.3,0,-0.4711949978216663,-0.27804621150884107
RNU6-197P,Pseudogene,RNU6,0.6599513720041681,0.347000002861023,0,0,-0.6797655730212689,-0.5839360930121695
RNU6-198P,Pseudogene,RNU6,1.5697223929248938,0.311000004410744,0,0,-0.30488380585539915,-0.5059088781824406
RNU6-199P,Pseudogene,RNU6,1.298477859329401,0.152999997138977,0.35,0,0.054702095257174184,0.49088416040418814
RNU6-19P,Pseudogene,RNU6,1.330939805812636,0.215000003576279,0.56,0,-0.27733208534339676,-0.15860093319267762
RNU6-200P,Pseudogene,RNU6,1.330939805812636,0.23199999332428,0,0,-0.3639439759129994,-0.3984643071716476
RNU6-201P,Pseudogene,RNU6,1.6513019661881687,0.30799999833107,0.65,0,-0.035006039046475,-0.07120986782066771
RNU6-203P,Pseudogene,RNU6,0.801560370855265,0.30799999833107,0,0,-0.5558381885102502,-0.3813724989932842
RNU6-204P,Pseudogene,RNU6,1.298477859329401,-0.237000003457069,0.26,0,-0.46259783008454036,-0.4391574555520917
RNU6-205P,Pseudogene,RNU6,0.6817008761479356,0.30799999833107,0,0,-0.6593565297000232,-0.5177238471887237
RNU6-206P,Pseudogene,RNU6,1.5363240441392578,-0.213500000536442,0,0,1.1879569207182084,1.9786450299125578
RNU6-207P,Pseudogene,RNU6,0.8764725550473457,0.30799999833107,0,0,-0.5403796704114534,-0.3962371007292976
RNU6-208P,Pseudogene,RNU6,1.266015912846166,-0.144999995827675,0,0,0.05852055632308459,0.502193179459886
RNU6-209P,Pseudogene,RNU6,1.4932495382288111,0.30799999833107,0,0,-0.35832915537003024,-0.5352034076776142
RNU6-20P,Pseudogene,RNU6,1.4607875917455764,-0.0610000006854534,0,0,1.2488207435324274,2.2000389439131682
RNU6-210P,Pseudogene,RNU6,0.9140600720279336,0.202000007033348,0,0,0.4767495480962931,1.080401002735332
RNU6-211P,Pseudogene,RNU6,1.330939805812636,0.470999985933304,0,0,-0.30470037390577515,-0.2972617137720468
RNU6-212P,Pseudogene,RNU6,1.3693323002110775,0.214000001549721,0,0,-0.4255366962480336,-0.5682744091459953
RNU6-213P,Pseudogene,RNU6,1.2023405562828977,0.303000003099442,1.13,0,0.05113298297688359,0.5153841932616499
RNU6-214P,Pseudogene,RNU6,1.5581734311952813,0.30799999833107,0,0,-0.28334646382894635,-0.42750038424890185
RNU6-215P,Pseudogene,RNU6,1.770767355222742,0.118000000715256,0,0,-0.344753575412831,-0.6948736752628011
RNU6-216P,Pseudogene,RNU6,1.2023405562828977,0.237000003457069,0.66,0,0.4928335716102118,1.2060998723020324
RNU6-217P,Pseudogene,RNU6,1.3359339514254416,0.30799999833107,0,0,-0.3188362652042036,-0.28600017500927166
RNU6-218P,Pseudogene,RNU6,1.6209331943962024,0.30799999833107,0,0,0.9783861221962666,1.5290752511557055
RNU6-219P,Pseudogene,RNU6,1.0387822874635209,0.277999997138977,0,0,-0.46238656116990773,-0.3362213160225054
RNU6-21P,Pseudogene,RNU6,1.7529451100946911,0.0769999995827675,0,0,-0.18040294225430506,-0.2785992602788531
RNU6-220P,Pseudogene,RNU6,1.168630073396461,0.291999995708466,0,0,-0.2513430440409958,-0.16053131189263073
RNU6-221P,Pseudogene,RNU6,0.8420432178681572,0.30799999833107,0,0,-0.2386835139269455,0.10150604521314881
RNU6-222P,Pseudogene,RNU6,1.5257114847120463,0.165500000119209,0,0,1.222912180292286,2.3709337892775046
RNU6-223P,Pseudogene,RNU6,1.3634017522958712,-0.119999997317791,0,0,-0.38381538026001205,-0.3260141218293192
RNU6-224P,Pseudogene,RNU6,1.2335539663629311,0.30799999833107,0,0,-0.41896438806821534,-0.4617217795685574
RNU6-225P,Pseudogene,RNU6,1.112845951769931,0.27700001001358,0,0,0.7134555486494593,1.7092475991308929
RNU6-226P,Pseudogene,RNU6,0.9413964480138156,0.239999994635582,0,0,-0.6004198971455008,-0.5999359905041535
RNU6-227P,Pseudogene,RNU6,1.0116781379726645,0.331999987363815,1.17,0,-0.4348269028156451,-0.29968896102470244
RNU6-228P,Pseudogene,RNU6,1.5728731805461804,0.214000001549721,9,0,-0.2478445576485138,-0.294247587147474
RNU6-229P,Pseudogene,RNU6,1.123756206199048,-0.0955000016838312,0,0,0.4298752470197306,0.8162671208089228
RNU6-22P,Pseudogene,RNU6,1.2335539663629311,0.146999999880791,0,0,0.21384146165488901,0.9785773952986558
RNU6-230P,Pseudogene,RNU6,1.2691372538541694,-0.284999996423721,7.04,0,-0.30854004391385764,0.01573076714908985
RNU6-232P,Pseudogene,RNU6,0.7598124348732199,0.30799999833107,0.21,0,0.7765820898000086,1.5452658779477542
RNU6-233P,Pseudogene,RNU6,1.0592724522649954,0.152999997138977,0,0,2.1362790203401465,3.681965085199156
RNU6-234P,Pseudogene,RNU6,0.7013653244983569,0.30799999833107,0.26,0,-0.4313212890205869,-0.18820069842235923
RNU6-235P,Pseudogene,RNU6,1.0712442339467558,0.19200000166893,0,0,-0.005020451966654619,0.5805034286449463
RNU6-236P,Pseudogene,RNU6,1.04858212036412,0.238000005483627,0,0,-0.13604340980142207,0.2811378840123456
RNU6-237P,Pseudogene,RNU6,1.2719596495261951,-0.150999993085861,0.85,0,-0.5042860505874128,-0.5429594862491388
RNU6-238P,Pseudogene,RNU6,0.8192047815344689,0.303000003099442,0.09,0,-0.19089434181664539,0.25136230774827084
RNU6-239P,Pseudogene,RNU6,0.7367878156346375,0.214000001549721,0,0,-0.7713595986042238,-0.8048087315145007
RNU6-23P,Pseudogene,RNU6,1.5581734311952813,0.118000000715256,0,0,0.9947329478228225,1.9331366579890266
RNU6-240P,Pseudogene,RNU6,1.1100647060298,0.28999999165535,0,0,-0.6304184961654907,-0.8145654847465637
RNU6-241P,Pseudogene,RNU6,0.9685521147834452,0.261000007390976,0,0,-0.5405218539852953,-0.48095085909206065
RNU6-242P,Pseudogene,RNU6,1.2335539663629311,0.261999994516373,0.1,0,-0.3617418104824343,-0.26598389764762725
RNU6-243P,Pseudogene,RNU6,1.4283256452623412,0.0140000004321337,0,0,-0.4766680424975962,-0.6921610976756482
RNU6-244P,Pseudogene,RNU6,1.3693323002110775,-0.351000010967255,0.55,0,-0.5123636867449259,-0.5536158844874424
RNU6-245P,Pseudogene,RNU6,0.8440106085641107,0.30799999833107,0,0,0.8618753143828713,1.7965852300405496
RNU6-246P,Pseudogene,RNU6,1.103706180429991,0.30799999833107,0,0,-0.3883060535272946,-0.2526100378388228
RNU6-247P,Pseudogene,RNU6,0.9089345015305808,0.0309999994933605,0.36,0,-0.5803439411072406,-0.3942881819300661
RNU6-248P,Pseudogene,RNU6,1.5581734311952813,0.293000012636185,0,0,-0.3820133028857083,-0.6554960489318897
RNU6-249P,Pseudogene,RNU6,1.464288389895729,0.0570000000298023,0,0,-0.4066441178824316,-0.564403952308017
RNU6-24P,Pseudogene,RNU6,1.4283256452623412,0.146999999880791,0,0,-0.2799869264787288,-0.2469971887681549
RNU6-250P,Pseudogene,RNU6,1.1465685563690198,-0.275000005960464,0,0,-0.8260937774544815,-1.0862985844312831
RNU6-251P,Pseudogene,RNU6,1.1021455099259891,0.0445000007748604,0,0,-0.40603526227754866,-0.23585386643531517
RNU6-253P,Pseudogene,RNU6,1.5216923865760268,-0.090999998152256,0,0,-0.34119248876707425,-0.3554550935082244
RNU6-254P,Pseudogene,RNU6,1.4932495382288111,0.149000003933907,0,0,-0.4174147177642605,-0.6566634892711339
RNU6-256P,Pseudogene,RNU6,1.2532988616465484,0.150000005960464,0,0,-0.5157498920481678,-0.6698878860845008
RNU6-257P,Pseudogene,RNU6,1.098737515151945,-0.0804999992251396,0,0,-0.5099224465075474,-0.42125448757215417
RNU6-258P,Pseudogene,RNU6,0.997320989479983,0.0130000002682209,0,0,-0.6693859207028117,-0.7460800137723231
RNU6-259P,Pseudogene,RNU6,0.8115486620808757,0.30799999833107,0,0,-0.5450903121673817,-0.363695551851676
RNU6-260P,Pseudogene,RNU6,1.103706180429991,-0.0780000016093254,0,0,-0.6128890425936029,-0.6414711375305596
RNU6-261P,Pseudogene,RNU6,1.2599690796777203,0.446000009775162,0,0,-0.5460188020742989,-0.8177527858078184
RNU6-262P,Pseudogene,RNU6,1.4372806649818544,-0.263000011444092,0.79,0,-0.3235071448425668,-0.2099368918139589
RNU6-263P,Pseudogene,RNU6,1.0387822874635209,0.30799999833107,0.33,0,-0.36606796529951524,-0.1404559902639346
RNU6-264P,Pseudogene,RNU6,1.001950463569081,0.301999986171722,0.69,0,0.7349566879145143,1.4025468030468744
RNU6-266P,Pseudogene,RNU6,0.9738583944970508,0.30799999833107,0,0,-0.570879489872129,-0.5520165928829549
RNU6-267P,Pseudogene,RNU6,1.5175172069589966,0.163000002503395,0,0,-0.36467651545344887,-0.5403327595029076
RNU6-268P,Pseudogene,RNU6,1.006320340980286,-0.0219999998807907,0,0,-0.49158359699736953,-0.2529817673022795
RNU6-269P,Pseudogene,RNU6,1.145873244933987,-0.061999998986721,0,0,-0.7990578933786489,-1.0981198151638842
RNU6-26P,Pseudogene,RNU6,1.5581734311952813,0.125,7.48,0,-0.23202135120045878,-0.20440181243596828
RNU6-270P,Pseudogene,RNU6,1.6540134636695942,-0.0480000004172325,0,0,-0.28866333491727864,-0.3591410232264706
RNU6-271P,Pseudogene,RNU6,1.2901305016622835,0.164000004529953,0,0,-0.3788137894089739,-0.34924942948281745
RNU6-272P,Pseudogene,RNU6,1.3025356026398056,-0.195000000298023,0.18,0,-0.4581777505390451,-0.4378428341733194
RNU6-273P,Pseudogene,RNU6,1.3025356026398056,0.209000006318092,0,0,-0.5489217140397741,-0.7866641453325753
RNU6-274P,Pseudogene,RNU6,1.3634017522958712,0.30799999833107,0,0,-0.3735039695733473,-0.45435611967189987
RNU6-275P,Pseudogene,RNU6,1.266015912846166,0.130999997258186,5.87,0,-0.2726285150704006,-0.04908591717374151
RNU6-276P,Pseudogene,RNU6,1.0854463355331714,-0.0780000016093254,0,0,-0.5722966686303878,-0.5084071962665062
RNU6-277P,Pseudogene,RNU6,1.1468866941482565,0.361999988555908,0,0,-0.7442475756649573,-1.121497586200868
RNU6-278P,Pseudogene,RNU6,1.0515883764431455,-0.317999988794327,0,0,-0.8709248089843272,-1.0900097229088608
RNU6-279P,Pseudogene,RNU6,1.3412247789558394,0.063000001013279,0,0,-0.5040516176964102,-0.6637262360463061
RNU6-27P,Pseudogene,RNU6,1.5581734311952813,0.214000001549721,0,0,-0.23952254665760306,-0.268151543293724
RNU6-280P,Pseudogene,RNU6,1.77011248563871,0.282999992370605,0,0,-0.2223131372436395,-0.4832319614796596
RNU6-281P,Pseudogene,RNU6,1.112845951769931,-0.104999996721745,0,0,-0.530521620267658,-0.40764146409182456
RNU6-282P,Pseudogene,RNU6,1.5512398115580857,0.30799999833107,1.15,0,-0.31622807714026074,-0.48488173383603833
RNU6-283P,Pseudogene,RNU6,1.266015912846166,0.28099998831749,0,0,-0.3876499630286511,-0.3929767836783877
RNU6-284P,Pseudogene,RNU6,0.9175093553186052,-0.0554999988526106,0,0,-0.6578916659719907,-0.5998636404662208
RNU6-285P,Pseudogene,RNU6,1.146231330323029,0.30799999833107,0.73,0,-0.48976608843673713,-0.5158255816845281
RNU6-286P,Pseudogene,RNU6,0.6817008761479356,-0.157000005245209,0,0,-0.7604909569029302,-0.588684844560571
RNU6-287P,Pseudogene,RNU6,1.098737515151945,-0.271999999880791,0,0,-0.2898099557704194,0.07053682326563394
RNU6-288P,Pseudogene,RNU6,1.1021455099259891,0.277999997138977,0.22,0,-0.5721455612362694,-0.6722783287702621
RNU6-289P,Pseudogene,RNU6,1.4932495382288111,0.30799999833107,0,0,-0.29367341356928944,-0.41962203960407
RNU6-28P,Pseudogene,RNU6,1.330939805812636,0.146999999880791,0.67,0,0.11694239471202779,0.674808837356855
RNU6-290P,Pseudogene,RNU6,0.997320989479983,0.301999986171722,0.07,0,-0.07766119812497552,0.411277114452273
RNU6-291P,Pseudogene,RNU6,1.5257114847120463,0.214000001549721,0.36,0,-0.3271327102228859,-0.4715077420542253
RNU6-293P,Pseudogene,RNU6,0.950277546579984,0.146999999880791,0,0,-0.5926268469236354,-0.5732771319438431
RNU6-294P,Pseudogene,RNU6,1.0897029878293798,0.446000009775162,0,0,-0.5070182248560582,-0.6078148607699736
RNU6-295P,Pseudogene,RNU6,1.001950463569081,-0.0765000022947788,0,0,-0.4741190753723348,-0.23356534725445227
RNU6-296P,Pseudogene,RNU6,1.2335539663629311,-0.025000000372529,0,0,-0.44999365771114136,-0.42339640967067105
RNU6-297P,Pseudogene,RNU6,1.2335539663629311,0.28099998831749,0,0,-0.4636133737674423,-0.5561301090288278
RNU6-298P,Pseudogene,RNU6,1.2663540581220332,0.214000001549721,2.83,0,0.30812803703261143,0.9903511911395273
RNU6-299P,Pseudogene,RNU6,1.146231330323029,-0.042000001296401,0.73,0,-0.5143271719601206,-0.47467046533064144
RNU6-300P,Pseudogene,RNU6,0.9351537659978092,-0.212999999523163,0,0,-0.7085258270998978,-0.7178142522206572
RNU6-301P,Pseudogene,RNU6,1.0712442339467558,-0.101000003516674,0.36,0,-0.5075707676547486,-0.3899347904699548
RNU6-302P,Pseudogene,RNU6,1.4283256452623412,-0.212999999523163,2.66,0,-0.4785968416260876,-0.5790151589198594
RNU6-304P,Pseudogene,RNU6,1.4283256452623412,0.194999992847443,0,0,0.06282514276520898,0.4018476374239363
RNU6-306P,Pseudogene,RNU6,1.3958636987791062,0.28099998831749,0.67,0,-0.07580877445090654,0.08372396603906976
RNU6-307P,Pseudogene,RNU6,0.8847411640572264,-0.016499999910593,0,0,-0.3799436091669257,-0.10521724647299109
RNU6-308P,Pseudogene,RNU6,1.2335539663629311,-0.356000006198883,0.26,0,-0.4758062463341546,-0.3724075143756811
RNU6-309P,Pseudogene,RNU6,1.1468866941482565,0.356000006198883,0,0,-0.5142292847043451,-0.628592953562521
RNU6-30P,Pseudogene,RNU6,1.103706180429991,0.239999994635582,0.09,0,-0.42383686370152895,-0.28732444716122446
RNU6-310P,Pseudogene,RNU6,1.3634017522958712,0.347000002861023,1.38,0,-0.2866942557072691,-0.2457912739250958
RNU6-311P,Pseudogene,RNU6,1.191862642938384,0.305999994277954,0,0,-0.44108465194083785,-0.49654082521527876
RNU6-312P,Pseudogene,RNU6,0.4220053042820553,0.0109999999403954,11.55,0,-0.8151216848750951,-0.5443058055166645
RNU6-313P,Pseudogene,RNU6,0.7753188110951224,0.194999992847443,0.34,0,-0.36191278207717753,-0.08791959262733448
RNU6-314P,Pseudogene,RNU6,1.3693323002110775,-0.309499993920326,0.69,0,-0.5182418159650252,-0.6357448746406262
RNU6-315P,Pseudogene,RNU6,1.0712442339467558,0.165999993681908,0,0,-0.4751049125946127,-0.38889999371507095
RNU6-316P,Pseudogene,RNU6,1.0712442339467558,-0.140000000596046,1.18,0,-0.5741035913846804,-0.4851232887865459
RNU6-317P,Pseudogene,RNU6,1.168630073396461,0.118000000715256,0,0,-0.09630759789043145,0.35679694769540987
RNU6-318P,Pseudogene,RNU6,1.7198528345535296,0.239999994635582,0,0,1.2562682654029553,2.090654705257231
RNU6-31P,Pseudogene,RNU6,0.9648411871405967,0.152999997138977,0,0,0.8957670576859634,1.9627251749946013
RNU6-320P,Pseudogene,RNU6,1.081350311625499,0.30799999833107,0,0,-0.49773092126457935,-0.5222858595162988
RNU6-321P,Pseudogene,RNU6,1.3107276504551504,0.44200000166893,0.24,0,-0.3509564381315092,-0.4257611563118211
RNU6-322P,Pseudogene,RNU6,1.450071997760819,0.214000001549721,2.07,0,-0.40482848230389723,-0.6264597576987736
RNU6-323P,Pseudogene,RNU6,1.330939805812636,0.263999998569489,0.36,0,0.040781279250005575,0.25810290390510643
RNU6-324P,Pseudogene,RNU6,1.1796548854096351,-0.159999996423721,0,0,-0.4450837013957876,-0.31484947463860363
RNU6-325P,Pseudogene,RNU6,1.455531848029243,0.30799999833107,0,0,-0.38298140049389967,-0.6016893340455108
RNU6-326P,Pseudogene,RNU6,1.5906353776785165,0.197999998927116,0,0,0.30594719183899033,0.6771992665211267
RNU6-327P,Pseudogene,RNU6,1.3674914463410033,0.0099999997764825,0.85,0,-0.49381022024692434,-0.6432350457122268
RNU6-329P,Pseudogene,RNU6,1.136168126913226,0.30799999833107,0,0,-0.44388926741779694,-0.3773534317849321
RNU6-32P,Pseudogene,RNU6,1.0712442339467558,0.342000007629395,0.04,0,-0.3636649040225222,-0.12893442355565057
RNU6-330P,Pseudogene,RNU6,1.0712442339467558,0.202000007033348,0,0,-0.5315111151605507,-0.5073121532534984
RNU6-331P,Pseudogene,RNU6,1.006320340980286,0.30799999833107,0.22,0,-0.4611514417859589,-0.34266717106588657
RNU6-332P,Pseudogene,RNU6,1.0291639329499698,0.359999999403954,0,0,-0.5074764756172991,-0.4947581560356457
RNU6-333P,Pseudogene,RNU6,1.5257114847120463,0.0769999995827675,0,0,0.9929831223672417,1.3287266159578006
RNU6-334P,Pseudogene,RNU6,1.0215965510900435,-0.013499999884516,0,0,-0.6779631924227205,-0.7822823555988726
RNU6-335P,Pseudogene,RNU6,1.3217470422067643,-0.241999998688698,0.33,0,-0.5191400184610626,-0.5756208650231471
RNU6-336P,Pseudogene,RNU6,1.201092019879696,0.232999995350838,0,0,-0.19864307814272422,-0.02884590469098946
RNU6-337P,Pseudogene,RNU6,1.3107276504551504,-0.059000002220273,0,0,-0.49670224322607337,-0.5365825351786453
RNU6-338P,Pseudogene,RNU6,0.8931672703815808,0.118000000715256,0.29,0,-0.0870347621861957,0.5859989031681105
RNU6-339P,Pseudogene,RNU6,1.2335539663629311,-0.180999994277954,0,0,-0.5141015382566342,-0.49778022592710724
RNU6-33P,Pseudogene,RNU6,1.4607875917455764,0.114000000059605,4.36,0,-0.21811405763284367,-0.11766623291378592
RNU6-340P,Pseudogene,RNU6,1.266015912846166,-0.193000003695488,0,0,0.11323558616026533,0.7686419866467346
RNU6-341P,Pseudogene,RNU6,1.3748986916753505,0.167000003159046,0.33,0,-0.41750116413928606,-0.5248320663446363
RNU6-342P,Pseudogene,RNU6,0.6345686269270847,0.30799999833107,0.27,0,-0.6987708977277455,-0.5924158700380845
RNU6-343P,Pseudogene,RNU6,1.2357389050685337,-0.0880000032484531,3.69,0,-0.3777636288896286,-0.17448345171329477
RNU6-344P,Pseudogene,RNU6,1.3142701576185425,0.305999994277954,0,0,-0.3944618474884754,-0.4379432306705621
RNU6-345P,Pseudogene,RNU6,0.9413964480138156,-0.0839999988675117,0,0,-0.5793669685144255,-0.4411103784920772
RNU6-346P,Pseudogene,RNU6,0.938764398298959,0.193000003695488,3.65,0,-0.6383979465837791,-0.6566606298401746
RNU6-347P,Pseudogene,RNU6,1.0254883474751486,-0.172000005841255,0,0,-0.6617844681809648,-0.6629737701644287
RNU6-348P,Pseudogene,RNU6,1.3634017522958712,-0.239999994635582,0,0,-0.4597796228293699,-0.44482763608644743
RNU6-349P,Pseudogene,RNU6,1.4932495382288111,0.214000001549721,0,0,-0.6198636715465141,-1.0911115900548498
RNU6-351P,Pseudogene,RNU6,1.5977770059048282,0.30799999833107,0,0,-0.37447389242974666,-0.6407701718212607
RNU6-352P,Pseudogene,RNU6,0.8764725550473457,-0.185000002384186,0,0,-0.6767391598928665,-0.587920144383279
RNU6-353P,Pseudogene,RNU6,1.6402300181390144,0.296000003814697,0,0,-0.12706581696340985,-0.1433003441802258
RNU6-354P,Pseudogene,RNU6,1.266015912846166,-0.226999998092651,0.74,0,-0.46723638167613024,-0.42243715126440096
RNU6-355P,Pseudogene,RNU6,1.1689422074972615,0.248500004410744,0.03,0,-0.4465214215071963,-0.4348096119983235
RNU6-356P,Pseudogene,RNU6,1.3958636987791062,0.211999997496605,0,0,-0.39075285199208,-0.5044872684457933
RNU6-358P,Pseudogene,RNU6,1.0188722936204702,0.239999994635582,1.17,0,-0.5074313268051687,-0.4074678622354645
RNU6-359P,Pseudogene,RNU6,1.2221321703780892,0.17399999499321,0,0,-0.010022149754245917,0.39058558505143104
RNU6-35P,Pseudogene,RNU6,0.9413964480138156,0.164000004529953,0,0,-0.4304151309105765,-0.12248037715198841
RNU6-360P,Pseudogene,RNU6,0.7681620220696289,0.0549999997019768,0,0,-0.572302995839182,-0.3029160150768934
RNU6-361P,Pseudogene,RNU6,1.006320340980286,0.279000014066696,0,0,-0.46122291432470053,-0.35205209101142715
RNU6-362P,Pseudogene,RNU6,1.3893713094824591,-0.0684999991208315,0,0,0.19470632326757528,0.7250028943911742
RNU6-363P,Pseudogene,RNU6,0.8270067318347971,0.136999994516373,0,0,-0.709588912782336,-0.7165936458553793
RNU6-364P,Pseudogene,RNU6,1.4283256452623412,0.30799999833107,0,0,-0.29590237208370473,-0.33990662080042616
RNU6-365P,Pseudogene,RNU6,1.6711777543303166,-0.0425000004470348,0,0,-0.3715774706271901,-0.622642720405923
RNU6-366P,Pseudogene,RNU6,0.7864365902730902,0.30799999833107,0,0,-0.35415815559178043,-0.05068384547735437
RNU6-367P,Pseudogene,RNU6,1.3893713094824591,0.305000007152557,0,0,-0.4301756524586769,-0.6252156613465445
RNU6-369P,Pseudogene,RNU6,1.770767355222742,-0.122499998658895,0,0,0.9031094697399463,1.7361757205088886
RNU6-370P,Pseudogene,RNU6,1.2357389050685337,0.282999992370605,0,0,0.051943883059601306,0.2604209216584059
RNU6-371P,Pseudogene,RNU6,1.1899707974734026,-0.171499997377396,0,0,-0.5248612969929175,-0.46509305550206226
RNU6-373P,Pseudogene,RNU6,1.098737515151945,0.30799999833107,0,0,-0.4610827319665355,-0.4453032001363006
RNU6-375P,Pseudogene,RNU6,1.4935741576936437,-0.0370000004768372,0,0,-0.6519276442020272,-1.0772131222692065
RNU6-376P,Pseudogene,RNU6,0.9830457378413626,0.238000005483627,0,0,-0.12585515876701575,0.32742095396725
RNU6-377P,Pseudogene,RNU6,0.885383677611371,0.0105000003241002,1.56,0,-0.7283296019017711,-0.7440146670672038
RNU6-378P,Pseudogene,RNU6,1.266015912846166,0.30799999833107,0,0,-0.3252370738878066,-0.27319790526332893
RNU6-379P,Pseudogene,RNU6,1.0353488123547172,0.194999992847443,5.7,0,0.73998585402382,1.581428742855727
RNU6-37P,Pseudogene,RNU6,1.6880212171282214,-0.234999999403954,1.93,0,1.04828142934602,1.7643031123219892
RNU6-380P,Pseudogene,RNU6,1.5257114847120463,-0.116999998688698,0,0,-0.33235878842282196,-0.3878687359950118
RNU6-381P,Pseudogene,RNU6,1.5437458994249549,-0.140000000596046,0,0,-0.39435527852560803,-0.5363873041087392
RNU6-382P,Pseudogene,RNU6,1.04858212036412,0.282999992370605,0,0,-0.5533829914828843,-0.5619938713155456
RNU6-383P,Pseudogene,RNU6,0.6651245630501135,0.30799999833107,0,0,-0.6458250968508381,-0.4662531481706464
RNU6-384P,Pseudogene,RNU6,1.2023405562828977,0.327500000596046,0.69,0,-0.16712272180479476,-0.07750048614209874
RNU6-386P,Pseudogene,RNU6,0.6492389296647005,-0.0759999975562096,0,0,-0.4717572001046241,-0.21991549692024015
RNU6-387P,Pseudogene,RNU6,0.7608461932880134,0.214000001549721,0.73,0,-0.33498575240235834,-0.020500422385687205
RNU6-388P,Pseudogene,RNU6,0.860087001108189,-0.282000005245209,1.7,0,-0.9455676197997854,-1.1042810941933476
RNU6-389P,Pseudogene,RNU6,1.0254883474751486,-0.172000005841255,0.31,0,-0.8629981703405856,-1.0997560060038654
RNU6-38P,Pseudogene,RNU6,1.2335539663629311,0.214000001549721,0,0,-0.35544063130396736,-0.2414296227576591
RNU6-390P,Pseudogene,RNU6,1.0116781379726645,0.279000014066696,0,0,-0.6129420982732876,-0.6870890390202398
RNU6-391P,Pseudogene,RNU6,0.7681620220696289,0.287000000476837,0,0,-0.3192665573616743,-0.01883516619622356
RNU6-392P,Pseudogene,RNU6,1.272444021060668,-0.238000005483627,0,0,-0.554888688530783,-0.5994482802858622
RNU6-393P,Pseudogene,RNU6,0.9413964480138156,0.20100000500679,0,0,-0.4348871420007392,-0.17885891367923656
RNU6-394P,Pseudogene,RNU6,1.103706180429991,0.0149999996647239,0,0,-0.8066344554435714,-1.1050801713384013
RNU6-395P,Pseudogene,RNU6,0.8192047815344689,0.296999990940094,0.32,0,-0.15695663703329243,0.4234030985436334
RNU6-396P,Pseudogene,RNU6,1.2570502323888917,0.261999994516373,8.18,0,-0.4817095573651274,-0.5986855033034667
RNU6-398P,Pseudogene,RNU6,1.3065188919445143,-0.180000007152557,0,0,-0.38924850266774835,-0.300638044950603
RNU6-399P,Pseudogene,RNU6,1.2405100977521957,-0.14750000089407,0,0,-0.5288958537432003,-0.5455901492563708
RNU6-3P,Pseudogene,RNU6,1.168630073396461,0.172999992966652,1.75,0,-0.3491149203277052,-0.13407990670549524
RNU6-400P,Pseudogene,RNU6,1.4090322242392863,0.319000005722046,0,0,-0.3712496393393284,-0.4883278179104
RNU6-401P,Pseudogene,RNU6,1.230172513604261,-0.0245000002905726,0,0,-0.5355528807874445,-0.5998257263562023
RNU6-402P,Pseudogene,RNU6,1.2140137655671974,-0.150000005960464,0,0,-0.48195778486660307,-0.4379363847473751
RNU6-403P,Pseudogene,RNU6,0.801560370855265,-0.0600000005215406,0,0,-0.6804489921520924,-0.5604229694387415
RNU6-405P,Pseudogene,RNU6,1.23148820613218,0.347000002861023,0,0,0.7536692249689773,1.4242751957086641
RNU6-406P,Pseudogene,RNU6,1.5581734311952813,0.293000012636185,0,0,0.513300096683637,0.8077198755722329
RNU6-407P,Pseudogene,RNU6,1.2357389050685337,0.114000000059605,0.38,0,-0.18325074236215735,-0.009477575591896383
RNU6-408P,Pseudogene,RNU6,1.3893713094824591,0.152999997138977,0,0,-0.4574547369672483,-0.606269041429103
RNU6-409P,Pseudogene,RNU6,1.1689422074972615,0.20100000500679,0.25,0,-0.46132179376786686,-0.4648115099141541
RNU6-40P,Pseudogene,RNU6,1.330939805812636,0.118000000715256,0,0,-0.22962705214242302,-0.008479744563054574
RNU6-410P,Pseudogene,RNU6,1.266015912846166,-0.0740000009536743,0,0,-0.5851322541118581,-0.7749589882112867
RNU6-411P,Pseudogene,RNU6,1.3958636987791062,0.30799999833107,0.09,0,-0.28644916122693936,-0.3034127184522525
RNU6-412P,Pseudogene,RNU6,1.2124230766710138,0.30799999833107,0,0,-0.5106738756999001,-0.6665988400643287
RNU6-413P,Pseudogene,RNU6,1.168630073396461,0.090999998152256,0,0,-0.5285822892398295,-0.5851353291384063
RNU6-414P,Pseudogene,RNU6,0.7013653244983569,0.123000003397465,0,0,-0.6116086178987907,-0.34306646899863313
RNU6-415P,Pseudogene,RNU6,1.4681500950716708,0.277999997138977,0.99,0,-0.4345763568049846,-0.7152978456893707
RNU6-416P,Pseudogene,RNU6,0.9779555333735755,0.202999994158745,0,0,-0.06963428811213376,0.3700223756056544
RNU6-418P,Pseudogene,RNU6,0.9738583944970508,-0.0700000002980232,5.48,0,-0.5333370372536619,-0.3299562098869469
RNU6-419P,Pseudogene,RNU6,1.433478335180315,0.347000002861023,0,0,-0.22811804114262807,-0.23610660479670129
RNU6-41P,Pseudogene,RNU6,1.2335539663629311,0.0549999997019768,0,0,0.9164999816755608,1.866142524936719
RNU6-420P,Pseudogene,RNU6,1.298477859329401,0.361000001430511,0,0,-0.405911163973761,-0.5136073673116743
RNU6-421P,Pseudogene,RNU6,1.201092019879696,0.003000000026077,0.08,0,0.6028861802335544,1.278587783444959
RNU6-422P,Pseudogene,RNU6,0.9738583944970508,-0.138999998569489,0,0,-0.588133237828265,-0.47501019511125636
RNU6-424P,Pseudogene,RNU6,0.5623645776476621,0.130999997258186,0,0,-0.8568652421485214,-0.8080571524307355
RNU6-425P,Pseudogene,RNU6,0.7491708041326987,-0.046000000089407,0,0,-0.447829095271321,-0.10575555507837708
RNU6-426P,Pseudogene,RNU6,1.217490322742361,0.115000002086163,0,0,-0.7467079554769926,-1.1033151296888941
RNU6-428P,Pseudogene,RNU6,1.0387822874635209,0.30799999833107,0,0,-0.47861736747656874,-0.39980060938082507
RNU6-429P,Pseudogene,RNU6,1.3829390349015218,-0.222000002861023,0,0,-0.3279377314025376,-0.19288929411198794
RNU6-430P,Pseudogene,RNU6,1.6880212171282214,-0.143999993801117,0.47,0,0.4496192266246078,0.6667058639584942
RNU6-431P,Pseudogene,RNU6,1.3958636987791062,0.30799999833107,0,0,-0.2626880731590279,-0.23200614631908711
RNU6-432P,Pseudogene,RNU6,1.115321005318488,-0.230000004172325,0,0,-0.6020709001328239,-0.617585727419584
RNU6-433P,Pseudogene,RNU6,0.801560370855265,-0.188500002026558,0,0,-0.2534803444245994,0.4015726112901667
RNU6-434P,Pseudogene,RNU6,0.7466247691144057,0.20100000500679,0.06,0,0.12606701767662737,1.052995818200141
RNU6-435P,Pseudogene,RNU6,1.157809424568716,0.0189999993890524,0,0,-0.025852141323470225,0.4573994030887895
RNU6-436P,Pseudogene,RNU6,0.5484360432167602,0.325499996542931,0,0,-0.7621683039998058,-0.6047898604831257
RNU6-438P,Pseudogene,RNU6,0.910510324175398,-0.068000003695488,0,0,-0.6495914459675428,-0.5666454226978143
RNU6-439P,Pseudogene,RNU6,1.6384095630689377,0.214000001549721,0,0,-0.2722872100259295,-0.4329683801489078
RNU6-43P,Pseudogene,RNU6,1.330939805812636,-0.41100001335144,0.56,0,0.17676209683652588,1.0069279652587346
RNU6-440P,Pseudogene,RNU6,0.5954448469210539,-0.123000003397465,0,0,-0.7386849548491154,-0.4285948493281825
RNU6-441P,Pseudogene,RNU6,1.4418004155006654,-0.110500004142523,0,0,-0.37799012189517667,-0.4034390686492789
RNU6-442P,Pseudogene,RNU6,1.3025356026398056,0.304499998688698,0,0,-0.4263737594345984,-0.5383970734695598
RNU6-444P,Pseudogene,RNU6,1.157809424568716,0.33899998664856,2.87,0,-0.5600408947531346,-0.7612296048456761
RNU6-445P,Pseudogene,RNU6,1.136168126913226,0.305000007152557,0,0,-0.4663888595552614,-0.43415663330402116
RNU6-446P,Pseudogene,RNU6,1.0158139291027417,0.381999999284744,1.46,0,-0.31997855089426247,-0.20384362163076855
RNU6-447P,Pseudogene,RNU6,0.9685521147834452,0.25,0.07,0,-0.5813793844875992,-0.5717650575676664
RNU6-448P,Pseudogene,RNU6,1.2335539663629311,-0.046000000089407,0.26,0,-0.5552370684532367,-0.6456323197303995
RNU6-449P,Pseudogene,RNU6,1.330939805812636,-0.108999997377396,0,0,-0.4807391165122605,-0.5881867521774253
RNU6-44P,Pseudogene,RNU6,1.266015912846166,0.29899999499321,0,0,-0.32261816561390355,-0.23239402451394742
RNU6-450P,Pseudogene,RNU6,1.3634017522958712,0.238000005483627,0,0,1.1983462452343439,2.031948746699647
RNU6-451P,Pseudogene,RNU6,0.9413964480138156,-0.0860000029206276,0,0,1.6600166116982868,3.02354899370369
RNU6-452P,Pseudogene,RNU6,1.266015912846166,0.211999997496605,0,0,-0.7141786578787598,-1.1055675366371793
RNU6-453P,Pseudogene,RNU6,0.9807326890464418,-0.108999997377396,0,0,-0.37070972421200227,-0.1062838558570829
RNU6-454P,Pseudogene,RNU6,1.103706180429991,-0.207000002264977,0,0,0.6462595552654437,1.6223362206768244
RNU6-455P,Pseudogene,RNU6,1.006320340980286,0.263999998569489,0.21,0,-0.0734149224448815,0.20521350773239486
RNU6-456P,Pseudogene,RNU6,0.9413964480138156,0.185000002384186,0,0,-0.621911926703092,-0.6340847529449203
RNU6-45P,Pseudogene,RNU6,1.3634017522958712,0.232999995350838,0.35,0,0.3313990308232815,1.0399602168074056
RNU6-460P,Pseudogene,RNU6,1.1256480516640297,0.194999992847443,0.72,0,-0.5080272984747537,-0.5496255094329158
RNU6-461P,Pseudogene,RNU6,1.0387822874635209,-0.256000012159348,0.67,0,-0.602426811996478,-0.5113843694873055
RNU6-462P,Pseudogene,RNU6,1.3893713094824591,0.30799999833107,0,0,-0.40379399012409395,-0.5788024341307655
RNU6-463P,Pseudogene,RNU6,1.006320340980286,0.0089999996125698,0,0,-0.5190493333547836,-0.38666962223556406
RNU6-464P,Pseudogene,RNU6,1.001950463569081,-0.163500003516674,0,0,-0.641801919872391,-0.6319674100745063
RNU6-466P,Pseudogene,RNU6,1.1802911609681086,0.30799999833107,0.09,0,-0.5240018338656821,-0.6381453864895079
RNU6-467P,Pseudogene,RNU6,1.4841011714926269,0.338500007987022,5.72,0,1.0853965727625514,1.9655349150520143
RNU6-468P,Pseudogene,RNU6,1.115321005318488,0.211999997496605,0,0,-0.4717265110241992,-0.40133439432477885
RNU6-469P,Pseudogene,RNU6,0.8597594736896406,-0.223000004887581,0,0,-0.7078282127980278,-0.6264040635532453
RNU6-46P,Pseudogene,RNU6,1.330939805812636,0.137999996542931,1.09,0,-0.2618931389552261,-0.05854805581409646
RNU6-470P,Pseudogene,RNU6,1.001950463569081,0.211999997496605,0,0,-0.5102600739331751,-0.42776000265424974
RNU6-471P,Pseudogene,RNU6,1.2779594591937713,0.284000009298325,0,0,-0.434365418140119,-0.5264460043618215
RNU6-472P,Pseudogene,RNU6,1.4932495382288111,0.284000009298325,0,0,-0.3550582624211581,-0.5277146475054243
RNU6-473P,Pseudogene,RNU6,0.4220053042820553,-0.167999997735023,0,0,-0.8627072850037745,-0.5670995408328935
RNU6-474P,Pseudogene,RNU6,0.8115486620808757,0.30799999833107,0,0,-0.5954890676431314,-0.49352608904557993
RNU6-475P,Pseudogene,RNU6,1.3025356026398056,-0.163000002503395,0,0,-0.5726266316154497,-0.673645697514813
RNU6-476P,Pseudogene,RNU6,1.2335539663629311,0.30799999833107,1.84,0,-0.35739981187799685,-0.2725664349741843
RNU6-477P,Pseudogene,RNU6,1.4607875917455764,0.214000001549721,0,0,-0.27064140750849086,-0.29149630359906664
RNU6-478P,Pseudogene,RNU6,1.2946414474722916,0.214000001549721,0,0,-0.4968959429789457,-0.6874403891385514
RNU6-479P,Pseudogene,RNU6,0.7608461932880134,0.0610000006854534,1.37,0,-0.9426474194145424,-1.1296061219225897
RNU6-47P,Pseudogene,RNU6,1.6880212171282214,0.0769999995827675,0.66,0,-0.16530490383430077,-0.15425722731277403
RNU6-480P,Pseudogene,RNU6,1.201092019879696,-0.104999996721745,0,0,-0.39338347668267576,-0.20397631601569557
RNU6-481P,Pseudogene,RNU6,0.7790867155976406,-0.184000000357628,0.71,0,-0.6336316447591752,-0.3184959139545236
RNU6-482P,Pseudogene,RNU6,1.5906353776785165,-0.0149999996647239,0,0,-0.12433710530858412,-0.06257398761156811
RNU6-483P,Pseudogene,RNU6,0.7718729497124773,0.284000009298325,0.42,0,-0.681556264816145,-0.6764207082667268
RNU6-484P,Pseudogene,RNU6,1.5906353776785165,0.0850000008940697,0.67,0,-0.3191793424951571,-0.4255480607476913
RNU6-485P,Pseudogene,RNU6,1.0387822874635209,-0.0900000035762787,10.96,0,-0.5174152500785876,-0.3565615372589677
RNU6-486P,Pseudogene,RNU6,1.103706180429991,0.0270000007003546,0,0,-0.46734673477377736,-0.3478289176793988
RNU6-487P,Pseudogene,RNU6,0.9351537659978092,0.282000005245209,0,0,-0.42375535955266636,-0.16497662655605114
RNU6-488P,Pseudogene,RNU6,1.0876391564130363,-0.142000004649162,0,0,-0.6177263556016024,-0.6335325354089387
RNU6-489P,Pseudogene,RNU6,1.0387822874635209,0.144999995827675,0.09,0,-0.3185240525839576,-0.0699778708406673
RNU6-48P,Pseudogene,RNU6,1.006320340980286,0.211999997496605,0.91,0,-0.4154926430563443,-0.16763411671948464
RNU6-490P,Pseudogene,RNU6,1.3958636987791062,0.003000000026077,0.3,0,-0.38386038474032236,-0.38572409759135323
RNU6-491P,Pseudogene,RNU6,1.1367583441220122,-0.0665000006556511,0,0,-0.5697401474931234,-0.6086586890465273
RNU6-492P,Pseudogene,RNU6,1.2023405562828977,0.421000003814697,0,0,0.8906446857022288,1.6839321853133031
RNU6-493P,Pseudogene,RNU6,1.318616289092149,0.217999994754791,0,0,-0.427897622578317,-0.5658524526327302
RNU6-494P,Pseudogene,RNU6,1.0806221295974685,-0.134499996900558,0,0,-0.48618391486238394,-0.29053110950459826
RNU6-495P,Pseudogene,RNU6,1.6880212171282214,0.303999990224838,0.71,0,0.3511611606314542,0.6408047127436266
RNU6-496P,Pseudogene,RNU6,0.8420432178681572,0.305000007152557,0,0,-0.540281041377031,-0.40110149038843523
RNU6-497P,Pseudogene,RNU6,1.0353488123547172,0.375999987125397,0,0,-0.0870412742222841,0.33129047415805163
RNU6-498P,Pseudogene,RNU6,0.5518530902149955,0.298000007867813,0,0,-0.6569102208821687,-0.37743067981561557
RNU6-499P,Pseudogene,RNU6,1.5906353776785165,-0.149000003933907,0,0,-0.31586919897111987,-0.35733255492355204
RNU6-49P,Pseudogene,RNU6,1.298477859329401,0.146999999880791,2.66,0,0.2448484280311227,0.997389913905092
RNU6-4P,Pseudogene,RNU6,1.330939805812636,0.360000014305115,0,0,-0.22415538243198568,-0.07754013434289914
RNU6-500P,Pseudogene,RNU6,1.266015912846166,-0.0209999997168779,0,0,-0.4783543829675923,-0.48975108131189926
RNU6-501P,Pseudogene,RNU6,0.5557485237929837,0.239999994635582,0,0,0.4093632289080152,1.5853138210910835
RNU6-502P,Pseudogene,RNU6,0.9648411871405967,0.214000001549721,0,0,0.828803202993821,1.8953128847383283
RNU6-503P,Pseudogene,RNU6,0.6946856547412297,0.171000003814697,0,0,-0.7891622223051271,-0.8326682904566118
RNU6-504P,Pseudogene,RNU6,0.7681620220696289,0.197999998927116,0,0,-0.7009860933489338,-0.669183714445031
RNU6-505P,Pseudogene,RNU6,0.8764725550473457,0.214000001549721,0,0,-0.6572477918027416,-0.6814272772165737
RNU6-506P,Pseudogene,RNU6,0.775978656891799,0.301999986171722,0,0,-0.6565292418790769,-0.5924163248516091
RNU6-507P,Pseudogene,RNU6,1.2851684612712748,0.0360000003129244,0,0,-0.396880505470497,-0.46443924507734935
RNU6-508P,Pseudogene,RNU6,1.315181579364464,-0.214000001549721,0,0,-0.4968064721196879,-0.5324999644391332
RNU6-509P,Pseudogene,RNU6,1.2335539663629311,0.347000002861023,0.99,0,0.7134741866660586,1.2094667976114284
RNU6-50P,Pseudogene,RNU6,0.9779555333735755,0.20100000500679,0.75,0,-0.5742154460244003,-0.5642323590308791
RNU6-510P,Pseudogene,RNU6,1.736714136853074,0.0175000000745058,1.07,0,-0.17994592664357076,-0.22802240119339084
RNU6-511P,Pseudogene,RNU6,1.168630073396461,-0.241999998688698,0,0,-0.35940358138921397,-0.061646596547880926
RNU6-512P,Pseudogene,RNU6,0.910510324175398,0.204999998211861,0,0,-0.56492603103747,-0.4844365412202018
RNU6-514P,Pseudogene,RNU6,1.4283256452623412,0.252000004053116,0,0,-0.26774856845824474,-0.2661691197778121
RNU6-516P,Pseudogene,RNU6,1.4027306489967135,0.28999999165535,4.16,0,1.1949182363245556,2.1173102581017806
RNU6-517P,Pseudogene,RNU6,0.8525687580915091,-0.0925000011920929,0,0,0.5600240651333533,1.2847628870900725
RNU6-518P,Pseudogene,RNU6,1.157809424568716,0.284000009298325,0,0,0.7264208747615385,1.3110276524571647
RNU6-519P,Pseudogene,RNU6,1.1899707974734026,0.214000001549721,0,0,0.5441215066002103,0.9033967982273156
RNU6-520P,Pseudogene,RNU6,0.6345686269270847,-0.25900000333786,0,0,-0.832258361190927,-0.6869800730873333
RNU6-522P,Pseudogene,RNU6,1.3634017522958712,-0.0579999983310699,0,0,-0.4397029084219852,-0.4837052484282606
RNU6-523P,Pseudogene,RNU6,1.286454916187462,0.165999993681908,0,0,-0.5313573611602045,-0.7189091531943447
RNU6-524P,Pseudogene,RNU6,1.2335539663629311,0.284000009298325,0,0,-0.432323694947526,-0.43590218336226516
RNU6-525P,Pseudogene,RNU6,1.1689422074972615,0.30799999833107,0,0,-0.3669239643145065,-0.47269948744554136
RNU6-526P,Pseudogene,RNU6,1.6384095630689377,-0.229000002145767,0,0,-0.3512791199628091,-0.48596090490817917
RNU6-527P,Pseudogene,RNU6,1.0353488123547172,0.347000002861023,0.27,0,-0.4446801622338689,-0.3545685476446635
RNU6-528P,Pseudogene,RNU6,1.1809656130600903,0.30799999833107,0,0,-0.52550632919374,-0.7140623495761036
RNU6-529P,Pseudogene,RNU6,1.0353488123547172,0.144999995827675,0,0,0.7842973682541797,1.8800328639276602
RNU6-530P,Pseudogene,RNU6,1.0387822874635209,0.0419999994337559,3.27,0,-0.6158959588004528,-0.6508744194590688
RNU6-531P,Pseudogene,RNU6,1.3693323002110775,0.305000007152557,1.89,0,-0.38428054975773845,-0.47673388231964475
RNU6-532P,Pseudogene,RNU6,1.136168126913226,0.30799999833107,0,0,0.18891670427703705,0.7288975926877588
RNU6-533P,Pseudogene,RNU6,1.6230973241617517,0.305000007152557,0,0,0.24870925750262576,0.6345509483971079
RNU6-534P,Pseudogene,RNU6,0.7864365902730902,0.0564999990165234,0.37,0,-0.7303606463159381,-0.7085909885812374
RNU6-535P,Pseudogene,RNU6,1.266015912846166,-0.172000005841255,0,0,-0.5162487975661206,-0.5393168945261702
RNU6-536P,Pseudogene,RNU6,1.298477859329401,0.301999986171722,0,0,-0.11713726521022973,0.05806348955323094
RNU6-537P,Pseudogene,RNU6,0.9442329287744868,0.263999998569489,0,0,-0.5961279777397411,-0.560199512654935
RNU6-538P,Pseudogene,RNU6,0.7790867155976406,-0.116999998688698,0,0,-0.6685328172571862,-0.46482487411561185
RNU6-539P,Pseudogene,RNU6,1.5175172069589966,0.30799999833107,0,0,-0.22526994849996593,-0.2575360838489843
RNU6-53P,Pseudogene,RNU6,1.2451912679323929,-0.025000000372529,0.37,0,-0.22557987236832935,-0.13911633249576125
RNU6-540P,Pseudogene,RNU6,1.272444021060668,-0.0439999997615814,2.77,0,-0.5038496031623182,-0.5632310157078044
RNU6-541P,Pseudogene,RNU6,1.1367583441220122,0.30799999833107,0.35,0,-0.4165200590705047,-0.3788113180057152
RNU6-542P,Pseudogene,RNU6,0.8430651149772205,0.347000002861023,0,0,-0.7430778319427949,-0.8591832547308909
RNU6-543P,Pseudogene,RNU6,1.3829390349015218,0.28600001335144,0,0,0.6891987915203764,1.4252949961263
RNU6-544P,Pseudogene,RNU6,1.330939805812636,-0.19200000166893,0,0,-0.47866790727125674,-0.4998579911098238
RNU6-545P,Pseudogene,RNU6,1.5697223929248938,0.152999997138977,0,0,-0.3430991039091426,-0.5230154057842239
RNU6-546P,Pseudogene,RNU6,0.5193911437317604,0.214000001549721,0,0,-0.7465703715346599,-0.533269667653126
RNU6-547P,Pseudogene,RNU6,0.9194368959810392,0.293999999761581,0,0,0.7632306610797055,1.458450124696001
RNU6-548P,Pseudogene,RNU6,0.9363154476947008,-0.186000004410744,2.65,0,-0.4802693484188092,-0.1516207284479519
RNU6-549P,Pseudogene,RNU6,1.4607875917455764,0.305000007152557,5.87,0,0.8795834529169102,1.81304182636533
RNU6-54P,Pseudogene,RNU6,1.298477859329401,0.164000004529953,0,0,-0.45020858982546075,-0.5313376955977402
RNU6-550P,Pseudogene,RNU6,0.7909787157944694,-0.0410000011324883,0.23,0,-0.7373333527625985,-0.6832977488667951
RNU6-551P,Pseudogene,RNU6,0.9442329287744868,0.30799999833107,0,0,-0.5385833436238906,-0.4595192923969041
RNU6-552P,Pseudogene,RNU6,1.0215965510900435,0.214000001549721,0,0,-0.4660810867010794,-0.33441286589013036
RNU6-553P,Pseudogene,RNU6,1.3748986916753505,0.078999999910593,0.71,0,-0.16754539772173335,-0.07893577277863496
RNU6-554P,Pseudogene,RNU6,1.376264032977908,-0.261000007390976,0,0,0.1548137362179652,0.648422937928022
RNU6-555P,Pseudogene,RNU6,0.9830457378413626,-0.0654999986290932,0,0,-0.6657534521017959,-0.7023298468001861
RNU6-556P,Pseudogene,RNU6,1.356291040209067,0.30799999833107,0,0,-0.3400637709657174,-0.41206168461751363
RNU6-557P,Pseudogene,RNU6,1.0104518614417886,0.261999994516373,0,0,0.29001461030814546,1.082347456468175
RNU6-558P,Pseudogene,RNU6,1.4027306489967135,0.30799999833107,0,0,0.4997219414467519,1.2681245400105443
RNU6-559P,Pseudogene,RNU6,1.1341806608020075,0.301999986171722,0,0,0.7334918031442,1.4411102234849729
RNU6-55P,Pseudogene,RNU6,0.8115486620808757,-0.116500001400709,0,0,-0.7037312062541609,-0.5678341468157599
RNU6-560P,Pseudogene,RNU6,1.4794231536155815,-0.136000007390976,0,0,-0.3752639810269872,-0.39369972970337525
RNU6-561P,Pseudogene,RNU6,0.9194368959810392,0.390000000596046,0,0,-0.5626421439218123,-0.5486674728734946
RNU6-562P,Pseudogene,RNU6,0.9413964480138156,0.120999999344349,0,0,-0.5641529568685384,-0.4809963934225425
RNU6-563P,Pseudogene,RNU6,0.9326798142359102,-0.028999999165535,0,0,0.6169141404886673,1.7599742727553862
RNU6-564P,Pseudogene,RNU6,1.2691372538541694,0.0604999996721745,1.23,0,-0.4501502987768404,-0.46187393027159573
RNU6-565P,Pseudogene,RNU6,1.3893713094824591,-0.150999993085861,0,0,-0.5040072620968501,-0.6191192996379002
RNU6-566P,Pseudogene,RNU6,1.5581734311952813,-0.096000000834465,0,0,-0.4930293208434162,-0.771034293567989
RNU6-567P,Pseudogene,RNU6,1.330939805812636,0.30799999833107,0,0,-0.34900981042354323,-0.35872408136178163
RNU6-56P,Pseudogene,RNU6,1.6433424090652744,0.312000006437302,0,0,-0.38508879704058807,-0.7662997594616563
RNU6-570P,Pseudogene,RNU6,0.860087001108189,-0.188999995589256,0,0,-0.6876032556694845,-0.618332580399769
RNU6-571P,Pseudogene,RNU6,1.201092019879696,0.30799999833107,0,0,-0.3965493368296798,-0.38164088347058994
RNU6-572P,Pseudogene,RNU6,0.9986106286905176,-0.0750000029802322,0,0,-0.07067915397542976,0.5371922261766796
RNU6-573P,Pseudogene,RNU6,1.736714136853074,0.30799999833107,0,0,-0.3125022142638087,-0.6815415590135614
RNU6-574P,Pseudogene,RNU6,1.330939805812636,-0.135000005364418,0.55,0,-0.39721245794940324,-0.28143271162162053
RNU6-575P,Pseudogene,RNU6,0.8270067318347971,-0.0850000008940697,0,0,-0.9339962088400215,-1.1172886938972715
RNU6-576P,Pseudogene,RNU6,1.6005012633744016,0.30799999833107,0,0,-0.32761839341263044,-0.5635784465381677
RNU6-577P,Pseudogene,RNU6,1.4177258260025094,0.30799999833107,1.62,0,-0.11813704724878452,-0.06478566082712842
RNU6-578P,Pseudogene,RNU6,1.3826267885626415,0.204999998211861,0,0,-0.6668080794639788,-1.0977053168249766
RNU6-579P,Pseudogene,RNU6,0.7151175857630304,-0.0685000009834766,0,0,-0.9781936673801177,-1.1253734832211164
RNU6-57P,Pseudogene,RNU6,1.2140137655671974,-0.330000013113022,0,0,-0.611227970831709,-0.6403390005718647
RNU6-580P,Pseudogene,RNU6,0.9738583944970508,0.30799999833107,0,0,-0.473002412760659,-0.34065963906647345
RNU6-581P,Pseudogene,RNU6,1.356291040209067,-0.0890000015497208,0,0,-0.5641677704131521,-0.7954456484384954
RNU6-582P,Pseudogene,RNU6,1.3634017522958712,-0.247999995946884,0,0,-0.3875268947893561,-0.28619949921319765
RNU6-583P,Pseudogene,RNU6,1.3591675853632754,-0.235999993979931,2.75,0,-0.5754216273560604,-0.7298703824263059
RNU6-584P,Pseudogene,RNU6,1.060309683552403,0.347000002861023,1.13,0,1.1705036031622147,2.0697427144533798
RNU6-586P,Pseudogene,RNU6,1.4027306489967135,0.0314999995753169,0,0,-0.2825559472808762,-0.36574067846842423
RNU6-587P,Pseudogene,RNU6,0.9175093553186052,-0.176500000059605,0,0,-0.6855717663501903,-0.6550795861402835
RNU6-588P,Pseudogene,RNU6,1.3893713094824591,0.453999996185303,0,0,-0.4165298775119539,-0.6169540053286464
RNU6-589P,Pseudogene,RNU6,0.7790867155976406,0.293000012636185,1.33,0,-0.5159989076627225,-0.24025716241944375
RNU6-58P,Pseudogene,RNU6,1.5175172069589966,0.0329999998211861,0,0,-0.6330373216217184,-1.0795485465114987
RNU6-590P,Pseudogene,RNU6,1.4607875917455764,0.0939999967813492,0,0,-0.33216127190252126,-0.35270969402759317
RNU6-591P,Pseudogene,RNU6,1.081350311625499,0.197999998927116,0,0,-0.5246814068930767,-0.4983037181981453
RNU6-592P,Pseudogene,RNU6,1.112845951769931,-0.230000004172325,0,0,0.9072579755188608,1.877578047148491
RNU6-593P,Pseudogene,RNU6,1.5196248697464398,-0.214000001549721,0.85,0,-0.3605274966654278,-0.38634139467733875
RNU6-595P,Pseudogene,RNU6,1.298477859329401,0.293000012636185,0.56,0,-0.3196225141021335,-0.27529398509184067
RNU6-596P,Pseudogene,RNU6,1.0278512238518194,-0.252999991178513,0,0,-0.14246756030868715,0.4524809709870654
RNU6-597P,Pseudogene,RNU6,1.3280755164170566,0.30799999833107,0,0,0.38388147761414054,0.8103496097573535
RNU6-598P,Pseudogene,RNU6,1.3232107709356753,0.30799999833107,0,0,0.11591970162259001,0.48959435498623144
RNU6-599P,Pseudogene,RNU6,1.7854070565779263,-0.20100000500679,0,0,-0.2960269100554971,-0.4813593688957352
RNU6-59P,Pseudogene,RNU6,1.266015912846166,0.303000003099442,0.73,0,-0.3456995263252235,-0.3341868457798034
RNU6-5P,Pseudogene,RNU6,1.136168126913226,0.0759999975562096,1.75,0,-0.3234555939785089,-0.059200110117632605
RNU6-600P,Pseudogene,RNU6,0.9823837541795166,0.187999993562698,0,0,1.4977040421922538,2.9385641497895856
RNU6-601P,Pseudogene,RNU6,0.6492389296647005,-0.118000000715256,0,0,-0.6952724074605913,-0.40318824521146684
RNU6-602P,Pseudogene,RNU6,1.190889693842108,0.006000000052154,0.09,0,-0.52744861721215,-0.6023218800812179
RNU6-603P,Pseudogene,RNU6,1.006320340980286,0.294999986886978,0.26,0,-0.49559057303593196,-0.4161752463566477
RNU6-604P,Pseudogene,RNU6,1.2851684612712748,0.30799999833107,0,0,-0.4484145886802062,-0.609706095221971
RNU6-605P,Pseudogene,RNU6,1.2221321703780892,0.305000007152557,0,0,-0.02531818054214782,0.22075304878974467
RNU6-606P,Pseudogene,RNU6,1.06393298473882,0.104999996721745,0.66,0,-0.5905543042512578,-0.6146752984266427
RNU6-607P,Pseudogene,RNU6,0.868357068426537,-0.0315000005066395,0,0,-0.7553310406286348,-0.8006760910575685
RNU6-608P,Pseudogene,RNU6,1.60312074171053,0.284000009298325,0,0,-0.3769765182670665,-0.6535098869765195
RNU6-609P,Pseudogene,RNU6,0.6817008761479356,0.289000004529953,0,0,-0.09974440280472549,0.6296512166158225
RNU6-60P,Pseudogene,RNU6,1.2140137655671974,0.305000007152557,12.28,0,-0.40111803345438735,-0.3849778847397473
RNU6-610P,Pseudogene,RNU6,1.2335539663629311,-0.160999998450279,0.68,0,-0.509918240088224,-0.5049230993557129
RNU6-611P,Pseudogene,RNU6,1.1021455099259891,0.136999994516373,5.55,0,1.0467393385955077,2.0711588317172613
RNU6-612P,Pseudogene,RNU6,0.9534901143507074,0.194999992847443,0,0,-0.13377315497498973,0.3261153217911563
RNU6-613P,Pseudogene,RNU6,0.9005184413312235,0.214000001549721,0,0,-0.5971690764207469,-0.5507593801502977
RNU6-615P,Pseudogene,RNU6,1.1468866941482565,0.30799999833107,0,0,-0.07517621586673383,0.24690350053356697
RNU6-616P,Pseudogene,RNU6,0.8115486620808757,0.284000009298325,0,0,-0.5924298162921692,-0.47638730934862156
RNU6-617P,Pseudogene,RNU6,0.9089345015305808,-0.180999994277954,0,0,-0.6534333468099806,-0.510983166632771
RNU6-618P,Pseudogene,RNU6,1.147471840420781,0.347000002861023,0.34,0,-0.04865378842451237,0.29501510502098827
RNU6-619P,Pseudogene,RNU6,0.6110660851890446,0.0425000004470348,3.06,0,-0.6686294402945621,-0.36844618370009163
RNU6-61P,Pseudogene,RNU6,1.2746525775068434,0.194000005722046,0,0,0.22662742304446507,0.8790601451101897
RNU6-620P,Pseudogene,RNU6,1.1216278800509438,0.298000007867813,0,0,-0.5109560665028372,-0.5724730901772012
RNU6-621P,Pseudogene,RNU6,1.2109199486315012,0.214000001549721,1.3,0,-0.4238701065921029,-0.4052373219714887
RNU6-622P,Pseudogene,RNU6,1.281458974765375,0.30799999833107,0,0,-0.3961645467332397,-0.46119364051869516
RNU6-623P,Pseudogene,RNU6,1.1247291552953242,0.305000007152557,0.97,0,-0.011963734468584614,0.48795798759736553
RNU6-624P,Pseudogene,RNU6,0.7466247691144057,0.282999992370605,0,0,-0.6152333790198261,-0.4492876813420557
RNU6-625P,Pseudogene,RNU6,1.298477859329401,-0.11599999666214,0,0,-0.13416061299620013,0.16374976161798427
RNU6-626P,Pseudogene,RNU6,0.9738583944970508,-0.0729999989271164,0,0,-0.5209498833963231,-0.33759600099627257
RNU6-627P,Pseudogene,RNU6,0.8172772408720348,0.30799999833107,0,0,-0.6634547971629502,-0.6641562930716302
RNU6-628P,Pseudogene,RNU6,1.266015912846166,-0.101000003516674,0.26,0,-0.2829099263373711,-0.036978639926779314
RNU6-629P,Pseudogene,RNU6,0.6744520919817764,0.30799999833107,0,0,-0.7139070574260218,-0.6611800943085119
RNU6-62P,Pseudogene,RNU6,1.2259158613080523,-0.119000002741814,0.56,0,-0.5535786539376903,-0.595354418510191
RNU6-630P,Pseudogene,RNU6,0.7864365902730902,0.0084999999962747,0,0,-0.619524613813645,-0.41474436267291
RNU6-632P,Pseudogene,RNU6,1.0311740187565128,-0.08249999769032,0,0,-0.5922122534522521,-0.5137785443928172
RNU6-633P,Pseudogene,RNU6,1.315181579364464,0.277999997138977,0,0,1.1787485887039624,1.9366132551804005
RNU6-634P,Pseudogene,RNU6,0.9175093553186052,-0.239500001072884,0,0,-0.6150199831728225,-0.41844572794388524
RNU6-635P,Pseudogene,RNU6,1.2599690796777203,0.144000001251698,0,0,-0.5696077544214871,-0.8231949576253572
RNU6-636P,Pseudogene,RNU6,1.330939805812636,0.145999997854233,0,0,-0.4217995584327261,-0.5143298081007169
RNU6-637P,Pseudogene,RNU6,1.0712442339467558,0.146999999880791,0.21,0,-0.4567641815589598,-0.3343266715594216
RNU6-638P,Pseudogene,RNU6,1.1689422074972615,0.458999991416931,5.51,0,-0.5618900100262009,-0.7724995116852943
RNU6-639P,Pseudogene,RNU6,1.103706180429991,0.30799999833107,0,0,-0.4174086061787711,-0.317384921601826
RNU6-63P,Pseudogene,RNU6,0.9871848777901684,0.263999998569489,0,0,-0.586028049781592,-0.5976184443151124
RNU6-640P,Pseudogene,RNU6,0.9593278089283648,0.0719999969005585,0,0,-0.05982643939817988,0.5748839397285813
RNU6-641P,Pseudogene,RNU6,0.6492389296647005,0.138999998569489,0,0,-0.6269115340559325,-0.32622330991166126
RNU6-643P,Pseudogene,RNU6,1.266015912846166,0.194999992847443,0,0,-0.389950564030589,-0.36572896710258185
RNU6-644P,Pseudogene,RNU6,1.736714136853074,-0.035500000230968,0,0,0.02102116843224509,0.06183734435150505
RNU6-645P,Pseudogene,RNU6,1.2779594591937713,-0.280499994754791,0,0,-0.2750981806336886,-0.09451747863033444
RNU6-646P,Pseudogene,RNU6,1.507336798023423,-0.262000009417534,0.37,0,-0.4197145256893644,-0.5181688279377522
RNU6-647P,Pseudogene,RNU6,1.2335539663629311,-0.27700001001358,0.26,0,-0.4880949880951886,-0.40395254370054684
RNU6-648P,Pseudogene,RNU6,0.9413964480138156,0.30799999833107,0,0,-0.517124224019929,-0.42178689201659014
RNU6-649P,Pseudogene,RNU6,1.201092019879696,0.30799999833107,0,0,-0.43692881093318087,-0.45507542028378706
RNU6-64P,Pseudogene,RNU6,0.9593278089283648,0.0140000004321337,0,0,-0.6728259304135228,-0.696860131438808
RNU6-650P,Pseudogene,RNU6,1.2829780110085771,0.28600001335144,0,0,-0.5398385187593181,-0.7631719235514897
RNU6-651P,Pseudogene,RNU6,0.6285251161944458,0.104000002145767,0,0,-0.7386947134322207,-0.5799235742355485
RNU6-652P,Pseudogene,RNU6,0.9738583944970508,-0.142000004649162,2.9,0,-0.600537380045045,-0.4854554126417699
RNU6-653P,Pseudogene,RNU6,1.343495841716529,0.0804999992251396,0.24,0,-0.40745440539218575,-0.42391529179603654
RNU6-654P,Pseudogene,RNU6,1.2335539663629311,0.28999999165535,0,0,-0.4019484354260743,-0.40074886981327834
RNU6-655P,Pseudogene,RNU6,1.5257114847120463,0.30799999833107,0,0,-0.27190830776817426,-0.36550147593680826
RNU6-656P,Pseudogene,RNU6,1.6230973241617517,-0.123999997973442,0,0,-0.317445180261728,-0.3933743242374765
RNU6-657P,Pseudogene,RNU6,0.8440106085641107,0.30799999833107,0,0,0.3913285597068127,1.2019908588468862
RNU6-658P,Pseudogene,RNU6,1.081350311625499,0.0559999998658895,7.01,0,-0.4625382784871037,-0.2937322274632683
RNU6-659P,Pseudogene,RNU6,1.0687471611403534,0.26800000667572,0,0,-0.589488837639469,-0.7000138440464314
RNU6-65P,Pseudogene,RNU6,1.4886121173026348,-0.224500000476837,0,0,0.7964126791096608,1.4194976222190236
RNU6-660P,Pseudogene,RNU6,1.147187319756159,0.266999989748001,0,0,0.8903892376329008,1.332656401188064
RNU6-661P,Pseudogene,RNU6,1.5906353776785165,0.101999998092651,0,0,-0.33129708167392213,-0.5040937492933799
RNU6-662P,Pseudogene,RNU6,1.0687471611403534,0.211999997496605,0,0,-0.5187771060086254,-0.5064490694294278
RNU6-663P,Pseudogene,RNU6,0.8192047815344689,0.293000012636185,0,0,-0.6204072388180514,-0.4984323897823774
RNU6-664P,Pseudogene,RNU6,0.7141628226311706,0.303000003099442,0,0,-0.6264087962073058,-0.4430625774893995
RNU6-665P,Pseudogene,RNU6,1.2335539663629311,0.44200000166893,0,0,-0.4301095738716265,-0.5319275146041333
RNU6-666P,Pseudogene,RNU6,1.4607875917455764,0.326999992132187,0,0,-0.6188049229368723,-1.0994402325169808
RNU6-667P,Pseudogene,RNU6,1.4302351715260608,-0.221000000834465,0,0,-0.418718044952239,-0.46433625905707193
RNU6-668P,Pseudogene,RNU6,1.266015912846166,-0.170000001788139,0,0,-0.21946766864784342,-0.20737721192280772
RNU6-669P,Pseudogene,RNU6,1.298477859329401,0.156000003218651,0,0,-0.29312099152636933,-0.12358363864705828
RNU6-66P,Pseudogene,RNU6,1.0687471611403534,-0.175999999046326,0,0,-0.510365018426623,-0.31471834662622183
RNU6-670P,Pseudogene,RNU6,0.5677719293558127,0.30799999833107,0,0,-0.7611398746348296,-0.6759397873907741
RNU6-672P,Pseudogene,RNU6,1.298477859329401,-0.0700000002980232,0,0,-0.3522950428823119,-0.19903611644469518
RNU6-673P,Pseudogene,RNU6,1.3359339514254416,0.284000009298325,0,0,-0.5283279961037073,-0.7756259354030659
RNU6-674P,Pseudogene,RNU6,0.5193911437317604,0.0405000001192093,0.36,0,-0.8185779674747685,-0.6620388162093664
RNU6-675P,Pseudogene,RNU6,0.834958719640901,0.0919999983161688,0,0,-0.5685844740314838,-0.3439677104319614
RNU6-677P,Pseudogene,RNU6,1.1348825052703255,0.0070000002160668,0,0,-0.7947559345967637,-1.102639336472262
RNU6-678P,Pseudogene,RNU6,0.9559894331301324,0.30799999833107,1.15,0,-0.10970049072540984,0.3080361040973365
RNU6-679P,Pseudogene,RNU6,1.2451912679323929,0.214000001549721,0,0,-0.5295555392325676,-0.7322097804010222
RNU6-67P,Pseudogene,RNU6,1.145873244933987,0.214000001549721,0.1,0,-0.566274877957194,-0.6864848698781921
RNU6-680P,Pseudogene,RNU6,1.2570502323888917,-0.125,0,0,-0.4827491985901136,-0.49275009410473414
RNU6-681P,Pseudogene,RNU6,1.703315788067438,0.0010000001639127,1.39,0,-0.33140083443453333,-0.59873827481838
RNU6-682P,Pseudogene,RNU6,1.4090322242392863,0.287000000476837,0,0,-0.010049712415216317,0.21070772995858678
RNU6-684P,Pseudogene,RNU6,1.2451912679323929,0.214000001549721,0,0,-0.4011607346561035,-0.4116514693504869
RNU6-685P,Pseudogene,RNU6,0.7312480576223469,0.103000000119209,0,0,-0.6842696023765702,-0.542284367554669
RNU6-686P,Pseudogene,RNU6,1.0387822874635209,0.214000001549721,0,0,0.05421834810980415,0.7651787472594639
RNU6-687P,Pseudogene,RNU6,1.209845803201018,0.31700000166893,0,0,-0.5377452692202035,-0.7678109936514829
RNU6-689P,Pseudogene,RNU6,1.2335539663629311,0.305000007152557,1.45,0,0.5964526997609734,1.3445353856302114
RNU6-68P,Pseudogene,RNU6,1.1689422074972615,0.268999993801117,0,0,-0.5754249407565034,-0.7645858299746479
RNU6-690P,Pseudogene,RNU6,0.9830457378413626,0.282999992370605,0,0,-0.6396492492427861,-0.7287359378933258
RNU6-692P,Pseudogene,RNU6,0.9738583944970508,-0.18299999833107,0,0,-0.6030217275992911,-0.5065862473163681
RNU6-694P,Pseudogene,RNU6,1.5358696448360518,0.214000001549721,0.43,0,-0.3383156734709954,-0.5104972772912618
RNU6-695P,Pseudogene,RNU6,1.3359339514254416,0.305000007152557,0,0,-0.4698857034134018,-0.6739563070747943
RNU6-696P,Pseudogene,RNU6,1.266015912846166,-0.13400000333786,0,0,-0.4654512547380936,-0.4129222533776575
RNU6-697P,Pseudogene,RNU6,1.298477859329401,-0.230000004172325,0,0,-0.5311493588387699,-0.5572761440154315
RNU6-698P,Pseudogene,RNU6,1.5581734311952813,0.203999996185303,0,0,0.26325227182888616,0.7619180297804423
RNU6-699P,Pseudogene,RNU6,1.2630648268022358,0.221000000834465,0,0,-0.7142456732339183,-1.1062543177604331
RNU6-700P,Pseudogene,RNU6,1.3958636987791062,-0.259999990463257,0,0,-0.512216780060107,-0.6455086239451636
RNU6-701P,Pseudogene,RNU6,1.103706180429991,0.296999990940094,0,0,0.10464828188248657,0.7787202263257222
RNU6-702P,Pseudogene,RNU6,1.103706180429991,-0.36599999666214,0,0,-0.5226827925516314,-0.34897457307340163
RNU6-703P,Pseudogene,RNU6,1.7529451100946911,0.284000009298325,0.21,0,-0.011802573717206794,-0.10369319191764963
RNU6-704P,Pseudogene,RNU6,0.4383938597881546,0.30799999833107,0,0,-0.6744216501815167,-0.32288480178178114
RNU6-705P,Pseudogene,RNU6,1.135543858711625,0.28099998831749,0,0,-0.47197923297365024,-0.4794550950957984
RNU6-706P,Pseudogene,RNU6,1.3359339514254416,0.0499999988824129,0,0,-0.4820525740646119,-0.6375189230650016
RNU6-707P,Pseudogene,RNU6,1.060309683552403,0.416999995708466,0.09,0,-0.3960879931331753,-0.24062679544400672
RNU6-708P,Pseudogene,RNU6,1.298477859329401,-0.243000000715256,0,0,-0.438098260315824,-0.3737269544804283
RNU6-709P,Pseudogene,RNU6,1.2691372538541694,-0.0305000012740493,0,0,-0.7439946058736042,-1.0919597492563102
RNU6-70P,Pseudogene,RNU6,1.3314808382540235,0.211999997496605,0,0,-0.41769636313313036,-0.4787851785992712
RNU6-710P,Pseudogene,RNU6,0.9924080782017566,0.214000001549721,0,0,-0.5450977563432146,-0.4679313844268406
RNU6-711P,Pseudogene,RNU6,0.9175093553186052,0.30799999833107,0,0,-0.5909473724964965,-0.5676300592092731
RNU6-712P,Pseudogene,RNU6,1.4935741576936437,0.287000000476837,0,0,-0.31363374728250865,-0.43268014590846
RNU6-713P,Pseudogene,RNU6,1.4607875917455764,0.214000001549721,0,0,-0.28812791904278173,-0.31615227260041623
RNU6-714P,Pseudogene,RNU6,0.8767877195763092,0.261000007390976,0.22,0,-0.6413321187216372,-0.5875098633789327
RNU6-715P,Pseudogene,RNU6,0.8430651149772205,0.263999998569489,0,0,0.4437896154141851,1.1994867894922179
RNU6-716P,Pseudogene,RNU6,0.9779555333735755,0.277999997138977,0,0,-0.009955230559869873,0.4130334570090889
RNU6-717P,Pseudogene,RNU6,1.3693323002110775,0.266000002622604,0,0,1.0786634509180748,1.712592706704432
RNU6-718P,Pseudogene,RNU6,1.3232107709356753,-0.0370000004768372,0,0,-0.7224458690639434,-1.088134052906803
RNU6-719P,Pseudogene,RNU6,0.9351537659978092,0.291500002145767,0,0,-0.5713017055651518,-0.5487304048623595
RNU6-71P,Pseudogene,RNU6,1.006320340980286,0.282999992370605,0,0,-0.4665014569583039,-0.35699772787338396
RNU6-720P,Pseudogene,RNU6,1.157809424568716,0.30799999833107,0,0,-0.42844657806263364,-0.34906579038021246
RNU6-722P,Pseudogene,RNU6,0.9017554172121732,-0.0130000002682209,1.26,0,-0.5557780335027127,-0.327239520102948
RNU6-723P,Pseudogene,RNU6,0.9738583944970508,0.268999993801117,0,0,-0.5382827856726914,-0.4937820401992972
RNU6-724P,Pseudogene,RNU6,1.190889693842108,-0.0920000001788139,0,0,-0.6042750883444571,-0.7216465717806513
RNU6-725P,Pseudogene,RNU6,0.7151175857630304,0.0769999995827675,0,0,-0.809052139069827,-0.8171465620850451
RNU6-726P,Pseudogene,RNU6,0.5843150366982305,0.30799999833107,0.73,0,-0.636994044133909,-0.3319403763512623
RNU6-727P,Pseudogene,RNU6,0.8115486620808757,0.30799999833107,0,0,-0.4725555011852214,-0.17684106732766816
RNU6-728P,Pseudogene,RNU6,1.2023405562828977,-0.167999997735023,0,0,0.851985732682041,1.4664948988353321
RNU6-729P,Pseudogene,RNU6,1.7204831636114566,-0.273000001907349,0,0,-0.2980974062503045,-0.3632666709646608
RNU6-72P,Pseudogene,RNU6,1.3629908415808936,-0.0869999974966049,0,0,-0.3482673885062061,-0.26714844629025725
RNU6-730P,Pseudogene,RNU6,1.2691372538541694,-0.0580000001937151,0,0,-0.521840710331446,-0.6110207347165647
RNU6-731P,Pseudogene,RNU6,1.4081465974484384,0.217999994754791,0.63,0,0.1708950344058328,0.4612827893039985
RNU6-732P,Pseudogene,RNU6,1.5849624161571745,0.30799999833107,0,0,-0.15648058959868152,-0.11733825516907805
RNU6-733P,Pseudogene,RNU6,1.3693323002110775,0.0579999973997474,0,0,-0.41771120780890414,-0.4471578690878256
RNU6-735P,Pseudogene,RNU6,1.136168126913226,0.238000005483627,0,0,0.02523497511987673,0.5349079081838859
RNU6-737P,Pseudogene,RNU6,1.2335539663629311,0.300000011920929,0,0,0.7175104766932534,1.277729428476435
RNU6-738P,Pseudogene,RNU6,1.1468866941482565,0.30799999833107,0,0,-0.40425972599024584,-0.33698339597796595
RNU6-739P,Pseudogene,RNU6,1.1465685563690198,-0.101999998092651,0.3,0,-0.5154612394995978,-0.444583987615232
RNU6-73P,Pseudogene,RNU6,1.2335539663629311,-0.0829999968409538,0,0,-0.381059976026163,-0.20305485180780902
RNU6-740P,Pseudogene,RNU6,1.2901305016622835,-0.0640000030398369,0,0,-0.491897441248275,-0.5322194497820211
RNU6-741P,Pseudogene,RNU6,1.103706180429991,0.273999989032745,0,0,-0.5399757734968755,-0.6098154204396569
RNU6-742P,Pseudogene,RNU6,0.9089345015305808,0.30799999833107,0.47,0,-0.49689505836643666,-0.326952860671406
RNU6-743P,Pseudogene,RNU6,1.343495841716529,0.239999994635582,0.67,0,-0.3127362176043427,-0.2720331968267114
RNU6-744P,Pseudogene,RNU6,0.8764725550473457,0.30799999833107,0,0,-0.5877356983763014,-0.5080341477028679
RNU6-745P,Pseudogene,RNU6,1.3107276504551504,0.0019999999203719,0,0,-0.45796667561814536,-0.5113038777020342
RNU6-746P,Pseudogene,RNU6,1.115321005318488,-0.158999994397163,0,0,-0.4573246759754876,-0.26190273468533093
RNU6-747P,Pseudogene,RNU6,0.5677719293558127,0.261999994516373,0.03,0,-0.6874885145601318,-0.45826977490878085
RNU6-748P,Pseudogene,RNU6,1.5257114847120463,0.0769999995827675,1.18,0,-0.2572419358563275,-0.2488232628049089
RNU6-74P,Pseudogene,RNU6,0.9738583944970508,-0.109999999403954,0,0,-0.5580222678597039,-0.3780433608494834
RNU6-750P,Pseudogene,RNU6,0.7466247691144057,0.256999999284744,4.4,0,-0.7240860315645002,-0.6993386427630052
RNU6-752P,Pseudogene,RNU6,1.2940222980473886,-0.136500000953674,0,0,0.7409645867851847,1.2287237088015313
RNU6-753P,Pseudogene,RNU6,1.3634017522958712,0.451999992132187,0,0,-0.2684622523358905,-0.24950460540355127
RNU6-754P,Pseudogene,RNU6,1.0387822874635209,0.0439999997615814,0,0,-0.5873905551443777,-0.59856055652177
RNU6-755P,Pseudogene,RNU6,0.7756199057790428,-0.163000002503395,0,0,-0.7108590231712476,-0.532250691669466
RNU6-756P,Pseudogene,RNU6,1.266015912846166,0.301999986171722,0,0,0.6870527693398717,1.3344979653391238
RNU6-757P,Pseudogene,RNU6,1.5630427231677666,0.0405000001192093,1.65,0,-0.28411166294990847,-0.3311862434423314
RNU6-759P,Pseudogene,RNU6,1.7872980437517072,0.294999986886978,0.77,0,1.3010124589666303,2.043481348638808
RNU6-75P,Pseudogene,RNU6,1.3693323002110775,0.0515000000596046,0,0,-0.4631373081524962,-0.6228424904278589
RNU6-760P,Pseudogene,RNU6,1.2532988616465484,0.211999997496605,0,0,0.04938750417538345,0.4184169924335148
RNU6-761P,Pseudogene,RNU6,1.4932495382288111,0.214000001549721,3.84,0,0.4499053184081312,1.2683411955760726
RNU6-762P,Pseudogene,RNU6,0.9534901143507074,0.0149999996647239,1.95,0,-0.5999192451548254,-0.49341387873692505
RNU6-763P,Pseudogene,RNU6,0.9175093553186052,0.30799999833107,0,0,-0.6754607432845026,-0.7649516637245269
RNU6-764P,Pseudogene,RNU6,1.0585686167485404,0.308999985456467,0,0,-0.5771837181159667,-0.684124950272891
RNU6-765P,Pseudogene,RNU6,1.473575631269275,0.0179999992251396,0,0,-0.6531501865347896,-1.0815360237891172
RNU6-766P,Pseudogene,RNU6,0.7141628226311706,0.30799999833107,0.67,0,-0.6722958219767724,-0.5734035734706922
RNU6-767P,Pseudogene,RNU6,1.3958636987791062,-0.0729999989271164,0.71,0,-0.360208630475954,-0.31587473054175425
RNU6-768P,Pseudogene,RNU6,1.006320340980286,0.30799999833107,0,0,-0.5363799371942357,-0.5364578055883797
RNU6-769P,Pseudogene,RNU6,1.1689422074972615,0.282999992370605,0.22,0,-0.4513945202822194,-0.5014547809155159
RNU6-76P,Pseudogene,RNU6,1.2691372538541694,0.245000004768372,0,0,-0.3663521526925998,-0.35793917780385703
RNU6-770P,Pseudogene,RNU6,0.9924080782017566,0.228000000119209,0,0,-0.5954570925792811,-0.6540369566441702
RNU6-771P,Pseudogene,RNU6,1.5581734311952813,0.146999999880791,0,0,0.2839028769704724,0.7167372111774436
RNU6-772P,Pseudogene,RNU6,1.157809424568716,-0.250999987125397,0,0,-0.5484877706208242,-0.5038381303906431
RNU6-774P,Pseudogene,RNU6,1.266015912846166,0.017000000923872,0,0,-0.4381698854739424,-0.4212820151780441
RNU6-775P,Pseudogene,RNU6,0.6874493458376751,-0.0670000016689301,0,0,0.35831414597610894,1.1808735408678166
RNU6-776P,Pseudogene,RNU6,1.3693323002110775,0.28600001335144,0,0,1.2063630846501048,1.7344436464795476
RNU6-777P,Pseudogene,RNU6,1.3025356026398056,0.305000007152557,0,0,-0.3628470975894784,-0.35455061123165094
RNU6-778P,Pseudogene,RNU6,0.7418973011799539,0.284000009298325,0,0,-0.3112291142935231,0.09554488186567928
RNU6-77P,Pseudogene,RNU6,0.9924080782017566,-0.0529999993741512,0,0,-0.6627415921178377,-0.6781902425876739
RNU6-780P,Pseudogene,RNU6,1.2023405562828977,-0.399000003933907,0.27,0,-0.5510922143728242,-0.48789429819511626
RNU6-782P,Pseudogene,RNU6,1.0687471611403534,0.214000001549721,0.32,0,-0.5987136302662616,-0.7233418831129488
RNU6-783P,Pseudogene,RNU6,1.0585686167485404,0.282999992370605,0,0,0.5255262823461659,1.1883088250797877
RNU6-784P,Pseudogene,RNU6,0.6553638252275752,0.30799999833107,0.31,0,-0.35799251077038435,0.05363373939347144
RNU6-786P,Pseudogene,RNU6,1.19640307205434,-0.223000004887581,0.31,0,-0.7987940235475564,-1.0859799693507837
RNU6-787P,Pseudogene,RNU6,1.136168126913226,0.204999998211861,0,0,-0.48259196195927917,-0.48829821838097437
RNU6-788P,Pseudogene,RNU6,1.0687471611403534,-0.210500001907349,0,0,-0.10195376775152595,0.43462732572456214
RNU6-78P,Pseudogene,RNU6,1.3634017522958712,0.294999986886978,0,0,0.6657885335864698,1.2293155221283074
RNU6-790P,Pseudogene,RNU6,0.9924080782017566,0.28099998831749,0,0,1.0407030647921054,2.0355897429682424
RNU6-791P,Pseudogene,RNU6,0.7681620220696289,0.287000000476837,0.04,0,-0.6480422410638351,-0.5671289405827243
RNU6-792P,Pseudogene,RNU6,0.6817008761479356,-0.061999998986721,0.24,0,-0.6092430962102225,-0.27649049343286974
RNU6-793P,Pseudogene,RNU6,1.4695273465679857,0.327500000596046,0,0,-0.37558914777922914,-0.5736091489761885
RNU6-794P,Pseudogene,RNU6,1.248263285863147,0.226999998092651,0.65,0,0.8841545045724956,1.7830267260912311
RNU6-795P,Pseudogene,RNU6,1.2477363701662862,0.239999994635582,0.38,0,-0.4888354281625966,-0.6195068925794426
RNU6-796P,Pseudogene,RNU6,1.0712442339467558,0.317999988794327,0,0,-0.5428949655589036,-0.6017749006137396
RNU6-797P,Pseudogene,RNU6,1.2427862630691724,-0.125,0,0,-0.4034369482185632,-0.24355541659724841
RNU6-798P,Pseudogene,RNU6,0.910510324175398,-0.0480000004172325,0,0,-0.7436120765932166,-0.78597809607491
RNU6-799P,Pseudogene,RNU6,0.7790867155976406,-0.237000003457069,0,0,-0.6402023212874837,-0.3455538878238211
RNU6-79P,Pseudogene,RNU6,1.298477859329401,0.218999996781349,0,0,-0.42796412901139935,-0.4850553980097179
RNU6-800P,Pseudogene,RNU6,1.0116781379726645,0.347000002861023,0,0,-0.5024504341120297,-0.5102478141298442
RNU6-801P,Pseudogene,RNU6,0.8931672703815808,-0.127000004053116,0,0,-0.6851150806621502,-0.6282114980994004
RNU6-803P,Pseudogene,RNU6,1.2599690796777203,0.194000005722046,0,0,-0.26162383708056247,-0.25686971664685154
RNU6-804P,Pseudogene,RNU6,1.2335539663629311,0.284000009298325,0,0,-0.3756171633321835,-0.35099373033907016
RNU6-805P,Pseudogene,RNU6,1.1141185028868776,0.214000001549721,0.37,0,-0.48972301118046135,-0.48804678538008944
RNU6-806P,Pseudogene,RNU6,1.157809424568716,0.30799999833107,0,0,-0.5167538613361149,-0.6173320990372251
RNU6-807P,Pseudogene,RNU6,1.3958636987791062,0.30799999833107,4.27,0,0.8634055546990845,1.235616229796813
RNU6-808P,Pseudogene,RNU6,1.0291639329499698,0.30799999833107,3.73,0,-0.7998882641627318,-1.1260693870041867
RNU6-809P,Pseudogene,RNU6,1.0712442339467558,-0.137999996542931,0,0,-0.5601342618673452,-0.5110643255101345
RNU6-80P,Pseudogene,RNU6,1.330939805812636,0.146999999880791,0,0,-0.3471974431225107,-0.32253555917600957
RNU6-810P,Pseudogene,RNU6,1.0712442339467558,0.277999997138977,0,0,-0.1310059071043259,0.2895116489153528
RNU6-811P,Pseudogene,RNU6,1.006320340980286,-0.156000003218651,0,0,-0.8688811314719539,-1.1018684676212693
RNU6-812P,Pseudogene,RNU6,0.9089345015305808,-0.229000002145767,0,0,-0.6329940661686589,-0.5315713227118044
RNU6-813P,Pseudogene,RNU6,1.4283256452623412,-0.138999998569489,0,0,-0.43987872598864747,-0.5281747278941386
RNU6-815P,Pseudogene,RNU6,1.2602704355924963,0.214000001549721,0,0,-0.41531859206132443,-0.43264976899558955
RNU6-817P,Pseudogene,RNU6,0.6345686269270847,-0.261000007390976,0.69,0,-0.8760767429821223,-0.819487361350367
RNU6-818P,Pseudogene,RNU6,1.286454916187462,0.284000009298325,0.08,0,-0.3990764152593921,-0.474640107695468
RNU6-819P,Pseudogene,RNU6,1.4932495382288111,-0.151999995112419,0,0,-0.38915740651530617,-0.437174997634091
RNU6-81P,Pseudogene,RNU6,1.1689422074972615,0.26800000667572,0,0,-0.5586482052903137,-0.7311773259561093
RNU6-820P,Pseudogene,RNU6,1.4607875917455764,0.291999995708466,0,0,-0.2580287959410084,-0.2585080462959074
RNU6-821P,Pseudogene,RNU6,0.8440106085641107,-0.0555000007152557,0,0,-0.7247523940957012,-0.6678549803025916
RNU6-822P,Pseudogene,RNU6,1.7039459455916952,0.30799999833107,0.48,0,-0.2838436245037618,-0.5442955424881699
RNU6-823P,Pseudogene,RNU6,0.7756199057790428,0.0610000006854534,0,0,-0.6657880968337202,-0.5229429704579709
RNU6-824P,Pseudogene,RNU6,1.4027306489967135,-0.0989999994635582,0.22,0,-0.49924210949142356,-0.6504897905892407
RNU6-826P,Pseudogene,RNU6,1.502925695353622,0.30799999833107,0.74,0,0.06445441886584564,0.3420501844097014
RNU6-827P,Pseudogene,RNU6,1.04858212036412,0.217999994754791,0,0,-0.54433265535565,-0.5543868820363518
RNU6-828P,Pseudogene,RNU6,1.2335539663629311,0.30799999833107,3.33,0,0.061251891353508565,0.46232369898976144
RNU6-829P,Pseudogene,RNU6,1.364561107527415,0.214000001549721,0,0,-0.3953945346068321,-0.5164301647683863
RNU6-831P,Pseudogene,RNU6,1.201092019879696,0.30799999833107,0,0,-0.4137191084051193,-0.43606657628694684
RNU6-832P,Pseudogene,RNU6,1.0712442339467558,0.30799999833107,0,0,-0.43576469788937766,-0.3321379718833862
RNU6-833P,Pseudogene,RNU6,1.201092019879696,0.160999998450279,0.91,0,-0.10040952202856998,0.23966677460301833
RNU6-834P,Pseudogene,RNU6,0.9472986201016766,0.214000001549721,0,0,-0.570678884339805,-0.5192069005364841
RNU6-835P,Pseudogene,RNU6,1.0353488123547172,-0.123999997973442,0,0,-0.6290200887219308,-0.6069686447078261
RNU6-836P,Pseudogene,RNU6,0.9089345015305808,0.0520000010728836,0,0,-0.594320138805249,-0.49955899138862825
RNU6-837P,Pseudogene,RNU6,1.2542935432827758,0.130499996244907,0.08,0,-0.7294853918581238,-1.101813127190283
RNU6-838P,Pseudogene,RNU6,1.0613253058546563,0.306500002741814,0.3,0,-0.4744492062791557,-0.4416669127669611
RNU6-839P,Pseudogene,RNU6,1.4151004078062084,-0.0245000002905726,0,0,-0.4110716416511405,-0.4848795288671419
RNU6-83P,Pseudogene,RNU6,0.9613953257579516,-0.0279999999329448,0,0,-0.4127597569217669,-0.08414963358965988
RNU6-840P,Pseudogene,RNU6,0.7481230127982473,-0.177000001072884,0,0,-0.6957903621766142,-0.4808653278921337
RNU6-841P,Pseudogene,RNU6,1.0712442339467558,0.17399999499321,0,0,-0.05368722710992312,0.4414318518318192
RNU6-843P,Pseudogene,RNU6,1.3025356026398056,0.306500002741814,0,0,-0.41930149325794597,-0.4801690547533132
RNU6-844P,Pseudogene,RNU6,1.0897029878293798,-0.167499996721745,0,0,-0.5669564688204195,-0.48478252672877126
RNU6-845P,Pseudogene,RNU6,0.7756199057790428,0.006000000052154,0,0,-0.6838040884141408,-0.5379420029412963
RNU6-848P,Pseudogene,RNU6,1.0712442339467558,-0.25,0,0,-0.5978436459603641,-0.5038311006275152
RNU6-849P,Pseudogene,RNU6,1.190889693842108,0.30799999833107,0,0,-0.46651861253058247,-0.49049024343179815
RNU6-84P,Pseudogene,RNU6,1.123756206199048,0.263999998569489,0,0,0.5481770081670692,1.3703515234337154
RNU6-850P,Pseudogene,RNU6,1.0116781379726645,0.193000003695488,7.05,0,0.7729901805967914,1.4535610069319256
RNU6-851P,Pseudogene,RNU6,1.4607875917455764,0.294999986886978,0.36,0,-0.3478424485880371,-0.4910360566368524
RNU6-853P,Pseudogene,RNU6,0.8764725550473457,0.30799999833107,12.28,0,-0.5664778999656851,-0.4942187467600319
RNU6-854P,Pseudogene,RNU6,1.006320340980286,-0.160999998450279,0,0,0.6621763684555964,1.3596162107303373
RNU6-855P,Pseudogene,RNU6,1.1021455099259891,-0.10050000064075,0,0,-0.13829227752234988,0.27962304280217315
RNU6-856P,Pseudogene,RNU6,0.5316471847509411,-0.0510000009089708,0.51,0,-0.7831063792574754,-0.5374555556561972
RNU6-857P,Pseudogene,RNU6,1.2630648268022358,0.284999996423721,0,0,0.27948227384050806,0.9091077315603333
RNU6-858P,Pseudogene,RNU6,1.4607875917455764,0.0719999969005585,0.3,0,-0.31495484024855314,-0.35087847869603084
RNU6-859P,Pseudogene,RNU6,1.0387822874635209,-0.579999983310699,2.66,0,-0.65716077376470206,-0.5274271506787465
RNU6-85P,Pseudogene,RNU6,1.006320340980286,0.30799999833107,0,0,-0.5167227319184723,-0.4858195408814092
RNU6-861P,Pseudogene,RNU6,1.2124230766710138,-0.0095000001601874,0,0,-0.7647763227936502,-1.0967564193008525
RNU6-862P,Pseudogene,RNU6,1.4886121173026348,-0.216000005602837,0.31,0,-0.44499147886456625,-0.5822616026550912
RNU6-863P,Pseudogene,RNU6,1.60312074171053,0.20100000500679,0,0,-0.357842364393483,-0.6231780719007253
RNU6-864P,Pseudogene,RNU6,1.093486678759343,0.282999992370605,0,0,-0.5776437942426829,-0.7000804578102385
RNU6-865P,Pseudogene,RNU6,0.8440106085641107,-0.254999995231628,0,0,-0.7387492244167042,-0.6575407073564292
RNU6-866P,Pseudogene,RNU6,1.4520069013033898,0.206000000238419,0,0,1.433660242737968,2.1989564286670276
RNU6-867P,Pseudogene,RNU6,1.136168126913226,0.158000007271767,0,0,-0.48454144305862823,-0.495580508000481
RNU6-869P,Pseudogene,RNU6,1.4932495382288111,0.305000007152557,0,0,-0.20395480643555014,-0.17714849373829128
RNU6-86P,Pseudogene,RNU6,1.266015912846166,0.118000000715256,0,0,-0.3992742929761588,-0.3702401486499065
RNU6-871P,Pseudogene,RNU6,1.146231330323029,-5.000000819563e-4,0,0,-0.5523163440025589,-0.5783365872661956
RNU6-873P,Pseudogene,RNU6,1.3634017522958712,0.284000009298325,0.67,0,-0.38937032681301675,-0.4757847545951896
RNU6-874P,Pseudogene,RNU6,1.0916488860219322,0.30799999833107,0,0,-0.4834251142742521,-0.4345830798201339
RNU6-875P,Pseudogene,RNU6,1.1468866941482565,0.293000012636185,0,0,-0.4386718402181279,-0.4096498496284925
RNU6-876P,Pseudogene,RNU6,1.502925695353622,0.214000001549721,7.04,0,-0.32740495114329987,-0.4494629358339989
RNU6-877P,Pseudogene,RNU6,1.4283256452623412,0.187000006437302,0.67,0,1.0142148586485153,1.9753468689246436
RNU6-878P,Pseudogene,RNU6,1.105181723451956,0.293000012636185,0.29,0,-0.4403673957381089,-0.372224768617755
RNU6-879P,Pseudogene,RNU6,1.1256480516640297,0.232999995350838,0,0,-0.44430453752389776,-0.4001201848583004
RNU6-87P,Pseudogene,RNU6,1.3507776619968357,0.26800000667572,0,0,1.0698052386241994,1.9836070225584255
RNU6-880P,Pseudogene,RNU6,1.201092019879696,0.146999999880791,0,0,-0.36516512798683126,-0.21829722429259507
RNU6-881P,Pseudogene,RNU6,1.3280755164170566,-0.125500001013279,2.85,0,-0.1819853985084761,0.008241550338167453
RNU6-882P,Pseudogene,RNU6,0.6070068827835987,0.30799999833107,1.92,0,-0.6392669919533336,-0.4319200423882353
RNU6-883P,Pseudogene,RNU6,0.6817008761479356,0.0219999998807907,0.79,0,-0.7219870317663988,-0.5381652384091916
RNU6-884P,Pseudogene,RNU6,0.6492389296647005,0.168999999761581,0.42,0,-0.057709417925550954,0.7035936565375233
RNU6-885P,Pseudogene,RNU6,1.3359339514254416,-0.028999999165535,0,0,-0.014438557498841747,0.3575417707504158
RNU6-886P,Pseudogene,RNU6,1.2901305016622835,0.197999998927116,0.31,0,-0.0523826558106642,0.24661719609485477
RNU6-887P,Pseudogene,RNU6,0.5557485237929837,0.200000002980232,0,0,-0.4506266406955248,-0.1016425439664524
RNU6-888P,Pseudogene,RNU6,1.3068344000082537,0.214000001549721,0,0,-0.09295713506048867,0.1408832156298791
RNU6-889P,Pseudogene,RNU6,1.41634939316173,0.284000009298325,0,0,-0.6427151987041725,-1.0999114408486101
RNU6-88P,Pseudogene,RNU6,0.868357068426537,0.30799999833107,0.9,0,-0.07355498360200884,0.3703574789512074
RNU6-890P,Pseudogene,RNU6,1.201092019879696,-0.103000000119209,2,0,0.03834263576273262,0.6307485265331761
RNU6-891P,Pseudogene,RNU6,1.0952251313487855,0.284000009298325,0,0,-0.027515257964614657,0.444422651046493
RNU6-892P,Pseudogene,RNU6,1.2630648268022358,0.30799999833107,0.68,0,-0.4184292987436478,-0.47973315235322345
RNU6-893P,Pseudogene,RNU6,1.3199027440083362,0.202999994158745,0.4,0,-0.4100926379587096,-0.45432274894142805
RNU6-894P,Pseudogene,RNU6,0.7608461932880134,0.284999996423721,0,0,-0.9139182368097708,-1.141986937796519
RNU6-895P,Pseudogene,RNU6,1.1802911609681086,0.307000011205673,0,0,-0.5820415078855664,-0.7974677052737733
RNU6-896P,Pseudogene,RNU6,1.266015912846166,0.30799999833107,0,0,-0.42999093207432576,-0.5022699032849853
RNU6-897P,Pseudogene,RNU6,1.356291040209067,-0.162000000476837,0,0,-0.5026640632898003,-0.6190436454585492
RNU6-898P,Pseudogene,RNU6,0.9017554172121732,0.194999992847443,0,0,-0.5632423853783196,-0.45727246109823894
RNU6-899P,Pseudogene,RNU6,1.330939805812636,0.30799999833107,0,0,0.8911038030494169,1.8927317220255857
RNU6-89P,Pseudogene,RNU6,0.5210142410559222,0.30799999833107,0.33,0,-0.6729209727072991,-0.39163056688957343
RNU6-900P,Pseudogene,RNU6,1.2599690796777203,0.146999999880791,0.28,0,-0.3889677674122517,-0.3488201565532837
RNU6-901P,Pseudogene,RNU6,1.1468866941482565,0.284000009298325,0,0,-0.438578609267132,-0.4263283927967897
RNU6-902P,Pseudogene,RNU6,1.1069167026096516,0.0900000035762787,0,0,-0.6572203970764386,-0.8338901131547871
RNU6-903P,Pseudogene,RNU6,1.1790536341938302,-0.096000000834465,0,0,-0.46634754421070346,-0.3733213875004087
RNU6-904P,Pseudogene,RNU6,1.1692728842179114,-0.0670000016689301,0,0,-0.7900135223422176,-1.0963433631921218
RNU6-905P,Pseudogene,RNU6,1.3958636987791062,0.0299999993294477,0,0,-0.42200861343490126,-0.48421239976601504
RNU6-906P,Pseudogene,RNU6,1.6870937329429865,0.293000012636185,1.24,0,-0.2446785578614468,-0.4207384068203117
RNU6-907P,Pseudogene,RNU6,1.0215965510900435,0.30799999833107,0.26,0,-0.5222215653848196,-0.5152982618743384
RNU6-908P,Pseudogene,RNU6,1.6997627722391788,0.124499998986721,0,0,0.01688391216898055,0.019382577355747353
RNU6-909P,Pseudogene,RNU6,1.136168126913226,-0.0590000003576279,0.67,0,-0.6002353015771942,-0.6997220568300313
RNU6-90P,Pseudogene,RNU6,1.376264032977908,-0.0525000002235174,4.58,0,-0.4121409885000412,-0.46855864936760283
RNU6-910P,Pseudogene,RNU6,1.103706180429991,-0.172000005841255,0,0,-0.28843101901706203,0.07680090349143542
RNU6-911P,Pseudogene,RNU6,1.0687471611403534,0.208000004291534,0,0,1.2341200598977944,2.017107291793509
RNU6-912P,Pseudogene,RNU6,1.77011248563871,0.284000009298325,0,0,-0.13084359773565382,-0.2479861147068471
RNU6-913P,Pseudogene,RNU6,1.279684100839107,0.270000010728836,0,0,-0.46119944348216807,-0.5409240930184568
RNU6-914P,Pseudogene,RNU6,0.9878557475678036,-0.0230000000447035,5.81,0,-0.7191778364853341,-0.8102715489550616
RNU6-915P,Pseudogene,RNU6,1.0454007425717533,-0.243000000715256,1,0,-0.588823386901209,-0.4370171346524716
RNU6-916P,Pseudogene,RNU6,1.3383852063821855,0.263999998569489,0,0,-0.5134794087195612,-0.7728975715896266
RNU6-917P,Pseudogene,RNU6,1.4695273465679857,0.256999999284744,0,0,0.47564820502268657,0.6165601417656709
RNU6-918P,Pseudogene,RNU6,1.1796548854096351,0.421999990940094,0,0,-0.07894628003608527,0.17252427310563853
RNU6-919P,Pseudogene,RNU6,1.60312074171053,0.226999998092651,0,0,0.08379476979576012,0.22523301803856993
RNU6-91P,Pseudogene,RNU6,1.0387822874635209,0.30799999833107,0.09,0,-0.45250459744043603,-0.35292403708723236
RNU6-920P,Pseudogene,RNU6,0.9816210338734764,-0.185500003397465,0.27,0,-0.6292918077397427,-0.5402978281193158
RNU6-921P,Pseudogene,RNU6,1.3634017522958712,0.284000009298325,0.21,0,-0.19223143036438572,-0.008716581261339135
RNU6-922P,Pseudogene,RNU6,1.1928945586465558,-0.296000003814697,0,0,-0.52410807078763,-0.45883817066725285
RNU6-923P,Pseudogene,RNU6,1.298477859329401,-0.068000003695488,0,0,1.0373652649195984,2.0742715411703796
RNU6-924P,Pseudogene,RNU6,1.1256480516640297,-0.121500000357628,0.21,0,-0.5198256239861767,-0.41714182135921013
RNU6-925P,Pseudogene,RNU6,1.1689422074972615,0.303000003099442,0.76,0,0.8311104446912709,1.748342101349979
RNU6-926P,Pseudogene,RNU6,1.298477859329401,0.27700001001358,0,0,0.26033507768229114,0.7614645113851687
RNU6-928P,Pseudogene,RNU6,1.135543858711625,-0.250500001013279,0.69,0,-0.8275115287186903,-1.0883619291282742
RNU6-929P,Pseudogene,RNU6,1.0387822874635209,0.305000007152557,0,0,-0.47648752135436373,-0.3829615218847189
RNU6-92P,Pseudogene,RNU6,1.1021455099259891,0.30799999833107,0,0,-0.5923378622474614,-0.766450180141106
RNU6-930P,Pseudogene,RNU6,0.8336227856894756,-0.0325000006705523,3.21,0,0.26977709291782964,1.097709167265639
RNU6-931P,Pseudogene,RNU6,1.266015912846166,-0.314999997615814,0.3,0,-0.5949181264980336,-0.7174020611636024
RNU6-932P,Pseudogene,RNU6,0.7864365902730902,0.209000006318092,0,0,-0.7087444462353474,-0.7423134695393288
RNU6-933P,Pseudogene,RNU6,1.6555592706449864,0.29899999499321,0.09,0,0.3997417564528423,0.930883397275293
RNU6-934P,Pseudogene,RNU6,0.8115486620808757,0.186000004410744,0,0,-0.6463960740754991,-0.557214228735358
RNU6-935P,Pseudogene,RNU6,0.7988885029524141,0.233500003814697,0,0,-0.7660032590246919,-0.8505748020245604
RNU6-936P,Pseudogene,RNU6,0.7790867155976406,0.0070000002160668,0,0,-0.5903320938296991,-0.311207362055406
RNU6-937P,Pseudogene,RNU6,0.950277546579984,0.019000000320375,0,0,-0.5776692232822582,-0.47517434834553257
RNU6-938P,Pseudogene,RNU6,1.079123347170842,0.282000005245209,0,0,0.18151393952073563,0.9659244431548981
RNU6-939P,Pseudogene,RNU6,1.0712442339467558,-0.204999998211861,0,0,-0.5768195790734698,-0.5078112550592825
RNU6-940P,Pseudogene,RNU6,0.9685521147834452,-0.235999993979931,0,0,-0.5426267279396244,-0.2742660042313977
RNU6-942P,Pseudogene,RNU6,1.201092019879696,-0.120999999344349,0,0,0.36421091404847616,0.9247264668233177
RNU6-943P,Pseudogene,RNU6,1.0632943695018822,0.0405000001192093,0.34,0,-0.5540016096637539,-0.5255737342616287
RNU6-944P,Pseudogene,RNU6,0.9738583944970508,-0.108000002801418,2.02,0,-0.565222058707078,-0.3769987255004079
RNU6-945P,Pseudogene,RNU6,0.9089345015305808,0.184000000357628,0.64,0,-0.5417414872154004,-0.41504022950314506
RNU6-946P,Pseudogene,RNU6,1.330939805812636,0.282999992370605,0,0,-0.31432749644640445,-0.28012688490790605
RNU6-947P,Pseudogene,RNU6,0.7536683990117115,-0.126999996602535,0,0,0.6124027319410242,1.3323302606584326
RNU6-948P,Pseudogene,RNU6,0.9089345015305808,-0.0379999987781048,0.24,0,-0.6107544333004574,-0.4663998530549566
RNU6-949P,Pseudogene,RNU6,0.7141628226311706,0.174999997019768,0,0,0.15168781948434137,1.1245965625050651
RNU6-94P,Pseudogene,RNU6,0.9738583944970508,-0.116999998688698,4.06,0,-0.5311464223560786,-0.3367494531172359
RNU6-950P,Pseudogene,RNU6,1.4607875917455764,0.159999996423721,0,0,1.6766689029683228,2.6396388868223073
RNU6-951P,Pseudogene,RNU6,0.9413964480138156,0.214000001549721,0,0,-0.5628049473200185,-0.48281271968561545
RNU6-952P,Pseudogene,RNU6,1.1256480516640297,-0.108000002801418,0.26,0,-0.6148123367296666,-0.6772373847717413
RNU6-953P,Pseudogene,RNU6,0.9738583944970508,0.277999997138977,0,0,-0.2369886754183699,0.10695164427524922
RNU6-954P,Pseudogene,RNU6,1.201092019879696,-0.0240000002086162,0.67,0,-0.5449827236861253,-0.5849797351175675
RNU6-955P,Pseudogene,RNU6,1.1021455099259891,0.252000004053116,0,0,-0.5466163293755972,-0.6372618209440979
RNU6-956P,Pseudogene,RNU6,1.079123347170842,0.0649999976158142,0.7,0,-0.6724257416951085,-0.8253760011896548
RNU6-957P,Pseudogene,RNU6,0.9823837541795166,0.26800000667572,0,0,-0.5126323542875494,-0.43586322545559397
RNU6-958P,Pseudogene,RNU6,1.1141185028868776,0.248499989509583,0,0,-0.5870095602470328,-0.711185819787816
RNU6-959P,Pseudogene,RNU6,0.7466247691144057,0.30799999833107,0,0,-0.5826251529608079,-0.3953208723747505
RNU6-95P,Pseudogene,RNU6,1.3958636987791062,0.194999992847443,0,0,-0.3554862192659568,-0.42747081181386926
RNU6-960P,Pseudogene,RNU6,1.157809424568716,-0.0230000000447035,0,0,-0.40761229638515917,-0.22888407954708664
RNU6-961P,Pseudogene,RNU6,0.8931672703815808,0.282999992370605,0,0,-0.26778536022117144,0.10107276601437089
RNU6-964P,Pseudogene,RNU6,1.0571303441714364,0.284000009298325,0,0,-0.5038144274439684,-0.4738404391101333
RNU6-965P,Pseudogene,RNU6,0.868357068426537,-0.0450000017881393,0,0,-0.6919505696585125,-0.6525866411779553
RNU6-966P,Pseudogene,RNU6,1.3025356026398056,-0.132500000298023,0,0,-0.5109464544934496,-0.5774948931287696
RNU6-967P,Pseudogene,RNU6,1.318616289092149,0.216500014066696,0,0,-0.5191972478853255,-0.7392963952654976
RNU6-968P,Pseudogene,RNU6,0.8440106085641107,0.214000001549721,0,0,-0.24841087744303475,0.18302634239636142
RNU6-969P,Pseudogene,RNU6,1.720174002216378,0.284000009298325,1.37,0,1.467760622536168,2.4950875464013254
RNU6-970P,Pseudogene,RNU6,0.7141628226311706,-0.0379999987781048,0,0,-0.7099154928558158,-0.526641333813219
RNU6-971P,Pseudogene,RNU6,1.2451912679323929,-0.0765000022947788,0,0,-0.017723641832851023,0.46775590483628415
RNU6-972P,Pseudogene,RNU6,0.7790867155976406,-0.193000003695488,0,0,-0.7138417080005016,-0.5318362954199363
RNU6-973P,Pseudogene,RNU6,1.266015912846166,-0.270000010728836,0,0,-0.2503771523426053,-0.06414476095269864
RNU6-974P,Pseudogene,RNU6,1.4151004078062084,-0.0175000009476207,0,0,-0.42531870588184423,-0.5140859240756315
RNU6-975P,Pseudogene,RNU6,1.1247291552953242,0.29899999499321,0,0,0.9582801438229479,1.53929103212623
RNU6-976P,Pseudogene,RNU6,1.8149445033779872,-0.226999998092651,0,0,-0.07732226968657863,-0.17476312941868713
RNU6-977P,Pseudogene,RNU6,1.079123347170842,-0.0320000015199184,0,0,-0.8228391571879776,-1.1040574175318927
RNU6-979P,Pseudogene,RNU6,0.8764725550473457,-0.0759999975562096,7.87,0,-0.10041452782772245,0.5770403054997442
RNU6-97P,Pseudogene,RNU6,1.1021455099259891,0.239999994635582,1.51,0,-0.4165207247110784,-0.29751825007084026
RNU6-980P,Pseudogene,RNU6,1.3489041839635527,0.298000007867813,0,0,-0.07837086899624403,0.10062313713358086
RNU6-982P,Pseudogene,RNU6,1.4983416082653973,0.298000007867813,0,0,-0.09659956011077138,-0.12128002981301209
RNU6-983P,Pseudogene,RNU6,1.0116781379726645,0.214000001549721,0,0,-0.6133131740432873,-0.724142670627944
RNU6-984P,Pseudogene,RNU6,1.115321005318488,-0.188999995589256,0,0,-0.6533680267490694,-0.7451557506957102
RNU6-985P,Pseudogene,RNU6,1.001950463569081,0.203999996185303,0,0,-0.17390322367657438,0.22744575458263966
RNU6-986P,Pseudogene,RNU6,0.8172772408720348,-0.124499995261431,0,0,-0.7119354544480749,-0.6120144969569821
RNU6-987P,Pseudogene,RNU6,1.2357389050685337,0.0439999997615814,0,0,-0.5221537657557608,-0.6482872138976258
RNU6-988P,Pseudogene,RNU6,1.103706180429991,0.284000009298325,0,0,-0.5635743312332343,-0.6540739126700097
RNU6-989P,Pseudogene,RNU6,0.8440106085641107,0.204999998211861,0,0,-0.6581237435908166,-0.64767859519466775
RNU6-98P,Pseudogene,RNU6,1.006320340980286,0.0570000000298023,0,0,-0.44179156508813583,-0.18577394101920264
RNU6-990P,Pseudogene,RNU6,1.703315788067438,-0.0780000016093254,0,0,-0.26358522107700544,-0.34257185997811224
RNU6-991P,Pseudogene,RNU6,1.136168126913226,0.421000003814697,0,0,-0.5829867049121709,-0.78946239424015
RNU6-992P,Pseudogene,RNU6,1.2221321703780892,0.30799999833107,0,0,-0.3758297938826404,-0.31876680107183925
RNU6-993P,Pseudogene,RNU6,1.0968720864335204,0.214000001549721,0,0,0.8963900939487134,1.3189228089207985
RNU6-994P,Pseudogene,RNU6,1.3768544508384732,-0.0949999988079071,0.63,0,-0.35818712346610787,-0.27293331713905544
RNU6-995P,Pseudogene,RNU6,1.3634017522958712,0.305999994277954,0,0,-0.41238959158205085,-0.5435613416803345
RNU6-996P,Pseudogene,RNU6,1.201092019879696,0.28099998831749,0,0,-0.4026167965384039,-0.3664654204405991
RNU6-997P,Pseudogene,RNU6,1.5581734311952813,-0.143999993801117,0,0,-0.3562018669438923,-0.47140835609412995
RNU6-998P,Pseudogene,RNU6,1.10049212632274,-0.156000003218651,1.45,0,-0.6268713934339274,-0.6543958594610721
RNU6-999P,Pseudogene,RNU6,0.8931672703815808,-0.319999992847443,0,0,-0.9367563470643233,-1.1000545294874329
RNU6-99P,Pseudogene,RNU6,1.103706180429991,0.379000008106232,0,0,-0.5545573752926748,-0.6878821304062659
RNU4ATAC14P,Pseudogene,RNU4ATAC,1.1708185192267917,0.003000000026077,0,0,-0.6311246361227195,-0.8464858706518094
RNU4ATAC17P,Pseudogene,RNU4ATAC,1.186754660182934,0.0480000004172325,3.52,0,-0.7680107250314318,-1.1015913509398143
RNU4ATAC3P,Pseudogene,RNU4ATAC,1.2680769888133556,0.306000009179115,0,0,-0.7012671756756822,-1.110632625297708
RNU4ATAC6P,Pseudogene,RNU4ATAC,1.3783445530579952,0.344999998807907,0,0,-0.650621383450446,-1.105720350749402
RNU4ATAC7P,Pseudogene,RNU4ATAC,1.1114970475859671,0.157000005245209,0,0,-0.785193799595945,-1.1124318534280186
RNU4ATAC8P,Pseudogene,RNU4ATAC,1.46585046413287,-0.112000003457069,0,0,-0.6730242839702579,-1.0748436039486493
RNU6ATAC12P,Pseudogene,RNU6ATAC,1.147741516528988,-0.119999997317791,1.72,0,-0.8057177965703494,-1.094798317522255
RNU6ATAC13P,Pseudogene,RNU6ATAC,1.16664766445092,0.0750000029802322,0,0,-0.7728843796321635,-1.1043627553818565
RNU6ATAC14P,Pseudogene,RNU6ATAC,0.91606899526316,-0.0359999984502792,0,0,-0.8908450863616029,-1.1142886539508836
RNU6ATAC19P,Pseudogene,RNU6ATAC,0.8209921374214532,0.405000001192093,0,0,-0.8736284991300588,-1.1447660950189058
RNU6ATAC22P,Pseudogene,RNU6ATAC,1.7172004948659607,0.282999992370605,0,0,0.25157015570795216,0.3891543984176424
RNU6ATAC28P,Pseudogene,RNU6ATAC,1.295176644432801,0.239999994635582,0,0,0.8522269354993464,1.2325875013422845
RNU6ATAC32P,Pseudogene,RNU6ATAC,1.005466079230727,0.27700001001358,0,0,-0.34785252960241253,-0.20135673278943486
RNU6ATAC35P,Pseudogene,RNU6ATAC,0.8057727752066064,0.0720000006258488,0.99,0,-0.9226415046358586,-1.1273332273087753
RNU6ATAC36P,Pseudogene,RNU6ATAC,1.2156998957971517,0.282999992370605,0,0,-0.7258979838686164,-1.1127185341035732
RNU6ATAC39P,Pseudogene,RNU6ATAC,1.165579957619513,0.212999999523163,1.55,0,0.9017675775295818,1.2999003065903947
RNU6ATAC40P,Pseudogene,RNU6ATAC,1.5212094629369992,0.330000013113022,0,0,-0.5934097578650452,-1.0957328340449624
RNU6ATAC42P,Pseudogene,RNU6ATAC,1.4990585181258114,-0.125,0.44,0,-0.5095520791334137,-0.7635625482342338
RNU6ATAC9P,Pseudogene,RNU6ATAC,1.1378471931106346,-0.0540000014007092,0.26,0,-0.801352800391605,-1.0990773949268624
RNU11-2P,Pseudogene,RNU11,1.1985773620535298,0.0500000007450581,0.16,0,-0.7628741279592967,-1.100934175501569
RNU11-5P,Pseudogene,RNU11,1.4001416297110054,0.305000007152557,0,0,-0.21606499581002786,-0.30860413748428184
VTRNA2-2P,Pseudogene,VTRNA,1.5512398115580857,0.300999999046326,0,0,0.10645716938659161,0.12166733682608943
VTRNA2-2P,Pseudogene,VTRNA,1.5512398115580857,0.300999999046326,0,0,0.10645716938659155,0.12166733682608942
VTRNA2-2P,Pseudogene,VTRNA,1.5512398115580857,0.300999999046326,0,0,0.10645716938659155,0.1216673368260894
VTRNA2-2P,Pseudogene,VTRNA,1.5512398115580857,0.300999999046326,0,0,0.10645716938659155,0.1216673368260894
VTRNA3-1P,Pseudogene,VTRNA,0.7151175857630304,0.167999997735023,0,0,-0.9478553895270301,-1.1384494441065625
VTRNA3-1P,Pseudogene,VTRNA,0.7151175857630304,0.167999997735023,0,0,-0.9478553895270302,-1.1384494441065625
VTRNA3-1P,Pseudogene,VTRNA,0.7151175857630304,0.167999997735023,0,0,-0.9478553895270302,-1.1384494441065627
VTRNA3-1P,Pseudogene,VTRNA,0.7151175857630304,0.167999997735023,0,0,-0.9478553895270302,-1.1384494441065625
RNY1P1,Pseudogene,RNY,1.3955738599712202,-0.200000002980232,0,0,0.30031581037592037,-0.09228976148586078
RNY1P10,Pseudogene,RNY,1.4754385587424346,-0.193000003695488,0,0,-0.3011202883425614,-0.32891987153109586
RNY1P11,Pseudogene,RNY,1.198793828978228,-0.308999985456467,2.4,0,-0.6389783076989177,-0.7454861373558319
RNY1P12,Pseudogene,RNY,1.5547726558494188,0.30799999833107,3.48,0,-0.02455204028266414,-0.09318305968741016
RNY1P13,Pseudogene,RNY,0.7277659240146215,0.30799999833107,2.18,0,-0.709721267640308,-0.6630769429026308
RNY1P14,Pseudogene,RNY,0.9326798142359102,0.30799999833107,7.13,0,-0.13344837374937474,0.28661574301262105
RNY1P15,Pseudogene,RNY,1.330939805812636,-0.104000002145767,0.28,0,-0.7278402366973296,-1.08393502081057
RNY1P16,Pseudogene,RNY,1.126517277958751,-0.0879999995231628,6.87,0,-0.4825483008141027,-0.3859723718915005
RNY1P2,Pseudogene,RNY,1.2171842668542912,0.30799999833107,0,0,-0.5117171717527245,-0.6536676742623417
RNY1P3,Pseudogene,RNY,1.0596899818086554,-0.166999995708466,0,0,-0.7083866781454955,-0.8294250999245112
RNY1P4,Pseudogene,RNY,1.4195750336016433,0.305000007152557,0,0,-0.4827055617672047,-0.7908064545662905
RNY1P5,Pseudogene,RNY,1.3893713094824591,-0.0419999994337559,0,0,-0.47696055449706226,-0.5914917050612006
RNY1P6,Pseudogene,RNY,1.083454690880817,-0.284000009298325,0.15,0,-0.8533723020822339,-1.0898472547814029
RNY1P7,Pseudogene,RNY,1.0104518614417886,0.219999998807907,0,0,1.1502438008846683,1.4919821812320087
RNY1P8,Pseudogene,RNY,1.0359347482983248,0.294999986886978,0,0,-0.5185191347588445,-0.5151121140196285
RNY1P9,Pseudogene,RNY,1.4339841496951988,0.300999999046326,3.42,0,-0.46349806806144833,-0.7236848849985623
RNY3P1,Pseudogene,RNY,0.9875433327203754,0.239999994635582,0,0,1.7032859248000425,1.238051411946999
RNY3P10,Pseudogene,RNY,1.3280755164170566,0.344999998807907,0,0,-0.47464657042851494,-0.6835795596320938
RNY3P11,Pseudogene,RNY,1.0215965510900435,0.30799999833107,9.19,0,-0.4956203940855473,-0.47747768649614863
RNY3P12,Pseudogene,RNY,1.123756206199048,-0.197999998927116,0,0,-0.600768145341669,-0.5942465735768229
RNY3P13,Pseudogene,RNY,0.8513304592417029,0.29899999499321,0,0,-0.24112009226416095,0.21589025341036666
RNY3P14,Pseudogene,RNY,1.2599690796777203,0.30799999833107,0,0,1.9507342083583092,2.689566118344353
RNY3P15,Pseudogene,RNY,1.0742561671256128,-0.150999993085861,0,0,-0.6228077653848945,-0.6195431633705206
RNY3P16,Pseudogene,RNY,0.5846364421089557,0.261999994516373,0,0,-0.19306491466670206,0.5451345659364754
RNY3P2,Pseudogene,RNY,0.9194368959810392,-0.0879999995231628,13.19,0,-0.6069309962757042,-0.4887436732546411
RNY3P3,Pseudogene,RNY,1.4983416082653973,-0.110500000417233,0,0,-0.4768479368937458,-0.704573888723009
RNY3P4,Pseudogene,RNY,1.2380536421130823,0.296999990940094,0,0,-0.5230999607068763,-0.679272169428668
RNY3P5,Pseudogene,RNY,1.157809424568716,0.300000011920929,0,0,-0.46204571626811747,-0.5038999774285206
RNY3P7,Pseudogene,RNY,1.0317113684275687,-0.13400000333786,0,0,-0.6436304366830593,-0.6778838212922691
RNY3P8,Pseudogene,RNY,1.2680769888133556,0.230000004172325,5.12,0,-0.4143787283951062,-0.4544884401940604
RNY3P9,Pseudogene,RNY,1.1468866941482565,-0.0689999982714653,0,0,-0.5501853128589733,-0.5470799870430793
RNY4P10,Pseudogene,RNY,1.157809424568716,0.0115000000223517,0,0,-0.6170303494532702,-0.7612767333470847
RNY4P13,Pseudogene,RNY,1.3025356026398056,-0.12050000205636,0,0,-0.25040067236998326,-0.1663503110230868
RNY4P14,Pseudogene,RNY,1.1939909690864885,0.305000007152557,0,0,-0.5856312364076606,-0.8196735752590237
RNY4P16,Pseudogene,RNY,0.5912218338223231,0.306500002741814,0,0,-0.5324513587632373,-0.46454796992002795
RNY4P17,Pseudogene,RNY,1.157809424568716,0.0690000001341105,0.86,0,-0.4133553047629274,-0.44775937101111224
RNY4P18,Pseudogene,RNY,1.2879003711494708,0.231000006198883,0,0,-0.3155420684199814,-0.419979344838013
RNY4P19,Pseudogene,RNY,0.8321755239087647,0.12049999833107,0,0,-0.9054951092773177,-1.128319342155184
RNY4P20,Pseudogene,RNY,1.2698554979140757,0.30799999833107,0,0,-0.09565266044132475,0.11357823145731118
RNY4P23,Pseudogene,RNY,0.7877878558921161,0.24600000679493,0,0,-0.9077692487939008,-1.1381035874293526
RNY4P24,Pseudogene,RNY,1.0854463355331714,0.111999999731779,0.25,0,-0.5914295602936155,-0.6819663701692388
RNY4P25,Pseudogene,RNY,0.8321755239087647,0.30799999833107,0.61,0,-0.6761123291785468,-0.711702245457358
RNY4P27,Pseudogene,RNY,1.049264791015399,0.284000009298325,0,0,-0.5585902817467574,-0.5968685700777558
RNY4P28,Pseudogene,RNY,1.120460733453596,-0.208000004291534,0,0,-0.5628696157882568,-0.4996524562041124
RNY4P29,Pseudogene,RNY,1.2891074005507357,0.118000000715256,0,0,-0.1918649326569302,-0.05555696330121414
RNY4P3,Pseudogene,RNY,1.4624961152446938,0.30799999833107,0.44,0,1.268123617484794,0.7382107714714911
RNY4P30,Pseudogene,RNY,1.0968720864335204,0.19200000166893,0,0,-0.24029302851169337,-0.04434916528935369
RNY4P34,Pseudogene,RNY,1.1334344893146375,-0.0790000036358833,0,0,-0.4498090123937587,-0.4052960454268272
RNY4P36,Pseudogene,RNY,1.049264791015399,0.30799999833107,0,0,0.8141053159776157,1.5624104606862463
RNY4P37,Pseudogene,RNY,1.230172513604261,0.214000001549721,0,0,-0.2787723062075828,-0.4013765843063577
RNY4P6,Pseudogene,RNY,1.230172513604261,0.214000001549721,0.43,0,0.25350422526642435,0.7643059916699344
RNY4P7,Pseudogene,RNY,0.9045386129443096,-0.415500000119209,0,0,-0.5977606175029709,-0.3778461338019038
RNY4P9,Pseudogene,RNY,0.8952134726046772,0.211999997496605,0,0,-0.13797570221078267,0.38809733019140746
VTRNA2-2P,Pseudogene,TRNA,1.5512398115580857,0.300999999046326,0,0,0.1064571693865915,0.12166733682608961
VTRNA2-2P,Pseudogene,TRNA,1.5512398115580857,0.300999999046326,0,0,0.10645716938659144,0.12166733682608956
VTRNA2-2P,Pseudogene,TRNA,1.5512398115580857,0.300999999046326,0,0,0.10645716938659144,0.12166733682608956
VTRNA2-2P,Pseudogene,TRNA,1.5512398115580857,0.300999999046326,0,0,0.10645716938659144,0.12166733682608956
VTRNA3-1P,Pseudogene,TRNA,0.7151175857630304,0.167999997735023,0,0,-0.9478553895270299,-1.1384494441065625
VTRNA3-1P,Pseudogene,TRNA,0.7151175857630304,0.167999997735023,0,0,-0.9478553895270297,-1.1384494441065627
VTRNA3-1P,Pseudogene,TRNA,0.7151175857630304,0.167999997735023,0,0,-0.9478553895270297,-1.1384494441065625
VTRNA3-1P,Pseudogene,TRNA,0.7151175857630304,0.167999997735023,0,0,-0.9478553895270297,-1.1384494441065627
RN7SL100P,Pseudogene,RN7SL,1.4818380007278789,0.301999986171722,0.19,0,2.198876781866509,3.9073390564582535
RN7SL101P,Pseudogene,RN7SL,1.3694520075543952,0.305000007152557,0.39,0,-0.2119633821993515,-0.26809615858670266
RN7SL104P,Pseudogene,RN7SL,1.17361569657648,-0.298000007867813,0.03,0,-0.15293436935961405,-0.010561656187545933
RN7SL105P,Pseudogene,RN7SL,1.1384480629538545,0.289000004529953,4.67,0,-0.1122854870751166,-0.04714126372986969
RN7SL106P,Pseudogene,RN7SL,1.5570540537303423,-0.0515000000596046,0,0,-0.14356180623017004,-0.41383118813617237
RN7SL107P,Pseudogene,RN7SL,1.165991823328919,0.0509999990463257,2.05,0,-0.3420424237588171,-0.25518061328546543
RN7SL108P,Pseudogene,RN7SL,1.2513697821096226,0.44200000166893,0.17,0,0.44049755248776784,0.694501560044017
RN7SL110P,Pseudogene,RN7SL,0.7364158884182647,-0.17399999499321,0.49,0,0.5542013928690961,1.3809262307900518
RN7SL111P,Pseudogene,RN7SL,0.7312480576223469,0.30799999833107,0.21,0,-0.2481436785249928,0.15003120307428508
RN7SL113P,Pseudogene,RN7SL,0.6737753841971793,0.30799999833107,2.05,0,0.762243354488576,1.3496251196711004
RN7SL116P,Pseudogene,RN7SL,1.0818874950888002,-0.0160000007599592,1.86,0,-0.04449820555947352,-0.01676439041273657
RN7SL117P,Pseudogene,RN7SL,1.3729429325122275,-0.0614999998360872,0.17,0,0.011882456958054916,0.05431682997497023
RN7SL118P,Pseudogene,RN7SL,1.012124794987222,0.282999992370605,4.36,0,0.7779900066951427,1.188409182139988
RN7SL11P,Pseudogene,RN7SL,1.126196880553188,0.30799999833107,1.58,0,1.0806374581859157,2.032080302238863
RN7SL120P,Pseudogene,RN7SL,1.1734554978736986,-0.137000001966953,0,0,-0.3470629871975787,-0.39842427343062004
RN7SL121P,Pseudogene,RN7SL,1.730352546608191,0.153999999165535,0,0,4.136591585415503,7.02919576822505
RN7SL122P,Pseudogene,RN7SL,1.14242325281365,0.293000012636185,0.1,0,0.5116699755011673,1.2531688858848802
RN7SL124P,Pseudogene,RN7SL,0.840935266265699,0.229000002145767,2.21,0,-0.3931496193172917,-0.18947549669271477
RN7SL125P,Pseudogene,RN7SL,1.016036841968465,0.282999992370605,0.9,0,-0.11125138913805557,0.1625939516423183
RN7SL126P,Pseudogene,RN7SL,0.697009018135013,0.301999986171722,0,0,2.1700537737780836,3.8739455461812438
RN7SL127P,Pseudogene,RN7SL,1.0536065763575315,0.30799999833107,2.82,0,-0.1649089817777335,0.0038902698155417782
RN7SL12P,Pseudogene,RN7SL,1.0899378376112396,-0.100999999791384,0.99,0,-0.19979636199464368,-0.15620330864046697
RN7SL130P,Pseudogene,RN7SL,1.3324298623725224,0.30799999833107,4.36,0,-0.07343253285483049,-0.11708945400930917
RN7SL131P,Pseudogene,RN7SL,1.4924887113581105,0.157000005245209,0,0,2.953189977868901,5.480353930609803
RN7SL132P,Pseudogene,RN7SL,1.2555973827248577,-0.0720000006258488,0.07,0,1.0003829827054076,1.4425650844486764
RN7SL135P,Pseudogene,RN7SL,1.2369402845212545,0.303000003099442,0,0,0.7316111431053898,0.7919005237160407
RN7SL138P,Pseudogene,RN7SL,1.1134334535922146,0.307000011205673,5.74,0,0.2153552760440643,0.8702127125863118
RN7SL140P,Pseudogene,RN7SL,1.016036841968465,0.29899999499321,0.07,0,1.5191210514355642,2.584401427607208
RN7SL141P,Pseudogene,RN7SL,1.2013360946652842,0.30799999833107,9.23,0,-0.18223445814252645,-0.20757125932043555
RN7SL143P,Pseudogene,RN7SL,1.286454916187462,0.214000001549721,0.19,0,0.8548224586235359,0.7911679681869648
RN7SL144P,Pseudogene,RN7SL,0.9066236511029606,0.237000003457069,0.71,0,-0.1614163832888018,0.09392003114808599
RN7SL146P,Pseudogene,RN7SL,1.473575631269275,0.239999994635582,2.91,0,1.2295513294361045,0.9502490791216689
RN7SL147P,Pseudogene,RN7SL,0.7925943711812687,0.305000007152557,0.19,0,0.8627847988128078,1.1997399268125346
RN7SL148P,Pseudogene,RN7SL,0.9586164052880768,0.293999999761581,0.08,0,0.5794075955246047,1.2209251177272606
RN7SL149P,Pseudogene,RN7SL,1.0877640145414271,0.305000007152557,0,0,-0.08331736155884842,0.0899322458723476
RN7SL14P,Pseudogene,RN7SL,1.165579957619513,0.214000001549721,0.55,0,-0.10381286632579761,-0.29650060509387255
RN7SL150P,Pseudogene,RN7SL,1.45830958056365,-0.238500006496906,0,0,1.4675315342897535,2.4028287496710905
RN7SL151P,Pseudogene,RN7SL,1.7428509359232265,0.130999997258186,0.53,0,1.4254329489181934,1.4062342261992367
RN7SL152P,Pseudogene,RN7SL,1.177235757195708,-0.136500000953674,0.2,0,0.02543976852871992,0.26735753054077926
RN7SL153P,Pseudogene,RN7SL,0.8445664638121113,0.109499998390675,13.02,0,0.32955139912501513,0.6566162938109844
RN7SL154P,Pseudogene,RN7SL,1.3936594925364174,0.0719999969005585,0.29,0,3.554173565896018,6.033095547205294
RN7SL155P,Pseudogene,RN7SL,1.3999368707712991,0.305000007152557,0.15,0,3.8336606796868824,6.52053688503474
RN7SL156P,Pseudogene,RN7SL,0.9940403283303778,0.281999990344048,0.13,0,1.5512059617234089,2.410259392506487
RN7SL159P,Pseudogene,RN7SL,1.260902044564561,0.165999993681908,0,0,0.8864095818127073,0.924070843190132
RN7SL15P,Pseudogene,RN7SL,1.234740283344046,0.215000003576279,7.01,0,0.6475043069098875,0.7924142651700167
RN7SL160P,Pseudogene,RN7SL,0.9417393558992022,0.277999997138977,1.18,0,0.001572829891393553,0.3228606701222506
RN7SL162P,Pseudogene,RN7SL,1.1062631145707935,0.293000012636185,0.35,0,0.4902199827156354,0.7850267633273866
RN7SL163P,Pseudogene,RN7SL,1.5227710910088548,0.123000003397465,0.2,0,2.96333786568318,5.699519140431321
RN7SL164P,Pseudogene,RN7SL,1.3526882386050345,-0.090999998152256,0.21,0,0.010991005320268659,-0.026685228462478942
RN7SL165P,Pseudogene,RN7SL,0.7161707780837419,0.143999993801117,13.77,0,-0.3311988894801552,-0.12728233458680197
RN7SL166P,Pseudogene,RN7SL,1.3769662085049372,0.306999996304512,3.26,0,0.0646980532578952,0.1932040643954659
RN7SL167P,Pseudogene,RN7SL,1.230651739359463,0.30799999833107,0,0,1.178523496811256,1.1315698654947786
RN7SL168P,Pseudogene,RN7SL,1.1329102971586362,0.294999986886978,0.6,0,0.850299642583352,1.5275457902057736
RN7SL169P,Pseudogene,RN7SL,1.2499534272160533,0.159999996423721,0.41,0,-0.1235655211952554,-0.15207035442297537
RN7SL16P,Pseudogene,RN7SL,1.4203610041177557,0.29899999499321,3.74,0,-0.07235143379668328,-0.19825205818444036
RN7SL170P,Pseudogene,RN7SL,1.295176644432801,0.30799999833107,0.1,0,1.3016016086636435,1.4687858173486916
RN7SL172P,Pseudogene,RN7SL,1.1234190456211304,0.30799999833107,5.87,0,0.32644860094973954,0.5280213784421972
RN7SL173P,Pseudogene,RN7SL,1.094367812263581,-0.0850000008940697,3.16,0,0.6849889072745807,0.9780163475387453
RN7SL174P,Pseudogene,RN7SL,1.4302351715260608,-0.100000001490116,2.83,0,0.17711097164217393,0.45971761498508656
RN7SL176P,Pseudogene,RN7SL,1.0525540223351963,-0.0379999987781048,0.3,0,0.6003545040354955,1.0796555568025807
RN7SL177P,Pseudogene,RN7SL,1.277849866580857,0.30799999833107,1.68,0,-0.04317927102916159,0.027208859908435263
RN7SL178P,Pseudogene,RN7SL,1.79384289135482,-0.190999999642372,1.16,0,0.8883769672208152,0.673427318798039
RN7SL180P,Pseudogene,RN7SL,0.909707405018277,0.28999999165535,1.1,0,-0.16331418439043563,0.17958917460404486
RN7SL181P,Pseudogene,RN7SL,1.2288663206613808,0.30799999833107,2.69,0,2.096820520278677,3.024447423232476
RN7SL182P,Pseudogene,RN7SL,1.076762764848906,0.187000006437302,0.38,0,0.7501279818082714,1.5239876390256828
RN7SL183P,Pseudogene,RN7SL,1.2937937529576593,0.299000009894371,0,0,-0.1465782313652581,-0.22463852791016353
RN7SL184P,Pseudogene,RN7SL,0.760177905019864,0.282999992370605,0,0,-0.29162983168700524,-0.08929432433469318
RN7SL185P,Pseudogene,RN7SL,1.618143292168326,-0.156000003218651,0,0,-0.1802876991143273,-0.5390294519206439
RN7SL186P,Pseudogene,RN7SL,1.0993342011056495,0.28600001335144,0.05,0,1.1127483404025156,1.9841055283272029
RN7SL187P,Pseudogene,RN7SL,1.146345964919521,0.23199999332428,0.15,0,0.8079785007599068,1.1391803475697473
RN7SL188P,Pseudogene,RN7SL,1.157809424568716,0.101000003516674,0,0,-0.31925663816857236,-0.38916069912098983
RN7SL189P,Pseudogene,RN7SL,1.1177468147220475,0.30799999833107,0.02,0,-0.2923948166303036,-0.3782480671956705
RN7SL18P,Pseudogene,RN7SL,0.8474687540657612,0.30799999833107,0.41,0,0.8351407344725794,1.122107066800414
RN7SL190P,Pseudogene,RN7SL,1.459650792063284,0.0850000008940697,0.15,0,3.6822999526450397,6.527601321531159
RN7SL191P,Pseudogene,RN7SL,1.0021694691348888,0.138999998569489,0.36,0,-0.27081834265111493,-0.19532635333418633
RN7SL193P,Pseudogene,RN7SL,1.145224539519056,-0.146999999880791,0,0,-0.26074146705076084,-0.32745968118293206
RN7SL196P,Pseudogene,RN7SL,0.6445537002753677,-0.0219999998807907,0.26,0,-0.7401981887834055,-0.9044814039397223
RN7SL197P,Pseudogene,RN7SL,1.196532147798439,0.30799999833107,0,0,1.0803641132774504,1.2806938357604447
RN7SL198P,Pseudogene,RN7SL,1.1308836239973503,0.32600000500679,0.24,0,3.251123359094851,5.277585902866493
RN7SL19P,Pseudogene,RN7SL,1.2145647885181627,0.30799999833107,2.19,0,0.6133811715593436,0.8419559731008427
RN7SL200P,Pseudogene,RN7SL,1.206051483925746,0.305000007152557,3.95,0,0.22015354400369136,0.5307363182815398
RN7SL201P,Pseudogene,RN7SL,0.8566225134478,0.294999986886978,0,0,0.0724617361485725,0.38251513124588643
RN7SL202P,Pseudogene,RN7SL,1.2727065430373672,0.257999986410141,0.18,0,3.885225466543404,6.384812413515943
RN7SL203P,Pseudogene,RN7SL,1.044375393107592,-0.126999996602535,0.37,0,0.2700697438307742,0.5127954826550588
RN7SL204P,Pseudogene,RN7SL,1.140132944804308,0.319999992847443,0.42,0,3.1726624622791646,5.005182907872902
RN7SL205P,Pseudogene,RN7SL,1.2964204120170837,-0.0299999993294477,0,0,0.8706537804982523,1.2379470555744008
RN7SL208P,Pseudogene,RN7SL,1.1851900528524355,0.206000000238419,0.61,0,0.6370686392455422,1.097292381872707
RN7SL209P,Pseudogene,RN7SL,1.5982804013068146,-0.1875,0.53,0,-0.6278907817446949,-1.0621815518370301
RN7SL20P,Pseudogene,RN7SL,1.2279796927243958,0.30799999833107,1.09,0,-0.011542962684064535,0.12677384358722485
RN7SL210P,Pseudogene,RN7SL,0.7839334645517348,0.185000002384186,0.12,0,0.670447948576217,1.4924487440371113
RN7SL211P,Pseudogene,RN7SL,1.0319605740721165,-0.037499999627471,0.21,0,-0.18525424171375943,-0.07333368827557661
RN7SL213P,Pseudogene,RN7SL,1.2052905681630166,0.44200000166893,1.35,0,0.9000200902422232,0.8176172065323664
RN7SL214P,Pseudogene,RN7SL,1.3500494799688048,-0.118000000715256,0,0,-0.5540763816642046,-0.7723980073044097
RN7SL215P,Pseudogene,RN7SL,1.0490219618575616,0.305000007152557,0,0,-0.19524623352148662,-0.20331361589949673
RN7SL216P,Pseudogene,RN7SL,1.5618771432101473,0.29899999499321,0,0,-0.0772278949880837,-0.29271085946104053
RN7SL217P,Pseudogene,RN7SL,0.8622846413746033,0.259500004351139,0.24,0,1.8251261078387468,2.1573077451191742
RN7SL218P,Pseudogene,RN7SL,1.1500648799227715,0.214000001549721,0,0,0.07746922379242027,0.2904508585709672
RN7SL219P,Pseudogene,RN7SL,1.3729429325122275,0.194999992847443,1.54,0,0.19043125242496775,0.43842321738810663
RN7SL220P,Pseudogene,RN7SL,1.2041218015514648,0.306500002741814,14.93,0,0.08576025057801123,0.3144701111974963
RN7SL221P,Pseudogene,RN7SL,1.359705018176784,0.30799999833107,0.2,0,-0.2327952673476695,-0.45712877388163276
RN7SL222P,Pseudogene,RN7SL,1.3475507683943586,-0.0320000015199184,0,0,0.6446767652055971,0.8392610761154277
RN7SL223P,Pseudogene,RN7SL,1.205066952102133,0.305000007152557,0,0,-0.18947023872554974,-0.27946342196718993
RN7SL225P,Pseudogene,RN7SL,1.2355147550766834,0.29899999499321,0.08,0,0.45641747766923263,0.5498942697246372
RN7SL228P,Pseudogene,RN7SL,1.1921998035163015,-0.0879999995231628,0,0,-0.39055446287020956,-0.46990415207517444
RN7SL229P,Pseudogene,RN7SL,1.2197657817362726,-0.116999998688698,0.67,0,0.9146571846788815,1.182304295931897
RN7SL22P,Pseudogene,RN7SL,1.1492011760589116,0.301999986171722,0.09,0,0.8370408893817339,1.3188816266006578
RN7SL230P,Pseudogene,RN7SL,1.3068344000082537,-0.0500000007450581,3.07,0,0.8880833719116219,1.7063500496633355
RN7SL231P,Pseudogene,RN7SL,1.1748360337535502,0.27700001001358,1.06,0,-0.19986737052328446,-0.27644779993731966
RN7SL233P,Pseudogene,RN7SL,1.2539452251646743,0.25,0.48,0,0.04539933315997734,0.3159341282651329
RN7SL234P,Pseudogene,RN7SL,1.295176644432801,-0.0654999986290932,0.12,0,1.6093222082061682,2.401055871103742
RN7SL236P,Pseudogene,RN7SL,1.137425455826309,0.291999995708466,0.25,0,0.1719304157069664,0.5081216944644856
RN7SL237P,Pseudogene,RN7SL,0.9682030031236648,0.0590000003576279,2.04,0,0.6524167557791611,0.9173361455667646
RN7SL238P,Pseudogene,RN7SL,1.1378471931106346,-0.046000000089407,0,0,-0.3744432652627738,-0.5851913679071372
RN7SL239P,Pseudogene,RN7SL,1.2620122727799006,-0.074499998241663,2.53,0,0.5581055100622322,0.6691987739461024
RN7SL23P,Pseudogene,RN7SL,1.1367583441220122,0.136999994516373,6.1,0,-0.18711875218056734,-0.254211337094545
RN7SL240P,Pseudogene,RN7SL,1.457382492464118,0.207000002264977,0,0,-0.11433823353118341,-0.20405212624805372
RN7SL241P,Pseudogene,RN7SL,1.30989456084681,-0.0135000003501773,0.09,0,-0.7249428719706865,-1.0902872389959677
RN7SL242P,Pseudogene,RN7SL,0.760177905019864,0.305000007152557,5.47,0,-0.010876807886857857,0.4147126734493302
RN7SL244P,Pseudogene,RN7SL,1.1344193351834897,0.365000009536743,1.3,0,-0.10619587087534348,-0.18141971227103565
RN7SL248P,Pseudogene,RN7SL,0.9185053489739664,0.296000003814697,0,0,1.7150167582787652,2.172425824911932
RN7SL250P,Pseudogene,RN7SL,1.2924384274255434,0.30799999833107,0.1,0,1.1407985249256238,1.9109825822419078
RN7SL251P,Pseudogene,RN7SL,0.760177905019864,0.419999986886978,0.16,0,0.9612381710622863,1.8360712918130644
RN7SL252P,Pseudogene,RN7SL,1.356625184343142,0.30799999833107,0.12,0,-0.23061081254039553,-0.3875079585137953
RN7SL253P,Pseudogene,RN7SL,1.1851900528524355,0.284000009298325,0.17,0,0.44196135733334224,0.6257495631676122
RN7SL254P,Pseudogene,RN7SL,1.1129646933354207,0.347000002861023,0.84,0,1.2231254729974725,1.443605055155067
RN7SL255P,Pseudogene,RN7SL,1.2203937177886468,0.282000005245209,0.08,0,0.8102573084223395,1.0633524798514395
RN7SL258P,Pseudogene,RN7SL,1.1346532360773416,-0.0940000005066395,1.26,0,-0.2467225023800193,-0.20228368896468568
RN7SL259P,Pseudogene,RN7SL,1.139504137223756,-0.104000002145767,0,0,-0.13995055935654452,0.041211016693266767
RN7SL25P,Pseudogene,RN7SL,1.416089988510968,0.28099998831749,1.91,0,3.249003361993275,4.674363479714415
RN7SL260P,Pseudogene,RN7SL,1.2932977614863317,0.282000005245209,0.44,0,0.6064559857866376,0.4400515283554293
RN7SL261P,Pseudogene,RN7SL,0.8868327507334846,-0.187000006437302,0,0,0.09530187315884371,0.4509174995168524
RN7SL262P,Pseudogene,RN7SL,0.8860786412515684,0.204999998211861,0.71,0,0.8908751051041737,1.5441759069928964
RN7SL263P,Pseudogene,RN7SL,1.5929860703548886,0.471999987959862,0.46,0,1.029723880947107,1.1913698557663464
RN7SL265P,Pseudogene,RN7SL,1.2041218015514648,0.305000007152557,0.51,0,0.2867797493415782,0.8018165102253876
RN7SL267P,Pseudogene,RN7SL,0.6787158695747646,0.30799999833107,0.07,0,0.39506800270186065,0.5350456397902713
RN7SL268P,Pseudogene,RN7SL,1.0839893605861468,0.202000007033348,1.66,0,0.12393832281926351,0.34956052997939396
RN7SL269P,Pseudogene,RN7SL,0.7174622335852044,0.44200000166893,1.06,0,1.129935372067168,1.502242488848972
RN7SL26P,Pseudogene,RN7SL,1.0522111708621231,0.160999998450279,0.14,0,2.0172577249240593,3.016458484938934
RN7SL270P,Pseudogene,RN7SL,1.100124969252125,0.20100000500679,0.42,0,-0.33543562625326756,-0.42069508308737613
RN7SL271P,Pseudogene,RN7SL,0.8477519854469243,0.0949999988079071,0.13,0,0.18566616814429887,0.6140175907328609
RN7SL272P,Pseudogene,RN7SL,1.201878295400051,0.146999999880791,0.38,0,1.3598882463231505,1.4752009530410886
RN7SL273P,Pseudogene,RN7SL,1.312700317487608,0.30799999833107,2.77,0,-0.16027001180290398,-0.14385504189451329
RN7SL274P,Pseudogene,RN7SL,1.4174652146374354,0.163000002503395,0.78,0,3.56026759019217,6.435299103909566
RN7SL277P,Pseudogene,RN7SL,0.8924780981050519,0.305000007152557,1.82,0,-0.3342260724768935,-0.17637918245242123
RN7SL278P,Pseudogene,RN7SL,1.1851900528524355,0.305000007152557,0.1,0,0.8442913492194914,1.3437502756104027
RN7SL279P,Pseudogene,RN7SL,1.4064938432260812,-0.113500002771616,0.07,0,3.4275858241906727,5.37661457905298
RN7SL280P,Pseudogene,RN7SL,1.073385820693914,0.194999992847443,9.18,0,1.579740356639657,2.266121595720001
RN7SL282P,Pseudogene,RN7SL,1.4969657206545015,0.305000007152557,0.26,0,0.9756411115141368,1.1273863386958303
RN7SL283P,Pseudogene,RN7SL,0.7909787157944694,0.214000001549721,0,0,-0.41482356577984014,-0.2800403426767317
RN7SL284P,Pseudogene,RN7SL,1.0483438062458557,0.303000003099442,1.68,0,0.41397971203786477,1.0094822834273574
RN7SL285P,Pseudogene,RN7SL,1.3683202290357552,0.30799999833107,1.37,0,0.1634735438542764,0.31745324765664584
RN7SL286P,Pseudogene,RN7SL,0.9548943707783226,-0.034000001847744,0.29,0,-0.5986565240274667,-0.8496794510889666
RN7SL28P,Pseudogene,RN7SL,1.0606777614337566,0.44200000166893,0,0,0.37394828147176506,0.6048717331697517
RN7SL290P,Pseudogene,RN7SL,0.6715294662498553,0.277999997138977,0.02,0,0.8517159869354554,1.790263487910314
RN7SL291P,Pseudogene,RN7SL,0.6850706283780292,-0.150999993085861,0.1,0,-0.3541948309511908,-0.11221695217363276
RN7SL292P,Pseudogene,RN7SL,1.331916104954989,0.319999992847443,0,0,-0.12076199156879414,-0.11866053353668193
RN7SL294P,Pseudogene,RN7SL,1.4011456426136666,0.293000012636185,0,0,0.01621122448514839,-0.029210578763607335
RN7SL296P,Pseudogene,RN7SL,1.1849153308295222,0.279000014066696,15,0,0.13607541610865592,0.4844071746467016
RN7SL297P,Pseudogene,RN7SL,0.7468463523668509,0.189999997615814,1.75,0,-0.39257700191357475,-0.1678941611109025
RN7SL299P,Pseudogene,RN7SL,0.8063315635389272,0.30799999833107,0,0,0.2951030606227246,0.7424067162542245
RN7SL300P,Pseudogene,RN7SL,1.288882189614231,0.291999995708466,6.17,0,0.9761647515103111,1.068732544529752
RN7SL301P,Pseudogene,RN7SL,1.5968445419387325,0.209999993443489,6.21,0,0.13129206433629464,0.38248421518422665
RN7SL302P,Pseudogene,RN7SL,1.227277990042839,0.30799999833107,0,0,-0.26919496035079127,-0.4983833047641982
RN7SL303P,Pseudogene,RN7SL,1.3423208866513798,0.301999986171722,0.12,0,0.8466006193974313,1.4397484486406402
RN7SL304P,Pseudogene,RN7SL,0.9693288205691576,0.266999989748001,0.37,0,1.196467864784067,2.0735687183517513
RN7SL305P,Pseudogene,RN7SL,1.1990126069377094,0.211999997496605,0,0,0.37365139996461305,0.6266875308981168
RN7SL306P,Pseudogene,RN7SL,1.3377392675760165,-0.0139999999664724,0.66,0,-0.4656134980732586,-0.6334724143591013
RN7SL307P,Pseudogene,RN7SL,1.2834023113015938,0.214000001549721,0,0,0.03776272959945387,0.02985590085945733
RN7SL308P,Pseudogene,RN7SL,1.1811995139539426,0.305000007152557,4.14,0,-0.009027340321334416,0.0520243867608368
RN7SL309P,Pseudogene,RN7SL,1.117326577555824,-0.214500002563,0,0,-0.4614413905003103,-0.4367674497628075
RN7SL30P,Pseudogene,RN7SL,1.4983416082653973,0.305000007152557,3.57,0,1.1580410942614663,1.237546899673819
RN7SL310P,Pseudogene,RN7SL,1.1866516522270114,0.197999998927116,0.24,0,1.3185152793217065,1.4458256424488403
RN7SL311P,Pseudogene,RN7SL,0.5448514939146899,0.270000010728836,0.24,0,0.3798807440573677,1.127713657279979
RN7SL313P,Pseudogene,RN7SL,0.735691405194705,0.184000000357628,0.18,0,0.4922052956024607,1.0684838874306068
RN7SL314P,Pseudogene,RN7SL,1.2014255330284964,-0.175499998033047,0.19,0,-0.6249312492382074,-0.7837955364541165
RN7SL316P,Pseudogene,RN7SL,1.2259158613080523,0.277999997138977,0.59,0,-0.14296493073266578,-0.21745329832448546
RN7SL319P,Pseudogene,RN7SL,1.4616689115596009,-0.0659999996423721,0,0,-0.4991977163757311,-0.7629511435236377
RN7SL320P,Pseudogene,RN7SL,1.1185616474646918,-0.0949999988079071,0.39,0,0.5199265459593422,0.8465251812020856
RN7SL321P,Pseudogene,RN7SL,0.6273081163215116,-0.118000000715256,5.77,0,0.5945267665862362,1.3700147443967339
RN7SL322P,Pseudogene,RN7SL,1.3359339514254416,0.307000011205673,0.1,0,0.5152239668080972,1.0393035074261063
RN7SL323P,Pseudogene,RN7SL,1.0596899818086554,0.214000001549721,0.06,0,1.2272756754424863,1.4784932146086833
RN7SL325P,Pseudogene,RN7SL,0.8591518698213088,-0.181999996304512,0,0,-0.2834910721606443,-0.045027665306758266
RN7SL326P,Pseudogene,RN7SL,1.1617209428949618,0.217999994754791,2.82,0,1.2563986305697643,1.9571675821949686
RN7SL327P,Pseudogene,RN7SL,0.98128242710084,-0.0829999968409538,1.36,0,-0.8698750225663121,-1.1075136206771523
RN7SL328P,Pseudogene,RN7SL,1.2851684612712748,0.303000003099442,2.63,0,1.0908457982051272,1.549015279152861
RN7SL329P,Pseudogene,RN7SL,1.312700317487608,0.30799999833107,6.33,0,-0.017976836825569647,4.242083510995418e-4
RN7SL32P,Pseudogene,RN7SL,1.1742906975163134,0.252000004053116,0.76,0,4.103952591443128,6.859447648366318
RN7SL330P,Pseudogene,RN7SL,1.3463777347590606,0.174999997019768,0.1,0,-0.19818760712032382,-0.31100273173971593
RN7SL332P,Pseudogene,RN7SL,1.1623677293898529,0.226999998092651,0.07,0,0.02120249746439501,0.16312962169525053
RN7SL333P,Pseudogene,RN7SL,0.760177905019864,-0.0390000008046627,2.14,0,-0.31259633637564727,-0.030770499161514142
RN7SL334P,Pseudogene,RN7SL,0.9212677141729568,0.305000007152557,2.73,0,1.1939605975143661,1.9834932159907763
RN7SL335P,Pseudogene,RN7SL,1.371090108041901,-0.126500003039837,0,0,-0.18311792327411186,-0.2993291865289193
RN7SL336P,Pseudogene,RN7SL,1.2045896033391692,-0.0010000000474974,1.37,0,-0.21545692778670592,-0.24047714729064873
RN7SL337P,Pseudogene,RN7SL,1.5809291478330307,0.293000012636185,1.08,0,0.7293503347876331,1.3044645603796292
RN7SL338P,Pseudogene,RN7SL,1.2091798085939491,0.30799999833107,0.33,0,-0.11675298768938247,0.11322309151693406
RN7SL339P,Pseudogene,RN7SL,1.5254921472358085,0.0850000008940697,0,0,3.9216510853095214,7.287691449298783
RN7SL33P,Pseudogene,RN7SL,1.208590539681379,0.27700001001358,0.11,0,1.8109848053482984,2.497802005822338
RN7SL340P,Pseudogene,RN7SL,1.3729429325122275,0.305000007152557,0,0,0.4530057621278607,0.729721422103496
RN7SL341P,Pseudogene,RN7SL,1.2122031559242932,0.30799999833107,0.19,0,1.128833675333571,1.7533035656149054
RN7SL342P,Pseudogene,RN7SL,1.4059114441191551,0.284000009298325,0,0,0.560806429602203,0.8586051757136068
RN7SL343P,Pseudogene,RN7SL,1.3441235848441415,0.287000000476837,0.06,0,0.396354474389425,0.7257990128124016
RN7SL344P,Pseudogene,RN7SL,0.6688696337880082,-0.0850000008940697,2.38,0,0.9387914563445479,1.2573478984404303
RN7SL346P,Pseudogene,RN7SL,1.1814381883354246,-0.144499994814396,0.88,0,-0.2698346483590617,-0.10667366525617968
RN7SL34P,Pseudogene,RN7SL,1.2478612687018384,0.204999998211861,0.64,0,0.3642503000713227,0.8450349053448908
RN7SL350P,Pseudogene,RN7SL,1.1732985138606051,0.305000007152557,0,0,-0.11469362712593822,-0.11973201544543628
RN7SL351P,Pseudogene,RN7SL,0.9103743459310468,0.196999996900558,1.58,0,-0.019199045076662032,0.32034486712713794
RN7SL352P,Pseudogene,RN7SL,1.178708511654794,0.305000007152557,0,0,-0.3703929711109159,-0.48929023389773546
RN7SL353P,Pseudogene,RN7SL,1.3507776619968357,0.224000006914139,0.42,0,3.563578314394307,6.915564924349796
RN7SL354P,Pseudogene,RN7SL,1.3232107709356753,0.413499996066093,0.7,0,1.2198035117479573,1.6445220169525234
RN7SL356P,Pseudogene,RN7SL,1.358558639312485,0.219999998807907,6.42,0,3.4714169783898194,6.018962242849414
RN7SL357P,Pseudogene,RN7SL,1.1539241580433175,0.30799999833107,0,0,0.5048701138209579,1.2007153921409952
RN7SL35P,Pseudogene,RN7SL,1.1300537191852196,-0.161499999463558,0,0,0.5676133537076753,0.7490632422254281
RN7SL361P,Pseudogene,RN7SL,1.3287611516862443,0.30799999833107,0.1,0,0.7495522534844986,0.7944505421483886
RN7SL362P,Pseudogene,RN7SL,1.4570186017044515,0.30799999833107,6.98,0,-0.24788585170470784,-0.5725139590555666
RN7SL363P,Pseudogene,RN7SL,1.030577619671055,0.282999992370605,0.58,0,1.2837660362892165,2.324362123460212
RN7SL364P,Pseudogene,RN7SL,1.1620660768649245,0.203999996185303,5.38,0,0.9172937636003855,1.8234577110802097
RN7SL366P,Pseudogene,RN7SL,1.320378556100625,-0.105000000447035,0.38,0,0.09764560302311981,0.36774856542359724
RN7SL369P,Pseudogene,RN7SL,1.1616816968916883,0.284000009298325,0.19,0,0.18738861448708924,0.20358072211910497
RN7SL36P,Pseudogene,RN7SL,1.0697152292210963,-0.0700000002980232,3.39,0,0.6389514879675648,0.9633385351508308
RN7SL370P,Pseudogene,RN7SL,0.7182343210036441,0.30799999833107,0,0,0.07323228601428688,0.6408861708041346
RN7SL371P,Pseudogene,RN7SL,1.4570186017044515,0.175999999046326,0,0,3.944943938686374,6.734244338101968
RN7SL372P,Pseudogene,RN7SL,0.8392175694860492,0.202999994158745,0.16,0,0.46786991701639963,1.3232834095570205
RN7SL375P,Pseudogene,RN7SL,1.3287611516862443,-0.0449999999254942,1.89,0,-0.10192551483388086,-0.11853105612628353
RN7SL376P,Pseudogene,RN7SL,1.4472617807108952,0.268999993801117,0.21,0,2.3678825902567717,5.15914380630284
RN7SL378P,Pseudogene,RN7SL,1.1888915567719032,0.305000007152557,0.74,0,0.3982775240383952,1.0068435063890053
RN7SL379P,Pseudogene,RN7SL,1.2565986246172414,0.214000001549721,0.1,0,0.19934810577252712,0.4673154727720531
RN7SL37P,Pseudogene,RN7SL,1.3237495375362194,-0.0299999993294477,3.47,0,-0.13244987876876338,7.06314290286321e-4
RN7SL380P,Pseudogene,RN7SL,1.477334752777615,0.282000005245209,0.07,0,0.4645181828714823,0.7458719249890008
RN7SL382P,Pseudogene,RN7SL,1.145492303030751,0.30799999833107,2.28,0,0.78828315196587,1.0744056807220037
RN7SL383P,Pseudogene,RN7SL,1.4059114441191551,0.303000003099442,0,0,0.056327852775865155,0.002550708262880991
RN7SL384P,Pseudogene,RN7SL,1.0839893605861468,0.30799999833107,0.85,0,-0.17735138663404973,-0.2548205395613544
RN7SL385P,Pseudogene,RN7SL,1.3843373554625953,0.261000007390976,0.96,0,0.8994911548407203,1.3176915701916356
RN7SL386P,Pseudogene,RN7SL,1.2630648268022358,0.287000000476837,0,0,1.10290437108751,1.8524217645920422
RN7SL387P,Pseudogene,RN7SL,1.2468716879970787,0.277999997138977,0.44,0,3.203228495339817,5.3763609054354085
RN7SL388P,Pseudogene,RN7SL,0.7479653804735954,0.30799999833107,1.03,0,1.2757341727589708,2.0610268117140174
RN7SL38P,Pseudogene,RN7SL,1.2673319377035943,-0.209000006318092,0,0,0.8323284149249982,0.5815123882317436
RN7SL390P,Pseudogene,RN7SL,1.1496558370717531,0.284000009298325,2.54,0,-0.12637356679101652,-0.1267729313525562
RN7SL391P,Pseudogene,RN7SL,1.1618862183171974,0.163000002503395,0.21,0,3.836014030926374,7.624962140274627
RN7SL392P,Pseudogene,RN7SL,1.103597612047104,0.206000000238419,0,0,1.0849573665756784,1.654653099232219
RN7SL393P,Pseudogene,RN7SL,0.9152952883414848,-0.183000005781651,10,0,-0.35437731472953626,-0.20766219902752497
RN7SL394P,Pseudogene,RN7SL,1.181681783838174,-0.149000003933907,9.51,0,0.055735556561161366,0.3452711282534382
RN7SL395P,Pseudogene,RN7SL,1.3010435801854645,0.230000004172325,0.41,0,-0.0978619482486083,-0.1868141273527675
RN7SL397P,Pseudogene,RN7SL,0.722659573724098,0.282999992370605,0.2,0,-0.30373462516231864,-0.2440702937694835
RN7SL398P,Pseudogene,RN7SL,1.2355147550766834,0.305000007152557,8.41,0,-0.24293493269109828,-0.3626752335549009
RN7SL399P,Pseudogene,RN7SL,1.4068006986695152,0.279000014066696,1.14,0,0.5354801223042186,1.0131094136235796
RN7SL39P,Pseudogene,RN7SL,1.1928945586465558,0.305000007152557,0.62,0,0.49389676566664337,0.822731370420199
RN7SL400P,Pseudogene,RN7SL,1.4081465974484384,0.273999989032745,0,0,0.8636831253388346,0.9955915815950147
RN7SL401P,Pseudogene,RN7SL,1.2937937529576593,0.30799999833107,0.06,0,0.8632093205049167,0.781282608478891
RN7SL402P,Pseudogene,RN7SL,1.3156925279189955,0.30799999833107,0.56,0,0.06119126940926065,0.1521531847425858
RN7SL403P,Pseudogene,RN7SL,1.4804776248583582,0.214000001549721,0.96,0,2.200825556480336,3.9673633845098557
RN7SL404P,Pseudogene,RN7SL,1.100124969252125,0.216999992728233,14.04,0,-0.2116731866301014,-0.1991353616697495
RN7SL405P,Pseudogene,RN7SL,1.213897078354052,-0.0160000007599592,0.2,0,2.7384754615595233,4.851117368777877
RN7SL408P,Pseudogene,RN7SL,1.3612083775334904,0.305000007152557,0.51,0,0.5783876272288396,0.6302091660246518
RN7SL40P,Pseudogene,RN7SL,0.6906231655322166,0.28999999165535,0.55,0,0.12419995353578259,0.6761458496825558
RN7SL411P,Pseudogene,RN7SL,0.7409980317239783,0.305000007152557,5.8,0,0.5965377373424366,0.8918047047856841
RN7SL413P,Pseudogene,RN7SL,1.075944111720423,-0.158999994397163,1.2,0,-0.1112239083524445,0.05897974815847897
RN7SL414P,Pseudogene,RN7SL,1.1696238064520703,-0.0379999987781048,1.26,0,-0.2077799513474987,-0.230444889241133
RN7SL415P,Pseudogene,RN7SL,1.1658219465380495,0.239999994635582,0.19,0,-0.0694326688108332,-0.022080772968951824
RN7SL416P,Pseudogene,RN7SL,1.4103517487196109,0.202999994158745,0,0,0.6330069172612794,1.3105444233897885
RN7SL418P,Pseudogene,RN7SL,0.89558777788939,-0.122000001370907,0,0,0.7843677112210491,0.9321637099549199
RN7SL419P,Pseudogene,RN7SL,1.294971516677902,0.282999992370605,1.44,0,0.880195298359411,1.1828083446158666
RN7SL41P,Pseudogene,RN7SL,1.1344193351834897,-0.187000006437302,0,0,-0.12630230622836514,0.1401454611513318
RN7SL420P,Pseudogene,RN7SL,1.1888915567719032,0.232999995350838,0.05,0,1.27254885360334,1.998636398545187
RN7SL422P,Pseudogene,RN7SL,1.450588819287242,0.293999999761581,0,0,0.48593778918266295,0.7998800863445004
RN7SL423P,Pseudogene,RN7SL,0.7198223067219978,-0.111000001430511,0.07,0,0.3646729246628678,0.7856678150740243
RN7SL424P,Pseudogene,RN7SL,1.4903290862960636,0.30799999833107,0.13,0,0.9068135976021188,0.7819122322495541
RN7SL426P,Pseudogene,RN7SL,1.295176644432801,0.214000001549721,0.18,0,0.4955219589572571,1.036666972100254
RN7SL428P,Pseudogene,RN7SL,0.9843723852608516,0.165999993681908,2.47,0,-0.6183994274775405,-0.7423727296485472
RN7SL42P,Pseudogene,RN7SL,1.0751087513852364,-0.0570000000298023,0.15,0,-0.6268076453584677,-0.7923586188702353
RN7SL430P,Pseudogene,RN7SL,1.0908287140564763,0.310000002384186,1.44,0,-0.6255976459021643,-0.8415787328279267
RN7SL432P,Pseudogene,RN7SL,0.8042501707574639,0.27700001001358,0.37,0,1.0298781203197827,1.7547606097573245
RN7SL434P,Pseudogene,RN7SL,1.1535370650684624,0.305000007152557,1.71,0,-0.04823180348143956,0.07645431283486238
RN7SL435P,Pseudogene,RN7SL,1.2563463968724369,0.200000002980232,0.59,0,-0.2839115985810441,-0.2751289451185105
RN7SL43P,Pseudogene,RN7SL,1.4084691968980256,0.200000002980232,0.06,0,1.1520049627609914,1.4482837813175549
RN7SL441P,Pseudogene,RN7SL,1.0795790580438027,0.28999999165535,2.47,0,-0.18676255292322996,-0.1133538445976714
RN7SL442P,Pseudogene,RN7SL,1.3133900659951372,0.194999992847443,0.57,0,0.18635678020707414,0.4122846361925855
RN7SL443P,Pseudogene,RN7SL,1.3055299373585176,0.30799999833107,4.44,0,0.39833387650211954,0.8206100824040997
RN7SL444P,Pseudogene,RN7SL,0.7409980317239783,0.30799999833107,11.06,0,-0.2688900341314393,-0.15352073584046544
RN7SL445P,Pseudogene,RN7SL,1.102487472541542,0.307000011205673,0.08,0,0.440944645096081,0.8419543716627236
RN7SL446P,Pseudogene,RN7SL,1.2438628277461206,-0.105999998748302,0.18,0,-0.24600825870354634,-0.27366124522692115
RN7SL447P,Pseudogene,RN7SL,1.049117111241857,-0.108999997377396,0,0,-0.2724143803337067,-0.1608742926916012
RN7SL448P,Pseudogene,RN7SL,1.1185616474646918,0.30799999833107,0.46,0,-0.11559345516709828,-0.15456704028150436
RN7SL44P,Pseudogene,RN7SL,0.7590935962404165,0.214000001549721,0.17,0,1.426147937188672,2.249557857626264
RN7SL451P,Pseudogene,RN7SL,1.394018036270026,0.159999996423721,0,0,0.9635889986122973,1.3077866245757899
RN7SL452P,Pseudogene,RN7SL,1.157809424568716,-0.138999998569489,2.56,0,-0.18493002238558656,0.09796294266683803
RN7SL453P,Pseudogene,RN7SL,1.0557532746827198,0.301999986171722,0.04,0,1.785952789688183,2.177550090448548
RN7SL454P,Pseudogene,RN7SL,1.5437458994249549,-0.180000007152557,0.03,0,0.013189008775262388,0.33504537176018545
RN7SL455P,Pseudogene,RN7SL,1.749031258391039,0.305000007152557,1.47,0,4.126383534969306,6.90385874975365
RN7SL456P,Pseudogene,RN7SL,1.3422739769576302,0.30799999833107,0,0,-0.15018050208924832,-0.2898435804050282
RN7SL457P,Pseudogene,RN7SL,1.2465613665217186,0.30799999833107,0.2,0,-0.002954498985273428,0.07632136267597749
RN7SL459P,Pseudogene,RN7SL,1.4836829381062686,0.30799999833107,0.18,0,0.180747263506069,0.2940372418960929
RN7SL45P,Pseudogene,RN7SL,1.165579957619513,0.206000000238419,0.85,0,0.5282625232754958,0.8061075816746185
RN7SL460P,Pseudogene,RN7SL,1.319364227996909,0.300000011920929,0.09,0,3.6368678341287914,5.648464937935398
RN7SL461P,Pseudogene,RN7SL,1.2193950322585414,0.305000007152557,0,0,0.5543264994533085,0.7730478748289044
RN7SL462P,Pseudogene,RN7SL,1.0779604987363909,0.284999996423721,0.06,0,0.29865441241234114,0.6964577498921135
RN7SL464P,Pseudogene,RN7SL,0.8186531284829306,0.305000007152557,3.2,0,-0.18474963779597084,0.11322457831711043
RN7SL465P,Pseudogene,RN7SL,1.0385665934669546,0.214000001549721,5.5,0,-0.21180906512690598,-0.17646845924794852
RN7SL466P,Pseudogene,RN7SL,0.7771059866596806,-0.104000002145767,0,0,-0.44504250780481985,-0.28531048994295116
RN7SL468P,Pseudogene,RN7SL,0.968779314435048,-0.195500001311302,0.32,0,0.11575416990980193,0.4574107232719903
RN7SL469P,Pseudogene,RN7SL,1.7000745981008996,-0.0659999996423721,0.64,0,-0.11850478332752323,-0.5005310689911856
RN7SL470P,Pseudogene,RN7SL,1.7031868369138257,0.123000003397465,0.38,0,3.9187008406228583,6.4926277148908556
RN7SL472P,Pseudogene,RN7SL,1.7426414888559856,0.146999999880791,1.41,0,0.007679411504699686,-0.3375040685460248
RN7SL474P,Pseudogene,RN7SL,1.6617065495471277,0.184000000357628,0.16,0,3.9446517964724044,6.502847299926551
RN7SL475P,Pseudogene,RN7SL,1.2122031559242932,-0.120999999344349,0.24,0,1.2250241364419032,1.2098549634979978
RN7SL477P,Pseudogene,RN7SL,1.1537611398674268,0.211999997496605,0.69,0,0.15228248656324045,0.41345477043539003
RN7SL478P,Pseudogene,RN7SL,1.456974947024391,0.223000004887581,0.39,0,1.5918280152990567,1.5825743609152727
RN7SL479P,Pseudogene,RN7SL,0.7062637489869168,0.30799999833107,0.06,0,0.6097116736690414,1.1790187046098877
RN7SL47P,Pseudogene,RN7SL,1.3475507683943586,0.305000007152557,1.69,0,0.6707480070044858,0.5570092560650778
RN7SL480P,Pseudogene,RN7SL,1.3232107709356753,0.305000007152557,0,0,0.5610345943927944,0.662494052937395
RN7SL481P,Pseudogene,RN7SL,1.1849153308295222,0.226999998092651,4.84,0,0.7649611019621573,0.8479524858876043
RN7SL482P,Pseudogene,RN7SL,0.9208081665194152,0.30799999833107,2.45,0,0.6977381848462447,1.0480342236426543
RN7SL483P,Pseudogene,RN7SL,1.060309683552403,0.303000003099442,0.67,0,0.9012423443080642,1.8346721566684305
RN7SL487P,Pseudogene,RN7SL,1.1914666752829228,0.305999994277954,0.34,0,0.5333682850120627,1.089213937375569
RN7SL488P,Pseudogene,RN7SL,1.2994993891138389,0.270999997854233,0.23,0,4.113804385674286,7.345941493193973
RN7SL489P,Pseudogene,RN7SL,0.7164919308990261,-0.0450000017881393,0.03,0,-0.9746100789421643,-1.12658477335399
RN7SL48P,Pseudogene,RN7SL,0.9839404324833116,0.272000014781952,0.15,0,3.083144934784767,4.633201975173422
RN7SL491P,Pseudogene,RN7SL,1.4461857496471695,0.18299999833107,0,0,2.9066861771949033,5.7346585500450065
RN7SL492P,Pseudogene,RN7SL,1.2716279781703863,0.291999995708466,0,0,1.8058502096218547,2.2572353183141436
RN7SL493P,Pseudogene,RN7SL,1.5334198398970285,0.305000007152557,0.35,0,0.9209058965250592,1.0352502014852194
RN7SL494P,Pseudogene,RN7SL,1.119723588234219,-0.197499997913837,0.64,0,-0.30562177974070076,-0.18243677316747894
RN7SL495P,Pseudogene,RN7SL,1.5388606275913312,-0.126000002026558,0,0,-0.2174858611148227,-0.5637894273243216
RN7SL496P,Pseudogene,RN7SL,1.0899378376112396,0.252000004053116,0,0,0.2082013454258509,0.25031424729285306
RN7SL497P,Pseudogene,RN7SL,1.327057313874442,0.214000001549721,0,0,0.8606361402295096,1.3719982448723804
RN7SL498P,Pseudogene,RN7SL,1.456974947024391,0.44200000166893,0.56,0,0.02377135958956226,-0.07361936061759398
RN7SL499P,Pseudogene,RN7SL,0.8054326431782373,0.284000009298325,0.23,0,0.5259853008422725,0.7714504178042529
RN7SL49P,Pseudogene,RN7SL,1.0606777614337566,0.30799999833107,1.64,0,-0.23407350447272227,-0.11672102529733538
RN7SL502P,Pseudogene,RN7SL,1.0420284821118444,0.284000009298325,2.21,0,0.07200247912766841,0.2678502988899025
RN7SL503P,Pseudogene,RN7SL,1.3526882386050345,0.30799999833107,0.1,0,1.3342454805958188,2.3544954130846403
RN7SL504P,Pseudogene,RN7SL,1.0408182283579397,0.26800000667572,0,0,0.6400556498738961,0.7582962736337197
RN7SL505P,Pseudogene,RN7SL,1.149906288564834,0.301999986171722,3.61,0,1.7335928521087285,2.0680447369988806
RN7SL507P,Pseudogene,RN7SL,1.2790664926823316,0.305000007152557,2.1,0,2.2782184053930723,2.794392626419745
RN7SL508P,Pseudogene,RN7SL,1.3297613193066442,0.30799999833107,1.09,0,-0.1467584001342571,-0.13479075039480562
RN7SL509P,Pseudogene,RN7SL,1.1811995139539426,-0.0469999983906746,0,0,0.408477095951551,0.79108547544799
RN7SL50P,Pseudogene,RN7SL,1.2937937529576593,0.30799999833107,0.2,0,0.04614110011106787,0.12983702984627848
RN7SL510P,Pseudogene,RN7SL,1.4131438223823491,0.159999996423721,0.29,0,3.661153223680223,6.129265027563461
RN7SL513P,Pseudogene,RN7SL,1.1539241580433175,0.305000007152557,2.49,0,0.4162985242736728,0.9428475893122858
RN7SL515P,Pseudogene,RN7SL,1.075944111720423,0.20100000500679,0.68,0,-0.1887531878459974,0.03225135134386258
RN7SL516P,Pseudogene,RN7SL,0.8654333072533837,0.28099998831749,0.41,0,0.23292433846093102,0.6535297624546706
RN7SL517P,Pseudogene,RN7SL,0.6035793393653307,0.239999994635582,12.92,0,0.6655868460013317,1.1708818586875378
RN7SL518P,Pseudogene,RN7SL,1.0544335830893663,-0.0329999998211861,0.08,0,-0.29261269958501834,-0.10166036255808371
RN7SL519P,Pseudogene,RN7SL,0.8924780981050519,0.28099998831749,0.22,0,0.7366163319503581,0.850652583779124
RN7SL51P,Pseudogene,RN7SL,0.8653102015197772,0.305000007152557,0,0,-0.3667490022839359,-0.23260810463561069
RN7SL520P,Pseudogene,RN7SL,1.2266302644906326,0.239999994635582,0.32,0,0.9792116398408041,1.365133234734337
RN7SL521P,Pseudogene,RN7SL,1.321540050265302,-0.132500000298023,10.42,0,-0.3444558089598713,-0.5152941668174428
RN7SL523P,Pseudogene,RN7SL,1.3054495525338543,0.305000007152557,0.2,0,1.5708366627477768,1.4472198849080993
RN7SL525P,Pseudogene,RN7SL,1.798739641740684,0.151500001549721,0.37,0,4.0064813877234124,6.8558738698048005
RN7SL526P,Pseudogene,RN7SL,1.284841806574688,0.305000007152557,1.18,0,1.5680500074775348,1.64897189564477
RN7SL530P,Pseudogene,RN7SL,1.2588263542290736,0.30799999833107,0.46,0,0.6783043433775794,0.47035531990655577
RN7SL531P,Pseudogene,RN7SL,1.2193950322585414,0.305000007152557,0.23,0,2.9512479034109758,4.797064963865556
RN7SL535P,Pseudogene,RN7SL,1.1030481680012767,-0.165000006556511,9,0,0.574889229162769,1.0953171903226182
RN7SL536P,Pseudogene,RN7SL,1.724736797978225,-0.013499999884516,0.06,0,-0.1332580487986801,-0.5643957257835756
RN7SL538P,Pseudogene,RN7SL,0.7769510612237437,-0.028999999165535,0.18,0,-0.3854395842906728,-0.0221817022543874
RN7SL541P,Pseudogene,RN7SL,1.1782654214692234,0.301999986171722,4.11,0,-0.23232126851504598,-0.30429911023953116
RN7SL542P,Pseudogene,RN7SL,1.5122408810693433,-0.218999996781349,0,0,0.813156545869243,1.2568625247685572
RN7SL543P,Pseudogene,RN7SL,1.103597612047104,-0.293999999761581,0.17,0,0.8206948309801165,1.4281789217669583
RN7SL545P,Pseudogene,RN7SL,1.2695979207339714,-0.145000003278255,0.06,0,-0.2775544056095123,-0.4654346630727444
RN7SL546P,Pseudogene,RN7SL,1.3055299373585176,0.194999992847443,0.77,0,0.9227891871183096,1.6669440617018199
RN7SL547P,Pseudogene,RN7SL,1.4253033261070056,0.207000002264977,0.02,0,-0.02106448014252079,-0.08439977562086232
RN7SL549P,Pseudogene,RN7SL,1.182443667644646,0.231000006198883,0.4,0,-0.30693613487533844,-0.4800632723877942
RN7SL551P,Pseudogene,RN7SL,1.3404169512624398,0.30799999833107,0.06,0,1.2122587834464942,1.1039293456332164
RN7SL552P,Pseudogene,RN7SL,1.1955640797176958,0.305000007152557,3.13,0,0.4500047730335951,0.5225870524759701
RN7SL553P,Pseudogene,RN7SL,1.014054563128976,-0.141500003635883,0.07,0,0.7225859821152747,0.7198356903737547
RN7SL554P,Pseudogene,RN7SL,1.3441691607150503,0.195999994874001,0,0,0.06760191811379676,0.19576883087132393
RN7SL555P,Pseudogene,RN7SL,1.2500243344901183,0.30799999833107,9.05,0,1.4202817956869151,1.4239738484512892
RN7SL556P,Pseudogene,RN7SL,1.3986959491434152,0.193000003695488,0.11,0,1.0137421374513997,1.5404936637439932
RN7SL557P,Pseudogene,RN7SL,1.3966582219447798,0.144999995827675,0,0,2.2068957623779295,2.97888079081107
RN7SL559P,Pseudogene,RN7SL,1.356625184343142,-0.0500000007450581,5.13,0,0.7344576516005472,0.9879918335259535
RN7SL55P,Pseudogene,RN7SL,1.2279796927243958,0.204999998211861,0.95,0,0.09656951523655603,0.17884136580623258
RN7SL560P,Pseudogene,RN7SL,1.460418705990085,0.097000002861023,0.09,0,2.3279013206843975,4.625252574000335
RN7SL561P,Pseudogene,RN7SL,1.1372078333842193,0.160999998450279,0.11,0,0.3527386739811195,0.820098498824981
RN7SL563P,Pseudogene,RN7SL,1.270482153805269,0.30799999833107,2.42,0,1.375309686561035,1.7205715227836864
RN7SL564P,Pseudogene,RN7SL,1.3615838832928102,0.118000000715256,0,0,-0.6866787142188993,-1.0942440615708353
RN7SL565P,Pseudogene,RN7SL,0.6482102060085417,0.300000011920929,0.26,0,0.5515752780180428,1.011323742901924
RN7SL566P,Pseudogene,RN7SL,1.0795790580438027,-0.0839999988675117,3.34,0,0.0256433141744709,0.3204427285169405
RN7SL567P,Pseudogene,RN7SL,1.215126722814692,0.125,0,0,0.6783907294817988,1.2868612100351895
RN7SL568P,Pseudogene,RN7SL,1.3404169512624398,0.266999989748001,0,0,0.543132865838518,0.29455929928027585
RN7SL569P,Pseudogene,RN7SL,1.2542935432827758,0.354999989271164,1.91,0,0.21750455936528967,0.569013053696882
RN7SL570P,Pseudogene,RN7SL,1.3560644630222634,0.284000009298325,0.07,0,0.14149712803044137,0.28155844166832944
RN7SL571P,Pseudogene,RN7SL,1.2245306456455574,0.222000002861023,0.45,0,-0.22671160498283316,-0.16093000928550452
RN7SL573P,Pseudogene,RN7SL,1.3591675853632754,0.263999998569489,0,0,-0.1855464981798374,-0.32329337545287834
RN7SL574P,Pseudogene,RN7SL,1.391710318420982,0.305000007152557,1.45,0,1.1457595953790765,1.5604072816015027
RN7SL575P,Pseudogene,RN7SL,0.697009018135013,0.146999999880791,0.74,0,-0.32865730136863747,-0.09666886899360899
RN7SL577P,Pseudogene,RN7SL,1.2609805614114729,0.30799999833107,1.38,0,0.8227346883926899,0.9528855832344129
RN7SL578P,Pseudogene,RN7SL,0.810057477260091,0.30799999833107,0.58,0,-0.4558099618308557,-0.44531234595482966
RN7SL57P,Pseudogene,RN7SL,1.1977338874848786,0.30799999833107,7.73,0,0.49580586997653203,0.7721182418074171
RN7SL580P,Pseudogene,RN7SL,1.1739461412874437,-0.127000004053116,0.07,0,0.30777099936709856,0.9296474182131195
RN7SL581P,Pseudogene,RN7SL,1.0116781379726645,-0.0579999983310699,0.46,0,0.6684790893451468,1.0817395898096132
RN7SL582P,Pseudogene,RN7SL,0.9835155326981566,-0.0410000011324883,0.8,0,0.4303191943719885,0.8182646200354823
RN7SL583P,Pseudogene,RN7SL,0.7261522523427487,-0.10700000077486,0.19,0,-0.05792227450220225,0.4405242373302819
RN7SL585P,Pseudogene,RN7SL,1.0668386840668884,0.305000007152557,0,0,-0.11050495362513216,-0.05034670917423128
RN7SL586P,Pseudogene,RN7SL,1.2321282727673837,0.207000002264977,0,0,1.4787340179450401,1.8471200373108019
RN7SL587P,Pseudogene,RN7SL,1.458592655862368,-0.12899999320507,2.08,0,0.6816788959628405,0.9898858977793294
RN7SL589P,Pseudogene,RN7SL,1.120460733453596,0.184000000357628,1.17,0,0.683908804811778,1.0224871705123162
RN7SL58P,Pseudogene,RN7SL,1.311396389052321,0.206000000238419,0,0,-0.15112955608026413,-0.14185993163670277
RN7SL591P,Pseudogene,RN7SL,1.153844323799645,0.30799999833107,0.58,0,-0.21657533489441222,-0.12285959600820583
RN7SL592P,Pseudogene,RN7SL,1.7799774783405171,0.305000007152557,0.35,0,3.5729545751348613,4.859276522545535
RN7SL594P,Pseudogene,RN7SL,1.028715690818894,0.105999998748302,0.07,0,0.0748184839404562,0.4040073707479348
RN7SL596P,Pseudogene,RN7SL,1.2422330284435184,0.144999995827675,0.19,0,2.9537597991144957,6.086439970982417
RN7SL597P,Pseudogene,RN7SL,1.0795790580438027,0.294999986886978,0.44,0,0.11011316460903744,0.45018972232732174
RN7SL598P,Pseudogene,RN7SL,1.3468395347023838,-0.170500002801418,0.07,0,0.025537608347315624,0.18498563911875626
RN7SL600P,Pseudogene,RN7SL,1.2662330496119405,0.30799999833107,7.29,0,1.88498619209724,2.255336896755336
RN7SL601P,Pseudogene,RN7SL,1.17361569657648,0.207000002264977,0,0,0.9455971042811209,1.3710963479617397
RN7SL602P,Pseudogene,RN7SL,1.7259936792181785,0.218999996781349,0.14,0,4.155694577369141,7.465822937584319
RN7SL604P,Pseudogene,RN7SL,0.97396806323517,-0.119999997317791,0.48,0,0.6022423950794138,1.4309733653846743
RN7SL605P,Pseudogene,RN7SL,1.2484564257805018,-0.153999999165535,0.78,0,3.1763876642667603,5.466942284260199
RN7SL606P,Pseudogene,RN7SL,1.0906327685357189,0.305000007152557,0.67,0,-0.18785767760770694,-0.0517359071566774
RN7SL607P,Pseudogene,RN7SL,1.394018036270026,0.30799999833107,0.2,0,0.6133345440369808,1.0150870494350757
RN7SL608P,Pseudogene,RN7SL,1.2574059342090356,-0.131999999284744,8.57,0,0.1347342193657437,0.6211645213123203
RN7SL60P,Pseudogene,RN7SL,1.1732985138606051,-0.172999992966652,0.06,0,1.0777100563523863,1.5019072442593588
RN7SL610P,Pseudogene,RN7SL,1.0145752689519678,0.146999999880791,0.95,0,1.8968597531676716,2.6830801298850364
RN7SL612P,Pseudogene,RN7SL,0.7417829872660587,0.303000003099442,0.45,0,0.9126253968657742,1.5293514875039311
RN7SL614P,Pseudogene,RN7SL,1.364561107527415,-0.333499997854233,0.93,0,0.6855682546993381,0.7632170605984285
RN7SL615P,Pseudogene,RN7SL,1.282137953381464,0.305000007152557,0.78,0,-0.27774076809731674,-0.4638004027675483
RN7SL616P,Pseudogene,RN7SL,1.1233764305294978,0.284000009298325,0.63,0,-0.13005112805800043,-0.039799459959660444
RN7SL617P,Pseudogene,RN7SL,1.206678004177136,0.305000007152557,0.27,0,0.7876600341320841,1.1747361285986295
RN7SL618P,Pseudogene,RN7SL,1.2790664926823316,-0.0654999986290932,0.1,0,-0.03303430666197524,0.24728895298878611
RN7SL619P,Pseudogene,RN7SL,1.1981981254257643,0.195999994874001,0.24,0,3.6184262013492803,6.451200933497587
RN7SL620P,Pseudogene,RN7SL,1.2036632631654969,-0.12899999320507,0.27,0,0.17908343150421493,0.5105797325913081
RN7SL621P,Pseudogene,RN7SL,1.1616816968916883,0.266999989748001,0.31,0,0.1298668364551006,0.4101523874380393
RN7SL622P,Pseudogene,RN7SL,1.7430294609870851,0.165000006556511,0,0,3.5549059435431363,6.546478712169611
RN7SL623P,Pseudogene,RN7SL,1.10925612611906,0.30799999833107,0.5,0,-0.0942736260313877,0.1842859727657813
RN7SL624P,Pseudogene,RN7SL,1.6367593663867102,0.180500000715256,0.2,0,3.2440643003758414,6.177052378298833
RN7SL625P,Pseudogene,RN7SL,0.9310220115088644,0.214000001549721,0,0,1.29742913953532,1.7208633605746952
RN7SL627P,Pseudogene,RN7SL,0.768051796496079,0.266000002622604,0.53,0,0.4988632843135739,0.8177726879205417
RN7SL628P,Pseudogene,RN7SL,1.7000745981008996,-0.0160000007599592,0.19,0,-0.10742517115922598,-0.5244078479717841
RN7SL629P,Pseudogene,RN7SL,1.0359347482983248,0.214000001549721,0.47,0,-0.4986374479667917,-0.8729801925896966
RN7SL62P,Pseudogene,RN7SL,1.1695044692613294,0.199000000953674,0.02,0,0.677723729828956,1.0303893669828752
RN7SL630P,Pseudogene,RN7SL,1.2045896033391692,0.0689999982714653,8.45,0,0.0362884530418586,0.1910865410883713
RN7SL632P,Pseudogene,RN7SL,1.2535680987811662,-0.096000000834465,0,0,-0.33253685668685623,-0.3112406121078906
RN7SL633P,Pseudogene,RN7SL,0.912213486023837,0.30799999833107,0,0,1.01861654274714,1.596864689980511
RN7SL634P,Pseudogene,RN7SL,1.1776349284140708,0.284000009298325,0.23,0,1.4848534938105227,2.355417598992185
RN7SL635P,Pseudogene,RN7SL,1.3494738225547531,-0.0509999990463257,0.07,0,1.2204493460568056,1.749678815932499
RN7SL636P,Pseudogene,RN7SL,1.358653916585738,0.29899999499321,0.06,0,1.1312431482470198,1.6066914564866825
RN7SL638P,Pseudogene,RN7SL,1.1378471931106346,0.30799999833107,2.16,0,0.1372917906711123,0.36439823343090944
RN7SL63P,Pseudogene,RN7SL,1.1540008409352662,0.29899999499321,0,0,0.11821224801583743,0.24675020218194843
RN7SL643P,Pseudogene,RN7SL,1.515894813610587,0.29899999499321,0.02,0,0.6177489679202051,0.8366856697370951
RN7SL644P,Pseudogene,RN7SL,1.3813247574970395,0.180999994277954,0.1,0,3.273942644183624,6.51910409021441
RN7SL645P,Pseudogene,RN7SL,1.291237276470687,-0.256000012159348,0.07,0,0.4180775528896243,0.6116494651632437
RN7SL646P,Pseudogene,RN7SL,1.2279796927243958,-0.126000002026558,1.8,0,-0.15621002732174954,0.10873887524766875
RN7SL647P,Pseudogene,RN7SL,1.157809424568716,-0.106499999761581,0,0,-0.2443797729437417,-0.12587709166999603
RN7SL649P,Pseudogene,RN7SL,1.098866399317945,0.164000004529953,0.08,0,0.525965502553113,0.7626768300752137
RN7SL650P,Pseudogene,RN7SL,1.2662330496119405,0.347000002861023,14.43,0,1.531423282632643,2.0864132195435032
RN7SL652P,Pseudogene,RN7SL,1.3893713094824591,0.282000005245209,1.13,0,0.8243615142744607,1.7461669035633083
RN7SL653P,Pseudogene,RN7SL,0.6638634243260898,-0.063000001013279,5.54,0,-0.4323456405467646,-0.2934045592868927
RN7SL654P,Pseudogene,RN7SL,0.8326711615048985,0.0850000008940697,0.07,0,-0.45814921744209813,-0.400560757331237
RN7SL655P,Pseudogene,RN7SL,1.107300959738537,-0.122999999672174,2.46,0,-0.003304120946943158,0.3582435298202595
RN7SL658P,Pseudogene,RN7SL,0.768051796496079,0.305000007152557,0.64,0,0.7864275803355703,1.2510051253059231
RN7SL659P,Pseudogene,RN7SL,1.3591675853632754,0.30799999833107,0.08,0,0.3156516512420999,0.27310626699103097
RN7SL65P,Pseudogene,RN7SL,0.6395518726189099,0.263999998569489,1.12,0,-0.31250901581345186,0.041936361376042605
RN7SL660P,Pseudogene,RN7SL,1.2081489647673558,0.0040000001899898,5.34,0,0.06922740587250441,0.37854403085718463
RN7SL663P,Pseudogene,RN7SL,1.2197657817362726,0.214000001549721,2.42,0,1.8584114826533074,2.5986865924930305
RN7SL664P,Pseudogene,RN7SL,0.9338397326029644,0.165999993681908,14.75,0,1.306603190577367,2.0754641842088617
RN7SL665P,Pseudogene,RN7SL,1.0536065763575315,-0.126000002026558,0.31,0,-0.17647413862312109,0.024661380640762415
RN7SL666P,Pseudogene,RN7SL,1.2911098517394564,-0.100499998778105,0.76,0,0.4469636395019778,0.6567569971563254
RN7SL667P,Pseudogene,RN7SL,0.8974965673670249,0.419999986886978,0.06,0,3.4365306829501283,6.091437765261861
RN7SL668P,Pseudogene,RN7SL,0.8368325543912503,-0.096000000834465,0.1,0,0.49860810680992773,0.8166746030840301
RN7SL66P,Pseudogene,RN7SL,1.3025356026398056,0.18299999833107,0.2,0,3.42644348652556,6.329969293499666
RN7SL670P,Pseudogene,RN7SL,0.909707405018277,0.272000014781952,0.07,0,3.3698472724388306,6.279668918181213
RN7SL672P,Pseudogene,RN7SL,1.2381621291129172,0.305000007152557,1.8,0,1.1130720290510037,1.659480927884771
RN7SL673P,Pseudogene,RN7SL,1.494893181088722,-0.168999999761581,0.15,0,-0.20933936404332434,-0.523358395595592
RN7SL675P,Pseudogene,RN7SL,1.2045896033391692,0.374000012874603,0,0,-0.05115929620296726,0.0037953022961394202
RN7SL677P,Pseudogene,RN7SL,1.295730296460914,0.0350000001490116,1.47,0,-0.0887567222495762,0.12167936224694731
RN7SL678P,Pseudogene,RN7SL,0.975812625389018,0.130999997258186,0.22,0,0.2393253249327847,0.8015540047859675
RN7SL679P,Pseudogene,RN7SL,0.7312480576223469,0.284000009298325,0.22,0,0.6653958625377188,1.0477864928918328
RN7SL67P,Pseudogene,RN7SL,1.2086591628099097,0.214000001549721,2.44,0,-0.014678136139480583,0.38107941311285076
RN7SL680P,Pseudogene,RN7SL,1.277849866580857,0.206000000238419,0.47,0,0.10596249162295406,0.22647741473958596
RN7SL681P,Pseudogene,RN7SL,1.2371114399501348,0.29899999499321,0.73,0,-0.20232596835937164,-0.22127386839684643
RN7SL683P,Pseudogene,RN7SL,1.286454916187462,0.305000007152557,2.88,0,1.0306405404953103,1.3582474291444688
RN7SL684P,Pseudogene,RN7SL,1.2168813339854874,0.0034999998752027,0.64,0,-0.1735314527459366,-0.09139772162978183
RN7SL685P,Pseudogene,RN7SL,1.282137953381464,0.30799999833107,0.39,0,1.0141340114444748,1.5915651569887632
RN7SL687P,Pseudogene,RN7SL,0.8896851367738555,0.282999992370605,0,0,0.3805884797087161,0.4368612735238153
RN7SL688P,Pseudogene,RN7SL,1.060974454513878,-0.133000001311302,2.2,0,-0.42363884840860855,-0.3420602841708185
RN7SL689P,Pseudogene,RN7SL,1.1811995139539426,0.284000009298325,13.75,0,0.10344411306916425,0.35120048379112007
RN7SL68P,Pseudogene,RN7SL,0.7731179060829814,-0.0345000009983778,8.68,0,0.6213839501760003,0.49937451932249594
RN7SL690P,Pseudogene,RN7SL,1.4762070163251129,0.0610000006854534,0.71,0,3.7983324923283237,6.097386609583104
RN7SL691P,Pseudogene,RN7SL,1.211661025711447,0.305000007152557,0,0,1.371303133441536,1.3680989971809328
RN7SL692P,Pseudogene,RN7SL,0.9407201574620816,0.282999992370605,0,0,-0.1251148995093954,-0.045034824990004274
RN7SL693P,Pseudogene,RN7SL,1.6184432816551946,0.159999996423721,0.19,0,3.355845139897687,6.595669231525999
RN7SL697P,Pseudogene,RN7SL,0.8364108217620156,0.194999992847443,0.24,0,0.3634768384068152,1.249082343972734
RN7SL69P,Pseudogene,RN7SL,1.2514557750853033,0.0054999998537823,0.56,0,0.9861217335763252,0.9123940113366402
RN7SL700P,Pseudogene,RN7SL,1.3822826803524466,0.30799999833107,0,0,-0.074308520759401,-0.29495803346102883
RN7SL703P,Pseudogene,RN7SL,1.2191503212346084,0.214000001549721,0.08,0,-0.293031750192323,-0.34916181094363913
RN7SL704P,Pseudogene,RN7SL,1.305704789020924,-0.0980000011622906,0.18,0,0.5671095413153083,0.6581444765318207
RN7SL705P,Pseudogene,RN7SL,1.0751087513852364,0.30799999833107,0,0,-0.2590087123359389,-0.07699208583168698
RN7SL706P,Pseudogene,RN7SL,1.1776349284140708,0.30799999833107,0.19,0,-0.11349584753580595,-0.09373348590780164
RN7SL708P,Pseudogene,RN7SL,1.0222798932646855,0.108000002801418,1.3,0,0.09420651493874004,0.36177030273852706
RN7SL709P,Pseudogene,RN7SL,1.1230751418316545,0.256999999284744,7.33,0,1.1499881795802724,1.243783380371413
RN7SL70P,Pseudogene,RN7SL,1.1961474849848983,0.266000002622604,0.2,0,0.2799090616569929,0.7322833745009167
RN7SL711P,Pseudogene,RN7SL,1.289466683549774,0.30799999833107,0.66,0,0.577026312148602,1.1689162175080732
RN7SL712P,Pseudogene,RN7SL,1.150291181552036,0.197999998927116,0.06,0,0.4930237485964852,0.8194708723396668
RN7SL713P,Pseudogene,RN7SL,1.288158829983737,0.13849999755621,1.24,0,-0.09424854042605856,0.014579045850109404
RN7SL714P,Pseudogene,RN7SL,1.445319147448196,0.30799999833107,0,0,0.7286709284477987,1.0437562437012204
RN7SL715P,Pseudogene,RN7SL,1.3237890973215738,0.305000007152557,2.19,0,-0.041499075597911037,-0.13769605897490833
RN7SL716P,Pseudogene,RN7SL,1.257173666229464,0.30799999833107,0.29,0,3.1642684456981964,5.457784308519977
RN7SL717P,Pseudogene,RN7SL,0.5379720558602115,0.30799999833107,0.37,0,0.4311333824458071,1.0891640252854502
RN7SL718P,Pseudogene,RN7SL,1.6392747298349148,0.160999998450279,0.34,0,4.515935388336891,7.437082862310822
RN7SL720P,Pseudogene,RN7SL,1.3596643571415514,0.130999997258186,5.2,0,1.3595485279237307,2.3317091498389573
RN7SL724P,Pseudogene,RN7SL,0.7305734745433596,-0.194999992847443,0.98,0,1.2302435717036837,1.8077331124305858
RN7SL726P,Pseudogene,RN7SL,1.2429994156741064,-0.204999998211861,0.92,0,0.7271517828155998,1.2083522613037863
RN7SL727P,Pseudogene,RN7SL,0.7627460736179041,-0.113500002771616,0.17,0,0.5691380979716492,1.085637776584221
RN7SL728P,Pseudogene,RN7SL,1.1693875188144032,0.30799999833107,5.34,0,1.1086894031923682,1.679459576940221
RN7SL72P,Pseudogene,RN7SL,1.084639312235377,0.252000004053116,0,0,-0.6034410609173688,-0.7864917798430964
RN7SL732P,Pseudogene,RN7SL,1.0188722936204702,-0.117999996989965,0,0,0.024353668422530193,0.45322475156384434
RN7SL733P,Pseudogene,RN7SL,1.330249126100227,0.303000003099442,0.13,0,1.7235984337241448,2.21465313747655
RN7SL734P,Pseudogene,RN7SL,1.2238589555004884,0.30799999833107,0.08,0,-0.17691171238832853,-0.16005829394797103
RN7SL735P,Pseudogene,RN7SL,1.296587951486199,0.30799999833107,15.29,0,0.8802098436423237,1.323622599030793
RN7SL736P,Pseudogene,RN7SL,1.2525001581765665,-0.188999995589256,0.71,0,-0.7712106906029592,-1.0842649544730285
RN7SL737P,Pseudogene,RN7SL,1.145492303030751,0.140000000596046,15.23,0,-0.04278386519490666,0.24167603979819383
RN7SL738P,Pseudogene,RN7SL,1.1227242904908763,-0.25900000333786,15.18,0,0.5043711868217251,0.7841530225583333
RN7SL73P,Pseudogene,RN7SL,1.199159761160456,0.237000003457069,0,0,3.840910806323891,5.659343215787662
RN7SL740P,Pseudogene,RN7SL,1.353021478711116,0.30799999833107,0.07,0,2.2846279086481327,3.378007354222061
RN7SL741P,Pseudogene,RN7SL,1.1417843806300487,-0.0850000008940697,0,0,1.4529332743292978,2.14912914927009
RN7SL743P,Pseudogene,RN7SL,1.375384349991025,-0.149000003933907,1.79,0,0.10261183000585504,0.4102602484469112
RN7SL744P,Pseudogene,RN7SL,1.2358639925171688,0.291999995708466,1.12,0,3.4429275319767014,6.1105810511586185
RN7SL745P,Pseudogene,RN7SL,1.0687471611403534,0.287999987602234,4.15,0,1.2500542398252563,1.7075867461915855
RN7SL748P,Pseudogene,RN7SL,1.3737352979609525,-0.0799999982118607,0.18,0,1.7082302938142713,1.7629077072782702
RN7SL749P,Pseudogene,RN7SL,1.3055299373585176,0.30799999833107,4.69,0,0.04294355716925945,0.1758550719818922
RN7SL74P,Pseudogene,RN7SL,0.7086258351039298,0.301999986171722,1.19,0,0.7345003467143433,1.1674891245002785
RN7SL750P,Pseudogene,RN7SL,1.546989063079209,0.111999999731779,0.8,0,3.320598842368184,5.61634940378427
RN7SL751P,Pseudogene,RN7SL,0.9539697371446464,0.282000005245209,6.79,0,-0.8343360646091902,-1.129461083651428
RN7SL752P,Pseudogene,RN7SL,0.9561004655846193,-0.167999997735023,14.25,0,-0.19337618166991374,0.0980344685741182
RN7SL753P,Pseudogene,RN7SL,0.6228216214921369,0.230000004172325,0.49,0,-0.31201554902319445,-0.1690933927726029
RN7SL754P,Pseudogene,RN7SL,1.6844821327371922,0.231000006198883,1.5,0,0.24887423524546898,0.190802463713164
RN7SL756P,Pseudogene,RN7SL,1.4386214118708298,0.252000004053116,0.09,0,0.588391898351138,0.7641676347487227
RN7SL757P,Pseudogene,RN7SL,1.119343995181051,-0.170000001788139,0.5,0,0.5442364325398877,0.9109762094709268
RN7SL75P,Pseudogene,RN7SL,1.3473440634660858,0.30799999833107,5.64,0,0.9217484463040494,1.3601000442666562
RN7SL760P,Pseudogene,RN7SL,1.4408295061299576,-0.158999994397163,4.35,0,0.03130752259093325,0.08265541692714644
RN7SL761P,Pseudogene,RN7SL,1.3493894012959138,0.214000001549721,0,0,-0.13874079240564519,-0.08732894815910466
RN7SL762P,Pseudogene,RN7SL,0.6490142795160276,-0.104000002145767,0,0,0.6606152611023377,1.3387294588101037
RN7SL764P,Pseudogene,RN7SL,0.971588328309412,0.291000008583069,0.02,0,1.790232511188544,2.6981577634302853
RN7SL766P,Pseudogene,RN7SL,1.360145052163249,0.30799999833107,0,0,0.1012821555386253,0.2692015573423334
RN7SL767P,Pseudogene,RN7SL,0.8595263185781316,0.146999999880791,2.16,0,-0.2331346882632985,0.08643587966993964
RN7SL769P,Pseudogene,RN7SL,1.3422739769576302,0.211999997496605,13.02,0,1.5761355298512074,2.1774563547964148
RN7SL76P,Pseudogene,RN7SL,1.310047341986056,0.291999995708466,0.73,0,0.2621182927374096,0.6605962881907104
RN7SL771P,Pseudogene,RN7SL,1.107300959738537,0.199000000953674,1.35,0,1.3583673494880628,2.0696438527433845
RN7SL775P,Pseudogene,RN7SL,1.2611852660480656,0.301999986171722,1.74,0,2.3738862691229263,3.4109491575190214
RN7SL776P,Pseudogene,RN7SL,0.868357068426537,0.30799999833107,0,0,-0.3860757577881439,-0.3480444176992621
RN7SL778P,Pseudogene,RN7SL,1.391710318420982,0.305000007152557,1.35,0,0.264704428878489,0.5525313408585977
RN7SL77P,Pseudogene,RN7SL,0.968779314435048,-0.276500001549721,0.33,0,-0.1473315620295574,0.07931938420845525
RN7SL782P,Pseudogene,RN7SL,1.3940970622358009,-0.101999998092651,0,0,0.42679427700199746,0.15595273144635666
RN7SL783P,Pseudogene,RN7SL,1.5001517461189344,0.30799999833107,0.06,0,0.18734773121568304,0.3325965989569456
RN7SL784P,Pseudogene,RN7SL,1.4726523382672263,0.261000007390976,1.09,0,3.8602870177288775,7.095894006824824
RN7SL785P,Pseudogene,RN7SL,0.8237379305231971,0.0309999994933605,0.67,0,2.1849320707363957,3.7766920888831064
RN7SL786P,Pseudogene,RN7SL,1.177235757195708,0.30799999833107,11.34,0,1.2970655707851548,1.3793546279689846
RN7SL788P,Pseudogene,RN7SL,1.2200966404474127,0.30799999833107,4.39,0,0.6090558175966273,0.5667814410892704
RN7SL789P,Pseudogene,RN7SL,1.2328892166055954,0.291999995708466,0.54,0,1.9392521257822752,2.8677454303872296
RN7SL78P,Pseudogene,RN7SL,1.1124859239628233,0.30799999833107,0,0,-0.2951223754777259,-0.40306978168739654
RN7SL790P,Pseudogene,RN7SL,1.0023987635527811,0.190500006079674,0.12,0,1.3080918900106582,1.6011853499576365
RN7SL791P,Pseudogene,RN7SL,1.2834023113015938,-0.130999997258186,0.16,0,-0.22497724761806026,-0.2951790611268063
RN7SL792P,Pseudogene,RN7SL,1.2754884152625854,0.305999994277954,0.3,0,0.03493244351842582,0.02355982473167186
RN7SL793P,Pseudogene,RN7SL,1.3964120424697015,0.30799999833107,0.68,0,-0.17076240764190354,-0.21977365119347989
RN7SL794P,Pseudogene,RN7SL,1.2405100977521957,-0.0725000016391277,0.14,0,0.8844223440503607,1.4432823341625072
RN7SL795P,Pseudogene,RN7SL,1.133175181492786,0.305000007152557,0.77,0,0.7382254292963024,1.1032464951450214
RN7SL797P,Pseudogene,RN7SL,1.1695044692613294,-0.203999996185303,0.17,0,0.5616865201511047,0.9258720761624555
RN7SL798P,Pseudogene,RN7SL,1.1078043663647514,-0.185000002384186,9.21,0,1.027751651060178,1.2198421376834598
RN7SL799P,Pseudogene,RN7SL,1.014054563128976,0.033500000834465,0.23,0,-0.31947647891762526,-0.09582790062158864
RN7SL79P,Pseudogene,RN7SL,1.221688565234576,0.30799999833107,0.27,0,1.3946913793037456,2.2610381310752063
RN7SL7P,Pseudogene,RN7SL,1.165579957619513,-0.111000001430511,0.06,0,0.12270265946039188,0.4371945837333418
RN7SL800P,Pseudogene,RN7SL,1.364561107527415,0.30799999833107,6.41,0,0.4488968192321847,0.25511710194238657
RN7SL801P,Pseudogene,RN7SL,1.1501418124854796,0.214000001549721,9.94,0,-0.22074209752471244,-0.3971467782155386
RN7SL802P,Pseudogene,RN7SL,1.277849866580857,0.305000007152557,0,0,0.275348219990311,0.4528359396844965
RN7SL803P,Pseudogene,RN7SL,1.0069547764164404,0.305000007152557,0.23,0,0.9242605484055162,1.0579233851987588
RN7SL804P,Pseudogene,RN7SL,1.1306125588909273,0.30799999833107,0.32,0,0.5130839413056463,0.920225887648779
RN7SL806P,Pseudogene,RN7SL,1.2809806399483663,0.0719999969005585,0.79,0,-0.06629304095437637,0.15326380930003783
RN7SL807P,Pseudogene,RN7SL,0.8654333072533837,0.0549999997019768,0,0,-0.3967592533426889,-0.20223577803924267
RN7SL808P,Pseudogene,RN7SL,0.8944949066066,0.30799999833107,0,0,-0.40907167661065763,-0.42300909803108083
RN7SL809P,Pseudogene,RN7SL,1.321540050265302,0.219999998807907,4.93,0,0.42803656456807493,0.6774604517859669
RN7SL810P,Pseudogene,RN7SL,1.3214129302142956,0.305000007152557,0.14,0,0.15253204776108553,0.23664112594983114
RN7SL811P,Pseudogene,RN7SL,1.736714136853074,0.180999994277954,0.34,0,3.8091455533396896,7.257705760292444
RN7SL812P,Pseudogene,RN7SL,1.0955616060435165,0.214000001549721,4.27,0,-0.0321636295816112,0.16565024393341568
RN7SL813P,Pseudogene,RN7SL,0.8468782716810044,-0.103000000119209,0.07,0,0.4136623548653993,0.8418098685151305
RN7SL814P,Pseudogene,RN7SL,1.238856084288526,-0.164000004529953,0.58,0,0.4896659058788442,0.7242630919710753
RN7SL815P,Pseudogene,RN7SL,1.065983159861542,-0.14750000089407,0.26,0,0.5333945156451183,1.0739967491739024
RN7SL817P,Pseudogene,RN7SL,1.025143761336884,-0.0319999996572733,0.77,0,-0.21536431315155738,-0.01674804613822576
RN7SL819P,Pseudogene,RN7SL,1.19640307205434,0.209000006318092,0,0,3.0876748206365217,6.057198929645502
RN7SL820P,Pseudogene,RN7SL,0.7667099199485142,-0.104000002145767,0.18,0,0.5888381534724125,0.8656226927250518
RN7SL822P,Pseudogene,RN7SL,1.4081465974484384,-0.115499999374151,0,0,-0.17037738711496972,-0.29750195994323864
RN7SL823P,Pseudogene,RN7SL,1.0714643149398626,0.294999986886978,0.46,0,1.075977866030965,1.7196637872930909
RN7SL824P,Pseudogene,RN7SL,0.6549225027863445,0.284000009298325,0,0,0.5648153015586876,1.0563892973656133
RN7SL825P,Pseudogene,RN7SL,1.2245306456455574,0.30799999833107,0.2,0,0.9193150848107553,1.4682735841664605
RN7SL826P,Pseudogene,RN7SL,1.1336883948902012,0.305000007152557,0.19,0,0.026007216609325097,0.24889109493633657
RN7SL827P,Pseudogene,RN7SL,1.3025356026398056,0.193000003695488,2.01,0,0.5164247898288205,0.7084843845406038
RN7SL828P,Pseudogene,RN7SL,1.2953709403590583,0.214000001549721,0,0,1.6237406203109124,2.3113935589058072
RN7SL82P,Pseudogene,RN7SL,1.5242048120904617,-0.0189999993890524,0.2,0,-0.17747930453206595,-0.4940736727224537
RN7SL831P,Pseudogene,RN7SL,0.6859748628322487,0.30799999833107,0,0,0.3498348764718624,0.2725302362452911
RN7SL833P,Pseudogene,RN7SL,0.9050482121628696,0.214000001549721,2.34,0,1.020493191426914,1.7612372379935703
RN7SL834P,Pseudogene,RN7SL,0.765125808543662,-0.171499997377396,7.06,0,-0.4930666465874691,-0.3592030257377981
RN7SL835P,Pseudogene,RN7SL,1.4980816600335676,0.199000000953674,0.62,0,3.546179353312122,5.577542781215983
RN7SL836P,Pseudogene,RN7SL,1.3729429325122275,0.195999994874001,4.3,0,1.471050952267,1.9455851163115552
RN7SL837P,Pseudogene,RN7SL,0.7503573274208404,0.217999994754791,0.07,0,-0.3623909832677704,-0.3416105402834025
RN7SL838P,Pseudogene,RN7SL,1.4011456426136666,-0.184000000357628,15.21,0,0.2976432976846475,0.9406328139107738
RN7SL83P,Pseudogene,RN7SL,1.111029245798263,-0.216999992728233,0.37,0,-0.27158368231384294,-0.14221879568645104
RN7SL840P,Pseudogene,RN7SL,1.1985773620535298,0.30799999833107,0.08,0,0.32128258211913485,0.6039753739655344
RN7SL841P,Pseudogene,RN7SL,1.1344193351834897,0.347000002861023,0,0,-0.0801058067517873,-0.1486991878910134
RN7SL842P,Pseudogene,RN7SL,1.4125274979738336,0.28099998831749,1.09,0,0.5954173276473882,1.121430823697196
RN7SL843P,Pseudogene,RN7SL,1.0876391564130363,-0.33500000834465,0.05,0,-0.024259072413231435,0.24680047042527772
RN7SL845P,Pseudogene,RN7SL,1.0779604987363909,0.305000007152557,0.1,0,0.8391484047097826,1.27530956917737
RN7SL846P,Pseudogene,RN7SL,1.320378556100625,-0.0640000030398369,0.85,0,0.7968968390240347,0.5791423921472199
RN7SL847P,Pseudogene,RN7SL,1.6209331943962024,0.209999993443489,0.21,0,3.9792802581098594,6.035089318383774
RN7SL849P,Pseudogene,RN7SL,1.7426013034186776,0.305000007152557,0.19,0,-0.062322398138760504,-0.3843558584609176
RN7SL851P,Pseudogene,RN7SL,1.3182978596574488,0.270999997854233,2.44,0,1.0104608009260954,1.4067605980716678
RN7SL853P,Pseudogene,RN7SL,1.7445020926237156,-0.0900000035762787,0.03,0,-0.5548602048670164,-1.0581974483956578
RN7SL854P,Pseudogene,RN7SL,1.047915648677448,0.231000006198883,0.17,0,0.47372106914354734,0.44841642671219295
RN7SL856P,Pseudogene,RN7SL,1.177235757195708,-0.151999995112419,0.31,0,0.7935970440039614,1.1491318555645753
RN7SL860P,Pseudogene,RN7SL,1.2616488348439372,0.0520000010728836,0,0,-0.493925585940383,-0.6352082097692419
RN7SL861P,Pseudogene,RN7SL,1.4015587771094984,0.30799999833107,5.61,0,-0.14604242551216065,-0.22031257744261792
RN7SL862P,Pseudogene,RN7SL,1.1189567593147325,0.305000007152557,0.19,0,0.13774940814438352,0.3986057027606174
RN7SL863P,Pseudogene,RN7SL,0.7627460736179041,-0.0614999998360872,0.38,0,0.09655712406896293,0.3052311121505063
RN7SL864P,Pseudogene,RN7SL,1.267496633212068,0.305000007152557,0.37,0,-0.28539185551575763,-0.3162211020519951
RN7SL865P,Pseudogene,RN7SL,1.129765597676048,0.305000007152557,0.59,0,1.3644638424564441,1.5858364580772253
RN7SL868P,Pseudogene,RN7SL,1.2609805614114729,-0.177000001072884,0,0,0.2818719135776265,0.8988574182407901
RN7SL869P,Pseudogene,RN7SL,1.088340859094593,0.305000007152557,0,0,0.0036029206644663503,0.13463458909847306
RN7SL870P,Pseudogene,RN7SL,0.8331534034903261,0.284000009298325,0.07,0,0.5279742478940881,1.0222759143224693
RN7SL87P,Pseudogene,RN7SL,1.3507776619968357,-0.0824999995529652,0,0,-0.14020499514610568,0.020400523488802152
RN7SL88P,Pseudogene,RN7SL,1.2429994156741064,0.248999997973442,4.09,0,1.0051983415347394,1.9033383931842565
RN7SL89P,Pseudogene,RN7SL,1.3500957954334851,0.405000001192093,0,0,0.14746458183917022,0.28091700257809954
RN7SL8P,Pseudogene,RN7SL,1.305800102897048,0.211999997496605,1.86,0,-0.20160761642125172,-0.25742388786625575
RN7SL91P,Pseudogene,RN7SL,0.7877878558921161,0.0140000004321337,0,0,0.6400497218466368,1.082046682511528
RN7SL93P,Pseudogene,RN7SL,0.8061198723959662,0.263999998569489,0.7,0,-0.5017936574843478,-0.4936029132243419
RN7SL97P,Pseudogene,RN7SL,1.2313825987051896,0.30799999833107,0,0,1.0515081725081157,1.3536549483578164
RN7SL98P,Pseudogene,RN7SL,1.3893713094824591,-0.0450000017881393,0,0,0.8356941689518311,1.3880107596536386
RNU7-102P,Pseudogene,RNU7,1.1764837701262758,0.0915000028908253,0,0,-0.7666963132221063,-1.104644500539552
RNU7-103P,Pseudogene,RNU7,0.7525761259696655,-0.16499999910593,0,0,-0.9750675614280443,-1.117636816331637
RNU7-104P,Pseudogene,RNU7,0.7914140370469704,-0.150999993085861,0,0,-0.9571955272153444,-1.1159212138793724
RNU7-105P,Pseudogene,RNU7,0.7282994767448375,0.0195000004023313,0,0,-0.9614486480598141,-1.1293939485998048
RNU7-106P,Pseudogene,RNU7,1.5552663912117082,0.347000002861023,0,0,-0.5771318690257612,-1.094489578008962
RNU7-107P,Pseudogene,RNU7,1.3665947306384845,-0.0750000029802322,0,0,-0.7093626705805298,-1.0832519785277444
RNU7-10P,Pseudogene,RNU7,1.4886121173026348,-0.124000001698732,0,0,-0.3394447548089979,-0.4646823106641406
RNU7-110P,Pseudogene,RNU7,0.5042073300541183,-0.176500000059605,0,0,-1.0793496546290349,-1.1329223565928144
RNU7-111P,Pseudogene,RNU7,0.9523916234355566,-0.0514999991282821,0,0,-0.7537329037170033,-0.8845160891416858
RNU7-113P,Pseudogene,RNU7,1.3445528801443154,0.329500004649162,0,0,-0.666597055790221,-1.1070295368935696
RNU7-115P,Pseudogene,RNU7,0.9472986201016766,0.157000005245209,0,0,1.055251884270967,1.7747023089604528
RNU7-116P,Pseudogene,RNU7,0.7282994767448375,-0.267000004649162,0,0,-0.998200938991148,-1.113553513589096
RNU7-119P,Pseudogene,RNU7,0.9372742960794368,-0.101999998092651,0,0,-0.8905341086626887,-1.109280209449185
RNU7-11P,Pseudogene,RNU7,0.8403455500901972,0.28099998831749,0,0,-0.8815243262457395,-1.1366695731669976
RNU7-120P,Pseudogene,RNU7,1.0475418603240765,-0.219999998807907,0,0,-0.8600283137135576,-1.0956874877808855
RNU7-121P,Pseudogene,RNU7,0.7843225134175172,-0.203000001609325,0,0,-0.9668014832939483,-1.1135007538850648
RNU7-123P,Pseudogene,RNU7,1.2156998957971517,-0.256999999284744,0,0,-0.2956658756123622,-0.19497198730015408
RNU7-124P,Pseudogene,RNU7,1.2325068067989555,0.30799999833107,1.7,0,-0.7157271823595723,-1.1130283816958977
RNU7-125P,Pseudogene,RNU7,1.456598953489675,0.0900000035762787,0,0,0.0868547286809734,0.2942930707840036
RNU7-126P,Pseudogene,RNU7,1.5126219901623548,0.0870000012218952,0,0,1.0001176288831954,1.7081620047709931
RNU7-127P,Pseudogene,RNU7,1.0644376967809164,0.189500004053116,0,0,-0.8005038882458518,-1.117245441811545
RNU7-128P,Pseudogene,RNU7,1.0084146601082369,-0.160999998450279,0.57,0,-0.6749817226764506,-0.775827711578982
RNU7-129P,Pseudogene,RNU7,1.3445528801443154,0.293000012636185,0,0,-0.6712792837197168,-1.105011471479333
RNU7-12P,Pseudogene,RNU7,1.6246680635077144,-0.190499998629093,0,0,0.813384120227463,1.4517147509696464
RNU7-130P,Pseudogene,RNU7,0.6722764400721577,0.30799999833107,0,0,-0.9476293171585058,-1.1489362484719585
RNU7-133P,Pseudogene,RNU7,1.0084146601082369,-0.255499996244907,0,0,-0.8807781170571184,-1.0962329115007845
RNU7-134P,Pseudogene,RNU7,1.248263285863147,-0.195499993860722,0,0,-0.7738011712149666,-1.084175085672671
RNU7-136P,Pseudogene,RNU7,1.2584885049659955,0.194999992847443,0,0,-0.7194752296954803,-1.1051101503113696
RNU7-137P,Pseudogene,RNU7,1.4005759168169951,0.29899999499321,0,0,-0.6473200849041023,-1.101751921052625
RNU7-138P,Pseudogene,RNU7,1.0311740187565128,0.277999997138977,0,0,0.29553665023359704,0.42489050837208253
RNU7-13P,Pseudogene,RNU7,0.6162534033994779,0.0620000008493662,0.38,0,-1.0023742257803123,-1.138927440754373
RNU7-140P,Pseudogene,RNU7,1.3893713094824591,0.215000003576279,1.51,0,-0.48250023095223943,-0.771699755736137
RNU7-141P,Pseudogene,RNU7,1.0084146601082369,-0.210500001907349,0,0,-0.8750055067442325,-1.0987209375853153
RNU7-143P,Pseudogene,RNU7,0.961872445026318,0.214000001549721,0.57,0,-0.406130316041408,-0.34900113766849206
RNU7-144P,Pseudogene,RNU7,1.371090108041901,0.291999995708466,0,0,-0.6604230568490177,-1.103255045450104
RNU7-147P,Pseudogene,RNU7,0.6722764400721577,-0.10249999910593,0,0,-1.0002883575323678,-1.1262399189199608
RNU7-148P,Pseudogene,RNU7,0.6722764400721577,0.30799999833107,0,0,-0.9476293171585056,-1.1489362484719583
RNU7-149P,Pseudogene,RNU7,1.3540483100888374,0.0480000004172325,0.79,0,0.5358288015768106,0.7622922522218998
RNU7-14P,Pseudogene,RNU7,1.120460733453596,0.272000014781952,0,0,-0.11134345684271488,0.04910583556501619
RNU7-151P,Pseudogene,RNU7,1.1141185028868776,-0.172999992966652,1.45,0,-0.826435267490772,-1.09402254303755
RNU7-152P,Pseudogene,RNU7,1.0854463355331714,0.326499998569489,0,0,-0.77423342548825,-1.1234733672880828
RNU7-153P,Pseudogene,RNU7,1.5686450268350345,-0.238000005483627,0,0,-0.6466380178796448,-1.061287613768762
RNU7-154P,Pseudogene,RNU7,1.2325068067989555,-0.160499997437,1.89,0,-0.775825701242683,-1.0871258210632886
RNU7-155P,Pseudogene,RNU7,1.2680769888133556,0.30799999833107,0,0,-0.7010106165765845,-1.1107432036489708
RNU7-156P,Pseudogene,RNU7,1.5958994771082302,-0.0279999990016222,0,0,-0.6084177776146564,-1.0711512917265145
RNU7-157P,Pseudogene,RNU7,1.0525540223351963,0.300999999046326,0,0,-0.7911196305428113,-1.124172006057162
RNU7-159P,Pseudogene,RNU7,1.2325068067989555,0.30799999833107,0,0,-0.715734121088935,-1.1130233854294502
RNU7-160P,Pseudogene,RNU7,0.8403455500901972,-0.283000007271767,0,0,-0.9538743840387336,-1.105486309227556
RNU7-161P,Pseudogene,RNU7,0.8403455500901972,-0.0494999997317791,1.26,0,-0.9239158029670369,-1.1184001052893622
RNU7-164P,Pseudogene,RNU7,0.8403455500901972,0.303000003099442,0,0,-0.8787021589525317,-1.1378859424453338
RNU7-165P,Pseudogene,RNU7,1.2735903670255877,-0.172499999403954,0,0,-0.7603671309614516,-1.08382318261936
RNU7-167P,Pseudogene,RNU7,0.9523916234355566,0.194999992847443,0,0,-0.8461773875479892,-1.124732105915754
RNU7-169P,Pseudogene,RNU7,1.195770389308674,-0.119999997317791,0,0,-0.7858443078916785,-1.09171443199388
RNU7-170P,Pseudogene,RNU7,1.195770389308674,0.30799999833107,0,0,0.567098562745471,1.0637708836439204
RNU7-171P,Pseudogene,RNU7,0.9523916234355566,-0.196999996900558,0.57,0,-0.8964609158819951,-1.103060307304421
RNU7-172P,Pseudogene,RNU7,0.868357068426537,0.347000002861023,0,0,-0.861463068385691,-1.1385230362021297
RNU7-173P,Pseudogene,RNU7,1.599605126048884,0.305999994277954,0,0,-0.5640383036223433,-1.0893804302080723
RNU7-174P,Pseudogene,RNU7,1.1185616474646918,0.0089999996125698,0,0,-0.8012550388986551,-1.1037961434523997
RNU7-175P,Pseudogene,RNU7,1.138828942198737,0.252000004053116,0,0,-0.7616937321239688,-1.1159322768067639
RNU7-176P,Pseudogene,RNU7,1.4005759168169951,0.137499995529652,0,0,0.5630775187968647,1.0182832523688925
RNU7-179P,Pseudogene,RNU7,1.0215965510900435,0.118000000715256,0,0,1.1941676013383224,2.3148364267518247
RNU7-180P,Pseudogene,RNU7,1.433478335180315,-0.0469999983906746,0,0,-0.31005880995919116,-0.5069109269255703
RNU7-181P,Pseudogene,RNU7,0.938764398298959,0.306500002741814,0,0,-0.8375148328843369,-1.1317704391093792
RNU7-183P,Pseudogene,RNU7,0.560230366726798,0.30799999833107,0,0,-0.9940083563724215,-1.1561188210804578
RNU7-185P,Pseudogene,RNU7,1.4472617807108952,0.30799999833107,0,0,-0.6268409625956,-1.099256787929821
RNU7-186P,Pseudogene,RNU7,0.7167391675901575,-0.108000002801418,0.55,0,-0.9825872738321959,-1.1230872158139253
RNU7-187P,Pseudogene,RNU7,1.1748360337535502,-0.151500001549721,0,0,-0.7985504580980978,-1.0913147838147477
RNU7-188P,Pseudogene,RNU7,1.3025356026398056,0.30799999833107,0,0,-0.6867472215802419,-1.1085342775491331
RNU7-18P,Pseudogene,RNU7,1.120460733453596,0.282000005245209,0,0,-0.5603475394113406,-0.8303401980049184
RNU7-190P,Pseudogene,RNU7,0.8541217066490528,-0.11599999666214,0,0,-0.9267492408228334,-1.1138365490334714
RNU7-192P,Pseudogene,RNU7,0.9110631537589896,-0.0070000002160668,0,0,-0.8891970188730832,-1.11621294181651
RNU7-193P,Pseudogene,RNU7,1.1756218772543887,0.214000001549721,0,0,0.6499441049344644,1.2050152722024983
RNU7-194P,Pseudogene,RNU7,0.7167391675901575,-0.0700000002980232,0,0,-0.5728199823315417,-0.3357718624100469
RNU7-195P,Pseudogene,RNU7,1.120460733453596,-0.207000002264977,0,0,-0.23284128084670844,0.015504430827925002
RNU7-196P,Pseudogene,RNU7,0.8403455500901972,0.30799999833107,0,0,-0.8780607583376387,-1.1381623895592052
RNU7-19P,Pseudogene,RNU7,1.473575631269275,0.28600001335144,0.25,0,-0.1845816821428923,-0.3806423816063674
RNU7-200P,Pseudogene,RNU7,0.8963685867628769,-0.105999998748302,0,0,-0.9079792599172725,-1.1116812605584716
RNU7-20P,Pseudogene,RNU7,1.120460733453596,-0.11599999666214,1.7,0,-0.8164970449456361,-1.096768216968235
RNU7-22P,Pseudogene,RNU7,1.3096532835285477,0.279000014066696,0,0,-0.6875211372176048,-1.1064746136483028
RNU7-23P,Pseudogene,RNU7,1.456598953489675,0.30799999833107,0,0,-0.6229760426611104,-1.0986582402124438
RNU7-24P,Pseudogene,RNU7,1.120460733453596,0.0010000000474974,0,0,-0.8014951953949969,-1.1032320891536385
RNU7-26P,Pseudogene,RNU7,1.157809424568716,0.271500006318092,0,0,-0.7513357084943726,-1.1157937017542128
RNU7-27P,Pseudogene,RNU7,1.5686450268350345,-0.488999992609024,0,0,-0.6788363578026654,-1.0474099561295078
RNU7-28P,Pseudogene,RNU7,1.456598953489675,-0.12899999320507,0,0,-0.6790345087789057,-1.0744967398858931
RNU7-29P,Pseudogene,RNU7,0.7055401180965614,-0.24099999666214,0,0,-1.0042863939286553,-1.1164500004548576
RNU7-2P,Pseudogene,RNU7,0.7843225134175172,-0.266999989748001,0,0,-0.9750114174726675,-1.1099622281087216
RNU7-30P,Pseudogene,RNU7,0.9523916234355566,0.294999986886978,0,0,-0.8333493637808952,-1.1302610531364363
RNU7-34P,Pseudogene,RNU7,1.3025356026398056,0.347000002861023,0,0,-0.6817442914317715,-1.1106905673441847
RNU7-35P,Pseudogene,RNU7,1.1764837701262758,0.305000007152557,0,0,-0.7393084803002229,-1.1164488037949265
RNU7-37P,Pseudogene,RNU7,0.8104665971981012,0.305000007152557,0,0,-0.7084221801358767,-0.9046691729078341
RNU7-38P,Pseudogene,RNU7,1.3314808382540235,0.327500000596046,0,0,-0.35459802674353325,-0.5628690987005345
RNU7-3P,Pseudogene,RNU7,1.4005759168169951,-0.0105000003241002,2.38,0,-0.6870131060079125,-1.08464682341659
RNU7-40P,Pseudogene,RNU7,1.3025356026398056,0.319999992847443,4.76,0,-0.2881975449695304,-0.49932424178387186
RNU7-43P,Pseudogene,RNU7,1.248263285863147,0.30799999833107,0,0,-0.23424425032556384,-0.2139982214721187
RNU7-45P,Pseudogene,RNU7,0.6616053854678376,0.305000007152557,0,0,-0.39164661652724914,-0.031314457252030574
RNU7-46P,Pseudogene,RNU7,0.6722764400721577,0.306500002741814,0,0,-0.9478217369606688,-1.148853314502574
RNU7-47P,Pseudogene,RNU7,0.9523916234355566,0.305000007152557,0,0,-0.8320665587280488,-1.1308139490119318
RNU7-48P,Pseudogene,RNU7,1.3232107709356753,0.282000005245209,0,0,-0.5171263624159587,-0.8486972603388157
RNU7-49P,Pseudogene,RNU7,1.6246680635077144,-0.151999995112419,0,0,-0.44221796165228805,-0.7917928987599724
RNU7-4P,Pseudogene,RNU7,0.8403455500901972,-0.143500000238419,0,0,-0.5893515960410041,-0.5892754514095414
RNU7-50P,Pseudogene,RNU7,1.4005759168169951,-0.140000000596046,0,0,-0.532368786376245,-0.8043205480018056
RNU7-51P,Pseudogene,RNU7,1.2325068067989555,0.284000009298325,0,0,-0.7188128455696636,-1.1116964386237664
RNU7-52P,Pseudogene,RNU7,1.1026756424463962,-0.389500007033348,0,0,-0.2811116073487511,0.08266021213076749
RNU7-53P,Pseudogene,RNU7,1.3893713094824591,-0.25900000333786,0,0,-0.7235383654983047,-1.0716186510754555
RNU7-54P,Pseudogene,RNU7,0.7282994767448375,-0.217999994754791,0,0,-0.9919152057013612,-1.1162626984357635
RNU7-55P,Pseudogene,RNU7,1.2885298434716357,0.0070000002160668,0,0,-0.7311569550806027,-1.0927899671032182
RNU7-56P,Pseudogene,RNU7,0.4481842933814384,0.194999992847443,0,0,0.41218965015130754,1.2101217908257398
RNU7-57P,Pseudogene,RNU7,0.6946856547412297,0.30799999833107,4.18,0,-0.9383364482047002,-1.1475120188877577
RNU7-59P,Pseudogene,RNU7,1.138828942198737,0.152999997138977,0,0,-0.7743934772973018,-1.1104586183497558
RNU7-60P,Pseudogene,RNU7,1.2885298434716357,-0.177000001072884,0,0,-0.7547605203842787,-1.0826167035395275
RNU7-62P,Pseudogene,RNU7,0.9523916234355566,0.217999994754791,0,0,-0.8432269416610201,-1.1260037639577634
RNU7-63P,Pseudogene,RNU7,1.456598953489675,0.30799999833107,0,0,-0.6229760426611103,-1.098658240212444
RNU7-65P,Pseudogene,RNU7,0.7843225134175172,0.257999999448657,0,0,-0.9076642900670812,-1.13898920215013
RNU7-66P,Pseudogene,RNU7,1.5686450268350345,0.300999999046326,0,0,-0.57749496507266,-1.091088641314973
RNU7-67P,Pseudogene,RNU7,1.3445528801443154,0.303000003099442,0,0,-0.35679964029497024,-0.5339795500611165
RNU7-69P,Pseudogene,RNU7,0.8403455500901972,0.218500003218651,0,0,-0.38763947586405983,-0.09626759492919378
RNU7-6P,Pseudogene,RNU7,0.7843225134175172,0.214000001549721,0,0,-0.44752714737619304,-0.29526023967363363
RNU7-70P,Pseudogene,RNU7,1.157809424568716,-0.0729999989271164,0,0,-0.79552825367895,-1.0967464771536577
RNU7-71P,Pseudogene,RNU7,1.2735903670255877,-0.189500004053116,0,0,-0.7625478957282368,-1.0828832612787722
RNU7-73P,Pseudogene,RNU7,0.9372742960794368,0.30799999833107,0,0,-0.8379392085414716,-1.131948894207406
RNU7-74P,Pseudogene,RNU7,1.2325068067989555,0.28099998831749,0,0,-0.7191976889970402,-1.1115305690372397
RNU7-75P,Pseudogene,RNU7,1.6806911001803944,-0.280000001192093,1.4,0,-0.6056410341708127,-1.0517869979988097
RNU7-79P,Pseudogene,RNU7,1.2325068067989555,-0.0665000006556511,0,0,-0.7637750728301839,-1.092317476909853
RNU7-7P,Pseudogene,RNU7,1.0644376967809164,-0.22350000590086,0,0,-0.8534836308386843,-1.0944108878787344
RNU7-80P,Pseudogene,RNU7,1.594360519078232,-0.256000012159348,0,0,-0.6383026934960637,-1.0586439435534238
RNU7-81P,Pseudogene,RNU7,1.628169503299757,0.0135000012814999,0,0,-0.5897366707321857,-1.07137717553337
RNU7-82P,Pseudogene,RNU7,1.2325068067989555,-0.0270000007003546,0,0,-0.7587080031458932,-1.0945014111897238
RNU7-84P,Pseudogene,RNU7,0.8963685867628769,0.0640000030398369,2.9,0,-0.8861597813280193,-1.1210889945354974
RNU7-85P,Pseudogene,RNU7,1.0475418603240765,-0.172999992966652,0.55,0,-0.8539968965513052,-1.0982877098916028
RNU7-87P,Pseudogene,RNU7,1.456598953489675,-0.200499996542931,0,0,-0.688206546747257,-1.070543542202926
RNU7-88P,Pseudogene,RNU7,0.9924080782017566,0.30799999833107,0,0,-0.8151177765473246,-1.1284146124476662
RNU7-8P,Pseudogene,RNU7,1.1764837701262758,0.252999991178513,0,0,-0.7459790551058642,-1.1135737501856104
RNU7-90P,Pseudogene,RNU7,1.3445528801443154,0.140000000596046,0,0,-0.6909061627977335,-1.096552181061786
RNU7-92P,Pseudogene,RNU7,1.279684100839107,-0.033500000834465,0,0,-0.7400138082465377,-1.0911177884932253
RNU7-93P,Pseudogene,RNU7,1.537419071968295,-0.168999999761581,0,0,-0.6507119862291814,-1.0671042884578157
RNU7-94P,Pseudogene,RNU7,0.9372742960794368,0.347000002861023,0,0,-0.6817754168552151,-0.9400175868974067
RNU7-95P,Pseudogene,RNU7,1.0854463355331714,-0.0024999999441206,0,0,-0.8164376260068792,-1.105283129930001
RNU7-96P,Pseudogene,RNU7,0.868357068426537,0.30799999833107,4.76,0,-0.8664465700919364,-1.136380735953134
RNU7-97P,Pseudogene,RNU7,0.9523916234355566,0.319000005722046,0,0,-0.3607804335618875,-0.35102837254629843
RNU7-99P,Pseudogene,RNU7,1.8487602101984333,0.185000006109476,0,0,-0.47642787458859176,-1.0667186310259646
RNU7-9P,Pseudogene,RNU7,0.7282994767448375,-0.0399999991059303,0,0,-0.9690813225930943,-1.1261042248346063
RN7SKP10,Pseudogene,RN7SK,1.3786838378710558,0.239999994635582,0,0,0.21896677079475427,-0.31373777142898407
RN7SKP100,Pseudogene,RN7SK,1.1985773620535298,0.281000003218651,0,0,-0.4609767032696604,-0.504088997209612
RN7SKP101,Pseudogene,RN7SK,1.2591177492184786,0.173499993979931,0,0,-0.7219727928289369,-1.103881089739296
RN7SKP102,Pseudogene,RN7SK,1.1137023988708603,0.214000001549721,1.53,0,-0.45730115740507127,-0.44490541403863676
RN7SKP103,Pseudogene,RN7SK,0.8575026050712053,0.0425000004470348,5.1,0,-0.610027118678047,-0.41351346459720256
RN7SKP104,Pseudogene,RN7SK,1.016613153279848,0.034000001847744,0,0,-0.5594247494493682,-0.5310290024076226
RN7SKP105,Pseudogene,RN7SK,0.8075167642692638,-0.0830000005662441,0,0,-0.9418070971969251,-1.118648652724186
RN7SKP106,Pseudogene,RN7SK,1.2131459044194266,0.305000007152557,3.45,0,-0.4300496025990923,-0.5604711820226128
RN7SKP107,Pseudogene,RN7SK,1.1618018708603324,0.0049999998882412,0,0,-0.47097935767282784,-0.42731446003510853
RN7SKP108,Pseudogene,RN7SK,1.238997280559815,0.300499990582466,0.06,0,-0.4622820686883817,-0.6064596659024803
RN7SKP109,Pseudogene,RN7SK,1.319023395078284,0.211999997496605,0,0,-0.06162267602602843,0.04336502463526857
RN7SKP11,Pseudogene,RN7SK,1.1860486788264897,0.305000007152557,3.86,0,1.2020792030287994,1.3559795106032568
RN7SKP110,Pseudogene,RN7SK,1.0968720864335204,-0.034000001847744,4.49,0,-0.5140293957563878,-0.4989385168837281
RN7SKP111,Pseudogene,RN7SK,1.7815739116057367,0.211999997496605,0.22,0,-0.13117328193530947,-0.2121607403731713
RN7SKP112,Pseudogene,RN7SK,0.8192047815344689,0.211999997496605,0.69,0,-0.6574026797963288,-0.6134749087766319
RN7SKP113,Pseudogene,RN7SK,0.8242033191845097,0.207000002264977,0,0,-0.5237971609369465,-0.3335410924949308
RN7SKP114,Pseudogene,RN7SK,1.419250262374555,-0.195999994874001,0.28,0,-0.5077813986764851,-0.6210411678045334
RN7SKP115,Pseudogene,RN7SK,1.303905251012718,0.305000007152557,2.73,0,-0.35877637934683826,-0.39644967626390776
RN7SKP116,Pseudogene,RN7SK,1.0997374785088432,0.0430000014603138,5.29,0,-0.5138328078948629,-0.5004314831255439
RN7SKP117,Pseudogene,RN7SK,1.486732556548465,0.30799999833107,0.05,0,0.982247348382952,1.5883098199696442
RN7SKP118,Pseudogene,RN7SK,1.3051669876956435,0.266999989748001,1.19,0,-0.3523324857477746,-0.3154590384549514
RN7SKP119,Pseudogene,RN7SK,1.5267816587719332,-0.10700000077486,0.46,0,-0.26992635650164254,-0.2625605154007327
RN7SKP120,Pseudogene,RN7SK,1.5584590201672746,0.30799999833107,0,0,-0.3434545038222487,-0.5928241228429872
RN7SKP121,Pseudogene,RN7SK,1.56019565081227,-0.164000004529953,0,0,-0.4570534937449914,-0.6847396596812234
RN7SKP122,Pseudogene,RN7SK,1.1969246078311726,-0.0449999999254942,0,0,-0.7757455261314868,-1.0957871527856797
RN7SKP124,Pseudogene,RN7SK,1.1000887201180762,0.284000009298325,3.12,0,-0.34383240456765474,-0.1863729019930543
RN7SKP125,Pseudogene,RN7SK,1.3571673387328658,-0.113000001758337,0,0,-0.4604219927528459,-0.540200367476308
RN7SKP126,Pseudogene,RN7SK,0.648373277758481,-0.0749999992549419,0.23,0,-0.8375687240000635,-0.7446948017386504
RN7SKP127,Pseudogene,RN7SK,1.2755527558807889,0.30799999833107,1.2,0,-0.20730083915687925,-0.08091256144928
RN7SKP128,Pseudogene,RN7SK,1.10049212632274,-0.0649999976158142,0.08,0,-0.515659248995146,-0.41318585020290444
RN7SKP129,Pseudogene,RN7SK,1.2429994156741064,0.214000001549721,0,0,-0.4950993348804015,-0.610665964585861
RN7SKP13,Pseudogene,RN7SK,0.7260034506516949,-0.0810000002384186,0,0,-0.21860194420241483,-0.2858384181717211
RN7SKP130,Pseudogene,RN7SK,1.2924384274255434,0.303999990224838,0.74,0,-0.3018516243735382,-0.24809834217513874
RN7SKP131,Pseudogene,RN7SK,0.5539021831823757,0.322500005364418,0.48,0,-0.6405655165323955,-0.3264460798304049
RN7SKP132,Pseudogene,RN7SK,1.2524380794613514,-0.0810000002384186,0,0,-0.7573850187812827,-1.0902381103721999
RN7SKP133,Pseudogene,RN7SK,1.2565637578407536,0.305000007152557,0.58,0,-0.21641423318976208,-0.359320228706761
RN7SKP134,Pseudogene,RN7SK,1.2525001581765665,-0.127000004053116,2.31,0,-0.4686866711874672,-0.4206379059567984
RN7SKP135,Pseudogene,RN7SK,1.25155917554594,-0.162000000476837,0,0,-0.7681395218747596,-1.0858160038734082
RN7SKP136,Pseudogene,RN7SK,1.2620122727799006,0.208499997854233,0,0,-0.5361959815486979,-0.6824906680940758
RN7SKP137,Pseudogene,RN7SK,1.267179044479116,-0.0439999997615814,3.35,0,-0.42467243013336514,-0.39477748300347726
RN7SKP139,Pseudogene,RN7SK,1.2091798085939491,0.305000007152557,1.14,0,-0.32395182921831644,-0.19139336858573117
RN7SKP14,Pseudogene,RN7SK,1.1930012003914734,0.30799999833107,0,0,0.3306928358228669,-0.4285500300028992
RN7SKP140,Pseudogene,RN7SK,0.9295089746537578,0.277999997138977,0,0,-0.2430473706664442,0.10826474360459577
RN7SKP141,Pseudogene,RN7SK,0.6885198057346507,0.037499999627471,0,0,-0.9756055348253713,-1.1329391848941708
RN7SKP142,Pseudogene,RN7SK,1.3660739247197962,0.28099998831749,0.15,0,-0.1743417979042321,-0.24716461254846844
RN7SKP143,Pseudogene,RN7SK,1.2100975921298838,0.30799999833107,0,0,-0.09188689546558745,0.1604935317968346
RN7SKP144,Pseudogene,RN7SK,0.9586164052880768,-0.180000007152557,0.23,0,-0.6368081392135118,-0.640678386242799
RN7SKP145,Pseudogene,RN7SK,1.1119555859719352,0.305000007152557,0,0,-0.3711905464262805,-0.25641058405594536
RN7SKP146,Pseudogene,RN7SK,1.112744985887898,0.229000002145767,0,0,-0.33311878872597106,-0.3942024314853912
RN7SKP147,Pseudogene,RN7SK,1.0818874950888002,-0.0899999998509884,0,0,-0.8291352521893058,-1.1006734358193322
RN7SKP148,Pseudogene,RN7SK,1.4777858473586158,0.305000007152557,0,0,-0.33901162993387035,-0.5299565172943461
RN7SKP149,Pseudogene,RN7SK,1.019814696640468,0.300999999046326,0,0,-0.5042555037056433,-0.5256983164239446
RN7SKP15,Pseudogene,RN7SK,1.0903642153705384,-0.258000001311302,0,0,1.0321870959380073,0.7407260039703628
RN7SKP150,Pseudogene,RN7SK,1.4283256452623412,0.195999994874001,0.75,0,0.856567054170488,1.1880949182595564
RN7SKP151,Pseudogene,RN7SK,1.2420803636987177,0.305000007152557,3.39,0,0.04676135429004342,0.4074694736542572
RN7SKP152,Pseudogene,RN7SK,0.7498194368635495,0.305000007152557,0.14,0,-0.6574558130477198,-0.5799407429068868
RN7SKP153,Pseudogene,RN7SK,1.3629908415808936,0.206000000238419,0.17,0,-0.2324879916069703,-0.1532860160753718
RN7SKP154,Pseudogene,RN7SK,0.8743457378639614,0.305000007152557,5,0,-0.5557372470296601,-0.5243347622092198
RN7SKP155,Pseudogene,RN7SK,1.2422330284435184,-0.0689999982714653,0.2,0,-0.7600689985514308,-1.0915563539433728
RN7SKP156,Pseudogene,RN7SK,0.9242162950504664,-0.258000001311302,0,0,-0.53243100440703794,-0.4154340112090884
RN7SKP157,Pseudogene,RN7SK,1.0100039661131353,0.110999997705221,0,0,-0.8331055492122493,-1.1163946234753597
RN7SKP158,Pseudogene,RN7SK,1.2785625547384594,0.211999997496605,0,0,-0.4472694114493054,-0.5223228958084152
RN7SKP16,Pseudogene,RN7SK,1.2546162326430232,0.211999997496605,9.3,0,0.16174129034947882,-0.30716262889619134
RN7SKP160,Pseudogene,RN7SK,1.2463477923298532,0.293000012636185,1.23,0,-0.05219611487141918,0.2913206305190651
RN7SKP161,Pseudogene,RN7SK,1.2868767046845728,0.204999998211861,0.65,0,-0.33562008089521544,-0.321909568475042
RN7SKP162,Pseudogene,RN7SK,1.3490996773235475,-0.109999999403954,0,0,-0.3681494614329429,-0.2547911270997508
RN7SKP163,Pseudogene,RN7SK,1.2735903670255877,0.30799999833107,0.73,0,-0.31111647923690655,-0.25461850070286807
RN7SKP164,Pseudogene,RN7SK,1.031582081288668,-0.12899999320507,0,0,-0.8549610146692793,-1.1017419119234044
RN7SKP165,Pseudogene,RN7SK,0.868357068426537,0.238000005483627,0.12,0,-0.4536063400384363,-0.198740479210707
RN7SKP166,Pseudogene,RN7SK,1.4235361777484214,0.277999997138977,0.21,0,-0.4323142624025288,-0.695333512721819
RN7SKP167,Pseudogene,RN7SK,1.1212470216875987,-0.129999995231628,0,0,-0.5942567906683391,-0.6215794828572951
RN7SKP168,Pseudogene,RN7SK,1.0999189533402802,0.0150000005960464,0,0,-0.5738700415706366,-0.5730345876104264
RN7SKP169,Pseudogene,RN7SK,1.312979759820193,-0.0430000014603138,0,0,-0.38568909389610484,-0.3609865592551874
RN7SKP170,Pseudogene,RN7SK,1.3343047636798009,0.146999999880791,0.67,0,-0.25084281041414297,-0.3276386159592983
RN7SKP171,Pseudogene,RN7SK,1.1348825052703255,0.305000007152557,0,0,-0.3626087401425419,-0.24708548638906547
RN7SKP172,Pseudogene,RN7SK,1.3520727508386348,-0.0195000004023314,0.32,0,-0.35648239589895636,-0.37477755040456356
RN7SKP173,Pseudogene,RN7SK,1.2239699631155,0.214000001549721,2.29,0,-0.35171865294660654,-0.30382902998068007
RN7SKP174,Pseudogene,RN7SK,1.242013746355532,0.146999999880791,0,0,-0.46788756337193205,-0.5341241303397313
RN7SKP175,Pseudogene,RN7SK,1.286009776078055,0.280000001192093,1.46,0,-0.31517949293009584,-0.25654552098683286
RN7SKP177,Pseudogene,RN7SK,1.2426067345371292,0.263000011444092,0.15,0,1.372600786825453,2.028736109306982
RN7SKP178,Pseudogene,RN7SK,0.8657176852398303,0.30799999833107,0,0,0.6868000052292187,1.3354139899674564
RN7SKP179,Pseudogene,RN7SK,0.576236948633278,0.0509999990463257,0.08,0,-1.0203504757681467,-1.1408835792331142
RN7SKP18,Pseudogene,RN7SK,1.1241276958539896,0.197999998927116,0,0,0.08924899306262947,-0.25073740509063375
RN7SKP180,Pseudogene,RN7SK,1.2630648268022358,0.164000004529953,1.04,0,-0.3708937145681569,-0.34251637215578973
RN7SKP181,Pseudogene,RN7SK,1.198112917196108,0.197999998927116,0,0,-0.5096445127526626,-0.6377588468905537
RN7SKP182,Pseudogene,RN7SK,1.2937937529576593,0.30799999833107,0,0,-0.5480234457970653,-0.783192410658388
RN7SKP184,Pseudogene,RN7SK,1.2412551488619568,0.305000007152557,2.11,0,-0.37275373584124427,-0.3492693687474477
RN7SKP185,Pseudogene,RN7SK,1.1826703631330748,0.282000005245209,1.05,0,-0.3725325016476856,-0.3116848117442247
RN7SKP186,Pseudogene,RN7SK,0.985857529830788,-0.0990000031888485,0.88,0,-0.5823195303119031,-0.5180866882189041
RN7SKP187,Pseudogene,RN7SK,1.17886050501542,0.305000007152557,1.62,0,-0.0038393514912827362,0.48380898080940754
RN7SKP188,Pseudogene,RN7SK,1.523048990678721,0.122000001370907,0,0,-0.30004275948890957,-0.3329745557867216
RN7SKP189,Pseudogene,RN7SK,0.9157219994316208,-0.104499999433756,0.12,0,-0.6225881907925102,-0.4882282204843547
RN7SKP19,Pseudogene,RN7SK,1.3369942164662554,0.30799999833107,0,0,0.6523880735259807,0.3593279457753382
RN7SKP190,Pseudogene,RN7SK,1.639555304022133,-0.0115000000223517,2.19,0,-0.5882218333262542,-1.0692715025054165
RN7SKP191,Pseudogene,RN7SK,1.2713201524676097,0.107999999076128,0.2,0,-0.48583025950981557,-0.5946751957986828
RN7SKP192,Pseudogene,RN7SK,1.2002978438189442,0.164000004529953,0.14,0,0.30606041157441993,0.9600232097272227
RN7SKP193,Pseudogene,RN7SK,1.123756206199048,0.296999990940094,0.37,0,0.47690685140469646,1.4574169657277378
RN7SKP194,Pseudogene,RN7SK,0.8510394060932442,0.003000000026077,0,0,-0.5926368770449807,-0.4896650690340507
RN7SKP195,Pseudogene,RN7SK,0.9400036912340072,-0.046000000089407,4.1,0,-0.882203906737397,-1.1122135053424456
RN7SKP196,Pseudogene,RN7SK,1.2886922290851797,0.0579999983310699,0,0,-0.7245474468123765,-1.0955993207240984
RN7SKP197,Pseudogene,RN7SK,1.1811995139539426,0.0670000016689301,0.32,0,-0.7678858935104595,-1.1029885519689153
RN7SKP198,Pseudogene,RN7SK,1.0329476238799329,0.30799999833107,1.35,0,-0.3801237291252839,-0.2523925540870829
RN7SKP199,Pseudogene,RN7SK,1.4235361777484214,-0.182499997317791,0,0,-0.45012791023095294,-0.5533876993526169
RN7SKP20,Pseudogene,RN7SK,0.8100966900337023,0.200499996542931,0.09,0,0.7063243711966682,0.7523298495545006
RN7SKP200,Pseudogene,RN7SK,0.7706668982285516,-0.214000001549721,0,0,-0.6440459207722188,-0.38647475829322586
RN7SKP202,Pseudogene,RN7SK,1.1367583441220122,0.200499996542931,0.65,0,-0.4985678235965943,-0.569098382982477
RN7SKP204,Pseudogene,RN7SK,1.2997344508061717,0.214000001549721,0.46,0,-0.3747651744573944,-0.449300396119475
RN7SKP205,Pseudogene,RN7SK,1.086153466696385,0.178000003099442,0,0,-0.5139550164819043,-0.590113272838372
RN7SKP206,Pseudogene,RN7SK,1.3277268486521796,0.305000007152557,0,0,-0.36220464857373275,-0.3985328064715499
RN7SKP207,Pseudogene,RN7SK,1.5475670526413532,0.305000007152557,0,0,-0.22844773425136833,-0.2233145191698293
RN7SKP208,Pseudogene,RN7SK,1.366279265557543,-0.078999999910593,0,0,-0.41631162734795224,-0.428426125027295
RN7SKP209,Pseudogene,RN7SK,0.9597630756293304,-0.0095000001601874,0,0,-0.8693594442384738,-1.1129528708905223
RN7SKP21,Pseudogene,RN7SK,1.0736051027819002,0.10700000077486,0,0,0.2743368408970859,-0.054467878526347435
RN7SKP210,Pseudogene,RN7SK,0.9581871099879028,-0.0179999992251396,0,0,-0.8711021629621767,-1.1125839356957596
RN7SKP211,Pseudogene,RN7SK,1.2460234759644278,0.305000007152557,0,0,-0.36146662558730236,-0.36572435813463244
RN7SKP212,Pseudogene,RN7SK,0.7624598649598862,0.305000007152557,0.04,0,-0.635494839241649,-0.5462299693586449
RN7SKP213,Pseudogene,RN7SK,0.8858407677908298,0.214000001549721,0.01,0,0.25673541509310377,0.8627102833474397
RN7SKP214,Pseudogene,RN7SK,1.356291040209067,0.284000009298325,0.49,0,-0.274688688382079,-0.2649854492424583
RN7SKP216,Pseudogene,RN7SK,1.3136683855683509,0.0755000002682209,0.18,0,-0.3941591994800285,-0.3782336923049737
RN7SKP217,Pseudogene,RN7SK,1.2259158613080523,0.222000002861023,0.19,0,-0.4493923876186626,-0.4686939649564936
RN7SKP218,Pseudogene,RN7SK,1.2846926491789863,0.30799999833107,0,0,-0.476780331888689,-0.6517156040480229
RN7SKP219,Pseudogene,RN7SK,1.2086591628099097,0.10700000077486,0.13,0,-0.7513891339027378,-1.103439306280141
RN7SKP22,Pseudogene,RN7SK,1.161760992570657,0.194000005722046,7.95,0,1.989247261785271,1.2862136306984377
RN7SKP220,Pseudogene,RN7SK,1.1698699394079737,-0.0874999985098839,0,0,-0.6006646106218256,-0.6828203249531952
RN7SKP221,Pseudogene,RN7SK,0.8077740171409646,0.307000011205673,0.94,0,-0.5954172282981431,-0.4585993020813374
RN7SKP222,Pseudogene,RN7SK,1.2019164502665718,0.146999999880791,0,0,-0.5496384407165884,-0.673948516460868
RN7SKP223,Pseudogene,RN7SK,1.2885298434716357,0.284000009298325,0,0,-0.37932564595199536,-0.3850583485926492
RN7SKP224,Pseudogene,RN7SK,1.325246479814038,0.28099998831749,0.62,0,2.17861052979711,3.6771267564762926
RN7SKP225,Pseudogene,RN7SK,1.016372477817424,0.30799999833107,0.35,0,-0.5098721856485972,-0.478251069504318
RN7SKP226,Pseudogene,RN7SK,1.4356836864652078,0.305000007152557,0.37,0,-0.27277268740934757,-0.3986924526736983
RN7SKP227,Pseudogene,RN7SK,1.1999115854621238,0.187999993562698,2.9,0,-0.5844999695309014,-0.8614597449795841
RN7SKP228,Pseudogene,RN7SK,1.4527646772154992,-0.158999994397163,1.05,0,-0.35744810952982087,-0.3122295879307936
RN7SKP229,Pseudogene,RN7SK,0.8166006868646905,0.194000005722046,0.74,0,-0.47322819268795074,-0.1702574847260078
RN7SKP230,Pseudogene,RN7SK,1.5034241781713178,0.30799999833107,4.77,0,-0.18833557211299995,-0.09735466627529393
RN7SKP231,Pseudogene,RN7SK,1.166169059403147,-0.0340000009164214,0,0,-0.5959335692756874,-0.6671708825461681
RN7SKP232,Pseudogene,RN7SK,1.0779604987363909,0.284000009298325,0.33,0,-0.5960400439378729,-0.7221050051279962
RN7SKP234,Pseudogene,RN7SK,1.364561107527415,-0.0415000002831221,2.21,0,-0.4836214251883242,-0.6655700757467172
RN7SKP235,Pseudogene,RN7SK,1.0021694691348888,0.268999993801117,0.16,0,-0.49284317941798356,-0.4560783079391798
RN7SKP236,Pseudogene,RN7SK,1.1496558370717531,0.300000011920929,0,0,-0.3773456417859769,-0.2877306397875445
RN7SKP237,Pseudogene,RN7SK,1.211661025711447,0.30799999833107,0.1,0,-0.22016688685585883,-0.019423405472741778
RN7SKP238,Pseudogene,RN7SK,1.3531025805200658,-0.0309999994933605,0,0,-0.7093031219268295,-1.0865496129565437
RN7SKP239,Pseudogene,RN7SK,1.1185616474646918,-0.149000003933907,5.3,0,-0.4671727592410148,-0.2740581656733351
RN7SKP24,Pseudogene,RN7SK,1.0273520246173111,-0.228500001132488,0.4,0,-0.3007137847449021,-0.5693088235122333
RN7SKP240,Pseudogene,RN7SK,1.2596966539307632,0.273999989032745,0.71,0,-0.35775244417463764,-0.37830148499439376
RN7SKP241,Pseudogene,RN7SK,1.4084691968980256,-0.0670000016689301,0.41,0,-0.42600631130669336,-0.5512937505917627
RN7SKP242,Pseudogene,RN7SK,1.1057280317680471,0.017000000923872,0,0,-0.8055409933302663,-1.1050611421219732
RN7SKP243,Pseudogene,RN7SK,1.1915320291678049,0.30799999833107,0.22,0,-0.35332542433464903,-0.27091034860301383
RN7SKP245,Pseudogene,RN7SK,1.2374088225078153,-0.0729999989271164,1.79,0,-0.5281561739750882,-0.5693388785728218
RN7SKP246,Pseudogene,RN7SK,1.5668777386119217,0.146999999880791,0.02,0,-0.3056607282192672,-0.4621874176069422
RN7SKP247,Pseudogene,RN7SK,1.3871158365774552,-0.228500001132488,0,0,-0.33530240284279994,-0.24412548565511807
RN7SKP249,Pseudogene,RN7SK,1.2523910395334843,-0.193999998271465,0.14,0,-0.5201866569995136,-0.5375168479685617
RN7SKP25,Pseudogene,RN7SK,0.8119702458014372,-0.0989999994635582,1.38,0,1.2429749941657444,1.3535477356687167
RN7SKP250,Pseudogene,RN7SK,1.060423585119011,0.152999997138977,0,0,-0.47486712341153997,-0.42340433675764305
RN7SKP251,Pseudogene,RN7SK,1.183620462696044,0.305000007152557,0.26,0,-0.371810148436426,-0.3706138602898043
RN7SKP252,Pseudogene,RN7SK,1.3171409967570713,0.101999998092651,0,0,-0.5086873096142298,-0.6971610813824191
RN7SKP254,Pseudogene,RN7SK,1.2549160214680275,0.214000001549721,0.22,0,-0.5645268478163287,-0.8218521054942763
RN7SKP256,Pseudogene,RN7SK,1.238929830111747,0.0785000026226044,0,0,-0.742515765800935,-1.0999227112078833
RN7SKP257,Pseudogene,RN7SK,1.2140137655671974,0.305000007152557,0.07,0,-0.48038056819108954,-0.6195848320537379
RN7SKP258,Pseudogene,RN7SK,1.5081991188460906,0.0039999999571591,1.45,0,-0.6406085506418626,-1.0785467375697448
RN7SKP259,Pseudogene,RN7SK,1.2934087265452323,-0.0989999994635582,0,0,1.3782175714640708,2.2491785247098255
RN7SKP26,Pseudogene,RN7SK,1.197325104588126,0.194999992847443,7.34,0,1.4959678561598164,0.6148614236148608
RN7SKP260,Pseudogene,RN7SK,0.6061015779621466,-0.003000000026077,0,0,-1.014916120562328,-1.1359832779872618
RN7SKP262,Pseudogene,RN7SK,1.2641806084513545,0.28099998831749,0,0,-0.2242724303405609,-0.2227973793905091
RN7SKP263,Pseudogene,RN7SK,1.3826267885626415,0.30799999833107,0,0,-0.4865490830571111,-0.8362017755188915
RN7SKP264,Pseudogene,RN7SK,1.3220661249400565,0.30799999833107,0.64,0,1.000655338491343,1.6842267121376167
RN7SKP265,Pseudogene,RN7SK,1.152617454054955,0.453999996185303,0,0,-0.5801462606988065,-0.811360463895128
RN7SKP266,Pseudogene,RN7SK,1.1860486788264897,0.30799999833107,0,0,-0.5181240678061854,-0.6695537512670073
RN7SKP267,Pseudogene,RN7SK,0.9749974101631292,-0.0879999995231628,0,0,-0.65937574870446,-0.6895455184175762
RN7SKP268,Pseudogene,RN7SK,1.198112917196108,0.0700000002980232,1.46,0,-0.5415719184385677,-0.6502594289536158
RN7SKP269,Pseudogene,RN7SK,1.154179927939974,0.194999992847443,3.87,0,0.93209815077224345,1.3921153899846723
RN7SKP27,Pseudogene,RN7SK,1.470730890668369,0.448500007390976,0,0,1.6296139091631907,1.3333862109717682
RN7SKP270,Pseudogene,RN7SK,1.2580044709256242,-0.019000000320375,0,0,-0.5820297975232444,-0.7699586754985371
RN7SKP271,Pseudogene,RN7SK,1.5196248697464398,-0.233999997377396,0.83,0,1.3047664790547078,1.8975708431975207
RN7SKP273,Pseudogene,RN7SK,1.084063601347779,0.305000007152557,0.86,0,-0.07961183891274236,0.25785064524698165
RN7SKP275,Pseudogene,RN7SK,1.4539932308537364,-0.125,0.44,0,-0.3146914730447059,-0.328571581525995
RN7SKP276,Pseudogene,RN7SK,0.8553965151664394,-0.576499998569489,0.27,0,-0.9852935126965567,-1.0882948189872204
RN7SKP278,Pseudogene,RN7SK,1.4523398922221613,-0.0650000013411045,0,0,-0.4573334683276653,-0.6155565728615
RN7SKP279,Pseudogene,RN7SK,1.2588263542290736,0.206000000238419,0,0,-0.22115385212868313,-0.22761967526425175
RN7SKP28,Pseudogene,RN7SK,1.1843820998866863,-0.0775000005960464,0.2,0,0.6042668776441978,0.44538206698772215
RN7SKP280,Pseudogene,RN7SK,1.542476371547138,-0.172999992966652,0.18,0,-0.09560938893898387,0.004940287141447322
RN7SKP281,Pseudogene,RN7SK,1.312403296599198,0.211999997496605,0.07,0,-0.4738453774209689,-0.5941149142062986
RN7SKP283,Pseudogene,RN7SK,0.681821105579355,-0.046000000089407,3.95,0,-0.796079025334034,-0.7743298350950857
RN7SKP284,Pseudogene,RN7SK,1.4278524390453844,-0.122000001370907,0,0,-0.6900355435926531,-1.0767265249161266
RN7SKP285,Pseudogene,RN7SK,1.2451912679323929,-0.0775000005960464,0,0,-0.5754903919072744,-0.7482907175035703
RN7SKP286,Pseudogene,RN7SK,0.8480276387309325,0.0469999983906746,0.19,0,0.22877380970251876,0.7634388396007511
RN7SKP287,Pseudogene,RN7SK,1.2274520967232252,-0.0025000000605359,0.68,0,-0.7576546490451408,-1.0961820277134464
RN7SKP288,Pseudogene,RN7SK,1.1794103466688786,-0.0165000008419156,2.07,0,-0.7793307384564889,-1.0984917161596373
RN7SKP289,Pseudogene,RN7SK,1.330499643826423,0.061999998986721,0,0,-0.5194921234525469,-0.7331483812745152
RN7SKP29,Pseudogene,RN7SK,1.2386858181966778,-0.0759999975562096,0.08,0,1.0327681712983223,0.9097250330151136
RN7SKP290,Pseudogene,RN7SK,1.033122255769008,0.208000004291534,0,0,0.9718331449246246,2.1196615477710394
RN7SKP291,Pseudogene,RN7SK,1.157809424568716,-0.0759999975562096,0,0,-0.45994345013992965,-0.3942240769269914
RN7SKP292,Pseudogene,RN7SK,1.303905251012718,0.305000007152557,2.26,0,-0.12321643240144288,-0.17126033540842273
RN7SKP293,Pseudogene,RN7SK,1.1851900528524355,-0.15599999576807,0.04,0,-0.4797931671467101,-0.35018291816572183
RN7SKP294,Pseudogene,RN7SK,1.233169801315792,0.26800000667572,0,0,-0.3864191165485845,-0.34167763267526624
RN7SKP295,Pseudogene,RN7SK,1.3167244436271672,0.034000001847744,0,0,-0.7160228457004362,-1.092475403650116
RN7SKP296,Pseudogene,RN7SK,1.2325068067989555,-0.0474999994039536,2.34,0,-0.438590475626011,-0.4454950775075892
RN7SKP297,Pseudogene,RN7SK,1.108540938416856,-0.138999998569489,0.26,0,-0.5849128247056093,-0.6220873870028412
RN7SKP298,Pseudogene,RN7SK,1.145492303030751,0.0215000004973262,0,0,-0.7885041755902892,-1.1027609061414276
RN7SKP299,Pseudogene,RN7SK,1.0616458510995537,-0.0450000017881393,0.08,0,-0.6317882509171515,-0.6709297434360479
RN7SKP3,Pseudogene,RN7SK,1.1157660655759971,0.305000007152557,0.15,0,1.1970289622359347,0.9439016524744954
RN7SKP30,Pseudogene,RN7SK,1.4975259623164232,0.305000007152557,1.6,0,-0.3373065284902035,-0.5249787458594182
RN7SKP31,Pseudogene,RN7SK,0.8746042415806847,0.23200000077486,0,0,-0.8736294151819729,-1.131764279226206
RN7SKP32,Pseudogene,RN7SK,1.6392747298349148,0.207000002264977,0,0,-0.3552514594084393,-0.6550518498381036
RN7SKP33,Pseudogene,RN7SK,1.0931083096663463,0.30799999833107,0,0,-0.33354924309254336,-0.20288386750157286
RN7SKP34,Pseudogene,RN7SK,1.1103582186437688,-0.0599999986588955,0,0,-0.8135020068438273,-1.1005070402252013
RN7SKP35,Pseudogene,RN7SK,0.8050992687398356,0.0410000011324883,0.66,0,-0.9268983224835836,-1.1256614580177355
RN7SKP36,Pseudogene,RN7SK,1.413863431925259,0.30799999833107,2.2,0,-0.39028526618811304,-0.5787739633014706
RN7SKP37,Pseudogene,RN7SK,1.2438628277461206,0.305000007152557,0,0,-0.32204759498159646,-0.2620129124333961
RN7SKP38,Pseudogene,RN7SK,0.9779555333735755,0.30799999833107,2.26,0,-0.0034049064761188415,0.6043295552538873
RN7SKP39,Pseudogene,RN7SK,1.229723053423916,-0.0035000000498257,0,0,-0.756845691563678,-1.0959791629089004
RN7SKP4,Pseudogene,RN7SK,1.3052323637218757,0.0525000002235174,0.68,0,0.9776026618268843,0.7292144558829253
RN7SKP42,Pseudogene,RN7SK,0.8915132569179113,-0.14750000089407,0.37,0,-0.9153111385450872,-1.1096990794422195
RN7SKP43,Pseudogene,RN7SK,0.716394581451893,0.0560000017285347,2,0,-0.9616860286410729,-1.1321810408291477
RN7SKP44,Pseudogene,RN7SK,1.143153609067846,0.283000007271767,0.17,0,-0.521818526839477,-0.5754638374884621
RN7SKP45,Pseudogene,RN7SK,0.8455055666258388,0.305000007152557,0,0,-0.5724021846152685,-0.43634155070608005
RN7SKP46,Pseudogene,RN7SK,1.2171842668542912,0.172999992966652,0,0,-0.49060500850773703,-0.5879862624812611
RN7SKP47,Pseudogene,RN7SK,1.4402019671464517,-0.25900000333786,0,0,-0.28931055016476853,-0.13649952210555458
RN7SKP48,Pseudogene,RN7SK,1.1331000770931643,0.305000007152557,0.15,0,-0.46954889570907377,-0.5003956393094938
RN7SKP49,Pseudogene,RN7SK,0.6011702781414487,0.0525000002235174,0,0,-1.0098377714030777,-1.1393679586642185
RN7SKP5,Pseudogene,RN7SK,1.0599064217559202,0.211999997496605,0.49,0,0.20355940215158153,-0.1683903892473548
RN7SKP50,Pseudogene,RN7SK,1.4114248223313872,0.305000007152557,2.03,0,-0.2147053057584778,-0.20442660790605396
RN7SKP51,Pseudogene,RN7SK,1.0625948337324729,0.0599999986588955,5.62,0,-0.6623834437122429,-0.7504932350092554
RN7SKP52,Pseudogene,RN7SK,1.125390760680792,0.26800000667572,0.09,0,-0.6032950049974226,-0.7617633751993832
RN7SKP53,Pseudogene,RN7SK,1.5327191430004907,-0.0790000036358833,0,0,-0.42882427392307265,-0.627466072704673
RN7SKP54,Pseudogene,RN7SK,1.3299743947648075,-0.145999997854233,11.28,0,-0.5280419456756186,-0.6541726334658007
RN7SKP55,Pseudogene,RN7SK,0.769358705576606,0.211999997496605,0.91,0,-0.45153670090257253,-0.310805433891669
RN7SKP56,Pseudogene,RN7SK,1.101842805858446,-0.12899999320507,3.14,0,-0.5796598665492292,-0.5649578676641752
RN7SKP57,Pseudogene,RN7SK,1.114342176547365,0.0209999997168779,0.61,0,-0.6332214399311856,-0.7936815292949355
RN7SKP58,Pseudogene,RN7SK,0.9793928902909138,0.301999986171722,0.33,0,-0.6208366245541446,-0.6533604544229658
RN7SKP59,Pseudogene,RN7SK,1.128311095280341,0.30799999833107,0,0,0.3341835488564485,1.155566116372348
RN7SKP6,Pseudogene,RN7SK,1.1759569077124263,0.194999992847443,0,0,0.37070964288512526,-0.21026258948722762
RN7SKP60,Pseudogene,RN7SK,1.409717751253123,-0.163000002503395,0,0,-0.15309910451323866,-0.09742999398449535
RN7SKP61,Pseudogene,RN7SK,1.3069509775640082,0.211999997496605,0,0,-0.6972344766585282,-1.102943445798593
RN7SKP62,Pseudogene,RN7SK,1.2035587331383006,0.30799999833107,0,0,-0.3976015384058782,-0.4072140165501149
RN7SKP63,Pseudogene,RN7SK,1.0154873358343557,0.28099998831749,0.68,0,-0.45744000765563103,-0.30129878470169275
RN7SKP64,Pseudogene,RN7SK,1.8214318996263947,0.245999999344349,0.33,0,0.20270783037660836,0.26716423795706057
RN7SKP65,Pseudogene,RN7SK,1.231790857448506,0.194999992847443,0,0,0.17097076802424566,0.6777726524134796
RN7SKP66,Pseudogene,RN7SK,1.2480283407688757,0.0540000014007092,0,0,-0.5704481553625026,-0.7175041974940859
RN7SKP67,Pseudogene,RN7SK,0.9607354799612752,0.0520000010728836,0,0,-0.861067703333826,-1.1162908389454091
RN7SKP68,Pseudogene,RN7SK,1.2106085514220124,0.300000011920929,0,0,-0.47740514542265394,-0.5963823281566178
RN7SKP69,Pseudogene,RN7SK,1.321041572950535,-0.175999999046326,6.68,0,-0.38903380682805905,-0.34685817927177454
RN7SKP71,Pseudogene,RN7SK,1.3544185721369886,0.0769999995827675,3.47,0,1.0345019609966224,1.6433486595228644
RN7SKP72,Pseudogene,RN7SK,1.1300537191852196,0.263999998569489,0.25,0,-0.4870952239932067,-0.5063383095202113
RN7SKP73,Pseudogene,RN7SK,1.260902044564561,0.28099998831749,0,0,-0.38657508803705576,-0.4462540342766334
RN7SKP74,Pseudogene,RN7SK,1.2027728973675011,-0.0729999989271164,2.05,0,-0.47145079230798337,-0.47011510296483255
RN7SKP75,Pseudogene,RN7SK,1.3142701576185425,-0.222000002861023,0.2,0,-0.4280679601561798,-0.34123305310929586
RN7SKP76,Pseudogene,RN7SK,1.3872205799012172,0.305000007152557,0.21,0,-0.28561579228185946,-0.3220337863431685
RN7SKP77,Pseudogene,RN7SK,1.131570117496337,0.305000007152557,0,0,-0.4146290662692282,-0.31660227831909077
RN7SKP78,Pseudogene,RN7SK,1.288882189614231,0.211999997496605,4.64,0,1.02660993080128,2.074993592007562
RN7SKP79,Pseudogene,RN7SK,1.2508476819001306,0.0769999995827675,0,0,-0.39570490894297183,-0.3300278681256284
RN7SKP8,Pseudogene,RN7SK,1.3389192786911968,0.126000002026558,0,0,0.3350383403893731,0.06490680971419031
RN7SKP81,Pseudogene,RN7SK,0.8814742446867566,-0.270999997854233,0,0,-0.6039262842222671,-0.4537495162461079
RN7SKP82,Pseudogene,RN7SK,0.8099474001467252,0.301999986171722,0,0,-0.8914130955058504,-1.13977928720348
RN7SKP83,Pseudogene,RN7SK,0.6829774695489618,0.30799999833107,0,0,-0.9431998583571796,-1.1482502724363135
RN7SKP85,Pseudogene,RN7SK,1.3653413025574483,0.305000007152557,0.2,0,-0.2864497904620003,-0.30225460943855054
RN7SKP86,Pseudogene,RN7SK,1.307766669317074,0.214000001549721,0.53,0,0.0433739701413222,0.41406131054251
RN7SKP87,Pseudogene,RN7SK,1.2232006545277463,-0.150000005960464,0.55,0,-0.5357448486215103,-0.6264908450239876
RN7SKP88,Pseudogene,RN7SK,0.6668982285515804,0.126000002026558,0.52,0,-0.9732003927795522,-1.1392198558898028
RN7SKP89,Pseudogene,RN7SK,1.449653948943475,0.305000007152557,0.53,0,-0.357849332517971,-0.499320834958399
RN7SKP9,Pseudogene,RN7SK,1.486952572021361,-0.132999993860722,7.39,0,1.5450809317782008,1.4830474747048172
RN7SKP90,Pseudogene,RN7SK,1.337529096442069,0.211999997496605,0.29,0,-0.41880818234094974,-0.497910004847436
RN7SKP91,Pseudogene,RN7SK,1.1939909690864885,-0.132999993860722,0.55,0,-0.5340313061724888,-0.5177985525035566
RN7SKP92,Pseudogene,RN7SK,1.124593580421253,-0.204999998211861,11.59,0,-0.8261629176330837,-1.0916115891207823
RN7SKP93,Pseudogene,RN7SK,0.8543059831769166,-0.0719999969005585,0.21,0,-0.5874491922176688,-0.47103720090693085
RN7SKP94,Pseudogene,RN7SK,1.3453419369988602,-0.0610000006854534,0,0,-0.28715378398244945,-0.12244785111939806
RN7SKP96,Pseudogene,RN7SK,1.0291639329499698,0.0329999998211861,1.85,0,-0.8351730048520638,-1.1108592560405786
RN7SKP97,Pseudogene,RN7SK,1.126517277958751,0.305000007152557,3.22,0,-0.41085523834003596,-0.38342177511277853
RN7SKP98,Pseudogene,RN7SK,0.8906226342836276,0.305000007152557,0.73,0,1.151915671537228,1.9287208018663795
RN7SKP99,Pseudogene,RN7SK,1.2898072417019573,-0.0869999974966049,0.38,0,-0.7426849955754895,-1.0875119873380297
RNU1-100P,Pseudogene,RNU1,0.8841453787615648,0.305000007152557,1.55,0.01,0.3330569492546214,0.7154365665065253
RNU1-11P,Pseudogene,RNU1,1.5672786113064328,-0.102000001817942,0.58,0.01,-0.47463725724643274,-0.8335561612180348
RNU1-14P,Pseudogene,RNU1,1.5539021224474874,0.305000007152557,0,0.01,-0.3798071107554406,-0.8400829282400567
RNU1-22P,Pseudogene,RNU1,1.494893181088722,-0.028999999165535,0,0.01,-0.38142691995551614,-0.895542841723459
RNU1-32P,Pseudogene,RNU1,1.0704275812050392,-0.0219999998807907,0,0.01,-0.8251557780356307,-1.105167743517878
RNU1-47P,Pseudogene,RNU1,1.36380005838769,0.282999992370605,0.43,0.01,-0.42981400001278947,-0.8092623202639198
RNU1-5P,Pseudogene,RNU1,1.3748986916753505,0.30799999833107,0.69,0.01,-0.6567912757801896,-1.1038975606358108
RNU1-64P,Pseudogene,RNU1,1.3211813065630749,0.430000007152557,0.13,0.01,-0.6633785156249301,-1.114084716716731
RNU1-89P,Pseudogene,RNU1,1.842611340319725,0.146999999880791,1.18,0.01,-0.483842899591596,-1.0650152641791382
RNU2-15P,Pseudogene,RNU2,0.9820163705766074,0.44200000166893,0.4,0.01,-0.8022280123416459,-1.1364907252889673
RNU2-55P,Pseudogene,RNU2,1.477205127898017,-0.241999998688698,0,0.01,-0.6850006987271205,-1.0669280959573761
RNU2-66P,Pseudogene,RNU2,1.4886121173026348,0.243000000715256,0,0.01,-0.6180631042398256,-1.0930122608341346
RNU4-16P,Pseudogene,RNU4,1.0592724522649954,-0.101000003516674,0,0.01,-0.675360965598118,-0.8121082754068731
RNU4-40P,Pseudogene,RNU4,1.0687471611403534,-0.0790000036358833,0.84,0.01,-0.6465449132229406,-0.8569916676565361
RNU4-80P,Pseudogene,RNU4,1.4780545845558075,0.30799999833107,1.04,0.01,-0.6140907051760215,-1.0972859105076875
RNU4-92P,Pseudogene,RNU4,1.0726763786445457,0.296999990940094,0,0.01,-0.7833035400848722,-1.122660929364122
RNU5A-7P,Pseudogene,RNU5,0.9881304571750248,0.340000003576279,0,0.01,-0.6261421329584862,-0.7893057528870385
RNU5B-3P,Pseudogene,RNU5,1.3893713094824591,0.305000007152557,0.98,0.01,-0.6511843058204567,-1.1028047960393834
RNU5D-2P,Pseudogene,RNU5,0.4168113928447378,0.0230000000447035,1.19,0.01,-1.0899285391512736,-1.1495585109823927
RNU6-1109P,Pseudogene,RNU6,1.0712442339467558,0.197999998927116,0,0.01,-0.7965960885482732,-1.1172790775656056
RNU6-1114P,Pseudogene,RNU6,1.3634017522958712,0.0240000002086162,0,0.01,0.8962799469384777,1.9765074231441073
RNU6-1132P,Pseudogene,RNU6,1.0712442339467558,-0.310999989509583,0,0.01,-0.8618907319312978,-1.0891367351742536
RNU6-1153P,Pseudogene,RNU6,1.819414810036554,-0.171000003814697,0.29,0.01,-0.2906689338301192,-0.5438015444887767
RNU6-1161P,Pseudogene,RNU6,1.123756206199048,-0.0054999999701976,0,0.01,-0.6131005504521986,-0.690076914561465
RNU6-1217P,Pseudogene,RNU6,1.2023405562828977,0.254999995231628,1.45,0.01,-0.43683447432173894,-0.44585377995192244
RNU6-1293P,Pseudogene,RNU6,1.8178690030611613,-0.310999989509583,0,0.01,-0.5528416201600773,-1.0412752933998437
RNU6-368P,Pseudogene,RNU6,0.3895433577988203,0.407000005245209,0,0.01,-0.7427334332743731,-0.4677009673528916
RNU6-374P,Pseudogene,RNU6,1.801036882662447,0.282000005245209,0,0.01,-0.25947581134386943,-0.599377032735913
RNU6-614P,Pseudogene,RNU6,1.8178690030611613,-0.287000000476837,0,0.01,-0.5497628956793489,-1.042602240205525
RNU6-847P,Pseudogene,RNU6,1.801036882662447,0.218999996781349,0,0.01,-0.19976197368574733,-0.4518337721523116
RNU6-860P,Pseudogene,RNU6,1.2357389050685337,0.254999995231628,0,0.01,-0.4447580484737859,-0.49971784978840883
RNU6-927P,Pseudogene,RNU6,1.1114970475859671,0.204999998211861,0,0.01,1.2254963169865947,1.9815282187136454
RNU6ATAC17P,Pseudogene,RNU6ATAC,1.2719596495261951,0.222000002861023,1.3,0.01,0.4325264343140985,0.5543378621701522
RN7SL266P,Pseudogene,RN7SL,0.8172772408720348,0.44200000166893,0.19,0.01,-0.18012478800360401,0.06928878743689566
RN7SL377P,Pseudogene,RN7SL,1.4993215569954594,0.125,15.93,0.01,2.8395298846560477,4.373972556326828
RN7SL484P,Pseudogene,RN7SL,1.8054948947482448,0.17399999499321,0,0.01,-0.49574769662735774,-1.0688839148118343
RN7SL539P,Pseudogene,RN7SL,0.7877878558921161,-0.158999994397163,0.16,0.01,-0.6639595655313195,-0.8068686775568781
RN7SL796P,Pseudogene,RN7SL,1.122000885664529,-0.123999997973442,0.11,0.01,-0.5612628690729037,-0.8813699384227569
RN7SL832P,Pseudogene,RN7SL,0.9276980981595576,0.0489999987185001,0.85,0.01,2.446068316199135,2.196539708326083
RNU7-197P,Pseudogene,RNU7,1.0644376967809164,0.0604999996721745,0,0.01,-0.5920502841927688,-0.7430923690701845
RNU7-25P,Pseudogene,RNU7,1.0644376967809164,0.30799999833107,0.24,0.01,-0.7853017003244861,-1.1237979496974628
RNU7-41P,Pseudogene,RNU7,1.138828942198737,-0.200000002980232,0,0.01,-0.6708586962948977,-0.8703561216794258
RNU7-61P,Pseudogene,RNU7,1.138828942198737,-0.166999995708466,0,0.01,-0.5906279990576299,-0.822138199096714
RN7SKP17,Pseudogene,RN7SK,1.2369758809494829,-0.0195000004023314,0,0.01,1.792717361339007,1.0332825261608394
RN7SKP244,Pseudogene,RN7SK,1.0635252694735438,0.287999987602234,0.46,0.01,-0.7882440881263365,-1.1227512961748416
RN7SKP248,Pseudogene,RN7SK,0.8655099960710402,0.0309999994933605,1.75,0.01,-0.9031709673115416,-1.1212392129651707
RN7SKP272,Pseudogene,RN7SK,1.3923656442011714,0.448500007390976,0.49,0.01,-0.6315386507324453,-1.1105454476257788
RN7SKP7,Pseudogene,RN7SK,1.4137462447365374,0.211999997496605,0,0.01,1.6960240351809421,1.0555148492984723
RNU1-138P,Pseudogene,RNU1,0.6777421021865655,0.266999989748001,0,0.02,-0.7227686751504176,-0.8365802704696425
RNU2-52P,Pseudogene,RNU2,0.8774976691468164,0.446000009775162,0.34,0.02,-0.8449783822675225,-1.1434117471995802
RNU6-978P,Pseudogene,RNU6,1.7198528345535296,0.407999992370605,0,0.02,-0.5011797908380778,-1.0873116284888393
RN7SL293P,Pseudogene,RN7SL,1.5080364747051604,0.263999998569489,0.14,0.02,-0.37222191289090373,-0.766213595105224
RN7SL473P,Pseudogene,RN7SL,1.2081489647673558,0.282999992370605,15.71,0.02,0.6125305300023153,0.7331904131085157
RN7SL719P,Pseudogene,RN7SL,1.6414513360974201,-0.0450000017881393,0,0.02,-0.29598080946582445,-0.758448183395174
RNU7-182P,Pseudogene,RNU7,0.3921612567087586,0.263999998569489,0,0.02,-1.069221245956657,-1.1644599430842935
RNU7-21P,Pseudogene,RNU7,1.2885298434716357,0.264999985694885,0,0.02,-0.5204672088127296,-0.8830480565218405
RN7SKP23,Pseudogene,RN7SK,1.1540406889388717,-0.0309999994933605,0.57,0.02,4.212302307023338,1.7434563486430645
RNU2-49P,Pseudogene,RNU2,1.3402902577887854,0.30799999833107,0,0.03,-0.6711195018451899,-1.1061140628657848
RNU4-91P,Pseudogene,RNU4,1.3379131128349608,-0.0350000001490116,0.5,0.03,-0.716101552530078,-1.0873036262301237
RNU4-9P,Pseudogene,RNU4,1.1994572455963677,0.30799999833107,6.92,0.03,-0.5125693251628907,-0.7673107480013216
RNU6-721P,Pseudogene,RNU6,1.8524950793099453,-0.296000003814697,0,0.03,-0.5365847058854167,-1.0398849736736593
RNU6-82P,Pseudogene,RNU6,1.201092019879696,-0.168999999761581,17.18,0.03,-0.5828618762667143,-0.6574332836522166
RNU1-125P,Pseudogene,RNU1,1.4539932308537364,-0.0579999983310699,205.51,0.04,-0.6701663835782189,-1.0791933187693807
RNU6-1060P,Pseudogene,RNU6,1.136168126913226,0.486000001430511,0,0.04,-0.2911145835644229,-0.08304450596616758
RNU6ATAC24P,Pseudogene,RNU6ATAC,0.9005184413312235,0.298000007867813,31.44,0.04,-0.8543079720902232,-1.1338445893589422
RN7SL145P,Pseudogene,RN7SL,1.1851900528524355,-0.028999999165535,18.37,0.04,-0.018367789797128355,0.2395268540340044
RN7SL288P,Pseudogene,RN7SL,1.0503838078561547,-0.10700000077486,19.7,0.04,0.03861649937280865,0.4738348420225347
RN7SL558P,Pseudogene,RN7SL,1.103597612047104,-0.141000002622604,16.56,0.04,-0.1895257403154272,-0.17949686040358012
RN7SKP255,Pseudogene,RN7SK,1.3871518664960656,0,81.36,0.04,-0.25276398306107956,-0.13097034178167663
RN7SL246P,Pseudogene,RN7SL,1.2203937177886468,0.206000000238419,16.36,0.05,-0.25103571465533714,-0.3824248176537562
RN7SL396P,Pseudogene,RN7SL,1.1538846468583135,0.145999997854233,23.71,0.05,-0.19149786582908562,0.13943236030229494
RN7SL431P,Pseudogene,RN7SL,0.7744036806951412,-0.135000005364418,23.09,0.05,0.21543619253706847,0.8991308485421798
RN7SL674P,Pseudogene,RN7SL,0.8967760270295874,-0.304000005125999,39.15,0.05,-0.3008824560227688,0.19464383551686404
RNU7-77P,Pseudogene,RNU7,1.8524950793099453,0.214000001549721,0.68,0.05,-0.47115900459377985,-1.0680846049830572
RNU6-1189P,Pseudogene,RNU6,0.9738583944970508,0.30799999833107,19.6,0.06,-0.47692737226837295,-0.35103428306098566
RNU6-1235P,Pseudogene,RNU6,0.3246194648323502,0.291999995708466,0,0.06,-0.7588721057541545,-0.4100425495627216
RNU6-816P,Pseudogene,RNU6,0.3570814113155853,-0.203999996185303,0,0.06,-0.8953586918356148,-0.5926483324982406
RN7SL331P,Pseudogene,RN7SL,0.3093741782248391,0.187000006437302,1.35,0.06,-0.8292091111161443,-0.6272281073708513
RN7SL368P,Pseudogene,RN7SL,1.0407745368866796,0.206000000238419,19.63,0.06,0.9006591234429421,1.4234345483862905
RN7SL4P,Pseudogene,RN7SL,1.1421103137271065,0.0850000008940697,599.31,0.06,0.8775365870012094,1.3282296836284802
RN7SL731P,Pseudogene,RN7SL,1.2447439206114184,0.146999999880791,39.68,0.06,-0.23640388733302314,-0.3603890004294979
RN7SL81P,Pseudogene,RN7SL,1.2642746590118163,-0.155000001192093,44.03,0.06,-0.27574222910413926,-0.16857609296994935
RNU6-29P,Pseudogene,RNU6,1.103706180429991,0.486999988555908,0,0.07,-0.37444062860088595,-0.2553549862617558
RNU6-521P,Pseudogene,RNU6,0.2646421541871351,0.296000003814697,0,0.07,-0.7647321853795223,-0.46738294459194596
RNU6-631P,Pseudogene,RNU6,0.2921575183491152,-0.175999999046326,0,0.07,-0.9195227716256587,-0.621021070398425
RNU6-941P,Pseudogene,RNU6,0.2572909832374924,-0.280499994754791,0,0.07,-0.9463362575315494,-0.5638642780946491
RN7SL359P,Pseudogene,RN7SL,0.9286596426228244,0.305000007152557,42.08,0.07,0.4330049570297547,0.5841442033117652
RN7SL657P,Pseudogene,RN7SL,1.6952226728326931,0.105999998748302,40.23,0.07,-0.02759913604178138,-0.35254636759280716
RN7SKP2,Pseudogene,RN7SK,0.9799640897603552,0.194999992847443,0.22,0.07,10.41024455031647,-2.681022582258052
RN7SKP95,Pseudogene,RN7SK,1.3870786175526202,0.305000007152557,16.71,0.07,-0.3413830380864,-0.506554507122843
RN7SL128P,Pseudogene,RN7SL,1.355206441216497,0.211999997496605,53.07,0.08,0.7391772479620722,0.8916060528031062
RN7SL449P,Pseudogene,RN7SL,1.2023405562828977,0.30799999833107,18.44,0.08,0.2981471569989234,0.5508060509325776
RN7SL648P,Pseudogene,RN7SL,0.9116306764876602,0.29899999499321,35.23,0.08,0.47979568963771474,0.6822072876662644
RN7SKP1,Pseudogene,RN7SK,1.2106085514220124,0.211999997496605,0.16,0.09,7.001634549689138,-1.8421543200373451
RNU6-252P,Pseudogene,RNU6,1.006320340980286,0.492000013589859,0,0.11,-0.268986837393849,-0.03497206814743237
RN7SL192P,Pseudogene,RN7SL,1.1732985138606051,0.30799999833107,21.5,0.12,-0.15018984751686465,-0.19831744902655993
RN7SL698P,Pseudogene,RN7SL,1.0926347218612056,0.30799999833107,39.51,0.12,0.23875787093569623,0.710992731906817
RN7SKP40,Pseudogene,RN7SK,1.0190636670790765,0.502999991178513,0.66,0.13,-0.7790669335232926,-1.1374892765025901
RNU6-25P,Pseudogene,RNU6,1.882792896027632,-0.293999999761581,0,0.21,-0.08902673663042335,-0.030229462263016472
RN7SL317P,Pseudogene,RN7SL,1.84756823069476,0.365000009536743,0.12,0.21,2.0996149733890013,1.8206383419891514
RN7SL702P,Pseudogene,RN7SL,0.1665342323009797,0.296000003814697,0.25,0.21,-0.10489199666265855,0.6727342537409707
RNU6-255P,Pseudogene,RNU6,0.1984816156403513,0.0549999997019768,0.27,0.22,-0.7192702058052776,-0.289524257622783
RN7SL656P,Pseudogene,RN7SL,0.0370828641320941,0.224000006914139,8.22,0.22,-0.6795353350671588,-0.256564908491405
RNU2-57P,Pseudogene,RNU2,0.0727419533760449,-0.0829999968409538,0,0.23,0.07544171228410057,0.7263985847889588
RNU6-1314P,Pseudogene,RNU6,0.2003900927138162,0.293999999761581,0,0.23,-0.920542917148028,-0.7027857339204676
RNU6-303P,Pseudogene,RNU6,0.1966091475682725,0.272000014781952,0,0.23,-0.9694012389847239,-0.8265675117665358
RN7SL199P,Pseudogene,RN7SL,0.024721909421396,0.231000006198883,1.55,0.23,-0.6222293704427375,-0.1028258595296811
RN7SL640P,Pseudogene,RN7SL,0.0532326172215501,0.28999999165535,0.02,0.24,-0.146207367938367,0.5779681738962956
RN7SL722P,Pseudogene,RN7SL,0.1100734312089976,0.287000000476837,0.16,0.24,0.35125104857830663,1.0410489580066653
RN7SL544P,Pseudogene,RN7SL,0.0366911437363325,0.277999997138977,0.16,0.25,-0.5307694124957116,0.06334104196088787
RN7SL763P,Pseudogene,RN7SL,0.0244607624908883,0.281499996781349,0.1,0.25,-0.5313448735986832,0.07449990854601439
RNU6-1071P,Pseudogene,RNU6,0.0687807578951712,0.252999991178513,0,0.26,-0.9418155834475413,-0.6098705984631282
RNU6-1076P,Pseudogene,RNU6,0,0.254999995231628,0.07,0.26,-0.9295456834710741,-0.5101026806429496
RNU6-109P,Pseudogene,RNU6,0,0.221000000834465,0,0.26,-0.9499005339367972,-0.5290313129299826
RNU6-1171P,Pseudogene,RNU6,0,0.273999989032745,0,0.26,-0.9663224333145372,-0.6121702936448206
RNU6-1239P,Pseudogene,RNU6,0.097385839449705,-0.23199999332428,0,0.26,-1.011962445130961,-0.6219587190327093
RNU6-1268P,Pseudogene,RNU6,0.1623097324161751,-0.203999996185303,0,0.26,-0.9814967628229051,-0.6193449596864651
RNU6-184P,Pseudogene,RNU6,0,0.242499999701977,0,0.26,-0.9515685414466895,-0.5416217902594996
RNU6-18P,Pseudogene,RNU6,0.1947716788994101,0.0850000008940697,0,0.26,-0.7757231082099283,-0.24346819876149234
RNU6-465P,Pseudogene,RNU6,0.0687807578951712,0.277999997138977,0,0.26,-0.9373390099937673,-0.6079823480175239
RNU6-749P,Pseudogene,RNU6,0.1623097324161751,-0.196999996900558,0,0.26,-0.9562568115613741,-0.5774158506411526
RNU6-785P,Pseudogene,RNU6,0.033398348785636,0.254999995231628,1.45,0.26,-0.9239566074254726,-0.52919534055001
RN7SKP282,Pseudogene,RN7SK,0.1045513527202519,0.0099999997764825,0.64,0.26,-0.9874180442713951,-0.6592716116297198
RNU6-458P,Pseudogene,RNU6,2.142488467893512,-0.284000009298325,0,0.27,-0.41500887704405753,-1.0219587856336825
RNU1-114P,Pseudogene,RNU1,2.050578137489172,-0.0525000002235174,0,0.28,-0.42335628471830994,-1.0406500958467246
RN7SL429P,Pseudogene,RN7SL,2.040444411908096,-0.122000001370907,0,0.28,-0.43646639758647304,-1.0374570869688464
VTRNA2-1,Functional,VTRNA,1.9809395623480377,-0.0165000003762543,1.45,0.29,-0.44755765370136474,-1.0471088717509074
RN7SL417P,Pseudogene,RN7SL,1.9791987521872767,-0.172000005841255,6.37,0.29,-0.468205721618033,-1.0386374102369698
RNU1-41P,Pseudogene,RNU1,0,0.005499999737367,0.41,0.36,-1.264706653011806,-1.1753078228431282
RNU1-48P,Pseudogene,RNU1,0.042881830539582,-0.0410000011324883,0.41,0.36,-1.252921681868519,-1.1699879763710461
RNU6-789P,Pseudogene,RNU6,1.9750866654407508,-0.166999995708466,0,0.37,-0.2856864642840342,-0.6681298187440863
RNU6-34P,Pseudogene,RNU6,2.012640681960572,-0.152999997138977,0,0.38,-0.11006611126294272,-0.24856213501237098
RNU1-107P,Pseudogene,RNU1,0.0225547290500399,-0.368000000715256,0,0.39,-1.3032849577927978,-1.1532101561979993
RNU1-128P,Pseudogene,RNU1,0,-0.0200000004842877,0,0.39,-1.2679794727540832,-1.1738967362236568
RNU1-40P,Pseudogene,RNU1,0,-0.116500001400709,0,0.39,-1.280358516544738,-1.168561301787012
RNU1-86P,Pseudogene,RNU1,0.0451094581000798,-0.295000001788139,0,0.39,-1.2845844596610425,-1.155800445312276
RNU1-95P,Pseudogene,RNU1,0,0.0090000003110617,0,0.39,-1.264259345537864,-1.1755001310571958
RNU1-97P,Pseudogene,RNU1,0,-0.0500000007450581,0,0.39,-1.2718278801470484,-1.1722380519441675
RNU6-328P,Pseudogene,RNU6,2.424846153342028,-0.225499995052814,0,0.39,-0.04002109365586252,-0.4226826874358979
RN7SL725P,Pseudogene,RN7SL,0.0134109199756994,-0.163000002503395,0,0.39,-1.2807723889596467,-1.1651306509574637
RN7SL818P,Pseudogene,RN7SL,0,-0.164000004529953,0,0.39,-1.2864518285986477,-1.165935051527688
RN7SKP159,Pseudogene,RN7SK,2.105468508376672,-0.178000003099442,0,0.39,-0.08940771104802651,-0.3195142397644631
RNU6-12P,Pseudogene,RNU6,1.5581734311952813,0.555999994277954,0,0.4,-0.1454659128290931,-0.16797641567484847
RNU6-42P,Pseudogene,RNU6,1.5581734311952813,0.592000007629395,0.05,0.4,-0.14244267841297453,-0.19446641002094778
RN7SL524P,Pseudogene,RN7SL,1.933541739029756,0.146999999880791,0.3,0.4,4.229576287350126,7.801971678546933
RN7SKP123,Pseudogene,RN7SK,0.7877878558921161,0.734000027179718,0,0.4,0.8965320179845468,1.1574023426257112
RNU2-63P,Pseudogene,RNU2,4.149832727006819,-0.462999999523163,44.96,0.41,0.39310904003698155,-0.8835158275712509
RNU6-231P,Pseudogene,RNU6,1.3826267885626415,0.528999984264374,0,0.41,-0.292831955862292,-0.4724144357081038
RNU6-513P,Pseudogene,RNU6,1.9371042295668903,0.28600001335144,2.93,0.41,0.22799211620432522,0.16190014006660586
RNU6-1218P,Pseudogene,RNU6,2.315618849137432,-0.421000003814697,0,0.42,-0.08287672873327372,-0.3787856659007145
RNU6-830P,Pseudogene,RNU6,1.9152548425108664,0.29899999499321,0,0.42,-0.2209086305582348,-0.5904670400798564
RNU2-58P,Pseudogene,RNU2,1.8790677546279164,0.195999994874001,0.76,0.43,1.6880064664838592,2.199828938656318
RNU6-1078P,Pseudogene,RNU6,0.6744520919817764,0.574000000953674,0,0.43,-0.6741495069237188,-0.6103948369008434
RNU6-36P,Pseudogene,RNU6,2.142488467893512,0.0850000008940697,0.03,0.43,0.07023561774194922,-0.05701127332540707
RN7SKP183,Pseudogene,RN7SK,0.9005184413312235,0.593999981880188,0,0.43,-0.5938756239555197,-0.760225977503112
RN7SKP233,Pseudogene,RN7SK,1.4209479301525152,0.557000011205673,0,0.43,-0.4122702588811502,-0.6977496123740825
RN7SL759P,Pseudogene,RN7SL,2.0361476087242933,-0.125500001013279,0.02,0.44,0.006379961574219848,-0.47296601600395605
RN7SKP176,Pseudogene,RN7SK,2.053473319046402,0.0850000008940697,2.99,0.44,0.009536107202807436,-0.13440103578180504
RN7SKP277,Pseudogene,RN7SK,1.2028126177498322,0.523999989032745,0,0.44,-0.7003168541025896,-1.1268694202656806
RNU6-1151P,Pseudogene,RNU6,1.9152548425108664,0.206000000238419,0,0.45,1.2363539770558674,1.6769362301333859
RN7SL5P,Pseudogene,RN7SL,1.9801787354773368,0.0149999996647239,215.75,0.46,0.23796749602558553,0.23398205245797243
RN7SKP12,Pseudogene,RN7SK,0.6558221216088531,0.734000027179718,0,0.46,1.022702097938429,0.6461351698734742
RNU6-751P,Pseudogene,RNU6,1.3412247789558394,0.764999985694885,0,0.48,0.5127265305556785,0.7287280479292169
RNU6-842P,Pseudogene,RNU6,1.9477167889941016,0.146999999880791,0,0.49,-0.028251783913169248,-0.11904611643526061
RNU4ATAC12P,Pseudogene,RNU4ATAC,1.106578919056826,0.592999994754791,0.62,0.49,-0.7312968359057259,-1.136855156778486
RN7SL123P,Pseudogene,RN7SL,1.9151436714612664,0.25,0.23,0.49,4.09265314412717,6.914282171537593
RNU1-52P,Pseudogene,RNU1,1.1225103567464991,0.622500002384186,0,0.5,-0.7209206255719893,-1.1374631097841499
RNU6-1059P,Pseudogene,RNU6,1.205066952102133,0.947000026702881,0,0.5,-0.44339331950345034,-0.7833763629008937
RNU4ATAC10P,Pseudogene,RNU4ATAC,0.8256509830940844,0.737000018358231,0,0.5,-0.8291110274736803,-1.1628235523924948
RNU5F-1,Functional,RNU5,4.92811190970274,-0.423000007867813,3.73,0.51,0.7202237331476294,-0.8357156238292366
RNU6-194P,Pseudogene,RNU6,2.2163780413172565,0.0120000001043081,0,0.51,1.2133789906103938,1.8274351949224314
RNU4ATAC2P,Pseudogene,RNU4ATAC,0.9648411871405967,0.75,0,0.51,-0.7698286239002355,-1.154619701591797
RN7SKP80,Pseudogene,RN7SK,2.0742380857114453,0.0769999995827675,4.44,0.51,0.5021801217210298,0.8661752948169577
RNU4ATAC13P,Pseudogene,RNU4ATAC,1.1026756424463962,0.865000009536743,0,0.53,-0.24690478980028682,-0.27820922931007075
RN7SL275P,Pseudogene,RN7SL,1.9803725381429085,0.0640000030398369,0.06,0.53,3.0564103928786435,4.988984885136491
RNU2-4P,Pseudogene,RNU2,1.3025356026398056,0.78600001335144,1.35,0.54,0.3039171749226539,-0.43620681401548267
RNU6-693P,Pseudogene,RNU6,0.6817008761479356,0.801999986171722,0.67,0.54,-0.8803551021745163,-1.1756470761932825
RNU4ATAC16P,Pseudogene,RNU4ATAC,1.3507776619968357,0.663500010967255,2.33,0.54,-0.6211653296134033,-1.125104038073061
VTRNA1-1,Functional,VTRNA,2.631385055837991,0.115000002086163,0,0.54,0.03269629424721002,-0.8138607100853846
RN7SL52P,Pseudogene,RN7SL,2.3604635803707272,-0.0590000003576279,0,0.54,1.2227033335300819,1.1498152421141898
RN7SL96P,Pseudogene,RN7SL,2.160153272693576,0.101000003516674,0.39,0.54,4.859434489061817,7.588156784590452
RNU6-202P,Pseudogene,RNU6,0.9407201574620816,0.87950000166893,0,0.55,-0.7632007084150284,-1.1633259370315074
RNU6-417P,Pseudogene,RNU6,1.9477167889941016,0.177000001072884,0,0.55,0.21437412451471938,0.2687436360900275
RNU4ATAC11P,Pseudogene,RNU4ATAC,1.2956438798745156,0.754999995231628,2.54,0.55,-0.632248264042457,-1.133697923157104
RNU4ATAC18P,Pseudogene,RNU4ATAC,1.4059114441191551,0.784000009298325,2.21,0.55,-0.28609021205597474,-0.5846813353434129
RNU4ATAC4P,Pseudogene,RNU4ATAC,0.6616053854678376,0.838499993085861,0,0.55,-0.8839936990444404,-1.1789513694700353
RNU4ATAC9P,Pseudogene,RNU4ATAC,1.3783445530579952,0.825999975204468,0,0.55,-0.5889185884808079,-1.1323145871609965
RNU6ATAC23P,Pseudogene,RNU6ATAC,0.7906991192176597,0.880999982357025,0,0.55,-0.8251062419109052,-1.1730257801482566
RNU4-63P,Pseudogene,RNU4,1.707278304025056,0.819499999284744,0,0.56,-0.4535974228856778,-1.110869322504522
RNU4-86P,Pseudogene,RNU4,2.236316833756013,0.140000000596046,0.11,0.56,1.9592823905055448,2.5966251687033473
RNU6-758P,Pseudogene,RNU6,2.224555186530904,0.30799999833107,0.63,0.56,0.289266584878344,0.14804642421711248
RNU4ATAC5P,Pseudogene,RNU4ATAC,1.1026756424463962,1.06950002908707,0,0.56,0.5281861675038307,1.0514557460116485
RNU11-4P,Pseudogene,RNU11,0.9924080782017566,0.885999977588654,0.89,0.56,-0.7409681647860744,-1.1603745438335678
RNU6-437P,Pseudogene,RNU6,1.9743697555803368,0.305000007152557,0.28,0.59,0.5137242496483427,0.9396940039566282
RN7SL850P,Pseudogene,RN7SL,2.124639974981768,0.165000006556511,0,0.59,3.610137623128146,6.266829002095881
RN7SKP253,Pseudogene,RN7SK,1.0004372697729682,0.791999995708466,3.04,0.59,-0.7496942205558502,-1.1546689517186448
RNU6-1077P,Pseudogene,RNU6,2.00913988381042,0.277999997138977,0,0.61,0.4177748433539988,0.5141266531531536
RNU6-1194P,Pseudogene,RNU6,1.2691372538541694,1.66500002145767,0,0.62,-0.24193245511141548,-0.564797358733805
RN7SL134P,Pseudogene,RN7SL,2.5219611228229457,0.152999997138977,0.43,0.62,4.415444208238633,7.401652969520129
RN7SKP261,Pseudogene,RN7SK,2.423903183809326,0.263999998569489,0.05,0.62,0.4557002554226783,0.40787317573922977
RNU1-108P,Pseudogene,RNU1,2.416297929534712,0.449000000953674,3.46,0.63,0.23650783268614325,-0.1571061148874211
RNU6-319P,Pseudogene,RNU6,2.026166492995253,0.214000001549721,0,0.63,-0.13584960571102242,-0.4497167680718558
RN7SL584P,Pseudogene,RN7SL,1.9647675083590328,0.266999989748001,0,0.64,1.581118212953062,1.8837399292604071
RN7SL787P,Pseudogene,RN7SL,2.066934430480067,0.293999999761581,0.09,0.64,1.1278762250070118,1.073652750280143
RN7SL318P,Pseudogene,RN7SL,2.0115476871294864,0.305000007152557,0.19,0.65,1.5784400644058858,1.9369655782382078
RN7SL381P,Pseudogene,RN7SL,2.0397649258341475,0.305000007152557,12.82,0.65,0.56674837446719,0.6215431813073854
RN7SL774P,Pseudogene,RN7SL,2.060102286473992,0.316000014543533,0.23,0.66,4.358020991542463,7.416891013995191
RNU6-397P,Pseudogene,RNU6,2.003900927138162,0.253000006079674,0,0.67,-0.4034876866916437,-1.0605332148235884
RNU6-457P,Pseudogene,RNU6,2.304798200309687,0.305000007152557,0,0.67,0.05398064714022945,-0.33622136745516984
RN7SL440P,Pseudogene,RN7SL,2.136715352046639,0.282999992370605,0.31,0.67,3.4223758688151658,6.250416282283002
RNU6ATAC20P,Pseudogene,RNU6ATAC,1.0392934992191625,3.83100008964539,0.41,0.68,0.8511765409298051,0.28546238464599444
RNU6ATAC27P,Pseudogene,RNU6ATAC,0.700523349318887,4.58400011062622,1.24,0.68,0.3845867932607667,0.07065554060656189
RNU7-1,Functional,RNU7,5.568511994354301,0.118000000715256,1.53,0.68,6.198374381735285,-0.2865206764277476
RNU6ATAC29P,Pseudogene,RNU6ATAC,1.1948593261549147,3.97699999809265,0.54,0.69,1.0132003261738354,1.0198945495451683
RNU4ATAC15P,Pseudogene,RNU4ATAC,1.0751087513852364,1.42249995470047,0,0.7,-0.637917300747269,-1.1847333078430426
RNU6ATAC26P,Pseudogene,RNU6ATAC,0.8545736228959571,5.06799983978271,0,0.7,1.2430631753549004,0.810981882221929
RNU6ATAC30P,Pseudogene,RNU6ATAC,1.281182559973579,3.994500041008,0.2,0.7,0.5924839697506299,0.3346379426345087
RNU6ATAC37P,Pseudogene,RNU6ATAC,1.2196771037441436,3.84699988365173,0,0.7,0.9823282997560097,0.6535646841660067
RNU6ATAC41P,Pseudogene,RNU6ATAC,1.0199749692629163,3.64549994468689,0,0.7,0.6588058653333511,0.4817301574132347
RNU11-3P,Pseudogene,RNU11,0.9924080782017566,1.46899998188019,3.95,0.7,-0.22963040821810668,-0.2539627101073946
RNU12-2P,Pseudogene,RNU12,0.9796848977119904,3.99199998378754,1.99,0.7,0.22359695464411372,-0.1843046229800431
RNU11-6P,Pseudogene,RNU11,1.1229880884914614,1.43599998950958,1.99,0.71,-0.6163587785802879,-1.1824163215715366
RNU1-4,Functional,RNU1,0.0211794406933301,0.266000002622604,4585.69,0.72,-0.6502122055873942,-0.31697080800548993
RNU6ATAC8P,Pseudogene,RNU6ATAC,1.0199749692629163,4.30100011825562,0,0.72,0.11811114425040369,-0.5182869038615034
RN7SL471P,Pseudogene,RN7SL,1.568270290803779,0.677999973297119,640.66,0.72,1.0888089151147005,0.6575307147166627
RNU6ATAC16P,Pseudogene,RNU6ATAC,0.9312814936748368,1.56450003385544,2.28,0.74,-0.6792263601171878,-1.2018109840759994
RN7SL3,Functional,RN7SL,1.4637189380835274,0.266999989748001,100883.77,0.75,34.370361318650886,-12.260506186802345
RNU1-61P,Pseudogene,RNU1,2.461303478718926,0.397000014781952,0.15,0.76,-0.19568286332688403,-1.0391741253422668
RNU6ATAC18P,Pseudogene,RNU6ATAC,1.10049212632274,2.10999989509583,0.99,0.76,-0.5392137020402552,-1.2211205592208156
RNU6ATAC2P,Pseudogene,RNU6ATAC,1.3783445530579952,4.34450006484985,1.25,0.76,-0.13755943182621236,-1.3268542853977
RNU6ATAC6P,Pseudogene,RNU6ATAC,1.2956438798745156,3.93299996852875,1.06,0.76,-0.22457968862652833,-1.3094035251363048
RNU1-3,Functional,RNU1,0,0.446000009775162,3848.22,0.77,-0.6989047100461337,-0.4960380436639418
RNU6ATAC4P,Pseudogene,RNU6ATAC,0.9372742960794368,4.60549998283386,0.24,0.77,-0.2866538766942468,-1.3695561196770365
RNU6ATAC11P,Pseudogene,RNU6ATAC,1.3615838832928102,4.96299982070923,0,0.78,-0.06516094874914559,-1.3621215604271044
RNU6ATAC15P,Pseudogene,RNU6ATAC,1.0334166764745565,3.10999989509583,0,0.78,-0.43870192357347537,-1.2807069124826302
RNU6ATAC21P,Pseudogene,RNU6ATAC,0.909707405018277,3.2335000038147,0,0.78,-0.47406606616018465,-1.295465395972466
RNU6ATAC25P,Pseudogene,RNU6ATAC,1.157809424568716,2.03200006484985,0,0.78,-0.5254983291053249,-1.213130826612202
RNU6ATAC31P,Pseudogene,RNU6ATAC,0.9372742960794368,3.08400011062622,0,0.78,-0.29057545446129046,-1.0294244350645265
RNU6ATAC33P,Pseudogene,RNU6ATAC,0.9372742960794368,4.03550004959106,0,0.78,-0.3597745875466486,-1.3380404169764164
RNU6ATAC34P,Pseudogene,RNU6ATAC,1.0908287140564763,5.07399988174438,0,0.78,-0.16299505710947138,-1.3856151151704386
RNU6ATAC38P,Pseudogene,RNU6ATAC,1.0751087513852364,4.13849997520447,0,0.78,-0.058328518786389914,-1.0493663245653577
RNU6ATAC3P,Pseudogene,RNU6ATAC,1.130242533507556,5.24600005149841,0,0.78,-0.12461633836619283,-1.3925983410183598
RNU6ATAC5P,Pseudogene,RNU6ATAC,1.157809424568716,4.0475001335144,0,0.78,-0.2669494858605405,-1.324566768283557
RNU6ATAC7P,Pseudogene,RNU6ATAC,1.285441959560543,3.92899990081787,0,0.78,-0.06474456819675514,-1.0523437869136316
NMTRS-TGA3-1,Functional,TRNA,0.9564512637741568,3.51699995994568,0,0.78,-0.41835001685399265,-1.308143503577325
VTRNA1-3,Functional,VTRNA,2.029418766659772,0.328999996185303,1.76,0.8,-0.3831686500879359,-1.0631045980119032
RN7SKP70,Pseudogene,RN7SK,1.3586103210806335,2.08200001716614,4.48,0.8,-0.43594886622625967,-1.203036375464221
RNU5E-4P,Pseudogene,RNU5,3.9365520435336334,0.38400000333786,0,0.83,0.4132959912264839,-0.9438859668925526
RN7SK,Functional,RN7SK,3.3251721888528367,0.194999992847443,344.31,0.83,23.0085593647585,-8.119404110097292
VTRNA1-2,Functional,VTRNA,3.161210001912337,0.405000001192093,0,0.87,0.0950538729132785,-0.9947493721694654
RNU5A-8P,Pseudogene,RNU5,4.143738993193299,0.683499991893768,0,0.88,0.5374764624088896,-0.9471637053493234
RNU6-1334P,Pseudogene,RNU6,0.0992408078201756,1.81200003623962,0,0.89,-0.991891481032846,-1.2688253502068347
RNU6ATAC10P,Pseudogene,RNU6ATAC,1.345562304228508,3.58699989318848,16.48,0.89,-0.2482390769273478,-1.2871187237131476
MT-TF,Functional,TRNA,0,1.69700002670288,0,0.89,-1.0477222880571466,-1.2688287671643148
NMTRQ-TTG12-1,Functional,TRNA,1.9779244336382231,2.12349998950958,0,0.91,-0.17429189541053142,-1.165617368279023
RNU5E-6P,Pseudogene,RNU5,4.288928824924113,0.725000023841858,2.52,0.92,0.6029085606835485,-0.9401584150253006
RNU1-1,Functional,RNU1,3.388710510932828,0.328999996185303,3848.22,0.94,2.4483095502075276,0.17907546632326066
RNU6-7,Functional,RNU6,2.8241893440414474,2.88700008392334,0.47,0.95,9.248267668215808,-2.314096384288309
MT-TD,Functional,TRNA,0,1.89650005102158,16.51,0.95,-1.0220629886898365,-1.279907541435752
MT-TL1,Functional,TRNA,0,3.49600005149841,0,0.96,-0.8169461235510289,-1.3682945349639257
RNU2-1,Functional,RNU2,2.235557559140659,0.808000028133392,5154.1,0.97,1.7442103047798532,0.9199791405802925
RNU6-1,Functional,RNU6,3.733123845572029,2.71600008010864,0.98,0.97,35.13062082543014,-13.560474339088733
RNU5A-1,Functional,RNU5,4.126551538847475,1.55200004577637,3.54,0.98,0.641787937725678,-0.9962948019360872
RNU6-2,Functional,RNU6,4.122667203370849,2.47699999809265,0.98,0.98,9.86134453590482,-2.130374812944039
RNU6-8,Functional,RNU6,3.8954335779882032,1.48800003528595,1.75,0.98,8.21710992912053,-1.7056188532954104
RNU6-9,Functional,RNU6,4.9342158654517245,2.90599989891052,0.98,0.98,10.622979924526234,-2.371409251700193
RNY3,Functional,RNY,3.166949308379135,1.97699999809265,1.8,0.98,3.1541082468304706,0.892987877358813
RNY4,Functional,RNY,2.7136158388329283,2.55200004577637,0,0.98,4.019282391893782,-0.07513120099795884
RNU1-2,Functional,RNU1,3.367531070239497,0.284000009298325,3848.22,0.99,0.44956950764330084,-0.8041151940361501
RNU5D-1,Functional,RNU5,5.142035973819886,2.70050001144409,6.68,0.99,1.2094683440342282,-0.9947076385479777
RNU5E-1,Functional,RNU5,5.425437551491421,1.02399998903275,6.33,0.99,1.6816691482130264,0.20748035188619954
RNU11,Functional,RNU11,4.013739338504882,5.12800002098083,15.59,0.99,1.5548809785393718,-0.36750836843527246
RNU1-27P,Pseudogene,RNU1,0,0.898999989032745,6836.16,1,-1.1221874203374766,-1.244799102950293
RNU1-28P,Pseudogene,RNU1,0,1.32599997520447,6836.16,1,-1.0674117573609998,-1.268407708225224
RNU2-2,Functional,RNU2,4.9828238062590815,1.35500001907349,37897.85,1,3.7975217386071476,1.7020182718499905
RNU4-1,Functional,RNU4,4.5274340946928415,2.8840000629425,2273.06,1,2.271383483206374,0.6630454274289019
RNU4-2,Functional,RNU4,3.928567150950402,2.83999991416931,9032.84,1,2.384561594999982,0.805765698742386
RNU5B-1,Functional,RNU5,4.215613802275837,2.5200001001358,17.2,1,0.8028843670414522,-1.0441459393171255
RNU4ATAC,Functional,RNU4ATAC,4.836080904160099,3.65599989891052,21.99,1,2.374850604554277,0.5524884537191223
RNU6ATAC,Functional,RNU6ATAC,4.245301223418625,7.1085000038147,167.93,1,5.654595984770906,-0.49833506337297157
RNU12,Functional,RNU12,4.492300567326618,6.10249996185303,89.68,1,1.9486613128538732,-0.07607896940302399
RNY1,Functional,RNY,3.87302621669889,2.04900002479553,461.11,1,3.072765839061806,0.6526458675111986
MT-TA,Functional,TRNA,0,1.93099999427795,848.15,1,-1.0142429011001546,-1.2842591987497742
MT-TC,Functional,TRNA,0,1.03649997711182,850.15,1,-1.1289814195273002,-1.2348086399243652
MT-TE,Functional,TRNA,0,1.73800003528595,134.35,1,-1.0419144331980013,-1.2714904881328948
MT-TG,Functional,TRNA,0,0.828999996185303,306.57,1,-1.157818247106302,-1.221738503920448
MT-TH,Functional,TRNA,0,1.03799998760223,1153.94,1,-1.1275490468760898,-1.2357844075319444
MT-TI,Functional,TRNA,0,3.79900002479553,415.64,1,-0.7763807341317468,-1.3862688023215621
MT-TK,Functional,TRNA,0,1.44749999046326,31.43,1,-1.0795999290514318,-1.2551264131725102
MT-TL2,Functional,TRNA,0,4.61299991607666,112.81,1,-0.6731966609863832,-1.4303844179761669
MT-TM,Functional,TRNA,0,5.76999998092651,34.77,1,-0.5250949373295388,-1.4941249866981012
MT-TN,Functional,TRNA,0,1.98199999332428,656.69,1,-1.0084820729020347,-1.2865162647863733
MT-TP,Functional,TRNA,0,0.754499971866608,300.57,1,-1.1673996181350825,-1.2176018027693765
MT-TQ,Functional,TRNA,0,2.08150005340576,363.47,1,-0.9969149891530099,-1.2911558031277992
MT-TR,Functional,TRNA,0,2.04900002479553,400.09,1,-1.0009346324022095,-1.289466519049391
MT-TS1,Functional,TRNA,0,3.55900001525879,2004.02,1,-0.8006848536731461,-1.3776675451450031
MT-TS2,Functional,TRNA,0,1.0900000333786,99.13,1,-1.1251837865541332,-1.2355593970170478
MT-TT,Functional,TRNA,0,1.18999999761581,229.69,1,-1.1118228721948644,-1.2414720558532015
MT-TV,Functional,TRNA,0,1.23300004005432,31.01,1,-1.1071177495846938,-1.2432655890474111
MT-TW,Functional,TRNA,0,2.15200006961823,136.41,1,-0.9887979991252471,-1.2943863871884136
MT-TY,Functional,TRNA,0,2.32850003242493,1314.03,1,-0.9613499603186888,-1.30760597949633
RN7SL1,Functional,RN7SL,3.1597742155453923,0.28600001335144,2362115.65,1,43.20283129292276,-18.214145310351856
RN7SL2,Functional,RN7SL,2.8945235614217903,0.305000007152557,3901077.06,1,47.00721351703377,-21.969025072782706
