Gene,Gene_Type,Gene_group,enrichment_intergenic_dbsnp,PhyloP100_median,ENCODE_max,functional_probability,PC1,PC2
RNU1-101P,Pseudogene,RNU1,1.2033924727800829,0.437000006437302,0,0,0.37761911927471825,0.5517171103914934
RNU1-103P,Pseudogene,RNU1,1.6116707189996529,0.30799999833107,1.58,0,0.3408366560784098,0.7702150204849402
RNU1-104P,Pseudogene,RNU1,1.4092194710464945,-0.23199999332428,1.04,0,0.7118548372025928,1.0718421825736224
RNU1-105P,Pseudogene,RNU1,1.4238898513329552,-0.133000001311302,0,0,0.6930868534277218,1.0763723573903408
RNU1-109P,Pseudogene,RNU1,1.4649833535359265,-0.0920000001788139,2.47,0,0.670807518681836,1.0760122379554622
RNU1-112P,Pseudogene,RNU1,1.1648692381331596,0.146999999880791,0,0,0.7643843433262995,1.1084576012290173
RNU1-115P,Pseudogene,RNU1,0.6512678013199028,0.252000004053116,0,0,0.9635090800148555,1.1471867705242864
RNU1-117P,Pseudogene,RNU1,1.1211698858165415,0.30799999833107,0,0,0.7618196220799897,1.120160498717637
RNU1-119P,Pseudogene,RNU1,1.3262180681423474,0.300000011920929,0.47,0,0.6779687010655847,1.1065752091522303
RNU1-123P,Pseudogene,RNU1,1.128864188954498,-0.211499996483326,0.12,0,0.8252758293461481,1.0909447355331896
RNU1-124P,Pseudogene,RNU1,1.4851900204812496,0.204999998211861,1.32,0,0.6243488688391768,1.0911345092932987
RNU1-129P,Pseudogene,RNU1,1.0399485849419603,-0.152999997138977,1.38,0,0.8545709759198838,1.0998826958926806
RNU1-130P,Pseudogene,RNU1,0.8466481417158735,0.30799999833107,0,0,0.8754519373818646,1.1377583698499716
RNU1-131P,Pseudogene,RNU1,1.4023157626763951,-0.196999996900558,0,0,0.7102269141251284,1.0742168110210881
RNU1-132P,Pseudogene,RNU1,0.8048187463465466,0.305000007152557,0.16,0,0.8931504939041403,1.140274392928259
RNU1-133P,Pseudogene,RNU1,0.7695619528570508,0.26800000667572,0,0,0.9124913002359702,1.1404883044747116
RNU1-134P,Pseudogene,RNU1,1.2841159072489396,0.194999992847443,2.63,0,-0.32984465866609053,-0.7204867476845118
RNU1-136P,Pseudogene,RNU1,1.355484204373131,0.212999999523163,0,0,0.4959192016844713,0.7717181456144299
RNU1-139P,Pseudogene,RNU1,1.3893713094824591,0.238000005483627,0,0,0.6597830824441301,1.0990975208878366
RNU1-140P,Pseudogene,RNU1,1.2630648268022358,-0.101999998092651,0,0,0.7556801923336458,1.0883958172325365
RNU1-141P,Pseudogene,RNU1,0.8133977602982752,0.30799999833107,0.05,0,0.34227602134003243,0.14559814805296206
RNU1-142P,Pseudogene,RNU1,0.6707309769915321,-0.003000000026077,0,0,0.9881641841270801,1.1318402916485768
RNU1-143P,Pseudogene,RNU1,0.9754147891914526,-0.149999998509884,1.44,0,0.8808982539972574,1.1041855983929358
RNU1-146P,Pseudogene,RNU1,1.1999115854621238,0.214000001549721,0.6,0,0.7412820989075123,1.1099174139662669
RNU1-148P,Pseudogene,RNU1,1.3507776619968357,-0.0219999998807907,0.38,0,-0.2853896364957034,-0.3137342742150604
RNU1-149P,Pseudogene,RNU1,1.121852610141116,0.282999992370605,0.33,0,0.3911511336904465,0.3746272868286708
RNU1-150P,Pseudogene,RNU1,1.0077230176801788,-0.197999998927116,0,0,0.8736882936609944,1.0994563930618173
RNU1-151P,Pseudogene,RNU1,1.5838832928100035,-0.034000001847744,0.29,0,0.6141601143698822,1.071590689401773
RNU1-15P,Pseudogene,RNU1,1.2784145729612908,-0.133000001311302,0,0,0.7533031862166288,1.0856978671422615
RNU1-16P,Pseudogene,RNU1,1.1225103567464991,0.306500002741814,4.48,0,0.7614388974535563,1.1200048021768134
RNU1-17P,Pseudogene,RNU1,1.2339810972377103,-0.0469999983906746,0,0,0.7606633572399889,1.0933011142730469
RNU1-18P,Pseudogene,RNU1,1.080151475359839,0.214000001549721,1.14,0,0.7908519920757197,1.1175960722482667
RNU1-19P,Pseudogene,RNU1,1.5156777921626827,-0.0240000002086162,0.75,0,0.6411076202203071,1.0765171640134834
RNU1-20P,Pseudogene,RNU1,1.0077230176801788,-0.20099999755621,0,0,0.8740731342210853,1.0992905247111069
RNU1-21P,Pseudogene,RNU1,1.3424906824753824,0.246999993920326,0.15,0,0.6780331671130814,1.1026007900063557
RNU1-23P,Pseudogene,RNU1,1.399019721353865,0.30799999833107,0,0,0.6468097155904934,1.102349284469584
RNU1-24P,Pseudogene,RNU1,1.4314734703758671,-0.123999997973442,0,0,0.6887932563513852,1.076383824493782
RNU1-29P,Pseudogene,RNU1,1.2680769888133556,0.211999997496605,1.59,0,0.713319030481317,1.1054400869332237
RNU1-30P,Pseudogene,RNU1,0.6392812773692297,-0.233999997377396,0.86,0,1.0308113305686528,1.1210869939161818
RNU1-31P,Pseudogene,RNU1,0.9275632321828916,-0.19200000166893,0.72,0,0.9060960764884597,1.1049287880592547
RNU1-33P,Pseudogene,RNU1,0.8361956955218505,-0.114000000059605,0.44,0,0.46942887707144515,0.2444350291289934
RNU1-34P,Pseudogene,RNU1,1.1725585892129031,-0.29899999499321,4.09,0,0.8183977983924055,1.0833175996878055
RNU1-35P,Pseudogene,RNU1,1.1805115701484947,-0.17399999499321,0,0,0.7990874977184554,1.0897069478561154
RNU1-36P,Pseudogene,RNU1,1.094656183228604,0.296000003814697,0.44,0,0.7743319599103097,1.1211979460235286
RNU1-38P,Pseudogene,RNU1,0.9407201574620816,0.305000007152557,0,0,0.6429041115774808,0.9011321907531682
RNU1-39P,Pseudogene,RNU1,1.1367583441220122,-0.13400000333786,5,0,0.8120465788520611,1.094737966840997
RNU1-42P,Pseudogene,RNU1,1.5630427231677666,0.266999989748001,0,0,0.0963656351797424,0.10289493676109775
RNU1-43P,Pseudogene,RNU1,1.473575631269275,-0.0549999997019768,0,0,0.6625146443052607,1.077499892136799
RNU1-44P,Pseudogene,RNU1,0.8736844124046139,-0.208000004291534,0,0,0.9304534670866553,1.1074958742174987
RNU1-45P,Pseudogene,RNU1,1.330249126100227,0.266999989748001,0,0,0.6805353014443584,1.104490868013578
RNU1-46P,Pseudogene,RNU1,1.1436897974398292,0.0255000004544854,0,0,0.788737162666234,1.1030976113949087
RNU1-49P,Pseudogene,RNU1,1.2451912679323929,-0.0780000016093254,0,0,0.7599998385041791,1.0908685264614622
RNU1-51P,Pseudogene,RNU1,1.48015409390887,0.305000007152557,1.08,0,-0.13915747605986165,0.17370418341902882
RNU1-54P,Pseudogene,RNU1,0.9551927752691908,0.309499993920326,0,0,0.8303298233412213,1.1308831866048707
RNU1-55P,Pseudogene,RNU1,1.165137332319151,0.30799999833107,0.05,0,-0.45349882742426495,-0.9439907643232566
RNU1-56P,Pseudogene,RNU1,0.7836393056532164,0.0279999997001141,0.57,0,0.7800224444718575,0.8535852991579522
RNU1-57P,Pseudogene,RNU1,1.0043648020355127,0.319000005722046,0.37,0,0.8087559564910953,1.1282574137664512
RNU1-58P,Pseudogene,RNU1,1.2572531788261518,0.30799999833107,0.12,0,0.7054904079116195,1.1114374030524345
RNU1-62P,Pseudogene,RNU1,1.1436897974398292,0.284000009298325,0,0,-0.5300316579024097,-0.42790130025873124
RNU1-63P,Pseudogene,RNU1,1.016613153279848,-0.131500001996756,0,0,0.8614777791405034,1.1025632520517443
RNU1-65P,Pseudogene,RNU1,1.5020230372783343,-0.142000004649162,0,0,0.6618998402412625,1.0708661223114115
RNU1-67P,Pseudogene,RNU1,0.8048187463465466,0.214000001549721,10.7,0,0.22830868913713512,-0.27971375832714895
RNU1-68P,Pseudogene,RNU1,1.2133208353357092,-0.0645000003278255,1.44,0,0.7714542510893274,1.0936621805805034
RNU1-6P,Pseudogene,RNU1,1.0613253058546563,0.296999990940094,0.69,0,0.5946823923170673,0.7579314350008337
RNU1-70P,Pseudogene,RNU1,1.0589720346665086,-0.129000000655651,3.78,0,0.8436081106713339,1.0999972223446366
RNU1-72P,Pseudogene,RNU1,0.9534901143507074,-0.217999994754791,7.42,0,0.8986721452977905,1.1018489430737959
RNU1-73P,Pseudogene,RNU1,0.995433712586518,0.284000009298325,1.98,0,0.8169360237909394,1.126899530336086
RNU1-74P,Pseudogene,RNU1,0.7312480576223469,-0.109999999403954,0.19,0,0.6455187551373971,0.7619110300211036
RNU1-75P,Pseudogene,RNU1,1.103957823425985,-0.17399999499321,0.16,0,0.8307746059119986,1.0946147997429374
RNU1-76P,Pseudogene,RNU1,1.2015003462505542,-0.180999994277954,0,0,0.7912976112040849,1.0879744624732601
RNU1-77P,Pseudogene,RNU1,1.3078958314572533,0.300999999046326,0.48,0,-0.5095393458948575,-0.9680151485710714
RNU1-78P,Pseudogene,RNU1,1.3051669876956435,0.305000007152557,0,0,0.4991121818058509,0.862325624809818
RNU1-7P,Pseudogene,RNU1,1.5037402892264422,0.214000001549721,0,0,0.1872481925405337,0.3483898922894517
RNU1-80P,Pseudogene,RNU1,1.4670380286460751,0.30799999833107,0,0,0.08511841625353202,-0.0056541571554575105
RNU1-82P,Pseudogene,RNU1,1.4946267117159788,-0.130999997258186,0.08,0,0.6635499784369319,1.0719486742166224
RNU1-83P,Pseudogene,RNU1,1.3131253229864706,-0.250999987125397,2.76,0,0.7540612268118698,1.076956732429108
RNU1-84P,Pseudogene,RNU1,1.080151475359839,0.0649999976158142,0,0,0.20543521988716276,-0.08941928594951518
RNU1-88P,Pseudogene,RNU1,1.13971865230983,0.282999992370605,0,0,0.7573487698355069,1.1175892161537484
RNU1-8P,Pseudogene,RNU1,0.7578388960813414,-0.0469999983906746,0,0,0.4525953237337623,0.19549976504706845
RNU1-91P,Pseudogene,RNU1,1.150706299264613,-0.229000002145767,3.22,0,0.8184670140816142,1.0885861192276114
RNU1-93P,Pseudogene,RNU1,0.6576905607017558,-0.0790000036358833,1.08,0,1.0033068722779328,1.1284774048944812
RNU1-94P,Pseudogene,RNU1,1.1444243445158986,0.263999998569489,0.7,0,0.7578354174630951,1.1162391212677252
RNU1-96P,Pseudogene,RNU1,0.8147547802520594,0.214000001549721,0,0,0.9007118445087249,1.1346056431542264
RNU1-98P,Pseudogene,RNU1,1.2808266759291422,-0.240000002086163,0,0,0.7660307349152071,1.0796272683936825
RNU2-10P,Pseudogene,RNU2,1.3334013752142089,0.119000002741814,0,0,0.6982159710082295,1.09610595539287
RNU2-12P,Pseudogene,RNU2,1.0130832464976265,0.186000004410744,0,0,0.8222099286983064,1.120343941112617
RNU2-13P,Pseudogene,RNU2,0.7684575826783514,-0.127000004053116,0.44,0,0.7450031055026678,0.70268909741507
RNU2-14P,Pseudogene,RNU2,1.1638712540167198,0.238000005483627,0,0,-0.44795622990182793,-1.009398439809533
RNU2-16P,Pseudogene,RNU2,1.123756206199048,0.284500002861023,0,0,0.14330286320239735,-0.013518249135166319
RNU2-17P,Pseudogene,RNU2,1.078590884992962,0.421000003814697,0.29,0,0.7649474228666192,1.129138535351926
RNU2-18P,Pseudogene,RNU2,1.3722185772666264,-0.153499998152256,0.78,0,-1.19385923196498,-2.2619755951074856
RNU2-19P,Pseudogene,RNU2,0.7856563952430573,-0.300999999046326,0,0,0.978820815587038,1.10799687861077
RNU2-20P,Pseudogene,RNU2,1.0547583239526523,-0.104999996721745,0,0,0.8422889868059441,1.1015831752544156
RNU2-21P,Pseudogene,RNU2,0.6836002453570611,0.127500001341105,0,0,0.9660966577273047,1.138230600014667
RNU2-22P,Pseudogene,RNU2,0.6553638252275752,0.30799999833107,1.25,0,-1.0888687722315828,-1.9856185645127125
RNU2-23P,Pseudogene,RNU2,1.0865596138260258,0.214000001549721,0.39,0,0.7882025435011694,1.1171830823563789
RNU2-24P,Pseudogene,RNU2,1.457382492464118,0.398999989032745,0,0,-1.5902778396848003,-2.564975455224963
RNU2-25P,Pseudogene,RNU2,1.4184680908328773,-0.0280000008642673,10.54,0,0.6818186275267811,1.082556284332547
RNU2-26P,Pseudogene,RNU2,0.9638308822325962,0.305000007152557,0,0,-0.6322224063890188,-1.168112843638377
RNU2-27P,Pseudogene,RNU2,1.2230381245444182,-0.0794999990612268,1.38,0,0.7693564386257095,1.092209747576149
RNU2-28P,Pseudogene,RNU2,1.249699061439249,-0.23199999332428,0,0,0.7778890919753906,1.0820649812589938
RNU2-29P,Pseudogene,RNU2,1.2129432066910355,0.284000009298325,0,0,0.72691077305147,1.1129505386030218
RNU2-30P,Pseudogene,RNU2,1.3056148830242968,0.165999993681908,0.46,0,-2.279540024993728,-3.50949518221432
RNU2-31P,Pseudogene,RNU2,1.0756423041154524,0.0120000001043081,0,0,0.8186357283747995,1.1067133024306983
RNU2-32P,Pseudogene,RNU2,0.9820163705766074,-0.0799999982118607,0.08,0,0.647656766381593,0.7807126708219235
RNU2-33P,Pseudogene,RNU2,1.230172513604261,-0.212999999523163,0.43,0,0.6098318555784262,0.8055078328956249
RNU2-34P,Pseudogene,RNU2,0.8037685261468772,-0.0309999994933605,0,0,0.9366880260883922,1.1217639816001967
RNU2-35P,Pseudogene,RNU2,0.7827443997084278,-0.0820000022649765,0.73,0,0.3173265745826961,-0.15267283567291953
RNU2-36P,Pseudogene,RNU2,1.254798695736776,0.206000000238419,0.18,0,-1.6518407110401687,-2.5838937101877786
RNU2-37P,Pseudogene,RNU2,0.9026988733925584,0.30799999833107,0.44,0,0.8522491581229152,1.1341666013436373
RNU2-38P,Pseudogene,RNU2,0.9233163765547988,-0.0149999996647239,0,0,0.885151305241824,1.1149851486068443
RNU2-39P,Pseudogene,RNU2,0.6139898463621979,-0.010499999858439,0,0,1.0126130449538506,1.1350629394057548
RNU2-3P,Pseudogene,RNU2,1.327540649112821,0.214000001549721,0,0,0.688455268172227,1.1017341499752205
RNU2-40P,Pseudogene,RNU2,1.4177258260025094,0.156000003218651,0,0,0.6585653263965454,1.092746153152122
RNU2-41P,Pseudogene,RNU2,0.8781138894200936,-0.0050000001210719,0,0,0.9025790909186301,1.1184356919220462
RNU2-42P,Pseudogene,RNU2,1.4139619521281666,-0.209999993443489,3.41,0,0.7070599513452073,1.0727615056263105
RNU2-43P,Pseudogene,RNU2,1.2979653022796658,-0.0685000009834766,0.04,0,0.7369363471894813,1.0880108809760107
RNU2-44P,Pseudogene,RNU2,1.342820208907016,0.239999994635582,2.44,0,0.6787853815505385,1.1021993701047437
RNU2-45P,Pseudogene,RNU2,1.1144689648255022,-0.0920000001788139,0,0,-0.030768472378253295,-0.5137053110800097
RNU2-46P,Pseudogene,RNU2,1.13731722236396,0.212999999523163,0.44,0,0.7673206099677808,1.1138741870617013
RNU2-47P,Pseudogene,RNU2,1.6246680635077144,0.0060000002849847,0,0,0.12171313584009119,0.330953846546404
RNU2-48P,Pseudogene,RNU2,1.327540649112821,0.30799999833107,0.12,0,0.6763964357326538,1.106931713172113
RNU2-50P,Pseudogene,RNU2,1.4088030760486474,0.214000001549721,0,0,0.6548184509866957,1.0965249243023971
RNU2-51P,Pseudogene,RNU2,1.0226337049490182,0.30799999833107,0.54,0,0.4874005287339745,0.44429100176851316
RNU2-53P,Pseudogene,RNU2,0.9451505506683398,0.0579999983310699,0,0,0.35444923429554653,0.15040502510679352
RNU2-54P,Pseudogene,RNU2,1.2614028993985489,-0.160000003874302,0.96,0,0.763804447725877,1.085298384520754
RNU2-56P,Pseudogene,RNU2,1.0968720864335204,0.30799999833107,0,0,0.7718771685584234,1.1217180785871024
RNU2-59P,Pseudogene,RNU2,1.545766509240956,0.146999999880791,0.4,0,-0.07106385422322209,-0.062280385304877055
RNU2-5P,Pseudogene,RNU2,1.2542935432827758,0.30799999833107,1.5,0,0.23916033015160168,0.20054332966515748
RNU2-60P,Pseudogene,RNU2,1.3025356026398056,0.306500002741814,0,0,0.6869396413824167,1.1084513435797418
RNU2-61P,Pseudogene,RNU2,1.0911293006406748,0.207000002264977,0,0,-0.43986217817460044,-0.38672360692828056
RNU2-62P,Pseudogene,RNU2,0.7637905104484723,0.164000004529953,0,0,0.9282214092943668,1.135108169960538
RNU2-64P,Pseudogene,RNU2,1.618508462617001,0.206000000238419,0,0,0.5690417016637038,1.082639708371909
RNU2-65P,Pseudogene,RNU2,1.351820733550501,0.239999994635582,0.11,0,-1.865279589611203,-2.9984671172463084
RNU2-68P,Pseudogene,RNU2,0.7819759987924836,0.252000004053116,0.71,0,0.9094023617877706,1.1388099725964416
RNU2-69P,Pseudogene,RNU2,1.458839874956582,-0.198499999940395,0,0,-0.39695767175923946,-0.6426512911475475
RNU2-6P,Pseudogene,RNU2,1.078590884992962,0.28999999165535,2.27,0,-0.24862255093473015,-0.5154945916033343
RNU2-70P,Pseudogene,RNU2,0.8926128524607979,0.239999994635582,0,0,0.865148900552695,1.1310521753402176
RNU2-71P,Pseudogene,RNU2,1.157809424568716,-0.28999999165535,0,0,0.6847795319091946,0.8881267892711665
RNU2-72P,Pseudogene,RNU2,0.9163031642292292,-0.0309999994933605,1.97,0,0.8900987153469149,1.1145558799548296
RNU2-7P,Pseudogene,RNU2,1.1122775932654518,0.246999993920326,3.45,0,0.773311407495024,1.117368009179954
RNU2-8P,Pseudogene,RNU2,1.0968720864335204,0.30799999833107,0,0,0.7718771685584234,1.1217180785871024
RNU2-9P,Pseudogene,RNU2,0.6228216214921369,0.282999992370605,0,0,0.9713070723987469,1.1507242501992867
RNU4-10P,Pseudogene,RNU4,0.9924080782017566,-0.20100000500679,0,0,0.8804124218418887,1.1002722692324292
RNU4-11P,Pseudogene,RNU4,1.157809424568716,0.284000009298325,0,0,0.749732205045618,1.116484820362761
RNU4-12P,Pseudogene,RNU4,1.4993215569954594,0.263999998569489,0,0,0.6109362793357277,1.0934868245391236
RNU4-13P,Pseudogene,RNU4,1.3056148830242968,-0.136000007390976,0,0,0.74242904998005,1.0837883567135709
RNU4-14P,Pseudogene,RNU4,1.281182559973579,-0.201999999582767,0.23,0,-0.517609509528084,-1.0962893235685942
RNU4-15P,Pseudogene,RNU4,1.133175181492786,0.379000008106232,0,0,0.74774239193336,1.123316467638817
RNU4-17P,Pseudogene,RNU4,1.0100039661131353,-0.0230000000447035,0,0,0.8502951017961053,1.1089858338824476
RNU4-18P,Pseudogene,RNU4,1.0723335610099518,-0.172999992966652,0,0,0.34918318281641025,0.2699061850997961
RNU4-20P,Pseudogene,RNU4,1.265155993734027,0.30799999833107,0,0,0.5660796260389264,0.8880504637263248
RNU4-21P,Pseudogene,RNU4,1.2680769888133556,0.30799999833107,1.24,0,-0.7097815207124604,-1.4140509003090336
RNU4-22P,Pseudogene,RNU4,1.067137602162732,0.238000005483627,0.58,0,0.3432817226779953,0.20752768880256087
RNU4-23P,Pseudogene,RNU4,1.0420284821118444,0.305000007152557,0.74,0,0.7949603069688543,1.125070065770519
RNU4-24P,Pseudogene,RNU4,1.0745137825134128,0.0140000004321337,0.78,0,0.8188431112034803,1.1068985162623612
RNU4-25P,Pseudogene,RNU4,1.3742694474228672,0.207000002264977,2.34,0,0.6700013073990061,1.0983585100564441
RNU4-26P,Pseudogene,RNU4,1.5581734311952813,0.0890000015497208,0,0,0.609024866404909,1.080038541114967
RNU4-27P,Pseudogene,RNU4,1.3743780939125043,0.282000005245209,0.46,0,0.49624611232978766,0.7821534463682976
RNU4-28P,Pseudogene,RNU4,0.9853697230372052,0.187999993562698,0.14,0,-0.5969342535520638,-1.277632885418894
RNU4-29P,Pseudogene,RNU4,0.9382248785298216,-0.0695000011473894,0.49,0,0.885969528129646,1.1110176214420282
RNU4-30P,Pseudogene,RNU4,1.2873545350099709,0.239999994635582,0.14,0,-0.3040798133025705,-0.65979671618781
RNU4-31P,Pseudogene,RNU4,1.428786098403947,0.146999999880791,0,0,0.6551416894228121,1.0915395428365549
RNU4-32P,Pseudogene,RNU4,1.2563463968724369,0.301999986171722,3.7,0,0.567128272947385,0.8333940357634375
RNU4-33P,Pseudogene,RNU4,0.6946856547412297,0.300000011920929,0,0,0.9393797495349611,1.1470574188976106
RNU4-34P,Pseudogene,RNU4,1.2605183251352958,0.214000001549721,0,0,-0.8000864066513365,-1.567563987872747
RNU4-35P,Pseudogene,RNU4,1.2563463968724369,0.282999992370605,0,0,0.5124982551365901,0.809666829366223
RNU4-36P,Pseudogene,RNU4,1.399019721353865,0.30799999833107,0.75,0,0.6468066543863619,1.1023514887047816
RNU4-37P,Pseudogene,RNU4,1.364561107527415,-0.119500000029802,0,0,0.7159129152496014,1.0809219598828037
RNU4-38P,Pseudogene,RNU4,0.7808482165695992,-0.0930000022053719,5.73,0,0.9541053785290525,1.1198221519439915
RNU4-39P,Pseudogene,RNU4,1.0939931570728023,0.207000002264977,2.41,0,-1.596294522889475,-2.8734653988286825
RNU4-41P,Pseudogene,RNU4,1.2873545350099709,-0.0879999995231628,0.86,0,0.743826561589869,1.0876153361386536
RNU4-42P,Pseudogene,RNU4,0.8805874496719812,0.189999997615814,0,0,0.4273249725388565,0.2551031078484603
RNU4-43P,Pseudogene,RNU4,1.2169675703495997,-0.398999989032745,0,0,0.8128603824331379,1.0749298501564246
RNU4-44P,Pseudogene,RNU4,0.7636615353538341,0.30799999833107,0,0,0.9098024412039074,1.1430781218763664
RNU4-45P,Pseudogene,RNU4,1.4534203414798776,0.0035000001080334,0,0,0.5139184548560232,0.8280108978851832
RNU4-46P,Pseudogene,RNU4,1.4095071255619152,0.30799999833107,13.15,0,0.12400854581344771,0.12966783482312616
RNU4-47P,Pseudogene,RNU4,1.4929647843122915,0.30799999833107,0.66,0,-0.7794741159660288,-1.276827636050973
RNU4-48P,Pseudogene,RNU4,0.7633908293859666,-0.10249999910593,0.43,0,0.9625717793449817,1.1204004093514786
RNU4-49P,Pseudogene,RNU4,1.5382325212127226,-0.105000000447035,0,0,0.6421653409644607,1.07059066971134
RNU4-4P,Pseudogene,RNU4,1.1489031982258795,0.0850000008940697,0.52,0,0.7789443915213831,1.1060546649809806
RNU4-50P,Pseudogene,RNU4,1.2563463968724369,-0.158000007271767,0.64,0,0.7656422232140839,1.08573216354497
RNU4-51P,Pseudogene,RNU4,0.6450652508311419,0.30799999833107,0.93,0,0.9588890022173454,1.1506833207856635
RNU4-52P,Pseudogene,RNU4,0.7802628730789173,0.211999997496605,0.55,0,-0.22695546696624483,-0.7477212404717584
RNU4-53P,Pseudogene,RNU4,1.0420284821118444,0.203999996185303,1.17,0,-0.13797111105168752,-0.6313351651893836
RNU4-54P,Pseudogene,RNU4,1.1308836239973503,0.115000002086163,0,0,0.7825569179381452,1.1088669431844493
RNU4-55P,Pseudogene,RNU4,0.9887861509090494,0.305000007152557,0,0,0.8170018343118637,1.1284809236025948
RNU4-56P,Pseudogene,RNU4,0.8805874496719812,0.30799999833107,1.02,0,0.8613993345372846,1.135585730959677
RNU4-57P,Pseudogene,RNU4,0.7461438513887281,0.0689999982714653,0,0,0.947712484759615,1.1309868863261452
RNU4-58P,Pseudogene,RNU4,1.4041518553280172,0.30799999833107,0,0,0.64468538016550625,1.102020295475991
RNU4-59P,Pseudogene,RNU4,0.9282437628007808,-0.0815000012516975,2.33,0,0.8916328470695666,1.1109993823242161
RNU4-5P,Pseudogene,RNU4,1.260725817863713,0.151999995112419,0.59,0,0.7240627847109117,1.1025910168589652
RNU4-60P,Pseudogene,RNU4,1.36364221115871,-0.0759999975562096,0.96,0,0.7107091631196112,1.0833887783209672
RNU4-61P,Pseudogene,RNU4,0.7141628226311706,0.347000002861023,0,0,0.35776376873020427,0.13655820577130995
RNU4-62P,Pseudogene,RNU4,1.442808667539477,0.0549999997019768,0.98,0,0.3368000274589704,0.43310531515221545
RNU4-64P,Pseudogene,RNU4,0.7954415893983545,-0.216999992728233,0,0,0.9639949055144705,1.1120139273380607
RNU4-65P,Pseudogene,RNU4,1.5382325212127226,-0.207000002264976,0,0,0.6552499262200043,1.06495114310959
RNU4-66P,Pseudogene,RNU4,1.2584885049659955,-0.0054999999701976,0,0,0.7451954179602068,1.0940246108702538
RNU4-67P,Pseudogene,RNU4,1.0839066953409258,0.282999992370605,0,0,0.7804509175822426,1.1211669714590695
RNU4-68P,Pseudogene,RNU4,1.108540938416856,0.204999998211861,0.73,0,-0.7067066402316405,-0.8773688618106616
RNU4-69P,Pseudogene,RNU4,1.4816722006718532,0.0979999974370003,0,0,0.6395363680347311,1.085440161332187
RNU4-6P,Pseudogene,RNU4,0.8541217066490528,0.305000007152557,0,0,0.8727432570550192,1.1371134184308582
RNU4-70P,Pseudogene,RNU4,1.1244911677465947,0.30799999833107,0,0,0.7604448495397721,1.1199475921167747
RNU4-71P,Pseudogene,RNU4,0.9836257058282896,-0.0240000002086162,0,0,0.8613420901583125,1.110621489596809
RNU4-72P,Pseudogene,RNU4,1.2247348248328036,0.194999992847443,0.11,0,0.7334463837190769,1.1072742108112346
RNU4-73P,Pseudogene,RNU4,1.3056148830242968,0.414000004529953,0,0,0.67187491352646,1.1141975688989514
RNU4-74P,Pseudogene,RNU4,1.0787044328279962,0.305000007152557,0,0,0.7797821138999541,1.1227168252327757
RNU4-75P,Pseudogene,RNU4,0.8088805568904728,0.30799999833107,0,0,0.8910850090758011,1.1401794133739163
RNU4-76P,Pseudogene,RNU4,1.0346382091890651,0.239999994635582,0,0,0.8063605879202005,1.1219478184761895
RNU4-77P,Pseudogene,RNU4,0.4898424488559952,-0.0195000004023314,0,0,1.0651556868266894,1.142523646869841
RNU4-78P,Pseudogene,RNU4,1.461045226241475,-0.0819999985396862,2.87,0,0.6711531856614906,1.0768187570903418
RNU4-79P,Pseudogene,RNU4,0.8621985076575545,0.214000001549721,0,0,0.8810735436910655,1.1315643226801246
RNU4-7P,Pseudogene,RNU4,1.157809424568716,0.30799999833107,0,0,0.7466534805648912,1.117811767168443
RNU4-81P,Pseudogene,RNU4,0.603025741962873,0.0179999992251396,0,0,1.0134954110332557,1.137341529529578
RNU4-82P,Pseudogene,RNU4,1.3149407036173275,-0.0274999998509884,1.17,0,0.7246456459737838,1.089192883829578
RNU4-83P,Pseudogene,RNU4,1.2013360946652842,0.30799999833107,0,0,0.3677438407871005,0.40262677560647964
RNU4-84P,Pseudogene,RNU4,0.6746947006479569,0.30799999833107,0,0,0.9466283307006638,1.1487812289192518
RNU4-85P,Pseudogene,RNU4,1.4402019671464517,0.26800000667572,1.28,0,0.6348892034186263,1.0975015317350627
RNU4-87P,Pseudogene,RNU4,0.6353832207999052,0.207999996840954,1.11,0,0.9757239583574994,1.1457755565272987
RNU4-88P,Pseudogene,RNU4,1.37321582913964,0.282000005245209,0,0,0.6608259619860268,1.1025658845449595
RNU4-89P,Pseudogene,RNU4,1.331916104954989,0.0579999983310699,0.53,0,0.7066536986617106,1.092830066184804
RNU4-8P,Pseudogene,RNU4,0.7390272922779039,0.301999986171722,0,0,0.5303364948405228,0.5323841974964747
RNU4-90P,Pseudogene,RNU4,1.133175181492786,0.214000001549721,0,0,-0.5363042240074612,-1.0718064174486905
RNU5A-2P,Pseudogene,RNU5,0.9282437628007808,-0.0169999997597188,0,0,0.8833682811960618,1.1145587057525923
RNU5A-3P,Pseudogene,RNU5,1.310152769906705,0.30799999833107,0,0,-0.529499908401672,-1.1504165126249029
RNU5A-4P,Pseudogene,RNU5,1.2829780110085771,0.0099999997764825,0,0,0.7330701749026413,1.093311728742772
RNU5A-5P,Pseudogene,RNU5,0.898300415613659,0.193999998271465,0,0,0.8686955480973422,1.1281442655856209
RNU5A-6P,Pseudogene,RNU5,1.0779604987363909,-0.109000001102686,0,0,0.8331980718844307,1.099874670877662
RNU5B-2P,Pseudogene,RNU5,1.2602704355924963,0.214000001549721,1.4,0,0.716294598178506,1.1060505369777882
RNU5B-4P,Pseudogene,RNU5,0.7510115186391672,0.282999992370605,0.69,0,0.3530292788510223,0.11646437795404672
RNU5B-6P,Pseudogene,RNU5,1.6345544817440696,0.140000000596046,0,0,0.5708662965970271,1.0779619931338895
RNU5E-10P,Pseudogene,RNU5,1.5600991398849648,0.310999989509583,0.63,0,0.009790839489995722,8.641572574805308e-4
RNU5E-3P,Pseudogene,RNU5,1.2769956888625544,-0.237499997019768,0,0,0.7672957875662955,1.0800110729701267
RNU5E-5P,Pseudogene,RNU5,1.3474506234204884,0.206000000238419,0,0,-0.648147908959446,-1.0479352657684975
RNU5E-7P,Pseudogene,RNU5,1.454683635996592,0.354999989271164,0,0,0.6177396763825539,1.1013796240790774
RNU5E-8P,Pseudogene,RNU5,1.3474506234204884,0.194999992847443,0,0,0.19107369651839873,0.18082696936866188
RNU5E-9P,Pseudogene,RNU5,0.5677719293558127,-0.145500004291534,0,0,1.0490617818591998,1.1305616014080384
RNU5F-2P,Pseudogene,RNU5,0.5930243394132448,-0.283500000834465,0,0,1.056311768429756,1.1213128799937477
RNU5F-3P,Pseudogene,RNU5,1.2468716879970787,0.0829999968409538,0,0,0.738651145807984,1.099662410716915
RNU5F-4P,Pseudogene,RNU5,0.8531227338927381,0.284000009298325,0.33,0,-0.714988041770169,-1.6736577991279773
RNU5F-6P,Pseudogene,RNU5,1.4073373177947324,0.0850000008940697,0,0,0.6719733215200173,1.089486542515691
RNU5F-7P,Pseudogene,RNU5,0.8155005512179653,-0.0810000002384186,0,0,0.9382458214081622,1.118247441072382
RNU5F-8P,Pseudogene,RNU5,0.7197193720292019,0.284000009298325,0,0,0.39400938796072404,0.01664678459689907
RNU6-1000P,Pseudogene,RNU6,1.2779594591937713,0.0480000004172325,0,0,0.4985284799912462,0.5905025784550005
RNU6-1001P,Pseudogene,RNU6,0.9030913511635984,-0.211000002920628,0,0,0.9186659438579657,1.1054449110435265
RNU6-1003P,Pseudogene,RNU6,1.0254883474751486,0.30799999833107,0,0,-0.3731997194901533,-0.7469036544058484
RNU6-1004P,Pseudogene,RNU6,1.032640838128855,0.264999985694885,0.5,0,0.14453113617072708,-0.07515378475001093
RNU6-1005P,Pseudogene,RNU6,1.168630073396461,-0.245000004768372,0.71,0,0.4649314485108436,0.29156479885500813
RNU6-1006P,Pseudogene,RNU6,1.0116781379726645,-0.0579999983310699,0,0,0.6024374923234274,0.5708123206292859
RNU6-1007P,Pseudogene,RNU6,0.8440106085641107,0.211999997496605,0,0,-0.8471648514683724,-2.030869911884852
RNU6-1008P,Pseudogene,RNU6,0.9351537659978092,0.30799999833107,0,0,0.43919428234187413,0.19438731377305526
RNU6-1009P,Pseudogene,RNU6,1.103706180429991,-0.111000001430511,0,0,0.27051744009367257,-0.02886899143797622
RNU6-100P,Pseudogene,RNU6,1.1141185028868776,-0.247500002384186,2.87,0,0.3599809439480556,0.15620298029680454
RNU6-1010P,Pseudogene,RNU6,1.168630073396461,0.30799999833107,4.23,0,-0.7724180584041074,-1.2919139475088979
RNU6-1011P,Pseudogene,RNU6,1.4607875917455764,0.214000001549721,0.54,0,0.24637599502023044,0.21879903399007747
RNU6-1012P,Pseudogene,RNU6,0.9878557475678036,0.465000003576279,0,0,0.7968621157812392,1.137386881821234
RNU6-1013P,Pseudogene,RNU6,0.9089345015305808,0.305000007152557,0,0,0.6236759260623401,0.6319947775247567
RNU6-1014P,Pseudogene,RNU6,1.0454007425717533,0.425999999046326,0,0,0.43916727977264736,0.3911067434261764
RNU6-1015P,Pseudogene,RNU6,0.912213486023837,0.224000006914139,0,0,0.20595280457720153,-0.23375390266247065
RNU6-1016P,Pseudogene,RNU6,1.108540938416856,0.0535000003874302,13.54,0,0.6014804304598936,0.6576399915791223
RNU6-1017P,Pseudogene,RNU6,0.8192047815344689,0.289000004529953,0,0,0.15450529338859323,-0.21442545425441661
RNU6-1018P,Pseudogene,RNU6,1.1141185028868776,0.30799999833107,0,0,0.46271729868852735,0.42414793493651315
RNU6-1019P,Pseudogene,RNU6,1.3958636987791062,0.090999998152256,0.21,0,0.282785129297415,0.1898778052973306
RNU6-101P,Pseudogene,RNU6,1.0687471611403534,-0.0679999999701977,9.56,0,0.651251912012467,0.7296369398605855
RNU6-1020P,Pseudogene,RNU6,1.103706180429991,0.305000007152557,0.36,0,-0.5049363801743529,-1.2355554037595837
RNU6-1021P,Pseudogene,RNU6,1.168630073396461,-0.160999998450279,0,0,0.5757656948367428,0.6094744431235593
RNU6-1022P,Pseudogene,RNU6,1.4695273465679857,0.287000000476837,0.09,0,-1.0398214571627684,-1.4647561318935671
RNU6-1023P,Pseudogene,RNU6,1.2124230766710138,0.201999992132187,0,0,0.5515964700185543,0.7209336557850045
RNU6-1024P,Pseudogene,RNU6,1.136168126913226,-0.090999998152256,1.28,0,0.2275462784325144,-0.10437086536850164
RNU6-1025P,Pseudogene,RNU6,1.0687471611403534,0.0549999997019768,0.27,0,0.3128715570176718,0.03462779511521907
RNU6-1026P,Pseudogene,RNU6,1.157809424568716,0.0200000004842877,0,0,0.4456355005910216,0.36381198016375377
RNU6-1027P,Pseudogene,RNU6,0.7466247691144057,0.204999998211861,0,0,0.2981981541035335,-0.2844461105937626
RNU6-1028P,Pseudogene,RNU6,1.0457633512233564,0.30799999833107,0,0,-0.7280834620501057,-1.6100293402394188
RNU6-1029P,Pseudogene,RNU6,0.8764725550473457,-0.157000005245209,0.33,0,0.4966812009465688,0.13488427804280634
RNU6-102P,Pseudogene,RNU6,0.9351537659978092,0.100500002503395,0,0,0.6881745672903755,0.7149534671305833
RNU6-1031P,Pseudogene,RNU6,1.136168126913226,0.30799999833107,0,0,0.42432543262059996,0.3269556956244147
RNU6-1032P,Pseudogene,RNU6,1.4607875917455764,0.305000007152557,0,0,0.3750567858242414,0.5649946380950354
RNU6-1034P,Pseudogene,RNU6,1.1692728842179114,0.231000006198883,0,0,0.5012582269364279,0.5286147784388573
RNU6-1035P,Pseudogene,RNU6,1.5581734311952813,0.296999990940094,0,0,-0.45878721079725754,-1.178983368325003
RNU6-1036P,Pseudogene,RNU6,0.9351537659978092,0.204999998211861,0,0,0.07549449849251244,-0.529901735819111
RNU6-1037P,Pseudogene,RNU6,1.4283256452623412,0.284000009298325,0,0,0.4128278401542479,0.642051659570339
RNU6-1038P,Pseudogene,RNU6,1.2023405562828977,0.202999994158745,0,0,0.40169725155667463,0.314869120155886
RNU6-1039P,Pseudogene,RNU6,1.201092019879696,-0.096000000834465,0.3,0,0.5328160511371236,0.5768348646004244
RNU6-103P,Pseudogene,RNU6,1.201092019879696,-0.120999999344349,0.61,0,0.15774889828736297,-0.18279478122587228
RNU6-1040P,Pseudogene,RNU6,1.266015912846166,0.305000007152557,0,0,0.4403207476423617,0.5685038423855316
RNU6-1041P,Pseudogene,RNU6,1.2940222980473886,0.305000007152557,0,0,-0.548287549266715,-1.077675906231847
RNU6-1042P,Pseudogene,RNU6,0.7141628226311706,0.30799999833107,0,0,0.6385529190776879,0.5170562704795167
RNU6-1043P,Pseudogene,RNU6,1.6840864357363143,-0.200000002980232,0.27,0,0.3508281294660914,0.5009860533175794
RNU6-1044P,Pseudogene,RNU6,1.2335539663629311,0.186000004410744,0,0,0.4505917788025612,0.4859395726700687
RNU6-1045P,Pseudogene,RNU6,0.7141628226311706,-0.0280000008642673,0.71,0,0.8201445122580922,0.8144656297112609
RNU6-1046P,Pseudogene,RNU6,1.168630073396461,0.0280000008642673,0.38,0,0.05931990015322968,-0.4046324627106911
RNU6-1047P,Pseudogene,RNU6,0.7790867155976406,0.30799999833107,0,0,0.5652036441751606,0.3727801473817523
RNU6-1048P,Pseudogene,RNU6,1.2335539663629311,0.30799999833107,3.73,0,0.39923705783786884,0.39056260511880336
RNU6-1049P,Pseudogene,RNU6,0.8115486620808757,-0.0509999990463257,0.27,0,0.6974449007900706,0.5769103275253747
RNU6-104P,Pseudogene,RNU6,1.3634017522958712,-0.0140000004321337,0,0,0.43003588524538056,0.455384817486533
RNU6-1050P,Pseudogene,RNU6,1.201092019879696,0.273000001907349,0,0,0.04476625862144229,-0.19315238253356304
RNU6-1051P,Pseudogene,RNU6,0.6470111490236943,0.30799999833107,0,0,0.7227576679234385,0.6156975698880846
RNU6-1052P,Pseudogene,RNU6,1.001950463569081,0.256999999284744,0,0,0.5193714705329946,0.4787854430370668
RNU6-1053P,Pseudogene,RNU6,1.1348825052703255,0.0659999996423721,4.35,0,0.6155023265718169,0.7350543563123597
RNU6-1054P,Pseudogene,RNU6,1.3359339514254416,0.262500002980232,0,0,0.4287593999322153,0.5720083787099453
RNU6-1055P,Pseudogene,RNU6,1.330939805812636,0.282000005245209,0,0,0.3610222899707227,0.41022524981054603
RNU6-1056P,Pseudogene,RNU6,0.5518530902149955,0.30799999833107,0.21,0,-0.16579444325555281,-0.7321036730219865
RNU6-1057P,Pseudogene,RNU6,1.2599690796777203,0.282000005245209,0,0,-0.8130997889535861,-1.4267965287171536
RNU6-105P,Pseudogene,RNU6,1.2023405562828977,-0.0989999994635582,0,0,0.5384723548165484,0.5507149965035024
RNU6-1061P,Pseudogene,RNU6,1.4034053631135952,0.152999997138977,0,0,0.44016390932879484,0.6165725821654948
RNU6-1062P,Pseudogene,RNU6,0.9738583944970508,0.305999994277954,5.93,0,0.6350892082541286,0.7167333683441501
RNU6-1064P,Pseudogene,RNU6,1.636519090496166,0.30799999833107,0,0,-0.12105489476687355,-0.25018726471058345
RNU6-1065P,Pseudogene,RNU6,1.0158139291027417,0.26800000667572,0.61,0,0.10823088952188256,-0.36452561526292776
RNU6-1066P,Pseudogene,RNU6,1.2570502323888917,0.30799999833107,0,0,0.40164210543663537,0.4783255258208351
RNU6-1067P,Pseudogene,RNU6,1.136168126913226,0.214000001549721,0,0,-0.015050305079579369,-0.5291453615489007
RNU6-1068P,Pseudogene,RNU6,1.0116781379726645,-0.216000005602837,0,0,0.5934608122614292,0.4663491822309154
RNU6-1069P,Pseudogene,RNU6,1.305800102897048,0.206000000238419,0,0,-1.015223623767604,-1.7482673378141835
RNU6-106P,Pseudogene,RNU6,1.006320340980286,0.349000006914139,0,0,-0.9895615309771222,-1.8792685871775552
RNU6-1072P,Pseudogene,RNU6,1.3958636987791062,0.136999994516373,0,0,-0.21291431492541169,-0.7020812562583785
RNU6-1073P,Pseudogene,RNU6,1.3107276504551504,0.0284999995492399,0,0,0.43812132542596965,0.46020803600790094
RNU6-1074P,Pseudogene,RNU6,0.834958719640901,0.282000005245209,0,0,0.5576643091534308,0.39932396669227055
RNU6-1075P,Pseudogene,RNU6,1.6880212171282214,0.214000001549721,0,0,0.19367700347769307,0.31076988826088964
RNU6-1079P,Pseudogene,RNU6,1.168334964792068,-0.0470000002533197,1.39,0,0.4218053667442001,0.26675584877870023
RNU6-107P,Pseudogene,RNU6,0.8513304592417029,-0.12049999833107,13.92,0,0.65575677821618406,0.5031530001628033
RNU6-1080P,Pseudogene,RNU6,1.330939805812636,-0.244000002741814,0,0,0.5379885236163751,0.6224177203570734
RNU6-1081P,Pseudogene,RNU6,1.0712442339467558,-0.0439999997615814,0,0,0.523306821756375,0.42186903100037393
RNU6-1082P,Pseudogene,RNU6,1.5257114847120463,0.30799999833107,0.26,0,0.20357189757338384,0.20985629287357396
RNU6-1083P,Pseudogene,RNU6,1.3958636987791062,0.061999998986721,0.87,0,-1.4493651115245938,-2.072891945542089
RNU6-1084P,Pseudogene,RNU6,1.330939805812636,-0.0419999994337559,0.36,0,0.14988769338039715,-0.10703543227014657
RNU6-1085P,Pseudogene,RNU6,1.6230973241617517,0.184000000357628,0,0,-1.0919558537177674,-1.830546028371738
RNU6-1086P,Pseudogene,RNU6,1.076762764848906,0.218999996781349,0,0,0.50410149939212745,0.4793772302537134
RNU6-1087P,Pseudogene,RNU6,0.928540231584812,0.305000007152557,0,0,0.6909028590815709,0.835019959779355
RNU6-1088P,Pseudogene,RNU6,1.1021455099259891,0.0769999995827675,7.62,0,-0.6124159984928752,-1.0937161348135462
RNU6-1089P,Pseudogene,RNU6,0.6011702781414487,0.284000009298325,0.58,0,0.6113118216735199,0.3039993446126772
RNU6-108P,Pseudogene,RNU6,0.9089345015305808,0.30799999833107,0,0,0.5600421906617399,0.4998129613779682
RNU6-1090P,Pseudogene,RNU6,0.9607354799612752,0.266999989748001,0,0,0.6131224997467789,0.6522603418990608
RNU6-1091P,Pseudogene,RNU6,1.266015912846166,0.319999992847443,0.61,0,-1.0805016274700783,-1.9499598442975343
RNU6-1092P,Pseudogene,RNU6,1.1178849616525537,0.26800000667572,0,0,-0.5585100655275054,-1.169238247571307
RNU6-1093P,Pseudogene,RNU6,0.9089345015305808,0.239999994635582,0,0,-0.36305191182286223,-0.9057364728662812
RNU6-1094P,Pseudogene,RNU6,1.3693323002110775,-0.0515000000596046,0,0,0.3721835348114411,0.3182218367297187
RNU6-1095P,Pseudogene,RNU6,0.9970025600452832,0.27700001001358,1.26,0,-0.8792062185660097,-1.8340362642617267
RNU6-1096P,Pseudogene,RNU6,0.5448514939146899,-0.193000003695488,0.25,0,0.8097607631814763,0.5747679367490447
RNU6-1097P,Pseudogene,RNU6,1.2335539663629311,0.202999994158745,0,0,0.4094103144243247,0.4068015436790505
RNU6-1098P,Pseudogene,RNU6,1.1939909690864885,0.305000007152557,3,0,0.4342487888219976,0.4705235983428582
RNU6-1099P,Pseudogene,RNU6,0.9738583944970508,0.214000001549721,9.26,0,0.4048363020598979,0.12892349431717456
RNU6-10P,Pseudogene,RNU6,1.4607875917455764,0.136999994516373,1.19,0,-1.0744320989126728,-1.8596008860168136
RNU6-1100P,Pseudogene,RNU6,0.801560370855265,0.234999999403954,0.07,0,0.6003227765426069,0.45761387193357367
RNU6-1101P,Pseudogene,RNU6,1.5437458994249549,0.146999999880791,0.41,0,-1.324455404205773,-2.1556834394426603
RNU6-1102P,Pseudogene,RNU6,0.6150862568021305,0.116500001400709,0,0,0.7713205695736912,0.6859089942376949
RNU6-1103P,Pseudogene,RNU6,1.266015912846166,0.214000001549721,0,0,0.4181373387316136,0.42527873719222076
RNU6-1104P,Pseudogene,RNU6,1.5697223929248938,0.214000001549721,0,0,-0.1300300045550254,-0.4226218081146107
RNU6-1105P,Pseudogene,RNU6,1.3958636987791062,0.186000004410744,0,0,0.06552571422102567,-0.17385610384933942
RNU6-1106P,Pseudogene,RNU6,1.298477859329401,0.214000001549721,0,0,-1.2526253067421202,-2.1405723493518676
RNU6-1107P,Pseudogene,RNU6,1.2023405562828977,-0.100499998778105,0,0,0.5191548492441656,0.4901779768653815
RNU6-1108P,Pseudogene,RNU6,1.135543858711625,-0.285500004887581,0,0,0.4960466627769267,0.35351387687255403
RNU6-110P,Pseudogene,RNU6,0.9017554172121732,0.214000001549721,0.12,0,0.4747949199769885,0.22656152874931892
RNU6-1110P,Pseudogene,RNU6,1.3068344000082537,0.0750000029802322,0,0,0.7148571243114995,1.0953762610155422
RNU6-1111P,Pseudogene,RNU6,1.201092019879696,-0.180000007152557,0,0,0.5362460107845434,0.553263806377437
RNU6-1112P,Pseudogene,RNU6,1.473575631269275,-0.0719999969005585,0,0,0.4382028197354346,0.5542713735798377
RNU6-1113P,Pseudogene,RNU6,1.136168126913226,0.30799999833107,0,0,-0.18452598038776016,-0.8725498880038745
RNU6-1115P,Pseudogene,RNU6,1.1141185028868776,-0.193500004708767,0,0,0.6559472494585934,0.6978828673080556
RNU6-1116P,Pseudogene,RNU6,0.912213486023837,0.294999986886978,0,0,0.6435201432061656,0.6621530738236541
RNU6-1117P,Pseudogene,RNU6,1.4361289977823497,0.0435000006109476,0,0,0.2916865553654479,0.2756175119568155
RNU6-1118P,Pseudogene,RNU6,1.3359339514254416,0.262500002980232,1.45,0,0.4219740935593622,0.5341580422927616
RNU6-1119P,Pseudogene,RNU6,1.318616289092149,0.0485000004991889,0,0,0.4976931804607438,0.608899616970097
RNU6-111P,Pseudogene,RNU6,0.7939264625614052,-0.0099999997764825,0,0,0.7337436977071744,0.6583742239949191
RNU6-1120P,Pseudogene,RNU6,1.318616289092149,-0.136999994516373,0,0,0.5146828373330588,0.6524764233816761
RNU6-1121P,Pseudogene,RNU6,0.9878557475678036,0.261999994516373,0.88,0,-0.7061233166256994,-1.534725542545425
RNU6-1122P,Pseudogene,RNU6,0.9738583944970508,0.152999997138977,0,0,-0.735120333774751,-2.022389201697606
RNU6-1123P,Pseudogene,RNU6,1.2451912679323929,0.301999986171722,0,0,0.29529047136754616,0.16267323510380038
RNU6-1124P,Pseudogene,RNU6,1.168630073396461,0.30799999833107,0,0,0.27979925250208537,0.04835146231280394
RNU6-1125P,Pseudogene,RNU6,1.2335539663629311,0.243000000715256,0,0,0.4509099525051595,0.5291372825546838
RNU6-1126P,Pseudogene,RNU6,1.168630073396461,0.287999987602234,0,0,0.16211297948090073,-0.10468018283480847
RNU6-1127P,Pseudogene,RNU6,1.006320340980286,-0.133000001311302,0,0,0.44621843006376744,0.1238857379673602
RNU6-1128P,Pseudogene,RNU6,1.1790536341938302,-0.0900000035762787,0,0,0.5588930729908062,0.624234517079955
RNU6-1129P,Pseudogene,RNU6,1.3693323002110775,-0.206500001251698,0,0,0.4784497649618233,0.5831558816916718
RNU6-112P,Pseudogene,RNU6,1.1689422074972615,-0.17399999499321,8.06,0,0.5838629792864516,0.6461305649672642
RNU6-1130P,Pseudogene,RNU6,1.103706180429991,0.153999999165535,0.72,0,0.45158299474285246,0.36641536880224707
RNU6-1131P,Pseudogene,RNU6,1.266015912846166,0.446000009775162,0.16,0,-0.09563927852117439,-0.5701363585336255
RNU6-1133P,Pseudogene,RNU6,1.146231330323029,0.294999986886978,0,0,-1.095286742852401,-1.984904225214314
RNU6-1134P,Pseudogene,RNU6,0.9629306105323976,0.214000001549721,0,0,0.5765953320237773,0.5399192673332496
RNU6-1135P,Pseudogene,RNU6,1.3489041839635527,0.214000001549721,0.25,0,0.47848378709363004,0.6638094269930889
RNU6-1136P,Pseudogene,RNU6,0.868357068426537,-0.116500001400709,1.11,0,0.6575385388128093,0.5363729259638758
RNU6-1137P,Pseudogene,RNU6,1.0876391564130363,-0.130999997258186,0,0,0.13072123019502654,-0.3616238194904884
RNU6-1138P,Pseudogene,RNU6,0.9830457378413626,-0.11599999666214,0.37,0,-0.7210578578527221,-1.7193916456817664
RNU6-113P,Pseudogene,RNU6,0.9629306105323976,0.307000011205673,0,0,0.25448508510483864,-0.03827591127819103
RNU6-1140P,Pseudogene,RNU6,0.7536683990117115,-0.341000005602837,0,0,0.6649376824877148,0.3029008349989409
RNU6-1141P,Pseudogene,RNU6,1.4607875917455764,0.163000002503395,0,0,0.3454560180936812,0.43396489380696324
RNU6-1143P,Pseudogene,RNU6,1.3693323002110775,0.211999997496605,0,0,0.6714130826294387,1.0989445695689293
RNU6-1144P,Pseudogene,RNU6,0.9685521147834452,0.30799999833107,0,0,0.15761426222825828,-0.3115211893102902
RNU6-1145P,Pseudogene,RNU6,1.330939805812636,0.284000009298325,0.21,0,-0.16452638576129686,-0.700053874218674
RNU6-1146P,Pseudogene,RNU6,1.0897029878293798,0.184000000357628,0,0,0.5317826952823633,0.5195677151375458
RNU6-1147P,Pseudogene,RNU6,0.8764725550473457,-0.17399999499321,0.24,0,0.42276912811038536,0.05241774452695317
RNU6-1148P,Pseudogene,RNU6,1.001950463569081,0.211999997496605,0,0,0.5301302805710519,0.46875175067940444
RNU6-1149P,Pseudogene,RNU6,1.0384476282214257,0.211999997496605,0,0,0.0497187979839246,-0.28556235887906734
RNU6-114P,Pseudogene,RNU6,0.7939264625614052,0.30799999833107,0,0,0.557461063864372,0.3677071855773779
RNU6-1150P,Pseudogene,RNU6,1.0525540223351963,0.194000005722046,0,0,0.8048456159353817,1.1182560325475053
RNU6-1152P,Pseudogene,RNU6,1.201092019879696,-0.129999995231628,0,0,0.4112591377452388,0.2301862854944058
RNU6-1154P,Pseudogene,RNU6,1.3693323002110775,0.30799999833107,0.18,0,-0.03628779708497292,-0.33050608617275845
RNU6-1155P,Pseudogene,RNU6,1.201092019879696,0.228000000119209,0,0,-0.7778017953656793,-1.483221803613583
RNU6-1156P,Pseudogene,RNU6,1.076762764848906,0.30799999833107,0.58,0,0.5523439993589003,0.5972115873549755
RNU6-1157P,Pseudogene,RNU6,1.2124230766710138,0.0399999991059303,3.68,0,0.0891068335952723,-0.24036152014910253
RNU6-1158P,Pseudogene,RNU6,1.168630073396461,0.30799999833107,0,0,-0.13679752418142385,-0.7676779371122017
RNU6-1159P,Pseudogene,RNU6,1.3634017522958712,0.211999997496605,0.09,0,0.4055572686465591,0.4897017343630412
RNU6-115P,Pseudogene,RNU6,1.4607875917455764,0.239999994635582,0.67,0,0.35359518791759903,0.44386264471555664
RNU6-1160P,Pseudogene,RNU6,1.0687471611403534,0.114500001072884,0.29,0,0.2098125260295044,-0.10783571889089812
RNU6-1162P,Pseudogene,RNU6,1.3693323002110775,0.146999999880791,0.32,0,-0.6773722706014351,-1.3886590814301076
RNU6-1163P,Pseudogene,RNU6,1.4283256452623412,0.202999994158745,0.67,0,0.36879974147928707,0.45661489595586446
RNU6-1164P,Pseudogene,RNU6,1.136168126913226,0.223000004887581,0,0,0.01899139730796814,-0.424251651929316
RNU6-1165P,Pseudogene,RNU6,1.168630073396461,-0.0359999984502792,0.17,0,0.5885265476234574,0.6701775758921994
RNU6-1167P,Pseudogene,RNU6,1.108540938416856,0.305000007152557,0,0,0.4648633466319604,0.43312442707928245
RNU6-1168P,Pseudogene,RNU6,0.868357068426537,-0.13400000333786,0,0,0.5874100742097623,0.3795374940050279
RNU6-1169P,Pseudogene,RNU6,1.281458974765375,0.26800000667572,0.19,0,-0.9000966468236059,-1.6685037137289984
RNU6-116P,Pseudogene,RNU6,1.46585046413287,0.305000007152557,0,0,0.23694395838371785,0.2346713036484738
RNU6-1170P,Pseudogene,RNU6,1.4090322242392863,0.197999998927116,0.22,0,0.3946908254518617,0.5020413299053113
RNU6-1172P,Pseudogene,RNU6,0.8115486620808757,0.305000007152557,0,0,0.6442890497113024,0.5569095056851939
RNU6-1174P,Pseudogene,RNU6,0.6878075789517125,-0.0080000003799796,0,0,0.7895455532873583,0.7271280063534502
RNU6-1175P,Pseudogene,RNU6,1.330939805812636,-0.0659999996423721,0,0,0.2810857561634293,0.03947749944348945
RNU6-1176P,Pseudogene,RNU6,1.298477859329401,0.30799999833107,0,0,0.2723721869573307,0.28730264170115993
RNU6-1177P,Pseudogene,RNU6,0.9351537659978092,-0.149000003933907,0,0,0.654787755297653,0.5836788337066076
RNU6-1178P,Pseudogene,RNU6,1.5906353776785165,0.24600000679493,0,0,-1.2318681399585196,-1.978746179740202
RNU6-1179P,Pseudogene,RNU6,1.006320340980286,0.130999997258186,0,0,0.4326437541553297,0.1907539165377571
RNU6-117P,Pseudogene,RNU6,1.4283256452623412,-0.174999997019768,0,0,0.4328595556425269,0.5165964004406867
RNU6-1180P,Pseudogene,RNU6,0.8440106085641107,0.305000007152557,0,0,0.5307890354055181,0.3480355112385329
RNU6-1181P,Pseudogene,RNU6,0.6553638252275752,0.30799999833107,0.28,0,0.5999866869761369,0.33839189016148263
RNU6-1183P,Pseudogene,RNU6,1.157809424568716,0.118000000715256,0,0,-0.002692069690307205,-0.4032182265328256
RNU6-1184P,Pseudogene,RNU6,1.318616289092149,0.155000001192093,0,0,0.40656029599894195,0.47638874667699693
RNU6-1186P,Pseudogene,RNU6,1.4681500950716708,0.30799999833107,0,0,0.4380233857713894,0.6949558501052702
RNU6-1187P,Pseudogene,RNU6,1.4841011714926269,0.214000001549721,0,0,-0.43050813415156314,-1.0072170030065364
RNU6-1188P,Pseudogene,RNU6,1.2335539663629311,0.347000002861023,0,0,0.3535222315807915,0.3183778355338664
RNU6-118P,Pseudogene,RNU6,1.157809424568716,0.202999994158745,7.85,0,0.6002942895307292,0.7717494178537526
RNU6-1190P,Pseudogene,RNU6,1.2357389050685337,0.0799999982118607,0,0,0.26407267842652205,0.1455925947288798
RNU6-1191P,Pseudogene,RNU6,1.7529451100946911,0.284000009298325,0,0,-0.02803032153446388,0.051045709153178305
RNU6-1192P,Pseudogene,RNU6,1.0712442339467558,0.145999997854233,0,0,0.3699413585279642,0.2269084250889576
RNU6-1193P,Pseudogene,RNU6,0.4544672507652904,0.430999994277954,0,0,0.7624711912880762,0.5928716056948001
RNU6-1195P,Pseudogene,RNU6,1.135543858711625,0.211999997496605,0,0,-0.0831086819277922,-0.7268313566520705
RNU6-1196P,Pseudogene,RNU6,0.7020759276640086,-0.167499996721745,0,0,-0.34872887003544956,-1.2491380771851586
RNU6-1197P,Pseudogene,RNU6,1.5906353776785165,0.319000005722046,0,0,0.17183542367015356,0.351943567540094
RNU6-1198P,Pseudogene,RNU6,1.5034241781713178,0.222000002861023,0,0,-0.33173280205779837,-0.7524525534697106
RNU6-1199P,Pseudogene,RNU6,1.1021455099259891,0.24099999666214,0,0,0.5283262136650038,0.5757068176063317
RNU6-119P,Pseudogene,RNU6,1.266015912846166,0.0189999993890524,0,0,0.43321310178774103,0.4194797291263438
RNU6-11P,Pseudogene,RNU6,1.5581734311952813,0,0.03,0,0.16933063250873553,0.004782869552477793
RNU6-1200P,Pseudogene,RNU6,1.266015912846166,0.30799999833107,0,0,0.4086103954958252,0.4268017781894893
RNU6-1201P,Pseudogene,RNU6,1.266015912846166,0.296999990940094,0,0,-0.6205842519098069,-1.29394376194246
RNU6-1203P,Pseudogene,RNU6,1.4841011714926269,0.30799999833107,0.25,0,0.424784170823411,0.697230778571022
RNU6-1204P,Pseudogene,RNU6,1.2335539663629311,-0.138999998569489,0,0,0.45905345012843335,0.40275977637945554
RNU6-1205P,Pseudogene,RNU6,1.2451912679323929,0.214000001549721,0,0,-1.0457864801863546,-1.9443520119267328
RNU6-1206P,Pseudogene,RNU6,0.5058390689863322,0.277999997138977,0.32,0,1.0203695544768856,1.1579477629554429
RNU6-1207P,Pseudogene,RNU6,1.0387822874635209,0.249999992549419,0,0,0.6385777892589488,0.7691054416343143
RNU6-1208P,Pseudogene,RNU6,1.0387822874635209,0.0080000003799796,0,0,0.6639754415643955,0.7513757130274494
RNU6-1209P,Pseudogene,RNU6,1.006320340980286,0.30799999833107,0.56,0,0.49887487181086315,0.4296545809682563
RNU6-120P,Pseudogene,RNU6,1.0454007425717533,-0.224000006914139,0,0,0.09787629846237905,-0.49251040393035084
RNU6-1210P,Pseudogene,RNU6,0.9413964480138156,-0.0949999988079071,0,0,0.7474627971146485,0.8189170447875042
RNU6-1211P,Pseudogene,RNU6,0.7277659240146215,-0.218999996781349,0,0,0.8647833525161318,0.8184278017677739
RNU6-1212P,Pseudogene,RNU6,1.2357389050685337,-0.0474999994039536,0,0,0.7599998911082021,1.0931607874191185
RNU6-1213P,Pseudogene,RNU6,1.736714136853074,0.180000007152557,0,0,-1.0923921785937571,-1.770938955747996
RNU6-1214P,Pseudogene,RNU6,0.732925232066435,0.347000002861023,0,0,0.6737221572494605,0.6313072509686272
RNU6-1215P,Pseudogene,RNU6,1.2940222980473886,-0.189499996602535,0,0,0.5453089383002045,0.6253000205204302
RNU6-1216P,Pseudogene,RNU6,1.0712442339467558,0.0869999974966049,0,0,0.41875190515707267,0.1724759368652365
RNU6-1219P,Pseudogene,RNU6,0.7753188110951224,-0.307500004768372,0.62,0,0.40747084796026994,-0.12873404765430585
RNU6-121P,Pseudogene,RNU6,0.4561067430119185,0.146999999880791,0,0,0.8464300002735546,0.6808553257609155
RNU6-1220P,Pseudogene,RNU6,1.157809424568716,0.140500001609325,0,0,0.7681404212349595,1.1085507802030568
RNU6-1222P,Pseudogene,RNU6,1.330939805812636,-0.187000006437302,0,0,0.5018895195034323,0.5819975868568114
RNU6-1223P,Pseudogene,RNU6,1.669917439281802,0.266999989748001,2.77,0,-1.05089895366794,-1.7182776812295366
RNU6-1224P,Pseudogene,RNU6,0.877128351945997,0.30799999833107,0,0,0.40231846337942306,0.18858459281156684
RNU6-1225P,Pseudogene,RNU6,1.0687471611403534,0.282999992370605,0.51,0,0.5389993669574675,0.5349618033841976
RNU6-1226P,Pseudogene,RNU6,0.9738583944970508,0.44200000166893,0.53,0,0.5747297569709007,0.6442181530598479
RNU6-1227P,Pseudogene,RNU6,0.7466247691144057,0.44200000166893,0.08,0,0.5958016135099722,0.5115412714519216
RNU6-1228P,Pseudogene,RNU6,0.9413964480138156,-0.0270000007003546,0,0,0.5203576360598196,0.3008908309181319
RNU6-1229P,Pseudogene,RNU6,1.3634017522958712,0.28600001335144,0,0,0.13254237229575708,-0.03773085405038575
RNU6-122P,Pseudogene,RNU6,1.201092019879696,0.104000002145767,3.45,0,0.5517219163378803,0.6619486970510289
RNU6-1230P,Pseudogene,RNU6,1.5437458994249549,-0.163499996066093,0,0,0.3343357539237146,0.38290317597045165
RNU6-1231P,Pseudogene,RNU6,1.112845951769931,-0.0729999989271164,0.7,0,-0.10549311625698672,-0.5746936870950635
RNU6-1232P,Pseudogene,RNU6,1.211661025711447,0.0474999994039536,0,0,0.4566502735306078,0.4159841786218889
RNU6-1233P,Pseudogene,RNU6,1.6005012633744016,-0.156000003218651,0,0,0.24362872716351175,0.19881413734365802
RNU6-1234P,Pseudogene,RNU6,1.315181579364464,-0.112999998033047,0,0,0.5908906952944516,0.7730468138396456
RNU6-1236P,Pseudogene,RNU6,0.912213486023837,0.194000005722046,0,0,0.6696403516572688,0.7006751554457095
RNU6-1237P,Pseudogene,RNU6,1.136168126913226,-0.0979999974370003,0,0,0.5280052792220956,0.4374282134441054
RNU6-1238P,Pseudogene,RNU6,1.770767355222742,-0.23200000077486,0.71,0,-1.1457395715209304,-1.7143616170741762
RNU6-123P,Pseudogene,RNU6,0.9534901143507074,0.0104999998002313,0.23,0,0.07335203585103252,-0.6132411346766216
RNU6-1240P,Pseudogene,RNU6,0.7013653244983569,-0.192999996244907,0,0,0.6827739218813378,0.42488712209373136
RNU6-1241P,Pseudogene,RNU6,0.8440106085641107,0.303000003099442,0,0,0.6261203128873831,0.5928437082615173
RNU6-1242P,Pseudogene,RNU6,1.4837946023599078,0.196999996900558,0.09,0,-1.060043348592547,-2.0915369292706076
RNU6-1243P,Pseudogene,RNU6,0.9738583944970508,0.0610000006854534,0.36,0,0.5121005332536884,0.35629932695330946
RNU6-1244P,Pseudogene,RNU6,1.1256480516640297,0.282999992370605,0,0,0.5026148507613242,0.5696188133233223
RNU6-1245P,Pseudogene,RNU6,0.688132016488954,-0.0240000002086163,4.39,0,-0.4851561896590451,-1.4805647722600213
RNU6-1246P,Pseudogene,RNU6,1.5257114847120463,0.214000001549721,0,0,0.35500342607611124,0.5331044892658924
RNU6-1247P,Pseudogene,RNU6,1.311396389052321,0.118499998003244,0,0,0.09650952093533662,-0.10967684933418503
RNU6-1248P,Pseudogene,RNU6,0.9769017019798542,0.275000005960464,0.99,0,0.5066363765563148,0.4074413916398355
RNU6-1249P,Pseudogene,RNU6,1.3142701576185425,0.152999997138977,0,0,0.38094138335089117,0.37467985808245746
RNU6-1250P,Pseudogene,RNU6,1.4283256452623412,0.0719999969005585,0,0,0.4765123288491857,0.6529620117118218
RNU6-1251P,Pseudogene,RNU6,1.4607875917455764,0.282000005245209,2,0,0.28697647786922753,0.33944384908859243
RNU6-1252P,Pseudogene,RNU6,1.5697223929248938,0.246999993920326,0,0,0.17127766864811533,0.167628403802072
RNU6-1254P,Pseudogene,RNU6,1.0687471611403534,0.189999997615814,0.25,0,0.5262010813511163,0.5272858543713418
RNU6-1255P,Pseudogene,RNU6,1.5506376221902447,0.30799999833107,4.84,0,-1.5149642330587965,-2.3903683549756503
RNU6-1256P,Pseudogene,RNU6,1.2477363701662862,0.118000000715256,2.11,0,0.4691329292896952,0.55229964897615
RNU6-1257P,Pseudogene,RNU6,1.0736051027819002,-0.0854999981820583,0.67,0,0.5958507940980139,0.584918439983897
RNU6-1258P,Pseudogene,RNU6,1.126517277958751,-0.136999994516373,0,0,0.8166908934587681,1.0952138946668435
RNU6-125P,Pseudogene,RNU6,0.9413964480138156,0.214000001549721,0,0,0.553950134143019,0.4498069112579023
RNU6-1260P,Pseudogene,RNU6,1.0387822874635209,-0.264999985694885,0.36,0,0.4376935385749199,0.05295897154644806
RNU6-1261P,Pseudogene,RNU6,1.1021455099259891,0.282000005245209,0,0,0.3391945043845929,0.3058602782659592
RNU6-1262P,Pseudogene,RNU6,1.230172513604261,-0.284499987959862,0.56,0,0.4779855685053692,0.3614368192153728
RNU6-1263P,Pseudogene,RNU6,0.9830457378413626,0.30799999833107,0.28,0,0.5248689300969127,0.48348257804320405
RNU6-1264P,Pseudogene,RNU6,1.7529451100946911,0.305000007152557,0,0,-0.5100026222621713,-1.1081672537448997
RNU6-1265P,Pseudogene,RNU6,1.4837946023599078,-0.430999994277954,0,0,0.7065180946494032,1.0560559753587209
RNU6-1266P,Pseudogene,RNU6,0.9262475396549728,0.0719999969005585,0,0,-0.5064070368241319,-1.5728721655805376
RNU6-1267P,Pseudogene,RNU6,1.266015912846166,-0.0920000001788139,0.42,0,0.4773530136037594,0.46998425934472315
RNU6-1269P,Pseudogene,RNU6,0.4220053042820553,0.428000003099442,0,0,0.7464261802640385,0.5178478931249556
RNU6-126P,Pseudogene,RNU6,1.4837946023599078,0.206000000238419,1.41,0,0.6247978240221245,1.0912795149126866
RNU6-1270P,Pseudogene,RNU6,1.4794231536155815,0.203999996185303,0,0,0.34298423032817255,0.47228490388856026
RNU6-1271P,Pseudogene,RNU6,1.3232107709356753,0.296999990940094,0,0,0.5258234813287721,0.8226089792739949
RNU6-1272P,Pseudogene,RNU6,1.168630073396461,-0.218999996781349,5.87,0,0.5959220459840276,0.6289089128754096
RNU6-1273P,Pseudogene,RNU6,1.2691372538541694,-0.149499997496605,0,0,-0.6863593232112347,-1.3598131148173733
RNU6-1274P,Pseudogene,RNU6,1.136168126913226,0.301999986171722,0,0,-0.9546998184831954,-1.8689273186655224
RNU6-1275P,Pseudogene,RNU6,0.9413964480138156,-0.046000000089407,5.97,0,0.6319015611405653,0.5504008213795731
RNU6-1276P,Pseudogene,RNU6,1.135543858711625,0.30799999833107,0,0,0.5444937956462655,0.6562821710634302
RNU6-1277P,Pseudogene,RNU6,1.2335539663629311,0.0270000007003546,0,0,0.5799851141901751,0.7171505813721277
RNU6-1278P,Pseudogene,RNU6,0.8764725550473457,-0.136000007390976,0,0,0.6506747225950685,0.5294828476616587
RNU6-1279P,Pseudogene,RNU6,1.4837946023599078,0.0549999997019768,0,0,0.3866983430582486,0.5419952240068735
RNU6-127P,Pseudogene,RNU6,1.0387822874635209,-0.197999998927116,0,0,0.5402872495572532,0.3430874370818698
RNU6-1280P,Pseudogene,RNU6,1.3634017522958712,-0.163000002503395,0.73,0,0.5089840232626859,0.611489063821686
RNU6-1281P,Pseudogene,RNU6,0.9593278089283648,0.137999996542931,0,0,0.5968657590586312,0.589795318340987
RNU6-1282P,Pseudogene,RNU6,1.4834433252286674,-0.238499999046326,0,0,0.4056689972562584,0.4874910517524452
RNU6-1283P,Pseudogene,RNU6,0.5292843083742702,-0.211999997496605,0,0,0.26017123794280494,-0.55267738833638
RNU6-1284P,Pseudogene,RNU6,0.868357068426537,0.105999998748302,0.29,0,0.6129410834588536,0.4767191309536362
RNU6-1285P,Pseudogene,RNU6,1.2570502323888917,-0.0309999994933605,0.52,0,0.49607411510219895,0.5429528165595353
RNU6-1286P,Pseudogene,RNU6,1.136168126913226,0.30799999833107,0,0,0.40261331324658856,0.40356371687928105
RNU6-1287P,Pseudogene,RNU6,1.330939805812636,0.214000001549721,0,0,0.3329727324746134,0.29134642606082783
RNU6-1288P,Pseudogene,RNU6,1.60312074171053,-0.150000005960464,0,0,0.44080029058484566,0.7116808989728197
RNU6-1289P,Pseudogene,RNU6,0.8192047815344689,0.365000009536743,0,0,0.597631095872538,0.5083142713906564
RNU6-128P,Pseudogene,RNU6,0.6492389296647005,0.30799999833107,0,0,0.6268080052626541,0.39114800730999755
RNU6-1290P,Pseudogene,RNU6,0.6054599743157506,-0.177000001072884,0,0,0.7407505993589076,0.49448944786540827
RNU6-1291P,Pseudogene,RNU6,1.3693323002110775,-0.0209999997168779,0,0,0.4994416090657865,0.6782028330064265
RNU6-1292P,Pseudogene,RNU6,1.4607875917455764,-0.212999999523163,0,0,0.27604488218947704,0.12031121589415114
RNU6-1294P,Pseudogene,RNU6,1.114927594029134,0.294999986886978,0,0,0.023034714638673123,-0.39116137379405236
RNU6-1296P,Pseudogene,RNU6,1.0712442339467558,-0.127000004053116,0,0,0.5967852194374387,0.5995276250159393
RNU6-1297P,Pseudogene,RNU6,0.801560370855265,0.239999994635582,0,0,0.37427634981301,-0.00997033283318851
RNU6-1298P,Pseudogene,RNU6,0.9629306105323976,-0.224999994039536,0,0,-1.0227094401174526,-2.074010542142559
RNU6-1299P,Pseudogene,RNU6,1.2504341785342132,0.30799999833107,0,0,0.4771528441287485,0.5877556118814028
RNU6-129P,Pseudogene,RNU6,1.136168126913226,-0.0799999982118607,0,0,0.5891876503641833,0.5815910771022417
RNU6-1300P,Pseudogene,RNU6,1.0291639329499698,0.30799999833107,0,0,0.2400610381682244,0.023236795546398282
RNU6-1301P,Pseudogene,RNU6,1.1689422074972615,0.220000006258488,0,0,0.1290948250657109,-0.12661577764149912
RNU6-1303P,Pseudogene,RNU6,1.6230973241617517,-0.0820000022649765,0,0,0.24400800853798066,0.22039670858985067
RNU6-1304P,Pseudogene,RNU6,0.8847411640572264,0.29899999499321,0,0,-0.8144789791246076,-1.9313306702748487
RNU6-1305P,Pseudogene,RNU6,1.2023405562828977,-0.078999999910593,0.09,0,0.6128019008188937,0.7295185614217248
RNU6-1306P,Pseudogene,RNU6,1.6139161675806344,-0.0109999999403954,2.56,0,-1.1377381953970522,-2.102187420169292
RNU6-1307P,Pseudogene,RNU6,1.079123347170842,0.256999999284744,0,0,0.5411655688982031,0.5409048239447026
RNU6-1308P,Pseudogene,RNU6,0.7081746965808651,0.214000001549721,0,0,0.382044561588309,-0.01956072292938377
RNU6-1309P,Pseudogene,RNU6,0.643227458093731,-0.168000005185604,0,0,0.7259722693790069,0.47735145926779055
RNU6-130P,Pseudogene,RNU6,1.2140137655671974,0.305000007152557,3.52,0,0.43213054936352263,0.4545551081785954
RNU6-1310P,Pseudogene,RNU6,1.266015912846166,0.239999994635582,0,0,0.3788694898648631,0.3749324856908427
RNU6-1311P,Pseudogene,RNU6,0.8115486620808757,0.30799999833107,5.22,0,0.18753382139044125,-0.2984502321753176
RNU6-1312P,Pseudogene,RNU6,0.643227458093731,0.0945000015199184,0.26,0,0.807283387313021,0.7880766160075031
RNU6-1313P,Pseudogene,RNU6,1.0897029878293798,-0.0329999998211861,0,0,0.5335795982369553,0.45068458502605074
RNU6-1315P,Pseudogene,RNU6,1.508660765347115,0.310999989509583,0.27,0,-1.2264185403997245,-1.9922961058314395
RNU6-1316P,Pseudogene,RNU6,1.0291639329499698,0.301999986171722,0,0,0.3046458024499409,0.027548092798394756
RNU6-1317P,Pseudogene,RNU6,1.4361289977823497,-0.0850000008940697,0,0,0.4417491043870831,0.5514486530842014
RNU6-1318P,Pseudogene,RNU6,0.7418973011799539,0.293999999761581,0,0,0.6454514503210012,0.5266367847134836
RNU6-1319P,Pseudogene,RNU6,0.7013653244983569,0.261999994516373,0.04,0,0.6753764727874089,0.5507609631128819
RNU6-131P,Pseudogene,RNU6,1.136168126913226,0.118000000715256,0,0,0.1280079194647535,-0.2623437994879855
RNU6-1320P,Pseudogene,RNU6,1.0712442339467558,0.40599998831749,0,0,0.48278895438098274,0.4808836435408926
RNU6-1321P,Pseudogene,RNU6,0.4544672507652904,0.23199999332428,0,0,0.8163505264995325,0.665099737688571
RNU6-1322P,Pseudogene,RNU6,1.168630073396461,0.305000007152557,0,0,-1.36128171157666,-2.3260471106065013
RNU6-1323P,Pseudogene,RNU6,1.136168126913226,0.105999998748302,1.33,0,0.3637575278669022,0.10322079581684103
RNU6-1324P,Pseudogene,RNU6,1.136168126913226,0.0320000015199184,0,0,0.12099854147094859,-0.2894190141227659
RNU6-1325P,Pseudogene,RNU6,1.6209331943962024,-0.185000002384186,0,0,0.6181956128470997,1.0608660889244412
RNU6-1326P,Pseudogene,RNU6,1.006320340980286,-0.550000011920929,0,0,0.7196336430920832,0.6571693638096017
RNU6-1327P,Pseudogene,RNU6,1.5878529251228104,0.30799999833107,0,0,0.22511212815628434,0.307229750038077
RNU6-1328P,Pseudogene,RNU6,1.1468866941482565,0.28099998831749,0,0,-0.41537526544694503,-1.0951529044253032
RNU6-1329P,Pseudogene,RNU6,1.298477859329401,-0.068000003695488,0.46,0,-0.07640060801259119,-0.6385806035706899
RNU6-132P,Pseudogene,RNU6,1.103706180429991,0.239999994635582,0.67,0,-0.9131148671949384,-1.9570761145062803
RNU6-1330P,Pseudogene,RNU6,1.1247291552953242,0.0419999994337559,0,0,0.5204467570708793,0.5012783811345091
RNU6-1331P,Pseudogene,RNU6,1.4090322242392863,0.239999994635582,0.37,0,-0.2772518345762888,-0.8752084102984562
RNU6-1332P,Pseudogene,RNU6,1.2691372538541694,-0.417000010609627,0,0,0.3810042333261178,0.14031879593351876
RNU6-1333P,Pseudogene,RNU6,0.8216712045326372,0.30799999833107,0.88,0,0.69735518266567,0.7355109727286471
RNU6-1335P,Pseudogene,RNU6,1.0712442339467558,0.0769999995827675,0,0,-0.75322115831773,-1.5655261992979983
RNU6-1336P,Pseudogene,RNU6,1.0197220620054748,-0.0900000035762787,0,0,0.5627880252009814,0.48478081784237065
RNU6-1337P,Pseudogene,RNU6,1.060309683552403,0.252000004053116,0.76,0,0.7941919723380846,1.120967888751537
RNU6-1338P,Pseudogene,RNU6,1.030577619671055,0.30799999833107,0.47,0,0.5234436666945143,0.5274501548573125
RNU6-1339P,Pseudogene,RNU6,1.5267816587719332,0.208000004291534,0,0,0.36776565758695323,0.5749341118238308
RNU6-133P,Pseudogene,RNU6,1.266015912846166,0.301999986171722,0,0,0.48152792343509765,0.6531085641905078
RNU6-1340P,Pseudogene,RNU6,0.8440106085641107,0.30799999833107,0.56,0,0.08715129442024049,-0.3103442998786156
RNU6-135P,Pseudogene,RNU6,1.375615157903425,-0.116999998688698,0.29,0,0.42965826885942765,0.4473146776166954
RNU6-136P,Pseudogene,RNU6,0.7466247691144057,0.284000009298325,0.28,0,-0.18730183494886596,-0.7660648392114934
RNU6-137P,Pseudogene,RNU6,1.157809424568716,-0.204999998211861,0,0,0.5322168085798041,0.4592770072038585
RNU6-138P,Pseudogene,RNU6,1.168630073396461,0.0130000002682209,0,0,0.6019576096629907,0.71348101965641
RNU6-139P,Pseudogene,RNU6,0.9157219994316208,-0.13849999755621,0,0,0.669175931240471,0.6155147326341255
RNU6-13P,Pseudogene,RNU6,1.3958636987791062,0.0610000006854534,0,0,0.2193624085071427,0.04550707534744243
RNU6-140P,Pseudogene,RNU6,1.2221321703780892,0.0549999997019768,3.82,0,-0.25922952078304645,-1.0790403216454736
RNU6-141P,Pseudogene,RNU6,0.860087001108189,0.30799999833107,0,0,0.5536514480614221,0.4445900962449727
RNU6-142P,Pseudogene,RNU6,1.201092019879696,0.305000007152557,0,0,0.35024349807230987,0.2611967309508218
RNU6-143P,Pseudogene,RNU6,0.9337172778779969,0.30799999833107,0,0,-0.9022077253297502,-2.060235642066518
RNU6-144P,Pseudogene,RNU6,1.298477859329401,-0.0199999995529652,0,0,0.37764523692038365,0.32440818223262513
RNU6-145P,Pseudogene,RNU6,1.0158139291027417,0.146999999880791,0,0,0.42873858871452414,0.25755175492651966
RNU6-146P,Pseudogene,RNU6,1.2542935432827758,-0.191500000655651,11.35,0,0.49030575545998256,0.4227826513570723
RNU6-147P,Pseudogene,RNU6,1.201092019879696,0.168999999761581,0.36,0,0.06362012936661476,-0.26781695981567477
RNU6-148P,Pseudogene,RNU6,1.145492303030751,0.446000009775162,0,0,0.4015840184126935,0.39212156930291875
RNU6-14P,Pseudogene,RNU6,1.507336798023423,-0.1875,0,0,0.2341572490966458,0.09947988601699854
RNU6-150P,Pseudogene,RNU6,1.1334344893146375,-0.212999999523163,0,0,0.6457871078568134,0.7141317927701258
RNU6-151P,Pseudogene,RNU6,0.7466247691144057,-0.261999994516373,1.33,0,0.6501562713215777,0.3494271075932749
RNU6-152P,Pseudogene,RNU6,1.006320340980286,0.305000007152557,0,0,0.15570435326575416,-0.23351109268365394
RNU6-153P,Pseudogene,RNU6,1.1021455099259891,-0.157000005245209,0,0,0.6343244142662661,0.7054327722367375
RNU6-154P,Pseudogene,RNU6,0.9830457378413626,0.30799999833107,0,0,0.45486034417950044,0.3031320498867584
RNU6-155P,Pseudogene,RNU6,1.1114970475859671,-0.184499993920326,0,0,0.26048307791102787,-0.06812558297156447
RNU6-156P,Pseudogene,RNU6,0.9089345015305808,-0.319000005722046,0,0,0.9301015654890149,1.0990990797291953
RNU6-157P,Pseudogene,RNU6,0.7141628226311706,0.437999993562698,0,0,0.6628239468452554,0.6195320503745785
RNU6-158P,Pseudogene,RNU6,0.7641542202153526,0.305000007152557,0,0,0.6234260317939733,0.5168374705674785
RNU6-159P,Pseudogene,RNU6,1.1796548854096351,0.0065000001341104,0,0,0.5954373737061017,0.746007086703803
RNU6-15P,Pseudogene,RNU6,1.6555592706449864,0,0,0,0.2337577124866484,0.28874172096224576
RNU6-160P,Pseudogene,RNU6,1.0387822874635209,0.293000012636185,0,0,0.4946459790188174,0.44550038532439123
RNU6-161P,Pseudogene,RNU6,1.2124230766710138,-0.148499999195337,0,0,0.48869321447016767,0.454271729484891
RNU6-162P,Pseudogene,RNU6,0.5395616735854211,0.0230000000447035,0,0,0.8809492615850543,0.825975718482964
RNU6-163P,Pseudogene,RNU6,1.081350311625499,-0.0499999988824129,0,0,0.5580487498472505,0.5191803964382189
RNU6-164P,Pseudogene,RNU6,1.4837946023599078,0.159999996423721,0,0,0.35619673699509014,0.42236281285523863
RNU6-165P,Pseudogene,RNU6,1.0174688882573566,-0.157000005245209,0,0,0.8643947128993653,1.101098514432377
RNU6-166P,Pseudogene,RNU6,1.298477859329401,0.30799999833107,0.26,0,0.33708342940024427,0.3260566380216697
RNU6-167P,Pseudogene,RNU6,1.1796548854096351,-0.155500002205372,0,0,0.5488536729676038,0.5227323341420578
RNU6-168P,Pseudogene,RNU6,0.825369094742055,-0.136000007390976,0,0,0.6820107683497112,0.5793809844501812
RNU6-169P,Pseudogene,RNU6,1.136168126913226,-0.241999998688698,0,0,-0.8080787102261083,-1.7423361989775275
RNU6-16P,Pseudogene,RNU6,1.4283256452623412,0.0549999997019768,0,0,0.20423082612347426,0.036746087223559466
RNU6-170P,Pseudogene,RNU6,1.5363240441392578,0.284000009298325,0,0,-0.2706267628962952,-0.7714521518499653
RNU6-171P,Pseudogene,RNU6,0.7790867155976406,-0.118000000715256,5.48,0,0.25265210937618676,-0.36368443210370216
RNU6-172P,Pseudogene,RNU6,1.419250262374555,-0.112999998033047,0,0,0.3701443488088507,0.35966363864929557
RNU6-173P,Pseudogene,RNU6,1.2023405562828977,-0.325499996542931,0,0,0.5020031988486919,0.42037224577130117
RNU6-174P,Pseudogene,RNU6,1.2124230766710138,-0.133500002324581,4.71,0,0.4709053605155881,0.4142986208513487
RNU6-175P,Pseudogene,RNU6,0.7141628226311706,0.305000007152557,0,0,0.647362716131931,0.48761754018363607
RNU6-176P,Pseudogene,RNU6,0.9593278089283648,0.266999989748001,0,0,0.569234594753825,0.55818185996378
RNU6-177P,Pseudogene,RNU6,1.0687471611403534,0.279000014066696,0,0,0.5528743923992026,0.6201310564042015
RNU6-178P,Pseudogene,RNU6,0.9017554172121732,0.307000011205673,0.25,0,-0.9539731393066955,-1.940905670058883
RNU6-179P,Pseudogene,RNU6,0.6167769831814656,0.293000012636185,0,0,-0.31480081201675536,-0.893937345378686
RNU6-17P,Pseudogene,RNU6,1.3958636987791062,0.0549999997019768,0,0,0.25227816329472796,0.087204866034918
RNU6-180P,Pseudogene,RNU6,0.7402388124291791,-0.214000001549721,0,0,0.7374511605706989,0.5456216219100892
RNU6-181P,Pseudogene,RNU6,1.0387822874635209,0.282999992370605,1.01,0,-1.077491928606212,-2.1469335498016693
RNU6-182P,Pseudogene,RNU6,0.6946856547412297,-0.0339999999850988,1.37,0,0.727571922594894,0.5439715923264834
RNU6-183P,Pseudogene,RNU6,1.0736051027819002,0.105999998748302,0,0,0.42977498699353783,0.25134829645229284
RNU6-185P,Pseudogene,RNU6,1.5906353776785165,0.188999995589256,1.33,0,0.33323849299294955,0.54267291278172
RNU6-187P,Pseudogene,RNU6,0.7864365902730902,0.221499994397163,0,0,0.6370694881732629,0.5319102003240567
RNU6-188P,Pseudogene,RNU6,1.330939805812636,0.30799999833107,0.71,0,0.32857690785817373,0.3060971209442079
RNU6-189P,Pseudogene,RNU6,1.2036632631654969,-0.111000001430511,0,0,0.5934209323740944,0.6583771554872957
RNU6-190P,Pseudogene,RNU6,1.464288389895729,0.446000009775162,1.43,0,0.3680875564884764,0.574373977317793
RNU6-191P,Pseudogene,RNU6,1.2563463968724369,0.177999995648861,0,0,0.4877932275809304,0.5913344053545372
RNU6-192P,Pseudogene,RNU6,0.9030913511635984,0.325000002980232,0,0,-0.8889515335910763,-1.7982565789933043
RNU6-193P,Pseudogene,RNU6,1.266015912846166,-0.046000000089407,0,0,0.05821985859605068,-0.37501736920316614
RNU6-195P,Pseudogene,RNU6,1.115321005318488,-0.225999996066093,0.62,0,0.21308172658800648,0.01951545000511043
RNU6-196P,Pseudogene,RNU6,1.168630073396461,-0.268999993801117,0.3,0,0.47119499782162605,0.27804621150887615
RNU6-197P,Pseudogene,RNU6,0.6599513720041681,0.347000002861023,0,0,0.6797655730212238,0.5839360930122078
RNU6-198P,Pseudogene,RNU6,1.5697223929248938,0.311000004410744,0,0,0.30488380585535546,0.5059088781824749
RNU6-199P,Pseudogene,RNU6,1.298477859329401,0.152999997138977,0.35,0,-0.05470209525721173,-0.4908841604041554
RNU6-19P,Pseudogene,RNU6,1.330939805812636,0.215000003576279,0.56,0,0.27733208534335246,0.15860093319271462
RNU6-200P,Pseudogene,RNU6,1.330939805812636,0.23199999332428,0,0,0.36394397591295613,0.3984643071716834
RNU6-201P,Pseudogene,RNU6,1.6513019661881687,0.30799999833107,0.65,0,0.03500603904643553,0.07120986782069899
RNU6-203P,Pseudogene,RNU6,0.801560370855265,0.30799999833107,0,0,0.5558381885102056,0.3813724989933226
RNU6-204P,Pseudogene,RNU6,1.298477859329401,-0.237000003457069,0.26,0,0.4625978300845006,0.4391574555521236
RNU6-205P,Pseudogene,RNU6,0.6817008761479356,0.30799999833107,0,0,0.6593565296999788,0.5177238471887617
RNU6-206P,Pseudogene,RNU6,1.5363240441392578,-0.213500000536442,0,0,-1.1879569207182346,-1.9786450299125384
RNU6-207P,Pseudogene,RNU6,0.8764725550473457,0.30799999833107,0,0,0.5403796704114103,0.3962371007293341
RNU6-208P,Pseudogene,RNU6,1.266015912846166,-0.144999995827675,0,0,-0.058520556323121496,-0.5021931794598532
RNU6-209P,Pseudogene,RNU6,1.4932495382288111,0.30799999833107,0,0,0.3583291553699855,0.5352034076776502
RNU6-20P,Pseudogene,RNU6,1.4607875917455764,-0.0610000006854534,0,0,-1.2488207435324574,-2.2000389439131434
RNU6-210P,Pseudogene,RNU6,0.9140600720279336,0.202000007033348,0,0,-0.47674954809632725,-1.0804010027353044
RNU6-211P,Pseudogene,RNU6,1.330939805812636,0.470999985933304,0,0,0.30470037390573035,0.29726171377208355
RNU6-212P,Pseudogene,RNU6,1.3693323002110775,0.214000001549721,0,0,0.4255366962479884,0.5682744091460316
RNU6-213P,Pseudogene,RNU6,1.2023405562828977,0.303000003099442,1.13,0,-0.05113298297692296,-0.5153841932616149
RNU6-214P,Pseudogene,RNU6,1.5581734311952813,0.30799999833107,0,0,0.2833464638289044,0.4275003842489354
RNU6-215P,Pseudogene,RNU6,1.770767355222742,0.118000000715256,0,0,0.3447535754127864,0.6948736752628352
RNU6-216P,Pseudogene,RNU6,1.2023405562828977,0.237000003457069,0.66,0,-0.4928335716102461,-1.206099872302004
RNU6-217P,Pseudogene,RNU6,1.3359339514254416,0.30799999833107,0,0,0.318836265204161,0.2860001750093077
RNU6-218P,Pseudogene,RNU6,1.6209331943962024,0.30799999833107,0,0,-0.9783861221963006,-1.5290752511556804
RNU6-219P,Pseudogene,RNU6,1.0387822874635209,0.277999997138977,0,0,0.46238656116986343,0.33622131602254324
RNU6-21P,Pseudogene,RNU6,1.7529451100946911,0.0769999995827675,0,0,0.1804029422542631,0.27859926027888715
RNU6-220P,Pseudogene,RNU6,1.168630073396461,0.291999995708466,0,0,0.25134304404095176,0.16053131189266742
RNU6-221P,Pseudogene,RNU6,0.8420432178681572,0.30799999833107,0,0,0.23868351392690448,-0.10150604521311352
RNU6-222P,Pseudogene,RNU6,1.5257114847120463,0.165500000119209,0,0,-1.2229121802923228,-2.3709337892774727
RNU6-223P,Pseudogene,RNU6,1.3634017522958712,-0.119999997317791,0,0,0.38381538025997225,0.32601412182935285
RNU6-224P,Pseudogene,RNU6,1.2335539663629311,0.30799999833107,0,0,0.41896438806817116,0.46172177956859406
RNU6-225P,Pseudogene,RNU6,1.112845951769931,0.27700001001358,0,0,-0.7134555486494959,-1.7092475991308607
RNU6-226P,Pseudogene,RNU6,0.9413964480138156,0.239999994635582,0,0,0.6004198971454555,0.5999359905041916
RNU6-227P,Pseudogene,RNU6,1.0116781379726645,0.331999987363815,1.17,0,0.43482690281560354,0.29968896102473835
RNU6-228P,Pseudogene,RNU6,1.5728731805461804,0.214000001549721,9,0,0.24784455764847219,0.29424758714750787
RNU6-229P,Pseudogene,RNU6,1.123756206199048,-0.0955000016838312,0,0,-0.42987524701976865,-0.8162671208088955
RNU6-22P,Pseudogene,RNU6,1.2335539663629311,0.146999999880791,0,0,-0.21384146165492576,-0.9785773952986213
RNU6-230P,Pseudogene,RNU6,1.2691372538541694,-0.284999996423721,7.04,0,0.308540043913814,-0.015730767149052437
RNU6-232P,Pseudogene,RNU6,0.7598124348732199,0.30799999833107,0.21,0,-0.776582089800041,-1.5452658779477293
RNU6-233P,Pseudogene,RNU6,1.0592724522649954,0.152999997138977,0,0,-2.136279020340178,-3.681965085199132
RNU6-234P,Pseudogene,RNU6,0.7013653244983569,0.30799999833107,0.26,0,0.43132128902054473,0.18820069842239445
RNU6-235P,Pseudogene,RNU6,1.0712442339467558,0.19200000166893,0,0,0.005020451966614479,-0.5805034286449096
RNU6-236P,Pseudogene,RNU6,1.04858212036412,0.238000005483627,0,0,0.1360434098013835,-0.2811378840123113
RNU6-237P,Pseudogene,RNU6,1.2719596495261951,-0.150999993085861,0.85,0,0.5042860505873694,0.5429594862491733
RNU6-238P,Pseudogene,RNU6,0.8192047815344689,0.303000003099442,0.09,0,0.19089434181660758,-0.25136230774823665
RNU6-239P,Pseudogene,RNU6,0.7367878156346375,0.214000001549721,0,0,0.771359598604177,0.8048087315145387
RNU6-23P,Pseudogene,RNU6,1.5581734311952813,0.118000000715256,0,0,-0.9947329478228543,-1.9331366579889977
RNU6-240P,Pseudogene,RNU6,1.1100647060298,0.28999999165535,0,0,0.6304184961654469,0.8145654847465985
RNU6-241P,Pseudogene,RNU6,0.9685521147834452,0.261000007390976,0,0,0.5405218539852515,0.480950859092098
RNU6-242P,Pseudogene,RNU6,1.2335539663629311,0.261999994516373,0.1,0,0.36174181048239235,0.26598389764766267
RNU6-243P,Pseudogene,RNU6,1.4283256452623412,0.0140000004321337,0,0,0.4766680424975528,0.6921610976756815
RNU6-244P,Pseudogene,RNU6,1.3693323002110775,-0.351000010967255,0.55,0,0.5123636867448854,0.5536158844874759
RNU6-245P,Pseudogene,RNU6,0.8440106085641107,0.30799999833107,0,0,-0.8618753143829034,-1.796585230040522
RNU6-246P,Pseudogene,RNU6,1.103706180429991,0.30799999833107,0,0,0.38830605352725,0.25261003783886016
RNU6-247P,Pseudogene,RNU6,0.9089345015305808,0.0309999994933605,0.36,0,0.5803439411072,0.3942881819301027
RNU6-248P,Pseudogene,RNU6,1.5581734311952813,0.293000012636185,0,0,0.38201330288566593,0.6554960489319229
RNU6-249P,Pseudogene,RNU6,1.464288389895729,0.0570000000298023,0,0,0.40664411788238997,0.5644039523080493
RNU6-24P,Pseudogene,RNU6,1.4283256452623412,0.146999999880791,0,0,0.2799869264786863,0.24699718876819035
RNU6-250P,Pseudogene,RNU6,1.1465685563690198,-0.275000005960464,0,0,0.8260937774544379,1.0862985844313164
RNU6-251P,Pseudogene,RNU6,1.1021455099259891,0.0445000007748604,0,0,0.4060352622775045,0.2358538664353522
RNU6-253P,Pseudogene,RNU6,1.5216923865760268,-0.090999998152256,0,0,0.3411924887670319,0.35545509350825927
RNU6-254P,Pseudogene,RNU6,1.4932495382288111,0.149000003933907,0,0,0.41741471776421996,0.6566634892711662
RNU6-256P,Pseudogene,RNU6,1.2532988616465484,0.150000005960464,0,0,0.5157498920481257,0.6698878860845343
RNU6-257P,Pseudogene,RNU6,1.098737515151945,-0.0804999992251396,0,0,0.5099224465075041,0.42125448757219003
RNU6-258P,Pseudogene,RNU6,0.997320989479983,0.0130000002682209,0,0,0.6693859207027703,0.7460800137723563
RNU6-259P,Pseudogene,RNU6,0.8115486620808757,0.30799999833107,0,0,0.5450903121673379,0.3636955518517134
RNU6-260P,Pseudogene,RNU6,1.103706180429991,-0.0780000016093254,0,0,0.6128890425935584,0.6414711375305951
RNU6-261P,Pseudogene,RNU6,1.2599690796777203,0.446000009775162,0,0,0.5460188020742545,0.8177527858078529
RNU6-262P,Pseudogene,RNU6,1.4372806649818544,-0.263000011444092,0.79,0,0.32350714484253007,0.20993689181399056
RNU6-263P,Pseudogene,RNU6,1.0387822874635209,0.30799999833107,0.33,0,0.366067965299475,0.1404559902639708
RNU6-264P,Pseudogene,RNU6,1.001950463569081,0.301999986171722,0.69,0,-0.7349566879145466,-1.4025468030468502
RNU6-266P,Pseudogene,RNU6,0.9738583944970508,0.30799999833107,0,0,0.5708794898720838,0.5520165928829918
RNU6-267P,Pseudogene,RNU6,1.5175172069589966,0.163000002503395,0,0,0.36467651545340635,0.5403327595029405
RNU6-268P,Pseudogene,RNU6,1.006320340980286,-0.0219999998807907,0,0,0.49158359699732523,0.2529817673023168
RNU6-269P,Pseudogene,RNU6,1.145873244933987,-0.061999998986721,0,0,0.7990578933786061,1.0981198151639173
RNU6-26P,Pseudogene,RNU6,1.5581734311952813,0.125,7.48,0,0.2320213512004193,0.20440181243600092
RNU6-270P,Pseudogene,RNU6,1.6540134636695942,-0.0480000004172325,0,0,0.28866333491723817,0.3591410232265034
RNU6-271P,Pseudogene,RNU6,1.2901305016622835,0.164000004529953,0,0,0.37881378940893295,0.3492494294828517
RNU6-272P,Pseudogene,RNU6,1.3025356026398056,-0.195000000298023,0.18,0,0.45817775053900445,0.43784283417335296
RNU6-273P,Pseudogene,RNU6,1.3025356026398056,0.209000006318092,0,0,0.5489217140397314,0.7866641453326081
RNU6-274P,Pseudogene,RNU6,1.3634017522958712,0.30799999833107,0,0,0.373503969573307,0.4543561196719327
RNU6-275P,Pseudogene,RNU6,1.266015912846166,0.130999997258186,5.87,0,0.27262851507035757,0.04908591717377858
RNU6-276P,Pseudogene,RNU6,1.0854463355331714,-0.0780000016093254,0,0,0.5722966686303445,0.5084071962665423
RNU6-277P,Pseudogene,RNU6,1.1468866941482565,0.361999988555908,0,0,0.7442475756649117,1.1214975862009025
RNU6-278P,Pseudogene,RNU6,1.0515883764431455,-0.317999988794327,0,0,0.8709248089842863,1.0900097229088936
RNU6-279P,Pseudogene,RNU6,1.3412247789558394,0.063000001013279,0,0,0.5040516176963656,0.6637262360463411
RNU6-27P,Pseudogene,RNU6,1.5581734311952813,0.214000001549721,0,0,0.23952254665756006,0.2681515432937601
RNU6-280P,Pseudogene,RNU6,1.77011248563871,0.282999992370605,0,0,0.22231313724359608,0.4832319614796938
RNU6-281P,Pseudogene,RNU6,1.112845951769931,-0.104999996721745,0,0,0.5305216202676157,0.4076414640918605
RNU6-282P,Pseudogene,RNU6,1.5512398115580857,0.30799999833107,1.15,0,0.31622807714021817,0.4848817338360728
RNU6-283P,Pseudogene,RNU6,1.266015912846166,0.28099998831749,0,0,0.38764996302860716,0.392976783678423
RNU6-284P,Pseudogene,RNU6,0.9175093553186052,-0.0554999988526106,0,0,0.6578916659719484,0.5998636404662548
RNU6-285P,Pseudogene,RNU6,1.146231330323029,0.30799999833107,0.73,0,0.489766088436694,0.5158255816845635
RNU6-286P,Pseudogene,RNU6,0.6817008761479356,-0.157000005245209,0,0,0.7604909569028893,0.5886848445606072
RNU6-287P,Pseudogene,RNU6,1.098737515151945,-0.271999999880791,0,0,0.28980995577037916,-0.07053682326559943
RNU6-288P,Pseudogene,RNU6,1.1021455099259891,0.277999997138977,0.22,0,0.572145561236227,0.6722783287702968
RNU6-289P,Pseudogene,RNU6,1.4932495382288111,0.30799999833107,0,0,0.29367341356924626,0.4196220396041039
RNU6-28P,Pseudogene,RNU6,1.330939805812636,0.146999999880791,0.67,0,-0.11694239471206601,-0.6748088373568206
RNU6-290P,Pseudogene,RNU6,0.997320989479983,0.301999986171722,0.07,0,0.0776611981249374,-0.41127711445223897
RNU6-291P,Pseudogene,RNU6,1.5257114847120463,0.214000001549721,0.36,0,0.3271327102228434,0.47150774205425944
RNU6-293P,Pseudogene,RNU6,0.950277546579984,0.146999999880791,0,0,0.5926268469235926,0.5732771319438779
RNU6-294P,Pseudogene,RNU6,1.0897029878293798,0.446000009775162,0,0,0.5070182248560182,0.6078148607700066
RNU6-295P,Pseudogene,RNU6,1.001950463569081,-0.0765000022947788,0,0,0.4741190753722937,0.2335653472544884
RNU6-296P,Pseudogene,RNU6,1.2335539663629311,-0.025000000372529,0,0,0.4499936577110991,0.42339640967070635
RNU6-297P,Pseudogene,RNU6,1.2335539663629311,0.28099998831749,0,0,0.4636133737673985,0.5561301090288631
RNU6-298P,Pseudogene,RNU6,1.2663540581220332,0.214000001549721,2.83,0,-0.3081280370326477,-0.9903511911394938
RNU6-299P,Pseudogene,RNU6,1.146231330323029,-0.042000001296401,0.73,0,0.5143271719600806,0.4746704653306745
RNU6-300P,Pseudogene,RNU6,0.9351537659978092,-0.212999999523163,0,0,0.7085258270998573,0.7178142522206903
RNU6-301P,Pseudogene,RNU6,1.0712442339467558,-0.101000003516674,0.36,0,0.5075707676547071,0.38993479046998986
RNU6-302P,Pseudogene,RNU6,1.4283256452623412,-0.212999999523163,2.66,0,0.47859684162604593,0.5790151589198925
RNU6-304P,Pseudogene,RNU6,1.4283256452623412,0.194999992847443,0,0,-0.06282514276524927,-0.4018476374239016
RNU6-306P,Pseudogene,RNU6,1.3958636987791062,0.28099998831749,0.67,0,0.07580877445086708,-0.08372396603903753
RNU6-307P,Pseudogene,RNU6,0.8847411640572264,-0.016499999910593,0,0,0.37994360916688424,0.10521724647302576
RNU6-308P,Pseudogene,RNU6,1.2335539663629311,-0.356000006198883,0.26,0,0.4758062463341143,0.3724075143757136
RNU6-309P,Pseudogene,RNU6,1.1468866941482565,0.356000006198883,0,0,0.5142292847042998,0.6285929535625566
RNU6-30P,Pseudogene,RNU6,1.103706180429991,0.239999994635582,0.09,0,0.4238368637014841,0.28732444716126226
RNU6-310P,Pseudogene,RNU6,1.3634017522958712,0.347000002861023,1.38,0,0.28669425570722895,0.2457912739251294
RNU6-311P,Pseudogene,RNU6,1.191862642938384,0.305999994277954,0,0,0.44108465194079355,0.49654082521531384
RNU6-312P,Pseudogene,RNU6,0.4220053042820553,0.0109999999403954,11.55,0,0.815121684875051,0.5443058055167029
RNU6-313P,Pseudogene,RNU6,0.7753188110951224,0.194999992847443,0.34,0,0.36191278207713934,0.08791959262736823
RNU6-314P,Pseudogene,RNU6,1.3693323002110775,-0.309499993920326,0.69,0,0.5182418159649846,0.635744874640659
RNU6-315P,Pseudogene,RNU6,1.0712442339467558,0.165999993681908,0,0,0.4751049125945666,0.3888999937151091
RNU6-316P,Pseudogene,RNU6,1.0712442339467558,-0.140000000596046,1.18,0,0.57410359138464,0.4851232887865797
RNU6-317P,Pseudogene,RNU6,1.168630073396461,0.118000000715256,0,0,0.09630759789039241,-0.35679694769537545
RNU6-318P,Pseudogene,RNU6,1.7198528345535296,0.239999994635582,0,0,-1.2562682654029889,-2.090654705257205
RNU6-31P,Pseudogene,RNU6,0.9648411871405967,0.152999997138977,0,0,-0.8957670576859966,-1.9627251749945704
RNU6-320P,Pseudogene,RNU6,1.081350311625499,0.30799999833107,0,0,0.49773092126453633,0.5222858595163341
RNU6-321P,Pseudogene,RNU6,1.3107276504551504,0.44200000166893,0.24,0,0.35095643813146565,0.425761156311856
RNU6-322P,Pseudogene,RNU6,1.450071997760819,0.214000001549721,2.07,0,0.40482848230385243,0.6264597576988077
RNU6-323P,Pseudogene,RNU6,1.330939805812636,0.263999998569489,0.36,0,-0.04078127925004386,-0.2581029039050732
RNU6-324P,Pseudogene,RNU6,1.1796548854096351,-0.159999996423721,0,0,0.44508370139574543,0.3148494746386386
RNU6-325P,Pseudogene,RNU6,1.455531848029243,0.30799999833107,0,0,0.3829814004938573,0.6016893340455436
RNU6-326P,Pseudogene,RNU6,1.5906353776785165,0.197999998927116,0,0,-0.305947191839032,-0.677199266521092
RNU6-327P,Pseudogene,RNU6,1.3674914463410033,0.0099999997764825,0.85,0,0.49381022024687893,0.6432350457122625
RNU6-329P,Pseudogene,RNU6,1.136168126913226,0.30799999833107,0,0,0.4438892674177518,0.37735343178496905
RNU6-32P,Pseudogene,RNU6,1.0712442339467558,0.342000007629395,0.04,0,0.3636649040224781,0.1289344235556893
RNU6-330P,Pseudogene,RNU6,1.0712442339467558,0.202000007033348,0,0,0.5315111151605052,0.5073121532535355
RNU6-331P,Pseudogene,RNU6,1.006320340980286,0.30799999833107,0.22,0,0.46115144178591433,0.3426671710659236
RNU6-332P,Pseudogene,RNU6,1.0291639329499698,0.359999999403954,0,0,0.507476475617255,0.4947581560356824
RNU6-333P,Pseudogene,RNU6,1.5257114847120463,0.0769999995827675,0,0,-0.9929831223672754,-1.3287266159577764
RNU6-334P,Pseudogene,RNU6,1.0215965510900435,-0.013499999884516,0,0,0.6779631924226753,0.782282355598909
RNU6-335P,Pseudogene,RNU6,1.3217470422067643,-0.241999998688698,0.33,0,0.5191400184610233,0.5756208650231794
RNU6-336P,Pseudogene,RNU6,1.201092019879696,0.232999995350838,0,0,0.19864307814268348,0.028845904691023366
RNU6-337P,Pseudogene,RNU6,1.3107276504551504,-0.059000002220273,0,0,0.4967022432260318,0.53658253517868
RNU6-338P,Pseudogene,RNU6,0.8931672703815808,0.118000000715256,0.29,0,0.0870347621861587,-0.5859989031680747
RNU6-339P,Pseudogene,RNU6,1.2335539663629311,-0.180999994277954,0,0,0.5141015382565942,0.49778022592713994
RNU6-33P,Pseudogene,RNU6,1.4607875917455764,0.114000000059605,4.36,0,0.2181140576328001,0.11766623291382332
RNU6-340P,Pseudogene,RNU6,1.266015912846166,-0.193000003695488,0,0,-0.11323558616030338,-0.7686419866466989
RNU6-341P,Pseudogene,RNU6,1.3748986916753505,0.167000003159046,0.33,0,0.41750116413924676,0.5248320663446681
RNU6-342P,Pseudogene,RNU6,0.6345686269270847,0.30799999833107,0.27,0,0.6987708977276998,0.5924158700381226
RNU6-343P,Pseudogene,RNU6,1.2357389050685337,-0.0880000032484531,3.69,0,0.37776362888958726,0.17448345171333052
RNU6-344P,Pseudogene,RNU6,1.3142701576185425,0.305999994277954,0,0,0.39446184748843144,0.43794323067059837
RNU6-345P,Pseudogene,RNU6,0.9413964480138156,-0.0839999988675117,0,0,0.5793669685143806,0.44111037849211615
RNU6-346P,Pseudogene,RNU6,0.938764398298959,0.193000003695488,3.65,0,0.6383979465837357,0.656660629840209
RNU6-347P,Pseudogene,RNU6,1.0254883474751486,-0.172000005841255,0,0,0.6617844681809217,0.6629737701644636
RNU6-348P,Pseudogene,RNU6,1.3634017522958712,-0.239999994635582,0,0,0.4597796228293286,0.4448276360864824
RNU6-349P,Pseudogene,RNU6,1.4932495382288111,0.214000001549721,0,0,0.6198636715464726,1.0911115900548807
RNU6-351P,Pseudogene,RNU6,1.5977770059048282,0.30799999833107,0,0,0.3744738924297045,0.6407701718212934
RNU6-352P,Pseudogene,RNU6,0.8764725550473457,-0.185000002384186,0,0,0.6767391598928242,0.5879201443833146
RNU6-353P,Pseudogene,RNU6,1.6402300181390144,0.296000003814697,0,0,0.12706581696336788,0.14330034418026041
RNU6-354P,Pseudogene,RNU6,1.266015912846166,-0.226999998092651,0.74,0,0.4672363816760881,0.4224371512644361
RNU6-355P,Pseudogene,RNU6,1.1689422074972615,0.248500004410744,0.03,0,0.4465214215071535,0.4348096119983585
RNU6-356P,Pseudogene,RNU6,1.3958636987791062,0.211999997496605,0,0,0.3907528519920363,0.5044872684458281
RNU6-358P,Pseudogene,RNU6,1.0188722936204702,0.239999994635582,1.17,0,0.5074313268051266,0.4074678622354994
RNU6-359P,Pseudogene,RNU6,1.2221321703780892,0.17399999499321,0,0,0.010022149754206417,-0.3905855850513956
RNU6-35P,Pseudogene,RNU6,0.9413964480138156,0.164000004529953,0,0,0.4304151309105346,0.1224803771520257
RNU6-360P,Pseudogene,RNU6,0.7681620220696289,0.0549999997019768,0,0,0.5723029958391412,0.30291601507693
RNU6-361P,Pseudogene,RNU6,1.006320340980286,0.279000014066696,0,0,0.46122291432465734,0.35205209101146345
RNU6-362P,Pseudogene,RNU6,1.3893713094824591,-0.0684999991208315,0,0,-0.19470632326761425,-0.7250028943911385
RNU6-363P,Pseudogene,RNU6,0.8270067318347971,0.136999994516373,0,0,0.7095889127822914,0.7165936458554159
RNU6-364P,Pseudogene,RNU6,1.4283256452623412,0.30799999833107,0,0,0.2959023720836603,0.33990662080046175
RNU6-365P,Pseudogene,RNU6,1.6711777543303166,-0.0425000004470348,0,0,0.37157747062714974,0.6226427204059536
RNU6-366P,Pseudogene,RNU6,0.7864365902730902,0.30799999833107,0,0,0.3541581555917394,0.05068384547738838
RNU6-367P,Pseudogene,RNU6,1.3893713094824591,0.305000007152557,0,0,0.43017565245863254,0.6252156613465788
RNU6-369P,Pseudogene,RNU6,1.770767355222742,-0.122499998658895,0,0,-0.9031094697399782,-1.7361757205088622
RNU6-370P,Pseudogene,RNU6,1.2357389050685337,0.282999992370605,0,0,-0.05194388305964227,-0.26042092165837233
RNU6-371P,Pseudogene,RNU6,1.1899707974734026,-0.171499997377396,0,0,0.5248612969928765,0.4650930555020966
RNU6-373P,Pseudogene,RNU6,1.098737515151945,0.30799999833107,0,0,0.46108273196649263,0.4453032001363357
RNU6-375P,Pseudogene,RNU6,1.4935741576936437,-0.0370000004768372,0,0,0.6519276442019851,1.0772131222692392
RNU6-376P,Pseudogene,RNU6,0.9830457378413626,0.238000005483627,0,0,0.12585515876697406,-0.32742095396721327
RNU6-377P,Pseudogene,RNU6,0.885383677611371,0.0105000003241002,1.56,0,0.7283296019017291,0.7440146670672385
RNU6-378P,Pseudogene,RNU6,1.266015912846166,0.30799999833107,0,0,0.3252370738877643,0.27319790526336546
RNU6-379P,Pseudogene,RNU6,1.0353488123547172,0.194999992847443,5.7,0,-0.7399858540238571,-1.5814287428556957
RNU6-37P,Pseudogene,RNU6,1.6880212171282214,-0.234999999403954,1.93,0,-1.0482814293460516,-1.7643031123219617
RNU6-380P,Pseudogene,RNU6,1.5257114847120463,-0.116999998688698,0,0,0.3323587884227796,0.38786873599504573
RNU6-381P,Pseudogene,RNU6,1.5437458994249549,-0.140000000596046,0,0,0.3943552785255672,0.5363873041087717
RNU6-382P,Pseudogene,RNU6,1.04858212036412,0.282999992370605,0,0,0.5533829914828408,0.5619938713155818
RNU6-383P,Pseudogene,RNU6,0.6651245630501135,0.30799999833107,0,0,0.6458250968507941,0.466253148170683
RNU6-384P,Pseudogene,RNU6,1.2023405562828977,0.327500000596046,0.69,0,0.16712272180475315,0.0775004861421324
RNU6-386P,Pseudogene,RNU6,0.6492389296647005,-0.0759999975562096,0,0,0.47175720010458533,0.2199154969202735
RNU6-387P,Pseudogene,RNU6,0.7608461932880134,0.214000001549721,0.73,0,0.33498575240231804,0.020500422385721424
RNU6-388P,Pseudogene,RNU6,0.860087001108189,-0.282000005245209,1.7,0,0.9455676197997437,1.1042810941933814
RNU6-389P,Pseudogene,RNU6,1.0254883474751486,-0.172000005841255,0.31,0,0.8629981703405434,1.0997560060038976
RNU6-38P,Pseudogene,RNU6,1.2335539663629311,0.214000001549721,0,0,0.3554406313039262,0.24142962275769442
RNU6-390P,Pseudogene,RNU6,1.0116781379726645,0.279000014066696,0,0,0.6129420982732424,0.6870890390202761
RNU6-391P,Pseudogene,RNU6,0.7681620220696289,0.287000000476837,0,0,0.31926655736163,0.018835166196260123
RNU6-392P,Pseudogene,RNU6,1.272444021060668,-0.238000005483627,0,0,0.5548886885307419,0.5994482802858953
RNU6-393P,Pseudogene,RNU6,0.9413964480138156,0.20100000500679,0,0,0.4348871420006956,0.17885891367927442
RNU6-394P,Pseudogene,RNU6,1.103706180429991,0.0149999996647239,0,0,0.8066344554435291,1.1050801713384348
RNU6-395P,Pseudogene,RNU6,0.8192047815344689,0.296999990940094,0.32,0,0.1569566370332521,-0.42340309854359665
RNU6-396P,Pseudogene,RNU6,1.2570502323888917,0.261999994516373,8.18,0,0.4817095573650837,0.5986855033035026
RNU6-398P,Pseudogene,RNU6,1.3065188919445143,-0.180000007152557,0,0,0.3892485026677092,0.30063804495063534
RNU6-399P,Pseudogene,RNU6,1.2405100977521957,-0.14750000089407,0,0,0.5288958537431572,0.5455901492564063
RNU6-3P,Pseudogene,RNU6,1.168630073396461,0.172999992966652,1.75,0,0.3491149203276635,0.13407990670553113
RNU6-400P,Pseudogene,RNU6,1.4090322242392863,0.319000005722046,0,0,0.3712496393392854,0.48832781791043367
RNU6-401P,Pseudogene,RNU6,1.230172513604261,-0.0245000002905726,0,0,0.5355528807874019,0.5998257263562378
RNU6-402P,Pseudogene,RNU6,1.2140137655671974,-0.150000005960464,0,0,0.4819577848665614,0.43793638474740965
RNU6-403P,Pseudogene,RNU6,0.801560370855265,-0.0600000005215406,0,0,0.6804489921520481,0.5604229694387792
RNU6-405P,Pseudogene,RNU6,1.23148820613218,0.347000002861023,0,0,-0.7536692249690128,-1.4242751957086377
RNU6-406P,Pseudogene,RNU6,1.5581734311952813,0.293000012636185,0,0,-0.5133000966836719,-0.8077198755722081
RNU6-407P,Pseudogene,RNU6,1.2357389050685337,0.114000000059605,0.38,0,0.18325074236211655,0.00947757559192965
RNU6-408P,Pseudogene,RNU6,1.3893713094824591,0.152999997138977,0,0,0.4574547369672058,0.6062690414291371
RNU6-409P,Pseudogene,RNU6,1.1689422074972615,0.20100000500679,0.25,0,0.46132179376782323,0.4648115099141896
RNU6-40P,Pseudogene,RNU6,1.330939805812636,0.118000000715256,0,0,0.229627052142379,0.008479744563093448
RNU6-410P,Pseudogene,RNU6,1.266015912846166,-0.0740000009536743,0,0,0.5851322541118145,0.7749589882113209
RNU6-411P,Pseudogene,RNU6,1.3958636987791062,0.30799999833107,0.09,0,0.286449161226895,0.303412718452288
RNU6-412P,Pseudogene,RNU6,1.2124230766710138,0.30799999833107,0,0,0.5106738756998568,0.6665988400643637
RNU6-413P,Pseudogene,RNU6,1.168630073396461,0.090999998152256,0,0,0.5285822892397855,0.5851353291384414
RNU6-414P,Pseudogene,RNU6,0.7013653244983569,0.123000003397465,0,0,0.6116086178987469,0.34306646899867116
RNU6-415P,Pseudogene,RNU6,1.4681500950716708,0.277999997138977,0.99,0,0.43457635680494167,0.7152978456894041
RNU6-416P,Pseudogene,RNU6,0.9779555333735755,0.202999994158745,0,0,0.06963428811209317,-0.37002237560561846
RNU6-418P,Pseudogene,RNU6,0.9738583944970508,-0.0700000002980232,5.48,0,0.5333370372536194,0.32995620988698243
RNU6-419P,Pseudogene,RNU6,1.433478335180315,0.347000002861023,0,0,0.22811804114258893,0.2361066047967341
RNU6-41P,Pseudogene,RNU6,1.2335539663629311,0.0549999997019768,0,0,-0.9164999816755948,-1.8661425249366914
RNU6-420P,Pseudogene,RNU6,1.298477859329401,0.361000001430511,0,0,0.4059111639737157,0.5136073673117112
RNU6-421P,Pseudogene,RNU6,1.201092019879696,0.003000000026077,0.08,0,-0.60288618023359,-1.2785877834449306
RNU6-422P,Pseudogene,RNU6,0.9738583944970508,-0.138999998569489,0,0,0.588133237828223,0.4750101951112924
RNU6-424P,Pseudogene,RNU6,0.5623645776476621,0.130999997258186,0,0,0.8568652421484755,0.8080571524307745
RNU6-425P,Pseudogene,RNU6,0.7491708041326987,-0.046000000089407,0,0,0.44782909527128134,0.1057555550784115
RNU6-426P,Pseudogene,RNU6,1.217490322742361,0.115000002086163,0,0,0.7467079554769468,1.1033151296889299
RNU6-428P,Pseudogene,RNU6,1.0387822874635209,0.30799999833107,0,0,0.47861736747652506,0.39980060938086176
RNU6-429P,Pseudogene,RNU6,1.3829390349015218,-0.222000002861023,0,0,0.3279377314024944,0.19288929411202468
RNU6-430P,Pseudogene,RNU6,1.6880212171282214,-0.143999993801117,0.47,0,-0.44961922662464393,-0.6667058639584688
RNU6-431P,Pseudogene,RNU6,1.3958636987791062,0.30799999833107,0,0,0.26268807315898557,0.23200614631912259
RNU6-432P,Pseudogene,RNU6,1.115321005318488,-0.230000004172325,0,0,0.6020709001327841,0.617585727419618
RNU6-433P,Pseudogene,RNU6,0.801560370855265,-0.188500002026558,0,0,0.2534803444245608,-0.401572611290132
RNU6-434P,Pseudogene,RNU6,0.7466247691144057,0.20100000500679,0.06,0,-0.12606701767666537,-1.052995818200103
RNU6-435P,Pseudogene,RNU6,1.157809424568716,0.0189999993890524,0,0,0.025852141323430913,-0.4573994030887541
RNU6-436P,Pseudogene,RNU6,0.5484360432167602,0.325499996542931,0,0,0.7621683039997615,0.6047898604831652
RNU6-438P,Pseudogene,RNU6,0.910510324175398,-0.068000003695488,0,0,0.6495914459675011,0.5666454226978507
RNU6-439P,Pseudogene,RNU6,1.6384095630689377,0.214000001549721,0,0,0.27228721002588524,0.43296838014894257
RNU6-43P,Pseudogene,RNU6,1.330939805812636,-0.41100001335144,0.56,0,-0.17676209683656008,-1.006927965258701
RNU6-440P,Pseudogene,RNU6,0.5954448469210539,-0.123000003397465,0,0,0.7386849548490737,0.42859484932822023
RNU6-441P,Pseudogene,RNU6,1.4418004155006654,-0.110500004142523,0,0,0.37799012189513137,0.4034390686493157
RNU6-442P,Pseudogene,RNU6,1.3025356026398056,0.304499998688698,0,0,0.4263737594345576,0.5383970734695939
RNU6-444P,Pseudogene,RNU6,1.157809424568716,0.33899998664856,2.87,0,0.5600408947530903,0.7612296048457114
RNU6-445P,Pseudogene,RNU6,1.136168126913226,0.305000007152557,0,0,0.46638885955521836,0.43415663330405746
RNU6-446P,Pseudogene,RNU6,1.0158139291027417,0.381999999284744,1.46,0,0.3199785508942209,0.20384362163080408
RNU6-447P,Pseudogene,RNU6,0.9685521147834452,0.25,0.07,0,0.5813793844875571,0.5717650575677025
RNU6-448P,Pseudogene,RNU6,1.2335539663629311,-0.046000000089407,0.26,0,0.555237068453195,0.6456323197304334
RNU6-449P,Pseudogene,RNU6,1.330939805812636,-0.108999997377396,0,0,0.48073911651221923,0.5881867521774585
RNU6-44P,Pseudogene,RNU6,1.266015912846166,0.29899999499321,0,0,0.32261816561386303,0.23239402451398264
RNU6-450P,Pseudogene,RNU6,1.3634017522958712,0.238000005483627,0,0,-1.1983462452343776,-2.0319487466996207
RNU6-451P,Pseudogene,RNU6,0.9413964480138156,-0.0860000029206276,0,0,-1.6600166116983128,-3.02354899370367
RNU6-452P,Pseudogene,RNU6,1.266015912846166,0.211999997496605,0,0,0.714178657878717,1.1055675366372113
RNU6-453P,Pseudogene,RNU6,0.9807326890464418,-0.108999997377396,0,0,0.37070972421196335,0.1062838558571174
RNU6-454P,Pseudogene,RNU6,1.103706180429991,-0.207000002264977,0,0,-0.6462595552654787,-1.6223362206767946
RNU6-455P,Pseudogene,RNU6,1.006320340980286,0.263999998569489,0.21,0,0.07341492244484141,-0.20521350773236047
RNU6-456P,Pseudogene,RNU6,0.9413964480138156,0.185000002384186,0,0,0.6219119267030495,0.6340847529449549
RNU6-45P,Pseudogene,RNU6,1.3634017522958712,0.232999995350838,0.35,0,-0.3313990308233196,-1.0399602168073705
RNU6-460P,Pseudogene,RNU6,1.1256480516640297,0.194999992847443,0.72,0,0.5080272984747127,0.5496255094329481
RNU6-461P,Pseudogene,RNU6,1.0387822874635209,-0.256000012159348,0.67,0,0.6024268119964385,0.5113843694873387
RNU6-462P,Pseudogene,RNU6,1.3893713094824591,0.30799999833107,0,0,0.40379399012405076,0.5788024341308002
RNU6-463P,Pseudogene,RNU6,1.006320340980286,0.0089999996125698,0,0,0.5190493333547441,0.3866696222355971
RNU6-464P,Pseudogene,RNU6,1.001950463569081,-0.163500003516674,0,0,0.6418019198723494,0.6319674100745416
RNU6-466P,Pseudogene,RNU6,1.1802911609681086,0.30799999833107,0.09,0,0.5240018338656358,0.6381453864895439
RNU6-467P,Pseudogene,RNU6,1.4841011714926269,0.338500007987022,5.72,0,-1.0853965727625823,-1.9655349150519885
RNU6-468P,Pseudogene,RNU6,1.115321005318488,0.211999997496605,0,0,0.47172651102415525,0.4013343943248159
RNU6-469P,Pseudogene,RNU6,0.8597594736896406,-0.223000004887581,0,0,0.7078282127979847,0.6264040635532806
RNU6-46P,Pseudogene,RNU6,1.330939805812636,0.137999996542931,1.09,0,0.26189313895518196,0.058548055814134775
RNU6-470P,Pseudogene,RNU6,1.001950463569081,0.211999997496605,0,0,0.510260073933131,0.4277600026542883
RNU6-471P,Pseudogene,RNU6,1.2779594591937713,0.284000009298325,0,0,0.4343654181400754,0.5264460043618585
RNU6-472P,Pseudogene,RNU6,1.4932495382288111,0.284000009298325,0,0,0.3550582624211188,0.5277146475054564
RNU6-473P,Pseudogene,RNU6,0.4220053042820553,-0.167999997735023,0,0,0.8627072850037298,0.5670995408329331
RNU6-474P,Pseudogene,RNU6,0.8115486620808757,0.30799999833107,0,0,0.5954890676430856,0.4935260890456184
RNU6-475P,Pseudogene,RNU6,1.3025356026398056,-0.163000002503395,0,0,0.5726266316154099,0.6736456975148464
RNU6-476P,Pseudogene,RNU6,1.2335539663629311,0.30799999833107,1.84,0,0.3573998118779562,0.27256643497421934
RNU6-477P,Pseudogene,RNU6,1.4607875917455764,0.214000001549721,0,0,0.27064140750844784,0.29149630359910206
RNU6-478P,Pseudogene,RNU6,1.2946414474722916,0.214000001549721,0,0,0.49689594297890055,0.6874403891385875
RNU6-479P,Pseudogene,RNU6,0.7608461932880134,0.0610000006854534,1.37,0,0.9426474194144977,1.1296061219226257
RNU6-47P,Pseudogene,RNU6,1.6880212171282214,0.0769999995827675,0.66,0,0.16530490383426105,0.15425722731280653
RNU6-480P,Pseudogene,RNU6,1.201092019879696,-0.104999996721745,0,0,0.3933834766826337,0.20397631601573202
RNU6-481P,Pseudogene,RNU6,0.7790867155976406,-0.184000000357628,0.71,0,0.633631644759133,0.31849591395455973
RNU6-482P,Pseudogene,RNU6,1.5906353776785165,-0.0149999996647239,0,0,0.12433710530854357,0.06257398761160123
RNU6-483P,Pseudogene,RNU6,0.7718729497124773,0.284000009298325,0.42,0,0.6815562648161037,0.6764207082667599
RNU6-484P,Pseudogene,RNU6,1.5906353776785165,0.0850000008940697,0.67,0,0.31917934249511754,0.4255480607477234
RNU6-485P,Pseudogene,RNU6,1.0387822874635209,-0.0900000035762787,10.96,0,0.5174152500785474,0.35656153725900114
RNU6-486P,Pseudogene,RNU6,1.103706180429991,0.0270000007003546,0,0,0.46734673477373445,0.3478289176794351
RNU6-487P,Pseudogene,RNU6,0.9351537659978092,0.282000005245209,0,0,0.42375535955262134,0.16497662655609002
RNU6-488P,Pseudogene,RNU6,1.0876391564130363,-0.142000004649162,0,0,0.617726355601561,0.6335325354089735
RNU6-489P,Pseudogene,RNU6,1.0387822874635209,0.144999995827675,0.09,0,0.31852405258391564,0.06997787084070164
RNU6-48P,Pseudogene,RNU6,1.006320340980286,0.211999997496605,0.91,0,0.4154926430563031,0.1676341167195205
RNU6-490P,Pseudogene,RNU6,1.3958636987791062,0.003000000026077,0.3,0,0.3838603847402819,0.385724097591387
RNU6-491P,Pseudogene,RNU6,1.1367583441220122,-0.0665000006556511,0,0,0.5697401474930801,0.608658689046563
RNU6-492P,Pseudogene,RNU6,1.2023405562828977,0.421000003814697,0,0,-0.8906446857022643,-1.6839321853132756
RNU6-493P,Pseudogene,RNU6,1.318616289092149,0.217999994754791,0,0,0.4278976225782754,0.5658524526327638
RNU6-494P,Pseudogene,RNU6,1.0806221295974685,-0.134499996900558,0,0,0.48618391486234463,0.2905311095046318
RNU6-495P,Pseudogene,RNU6,1.6880212171282214,0.303999990224838,0.71,0,-0.3511611606314905,-0.6408047127435942
RNU6-496P,Pseudogene,RNU6,0.8420432178681572,0.305000007152557,0,0,0.5402810413769888,0.4011014903884726
RNU6-497P,Pseudogene,RNU6,1.0353488123547172,0.375999987125397,0,0,0.08704127422224363,-0.33129047415801566
RNU6-498P,Pseudogene,RNU6,0.5518530902149955,0.298000007867813,0,0,0.656910220882126,0.37743067981565276
RNU6-499P,Pseudogene,RNU6,1.5906353776785165,-0.149000003933907,0,0,0.3158691989710806,0.35733255492358335
RNU6-49P,Pseudogene,RNU6,1.298477859329401,0.146999999880791,2.66,0,-0.2448484280311615,-0.9973899139050559
RNU6-4P,Pseudogene,RNU6,1.330939805812636,0.360000014305115,0,0,0.22415538243194133,0.0775401343429365
RNU6-500P,Pseudogene,RNU6,1.266015912846166,-0.0209999997168779,0,0,0.4783543829675488,0.4897510813119341
RNU6-501P,Pseudogene,RNU6,0.5557485237929837,0.239999994635582,0,0,-0.4093632289080459,-1.585313821091054
RNU6-502P,Pseudogene,RNU6,0.9648411871405967,0.214000001549721,0,0,-0.828803202993853,-1.8953128847382992
RNU6-503P,Pseudogene,RNU6,0.6946856547412297,0.171000003814697,0,0,0.7891622223050845,0.8326682904566476
RNU6-504P,Pseudogene,RNU6,0.7681620220696289,0.197999998927116,0,0,0.7009860933488881,0.6691837144450691
RNU6-505P,Pseudogene,RNU6,0.8764725550473457,0.214000001549721,0,0,0.6572477918026941,0.6814272772166108
RNU6-506P,Pseudogene,RNU6,0.775978656891799,0.301999986171722,0,0,0.6565292418790316,0.5924163248516467
RNU6-507P,Pseudogene,RNU6,1.2851684612712748,0.0360000003129244,0,0,0.3968805054704568,0.4644392450773814
RNU6-508P,Pseudogene,RNU6,1.315181579364464,-0.214000001549721,0,0,0.49680647211964674,0.5324999644391663
RNU6-509P,Pseudogene,RNU6,1.2335539663629311,0.347000002861023,0.99,0,-0.713474186666092,-1.209466797611402
RNU6-50P,Pseudogene,RNU6,0.9779555333735755,0.20100000500679,0.75,0,0.5742154460243568,0.5642323590309147
RNU6-510P,Pseudogene,RNU6,1.736714136853074,0.0175000000745058,1.07,0,0.17994592664353093,0.22802240119342265
RNU6-511P,Pseudogene,RNU6,1.168630073396461,-0.241999998688698,0,0,0.3594035813891743,0.06164659654791621
RNU6-512P,Pseudogene,RNU6,0.910510324175398,0.204999998211861,0,0,0.5649260310374284,0.4844365412202383
RNU6-514P,Pseudogene,RNU6,1.4283256452623412,0.252000004053116,0,0,0.2677485684582013,0.26616911977784724
RNU6-516P,Pseudogene,RNU6,1.4027306489967135,0.28999999165535,4.16,0,-1.1949182363245892,-2.1173102581017544
RNU6-517P,Pseudogene,RNU6,0.8525687580915091,-0.0925000011920929,0,0,-0.5600240651333871,-1.284762887090045
RNU6-518P,Pseudogene,RNU6,1.157809424568716,0.284000009298325,0,0,-0.7264208747615715,-1.3110276524571396
RNU6-519P,Pseudogene,RNU6,1.1899707974734026,0.214000001549721,0,0,-0.544121506600245,-0.9033967982272895
RNU6-520P,Pseudogene,RNU6,0.6345686269270847,-0.25900000333786,0,0,0.8322583611908858,0.6869800730873683
RNU6-522P,Pseudogene,RNU6,1.3634017522958712,-0.0579999983310699,0,0,0.43970290842194354,0.48370524842829427
RNU6-523P,Pseudogene,RNU6,1.286454916187462,0.165999993681908,0,0,0.5313573611601593,0.7189091531943804
RNU6-524P,Pseudogene,RNU6,1.2335539663629311,0.284000009298325,0,0,0.43232369494748446,0.4359021833623007
RNU6-525P,Pseudogene,RNU6,1.1689422074972615,0.30799999833107,0,0,0.3669239643144632,0.47269948744557466
RNU6-526P,Pseudogene,RNU6,1.6384095630689377,-0.229000002145767,0,0,0.3512791199627652,0.48596090490821336
RNU6-527P,Pseudogene,RNU6,1.0353488123547172,0.347000002861023,0.27,0,0.4446801622338249,0.35456854764469975
RNU6-528P,Pseudogene,RNU6,1.1809656130600903,0.30799999833107,0,0,0.5255063291936947,0.7140623495761389
RNU6-529P,Pseudogene,RNU6,1.0353488123547172,0.144999995827675,0,0,-0.7842973682542141,-1.88003286392763
RNU6-530P,Pseudogene,RNU6,1.0387822874635209,0.0419999994337559,3.27,0,0.6158959588004125,0.650874419459102
RNU6-531P,Pseudogene,RNU6,1.3693323002110775,0.305000007152557,1.89,0,0.3842805497576931,0.47673388231968167
RNU6-532P,Pseudogene,RNU6,1.136168126913226,0.30799999833107,0,0,-0.1889167042770778,-0.7288975926877226
RNU6-533P,Pseudogene,RNU6,1.6230973241617517,0.305000007152557,0,0,-0.24870925750266373,-0.6345509483970737
RNU6-534P,Pseudogene,RNU6,0.7864365902730902,0.0564999990165234,0.37,0,0.7303606463158956,0.7085909885812725
RNU6-535P,Pseudogene,RNU6,1.266015912846166,-0.172000005841255,0,0,0.5162487975660822,0.5393168945262021
RNU6-536P,Pseudogene,RNU6,1.298477859329401,0.301999986171722,0,0,0.11713726521019098,-0.05806348955319746
RNU6-537P,Pseudogene,RNU6,0.9442329287744868,0.263999998569489,0,0,0.59612797773969906,0.5601995126549709
RNU6-538P,Pseudogene,RNU6,0.7790867155976406,-0.116999998688698,0,0,0.6685328172571446,0.4648248741156476
RNU6-539P,Pseudogene,RNU6,1.5175172069589966,0.30799999833107,0,0,0.2252699484999243,0.25753608384901816
RNU6-53P,Pseudogene,RNU6,1.2451912679323929,-0.025000000372529,0.37,0,0.22557987236829208,0.13911633249579206
RNU6-540P,Pseudogene,RNU6,1.272444021060668,-0.0439999997615814,2.77,0,0.5038496031622794,0.5632310157078373
RNU6-541P,Pseudogene,RNU6,1.1367583441220122,0.30799999833107,0.35,0,0.4165200590704616,0.3788113180057506
RNU6-542P,Pseudogene,RNU6,0.8430651149772205,0.347000002861023,0,0,0.7430778319427488,0.859183254730929
RNU6-543P,Pseudogene,RNU6,1.3829390349015218,0.28600001335144,0,0,-0.6891987915204147,-1.4252949961262682
RNU6-544P,Pseudogene,RNU6,1.330939805812636,-0.19200000166893,0,0,0.4786679072712158,0.4998579911098571
RNU6-545P,Pseudogene,RNU6,1.5697223929248938,0.152999997138977,0,0,0.3430991039091013,0.5230154057842575
RNU6-546P,Pseudogene,RNU6,0.5193911437317604,0.214000001549721,0,0,0.7465703715346149,0.5332696676531646
RNU6-547P,Pseudogene,RNU6,0.9194368959810392,0.293999999761581,0,0,-0.7632306610797406,-1.4584501246959736
RNU6-548P,Pseudogene,RNU6,0.9363154476947008,-0.186000004410744,2.65,0,0.4802693484187704,0.15162072844798694
RNU6-549P,Pseudogene,RNU6,1.4607875917455764,0.305000007152557,5.87,0,-0.8795834529169453,-1.8130418263652996
RNU6-54P,Pseudogene,RNU6,1.298477859329401,0.164000004529953,0,0,0.450208589825418,0.531337695597774
RNU6-550P,Pseudogene,RNU6,0.7909787157944694,-0.0410000011324883,0.23,0,0.7373333527625568,0.6832977488668315
RNU6-551P,Pseudogene,RNU6,0.9442329287744868,0.30799999833107,0,0,0.5385833436238472,0.45951929239694095
RNU6-552P,Pseudogene,RNU6,1.0215965510900435,0.214000001549721,0,0,0.4660810867010344,0.33441286589016717
RNU6-553P,Pseudogene,RNU6,1.3748986916753505,0.078999999910593,0.71,0,0.16754539772169216,0.07893577277866726
RNU6-554P,Pseudogene,RNU6,1.376264032977908,-0.261000007390976,0,0,-0.15481373621800393,-0.6484229379279871
RNU6-555P,Pseudogene,RNU6,0.9830457378413626,-0.0654999986290932,0,0,0.6657534521017507,0.702329846800223
RNU6-556P,Pseudogene,RNU6,1.356291040209067,0.30799999833107,0,0,0.3400637709656755,0.4120616846175477
RNU6-557P,Pseudogene,RNU6,1.0104518614417886,0.261999994516373,0,0,-0.2900146103081855,-1.082347456468138
RNU6-558P,Pseudogene,RNU6,1.4027306489967135,0.30799999833107,0,0,-0.49972194144678916,-1.2681245400105097
RNU6-559P,Pseudogene,RNU6,1.1341806608020075,0.301999986171722,0,0,-0.7334918031442361,-1.4411102234849464
RNU6-55P,Pseudogene,RNU6,0.8115486620808757,-0.116500001400709,0,0,0.7037312062541164,0.5678341468157978
RNU6-560P,Pseudogene,RNU6,1.4794231536155815,-0.136000007390976,0,0,0.3752639810269426,0.39369972970340994
RNU6-561P,Pseudogene,RNU6,0.9194368959810392,0.390000000596046,0,0,0.5626421439217679,0.5486674728735327
RNU6-562P,Pseudogene,RNU6,0.9413964480138156,0.120999999344349,0,0,0.5641529568684955,0.4809963934225801
RNU6-563P,Pseudogene,RNU6,0.9326798142359102,-0.028999999165535,0,0,-0.6169141404887014,-1.7599742727553573
RNU6-564P,Pseudogene,RNU6,1.2691372538541694,0.0604999996721745,1.23,0,0.45015029877680113,0.46187393027162965
RNU6-565P,Pseudogene,RNU6,1.3893713094824591,-0.150999993085861,0,0,0.5040072620968089,0.6191192996379338
RNU6-566P,Pseudogene,RNU6,1.5581734311952813,-0.096000000834465,0,0,0.49302932084337475,0.7710342935680206
RNU6-567P,Pseudogene,RNU6,1.330939805812636,0.30799999833107,0,0,0.34900981042350077,0.35872408136181544
RNU6-56P,Pseudogene,RNU6,1.6433424090652744,0.312000006437302,0,0,0.3850887970405456,0.7662997594616878
RNU6-570P,Pseudogene,RNU6,0.860087001108189,-0.188999995589256,0,0,0.6876032556694399,0.6183325803998067
RNU6-571P,Pseudogene,RNU6,1.201092019879696,0.30799999833107,0,0,0.39654933682963833,0.38164088347062425
RNU6-572P,Pseudogene,RNU6,0.9986106286905176,-0.0750000029802322,0,0,0.07067915397538775,-0.5371922261766424
RNU6-573P,Pseudogene,RNU6,1.736714136853074,0.30799999833107,0,0,0.312502214263766,0.6815415590135938
RNU6-574P,Pseudogene,RNU6,1.330939805812636,-0.135000005364418,0.55,0,0.3972124579493629,0.2814327116216547
RNU6-575P,Pseudogene,RNU6,0.8270067318347971,-0.0850000008940697,0,0,0.933996208839976,1.1172886938973068
RNU6-576P,Pseudogene,RNU6,1.6005012633744016,0.30799999833107,0,0,0.3276183934125869,0.5635784465382015
RNU6-577P,Pseudogene,RNU6,1.4177258260025094,0.30799999833107,1.62,0,0.11813704724874537,0.06478566082716034
RNU6-578P,Pseudogene,RNU6,1.3826267885626415,0.204999998211861,0,0,0.6668080794639333,1.0977053168250108
RNU6-579P,Pseudogene,RNU6,0.7151175857630304,-0.0685000009834766,0,0,0.9781936673800735,1.1253734832211522
RNU6-57P,Pseudogene,RNU6,1.2140137655671974,-0.330000013113022,0,0,0.6112279708316684,0.6403390005718976
RNU6-580P,Pseudogene,RNU6,0.9738583944970508,0.30799999833107,0,0,0.47300241276061533,0.34065963906651076
RNU6-581P,Pseudogene,RNU6,1.356291040209067,-0.0890000015497208,0,0,0.5641677704131126,0.7954456484385267
RNU6-582P,Pseudogene,RNU6,1.3634017522958712,-0.247999995946884,0,0,0.387526894789316,0.2861994992132307
RNU6-583P,Pseudogene,RNU6,1.3591675853632754,-0.235999993979931,2.75,0,0.5754216273560208,0.7298703824263376
RNU6-584P,Pseudogene,RNU6,1.060309683552403,0.347000002861023,1.13,0,-1.1705036031622431,-2.069742714453357
RNU6-586P,Pseudogene,RNU6,1.4027306489967135,0.0314999995753169,0,0,0.2825559472808352,0.3657406784684553
RNU6-587P,Pseudogene,RNU6,0.9175093553186052,-0.176500000059605,0,0,0.6855717663501448,0.6550795861403209
RNU6-588P,Pseudogene,RNU6,1.3893713094824591,0.453999996185303,0,0,0.4165298775119083,0.616954005328683
RNU6-589P,Pseudogene,RNU6,0.7790867155976406,0.293000012636185,1.33,0,0.5159989076626794,0.2402571624194822
RNU6-58P,Pseudogene,RNU6,1.5175172069589966,0.0329999998211861,0,0,0.6330373216216763,1.0795485465115287
RNU6-590P,Pseudogene,RNU6,1.4607875917455764,0.0939999967813492,0,0,0.3321612719024783,0.352709694027629
RNU6-591P,Pseudogene,RNU6,1.081350311625499,0.197999998927116,0,0,0.5246814068930318,0.4983037181981817
RNU6-592P,Pseudogene,RNU6,1.112845951769931,-0.230000004172325,0,0,-0.9072579755188913,-1.877578047148466
RNU6-593P,Pseudogene,RNU6,1.5196248697464398,-0.214000001549721,0.85,0,0.36052749666538747,0.38634139467737105
RNU6-595P,Pseudogene,RNU6,1.298477859329401,0.293000012636185,0.56,0,0.31962251410209236,0.27529398509187436
RNU6-596P,Pseudogene,RNU6,1.0278512238518194,-0.252999991178513,0,0,0.1424675603086477,-0.45248097098703055
RNU6-597P,Pseudogene,RNU6,1.3280755164170566,0.30799999833107,0,0,-0.3838814776141786,-0.810349609757324
RNU6-598P,Pseudogene,RNU6,1.3232107709356753,0.30799999833107,0,0,-0.11591970162262823,-0.48959435498619697
RNU6-599P,Pseudogene,RNU6,1.7854070565779263,-0.20100000500679,0,0,0.2960269100554577,0.48135936889576614
RNU6-59P,Pseudogene,RNU6,1.266015912846166,0.303000003099442,0.73,0,0.3456995263251862,0.3341868457798346
RNU6-5P,Pseudogene,RNU6,1.136168126913226,0.0759999975562096,1.75,0,0.32345559397846757,0.059200110117668805
RNU6-600P,Pseudogene,RNU6,0.9823837541795166,0.187999993562698,0,0,-1.4977040421922831,-2.9385641497895594
RNU6-601P,Pseudogene,RNU6,0.6492389296647005,-0.118000000715256,0,0,0.6952724074605487,0.40318824521150426
RNU6-602P,Pseudogene,RNU6,1.190889693842108,0.006000000052154,0.09,0,0.5274486172121089,0.6023218800812512
RNU6-603P,Pseudogene,RNU6,1.006320340980286,0.294999986886978,0.26,0,0.4955905730358899,0.4161752463566833
RNU6-604P,Pseudogene,RNU6,1.2851684612712748,0.30799999833107,0,0,0.4484145886801618,0.6097060952220067
RNU6-605P,Pseudogene,RNU6,1.2221321703780892,0.305000007152557,0,0,0.02531818054210613,-0.2207530487897083
RNU6-606P,Pseudogene,RNU6,1.06393298473882,0.104999996721745,0.66,0,0.5905543042512161,0.6146752984266761
RNU6-607P,Pseudogene,RNU6,0.868357068426537,-0.0315000005066395,0,0,0.7553310406285921,0.8006760910576035
RNU6-608P,Pseudogene,RNU6,1.60312074171053,0.284000009298325,0,0,0.37697651826702216,0.653509886976554
RNU6-609P,Pseudogene,RNU6,0.6817008761479356,0.289000004529953,0,0,0.09974440280468405,-0.6296512166157836
RNU6-60P,Pseudogene,RNU6,1.2140137655671974,0.305000007152557,12.28,0,0.4011180334543431,0.38497788473978345
RNU6-610P,Pseudogene,RNU6,1.2335539663629311,-0.160999998450279,0.68,0,0.5099182400881836,0.5049230993557462
RNU6-611P,Pseudogene,RNU6,1.1021455099259891,0.136999994516373,5.55,0,-1.0467393385955424,-2.071158831717233
RNU6-612P,Pseudogene,RNU6,0.9534901143507074,0.194999992847443,0,0,0.13377315497495146,-0.3261153217911209
RNU6-613P,Pseudogene,RNU6,0.9005184413312235,0.214000001549721,0,0,0.597169076420704,0.5507593801503345
RNU6-615P,Pseudogene,RNU6,1.1468866941482565,0.30799999833107,0,0,0.07517621586669397,-0.246903500533533
RNU6-616P,Pseudogene,RNU6,0.8115486620808757,0.284000009298325,0,0,0.5924298162921272,0.4763873093486584
RNU6-617P,Pseudogene,RNU6,0.9089345015305808,-0.180999994277954,0,0,0.65343334680994,0.5109831666328055
RNU6-618P,Pseudogene,RNU6,1.147471840420781,0.347000002861023,0.34,0,0.048653788424474265,-0.29501510502095385
RNU6-619P,Pseudogene,RNU6,0.6110660851890446,0.0425000004470348,3.06,0,0.6686294402945185,0.36844618370012955
RNU6-61P,Pseudogene,RNU6,1.2746525775068434,0.194000005722046,0,0,-0.22662742304450506,-0.879060145110154
RNU6-620P,Pseudogene,RNU6,1.1216278800509438,0.298000007867813,0,0,0.510956066502796,0.5724730901772366
RNU6-621P,Pseudogene,RNU6,1.2109199486315012,0.214000001549721,1.3,0,0.4238701065920631,0.40523732197152257
RNU6-622P,Pseudogene,RNU6,1.281458974765375,0.30799999833107,0,0,0.3961645467331943,0.46119364051872985
RNU6-623P,Pseudogene,RNU6,1.1247291552953242,0.305000007152557,0.97,0,0.011963734468543425,-0.48795798759733083
RNU6-624P,Pseudogene,RNU6,0.7466247691144057,0.282999992370605,0,0,0.6152333790197853,0.449287681342092
RNU6-625P,Pseudogene,RNU6,1.298477859329401,-0.11599999666214,0,0,0.13416061299615978,-0.16374976161795154
RNU6-626P,Pseudogene,RNU6,0.9738583944970508,-0.0729999989271164,0,0,0.5209498833962796,0.3375960009963103
RNU6-627P,Pseudogene,RNU6,0.8172772408720348,0.30799999833107,0,0,0.6634547971629052,0.6641562930716676
RNU6-628P,Pseudogene,RNU6,1.266015912846166,-0.101000003516674,0.26,0,0.28290992633733175,0.03697863992681376
RNU6-629P,Pseudogene,RNU6,0.6744520919817764,0.30799999833107,0,0,0.7139070574259767,0.66118009430855
RNU6-62P,Pseudogene,RNU6,1.2259158613080523,-0.119000002741814,0.56,0,0.5535786539376497,0.5953544185102247
RNU6-630P,Pseudogene,RNU6,0.7864365902730902,0.0084999999962747,0,0,0.6195246138136018,0.41474436267294695
RNU6-632P,Pseudogene,RNU6,1.0311740187565128,-0.08249999769032,0,0,0.5922122534522094,0.5137785443928533
RNU6-633P,Pseudogene,RNU6,1.315181579364464,0.277999997138977,0,0,-1.1787485887039928,-1.936613255180377
RNU6-634P,Pseudogene,RNU6,0.9175093553186052,-0.239500001072884,0,0,0.6150199831727832,0.4184457279439214
RNU6-635P,Pseudogene,RNU6,1.2599690796777203,0.144000001251698,0,0,0.5696077544214425,0.8231949576253912
RNU6-636P,Pseudogene,RNU6,1.330939805812636,0.145999997854233,0,0,0.42179955843268024,0.5143298081007531
RNU6-637P,Pseudogene,RNU6,1.0712442339467558,0.146999999880791,0.21,0,0.456764181558917,0.3343266715594577
RNU6-638P,Pseudogene,RNU6,1.1689422074972615,0.458999991416931,5.51,0,0.5618900100261593,0.7724995116853273
RNU6-639P,Pseudogene,RNU6,1.103706180429991,0.30799999833107,0,0,0.4174086061787284,0.31738492160186127
RNU6-63P,Pseudogene,RNU6,0.9871848777901684,0.263999998569489,0,0,0.5860280497815479,0.5976184443151487
RNU6-640P,Pseudogene,RNU6,0.9593278089283648,0.0719999969005585,0,0,0.05982643939814144,-0.5748839397285468
RNU6-641P,Pseudogene,RNU6,0.6492389296647005,0.138999998569489,0,0,0.6269115340558918,0.32622330991169834
RNU6-643P,Pseudogene,RNU6,1.266015912846166,0.194999992847443,0,0,0.3899505640305477,0.3657289671026161
RNU6-644P,Pseudogene,RNU6,1.736714136853074,-0.035500000230968,0,0,-0.02102116843228383,-0.06183734435147213
RNU6-645P,Pseudogene,RNU6,1.2779594591937713,-0.280499994754791,0,0,0.2750981806336512,0.0945174786303653
RNU6-646P,Pseudogene,RNU6,1.507336798023423,-0.262000009417534,0.37,0,0.4197145256893228,0.518168827937785
RNU6-647P,Pseudogene,RNU6,1.2335539663629311,-0.27700001001358,0.26,0,0.4880949880951484,0.4039525437005807
RNU6-648P,Pseudogene,RNU6,0.9413964480138156,0.30799999833107,0,0,0.5171242240198823,0.4217868920166285
RNU6-649P,Pseudogene,RNU6,1.201092019879696,0.30799999833107,0,0,0.43692881093313857,0.4550754202838231
RNU6-64P,Pseudogene,RNU6,0.9593278089283648,0.0140000004321337,0,0,0.672825930413477,0.696860131438845
RNU6-650P,Pseudogene,RNU6,1.2829780110085771,0.28600001335144,0,0,0.5398385187592731,0.7631719235515235
RNU6-651P,Pseudogene,RNU6,0.6285251161944458,0.104000002145767,0,0,0.7386947134321777,0.5799235742355864
RNU6-652P,Pseudogene,RNU6,0.9738583944970508,-0.142000004649162,2.9,0,0.6005373800450052,0.4854554126418043
RNU6-653P,Pseudogene,RNU6,1.343495841716529,0.0804999992251396,0.24,0,0.4074544053921453,0.42391529179607146
RNU6-654P,Pseudogene,RNU6,1.2335539663629311,0.28999999165535,0,0,0.401948435426029,0.40074886981331487
RNU6-655P,Pseudogene,RNU6,1.5257114847120463,0.30799999833107,0,0,0.2719083077681317,0.36550147593684346
RNU6-656P,Pseudogene,RNU6,1.6230973241617517,-0.123999997973442,0,0,0.31744518026168717,0.3933743242375101
RNU6-657P,Pseudogene,RNU6,0.8440106085641107,0.30799999833107,0,0,-0.3913285597068466,-1.201990858846857
RNU6-658P,Pseudogene,RNU6,1.081350311625499,0.0559999998658895,7.01,0,0.4625382784870616,0.29373222746330424
RNU6-659P,Pseudogene,RNU6,1.0687471611403534,0.26800000667572,0,0,0.5894888376394263,0.7000138440464656
RNU6-65P,Pseudogene,RNU6,1.4886121173026348,-0.224500000476837,0,0,-0.796412679109695,-1.4194976222189981
RNU6-660P,Pseudogene,RNU6,1.147187319756159,0.266999989748001,0,0,-0.8903892376329369,-1.3326564011880382
RNU6-661P,Pseudogene,RNU6,1.5906353776785165,0.101999998092651,0,0,0.3312970816738787,0.5040937492934136
RNU6-662P,Pseudogene,RNU6,1.0687471611403534,0.211999997496605,0,0,0.5187771060085832,0.5064490694294632
RNU6-663P,Pseudogene,RNU6,0.8192047815344689,0.293000012636185,0,0,0.6204072388180093,0.49843238978241367
RNU6-664P,Pseudogene,RNU6,0.7141628226311706,0.303000003099442,0,0,0.6264087962072596,0.4430625774894384
RNU6-665P,Pseudogene,RNU6,1.2335539663629311,0.44200000166893,0,0,0.4301095738715863,0.5319275146041668
RNU6-666P,Pseudogene,RNU6,1.4607875917455764,0.326999992132187,0,0,0.6188049229368274,1.0994402325170143
RNU6-667P,Pseudogene,RNU6,1.4302351715260608,-0.221000000834465,0,0,0.4187180449521979,0.4643362590571051
RNU6-668P,Pseudogene,RNU6,1.266015912846166,-0.170000001788139,0,0,0.21946766864780173,0.20737721192284092
RNU6-669P,Pseudogene,RNU6,1.298477859329401,0.156000003218651,0,0,0.29312099152632726,0.12358363864709443
RNU6-66P,Pseudogene,RNU6,1.0687471611403534,-0.175999999046326,0,0,0.5103650184265783,0.3147183466262583
RNU6-670P,Pseudogene,RNU6,0.5677719293558127,0.30799999833107,0,0,0.7611398746347849,0.675939787390811
RNU6-672P,Pseudogene,RNU6,1.298477859329401,-0.0700000002980232,0,0,0.3522950428822694,0.19903611644473107
RNU6-673P,Pseudogene,RNU6,1.3359339514254416,0.284000009298325,0,0,0.5283279961036604,0.7756259354031014
RNU6-674P,Pseudogene,RNU6,0.5193911437317604,0.0405000001192093,0.36,0,0.8185779674747248,0.6620388162094044
RNU6-675P,Pseudogene,RNU6,0.834958719640901,0.0919999983161688,0,0,0.5685844740314386,0.3439677104320003
RNU6-677P,Pseudogene,RNU6,1.1348825052703255,0.0070000002160668,0,0,0.7947559345967216,1.1026393364722962
RNU6-678P,Pseudogene,RNU6,0.9559894331301324,0.30799999833107,1.15,0,0.10970049072536876,-0.308036104097301
RNU6-679P,Pseudogene,RNU6,1.2451912679323929,0.214000001549721,0,0,0.5295555392325226,0.7322097804010576
RNU6-67P,Pseudogene,RNU6,1.145873244933987,0.214000001549721,0.1,0,0.5662748779571513,0.6864848698782259
RNU6-680P,Pseudogene,RNU6,1.2570502323888917,-0.125,0,0,0.4827491985900695,0.49275009410476994
RNU6-681P,Pseudogene,RNU6,1.703315788067438,0.0010000001639127,1.39,0,0.33140083443449325,0.5987382748184104
RNU6-682P,Pseudogene,RNU6,1.4090322242392863,0.287000000476837,0,0,0.010049712415173004,-0.21070772995854975
RNU6-684P,Pseudogene,RNU6,1.2451912679323929,0.214000001549721,0,0,0.4011607346560606,0.4116514693505219
RNU6-685P,Pseudogene,RNU6,0.7312480576223469,0.103000000119209,0,0,0.6842696023765286,0.5422843675547053
RNU6-686P,Pseudogene,RNU6,1.0387822874635209,0.214000001549721,0,0,-0.054218348109841843,-0.7651787472594294
RNU6-687P,Pseudogene,RNU6,1.209845803201018,0.31700000166893,0,0,0.5377452692201565,0.7678109936515186
RNU6-689P,Pseudogene,RNU6,1.2335539663629311,0.305000007152557,1.45,0,-0.5964526997610045,-1.3445353856301845
RNU6-68P,Pseudogene,RNU6,1.1689422074972615,0.268999993801117,0,0,0.5754249407564608,0.7645858299746818
RNU6-690P,Pseudogene,RNU6,0.9830457378413626,0.282999992370605,0,0,0.6396492492427412,0.7287359378933631
RNU6-692P,Pseudogene,RNU6,0.9738583944970508,-0.18299999833107,0,0,0.6030217275992491,0.5065862473164042
RNU6-694P,Pseudogene,RNU6,1.5358696448360518,0.214000001549721,0.43,0,0.3383156734709547,0.5104972772912945
RNU6-695P,Pseudogene,RNU6,1.3359339514254416,0.305000007152557,0,0,0.4698857034133605,0.6739563070748279
RNU6-696P,Pseudogene,RNU6,1.266015912846166,-0.13400000333786,0,0,0.4654512547380508,0.4129222533776907
RNU6-697P,Pseudogene,RNU6,1.298477859329401,-0.230000004172325,0,0,0.5311493588387269,0.5572761440154652
RNU6-698P,Pseudogene,RNU6,1.5581734311952813,0.203999996185303,0,0,-0.2632522718289241,-0.761918029780407
RNU6-699P,Pseudogene,RNU6,1.2630648268022358,0.221000000834465,0,0,0.7142456732338728,1.1062543177604682
RNU6-700P,Pseudogene,RNU6,1.3958636987791062,-0.259999990463257,0,0,0.5122167800600645,0.6455086239451958
RNU6-701P,Pseudogene,RNU6,1.103706180429991,0.296999990940094,0,0,-0.10464828188252497,-0.7787202263256886
RNU6-702P,Pseudogene,RNU6,1.103706180429991,-0.36599999666214,0,0,0.5226827925515914,0.3489745730734353
RNU6-703P,Pseudogene,RNU6,1.7529451100946911,0.284000009298325,0.21,0,0.011802573717168734,0.10369319191768002
RNU6-704P,Pseudogene,RNU6,0.4383938597881546,0.30799999833107,0,0,0.6744216501814718,0.3228848017818211
RNU6-705P,Pseudogene,RNU6,1.135543858711625,0.28099998831749,0,0,0.47197923297360767,0.4794550950958332
RNU6-706P,Pseudogene,RNU6,1.3359339514254416,0.0499999988824129,0,0,0.4820525740645699,0.6375189230650351
RNU6-707P,Pseudogene,RNU6,1.060309683552403,0.416999995708466,0.09,0,0.39608799313313103,0.24062679544404353
RNU6-708P,Pseudogene,RNU6,1.298477859329401,-0.243000000715256,0,0,0.4380982603157827,0.3737269544804618
RNU6-709P,Pseudogene,RNU6,1.2691372538541694,-0.0305000012740493,0,0,0.7439946058735615,1.0919597492563424
RNU6-70P,Pseudogene,RNU6,1.3314808382540235,0.211999997496605,0,0,0.417696363133086,0.4787851785993066
RNU6-710P,Pseudogene,RNU6,0.9924080782017566,0.214000001549721,0,0,0.5450977563431684,0.46793138442687704
RNU6-711P,Pseudogene,RNU6,0.9175093553186052,0.30799999833107,0,0,0.5909473724964532,0.5676300592093083
RNU6-712P,Pseudogene,RNU6,1.4935741576936437,0.287000000476837,0,0,0.3136337472824644,0.43268014590849635
RNU6-713P,Pseudogene,RNU6,1.4607875917455764,0.214000001549721,0,0,0.28812791904273866,0.3161522726004522
RNU6-714P,Pseudogene,RNU6,0.8767877195763092,0.261000007390976,0.22,0,0.6413321187215946,0.5875098633789693
RNU6-715P,Pseudogene,RNU6,0.8430651149772205,0.263999998569489,0,0,-0.4437896154142221,-1.1994867894921852
RNU6-716P,Pseudogene,RNU6,0.9779555333735755,0.277999997138977,0,0,0.009955230559828828,-0.4130334570090525
RNU6-717P,Pseudogene,RNU6,1.3693323002110775,0.266000002622604,0,0,-1.0786634509181108,-1.7125927067044044
RNU6-718P,Pseudogene,RNU6,1.3232107709356753,-0.0370000004768372,0,0,0.7224458690639027,1.0881340529068335
RNU6-719P,Pseudogene,RNU6,0.9351537659978092,0.291500002145767,0,0,0.571301705565104,0.5487304048623982
RNU6-71P,Pseudogene,RNU6,1.006320340980286,0.282999992370605,0,0,0.46650145695825923,0.3569977278734213
RNU6-720P,Pseudogene,RNU6,1.157809424568716,0.30799999833107,0,0,0.4284465780625899,0.3490657903802501
RNU6-722P,Pseudogene,RNU6,0.9017554172121732,-0.0130000002682209,1.26,0,0.5557780335026706,0.3272395201029847
RNU6-723P,Pseudogene,RNU6,0.9738583944970508,0.268999993801117,0,0,0.5382827856726452,0.49378204019933486
RNU6-724P,Pseudogene,RNU6,1.190889693842108,-0.0920000001788139,0,0,0.6042750883444122,0.7216465717806864
RNU6-725P,Pseudogene,RNU6,0.7151175857630304,0.0769999995827675,0,0,0.809052139069783,0.8171465620850816
RNU6-726P,Pseudogene,RNU6,0.5843150366982305,0.30799999833107,0.73,0,0.6369940441338652,0.3319403763513012
RNU6-727P,Pseudogene,RNU6,0.8115486620808757,0.30799999833107,0,0,0.4725555011851772,0.176841067327707
RNU6-728P,Pseudogene,RNU6,1.2023405562828977,-0.167999997735023,0,0,-0.8519857326820734,-1.4664948988353075
RNU6-729P,Pseudogene,RNU6,1.7204831636114566,-0.273000001907349,0,0,0.29809740625026415,0.3632666709646938
RNU6-72P,Pseudogene,RNU6,1.3629908415808936,-0.0869999974966049,0,0,0.3482673885061644,0.26714844629029294
RNU6-730P,Pseudogene,RNU6,1.2691372538541694,-0.0580000001937151,0,0,0.5218407103314031,0.6110207347165981
RNU6-731P,Pseudogene,RNU6,1.4081465974484384,0.217999994754791,0.63,0,-0.17089503440587278,-0.46128278930396355
RNU6-732P,Pseudogene,RNU6,1.5849624161571745,0.30799999833107,0,0,0.15648058959863842,0.11733825516911336
RNU6-733P,Pseudogene,RNU6,1.3693323002110775,0.0579999973997474,0,0,0.4177112078088606,0.44715786908786037
RNU6-735P,Pseudogene,RNU6,1.136168126913226,0.238000005483627,0,0,-0.025234975119917357,-0.5349079081838503
RNU6-737P,Pseudogene,RNU6,1.2335539663629311,0.300000011920929,0,0,-0.7175104766932907,-1.2777294284764074
RNU6-738P,Pseudogene,RNU6,1.1468866941482565,0.30799999833107,0,0,0.4042597259902016,0.3369833959780039
RNU6-739P,Pseudogene,RNU6,1.1465685563690198,-0.101999998092651,0.3,0,0.5154612394995572,0.4445839876152669
RNU6-73P,Pseudogene,RNU6,1.2335539663629311,-0.0829999968409538,0,0,0.38105997602612185,0.2030548518078442
RNU6-740P,Pseudogene,RNU6,1.2901305016622835,-0.0640000030398369,0,0,0.4918974412482324,0.532219449782055
RNU6-741P,Pseudogene,RNU6,1.103706180429991,0.273999989032745,0,0,0.5399757734968333,0.6098154204396925
RNU6-742P,Pseudogene,RNU6,0.9089345015305808,0.30799999833107,0.47,0,0.49689505836639203,0.3269528606714443
RNU6-743P,Pseudogene,RNU6,1.343495841716529,0.239999994635582,0.67,0,0.31273621760430226,0.27203319682674626
RNU6-744P,Pseudogene,RNU6,0.8764725550473457,0.30799999833107,0,0,0.5877356983762567,0.5080341477029056
RNU6-745P,Pseudogene,RNU6,1.3107276504551504,0.0019999999203719,0,0,0.45796667561810367,0.511303877702069
RNU6-746P,Pseudogene,RNU6,1.115321005318488,-0.158999994397163,0,0,0.45732467597544374,0.26190273468536907
RNU6-747P,Pseudogene,RNU6,0.5677719293558127,0.261999994516373,0.03,0,0.6874885145600887,0.458269774908819
RNU6-748P,Pseudogene,RNU6,1.5257114847120463,0.0769999995827675,1.18,0,0.2572419358562865,0.24882326280494274
RNU6-74P,Pseudogene,RNU6,0.9738583944970508,-0.109999999403954,0,0,0.5580222678596617,0.37804336084951806
RNU6-750P,Pseudogene,RNU6,0.7466247691144057,0.256999999284744,4.4,0,0.7240860315644547,0.6993386427630426
RNU6-752P,Pseudogene,RNU6,1.2940222980473886,-0.136500000953674,0,0,-0.7409645867852209,-1.2287237088015046
RNU6-753P,Pseudogene,RNU6,1.3634017522958712,0.451999992132187,0,0,0.2684622523358477,0.24950460540358638
RNU6-754P,Pseudogene,RNU6,1.0387822874635209,0.0439999997615814,0,0,0.5873905551443335,0.5985605565218063
RNU6-755P,Pseudogene,RNU6,0.7756199057790428,-0.163000002503395,0,0,0.7108590231712051,0.5322506916695033
RNU6-756P,Pseudogene,RNU6,1.266015912846166,0.301999986171722,0,0,-0.6870527693399076,-1.3344979653390963
RNU6-757P,Pseudogene,RNU6,1.5630427231677666,0.0405000001192093,1.65,0,0.284111662949868,0.33118624344236414
RNU6-759P,Pseudogene,RNU6,1.7872980437517072,0.294999986886978,0.77,0,-1.3010124589666625,-2.0434813486387844
RNU6-75P,Pseudogene,RNU6,1.3693323002110775,0.0515000000596046,0,0,0.4631373081524524,0.6228424904278935
RNU6-760P,Pseudogene,RNU6,1.2532988616465484,0.211999997496605,0,0,-0.04938750417542311,-0.4184169924334805
RNU6-761P,Pseudogene,RNU6,1.4932495382288111,0.214000001549721,3.84,0,-0.449905318408165,-1.2683411955760404
RNU6-762P,Pseudogene,RNU6,0.9534901143507074,0.0149999996647239,1.95,0,0.599919245154784,0.4934138787369596
RNU6-763P,Pseudogene,RNU6,0.9175093553186052,0.30799999833107,0,0,0.675460743284457,0.764951663724562
RNU6-764P,Pseudogene,RNU6,1.0585686167485404,0.308999985456467,0,0,0.5771837181159222,0.6841249502729266
RNU6-765P,Pseudogene,RNU6,1.473575631269275,0.0179999992251396,0,0,0.6531501865347469,1.0815360237891496
RNU6-766P,Pseudogene,RNU6,0.7141628226311706,0.30799999833107,0.67,0,0.6722958219767314,0.5734035734707283
RNU6-767P,Pseudogene,RNU6,1.3958636987791062,-0.0729999989271164,0.71,0,0.36020863047591467,0.3158747305417873
RNU6-768P,Pseudogene,RNU6,1.006320340980286,0.30799999833107,0,0,0.5363799371941892,0.5364578055884175
RNU6-769P,Pseudogene,RNU6,1.1689422074972615,0.282999992370605,0.22,0,0.45139452028217575,0.5014547809155508
RNU6-76P,Pseudogene,RNU6,1.2691372538541694,0.245000004768372,0,0,0.3663521526925549,0.35793917780389234
RNU6-770P,Pseudogene,RNU6,0.9924080782017566,0.228000000119209,0,0,0.5954570925792384,0.6540369566442066
RNU6-771P,Pseudogene,RNU6,1.5581734311952813,0.146999999880791,0,0,-0.283902876970513,-0.7167372111774097
RNU6-772P,Pseudogene,RNU6,1.157809424568716,-0.250999987125397,0,0,0.5484877706207821,0.5038381303906787
RNU6-774P,Pseudogene,RNU6,1.266015912846166,0.017000000923872,0,0,0.4381698854739006,0.4212820151780794
RNU6-775P,Pseudogene,RNU6,0.6874493458376751,-0.0670000016689301,0,0,-0.35831414597614275,-1.180873540867789
RNU6-776P,Pseudogene,RNU6,1.3693323002110775,0.28600001335144,0,0,-1.2063630846501423,-1.7344436464795205
RNU6-777P,Pseudogene,RNU6,1.3025356026398056,0.305000007152557,0,0,0.3628470975894335,0.3545506112316881
RNU6-778P,Pseudogene,RNU6,0.7418973011799539,0.284000009298325,0,0,0.31122911429347827,-0.0955448818656412
RNU6-77P,Pseudogene,RNU6,0.9924080782017566,-0.0529999993741512,0,0,0.6627415921177928,0.6781902425877109
RNU6-780P,Pseudogene,RNU6,1.2023405562828977,-0.399000003933907,0.27,0,0.5510922143727828,0.4878942981951492
RNU6-782P,Pseudogene,RNU6,1.0687471611403534,0.214000001549721,0.32,0,0.5987136302662184,0.7233418831129839
RNU6-783P,Pseudogene,RNU6,1.0585686167485404,0.282999992370605,0,0,-0.5255262823461998,-1.1883088250797593
RNU6-784P,Pseudogene,RNU6,0.6553638252275752,0.30799999833107,0.31,0,0.3579925107703403,-0.05363373939343435
RNU6-786P,Pseudogene,RNU6,1.19640307205434,-0.223000004887581,0.31,0,0.7987940235475157,1.0859799693508156
RNU6-787P,Pseudogene,RNU6,1.136168126913226,0.204999998211861,0,0,0.48259196195923565,0.48829821838100934
RNU6-788P,Pseudogene,RNU6,1.0687471611403534,-0.210500001907349,0,0,0.10195376775149001,-0.4346273257245289
RNU6-78P,Pseudogene,RNU6,1.3634017522958712,0.294999986886978,0,0,-0.665788533586506,-1.2293155221282783
RNU6-790P,Pseudogene,RNU6,0.9924080782017566,0.28099998831749,0,0,-1.0407030647921371,-2.035589742968217
RNU6-791P,Pseudogene,RNU6,0.7681620220696289,0.287000000476837,0.04,0,0.6480422410637907,0.5671289405827616
RNU6-792P,Pseudogene,RNU6,0.6817008761479356,-0.061999998986721,0.24,0,0.6092430962101801,0.27649049343290755
RNU6-793P,Pseudogene,RNU6,1.4695273465679857,0.327500000596046,0,0,0.37558914777918484,0.5736091489762238
RNU6-794P,Pseudogene,RNU6,1.248263285863147,0.226999998092651,0.65,0,-0.88415450457253,-1.7830267260912038
RNU6-795P,Pseudogene,RNU6,1.2477363701662862,0.239999994635582,0.38,0,0.48883542816255643,0.6195068925794737
RNU6-796P,Pseudogene,RNU6,1.0712442339467558,0.317999988794327,0,0,0.5428949655588597,0.6017749006137769
RNU6-797P,Pseudogene,RNU6,1.2427862630691724,-0.125,0,0,0.4034369482185213,0.24355541659728303
RNU6-798P,Pseudogene,RNU6,0.910510324175398,-0.0480000004172325,0,0,0.7436120765931719,0.7859780960749452
RNU6-799P,Pseudogene,RNU6,0.7790867155976406,-0.237000003457069,0,0,0.6402023212874426,0.3455538878238573
RNU6-79P,Pseudogene,RNU6,1.298477859329401,0.218999996781349,0,0,0.4279641290113536,0.4850553980097553
RNU6-800P,Pseudogene,RNU6,1.0116781379726645,0.347000002861023,0,0,0.5024504341119849,0.5102478141298818
RNU6-801P,Pseudogene,RNU6,0.8931672703815808,-0.127000004053116,0,0,0.6851150806621094,0.6282114980994354
RNU6-803P,Pseudogene,RNU6,1.2599690796777203,0.194000005722046,0,0,0.26162383708051995,0.2568697166468868
RNU6-804P,Pseudogene,RNU6,1.2335539663629311,0.284000009298325,0,0,0.3756171633321403,0.3509937303391043
RNU6-805P,Pseudogene,RNU6,1.1141185028868776,0.214000001549721,0.37,0,0.4897230111804195,0.4880467853801256
RNU6-806P,Pseudogene,RNU6,1.157809424568716,0.30799999833107,0,0,0.5167538613360726,0.6173320990372592
RNU6-807P,Pseudogene,RNU6,1.3958636987791062,0.30799999833107,4.27,0,-0.8634055546991185,-1.2356162297967885
RNU6-808P,Pseudogene,RNU6,1.0291639329499698,0.30799999833107,3.73,0,0.799888264162689,1.1260693870042184
RNU6-809P,Pseudogene,RNU6,1.0712442339467558,-0.137999996542931,0,0,0.5601342618673012,0.5110643255101699
RNU6-80P,Pseudogene,RNU6,1.330939805812636,0.146999999880791,0,0,0.3471974431224654,0.32253555917604615
RNU6-810P,Pseudogene,RNU6,1.0712442339467558,0.277999997138977,0,0,0.13100590710428656,-0.289511648915318
RNU6-811P,Pseudogene,RNU6,1.006320340980286,-0.156000003218651,0,0,0.868881131471912,1.1018684676213013
RNU6-812P,Pseudogene,RNU6,0.9089345015305808,-0.229000002145767,0,0,0.6329940661686144,0.5315713227118415
RNU6-813P,Pseudogene,RNU6,1.4283256452623412,-0.138999998569489,0,0,0.4398787259886057,0.5281747278941727
RNU6-815P,Pseudogene,RNU6,1.2602704355924963,0.214000001549721,0,0,0.41531859206127925,0.43264976899562474
RNU6-817P,Pseudogene,RNU6,0.6345686269270847,-0.261000007390976,0.69,0,0.8760767429820804,0.8194873613504019
RNU6-818P,Pseudogene,RNU6,1.286454916187462,0.284000009298325,0.08,0,0.39907641525934795,0.4746401076955033
RNU6-819P,Pseudogene,RNU6,1.4932495382288111,-0.151999995112419,0,0,0.3891574065152627,0.4371749976341268
RNU6-81P,Pseudogene,RNU6,1.1689422074972615,0.26800000667572,0,0,0.5586482052902709,0.7311773259561444
RNU6-820P,Pseudogene,RNU6,1.4607875917455764,0.291999995708466,0,0,0.25802879594096617,0.2585080462959418
RNU6-821P,Pseudogene,RNU6,0.8440106085641107,-0.0555000007152557,0,0,0.7247523940956584,0.667854980302629
RNU6-822P,Pseudogene,RNU6,1.7039459455916952,0.30799999833107,0.48,0,0.28384362450371997,0.5442955424882021
RNU6-823P,Pseudogene,RNU6,0.7756199057790428,0.0610000006854534,0,0,0.6657880968336782,0.5229429704580073
RNU6-824P,Pseudogene,RNU6,1.4027306489967135,-0.0989999994635582,0.22,0,0.49924210949137904,0.6504897905892753
RNU6-826P,Pseudogene,RNU6,1.502925695353622,0.30799999833107,0.74,0,-0.06445441886588549,-0.34205018440966795
RNU6-827P,Pseudogene,RNU6,1.04858212036412,0.217999994754791,0,0,0.5443326553556073,0.5543868820363874
RNU6-828P,Pseudogene,RNU6,1.2335539663629311,0.30799999833107,3.33,0,-0.06125189135354915,-0.462323698989725
RNU6-829P,Pseudogene,RNU6,1.364561107527415,0.214000001549721,0,0,0.3953945346067886,0.5164301647684209
RNU6-831P,Pseudogene,RNU6,1.201092019879696,0.30799999833107,0,0,0.41371910840507725,0.43606657628698126
RNU6-832P,Pseudogene,RNU6,1.0712442339467558,0.30799999833107,0,0,0.4357646978893334,0.3321379718834235
RNU6-833P,Pseudogene,RNU6,1.201092019879696,0.160999998450279,0.91,0,0.10040952202853462,-0.23966677460298674
RNU6-834P,Pseudogene,RNU6,0.9472986201016766,0.214000001549721,0,0,0.57067888433976,0.5192069005365213
RNU6-835P,Pseudogene,RNU6,1.0353488123547172,-0.123999997973442,0,0,0.6290200887218854,0.6069686447078629
RNU6-836P,Pseudogene,RNU6,0.9089345015305808,0.0520000010728836,0,0,0.5943201388052041,0.4995589913886665
RNU6-837P,Pseudogene,RNU6,1.2542935432827758,0.130499996244907,0.08,0,0.7294853918580789,1.101813127190315
RNU6-838P,Pseudogene,RNU6,1.0613253058546563,0.306500002741814,0.3,0,0.4744492062791141,0.4416669127669957
RNU6-839P,Pseudogene,RNU6,1.4151004078062084,-0.0245000002905726,0,0,0.41107164165109655,0.48487952886717683
RNU6-83P,Pseudogene,RNU6,0.9613953257579516,-0.0279999999329448,0,0,0.4127597569217279,0.0841496335896949
RNU6-840P,Pseudogene,RNU6,0.7481230127982473,-0.177000001072884,0,0,0.6957903621765705,0.4808653278921712
RNU6-841P,Pseudogene,RNU6,1.0712442339467558,0.17399999499321,0,0,0.05368722710988108,-0.4414318518317827
RNU6-843P,Pseudogene,RNU6,1.3025356026398056,0.306500002741814,0,0,0.41930149325790184,0.4801690547533492
RNU6-844P,Pseudogene,RNU6,1.0897029878293798,-0.167499996721745,0,0,0.5669564688203739,0.48478252672880684
RNU6-845P,Pseudogene,RNU6,0.7756199057790428,0.006000000052154,0,0,0.6838040884140961,0.5379420029413344
RNU6-848P,Pseudogene,RNU6,1.0712442339467558,-0.25,0,0,0.5978436459603199,0.5038311006275513
RNU6-849P,Pseudogene,RNU6,1.190889693842108,0.30799999833107,0,0,0.4665186125305376,0.49049024343183406
RNU6-84P,Pseudogene,RNU6,1.123756206199048,0.263999998569489,0,0,-0.5481770081671017,-1.3703515234336867
RNU6-850P,Pseudogene,RNU6,1.0116781379726645,0.193000003695488,7.05,0,-0.772990180596828,-1.4535610069318963
RNU6-851P,Pseudogene,RNU6,1.4607875917455764,0.294999986886978,0.36,0,0.3478424485879944,0.4910360566368859
RNU6-853P,Pseudogene,RNU6,0.8764725550473457,0.30799999833107,12.28,0,0.566477899965641,0.4942187467600701
RNU6-854P,Pseudogene,RNU6,1.006320340980286,-0.160999998450279,0,0,-0.6621763684556321,-1.359616210730312
RNU6-855P,Pseudogene,RNU6,1.1021455099259891,-0.10050000064075,0,0,0.13829227752230874,-0.27962304280213884
RNU6-856P,Pseudogene,RNU6,0.5316471847509411,-0.0510000009089708,0.51,0,0.7831063792574334,0.5374555556562342
RNU6-857P,Pseudogene,RNU6,1.2630648268022358,0.284999996423721,0,0,-0.2794822738405481,-0.9091077315602989
RNU6-858P,Pseudogene,RNU6,1.4607875917455764,0.0719999969005585,0.3,0,0.31495484024851195,0.350878478696065
RNU6-859P,Pseudogene,RNU6,1.0387822874635209,-0.579999983310699,2.66,0,0.6571607737646622,0.5274271506787794
RNU6-85P,Pseudogene,RNU6,1.006320340980286,0.30799999833107,0,0,0.5167227319184281,0.48581954088144436
RNU6-861P,Pseudogene,RNU6,1.2124230766710138,-0.0095000001601874,0,0,0.7647763227936072,1.0967564193008856
RNU6-862P,Pseudogene,RNU6,1.4886121173026348,-0.216000005602837,0.31,0,0.44499147886452406,0.5822616026551259
RNU6-863P,Pseudogene,RNU6,1.60312074171053,0.20100000500679,0,0,0.3578423643934407,0.6231780719007588
RNU6-864P,Pseudogene,RNU6,1.093486678759343,0.282999992370605,0,0,0.5776437942426382,0.7000804578102745
RNU6-865P,Pseudogene,RNU6,0.8440106085641107,-0.254999995231628,0,0,0.7387492244166614,0.6575407073564649
RNU6-866P,Pseudogene,RNU6,1.4520069013033898,0.206000000238419,0,0,-1.4336602427380047,-2.1989564286669983
RNU6-867P,Pseudogene,RNU6,1.136168126913226,0.158000007271767,0,0,0.4845414430585829,0.4955805080005178
RNU6-869P,Pseudogene,RNU6,1.4932495382288111,0.305000007152557,0,0,0.20395480643550837,0.1771484937383257
RNU6-86P,Pseudogene,RNU6,1.266015912846166,0.118000000715256,0,0,0.3992742929761158,0.37024014864994254
RNU6-871P,Pseudogene,RNU6,1.146231330323029,-5.000000819563e-4,0,0,0.5523163440025154,0.5783365872662308
RNU6-873P,Pseudogene,RNU6,1.3634017522958712,0.284000009298325,0.67,0,0.38937032681297595,0.47578475459522374
RNU6-874P,Pseudogene,RNU6,1.0916488860219322,0.30799999833107,0,0,0.48342511427420803,0.4345830798201703
RNU6-875P,Pseudogene,RNU6,1.1468866941482565,0.293000012636185,0,0,0.43867184021808486,0.40964984962852813
RNU6-876P,Pseudogene,RNU6,1.502925695353622,0.214000001549721,7.04,0,0.32740495114325846,0.4494629358340333
RNU6-877P,Pseudogene,RNU6,1.4283256452623412,0.187000006437302,0.67,0,-1.0142148586485473,-1.9753468689246179
RNU6-878P,Pseudogene,RNU6,1.105181723451956,0.293000012636185,0.29,0,0.4403673957380674,0.37222476861778864
RNU6-879P,Pseudogene,RNU6,1.1256480516640297,0.232999995350838,0,0,0.44430453752385335,0.4001201848583372
RNU6-87P,Pseudogene,RNU6,1.3507776619968357,0.26800000667572,0,0,-1.0698052386242316,-1.9836070225584002
RNU6-880P,Pseudogene,RNU6,1.201092019879696,0.146999999880791,0,0,0.3651651279867875,0.2182972242926317
RNU6-881P,Pseudogene,RNU6,1.3280755164170566,-0.125500001013279,2.85,0,0.1819853985084366,-0.00824155033813548
RNU6-882P,Pseudogene,RNU6,0.6070068827835987,0.30799999833107,1.92,0,0.6392669919532934,0.4319200423882706
RNU6-883P,Pseudogene,RNU6,0.6817008761479356,0.0219999998807907,0.79,0,0.7219870317663544,0.5381652384092304
RNU6-884P,Pseudogene,RNU6,0.6492389296647005,0.168999999761581,0.42,0,0.05770941792551337,-0.7035936565374874
RNU6-885P,Pseudogene,RNU6,1.3359339514254416,-0.028999999165535,0,0,0.01443855749880132,-0.35754177075038257
RNU6-886P,Pseudogene,RNU6,1.2901305016622835,0.197999998927116,0.31,0,0.05238265581062315,-0.24661719609482005
RNU6-887P,Pseudogene,RNU6,0.5557485237929837,0.200000002980232,0,0,0.45062664069548314,0.10164254396648925
RNU6-888P,Pseudogene,RNU6,1.3068344000082537,0.214000001549721,0,0,0.09295713506044717,-0.14088321562984438
RNU6-889P,Pseudogene,RNU6,1.41634939316173,0.284000009298325,0,0,0.6427151987041275,1.099911440848644
RNU6-88P,Pseudogene,RNU6,0.868357068426537,0.30799999833107,0.9,0,0.07355498360197003,-0.37035747895117327
RNU6-890P,Pseudogene,RNU6,1.201092019879696,-0.103000000119209,2,0,-0.03834263576276955,-0.6307485265331432
RNU6-891P,Pseudogene,RNU6,1.0952251313487855,0.284000009298325,0,0,0.027515257964576108,-0.4444226510464573
RNU6-892P,Pseudogene,RNU6,1.2630648268022358,0.30799999833107,0.68,0,0.418429298743606,0.4797331523532573
RNU6-893P,Pseudogene,RNU6,1.3199027440083362,0.202999994158745,0.4,0,0.41009263795866724,0.4543227489414632
RNU6-894P,Pseudogene,RNU6,0.7608461932880134,0.284999996423721,0,0,0.9139182368097246,1.141986937796556
RNU6-895P,Pseudogene,RNU6,1.1802911609681086,0.307000011205673,0,0,0.5820415078855228,0.7974677052738073
RNU6-896P,Pseudogene,RNU6,1.266015912846166,0.30799999833107,0,0,0.42999093207428285,0.5022699032850207
RNU6-897P,Pseudogene,RNU6,1.356291040209067,-0.162000000476837,0,0,0.5026640632897564,0.6190436454585839
RNU6-898P,Pseudogene,RNU6,0.9017554172121732,0.194999992847443,0,0,0.5632423853782779,0.4572724610982748
RNU6-899P,Pseudogene,RNU6,1.330939805812636,0.30799999833107,0,0,-0.8911038030494504,-1.8927317220255577
RNU6-89P,Pseudogene,RNU6,0.5210142410559222,0.30799999833107,0.33,0,0.672920972707258,0.3916305668896104
RNU6-900P,Pseudogene,RNU6,1.2599690796777203,0.146999999880791,0.28,0,0.3889677674122106,0.3488201565533184
RNU6-901P,Pseudogene,RNU6,1.1468866941482565,0.284000009298325,0,0,0.4385786092670883,0.4263283927968268
RNU6-902P,Pseudogene,RNU6,1.1069167026096516,0.0900000035762787,0,0,0.6572203970763941,0.8338901131548213
RNU6-903P,Pseudogene,RNU6,1.1790536341938302,-0.096000000834465,0,0,0.4663475442106615,0.3733213875004427
RNU6-904P,Pseudogene,RNU6,1.1692728842179114,-0.0670000016689301,0,0,0.7900135223421749,1.0963433631921553
RNU6-905P,Pseudogene,RNU6,1.3958636987791062,0.0299999993294477,0,0,0.42200861343485885,0.4842123997660493
RNU6-906P,Pseudogene,RNU6,1.6870937329429865,0.293000012636185,1.24,0,0.24467855786140538,0.42073840682034563
RNU6-907P,Pseudogene,RNU6,1.0215965510900435,0.30799999833107,0.26,0,0.5222215653847762,0.5152982618743742
RNU6-908P,Pseudogene,RNU6,1.6997627722391788,0.124499998986721,0,0,-0.016883912169020455,-0.019382577355715754
RNU6-909P,Pseudogene,RNU6,1.136168126913226,-0.0590000003576279,0.67,0,0.6002353015771504,0.6997220568300648
RNU6-90P,Pseudogene,RNU6,1.376264032977908,-0.0525000002235174,4.58,0,0.4121409884999963,0.46855864936763864
RNU6-910P,Pseudogene,RNU6,1.103706180429991,-0.172000005841255,0,0,0.2884310190170201,-0.07680090349140059
RNU6-911P,Pseudogene,RNU6,1.0687471611403534,0.208000004291534,0,0,-1.234120059897832,-2.0171072917934825
RNU6-912P,Pseudogene,RNU6,1.77011248563871,0.284000009298325,0,0,0.1308435977356111,0.24798611470687967
RNU6-913P,Pseudogene,RNU6,1.279684100839107,0.270000010728836,0,0,0.46119944348212416,0.5409240930184926
RNU6-914P,Pseudogene,RNU6,0.9878557475678036,-0.0230000000447035,5.81,0,0.7191778364852925,0.8102715489550948
RNU6-915P,Pseudogene,RNU6,1.0454007425717533,-0.243000000715256,1,0,0.5888233869011682,0.4370171346525061
RNU6-916P,Pseudogene,RNU6,1.3383852063821855,0.263999998569489,0,0,0.5134794087195176,0.7728975715896599
RNU6-917P,Pseudogene,RNU6,1.4695273465679857,0.256999999284744,0,0,-0.4756482050227257,-0.6165601417656424
RNU6-918P,Pseudogene,RNU6,1.1796548854096351,0.421999990940094,0,0,0.07894628003604254,-0.1725242731056031
RNU6-919P,Pseudogene,RNU6,1.60312074171053,0.226999998092651,0,0,-0.08379476979579768,-0.22523301803853812
RNU6-91P,Pseudogene,RNU6,1.0387822874635209,0.30799999833107,0.09,0,0.45250459744039073,0.3529240370872693
RNU6-920P,Pseudogene,RNU6,0.9816210338734764,-0.185500003397465,0.27,0,0.6292918077396982,0.5402978281193521
RNU6-921P,Pseudogene,RNU6,1.3634017522958712,0.284000009298325,0.21,0,0.19223143036434143,0.008716581261375984
RNU6-922P,Pseudogene,RNU6,1.1928945586465558,-0.296000003814697,0,0,0.5241080707875886,0.4588381706672891
RNU6-923P,Pseudogene,RNU6,1.298477859329401,-0.068000003695488,0,0,-1.037365264919631,-2.0742715411703525
RNU6-924P,Pseudogene,RNU6,1.1256480516640297,-0.121500000357628,0.21,0,0.5198256239861316,0.41714182135924693
RNU6-925P,Pseudogene,RNU6,1.1689422074972615,0.303000003099442,0.76,0,-0.8311104446913026,-1.7483421013499536
RNU6-926P,Pseudogene,RNU6,1.298477859329401,0.27700001001358,0,0,-0.260335077682333,-0.7614645113851316
RNU6-928P,Pseudogene,RNU6,1.135543858711625,-0.250500001013279,0.69,0,0.8275115287186465,1.0883619291283069
RNU6-929P,Pseudogene,RNU6,1.0387822874635209,0.305000007152557,0,0,0.4764875213543203,0.38296152188475596
RNU6-92P,Pseudogene,RNU6,1.1021455099259891,0.30799999833107,0,0,0.592337862247416,0.7664501801411425
RNU6-930P,Pseudogene,RNU6,0.8336227856894756,-0.0325000006705523,3.21,0,-0.2697770929178631,-1.0977091672656105
RNU6-931P,Pseudogene,RNU6,1.266015912846166,-0.314999997615814,0.3,0,0.5949181264979925,0.7174020611636337
RNU6-932P,Pseudogene,RNU6,0.7864365902730902,0.209000006318092,0,0,0.7087444462353019,0.7423134695393664
RNU6-933P,Pseudogene,RNU6,1.6555592706449864,0.29899999499321,0.09,0,-0.39974175645287824,-0.9308833972752605
RNU6-934P,Pseudogene,RNU6,0.8115486620808757,0.186000004410744,0,0,0.6463960740754552,0.5572142287353952
RNU6-935P,Pseudogene,RNU6,0.7988885029524141,0.233500003814697,0,0,0.7660032590246486,0.8505748020245961
RNU6-936P,Pseudogene,RNU6,0.7790867155976406,0.0070000002160668,0,0,0.5903320938296566,0.3112073620554433
RNU6-937P,Pseudogene,RNU6,0.950277546579984,0.019000000320375,0,0,0.5776692232822125,0.4751743483455696
RNU6-938P,Pseudogene,RNU6,1.079123347170842,0.282000005245209,0,0,-0.1815139395207754,-0.9659244431548618
RNU6-939P,Pseudogene,RNU6,1.0712442339467558,-0.204999998211861,0,0,0.5768195790734251,0.5078112550593205
RNU6-940P,Pseudogene,RNU6,0.9685521147834452,-0.235999993979931,0,0,0.5426267279395808,0.27426600423143604
RNU6-942P,Pseudogene,RNU6,1.201092019879696,-0.120999999344349,0,0,-0.36421091404850936,-0.9247264668232907
RNU6-943P,Pseudogene,RNU6,1.0632943695018822,0.0405000001192093,0.34,0,0.5540016096637119,0.5255737342616638
RNU6-944P,Pseudogene,RNU6,0.9738583944970508,-0.108000002801418,2.02,0,0.5652220587070366,0.37699872550044383
RNU6-945P,Pseudogene,RNU6,0.9089345015305808,0.184000000357628,0.64,0,0.5417414872153583,0.41504022950318065
RNU6-946P,Pseudogene,RNU6,1.330939805812636,0.282999992370605,0,0,0.3143274964463618,0.28012688490794174
RNU6-947P,Pseudogene,RNU6,0.7536683990117115,-0.126999996602535,0,0,-0.6124027319410598,-1.3323302606584047
RNU6-948P,Pseudogene,RNU6,0.9089345015305808,-0.0379999987781048,0.24,0,0.6107544333004159,0.46639985305499226
RNU6-949P,Pseudogene,RNU6,0.7141628226311706,0.174999997019768,0,0,-0.15168781948438073,-1.124596562505027
RNU6-94P,Pseudogene,RNU6,0.9738583944970508,-0.116999998688698,4.06,0,0.5311464223560378,0.33674945311727056
RNU6-950P,Pseudogene,RNU6,1.4607875917455764,0.159999996423721,0,0,-1.6766689029683568,-2.639638886822283
RNU6-951P,Pseudogene,RNU6,0.9413964480138156,0.214000001549721,0,0,0.5628049473199742,0.4828127196856541
RNU6-952P,Pseudogene,RNU6,1.1256480516640297,-0.108000002801418,0.26,0,0.6148123367296267,0.6772373847717733
RNU6-953P,Pseudogene,RNU6,0.9738583944970508,0.277999997138977,0,0,0.23698867541832883,-0.10695164427521388
RNU6-954P,Pseudogene,RNU6,1.201092019879696,-0.0240000002086162,0.67,0,0.544982723686083,0.5849797351176009
RNU6-955P,Pseudogene,RNU6,1.1021455099259891,0.252000004053116,0,0,0.5466163293755523,0.63726182094413375
RNU6-956P,Pseudogene,RNU6,1.079123347170842,0.0649999976158142,0.7,0,0.672425741695065,0.8253760011896889
RNU6-957P,Pseudogene,RNU6,0.9823837541795166,0.26800000667572,0,0,0.5126323542875028,0.43586322545563283
RNU6-958P,Pseudogene,RNU6,1.1141185028868776,0.248499989509583,0,0,0.587009560246988,0.7111858197878528
RNU6-959P,Pseudogene,RNU6,0.7466247691144057,0.30799999833107,0,0,0.582625152960761,0.39532087237478925
RNU6-95P,Pseudogene,RNU6,1.3958636987791062,0.194999992847443,0,0,0.3554862192659141,0.427470811813903
RNU6-960P,Pseudogene,RNU6,1.157809424568716,-0.0230000000447035,0,0,0.40761229638511615,0.22888407954712336
RNU6-961P,Pseudogene,RNU6,0.8931672703815808,0.282999992370605,0,0,0.26778536022112925,-0.10107276601433486
RNU6-964P,Pseudogene,RNU6,1.0571303441714364,0.284000009298325,0,0,0.5038144274439256,0.47384043911016993
RNU6-965P,Pseudogene,RNU6,0.868357068426537,-0.0450000017881393,0,0,0.6919505696584708,0.6525866411779909
RNU6-966P,Pseudogene,RNU6,1.3025356026398056,-0.132500000298023,0,0,0.5109464544934087,0.577494893128804
RNU6-967P,Pseudogene,RNU6,1.318616289092149,0.216500014066696,0,0,0.5191972478852793,0.7392963952655338
RNU6-968P,Pseudogene,RNU6,0.8440106085641107,0.214000001549721,0,0,0.2484108774429933,-0.1830263423963248
RNU6-969P,Pseudogene,RNU6,1.720174002216378,0.284000009298325,1.37,0,-1.4677606225361979,-2.4950875464013027
RNU6-970P,Pseudogene,RNU6,0.7141628226311706,-0.0379999987781048,0,0,0.7099154928557689,0.5266413338132574
RNU6-971P,Pseudogene,RNU6,1.2451912679323929,-0.0765000022947788,0,0,0.017723641832810645,-0.46775590483624946
RNU6-972P,Pseudogene,RNU6,0.7790867155976406,-0.193000003695488,0,0,0.7138417080004593,0.5318362954199731
RNU6-973P,Pseudogene,RNU6,1.266015912846166,-0.270000010728836,0,0,0.250377152342564,0.06414476095273242
RNU6-974P,Pseudogene,RNU6,1.4151004078062084,-0.0175000009476207,0,0,0.42531870588180304,0.5140859240756664
RNU6-975P,Pseudogene,RNU6,1.1247291552953242,0.29899999499321,0,0,-0.9582801438229837,-1.5392910321262034
RNU6-976P,Pseudogene,RNU6,1.8149445033779872,-0.226999998092651,0,0,0.07732226968653698,0.17476312941871763
RNU6-977P,Pseudogene,RNU6,1.079123347170842,-0.0320000015199184,0,0,0.8228391571879353,1.1040574175319273
RNU6-979P,Pseudogene,RNU6,0.8764725550473457,-0.0759999975562096,7.87,0,0.1004145278276842,-0.5770403054997081
RNU6-97P,Pseudogene,RNU6,1.1021455099259891,0.239999994635582,1.51,0,0.41652072471103474,0.2975182500708767
RNU6-980P,Pseudogene,RNU6,1.3489041839635527,0.298000007867813,0,0,0.07837086899620428,-0.10062313713354694
RNU6-982P,Pseudogene,RNU6,1.4983416082653973,0.298000007867813,0,0,0.09659956011072726,0.12128002981304524
RNU6-983P,Pseudogene,RNU6,1.0116781379726645,0.214000001549721,0,0,0.6133131740432415,0.7241426706279797
RNU6-984P,Pseudogene,RNU6,1.115321005318488,-0.188999995589256,0,0,0.6533680267490244,0.7451557506957442
RNU6-985P,Pseudogene,RNU6,1.001950463569081,0.203999996185303,0,0,0.17390322367653274,-0.22744575458260566
RNU6-986P,Pseudogene,RNU6,0.8172772408720348,-0.124499995261431,0,0,0.7119354544480334,0.6120144969570166
RNU6-987P,Pseudogene,RNU6,1.2357389050685337,0.0439999997615814,0,0,0.5221537657557164,0.6482872138976594
RNU6-988P,Pseudogene,RNU6,1.103706180429991,0.284000009298325,0,0,0.5635743312331869,0.6540739126700466
RNU6-989P,Pseudogene,RNU6,0.8440106085641107,0.204999998211861,0,0,0.6581237435907697,0.6476785951947069
RNU6-98P,Pseudogene,RNU6,1.006320340980286,0.0570000000298023,0,0,0.441791565088093,0.18577394101924047
RNU6-990P,Pseudogene,RNU6,1.703315788067438,-0.0780000016093254,0,0,0.26358522107696364,0.3425718599781454
RNU6-991P,Pseudogene,RNU6,1.136168126913226,0.421000003814697,0,0,0.5829867049121243,0.789462394240187
RNU6-992P,Pseudogene,RNU6,1.2221321703780892,0.30799999833107,0,0,0.37582979388259913,0.31876680107187494
RNU6-993P,Pseudogene,RNU6,1.0968720864335204,0.214000001549721,0,0,-0.8963900939487507,-1.3189228089207712
RNU6-994P,Pseudogene,RNU6,1.3768544508384732,-0.0949999988079071,0.63,0,0.3581871234660671,0.27293331713909047
RNU6-995P,Pseudogene,RNU6,1.3634017522958712,0.305999994277954,0,0,0.41238959158200617,0.5435613416803692
RNU6-996P,Pseudogene,RNU6,1.201092019879696,0.28099998831749,0,0,0.40261679653836174,0.3664654204406351
RNU6-997P,Pseudogene,RNU6,1.5581734311952813,-0.143999993801117,0,0,0.3562018669438492,0.47140835609416326
RNU6-998P,Pseudogene,RNU6,1.10049212632274,-0.156000003218651,1.45,0,0.6268713934338859,0.6543958594611065
RNU6-999P,Pseudogene,RNU6,0.8931672703815808,-0.319999992847443,0,0,0.9367563470642788,1.100054529487467
RNU6-99P,Pseudogene,RNU6,1.103706180429991,0.379000008106232,0,0,0.5545573752926299,0.6878821304063008
RNU4ATAC14P,Pseudogene,RNU4ATAC,1.1708185192267917,0.003000000026077,0,0,0.6311246361226799,0.8464858706518403
RNU4ATAC17P,Pseudogene,RNU4ATAC,1.186754660182934,0.0480000004172325,3.52,0,0.7680107250313887,1.1015913509398467
RNU4ATAC3P,Pseudogene,RNU4ATAC,1.2680769888133556,0.306000009179115,0,0,0.7012671756756392,1.1106326252977428
RNU4ATAC6P,Pseudogene,RNU4ATAC,1.3783445530579952,0.344999998807907,0,0,0.6506213834503998,1.1057203507494362
RNU4ATAC7P,Pseudogene,RNU4ATAC,1.1114970475859671,0.157000005245209,0,0,0.7851937995959009,1.1124318534280522
RNU4ATAC8P,Pseudogene,RNU4ATAC,1.46585046413287,-0.112000003457069,0,0,0.6730242839702167,1.0748436039486822
RNU6ATAC12P,Pseudogene,RNU6ATAC,1.147741516528988,-0.119999997317791,1.72,0,0.805717796570309,1.0947983175222873
RNU6ATAC13P,Pseudogene,RNU6ATAC,1.16664766445092,0.0750000029802322,0,0,0.77288437963212,1.10436275538189
RNU6ATAC14P,Pseudogene,RNU6ATAC,0.91606899526316,-0.0359999984502792,0,0,0.890845086361558,1.1142886539509194
RNU6ATAC19P,Pseudogene,RNU6ATAC,0.8209921374214532,0.405000001192093,0,0,0.8736284991300125,1.144766095018942
RNU6ATAC22P,Pseudogene,RNU6ATAC,1.7172004948659607,0.282999992370605,0,0,-0.25157015570799274,-0.3891543984176091
RNU6ATAC28P,Pseudogene,RNU6ATAC,1.295176644432801,0.239999994635582,0,0,-0.8522269354993841,-1.2325875013422605
RNU6ATAC32P,Pseudogene,RNU6ATAC,1.005466079230727,0.27700001001358,0,0,0.34785252960236906,0.20135673278947036
RNU6ATAC35P,Pseudogene,RNU6ATAC,0.8057727752066064,0.0720000006258488,0.99,0,0.9226415046358156,1.127333227308811
RNU6ATAC36P,Pseudogene,RNU6ATAC,1.2156998957971517,0.282999992370605,0,0,0.7258979838685716,1.1127185341036079
RNU6ATAC39P,Pseudogene,RNU6ATAC,1.165579957619513,0.212999999523163,1.55,0,-0.9017675775296128,-1.2999003065903743
RNU6ATAC40P,Pseudogene,RNU6ATAC,1.5212094629369992,0.330000013113022,0,0,0.5934097578649998,1.0957328340449954
RNU6ATAC42P,Pseudogene,RNU6ATAC,1.4990585181258114,-0.125,0.44,0,0.5095520791333678,0.7635625482342704
RNU6ATAC9P,Pseudogene,RNU6ATAC,1.1378471931106346,-0.0540000014007092,0.26,0,0.8013528003915621,1.0990773949268953
RNU11-2P,Pseudogene,RNU11,1.1985773620535298,0.0500000007450581,0.16,0,0.7628741279592542,1.1009341755016
RNU11-5P,Pseudogene,RNU11,1.4001416297110054,0.305000007152557,0,0,0.21606499580998587,0.30860413748431387
VTRNA2-2P,Pseudogene,VTRNA,1.5512398115580857,0.300999999046326,0,0,-0.10645716938663354,-0.12166733682605592
VTRNA2-2P,Pseudogene,VTRNA,1.5512398115580857,0.300999999046326,0,0,-0.10645716938663354,-0.12166733682605592
VTRNA2-2P,Pseudogene,VTRNA,1.5512398115580857,0.300999999046326,0,0,-0.10645716938663354,-0.12166733682605592
VTRNA2-2P,Pseudogene,VTRNA,1.5512398115580857,0.300999999046326,0,0,-0.10645716938663354,-0.12166733682605592
VTRNA3-1P,Pseudogene,VTRNA,0.7151175857630304,0.167999997735023,0,0,0.9478553895269854,1.1384494441065984
VTRNA3-1P,Pseudogene,VTRNA,0.7151175857630304,0.167999997735023,0,0,0.9478553895269854,1.1384494441065984
VTRNA3-1P,Pseudogene,VTRNA,0.7151175857630304,0.167999997735023,0,0,0.9478553895269854,1.1384494441065984
VTRNA3-1P,Pseudogene,VTRNA,0.7151175857630304,0.167999997735023,0,0,0.9478553895269854,1.1384494441065984
RNY1P1,Pseudogene,RNY,1.3955738599712202,-0.200000002980232,0,0,-0.30031581037596494,0.09228976148588908
RNY1P10,Pseudogene,RNY,1.4754385587424346,-0.193000003695488,0,0,0.30112028834252363,0.32891987153112556
RNY1P11,Pseudogene,RNY,1.198793828978228,-0.308999985456467,2.4,0,0.6389783076988758,0.7454861373558657
RNY1P12,Pseudogene,RNY,1.5547726558494188,0.30799999833107,3.48,0,0.02455204028262312,0.0931830596874411
RNY1P13,Pseudogene,RNY,0.7277659240146215,0.30799999833107,2.18,0,0.7097212676402627,0.6630769429026672
RNY1P14,Pseudogene,RNY,0.9326798142359102,0.30799999833107,7.13,0,0.13344837374932964,-0.28661574301258425
RNY1P15,Pseudogene,RNY,1.330939805812636,-0.104000002145767,0.28,0,0.7278402366972886,1.083935020810601
RNY1P16,Pseudogene,RNY,1.126517277958751,-0.0879999995231628,6.87,0,0.482548300814062,0.38597237189153566
RNY1P2,Pseudogene,RNY,1.2171842668542912,0.30799999833107,0,0,0.5117171717526785,0.6536676742623769
RNY1P3,Pseudogene,RNY,1.0596899818086554,-0.166999995708466,0,0,0.7083866781454524,0.829425099924546
RNY1P4,Pseudogene,RNY,1.4195750336016433,0.305000007152557,0,0,0.48270556176716184,0.7908064545663228
RNY1P5,Pseudogene,RNY,1.3893713094824591,-0.0419999994337559,0,0,0.4769605544970182,0.5914917050612359
RNY1P6,Pseudogene,RNY,1.083454690880817,-0.284000009298325,0.15,0,0.8533723020821923,1.0898472547814342
RNY1P7,Pseudogene,RNY,1.0104518614417886,0.219999998807907,0,0,-1.1502438008847067,-1.491982181231984
RNY1P8,Pseudogene,RNY,1.0359347482983248,0.294999986886978,0,0,0.5185191347587981,0.5151121140196664
RNY1P9,Pseudogene,RNY,1.4339841496951988,0.300999999046326,3.42,0,0.46349806806140725,0.7236848849985944
RNY3P1,Pseudogene,RNY,0.9875433327203754,0.239999994635582,0,0,-1.7032859248000805,-1.238051411946983
RNY3P10,Pseudogene,RNY,1.3280755164170566,0.344999998807907,0,0,0.4746465704284676,0.6835795596321322
RNY3P11,Pseudogene,RNY,1.0215965510900435,0.30799999833107,9.19,0,0.49562039408550423,0.4774776864961842
RNY3P12,Pseudogene,RNY,1.123756206199048,-0.197999998927116,0,0,0.6007681453416233,0.5942465735768594
RNY3P13,Pseudogene,RNY,0.8513304592417029,0.29899999499321,0,0,0.24112009226411926,-0.21589025341033022
RNY3P14,Pseudogene,RNY,1.2599690796777203,0.30799999833107,0,0,-1.950734208358344,-2.689566118344336
RNY3P15,Pseudogene,RNY,1.0742561671256128,-0.150999993085861,0,0,0.6228077653848504,0.6195431633705565
RNY3P16,Pseudogene,RNY,0.5846364421089557,0.261999994516373,0,0,0.19306491466666165,-0.5451345659364377
RNY3P2,Pseudogene,RNY,0.9194368959810392,-0.0879999995231628,13.19,0,0.6069309962756607,0.4887436732546784
RNY3P3,Pseudogene,RNY,1.4983416082653973,-0.110500000417233,0,0,0.4768479368937025,0.7045738887230423
RNY3P4,Pseudogene,RNY,1.2380536421130823,0.296999990940094,0,0,0.5230999607068317,0.6792721694287037
RNY3P5,Pseudogene,RNY,1.157809424568716,0.300000011920929,0,0,0.46204571626807356,0.5038999774285571
RNY3P7,Pseudogene,RNY,1.0317113684275687,-0.13400000333786,0,0,0.6436304366830171,0.677883821292306
RNY3P8,Pseudogene,RNY,1.2680769888133556,0.230000004172325,5.12,0,0.41437872839506135,0.454488440194095
RNY3P9,Pseudogene,RNY,1.1468866941482565,-0.0689999982714653,0,0,0.5501853128589279,0.5470799870431149
RNY4P10,Pseudogene,RNY,1.157809424568716,0.0115000000223517,0,0,0.617030349453227,0.7612767333471193
RNY4P13,Pseudogene,RNY,1.3025356026398056,-0.12050000205636,0,0,0.2504006723699425,0.16635031102311987
RNY4P14,Pseudogene,RNY,1.1939909690864885,0.305000007152557,0,0,0.5856312364076125,0.8196735752590605
RNY4P16,Pseudogene,RNY,0.5912218338223231,0.306500002741814,0,0,0.5324513587631915,0.46454796992006653
RNY4P17,Pseudogene,RNY,1.157809424568716,0.0690000001341105,0.86,0,0.4133553047628862,0.4477593710111457
RNY4P18,Pseudogene,RNY,1.2879003711494708,0.231000006198883,0,0,0.3155420684199375,0.4199793448380479
RNY4P19,Pseudogene,RNY,0.8321755239087647,0.12049999833107,0,0,0.9054951092772728,1.1283193421552173
RNY4P20,Pseudogene,RNY,1.2698554979140757,0.30799999833107,0,0,0.095652660441285,-0.11357823145727837
RNY4P23,Pseudogene,RNY,0.7877878558921161,0.24600000679493,0,0,0.9077692487938573,1.1381035874293877
RNY4P24,Pseudogene,RNY,1.0854463355331714,0.111999999731779,0.25,0,0.5914295602935714,0.681966370169275
RNY4P25,Pseudogene,RNY,0.8321755239087647,0.30799999833107,0.61,0,0.6761123291785034,0.7117022454573926
RNY4P27,Pseudogene,RNY,1.049264791015399,0.284000009298325,0,0,0.5585902817467138,0.5968685700777916
RNY4P28,Pseudogene,RNY,1.120460733453596,-0.208000004291534,0,0,0.5628696157882135,0.4996524562041487
RNY4P29,Pseudogene,RNY,1.2891074005507357,0.118000000715256,0,0,0.19186493265688906,0.055556963301245287
RNY4P3,Pseudogene,RNY,1.4624961152446938,0.30799999833107,0.44,0,-1.268123617484832,-0.7382107714714735
RNY4P30,Pseudogene,RNY,1.0968720864335204,0.19200000166893,0,0,0.2402930285116482,0.04434916528938882
RNY4P34,Pseudogene,RNY,1.1334344893146375,-0.0790000036358833,0,0,0.44980901239371907,0.40529604542686043
RNY4P36,Pseudogene,RNY,1.049264791015399,0.30799999833107,0,0,-0.8141053159776482,-1.5624104606862215
RNY4P37,Pseudogene,RNY,1.230172513604261,0.214000001549721,0,0,0.27877230620753923,0.40137658430639167
RNY4P6,Pseudogene,RNY,1.230172513604261,0.214000001549721,0.43,0,-0.2535042252664642,-0.7643059916699012
RNY4P7,Pseudogene,RNY,0.9045386129443096,-0.415500000119209,0,0,0.5977606175029262,0.3778461338019393
RNY4P9,Pseudogene,RNY,0.8952134726046772,0.211999997496605,0,0,0.13797570221073938,-0.38809733019137027
VTRNA2-2P,Pseudogene,TRNA,1.5512398115580857,0.300999999046326,0,0,-0.10645716938663354,-0.12166733682605592
VTRNA2-2P,Pseudogene,TRNA,1.5512398115580857,0.300999999046326,0,0,-0.10645716938663354,-0.12166733682605592
VTRNA2-2P,Pseudogene,TRNA,1.5512398115580857,0.300999999046326,0,0,-0.10645716938663354,-0.12166733682605592
VTRNA2-2P,Pseudogene,TRNA,1.5512398115580857,0.300999999046326,0,0,-0.10645716938663354,-0.12166733682605592
VTRNA3-1P,Pseudogene,TRNA,0.7151175857630304,0.167999997735023,0,0,0.9478553895269854,1.1384494441065984
VTRNA3-1P,Pseudogene,TRNA,0.7151175857630304,0.167999997735023,0,0,0.9478553895269854,1.1384494441065984
VTRNA3-1P,Pseudogene,TRNA,0.7151175857630304,0.167999997735023,0,0,0.9478553895269854,1.1384494441065984
VTRNA3-1P,Pseudogene,TRNA,0.7151175857630304,0.167999997735023,0,0,0.9478553895269854,1.1384494441065984
RN7SL100P,Pseudogene,RN7SL,1.4818380007278789,0.301999986171722,0.19,0,-2.1988767818665367,-3.9073390564582313
RN7SL101P,Pseudogene,RN7SL,1.3694520075543952,0.305000007152557,0.39,0,0.2119633821993099,0.2680961585867337
RN7SL104P,Pseudogene,RN7SL,1.17361569657648,-0.298000007867813,0.03,0,0.15293436935957366,0.010561656187581234
RN7SL105P,Pseudogene,RN7SL,1.1384480629538545,0.289000004529953,4.67,0,0.11228548707507184,0.04714126372990349
RN7SL106P,Pseudogene,RN7SL,1.5570540537303423,-0.0515000000596046,0,0,0.14356180623012796,0.41383118813620223
RN7SL107P,Pseudogene,RN7SL,1.165991823328919,0.0509999990463257,2.05,0,0.34204242375877797,0.25518061328549685
RN7SL108P,Pseudogene,RN7SL,1.2513697821096226,0.44200000166893,0.17,0,-0.440497552487804,-0.6945015600439907
RN7SL110P,Pseudogene,RN7SL,0.7364158884182647,-0.17399999499321,0.49,0,-0.5542013928691293,-1.380926230790023
RN7SL111P,Pseudogene,RN7SL,0.7312480576223469,0.30799999833107,0.21,0,0.24814367852495198,-0.15003120307424905
RN7SL113P,Pseudogene,RN7SL,0.6737753841971793,0.30799999833107,2.05,0,-0.7622433544886121,-1.3496251196710745
RN7SL116P,Pseudogene,RN7SL,1.0818874950888002,-0.0160000007599592,1.86,0,0.04449820555943697,0.01676439041276692
RN7SL117P,Pseudogene,RN7SL,1.3729429325122275,-0.0614999998360872,0.17,0,-0.011882456958094203,-0.054316829974939466
RN7SL118P,Pseudogene,RN7SL,1.012124794987222,0.282999992370605,4.36,0,-0.7779900066951801,-1.1884091821399603
RN7SL11P,Pseudogene,RN7SL,1.126196880553188,0.30799999833107,1.58,0,-1.0806374581859497,-2.032080302238832
RN7SL120P,Pseudogene,RN7SL,1.1734554978736986,-0.137000001966953,0,0,0.34706298719753986,0.3984242734306514
RN7SL121P,Pseudogene,RN7SL,1.730352546608191,0.153999999165535,0,0,-4.136591585415522,-7.02919576822502
RN7SL122P,Pseudogene,RN7SL,1.14242325281365,0.293000012636185,0.1,0,-0.5116699755012033,-1.2531688858848453
RN7SL124P,Pseudogene,RN7SL,0.840935266265699,0.229000002145767,2.21,0,0.3931496193172478,0.18947549669275046
RN7SL125P,Pseudogene,RN7SL,1.016036841968465,0.282999992370605,0.9,0,0.11125138913801311,-0.16259395164228216
RN7SL126P,Pseudogene,RN7SL,0.697009018135013,0.301999986171722,0,0,-2.1700537737781134,-3.8739455461812202
RN7SL127P,Pseudogene,RN7SL,1.0536065763575315,0.30799999833107,2.82,0,0.16490898177769142,-0.0038902698155075014
RN7SL12P,Pseudogene,RN7SL,1.0899378376112396,-0.100999999791384,0.99,0,0.19979636199460724,0.15620330864049597
RN7SL130P,Pseudogene,RN7SL,1.3324298623725224,0.30799999833107,4.36,0,0.07343253285478658,0.1170894540093425
RN7SL131P,Pseudogene,RN7SL,1.4924887113581105,0.157000005245209,0,0,-2.953189977868921,-5.4803539306097795
RN7SL132P,Pseudogene,RN7SL,1.2555973827248577,-0.0720000006258488,0.07,0,-1.0003829827054398,-1.442565084448654
RN7SL135P,Pseudogene,RN7SL,1.2369402845212545,0.303000003099442,0,0,-0.731611143105429,-0.7919005237160172
RN7SL138P,Pseudogene,RN7SL,1.1134334535922146,0.307000011205673,5.74,0,-0.2153552760441025,-0.8702127125862786
RN7SL140P,Pseudogene,RN7SL,1.016036841968465,0.29899999499321,0.07,0,-1.519121051435591,-2.584401427607186
RN7SL141P,Pseudogene,RN7SL,1.2013360946652842,0.30799999833107,9.23,0,0.18223445814248151,0.20757125932046938
RN7SL143P,Pseudogene,RN7SL,1.286454916187462,0.214000001549721,0.19,0,-0.8548224586235731,-0.7911679681869433
RN7SL144P,Pseudogene,RN7SL,0.9066236511029606,0.237000003457069,0.71,0,0.16141638328875793,-0.09392003114804863
RN7SL146P,Pseudogene,RN7SL,1.473575631269275,0.239999994635582,2.91,0,-1.229551329436137,-0.9502490791216555
RN7SL147P,Pseudogene,RN7SL,0.7925943711812687,0.305000007152557,0.19,0,-0.862784798812847,-1.199739926812506
RN7SL148P,Pseudogene,RN7SL,0.9586164052880768,0.293999999761581,0.08,0,-0.5794075955246415,-1.2209251177272307
RN7SL149P,Pseudogene,RN7SL,1.0877640145414271,0.305000007152557,0,0,0.08331736155880562,-0.08993224587231216
RN7SL14P,Pseudogene,RN7SL,1.165579957619513,0.214000001549721,0.55,0,0.10381286632575518,0.29650060509390513
RN7SL150P,Pseudogene,RN7SL,1.45830958056365,-0.238500006496906,0,0,-1.4675315342897888,-2.402828749671069
RN7SL151P,Pseudogene,RN7SL,1.7428509359232265,0.130999997258186,0.53,0,-1.4254329489182258,-1.4062342261992167
RN7SL152P,Pseudogene,RN7SL,1.177235757195708,-0.136500000953674,0.2,0,-0.02543976852875585,-0.2673575305407495
RN7SL153P,Pseudogene,RN7SL,0.8445664638121113,0.109499998390675,13.02,0,-0.329551399125051,-0.656616293810959
RN7SL154P,Pseudogene,RN7SL,1.3936594925364174,0.0719999969005585,0.29,0,-3.554173565896035,-6.033095547205274
RN7SL155P,Pseudogene,RN7SL,1.3999368707712991,0.305000007152557,0.15,0,-3.8336606796869055,-6.520536885034728
RN7SL156P,Pseudogene,RN7SL,0.9940403283303778,0.281999990344048,0.13,0,-1.5512059617234415,-2.4102593925064633
RN7SL159P,Pseudogene,RN7SL,1.260902044564561,0.165999993681908,0,0,-0.8864095818127485,-0.9240708431901058
RN7SL15P,Pseudogene,RN7SL,1.234740283344046,0.215000003576279,7.01,0,-0.6475043069099272,-0.7924142651699903
RN7SL160P,Pseudogene,RN7SL,0.9417393558992022,0.277999997138977,1.18,0,-0.0015728298914314024,-0.32286067012221853
RN7SL162P,Pseudogene,RN7SL,1.1062631145707935,0.293000012636185,0.35,0,-0.49021998271567235,-0.7850267633273582
RN7SL163P,Pseudogene,RN7SL,1.5227710910088548,0.123000003397465,0.2,0,-2.9633378656832043,-5.699519140431292
RN7SL164P,Pseudogene,RN7SL,1.3526882386050345,-0.090999998152256,0.21,0,-0.010991005320310228,0.026685228462511548
RN7SL165P,Pseudogene,RN7SL,0.7161707780837419,0.143999993801117,13.77,0,0.3311988894801136,0.12728233458683527
RN7SL166P,Pseudogene,RN7SL,1.3769662085049372,0.306999996304512,3.26,0,-0.06469805325793551,-0.1932040643954325
RN7SL167P,Pseudogene,RN7SL,1.230651739359463,0.30799999833107,0,0,-1.1785234968112923,-1.1315698654947586
RN7SL168P,Pseudogene,RN7SL,1.1329102971586362,0.294999986886978,0.6,0,-0.8502996425833892,-1.5275457902057437
RN7SL169P,Pseudogene,RN7SL,1.2499534272160533,0.159999996423721,0.41,0,0.12356552119521147,0.15207035442300817
RN7SL16P,Pseudogene,RN7SL,1.4203610041177557,0.29899999499321,3.74,0,0.07235143379664093,0.19825205818447042
RN7SL170P,Pseudogene,RN7SL,1.295176644432801,0.30799999833107,0.1,0,-1.3016016086636768,-1.4687858173486725
RN7SL172P,Pseudogene,RN7SL,1.1234190456211304,0.30799999833107,5.87,0,-0.32644860094977723,-0.5280213784421683
RN7SL173P,Pseudogene,RN7SL,1.094367812263581,-0.0850000008940697,3.16,0,-0.6849889072746129,-0.9780163475387221
RN7SL174P,Pseudogene,RN7SL,1.4302351715260608,-0.100000001490116,2.83,0,-0.17711097164221348,-0.4597176149850536
RN7SL176P,Pseudogene,RN7SL,1.0525540223351963,-0.0379999987781048,0.3,0,-0.6003545040355315,-1.0796555568025545
RN7SL177P,Pseudogene,RN7SL,1.277849866580857,0.30799999833107,1.68,0,0.04317927102912255,-0.027208859908403788
RN7SL178P,Pseudogene,RN7SL,1.79384289135482,-0.190999999642372,1.16,0,-0.8883769672208482,-0.6734273187980229
RN7SL180P,Pseudogene,RN7SL,0.909707405018277,0.28999999165535,1.1,0,0.16331418439039602,-0.17958917460401064
RN7SL181P,Pseudogene,RN7SL,1.2288663206613808,0.30799999833107,2.69,0,-2.0968205202787074,-3.0244474232324587
RN7SL182P,Pseudogene,RN7SL,1.076762764848906,0.187000006437302,0.38,0,-0.7501279818083068,-1.5239876390256548
RN7SL183P,Pseudogene,RN7SL,1.2937937529576593,0.299000009894371,0,0,0.14657823136521514,0.22463852791019592
RN7SL184P,Pseudogene,RN7SL,0.760177905019864,0.282999992370605,0,0,0.2916298316869625,0.0892943243347293
RN7SL185P,Pseudogene,RN7SL,1.618143292168326,-0.156000003218651,0,0,0.18028769911428624,0.5390294519206725
RN7SL186P,Pseudogene,RN7SL,1.0993342011056495,0.28600001335144,0.05,0,-1.112748340402549,-1.9841055283271753
RN7SL187P,Pseudogene,RN7SL,1.146345964919521,0.23199999332428,0.15,0,-0.8079785007599416,-1.139180347569723
RN7SL188P,Pseudogene,RN7SL,1.157809424568716,0.101000003516674,0,0,0.31925663816853006,0.38916069912102347
RN7SL189P,Pseudogene,RN7SL,1.1177468147220475,0.30799999833107,0.02,0,0.2923948166302605,0.3782480671957029
RN7SL18P,Pseudogene,RN7SL,0.8474687540657612,0.30799999833107,0.41,0,-0.8351407344726168,-1.122107066800386
RN7SL190P,Pseudogene,RN7SL,1.459650792063284,0.0850000008940697,0.15,0,-3.6822999526450637,-6.527601321531142
RN7SL191P,Pseudogene,RN7SL,1.0021694691348888,0.138999998569489,0.36,0,0.27081834265107324,0.19532635333422022
RN7SL193P,Pseudogene,RN7SL,1.145224539519056,-0.146999999880791,0,0,0.2607414670507184,0.3274596811829659
RN7SL196P,Pseudogene,RN7SL,0.6445537002753677,-0.0219999998807907,0.26,0,0.7401981887833624,0.9044814039397547
RN7SL197P,Pseudogene,RN7SL,1.196532147798439,0.30799999833107,0,0,-1.0803641132774904,-1.2806938357604185
RN7SL198P,Pseudogene,RN7SL,1.1308836239973503,0.32600000500679,0.24,0,-3.25112335909487,-5.27758590286647
RN7SL19P,Pseudogene,RN7SL,1.2145647885181627,0.30799999833107,2.19,0,-0.6133811715593805,-0.8419559731008162
RN7SL200P,Pseudogene,RN7SL,1.206051483925746,0.305000007152557,3.95,0,-0.22015354400368375,-0.5307363182815436
RN7SL201P,Pseudogene,RN7SL,0.8566225134478,0.294999986886978,0,0,-0.07246173614856449,-0.38251513124588815
RN7SL202P,Pseudogene,RN7SL,1.2727065430373672,0.257999986410141,0.18,0,-3.8852254665433836,-6.384812413515971
RN7SL203P,Pseudogene,RN7SL,1.044375393107592,-0.126999996602535,0.37,0,-0.27006974383076005,-0.51279548265507
RN7SL204P,Pseudogene,RN7SL,1.140132944804308,0.319999992847443,0.42,0,-3.1726624622791415,-5.005182907872919
RN7SL205P,Pseudogene,RN7SL,1.2964204120170837,-0.0299999993294477,0,0,-0.8706537804982434,-1.237947055574409
RN7SL208P,Pseudogene,RN7SL,1.1851900528524355,0.206000000238419,0.61,0,-0.6370686392455289,-1.0972923818727145
RN7SL209P,Pseudogene,RN7SL,1.5982804013068146,-0.1875,0.53,0,0.6278907817447025,1.0621815518370255
RN7SL20P,Pseudogene,RN7SL,1.2279796927243958,0.30799999833107,1.09,0,0.011542962684069803,-0.12677384358722454
RN7SL210P,Pseudogene,RN7SL,0.7839334645517348,0.185000002384186,0.12,0,-0.6704479485762022,-1.4924487440371181
RN7SL211P,Pseudogene,RN7SL,1.0319605740721165,-0.037499999627471,0.21,0,0.18525424171377058,0.07333368827557084
RN7SL213P,Pseudogene,RN7SL,1.2052905681630166,0.44200000166893,1.35,0,-0.9000200902422147,-0.8176172065323769
RN7SL214P,Pseudogene,RN7SL,1.3500494799688048,-0.118000000715256,0,0,0.5540763816642083,0.7723980073044067
RN7SL215P,Pseudogene,RN7SL,1.0490219618575616,0.305000007152557,0,0,0.19524623352149195,0.20331361589949365
RN7SL216P,Pseudogene,RN7SL,1.5618771432101473,0.29899999499321,0,0,0.07722789498808592,0.29271085946103853
RN7SL217P,Pseudogene,RN7SL,0.8622846413746033,0.259500004351139,0.24,0,-1.825126107838734,-2.157307745119198
RN7SL218P,Pseudogene,RN7SL,1.1500648799227715,0.214000001549721,0,0,-0.0774692237924157,-0.29045085857096925
RN7SL219P,Pseudogene,RN7SL,1.3729429325122275,0.194999992847443,1.54,0,-0.19043125242496,-0.4384232173881108
RN7SL220P,Pseudogene,RN7SL,1.2041218015514648,0.306500002741814,14.93,0,-0.0857602505780053,-0.31447011119749857
RN7SL221P,Pseudogene,RN7SL,1.359705018176784,0.30799999833107,0.2,0,0.23279526734767483,0.4571287738816296
RN7SL222P,Pseudogene,RN7SL,1.3475507683943586,-0.0320000015199184,0,0,-0.6446767652055878,-0.8392610761154381
RN7SL223P,Pseudogene,RN7SL,1.205066952102133,0.305000007152557,0,0,0.18947023872555271,0.27946342196718776
RN7SL225P,Pseudogene,RN7SL,1.2355147550766834,0.29899999499321,0.08,0,-0.4564174776692229,-0.5498942697246456
RN7SL228P,Pseudogene,RN7SL,1.1921998035163015,-0.0879999995231628,0,0,0.39055446287021345,0.4699041520751716
RN7SL229P,Pseudogene,RN7SL,1.2197657817362726,-0.116999998688698,0.67,0,-0.9146571846788714,-1.1823042959319088
RN7SL22P,Pseudogene,RN7SL,1.1492011760589116,0.301999986171722,0.09,0,-0.8370408893817222,-1.318881626600668
RN7SL230P,Pseudogene,RN7SL,1.3068344000082537,-0.0500000007450581,3.07,0,-0.8880833719116067,-1.706350049663346
RN7SL231P,Pseudogene,RN7SL,1.1748360337535502,0.27700001001358,1.06,0,0.19986737052328912,0.27644779993731744
RN7SL233P,Pseudogene,RN7SL,1.2539452251646743,0.25,0.48,0,-0.04539933315997358,-0.31593412826513195
RN7SL234P,Pseudogene,RN7SL,1.295176644432801,-0.0654999986290932,0.12,0,-1.609322208206153,-2.4010558711037544
RN7SL236P,Pseudogene,RN7SL,1.137425455826309,0.291999995708466,0.25,0,-0.1719304157069591,-0.5081216944644877
RN7SL237P,Pseudogene,RN7SL,0.9682030031236648,0.0590000003576279,2.04,0,-0.6524167557791487,-0.9173361455667765
RN7SL238P,Pseudogene,RN7SL,1.1378471931106346,-0.046000000089407,0,0,0.37444326526277755,0.5851913679071364
RN7SL239P,Pseudogene,RN7SL,1.2620122727799006,-0.074499998241663,2.53,0,-0.5581055100622195,-0.6691987739461159
RN7SL23P,Pseudogene,RN7SL,1.1367583441220122,0.136999994516373,6.1,0,0.18711875218057344,0.2542113370945413
RN7SL240P,Pseudogene,RN7SL,1.457382492464118,0.207000002264977,0,0,0.11433823353118833,0.2040521262480508
RN7SL241P,Pseudogene,RN7SL,1.30989456084681,-0.0135000003501773,0.09,0,0.7249428719706935,1.090287238995963
RN7SL242P,Pseudogene,RN7SL,0.760177905019864,0.305000007152557,5.47,0,0.01087680788686611,-0.4147126734493316
RN7SL244P,Pseudogene,RN7SL,1.1344193351834897,0.365000009536743,1.3,0,0.1061958708753481,0.18141971227103346
RN7SL248P,Pseudogene,RN7SL,0.9185053489739664,0.296000003814697,0,0,-1.7150167582787554,-2.1724258249119455
RN7SL250P,Pseudogene,RN7SL,1.2924384274255434,0.30799999833107,0.1,0,-1.1407985249256105,-1.9109825822419149
RN7SL251P,Pseudogene,RN7SL,0.760177905019864,0.419999986886978,0.16,0,-0.9612381710622732,-1.8360712918130726
RN7SL252P,Pseudogene,RN7SL,1.356625184343142,0.30799999833107,0.12,0,0.23061081254040042,0.3875079585137925
RN7SL253P,Pseudogene,RN7SL,1.1851900528524355,0.284000009298325,0.17,0,-0.44196135733332886,-0.6257495631676243
RN7SL254P,Pseudogene,RN7SL,1.1129646933354207,0.347000002861023,0.84,0,-1.2231254729974603,-1.4436050551550812
RN7SL255P,Pseudogene,RN7SL,1.2203937177886468,0.282000005245209,0.08,0,-0.8102573084223278,-1.0633524798514513
RN7SL258P,Pseudogene,RN7SL,1.1346532360773416,-0.0940000005066395,1.26,0,0.24672250238002788,0.20228368896468146
RN7SL259P,Pseudogene,RN7SL,1.139504137223756,-0.104000002145767,0,0,0.13995055935654954,-0.04121101669326681
RN7SL25P,Pseudogene,RN7SL,1.416089988510968,0.28099998831749,1.91,0,-3.249003361993256,-4.674363479714431
RN7SL260P,Pseudogene,RN7SL,1.2932977614863317,0.282000005245209,0.44,0,-0.6064559857866265,-0.4400515283554419
RN7SL261P,Pseudogene,RN7SL,0.8868327507334846,-0.187000006437302,0,0,-0.0953018731588312,-0.45091749951686094
RN7SL262P,Pseudogene,RN7SL,0.8860786412515684,0.204999998211861,0.71,0,-0.8908751051041606,-1.5441759069929064
RN7SL263P,Pseudogene,RN7SL,1.5929860703548886,0.471999987959862,0.46,0,-1.029723880947096,-1.191369855766356
RN7SL265P,Pseudogene,RN7SL,1.2041218015514648,0.305000007152557,0.51,0,-0.2867797493415721,-0.8018165102253866
RN7SL267P,Pseudogene,RN7SL,0.6787158695747646,0.30799999833107,0.07,0,-0.39506800270185277,-0.535045639790281
RN7SL268P,Pseudogene,RN7SL,1.0839893605861468,0.202000007033348,1.66,0,-0.12393832281926073,-0.349560529979392
RN7SL269P,Pseudogene,RN7SL,0.7174622335852044,0.44200000166893,1.06,0,-1.1299353720671592,-1.5022424888489818
RN7SL26P,Pseudogene,RN7SL,1.0522111708621231,0.160999998450279,0.14,0,-2.017257724924045,-3.0164584849389504
RN7SL270P,Pseudogene,RN7SL,1.100124969252125,0.20100000500679,0.42,0,0.3354356262532731,0.42069508308737324
RN7SL271P,Pseudogene,RN7SL,0.8477519854469243,0.0949999988079071,0.13,0,-0.18566616814428877,-0.614017590732868
RN7SL272P,Pseudogene,RN7SL,1.201878295400051,0.146999999880791,0.38,0,-1.3598882463231379,-1.475200953041105
RN7SL273P,Pseudogene,RN7SL,1.312700317487608,0.30799999833107,2.77,0,0.16027001180291198,0.14385504189450948
RN7SL274P,Pseudogene,RN7SL,1.4174652146374354,0.163000002503395,0.78,0,-3.5602675901921383,-6.435299103909578
RN7SL277P,Pseudogene,RN7SL,0.8924780981050519,0.305000007152557,1.82,0,0.33422607247689684,0.17637918245242218
RN7SL278P,Pseudogene,RN7SL,1.1851900528524355,0.305000007152557,0.1,0,-0.8442913492194798,-1.3437502756104125
RN7SL279P,Pseudogene,RN7SL,1.4064938432260812,-0.113500002771616,0.07,0,-3.427585824190647,-5.376614579053005
RN7SL280P,Pseudogene,RN7SL,1.073385820693914,0.194999992847443,9.18,0,-1.5797403566396433,-2.266121595720014
RN7SL282P,Pseudogene,RN7SL,1.4969657206545015,0.305000007152557,0.26,0,-0.9756411115141244,-1.1273863386958443
RN7SL283P,Pseudogene,RN7SL,0.7909787157944694,0.214000001549721,0,0,0.41482356577984486,0.2800403426767302
RN7SL284P,Pseudogene,RN7SL,1.0483438062458557,0.303000003099442,1.68,0,-0.4139797120378536,-1.009482283427363
RN7SL285P,Pseudogene,RN7SL,1.3683202290357552,0.30799999833107,1.37,0,-0.16347354385427337,-0.3174532476566456
RN7SL286P,Pseudogene,RN7SL,0.9548943707783226,-0.034000001847744,0.29,0,0.5986565240274732,0.849679451088962
RN7SL28P,Pseudogene,RN7SL,1.0606777614337566,0.44200000166893,0,0,-0.3739482814717585,-0.6048717331697574
RN7SL290P,Pseudogene,RN7SL,0.6715294662498553,0.277999997138977,0.02,0,-0.8517159869354409,-1.790263487910323
RN7SL291P,Pseudogene,RN7SL,0.6850706283780292,-0.150999993085861,0.1,0,0.3541948309511975,0.11221695217363148
RN7SL292P,Pseudogene,RN7SL,1.331916104954989,0.319999992847443,0,0,0.12076199156879834,0.1186605335366798
RN7SL294P,Pseudogene,RN7SL,1.4011456426136666,0.293000012636185,0,0,-0.016211224485146766,0.02921057876360673
RN7SL296P,Pseudogene,RN7SL,1.1849153308295222,0.279000014066696,15,0,-0.13607541610865023,-0.48440717464670335
RN7SL297P,Pseudogene,RN7SL,0.7468463523668509,0.189999997615814,1.75,0,0.39257700191357847,0.16789416111090377
RN7SL299P,Pseudogene,RN7SL,0.8063315635389272,0.30799999833107,0,0,-0.2951030606227174,-0.7424067162542293
RN7SL300P,Pseudogene,RN7SL,1.288882189614231,0.291999995708466,6.17,0,-0.9761647515102921,-1.0687325445297682
RN7SL301P,Pseudogene,RN7SL,1.5968445419387325,0.209999993443489,6.21,0,-0.13129206433627788,-0.38248421518423387
RN7SL302P,Pseudogene,RN7SL,1.227277990042839,0.30799999833107,0,0,0.2691949603508046,0.4983833047641907
RN7SL303P,Pseudogene,RN7SL,1.3423208866513798,0.301999986171722,0.12,0,-0.8466006193974074,-1.4397484486406544
RN7SL304P,Pseudogene,RN7SL,0.9693288205691576,0.266999989748001,0.37,0,-1.1964678647840394,-2.073568718351768
RN7SL305P,Pseudogene,RN7SL,1.1990126069377094,0.211999997496605,0,0,-0.3736513999645964,-0.6266875308981298
RN7SL306P,Pseudogene,RN7SL,1.3377392675760165,-0.0139999999664724,0.66,0,0.46561349807327435,0.6334724143590931
RN7SL307P,Pseudogene,RN7SL,1.2834023113015938,0.214000001549721,0,0,-0.0377627295994402,-0.02985590085946637
RN7SL308P,Pseudogene,RN7SL,1.1811995139539426,0.305000007152557,4.14,0,0.009027340321347067,-0.05202438676084331
RN7SL309P,Pseudogene,RN7SL,1.117326577555824,-0.214500002563,0,0,0.46144139050032495,0.4367674497628001
RN7SL30P,Pseudogene,RN7SL,1.4983416082653973,0.305000007152557,3.57,0,-1.158041094261441,-1.237546899673841
RN7SL310P,Pseudogene,RN7SL,1.1866516522270114,0.197999998927116,0.24,0,-1.3185152793216866,-1.4458256424488616
RN7SL311P,Pseudogene,RN7SL,0.5448514939146899,0.270000010728836,0.24,0,-0.37988074405734784,-1.127713657279989
RN7SL313P,Pseudogene,RN7SL,0.735691405194705,0.184000000357628,0.18,0,-0.49220529560243853,-1.0684838874306208
RN7SL314P,Pseudogene,RN7SL,1.2014255330284964,-0.175499998033047,0.19,0,0.6249312492382203,0.7837955364541097
RN7SL316P,Pseudogene,RN7SL,1.2259158613080523,0.277999997138977,0.59,0,0.14296493073267838,0.2174532983244794
RN7SL319P,Pseudogene,RN7SL,1.4616689115596009,-0.0659999996423721,0,0,0.4991977163757441,0.76295114352363
RN7SL320P,Pseudogene,RN7SL,1.1185616474646918,-0.0949999988079071,0.39,0,-0.5199265459593204,-0.8465251812021022
RN7SL321P,Pseudogene,RN7SL,0.6273081163215116,-0.118000000715256,5.77,0,-0.5945267665862155,-1.3700147443967474
RN7SL322P,Pseudogene,RN7SL,1.3359339514254416,0.307000011205673,0.1,0,-0.5152239668080788,-1.0393035074261145
RN7SL323P,Pseudogene,RN7SL,1.0596899818086554,0.214000001549721,0.06,0,-1.2272756754424679,-1.4784932146086984
RN7SL325P,Pseudogene,RN7SL,0.8591518698213088,-0.181999996304512,0,0,0.2834910721606609,0.04502766530675077
RN7SL326P,Pseudogene,RN7SL,1.1617209428949618,0.217999994754791,2.82,0,-1.256398630569743,-1.9571675821949845
RN7SL327P,Pseudogene,RN7SL,0.98128242710084,-0.0829999968409538,1.36,0,0.869875022566326,1.1075136206771463
RN7SL328P,Pseudogene,RN7SL,1.2851684612712748,0.303000003099442,2.63,0,-1.0908457982051032,-1.549015279152878
RN7SL329P,Pseudogene,RN7SL,1.312700317487608,0.30799999833107,6.33,0,0.017976836825585096,-4.2420835110910075e-4
RN7SL32P,Pseudogene,RN7SL,1.1742906975163134,0.252000004053116,0.76,0,-4.103952591443083,-6.859447648366334
RN7SL330P,Pseudogene,RN7SL,1.3463777347590606,0.174999997019768,0.1,0,0.19818760712033834,0.3110027317397087
RN7SL332P,Pseudogene,RN7SL,1.1623677293898529,0.226999998092651,0.07,0,-0.021202497464379993,-0.16312962169525771
RN7SL333P,Pseudogene,RN7SL,0.760177905019864,-0.0390000008046627,2.14,0,0.31259633637566203,0.030770499161510007
RN7SL334P,Pseudogene,RN7SL,0.9212677141729568,0.305000007152557,2.73,0,-1.1939605975143466,-1.9834932159907912
RN7SL335P,Pseudogene,RN7SL,1.371090108041901,-0.126500003039837,0,0,0.1831179232741261,0.2993291865289118
RN7SL336P,Pseudogene,RN7SL,1.2045896033391692,-0.0010000000474974,1.37,0,0.2154569277867218,0.2404771472906399
RN7SL337P,Pseudogene,RN7SL,1.5809291478330307,0.293000012636185,1.08,0,-0.729350334787614,-1.3044645603796374
RN7SL338P,Pseudogene,RN7SL,1.2091798085939491,0.30799999833107,0.33,0,0.11675298768940169,-0.11322309151694278
RN7SL339P,Pseudogene,RN7SL,1.5254921472358085,0.0850000008940697,0,0,-3.921651085309487,-7.287691449298804
RN7SL33P,Pseudogene,RN7SL,1.208590539681379,0.27700001001358,0.11,0,-1.8109848053482753,-2.497802005822355
RN7SL340P,Pseudogene,RN7SL,1.3729429325122275,0.305000007152557,0,0,-0.45300576212784094,-0.7297214221035101
RN7SL341P,Pseudogene,RN7SL,1.2122031559242932,0.30799999833107,0.19,0,-1.1288336753335473,-1.7533035656149185
RN7SL342P,Pseudogene,RN7SL,1.4059114441191551,0.284000009298325,0,0,-0.5608064296021814,-0.8586051757136228
RN7SL343P,Pseudogene,RN7SL,1.3441235848441415,0.287000000476837,0.06,0,-0.3963544743894061,-0.7257990128124124
RN7SL344P,Pseudogene,RN7SL,0.6688696337880082,-0.0850000008940697,2.38,0,-0.9387914563445291,-1.2573478984404456
RN7SL346P,Pseudogene,RN7SL,1.1814381883354246,-0.144499994814396,0.88,0,0.26983464835907717,0.106673665256172
RN7SL34P,Pseudogene,RN7SL,1.2478612687018384,0.204999998211861,0.64,0,-0.36425030007130405,-0.8450349053448998
RN7SL350P,Pseudogene,RN7SL,1.1732985138606051,0.305000007152557,0,0,0.11469362712595144,0.11973201544542962
RN7SL351P,Pseudogene,RN7SL,0.9103743459310468,0.196999996900558,1.58,0,0.019199045076676434,-0.3203448671271431
RN7SL352P,Pseudogene,RN7SL,1.178708511654794,0.305000007152557,0,0,0.3703929711109253,0.4892902338977323
RN7SL353P,Pseudogene,RN7SL,1.3507776619968357,0.224000006914139,0.42,0,-3.5635783143942694,-6.915564924349822
RN7SL354P,Pseudogene,RN7SL,1.3232107709356753,0.413499996066093,0.7,0,-1.2198035117479331,-1.644522016952543
RN7SL356P,Pseudogene,RN7SL,1.358558639312485,0.219999998807907,6.42,0,-3.471416978389784,-6.01896224284944
RN7SL357P,Pseudogene,RN7SL,1.1539241580433175,0.30799999833107,0,0,-0.5048701138209405,-1.200715392141002
RN7SL35P,Pseudogene,RN7SL,1.1300537191852196,-0.161499999463558,0,0,-0.5676133537076525,-0.7490632422254464
RN7SL361P,Pseudogene,RN7SL,1.3287611516862443,0.30799999833107,0.1,0,-0.7495522534844764,-0.7944505421484076
RN7SL362P,Pseudogene,RN7SL,1.4570186017044515,0.30799999833107,6.98,0,0.24788585170472383,0.5725139590555546
RN7SL363P,Pseudogene,RN7SL,1.030577619671055,0.282999992370605,0.58,0,-1.283766036289198,-2.3243621234602223
RN7SL364P,Pseudogene,RN7SL,1.1620660768649245,0.203999996185303,5.38,0,-0.9172937636003635,-1.823457711080221
RN7SL366P,Pseudogene,RN7SL,1.320378556100625,-0.105000000447035,0.38,0,-0.09764560302310249,-0.3677485654236066
RN7SL369P,Pseudogene,RN7SL,1.1616816968916883,0.284000009298325,0.19,0,-0.18738861448707056,-0.2035807221191199
RN7SL36P,Pseudogene,RN7SL,1.0697152292210963,-0.0700000002980232,3.39,0,-0.6389514879675428,-0.9633385351508474
RN7SL370P,Pseudogene,RN7SL,0.7182343210036441,0.30799999833107,0,0,-0.07323228601427016,-0.6408861708041412
RN7SL371P,Pseudogene,RN7SL,1.4570186017044515,0.175999999046326,0,0,-3.944943938686336,-6.73424433810199
RN7SL372P,Pseudogene,RN7SL,0.8392175694860492,0.202999994158745,0.16,0,-0.4678699170163835,-1.3232834095570254
RN7SL375P,Pseudogene,RN7SL,1.3287611516862443,-0.0449999999254942,1.89,0,0.10192551483389696,0.11853105612627457
RN7SL376P,Pseudogene,RN7SL,1.4472617807108952,0.268999993801117,0.21,0,-2.3678825902567446,-5.159143806302843
RN7SL378P,Pseudogene,RN7SL,1.1888915567719032,0.305000007152557,0.74,0,-0.3982775240383779,-1.0068435063890107
RN7SL379P,Pseudogene,RN7SL,1.2565986246172414,0.214000001549721,0.1,0,-0.1993481057725098,-0.46731547277206137
RN7SL37P,Pseudogene,RN7SL,1.3237495375362194,-0.0299999993294477,3.47,0,0.13244987876878056,-7.063142902951504e-4
RN7SL380P,Pseudogene,RN7SL,1.477334752777615,0.282000005245209,0.07,0,-0.46451818287146374,-0.7458719249890107
RN7SL382P,Pseudogene,RN7SL,1.145492303030751,0.30799999833107,2.28,0,-0.788283151965851,-1.0744056807220186
RN7SL383P,Pseudogene,RN7SL,1.4059114441191551,0.303000003099442,0,0,-0.056327852775851804,-0.002550708262887888
RN7SL384P,Pseudogene,RN7SL,1.0839893605861468,0.30799999833107,0.85,0,0.1773513866340638,0.2548205395613468
RN7SL385P,Pseudogene,RN7SL,1.3843373554625953,0.261000007390976,0.96,0,-0.8994911548406965,-1.3176915701916523
RN7SL386P,Pseudogene,RN7SL,1.2630648268022358,0.287000000476837,0,0,-1.102904371087487,-1.852421764592055
RN7SL387P,Pseudogene,RN7SL,1.2468716879970787,0.277999997138977,0.44,0,-3.203228495339787,-5.376360905435426
RN7SL388P,Pseudogene,RN7SL,0.7479653804735954,0.30799999833107,1.03,0,-1.2757341727589484,-2.061026811714034
RN7SL38P,Pseudogene,RN7SL,1.2673319377035943,-0.209000006318092,0,0,-0.8323284149249804,-0.5815123882317632
RN7SL390P,Pseudogene,RN7SL,1.1496558370717531,0.284000009298325,2.54,0,0.12637356679102885,0.1267729313525498
RN7SL391P,Pseudogene,RN7SL,1.1618862183171974,0.163000002503395,0.21,0,-3.836014030926328,-7.624962140274641
RN7SL392P,Pseudogene,RN7SL,1.103597612047104,0.206000000238419,0,0,-1.0849573665756571,-1.6546530992322346
RN7SL393P,Pseudogene,RN7SL,0.9152952883414848,-0.183000005781651,10,0,0.35437731472955203,0.2076621990275175
RN7SL394P,Pseudogene,RN7SL,1.181681783838174,-0.149000003933907,9.51,0,-0.05573555656114704,-0.345271128253445
RN7SL395P,Pseudogene,RN7SL,1.3010435801854645,0.230000004172325,0.41,0,0.09786194824862253,0.1868141273527589
RN7SL397P,Pseudogene,RN7SL,0.722659573724098,0.282999992370605,0.2,0,0.3037346251623334,0.24407029376947675
RN7SL398P,Pseudogene,RN7SL,1.2355147550766834,0.305000007152557,8.41,0,0.24293493269111263,0.36267523355489334
RN7SL399P,Pseudogene,RN7SL,1.4068006986695152,0.279000014066696,1.14,0,-0.5354801223042028,-1.0131094136235868
RN7SL39P,Pseudogene,RN7SL,1.1928945586465558,0.305000007152557,0.62,0,-0.4938967656666187,-0.822731370420215
RN7SL400P,Pseudogene,RN7SL,1.4081465974484384,0.273999989032745,0,0,-0.8636831253388157,-0.9955915815950315
RN7SL401P,Pseudogene,RN7SL,1.2937937529576593,0.30799999833107,0.06,0,-0.8632093205049003,-0.7812826084789063
RN7SL402P,Pseudogene,RN7SL,1.3156925279189955,0.30799999833107,0.56,0,-0.06119126940924519,-0.15215318474259404
RN7SL403P,Pseudogene,RN7SL,1.4804776248583582,0.214000001549721,0.96,0,-2.2008255564803045,-3.967363384509873
RN7SL404P,Pseudogene,RN7SL,1.100124969252125,0.216999992728233,14.04,0,0.21167318663011722,0.1991353616697416
RN7SL405P,Pseudogene,RN7SL,1.213897078354052,-0.0160000007599592,0.2,0,-2.738475461559492,-4.851117368777899
RN7SL408P,Pseudogene,RN7SL,1.3612083775334904,0.305000007152557,0.51,0,-0.5783876272288188,-0.6302091660246676
RN7SL40P,Pseudogene,RN7SL,0.6906231655322166,0.28999999165535,0.55,0,-0.12419995353576808,-0.6761458496825603
RN7SL411P,Pseudogene,RN7SL,0.7409980317239783,0.305000007152557,5.8,0,-0.5965377373424189,-0.8918047047856984
RN7SL413P,Pseudogene,RN7SL,1.075944111720423,-0.158999994397163,1.2,0,0.11122390835246093,-0.05897974815848626
RN7SL414P,Pseudogene,RN7SL,1.1696238064520703,-0.0379999987781048,1.26,0,0.20777995134751354,0.23044488924112533
RN7SL415P,Pseudogene,RN7SL,1.1658219465380495,0.239999994635582,0.19,0,0.06943266881084892,0.022080772968943282
RN7SL416P,Pseudogene,RN7SL,1.4103517487196109,0.202999994158745,0,0,-0.6330069172612593,-1.3105444233897974
RN7SL418P,Pseudogene,RN7SL,0.89558777788939,-0.122000001370907,0,0,-0.7843677112210294,-0.9321637099549365
RN7SL419P,Pseudogene,RN7SL,1.294971516677902,0.282999992370605,1.44,0,-0.8801952983593918,-1.182808344615882
RN7SL41P,Pseudogene,RN7SL,1.1344193351834897,-0.187000006437302,0,0,0.12630230622837604,-0.14014546115133497
RN7SL420P,Pseudogene,RN7SL,1.1888915567719032,0.232999995350838,0.05,0,-1.2725488536033167,-1.9986363985452056
RN7SL422P,Pseudogene,RN7SL,1.450588819287242,0.293999999761581,0,0,-0.4859377891826422,-0.7998800863445135
RN7SL423P,Pseudogene,RN7SL,0.7198223067219978,-0.111000001430511,0.07,0,-0.3646729246628478,-0.785667815074039
RN7SL424P,Pseudogene,RN7SL,1.4903290862960636,0.30799999833107,0.13,0,-0.9068135976021023,-0.7819122322495694
RN7SL426P,Pseudogene,RN7SL,1.295176644432801,0.214000001549721,0.18,0,-0.49552195895723805,-1.0366669721002626
RN7SL428P,Pseudogene,RN7SL,0.9843723852608516,0.165999993681908,2.47,0,0.6183994274775503,0.7423727296485434
RN7SL42P,Pseudogene,RN7SL,1.0751087513852364,-0.0570000000298023,0.15,0,0.6268076453584848,0.7923586188702247
RN7SL430P,Pseudogene,RN7SL,1.0908287140564763,0.310000002384186,1.44,0,0.6255976459021773,0.8415787328279198
RN7SL432P,Pseudogene,RN7SL,0.8042501707574639,0.27700001001358,0.37,0,-1.0298781203197578,-1.7547606097573427
RN7SL434P,Pseudogene,RN7SL,1.1535370650684624,0.305000007152557,1.71,0,0.048231803481450945,-0.07645431283486614
RN7SL435P,Pseudogene,RN7SL,1.2563463968724369,0.200000002980232,0.59,0,0.2839115985810558,0.275128945118505
RN7SL43P,Pseudogene,RN7SL,1.4084691968980256,0.200000002980232,0.06,0,-1.1520049627609712,-1.4482837813175726
RN7SL441P,Pseudogene,RN7SL,1.0795790580438027,0.28999999165535,2.47,0,0.1867625529232455,0.11335384459766401
RN7SL442P,Pseudogene,RN7SL,1.3133900659951372,0.194999992847443,0.57,0,-0.18635678020705493,-0.41228463619259537
RN7SL443P,Pseudogene,RN7SL,1.3055299373585176,0.30799999833107,4.44,0,-0.3983338765021006,-0.8206100824041089
RN7SL444P,Pseudogene,RN7SL,0.7409980317239783,0.30799999833107,11.06,0,0.268890034131451,0.15352073584046064
RN7SL445P,Pseudogene,RN7SL,1.102487472541542,0.307000011205673,0.08,0,-0.44094464509606446,-0.8419543716627342
RN7SL446P,Pseudogene,RN7SL,1.2438628277461206,-0.105999998748302,0.18,0,0.2460082587035614,0.2736612452269131
RN7SL447P,Pseudogene,RN7SL,1.049117111241857,-0.108999997377396,0,0,0.2724143803337201,0.16087429269159387
RN7SL448P,Pseudogene,RN7SL,1.1185616474646918,0.30799999833107,0.46,0,0.11559345516711624,0.15456704028149476
RN7SL44P,Pseudogene,RN7SL,0.7590935962404165,0.214000001549721,0.17,0,-1.4261479371886465,-2.2495578576262845
RN7SL451P,Pseudogene,RN7SL,1.394018036270026,0.159999996423721,0,0,-0.9635889986122774,-1.3077866245758047
RN7SL452P,Pseudogene,RN7SL,1.157809424568716,-0.138999998569489,2.56,0,0.18493002238560027,-0.09796294266684394
RN7SL453P,Pseudogene,RN7SL,1.0557532746827198,0.301999986171722,0.04,0,-1.7859527896881655,-2.177550090448567
RN7SL454P,Pseudogene,RN7SL,1.5437458994249549,-0.180000007152557,0.03,0,-0.01318900877524427,-0.33504537176019367
RN7SL455P,Pseudogene,RN7SL,1.749031258391039,0.305000007152557,1.47,0,-4.126383534969264,-6.903858749753676
RN7SL456P,Pseudogene,RN7SL,1.3422739769576302,0.30799999833107,0,0,0.1501805020892616,0.28984358040502056
RN7SL457P,Pseudogene,RN7SL,1.2465613665217186,0.30799999833107,0.2,0,0.0029544989852883442,-0.07632136267598363
RN7SL459P,Pseudogene,RN7SL,1.4836829381062686,0.30799999833107,0.18,0,-0.18074726350605524,-0.29403724189609964
RN7SL45P,Pseudogene,RN7SL,1.165579957619513,0.206000000238419,0.85,0,-0.5282625232754774,-0.8061075816746318
RN7SL460P,Pseudogene,RN7SL,1.319364227996909,0.300000011920929,0.09,0,-3.636867834128765,-5.648464937935418
RN7SL461P,Pseudogene,RN7SL,1.2193950322585414,0.305000007152557,0,0,-0.5543264994532904,-0.7730478748289175
RN7SL462P,Pseudogene,RN7SL,1.0779604987363909,0.284999996423721,0.06,0,-0.29865441241231777,-0.6964577498921277
RN7SL464P,Pseudogene,RN7SL,0.8186531284829306,0.305000007152557,3.2,0,0.18474963779598583,-0.1132245783171153
RN7SL465P,Pseudogene,RN7SL,1.0385665934669546,0.214000001549721,5.5,0,0.21180906512692038,0.1764684592479423
RN7SL466P,Pseudogene,RN7SL,0.7771059866596806,-0.104000002145767,0,0,0.4450425078048337,0.28531048994294683
RN7SL468P,Pseudogene,RN7SL,0.968779314435048,-0.195500001311302,0.32,0,-0.11575416990978123,-0.4574107232720042
RN7SL469P,Pseudogene,RN7SL,1.7000745981008996,-0.0659999996423721,0.64,0,0.11850478332754037,0.5005310689911734
RN7SL470P,Pseudogene,RN7SL,1.7031868369138257,0.123000003397465,0.38,0,-3.918700840622817,-6.492627714890886
RN7SL472P,Pseudogene,RN7SL,1.7426414888559856,0.146999999880791,1.41,0,-0.007679411504682884,0.3375040685460125
RN7SL474P,Pseudogene,RN7SL,1.6617065495471277,0.184000000357628,0.16,0,-3.94465179647237,-6.502847299926572
RN7SL475P,Pseudogene,RN7SL,1.2122031559242932,-0.120999999344349,0.24,0,-1.225024136441883,-1.2098549634980216
RN7SL477P,Pseudogene,RN7SL,1.1537611398674268,0.211999997496605,0.69,0,-0.15228248656322255,-0.41345477043539863
RN7SL478P,Pseudogene,RN7SL,1.456974947024391,0.223000004887581,0.39,0,-1.5918280152990343,-1.5825743609152962
RN7SL479P,Pseudogene,RN7SL,0.7062637489869168,0.30799999833107,0.06,0,-0.609711673669027,-1.1790187046098963
RN7SL47P,Pseudogene,RN7SL,1.3475507683943586,0.305000007152557,1.69,0,-0.6707480070044644,-0.5570092560650983
RN7SL480P,Pseudogene,RN7SL,1.3232107709356753,0.305000007152557,0,0,-0.5610345943927756,-0.6624940529374098
RN7SL481P,Pseudogene,RN7SL,1.1849153308295222,0.226999998092651,4.84,0,-0.7649611019621355,-0.8479524858876226
RN7SL482P,Pseudogene,RN7SL,0.9208081665194152,0.30799999833107,2.45,0,-0.6977381848462252,-1.048034223642669
RN7SL483P,Pseudogene,RN7SL,1.060309683552403,0.303000003099442,0.67,0,-0.9012423443080438,-1.8346721566684387
RN7SL487P,Pseudogene,RN7SL,1.1914666752829228,0.305999994277954,0.34,0,-0.5333682850120463,-1.0892139373755745
RN7SL488P,Pseudogene,RN7SL,1.2994993891138389,0.270999997854233,0.23,0,-4.113804385674249,-7.34594149319399
RN7SL489P,Pseudogene,RN7SL,0.7164919308990261,-0.0450000017881393,0.03,0,0.9746100789421804,1.1265847733539824
RN7SL48P,Pseudogene,RN7SL,0.9839404324833116,0.272000014781952,0.15,0,-3.0831449347847366,-4.633201975173444
RN7SL491P,Pseudogene,RN7SL,1.4461857496471695,0.18299999833107,0,0,-2.906686177194871,-5.7346585500450225
RN7SL492P,Pseudogene,RN7SL,1.2716279781703863,0.291999995708466,0,0,-1.8058502096218314,-2.257235318314166
RN7SL493P,Pseudogene,RN7SL,1.5334198398970285,0.305000007152557,0.35,0,-0.9209058965250376,-1.035250201485238
RN7SL494P,Pseudogene,RN7SL,1.119723588234219,-0.197499997913837,0.64,0,0.30562177974071925,0.18243677316747015
RN7SL495P,Pseudogene,RN7SL,1.5388606275913312,-0.126000002026558,0,0,0.217485861114836,0.5637894273243127
RN7SL496P,Pseudogene,RN7SL,1.0899378376112396,0.252000004053116,0,0,-0.2082013454258337,-0.25031424729286633
RN7SL497P,Pseudogene,RN7SL,1.327057313874442,0.214000001549721,0,0,-0.8606361402294899,-1.3719982448723926
RN7SL498P,Pseudogene,RN7SL,1.456974947024391,0.44200000166893,0.56,0,-0.023771359589548614,0.0736193606175865
RN7SL499P,Pseudogene,RN7SL,0.8054326431782373,0.284000009298325,0.23,0,-0.525985300842256,-0.7714504178042662
RN7SL49P,Pseudogene,RN7SL,1.0606777614337566,0.30799999833107,1.64,0,0.23407350447273642,0.11672102529732908
RN7SL502P,Pseudogene,RN7SL,1.0420284821118444,0.284000009298325,2.21,0,-0.07200247912765476,-0.2678502988899085
RN7SL503P,Pseudogene,RN7SL,1.3526882386050345,0.30799999833107,0.1,0,-1.3342454805957942,-2.354495413084652
RN7SL504P,Pseudogene,RN7SL,1.0408182283579397,0.26800000667572,0,0,-0.6400556498738774,-0.7582962736337365
RN7SL505P,Pseudogene,RN7SL,1.149906288564834,0.301999986171722,3.61,0,-1.7335928521087085,-2.068044736998901
RN7SL507P,Pseudogene,RN7SL,1.2790664926823316,0.305000007152557,2.1,0,-2.278218405393043,-2.7943926264197736
RN7SL508P,Pseudogene,RN7SL,1.3297613193066442,0.30799999833107,1.09,0,0.14675840013427305,0.13479075039479704
RN7SL509P,Pseudogene,RN7SL,1.1811995139539426,-0.0469999983906746,0,0,-0.4084770959515316,-0.79108547544800345
RN7SL50P,Pseudogene,RN7SL,1.2937937529576593,0.30799999833107,0.2,0,-0.046141100111054156,-0.12983702984628456
RN7SL510P,Pseudogene,RN7SL,1.4131438223823491,0.159999996423721,0.29,0,-3.6611532236801865,-6.1292650275634815
RN7SL513P,Pseudogene,RN7SL,1.1539241580433175,0.305000007152557,2.49,0,-0.41629852427365455,-0.9428475893122936
RN7SL515P,Pseudogene,RN7SL,1.075944111720423,0.20100000500679,0.68,0,0.18875318784601544,-0.03225135134387061
RN7SL516P,Pseudogene,RN7SL,0.8654333072533837,0.28099998831749,0.41,0,-0.2329243384609107,-0.6535297624546831
RN7SL517P,Pseudogene,RN7SL,0.6035793393653307,0.239999994635582,12.92,0,-0.6655868460013106,-1.1708818586875516
RN7SL518P,Pseudogene,RN7SL,1.0544335830893663,-0.0329999998211861,0.08,0,0.2926126995850357,0.10166036255807581
RN7SL519P,Pseudogene,RN7SL,0.8924780981050519,0.28099998831749,0.22,0,-0.7366163319503382,-0.8506525837791408
RN7SL51P,Pseudogene,RN7SL,0.8653102015197772,0.305000007152557,0,0,0.3667490022839474,0.23260810463560685
RN7SL520P,Pseudogene,RN7SL,1.2266302644906326,0.239999994635582,0.32,0,-0.9792116398407806,-1.3651332347343552
RN7SL521P,Pseudogene,RN7SL,1.321540050265302,-0.132500000298023,10.42,0,0.34445580895988553,0.5152941668174339
RN7SL523P,Pseudogene,RN7SL,1.3054495525338543,0.305000007152557,0.2,0,-1.5708366627477541,-1.4472198849081224
RN7SL525P,Pseudogene,RN7SL,1.798739641740684,0.151500001549721,0.37,0,-4.0064813877233725,-6.855873869804823
RN7SL526P,Pseudogene,RN7SL,1.284841806574688,0.305000007152557,1.18,0,-1.5680500074775097,-1.6489718956447943
RN7SL530P,Pseudogene,RN7SL,1.2588263542290736,0.30799999833107,0.46,0,-0.6783043433775625,-0.47035531990657287
RN7SL531P,Pseudogene,RN7SL,1.2193950322585414,0.305000007152557,0.23,0,-2.951247903410948,-4.797064963865577
RN7SL535P,Pseudogene,RN7SL,1.1030481680012767,-0.165000006556511,9,0,-0.5748892291627463,-1.095317190322633
RN7SL536P,Pseudogene,RN7SL,1.724736797978225,-0.013499999884516,0.06,0,0.13325804879869105,0.5643957257835667
RN7SL538P,Pseudogene,RN7SL,0.7769510612237437,-0.028999999165535,0.18,0,0.3854395842906884,0.022181702254381996
RN7SL541P,Pseudogene,RN7SL,1.1782654214692234,0.301999986171722,4.11,0,0.232321268515061,0.30429911023952333
RN7SL542P,Pseudogene,RN7SL,1.5122408810693433,-0.218999996781349,0,0,-0.8131565458692229,-1.2568625247685732
RN7SL543P,Pseudogene,RN7SL,1.103597612047104,-0.293999999761581,0.17,0,-0.8206948309800955,-1.4281789217669718
RN7SL545P,Pseudogene,RN7SL,1.2695979207339714,-0.145000003278255,0.06,0,0.27755440560952804,0.4654346630727349
RN7SL546P,Pseudogene,RN7SL,1.3055299373585176,0.194999992847443,0.77,0,-0.9227891871182912,-1.6669440617018294
RN7SL547P,Pseudogene,RN7SL,1.4253033261070056,0.207000002264977,0.02,0,0.02106448014253518,0.08439977562085453
RN7SL549P,Pseudogene,RN7SL,1.182443667644646,0.231000006198883,0.4,0,0.30693613487535215,0.4800632723877868
RN7SL551P,Pseudogene,RN7SL,1.3404169512624398,0.30799999833107,0.06,0,-1.2122587834464775,-1.103929345633235
RN7SL552P,Pseudogene,RN7SL,1.1955640797176958,0.305000007152557,3.13,0,-0.4500047730335782,-0.5225870524759834
RN7SL553P,Pseudogene,RN7SL,1.014054563128976,-0.141500003635883,0.07,0,-0.7225859821152572,-0.7198356903737717
RN7SL554P,Pseudogene,RN7SL,1.3441691607150503,0.195999994874001,0,0,-0.06760191811377973,-0.19576883087133265
RN7SL555P,Pseudogene,RN7SL,1.2500243344901183,0.30799999833107,9.05,0,-1.420281795686895,-1.4239738484513087
RN7SL556P,Pseudogene,RN7SL,1.3986959491434152,0.193000003695488,0.11,0,-1.0137421374513773,-1.540493663744009
RN7SL557P,Pseudogene,RN7SL,1.3966582219447798,0.144999995827675,0,0,-2.2068957623779064,-2.978880790811093
RN7SL559P,Pseudogene,RN7SL,1.356625184343142,-0.0500000007450581,5.13,0,-0.7344576516005255,-0.9879918335259704
RN7SL55P,Pseudogene,RN7SL,1.2279796927243958,0.204999998211861,0.95,0,-0.09656951523653894,-0.1788413658062423
RN7SL560P,Pseudogene,RN7SL,1.460418705990085,0.097000002861023,0.09,0,-2.3279013206843695,-4.625252574000342
RN7SL561P,Pseudogene,RN7SL,1.1372078333842193,0.160999998450279,0.11,0,-0.35273867398110126,-0.8200984988249914
RN7SL563P,Pseudogene,RN7SL,1.270482153805269,0.30799999833107,2.42,0,-1.375309686561016,-1.720571522783702
RN7SL564P,Pseudogene,RN7SL,1.3615838832928102,0.118000000715256,0,0,0.6866787142189128,1.0942440615708255
RN7SL565P,Pseudogene,RN7SL,0.6482102060085417,0.300000011920929,0.26,0,-0.5515752780180214,-1.0113237429019377
RN7SL566P,Pseudogene,RN7SL,1.0795790580438027,-0.0839999988675117,3.34,0,-0.025643314174454444,-0.32044272851694794
RN7SL567P,Pseudogene,RN7SL,1.215126722814692,0.125,0,0,-0.6783907294817795,-1.2868612100352015
RN7SL568P,Pseudogene,RN7SL,1.3404169512624398,0.266999989748001,0,0,-0.5431328658384986,-0.29455929928029345
RN7SL569P,Pseudogene,RN7SL,1.2542935432827758,0.354999989271164,1.91,0,-0.21750455936527693,-0.5690130536968859
RN7SL570P,Pseudogene,RN7SL,1.3560644630222634,0.284000009298325,0.07,0,-0.14149712803042133,-0.2815584416683398
RN7SL571P,Pseudogene,RN7SL,1.2245306456455574,0.222000002861023,0.45,0,0.22671160498285073,0.16093000928549558
RN7SL573P,Pseudogene,RN7SL,1.3591675853632754,0.263999998569489,0,0,0.18554649817985192,0.32329337545287085
RN7SL574P,Pseudogene,RN7SL,1.391710318420982,0.305000007152557,1.45,0,-1.145759595379055,-1.5604072816015202
RN7SL575P,Pseudogene,RN7SL,0.697009018135013,0.146999999880791,0.74,0,0.32865730136864996,0.09666886899360486
RN7SL577P,Pseudogene,RN7SL,1.2609805614114729,0.30799999833107,1.38,0,-0.8227346883926723,-0.9528855832344283
RN7SL578P,Pseudogene,RN7SL,0.810057477260091,0.30799999833107,0.58,0,0.45580996183086964,0.4453123459548232
RN7SL57P,Pseudogene,RN7SL,1.1977338874848786,0.30799999833107,7.73,0,-0.4958058699765108,-0.7721182418074324
RN7SL580P,Pseudogene,RN7SL,1.1739461412874437,-0.127000004053116,0.07,0,-0.3077709993670769,-0.9296474182131305
RN7SL581P,Pseudogene,RN7SL,1.0116781379726645,-0.0579999983310699,0.46,0,-0.6684790893451257,-1.081739589809628
RN7SL582P,Pseudogene,RN7SL,0.9835155326981566,-0.0410000011324883,0.8,0,-0.43031919437196536,-0.8182646200354986
RN7SL583P,Pseudogene,RN7SL,0.7261522523427487,-0.10700000077486,0.19,0,0.05792227450221632,-0.4405242373302867
RN7SL585P,Pseudogene,RN7SL,1.0668386840668884,0.305000007152557,0,0,0.11050495362514617,0.05034670917422472
RN7SL586P,Pseudogene,RN7SL,1.2321282727673837,0.207000002264977,0,0,-1.4787340179450195,-1.847120037310823
RN7SL587P,Pseudogene,RN7SL,1.458592655862368,-0.12899999320507,2.08,0,-0.6816788959628182,-0.989885897779346
RN7SL589P,Pseudogene,RN7SL,1.120460733453596,0.184000000357628,1.17,0,-0.6839088048117611,-1.022487170512328
RN7SL58P,Pseudogene,RN7SL,1.311396389052321,0.206000000238419,0,0,0.15112955608027726,0.14185993163669655
RN7SL591P,Pseudogene,RN7SL,1.153844323799645,0.30799999833107,0.58,0,0.21657533489442637,0.12285959600819898
RN7SL592P,Pseudogene,RN7SL,1.7799774783405171,0.305000007152557,0.35,0,-3.572954575134828,-4.859276522545568
RN7SL594P,Pseudogene,RN7SL,1.028715690818894,0.105999998748302,0.07,0,-0.074818483940437025,-0.404007370747945
RN7SL596P,Pseudogene,RN7SL,1.2422330284435184,0.144999995827675,0.19,0,-2.953759799114459,-6.08643997098243
RN7SL597P,Pseudogene,RN7SL,1.0795790580438027,0.294999986886978,0.44,0,-0.11011316460902591,-0.4501897223273247
RN7SL598P,Pseudogene,RN7SL,1.3468395347023838,-0.170500002801418,0.07,0,-0.025537608347296285,-0.18498563911876703
RN7SL600P,Pseudogene,RN7SL,1.2662330496119405,0.30799999833107,7.29,0,-1.88498619209722,-2.255336896755356
RN7SL601P,Pseudogene,RN7SL,1.17361569657648,0.207000002264977,0,0,-0.945597104281102,-1.371096347961755
RN7SL602P,Pseudogene,RN7SL,1.7259936792181785,0.218999996781349,0.14,0,-4.155694577369102,-7.465822937584338
RN7SL604P,Pseudogene,RN7SL,0.97396806323517,-0.119999997317791,0.48,0,-0.6022423950793915,-1.430973365384685
RN7SL605P,Pseudogene,RN7SL,1.2484564257805018,-0.153999999165535,0.78,0,-3.1763876642667217,-5.466942284260225
RN7SL606P,Pseudogene,RN7SL,1.0906327685357189,0.305000007152557,0.67,0,0.1878576776077215,0.05173590715667123
RN7SL607P,Pseudogene,RN7SL,1.394018036270026,0.30799999833107,0.2,0,-0.6133345440369602,-1.0150870494350879
RN7SL608P,Pseudogene,RN7SL,1.2574059342090356,-0.131999999284744,8.57,0,-0.13473421936572513,-0.6211645213123289
RN7SL60P,Pseudogene,RN7SL,1.1732985138606051,-0.172999992966652,0.06,0,-1.0777100563523598,-1.50190724425938
RN7SL610P,Pseudogene,RN7SL,1.0145752689519678,0.146999999880791,0.95,0,-1.8968597531676483,-2.6830801298850537
RN7SL612P,Pseudogene,RN7SL,0.7417829872660587,0.303000003099442,0.45,0,-0.9126253968657515,-1.5293514875039476
RN7SL614P,Pseudogene,RN7SL,1.364561107527415,-0.333499997854233,0.93,0,-0.6855682546993155,-0.7632170605984484
RN7SL615P,Pseudogene,RN7SL,1.282137953381464,0.305000007152557,0.78,0,0.2777407680973302,0.4638004027675406
RN7SL616P,Pseudogene,RN7SL,1.1233764305294978,0.284000009298325,0.63,0,0.1300511280580144,0.03979945995965369
RN7SL617P,Pseudogene,RN7SL,1.206678004177136,0.305000007152557,0.27,0,-0.7876600341320603,-1.1747361285986466
RN7SL618P,Pseudogene,RN7SL,1.2790664926823316,-0.0654999986290932,0.1,0,0.03303430666199207,-0.24728895298879328
RN7SL619P,Pseudogene,RN7SL,1.1981981254257643,0.195999994874001,0.24,0,-3.6184262013492394,-6.451200933497607
RN7SL620P,Pseudogene,RN7SL,1.2036632631654969,-0.12899999320507,0.27,0,-0.1790834315041997,-0.5105797325913147
RN7SL621P,Pseudogene,RN7SL,1.1616816968916883,0.266999989748001,0.31,0,-0.12986683645508446,-0.410152387438046
RN7SL622P,Pseudogene,RN7SL,1.7430294609870851,0.165000006556511,0,0,-3.5549059435431007,-6.5464787121696295
RN7SL623P,Pseudogene,RN7SL,1.10925612611906,0.30799999833107,0.5,0,0.09427362603140252,-0.1842859727657868
RN7SL624P,Pseudogene,RN7SL,1.6367593663867102,0.180500000715256,0.2,0,-3.2440643003758067,-6.177052378298846
RN7SL625P,Pseudogene,RN7SL,0.9310220115088644,0.214000001549721,0,0,-1.2974291395352984,-1.720863360574714
RN7SL627P,Pseudogene,RN7SL,0.768051796496079,0.266000002622604,0.53,0,-0.4988632843135536,-0.8177726879205558
RN7SL628P,Pseudogene,RN7SL,1.7000745981008996,-0.0160000007599592,0.19,0,0.10742517115923893,0.5244078479717748
RN7SL629P,Pseudogene,RN7SL,1.0359347482983248,0.214000001549721,0.47,0,0.4986374479668063,0.8729801925896872
RN7SL62P,Pseudogene,RN7SL,1.1695044692613294,0.199000000953674,0.02,0,-0.6777237298289351,-1.0303893669828894
RN7SL630P,Pseudogene,RN7SL,1.2045896033391692,0.0689999982714653,8.45,0,-0.03628845304184284,-0.19108654108837891
RN7SL632P,Pseudogene,RN7SL,1.2535680987811662,-0.096000000834465,0,0,0.33253685668687066,0.31124061210788306
RN7SL633P,Pseudogene,RN7SL,0.912213486023837,0.30799999833107,0,0,-1.0186165427471154,-1.5968646899805274
RN7SL634P,Pseudogene,RN7SL,1.1776349284140708,0.284000009298325,0.23,0,-1.4848534938104974,-2.3554175989922
RN7SL635P,Pseudogene,RN7SL,1.3494738225547531,-0.0509999990463257,0.07,0,-1.2204493460567793,-1.7496788159325185
RN7SL636P,Pseudogene,RN7SL,1.358653916585738,0.29899999499321,0.06,0,-1.131243148246996,-1.606691456486701
RN7SL638P,Pseudogene,RN7SL,1.1378471931106346,0.30799999833107,2.16,0,-0.13729179067109837,-0.3643982334309148
RN7SL63P,Pseudogene,RN7SL,1.1540008409352662,0.29899999499321,0,0,-0.11821224801582227,-0.24675020218195495
RN7SL643P,Pseudogene,RN7SL,1.515894813610587,0.29899999499321,0.02,0,-0.617748967920185,-0.8366856697371107
RN7SL644P,Pseudogene,RN7SL,1.3813247574970395,0.180999994277954,0.1,0,-3.273942644183588,-6.519104090214424
RN7SL645P,Pseudogene,RN7SL,1.291237276470687,-0.256000012159348,0.07,0,-0.4180775528896029,-0.6116494651632592
RN7SL646P,Pseudogene,RN7SL,1.2279796927243958,-0.126000002026558,1.8,0,0.1562100273217656,-0.10873887524767531
RN7SL647P,Pseudogene,RN7SL,1.157809424568716,-0.106499999761581,0,0,0.24437977294375518,0.12587709166999014
RN7SL649P,Pseudogene,RN7SL,1.098866399317945,0.164000004529953,0.08,0,-0.5259655025530954,-0.7626768300752261
RN7SL650P,Pseudogene,RN7SL,1.2662330496119405,0.347000002861023,14.43,0,-1.5314232826326186,-2.0864132195435245
RN7SL652P,Pseudogene,RN7SL,1.3893713094824591,0.282000005245209,1.13,0,-0.8243615142744434,-1.746166903563313
RN7SL653P,Pseudogene,RN7SL,0.6638634243260898,-0.063000001013279,5.54,0,0.4323456405467825,0.2934045592868848
RN7SL654P,Pseudogene,RN7SL,0.8326711615048985,0.0850000008940697,0.07,0,0.45814921744211623,0.40056075733122826
RN7SL655P,Pseudogene,RN7SL,1.107300959738537,-0.122999999672174,2.46,0,0.0033041209469618516,-0.3582435298202668
RN7SL658P,Pseudogene,RN7SL,0.768051796496079,0.305000007152557,0.64,0,-0.786427580335549,-1.251005125305939
RN7SL659P,Pseudogene,RN7SL,1.3591675853632754,0.30799999833107,0.08,0,-0.31565165124208266,-0.2731062669910455
RN7SL65P,Pseudogene,RN7SL,0.6395518726189099,0.263999998569489,1.12,0,0.31250901581346463,-0.041936361376046005
RN7SL660P,Pseudogene,RN7SL,1.2081489647673558,0.0040000001899898,5.34,0,-0.06922740587248659,-0.37854403085719296
RN7SL663P,Pseudogene,RN7SL,1.2197657817362726,0.214000001549721,2.42,0,-1.8584114826532845,-2.5986865924930505
RN7SL664P,Pseudogene,RN7SL,0.9338397326029644,0.165999993681908,14.75,0,-1.3066031905773443,-2.075464184208878
RN7SL665P,Pseudogene,RN7SL,1.0536065763575315,-0.126000002026558,0.31,0,0.17647413862313535,-0.024661380640768088
RN7SL666P,Pseudogene,RN7SL,1.2911098517394564,-0.100499998778105,0.76,0,-0.4469636395019585,-0.656756997156339
RN7SL667P,Pseudogene,RN7SL,0.8974965673670249,0.419999986886978,0.06,0,-3.436530682950098,-6.091437765261877
RN7SL668P,Pseudogene,RN7SL,0.8368325543912503,-0.096000000834465,0.1,0,-0.498608106809903,-0.8166746030840498
RN7SL66P,Pseudogene,RN7SL,1.3025356026398056,0.18299999833107,0.2,0,-3.426443486525528,-6.32996929349968
RN7SL670P,Pseudogene,RN7SL,0.909707405018277,0.272000014781952,0.07,0,-3.369847272438789,-6.279668918181235
RN7SL672P,Pseudogene,RN7SL,1.2381621291129172,0.305000007152557,1.8,0,-1.1130720290509815,-1.659480927884787
RN7SL673P,Pseudogene,RN7SL,1.494893181088722,-0.168999999761581,0.15,0,0.2093393640433379,0.5233583955955827
RN7SL675P,Pseudogene,RN7SL,1.2045896033391692,0.374000012874603,0,0,0.051159296202980875,-0.0037953022961455573
RN7SL677P,Pseudogene,RN7SL,1.295730296460914,0.0350000001490116,1.47,0,0.08875672224959213,-0.12167936224695394
RN7SL678P,Pseudogene,RN7SL,0.975812625389018,0.130999997258186,0.22,0,-0.23932532493276645,-0.8015540047859749
RN7SL679P,Pseudogene,RN7SL,0.7312480576223469,0.284000009298325,0.22,0,-0.665395862537698,-1.0477864928918477
RN7SL67P,Pseudogene,RN7SL,1.2086591628099097,0.214000001549721,2.44,0,0.014678136139497141,-0.38107941311285687
RN7SL680P,Pseudogene,RN7SL,1.277849866580857,0.206000000238419,0.47,0,-0.10596249162293872,-0.22647741473959423
RN7SL681P,Pseudogene,RN7SL,1.2371114399501348,0.29899999499321,0.73,0,0.20232596835938568,0.2212738683968396
RN7SL683P,Pseudogene,RN7SL,1.286454916187462,0.305000007152557,2.88,0,-1.0306405404952879,-1.3582474291444857
RN7SL684P,Pseudogene,RN7SL,1.2168813339854874,0.0034999998752027,0.64,0,0.1735314527459528,0.09139772162977433
RN7SL685P,Pseudogene,RN7SL,1.282137953381464,0.30799999833107,0.39,0,-1.014134011444454,-1.5915651569887777
RN7SL687P,Pseudogene,RN7SL,0.8896851367738555,0.282999992370605,0,0,-0.3805884797086997,-0.4368612735238286
RN7SL688P,Pseudogene,RN7SL,1.060974454513878,-0.133000001311302,2.2,0,0.4236388484086275,0.3420602841708086
RN7SL689P,Pseudogene,RN7SL,1.1811995139539426,0.284000009298325,13.75,0,-0.10344411306914812,-0.35120048379112667
RN7SL68P,Pseudogene,RN7SL,0.7731179060829814,-0.0345000009983778,8.68,0,-0.6213839501759845,-0.4993745193225125
RN7SL690P,Pseudogene,RN7SL,1.4762070163251129,0.0610000006854534,0.71,0,-3.7983324923282877,-6.097386609583134
RN7SL691P,Pseudogene,RN7SL,1.211661025711447,0.305000007152557,0,0,-1.371303133441516,-1.3680989971809547
RN7SL692P,Pseudogene,RN7SL,0.9407201574620816,0.282999992370605,0,0,0.12511489950940727,0.04503482498999954
RN7SL693P,Pseudogene,RN7SL,1.6184432816551946,0.159999996423721,0.19,0,-3.3558451398976494,-6.595669231526018
RN7SL697P,Pseudogene,RN7SL,0.8364108217620156,0.194999992847443,0.24,0,-0.3634768384067922,-1.2490823439727416
RN7SL69P,Pseudogene,RN7SL,1.2514557750853033,0.0054999998537823,0.56,0,-0.9861217335763056,-0.912394011336658
RN7SL700P,Pseudogene,RN7SL,1.3822826803524466,0.30799999833107,0,0,0.07430852075941648,0.29495803346102006
RN7SL703P,Pseudogene,RN7SL,1.2191503212346084,0.214000001549721,0.08,0,0.29303175019233724,0.3491618109436314
RN7SL704P,Pseudogene,RN7SL,1.305704789020924,-0.0980000011622906,0.18,0,-0.5671095413152863,-0.6581444765318397
RN7SL705P,Pseudogene,RN7SL,1.0751087513852364,0.30799999833107,0,0,0.25900871233595324,0.07699208583168089
RN7SL706P,Pseudogene,RN7SL,1.1776349284140708,0.30799999833107,0.19,0,0.11349584753581926,0.09373348590779541
RN7SL708P,Pseudogene,RN7SL,1.0222798932646855,0.108000002801418,1.3,0,-0.09420651493872693,-0.3617703027385319
RN7SL709P,Pseudogene,RN7SL,1.1230751418316545,0.256999999284744,7.33,0,-1.1499881795802513,-1.2437833803714342
RN7SL70P,Pseudogene,RN7SL,1.1961474849848983,0.266000002622604,0.2,0,-0.2799090616569758,-0.7322833745009241
RN7SL711P,Pseudogene,RN7SL,1.289466683549774,0.30799999833107,0.66,0,-0.5770263121485862,-1.1689162175080776
RN7SL712P,Pseudogene,RN7SL,1.150291181552036,0.197999998927116,0.06,0,-0.49302374859646236,-0.8194708723396824
RN7SL713P,Pseudogene,RN7SL,1.288158829983737,0.13849999755621,1.24,0,0.0942485404260763,-0.01457904585011818
RN7SL714P,Pseudogene,RN7SL,1.445319147448196,0.30799999833107,0,0,-0.7286709284477777,-1.0437562437012344
RN7SL715P,Pseudogene,RN7SL,1.3237890973215738,0.305000007152557,2.19,0,0.04149907559792753,0.1376960589748983
RN7SL716P,Pseudogene,RN7SL,1.257173666229464,0.30799999833107,0.29,0,-3.16426844569816,-5.457784308519998
RN7SL717P,Pseudogene,RN7SL,0.5379720558602115,0.30799999833107,0.37,0,-0.43113338244578686,-1.089164025285462
RN7SL718P,Pseudogene,RN7SL,1.6392747298349148,0.160999998450279,0.34,0,-4.5159353883368505,-7.437082862310857
RN7SL720P,Pseudogene,RN7SL,1.3596643571415514,0.130999997258186,5.2,0,-1.3595485279237118,-2.331709149838972
RN7SL724P,Pseudogene,RN7SL,0.7305734745433596,-0.194999992847443,0.98,0,-1.230243571703662,-1.8077331124306018
RN7SL726P,Pseudogene,RN7SL,1.2429994156741064,-0.204999998211861,0.92,0,-0.7271517828155746,-1.208352261303805
RN7SL727P,Pseudogene,RN7SL,0.7627460736179041,-0.113500002771616,0.17,0,-0.5691380979716276,-1.085637776584235
RN7SL728P,Pseudogene,RN7SL,1.1693875188144032,0.30799999833107,5.34,0,-1.1086894031923469,-1.679459576940238
RN7SL72P,Pseudogene,RN7SL,1.084639312235377,0.252000004053116,0,0,0.6034410609173825,0.7864917798430898
RN7SL732P,Pseudogene,RN7SL,1.0188722936204702,-0.117999996989965,0,0,-0.024353668422514733,-0.45322475156384967
RN7SL733P,Pseudogene,RN7SL,1.330249126100227,0.303000003099442,0.13,0,-1.7235984337241204,-2.2146531374765708
RN7SL734P,Pseudogene,RN7SL,1.2238589555004884,0.30799999833107,0.08,0,0.1769117123883429,0.1600582939479633
RN7SL735P,Pseudogene,RN7SL,1.296587951486199,0.30799999833107,15.29,0,-0.880209843642305,-1.3236225990308048
RN7SL736P,Pseudogene,RN7SL,1.2525001581765665,-0.188999995589256,0.71,0,0.7712106906029745,1.0842649544730192
RN7SL737P,Pseudogene,RN7SL,1.145492303030751,0.140000000596046,15.23,0,0.04278386519492462,-0.24167603979820193
RN7SL738P,Pseudogene,RN7SL,1.1227242904908763,-0.25900000333786,15.18,0,-0.5043711868217002,-0.7841530225583516
RN7SL73P,Pseudogene,RN7SL,1.199159761160456,0.237000003457069,0,0,-3.840910806323856,-5.65934321578769
RN7SL740P,Pseudogene,RN7SL,1.353021478711116,0.30799999833107,0.07,0,-2.284627908648105,-3.3780073542220856
RN7SL741P,Pseudogene,RN7SL,1.1417843806300487,-0.0850000008940697,0,0,-1.452933274329276,-2.149129149270108
RN7SL743P,Pseudogene,RN7SL,1.375384349991025,-0.149000003933907,1.79,0,-0.10261183000584156,-0.4102602484469166
RN7SL744P,Pseudogene,RN7SL,1.2358639925171688,0.291999995708466,1.12,0,-3.442927531976666,-6.1105810511586345
RN7SL745P,Pseudogene,RN7SL,1.0687471611403534,0.287999987602234,4.15,0,-1.2500542398252306,-1.7075867461916054
RN7SL748P,Pseudogene,RN7SL,1.3737352979609525,-0.0799999982118607,0.18,0,-1.7082302938142477,-1.762907707278298
RN7SL749P,Pseudogene,RN7SL,1.3055299373585176,0.30799999833107,4.69,0,-0.04294355716924125,-0.17585507198190117
RN7SL74P,Pseudogene,RN7SL,0.7086258351039298,0.301999986171722,1.19,0,-0.7345003467143252,-1.1674891245002925
RN7SL750P,Pseudogene,RN7SL,1.546989063079209,0.111999999731779,0.8,0,-3.3205988423681507,-5.616349403784293
RN7SL751P,Pseudogene,RN7SL,0.9539697371446464,0.282000005245209,6.79,0,0.8343360646092027,1.1294610836514207
RN7SL752P,Pseudogene,RN7SL,0.9561004655846193,-0.167999997735023,14.25,0,0.193376181669926,-0.09803446857412196
RN7SL753P,Pseudogene,RN7SL,0.6228216214921369,0.230000004172325,0.49,0,0.3120155490232081,0.1690933927725977
RN7SL754P,Pseudogene,RN7SL,1.6844821327371922,0.231000006198883,1.5,0,-0.24887423524545227,-0.19080246371317494
RN7SL756P,Pseudogene,RN7SL,1.4386214118708298,0.252000004053116,0.09,0,-0.5883918983511189,-0.7641676347487384
RN7SL757P,Pseudogene,RN7SL,1.119343995181051,-0.170000001788139,0.5,0,-0.5442364325398684,-0.9109762094709404
RN7SL75P,Pseudogene,RN7SL,1.3473440634660858,0.30799999833107,5.64,0,-0.9217484463040292,-1.3601000442666697
RN7SL760P,Pseudogene,RN7SL,1.4408295061299576,-0.158999994397163,4.35,0,-0.03130752259091714,-0.08265541692715624
RN7SL761P,Pseudogene,RN7SL,1.3493894012959138,0.214000001549721,0,0,0.13874079240565798,0.08732894815909874
RN7SL762P,Pseudogene,RN7SL,0.6490142795160276,-0.104000002145767,0,0,-0.6606152611023184,-1.3387294588101173
RN7SL764P,Pseudogene,RN7SL,0.971588328309412,0.291000008583069,0.02,0,-1.7902325111885184,-2.6981577634303062
RN7SL766P,Pseudogene,RN7SL,1.360145052163249,0.30799999833107,0,0,-0.10128215553861064,-0.2692015573423405
RN7SL767P,Pseudogene,RN7SL,0.8595263185781316,0.146999999880791,2.16,0,0.23313468826331607,-0.08643587966994759
RN7SL769P,Pseudogene,RN7SL,1.3422739769576302,0.211999997496605,13.02,0,-1.5761355298511863,-2.177456354796435
RN7SL76P,Pseudogene,RN7SL,1.310047341986056,0.291999995708466,0.73,0,-0.262118292737395,-0.6605962881907149
RN7SL771P,Pseudogene,RN7SL,1.107300959738537,0.199000000953674,1.35,0,-1.3583673494880395,-2.0696438527434005
RN7SL775P,Pseudogene,RN7SL,1.2611852660480656,0.301999986171722,1.74,0,-2.373886269122901,-3.4109491575190436
RN7SL776P,Pseudogene,RN7SL,0.868357068426537,0.30799999833107,0,0,0.38607575778815834,0.3480444176992549
RN7SL778P,Pseudogene,RN7SL,1.391710318420982,0.305000007152557,1.35,0,-0.2647044288784723,-0.5525313408586048
RN7SL77P,Pseudogene,RN7SL,0.968779314435048,-0.276500001549721,0.33,0,0.14733156202957287,-0.07931938420846305
RN7SL782P,Pseudogene,RN7SL,1.3940970622358009,-0.101999998092651,0,0,-0.4267942770019821,-0.15595273144637245
RN7SL783P,Pseudogene,RN7SL,1.5001517461189344,0.30799999833107,0.06,0,-0.18734773121566717,-0.33259659895695365
RN7SL784P,Pseudogene,RN7SL,1.4726523382672263,0.261000007390976,1.09,0,-3.860287017728844,-7.09589400682484
RN7SL785P,Pseudogene,RN7SL,0.8237379305231971,0.0309999994933605,0.67,0,-2.184932070736368,-3.7766920888831272
RN7SL786P,Pseudogene,RN7SL,1.177235757195708,0.30799999833107,11.34,0,-1.2970655707851328,-1.3793546279690092
RN7SL788P,Pseudogene,RN7SL,1.2200966404474127,0.30799999833107,4.39,0,-0.6090558175966109,-0.5667814410892843
RN7SL789P,Pseudogene,RN7SL,1.2328892166055954,0.291999995708466,0.54,0,-1.9392521257822455,-2.8677454303872483
RN7SL78P,Pseudogene,RN7SL,1.1124859239628233,0.30799999833107,0,0,0.2951223754777421,0.4030697816873878
RN7SL790P,Pseudogene,RN7SL,1.0023987635527811,0.190500006079674,0.12,0,-1.3080918900106382,-1.6011853499576552
RN7SL791P,Pseudogene,RN7SL,1.2834023113015938,-0.130999997258186,0.16,0,0.22497724761807686,0.29517906112679654
RN7SL792P,Pseudogene,RN7SL,1.2754884152625854,0.305999994277954,0.3,0,-0.03493244351840911,-0.023559824731682465
RN7SL793P,Pseudogene,RN7SL,1.3964120424697015,0.30799999833107,0.68,0,0.17076240764191894,0.21977365119347214
RN7SL794P,Pseudogene,RN7SL,1.2405100977521957,-0.0725000016391277,0.14,0,-0.8844223440503407,-1.4432823341625203
RN7SL795P,Pseudogene,RN7SL,1.133175181492786,0.305000007152557,0.77,0,-0.7382254292962835,-1.1032464951450347
RN7SL797P,Pseudogene,RN7SL,1.1695044692613294,-0.203999996185303,0.17,0,-0.5616865201510821,-0.9258720761624724
RN7SL798P,Pseudogene,RN7SL,1.1078043663647514,-0.185000002384186,9.21,0,-1.0277516510601574,-1.2198421376834783
RN7SL799P,Pseudogene,RN7SL,1.014054563128976,0.033500000834465,0.23,0,0.31947647891764186,0.09582790062158134
RN7SL79P,Pseudogene,RN7SL,1.221688565234576,0.30799999833107,0.27,0,-1.3946913793037221,-2.261038131075223
RN7SL7P,Pseudogene,RN7SL,1.165579957619513,-0.111000001430511,0.06,0,-0.12270265946037362,-0.4371945837333508
RN7SL800P,Pseudogene,RN7SL,1.364561107527415,0.30799999833107,6.41,0,-0.44889681923216757,-0.2551171019424031
RN7SL801P,Pseudogene,RN7SL,1.1501418124854796,0.214000001549721,9.94,0,0.22074209752472523,0.397146778215531
RN7SL802P,Pseudogene,RN7SL,1.277849866580857,0.305000007152557,0,0,-0.2753482199902943,-0.4528359396845088
RN7SL803P,Pseudogene,RN7SL,1.0069547764164404,0.305000007152557,0.23,0,-0.9242605484054974,-1.0579233851987753
RN7SL804P,Pseudogene,RN7SL,1.1306125588909273,0.30799999833107,0.32,0,-0.5130839413056247,-0.92022588764879365
RN7SL806P,Pseudogene,RN7SL,1.2809806399483663,0.0719999969005585,0.79,0,0.06629304095439356,-0.15326380930004654
RN7SL807P,Pseudogene,RN7SL,0.8654333072533837,0.0549999997019768,0,0,0.3967592533427044,0.20223577803923515
RN7SL808P,Pseudogene,RN7SL,0.8944949066066,0.30799999833107,0,0,0.4090716766106725,0.4230090980310731
RN7SL809P,Pseudogene,RN7SL,1.321540050265302,0.219999998807907,4.93,0,-0.4280365645680548,-0.6774604517859819
RN7SL810P,Pseudogene,RN7SL,1.3214129302142956,0.305000007152557,0.14,0,-0.1525320477610684,-0.23664112594984052
RN7SL811P,Pseudogene,RN7SL,1.736714136853074,0.180999994277954,0.34,0,-3.809145553339648,-7.257705760292464
RN7SL812P,Pseudogene,RN7SL,1.0955616060435165,0.214000001549721,4.27,0,0.0321636295816238,-0.16565024393342004
RN7SL813P,Pseudogene,RN7SL,0.8468782716810044,-0.103000000119209,0.07,0,-0.4136623548653762,-0.8418098685151468
RN7SL814P,Pseudogene,RN7SL,1.238856084288526,-0.164000004529953,0.58,0,-0.4896659058788214,-0.7242630919710922
RN7SL815P,Pseudogene,RN7SL,1.065983159861542,-0.14750000089407,0.26,0,-0.5333945156450982,-1.0739967491739155
RN7SL817P,Pseudogene,RN7SL,1.025143761336884,-0.0319999996572733,0.77,0,0.21536431315157273,0.016748046138218186
RN7SL819P,Pseudogene,RN7SL,1.19640307205434,0.209000006318092,0,0,-3.087674820636488,-6.057198929645519
RN7SL820P,Pseudogene,RN7SL,0.7667099199485142,-0.104000002145767,0.18,0,-0.5888381534723923,-0.8656226927250659
RN7SL822P,Pseudogene,RN7SL,1.4081465974484384,-0.115499999374151,0,0,0.170377387114983,0.2975019599432308
RN7SL823P,Pseudogene,RN7SL,1.0714643149398626,0.294999986886978,0.46,0,-1.0759778660309398,-1.7196637872931055
RN7SL824P,Pseudogene,RN7SL,0.6549225027863445,0.284000009298325,0,0,-0.5648153015586717,-1.0563892973656233
RN7SL825P,Pseudogene,RN7SL,1.2245306456455574,0.30799999833107,0.2,0,-0.919315084810739,-1.4682735841664707
RN7SL826P,Pseudogene,RN7SL,1.1336883948902012,0.305000007152557,0.19,0,-0.026007216609308773,-0.24889109493634443
RN7SL827P,Pseudogene,RN7SL,1.3025356026398056,0.193000003695488,2.01,0,-0.5164247898288005,-0.7084843845406171
RN7SL828P,Pseudogene,RN7SL,1.2953709403590583,0.214000001549721,0,0,-1.6237406203108922,-2.3113935589058214
RN7SL82P,Pseudogene,RN7SL,1.5242048120904617,-0.0189999993890524,0.2,0,0.17747930453207983,0.4940736727224436
RN7SL831P,Pseudogene,RN7SL,0.6859748628322487,0.30799999833107,0,0,-0.34983487647184724,-0.2725302362453054
RN7SL833P,Pseudogene,RN7SL,0.9050482121628696,0.214000001549721,2.34,0,-1.020493191426892,-1.7612372379935828
RN7SL834P,Pseudogene,RN7SL,0.765125808543662,-0.171499997377396,7.06,0,0.49306664658748595,0.35920302573779034
RN7SL835P,Pseudogene,RN7SL,1.4980816600335676,0.199000000953674,0.62,0,-3.5461793533120956,-5.577542781216003
RN7SL836P,Pseudogene,RN7SL,1.3729429325122275,0.195999994874001,4.3,0,-1.4710509522669752,-1.9455851163115754
RN7SL837P,Pseudogene,RN7SL,0.7503573274208404,0.217999994754791,0.07,0,0.36239098326778324,0.34161054028339605
RN7SL838P,Pseudogene,RN7SL,1.4011456426136666,-0.184000000357628,15.21,0,-0.2976432976846308,-0.9406328139107788
RN7SL83P,Pseudogene,RN7SL,1.111029245798263,-0.216999992728233,0.37,0,0.2715836823138611,0.14221879568644183
RN7SL840P,Pseudogene,RN7SL,1.1985773620535298,0.30799999833107,0.08,0,-0.3212825821191196,-0.6039753739655421
RN7SL841P,Pseudogene,RN7SL,1.1344193351834897,0.347000002861023,0,0,0.0801058067517981,0.14869918789100867
RN7SL842P,Pseudogene,RN7SL,1.4125274979738336,0.28099998831749,1.09,0,-0.5954173276473699,-1.1214308236972046
RN7SL843P,Pseudogene,RN7SL,1.0876391564130363,-0.33500000834465,0.05,0,0.024259072413250683,-0.2468004704252877
RN7SL845P,Pseudogene,RN7SL,1.0779604987363909,0.305000007152557,0.1,0,-0.8391484047097617,-1.2753095691773841
RN7SL846P,Pseudogene,RN7SL,1.320378556100625,-0.0640000030398369,0.85,0,-0.7968968390240139,-0.5791423921472412
RN7SL847P,Pseudogene,RN7SL,1.6209331943962024,0.209999993443489,0.21,0,-3.979280258109828,-6.035089318383805
RN7SL849P,Pseudogene,RN7SL,1.7426013034186776,0.305000007152557,0.19,0,0.06232239813877635,0.3843558584609066
RN7SL851P,Pseudogene,RN7SL,1.3182978596574488,0.270999997854233,2.44,0,-1.0104608009260727,-1.4067605980716853
RN7SL853P,Pseudogene,RN7SL,1.7445020926237156,-0.0900000035762787,0.03,0,0.5548602048670284,1.0581974483956478
RN7SL854P,Pseudogene,RN7SL,1.047915648677448,0.231000006198883,0.17,0,-0.4737210691435305,-0.44841642671220805
RN7SL856P,Pseudogene,RN7SL,1.177235757195708,-0.151999995112419,0.31,0,-0.793597044003939,-1.1491318555645937
RN7SL860P,Pseudogene,RN7SL,1.2616488348439372,0.0520000010728836,0,0,0.4939255859403937,0.6352082097692374
RN7SL861P,Pseudogene,RN7SL,1.4015587771094984,0.30799999833107,5.61,0,0.14604242551217841,0.22031257744260904
RN7SL862P,Pseudogene,RN7SL,1.1189567593147325,0.305000007152557,0.19,0,-0.13774940814436878,-0.3986057027606229
RN7SL863P,Pseudogene,RN7SL,0.7627460736179041,-0.0614999998360872,0.38,0,-0.09655712406894361,-0.3052311121505202
RN7SL864P,Pseudogene,RN7SL,1.267496633212068,0.305000007152557,0.37,0,0.28539185551577156,0.31622110205198767
RN7SL865P,Pseudogene,RN7SL,1.129765597676048,0.305000007152557,0.59,0,-1.3644638424564222,-1.5858364580772442
RN7SL868P,Pseudogene,RN7SL,1.2609805614114729,-0.177000001072884,0,0,-0.281871913577607,-0.8988574182407983
RN7SL869P,Pseudogene,RN7SL,1.088340859094593,0.305000007152557,0,0,-0.003602920664450284,-0.13463458909848106
RN7SL870P,Pseudogene,RN7SL,0.8331534034903261,0.284000009298325,0.07,0,-0.5279742478940657,-1.0222759143224838
RN7SL87P,Pseudogene,RN7SL,1.3507776619968357,-0.0824999995529652,0,0,0.14020499514612242,-0.02040052348881053
RN7SL88P,Pseudogene,RN7SL,1.2429994156741064,0.248999997973442,4.09,0,-1.005198341534717,-1.9033383931842704
RN7SL89P,Pseudogene,RN7SL,1.3500957954334851,0.405000001192093,0,0,-0.1474645818391585,-0.2809170025781056
RN7SL8P,Pseudogene,RN7SL,1.305800102897048,0.211999997496605,1.86,0,0.20160761642126673,0.2574238878662481
RN7SL91P,Pseudogene,RN7SL,0.7877878558921161,0.0140000004321337,0,0,-0.6400497218466218,-1.08204668251154
RN7SL93P,Pseudogene,RN7SL,0.8061198723959662,0.263999998569489,0.7,0,0.5017936574843617,0.493602913224335
RN7SL97P,Pseudogene,RN7SL,1.2313825987051896,0.30799999833107,0,0,-1.051508172508095,-1.353654948357833
RN7SL98P,Pseudogene,RN7SL,1.3893713094824591,-0.0450000017881393,0,0,-0.8356941689518066,-1.3880107596536566
RNU7-102P,Pseudogene,RNU7,1.1764837701262758,0.0915000028908253,0,0,0.7666963132221176,1.104644500539546
RNU7-103P,Pseudogene,RNU7,0.7525761259696655,-0.16499999910593,0,0,0.9750675614280558,1.1176368163316341
RNU7-104P,Pseudogene,RNU7,0.7914140370469704,-0.150999993085861,0,0,0.9571955272153572,1.1159212138793677
RNU7-105P,Pseudogene,RNU7,0.7282994767448375,0.0195000004023313,0,0,0.9614486480598243,1.1293939485998006
RNU7-106P,Pseudogene,RNU7,1.5552663912117082,0.347000002861023,0,0,0.5771318690257736,1.0944895780089543
RNU7-107P,Pseudogene,RNU7,1.3665947306384845,-0.0750000029802322,0,0,0.7093626705805435,1.0832519785277357
RNU7-10P,Pseudogene,RNU7,1.4886121173026348,-0.124000001698732,0,0,0.33944475480901154,0.46468231066413196
RNU7-110P,Pseudogene,RNU7,0.5042073300541183,-0.176500000059605,0,0,1.0793496546290486,1.1329223565928095
RNU7-111P,Pseudogene,RNU7,0.9523916234355566,-0.0514999991282821,0,0,0.7537329037170146,0.8845160891416808
RNU7-113P,Pseudogene,RNU7,1.3445528801443154,0.329500004649162,0,0,0.6665970557902321,1.1070295368935632
RNU7-115P,Pseudogene,RNU7,0.9472986201016766,0.157000005245209,0,0,-1.0552518842709444,-1.7747023089604694
RNU7-116P,Pseudogene,RNU7,0.7282994767448375,-0.267000004649162,0,0,0.9982009389911621,1.1135535135890902
RNU7-119P,Pseudogene,RNU7,0.9372742960794368,-0.101999998092651,0,0,0.8905341086627028,1.1092802094491778
RNU7-11P,Pseudogene,RNU7,0.8403455500901972,0.28099998831749,0,0,0.8815243262457516,1.1366695731669916
RNU7-120P,Pseudogene,RNU7,1.0475418603240765,-0.219999998807907,0,0,0.86002831371357,1.0956874877808787
RNU7-121P,Pseudogene,RNU7,0.7843225134175172,-0.203000001609325,0,0,0.9668014832939639,1.1135007538850588
RNU7-123P,Pseudogene,RNU7,1.2156998957971517,-0.256999999284744,0,0,0.29566587561237917,0.19497198730014473
RNU7-124P,Pseudogene,RNU7,1.2325068067989555,0.30799999833107,1.7,0,0.7157271823595839,1.11302838169589
RNU7-125P,Pseudogene,RNU7,1.456598953489675,0.0900000035762787,0,0,-0.0868547286809598,-0.29429307078400946
RNU7-126P,Pseudogene,RNU7,1.5126219901623548,0.0870000012218952,0,0,-1.000117628883172,-1.708162004771011
RNU7-127P,Pseudogene,RNU7,1.0644376967809164,0.189500004053116,0,0,0.8005038882458628,1.1172454418115385
RNU7-128P,Pseudogene,RNU7,1.0084146601082369,-0.160999998450279,0.57,0,0.6749817226764678,0.7758277115789715
RNU7-129P,Pseudogene,RNU7,1.3445528801443154,0.293000012636185,0,0,0.6712792837197267,1.1050114714793267
RNU7-12P,Pseudogene,RNU7,1.6246680635077144,-0.190499998629093,0,0,-0.8133841202274394,-1.451714750969663
RNU7-130P,Pseudogene,RNU7,0.6722764400721577,0.30799999833107,0,0,0.9476293171585181,1.1489362484719534
RNU7-133P,Pseudogene,RNU7,1.0084146601082369,-0.255499996244907,0,0,0.8807781170571315,1.0962329115007778
RNU7-134P,Pseudogene,RNU7,1.248263285863147,-0.195499993860722,0,0,0.7738011712149812,1.0841750856726622
RNU7-136P,Pseudogene,RNU7,1.2584885049659955,0.194999992847443,0,0,0.7194752296954957,1.105110150311361
RNU7-137P,Pseudogene,RNU7,1.4005759168169951,0.29899999499321,0,0,0.6473200849041127,1.1017519210526185
RNU7-138P,Pseudogene,RNU7,1.0311740187565128,0.277999997138977,0,0,-0.29553665023358017,-0.42489050837209624
RNU7-13P,Pseudogene,RNU7,0.6162534033994779,0.0620000008493662,0.38,0,1.002374225780325,1.1389274407543684
RNU7-140P,Pseudogene,RNU7,1.3893713094824591,0.215000003576279,1.51,0,0.4825002309522509,0.7716997557361303
RNU7-141P,Pseudogene,RNU7,1.0084146601082369,-0.210500001907349,0,0,0.8750055067442443,1.0987209375853089
RNU7-143P,Pseudogene,RNU7,0.961872445026318,0.214000001549721,0.57,0,0.406130316041425,0.3490011376684836
RNU7-144P,Pseudogene,RNU7,1.371090108041901,0.291999995708466,0,0,0.6604230568490296,1.1032550454500964
RNU7-147P,Pseudogene,RNU7,0.6722764400721577,-0.10249999910593,0,0,1.0002883575323793,1.1262399189199561
RNU7-148P,Pseudogene,RNU7,0.6722764400721577,0.30799999833107,0,0,0.9476293171585181,1.1489362484719534
RNU7-149P,Pseudogene,RNU7,1.3540483100888374,0.0480000004172325,0.79,0,-0.535828801576791,-0.7622922522219152
RNU7-14P,Pseudogene,RNU7,1.120460733453596,0.272000014781952,0,0,0.11134345684272676,-0.0491058355650224
RNU7-151P,Pseudogene,RNU7,1.1141185028868776,-0.172999992966652,1.45,0,0.826435267490789,1.0940225430375414
RNU7-152P,Pseudogene,RNU7,1.0854463355331714,0.326499998569489,0,0,0.774233425488261,1.123473367288076
RNU7-153P,Pseudogene,RNU7,1.5686450268350345,-0.238000005483627,0,0,0.6466380178796595,1.0612876137687526
RNU7-154P,Pseudogene,RNU7,1.2325068067989555,-0.160499997437,1.89,0,0.7758257012426959,1.0871258210632821
RNU7-155P,Pseudogene,RNU7,1.2680769888133556,0.30799999833107,0,0,0.7010106165765951,1.1107432036489646
RNU7-156P,Pseudogene,RNU7,1.5958994771082302,-0.0279999990016222,0,0,0.6084177776146705,1.0711512917265051
RNU7-157P,Pseudogene,RNU7,1.0525540223351963,0.300999999046326,0,0,0.7911196305428219,1.124172006057157
RNU7-159P,Pseudogene,RNU7,1.2325068067989555,0.30799999833107,0,0,0.7157341210889487,1.1130233854294416
RNU7-160P,Pseudogene,RNU7,0.8403455500901972,-0.283000007271767,0,0,0.9538743840387492,1.1054863092275482
RNU7-161P,Pseudogene,RNU7,0.8403455500901972,-0.0494999997317791,1.26,0,0.9239158029670486,1.118400105289355
RNU7-164P,Pseudogene,RNU7,0.8403455500901972,0.303000003099442,0,0,0.8787021589525444,1.137885942445329
RNU7-165P,Pseudogene,RNU7,1.2735903670255877,-0.172499999403954,0,0,0.7603671309614647,1.0838231826193532
RNU7-167P,Pseudogene,RNU7,0.9523916234355566,0.194999992847443,0,0,0.8461773875479995,1.124732105915748
RNU7-169P,Pseudogene,RNU7,1.195770389308674,-0.119999997317791,0,0,0.7858443078916929,1.091714431993872
RNU7-170P,Pseudogene,RNU7,1.195770389308674,0.30799999833107,0,0,-0.5670985627454528,-1.0637708836439324
RNU7-171P,Pseudogene,RNU7,0.9523916234355566,-0.196999996900558,0.57,0,0.896460915882009,1.1030603073044147
RNU7-172P,Pseudogene,RNU7,0.868357068426537,0.347000002861023,0,0,0.8614630683857009,1.1385230362021237
RNU7-173P,Pseudogene,RNU7,1.599605126048884,0.305999994277954,0,0,0.5640383036223523,1.0893804302080647
RNU7-174P,Pseudogene,RNU7,1.1185616474646918,0.0089999996125698,0,0,0.8012550388986707,1.1037961434523904
RNU7-175P,Pseudogene,RNU7,1.138828942198737,0.252000004053116,0,0,0.7616937321239824,1.115932276806756
RNU7-176P,Pseudogene,RNU7,1.4005759168169951,0.137499995529652,0,0,-0.5630775187968459,-1.0182832523689065
RNU7-179P,Pseudogene,RNU7,1.0215965510900435,0.118000000715256,0,0,-1.1941676013382982,-2.314836426751841
RNU7-180P,Pseudogene,RNU7,1.433478335180315,-0.0469999983906746,0,0,0.3100588099592049,0.5069109269255627
RNU7-181P,Pseudogene,RNU7,0.938764398298959,0.306500002741814,0,0,0.8375148328843466,1.1317704391093728
RNU7-183P,Pseudogene,RNU7,0.560230366726798,0.30799999833107,0,0,0.9940083563724319,1.1561188210804558
RNU7-185P,Pseudogene,RNU7,1.4472617807108952,0.30799999833107,0,0,0.6268409625956137,1.0992567879298119
RNU7-186P,Pseudogene,RNU7,0.7167391675901575,-0.108000002801418,0.55,0,0.9825872738322093,1.1230872158139207
RNU7-187P,Pseudogene,RNU7,1.1748360337535502,-0.151500001549721,0,0,0.7985504580981141,1.0913147838147377
RNU7-188P,Pseudogene,RNU7,1.3025356026398056,0.30799999833107,0,0,0.6867472215802525,1.1085342775491276
RNU7-18P,Pseudogene,RNU7,1.120460733453596,0.282000005245209,0,0,0.5603475394113543,0.8303401980049105
RNU7-190P,Pseudogene,RNU7,0.8541217066490528,-0.11599999666214,0,0,0.9267492408228419,1.1138365490334672
RNU7-192P,Pseudogene,RNU7,0.9110631537589896,-0.0070000002160668,0,0,0.8891970188730962,1.1162129418165032
RNU7-193P,Pseudogene,RNU7,1.1756218772543887,0.214000001549721,0,0,-0.6499441049344415,-1.2050152722025143
RNU7-194P,Pseudogene,RNU7,0.7167391675901575,-0.0700000002980232,0,0,0.5728199823315576,0.33577186241003926
RNU7-195P,Pseudogene,RNU7,1.120460733453596,-0.207000002264977,0,0,0.23284128084672262,-0.015504430827931298
RNU7-196P,Pseudogene,RNU7,0.8403455500901972,0.30799999833107,0,0,0.8780607583376472,1.1381623895592
RNU7-19P,Pseudogene,RNU7,1.473575631269275,0.28600001335144,0.25,0,0.1845816821429072,0.38064238160635866
RNU7-200P,Pseudogene,RNU7,0.8963685867628769,-0.105999998748302,0,0,0.9079792599172847,1.1116812605584663
RNU7-20P,Pseudogene,RNU7,1.120460733453596,-0.11599999666214,1.7,0,0.8164970449456489,1.0967682169682293
RNU7-22P,Pseudogene,RNU7,1.3096532835285477,0.279000014066696,0,0,0.6875211372176157,1.1064746136482968
RNU7-23P,Pseudogene,RNU7,1.456598953489675,0.30799999833107,0,0,0.6229760426611209,1.0986582402124367
RNU7-24P,Pseudogene,RNU7,1.120460733453596,0.0010000000474974,0,0,0.8014951953950091,1.1032320891536307
RNU7-26P,Pseudogene,RNU7,1.157809424568716,0.271500006318092,0,0,0.7513357084943859,1.1157937017542066
RNU7-27P,Pseudogene,RNU7,1.5686450268350345,-0.488999992609024,0,0,0.6788363578026785,1.0474099561294992
RNU7-28P,Pseudogene,RNU7,1.456598953489675,-0.12899999320507,0,0,0.6790345087789199,1.0744967398858833
RNU7-29P,Pseudogene,RNU7,0.7055401180965614,-0.24099999666214,0,0,1.0042863939286681,1.116450000454851
RNU7-2P,Pseudogene,RNU7,0.7843225134175172,-0.266999989748001,0,0,0.9750114174726807,1.1099622281087165
RNU7-30P,Pseudogene,RNU7,0.9523916234355566,0.294999986886978,0,0,0.8333493637809058,1.1302610531364294
RNU7-34P,Pseudogene,RNU7,1.3025356026398056,0.347000002861023,0,0,0.6817442914317846,1.110690567344177
RNU7-35P,Pseudogene,RNU7,1.1764837701262758,0.305000007152557,0,0,0.7393084803002343,1.1164488037949212
RNU7-37P,Pseudogene,RNU7,0.8104665971981012,0.305000007152557,0,0,0.7084221801358896,0.9046691729078258
RNU7-38P,Pseudogene,RNU7,1.3314808382540235,0.327500000596046,0,0,0.35459802674354923,0.5628690987005256
RNU7-3P,Pseudogene,RNU7,1.4005759168169951,-0.0105000003241002,2.38,0,0.6870131060079281,1.0846468234165803
RNU7-40P,Pseudogene,RNU7,1.3025356026398056,0.319999992847443,4.76,0,0.28819754496954514,0.49932424178386203
RNU7-43P,Pseudogene,RNU7,1.248263285863147,0.30799999833107,0,0,0.23424425032557908,0.21399822147211114
RNU7-45P,Pseudogene,RNU7,0.6616053854678376,0.305000007152557,0,0,0.39164661652726257,0.03131445725202663
RNU7-46P,Pseudogene,RNU7,0.6722764400721577,0.306500002741814,0,0,0.9478217369606823,1.1488533145025677
RNU7-47P,Pseudogene,RNU7,0.9523916234355566,0.305000007152557,0,0,0.832066558728062,1.1308139490119258
RNU7-48P,Pseudogene,RNU7,1.3232107709356753,0.282000005245209,0,0,0.517126362415971,0.8486972603388078
RNU7-49P,Pseudogene,RNU7,1.6246680635077144,-0.151999995112419,0,0,0.4422179616523058,0.7917928987599596
RNU7-4P,Pseudogene,RNU7,0.8403455500901972,-0.143500000238419,0,0,0.5893515960410216,0.5892754514095327
RNU7-50P,Pseudogene,RNU7,1.4005759168169951,-0.140000000596046,0,0,0.5323687863762572,0.8043205480017993
RNU7-51P,Pseudogene,RNU7,1.2325068067989555,0.284000009298325,0,0,0.7188128455696755,1.1116964386237596
RNU7-52P,Pseudogene,RNU7,1.1026756424463962,-0.389500007033348,0,0,0.2811116073487674,-0.08266021213077308
RNU7-53P,Pseudogene,RNU7,1.3893713094824591,-0.25900000333786,0,0,0.7235383654983198,1.071618651075446
RNU7-54P,Pseudogene,RNU7,0.7282994767448375,-0.217999994754791,0,0,0.991915205701375,1.1162626984357586
RNU7-55P,Pseudogene,RNU7,1.2885298434716357,0.0070000002160668,0,0,0.731156955080612,1.092789967103211
RNU7-56P,Pseudogene,RNU7,0.4481842933814384,0.194999992847443,0,0,-0.41218965015128733,-1.210121790825753
RNU7-57P,Pseudogene,RNU7,0.6946856547412297,0.30799999833107,4.18,0,0.9383364482047085,1.1475120188877552
RNU7-59P,Pseudogene,RNU7,1.138828942198737,0.152999997138977,0,0,0.7743934772973164,1.110458618349747
RNU7-60P,Pseudogene,RNU7,1.2885298434716357,-0.177000001072884,0,0,0.7547605203842936,1.082616703539518
RNU7-62P,Pseudogene,RNU7,0.9523916234355566,0.217999994754791,0,0,0.8432269416610326,1.1260037639577576
RNU7-63P,Pseudogene,RNU7,1.456598953489675,0.30799999833107,0,0,0.6229760426611209,1.0986582402124367
RNU7-65P,Pseudogene,RNU7,0.7843225134175172,0.257999999448657,0,0,0.9076642900670917,1.1389892021501256
RNU7-66P,Pseudogene,RNU7,1.5686450268350345,0.300999999046326,0,0,0.5774949650726732,1.0910886413149643
RNU7-67P,Pseudogene,RNU7,1.3445528801443154,0.303000003099442,0,0,0.35679964029498584,0.5339795500611073
RNU7-69P,Pseudogene,RNU7,0.8403455500901972,0.218500003218651,0,0,0.3876394758640757,0.09626759492918792
RNU7-6P,Pseudogene,RNU7,0.7843225134175172,0.214000001549721,0,0,0.44752714737620897,0.29526023967362663
RNU7-70P,Pseudogene,RNU7,1.157809424568716,-0.0729999989271164,0,0,0.7955282536789617,1.0967464771536508
RNU7-71P,Pseudogene,RNU7,1.2735903670255877,-0.189500004053116,0,0,0.76254789572825,1.0828832612787638
RNU7-73P,Pseudogene,RNU7,0.9372742960794368,0.30799999833107,0,0,0.8379392085414836,1.1319488942074
RNU7-74P,Pseudogene,RNU7,1.2325068067989555,0.28099998831749,0,0,0.7191976889970533,1.1115305690372332
RNU7-75P,Pseudogene,RNU7,1.6806911001803944,-0.280000001192093,1.4,0,0.6056410341708297,1.0517869979987986
RNU7-79P,Pseudogene,RNU7,1.2325068067989555,-0.0665000006556511,0,0,0.7637750728301954,1.0923174769098447
RNU7-7P,Pseudogene,RNU7,1.0644376967809164,-0.22350000590086,0,0,0.8534836308386975,1.0944108878787284
RNU7-80P,Pseudogene,RNU7,1.594360519078232,-0.256000012159348,0,0,0.6383026934960768,1.0586439435534165
RNU7-81P,Pseudogene,RNU7,1.628169503299757,0.0135000012814999,0,0,0.5897366707322008,1.0713771755333608
RNU7-82P,Pseudogene,RNU7,1.2325068067989555,-0.0270000007003546,0,0,0.758708003145907,1.094501411189715
RNU7-84P,Pseudogene,RNU7,0.8963685867628769,0.0640000030398369,2.9,0,0.88615978132803,1.1210889945354916
RNU7-85P,Pseudogene,RNU7,1.0475418603240765,-0.172999992966652,0.55,0,0.8539968965513219,1.098287709891593
RNU7-87P,Pseudogene,RNU7,1.456598953489675,-0.200499996542931,0,0,0.6882065467472697,1.0705435422029186
RNU7-88P,Pseudogene,RNU7,0.9924080782017566,0.30799999833107,0,0,0.8151177765473355,1.1284146124476608
RNU7-8P,Pseudogene,RNU7,1.1764837701262758,0.252999991178513,0,0,0.7459790551058745,1.1135737501856038
RNU7-90P,Pseudogene,RNU7,1.3445528801443154,0.140000000596046,0,0,0.6909061627977453,1.096552181061778
RNU7-92P,Pseudogene,RNU7,1.279684100839107,-0.033500000834465,0,0,0.7400138082465497,1.0911177884932182
RNU7-93P,Pseudogene,RNU7,1.537419071968295,-0.168999999761581,0,0,0.6507119862291935,1.0671042884578072
RNU7-94P,Pseudogene,RNU7,0.9372742960794368,0.347000002861023,0,0,0.681775416855226,0.9400175868974
RNU7-95P,Pseudogene,RNU7,1.0854463355331714,-0.0024999999441206,0,0,0.8164376260068915,1.105283129929993
RNU7-96P,Pseudogene,RNU7,0.868357068426537,0.30799999833107,4.76,0,0.8664465700919468,1.1363807359531295
RNU7-97P,Pseudogene,RNU7,0.9523916234355566,0.319000005722046,0,0,0.36078043356190126,0.3510283725462927
RNU7-99P,Pseudogene,RNU7,1.8487602101984333,0.185000006109476,0,0,0.4764278745886022,1.0667186310259567
RNU7-9P,Pseudogene,RNU7,0.7282994767448375,-0.0399999991059303,0,0,0.9690813225931076,1.1261042248346003
RN7SKP10,Pseudogene,RN7SK,1.3786838378710558,0.239999994635582,0,0,-0.2189667707947435,0.3137377714289718
RN7SKP100,Pseudogene,RN7SK,1.1985773620535298,0.281000003218651,0,0,0.4609767032696743,0.5040889972096063
RN7SKP101,Pseudogene,RN7SK,1.2591177492184786,0.173499993979931,0,0,0.7219727928289508,1.1038810897392874
RN7SKP102,Pseudogene,RN7SK,1.1137023988708603,0.214000001549721,1.53,0,0.4573011574050853,0.4449054140386302
RN7SKP103,Pseudogene,RN7SK,0.8575026050712053,0.0425000004470348,5.1,0,0.6100271186780597,0.4135134645971987
RN7SKP104,Pseudogene,RN7SK,1.016613153279848,0.034000001847744,0,0,0.5594247494493783,0.5310290024076191
RN7SKP105,Pseudogene,RN7SK,0.8075167642692638,-0.0830000005662441,0,0,0.9418070971969394,1.118648652724179
RN7SKP106,Pseudogene,RN7SK,1.2131459044194266,0.305000007152557,3.45,0,0.43004960259910735,0.5604711820226047
RN7SKP107,Pseudogene,RN7SK,1.1618018708603324,0.0049999998882412,0,0,0.4709793576728395,0.4273144600351046
RN7SKP108,Pseudogene,RN7SK,1.238997280559815,0.300499990582466,0.06,0,0.4622820686883944,0.6064596659024755
RN7SKP109,Pseudogene,RN7SK,1.319023395078284,0.211999997496605,0,0,0.06162267602603975,-0.04336502463527287
RN7SKP11,Pseudogene,RN7SK,1.1860486788264897,0.305000007152557,3.86,0,-1.2020792030287821,-1.3559795106032777
RN7SKP110,Pseudogene,RN7SK,1.0968720864335204,-0.034000001847744,4.49,0,0.5140293957563996,0.49893851688372265
RN7SKP111,Pseudogene,RN7SK,1.7815739116057367,0.211999997496605,0.22,0,0.1311732819353241,0.21216074037316496
RN7SKP112,Pseudogene,RN7SK,0.8192047815344689,0.211999997496605,0.69,0,0.6574026797963427,0.6134749087766261
RN7SKP113,Pseudogene,RN7SK,0.8242033191845097,0.207000002264977,0,0,0.5237971609369576,0.33354109249492764
RN7SKP114,Pseudogene,RN7SK,1.419250262374555,-0.195999994874001,0.28,0,0.5077813986764996,0.621041167804527
RN7SKP115,Pseudogene,RN7SK,1.303905251012718,0.305000007152557,2.73,0,0.358776379346852,0.3964496762639021
RN7SKP116,Pseudogene,RN7SK,1.0997374785088432,0.0430000014603138,5.29,0,0.5138328078948766,0.5004314831255383
RN7SKP117,Pseudogene,RN7SK,1.486732556548465,0.30799999833107,0.05,0,-0.9822473483829269,-1.5883098199696615
RN7SKP118,Pseudogene,RN7SK,1.3051669876956435,0.266999989748001,1.19,0,0.3523324857477903,0.31545903845494483
RN7SKP119,Pseudogene,RN7SK,1.5267816587719332,-0.10700000077486,0.46,0,0.2699263565016584,0.2625605154007249
RN7SKP120,Pseudogene,RN7SK,1.5584590201672746,0.30799999833107,0,0,0.34345450382225984,0.5928241228429815
RN7SKP121,Pseudogene,RN7SK,1.56019565081227,-0.164000004529953,0,0,0.4570534937450044,0.6847396596812156
RN7SKP122,Pseudogene,RN7SK,1.1969246078311726,-0.0449999999254942,0,0,0.7757455261314977,1.0957871527856742
RN7SKP124,Pseudogene,RN7SK,1.1000887201180762,0.284000009298325,3.12,0,0.34383240456766495,0.18637290199305256
RN7SKP125,Pseudogene,RN7SK,1.3571673387328658,-0.113000001758337,0,0,0.46042199275285883,0.540200367476301
RN7SKP126,Pseudogene,RN7SK,0.648373277758481,-0.0749999992549419,0.23,0,0.8375687240000743,0.7446948017386462
RN7SKP127,Pseudogene,RN7SK,1.2755527558807889,0.30799999833107,1.2,0,0.20730083915689346,0.08091256144927446
RN7SKP128,Pseudogene,RN7SK,1.10049212632274,-0.0649999976158142,0.08,0,0.5156592489951605,0.4131858502028988
RN7SKP129,Pseudogene,RN7SK,1.2429994156741064,0.214000001549721,0,0,0.495099334880412,0.610665964585856
RN7SKP13,Pseudogene,RN7SK,0.7260034506516949,-0.0810000002384186,0,0,0.218601944202427,0.2858384181717134
RN7SKP130,Pseudogene,RN7SK,1.2924384274255434,0.303999990224838,0.74,0,0.30185162437355073,0.24809834217513393
RN7SKP131,Pseudogene,RN7SK,0.5539021831823757,0.322500005364418,0.48,0,0.6405655165324065,0.3264460798304043
RN7SKP132,Pseudogene,RN7SK,1.2524380794613514,-0.0810000002384186,0,0,0.7573850187812946,1.090238110372194
RN7SKP133,Pseudogene,RN7SK,1.2565637578407536,0.305000007152557,0.58,0,0.21641423318977507,0.35932022870675323
RN7SKP134,Pseudogene,RN7SK,1.2525001581765665,-0.127000004053116,2.31,0,0.468686671187484,0.4206379059567911
RN7SKP135,Pseudogene,RN7SK,1.25155917554594,-0.162000000476837,0,0,0.7681395218747733,1.0858160038734006
RN7SKP136,Pseudogene,RN7SK,1.2620122727799006,0.208499997854233,0,0,0.536195981548708,0.6824906680940713
RN7SKP137,Pseudogene,RN7SK,1.267179044479116,-0.0439999997615814,3.35,0,0.4246724301333775,0.3947774830034713
RN7SKP139,Pseudogene,RN7SK,1.2091798085939491,0.305000007152557,1.14,0,0.3239518292183292,0.19139336858572778
RN7SKP14,Pseudogene,RN7SK,1.1930012003914734,0.30799999833107,0,0,-0.3306928358228581,0.4285500300028866
RN7SKP140,Pseudogene,RN7SK,0.9295089746537578,0.277999997138977,0,0,0.24304737066646073,-0.10826474360460257
RN7SKP141,Pseudogene,RN7SK,0.6885198057346507,0.037499999627471,0,0,0.9756055348253798,1.1329391848941672
RN7SKP142,Pseudogene,RN7SK,1.3660739247197962,0.28099998831749,0.15,0,0.17434179790424556,0.24716461254846056
RN7SKP143,Pseudogene,RN7SK,1.2100975921298838,0.30799999833107,0,0,0.09188689546559839,-0.16049353179683803
RN7SKP144,Pseudogene,RN7SK,0.9586164052880768,-0.180000007152557,0.23,0,0.6368081392135246,0.6406783862427936
RN7SKP145,Pseudogene,RN7SK,1.1119555859719352,0.305000007152557,0,0,0.3711905464262906,0.2564105840559424
RN7SKP146,Pseudogene,RN7SK,1.112744985887898,0.229000002145767,0,0,0.33311878872598505,0.3942024314853841
RN7SKP147,Pseudogene,RN7SK,1.0818874950888002,-0.0899999998509884,0,0,0.8291352521893157,1.1006734358193278
RN7SKP148,Pseudogene,RN7SK,1.4777858473586158,0.305000007152557,0,0,0.3390116299338834,0.52995651729434
RN7SKP149,Pseudogene,RN7SK,1.019814696640468,0.300999999046326,0,0,0.5042555037056541,0.5256983164239407
RN7SKP15,Pseudogene,RN7SK,1.0903642153705384,-0.258000001311302,0,0,-1.0321870959379889,-0.7407260039703856
RN7SKP150,Pseudogene,RN7SK,1.4283256452623412,0.195999994874001,0.75,0,-0.8565670541704672,-1.1880949182595717
RN7SKP151,Pseudogene,RN7SK,1.2420803636987177,0.305000007152557,3.39,0,-0.046761354290029984,-0.4074694736542619
RN7SKP152,Pseudogene,RN7SK,0.7498194368635495,0.305000007152557,0.14,0,0.6574558130477316,0.5799407429068834
RN7SKP153,Pseudogene,RN7SK,1.3629908415808936,0.206000000238419,0.17,0,0.23248799160698128,0.15328601607536835
RN7SKP154,Pseudogene,RN7SK,0.8743457378639614,0.305000007152557,5,0,0.5557372470296733,0.5243347622092148
RN7SKP155,Pseudogene,RN7SK,1.2422330284435184,-0.0689999982714653,0.2,0,0.7600689985514454,1.0915563539433628
RN7SKP156,Pseudogene,RN7SK,0.9242162950504664,-0.258000001311302,0,0,0.5324310044070524,0.41543401120908147
RN7SKP157,Pseudogene,RN7SK,1.0100039661131353,0.110999997705221,0,0,0.8331055492122627,1.1163946234753535
RN7SKP158,Pseudogene,RN7SK,1.2785625547384594,0.211999997496605,0,0,0.44726941144931737,0.5223228958084105
RN7SKP16,Pseudogene,RN7SK,1.2546162326430232,0.211999997496605,9.3,0,-0.16174129034946752,0.30716262889617935
RN7SKP160,Pseudogene,RN7SK,1.2463477923298532,0.293000012636185,1.23,0,0.05219611487143349,-0.29132063051906953
RN7SKP161,Pseudogene,RN7SK,1.2868767046845728,0.204999998211861,0.65,0,0.335620080895228,0.32190956847503716
RN7SKP162,Pseudogene,RN7SK,1.3490996773235475,-0.109999999403954,0,0,0.3681494614329564,0.25479112709974583
RN7SKP163,Pseudogene,RN7SK,1.2735903670255877,0.30799999833107,0.73,0,0.3111164792369205,0.25461850070286296
RN7SKP164,Pseudogene,RN7SK,1.031582081288668,-0.12899999320507,0,0,0.8549610146692925,1.101741911923398
RN7SKP165,Pseudogene,RN7SK,0.868357068426537,0.238000005483627,0.12,0,0.4536063400384497,0.19874047921070362
RN7SKP166,Pseudogene,RN7SK,1.4235361777484214,0.277999997138977,0.21,0,0.4323142624025408,0.695333512721813
RN7SKP167,Pseudogene,RN7SK,1.1212470216875987,-0.129999995231628,0,0,0.5942567906683517,0.6215794828572897
RN7SKP168,Pseudogene,RN7SK,1.0999189533402802,0.0150000005960464,0,0,0.5738700415706504,0.5730345876104215
RN7SKP169,Pseudogene,RN7SK,1.312979759820193,-0.0430000014603138,0,0,0.3856890938961177,0.3609865592551815
RN7SKP170,Pseudogene,RN7SK,1.3343047636798009,0.146999999880791,0.67,0,0.2508428104141596,0.32763861595928845
RN7SKP171,Pseudogene,RN7SK,1.1348825052703255,0.305000007152557,0,0,0.36260874014255434,0.24708548638906125
RN7SKP172,Pseudogene,RN7SK,1.3520727508386348,-0.0195000004023314,0.32,0,0.35648239589897035,0.3747775504045564
RN7SKP173,Pseudogene,RN7SK,1.2239699631155,0.214000001549721,2.29,0,0.3517186529466186,0.3038290299806751
RN7SKP174,Pseudogene,RN7SK,1.242013746355532,0.146999999880791,0,0,0.467887563371945,0.5341241303397254
RN7SKP175,Pseudogene,RN7SK,1.286009776078055,0.280000001192093,1.46,0,0.31517949293010983,0.2565455209868276
RN7SKP177,Pseudogene,RN7SK,1.2426067345371292,0.263000011444092,0.15,0,-1.3726007868254295,-2.028736109307002
RN7SKP178,Pseudogene,RN7SK,0.8657176852398303,0.30799999833107,0,0,-0.6868000052291994,-1.3354139899674693
RN7SKP179,Pseudogene,RN7SK,0.576236948633278,0.0509999990463257,0.08,0,1.0203504757681574,1.140883579233111
RN7SKP18,Pseudogene,RN7SK,1.1241276958539896,0.197999998927116,0,0,-0.08924899306261934,0.2507374050906242
RN7SKP180,Pseudogene,RN7SK,1.2630648268022358,0.164000004529953,1.04,0,0.3708937145681719,0.34251637215578384
RN7SKP181,Pseudogene,RN7SK,1.198112917196108,0.197999998927116,0,0,0.5096445127526743,0.6377588468905494
RN7SKP182,Pseudogene,RN7SK,1.2937937529576593,0.30799999833107,0,0,0.5480234457970761,0.7831924106583836
RN7SKP184,Pseudogene,RN7SK,1.2412551488619568,0.305000007152557,2.11,0,0.37275373584125815,0.3492693687474424
RN7SKP185,Pseudogene,RN7SK,1.1826703631330748,0.282000005245209,1.05,0,0.3725325016476981,0.3116848117442204
RN7SKP186,Pseudogene,RN7SK,0.985857529830788,-0.0990000031888485,0.88,0,0.5823195303119165,0.5180866882188981
RN7SKP187,Pseudogene,RN7SK,1.17886050501542,0.305000007152557,1.62,0,0.0038393514912992486,-0.48380898080941287
RN7SKP188,Pseudogene,RN7SK,1.523048990678721,0.122000001370907,0,0,0.3000427594889199,0.33297455578671675
RN7SKP189,Pseudogene,RN7SK,0.9157219994316208,-0.104499999433756,0.12,0,0.6225881907925233,0.48822822048434994
RN7SKP19,Pseudogene,RN7SK,1.3369942164662554,0.30799999833107,0,0,-0.6523880735259701,-0.3593279457753489
RN7SKP190,Pseudogene,RN7SK,1.639555304022133,-0.0115000000223517,2.19,0,0.5882218333262706,1.069271502505405
RN7SKP191,Pseudogene,RN7SK,1.2713201524676097,0.107999999076128,0.2,0,0.48583025950982833,0.5946751957986773
RN7SKP192,Pseudogene,RN7SK,1.2002978438189442,0.164000004529953,0.14,0,-0.3060604115744023,-0.9600232097272285
RN7SKP193,Pseudogene,RN7SK,1.123756206199048,0.296999990940094,0.37,0,-0.47690685140467987,-1.4574169657277405
RN7SKP194,Pseudogene,RN7SK,0.8510394060932442,0.003000000026077,0,0,0.5926368770449937,0.48966506903404705
RN7SKP195,Pseudogene,RN7SK,0.9400036912340072,-0.046000000089407,4.1,0,0.8822039067374104,1.112213505342438
RN7SKP196,Pseudogene,RN7SK,1.2886922290851797,0.0579999983310699,0,0,0.7245474468123901,1.0955993207240897
RN7SKP197,Pseudogene,RN7SK,1.1811995139539426,0.0670000016689301,0.32,0,0.7678858935104718,1.1029885519689082
RN7SKP198,Pseudogene,RN7SK,1.0329476238799329,0.30799999833107,1.35,0,0.3801237291252986,0.25239255408707767
RN7SKP199,Pseudogene,RN7SK,1.4235361777484214,-0.182499997317791,0,0,0.45012791023096616,0.553387699352609
RN7SKP20,Pseudogene,RN7SK,0.8100966900337023,0.200499996542931,0.09,0,-0.7063243711966507,-0.7523298495545165
RN7SKP200,Pseudogene,RN7SK,0.7706668982285516,-0.214000001549721,0,0,0.6440459207722335,0.3864747582932206
RN7SKP202,Pseudogene,RN7SK,1.1367583441220122,0.200499996542931,0.65,0,0.4985678235966077,0.5690983829824703
RN7SKP204,Pseudogene,RN7SK,1.2997344508061717,0.214000001549721,0.46,0,0.37476517445740803,0.44930039611946837
RN7SKP205,Pseudogene,RN7SK,1.086153466696385,0.178000003099442,0,0,0.5139550164819154,0.5901132728383672
RN7SKP206,Pseudogene,RN7SK,1.3277268486521796,0.305000007152557,0,0,0.3622046485737477,0.3985328064715438
RN7SKP207,Pseudogene,RN7SK,1.5475670526413532,0.305000007152557,0,0,0.22844773425138187,0.22331451916982445
RN7SKP208,Pseudogene,RN7SK,1.366279265557543,-0.078999999910593,0,0,0.4163116273479664,0.42842612502728866
RN7SKP209,Pseudogene,RN7SK,0.9597630756293304,-0.0095000001601874,0,0,0.8693594442384879,1.112952870890515
RN7SKP21,Pseudogene,RN7SK,1.0736051027819002,0.10700000077486,0,0,-0.27433684089707383,0.05446787852633654
RN7SKP210,Pseudogene,RN7SK,0.9581871099879028,-0.0179999992251396,0,0,0.871102162962188,1.1125839356957536
RN7SKP211,Pseudogene,RN7SK,1.2460234759644278,0.305000007152557,0,0,0.36146662558731346,0.3657243581346284
RN7SKP212,Pseudogene,RN7SK,0.7624598649598862,0.305000007152557,0.04,0,0.6354948392416607,0.5462299693586415
RN7SKP213,Pseudogene,RN7SK,0.8858407677908298,0.214000001549721,0.01,0,-0.2567354150930921,-0.8627102833474416
RN7SKP214,Pseudogene,RN7SK,1.356291040209067,0.284000009298325,0.49,0,0.2746886883820907,0.2649854492424538
RN7SKP216,Pseudogene,RN7SK,1.3136683855683509,0.0755000002682209,0.18,0,0.3941591994800427,0.3782336923049676
RN7SKP217,Pseudogene,RN7SK,1.2259158613080523,0.222000002861023,0.19,0,0.4493923876186775,0.4686939649564875
RN7SKP218,Pseudogene,RN7SK,1.2846926491789863,0.30799999833107,0,0,0.476780331888701,0.6517156040480171
RN7SKP219,Pseudogene,RN7SK,1.2086591628099097,0.10700000077486,0.13,0,0.7513891339027526,1.1034393062801313
RN7SKP22,Pseudogene,RN7SK,1.161760992570657,0.194000005722046,7.95,0,-1.9892472617852586,-1.286213630698465
RN7SKP220,Pseudogene,RN7SK,1.1698699394079737,-0.0874999985098839,0,0,0.6006646106218382,0.6828203249531897
RN7SKP221,Pseudogene,RN7SK,0.8077740171409646,0.307000011205673,0.94,0,0.5954172282981532,0.458599302081335
RN7SKP222,Pseudogene,RN7SK,1.2019164502665718,0.146999999880791,0,0,0.5496384407165995,0.6739485164608637
RN7SKP223,Pseudogene,RN7SK,1.2885298434716357,0.284000009298325,0,0,0.37932564595201057,0.3850583485926428
RN7SKP224,Pseudogene,RN7SK,1.325246479814038,0.28099998831749,0.62,0,-2.1786105297970844,-3.6771267564763104
RN7SKP225,Pseudogene,RN7SK,1.016372477817424,0.30799999833107,0.35,0,0.5098721856486103,0.47825106950431384
RN7SKP226,Pseudogene,RN7SK,1.4356836864652078,0.305000007152557,0.37,0,0.2727726874093583,0.39869245267369374
RN7SKP227,Pseudogene,RN7SK,1.1999115854621238,0.187999993562698,2.9,0,0.5844999695309196,0.8614597449795719
RN7SKP228,Pseudogene,RN7SK,1.4527646772154992,-0.158999994397163,1.05,0,0.35744810952983436,0.312229587930788
RN7SKP229,Pseudogene,RN7SK,0.8166006868646905,0.194000005722046,0.74,0,0.47322819268796407,0.17025748472600505
RN7SKP230,Pseudogene,RN7SK,1.5034241781713178,0.30799999833107,4.77,0,0.18833557211301385,0.09735466627528844
RN7SKP231,Pseudogene,RN7SK,1.166169059403147,-0.0340000009164214,0,0,0.5959335692756986,0.6671708825461621
RN7SKP232,Pseudogene,RN7SK,1.0779604987363909,0.284000009298325,0.33,0,0.5960400439378855,0.722105005127989
RN7SKP234,Pseudogene,RN7SK,1.364561107527415,-0.0415000002831221,2.21,0,0.48362142518833684,0.6655700757467095
RN7SKP235,Pseudogene,RN7SK,1.0021694691348888,0.268999993801117,0.16,0,0.49284317941799666,0.45607830793917503
RN7SKP236,Pseudogene,RN7SK,1.1496558370717531,0.300000011920929,0,0,0.3773456417859876,0.287730639787541
RN7SKP237,Pseudogene,RN7SK,1.211661025711447,0.30799999833107,0.1,0,0.22016688685587119,0.019423405472738128
RN7SKP238,Pseudogene,RN7SK,1.3531025805200658,-0.0309999994933605,0,0,0.7093031219268439,1.0865496129565335
RN7SKP239,Pseudogene,RN7SK,1.1185616474646918,-0.149000003933907,5.3,0,0.4671727592410309,0.2740581656733301
RN7SKP24,Pseudogene,RN7SK,1.0273520246173111,-0.228500001132488,0.4,0,0.3007137847449125,0.569308823512226
RN7SKP240,Pseudogene,RN7SK,1.2596966539307632,0.273999989032745,0.71,0,0.35775244417465035,0.3783014849943889
RN7SKP241,Pseudogene,RN7SK,1.4084691968980256,-0.0670000016689301,0.41,0,0.42600631130670763,0.551293750591756
RN7SKP242,Pseudogene,RN7SK,1.1057280317680471,0.017000000923872,0,0,0.8055409933302787,1.1050611421219667
RN7SKP243,Pseudogene,RN7SK,1.1915320291678049,0.30799999833107,0.22,0,0.3533254243346622,0.27091034860300944
RN7SKP245,Pseudogene,RN7SK,1.2374088225078153,-0.0729999989271164,1.79,0,0.5281561739751042,0.5693388785728134
RN7SKP246,Pseudogene,RN7SK,1.5668777386119217,0.146999999880791,0.02,0,0.3056607282192798,0.462187417606936
RN7SKP247,Pseudogene,RN7SK,1.3871158365774552,-0.228500001132488,0,0,0.335302402842813,0.24412548565511263
RN7SKP249,Pseudogene,RN7SK,1.2523910395334843,-0.193999998271465,0.14,0,0.5201866569995295,0.537516847968555
RN7SKP25,Pseudogene,RN7SK,0.8119702458014372,-0.0989999994635582,1.38,0,-1.2429749941657244,-1.3535477356687404
RN7SKP250,Pseudogene,RN7SK,1.060423585119011,0.152999997138977,0,0,0.47486712341155424,0.42340433675763783
RN7SKP251,Pseudogene,RN7SK,1.183620462696044,0.305000007152557,0.26,0,0.37181014843644045,0.3706138602897974
RN7SKP252,Pseudogene,RN7SK,1.3171409967570713,0.101999998092651,0,0,0.5086873096142425,0.6971610813824124
RN7SKP254,Pseudogene,RN7SK,1.2549160214680275,0.214000001549721,0.22,0,0.5645268478163393,0.8218521054942706
RN7SKP256,Pseudogene,RN7SK,1.238929830111747,0.0785000026226044,0,0,0.7425157658009492,1.099922711207874
RN7SKP257,Pseudogene,RN7SK,1.2140137655671974,0.305000007152557,0.07,0,0.48038056819110236,0.6195848320537318
RN7SKP258,Pseudogene,RN7SK,1.5081991188460906,0.0039999999571591,1.45,0,0.640608550641878,1.0785467375697342
RN7SKP259,Pseudogene,RN7SK,1.2934087265452323,-0.0989999994635582,0,0,-1.3782175714640474,-2.2491785247098455
RN7SKP26,Pseudogene,RN7SK,1.197325104588126,0.194999992847443,7.34,0,-1.4959678561597969,-0.6148614236148887
RN7SKP260,Pseudogene,RN7SK,0.6061015779621466,-0.003000000026077,0,0,1.0149161205623403,1.1359832779872556
RN7SKP262,Pseudogene,RN7SK,1.2641806084513545,0.28099998831749,0,0,0.22427243034057223,0.2227973793905038
RN7SKP263,Pseudogene,RN7SK,1.3826267885626415,0.30799999833107,0,0,0.4865490830571226,0.8362017755188836
RN7SKP264,Pseudogene,RN7SK,1.3220661249400565,0.30799999833107,0.64,0,-1.0006553384913148,-1.6842267121376386
RN7SKP265,Pseudogene,RN7SK,1.152617454054955,0.453999996185303,0,0,0.580146260698815,0.8113604638951251
RN7SKP266,Pseudogene,RN7SK,1.1860486788264897,0.30799999833107,0,0,0.5181240678061951,0.6695537512670036
RN7SKP267,Pseudogene,RN7SK,0.9749974101631292,-0.0879999995231628,0,0,0.659375748704472,0.6895455184175714
RN7SKP268,Pseudogene,RN7SK,1.198112917196108,0.0700000002980232,1.46,0,0.5415719184385831,0.650259428953608
RN7SKP269,Pseudogene,RN7SK,1.154179927939974,0.194999992847443,3.87,0,-0.9320981507722206,-1.3921153899846879
RN7SKP27,Pseudogene,RN7SK,1.470730890668369,0.448500007390976,0,0,-1.6296139091631678,-1.333386210971794
RN7SKP270,Pseudogene,RN7SK,1.2580044709256242,-0.019000000320375,0,0,0.5820297975232565,0.7699586754985297
RN7SKP271,Pseudogene,RN7SK,1.5196248697464398,-0.233999997377396,0.83,0,-1.3047664790546796,-1.8975708431975447
RN7SKP273,Pseudogene,RN7SK,1.084063601347779,0.305000007152557,0.86,0,0.07961183891275865,-0.2578506452469882
RN7SKP275,Pseudogene,RN7SK,1.4539932308537364,-0.125,0.44,0,0.314691473044719,0.32857158152598837
RN7SKP276,Pseudogene,RN7SK,0.8553965151664394,-0.576499998569489,0.27,0,0.9852935126965681,1.0882948189872148
RN7SKP278,Pseudogene,RN7SK,1.4523398922221613,-0.0650000013411045,0,0,0.4573334683276797,0.6155565728614911
RN7SKP279,Pseudogene,RN7SK,1.2588263542290736,0.206000000238419,0,0,0.22115385212869446,0.22761967526424617
RN7SKP28,Pseudogene,RN7SK,1.1843820998866863,-0.0775000005960464,0.2,0,-0.6042668776441803,-0.44538206698773997
RN7SKP280,Pseudogene,RN7SK,1.542476371547138,-0.172999992966652,0.18,0,0.09560938893900144,-0.004940287141455831
RN7SKP281,Pseudogene,RN7SK,1.312403296599198,0.211999997496605,0.07,0,0.47384537742098043,0.5941149142062934
RN7SKP283,Pseudogene,RN7SK,0.681821105579355,-0.046000000089407,3.95,0,0.7960790253340507,0.7743298350950801
RN7SKP284,Pseudogene,RN7SK,1.4278524390453844,-0.122000001370907,0,0,0.6900355435926695,1.0767265249161166
RN7SKP285,Pseudogene,RN7SK,1.2451912679323929,-0.0775000005960464,0,0,0.5754903919072865,0.7482907175035647
RN7SKP286,Pseudogene,RN7SK,0.8480276387309325,0.0469999983906746,0.19,0,-0.22877380970249933,-0.7634388396007623
RN7SKP287,Pseudogene,RN7SK,1.2274520967232252,-0.0025000000605359,0.68,0,0.7576546490451519,1.0961820277134389
RN7SKP288,Pseudogene,RN7SK,1.1794103466688786,-0.0165000008419156,2.07,0,0.7793307384565025,1.0984917161596284
RN7SKP289,Pseudogene,RN7SK,1.330499643826423,0.061999998986721,0,0,0.5194921234525601,0.7331483812745087
RN7SKP29,Pseudogene,RN7SK,1.2386858181966778,-0.0759999975562096,0.08,0,-1.0327681712983001,-0.9097250330151339
RN7SKP290,Pseudogene,RN7SK,1.033122255769008,0.208000004291534,0,0,-0.9718331449246029,-2.1196615477710523
RN7SKP291,Pseudogene,RN7SK,1.157809424568716,-0.0759999975562096,0,0,0.4599434501399435,0.39422407692698486
RN7SKP292,Pseudogene,RN7SK,1.303905251012718,0.305000007152557,2.26,0,0.12321643240146095,0.17126033540841196
RN7SKP293,Pseudogene,RN7SK,1.1851900528524355,-0.15599999576807,0.04,0,0.479793167146726,0.3501829181657165
RN7SKP294,Pseudogene,RN7SK,1.233169801315792,0.26800000667572,0,0,0.3864191165485971,0.3416776326752622
RN7SKP295,Pseudogene,RN7SK,1.3167244436271672,0.034000001847744,0,0,0.7160228457004479,1.0924754036501105
RN7SKP296,Pseudogene,RN7SK,1.2325068067989555,-0.0474999994039536,2.34,0,0.43859047562602277,0.4454950775075844
RN7SKP297,Pseudogene,RN7SK,1.108540938416856,-0.138999998569489,0.26,0,0.5849128247056251,0.6220873870028337
RN7SKP298,Pseudogene,RN7SK,1.145492303030751,0.0215000004973262,0,0,0.7885041755903037,1.102760906141421
RN7SKP299,Pseudogene,RN7SK,1.0616458510995537,-0.0450000017881393,0.08,0,0.6317882509171622,0.6709297434360437
RN7SKP3,Pseudogene,RN7SK,1.1157660655759971,0.305000007152557,0.15,0,-1.1970289622359207,-0.9439016524745154
RN7SKP30,Pseudogene,RN7SK,1.4975259623164232,0.305000007152557,1.6,0,0.33730652849021425,0.5249787458594121
RN7SKP31,Pseudogene,RN7SK,0.8746042415806847,0.23200000077486,0,0,0.8736294151819834,1.1317642792262013
RN7SKP32,Pseudogene,RN7SK,1.6392747298349148,0.207000002264977,0,0,0.3552514594084488,0.6550518498380983
RN7SKP33,Pseudogene,RN7SK,1.0931083096663463,0.30799999833107,0,0,0.33354924309255485,0.20288386750156956
RN7SKP34,Pseudogene,RN7SK,1.1103582186437688,-0.0599999986588955,0,0,0.8135020068438389,1.1005070402251964
RN7SKP35,Pseudogene,RN7SK,0.8050992687398356,0.0410000011324883,0.66,0,0.9268983224835977,1.1256614580177293
RN7SKP36,Pseudogene,RN7SK,1.413863431925259,0.30799999833107,2.2,0,0.39028526618812753,0.5787739633014626
RN7SKP37,Pseudogene,RN7SK,1.2438628277461206,0.305000007152557,0,0,0.32204759498160873,0.26201291243339186
RN7SKP38,Pseudogene,RN7SK,0.9779555333735755,0.30799999833107,2.26,0,0.0034049064761348465,-0.6043295552538918
RN7SKP39,Pseudogene,RN7SK,1.229723053423916,-0.0035000000498257,0,0,0.7568456915636906,1.0959791629088937
RN7SKP4,Pseudogene,RN7SK,1.3052323637218757,0.0525000002235174,0.68,0,-0.9776026618268687,-0.7292144558829431
RN7SKP42,Pseudogene,RN7SK,0.8915132569179113,-0.14750000089407,0.37,0,0.9153111385450994,1.1096990794422141
RN7SKP43,Pseudogene,RN7SK,0.716394581451893,0.0560000017285347,2,0,0.9616860286410875,1.1321810408291413
RN7SKP44,Pseudogene,RN7SK,1.143153609067846,0.283000007271767,0.17,0,0.5218185268394918,0.5754638374884556
RN7SKP45,Pseudogene,RN7SK,0.8455055666258388,0.305000007152557,0,0,0.5724021846152786,0.4363415507060783
RN7SKP46,Pseudogene,RN7SK,1.2171842668542912,0.172999992966652,0,0,0.49060500850774885,0.5879862624812568
RN7SKP47,Pseudogene,RN7SK,1.4402019671464517,-0.25900000333786,0,0,0.2893105501647797,0.13649952210555036
RN7SKP48,Pseudogene,RN7SK,1.1331000770931643,0.305000007152557,0.15,0,0.469548895709088,0.5003956393094869
RN7SKP49,Pseudogene,RN7SK,0.6011702781414487,0.0525000002235174,0,0,1.0098377714030873,1.1393679586642145
RN7SKP5,Pseudogene,RN7SK,1.0599064217559202,0.211999997496605,0.49,0,-0.20355940215157134,0.1683903892473443
RN7SKP50,Pseudogene,RN7SK,1.4114248223313872,0.305000007152557,2.03,0,0.21470530575848798,0.20442660790605025
RN7SKP51,Pseudogene,RN7SK,1.0625948337324729,0.0599999986588955,5.62,0,0.6623834437122564,0.750493235009248
RN7SKP52,Pseudogene,RN7SK,1.125390760680792,0.26800000667572,0.09,0,0.6032950049974368,0.7617633751993771
RN7SKP53,Pseudogene,RN7SK,1.5327191430004907,-0.0790000036358833,0,0,0.4288242739230863,0.6274660727046665
RN7SKP54,Pseudogene,RN7SK,1.3299743947648075,-0.145999997854233,11.28,0,0.5280419456756303,0.6541726334657957
RN7SKP55,Pseudogene,RN7SK,0.769358705576606,0.211999997496605,0.91,0,0.45153670090258435,0.31080543389166443
RN7SKP56,Pseudogene,RN7SK,1.101842805858446,-0.12899999320507,3.14,0,0.579659866549242,0.564957867664169
RN7SKP57,Pseudogene,RN7SK,1.114342176547365,0.0209999997168779,0.61,0,0.6332214399312015,0.7936815292949287
RN7SKP58,Pseudogene,RN7SK,0.9793928902909138,0.301999986171722,0.33,0,0.6208366245541599,0.6533604544229593
RN7SKP59,Pseudogene,RN7SK,1.128311095280341,0.30799999833107,0,0,-0.33418354885643176,-1.1555661163723523
RN7SKP6,Pseudogene,RN7SK,1.1759569077124263,0.194999992847443,0,0,-0.3707096428851146,0.21026258948721593
RN7SKP60,Pseudogene,RN7SK,1.409717751253123,-0.163000002503395,0,0,0.15309910451325406,0.09742999398448669
RN7SKP61,Pseudogene,RN7SK,1.3069509775640082,0.211999997496605,0,0,0.6972344766585411,1.1029434457985847
RN7SKP62,Pseudogene,RN7SK,1.2035587331383006,0.30799999833107,0,0,0.39760153840589213,0.40721401655010897
RN7SKP63,Pseudogene,RN7SK,1.0154873358343557,0.28099998831749,0.68,0,0.4574400076556423,0.30129878470169047
RN7SKP64,Pseudogene,RN7SK,1.8214318996263947,0.245999999344349,0.33,0,-0.20270783037658802,-0.2671642379570711
RN7SKP65,Pseudogene,RN7SK,1.231790857448506,0.194999992847443,0,0,-0.17097076802422922,-0.6777726524134854
RN7SKP66,Pseudogene,RN7SK,1.2480283407688757,0.0540000014007092,0,0,0.5704481553625165,0.7175041974940785
RN7SKP67,Pseudogene,RN7SK,0.9607354799612752,0.0520000010728836,0,0,0.8610677033338402,1.1162908389454032
RN7SKP68,Pseudogene,RN7SK,1.2106085514220124,0.300000011920929,0,0,0.47740514542266926,0.5963823281566106
RN7SKP69,Pseudogene,RN7SK,1.321041572950535,-0.175999999046326,6.68,0,0.389033806828075,0.3468581792717668
RN7SKP71,Pseudogene,RN7SK,1.3544185721369886,0.0769999995827675,3.47,0,-1.0345019609966004,-1.6433486595228761
RN7SKP72,Pseudogene,RN7SK,1.1300537191852196,0.263999998569489,0.25,0,0.48709522399322097,0.5063383095202053
RN7SKP73,Pseudogene,RN7SK,1.260902044564561,0.28099998831749,0,0,0.3865750880370676,0.44625403427662846
RN7SKP74,Pseudogene,RN7SK,1.2027728973675011,-0.0729999989271164,2.05,0,0.47145079230799686,0.47011510296482734
RN7SKP75,Pseudogene,RN7SK,1.3142701576185425,-0.222000002861023,0.2,0,0.4280679601561942,0.3412330531092904
RN7SKP76,Pseudogene,RN7SK,1.3872205799012172,0.305000007152557,0.21,0,0.2856157922818735,0.3220337863431627
RN7SKP77,Pseudogene,RN7SK,1.131570117496337,0.305000007152557,0,0,0.41462906626924034,0.31660227831908844
RN7SKP78,Pseudogene,RN7SK,1.288882189614231,0.211999997496605,4.64,0,-1.0266099308012584,-2.074993592007575
RN7SKP79,Pseudogene,RN7SK,1.2508476819001306,0.0769999995827675,0,0,0.3957049089429854,0.3300278681256232
RN7SKP8,Pseudogene,RN7SK,1.3389192786911968,0.126000002026558,0,0,-0.33503834038935687,-0.06490680971420437
RN7SKP81,Pseudogene,RN7SK,0.8814742446867566,-0.270999997854233,0,0,0.6039262842222772,0.4537495162461045
RN7SKP82,Pseudogene,RN7SK,0.8099474001467252,0.301999986171722,0,0,0.8914130955058638,1.139779287203473
RN7SKP83,Pseudogene,RN7SK,0.6829774695489618,0.30799999833107,0,0,0.9431998583571892,1.14825027243631
RN7SKP85,Pseudogene,RN7SK,1.3653413025574483,0.305000007152557,0.2,0,0.2864497904620133,0.3022546094385455
RN7SKP86,Pseudogene,RN7SK,1.307766669317074,0.214000001549721,0.53,0,-0.04337397014130322,-0.41406131054251927
RN7SKP87,Pseudogene,RN7SK,1.2232006545277463,-0.150000005960464,0.55,0,0.5357448486215218,0.6264908450239827
RN7SKP88,Pseudogene,RN7SK,0.6668982285515804,0.126000002026558,0.52,0,0.9732003927795639,1.1392198558897972
RN7SKP89,Pseudogene,RN7SK,1.449653948943475,0.305000007152557,0.53,0,0.3578493325179838,0.49932083495839324
RN7SKP9,Pseudogene,RN7SK,1.486952572021361,-0.132999993860722,7.39,0,-1.5450809317781777,-1.4830474747048397
RN7SKP90,Pseudogene,RN7SK,1.337529096442069,0.211999997496605,0.29,0,0.41880818234096484,0.49791000484742864
RN7SKP91,Pseudogene,RN7SK,1.1939909690864885,-0.132999993860722,0.55,0,0.5340313061725038,0.5177985525035494
RN7SKP92,Pseudogene,RN7SK,1.124593580421253,-0.204999998211861,11.59,0,0.8261629176330947,1.0916115891207765
RN7SKP93,Pseudogene,RN7SK,0.8543059831769166,-0.0719999969005585,0.21,0,0.5874491922176801,0.4710372009069271
RN7SKP94,Pseudogene,RN7SK,1.3453419369988602,-0.0610000006854534,0,0,0.2871537839824628,0.12244785111939357
RN7SKP96,Pseudogene,RN7SK,1.0291639329499698,0.0329999998211861,1.85,0,0.8351730048520782,1.110859256040571
RN7SKP97,Pseudogene,RN7SK,1.126517277958751,0.305000007152557,3.22,0,0.41085523834005255,0.3834217751127703
RN7SKP98,Pseudogene,RN7SK,0.8906226342836276,0.305000007152557,0.73,0,-1.151915671537204,-1.9287208018663975
RN7SKP99,Pseudogene,RN7SK,1.2898072417019573,-0.0869999974966049,0.38,0,0.7426849955755046,1.0875119873380208
RNU1-100P,Pseudogene,RNU1,0.8841453787615648,0.305000007152557,1.55,0.01,-0.333056949254671,-0.7154365665064936
RNU1-11P,Pseudogene,RNU1,1.5672786113064328,-0.102000001817942,0.58,0.01,0.4746372572463793,0.833556161218072
RNU1-14P,Pseudogene,RNU1,1.5539021224474874,0.305000007152557,0,0.01,0.3798071107553815,0.8400829282400978
RNU1-22P,Pseudogene,RNU1,1.494893181088722,-0.028999999165535,0,0.01,0.3814269199554576,0.8955428417234991
RNU1-32P,Pseudogene,RNU1,1.0704275812050392,-0.0219999998807907,0,0.01,0.8251557780355727,1.1051677435179206
RNU1-47P,Pseudogene,RNU1,1.36380005838769,0.282999992370605,0.43,0.01,0.4298140000127364,0.8092623202639575
RNU1-5P,Pseudogene,RNU1,1.3748986916753505,0.30799999833107,0.69,0.01,0.656791275780132,1.1038975606358516
RNU1-64P,Pseudogene,RNU1,1.3211813065630749,0.430000007152557,0.13,0.01,0.6633785156248708,1.1140847167167733
RNU1-89P,Pseudogene,RNU1,1.842611340319725,0.146999999880791,1.18,0.01,0.4838428995915396,1.0650152641791775
RNU2-15P,Pseudogene,RNU2,0.9820163705766074,0.44200000166893,0.4,0.01,0.8022280123415845,1.1364907252890117
RNU2-55P,Pseudogene,RNU2,1.477205127898017,-0.241999998688698,0,0.01,0.68500069872706415,1.0669280959574161
RNU2-66P,Pseudogene,RNU2,1.4886121173026348,0.243000000715256,0,0.01,0.6180631042397662,1.0930122608341768
RNU4-16P,Pseudogene,RNU4,1.0592724522649954,-0.101000003516674,0,0.01,0.6753609655980615,0.8121082754069153
RNU4-40P,Pseudogene,RNU4,1.0687471611403534,-0.0790000036358833,0.84,0.01,0.6465449132228862,0.8569916676565759
RNU4-80P,Pseudogene,RNU4,1.4780545845558075,0.30799999833107,1.04,0.01,0.6140907051759615,1.0972859105077297
RNU4-92P,Pseudogene,RNU4,1.0726763786445457,0.296999990940094,0,0.01,0.7833035400848118,1.1226609293641658
RNU5A-7P,Pseudogene,RNU5,0.9881304571750248,0.340000003576279,0,0.01,0.6261421329584257,0.7893057528870828
RNU5B-3P,Pseudogene,RNU5,1.3893713094824591,0.305000007152557,0.98,0.01,0.6511843058203993,1.1028047960394252
RNU5D-2P,Pseudogene,RNU5,0.4168113928447378,0.0230000000447035,1.19,0.01,1.0899285391512163,1.149558510982436
RNU6-1109P,Pseudogene,RNU6,1.0712442339467558,0.197999998927116,0,0.01,0.7965960885482285,1.1172790775656396
RNU6-1114P,Pseudogene,RNU6,1.3634017522958712,0.0240000002086162,0,0.01,-0.8962799469385084,-1.9765074231440791
RNU6-1132P,Pseudogene,RNU6,1.0712442339467558,-0.310999989509583,0,0.01,0.8618907319312572,1.0891367351742853
RNU6-1153P,Pseudogene,RNU6,1.819414810036554,-0.171000003814697,0.29,0.01,0.2906689338300812,0.5438015444888057
RNU6-1161P,Pseudogene,RNU6,1.123756206199048,-0.0054999999701976,0,0.01,0.6131005504521547,0.6900769145614997
RNU6-1217P,Pseudogene,RNU6,1.2023405562828977,0.254999995231628,1.45,0.01,0.4368344743216985,0.4458537799519557
RNU6-1293P,Pseudogene,RNU6,1.8178690030611613,-0.310999989509583,0,0.01,0.5528416201600368,1.0412752933998723
RNU6-368P,Pseudogene,RNU6,0.3895433577988203,0.407000005245209,0,0.01,0.7427334332743275,0.4677009673529308
RNU6-374P,Pseudogene,RNU6,1.801036882662447,0.282000005245209,0,0.01,0.25947581134382847,0.5993770327359442
RNU6-614P,Pseudogene,RNU6,1.8178690030611613,-0.287000000476837,0,0.01,0.5497628956793099,1.0426022402055544
RNU6-847P,Pseudogene,RNU6,1.801036882662447,0.218999996781349,0,0.01,0.1997619736857039,0.4518337721523437
RNU6-860P,Pseudogene,RNU6,1.2357389050685337,0.254999995231628,0,0.01,0.4447580484737407,0.49971784978844513
RNU6-927P,Pseudogene,RNU6,1.1114970475859671,0.204999998211861,0,0.01,-1.2254963169866306,-1.98152821871362
RNU6ATAC17P,Pseudogene,RNU6ATAC,1.2719596495261951,0.222000002861023,1.3,0.01,-0.4325264343141326,-0.5543378621701289
RN7SL266P,Pseudogene,RN7SL,0.8172772408720348,0.44200000166893,0.19,0.01,0.1801247880036098,-0.06928878743689594
RN7SL377P,Pseudogene,RN7SL,1.4993215569954594,0.125,15.93,0.01,-2.8395298846560184,-4.3739725563268435
RN7SL484P,Pseudogene,RN7SL,1.8054948947482448,0.17399999499321,0,0.01,0.49574769662737056,1.0688839148118243
RN7SL539P,Pseudogene,RN7SL,0.7877878558921161,-0.158999994397163,0.16,0.01,0.6639595655313373,0.8068686775568688
RN7SL796P,Pseudogene,RN7SL,1.122000885664529,-0.123999997973442,0.11,0.01,0.561262869072918,0.8813699384227467
RN7SL832P,Pseudogene,RN7SL,0.9276980981595576,0.0489999987185001,0.85,0.01,-2.4460683161991166,-2.1965397083261085
RNU7-197P,Pseudogene,RNU7,1.0644376967809164,0.0604999996721745,0,0.01,0.5920502841927829,0.7430923690701763
RNU7-25P,Pseudogene,RNU7,1.0644376967809164,0.30799999833107,0.24,0.01,0.7853017003244973,1.1237979496974584
RNU7-41P,Pseudogene,RNU7,1.138828942198737,-0.200000002980232,0,0.01,0.6708586962949121,0.870356121679417
RNU7-61P,Pseudogene,RNU7,1.138828942198737,-0.166999995708466,0,0.01,0.5906279990576464,0.8221381990967038
RN7SKP17,Pseudogene,RN7SK,1.2369758809494829,-0.0195000004023314,0,0.01,-1.7927173613389924,-1.033282526160868
RN7SKP244,Pseudogene,RN7SK,1.0635252694735438,0.287999987602234,0.46,0.01,0.7882440881263498,1.1227512961748334
RN7SKP248,Pseudogene,RN7SK,0.8655099960710402,0.0309999994933605,1.75,0.01,0.903170967311553,1.1212392129651654
RN7SKP272,Pseudogene,RN7SK,1.3923656442011714,0.448500007390976,0.49,0.01,0.6315386507324579,1.1105454476257721
RN7SKP7,Pseudogene,RN7SK,1.4137462447365374,0.211999997496605,0,0.01,-1.6960240351809297,-1.0555148492984952
RNU1-138P,Pseudogene,RNU1,0.6777421021865655,0.266999989748001,0,0.02,0.7227686751503603,0.8365802704696855
RNU2-52P,Pseudogene,RNU2,0.8774976691468164,0.446000009775162,0.34,0.02,0.8449783822674639,1.1434117471996237
RNU6-978P,Pseudogene,RNU6,1.7198528345535296,0.407999992370605,0,0.02,0.5011797908380354,1.08731162848887
RN7SL293P,Pseudogene,RN7SL,1.5080364747051604,0.263999998569489,0.14,0.02,0.37222191289091167,0.7662135951052162
RN7SL473P,Pseudogene,RN7SL,1.2081489647673558,0.282999992370605,15.71,0.02,-0.6125305300023008,-0.7331904131085286
RN7SL719P,Pseudogene,RN7SL,1.6414513360974201,-0.0450000017881393,0,0.02,0.295980809465838,0.7584481833951637
RNU7-182P,Pseudogene,RNU7,0.3921612567087586,0.263999998569489,0,0.02,1.069221245956668,1.164459943084289
RNU7-21P,Pseudogene,RNU7,1.2885298434716357,0.264999985694885,0,0.02,0.5204672088127417,0.8830480565218325
RN7SKP23,Pseudogene,RN7SK,1.1540406889388717,-0.0309999994933605,0.57,0.02,-4.21230230702332,-1.7434563486431114
RNU2-49P,Pseudogene,RNU2,1.3402902577887854,0.30799999833107,0,0.03,0.6711195018451294,1.106114062865828
RNU4-91P,Pseudogene,RNU4,1.3379131128349608,-0.0350000001490116,0.5,0.03,0.7161015525300212,1.087303626230165
RNU4-9P,Pseudogene,RNU4,1.1994572455963677,0.30799999833107,6.92,0.03,0.512569325162832,0.7673107480013633
RNU6-721P,Pseudogene,RNU6,1.8524950793099453,-0.296000003814697,0,0.03,0.5365847058853751,1.0398849736736862
RNU6-82P,Pseudogene,RNU6,1.201092019879696,-0.168999999761581,17.18,0.03,0.5828618762666727,0.6574332836522502
RNU1-125P,Pseudogene,RNU1,1.4539932308537364,-0.0579999983310699,205.51,0.04,0.6701663835781625,1.0791933187694214
RNU6-1060P,Pseudogene,RNU6,1.136168126913226,0.486000001430511,0,0.04,0.29111458356437975,0.08304450596620516
RNU6ATAC24P,Pseudogene,RNU6ATAC,0.9005184413312235,0.298000007867813,31.44,0.04,0.8543079720901805,1.133844589358976
RN7SL145P,Pseudogene,RN7SL,1.1851900528524355,-0.028999999165535,18.37,0.04,0.01836778979708701,-0.23952685403397017
RN7SL288P,Pseudogene,RN7SL,1.0503838078561547,-0.10700000077486,19.7,0.04,-0.03861649937280058,-0.4738348420225343
RN7SL558P,Pseudogene,RN7SL,1.103597612047104,-0.141000002622604,16.56,0.04,0.1895257403154453,0.17949686040356946
RN7SKP255,Pseudogene,RN7SK,1.3871518664960656,0,81.36,0.04,0.2527639830610925,0.1309703417816714
RN7SL246P,Pseudogene,RN7SL,1.2203937177886468,0.206000000238419,16.36,0.05,0.2510357146553436,0.38242481765375236
RN7SL396P,Pseudogene,RN7SL,1.1538846468583135,0.145999997854233,23.71,0.05,0.19149786582910344,-0.1394323603023032
RN7SL431P,Pseudogene,RN7SL,0.7744036806951412,-0.135000005364418,23.09,0.05,-0.21543619253704765,-0.8991308485421909
RN7SL674P,Pseudogene,RN7SL,0.8967760270295874,-0.304000005125999,39.15,0.05,0.30088245602278657,-0.19464383551687092
RNU7-77P,Pseudogene,RNU7,1.8524950793099453,0.214000001549721,0.68,0.05,0.47115900459379156,1.0680846049830468
RNU6-1189P,Pseudogene,RNU6,0.9738583944970508,0.30799999833107,19.6,0.06,0.47692737226833126,0.3510342830610214
RNU6-1235P,Pseudogene,RNU6,0.3246194648323502,0.291999995708466,0,0.06,0.7588721057541092,0.4100425495627624
RNU6-816P,Pseudogene,RNU6,0.3570814113155853,-0.203999996185303,0,0.06,0.8953586918355743,0.5926483324982771
RN7SL331P,Pseudogene,RN7SL,0.3093741782248391,0.187000006437302,1.35,0.06,0.8292091111161541,0.6272281073708506
RN7SL368P,Pseudogene,RN7SL,1.0407745368866796,0.206000000238419,19.63,0.06,-0.9006591234429219,-1.4234345483863067
RN7SL4P,Pseudogene,RN7SL,1.1421103137271065,0.0850000008940697,599.31,0.06,-0.8775365870011897,-1.3282296836284946
RN7SL731P,Pseudogene,RN7SL,1.2447439206114184,0.146999999880791,39.68,0.06,0.2364038873330393,0.36038900042948896
RN7SL81P,Pseudogene,RN7SL,1.2642746590118163,-0.155000001192093,44.03,0.06,0.2757422291041579,0.1685760929699401
RNU6-29P,Pseudogene,RNU6,1.103706180429991,0.486999988555908,0,0.07,0.3744406286008406,0.2553549862617931
RNU6-521P,Pseudogene,RNU6,0.2646421541871351,0.296000003814697,0,0.07,0.7647321853794781,0.46738294459198443
RNU6-631P,Pseudogene,RNU6,0.2921575183491152,-0.175999999046326,0,0.07,0.9195227716256149,0.6210210703984637
RNU6-941P,Pseudogene,RNU6,0.2572909832374924,-0.280499994754791,0,0.07,0.9463362575315071,0.5638642780946872
RN7SL359P,Pseudogene,RN7SL,0.9286596426228244,0.305000007152557,42.08,0.07,-0.43300495702973696,-0.5841442033117804
RN7SL657P,Pseudogene,RN7SL,1.6952226728326931,0.105999998748302,40.23,0.07,0.027599136041797197,0.3525463675927964
RN7SKP2,Pseudogene,RN7SK,0.9799640897603552,0.194999992847443,0.22,0.07,-10.410244550316497,2.6810225822579272
RN7SKP95,Pseudogene,RN7SK,1.3870786175526202,0.305000007152557,16.71,0.07,0.34138303808641374,0.5065545071228359
RN7SL128P,Pseudogene,RN7SL,1.355206441216497,0.211999997496605,53.07,0.08,-0.7391772479621084,-0.8916060528030819
RN7SL449P,Pseudogene,RN7SL,1.2023405562828977,0.30799999833107,18.44,0.08,-0.29814715699890415,-0.550806050932589
RN7SL648P,Pseudogene,RN7SL,0.9116306764876602,0.29899999499321,35.23,0.08,-0.4797956896376968,-0.6822072876662776
RN7SKP1,Pseudogene,RN7SK,1.2106085514220124,0.211999997496605,0.16,0.09,-7.001634549689168,1.8421543200372585
RNU6-252P,Pseudogene,RNU6,1.006320340980286,0.492000013589859,0,0.11,0.2689868373938043,0.03497206814746992
RN7SL192P,Pseudogene,RN7SL,1.1732985138606051,0.30799999833107,21.5,0.12,0.1501898475168242,0.19831744902659218
RN7SL698P,Pseudogene,RN7SL,1.0926347218612056,0.30799999833107,39.51,0.12,-0.23875787093568074,-0.7109927319068221
RN7SKP40,Pseudogene,RN7SK,1.0190636670790765,0.502999991178513,0.66,0.13,0.7790669335233047,1.1374892765025837
RNU6-25P,Pseudogene,RNU6,1.882792896027632,-0.293999999761581,0,0.21,0.08902673663037929,0.03022946226305199
RN7SL317P,Pseudogene,RN7SL,1.84756823069476,0.365000009536743,0.12,0.21,-2.099614973388981,-1.8206383419891756
RN7SL702P,Pseudogene,RN7SL,0.1665342323009797,0.296000003814697,0.25,0.21,0.10489199666267471,-0.6727342537409743
RNU6-255P,Pseudogene,RNU6,0.1984816156403513,0.0549999997019768,0.27,0.22,0.7192702058052347,0.28952425762282175
RN7SL656P,Pseudogene,RN7SL,0.0370828641320941,0.224000006914139,8.22,0.22,0.6795353350671768,0.25656490849140146
RNU2-57P,Pseudogene,RNU2,0.0727419533760449,-0.0829999968409538,0,0.23,-0.07544171228415225,-0.7263985847889205
RNU6-1314P,Pseudogene,RNU6,0.2003900927138162,0.293999999761581,0,0.23,0.9205429171479812,0.7027857339205084
RNU6-303P,Pseudogene,RNU6,0.1966091475682725,0.272000014781952,0,0.23,0.9694012389846769,0.8265675117665761
RN7SL199P,Pseudogene,RN7SL,0.024721909421396,0.231000006198883,1.55,0.23,0.6222293704426987,0.10282585952971889
RN7SL640P,Pseudogene,RN7SL,0.0532326172215501,0.28999999165535,0.02,0.24,0.14620736793838754,-0.5779681738963036
RN7SL722P,Pseudogene,RN7SL,0.1100734312089976,0.287000000476837,0.16,0.24,-0.35125104857828593,-1.0410489580066746
RN7SL544P,Pseudogene,RN7SL,0.0366911437363325,0.277999997138977,0.16,0.25,0.5307694124957218,-0.06334104196088793
RN7SL763P,Pseudogene,RN7SL,0.0244607624908883,0.281499996781349,0.1,0.25,0.5313448735986983,-0.07449990854601739
RNU6-1071P,Pseudogene,RNU6,0.0687807578951712,0.252999991178513,0,0.26,0.9418155834474957,0.6098705984631689
RNU6-1076P,Pseudogene,RNU6,0,0.254999995231628,0.07,0.26,0.9295456834710311,0.5101026806429898
RNU6-109P,Pseudogene,RNU6,0,0.221000000834465,0,0.26,0.9499005339367551,0.5290313129300227
RNU6-1171P,Pseudogene,RNU6,0,0.273999989032745,0,0.26,0.9663224333144916,0.612170293644862
RNU6-1239P,Pseudogene,RNU6,0.097385839449705,-0.23199999332428,0,0.26,1.0119624451309188,0.6219587190327476
RNU6-1268P,Pseudogene,RNU6,0.1623097324161751,-0.203999996185303,0,0.26,0.9814967628228615,0.6193449596865053
RNU6-184P,Pseudogene,RNU6,0,0.242499999701977,0,0.26,0.9515685414466459,0.5416217902595405
RNU6-18P,Pseudogene,RNU6,0.1947716788994101,0.0850000008940697,0,0.26,0.7757231082098849,0.2434681987615328
RNU6-465P,Pseudogene,RNU6,0.0687807578951712,0.277999997138977,0,0.26,0.9373390099937238,0.6079823480175641
RNU6-749P,Pseudogene,RNU6,0.1623097324161751,-0.196999996900558,0,0.26,0.9562568115613292,0.5774158506411923
RNU6-785P,Pseudogene,RNU6,0.033398348785636,0.254999995231628,1.45,0.26,0.9239566074254286,0.5291953405500504
RN7SKP282,Pseudogene,RN7SK,0.1045513527202519,0.0099999997764825,0.64,0.26,0.9874180442714111,0.6592716116297173
RNU6-458P,Pseudogene,RNU6,2.142488467893512,-0.284000009298325,0,0.27,0.4150088770440158,1.0219587856337116
RNU1-114P,Pseudogene,RNU1,2.050578137489172,-0.0525000002235174,0,0.28,0.4233562847182526,1.0406500958467644
RN7SL429P,Pseudogene,RN7SL,2.040444411908096,-0.122000001370907,0,0.28,0.4364663975864902,1.037457086968835
VTRNA2-1,Functional,VTRNA,1.9809395623480377,-0.0165000003762543,1.45,0.29,0.4475576537013242,1.0471088717509354
RN7SL417P,Pseudogene,RN7SL,1.9791987521872767,-0.172000005841255,6.37,0.29,0.4682057216180475,1.0386374102369569
RNU1-41P,Pseudogene,RNU1,0,0.005499999737367,0.41,0.36,1.2647066530117463,1.175307822843176
RNU1-48P,Pseudogene,RNU1,0.042881830539582,-0.0410000011324883,0.41,0.36,1.2529216818684585,1.1699879763710934
RNU6-789P,Pseudogene,RNU6,1.9750866654407508,-0.166999995708466,0,0.37,0.28568646428399486,0.6681298187441157
RNU6-34P,Pseudogene,RNU6,2.012640681960572,-0.152999997138977,0,0.38,0.11006611126290419,0.24856213501240204
RNU1-107P,Pseudogene,RNU1,0.0225547290500399,-0.368000000715256,0,0.39,1.3032849577927383,1.1532101561980492
RNU1-128P,Pseudogene,RNU1,0,-0.0200000004842877,0,0.39,1.2679794727540232,1.1738967362237034
RNU1-40P,Pseudogene,RNU1,0,-0.116500001400709,0,0.39,1.280358516544676,1.1685613017870606
RNU1-86P,Pseudogene,RNU1,0.0451094581000798,-0.295000001788139,0,0.39,1.284584459660982,1.1558004453123247
RNU1-95P,Pseudogene,RNU1,0,0.0090000003110617,0,0.39,1.2642593455378015,1.1755001310572453
RNU1-97P,Pseudogene,RNU1,0,-0.0500000007450581,0,0.39,1.271827880146986,1.1722380519442157
RNU6-328P,Pseudogene,RNU6,2.424846153342028,-0.225499995052814,0,0.39,0.04002109365582193,0.4226826874359294
RN7SL725P,Pseudogene,RN7SL,0.0134109199756994,-0.163000002503395,0,0.39,1.2807723889596594,1.1651306509574613
RN7SL818P,Pseudogene,RN7SL,0,-0.164000004529953,0,0.39,1.2864518285986555,1.165935051527686
RN7SKP159,Pseudogene,RN7SK,2.105468508376672,-0.178000003099442,0,0.39,0.0894077110480412,0.3195142397644531
RNU6-12P,Pseudogene,RNU6,1.5581734311952813,0.555999994277954,0,0.4,0.1454659128290498,0.16797641567488447
RNU6-42P,Pseudogene,RNU6,1.5581734311952813,0.592000007629395,0.05,0.4,0.14244267841293135,0.19446641002098364
RN7SL524P,Pseudogene,RN7SL,1.933541739029756,0.146999999880791,0.3,0.4,-4.229576287350092,-7.801971678546946
RN7SKP123,Pseudogene,RN7SK,0.7877878558921161,0.734000027179718,0,0.4,-0.8965320179845324,-1.157402342625724
RNU2-63P,Pseudogene,RNU2,4.149832727006819,-0.462999999523163,44.96,0.41,-0.39310904003703473,0.8835158275712799
RNU6-231P,Pseudogene,RNU6,1.3826267885626415,0.528999984264374,0,0.41,0.2928319558622483,0.4724144357081369
RNU6-513P,Pseudogene,RNU6,1.9371042295668903,0.28600001335144,2.93,0.41,-0.2279921162043656,-0.16190014006657494
RNU6-1218P,Pseudogene,RNU6,2.315618849137432,-0.421000003814697,0,0.42,0.08287672873323439,0.3787856659007437
RNU6-830P,Pseudogene,RNU6,1.9152548425108664,0.29899999499321,0,0.42,0.2209086305581908,0.5904670400798896
RNU2-58P,Pseudogene,RNU2,1.8790677546279164,0.195999994874001,0.76,0.43,-1.6880064664839052,-2.1998289386562924
RNU6-1078P,Pseudogene,RNU6,0.6744520919817764,0.574000000953674,0,0.43,0.6741495069236721,0.6103948369008829
RNU6-36P,Pseudogene,RNU6,2.142488467893512,0.0850000008940697,0.03,0.43,-0.07023561774198933,0.05701127332543898
RN7SKP183,Pseudogene,RN7SK,0.9005184413312235,0.593999981880188,0,0.43,0.593875623955528,0.760225977503109
RN7SKP233,Pseudogene,RN7SK,1.4209479301525152,0.557000011205673,0,0.43,0.41227025888115787,0.6977496123740795
RN7SL759P,Pseudogene,RN7SL,2.0361476087242933,-0.125500001013279,0.02,0.44,-0.0063799615742060655,0.4729660160039455
RN7SKP176,Pseudogene,RN7SK,2.053473319046402,0.0850000008940697,2.99,0.44,-0.009536107202789473,0.13440103578179563
RN7SKP277,Pseudogene,RN7SK,1.2028126177498322,0.523999989032745,0,0.44,0.7003168541026012,1.1268694202656733
RNU6-1151P,Pseudogene,RNU6,1.9152548425108664,0.206000000238419,0,0.45,-1.2363539770559018,-1.6769362301333615
RN7SL5P,Pseudogene,RN7SL,1.9801787354773368,0.0149999996647239,215.75,0.46,-0.23796749602556475,-0.2339820524579848
RN7SKP12,Pseudogene,RN7SK,0.6558221216088531,0.734000027179718,0,0.46,-1.0227020979384183,-0.6461351698734935
RNU6-751P,Pseudogene,RNU6,1.3412247789558394,0.764999985694885,0,0.48,-0.5127265305557156,-0.7287280479291903
RNU6-842P,Pseudogene,RNU6,1.9477167889941016,0.146999999880791,0,0.49,0.028251783913127927,0.11904611643529281
RNU4ATAC12P,Pseudogene,RNU4ATAC,1.106578919056826,0.592999994754791,0.62,0.49,0.7312968359056787,1.1368551567785201
RN7SL123P,Pseudogene,RN7SL,1.9151436714612664,0.25,0.23,0.49,-4.0926531441271905,-6.914282171537583
RNU1-52P,Pseudogene,RNU1,1.1225103567464991,0.622500002384186,0,0.5,0.7209206255719286,1.1374631097841934
RNU6-1059P,Pseudogene,RNU6,1.205066952102133,0.947000026702881,0,0.5,0.44339331950340394,0.7833763629009295
RNU4ATAC10P,Pseudogene,RNU4ATAC,0.8256509830940844,0.737000018358231,0,0.5,0.8291110274736364,1.1628235523925297
RNU5F-1,Functional,RNU5,4.92811190970274,-0.423000007867813,3.73,0.51,-0.7202237331476821,0.8357156238292636
RNU6-194P,Pseudogene,RNU6,2.2163780413172565,0.0120000001043081,0,0.51,-1.2133789906104258,-1.8274351949224072
RNU4ATAC2P,Pseudogene,RNU4ATAC,0.9648411871405967,0.75,0,0.51,0.7698286239001886,1.1546197015918322
RN7SKP80,Pseudogene,RN7SK,2.0742380857114453,0.0769999995827675,4.44,0.51,-0.5021801217210097,-0.8661752948169664
RNU4ATAC13P,Pseudogene,RNU4ATAC,1.1026756424463962,0.865000009536743,0,0.53,0.24690478980024289,0.2782092293101067
RN7SL275P,Pseudogene,RN7SL,1.9803725381429085,0.0640000030398369,0.06,0.53,-3.056410392878622,-4.988984885136504
RNU2-4P,Pseudogene,RNU2,1.3025356026398056,0.78600001335144,1.35,0.54,-0.3039171749227131,0.4362068140155165
RNU6-693P,Pseudogene,RNU6,0.6817008761479356,0.801999986171722,0.67,0.54,0.8803551021744709,1.1756470761933184
RNU4ATAC16P,Pseudogene,RNU4ATAC,1.3507776619968357,0.663500010967255,2.33,0.54,0.6211653296133578,1.1251040380730946
VTRNA1-1,Functional,VTRNA,2.631385055837991,0.115000002086163,0,0.54,-0.032696294247248986,0.8138607100854122
RN7SL52P,Pseudogene,RN7SL,2.3604635803707272,-0.0590000003576279,0,0.54,-1.2227033335300632,-1.149815242114209
RN7SL96P,Pseudogene,RN7SL,2.160153272693576,0.101000003516674,0.39,0.54,-4.859434489061784,-7.588156784590481
RNU6-202P,Pseudogene,RNU6,0.9407201574620816,0.87950000166893,0,0.55,0.7632007084149814,1.1633259370315434
RNU6-417P,Pseudogene,RNU6,1.9477167889941016,0.177000001072884,0,0.55,-0.21437412451475818,-0.2687436360899969
RNU4ATAC11P,Pseudogene,RNU4ATAC,1.2956438798745156,0.754999995231628,2.54,0.55,0.6322482640424104,1.1336979231571374
RNU4ATAC18P,Pseudogene,RNU4ATAC,1.4059114441191551,0.784000009298325,2.21,0.55,0.2860902120559324,0.5846813353434442
RNU4ATAC4P,Pseudogene,RNU4ATAC,0.6616053854678376,0.838499993085861,0,0.55,0.8839936990443928,1.1789513694700746
RNU4ATAC9P,Pseudogene,RNU4ATAC,1.3783445530579952,0.825999975204468,0,0.55,0.5889185884807601,1.1323145871610325
RNU6ATAC23P,Pseudogene,RNU6ATAC,0.7906991192176597,0.880999982357025,0,0.55,0.8251062419108575,1.1730257801482935
RNU4-63P,Pseudogene,RNU4,1.707278304025056,0.819499999284744,0,0.56,0.4535974228856168,1.1108693225045647
RNU4-86P,Pseudogene,RNU4,2.236316833756013,0.140000000596046,0.11,0.56,-1.9592823905055883,-2.5966251687033206
RNU6-758P,Pseudogene,RNU6,2.224555186530904,0.30799999833107,0.63,0.56,-0.28926658487838314,-0.14804642421708403
RNU4ATAC5P,Pseudogene,RNU4ATAC,1.1026756424463962,1.06950002908707,0,0.56,-0.5281861675038669,-1.0514557460116185
RNU11-4P,Pseudogene,RNU11,0.9924080782017566,0.885999977588654,0.89,0.56,0.7409681647860277,1.160374543833602
RNU6-437P,Pseudogene,RNU6,1.9743697555803368,0.305000007152557,0.28,0.59,-0.5137242496483789,-0.9396940039565973
RN7SL850P,Pseudogene,RN7SL,2.124639974981768,0.165000006556511,0,0.59,-3.6101376231281024,-6.266829002095906
RN7SKP253,Pseudogene,RN7SK,1.0004372697729682,0.791999995708466,3.04,0.59,0.7496942205558604,1.1546689517186388
RNU6-1077P,Pseudogene,RNU6,2.00913988381042,0.277999997138977,0,0.61,-0.4177748433540378,-0.5141266531531231
RNU6-1194P,Pseudogene,RNU6,1.2691372538541694,1.66500002145767,0,0.62,0.24193245511136574,0.5647973587338438
RN7SL134P,Pseudogene,RN7SL,2.5219611228229457,0.152999997138977,0.43,0.62,-4.415444208238651,-7.401652969520109
RN7SKP261,Pseudogene,RN7SK,2.423903183809326,0.263999998569489,0.05,0.62,-0.45570025542265974,-0.4078731757392418
RNU1-108P,Pseudogene,RNU1,2.416297929534712,0.449000000953674,3.46,0.63,-0.23650783268619793,0.15710611488745768
RNU6-319P,Pseudogene,RNU6,2.026166492995253,0.214000001549721,0,0.63,0.13584960571097798,0.44971676807188854
RN7SL584P,Pseudogene,RN7SL,1.9647675083590328,0.266999989748001,0,0.64,-1.581118212953039,-1.8837399292604307
RN7SL787P,Pseudogene,RN7SL,2.066934430480067,0.293999999761581,0.09,0.64,-1.1278762250069916,-1.0736527502801627
RN7SL318P,Pseudogene,RN7SL,2.0115476871294864,0.305000007152557,0.19,0.65,-1.578440064405859,-1.9369655782382285
RN7SL381P,Pseudogene,RN7SL,2.0397649258341475,0.305000007152557,12.82,0.65,-0.5667483744671714,-0.6215431813073969
RN7SL774P,Pseudogene,RN7SL,2.060102286473992,0.316000014543533,0.23,0.66,-4.358020991542426,-7.416891013995213
RNU6-397P,Pseudogene,RNU6,2.003900927138162,0.253000006079674,0,0.67,0.40348768669160134,1.0605332148236175
RNU6-457P,Pseudogene,RNU6,2.304798200309687,0.305000007152557,0,0.67,-0.05398064714027198,0.3362213674552009
RN7SL440P,Pseudogene,RN7SL,2.136715352046639,0.282999992370605,0.31,0.67,-3.422375868815134,-6.250416282283018
RNU6ATAC20P,Pseudogene,RNU6ATAC,1.0392934992191625,3.83100008964539,0.41,0.68,-0.8511765409298555,-0.28546238464596796
RNU6ATAC27P,Pseudogene,RNU6ATAC,0.700523349318887,4.58400011062622,1.24,0.68,-0.38458679326081696,-0.07065554060650993
RNU7-1,Functional,RNU7,5.568511994354301,0.118000000715256,1.53,0.68,-6.198374381735261,0.28652067642768
RNU6ATAC29P,Pseudogene,RNU6ATAC,1.1948593261549147,3.97699999809265,0.54,0.69,-1.0132003261738827,-1.0198945495451353
RNU4ATAC15P,Pseudogene,RNU4ATAC,1.0751087513852364,1.42249995470047,0,0.7,0.63791730074722,1.1847333078430795
RNU6ATAC26P,Pseudogene,RNU6ATAC,0.8545736228959571,5.06799983978271,0,0.7,-1.2430631753549488,-0.8109818822218896
RNU6ATAC30P,Pseudogene,RNU6ATAC,1.281182559973579,3.994500041008,0.2,0.7,-0.5924839697506827,-0.3346379426344685
RNU6ATAC37P,Pseudogene,RNU6ATAC,1.2196771037441436,3.84699988365173,0,0.7,-0.9823282997560602,-0.6535646841659769
RNU6ATAC41P,Pseudogene,RNU6ATAC,1.0199749692629163,3.64549994468689,0,0.7,-0.6588058653333959,-0.48173015741319747
RNU11-3P,Pseudogene,RNU11,0.9924080782017566,1.46899998188019,3.95,0.7,0.22963040821805805,0.2539627101074344
RNU12-2P,Pseudogene,RNU12,0.9796848977119904,3.99199998378754,1.99,0.7,-0.2235969546441641,0.18430462298008432
RNU11-6P,Pseudogene,RNU11,1.1229880884914614,1.43599998950958,1.99,0.71,0.6163587785802384,1.182416321571574
RNU1-4,Functional,RNU1,0.0211794406933301,0.266000002622604,4585.69,0.72,0.6502122055873377,0.3169708080055362
RNU6ATAC8P,Pseudogene,RNU6ATAC,1.0199749692629163,4.30100011825562,0,0.72,-0.11811114425046146,0.5182869038615409
RN7SL471P,Pseudogene,RN7SL,1.568270290803779,0.677999973297119,640.66,0.72,-1.0888089151146845,-0.6575307147166822
RNU6ATAC16P,Pseudogene,RNU6ATAC,0.9312814936748368,1.56450003385544,2.28,0.74,0.67922636011713855,1.2018109840760371
RN7SL3,Functional,RN7SL,1.4637189380835274,0.266999989748001,100883.77,0.75,-34.370361318650964,12.260506186802152
RNU1-61P,Pseudogene,RNU1,2.461303478718926,0.397000014781952,0.15,0.76,0.19568286332682555,1.0391741253423052
RNU6ATAC18P,Pseudogene,RNU6ATAC,1.10049212632274,2.10999989509583,0.99,0.76,0.5392137020402045,1.221120559220851
RNU6ATAC2P,Pseudogene,RNU6ATAC,1.3783445530579952,4.34450006484985,1.25,0.76,0.13755943182614852,1.3268542853977368
RNU6ATAC6P,Pseudogene,RNU6ATAC,1.2956438798745156,3.93299996852875,1.06,0.76,0.22457968862647243,1.309403525136346
RNU1-3,Functional,RNU1,0,0.446000009775162,3848.22,0.77,0.6989047100460727,0.4960380436639906
RNU6ATAC4P,Pseudogene,RNU6ATAC,0.9372742960794368,4.60549998283386,0.24,0.77,0.28665387669418196,1.3695561196770702
RNU6ATAC11P,Pseudogene,RNU6ATAC,1.3615838832928102,4.96299982070923,0,0.78,0.06516094874908687,1.3621215604271488
RNU6ATAC15P,Pseudogene,RNU6ATAC,1.0334166764745565,3.10999989509583,0,0.78,0.43870192357341786,1.2807069124826695
RNU6ATAC21P,Pseudogene,RNU6ATAC,0.909707405018277,3.2335000038147,0,0.78,0.47406606616012525,1.2954653959725069
RNU6ATAC25P,Pseudogene,RNU6ATAC,1.157809424568716,2.03200006484985,0,0.78,0.5254983291052745,1.213130826612239
RNU6ATAC31P,Pseudogene,RNU6ATAC,0.9372742960794368,3.08400011062622,0,0.78,0.2905754544612387,1.0294244350645652
RNU6ATAC33P,Pseudogene,RNU6ATAC,0.9372742960794368,4.03550004959106,0,0.78,0.359774587546585,1.3380404169764526
RNU6ATAC34P,Pseudogene,RNU6ATAC,1.0908287140564763,5.07399988174438,0,0.78,0.16299505710941325,1.3856151151704854
RNU6ATAC38P,Pseudogene,RNU6ATAC,1.0751087513852364,4.13849997520447,0,0.78,0.058328518786326354,1.0493663245653901
RNU6ATAC3P,Pseudogene,RNU6ATAC,1.130242533507556,5.24600005149841,0,0.78,0.1246163383661181,1.3925983410183853
RNU6ATAC5P,Pseudogene,RNU6ATAC,1.157809424568716,4.0475001335144,0,0.78,0.2669494858604816,1.3245667682836009
RNU6ATAC7P,Pseudogene,RNU6ATAC,1.285441959560543,3.92899990081787,0,0.78,0.06474456819669974,1.0523437869136683
NMTRS-TGA3-1,Functional,TRNA,0.9564512637741568,3.51699995994568,0,0.78,0.418350016853931,1.3081435035773594
VTRNA1-3,Functional,VTRNA,2.029418766659772,0.328999996185303,1.76,0.8,0.3831686500878945,1.0631045980119307
RN7SKP70,Pseudogene,RN7SK,1.3586103210806335,2.08200001716614,4.48,0.8,0.4359488662262627,1.2030363754642168
RNU5E-4P,Pseudogene,RNU5,3.9365520435336334,0.38400000333786,0,0.83,-0.41329599122653926,0.9438859668925839
RN7SK,Functional,RN7SK,3.3251721888528367,0.194999992847443,344.31,0.83,-23.008559364758664,8.119404110097028
VTRNA1-2,Functional,VTRNA,3.161210001912337,0.405000001192093,0,0.87,-0.09505387291332282,0.9947493721694904
RNU5A-8P,Pseudogene,RNU5,4.143738993193299,0.683499991893768,0,0.88,-0.5374764624089504,0.9471637053493509
RNU6-1334P,Pseudogene,RNU6,0.0992408078201756,1.81200003623962,0,0.89,0.9918914810327933,1.2688253502068767
RNU6ATAC10P,Pseudogene,RNU6ATAC,1.345562304228508,3.58699989318848,16.48,0.89,0.24823907692729608,1.2871187237131905
MT-TF,Functional,TRNA,0,1.69700002670288,0,0.89,1.0477222880570944,1.2688287671643588
NMTRQ-TTG12-1,Functional,TRNA,1.9779244336382231,2.12349998950958,0,0.91,0.174291895410481,1.165617368279056
RNU5E-6P,Pseudogene,RNU5,4.288928824924113,0.725000023841858,2.52,0.92,-0.6029085606836054,0.9401584150253323
RNU1-1,Functional,RNU1,3.388710510932828,0.328999996185303,3848.22,0.94,-2.448309550207589,-0.1790754663232435
RNU6-7,Functional,RNU6,2.8241893440414474,2.88700008392334,0.47,0.95,-9.24826766821591,2.3140963842882365
MT-TD,Functional,TRNA,0,1.89650005102158,16.51,0.95,1.0220629886897865,1.2799075414357945
MT-TL1,Functional,TRNA,0,3.49600005149841,0,0.96,0.8169461235509687,1.3682945349639724
RNU2-1,Functional,RNU2,2.235557559140659,0.808000028133392,5154.1,0.97,-1.744210304779905,-0.9199791405802662
RNU6-1,Functional,RNU6,3.733123845572029,2.71600008010864,0.98,0.97,-35.130620825430356,13.56047433908852
RNU5A-1,Functional,RNU5,4.126551538847475,1.55200004577637,3.54,0.98,-0.6417879377257342,0.9962948019361184
RNU6-2,Functional,RNU6,4.122667203370849,2.47699999809265,0.98,0.98,-9.861344535904905,2.1303748129439706
RNU6-8,Functional,RNU6,3.8954335779882032,1.48800003528595,1.75,0.98,-8.217109929120612,1.7056188532953498
RNU6-9,Functional,RNU6,4.9342158654517245,2.90599989891052,0.98,0.98,-10.622979924526323,2.371409251700106
RNY3,Functional,RNY,3.166949308379135,1.97699999809265,1.8,0.98,-3.1541082468305115,-0.8929878773588098
RNY4,Functional,RNY,2.7136158388329283,2.55200004577637,0,0.98,-4.019282391893845,0.07513120099795546
RNU1-2,Functional,RNU1,3.367531070239497,0.284000009298325,3848.22,0.99,-0.44956950764335385,0.8041151940361813
RNU5D-1,Functional,RNU5,5.142035973819886,2.70050001144409,6.68,0.99,-1.2094683440342906,0.9947076385480056
RNU5E-1,Functional,RNU5,5.425437551491421,1.02399998903275,6.33,0.99,-1.6816691482130766,-0.20748035188617758
RNU11,Functional,RNU11,4.013739338504882,5.12800002098083,15.59,0.99,-1.5548809785394337,0.3675083684352978
RNU1-27P,Pseudogene,RNU1,0,0.898999989032745,6836.16,1,1.1221874203374131,1.2447991029503418
RNU1-28P,Pseudogene,RNU1,0,1.32599997520447,6836.16,1,1.067411757360933,1.2684077082252763
RNU2-2,Functional,RNU2,4.9828238062590815,1.35500001907349,37897.85,1,-3.7975217386071995,-1.7020182718499806
RNU4-1,Functional,RNU4,4.5274340946928415,2.8840000629425,2273.06,1,-2.2713834832064315,-0.6630454274288764
RNU4-2,Functional,RNU4,3.928567150950402,2.83999991416931,9032.84,1,-2.384561595000037,-0.8057656987423637
RNU5B-1,Functional,RNU5,4.215613802275837,2.5200001001358,17.2,1,-0.8028843670415099,1.044145939317158
RNU4ATAC,Functional,RNU4ATAC,4.836080904160099,3.65599989891052,21.99,1,-2.374850604554325,-0.5524884537191199
RNU6ATAC,Functional,RNU6ATAC,4.245301223418625,7.1085000038147,167.93,1,-5.654595984770974,0.49833506337296274
RNU12,Functional,RNU12,4.492300567326618,6.10249996185303,89.68,1,-1.948661312853935,0.07607896940305267
RNY1,Functional,RNY,3.87302621669889,2.04900002479553,461.11,1,-3.0727658390618506,-0.6526458675111959
MT-TA,Functional,TRNA,0,1.93099999427795,848.15,1,1.0142429011001004,1.2842591987498155
MT-TC,Functional,TRNA,0,1.03649997711182,850.15,1,1.1289814195272478,1.2348086399244074
MT-TE,Functional,TRNA,0,1.73800003528595,134.35,1,1.0419144331979509,1.2714904881329376
MT-TG,Functional,TRNA,0,0.828999996185303,306.57,1,1.1578182471062533,1.2217385039204876
MT-TH,Functional,TRNA,0,1.03799998760223,1153.94,1,1.1275490468760427,1.2357844075319842
MT-TI,Functional,TRNA,0,3.79900002479553,415.64,1,0.7763807341316826,1.386268802321599
MT-TK,Functional,TRNA,0,1.44749999046326,31.43,1,1.0795999290513811,1.255126413172548
MT-TL2,Functional,TRNA,0,4.61299991607666,112.81,1,0.6731966609863266,1.430384417976221
MT-TM,Functional,TRNA,0,5.76999998092651,34.77,1,0.5250949373294668,1.4941249866981443
MT-TN,Functional,TRNA,0,1.98199999332428,656.69,1,1.0084820729019828,1.2865162647864152
MT-TP,Functional,TRNA,0,0.754499971866608,300.57,1,1.1673996181350335,1.2176018027694142
MT-TQ,Functional,TRNA,0,2.08150005340576,363.47,1,0.9969149891529598,1.2911558031278434
MT-TR,Functional,TRNA,0,2.04900002479553,400.09,1,1.0009346324021586,1.2894665190494305
MT-TS1,Functional,TRNA,0,3.55900001525879,2004.02,1,0.8006848536730854,1.37766754514504
MT-TS2,Functional,TRNA,0,1.0900000333786,99.13,1,1.125183786554086,1.235559397017087
MT-TT,Functional,TRNA,0,1.18999999761581,229.69,1,1.1118228721948133,1.2414720558532442
MT-TV,Functional,TRNA,0,1.23300004005432,31.01,1,1.1071177495846458,1.2432655890474522
MT-TW,Functional,TRNA,0,2.15200006961823,136.41,1,0.9887979991251963,1.2943863871884569
MT-TY,Functional,TRNA,0,2.32850003242493,1314.03,1,0.9613499603186366,1.3076059794963757
RN7SL1,Functional,RN7SL,3.1597742155453923,0.28600001335144,2362115.65,1,-43.202831292922966,18.21414531035155
RN7SL2,Functional,RN7SL,2.8945235614217903,0.305000007152557,3901077.06,1,-47.007213517033634,21.969025072783115
