Gene,Gene_Type,Gene_group,enrichment_intergenic_dbsnp,PhyloP100_median,ENCODE_max,functional_probability,Sammon1,Sammon2
RNU1-101P,Pseudogene,RNU1,1.2033924727800829,0.437000006437302,0,0,-0.3776186238451097,-0.5517179456228214
RNU1-103P,Pseudogene,RNU1,1.6116707189996529,0.30799999833107,1.58,0,-0.34083850201755544,-0.7702150458147131
RNU1-104P,Pseudogene,RNU1,1.4092194710464945,-0.23199999332428,1.04,0,-0.7118544983263472,-1.071842730863078
RNU1-105P,Pseudogene,RNU1,1.4238898513329552,-0.133000001311302,0,0,-0.6930851379335091,-1.076373605443752
RNU1-109P,Pseudogene,RNU1,1.4649833535359265,-0.0920000001788139,2.47,0,-0.6708084812353018,-1.0760127537281095
RNU1-112P,Pseudogene,RNU1,1.1648692381331596,0.146999999880791,0,0,-0.7643843180654157,-1.1084575331551012
RNU1-115P,Pseudogene,RNU1,0.6512678013199028,0.252000004053116,0,0,-0.9635082939638815,-1.1471872031135295
RNU1-117P,Pseudogene,RNU1,1.1211698858165415,0.30799999833107,0,0,-0.7618174991498801,-1.1201601795728509
RNU1-119P,Pseudogene,RNU1,1.3262180681423474,0.300000011920929,0.47,0,-0.6779682820349037,-1.106573621210744
RNU1-123P,Pseudogene,RNU1,1.128864188954498,-0.211499996483326,0.12,0,-0.8252745803166278,-1.090942791664485
RNU1-124P,Pseudogene,RNU1,1.4851900204812496,0.204999998211861,1.32,0,-0.6243487263056292,-1.091134820257056
RNU1-129P,Pseudogene,RNU1,1.0399485849419603,-0.152999997138977,1.38,0,-0.8545693377481233,-1.099883013329457
RNU1-130P,Pseudogene,RNU1,0.8466481417158735,0.30799999833107,0,0,-0.8754516624047192,-1.1377584319793492
RNU1-131P,Pseudogene,RNU1,1.4023157626763951,-0.196999996900558,0,0,-0.7102272815434294,-1.0742162644340978
RNU1-132P,Pseudogene,RNU1,0.8048187463465466,0.305000007152557,0.16,0,-0.8931501751755389,-1.1402759831863338
RNU1-133P,Pseudogene,RNU1,0.7695619528570508,0.26800000667572,0,0,-0.9124896764801138,-1.1404894165943833
RNU1-134P,Pseudogene,RNU1,1.2841159072489396,0.194999992847443,2.63,0,0.3298429050148697,0.7204859767985388
RNU1-136P,Pseudogene,RNU1,1.355484204373131,0.212999999523163,0,0,-0.4959202800283344,-0.7717182266371573
RNU1-139P,Pseudogene,RNU1,1.3893713094824591,0.238000005483627,0,0,-0.6597826592419826,-1.0990987144337054
RNU1-140P,Pseudogene,RNU1,1.2630648268022358,-0.101999998092651,0,0,-0.755681016996488,-1.0883955221877708
RNU1-141P,Pseudogene,RNU1,0.8133977602982752,0.30799999833107,0.05,0,-0.34227576941222193,-0.1455982545733642
RNU1-142P,Pseudogene,RNU1,0.6707309769915321,-0.003000000026077,0,0,-0.9881633989657899,-1.1318397165945435
RNU1-143P,Pseudogene,RNU1,0.9754147891914526,-0.149999998509884,1.44,0,-0.8808984347782317,-1.104187425108579
RNU1-146P,Pseudogene,RNU1,1.1999115854621238,0.214000001549721,0.6,0,-0.7412810235377976,-1.10991617819283
RNU1-148P,Pseudogene,RNU1,1.3507776619968357,-0.0219999998807907,0.38,0,0.2853886773495473,0.3137340522341491
RNU1-149P,Pseudogene,RNU1,1.121852610141116,0.282999992370605,0.33,0,-0.3911490945695832,-0.374627090849037
RNU1-150P,Pseudogene,RNU1,1.0077230176801788,-0.197999998927116,0,0,-0.8736888952455263,-1.0994569299468484
RNU1-151P,Pseudogene,RNU1,1.5838832928100035,-0.034000001847744,0.29,0,-0.6141618420657844,-1.0715897127035308
RNU1-15P,Pseudogene,RNU1,1.2784145729612908,-0.133000001311302,0,0,-0.7533013245946418,-1.085698369333633
RNU1-16P,Pseudogene,RNU1,1.1225103567464991,0.306500002741814,4.48,0,-0.7614392672785182,-1.1200041538540078
RNU1-17P,Pseudogene,RNU1,1.2339810972377103,-0.0469999983906746,0,0,-0.7606631298534375,-1.0932996848123402
RNU1-18P,Pseudogene,RNU1,1.080151475359839,0.214000001549721,1.14,0,-0.7908518879352315,-1.1175958986769499
RNU1-19P,Pseudogene,RNU1,1.5156777921626827,-0.0240000002086162,0.75,0,-0.6411075303607262,-1.0765177662337184
RNU1-20P,Pseudogene,RNU1,1.0077230176801788,-0.20099999755621,0,0,-0.8740745942767565,-1.0992899848332653
RNU1-21P,Pseudogene,RNU1,1.3424906824753824,0.246999993920326,0.15,0,-0.6780339924203092,-1.1026006250201483
RNU1-23P,Pseudogene,RNU1,1.399019721353865,0.30799999833107,0,0,-0.6468100863495977,-1.1023523463220175
RNU1-24P,Pseudogene,RNU1,1.4314734703758671,-0.123999997973442,0,0,-0.6887931572795435,-1.07638351480125
RNU1-29P,Pseudogene,RNU1,1.2680769888133556,0.211999997496605,1.59,0,-0.7133189678828569,-1.1054399217828161
RNU1-30P,Pseudogene,RNU1,0.6392812773692297,-0.233999997377396,0.86,0,-1.0308108312147288,-1.1210866817807188
RNU1-31P,Pseudogene,RNU1,0.9275632321828916,-0.19200000166893,0.72,0,-0.9060962137408682,-1.10493091733374
RNU1-33P,Pseudogene,RNU1,0.8361956955218505,-0.114000000059605,0.44,0,-0.46942918083961194,-0.24443733009180926
RNU1-34P,Pseudogene,RNU1,1.1725585892129031,-0.29899999499321,4.09,0,-0.8183986271381181,-1.0833188553806012
RNU1-35P,Pseudogene,RNU1,1.1805115701484947,-0.17399999499321,0,0,-0.7990878688378994,-1.089705855311526
RNU1-36P,Pseudogene,RNU1,1.094656183228604,0.296000003814697,0.44,0,-0.7743316633541838,-1.121197295940758
RNU1-38P,Pseudogene,RNU1,0.9407201574620816,0.305000007152557,0,0,-0.6429068726600349,-0.9011319566599151
RNU1-39P,Pseudogene,RNU1,1.1367583441220122,-0.13400000333786,5,0,-0.8120473297093889,-1.0947392911412295
RNU1-42P,Pseudogene,RNU1,1.5630427231677666,0.266999989748001,0,0,-0.09636518700876,-0.10289557296610544
RNU1-43P,Pseudogene,RNU1,1.473575631269275,-0.0549999997019768,0,0,-0.6625143287950966,-1.0775001642633495
RNU1-44P,Pseudogene,RNU1,0.8736844124046139,-0.208000004291534,0,0,-0.93045386567976,-1.1074955090154845
RNU1-45P,Pseudogene,RNU1,1.330249126100227,0.266999989748001,0,0,-0.6805346275031787,-1.104491778377104
RNU1-46P,Pseudogene,RNU1,1.1436897974398292,0.0255000004544854,0,0,-0.7887380581260106,-1.1030961655736569
RNU1-49P,Pseudogene,RNU1,1.2451912679323929,-0.0780000016093254,0,0,-0.7599995993389708,-1.090868280554307
RNU1-51P,Pseudogene,RNU1,1.48015409390887,0.305000007152557,1.08,0,0.13915446148126687,-0.17370478477915288
RNU1-54P,Pseudogene,RNU1,0.9551927752691908,0.309499993920326,0,0,-0.8303292593134404,-1.1308814718279145
RNU1-55P,Pseudogene,RNU1,1.165137332319151,0.30799999833107,0.05,0,0.45349749035739967,0.9439919680069606
RNU1-56P,Pseudogene,RNU1,0.7836393056532164,0.0279999997001141,0.57,0,-0.7800243452725011,-0.8535852356848915
RNU1-57P,Pseudogene,RNU1,1.0043648020355127,0.319000005722046,0.37,0,-0.808755802641644,-1.128257836053816
RNU1-58P,Pseudogene,RNU1,1.2572531788261518,0.30799999833107,0.12,0,-0.7054895332192009,-1.111436158064206
RNU1-62P,Pseudogene,RNU1,1.1436897974398292,0.284000009298325,0,0,0.5300319157200334,0.4279015200551673
RNU1-63P,Pseudogene,RNU1,1.016613153279848,-0.131500001996756,0,0,-0.8614787323803236,-1.102563393586837
RNU1-65P,Pseudogene,RNU1,1.5020230372783343,-0.142000004649162,0,0,-0.6619021383664585,-1.0708674741185782
RNU1-67P,Pseudogene,RNU1,0.8048187463465466,0.214000001549721,10.7,0,-0.22830741624553996,0.2797130618119071
RNU1-68P,Pseudogene,RNU1,1.2133208353357092,-0.0645000003278255,1.44,0,-0.771453009145452,-1.093661584143086
RNU1-6P,Pseudogene,RNU1,1.0613253058546563,0.296999990940094,0.69,0,-0.5946821246303265,-0.7579312755509497
RNU1-70P,Pseudogene,RNU1,1.0589720346665086,-0.129000000655651,3.78,0,-0.8436070914211204,-1.0999972896998305
RNU1-72P,Pseudogene,RNU1,0.9534901143507074,-0.217999994754791,7.42,0,-0.8986730221674591,-1.1018482402453937
RNU1-73P,Pseudogene,RNU1,0.995433712586518,0.284000009298325,1.98,0,-0.8169367484838368,-1.1268986993008916
RNU1-74P,Pseudogene,RNU1,0.7312480576223469,-0.109999999403954,0.19,0,-0.6455186272379937,-0.7619119694706936
RNU1-75P,Pseudogene,RNU1,1.103957823425985,-0.17399999499321,0.16,0,-0.8307756979165287,-1.0946152180621729
RNU1-76P,Pseudogene,RNU1,1.2015003462505542,-0.180999994277954,0,0,-0.7912963555613192,-1.0879738436637552
RNU1-77P,Pseudogene,RNU1,1.3078958314572533,0.300999999046326,0.48,0,0.509538210798487,0.9680141515351335
RNU1-78P,Pseudogene,RNU1,1.3051669876956435,0.305000007152557,0,0,-0.49911131927933455,-0.8623249239938185
RNU1-7P,Pseudogene,RNU1,1.5037402892264422,0.214000001549721,0,0,-0.18724714833684625,-0.34838951778707483
RNU1-80P,Pseudogene,RNU1,1.4670380286460751,0.30799999833107,0,0,-0.08511874354660934,0.005652299401093305
RNU1-82P,Pseudogene,RNU1,1.4946267117159788,-0.130999997258186,0.08,0,-0.6635502859247618,-1.0719494273474144
RNU1-83P,Pseudogene,RNU1,1.3131253229864706,-0.250999987125397,2.76,0,-0.7540602568858675,-1.0769568739400959
RNU1-84P,Pseudogene,RNU1,1.080151475359839,0.0649999976158142,0,0,-0.20543548832573424,0.08941966205394569
RNU1-88P,Pseudogene,RNU1,1.13971865230983,0.282999992370605,0,0,-0.7573478869387734,-1.1175894373356683
RNU1-8P,Pseudogene,RNU1,0.7578388960813414,-0.0469999983906746,0,0,-0.4525950428048807,-0.1954998420338234
RNU1-91P,Pseudogene,RNU1,1.150706299264613,-0.229000002145767,3.22,0,-0.81846792033877,-1.0885886651686238
RNU1-93P,Pseudogene,RNU1,0.6576905607017558,-0.0790000036358833,1.08,0,-1.0033064789092363,-1.1284769952580835
RNU1-94P,Pseudogene,RNU1,1.1444243445158986,0.263999998569489,0.7,0,-0.7578345702013465,-1.11624055292583
RNU1-96P,Pseudogene,RNU1,0.8147547802520594,0.214000001549721,0,0,-0.9007126041218805,-1.1346037146481673
RNU1-98P,Pseudogene,RNU1,1.2808266759291422,-0.240000002086163,0,0,-0.7660282862628108,-1.0796267251079612
RNU2-10P,Pseudogene,RNU2,1.3334013752142089,0.119000002741814,0,0,-0.698216254873288,-1.096105412812791
RNU2-12P,Pseudogene,RNU2,1.0130832464976265,0.186000004410744,0,0,-0.8222098175592176,-1.1203423025032557
RNU2-13P,Pseudogene,RNU2,0.7684575826783514,-0.127000004053116,0.44,0,-0.7450017343422417,-0.7026886060720413
RNU2-14P,Pseudogene,RNU2,1.1638712540167198,0.238000005483627,0,0,0.44795586901747153,1.009398938167709
RNU2-16P,Pseudogene,RNU2,1.123756206199048,0.284500002861023,0,0,-0.14330277850364453,0.013519987523983779
RNU2-17P,Pseudogene,RNU2,1.078590884992962,0.421000003814697,0.29,0,-0.76494518632624,-1.1291387939393112
RNU2-18P,Pseudogene,RNU2,1.3722185772666264,-0.153499998152256,0.78,0,1.193859901387495,2.2619743544705573
RNU2-19P,Pseudogene,RNU2,0.7856563952430573,-0.300999999046326,0,0,-0.9788213070025129,-1.107997675149668
RNU2-20P,Pseudogene,RNU2,1.0547583239526523,-0.104999996721745,0,0,-0.8422885656867014,-1.101581711033212
RNU2-21P,Pseudogene,RNU2,0.6836002453570611,0.127500001341105,0,0,-0.9660964579980473,-1.1382306163630316
RNU2-22P,Pseudogene,RNU2,0.6553638252275752,0.30799999833107,1.25,0,1.0888686817332591,1.985617983364577
RNU2-23P,Pseudogene,RNU2,1.0865596138260258,0.214000001549721,0.39,0,-0.7882013718985283,-1.1171813108789244
RNU2-24P,Pseudogene,RNU2,1.457382492464118,0.398999989032745,0,0,1.5902797350023494,2.5649768036711404
RNU2-25P,Pseudogene,RNU2,1.4184680908328773,-0.0280000008642673,10.54,0,-0.6818198881179942,-1.0825550501161805
RNU2-26P,Pseudogene,RNU2,0.9638308822325962,0.305000007152557,0,0,0.6322210314266747,1.168113196515433
RNU2-27P,Pseudogene,RNU2,1.2230381245444182,-0.0794999990612268,1.38,0,-0.7693571861779755,-1.0922098966893572
RNU2-28P,Pseudogene,RNU2,1.249699061439249,-0.23199999332428,0,0,-0.7778885597484151,-1.0820648245891853
RNU2-29P,Pseudogene,RNU2,1.2129432066910355,0.284000009298325,0,0,-0.7269097025735469,-1.11295063837476
RNU2-30P,Pseudogene,RNU2,1.3056148830242968,0.165999993681908,0.46,0,2.2795399539903447,3.509494086987016
RNU2-31P,Pseudogene,RNU2,1.0756423041154524,0.0120000001043081,0,0,-0.8186362052479341,-1.1067114789297863
RNU2-32P,Pseudogene,RNU2,0.9820163705766074,-0.0799999982118607,0.08,0,-0.6476582438245405,-0.7807125108961376
RNU2-33P,Pseudogene,RNU2,1.230172513604261,-0.212999999523163,0.43,0,-0.609830443921938,-0.8055074107056103
RNU2-34P,Pseudogene,RNU2,0.8037685261468772,-0.0309999994933605,0,0,-0.9366893792602441,-1.1217658137011428
RNU2-35P,Pseudogene,RNU2,0.7827443997084278,-0.0820000022649765,0.73,0,-0.3173271977770105,0.15267411759804045
RNU2-36P,Pseudogene,RNU2,1.254798695736776,0.206000000238419,0.18,0,1.6518394039724045,2.583893856203491
RNU2-37P,Pseudogene,RNU2,0.9026988733925584,0.30799999833107,0.44,0,-0.8522503743334735,-1.1341660594117515
RNU2-38P,Pseudogene,RNU2,0.9233163765547988,-0.0149999996647239,0,0,-0.8851503670239355,-1.1149845361240298
RNU2-39P,Pseudogene,RNU2,0.6139898463621979,-0.010499999858439,0,0,-1.0126140243237827,-1.1350613533087088
RNU2-3P,Pseudogene,RNU2,1.327540649112821,0.214000001549721,0,0,-0.6884552328870109,-1.101733596319494
RNU2-40P,Pseudogene,RNU2,1.4177258260025094,0.156000003218651,0,0,-0.658563871127437,-1.0927446582731066
RNU2-41P,Pseudogene,RNU2,0.8781138894200936,-0.0050000001210719,0,0,-0.9025803090493186,-1.118436149339337
RNU2-42P,Pseudogene,RNU2,1.4139619521281666,-0.209999993443489,3.41,0,-0.7070608601279947,-1.0727624122793429
RNU2-43P,Pseudogene,RNU2,1.2979653022796658,-0.0685000009834766,0.04,0,-0.7369373452457328,-1.0880091445693256
RNU2-44P,Pseudogene,RNU2,1.342820208907016,0.239999994635582,2.44,0,-0.6787866568612554,-1.1021993948017044
RNU2-45P,Pseudogene,RNU2,1.1144689648255022,-0.0920000001788139,0,0,0.030767464653125593,0.513703482728129
RNU2-46P,Pseudogene,RNU2,1.13731722236396,0.212999999523163,0.44,0,-0.7673219784392963,-1.1138742941421529
RNU2-47P,Pseudogene,RNU2,1.6246680635077144,0.0060000002849847,0,0,-0.12171235719637336,-0.33095207616952077
RNU2-48P,Pseudogene,RNU2,1.327540649112821,0.30799999833107,0.12,0,-0.6763952003690139,-1.1069318235916104
RNU2-50P,Pseudogene,RNU2,1.4088030760486474,0.214000001549721,0,0,-0.6548197538566662,-1.0965260121644287
RNU2-51P,Pseudogene,RNU2,1.0226337049490182,0.30799999833107,0.54,0,-0.4874013486552054,-0.4442893858253616
RNU2-53P,Pseudogene,RNU2,0.9451505506683398,0.0579999983310699,0,0,-0.3544476732583614,-0.15040332018885383
RNU2-54P,Pseudogene,RNU2,1.2614028993985489,-0.160000003874302,0.96,0,-0.7638035828440882,-1.0852993896919778
RNU2-56P,Pseudogene,RNU2,1.0968720864335204,0.30799999833107,0,0,-0.771876087851384,-1.1217172660539885
RNU2-59P,Pseudogene,RNU2,1.545766509240956,0.146999999880791,0.4,0,0.07106351914237087,0.06227947391685446
RNU2-5P,Pseudogene,RNU2,1.2542935432827758,0.30799999833107,1.5,0,-0.23916240566442679,-0.20054249039222188
RNU2-60P,Pseudogene,RNU2,1.3025356026398056,0.306500002741814,0,0,-0.6869392747337928,-1.1084511948815807
RNU2-61P,Pseudogene,RNU2,1.0911293006406748,0.207000002264977,0,0,0.4398615486495452,0.3867237151899695
RNU2-62P,Pseudogene,RNU2,0.7637905104484723,0.164000004529953,0,0,-0.9282218485416488,-1.1351076871174972
RNU2-64P,Pseudogene,RNU2,1.618508462617001,0.206000000238419,0,0,-0.569041196094847,-1.082638780067142
RNU2-65P,Pseudogene,RNU2,1.351820733550501,0.239999994635582,0.11,0,1.8652795131197801,2.998465815901711
RNU2-68P,Pseudogene,RNU2,0.7819759987924836,0.252000004053116,0.71,0,-0.9094012755946137,-1.1388098782879335
RNU2-69P,Pseudogene,RNU2,1.458839874956582,-0.198499999940395,0,0,0.3969585067404467,0.6426512586884098
RNU2-6P,Pseudogene,RNU2,1.078590884992962,0.28999999165535,2.27,0,0.2486230566236479,0.5154947514323668
RNU2-70P,Pseudogene,RNU2,0.8926128524607979,0.239999994635582,0,0,-0.865148613245772,-1.1310507462142008
RNU2-71P,Pseudogene,RNU2,1.157809424568716,-0.28999999165535,0,0,-0.68477887438879,-0.8881278584918498
RNU2-72P,Pseudogene,RNU2,0.9163031642292292,-0.0309999994933605,1.97,0,-0.890098460041478,-1.1145561236961272
RNU2-7P,Pseudogene,RNU2,1.1122775932654518,0.246999993920326,3.45,0,-0.773311357146023,-1.1173683407092954
RNU2-8P,Pseudogene,RNU2,1.0968720864335204,0.30799999833107,0,0,-0.7718762220841522,-1.121719216108197
RNU2-9P,Pseudogene,RNU2,0.6228216214921369,0.282999992370605,0,0,-0.9713068541137051,-1.1507251009889434
RNU4-10P,Pseudogene,RNU4,0.9924080782017566,-0.20100000500679,0,0,-0.8804139458845567,-1.1002723474397509
RNU4-11P,Pseudogene,RNU4,1.157809424568716,0.284000009298325,0,0,-0.7497315595080555,-1.1164848284483277
RNU4-12P,Pseudogene,RNU4,1.4993215569954594,0.263999998569489,0,0,-0.6109377497259219,-1.0934864388564878
RNU4-13P,Pseudogene,RNU4,1.3056148830242968,-0.136000007390976,0,0,-0.7424304508134706,-1.0837899881513053
RNU4-14P,Pseudogene,RNU4,1.281182559973579,-0.201999999582767,0.23,0,0.5176099375120468,1.0962887775500534
RNU4-15P,Pseudogene,RNU4,1.133175181492786,0.379000008106232,0,0,-0.7477419920407238,-1.1233178040408054
RNU4-17P,Pseudogene,RNU4,1.0100039661131353,-0.0230000000447035,0,0,-0.8502960493410912,-1.108987707446457
RNU4-18P,Pseudogene,RNU4,1.0723335610099518,-0.172999992966652,0,0,-0.34918203022302574,-0.2699054253723629
RNU4-20P,Pseudogene,RNU4,1.265155993734027,0.30799999833107,0,0,-0.5660786807168081,-0.8880501506371218
RNU4-21P,Pseudogene,RNU4,1.2680769888133556,0.30799999833107,1.24,0,0.7097822809417955,1.4140515476675435
RNU4-22P,Pseudogene,RNU4,1.067137602162732,0.238000005483627,0.58,0,-0.3432827975735845,-0.20752851405202066
RNU4-23P,Pseudogene,RNU4,1.0420284821118444,0.305000007152557,0.74,0,-0.7949608484178812,-1.1250686909173826
RNU4-24P,Pseudogene,RNU4,1.0745137825134128,0.0140000004321337,0.78,0,-0.8188412692384158,-1.1069011658400323
RNU4-25P,Pseudogene,RNU4,1.3742694474228672,0.207000002264977,2.34,0,-0.6700042254341961,-1.098357539701901
RNU4-26P,Pseudogene,RNU4,1.5581734311952813,0.0890000015497208,0,0,-0.6090247123259657,-1.0800395866945542
RNU4-27P,Pseudogene,RNU4,1.3743780939125043,0.282000005245209,0.46,0,-0.4962446931625402,-0.7821528516390042
RNU4-28P,Pseudogene,RNU4,0.9853697230372052,0.187999993562698,0.14,0,0.596934740113049,1.2776332743607388
RNU4-29P,Pseudogene,RNU4,0.9382248785298216,-0.0695000011473894,0.49,0,-0.8859707406401693,-1.1110170414425955
RNU4-30P,Pseudogene,RNU4,1.2873545350099709,0.239999994635582,0.14,0,0.30408010692129445,0.6597978024959754
RNU4-31P,Pseudogene,RNU4,1.428786098403947,0.146999999880791,0,0,-0.6551427833476172,-1.091540215950523
RNU4-32P,Pseudogene,RNU4,1.2563463968724369,0.301999986171722,3.7,0,-0.5671277695067547,-0.8333946147921625
RNU4-33P,Pseudogene,RNU4,0.6946856547412297,0.300000011920929,0,0,-0.9393792040757538,-1.1470575015602886
RNU4-34P,Pseudogene,RNU4,1.2605183251352958,0.214000001549721,0,0,0.8000863804578131,1.5675634107772178
RNU4-35P,Pseudogene,RNU4,1.2563463968724369,0.282999992370605,0,0,-0.5124974818767719,-0.8096662334800926
RNU4-36P,Pseudogene,RNU4,1.399019721353865,0.30799999833107,0.75,0,-0.6468060267622289,-1.1023515944249067
RNU4-37P,Pseudogene,RNU4,1.364561107527415,-0.119500000029802,0,0,-0.7159129701602054,-1.080921493167509
RNU4-38P,Pseudogene,RNU4,0.7808482165695992,-0.0930000022053719,5.73,0,-0.9541029099514317,-1.1198203611484496
RNU4-39P,Pseudogene,RNU4,1.0939931570728023,0.207000002264977,2.41,0,1.5962956657175906,2.8734663106417773
RNU4-41P,Pseudogene,RNU4,1.2873545350099709,-0.0879999995231628,0.86,0,-0.7438285044734633,-1.0876156861756516
RNU4-42P,Pseudogene,RNU4,0.8805874496719812,0.189999997615814,0,0,-0.42732564750155655,-0.2551022036072793
RNU4-43P,Pseudogene,RNU4,1.2169675703495997,-0.398999989032745,0,0,-0.8128612379959902,-1.0749295880103513
RNU4-44P,Pseudogene,RNU4,0.7636615353538341,0.30799999833107,0,0,-0.9098038942260311,-1.1430784142648829
RNU4-45P,Pseudogene,RNU4,1.4534203414798776,0.0035000001080334,0,0,-0.5139185093428588,-0.8280112203527847
RNU4-46P,Pseudogene,RNU4,1.4095071255619152,0.30799999833107,13.15,0,-0.12400851762599903,-0.12966713664903298
RNU4-47P,Pseudogene,RNU4,1.4929647843122915,0.30799999833107,0.66,0,0.7794724503561199,1.2768269876275808
RNU4-48P,Pseudogene,RNU4,0.7633908293859666,-0.10249999910593,0.43,0,-0.9625703542271322,-1.1204004584213956
RNU4-49P,Pseudogene,RNU4,1.5382325212127226,-0.105000000447035,0,0,-0.642166588962513,-1.0705905626510903
RNU4-4P,Pseudogene,RNU4,1.1489031982258795,0.0850000008940697,0.52,0,-0.7789454242672276,-1.1060546284446524
RNU4-50P,Pseudogene,RNU4,1.2563463968724369,-0.158000007271767,0.64,0,-0.7656419477978192,-1.0857319825456557
RNU4-51P,Pseudogene,RNU4,0.6450652508311419,0.30799999833107,0.93,0,-0.958890283923145,-1.150682675896429
RNU4-52P,Pseudogene,RNU4,0.7802628730789173,0.211999997496605,0.55,0,0.22695441734613303,0.7477204748402031
RNU4-53P,Pseudogene,RNU4,1.0420284821118444,0.203999996185303,1.17,0,0.13797174113659105,0.6313358023742468
RNU4-54P,Pseudogene,RNU4,1.1308836239973503,0.115000002086163,0,0,-0.7825563313757565,-1.108868601692741
RNU4-55P,Pseudogene,RNU4,0.9887861509090494,0.305000007152557,0,0,-0.8170008623234882,-1.1284812217004947
RNU4-56P,Pseudogene,RNU4,0.8805874496719812,0.30799999833107,1.02,0,-0.861398423207952,-1.1355872961963196
RNU4-57P,Pseudogene,RNU4,0.7461438513887281,0.0689999982714653,0,0,-0.9477117291930145,-1.1309876297003152
RNU4-58P,Pseudogene,RNU4,1.4041518553280172,0.30799999833107,0,0,-0.6446842574694946,-1.1020207933485533
RNU4-59P,Pseudogene,RNU4,0.9282437628007808,-0.0815000012516975,2.33,0,-0.8916343006110709,-1.110999653988277
RNU4-5P,Pseudogene,RNU4,1.260725817863713,0.151999995112419,0.59,0,-0.7240645851333204,-1.1025911039235459
RNU4-60P,Pseudogene,RNU4,1.36364221115871,-0.0759999975562096,0.96,0,-0.7107088660106471,-1.0833899350383058
RNU4-61P,Pseudogene,RNU4,0.7141628226311706,0.347000002861023,0,0,-0.35776440728013925,-0.13655830021295431
RNU4-62P,Pseudogene,RNU4,1.442808667539477,0.0549999997019768,0.98,0,-0.3367980133654885,-0.4331057797393437
RNU4-64P,Pseudogene,RNU4,0.7954415893983545,-0.216999992728233,0,0,-0.9639963005167171,-1.1120131929719717
RNU4-65P,Pseudogene,RNU4,1.5382325212127226,-0.207000002264976,0,0,-0.6552513324227331,-1.0649513414055987
RNU4-66P,Pseudogene,RNU4,1.2584885049659955,-0.0054999999701976,0,0,-0.7451951731129454,-1.0940251403272936
RNU4-67P,Pseudogene,RNU4,1.0839066953409258,0.282999992370605,0,0,-0.78045135881525185,-1.1211668151438479
RNU4-68P,Pseudogene,RNU4,1.108540938416856,0.204999998211861,0.73,0,0.7067078072531252,0.8773695099487177
RNU4-69P,Pseudogene,RNU4,1.4816722006718532,0.0979999974370003,0,0,-0.6395356588930408,-1.0854408828431337
RNU4-6P,Pseudogene,RNU4,0.8541217066490528,0.305000007152557,0,0,-0.8727423712475179,-1.1371146119723603
RNU4-70P,Pseudogene,RNU4,1.1244911677465947,0.30799999833107,0,0,-0.7604442783401486,-1.1199481656435888
RNU4-71P,Pseudogene,RNU4,0.9836257058282896,-0.0240000002086162,0,0,-0.8613424002774178,-1.1106228017324211
RNU4-72P,Pseudogene,RNU4,1.2247348248328036,0.194999992847443,0.11,0,-0.7334478348944271,-1.1072742277151226
RNU4-73P,Pseudogene,RNU4,1.3056148830242968,0.414000004529953,0,0,-0.6718759382198095,-1.1141955373271264
RNU4-74P,Pseudogene,RNU4,1.0787044328279962,0.305000007152557,0,0,-0.7797814642742164,-1.1227165853621628
RNU4-75P,Pseudogene,RNU4,0.8088805568904728,0.30799999833107,0,0,-0.8910861192723256,-1.140179877777729
RNU4-76P,Pseudogene,RNU4,1.0346382091890651,0.239999994635582,0,0,-0.8063605104457928,-1.121947896680763
RNU4-77P,Pseudogene,RNU4,0.4898424488559952,-0.0195000004023314,0,0,-1.0651549251746142,-1.142523997166246
RNU4-78P,Pseudogene,RNU4,1.461045226241475,-0.0819999985396862,2.87,0,-0.6711532408537793,-1.0768171538740932
RNU4-79P,Pseudogene,RNU4,0.8621985076575545,0.214000001549721,0,0,-0.8810728033271186,-1.1315637239448495
RNU4-7P,Pseudogene,RNU4,1.157809424568716,0.30799999833107,0,0,-0.7466523431298158,-1.11781033280365
RNU4-81P,Pseudogene,RNU4,0.603025741962873,0.0179999992251396,0,0,-1.013498089094263,-1.1373406213618091
RNU4-82P,Pseudogene,RNU4,1.3149407036173275,-0.0274999998509884,1.17,0,-0.7246460374255979,-1.0891916615929653
RNU4-83P,Pseudogene,RNU4,1.2013360946652842,0.30799999833107,0,0,-0.3677440986207473,-0.4026265475412173
RNU4-84P,Pseudogene,RNU4,0.6746947006479569,0.30799999833107,0,0,-0.946628257274249,-1.1487822746790015
RNU4-85P,Pseudogene,RNU4,1.4402019671464517,0.26800000667572,1.28,0,-0.634888192634466,-1.0975010215966055
RNU4-87P,Pseudogene,RNU4,0.6353832207999052,0.207999996840954,1.11,0,-0.9757242370958583,-1.1457750994922788
RNU4-88P,Pseudogene,RNU4,1.37321582913964,0.282000005245209,0,0,-0.6608255158452795,-1.1025665629377115
RNU4-89P,Pseudogene,RNU4,1.331916104954989,0.0579999983310699,0.53,0,-0.7066547696498048,-1.0928292136920406
RNU4-8P,Pseudogene,RNU4,0.7390272922779039,0.301999986171722,0,0,-0.5303365687193163,-0.5323845214250129
RNU4-90P,Pseudogene,RNU4,1.133175181492786,0.214000001549721,0,0,0.5363040798756258,1.071806967224235
RNU5A-2P,Pseudogene,RNU5,0.9282437628007808,-0.0169999997597188,0,0,-0.8833673149364669,-1.1145586271230503
RNU5A-3P,Pseudogene,RNU5,1.310152769906705,0.30799999833107,0,0,0.529499535172259,1.150415527598879
RNU5A-4P,Pseudogene,RNU5,1.2829780110085771,0.0099999997764825,0,0,-0.7330713733059996,-1.0933127556182312
RNU5A-5P,Pseudogene,RNU5,0.898300415613659,0.193999998271465,0,0,-0.8686949104022775,-1.128142837363254
RNU5A-6P,Pseudogene,RNU5,1.0779604987363909,-0.109000001102686,0,0,-0.8331993435375409,-1.0998738691420096
RNU5B-2P,Pseudogene,RNU5,1.2602704355924963,0.214000001549721,1.4,0,-0.7162953448601579,-1.1060509809513162
RNU5B-4P,Pseudogene,RNU5,0.7510115186391672,0.282999992370605,0.69,0,-0.353029662601609,-0.11646465459904694
RNU5B-6P,Pseudogene,RNU5,1.6345544817440696,0.140000000596046,0,0,-0.5708659865987362,-1.0779617190183477
RNU5E-10P,Pseudogene,RNU5,1.5600991398849648,0.310999989509583,0.63,0,-0.009791090823435622,-8.641817203536544e-4
RNU5E-3P,Pseudogene,RNU5,1.2769956888625544,-0.237499997019768,0,0,-0.7672975766293059,-1.080009591797553
RNU5E-5P,Pseudogene,RNU5,1.3474506234204884,0.206000000238419,0,0,0.6481498836576794,1.0479343439549988
RNU5E-7P,Pseudogene,RNU5,1.454683635996592,0.354999989271164,0,0,-0.6177405355940009,-1.1013806503682366
RNU5E-8P,Pseudogene,RNU5,1.3474506234204884,0.194999992847443,0,0,-0.19107459054883982,-0.18082710255929163
RNU5E-9P,Pseudogene,RNU5,0.5677719293558127,-0.145500004291534,0,0,-1.0490629501876731,-1.130562751263183
RNU5F-2P,Pseudogene,RNU5,0.5930243394132448,-0.283500000834465,0,0,-1.0563116061396614,-1.1213120430160028
RNU5F-3P,Pseudogene,RNU5,1.2468716879970787,0.0829999968409538,0,0,-0.7386515643751197,-1.0996599587375202
RNU5F-4P,Pseudogene,RNU5,0.8531227338927381,0.284000009298325,0.33,0,0.7149887508721133,1.6736559512786864
RNU5F-6P,Pseudogene,RNU5,1.4073373177947324,0.0850000008940697,0,0,-0.6719727448359887,-1.0894877160607526
RNU5F-7P,Pseudogene,RNU5,0.8155005512179653,-0.0810000002384186,0,0,-0.9382466113288809,-1.1182469185292634
RNU5F-8P,Pseudogene,RNU5,0.7197193720292019,0.284000009298325,0,0,-0.3940085508138132,-0.016645580159699
RNU6-1000P,Pseudogene,RNU6,1.2779594591937713,0.0480000004172325,0,0,-0.498531037570587,-0.5905021175867258
RNU6-1001P,Pseudogene,RNU6,0.9030913511635984,-0.211000002920628,0,0,-0.9186662239865534,-1.1054447916106398
RNU6-1003P,Pseudogene,RNU6,1.0254883474751486,0.30799999833107,0,0,0.3732001753984137,0.7469032965755502
RNU6-1004P,Pseudogene,RNU6,1.032640838128855,0.264999985694885,0.5,0,-0.1445315775462217,0.07515488178778902
RNU6-1005P,Pseudogene,RNU6,1.168630073396461,-0.245000004768372,0.71,0,-0.4649314810873181,-0.29156451656621507
RNU6-1006P,Pseudogene,RNU6,1.0116781379726645,-0.0579999983310699,0,0,-0.6024377498537256,-0.5708115633587619
RNU6-1007P,Pseudogene,RNU6,0.8440106085641107,0.211999997496605,0,0,0.8471628796795178,2.0308691579316482
RNU6-1008P,Pseudogene,RNU6,0.9351537659978092,0.30799999833107,0,0,-0.43919277283742447,-0.19438586996557655
RNU6-1009P,Pseudogene,RNU6,1.103706180429991,-0.111000001430511,0,0,-0.2705200733193359,0.02886818052102029
RNU6-100P,Pseudogene,RNU6,1.1141185028868776,-0.247500002384186,2.87,0,-0.35998107154200387,-0.15620335201127059
RNU6-1010P,Pseudogene,RNU6,1.168630073396461,0.30799999833107,4.23,0,0.7724165693064593,1.291913991966616
RNU6-1011P,Pseudogene,RNU6,1.4607875917455764,0.214000001549721,0.54,0,-0.24637576971399525,-0.21879812720106806
RNU6-1012P,Pseudogene,RNU6,0.9878557475678036,0.465000003576279,0,0,-0.796863510431754,-1.1373853598786667
RNU6-1013P,Pseudogene,RNU6,0.9089345015305808,0.305000007152557,0,0,-0.6236749150584895,-0.631995338105089
RNU6-1014P,Pseudogene,RNU6,1.0454007425717533,0.425999999046326,0,0,-0.4391677029499828,-0.39110714007576275
RNU6-1015P,Pseudogene,RNU6,0.912213486023837,0.224000006914139,0,0,-0.20595266164323062,0.2337542173895999
RNU6-1016P,Pseudogene,RNU6,1.108540938416856,0.0535000003874302,13.54,0,-0.6014803835366336,-0.6576418609399586
RNU6-1017P,Pseudogene,RNU6,0.8192047815344689,0.289000004529953,0,0,-0.15450413488639908,0.2144245813780539
RNU6-1018P,Pseudogene,RNU6,1.1141185028868776,0.30799999833107,0,0,-0.4627175091039211,-0.4241471189444095
RNU6-1019P,Pseudogene,RNU6,1.3958636987791062,0.090999998152256,0.21,0,-0.2827843932880466,-0.18987755316073382
RNU6-101P,Pseudogene,RNU6,1.0687471611403534,-0.0679999999701977,9.56,0,-0.65125086867876,-0.729636733292687
RNU6-1020P,Pseudogene,RNU6,1.103706180429991,0.305000007152557,0.36,0,0.5049371796074748,1.235557651995379
RNU6-1021P,Pseudogene,RNU6,1.168630073396461,-0.160999998450279,0,0,-0.5757663564617718,-0.6094748075051106
RNU6-1022P,Pseudogene,RNU6,1.4695273465679857,0.287000000476837,0.09,0,1.0398221162118015,1.464756249364846
RNU6-1023P,Pseudogene,RNU6,1.2124230766710138,0.201999992132187,0,0,-0.5515976280379732,-0.7209330500974868
RNU6-1024P,Pseudogene,RNU6,1.136168126913226,-0.090999998152256,1.28,0,-0.2275469984203058,0.10437023753704047
RNU6-1025P,Pseudogene,RNU6,1.0687471611403534,0.0549999997019768,0.27,0,-0.31287218546874324,-0.0346285307638583
RNU6-1026P,Pseudogene,RNU6,1.157809424568716,0.0200000004842877,0,0,-0.4456363695104795,-0.3638127220754339
RNU6-1027P,Pseudogene,RNU6,0.7466247691144057,0.204999998211861,0,0,-0.29819969203246294,0.28444593565213055
RNU6-1028P,Pseudogene,RNU6,1.0457633512233564,0.30799999833107,0,0,0.7280825521058297,1.610028339124277
RNU6-1029P,Pseudogene,RNU6,0.8764725550473457,-0.157000005245209,0.33,0,-0.49668134640581457,-0.13488378234450568
RNU6-102P,Pseudogene,RNU6,0.9351537659978092,0.100500002503395,0,0,-0.6881742245845,-0.7149545601686184
RNU6-1031P,Pseudogene,RNU6,1.136168126913226,0.30799999833107,0,0,-0.42432717666165404,-0.3269548401024976
RNU6-1032P,Pseudogene,RNU6,1.4607875917455764,0.305000007152557,0,0,-0.37505770709367625,-0.5649929008067112
RNU6-1034P,Pseudogene,RNU6,1.1692728842179114,0.231000006198883,0,0,-0.501258193964305,-0.5286146077046502
RNU6-1035P,Pseudogene,RNU6,1.5581734311952813,0.296999990940094,0,0,0.45878507051451856,1.1789831428875273
RNU6-1036P,Pseudogene,RNU6,0.9351537659978092,0.204999998211861,0,0,-0.07549437886992619,0.5299021086827812
RNU6-1037P,Pseudogene,RNU6,1.4283256452623412,0.284000009298325,0,0,-0.41282901910386527,-0.6420532043170908
RNU6-1038P,Pseudogene,RNU6,1.2023405562828977,0.202999994158745,0,0,-0.40169654001001986,-0.3148694696993678
RNU6-1039P,Pseudogene,RNU6,1.201092019879696,-0.096000000834465,0.3,0,-0.5328152453201069,-0.576835148210671
RNU6-103P,Pseudogene,RNU6,1.201092019879696,-0.120999999344349,0.61,0,-0.15774756419478075,0.18279414592071
RNU6-1040P,Pseudogene,RNU6,1.266015912846166,0.305000007152557,0,0,-0.44032003304696143,-0.5685038194321309
RNU6-1041P,Pseudogene,RNU6,1.2940222980473886,0.305000007152557,0,0,0.5482888966066524,1.0776772526969938
RNU6-1042P,Pseudogene,RNU6,0.7141628226311706,0.30799999833107,0,0,-0.638552846915613,-0.5170570714802472
RNU6-1043P,Pseudogene,RNU6,1.6840864357363143,-0.200000002980232,0.27,0,-0.35082626504253983,-0.500986148264256
RNU6-1044P,Pseudogene,RNU6,1.2335539663629311,0.186000004410744,0,0,-0.4505911569337262,-0.4859388083940575
RNU6-1045P,Pseudogene,RNU6,0.7141628226311706,-0.0280000008642673,0.71,0,-0.8201448682302414,-0.8144666537170413
RNU6-1046P,Pseudogene,RNU6,1.168630073396461,0.0280000008642673,0.38,0,-0.0593218130723414,0.40463166038424053
RNU6-1047P,Pseudogene,RNU6,0.7790867155976406,0.30799999833107,0,0,-0.5652025615357152,-0.3727808554316848
RNU6-1048P,Pseudogene,RNU6,1.2335539663629311,0.30799999833107,3.73,0,-0.39923610325098075,-0.39056234281503177
RNU6-1049P,Pseudogene,RNU6,0.8115486620808757,-0.0509999990463257,0.27,0,-0.6974463959336492,-0.5769106860107378
RNU6-104P,Pseudogene,RNU6,1.3634017522958712,-0.0140000004321337,0,0,-0.4300357989786695,-0.4553847713972077
RNU6-1050P,Pseudogene,RNU6,1.201092019879696,0.273000001907349,0,0,-0.04476503022148672,0.19315450043597257
RNU6-1051P,Pseudogene,RNU6,0.6470111490236943,0.30799999833107,0,0,-0.7227584725108589,-0.6156985203333313
RNU6-1052P,Pseudogene,RNU6,1.001950463569081,0.256999999284744,0,0,-0.5193713949226113,-0.4787858744416966
RNU6-1053P,Pseudogene,RNU6,1.1348825052703255,0.0659999996423721,4.35,0,-0.6155049744509865,-0.7350542131571377
RNU6-1054P,Pseudogene,RNU6,1.3359339514254416,0.262500002980232,0,0,-0.42875830119490005,-0.5720074525991862
RNU6-1055P,Pseudogene,RNU6,1.330939805812636,0.282000005245209,0,0,-0.3610212881054194,-0.4102240690739309
RNU6-1056P,Pseudogene,RNU6,0.5518530902149955,0.30799999833107,0.21,0,0.1657944376152996,0.7321038387853079
RNU6-1057P,Pseudogene,RNU6,1.2599690796777203,0.282000005245209,0,0,0.8130991418740416,1.4267962169774449
RNU6-105P,Pseudogene,RNU6,1.2023405562828977,-0.0989999994635582,0,0,-0.5384739462918863,-0.5507143509037921
RNU6-1061P,Pseudogene,RNU6,1.4034053631135952,0.152999997138977,0,0,-0.4401656237749274,-0.6165710951199337
RNU6-1062P,Pseudogene,RNU6,0.9738583944970508,0.305999994277954,5.93,0,-0.63508880985337135,-0.7167334428866055
RNU6-1064P,Pseudogene,RNU6,1.636519090496166,0.30799999833107,0,0,0.12105549232381492,0.2501858489649716
RNU6-1065P,Pseudogene,RNU6,1.0158139291027417,0.26800000667572,0.61,0,-0.10823227075278002,0.3645233823255245
RNU6-1066P,Pseudogene,RNU6,1.2570502323888917,0.30799999833107,0,0,-0.401642825468902,-0.4783240319090597
RNU6-1067P,Pseudogene,RNU6,1.136168126913226,0.214000001549721,0,0,0.015050437978975694,0.5291460173906815
RNU6-1068P,Pseudogene,RNU6,1.0116781379726645,-0.216000005602837,0,0,-0.5934613274918032,-0.46634938108640467
RNU6-1069P,Pseudogene,RNU6,1.305800102897048,0.206000000238419,0,0,1.0152222382897593,1.748268983528802
RNU6-106P,Pseudogene,RNU6,1.006320340980286,0.349000006914139,0,0,0.9895616399546294,1.879269891424516
RNU6-1072P,Pseudogene,RNU6,1.3958636987791062,0.136999994516373,0,0,0.2129131818303011,0.702081893678016
RNU6-1073P,Pseudogene,RNU6,1.3107276504551504,0.0284999995492399,0,0,-0.4381211997797807,-0.46020947841235194
RNU6-1074P,Pseudogene,RNU6,0.834958719640901,0.282000005245209,0,0,-0.5576651784065524,-0.3993218994559728
RNU6-1075P,Pseudogene,RNU6,1.6880212171282214,0.214000001549721,0,0,-0.19367649122476704,-0.3107694781219923
RNU6-1079P,Pseudogene,RNU6,1.168334964792068,-0.0470000002533197,1.39,0,-0.42180554624440386,-0.26675365820665886
RNU6-107P,Pseudogene,RNU6,0.8513304592417029,-0.12049999833107,13.92,0,-0.6557575226625731,-0.5031518873146427
RNU6-1080P,Pseudogene,RNU6,1.330939805812636,-0.244000002741814,0,0,-0.5379880398514968,-0.6224172742311201
RNU6-1081P,Pseudogene,RNU6,1.0712442339467558,-0.0439999997615814,0,0,-0.5233065932159049,-0.42186751950312495
RNU6-1082P,Pseudogene,RNU6,1.5257114847120463,0.30799999833107,0.26,0,-0.20357176782462677,-0.2098544093865151
RNU6-1083P,Pseudogene,RNU6,1.3958636987791062,0.061999998986721,0.87,0,1.449365359093023,2.0728936138681346
RNU6-1084P,Pseudogene,RNU6,1.330939805812636,-0.0419999994337559,0.36,0,-0.14988803285562305,0.10703473250966723
RNU6-1085P,Pseudogene,RNU6,1.6230973241617517,0.184000000357628,0,0,1.0919557679289429,1.8305459826183779
RNU6-1086P,Pseudogene,RNU6,1.076762764848906,0.218999996781349,0,0,-0.50410081877211,-0.47937974760784324
RNU6-1087P,Pseudogene,RNU6,0.928540231584812,0.305000007152557,0,0,-0.6909023281550134,-0.8350196198548325
RNU6-1088P,Pseudogene,RNU6,1.1021455099259891,0.0769999995827675,7.62,0,0.6124154838741892,1.093714809129348
RNU6-1089P,Pseudogene,RNU6,0.6011702781414487,0.284000009298325,0.58,0,-0.6113116600912392,-0.3039994338959084
RNU6-108P,Pseudogene,RNU6,0.9089345015305808,0.30799999833107,0,0,-0.5600414788947616,-0.49981253492409367
RNU6-1090P,Pseudogene,RNU6,0.9607354799612752,0.266999989748001,0,0,-0.6131254588439328,-0.6522590854969699
RNU6-1091P,Pseudogene,RNU6,1.266015912846166,0.319999992847443,0.61,0,1.0805019701499448,1.9499586326518918
RNU6-1092P,Pseudogene,RNU6,1.1178849616525537,0.26800000667572,0,0,0.5585092882895407,1.1692393442159468
RNU6-1093P,Pseudogene,RNU6,0.9089345015305808,0.239999994635582,0,0,0.36305295670657006,0.9057365215675203
RNU6-1094P,Pseudogene,RNU6,1.3693323002110775,-0.0515000000596046,0,0,-0.3721846816020858,-0.3182226771495132
RNU6-1095P,Pseudogene,RNU6,0.9970025600452832,0.27700001001358,1.26,0,0.8792068001261812,1.8340367939015039
RNU6-1096P,Pseudogene,RNU6,0.5448514939146899,-0.193000003695488,0.25,0,-0.8097612839216376,-0.5747696446484498
RNU6-1097P,Pseudogene,RNU6,1.2335539663629311,0.202999994158745,0,0,-0.40941035631464007,-0.4068028881323455
RNU6-1098P,Pseudogene,RNU6,1.1939909690864885,0.305000007152557,3,0,-0.43424815239865233,-0.4705221885163299
RNU6-1099P,Pseudogene,RNU6,0.9738583944970508,0.214000001549721,9.26,0,-0.4048364605477223,-0.12892206735512585
RNU6-10P,Pseudogene,RNU6,1.4607875917455764,0.136999994516373,1.19,0,1.0744307911718256,1.859599467985187
RNU6-1100P,Pseudogene,RNU6,0.801560370855265,0.234999999403954,0.07,0,-0.6003219790315913,-0.4576142513296838
RNU6-1101P,Pseudogene,RNU6,1.5437458994249549,0.146999999880791,0.41,0,1.3244572854700876,2.155682426379232
RNU6-1102P,Pseudogene,RNU6,0.6150862568021305,0.116500001400709,0,0,-0.7713225278591423,-0.6859095302099265
RNU6-1103P,Pseudogene,RNU6,1.266015912846166,0.214000001549721,0,0,-0.4181369675568272,-0.4252807326809973
RNU6-1104P,Pseudogene,RNU6,1.5697223929248938,0.214000001549721,0,0,0.13003105419635827,0.4226205062708953
RNU6-1105P,Pseudogene,RNU6,1.3958636987791062,0.186000004410744,0,0,-0.06552546988929914,0.1738539544804139
RNU6-1106P,Pseudogene,RNU6,1.298477859329401,0.214000001549721,0,0,1.2526249100419122,2.1405721730882283
RNU6-1107P,Pseudogene,RNU6,1.2023405562828977,-0.100499998778105,0,0,-0.5191539738003091,-0.49017751733611553
RNU6-1108P,Pseudogene,RNU6,1.135543858711625,-0.285500004887581,0,0,-0.49604711134418245,-0.3535149404016968
RNU6-110P,Pseudogene,RNU6,0.9017554172121732,0.214000001549721,0.12,0,-0.474795357335488,-0.22656162866216376
RNU6-1110P,Pseudogene,RNU6,1.3068344000082537,0.0750000029802322,0,0,-0.7148582569106232,-1.095376266293844
RNU6-1111P,Pseudogene,RNU6,1.201092019879696,-0.180000007152557,0,0,-0.536245596292589,-0.5532634834867727
RNU6-1112P,Pseudogene,RNU6,1.473575631269275,-0.0719999969005585,0,0,-0.43820316424397737,-0.5542716614761628
RNU6-1113P,Pseudogene,RNU6,1.136168126913226,0.30799999833107,0,0,0.18452595881571446,0.8725491785659713
RNU6-1115P,Pseudogene,RNU6,1.1141185028868776,-0.193500004708767,0,0,-0.6559476562191868,-0.697884820999863
RNU6-1116P,Pseudogene,RNU6,0.912213486023837,0.294999986886978,0,0,-0.6435188407126864,-0.6621520763179078
RNU6-1117P,Pseudogene,RNU6,1.4361289977823497,0.0435000006109476,0,0,-0.2916887144257565,-0.27561631163897554
RNU6-1118P,Pseudogene,RNU6,1.3359339514254416,0.262500002980232,1.45,0,-0.42197534291961775,-0.5341582849689452
RNU6-1119P,Pseudogene,RNU6,1.318616289092149,0.0485000004991889,0,0,-0.49769303148062816,-0.6089004317216791
RNU6-111P,Pseudogene,RNU6,0.7939264625614052,-0.0099999997764825,0,0,-0.7337434093805628,-0.6583739108659893
RNU6-1120P,Pseudogene,RNU6,1.318616289092149,-0.136999994516373,0,0,-0.5146831652779545,-0.6524774066300664
RNU6-1121P,Pseudogene,RNU6,0.9878557475678036,0.261999994516373,0.88,0,0.7061238059736977,1.5347269640610146
RNU6-1122P,Pseudogene,RNU6,0.9738583944970508,0.152999997138977,0,0,0.7351200492055533,2.022390314589203
RNU6-1123P,Pseudogene,RNU6,1.2451912679323929,0.301999986171722,0,0,-0.2952892693183172,-0.1626714838154496
RNU6-1124P,Pseudogene,RNU6,1.168630073396461,0.30799999833107,0,0,-0.2798014816706392,-0.04835144714779495
RNU6-1125P,Pseudogene,RNU6,1.2335539663629311,0.243000000715256,0,0,-0.450910692937023,-0.5291368036018237
RNU6-1126P,Pseudogene,RNU6,1.168630073396461,0.287999987602234,0,0,-0.16211386041397655,0.10467983826204486
RNU6-1127P,Pseudogene,RNU6,1.006320340980286,-0.133000001311302,0,0,-0.4462192682608985,-0.12388532258587757
RNU6-1128P,Pseudogene,RNU6,1.1790536341938302,-0.0900000035762787,0,0,-0.5588917663434433,-0.6242351649050658
RNU6-1129P,Pseudogene,RNU6,1.3693323002110775,-0.206500001251698,0,0,-0.4784495015185327,-0.5831588437215988
RNU6-112P,Pseudogene,RNU6,1.1689422074972615,-0.17399999499321,8.06,0,-0.5838634675414007,-0.646131415346873
RNU6-1130P,Pseudogene,RNU6,1.103706180429991,0.153999999165535,0.72,0,-0.4515826573177476,-0.36641396242347823
RNU6-1131P,Pseudogene,RNU6,1.266015912846166,0.446000009775162,0.16,0,0.0956405946261039,0.5701357232814329
RNU6-1133P,Pseudogene,RNU6,1.146231330323029,0.294999986886978,0,0,1.0952877046683485,1.9849033444211563
RNU6-1134P,Pseudogene,RNU6,0.9629306105323976,0.214000001549721,0,0,-0.5765952233965596,-0.5399213313065586
RNU6-1135P,Pseudogene,RNU6,1.3489041839635527,0.214000001549721,0.25,0,-0.4784846360084391,-0.6638095920448764
RNU6-1136P,Pseudogene,RNU6,0.868357068426537,-0.116500001400709,1.11,0,-0.6575378147966825,-0.5363714683032151
RNU6-1137P,Pseudogene,RNU6,1.0876391564130363,-0.130999997258186,0,0,-0.13072153056925417,0.36162564159675986
RNU6-1138P,Pseudogene,RNU6,0.9830457378413626,-0.11599999666214,0.37,0,0.7210580138652573,1.7193938374879933
RNU6-113P,Pseudogene,RNU6,0.9629306105323976,0.307000011205673,0,0,-0.25448440450624926,0.03827535139991276
RNU6-1140P,Pseudogene,RNU6,0.7536683990117115,-0.341000005602837,0,0,-0.6649393518357689,-0.3029011724364109
RNU6-1141P,Pseudogene,RNU6,1.4607875917455764,0.163000002503395,0,0,-0.3454568251792713,-0.4339659145053065
RNU6-1143P,Pseudogene,RNU6,1.3693323002110775,0.211999997496605,0,0,-0.6714114128962638,-1.098945040269856
RNU6-1144P,Pseudogene,RNU6,0.9685521147834452,0.30799999833107,0,0,-0.15761289542301235,0.31152059681880945
RNU6-1145P,Pseudogene,RNU6,1.330939805812636,0.284000009298325,0.21,0,0.16452667381715266,0.7000521654848803
RNU6-1146P,Pseudogene,RNU6,1.0897029878293798,0.184000000357628,0,0,-0.5317819147692033,-0.519568052372456
RNU6-1147P,Pseudogene,RNU6,0.8764725550473457,-0.17399999499321,0.24,0,-0.4227696462848574,-0.052419462588055896
RNU6-1148P,Pseudogene,RNU6,1.001950463569081,0.211999997496605,0,0,-0.5301303260536488,-0.4687534066569867
RNU6-1149P,Pseudogene,RNU6,1.0384476282214257,0.211999997496605,0,0,-0.049720301655439766,0.2855607116585088
RNU6-114P,Pseudogene,RNU6,0.7939264625614052,0.30799999833107,0,0,-0.5574608605599053,-0.36770691849024806
RNU6-1150P,Pseudogene,RNU6,1.0525540223351963,0.194000005722046,0,0,-0.8048449314799698,-1.1182568017129442
RNU6-1152P,Pseudogene,RNU6,1.201092019879696,-0.129999995231628,0,0,-0.4112595009497093,-0.23018533765701604
RNU6-1154P,Pseudogene,RNU6,1.3693323002110775,0.30799999833107,0.18,0,0.036287686910166664,0.33050578348401455
RNU6-1155P,Pseudogene,RNU6,1.201092019879696,0.228000000119209,0,0,0.7778028453758857,1.483222993947599
RNU6-1156P,Pseudogene,RNU6,1.076762764848906,0.30799999833107,0.58,0,-0.5523429224093318,-0.5972104090648988
RNU6-1157P,Pseudogene,RNU6,1.2124230766710138,0.0399999991059303,3.68,0,-0.08910555092004653,0.24036263693985296
RNU6-1158P,Pseudogene,RNU6,1.168630073396461,0.30799999833107,0,0,0.13679641392866798,0.7676768142215382
RNU6-1159P,Pseudogene,RNU6,1.3634017522958712,0.211999997496605,0.09,0,-0.4055555384639727,-0.48970299074816975
RNU6-115P,Pseudogene,RNU6,1.4607875917455764,0.239999994635582,0.67,0,-0.3535954821870356,-0.44386252903869733
RNU6-1160P,Pseudogene,RNU6,1.0687471611403534,0.114500001072884,0.29,0,-0.20981222691419613,0.1078344516174333
RNU6-1162P,Pseudogene,RNU6,1.3693323002110775,0.146999999880791,0.32,0,0.6773736398530187,1.3886591169338869
RNU6-1163P,Pseudogene,RNU6,1.4283256452623412,0.202999994158745,0.67,0,-0.3688002583658686,-0.4566144937122921
RNU6-1164P,Pseudogene,RNU6,1.136168126913226,0.223000004887581,0,0,-0.01899064065343587,0.4242527087020153
RNU6-1165P,Pseudogene,RNU6,1.168630073396461,-0.0359999984502792,0.17,0,-0.5885269197428491,-0.670176272886943
RNU6-1167P,Pseudogene,RNU6,1.108540938416856,0.305000007152557,0,0,-0.46486376735230667,-0.43312459910202605
RNU6-1168P,Pseudogene,RNU6,0.868357068426537,-0.13400000333786,0,0,-0.5874104739065449,-0.3795379745975662
RNU6-1169P,Pseudogene,RNU6,1.281458974765375,0.26800000667572,0.19,0,0.9000961616126676,1.6685043618857252
RNU6-116P,Pseudogene,RNU6,1.46585046413287,0.305000007152557,0,0,-0.2369445105637188,-0.23467122163030144
RNU6-1170P,Pseudogene,RNU6,1.4090322242392863,0.197999998927116,0.22,0,-0.3946905532784672,-0.502041510174924
RNU6-1172P,Pseudogene,RNU6,0.8115486620808757,0.305000007152557,0,0,-0.6442883632795386,-0.5569098055624392
RNU6-1174P,Pseudogene,RNU6,0.6878075789517125,-0.0080000003799796,0,0,-0.7895477923769272,-0.727127887799359
RNU6-1175P,Pseudogene,RNU6,1.330939805812636,-0.0659999996423721,0,0,-0.28108712599254265,-0.03947760653383063
RNU6-1176P,Pseudogene,RNU6,1.298477859329401,0.30799999833107,0,0,-0.27237359474291156,-0.28730147650586413
RNU6-1177P,Pseudogene,RNU6,0.9351537659978092,-0.149000003933907,0,0,-0.6547871437087016,-0.5836787118224642
RNU6-1178P,Pseudogene,RNU6,1.5906353776785165,0.24600000679493,0,0,1.2318688304158174,1.978747871729758
RNU6-1179P,Pseudogene,RNU6,1.006320340980286,0.130999997258186,0,0,-0.43264212969372595,-0.19075491372177816
RNU6-117P,Pseudogene,RNU6,1.4283256452623412,-0.174999997019768,0,0,-0.4328586217624471,-0.5165962399671193
RNU6-1180P,Pseudogene,RNU6,0.8440106085641107,0.305000007152557,0,0,-0.530789685017868,-0.3480351843178003
RNU6-1181P,Pseudogene,RNU6,0.6553638252275752,0.30799999833107,0.28,0,-0.5999867120626928,-0.33839184514871234
RNU6-1183P,Pseudogene,RNU6,1.157809424568716,0.118000000715256,0,0,0.002691778337310754,0.4032187010455417
RNU6-1184P,Pseudogene,RNU6,1.318616289092149,0.155000001192093,0,0,-0.40655922807439066,-0.4763879132270348
RNU6-1186P,Pseudogene,RNU6,1.4681500950716708,0.30799999833107,0,0,-0.4380227133002585,-0.6949551071071026
RNU6-1187P,Pseudogene,RNU6,1.4841011714926269,0.214000001549721,0,0,0.43050720357627814,1.0072167880375373
RNU6-1188P,Pseudogene,RNU6,1.2335539663629311,0.347000002861023,0,0,-0.35352167292673015,-0.31837835874841186
RNU6-118P,Pseudogene,RNU6,1.157809424568716,0.202999994158745,7.85,0,-0.6002947552485377,-0.7717496231326144
RNU6-1190P,Pseudogene,RNU6,1.2357389050685337,0.0799999982118607,0,0,-0.2640726013500094,-0.14559361474990243
RNU6-1191P,Pseudogene,RNU6,1.7529451100946911,0.284000009298325,0,0,0.028029827629672984,-0.05104603430512681
RNU6-1192P,Pseudogene,RNU6,1.0712442339467558,0.145999997854233,0,0,-0.36994211841994284,-0.2269091646063257
RNU6-1193P,Pseudogene,RNU6,0.4544672507652904,0.430999994277954,0,0,-0.7624709986011983,-0.5928726490586694
RNU6-1195P,Pseudogene,RNU6,1.135543858711625,0.211999997496605,0,0,0.08310909385310805,0.7268317946983914
RNU6-1196P,Pseudogene,RNU6,0.7020759276640086,-0.167499996721745,0,0,0.3487314416858791,1.2491407014524245
RNU6-1197P,Pseudogene,RNU6,1.5906353776785165,0.319000005722046,0,0,-0.171835029108458,-0.3519434923039204
RNU6-1198P,Pseudogene,RNU6,1.5034241781713178,0.222000002861023,0,0,0.3317334616577394,0.7524549898966593
RNU6-1199P,Pseudogene,RNU6,1.1021455099259891,0.24099999666214,0,0,-0.5283249112614361,-0.5757072391583025
RNU6-119P,Pseudogene,RNU6,1.266015912846166,0.0189999993890524,0,0,-0.43321455863576513,-0.41947801129081425
RNU6-11P,Pseudogene,RNU6,1.5581734311952813,0,0.03,0,-0.16933140994583942,-0.004782622257580766
RNU6-1200P,Pseudogene,RNU6,1.266015912846166,0.30799999833107,0,0,-0.40861139842723887,-0.42680009125030766
RNU6-1201P,Pseudogene,RNU6,1.266015912846166,0.296999990940094,0,0,0.6205833111393982,1.293941843675382
RNU6-1203P,Pseudogene,RNU6,1.4841011714926269,0.30799999833107,0.25,0,-0.42478399138919243,-0.6972311003724876
RNU6-1204P,Pseudogene,RNU6,1.2335539663629311,-0.138999998569489,0,0,-0.45905300531878895,-0.40276015647397917
RNU6-1205P,Pseudogene,RNU6,1.2451912679323929,0.214000001549721,0,0,1.045784276405184,1.9443518154732315
RNU6-1206P,Pseudogene,RNU6,0.5058390689863322,0.277999997138977,0.32,0,-1.0203701156926828,-1.1579466840837123
RNU6-1207P,Pseudogene,RNU6,1.0387822874635209,0.249999992549419,0,0,-0.6385786827977578,-0.7691060236827609
RNU6-1208P,Pseudogene,RNU6,1.0387822874635209,0.0080000003799796,0,0,-0.6639741183391071,-0.7513763685952881
RNU6-1209P,Pseudogene,RNU6,1.006320340980286,0.30799999833107,0.56,0,-0.4988745502201553,-0.42965619550948436
RNU6-120P,Pseudogene,RNU6,1.0454007425717533,-0.224000006914139,0,0,-0.09787562529536699,0.49250965215097137
RNU6-1210P,Pseudogene,RNU6,0.9413964480138156,-0.0949999988079071,0,0,-0.7474625157174091,-0.8189173100276799
RNU6-1211P,Pseudogene,RNU6,0.7277659240146215,-0.218999996781349,0,0,-0.8647848504224406,-0.8184285734841207
RNU6-1212P,Pseudogene,RNU6,1.2357389050685337,-0.0474999994039536,0,0,-0.7600014610342583,-1.0931583860807657
RNU6-1213P,Pseudogene,RNU6,1.736714136853074,0.180000007152557,0,0,1.092394209264741,1.7709379670815466
RNU6-1214P,Pseudogene,RNU6,0.732925232066435,0.347000002861023,0,0,-0.6737227095053494,-0.6313095479984061
RNU6-1215P,Pseudogene,RNU6,1.2940222980473886,-0.189499996602535,0,0,-0.5453092158599779,-0.6253002712081716
RNU6-1216P,Pseudogene,RNU6,1.0712442339467558,0.0869999974966049,0,0,-0.4187511832912628,-0.1724757771800818
RNU6-1219P,Pseudogene,RNU6,0.7753188110951224,-0.307500004768372,0.62,0,-0.4074706965560823,0.12873471738122091
RNU6-121P,Pseudogene,RNU6,0.4561067430119185,0.146999999880791,0,0,-0.8464287104957602,-0.6808543222265557
RNU6-1220P,Pseudogene,RNU6,1.157809424568716,0.140500001609325,0,0,-0.7681416834081709,-1.1085505667487672
RNU6-1222P,Pseudogene,RNU6,1.330939805812636,-0.187000006437302,0,0,-0.5018887607981409,-0.581996395608513
RNU6-1223P,Pseudogene,RNU6,1.669917439281802,0.266999989748001,2.77,0,1.0508982102072426,1.7182792294722906
RNU6-1224P,Pseudogene,RNU6,0.877128351945997,0.30799999833107,0,0,-0.4023182857391366,-0.18858389513545123
RNU6-1225P,Pseudogene,RNU6,1.0687471611403534,0.282999992370605,0.51,0,-0.5390003566655133,-0.5349628023344918
RNU6-1226P,Pseudogene,RNU6,0.9738583944970508,0.44200000166893,0.53,0,-0.574730522230883,-0.6442168085108838
RNU6-1227P,Pseudogene,RNU6,0.7466247691144057,0.44200000166893,0.08,0,-0.5958035380266129,-0.5115420704960969
RNU6-1228P,Pseudogene,RNU6,0.9413964480138156,-0.0270000007003546,0,0,-0.5203575718978377,-0.3008905876872361
RNU6-1229P,Pseudogene,RNU6,1.3634017522958712,0.28600001335144,0,0,-0.1325443783784361,0.03773026631730866
RNU6-122P,Pseudogene,RNU6,1.201092019879696,0.104000002145767,3.45,0,-0.5517240600872323,-0.6619486939444188
RNU6-1230P,Pseudogene,RNU6,1.5437458994249549,-0.163499996066093,0,0,-0.33433277350162643,-0.38290288970963604
RNU6-1231P,Pseudogene,RNU6,1.112845951769931,-0.0729999989271164,0.7,0,0.10549222787317114,0.5746928476877593
RNU6-1232P,Pseudogene,RNU6,1.211661025711447,0.0474999994039536,0,0,-0.45665038878290076,-0.41598220558306964
RNU6-1233P,Pseudogene,RNU6,1.6005012633744016,-0.156000003218651,0,0,-0.24362956031984725,-0.1988149231403598
RNU6-1234P,Pseudogene,RNU6,1.315181579364464,-0.112999998033047,0,0,-0.5908917755891226,-0.7730458787351705
RNU6-1236P,Pseudogene,RNU6,0.912213486023837,0.194000005722046,0,0,-0.6696384286058378,-0.700677307551523
RNU6-1237P,Pseudogene,RNU6,1.136168126913226,-0.0979999974370003,0,0,-0.5280054272035779,-0.43742859375857324
RNU6-1238P,Pseudogene,RNU6,1.770767355222742,-0.23200000077486,0.71,0,1.1457407507377138,1.7143607203825861
RNU6-123P,Pseudogene,RNU6,0.9534901143507074,0.0104999998002313,0.23,0,-0.0733541882133682,0.6132418815631598
RNU6-1240P,Pseudogene,RNU6,0.7013653244983569,-0.192999996244907,0,0,-0.6827758435071946,-0.42488648464800916
RNU6-1241P,Pseudogene,RNU6,0.8440106085641107,0.303000003099442,0,0,-0.6261213671377929,-0.592842192818958
RNU6-1242P,Pseudogene,RNU6,1.4837946023599078,0.196999996900558,0.09,0,1.0600442307844307,2.091537878135072
RNU6-1243P,Pseudogene,RNU6,0.9738583944970508,0.0610000006854534,0.36,0,-0.5121015511974976,-0.3562986237146403
RNU6-1244P,Pseudogene,RNU6,1.1256480516640297,0.282999992370605,0,0,-0.5026166127599104,-0.5696195760038412
RNU6-1245P,Pseudogene,RNU6,0.688132016488954,-0.0240000002086163,4.39,0,0.4851566052931234,1.4805652453081701
RNU6-1246P,Pseudogene,RNU6,1.5257114847120463,0.214000001549721,0,0,-0.35500528649530527,-0.5331029679505037
RNU6-1247P,Pseudogene,RNU6,1.311396389052321,0.118499998003244,0,0,-0.09650996096762199,0.10967614094308141
RNU6-1248P,Pseudogene,RNU6,0.9769017019798542,0.275000005960464,0.99,0,-0.5066367162614407,-0.40744095755206133
RNU6-1249P,Pseudogene,RNU6,1.3142701576185425,0.152999997138977,0,0,-0.38094041420515784,-0.3746807595049287
RNU6-1250P,Pseudogene,RNU6,1.4283256452623412,0.0719999969005585,0,0,-0.47651110170932204,-0.6529627730275016
RNU6-1251P,Pseudogene,RNU6,1.4607875917455764,0.282000005245209,2,0,-0.2869763698273193,-0.3394446032123238
RNU6-1252P,Pseudogene,RNU6,1.5697223929248938,0.246999993920326,0,0,-0.17127933221065383,-0.16762867850847443
RNU6-1254P,Pseudogene,RNU6,1.0687471611403534,0.189999997615814,0.25,0,-0.5262000655047022,-0.527285592446215
RNU6-1255P,Pseudogene,RNU6,1.5506376221902447,0.30799999833107,4.84,0,1.5149649987832976,2.390367843019239
RNU6-1256P,Pseudogene,RNU6,1.2477363701662862,0.118000000715256,2.11,0,-0.46913184911849143,-0.5522984432902555
RNU6-1257P,Pseudogene,RNU6,1.0736051027819002,-0.0854999981820583,0.67,0,-0.5958527946450878,-0.5849203109604761
RNU6-1258P,Pseudogene,RNU6,1.126517277958751,-0.136999994516373,0,0,-0.8166899012419674,-1.0952135670348755
RNU6-125P,Pseudogene,RNU6,0.9413964480138156,0.214000001549721,0,0,-0.5539491257902271,-0.4498074166826687
RNU6-1260P,Pseudogene,RNU6,1.0387822874635209,-0.264999985694885,0.36,0,-0.4376927317348376,-0.05295742366323753
RNU6-1261P,Pseudogene,RNU6,1.1021455099259891,0.282000005245209,0,0,-0.3391945434350322,-0.30585988950214743
RNU6-1262P,Pseudogene,RNU6,1.230172513604261,-0.284499987959862,0.56,0,-0.47798587650432023,-0.3614360316653531
RNU6-1263P,Pseudogene,RNU6,0.9830457378413626,0.30799999833107,0.28,0,-0.5248674535947474,-0.48348210439074707
RNU6-1264P,Pseudogene,RNU6,1.7529451100946911,0.305000007152557,0,0,0.5100022220143191,1.1081670532828731
RNU6-1265P,Pseudogene,RNU6,1.4837946023599078,-0.430999994277954,0,0,-0.7065184416411097,-1.056054515447246
RNU6-1266P,Pseudogene,RNU6,0.9262475396549728,0.0719999969005585,0,0,0.5064074322113524,1.572873813514865
RNU6-1267P,Pseudogene,RNU6,1.266015912846166,-0.0920000001788139,0.42,0,-0.47735372797245906,-0.46998476551458335
RNU6-1269P,Pseudogene,RNU6,0.4220053042820553,0.428000003099442,0,0,-0.7464254418886278,-0.5178483392084104
RNU6-126P,Pseudogene,RNU6,1.4837946023599078,0.206000000238419,1.41,0,-0.6247979905017162,-1.0912790591313493
RNU6-1270P,Pseudogene,RNU6,1.4794231536155815,0.203999996185303,0,0,-0.34298273485182834,-0.47228416415144087
RNU6-1271P,Pseudogene,RNU6,1.3232107709356753,0.296999990940094,0,0,-0.5258231360212413,-0.8226098520169941
RNU6-1272P,Pseudogene,RNU6,1.168630073396461,-0.218999996781349,5.87,0,-0.5959232296941758,-0.6289081210050754
RNU6-1273P,Pseudogene,RNU6,1.2691372538541694,-0.149499997496605,0,0,0.6863585149632045,1.3598141068498295
RNU6-1274P,Pseudogene,RNU6,1.136168126913226,0.301999986171722,0,0,0.954701134188369,1.868928334554332
RNU6-1275P,Pseudogene,RNU6,0.9413964480138156,-0.046000000089407,5.97,0,-0.6319011323776303,-0.5504009144150585
RNU6-1276P,Pseudogene,RNU6,1.135543858711625,0.30799999833107,0,0,-0.5444934436533169,-0.6562830081132711
RNU6-1277P,Pseudogene,RNU6,1.2335539663629311,0.0270000007003546,0,0,-0.5799843843258686,-0.7171510515258485
RNU6-1278P,Pseudogene,RNU6,0.8764725550473457,-0.136000007390976,0,0,-0.6506729486499715,-0.5294826785612733
RNU6-1279P,Pseudogene,RNU6,1.4837946023599078,0.0549999997019768,0,0,-0.38669852686609374,-0.5419958339903731
RNU6-127P,Pseudogene,RNU6,1.0387822874635209,-0.197999998927116,0,0,-0.5402880290077493,-0.3430887136219269
RNU6-1280P,Pseudogene,RNU6,1.3634017522958712,-0.163000002503395,0.73,0,-0.5089849559018227,-0.6114900535562322
RNU6-1281P,Pseudogene,RNU6,0.9593278089283648,0.137999996542931,0,0,-0.5968663744656529,-0.5897966486970094
RNU6-1282P,Pseudogene,RNU6,1.4834433252286674,-0.238499999046326,0,0,-0.40566933148693096,-0.4874930144155473
RNU6-1283P,Pseudogene,RNU6,0.5292843083742702,-0.211999997496605,0,0,-0.2601703044047168,0.5526778509969982
RNU6-1284P,Pseudogene,RNU6,0.868357068426537,0.105999998748302,0.29,0,-0.6129402052208641,-0.47672003344325614
RNU6-1285P,Pseudogene,RNU6,1.2570502323888917,-0.0309999994933605,0.52,0,-0.4960736328674189,-0.5429533270429617
RNU6-1286P,Pseudogene,RNU6,1.136168126913226,0.30799999833107,0,0,-0.402613951236756,-0.40356549920252793
RNU6-1287P,Pseudogene,RNU6,1.330939805812636,0.214000001549721,0,0,-0.3329741943294378,-0.2913459676374516
RNU6-1288P,Pseudogene,RNU6,1.60312074171053,-0.150000005960464,0,0,-0.44080000230496347,-0.7116802466753857
RNU6-1289P,Pseudogene,RNU6,0.8192047815344689,0.365000009536743,0,0,-0.5976323903477497,-0.508313657818814
RNU6-128P,Pseudogene,RNU6,0.6492389296647005,0.30799999833107,0,0,-0.6268091561059881,-0.39114839389696615
RNU6-1290P,Pseudogene,RNU6,0.6054599743157506,-0.177000001072884,0,0,-0.7407498706541202,-0.494490955200752
RNU6-1291P,Pseudogene,RNU6,1.3693323002110775,-0.0209999997168779,0,0,-0.4994404907867942,-0.6782026958719278
RNU6-1292P,Pseudogene,RNU6,1.4607875917455764,-0.212999999523163,0,0,-0.2760441014540762,-0.12031116251020266
RNU6-1294P,Pseudogene,RNU6,1.114927594029134,0.294999986886978,0,0,-0.023034823187493836,0.3911630790982113
RNU6-1296P,Pseudogene,RNU6,1.0712442339467558,-0.127000004053116,0,0,-0.5967845485181578,-0.5995280016659686
RNU6-1297P,Pseudogene,RNU6,0.801560370855265,0.239999994635582,0,0,-0.3742771299724717,0.009971962987073509
RNU6-1298P,Pseudogene,RNU6,0.9629306105323976,-0.224999994039536,0,0,1.0227093912397827,2.0740115764333042
RNU6-1299P,Pseudogene,RNU6,1.2504341785342132,0.30799999833107,0,0,-0.477152893333977,-0.5877551781537181
RNU6-129P,Pseudogene,RNU6,1.136168126913226,-0.0799999982118607,0,0,-0.5891870545884669,-0.5815908461084116
RNU6-1300P,Pseudogene,RNU6,1.0291639329499698,0.30799999833107,0,0,-0.24006237845208148,-0.02323630231055461
RNU6-1301P,Pseudogene,RNU6,1.1689422074972615,0.220000006258488,0,0,-0.12909358071439067,0.12661457109032054
RNU6-1303P,Pseudogene,RNU6,1.6230973241617517,-0.0820000022649765,0,0,-0.24400896735433564,-0.22039700544477994
RNU6-1304P,Pseudogene,RNU6,0.8847411640572264,0.29899999499321,0,0,0.8144783818091726,1.9313312300481724
RNU6-1305P,Pseudogene,RNU6,1.2023405562828977,-0.078999999910593,0.09,0,-0.6128028577827754,-0.7295187480114484
RNU6-1306P,Pseudogene,RNU6,1.6139161675806344,-0.0109999999403954,2.56,0,1.1377388312917032,2.1021864234577308
RNU6-1307P,Pseudogene,RNU6,1.079123347170842,0.256999999284744,0,0,-0.5411660391603424,-0.5409042691428536
RNU6-1308P,Pseudogene,RNU6,0.7081746965808651,0.214000001549721,0,0,-0.38204427927750895,0.01956169065092003
RNU6-1309P,Pseudogene,RNU6,0.643227458093731,-0.168000005185604,0,0,-0.7259731039040541,-0.4773512112888182
RNU6-130P,Pseudogene,RNU6,1.2140137655671974,0.305000007152557,3.52,0,-0.4321300928277077,-0.4545534799789708
RNU6-1310P,Pseudogene,RNU6,1.266015912846166,0.239999994635582,0,0,-0.37886870254576654,-0.3749323957516767
RNU6-1311P,Pseudogene,RNU6,0.8115486620808757,0.30799999833107,5.22,0,-0.1875329234855946,0.29845071095452
RNU6-1312P,Pseudogene,RNU6,0.643227458093731,0.0945000015199184,0.26,0,-0.8072832243209713,-0.7880777253224464
RNU6-1313P,Pseudogene,RNU6,1.0897029878293798,-0.0329999998211861,0,0,-0.5335791022065957,-0.4506845169305798
RNU6-1315P,Pseudogene,RNU6,1.508660765347115,0.310999989509583,0.27,0,1.2264168188289146,1.9922958976280243
RNU6-1316P,Pseudogene,RNU6,1.0291639329499698,0.301999986171722,0,0,-0.30464590533326497,-0.02754868015386789
RNU6-1317P,Pseudogene,RNU6,1.4361289977823497,-0.0850000008940697,0,0,-0.44174833747540215,-0.5514493385771463
RNU6-1318P,Pseudogene,RNU6,0.7418973011799539,0.293999999761581,0,0,-0.6454528700633959,-0.5266372763419029
RNU6-1319P,Pseudogene,RNU6,0.7013653244983569,0.261999994516373,0.04,0,-0.6753756252921835,-0.5507605855672675
RNU6-131P,Pseudogene,RNU6,1.136168126913226,0.118000000715256,0,0,-0.12800824564655142,0.2623452149476271
RNU6-1320P,Pseudogene,RNU6,1.0712442339467558,0.40599998831749,0,0,-0.48278820724555144,-0.48088575766101516
RNU6-1321P,Pseudogene,RNU6,0.4544672507652904,0.23199999332428,0,0,-0.8163508584313424,-0.6650999116594943
RNU6-1322P,Pseudogene,RNU6,1.168630073396461,0.305000007152557,0,0,1.361281665781405,2.3260470773802755
RNU6-1323P,Pseudogene,RNU6,1.136168126913226,0.105999998748302,1.33,0,-0.3637573126631772,-0.10322130670003125
RNU6-1324P,Pseudogene,RNU6,1.136168126913226,0.0320000015199184,0,0,-0.12099699404487452,0.28941871821033666
RNU6-1325P,Pseudogene,RNU6,1.6209331943962024,-0.185000002384186,0,0,-0.6181954263121971,-1.0608685175817245
RNU6-1326P,Pseudogene,RNU6,1.006320340980286,-0.550000011920929,0,0,-0.7196331768424925,-0.6571683514844444
RNU6-1327P,Pseudogene,RNU6,1.5878529251228104,0.30799999833107,0,0,-0.22511199034714255,-0.3072309819382452
RNU6-1328P,Pseudogene,RNU6,1.1468866941482565,0.28099998831749,0,0,0.41537595146902934,1.095151944312132
RNU6-1329P,Pseudogene,RNU6,1.298477859329401,-0.068000003695488,0.46,0,0.07640102723339985,0.6385807271476398
RNU6-132P,Pseudogene,RNU6,1.103706180429991,0.239999994635582,0.67,0,0.9131154499327758,1.9570759814526413
RNU6-1330P,Pseudogene,RNU6,1.1247291552953242,0.0419999994337559,0,0,-0.5204468498329352,-0.501279188158923
RNU6-1331P,Pseudogene,RNU6,1.4090322242392863,0.239999994635582,0.37,0,0.27725194243092305,0.8752101025390195
RNU6-1332P,Pseudogene,RNU6,1.2691372538541694,-0.417000010609627,0,0,-0.38100405714523705,-0.14031803860395442
RNU6-1333P,Pseudogene,RNU6,0.8216712045326372,0.30799999833107,0.88,0,-0.6973553527580121,-0.7355121142394555
RNU6-1335P,Pseudogene,RNU6,1.0712442339467558,0.0769999995827675,0,0,0.753220776920921,1.5655253124258544
RNU6-1336P,Pseudogene,RNU6,1.0197220620054748,-0.0900000035762787,0,0,-0.5627880074978919,-0.48478037765511167
RNU6-1337P,Pseudogene,RNU6,1.060309683552403,0.252000004053116,0.76,0,-0.7941913994377303,-1.120966700377271
RNU6-1338P,Pseudogene,RNU6,1.030577619671055,0.30799999833107,0.47,0,-0.5234432507276627,-0.5274513018067589
RNU6-1339P,Pseudogene,RNU6,1.5267816587719332,0.208000004291534,0,0,-0.36776560576553174,-0.5749317571248109
RNU6-133P,Pseudogene,RNU6,1.266015912846166,0.301999986171722,0,0,-0.4815304318253513,-0.653109203560497
RNU6-1340P,Pseudogene,RNU6,0.8440106085641107,0.30799999833107,0.56,0,-0.08715102108026933,0.310343257500031
RNU6-135P,Pseudogene,RNU6,1.375615157903425,-0.116999998688698,0.29,0,-0.4296567326847213,-0.4473149894221016
RNU6-136P,Pseudogene,RNU6,0.7466247691144057,0.284000009298325,0.28,0,0.18730220623183505,0.7660640497364168
RNU6-137P,Pseudogene,RNU6,1.157809424568716,-0.204999998211861,0,0,-0.5322153578465534,-0.4592768378273273
RNU6-138P,Pseudogene,RNU6,1.168630073396461,0.0130000002682209,0,0,-0.6019592973809875,-0.7134792905484183
RNU6-139P,Pseudogene,RNU6,0.9157219994316208,-0.13849999755621,0,0,-0.6691764426870418,-0.6155137928638538
RNU6-13P,Pseudogene,RNU6,1.3958636987791062,0.0610000006854534,0,0,-0.21936265515360134,-0.04550742809217779
RNU6-140P,Pseudogene,RNU6,1.2221321703780892,0.0549999997019768,3.82,0,0.25923001775091004,1.0790402645175199
RNU6-141P,Pseudogene,RNU6,0.860087001108189,0.30799999833107,0,0,-0.5536529366533729,-0.44459040452429216
RNU6-142P,Pseudogene,RNU6,1.201092019879696,0.305000007152557,0,0,-0.3502435599966222,-0.26119555645419523
RNU6-143P,Pseudogene,RNU6,0.9337172778779969,0.30799999833107,0,0,0.9022054807509408,2.060235560651445
RNU6-144P,Pseudogene,RNU6,1.298477859329401,-0.0199999995529652,0,0,-0.3776446121433772,-0.32440775377133363
RNU6-145P,Pseudogene,RNU6,1.0158139291027417,0.146999999880791,0,0,-0.4287380157220626,-0.25754922909487227
RNU6-146P,Pseudogene,RNU6,1.2542935432827758,-0.191500000655651,11.35,0,-0.4903052254498819,-0.4227823126331983
RNU6-147P,Pseudogene,RNU6,1.201092019879696,0.168999999761581,0.36,0,-0.06361951934644237,0.2678179836126888
RNU6-148P,Pseudogene,RNU6,1.145492303030751,0.446000009775162,0,0,-0.40158424244119506,-0.3921221232770275
RNU6-14P,Pseudogene,RNU6,1.507336798023423,-0.1875,0,0,-0.2341551628873444,-0.0994807881250227
RNU6-150P,Pseudogene,RNU6,1.1334344893146375,-0.212999999523163,0,0,-0.6457879947443695,-0.714130418759096
RNU6-151P,Pseudogene,RNU6,0.7466247691144057,-0.261999994516373,1.33,0,-0.6501568571602799,-0.3494282725391261
RNU6-152P,Pseudogene,RNU6,1.006320340980286,0.305000007152557,0,0,-0.155704385316566,0.23350926797080213
RNU6-153P,Pseudogene,RNU6,1.1021455099259891,-0.157000005245209,0,0,-0.6343243245180503,-0.7054317524919613
RNU6-154P,Pseudogene,RNU6,0.9830457378413626,0.30799999833107,0,0,-0.45485951199770563,-0.3031323551062879
RNU6-155P,Pseudogene,RNU6,1.1114970475859671,-0.184499993920326,0,0,-0.2604831864225491,0.06812591709452055
RNU6-156P,Pseudogene,RNU6,0.9089345015305808,-0.319000005722046,0,0,-0.9301012428403236,-1.0990976978047569
RNU6-157P,Pseudogene,RNU6,0.7141628226311706,0.437999993562698,0,0,-0.662824636639624,-0.6195302616163669
RNU6-158P,Pseudogene,RNU6,0.7641542202153526,0.305000007152557,0,0,-0.6234277206328591,-0.5168368438596643
RNU6-159P,Pseudogene,RNU6,1.1796548854096351,0.0065000001341104,0,0,-0.5954401492420115,-0.7460059210191137
RNU6-15P,Pseudogene,RNU6,1.6555592706449864,0,0,0,-0.23375693014790846,-0.2887410227419365
RNU6-160P,Pseudogene,RNU6,1.0387822874635209,0.293000012636185,0,0,-0.4946445852039948,-0.44550130334801824
RNU6-161P,Pseudogene,RNU6,1.2124230766710138,-0.148499999195337,0,0,-0.4886944022595059,-0.4542728713371963
RNU6-162P,Pseudogene,RNU6,0.5395616735854211,0.0230000000447035,0,0,-0.880951250757271,-0.8259751027435124
RNU6-163P,Pseudogene,RNU6,1.081350311625499,-0.0499999988824129,0,0,-0.5580483698414468,-0.5191816973896776
RNU6-164P,Pseudogene,RNU6,1.4837946023599078,0.159999996423721,0,0,-0.35619783312822473,-0.4223633955129897
RNU6-165P,Pseudogene,RNU6,1.0174688882573566,-0.157000005245209,0,0,-0.8643941112204783,-1.101097296684906
RNU6-166P,Pseudogene,RNU6,1.298477859329401,0.30799999833107,0.26,0,-0.3370817284332523,-0.32605749314653104
RNU6-167P,Pseudogene,RNU6,1.1796548854096351,-0.155500002205372,0,0,-0.5488508841564361,-0.5227322408975773
RNU6-168P,Pseudogene,RNU6,0.825369094742055,-0.136000007390976,0,0,-0.6820102073825065,-0.5793821908352768
RNU6-169P,Pseudogene,RNU6,1.136168126913226,-0.241999998688698,0,0,0.808077684904176,1.7423358213141842
RNU6-16P,Pseudogene,RNU6,1.4283256452623412,0.0549999997019768,0,0,-0.20423060154907632,-0.03674484188238577
RNU6-170P,Pseudogene,RNU6,1.5363240441392578,0.284000009298325,0,0,0.2706264490024094,0.7714523990346115
RNU6-171P,Pseudogene,RNU6,0.7790867155976406,-0.118000000715256,5.48,0,-0.252653527467179,0.3636849895236942
RNU6-172P,Pseudogene,RNU6,1.419250262374555,-0.112999998033047,0,0,-0.37014289102177467,-0.35966330212125974
RNU6-173P,Pseudogene,RNU6,1.2023405562828977,-0.325499996542931,0,0,-0.5020023124728334,-0.4203722980442439
RNU6-174P,Pseudogene,RNU6,1.2124230766710138,-0.133500002324581,4.71,0,-0.47090459286578684,-0.4142975672931264
RNU6-175P,Pseudogene,RNU6,0.7141628226311706,0.305000007152557,0,0,-0.6473642231299045,-0.4876160753922141
RNU6-176P,Pseudogene,RNU6,0.9593278089283648,0.266999989748001,0,0,-0.569234278499383,-0.5581812602663512
RNU6-177P,Pseudogene,RNU6,1.0687471611403534,0.279000014066696,0,0,-0.5528755905620207,-0.6201294714931375
RNU6-178P,Pseudogene,RNU6,0.9017554172121732,0.307000011205673,0.25,0,0.9539728468291753,1.9409054446014669
RNU6-179P,Pseudogene,RNU6,0.6167769831814656,0.293000012636185,0,0,0.31480104992516916,0.8939359834706007
RNU6-17P,Pseudogene,RNU6,1.3958636987791062,0.0549999997019768,0,0,-0.2522773766229481,-0.08720439792586439
RNU6-180P,Pseudogene,RNU6,0.7402388124291791,-0.214000001549721,0,0,-0.7374518889487521,-0.5456200130622645
RNU6-181P,Pseudogene,RNU6,1.0387822874635209,0.282999992370605,1.01,0,1.0774917025967874,2.146935378677801
RNU6-182P,Pseudogene,RNU6,0.6946856547412297,-0.0339999999850988,1.37,0,-0.7275711261932907,-0.5439714248196825
RNU6-183P,Pseudogene,RNU6,1.0736051027819002,0.105999998748302,0,0,-0.4297741958009389,-0.2513493603259211
RNU6-185P,Pseudogene,RNU6,1.5906353776785165,0.188999995589256,1.33,0,-0.33323806686774515,-0.5426736798326268
RNU6-187P,Pseudogene,RNU6,0.7864365902730902,0.221499994397163,0,0,-0.6370692953804833,-0.5319102862612815
RNU6-188P,Pseudogene,RNU6,1.330939805812636,0.30799999833107,0.71,0,-0.32857662206588595,-0.30609627834585545
RNU6-189P,Pseudogene,RNU6,1.2036632631654969,-0.111000001430511,0,0,-0.5934214135612631,-0.6583771111822948
RNU6-190P,Pseudogene,RNU6,1.464288389895729,0.446000009775162,1.43,0,-0.36808700304355635,-0.5743730800812865
RNU6-191P,Pseudogene,RNU6,1.2563463968724369,0.177999995648861,0,0,-0.48779280465527947,-0.5913339862379208
RNU6-192P,Pseudogene,RNU6,0.9030913511635984,0.325000002980232,0,0,0.8889516822697714,1.7982556483428533
RNU6-193P,Pseudogene,RNU6,1.266015912846166,-0.046000000089407,0,0,-0.05821986830452172,0.37501731473311795
RNU6-195P,Pseudogene,RNU6,1.115321005318488,-0.225999996066093,0.62,0,-0.21308175111553015,-0.019516339662543153
RNU6-196P,Pseudogene,RNU6,1.168630073396461,-0.268999993801117,0.3,0,-0.4711951827871916,-0.2780454994726369
RNU6-197P,Pseudogene,RNU6,0.6599513720041681,0.347000002861023,0,0,-0.6797672035102257,-0.5839342436766616
RNU6-198P,Pseudogene,RNU6,1.5697223929248938,0.311000004410744,0,0,-0.3048838946531338,-0.5059080839536488
RNU6-199P,Pseudogene,RNU6,1.298477859329401,0.152999997138977,0.35,0,0.05470143986567943,0.49088199935545995
RNU6-19P,Pseudogene,RNU6,1.330939805812636,0.215000003576279,0.56,0,-0.2773316825084338,-0.15860225994840052
RNU6-200P,Pseudogene,RNU6,1.330939805812636,0.23199999332428,0,0,-0.3639444255296748,-0.39846444833727207
RNU6-201P,Pseudogene,RNU6,1.6513019661881687,0.30799999833107,0.65,0,-0.03500654666166112,-0.0712093857411431
RNU6-203P,Pseudogene,RNU6,0.801560370855265,0.30799999833107,0,0,-0.5558395760407073,-0.38137285777246105
RNU6-204P,Pseudogene,RNU6,1.298477859329401,-0.237000003457069,0.26,0,-0.4625961898242857,-0.43915758913249286
RNU6-205P,Pseudogene,RNU6,0.6817008761479356,0.30799999833107,0,0,-0.6593559985532015,-0.5177241712735153
RNU6-206P,Pseudogene,RNU6,1.5363240441392578,-0.213500000536442,0,0,1.187959421520477,1.9786449561753694
RNU6-207P,Pseudogene,RNU6,0.8764725550473457,0.30799999833107,0,0,-0.5403788097468095,-0.3962360729828681
RNU6-208P,Pseudogene,RNU6,1.266015912846166,-0.144999995827675,0,0,0.05852055156050025,0.5021925568151975
RNU6-209P,Pseudogene,RNU6,1.4932495382288111,0.30799999833107,0,0,-0.35832737081853444,-0.5352025768943978
RNU6-20P,Pseudogene,RNU6,1.4607875917455764,-0.0610000006854534,0,0,1.2488226466577426,2.2000388685258865
RNU6-210P,Pseudogene,RNU6,0.9140600720279336,0.202000007033348,0,0,0.4767494487449724,1.0804014011458656
RNU6-211P,Pseudogene,RNU6,1.330939805812636,0.470999985933304,0,0,-0.3047023799241235,-0.2972613015192769
RNU6-212P,Pseudogene,RNU6,1.3693323002110775,0.214000001549721,0,0,-0.4255340964124367,-0.5682741971775338
RNU6-213P,Pseudogene,RNU6,1.2023405562828977,0.303000003099442,1.13,0,0.05113286403305094,0.5153851039445195
RNU6-214P,Pseudogene,RNU6,1.5581734311952813,0.30799999833107,0,0,-0.2833452648851382,-0.42749975631306564
RNU6-215P,Pseudogene,RNU6,1.770767355222742,0.118000000715256,0,0,-0.34475392713348907,-0.694874457834743
RNU6-216P,Pseudogene,RNU6,1.2023405562828977,0.237000003457069,0.66,0,0.4928339217147382,1.2061011114457427
RNU6-217P,Pseudogene,RNU6,1.3359339514254416,0.30799999833107,0,0,-0.31883615285029,-0.2860004769018932
RNU6-218P,Pseudogene,RNU6,1.6209331943962024,0.30799999833107,0,0,0.9783865426682986,1.5290751992354774
RNU6-219P,Pseudogene,RNU6,1.0387822874635209,0.277999997138977,0,0,-0.46238663308440237,-0.33622110541867767
RNU6-21P,Pseudogene,RNU6,1.7529451100946911,0.0769999995827675,0,0,-0.18040282387564183,-0.278598003231685
RNU6-220P,Pseudogene,RNU6,1.168630073396461,0.291999995708466,0,0,-0.25134410189261125,-0.16053131415386931
RNU6-221P,Pseudogene,RNU6,0.8420432178681572,0.30799999833107,0,0,-0.23868409321512282,0.1015055548745182
RNU6-222P,Pseudogene,RNU6,1.5257114847120463,0.165500000119209,0,0,1.222911675113241,2.3709338319387516
RNU6-223P,Pseudogene,RNU6,1.3634017522958712,-0.119999997317791,0,0,-0.3838153268805774,-0.32601401153063325
RNU6-224P,Pseudogene,RNU6,1.2335539663629311,0.30799999833107,0,0,-0.41896475974538067,-0.461722706297815
RNU6-225P,Pseudogene,RNU6,1.112845951769931,0.27700001001358,0,0,0.713455486852944,1.7092466073378216
RNU6-226P,Pseudogene,RNU6,0.9413964480138156,0.239999994635582,0,0,-0.6004198432032929,-0.5999368975250001
RNU6-227P,Pseudogene,RNU6,1.0116781379726645,0.331999987363815,1.17,0,-0.43482606047150085,-0.2996893498979868
RNU6-228P,Pseudogene,RNU6,1.5728731805461804,0.214000001549721,9,0,-0.24784345354267354,-0.29424802063733335
RNU6-229P,Pseudogene,RNU6,1.123756206199048,-0.0955000016838312,0,0,0.4298761350763042,0.81626764429011
RNU6-22P,Pseudogene,RNU6,1.2335539663629311,0.146999999880791,0,0,0.2138400092968032,0.9785776121232047
RNU6-230P,Pseudogene,RNU6,1.2691372538541694,-0.284999996423721,7.04,0,-0.30854057262685497,0.015730317105743723
RNU6-232P,Pseudogene,RNU6,0.7598124348732199,0.30799999833107,0.21,0,0.7765810814028752,1.545265077359861
RNU6-233P,Pseudogene,RNU6,1.0592724522649954,0.152999997138977,0,0,2.1362788688179726,3.681964134551518
RNU6-234P,Pseudogene,RNU6,0.7013653244983569,0.30799999833107,0.26,0,-0.4313231160037196,-0.18820096133507708
RNU6-235P,Pseudogene,RNU6,1.0712442339467558,0.19200000166893,0,0,-0.005021787270515352,0.5805037239172731
RNU6-236P,Pseudogene,RNU6,1.04858212036412,0.238000005483627,0,0,-0.13604521773052589,0.2811407196977232
RNU6-237P,Pseudogene,RNU6,1.2719596495261951,-0.150999993085861,0.85,0,-0.504286880582927,-0.5429587188080687
RNU6-238P,Pseudogene,RNU6,0.8192047815344689,0.303000003099442,0.09,0,-0.19089654319564744,0.25136173128546246
RNU6-239P,Pseudogene,RNU6,0.7367878156346375,0.214000001549721,0,0,-0.7713583193748238,-0.8048076688126727
RNU6-23P,Pseudogene,RNU6,1.5581734311952813,0.118000000715256,0,0,0.9947343115479921,1.9331370696178596
RNU6-240P,Pseudogene,RNU6,1.1100647060298,0.28999999165535,0,0,-0.6304196756403891,-0.8145632983179855
RNU6-241P,Pseudogene,RNU6,0.9685521147834452,0.261000007390976,0,0,-0.5405208641305117,-0.4809506921488679
RNU6-242P,Pseudogene,RNU6,1.2335539663629311,0.261999994516373,0.1,0,-0.36174288764197643,-0.2659835969356311
RNU6-243P,Pseudogene,RNU6,1.4283256452623412,0.0140000004321337,0,0,-0.47666824159343507,-0.6921619592150675
RNU6-244P,Pseudogene,RNU6,1.3693323002110775,-0.351000010967255,0.55,0,-0.5123643426961909,-0.5536145109248901
RNU6-245P,Pseudogene,RNU6,0.8440106085641107,0.30799999833107,0,0,0.8618759903859212,1.7965852466085572
RNU6-246P,Pseudogene,RNU6,1.103706180429991,0.30799999833107,0,0,-0.3883055123867601,-0.2526096619808647
RNU6-247P,Pseudogene,RNU6,0.9089345015305808,0.0309999994933605,0.36,0,-0.5803430438426257,-0.3942876412081573
RNU6-248P,Pseudogene,RNU6,1.5581734311952813,0.293000012636185,0,0,-0.38201391723986344,-0.6554957406494131
RNU6-249P,Pseudogene,RNU6,1.464288389895729,0.0570000000298023,0,0,-0.40664416313066637,-0.5644040376103727
RNU6-24P,Pseudogene,RNU6,1.4283256452623412,0.146999999880791,0,0,-0.2799863539870749,-0.24699772220045765
RNU6-250P,Pseudogene,RNU6,1.1465685563690198,-0.275000005960464,0,0,-0.8260946981859653,-1.0862985047777323
RNU6-251P,Pseudogene,RNU6,1.1021455099259891,0.0445000007748604,0,0,-0.40603457295089757,-0.2358547813174068
RNU6-253P,Pseudogene,RNU6,1.5216923865760268,-0.090999998152256,0,0,-0.34119161854437174,-0.35545394051343937
RNU6-254P,Pseudogene,RNU6,1.4932495382288111,0.149000003933907,0,0,-0.4174154799431371,-0.6566639996367756
RNU6-256P,Pseudogene,RNU6,1.2532988616465484,0.150000005960464,0,0,-0.515749484331506,-0.6698879376363321
RNU6-257P,Pseudogene,RNU6,1.098737515151945,-0.0804999992251396,0,0,-0.5099221634589216,-0.4212564583686163
RNU6-258P,Pseudogene,RNU6,0.997320989479983,0.0130000002682209,0,0,-0.6693833389812962,-0.7460786436816341
RNU6-259P,Pseudogene,RNU6,0.8115486620808757,0.30799999833107,0,0,-0.5450893457541697,-0.36369520310240566
RNU6-260P,Pseudogene,RNU6,1.103706180429991,-0.0780000016093254,0,0,-0.6128894584137189,-0.6414720617887142
RNU6-261P,Pseudogene,RNU6,1.2599690796777203,0.446000009775162,0,0,-0.546019455249436,-0.8177509880285836
RNU6-262P,Pseudogene,RNU6,1.4372806649818544,-0.263000011444092,0.79,0,-0.32350755646558765,-0.20993494428430567
RNU6-263P,Pseudogene,RNU6,1.0387822874635209,0.30799999833107,0.33,0,-0.36606888906091695,-0.1404553156091898
RNU6-264P,Pseudogene,RNU6,1.001950463569081,0.301999986171722,0.69,0,0.7349546386073037,1.4025485072086679
RNU6-266P,Pseudogene,RNU6,0.9738583944970508,0.30799999833107,0,0,-0.5708798197186884,-0.5520174784186412
RNU6-267P,Pseudogene,RNU6,1.5175172069589966,0.163000002503395,0,0,-0.3646756643572656,-0.5403320406661013
RNU6-268P,Pseudogene,RNU6,1.006320340980286,-0.0219999998807907,0,0,-0.4915843550353279,-0.2529827066508851
RNU6-269P,Pseudogene,RNU6,1.145873244933987,-0.061999998986721,0,0,-0.7990589287608388,-1.0981191166768836
RNU6-26P,Pseudogene,RNU6,1.5581734311952813,0.125,7.48,0,-0.2320215650430851,-0.20440298910253496
RNU6-270P,Pseudogene,RNU6,1.6540134636695942,-0.0480000004172325,0,0,-0.2886608705146964,-0.3591378472311374
RNU6-271P,Pseudogene,RNU6,1.2901305016622835,0.164000004529953,0,0,-0.37881368481626093,-0.34924989814970353
RNU6-272P,Pseudogene,RNU6,1.3025356026398056,-0.195000000298023,0.18,0,-0.4581777515465348,-0.43784168482250163
RNU6-273P,Pseudogene,RNU6,1.3025356026398056,0.209000006318092,0,0,-0.548922953640321,-0.7866649562444059
RNU6-274P,Pseudogene,RNU6,1.3634017522958712,0.30799999833107,0,0,-0.37350516934418854,-0.454355911517644
RNU6-275P,Pseudogene,RNU6,1.266015912846166,0.130999997258186,5.87,0,-0.2726295298883647,-0.04908594203014223
RNU6-276P,Pseudogene,RNU6,1.0854463355331714,-0.0780000016093254,0,0,-0.57229569067871,-0.5084084806354177
RNU6-277P,Pseudogene,RNU6,1.1468866941482565,0.361999988555908,0,0,-0.744250227355918,-1.121498990011661
RNU6-278P,Pseudogene,RNU6,1.0515883764431455,-0.317999988794327,0,0,-0.8709244531887338,-1.0900106566921097
RNU6-279P,Pseudogene,RNU6,1.3412247789558394,0.063000001013279,0,0,-0.5040512743681265,-0.6637257315339381
RNU6-27P,Pseudogene,RNU6,1.5581734311952813,0.214000001549721,0,0,-0.23952349527744887,-0.2681530456463531
RNU6-280P,Pseudogene,RNU6,1.77011248563871,0.282999992370605,0,0,-0.22231226572045495,-0.4832321373602554
RNU6-281P,Pseudogene,RNU6,1.112845951769931,-0.104999996721745,0,0,-0.5305219133146272,-0.40764004540632226
RNU6-282P,Pseudogene,RNU6,1.5512398115580857,0.30799999833107,1.15,0,-0.31622927588591865,-0.48488186213644924
RNU6-283P,Pseudogene,RNU6,1.266015912846166,0.28099998831749,0,0,-0.38765147703270997,-0.3929777074476469
RNU6-284P,Pseudogene,RNU6,0.9175093553186052,-0.0554999988526106,0,0,-0.6578899752632174,-0.5998632538269675
RNU6-285P,Pseudogene,RNU6,1.146231330323029,0.30799999833107,0.73,0,-0.48976749891615573,-0.5158266058962364
RNU6-286P,Pseudogene,RNU6,0.6817008761479356,-0.157000005245209,0,0,-0.7604894335667965,-0.5886843351420576
RNU6-287P,Pseudogene,RNU6,1.098737515151945,-0.271999999880791,0,0,-0.28980919973346225,0.07053777740641705
RNU6-288P,Pseudogene,RNU6,1.1021455099259891,0.277999997138977,0.22,0,-0.5721456662843507,-0.6722799782703188
RNU6-289P,Pseudogene,RNU6,1.4932495382288111,0.30799999833107,0,0,-0.2936721440362865,-0.4196209831693969
RNU6-28P,Pseudogene,RNU6,1.330939805812636,0.146999999880791,0.67,0,0.11694176683991771,0.6748102745822082
RNU6-290P,Pseudogene,RNU6,0.997320989479983,0.301999986171722,0.07,0,-0.0776609509560823,0.4112770583389302
RNU6-291P,Pseudogene,RNU6,1.5257114847120463,0.214000001549721,0.36,0,-0.32713069027914865,-0.47150636567641824
RNU6-293P,Pseudogene,RNU6,0.950277546579984,0.146999999880791,0,0,-0.5926271463017241,-0.5732765434997937
RNU6-294P,Pseudogene,RNU6,1.0897029878293798,0.446000009775162,0,0,-0.5070206443141477,-0.6078151985899766
RNU6-295P,Pseudogene,RNU6,1.001950463569081,-0.0765000022947788,0,0,-0.47411926183208064,-0.23356630036992687
RNU6-296P,Pseudogene,RNU6,1.2335539663629311,-0.025000000372529,0,0,-0.44999388961089626,-0.4233966459866055
RNU6-297P,Pseudogene,RNU6,1.2335539663629311,0.28099998831749,0,0,-0.46361596594096943,-0.5561316979449658
RNU6-298P,Pseudogene,RNU6,1.2663540581220332,0.214000001549721,2.83,0,0.308127678204379,0.9903510349933364
RNU6-299P,Pseudogene,RNU6,1.146231330323029,-0.042000001296401,0.73,0,-0.5143256033815631,-0.474670155213434
RNU6-300P,Pseudogene,RNU6,0.9351537659978092,-0.212999999523163,0,0,-0.7085254836479918,-0.7178145224613318
RNU6-301P,Pseudogene,RNU6,1.0712442339467558,-0.101000003516674,0.36,0,-0.5075692957554615,-0.3899334781727623
RNU6-302P,Pseudogene,RNU6,1.4283256452623412,-0.212999999523163,2.66,0,-0.4785975534753212,-0.5790151456346274
RNU6-304P,Pseudogene,RNU6,1.4283256452623412,0.194999992847443,0,0,0.06282509213193796,0.40184641777136293
RNU6-306P,Pseudogene,RNU6,1.3958636987791062,0.28099998831749,0.67,0,-0.0758092322084654,0.08372297696646694
RNU6-307P,Pseudogene,RNU6,0.8847411640572264,-0.016499999910593,0,0,-0.3799430929633136,-0.10521908084059675
RNU6-308P,Pseudogene,RNU6,1.2335539663629311,-0.356000006198883,0.26,0,-0.47580524280990155,-0.3724072801176231
RNU6-309P,Pseudogene,RNU6,1.1468866941482565,0.356000006198883,0,0,-0.5142277933376954,-0.6285922822661681
RNU6-30P,Pseudogene,RNU6,1.103706180429991,0.239999994635582,0.09,0,-0.4238363909669982,-0.28732391226170506
RNU6-310P,Pseudogene,RNU6,1.3634017522958712,0.347000002861023,1.38,0,-0.2866942124454783,-0.24579139283019158
RNU6-311P,Pseudogene,RNU6,1.191862642938384,0.305999994277954,0,0,-0.4410835574366455,-0.4965416340909429
RNU6-312P,Pseudogene,RNU6,0.4220053042820553,0.0109999999403954,11.55,0,-0.815119907465307,-0.5443055398035276
RNU6-313P,Pseudogene,RNU6,0.7753188110951224,0.194999992847443,0.34,0,-0.36191122329428105,-0.08791999210547695
RNU6-314P,Pseudogene,RNU6,1.3693323002110775,-0.309499993920326,0.69,0,-0.5182429804948984,-0.6357448509917676
RNU6-315P,Pseudogene,RNU6,1.0712442339467558,0.165999993681908,0,0,-0.4751048161538557,-0.3889018453771437
RNU6-316P,Pseudogene,RNU6,1.0712442339467558,-0.140000000596046,1.18,0,-0.574104528291212,-0.48512145426320163
RNU6-317P,Pseudogene,RNU6,1.168630073396461,0.118000000715256,0,0,-0.09630817689327859,0.35679646694390293
RNU6-318P,Pseudogene,RNU6,1.7198528345535296,0.239999994635582,0,0,1.256269276895643,2.090654594604771
RNU6-31P,Pseudogene,RNU6,0.9648411871405967,0.152999997138977,0,0,0.8957673606889249,1.9627243238915983
RNU6-320P,Pseudogene,RNU6,1.081350311625499,0.30799999833107,0,0,-0.49773076414023604,-0.522284482687917
RNU6-321P,Pseudogene,RNU6,1.3107276504551504,0.44200000166893,0.24,0,-0.35095721591195334,-0.4257622283858435
RNU6-322P,Pseudogene,RNU6,1.450071997760819,0.214000001549721,2.07,0,-0.4048285136930824,-0.6264589606626784
RNU6-323P,Pseudogene,RNU6,1.330939805812636,0.263999998569489,0.36,0,0.04078074515515796,0.2581034875088364
RNU6-324P,Pseudogene,RNU6,1.1796548854096351,-0.159999996423721,0,0,-0.44508314721797215,-0.314849615966666
RNU6-325P,Pseudogene,RNU6,1.455531848029243,0.30799999833107,0,0,-0.3829829766720955,-0.6016887368231789
RNU6-326P,Pseudogene,RNU6,1.5906353776785165,0.197999998927116,0,0,0.3059476427199374,0.677200905161425
RNU6-327P,Pseudogene,RNU6,1.3674914463410033,0.0099999997764825,0.85,0,-0.49381185680598233,-0.643237418662853
RNU6-329P,Pseudogene,RNU6,1.136168126913226,0.30799999833107,0,0,-0.4438877328066626,-0.37735369951551667
RNU6-32P,Pseudogene,RNU6,1.0712442339467558,0.342000007629395,0.04,0,-0.3636660317090563,-0.12893612243977629
RNU6-330P,Pseudogene,RNU6,1.0712442339467558,0.202000007033348,0,0,-0.5315102348692361,-0.5073120097592742
RNU6-331P,Pseudogene,RNU6,1.006320340980286,0.30799999833107,0.22,0,-0.46115196390405583,-0.3426679286050834
RNU6-332P,Pseudogene,RNU6,1.0291639329499698,0.359999999403954,0,0,-0.5074766224188666,-0.494759421967306
RNU6-333P,Pseudogene,RNU6,1.5257114847120463,0.0769999995827675,0,0,0.992982526638719,1.3287282286222037
RNU6-334P,Pseudogene,RNU6,1.0215965510900435,-0.013499999884516,0,0,-0.6779632516936533,-0.7822824150507904
RNU6-335P,Pseudogene,RNU6,1.3217470422067643,-0.241999998688698,0.33,0,-0.5191403044727595,-0.5756213977230199
RNU6-336P,Pseudogene,RNU6,1.201092019879696,0.232999995350838,0,0,-0.1986436022864844,-0.0288471330143407
RNU6-337P,Pseudogene,RNU6,1.3107276504551504,-0.059000002220273,0,0,-0.49670201761266336,-0.5365801687390104
RNU6-338P,Pseudogene,RNU6,0.8931672703815808,0.118000000715256,0.29,0,-0.08703567047916543,0.5859993884129568
RNU6-339P,Pseudogene,RNU6,1.2335539663629311,-0.180999994277954,0,0,-0.5141010684608853,-0.497781786326986
RNU6-33P,Pseudogene,RNU6,1.4607875917455764,0.114000000059605,4.36,0,-0.21811381589619763,-0.11766565442174988
RNU6-340P,Pseudogene,RNU6,1.266015912846166,-0.193000003695488,0,0,0.11323562845000529,0.7686416028608877
RNU6-341P,Pseudogene,RNU6,1.3748986916753505,0.167000003159046,0.33,0,-0.41750301535693807,-0.5248321575809292
RNU6-342P,Pseudogene,RNU6,0.6345686269270847,0.30799999833107,0.27,0,-0.698770221804714,-0.5924157298607005
RNU6-343P,Pseudogene,RNU6,1.2357389050685337,-0.0880000032484531,3.69,0,-0.37776542948383784,-0.17448393578747823
RNU6-344P,Pseudogene,RNU6,1.3142701576185425,0.305999994277954,0,0,-0.3944623103536029,-0.4379412613079307
RNU6-345P,Pseudogene,RNU6,0.9413964480138156,-0.0839999988675117,0,0,-0.5793669313883022,-0.44111035400486104
RNU6-346P,Pseudogene,RNU6,0.938764398298959,0.193000003695488,3.65,0,-0.6383969391087508,-0.6566608047281859
RNU6-347P,Pseudogene,RNU6,1.0254883474751486,-0.172000005841255,0,0,-0.66178519682838155,-0.6629743848218647
RNU6-348P,Pseudogene,RNU6,1.3634017522958712,-0.239999994635582,0,0,-0.4597783490703254,-0.4448301419123454
RNU6-349P,Pseudogene,RNU6,1.4932495382288111,0.214000001549721,0,0,-0.6198625076320572,-1.091111087578418
RNU6-351P,Pseudogene,RNU6,1.5977770059048282,0.30799999833107,0,0,-0.3744744458765823,-0.6407727734298541
RNU6-352P,Pseudogene,RNU6,0.8764725550473457,-0.185000002384186,0,0,-0.6767385424040638,-0.5879200284681639
RNU6-353P,Pseudogene,RNU6,1.6402300181390144,0.296000003814697,0,0,-0.12706552843323501,-0.1432998713005962
RNU6-354P,Pseudogene,RNU6,1.266015912846166,-0.226999998092651,0.74,0,-0.46723405842597066,-0.42243582449957906
RNU6-355P,Pseudogene,RNU6,1.1689422074972615,0.248500004410744,0.03,0,-0.44652183395412637,-0.43480959065869634
RNU6-356P,Pseudogene,RNU6,1.3958636987791062,0.211999997496605,0,0,-0.39075343819935665,-0.5044875686053335
RNU6-358P,Pseudogene,RNU6,1.0188722936204702,0.239999994635582,1.17,0,-0.5074312371860189,-0.4074682193895667
RNU6-359P,Pseudogene,RNU6,1.2221321703780892,0.17399999499321,0,0,-0.01002262141642652,0.3905850321255347
RNU6-35P,Pseudogene,RNU6,0.9413964480138156,0.164000004529953,0,0,-0.4304161394383951,-0.12248114572972658
RNU6-360P,Pseudogene,RNU6,0.7681620220696289,0.0549999997019768,0,0,-0.5723020308908737,-0.30291406701437723
RNU6-361P,Pseudogene,RNU6,1.006320340980286,0.279000014066696,0,0,-0.4612216445771355,-0.3520512764968457
RNU6-362P,Pseudogene,RNU6,1.3893713094824591,-0.0684999991208315,0,0,0.19470662370272837,0.7250025388993842
RNU6-363P,Pseudogene,RNU6,0.8270067318347971,0.136999994516373,0,0,-0.7095896500193376,-0.716592884910161
RNU6-364P,Pseudogene,RNU6,1.4283256452623412,0.30799999833107,0,0,-0.2959027816496038,-0.339907446089353
RNU6-365P,Pseudogene,RNU6,1.6711777543303166,-0.0425000004470348,0,0,-0.37157954525892073,-0.6226424673249755
RNU6-366P,Pseudogene,RNU6,0.7864365902730902,0.30799999833107,0,0,-0.3541572858329397,-0.05068482123076678
RNU6-367P,Pseudogene,RNU6,1.3893713094824591,0.305000007152557,0,0,-0.43017509810647736,-0.6252145084868537
RNU6-369P,Pseudogene,RNU6,1.770767355222742,-0.122499998658895,0,0,0.9031107517068814,1.7361767114812499
RNU6-370P,Pseudogene,RNU6,1.2357389050685337,0.282999992370605,0,0,0.051945528331499735,0.2604200293520131
RNU6-371P,Pseudogene,RNU6,1.1899707974734026,-0.171499997377396,0,0,-0.5248613748494212,-0.4650933629856224
RNU6-373P,Pseudogene,RNU6,1.098737515151945,0.30799999833107,0,0,-0.4610838585304112,-0.4453029042326279
RNU6-375P,Pseudogene,RNU6,1.4935741576936437,-0.0370000004768372,0,0,-0.6519287671044423,-1.077212401461931
RNU6-376P,Pseudogene,RNU6,0.9830457378413626,0.238000005483627,0,0,-0.12585657508858825,0.3274193444698776
RNU6-377P,Pseudogene,RNU6,0.885383677611371,0.0105000003241002,1.56,0,-0.7283295713586392,-0.7440155712693877
RNU6-378P,Pseudogene,RNU6,1.266015912846166,0.30799999833107,0,0,-0.32523675543046576,-0.2731990376521605
RNU6-379P,Pseudogene,RNU6,1.0353488123547172,0.194999992847443,5.7,0,0.7399864664049847,1.5814294131899314
RNU6-37P,Pseudogene,RNU6,1.6880212171282214,-0.234999999403954,1.93,0,1.048280899332556,1.7643046973959085
RNU6-380P,Pseudogene,RNU6,1.5257114847120463,-0.116999998688698,0,0,-0.33235855644034734,-0.38786806194846296
RNU6-381P,Pseudogene,RNU6,1.5437458994249549,-0.140000000596046,0,0,-0.3943537306802289,-0.5363879014029086
RNU6-382P,Pseudogene,RNU6,1.04858212036412,0.282999992370605,0,0,-0.553385083368414,-0.5619937932926551
RNU6-383P,Pseudogene,RNU6,0.6651245630501135,0.30799999833107,0,0,-0.6458262320845091,-0.4662523597025151
RNU6-384P,Pseudogene,RNU6,1.2023405562828977,0.327500000596046,0.69,0,-0.16712395351994144,-0.07750128179310913
RNU6-386P,Pseudogene,RNU6,0.6492389296647005,-0.0759999975562096,0,0,-0.47175576929958674,-0.2199144277598178
RNU6-387P,Pseudogene,RNU6,0.7608461932880134,0.214000001549721,0.73,0,-0.33498589480424873,-0.020500251842134935
RNU6-388P,Pseudogene,RNU6,0.860087001108189,-0.282000005245209,1.7,0,-0.9455684015327174,-1.1042801257694579
RNU6-389P,Pseudogene,RNU6,1.0254883474751486,-0.172000005841255,0.31,0,-0.8629997221045661,-1.099754620101238
RNU6-38P,Pseudogene,RNU6,1.2335539663629311,0.214000001549721,0,0,-0.35544065256478613,-0.2414313196684591
RNU6-390P,Pseudogene,RNU6,1.0116781379726645,0.279000014066696,0,0,-0.6129408456054998,-0.687089210057926
RNU6-391P,Pseudogene,RNU6,0.7681620220696289,0.287000000476837,0,0,-0.3192672933094725,-0.018835513829719933
RNU6-392P,Pseudogene,RNU6,1.272444021060668,-0.238000005483627,0,0,-0.5548891021369905,-0.5994471686371116
RNU6-393P,Pseudogene,RNU6,0.9413964480138156,0.20100000500679,0,0,-0.4348887927218419,-0.1788576541661946
RNU6-394P,Pseudogene,RNU6,1.103706180429991,0.0149999996647239,0,0,-0.8066349002221964,-1.105081780213656
RNU6-395P,Pseudogene,RNU6,0.8192047815344689,0.296999990940094,0.32,0,-0.15695784344607336,0.42340330854938324
RNU6-396P,Pseudogene,RNU6,1.2570502323888917,0.261999994516373,8.18,0,-0.4817082742979893,-0.5986861091545318
RNU6-398P,Pseudogene,RNU6,1.3065188919445143,-0.180000007152557,0,0,-0.38924879595013673,-0.3006379837329302
RNU6-399P,Pseudogene,RNU6,1.2405100977521957,-0.14750000089407,0,0,-0.5288956120768641,-0.5455895657453073
RNU6-3P,Pseudogene,RNU6,1.168630073396461,0.172999992966652,1.75,0,-0.3491142199092626,-0.1340801683419283
RNU6-400P,Pseudogene,RNU6,1.4090322242392863,0.319000005722046,0,0,-0.37124986677647637,-0.4883272423289751
RNU6-401P,Pseudogene,RNU6,1.230172513604261,-0.0245000002905726,0,0,-0.5355514002665027,-0.5998268752385151
RNU6-402P,Pseudogene,RNU6,1.2140137655671974,-0.150000005960464,0,0,-0.48195809422635955,-0.43793596496020454
RNU6-403P,Pseudogene,RNU6,0.801560370855265,-0.0600000005215406,0,0,-0.6804493257903245,-0.5604236337594843
RNU6-405P,Pseudogene,RNU6,1.23148820613218,0.347000002861023,0,0,0.7536691443249164,1.4242746630090333
RNU6-406P,Pseudogene,RNU6,1.5581734311952813,0.293000012636185,0,0,0.5133011973756436,0.8077174313240165
RNU6-407P,Pseudogene,RNU6,1.2357389050685337,0.114000000059605,0.38,0,-0.18325263827018892,-0.009477211778091155
RNU6-408P,Pseudogene,RNU6,1.3893713094824591,0.152999997138977,0,0,-0.4574548137773546,-0.6062677825741767
RNU6-409P,Pseudogene,RNU6,1.1689422074972615,0.20100000500679,0.25,0,-0.46132129738008476,-0.4648104212555926
RNU6-40P,Pseudogene,RNU6,1.330939805812636,0.118000000715256,0,0,-0.22962651523337446,-0.00847958175299305
RNU6-410P,Pseudogene,RNU6,1.266015912846166,-0.0740000009536743,0,0,-0.5851323992977479,-0.7749588488229608
RNU6-411P,Pseudogene,RNU6,1.3958636987791062,0.30799999833107,0.09,0,-0.28645018224580476,-0.3034132354437151
RNU6-412P,Pseudogene,RNU6,1.2124230766710138,0.30799999833107,0,0,-0.5106755909203488,-0.6665983191105453
RNU6-413P,Pseudogene,RNU6,1.168630073396461,0.090999998152256,0,0,-0.528583036051195,-0.5851347700136574
RNU6-414P,Pseudogene,RNU6,0.7013653244983569,0.123000003397465,0,0,-0.6116087139557528,-0.3430674109642631
RNU6-415P,Pseudogene,RNU6,1.4681500950716708,0.277999997138977,0.99,0,-0.43457520637606634,-0.7152994557886491
RNU6-416P,Pseudogene,RNU6,0.9779555333735755,0.202999994158745,0,0,-0.06963275225913179,0.3700235270220119
RNU6-418P,Pseudogene,RNU6,0.9738583944970508,-0.0700000002980232,5.48,0,-0.5333359655800238,-0.32995546299412576
RNU6-419P,Pseudogene,RNU6,1.433478335180315,0.347000002861023,0,0,-0.22811797727652589,-0.23610763183634595
RNU6-41P,Pseudogene,RNU6,1.2335539663629311,0.0549999997019768,0,0,0.9164996009698216,1.8661434844969986
RNU6-420P,Pseudogene,RNU6,1.298477859329401,0.361000001430511,0,0,-0.4059116837678291,-0.513606615939729
RNU6-421P,Pseudogene,RNU6,1.201092019879696,0.003000000026077,0.08,0,0.6028868873395757,1.2785893721426134
RNU6-422P,Pseudogene,RNU6,0.9738583944970508,-0.138999998569489,0,0,-0.5881336519247127,-0.4750096236152393
RNU6-424P,Pseudogene,RNU6,0.5623645776476621,0.130999997258186,0,0,-0.8568645673219596,-0.8080573995374316
RNU6-425P,Pseudogene,RNU6,0.7491708041326987,-0.046000000089407,0,0,-0.447831116175214,-0.10575494719734088
RNU6-426P,Pseudogene,RNU6,1.217490322742361,0.115000002086163,0,0,-0.7467099214483475,-1.10331567811781
RNU6-428P,Pseudogene,RNU6,1.0387822874635209,0.30799999833107,0,0,-0.47861633086484395,-0.39980206764867965
RNU6-429P,Pseudogene,RNU6,1.3829390349015218,-0.222000002861023,0,0,-0.32793738415824863,-0.19288940592043757
RNU6-430P,Pseudogene,RNU6,1.6880212171282214,-0.143999993801117,0.47,0,0.4496196168010649,0.6667050422601696
RNU6-431P,Pseudogene,RNU6,1.3958636987791062,0.30799999833107,0,0,-0.26268887222931075,-0.23200709614076484
RNU6-432P,Pseudogene,RNU6,1.115321005318488,-0.230000004172325,0,0,-0.6020704712777899,-0.6175859803737772
RNU6-433P,Pseudogene,RNU6,0.801560370855265,-0.188500002026558,0,0,-0.2534817255665256,0.4015724614543158
RNU6-434P,Pseudogene,RNU6,0.7466247691144057,0.20100000500679,0.06,0,0.12606635468213032,1.0529960932152989
RNU6-435P,Pseudogene,RNU6,1.157809424568716,0.0189999993890524,0,0,-0.025852370190185513,0.45739922960751955
RNU6-436P,Pseudogene,RNU6,0.5484360432167602,0.325499996542931,0,0,-0.7621703205095265,-0.6047894916716134
RNU6-438P,Pseudogene,RNU6,0.910510324175398,-0.068000003695488,0,0,-0.6495934078860838,-0.5666476004146369
RNU6-439P,Pseudogene,RNU6,1.6384095630689377,0.214000001549721,0,0,-0.2722886182302483,-0.43296632688654507
RNU6-43P,Pseudogene,RNU6,1.330939805812636,-0.41100001335144,0.56,0,0.17676111657671492,1.0069280796698892
RNU6-440P,Pseudogene,RNU6,0.5954448469210539,-0.123000003397465,0,0,-0.7386847141224695,-0.42859442655339963
RNU6-441P,Pseudogene,RNU6,1.4418004155006654,-0.110500004142523,0,0,-0.3779892440714939,-0.4034391047178541
RNU6-442P,Pseudogene,RNU6,1.3025356026398056,0.304499998688698,0,0,-0.4263736161813649,-0.5383965757126502
RNU6-444P,Pseudogene,RNU6,1.157809424568716,0.33899998664856,2.87,0,-0.5600423158567207,-0.7612297338275545
RNU6-445P,Pseudogene,RNU6,1.136168126913226,0.305000007152557,0,0,-0.4663883679175744,-0.4341586435719991
RNU6-446P,Pseudogene,RNU6,1.0158139291027417,0.381999999284744,1.46,0,-0.31997731955365494,-0.2038440417390709
RNU6-447P,Pseudogene,RNU6,0.9685521147834452,0.25,0.07,0,-0.5813807697978673,-0.5717655566878781
RNU6-448P,Pseudogene,RNU6,1.2335539663629311,-0.046000000089407,0.26,0,-0.5552375834736212,-0.6456319442693905
RNU6-449P,Pseudogene,RNU6,1.330939805812636,-0.108999997377396,0,0,-0.4807393711639123,-0.5881863478108872
RNU6-44P,Pseudogene,RNU6,1.266015912846166,0.29899999499321,0,0,-0.32261710222583095,-0.23239366343492288
RNU6-450P,Pseudogene,RNU6,1.3634017522958712,0.238000005483627,0,0,1.198345901533485,2.031947819155714
RNU6-451P,Pseudogene,RNU6,0.9413964480138156,-0.0860000029206276,0,0,1.6600171216385846,3.023550148496152
RNU6-452P,Pseudogene,RNU6,1.266015912846166,0.211999997496605,0,0,-0.7141775059958434,-1.105567075035467
RNU6-453P,Pseudogene,RNU6,0.9807326890464418,-0.108999997377396,0,0,-0.3707092307011855,-0.10628519426224996
RNU6-454P,Pseudogene,RNU6,1.103706180429991,-0.207000002264977,0,0,0.6462616840790126,1.622337166931831
RNU6-455P,Pseudogene,RNU6,1.006320340980286,0.263999998569489,0.21,0,-0.07341693265159618,0.20521426598590908
RNU6-456P,Pseudogene,RNU6,0.9413964480138156,0.185000002384186,0,0,-0.6219121821094836,-0.6340854473789105
RNU6-45P,Pseudogene,RNU6,1.3634017522958712,0.232999995350838,0.35,0,0.33139829689521766,1.0399592362338177
RNU6-460P,Pseudogene,RNU6,1.1256480516640297,0.194999992847443,0.72,0,-0.5080278914303925,-0.549626809916972
RNU6-461P,Pseudogene,RNU6,1.0387822874635209,-0.256000012159348,0.67,0,-0.6024286486913927,-0.5113839588200197
RNU6-462P,Pseudogene,RNU6,1.3893713094824591,0.30799999833107,0,0,-0.403792568956886,-0.5788013840160547
RNU6-463P,Pseudogene,RNU6,1.006320340980286,0.0089999996125698,0,0,-0.5190476577813385,-0.3866703373594072
RNU6-464P,Pseudogene,RNU6,1.001950463569081,-0.163500003516674,0,0,-0.6418020514331074,-0.631966366528569
RNU6-466P,Pseudogene,RNU6,1.1802911609681086,0.30799999833107,0.09,0,-0.5240025998446436,-0.638146863441415
RNU6-467P,Pseudogene,RNU6,1.4841011714926269,0.338500007987022,5.72,0,1.085396090786176,1.9655371663872319
RNU6-468P,Pseudogene,RNU6,1.115321005318488,0.211999997496605,0,0,-0.4717268541002257,-0.40133409471203857
RNU6-469P,Pseudogene,RNU6,0.8597594736896406,-0.223000004887581,0,0,-0.7078286906090556,-0.6264053153631168
RNU6-46P,Pseudogene,RNU6,1.330939805812636,0.137999996542931,1.09,0,-0.2618930324441101,-0.05854571272865171
RNU6-470P,Pseudogene,RNU6,1.001950463569081,0.211999997496605,0,0,-0.5102581832749434,-0.42775993039559457
RNU6-471P,Pseudogene,RNU6,1.2779594591937713,0.284000009298325,0,0,-0.43436688962361286,-0.5264464660227984
RNU6-472P,Pseudogene,RNU6,1.4932495382288111,0.284000009298325,0,0,-0.35505731582976313,-0.5277138019685111
RNU6-473P,Pseudogene,RNU6,0.4220053042820553,-0.167999997735023,0,0,-0.8627077333921721,-0.5671006479163937
RNU6-474P,Pseudogene,RNU6,0.8115486620808757,0.30799999833107,0,0,-0.5954884404961327,-0.4935250343505281
RNU6-475P,Pseudogene,RNU6,1.3025356026398056,-0.163000002503395,0,0,-0.5726252407344843,-0.6736447084688963
RNU6-476P,Pseudogene,RNU6,1.2335539663629311,0.30799999833107,1.84,0,-0.3573989488192031,-0.27256552351259444
RNU6-477P,Pseudogene,RNU6,1.4607875917455764,0.214000001549721,0,0,-0.27064050319323735,-0.29149628232650926
RNU6-478P,Pseudogene,RNU6,1.2946414474722916,0.214000001549721,0,0,-0.49689590088561625,-0.6874398459222483
RNU6-479P,Pseudogene,RNU6,0.7608461932880134,0.0610000006854534,1.37,0,-0.9426474630609577,-1.1296053874266352
RNU6-47P,Pseudogene,RNU6,1.6880212171282214,0.0769999995827675,0.66,0,-0.16530463247884866,-0.15425663916144888
RNU6-480P,Pseudogene,RNU6,1.201092019879696,-0.104999996721745,0,0,-0.3933848119142771,-0.2039757145083887
RNU6-481P,Pseudogene,RNU6,0.7790867155976406,-0.184000000357628,0.71,0,-0.6336316343579006,-0.31849588775108584
RNU6-482P,Pseudogene,RNU6,1.5906353776785165,-0.0149999996647239,0,0,-0.12433855477872922,-0.06257454249304778
RNU6-483P,Pseudogene,RNU6,0.7718729497124773,0.284000009298325,0.42,0,-0.6815565122528244,-0.6764195211291755
RNU6-484P,Pseudogene,RNU6,1.5906353776785165,0.0850000008940697,0.67,0,-0.31917844727549016,-0.4255479519535714
RNU6-485P,Pseudogene,RNU6,1.0387822874635209,-0.0900000035762787,10.96,0,-0.5174156022202085,-0.35656183704161165
RNU6-486P,Pseudogene,RNU6,1.103706180429991,0.0270000007003546,0,0,-0.4673476889147998,-0.34782873557901106
RNU6-487P,Pseudogene,RNU6,0.9351537659978092,0.282000005245209,0,0,-0.4237551155862745,-0.16497642456264
RNU6-488P,Pseudogene,RNU6,1.0876391564130363,-0.142000004649162,0,0,-0.6177275265463039,-0.6335332688356865
RNU6-489P,Pseudogene,RNU6,1.0387822874635209,0.144999995827675,0.09,0,-0.31852605660981176,-0.06997806701994719
RNU6-48P,Pseudogene,RNU6,1.006320340980286,0.211999997496605,0.91,0,-0.4154921316913026,-0.16763431782281782
RNU6-490P,Pseudogene,RNU6,1.3958636987791062,0.003000000026077,0.3,0,-0.383860098665329,-0.38572458320360403
RNU6-491P,Pseudogene,RNU6,1.1367583441220122,-0.0665000006556511,0,0,-0.5697409204059186,-0.6086605677806004
RNU6-492P,Pseudogene,RNU6,1.2023405562828977,0.421000003814697,0,0,0.8906451359175908,1.6839307773500947
RNU6-493P,Pseudogene,RNU6,1.318616289092149,0.217999994754791,0,0,-0.4278985520453138,-0.5658541669968706
RNU6-494P,Pseudogene,RNU6,1.0806221295974685,-0.134499996900558,0,0,-0.4861833488198779,-0.29053094315137973
RNU6-495P,Pseudogene,RNU6,1.6880212171282214,0.303999990224838,0.71,0,0.35116031167583966,0.6408030003288867
RNU6-496P,Pseudogene,RNU6,0.8420432178681572,0.305000007152557,0,0,-0.5402817942509918,-0.4011008201510823
RNU6-497P,Pseudogene,RNU6,1.0353488123547172,0.375999987125397,0,0,-0.08704108082181992,0.33128924374660557
RNU6-498P,Pseudogene,RNU6,0.5518530902149955,0.298000007867813,0,0,-0.6569101450047162,-0.3774321307458039
RNU6-499P,Pseudogene,RNU6,1.5906353776785165,-0.149000003933907,0,0,-0.31586941926115547,-0.3573323254029766
RNU6-49P,Pseudogene,RNU6,1.298477859329401,0.146999999880791,2.66,0,0.24484763256473663,0.9973904496608503
RNU6-4P,Pseudogene,RNU6,1.330939805812636,0.360000014305115,0,0,-0.2241548159820156,-0.07754059424165538
RNU6-500P,Pseudogene,RNU6,1.266015912846166,-0.0209999997168779,0,0,-0.47835341428263406,-0.4897502058090233
RNU6-501P,Pseudogene,RNU6,0.5557485237929837,0.239999994635582,0,0,0.4093633139955944,1.5853144390089837
RNU6-502P,Pseudogene,RNU6,0.9648411871405967,0.214000001549721,0,0,0.8288026626790077,1.8953114658028305
RNU6-503P,Pseudogene,RNU6,0.6946856547412297,0.171000003814697,0,0,-0.7891631619516833,-0.832668269937425
RNU6-504P,Pseudogene,RNU6,0.7681620220696289,0.197999998927116,0,0,-0.7009843270407539,-0.6691823857579893
RNU6-505P,Pseudogene,RNU6,0.8764725550473457,0.214000001549721,0,0,-0.6572475771389134,-0.681426589724446
RNU6-506P,Pseudogene,RNU6,0.775978656891799,0.301999986171722,0,0,-0.6565298617932539,-0.5924169322894823
RNU6-507P,Pseudogene,RNU6,1.2851684612712748,0.0360000003129244,0,0,-0.396880635579898,-0.4644369562912685
RNU6-508P,Pseudogene,RNU6,1.315181579364464,-0.214000001549721,0,0,-0.49680751121110717,-0.5325006136628571
RNU6-509P,Pseudogene,RNU6,1.2335539663629311,0.347000002861023,0.99,0,0.7134735831049867,1.2094661327799803
RNU6-50P,Pseudogene,RNU6,0.9779555333735755,0.20100000500679,0.75,0,-0.5742149645355955,-0.5642311051526256
RNU6-510P,Pseudogene,RNU6,1.736714136853074,0.0175000000745058,1.07,0,-0.17994670961370746,-0.22802369554486232
RNU6-511P,Pseudogene,RNU6,1.168630073396461,-0.241999998688698,0,0,-0.35940379061374667,-0.06164452409478971
RNU6-512P,Pseudogene,RNU6,0.910510324175398,0.204999998211861,0,0,-0.5649270434798216,-0.4844356138293093
RNU6-514P,Pseudogene,RNU6,1.4283256452623412,0.252000004053116,0,0,-0.26774912720480465,-0.2661687998788886
RNU6-516P,Pseudogene,RNU6,1.4027306489967135,0.28999999165535,4.16,0,1.194918380653182,2.117311745497317
RNU6-517P,Pseudogene,RNU6,0.8525687580915091,-0.0925000011920929,0,0,0.5600245897545308,1.2847606928282447
RNU6-518P,Pseudogene,RNU6,1.157809424568716,0.284000009298325,0,0,0.7264201605940834,1.311027564657931
RNU6-519P,Pseudogene,RNU6,1.1899707974734026,0.214000001549721,0,0,0.5441229558058231,0.9033964032119086
RNU6-520P,Pseudogene,RNU6,0.6345686269270847,-0.25900000333786,0,0,-0.8322585138042335,-0.6869820949895313
RNU6-522P,Pseudogene,RNU6,1.3634017522958712,-0.0579999983310699,0,0,-0.43970330387970585,-0.4837068711548412
RNU6-523P,Pseudogene,RNU6,1.286454916187462,0.165999993681908,0,0,-0.5313575191305111,-0.7189098233352625
RNU6-524P,Pseudogene,RNU6,1.2335539663629311,0.284000009298325,0,0,-0.43232226807383184,-0.4359031902648563
RNU6-525P,Pseudogene,RNU6,1.1689422074972615,0.30799999833107,0,0,-0.36692321715782017,-0.47269997343533987
RNU6-526P,Pseudogene,RNU6,1.6384095630689377,-0.229000002145767,0,0,-0.35128016877877827,-0.48596105419457075
RNU6-527P,Pseudogene,RNU6,1.0353488123547172,0.347000002861023,0.27,0,-0.4446789786894481,-0.35456832726559
RNU6-528P,Pseudogene,RNU6,1.1809656130600903,0.30799999833107,0,0,-0.525507347237858,-0.714062068678421
RNU6-529P,Pseudogene,RNU6,1.0353488123547172,0.144999995827675,0,0,0.7842989191183246,1.8800326712637627
RNU6-530P,Pseudogene,RNU6,1.0387822874635209,0.0419999994337559,3.27,0,-0.6158962365906152,-0.6508735774283783
RNU6-531P,Pseudogene,RNU6,1.3693323002110775,0.305000007152557,1.89,0,-0.3842819301880363,-0.4767326531696547
RNU6-532P,Pseudogene,RNU6,1.136168126913226,0.30799999833107,0,0,0.18891851147651262,0.7288987809927979
RNU6-533P,Pseudogene,RNU6,1.6230973241617517,0.305000007152557,0,0,0.2487098637719829,0.6345525804391089
RNU6-534P,Pseudogene,RNU6,0.7864365902730902,0.0564999990165234,0.37,0,-0.7303607281447163,-0.7085919426887123
RNU6-535P,Pseudogene,RNU6,1.266015912846166,-0.172000005841255,0,0,-0.5162492850243445,-0.5393145739966271
RNU6-536P,Pseudogene,RNU6,1.298477859329401,0.301999986171722,0,0,-0.11713474057137706,0.05806370101411467
RNU6-537P,Pseudogene,RNU6,0.9442329287744868,0.263999998569489,0,0,-0.5961281885995813,-0.5601988089992925
RNU6-538P,Pseudogene,RNU6,0.7790867155976406,-0.116999998688698,0,0,-0.6685327315737926,-0.46482588500481503
RNU6-539P,Pseudogene,RNU6,1.5175172069589966,0.30799999833107,0,0,-0.225269399683269,-0.25753662276492767
RNU6-53P,Pseudogene,RNU6,1.2451912679323929,-0.025000000372529,0.37,0,-0.22557828046866604,-0.13911571785837318
RNU6-540P,Pseudogene,RNU6,1.272444021060668,-0.0439999997615814,2.77,0,-0.5038486039936,-0.5632300673577486
RNU6-541P,Pseudogene,RNU6,1.1367583441220122,0.30799999833107,0.35,0,-0.4165209766817092,-0.37881135274805366
RNU6-542P,Pseudogene,RNU6,0.8430651149772205,0.347000002861023,0,0,-0.74307753166928725,-0.8591845261159459
RNU6-543P,Pseudogene,RNU6,1.3829390349015218,0.28600001335144,0,0,0.6891989036156103,1.425296968762301
RNU6-544P,Pseudogene,RNU6,1.330939805812636,-0.19200000166893,0,0,-0.4786673706668093,-0.4998567641162073
RNU6-545P,Pseudogene,RNU6,1.5697223929248938,0.152999997138977,0,0,-0.3430994412688221,-0.5230159858911798
RNU6-546P,Pseudogene,RNU6,0.5193911437317604,0.214000001549721,0,0,-0.7465707982813884,-0.5332704872447492
RNU6-547P,Pseudogene,RNU6,0.9194368959810392,0.293999999761581,0,0,0.7632302443431725,1.4584491803453532
RNU6-548P,Pseudogene,RNU6,0.9363154476947008,-0.186000004410744,2.65,0,-0.4802683774264756,-0.15162131914464244
RNU6-549P,Pseudogene,RNU6,1.4607875917455764,0.305000007152557,5.87,0,0.8795856680132262,1.813041429723204
RNU6-54P,Pseudogene,RNU6,1.298477859329401,0.164000004529953,0,0,-0.4502069986619077,-0.5313363374334276
RNU6-550P,Pseudogene,RNU6,0.7909787157944694,-0.0410000011324883,0.23,0,-0.7373330928030618,-0.6832971632336127
RNU6-551P,Pseudogene,RNU6,0.9442329287744868,0.30799999833107,0,0,-0.5385835911819156,-0.45951964398229145
RNU6-552P,Pseudogene,RNU6,1.0215965510900435,0.214000001549721,0,0,-0.46608045673786397,-0.33441329263579067
RNU6-553P,Pseudogene,RNU6,1.3748986916753505,0.078999999910593,0.71,0,-0.16754666910827443,-0.0789364777922286
RNU6-554P,Pseudogene,RNU6,1.376264032977908,-0.261000007390976,0,0,0.15481343072641265,0.648423202512161
RNU6-555P,Pseudogene,RNU6,0.9830457378413626,-0.0654999986290932,0,0,-0.6657540697905763,-0.7023288737922077
RNU6-556P,Pseudogene,RNU6,1.356291040209067,0.30799999833107,0,0,-0.34006427010261325,-0.41206223668784114
RNU6-557P,Pseudogene,RNU6,1.0104518614417886,0.261999994516373,0,0,0.29001606544633934,1.08234563325145
RNU6-558P,Pseudogene,RNU6,1.4027306489967135,0.30799999833107,0,0,0.49972178433412806,1.268125385968169
RNU6-559P,Pseudogene,RNU6,1.1341806608020075,0.301999986171722,0,0,0.7334896628788972,1.4411084037090587
RNU6-55P,Pseudogene,RNU6,0.8115486620808757,-0.116500001400709,0,0,-0.7037296984410871,-0.5678353456656564
RNU6-560P,Pseudogene,RNU6,1.4794231536155815,-0.136000007390976,0,0,-0.3752644680219406,-0.39370080988597045
RNU6-561P,Pseudogene,RNU6,0.9194368959810392,0.390000000596046,0,0,-0.5626425847094163,-0.548666550603309
RNU6-562P,Pseudogene,RNU6,0.9413964480138156,0.120999999344349,0,0,-0.5641529228760461,-0.48099636897752
RNU6-563P,Pseudogene,RNU6,0.9326798142359102,-0.028999999165535,0,0,0.616913635176927,1.759975687310157
RNU6-564P,Pseudogene,RNU6,1.2691372538541694,0.0604999996721745,1.23,0,-0.45014948160870966,-0.46187393178404007
RNU6-565P,Pseudogene,RNU6,1.3893713094824591,-0.150999993085861,0,0,-0.5040078090199048,-0.6191206361827004
RNU6-566P,Pseudogene,RNU6,1.5581734311952813,-0.096000000834465,0,0,-0.49302877962310043,-0.7710334943240654
RNU6-567P,Pseudogene,RNU6,1.330939805812636,0.30799999833107,0,0,-0.34900793146525255,-0.35872264386697383
RNU6-56P,Pseudogene,RNU6,1.6433424090652744,0.312000006437302,0,0,-0.38508776144047313,-0.766301442015137
RNU6-570P,Pseudogene,RNU6,0.860087001108189,-0.188999995589256,0,0,-0.6876032747272638,-0.6183324440039466
RNU6-571P,Pseudogene,RNU6,1.201092019879696,0.30799999833107,0,0,-0.39654847949007327,-0.38164091671542777
RNU6-572P,Pseudogene,RNU6,0.9986106286905176,-0.0750000029802322,0,0,-0.07067926908914349,0.5371911617047503
RNU6-573P,Pseudogene,RNU6,1.736714136853074,0.30799999833107,0,0,-0.3125015234936232,-0.6815414508151224
RNU6-574P,Pseudogene,RNU6,1.330939805812636,-0.135000005364418,0.55,0,-0.39721087684448525,-0.28143516354415715
RNU6-575P,Pseudogene,RNU6,0.8270067318347971,-0.0850000008940697,0,0,-0.9339959515444685,-1.1172871435092833
RNU6-576P,Pseudogene,RNU6,1.6005012633744016,0.30799999833107,0,0,-0.3276194074675773,-0.5635777121786764
RNU6-577P,Pseudogene,RNU6,1.4177258260025094,0.30799999833107,1.62,0,-0.11813943173252764,-0.06478407109635953
RNU6-578P,Pseudogene,RNU6,1.3826267885626415,0.204999998211861,0,0,-0.6668084960385381,-1.0977056732462562
RNU6-579P,Pseudogene,RNU6,0.7151175857630304,-0.0685000009834766,0,0,-0.9781923362765281,-1.1253724015744067
RNU6-57P,Pseudogene,RNU6,1.2140137655671974,-0.330000013113022,0,0,-0.6112288425852342,-0.6403380945938405
RNU6-580P,Pseudogene,RNU6,0.9738583944970508,0.30799999833107,0,0,-0.47300157015525346,-0.34066074521419903
RNU6-581P,Pseudogene,RNU6,1.356291040209067,-0.0890000015497208,0,0,-0.5641686031817601,-0.7954457203268228
RNU6-582P,Pseudogene,RNU6,1.3634017522958712,-0.247999995946884,0,0,-0.38752748377236124,-0.2861982934757957
RNU6-583P,Pseudogene,RNU6,1.3591675853632754,-0.235999993979931,2.75,0,-0.5754212233533144,-0.729871335776993
RNU6-584P,Pseudogene,RNU6,1.060309683552403,0.347000002861023,1.13,0,1.1705035134732114,2.069741359400726
RNU6-586P,Pseudogene,RNU6,1.4027306489967135,0.0314999995753169,0,0,-0.28255697763924986,-0.3657397264203559
RNU6-587P,Pseudogene,RNU6,0.9175093553186052,-0.176500000059605,0,0,-0.6855723042831245,-0.6550777004457626
RNU6-588P,Pseudogene,RNU6,1.3893713094824591,0.453999996185303,0,0,-0.4165309690958621,-0.61695314115111
RNU6-589P,Pseudogene,RNU6,0.7790867155976406,0.293000012636185,1.33,0,-0.5159992555230085,-0.2402566177615393
RNU6-58P,Pseudogene,RNU6,1.5175172069589966,0.0329999998211861,0,0,-0.6330358596345961,-1.0795473197155683
RNU6-590P,Pseudogene,RNU6,1.4607875917455764,0.0939999967813492,0,0,-0.33216144358121785,-0.35271035697901926
RNU6-591P,Pseudogene,RNU6,1.081350311625499,0.197999998927116,0,0,-0.524681079123714,-0.49830476853711586
RNU6-592P,Pseudogene,RNU6,1.112845951769931,-0.230000004172325,0,0,0.9072593218031724,1.8775761416198737
RNU6-593P,Pseudogene,RNU6,1.5196248697464398,-0.214000001549721,0.85,0,-0.36052865304294207,-0.3863405180926333
RNU6-595P,Pseudogene,RNU6,1.298477859329401,0.293000012636185,0.56,0,-0.31962135199670727,-0.2752928742792805
RNU6-596P,Pseudogene,RNU6,1.0278512238518194,-0.252999991178513,0,0,-0.1424656062479929,0.4524806892780584
RNU6-597P,Pseudogene,RNU6,1.3280755164170566,0.30799999833107,0,0,0.3838808336580154,0.8103485072987895
RNU6-598P,Pseudogene,RNU6,1.3232107709356753,0.30799999833107,0,0,0.11591952811301583,0.48959525385906066
RNU6-599P,Pseudogene,RNU6,1.7854070565779263,-0.20100000500679,0,0,-0.2960273500934783,-0.4813588592052969
RNU6-59P,Pseudogene,RNU6,1.266015912846166,0.303000003099442,0.73,0,-0.3457005569225776,-0.3341875588458751
RNU6-5P,Pseudogene,RNU6,1.136168126913226,0.0759999975562096,1.75,0,-0.3234561473268921,-0.059198932822417887
RNU6-600P,Pseudogene,RNU6,0.9823837541795166,0.187999993562698,0,0,1.4977047268236003,2.93856216598349
RNU6-601P,Pseudogene,RNU6,0.6492389296647005,-0.118000000715256,0,0,-0.6952720252733637,-0.4031897162642793
RNU6-602P,Pseudogene,RNU6,1.190889693842108,0.006000000052154,0.09,0,-0.5274505137342956,-0.6023232589647202
RNU6-603P,Pseudogene,RNU6,1.006320340980286,0.294999986886978,0.26,0,-0.49559087980916905,-0.4161750966034287
RNU6-604P,Pseudogene,RNU6,1.2851684612712748,0.30799999833107,0,0,-0.44841473170930796,-0.6097050921048808
RNU6-605P,Pseudogene,RNU6,1.2221321703780892,0.305000007152557,0,0,-0.025318044202993134,0.22075266679831365
RNU6-606P,Pseudogene,RNU6,1.06393298473882,0.104999996721745,0.66,0,-0.5905534936316484,-0.6146746988871811
RNU6-607P,Pseudogene,RNU6,0.868357068426537,-0.0315000005066395,0,0,-0.755331346617573,-0.8006765213823013
RNU6-608P,Pseudogene,RNU6,1.60312074171053,0.284000009298325,0,0,-0.37697609079966715,-0.6535104126957962
RNU6-609P,Pseudogene,RNU6,0.6817008761479356,0.289000004529953,0,0,-0.09974487861795896,0.6296514497060193
RNU6-60P,Pseudogene,RNU6,1.2140137655671974,0.305000007152557,12.28,0,-0.4011182479473732,-0.3849770374292357
RNU6-610P,Pseudogene,RNU6,1.2335539663629311,-0.160999998450279,0.68,0,-0.5099172886757836,-0.5049234255274331
RNU6-611P,Pseudogene,RNU6,1.1021455099259891,0.136999994516373,5.55,0,1.0467383119138705,2.0711589464817344
RNU6-612P,Pseudogene,RNU6,0.9534901143507074,0.194999992847443,0,0,-0.13377388886938632,0.32611618536114056
RNU6-613P,Pseudogene,RNU6,0.9005184413312235,0.214000001549721,0,0,-0.5971689117323141,-0.5507591253996911
RNU6-615P,Pseudogene,RNU6,1.1468866941482565,0.30799999833107,0,0,-0.07517581265741584,0.2469029429163221
RNU6-616P,Pseudogene,RNU6,0.8115486620808757,0.284000009298325,0,0,-0.5924306362891578,-0.4763841028627053
RNU6-617P,Pseudogene,RNU6,0.9089345015305808,-0.180999994277954,0,0,-0.6534334047848102,-0.5109827817270812
RNU6-618P,Pseudogene,RNU6,1.147471840420781,0.347000002861023,0.34,0,-0.04865165339474091,0.2950155213328489
RNU6-619P,Pseudogene,RNU6,0.6110660851890446,0.0425000004470348,3.06,0,-0.6686278051406965,-0.3684472431901913
RNU6-61P,Pseudogene,RNU6,1.2746525775068434,0.194000005722046,0,0,0.22662830929781605,0.8790598224493187
RNU6-620P,Pseudogene,RNU6,1.1216278800509438,0.298000007867813,0,0,-0.5109562822679832,-0.5724733151839363
RNU6-621P,Pseudogene,RNU6,1.2109199486315012,0.214000001549721,1.3,0,-0.42387199306052226,-0.4052370545931769
RNU6-622P,Pseudogene,RNU6,1.281458974765375,0.30799999833107,0,0,-0.39616457713387576,-0.46119442570661345
RNU6-623P,Pseudogene,RNU6,1.1247291552953242,0.305000007152557,0.97,0,-0.011963070343957875,0.4879587007847885
RNU6-624P,Pseudogene,RNU6,0.7466247691144057,0.282999992370605,0,0,-0.6152325219954626,-0.4492863806605841
RNU6-625P,Pseudogene,RNU6,1.298477859329401,-0.11599999666214,0,0,-0.13416094068525444,0.16375015758982314
RNU6-626P,Pseudogene,RNU6,0.9738583944970508,-0.0729999989271164,0,0,-0.5209487033856656,-0.33759827930792125
RNU6-627P,Pseudogene,RNU6,0.8172772408720348,0.30799999833107,0,0,-0.663455549950794,-0.6641572284333821
RNU6-628P,Pseudogene,RNU6,1.266015912846166,-0.101000003516674,0.26,0,-0.2829123738077041,-0.03697726640647795
RNU6-629P,Pseudogene,RNU6,0.6744520919817764,0.30799999833107,0,0,-0.7139053297560926,-0.6611799508601387
RNU6-62P,Pseudogene,RNU6,1.2259158613080523,-0.119000002741814,0.56,0,-0.5535776187922546,-0.5953528023831341
RNU6-630P,Pseudogene,RNU6,0.7864365902730902,0.0084999999962747,0,0,-0.6195260944118895,-0.41474419370465454
RNU6-632P,Pseudogene,RNU6,1.0311740187565128,-0.08249999769032,0,0,-0.5922110020840502,-0.5137789261452418
RNU6-633P,Pseudogene,RNU6,1.315181579364464,0.277999997138977,0,0,1.1787501767847461,1.936614589260855
RNU6-634P,Pseudogene,RNU6,0.9175093553186052,-0.239500001072884,0,0,-0.6150215247595496,-0.41844557351192696
RNU6-635P,Pseudogene,RNU6,1.2599690796777203,0.144000001251698,0,0,-0.569609048630019,-0.8231963639388595
RNU6-636P,Pseudogene,RNU6,1.330939805812636,0.145999997854233,0,0,-0.42180077601540705,-0.5143294992567695
RNU6-637P,Pseudogene,RNU6,1.0712442339467558,0.146999999880791,0.21,0,-0.4567640679764992,-0.33432577773714095
RNU6-638P,Pseudogene,RNU6,1.1689422074972615,0.458999991416931,5.51,0,-0.5618893872718652,-0.7724993657617948
RNU6-639P,Pseudogene,RNU6,1.103706180429991,0.30799999833107,0,0,-0.4174080623330659,-0.31738540562415646
RNU6-63P,Pseudogene,RNU6,0.9871848777901684,0.263999998569489,0,0,-0.5860293292528365,-0.5976177817276697
RNU6-640P,Pseudogene,RNU6,0.9593278089283648,0.0719999969005585,0,0,-0.05982548456430315,0.5748854278532726
RNU6-641P,Pseudogene,RNU6,0.6492389296647005,0.138999998569489,0,0,-0.6269097794112977,-0.32622368819374037
RNU6-643P,Pseudogene,RNU6,1.266015912846166,0.194999992847443,0,0,-0.38995113971851136,-0.3657285923356512
RNU6-644P,Pseudogene,RNU6,1.736714136853074,-0.035500000230968,0,0,0.021020786083509335,0.061836585365612026
RNU6-645P,Pseudogene,RNU6,1.2779594591937713,-0.280499994754791,0,0,-0.27509896886266416,-0.09451730718398395
RNU6-646P,Pseudogene,RNU6,1.507336798023423,-0.262000009417534,0.37,0,-0.41971633804082037,-0.518170162654023
RNU6-647P,Pseudogene,RNU6,1.2335539663629311,-0.27700001001358,0.26,0,-0.4880951331712442,-0.40395025714804184
RNU6-648P,Pseudogene,RNU6,0.9413964480138156,0.30799999833107,0,0,-0.5171258865435007,-0.4217885008411499
RNU6-649P,Pseudogene,RNU6,1.201092019879696,0.30799999833107,0,0,-0.4369281672771091,-0.4550745475404113
RNU6-64P,Pseudogene,RNU6,0.9593278089283648,0.0140000004321337,0,0,-0.67282570841545,-0.6968603045327618
RNU6-650P,Pseudogene,RNU6,1.2829780110085771,0.28600001335144,0,0,-0.5398387119053125,-0.7631707387848137
RNU6-651P,Pseudogene,RNU6,0.6285251161944458,0.104000002145767,0,0,-0.7386953836757663,-0.579921800391537
RNU6-652P,Pseudogene,RNU6,0.9738583944970508,-0.142000004649162,2.9,0,-0.6005364308403184,-0.4854558603599519
RNU6-653P,Pseudogene,RNU6,1.343495841716529,0.0804999992251396,0.24,0,-0.4074557936359984,-0.42391739520817856
RNU6-654P,Pseudogene,RNU6,1.2335539663629311,0.28999999165535,0,0,-0.40194692177082886,-0.4007493592479899
RNU6-655P,Pseudogene,RNU6,1.5257114847120463,0.30799999833107,0,0,-0.27190699692022247,-0.36550142363207017
RNU6-656P,Pseudogene,RNU6,1.6230973241617517,-0.123999997973442,0,0,-0.31744502427813737,-0.39337362963133526
RNU6-657P,Pseudogene,RNU6,0.8440106085641107,0.30799999833107,0,0,0.3913296452923393,1.2019892452414842
RNU6-658P,Pseudogene,RNU6,1.081350311625499,0.0559999998658895,7.01,0,-0.46253886899909075,-0.29373082810786927
RNU6-659P,Pseudogene,RNU6,1.0687471611403534,0.26800000667572,0,0,-0.5894909521893421,-0.7000137894844253
RNU6-65P,Pseudogene,RNU6,1.4886121173026348,-0.224500000476837,0,0,0.7964122221127077,1.419497602512808
RNU6-660P,Pseudogene,RNU6,1.147187319756159,0.266999989748001,0,0,0.8903890714478526,1.3326571938422673
RNU6-661P,Pseudogene,RNU6,1.5906353776785165,0.101999998092651,0,0,-0.3312983406709263,-0.5040929938266376
RNU6-662P,Pseudogene,RNU6,1.0687471611403534,0.211999997496605,0,0,-0.5187744338611043,-0.5064491201557105
RNU6-663P,Pseudogene,RNU6,0.8192047815344689,0.293000012636185,0,0,-0.6204082927407896,-0.49843305890516826
RNU6-664P,Pseudogene,RNU6,0.7141628226311706,0.303000003099442,0,0,-0.6264100210543776,-0.44306006045961055
RNU6-665P,Pseudogene,RNU6,1.2335539663629311,0.44200000166893,0,0,-0.43011073740626266,-0.5319256181387154
RNU6-666P,Pseudogene,RNU6,1.4607875917455764,0.326999992132187,0,0,-0.618804322896036,-1.099440722152015
RNU6-667P,Pseudogene,RNU6,1.4302351715260608,-0.221000000834465,0,0,-0.41871936357386025,-0.4643360649859607
RNU6-668P,Pseudogene,RNU6,1.266015912846166,-0.170000001788139,0,0,-0.2194672994595456,-0.20737796804361225
RNU6-669P,Pseudogene,RNU6,1.298477859329401,0.156000003218651,0,0,-0.293121541480933,-0.12358368583018167
RNU6-66P,Pseudogene,RNU6,1.0687471611403534,-0.175999999046326,0,0,-0.5103659953765175,-0.31471830275373913
RNU6-670P,Pseudogene,RNU6,0.5677719293558127,0.30799999833107,0,0,-0.7611409326673293,-0.6759382931865703
RNU6-672P,Pseudogene,RNU6,1.298477859329401,-0.0700000002980232,0,0,-0.35229491527772083,-0.19903609976476075
RNU6-673P,Pseudogene,RNU6,1.3359339514254416,0.284000009298325,0,0,-0.5283289643668521,-0.7756236418332059
RNU6-674P,Pseudogene,RNU6,0.5193911437317604,0.0405000001192093,0.36,0,-0.8185786249424629,-0.6620377998478073
RNU6-675P,Pseudogene,RNU6,0.834958719640901,0.0919999983161688,0,0,-0.5685847461930276,-0.34396876133952353
RNU6-677P,Pseudogene,RNU6,1.1348825052703255,0.0070000002160668,0,0,-0.7947586817375254,-1.1026392807653556
RNU6-678P,Pseudogene,RNU6,0.9559894331301324,0.30799999833107,1.15,0,-0.10969881934692953,0.30803451838324886
RNU6-679P,Pseudogene,RNU6,1.2451912679323929,0.214000001549721,0,0,-0.5295547485377772,-0.732212045587519
RNU6-67P,Pseudogene,RNU6,1.145873244933987,0.214000001549721,0.1,0,-0.5662747266202532,-0.6864856190046026
RNU6-680P,Pseudogene,RNU6,1.2570502323888917,-0.125,0,0,-0.4827502881551874,-0.49274848159569273
RNU6-681P,Pseudogene,RNU6,1.703315788067438,0.0010000001639127,1.39,0,-0.33140112153240997,-0.598738895662049
RNU6-682P,Pseudogene,RNU6,1.4090322242392863,0.287000000476837,0,0,-0.010049330153917744,0.21070735941498114
RNU6-684P,Pseudogene,RNU6,1.2451912679323929,0.214000001549721,0,0,-0.40116177708130907,-0.41165184502522406
RNU6-685P,Pseudogene,RNU6,0.7312480576223469,0.103000000119209,0,0,-0.6842705393651923,-0.5422841483920825
RNU6-686P,Pseudogene,RNU6,1.0387822874635209,0.214000001549721,0,0,0.05421744784692867,0.7651786400270372
RNU6-687P,Pseudogene,RNU6,1.209845803201018,0.31700000166893,0,0,-0.537745709651524,-0.7678121715392495
RNU6-689P,Pseudogene,RNU6,1.2335539663629311,0.305000007152557,1.45,0,0.5964511061732658,1.3445361772049278
RNU6-68P,Pseudogene,RNU6,1.1689422074972615,0.268999993801117,0,0,-0.5754256253773332,-0.7645875586964874
RNU6-690P,Pseudogene,RNU6,0.9830457378413626,0.282999992370605,0,0,-0.6396492229204898,-0.728735211811553
RNU6-692P,Pseudogene,RNU6,0.9738583944970508,-0.18299999833107,0,0,-0.6030209743847835,-0.5065857625897359
RNU6-694P,Pseudogene,RNU6,1.5358696448360518,0.214000001549721,0.43,0,-0.3383150771088238,-0.5104964704940137
RNU6-695P,Pseudogene,RNU6,1.3359339514254416,0.305000007152557,0,0,-0.4698868727417115,-0.6739545768827913
RNU6-696P,Pseudogene,RNU6,1.266015912846166,-0.13400000333786,0,0,-0.4654508725967855,-0.41292079672258614
RNU6-697P,Pseudogene,RNU6,1.298477859329401,-0.230000004172325,0,0,-0.531150110654669,-0.5572773208999937
RNU6-698P,Pseudogene,RNU6,1.5581734311952813,0.203999996185303,0,0,0.2632513211514731,0.7619185820468032
RNU6-699P,Pseudogene,RNU6,1.2630648268022358,0.221000000834465,0,0,-0.7142460286381747,-1.1062553689934598
RNU6-700P,Pseudogene,RNU6,1.3958636987791062,-0.259999990463257,0,0,-0.5122171705260115,-0.6455080783607898
RNU6-701P,Pseudogene,RNU6,1.103706180429991,0.296999990940094,0,0,0.10464744052681561,0.7787205337158838
RNU6-702P,Pseudogene,RNU6,1.103706180429991,-0.36599999666214,0,0,-0.5226817874554279,-0.3489758815591664
RNU6-703P,Pseudogene,RNU6,1.7529451100946911,0.284000009298325,0.21,0,-0.01180249917493507,-0.10369255798574857
RNU6-704P,Pseudogene,RNU6,0.4383938597881546,0.30799999833107,0,0,-0.6744213954513942,-0.322884395778495
RNU6-705P,Pseudogene,RNU6,1.135543858711625,0.28099998831749,0,0,-0.47197670019406346,-0.4794542840634454
RNU6-706P,Pseudogene,RNU6,1.3359339514254416,0.0499999988824129,0,0,-0.4820520094978963,-0.6375189836861463
RNU6-707P,Pseudogene,RNU6,1.060309683552403,0.416999995708466,0.09,0,-0.3960867840347286,-0.24062714117892606
RNU6-708P,Pseudogene,RNU6,1.298477859329401,-0.243000000715256,0,0,-0.4380982411639608,-0.3737254405262144
RNU6-709P,Pseudogene,RNU6,1.2691372538541694,-0.0305000012740493,0,0,-0.7439951924100565,-1.0919610878713422
RNU6-70P,Pseudogene,RNU6,1.3314808382540235,0.211999997496605,0,0,-0.4176967439180663,-0.4787842900004425
RNU6-710P,Pseudogene,RNU6,0.9924080782017566,0.214000001549721,0,0,-0.5450987489101405,-0.4679306360870333
RNU6-711P,Pseudogene,RNU6,0.9175093553186052,0.30799999833107,0,0,-0.590948635219039,-0.5676293189374588
RNU6-712P,Pseudogene,RNU6,1.4935741576936437,0.287000000476837,0,0,-0.3136330412534077,-0.43268088722560805
RNU6-713P,Pseudogene,RNU6,1.4607875917455764,0.214000001549721,0,0,-0.28812869840098265,-0.31615172854554346
RNU6-714P,Pseudogene,RNU6,0.8767877195763092,0.261000007390976,0.22,0,-0.6413305543968123,-0.5875106536169816
RNU6-715P,Pseudogene,RNU6,0.8430651149772205,0.263999998569489,0,0,0.44378863229027504,1.199486870345828
RNU6-716P,Pseudogene,RNU6,0.9779555333735755,0.277999997138977,0,0,-0.009955004578050196,0.4130330499655729
RNU6-717P,Pseudogene,RNU6,1.3693323002110775,0.266000002622604,0,0,1.078663261679378,1.7125935596914925
RNU6-718P,Pseudogene,RNU6,1.3232107709356753,-0.0370000004768372,0,0,-0.722444896589361,-1.088133968425437
RNU6-719P,Pseudogene,RNU6,0.9351537659978092,0.291500002145767,0,0,-0.5713017412948636,-0.5487313796428791
RNU6-71P,Pseudogene,RNU6,1.006320340980286,0.282999992370605,0,0,-0.46650084596923136,-0.3569978168948847
RNU6-720P,Pseudogene,RNU6,1.157809424568716,0.30799999833107,0,0,-0.42844766771695336,-0.3490648123159118
RNU6-722P,Pseudogene,RNU6,0.9017554172121732,-0.0130000002682209,1.26,0,-0.5557786021538844,-0.32723977594864667
RNU6-723P,Pseudogene,RNU6,0.9738583944970508,0.268999993801117,0,0,-0.5382821347579644,-0.49378069523402296
RNU6-724P,Pseudogene,RNU6,1.190889693842108,-0.0920000001788139,0,0,-0.6042754923332995,-0.7216457905358298
RNU6-725P,Pseudogene,RNU6,0.7151175857630304,0.0769999995827675,0,0,-0.8090538098012393,-0.8171483777024414
RNU6-726P,Pseudogene,RNU6,0.5843150366982305,0.30799999833107,0.73,0,-0.6369937352142051,-0.33194015985650244
RNU6-727P,Pseudogene,RNU6,0.8115486620808757,0.30799999833107,0,0,-0.47255535734848025,-0.17684178009707477
RNU6-728P,Pseudogene,RNU6,1.2023405562828977,-0.167999997735023,0,0,0.8519844915419045,1.4664950136332562
RNU6-729P,Pseudogene,RNU6,1.7204831636114566,-0.273000001907349,0,0,-0.29809824408785157,-0.3632671693351506
RNU6-72P,Pseudogene,RNU6,1.3629908415808936,-0.0869999974966049,0,0,-0.3482668813092866,-0.2671479895446244
RNU6-730P,Pseudogene,RNU6,1.2691372538541694,-0.0580000001937151,0,0,-0.521839524259669,-0.6110220158506572
RNU6-731P,Pseudogene,RNU6,1.4081465974484384,0.217999994754791,0.63,0,0.17089551424699126,0.46128366229578566
RNU6-732P,Pseudogene,RNU6,1.5849624161571745,0.30799999833107,0,0,-0.15648092806533753,-0.11733669704176143
RNU6-733P,Pseudogene,RNU6,1.3693323002110775,0.0579999973997474,0,0,-0.4177106960414979,-0.4471592920432537
RNU6-735P,Pseudogene,RNU6,1.136168126913226,0.238000005483627,0,0,0.02523343628492426,0.5349052017890342
RNU6-737P,Pseudogene,RNU6,1.2335539663629311,0.300000011920929,0,0,0.7175108020649705,1.2777277475666866
RNU6-738P,Pseudogene,RNU6,1.1468866941482565,0.30799999833107,0,0,-0.40426059198226905,-0.3369846961763911
RNU6-739P,Pseudogene,RNU6,1.1465685563690198,-0.101999998092651,0.3,0,-0.5154595389246249,-0.4445828713589994
RNU6-73P,Pseudogene,RNU6,1.2335539663629311,-0.0829999968409538,0,0,-0.3810598621855459,-0.2030556616264801
RNU6-740P,Pseudogene,RNU6,1.2901305016622835,-0.0640000030398369,0,0,-0.4918977486096926,-0.5322192914041237
RNU6-741P,Pseudogene,RNU6,1.103706180429991,0.273999989032745,0,0,-0.5399750074408092,-0.6098144475551704
RNU6-742P,Pseudogene,RNU6,0.9089345015305808,0.30799999833107,0.47,0,-0.4968937816561884,-0.3269539238955386
RNU6-743P,Pseudogene,RNU6,1.343495841716529,0.239999994635582,0.67,0,-0.3127365765483355,-0.2720334269539016
RNU6-744P,Pseudogene,RNU6,0.8764725550473457,0.30799999833107,0,0,-0.5877361249942915,-0.5080308120838556
RNU6-745P,Pseudogene,RNU6,1.3107276504551504,0.0019999999203719,0,0,-0.4579674431736899,-0.511305096052672
RNU6-746P,Pseudogene,RNU6,1.115321005318488,-0.158999994397163,0,0,-0.4573238597558744,-0.26190241053772256
RNU6-747P,Pseudogene,RNU6,0.5677719293558127,0.261999994516373,0.03,0,-0.6874910326533098,-0.45827098877279093
RNU6-748P,Pseudogene,RNU6,1.5257114847120463,0.0769999995827675,1.18,0,-0.25724306638923977,-0.2488231464875576
RNU6-74P,Pseudogene,RNU6,0.9738583944970508,-0.109999999403954,0,0,-0.5580225711115916,-0.3780426791217937
RNU6-750P,Pseudogene,RNU6,0.7466247691144057,0.256999999284744,4.4,0,-0.7240862916564026,-0.6993392727540227
RNU6-752P,Pseudogene,RNU6,1.2940222980473886,-0.136500000953674,0,0,0.7409649507605424,1.22872261296312
RNU6-753P,Pseudogene,RNU6,1.3634017522958712,0.451999992132187,0,0,-0.26846165410649414,-0.24950328432054888
RNU6-754P,Pseudogene,RNU6,1.0387822874635209,0.0439999997615814,0,0,-0.5873913216094875,-0.5985591430888463
RNU6-755P,Pseudogene,RNU6,0.7756199057790428,-0.163000002503395,0,0,-0.7108596688031004,-0.5322514766821541
RNU6-756P,Pseudogene,RNU6,1.266015912846166,0.301999986171722,0,0,0.6870544605037449,1.3344995116011384
RNU6-757P,Pseudogene,RNU6,1.5630427231677666,0.0405000001192093,1.65,0,-0.28411139810315705,-0.3311864090625637
RNU6-759P,Pseudogene,RNU6,1.7872980437517072,0.294999986886978,0.77,0,1.3010142191353853,2.043480679239126
RNU6-75P,Pseudogene,RNU6,1.3693323002110775,0.0515000000596046,0,0,-0.46313871281194413,-0.6228449825037512
RNU6-760P,Pseudogene,RNU6,1.2532988616465484,0.211999997496605,0,0,0.04938618783460391,0.4184178226900034
RNU6-761P,Pseudogene,RNU6,1.4932495382288111,0.214000001549721,3.84,0,0.44990624936182133,1.2683428019874448
RNU6-762P,Pseudogene,RNU6,0.9534901143507074,0.0149999996647239,1.95,0,-0.599919898372449,-0.49341383099752506
RNU6-763P,Pseudogene,RNU6,0.9175093553186052,0.30799999833107,0,0,-0.6754609859688494,-0.7649517680484227
RNU6-764P,Pseudogene,RNU6,1.0585686167485404,0.308999985456467,0,0,-0.5771826136348357,-0.6841240224364594
RNU6-765P,Pseudogene,RNU6,1.473575631269275,0.0179999992251396,0,0,-0.6531494127598346,-1.0815361465390314
RNU6-766P,Pseudogene,RNU6,0.7141628226311706,0.30799999833107,0.67,0,-0.6722952827837937,-0.5734041913162256
RNU6-767P,Pseudogene,RNU6,1.3958636987791062,-0.0729999989271164,0.71,0,-0.360208654538085,-0.31587525206219114
RNU6-768P,Pseudogene,RNU6,1.006320340980286,0.30799999833107,0,0,-0.536381238337466,-0.536457580641444
RNU6-769P,Pseudogene,RNU6,1.1689422074972615,0.282999992370605,0.22,0,-0.45139399417825393,-0.5014552948519593
RNU6-76P,Pseudogene,RNU6,1.2691372538541694,0.245000004768372,0,0,-0.3663510287337241,-0.3579379043023228
RNU6-770P,Pseudogene,RNU6,0.9924080782017566,0.228000000119209,0,0,-0.5954580556213894,-0.6540378159132508
RNU6-771P,Pseudogene,RNU6,1.5581734311952813,0.146999999880791,0,0,0.28390238717549865,0.7167374026820583
RNU6-772P,Pseudogene,RNU6,1.157809424568716,-0.250999987125397,0,0,-0.5484872514600837,-0.503838215587533
RNU6-774P,Pseudogene,RNU6,1.266015912846166,0.017000000923872,0,0,-0.4381710396511701,-0.42128201759801154
RNU6-775P,Pseudogene,RNU6,0.6874493458376751,-0.0670000016689301,0,0,0.3583148644940398,1.1808736372978588
RNU6-776P,Pseudogene,RNU6,1.3693323002110775,0.28600001335144,0,0,1.2063619092214617,1.7344416712661865
RNU6-777P,Pseudogene,RNU6,1.3025356026398056,0.305000007152557,0,0,-0.3628471207404412,-0.3545511515153679
RNU6-778P,Pseudogene,RNU6,0.7418973011799539,0.284000009298325,0,0,-0.31123021018607605,0.09554564373750601
RNU6-77P,Pseudogene,RNU6,0.9924080782017566,-0.0529999993741512,0,0,-0.6627435615885188,-0.6781890213344994
RNU6-780P,Pseudogene,RNU6,1.2023405562828977,-0.399000003933907,0.27,0,-0.5510919958420705,-0.48789497129022646
RNU6-782P,Pseudogene,RNU6,1.0687471611403534,0.214000001549721,0.32,0,-0.5987130067387042,-0.7233426788788915
RNU6-783P,Pseudogene,RNU6,1.0585686167485404,0.282999992370605,0,0,0.5255269760313367,1.1883088356858564
RNU6-784P,Pseudogene,RNU6,0.6553638252275752,0.30799999833107,0.31,0,-0.3579934259807886,0.05363340246009984
RNU6-786P,Pseudogene,RNU6,1.19640307205434,-0.223000004887581,0.31,0,-0.7987936283845677,-1.0859811068405896
RNU6-787P,Pseudogene,RNU6,1.136168126913226,0.204999998211861,0,0,-0.48259167920249957,-0.4882994112072036
RNU6-788P,Pseudogene,RNU6,1.0687471611403534,-0.210500001907349,0,0,-0.10195380022429308,0.4346266065525487
RNU6-78P,Pseudogene,RNU6,1.3634017522958712,0.294999986886978,0,0,0.6657880822536075,1.2293165890810391
RNU6-790P,Pseudogene,RNU6,0.9924080782017566,0.28099998831749,0,0,1.0407029599051771,2.035591357541875
RNU6-791P,Pseudogene,RNU6,0.7681620220696289,0.287000000476837,0.04,0,-0.6480407743603,-0.5671286017725976
RNU6-792P,Pseudogene,RNU6,0.6817008761479356,-0.061999998986721,0.24,0,-0.6092445476216843,-0.2764907394130329
RNU6-793P,Pseudogene,RNU6,1.4695273465679857,0.327500000596046,0,0,-0.3755878442570575,-0.5736087103778881
RNU6-794P,Pseudogene,RNU6,1.248263285863147,0.226999998092651,0.65,0,0.8841544703732023,1.7830251579066956
RNU6-795P,Pseudogene,RNU6,1.2477363701662862,0.239999994635582,0.38,0,-0.4888340327074657,-0.6195053147038949
RNU6-796P,Pseudogene,RNU6,1.0712442339467558,0.317999988794327,0,0,-0.5428955225080967,-0.6017759497274625
RNU6-797P,Pseudogene,RNU6,1.2427862630691724,-0.125,0,0,-0.40343713869893594,-0.24355565512962474
RNU6-798P,Pseudogene,RNU6,0.910510324175398,-0.0480000004172325,0,0,-0.7436130465886878,-0.7859775174460676
RNU6-799P,Pseudogene,RNU6,0.7790867155976406,-0.237000003457069,0,0,-0.6402032506355886,-0.3455541839041582
RNU6-79P,Pseudogene,RNU6,1.298477859329401,0.218999996781349,0,0,-0.42796348023579617,-0.48505593370364636
RNU6-800P,Pseudogene,RNU6,1.0116781379726645,0.347000002861023,0,0,-0.5024509264538235,-0.5102468635332946
RNU6-801P,Pseudogene,RNU6,0.8931672703815808,-0.127000004053116,0,0,-0.6851139042449489,-0.6282114291815871
RNU6-803P,Pseudogene,RNU6,1.2599690796777203,0.194000005722046,0,0,-0.2616235566016866,-0.25686974418136416
RNU6-804P,Pseudogene,RNU6,1.2335539663629311,0.284000009298325,0,0,-0.3756162415605524,-0.35099334199035004
RNU6-805P,Pseudogene,RNU6,1.1141185028868776,0.214000001549721,0.37,0,-0.48972275886046357,-0.488045723821177
RNU6-806P,Pseudogene,RNU6,1.157809424568716,0.30799999833107,0,0,-0.5167557601538256,-0.617332898293852
RNU6-807P,Pseudogene,RNU6,1.3958636987791062,0.30799999833107,4.27,0,0.8634056244248555,1.2356153923702304
RNU6-808P,Pseudogene,RNU6,1.0291639329499698,0.30799999833107,3.73,0,-0.7998860988529934,-1.1260689319295354
RNU6-809P,Pseudogene,RNU6,1.0712442339467558,-0.137999996542931,0,0,-0.5601338362296212,-0.511065254976093
RNU6-80P,Pseudogene,RNU6,1.330939805812636,0.146999999880791,0,0,-0.34719737539175827,-0.3225365616412603
RNU6-810P,Pseudogene,RNU6,1.0712442339467558,0.277999997138977,0,0,-0.131004710085703,0.28951100204357394
RNU6-811P,Pseudogene,RNU6,1.006320340980286,-0.156000003218651,0,0,-0.8688816723259829,-1.1018681646018835
RNU6-812P,Pseudogene,RNU6,0.9089345015305808,-0.229000002145767,0,0,-0.6329934484114219,-0.5315706608811849
RNU6-813P,Pseudogene,RNU6,1.4283256452623412,-0.138999998569489,0,0,-0.439877684795812,-0.5281757293356972
RNU6-815P,Pseudogene,RNU6,1.2602704355924963,0.214000001549721,0,0,-0.4153183620816421,-0.4326504072794026
RNU6-817P,Pseudogene,RNU6,0.6345686269270847,-0.261000007390976,0.69,0,-0.8760761540363861,-0.8194868695442333
RNU6-818P,Pseudogene,RNU6,1.286454916187462,0.284000009298325,0.08,0,-0.3990768858583527,-0.4746392145951929
RNU6-819P,Pseudogene,RNU6,1.4932495382288111,-0.151999995112419,0,0,-0.38915969219671426,-0.43717569187903377
RNU6-81P,Pseudogene,RNU6,1.1689422074972615,0.26800000667572,0,0,-0.5586473929505048,-0.7311787496387228
RNU6-820P,Pseudogene,RNU6,1.4607875917455764,0.291999995708466,0,0,-0.2580287552452149,-0.25850791478032237
RNU6-821P,Pseudogene,RNU6,0.8440106085641107,-0.0555000007152557,0,0,-0.7247517770999192,-0.6678531859788234
RNU6-822P,Pseudogene,RNU6,1.7039459455916952,0.30799999833107,0.48,0,-0.2838453183172736,-0.5442964842431746
RNU6-823P,Pseudogene,RNU6,0.7756199057790428,0.0610000006854534,0,0,-0.6657876268309478,-0.5229425827359635
RNU6-824P,Pseudogene,RNU6,1.4027306489967135,-0.0989999994635582,0.22,0,-0.49924076835751385,-0.6504898419688733
RNU6-826P,Pseudogene,RNU6,1.502925695353622,0.30799999833107,0.74,0,0.06445549368028948,0.34204917976703403
RNU6-827P,Pseudogene,RNU6,1.04858212036412,0.217999994754791,0,0,-0.5443308750983201,-0.5543875783866956
RNU6-828P,Pseudogene,RNU6,1.2335539663629311,0.30799999833107,3.33,0,0.061253924174229694,0.4623246715433526
RNU6-829P,Pseudogene,RNU6,1.364561107527415,0.214000001549721,0,0,-0.3953949965047601,-0.5164288565831177
RNU6-831P,Pseudogene,RNU6,1.201092019879696,0.30799999833107,0,0,-0.41371946201776305,-0.4360680516114468
RNU6-832P,Pseudogene,RNU6,1.0712442339467558,0.30799999833107,0,0,-0.43576384199817036,-0.33213742179194766
RNU6-833P,Pseudogene,RNU6,1.201092019879696,0.160999998450279,0.91,0,-0.1004100292255758,0.23966904864327748
RNU6-834P,Pseudogene,RNU6,0.9472986201016766,0.214000001549721,0,0,-0.5706780181834852,-0.5192065842674403
RNU6-835P,Pseudogene,RNU6,1.0353488123547172,-0.123999997973442,0,0,-0.6290205438924507,-0.6069677500724122
RNU6-836P,Pseudogene,RNU6,0.9089345015305808,0.0520000010728836,0,0,-0.5943194531509604,-0.4995589358876531
RNU6-837P,Pseudogene,RNU6,1.2542935432827758,0.130499996244907,0.08,0,-0.7294864014856494,-1.1018130869193012
RNU6-838P,Pseudogene,RNU6,1.0613253058546563,0.306500002741814,0.3,0,-0.47444858569180987,-0.44166621199000106
RNU6-839P,Pseudogene,RNU6,1.4151004078062084,-0.0245000002905726,0,0,-0.4110714822361001,-0.4848807194852516
RNU6-83P,Pseudogene,RNU6,0.9613953257579516,-0.0279999999329448,0,0,-0.4127587965086769,-0.08414852416265367
RNU6-840P,Pseudogene,RNU6,0.7481230127982473,-0.177000001072884,0,0,-0.6957904203015031,-0.4808663501540993
RNU6-841P,Pseudogene,RNU6,1.0712442339467558,0.17399999499321,0,0,-0.05368623096919327,0.44143241883909845
RNU6-843P,Pseudogene,RNU6,1.3025356026398056,0.306500002741814,0,0,-0.4193009181131746,-0.4801686378868559
RNU6-844P,Pseudogene,RNU6,1.0897029878293798,-0.167499996721745,0,0,-0.5669561849067974,-0.48478229482086643
RNU6-845P,Pseudogene,RNU6,0.7756199057790428,0.006000000052154,0,0,-0.6838053638039703,-0.5379413740412415
RNU6-848P,Pseudogene,RNU6,1.0712442339467558,-0.25,0,0,-0.5978450525249444,-0.5038320902932575
RNU6-849P,Pseudogene,RNU6,1.190889693842108,0.30799999833107,0,0,-0.46652020055635907,-0.49048980094351297
RNU6-84P,Pseudogene,RNU6,1.123756206199048,0.263999998569489,0,0,0.5481772342836518,1.3703509605823627
RNU6-850P,Pseudogene,RNU6,1.0116781379726645,0.193000003695488,7.05,0,0.7729903494410032,1.4535608782266094
RNU6-851P,Pseudogene,RNU6,1.4607875917455764,0.294999986886978,0.36,0,-0.3478431229464591,-0.49103560319965717
RNU6-853P,Pseudogene,RNU6,0.8764725550473457,0.30799999833107,12.28,0,-0.5664792469504406,-0.49421839837920656
RNU6-854P,Pseudogene,RNU6,1.006320340980286,-0.160999998450279,0,0,0.662176972386756,1.3596181940387018
RNU6-855P,Pseudogene,RNU6,1.1021455099259891,-0.10050000064075,0,0,-0.13829180032315416,0.27962178542828037
RNU6-856P,Pseudogene,RNU6,0.5316471847509411,-0.0510000009089708,0.51,0,-0.7831061827995646,-0.537455373974281
RNU6-857P,Pseudogene,RNU6,1.2630648268022358,0.284999996423721,0,0,0.2794818991545017,0.9091092483503453
RNU6-858P,Pseudogene,RNU6,1.4607875917455764,0.0719999969005585,0.3,0,-0.3149544939944913,-0.35087826474608047
RNU6-859P,Pseudogene,RNU6,1.0387822874635209,-0.579999983310699,2.66,0,-0.6571607806363597,-0.5274271921573548
RNU6-85P,Pseudogene,RNU6,1.006320340980286,0.30799999833107,0,0,-0.5167222994977991,-0.48581922073295397
RNU6-861P,Pseudogene,RNU6,1.2124230766710138,-0.0095000001601874,0,0,-0.7647768196279529,-1.096756488066709
RNU6-862P,Pseudogene,RNU6,1.4886121173026348,-0.216000005602837,0.31,0,-0.4449936139016612,-0.5822618063564028
RNU6-863P,Pseudogene,RNU6,1.60312074171053,0.20100000500679,0,0,-0.3578429045117053,-0.6231797336170197
RNU6-864P,Pseudogene,RNU6,1.093486678759343,0.282999992370605,0,0,-0.5776433426719205,-0.7000787292649472
RNU6-865P,Pseudogene,RNU6,0.8440106085641107,-0.254999995231628,0,0,-0.7387484173016665,-0.6575399547077853
RNU6-866P,Pseudogene,RNU6,1.4520069013033898,0.206000000238419,0,0,1.433659430077299,2.198958727087733
RNU6-867P,Pseudogene,RNU6,1.136168126913226,0.158000007271767,0,0,-0.48454220520186264,-0.4955810928728265
RNU6-869P,Pseudogene,RNU6,1.4932495382288111,0.305000007152557,0,0,-0.20395583036017448,-0.1771474960674474
RNU6-86P,Pseudogene,RNU6,1.266015912846166,0.118000000715256,0,0,-0.39927566525523944,-0.37023904161236293
RNU6-871P,Pseudogene,RNU6,1.146231330323029,-5.000000819563e-4,0,0,-0.5523165195696398,-0.578335322512541
RNU6-873P,Pseudogene,RNU6,1.3634017522958712,0.284000009298325,0.67,0,-0.3893697153340954,-0.475784558950437
RNU6-874P,Pseudogene,RNU6,1.0916488860219322,0.30799999833107,0,0,-0.4834246099338227,-0.43458387433736445
RNU6-875P,Pseudogene,RNU6,1.1468866941482565,0.293000012636185,0,0,-0.4386717187398295,-0.4096499826770465
RNU6-876P,Pseudogene,RNU6,1.502925695353622,0.214000001549721,7.04,0,-0.3274029493505846,-0.44946194601263656
RNU6-877P,Pseudogene,RNU6,1.4283256452623412,0.187000006437302,0.67,0,1.0142153789797792,1.9753469614175108
RNU6-878P,Pseudogene,RNU6,1.105181723451956,0.293000012636185,0.29,0,-0.4403680631367247,-0.3722235088448215
RNU6-879P,Pseudogene,RNU6,1.1256480516640297,0.232999995350838,0,0,-0.4443059048756303,-0.40011955587197195
RNU6-87P,Pseudogene,RNU6,1.3507776619968357,0.26800000667572,0,0,1.0698067437472134,1.9836073373765082
RNU6-880P,Pseudogene,RNU6,1.201092019879696,0.146999999880791,0,0,-0.365166234908229,-0.2182974593748209
RNU6-881P,Pseudogene,RNU6,1.3280755164170566,-0.125500001013279,2.85,0,-0.18198518371877206,0.008243613673701538
RNU6-882P,Pseudogene,RNU6,0.6070068827835987,0.30799999833107,1.92,0,-0.639267291016221,-0.4319201288383042
RNU6-883P,Pseudogene,RNU6,0.6817008761479356,0.0219999998807907,0.79,0,-0.7219880280445301,-0.5381652045137774
RNU6-884P,Pseudogene,RNU6,0.6492389296647005,0.168999999761581,0.42,0,-0.05771006384726473,0.7035952538489468
RNU6-885P,Pseudogene,RNU6,1.3359339514254416,-0.028999999165535,0,0,-0.014439064935137268,0.35754180606343083
RNU6-886P,Pseudogene,RNU6,1.2901305016622835,0.197999998927116,0.31,0,-0.05238348704208909,0.2466191920905359
RNU6-887P,Pseudogene,RNU6,0.5557485237929837,0.200000002980232,0,0,-0.4506256932268494,-0.10164167478866322
RNU6-888P,Pseudogene,RNU6,1.3068344000082537,0.214000001549721,0,0,-0.09295694409655053,0.1408821811900361
RNU6-889P,Pseudogene,RNU6,1.41634939316173,0.284000009298325,0,0,-0.6427137284847523,-1.099911632237778
RNU6-88P,Pseudogene,RNU6,0.868357068426537,0.30799999833107,0.9,0,-0.07355503735218721,0.37035787605434595
RNU6-890P,Pseudogene,RNU6,1.201092019879696,-0.103000000119209,2,0,0.038343047621910084,0.6307489070824283
RNU6-891P,Pseudogene,RNU6,1.0952251313487855,0.284000009298325,0,0,-0.027513844476519445,0.44442356170552566
RNU6-892P,Pseudogene,RNU6,1.2630648268022358,0.30799999833107,0.68,0,-0.4184285306383019,-0.47973300195068835
RNU6-893P,Pseudogene,RNU6,1.3199027440083362,0.202999994158745,0.4,0,-0.41009314868087454,-0.45432104468389206
RNU6-894P,Pseudogene,RNU6,0.7608461932880134,0.284999996423721,0,0,-0.9139179836338038,-1.1419869196027803
RNU6-895P,Pseudogene,RNU6,1.1802911609681086,0.307000011205673,0,0,-0.5820421473527366,-0.7974687060746829
RNU6-896P,Pseudogene,RNU6,1.266015912846166,0.30799999833107,0,0,-0.42999119598916175,-0.5022718730521342
RNU6-897P,Pseudogene,RNU6,1.356291040209067,-0.162000000476837,0,0,-0.5026642090284208,-0.6190438537086903
RNU6-898P,Pseudogene,RNU6,0.9017554172121732,0.194999992847443,0,0,-0.5632435408237477,-0.4572728275327671
RNU6-899P,Pseudogene,RNU6,1.330939805812636,0.30799999833107,0,0,0.8911050716765474,1.8927305995701003
RNU6-89P,Pseudogene,RNU6,0.5210142410559222,0.30799999833107,0.33,0,-0.6729197182565728,-0.3916286498783691
RNU6-900P,Pseudogene,RNU6,1.2599690796777203,0.146999999880791,0.28,0,-0.38896877494141097,-0.34881847071259486
RNU6-901P,Pseudogene,RNU6,1.1468866941482565,0.284000009298325,0,0,-0.4385802082922444,-0.42632883259547755
RNU6-902P,Pseudogene,RNU6,1.1069167026096516,0.0900000035762787,0,0,-0.6572196949794894,-0.8338881987740556
RNU6-903P,Pseudogene,RNU6,1.1790536341938302,-0.096000000834465,0,0,-0.4663471343056636,-0.3733219033482345
RNU6-904P,Pseudogene,RNU6,1.1692728842179114,-0.0670000016689301,0,0,-0.7900145655641708,-1.0963425571429326
RNU6-905P,Pseudogene,RNU6,1.3958636987791062,0.0299999993294477,0,0,-0.4220058163485876,-0.48421099687821906
RNU6-906P,Pseudogene,RNU6,1.6870937329429865,0.293000012636185,1.24,0,-0.24467849377538395,-0.4207384192206408
RNU6-907P,Pseudogene,RNU6,1.0215965510900435,0.30799999833107,0.26,0,-0.5222208001211067,-0.5152985877959777
RNU6-908P,Pseudogene,RNU6,1.6997627722391788,0.124499998986721,0,0,0.01688506497500606,0.019383286930006013
RNU6-909P,Pseudogene,RNU6,1.136168126913226,-0.0590000003576279,0.67,0,-0.6002359329861271,-0.6997212390731924
RNU6-90P,Pseudogene,RNU6,1.376264032977908,-0.0525000002235174,4.58,0,-0.41214179053212713,-0.46855887726690043
RNU6-910P,Pseudogene,RNU6,1.103706180429991,-0.172000005841255,0,0,-0.2884297695653489,0.07680013338639848
RNU6-911P,Pseudogene,RNU6,1.0687471611403534,0.208000004291534,0,0,1.2341212047180867,2.0171084395562118
RNU6-912P,Pseudogene,RNU6,1.77011248563871,0.284000009298325,0,0,-0.1308424582583373,-0.2479856928382313
RNU6-913P,Pseudogene,RNU6,1.279684100839107,0.270000010728836,0,0,-0.4612002189115629,-0.5409248893196726
RNU6-914P,Pseudogene,RNU6,0.9878557475678036,-0.0230000000447035,5.81,0,-0.7191791932694482,-0.8102705232239499
RNU6-915P,Pseudogene,RNU6,1.0454007425717533,-0.243000000715256,1,0,-0.5888233352500848,-0.43701719381104104
RNU6-916P,Pseudogene,RNU6,1.3383852063821855,0.263999998569489,0,0,-0.5134811127633423,-0.7728978453313136
RNU6-917P,Pseudogene,RNU6,1.4695273465679857,0.256999999284744,0,0,0.4756485977119835,0.6165617267576862
RNU6-918P,Pseudogene,RNU6,1.1796548854096351,0.421999990940094,0,0,-0.0789462089613992,0.17252445039234368
RNU6-919P,Pseudogene,RNU6,1.60312074171053,0.226999998092651,0,0,0.08379497832515459,0.22523323532064482
RNU6-91P,Pseudogene,RNU6,1.0387822874635209,0.30799999833107,0.09,0,-0.45250299493522306,-0.3529227409741686
RNU6-920P,Pseudogene,RNU6,0.9816210338734764,-0.185500003397465,0.27,0,-0.6292903126346806,-0.5403000529733986
RNU6-921P,Pseudogene,RNU6,1.3634017522958712,0.284000009298325,0.21,0,-0.19223048033463946,-0.00871605915860497
RNU6-922P,Pseudogene,RNU6,1.1928945586465558,-0.296000003814697,0,0,-0.5241081480675249,-0.45883664783214245
RNU6-923P,Pseudogene,RNU6,1.298477859329401,-0.068000003695488,0,0,1.0373648278393173,2.0742721460000046
RNU6-924P,Pseudogene,RNU6,1.1256480516640297,-0.121500000357628,0.21,0,-0.5198242034139187,-0.41714035381100745
RNU6-925P,Pseudogene,RNU6,1.1689422074972615,0.303000003099442,0.76,0,0.831109165901948,1.7483430865019125
RNU6-926P,Pseudogene,RNU6,1.298477859329401,0.27700001001358,0,0,0.2603362014534721,0.7614630811293261
RNU6-928P,Pseudogene,RNU6,1.135543858711625,-0.250500001013279,0.69,0,-0.8275101827509598,-1.0883611656815322
RNU6-929P,Pseudogene,RNU6,1.0387822874635209,0.305000007152557,0,0,-0.4764865378158293,-0.38296348453270396
RNU6-92P,Pseudogene,RNU6,1.1021455099259891,0.30799999833107,0,0,-0.5923366873900483,-0.7664487992191058
RNU6-930P,Pseudogene,RNU6,0.8336227856894756,-0.0325000006705523,3.21,0,0.26977608438822553,1.0977097341015793
RNU6-931P,Pseudogene,RNU6,1.266015912846166,-0.314999997615814,0.3,0,-0.594919721091471,-0.7174022717107353
RNU6-932P,Pseudogene,RNU6,0.7864365902730902,0.209000006318092,0,0,-0.7087448445318645,-0.7423137966010237
RNU6-933P,Pseudogene,RNU6,1.6555592706449864,0.29899999499321,0.09,0,0.399741600452658,0.9308840269896305
RNU6-934P,Pseudogene,RNU6,0.8115486620808757,0.186000004410744,0,0,-0.6463959854733087,-0.5572133877021155
RNU6-935P,Pseudogene,RNU6,0.7988885029524141,0.233500003814697,0,0,-0.7660019366706426,-0.8505742058591788
RNU6-936P,Pseudogene,RNU6,0.7790867155976406,0.0070000002160668,0,0,-0.5903318751677594,-0.3112079423244101
RNU6-937P,Pseudogene,RNU6,0.950277546579984,0.019000000320375,0,0,-0.5776696208672661,-0.4751758918224361
RNU6-938P,Pseudogene,RNU6,1.079123347170842,0.282000005245209,0,0,0.18151434393285998,0.9659265921268654
RNU6-939P,Pseudogene,RNU6,1.0712442339467558,-0.204999998211861,0,0,-0.5768173239651165,-0.50781193361898
RNU6-940P,Pseudogene,RNU6,0.9685521147834452,-0.235999993979931,0,0,-0.5426262350244898,-0.2742651621978613
RNU6-942P,Pseudogene,RNU6,1.201092019879696,-0.120999999344349,0,0,0.36421236904172244,0.9247277318277377
RNU6-943P,Pseudogene,RNU6,1.0632943695018822,0.0405000001192093,0.34,0,-0.5540016762705666,-0.5255731486983577
RNU6-944P,Pseudogene,RNU6,0.9738583944970508,-0.108000002801418,2.02,0,-0.5652228837747145,-0.37699863143630824
RNU6-945P,Pseudogene,RNU6,0.9089345015305808,0.184000000357628,0.64,0,-0.5417418489796537,-0.41504200757432086
RNU6-946P,Pseudogene,RNU6,1.330939805812636,0.282999992370605,0,0,-0.31432771933846937,-0.2801265167531389
RNU6-947P,Pseudogene,RNU6,0.7536683990117115,-0.126999996602535,0,0,0.6124026271349975,1.3323282689451235
RNU6-948P,Pseudogene,RNU6,0.9089345015305808,-0.0379999987781048,0.24,0,-0.61075591998745,-0.46640004304484745
RNU6-949P,Pseudogene,RNU6,0.7141628226311706,0.174999997019768,0,0,0.1516888970240407,1.1245956518092628
RNU6-94P,Pseudogene,RNU6,0.9738583944970508,-0.116999998688698,4.06,0,-0.5311467215392732,-0.33675008028684195
RNU6-950P,Pseudogene,RNU6,1.4607875917455764,0.159999996423721,0,0,1.6766688417871851,2.6396389493520496
RNU6-951P,Pseudogene,RNU6,0.9413964480138156,0.214000001549721,0,0,-0.5628040265143492,-0.4828135369536518
RNU6-952P,Pseudogene,RNU6,1.1256480516640297,-0.108000002801418,0.26,0,-0.6148120049805865,-0.6772374590134018
RNU6-953P,Pseudogene,RNU6,0.9738583944970508,0.277999997138977,0,0,-0.23698956378641153,0.10695279095576589
RNU6-954P,Pseudogene,RNU6,1.201092019879696,-0.0240000002086162,0.67,0,-0.5449819739928977,-0.5849826245372521
RNU6-955P,Pseudogene,RNU6,1.1021455099259891,0.252000004053116,0,0,-0.5466143790579415,-0.6372621229599116
RNU6-956P,Pseudogene,RNU6,1.079123347170842,0.0649999976158142,0.7,0,-0.6724251167643118,-0.825375659435658
RNU6-957P,Pseudogene,RNU6,0.9823837541795166,0.26800000667572,0,0,-0.5126329884671575,-0.4358648824207911
RNU6-958P,Pseudogene,RNU6,1.1141185028868776,0.248499989509583,0,0,-0.5870092824558002,-0.7111852036116747
RNU6-959P,Pseudogene,RNU6,0.7466247691144057,0.30799999833107,0,0,-0.5826250683138223,-0.39532074227279174
RNU6-95P,Pseudogene,RNU6,1.3958636987791062,0.194999992847443,0,0,-0.355485901802122,-0.4274710152447595
RNU6-960P,Pseudogene,RNU6,1.157809424568716,-0.0230000000447035,0,0,-0.40761275066549446,-0.22888397072402666
RNU6-961P,Pseudogene,RNU6,0.8931672703815808,0.282999992370605,0,0,-0.2677848018201818,0.10107250219560228
RNU6-964P,Pseudogene,RNU6,1.0571303441714364,0.284000009298325,0,0,-0.5038147318252909,-0.4738414710004215
RNU6-965P,Pseudogene,RNU6,0.868357068426537,-0.0450000017881393,0,0,-0.6919494292391073,-0.6525868672360815
RNU6-966P,Pseudogene,RNU6,1.3025356026398056,-0.132500000298023,0,0,-0.5109470992682502,-0.577496001510734
RNU6-967P,Pseudogene,RNU6,1.318616289092149,0.216500014066696,0,0,-0.5191971559962786,-0.7392992675699791
RNU6-968P,Pseudogene,RNU6,0.8440106085641107,0.214000001549721,0,0,-0.24841194207744555,0.1830272601140772
RNU6-969P,Pseudogene,RNU6,1.720174002216378,0.284000009298325,1.37,0,1.4677602058375578,2.495088866439203
RNU6-970P,Pseudogene,RNU6,0.7141628226311706,-0.0379999987781048,0,0,-0.7099163295107709,-0.5266390314276984
RNU6-971P,Pseudogene,RNU6,1.2451912679323929,-0.0765000022947788,0,0,-0.017721794427538604,0.4677544114541052
RNU6-972P,Pseudogene,RNU6,0.7790867155976406,-0.193000003695488,0,0,-0.7138425645038452,-0.5318357148281497
RNU6-973P,Pseudogene,RNU6,1.266015912846166,-0.270000010728836,0,0,-0.2503787993356841,-0.06414585248092201
RNU6-974P,Pseudogene,RNU6,1.4151004078062084,-0.0175000009476207,0,0,-0.4253180855580007,-0.5140891724924644
RNU6-975P,Pseudogene,RNU6,1.1247291552953242,0.29899999499321,0,0,0.9582793951350406,1.5392913369058963
RNU6-976P,Pseudogene,RNU6,1.8149445033779872,-0.226999998092651,0,0,-0.07732178467798126,-0.17476304586259975
RNU6-977P,Pseudogene,RNU6,1.079123347170842,-0.0320000015199184,0,0,-0.8228395422613564,-1.1040595255657433
RNU6-979P,Pseudogene,RNU6,0.8764725550473457,-0.0759999975562096,7.87,0,-0.10041504143546127,0.5770384777453726
RNU6-97P,Pseudogene,RNU6,1.1021455099259891,0.239999994635582,1.51,0,-0.4165210112892211,-0.2975174753506024
RNU6-980P,Pseudogene,RNU6,1.3489041839635527,0.298000007867813,0,0,-0.07837086710595068,0.10062223818429272
RNU6-982P,Pseudogene,RNU6,1.4983416082653973,0.298000007867813,0,0,-0.09659928449648508,-0.12128066071358468
RNU6-983P,Pseudogene,RNU6,1.0116781379726645,0.214000001549721,0,0,-0.6133131764601369,-0.7241417402277769
RNU6-984P,Pseudogene,RNU6,1.115321005318488,-0.188999995589256,0,0,-0.653369911766741,-0.7451566377635388
RNU6-985P,Pseudogene,RNU6,1.001950463569081,0.203999996185303,0,0,-0.1739035124495768,0.22744647277285907
RNU6-986P,Pseudogene,RNU6,0.8172772408720348,-0.124499995261431,0,0,-0.7119339730964506,-0.6120135551047682
RNU6-987P,Pseudogene,RNU6,1.2357389050685337,0.0439999997615814,0,0,-0.5221536402290006,-0.6482878912478746
RNU6-988P,Pseudogene,RNU6,1.103706180429991,0.284000009298325,0,0,-0.5635722637878043,-0.6540725367617299
RNU6-989P,Pseudogene,RNU6,0.8440106085641107,0.204999998211861,0,0,-0.6581228907862328,-0.6476781122659803
RNU6-98P,Pseudogene,RNU6,1.006320340980286,0.0570000000298023,0,0,-0.4417919427931768,-0.1857740320657281
RNU6-990P,Pseudogene,RNU6,1.703315788067438,-0.0780000016093254,0,0,-0.26358440121151216,-0.3425734662456969
RNU6-991P,Pseudogene,RNU6,1.136168126913226,0.421000003814697,0,0,-0.5829879605591112,-0.7894632841786388
RNU6-992P,Pseudogene,RNU6,1.2221321703780892,0.30799999833107,0,0,-0.3758277676414011,-0.3187669035016332
RNU6-993P,Pseudogene,RNU6,1.0968720864335204,0.214000001549721,0,0,0.896391419079338,1.3189233535732754
RNU6-994P,Pseudogene,RNU6,1.3768544508384732,-0.0949999988079071,0.63,0,-0.3581872368748503,-0.27293380396593175
RNU6-995P,Pseudogene,RNU6,1.3634017522958712,0.305999994277954,0,0,-0.4123897382715942,-0.5435617562324961
RNU6-996P,Pseudogene,RNU6,1.201092019879696,0.28099998831749,0,0,-0.4026172627595013,-0.36646452279167147
RNU6-997P,Pseudogene,RNU6,1.5581734311952813,-0.143999993801117,0,0,-0.3562025127728665,-0.4714089290089978
RNU6-998P,Pseudogene,RNU6,1.10049212632274,-0.156000003218651,1.45,0,-0.6268719958589922,-0.6543970004150502
RNU6-999P,Pseudogene,RNU6,0.8931672703815808,-0.319999992847443,0,0,-0.9367569516428661,-1.1000560063638105
RNU6-99P,Pseudogene,RNU6,1.103706180429991,0.379000008106232,0,0,-0.5545568822674539,-0.6878819046702166
RNU4ATAC14P,Pseudogene,RNU4ATAC,1.1708185192267917,0.003000000026077,0,0,-0.6311261052057652,-0.8464856935333585
RNU4ATAC17P,Pseudogene,RNU4ATAC,1.186754660182934,0.0480000004172325,3.52,0,-0.7680103580923759,-1.1015905662919567
RNU4ATAC3P,Pseudogene,RNU4ATAC,1.2680769888133556,0.306000009179115,0,0,-0.701265797788776,-1.1106330547367886
RNU4ATAC6P,Pseudogene,RNU4ATAC,1.3783445530579952,0.344999998807907,0,0,-0.6506217563113935,-1.1057204208521332
RNU4ATAC7P,Pseudogene,RNU4ATAC,1.1114970475859671,0.157000005245209,0,0,-0.7851932668079329,-1.1124325298280837
RNU4ATAC8P,Pseudogene,RNU4ATAC,1.46585046413287,-0.112000003457069,0,0,-0.6730248167738127,-1.0748416089388513
RNU6ATAC12P,Pseudogene,RNU6ATAC,1.147741516528988,-0.119999997317791,1.72,0,-0.8057174051676499,-1.0947981013325252
RNU6ATAC13P,Pseudogene,RNU6ATAC,1.16664766445092,0.0750000029802322,0,0,-0.772884356181598,-1.104361366700181
RNU6ATAC14P,Pseudogene,RNU6ATAC,0.91606899526316,-0.0359999984502792,0,0,-0.8908441399673418,-1.1142886904879352
RNU6ATAC19P,Pseudogene,RNU6ATAC,0.8209921374214532,0.405000001192093,0,0,-0.8736309091268539,-1.1447677760823125
RNU6ATAC22P,Pseudogene,RNU6ATAC,1.7172004948659607,0.282999992370605,0,0,0.2515706514279785,0.3891549867197278
RNU6ATAC28P,Pseudogene,RNU6ATAC,1.295176644432801,0.239999994635582,0,0,0.852227204076447,1.2325859690248804
RNU6ATAC32P,Pseudogene,RNU6ATAC,1.005466079230727,0.27700001001358,0,0,-0.34785146181258514,-0.20135341860352293
RNU6ATAC35P,Pseudogene,RNU6ATAC,0.8057727752066064,0.0720000006258488,0.99,0,-0.9226435573760878,-1.1273346626879563
RNU6ATAC36P,Pseudogene,RNU6ATAC,1.2156998957971517,0.282999992370605,0,0,-0.725897988587051,-1.1127182211825575
RNU6ATAC39P,Pseudogene,RNU6ATAC,1.165579957619513,0.212999999523163,1.55,0,0.9017673283238893,1.2999000358661867
RNU6ATAC40P,Pseudogene,RNU6ATAC,1.5212094629369992,0.330000013113022,0,0,-0.5934110772117266,-1.0957335037738118
RNU6ATAC42P,Pseudogene,RNU6ATAC,1.4990585181258114,-0.125,0.44,0,-0.5095524944833696,-0.7635641191311789
RNU6ATAC9P,Pseudogene,RNU6ATAC,1.1378471931106346,-0.0540000014007092,0.26,0,-0.8013528674152649,-1.0990774253338451
RNU11-2P,Pseudogene,RNU11,1.1985773620535298,0.0500000007450581,0.16,0,-0.7628737924910921,-1.1009338654325178
RNU11-5P,Pseudogene,RNU11,1.4001416297110054,0.305000007152557,0,0,-0.2160647888997769,-0.3086031475090797
VTRNA2-2P,Pseudogene,VTRNA,1.5512398115580857,0.300999999046326,0,0,0.10645726349457502,0.12166708318096481
VTRNA2-2P,Pseudogene,VTRNA,1.5512398115580857,0.300999999046326,0,0,0.10645765864787621,0.12166794226718317
VTRNA2-2P,Pseudogene,VTRNA,1.5512398115580857,0.300999999046326,0,0,0.10645698879167116,0.121666075687687
VTRNA2-2P,Pseudogene,VTRNA,1.5512398115580857,0.300999999046326,0,0,0.10645817925951415,0.12166678280887849
VTRNA3-1P,Pseudogene,VTRNA,0.7151175857630304,0.167999997735023,0,0,-0.9478536023708369,-1.1384504785985323
VTRNA3-1P,Pseudogene,VTRNA,0.7151175857630304,0.167999997735023,0,0,-0.9478560730601402,-1.1384488185333432
VTRNA3-1P,Pseudogene,VTRNA,0.7151175857630304,0.167999997735023,0,0,-0.9478553476650031,-1.1384499734934832
VTRNA3-1P,Pseudogene,VTRNA,0.7151175857630304,0.167999997735023,0,0,-0.9478557790883556,-1.138449990935338
RNY1P1,Pseudogene,RNY,1.3955738599712202,-0.200000002980232,0,0,0.30031395542278727,-0.09228957813327524
RNY1P10,Pseudogene,RNY,1.4754385587424346,-0.193000003695488,0,0,-0.3011193579761143,-0.3289206641885676
RNY1P11,Pseudogene,RNY,1.198793828978228,-0.308999985456467,2.4,0,-0.6389778870247891,-0.7454848576571693
RNY1P12,Pseudogene,RNY,1.5547726558494188,0.30799999833107,3.48,0,-0.02455169864989988,-0.09318287539701127
RNY1P13,Pseudogene,RNY,0.7277659240146215,0.30799999833107,2.18,0,-0.7097198886210458,-0.663077837029162
RNY1P14,Pseudogene,RNY,0.9326798142359102,0.30799999833107,7.13,0,-0.1334483009283846,0.28661640217804224
RNY1P15,Pseudogene,RNY,1.330939805812636,-0.104000002145767,0.28,0,-0.7278394789308033,-1.0839337284887092
RNY1P16,Pseudogene,RNY,1.126517277958751,-0.0879999995231628,6.87,0,-0.48255125957713824,-0.3859724237568222
RNY1P2,Pseudogene,RNY,1.2171842668542912,0.30799999833107,0,0,-0.5117173080983779,-0.6536679014025399
RNY1P3,Pseudogene,RNY,1.0596899818086554,-0.166999995708466,0,0,-0.7083860497551611,-0.8294255245414799
RNY1P4,Pseudogene,RNY,1.4195750336016433,0.305000007152557,0,0,-0.48270526486533727,-0.7908069980745138
RNY1P5,Pseudogene,RNY,1.3893713094824591,-0.0419999994337559,0,0,-0.47696057040864814,-0.5914892574277699
RNY1P6,Pseudogene,RNY,1.083454690880817,-0.284000009298325,0.15,0,-0.8533718765199991,-1.089847471290632
RNY1P7,Pseudogene,RNY,1.0104518614417886,0.219999998807907,0,0,1.1502445404921087,1.491982687776641
RNY1P8,Pseudogene,RNY,1.0359347482983248,0.294999986886978,0,0,-0.5185198764551802,-0.5151115353012369
RNY1P9,Pseudogene,RNY,1.4339841496951988,0.300999999046326,3.42,0,-0.46349621944846314,-0.7236839841505327
RNY3P1,Pseudogene,RNY,0.9875433327203754,0.239999994635582,0,0,1.7032853838014284,1.238051955516044
RNY3P10,Pseudogene,RNY,1.3280755164170566,0.344999998807907,0,0,-0.47464593535862476,-0.6835793673538653
RNY3P11,Pseudogene,RNY,1.0215965510900435,0.30799999833107,9.19,0,-0.49561882625376624,-0.47747789448005595
RNY3P12,Pseudogene,RNY,1.123756206199048,-0.197999998927116,0,0,-0.6007658499897963,-0.5942480360975798
RNY3P13,Pseudogene,RNY,0.8513304592417029,0.29899999499321,0,0,-0.24112092680238068,0.21589119379421493
RNY3P14,Pseudogene,RNY,1.2599690796777203,0.30799999833107,0,0,1.9507340864621612,2.689566657127096
RNY3P15,Pseudogene,RNY,1.0742561671256128,-0.150999993085861,0,0,-0.6228076265280535,-0.6195425809281427
RNY3P16,Pseudogene,RNY,0.5846364421089557,0.261999994516373,0,0,-0.19306600937786744,0.5451350163562592
RNY3P2,Pseudogene,RNY,0.9194368959810392,-0.0879999995231628,13.19,0,-0.6069321394707816,-0.48874441408712527
RNY3P3,Pseudogene,RNY,1.4983416082653973,-0.110500000417233,0,0,-0.47684877628106614,-0.7045733428931167
RNY3P4,Pseudogene,RNY,1.2380536421130823,0.296999990940094,0,0,-0.5231004333030576,-0.6792736176210237
RNY3P5,Pseudogene,RNY,1.157809424568716,0.300000011920929,0,0,-0.4620457477878684,-0.5039009490936001
RNY3P7,Pseudogene,RNY,1.0317113684275687,-0.13400000333786,0,0,-0.6436291956243269,-0.6778848300509348
RNY3P8,Pseudogene,RNY,1.2680769888133556,0.230000004172325,5.12,0,-0.41437957162168093,-0.4544870413477293
RNY3P9,Pseudogene,RNY,1.1468866941482565,-0.0689999982714653,0,0,-0.5501876733202706,-0.5470811063578657
RNY4P10,Pseudogene,RNY,1.157809424568716,0.0115000000223517,0,0,-0.6170290167926566,-0.7612770760169915
RNY4P13,Pseudogene,RNY,1.3025356026398056,-0.12050000205636,0,0,-0.25040252587143547,-0.16634942515618092
RNY4P14,Pseudogene,RNY,1.1939909690864885,0.305000007152557,0,0,-0.5856322970918121,-0.8196708012834257
RNY4P16,Pseudogene,RNY,0.5912218338223231,0.306500002741814,0,0,-0.5324514436042566,-0.46454742665797505
RNY4P17,Pseudogene,RNY,1.157809424568716,0.0690000001341105,0.86,0,-0.4133549761390343,-0.44775941152887616
RNY4P18,Pseudogene,RNY,1.2879003711494708,0.231000006198883,0,0,-0.3155411840715684,-0.41997969649301975
RNY4P19,Pseudogene,RNY,0.8321755239087647,0.12049999833107,0,0,-0.9054966514448322,-1.1283181564322766
RNY4P20,Pseudogene,RNY,1.2698554979140757,0.30799999833107,0,0,-0.09565308354824843,0.1135800431522446
RNY4P23,Pseudogene,RNY,0.7877878558921161,0.24600000679493,0,0,-0.9077684199523587,-1.1381045485494508
RNY4P24,Pseudogene,RNY,1.0854463355331714,0.111999999731779,0.25,0,-0.5914308236442664,-0.6819664879137473
RNY4P25,Pseudogene,RNY,0.8321755239087647,0.30799999833107,0.61,0,-0.6761110791891521,-0.7117011776685178
RNY4P27,Pseudogene,RNY,1.049264791015399,0.284000009298325,0,0,-0.5585909136009909,-0.5968694013577046
RNY4P28,Pseudogene,RNY,1.120460733453596,-0.208000004291534,0,0,-0.5628703262297965,-0.4996532205124539
RNY4P29,Pseudogene,RNY,1.2891074005507357,0.118000000715256,0,0,-0.19186334743196976,-0.05555720854568014
RNY4P3,Pseudogene,RNY,1.4624961152446938,0.30799999833107,0.44,0,1.268122975691644,0.7382114966636195
RNY4P30,Pseudogene,RNY,1.0968720864335204,0.19200000166893,0,0,-0.24029301084882093,-0.04435084991465247
RNY4P34,Pseudogene,RNY,1.1334344893146375,-0.0790000036358833,0,0,-0.44980913470751926,-0.4052969923326865
RNY4P36,Pseudogene,RNY,1.049264791015399,0.30799999833107,0,0,0.8141077699674866,1.562408786203001
RNY4P37,Pseudogene,RNY,1.230172513604261,0.214000001549721,0,0,-0.27877320956558965,-0.40137695289810704
RNY4P6,Pseudogene,RNY,1.230172513604261,0.214000001549721,0.43,0,0.25350425759710976,0.7643050749640551
RNY4P7,Pseudogene,RNY,0.9045386129443096,-0.415500000119209,0,0,-0.5977612185457268,-0.3778466917546453
RNY4P9,Pseudogene,RNY,0.8952134726046772,0.211999997496605,0,0,-0.13797518915931495,0.38809688483336546
VTRNA2-2P,Pseudogene,TRNA,1.5512398115580857,0.300999999046326,0,0,0.10645635306217995,0.12166683740651964
VTRNA2-2P,Pseudogene,TRNA,1.5512398115580857,0.300999999046326,0,0,0.10645739067159823,0.12166670695390384
VTRNA2-2P,Pseudogene,TRNA,1.5512398115580857,0.300999999046326,0,0,0.10645870653664115,0.12166588425503948
VTRNA2-2P,Pseudogene,TRNA,1.5512398115580857,0.300999999046326,0,0,0.10645719359102149,0.12166668139444604
VTRNA3-1P,Pseudogene,TRNA,0.7151175857630304,0.167999997735023,0,0,-0.9478542016496255,-1.1384493376362403
VTRNA3-1P,Pseudogene,TRNA,0.7151175857630304,0.167999997735023,0,0,-0.9478540284258218,-1.1384475960401423
VTRNA3-1P,Pseudogene,TRNA,0.7151175857630304,0.167999997735023,0,0,-0.9478550125467425,-1.1384482290859235
VTRNA3-1P,Pseudogene,TRNA,0.7151175857630304,0.167999997735023,0,0,-0.9478563040552975,-1.138450536038414
RN7SL100P,Pseudogene,RN7SL,1.4818380007278789,0.301999986171722,0.19,0,2.198876292866742,3.9073392123353625
RN7SL101P,Pseudogene,RN7SL,1.3694520075543952,0.305000007152557,0.39,0,-0.21196139866685196,-0.2680959940674979
RN7SL104P,Pseudogene,RN7SL,1.17361569657648,-0.298000007867813,0.03,0,-0.15293422938567358,-0.01056131260248566
RN7SL105P,Pseudogene,RN7SL,1.1384480629538545,0.289000004529953,4.67,0,-0.11228507439097284,-0.04714069738559222
RN7SL106P,Pseudogene,RN7SL,1.5570540537303423,-0.0515000000596046,0,0,-0.1435602527693186,-0.4138302666000711
RN7SL107P,Pseudogene,RN7SL,1.165991823328919,0.0509999990463257,2.05,0,-0.3420424098406448,-0.25518127399517043
RN7SL108P,Pseudogene,RN7SL,1.2513697821096226,0.44200000166893,0.17,0,0.44049776004485386,0.6944994851409908
RN7SL110P,Pseudogene,RN7SL,0.7364158884182647,-0.17399999499321,0.49,0,0.5542020838279471,1.3809266694005837
RN7SL111P,Pseudogene,RN7SL,0.7312480576223469,0.30799999833107,0.21,0,-0.2481457901062884,0.15003174596618804
RN7SL113P,Pseudogene,RN7SL,0.6737753841971793,0.30799999833107,2.05,0,0.7622428845551917,1.3496241832027807
RN7SL116P,Pseudogene,RN7SL,1.0818874950888002,-0.0160000007599592,1.86,0,-0.044497166863238416,-0.016763709212881464
RN7SL117P,Pseudogene,RN7SL,1.3729429325122275,-0.0614999998360872,0.17,0,0.011882531700788625,0.05431830817401692
RN7SL118P,Pseudogene,RN7SL,1.012124794987222,0.282999992370605,4.36,0,0.7779895341520315,1.188408828573937
RN7SL11P,Pseudogene,RN7SL,1.126196880553188,0.30799999833107,1.58,0,1.0806383092367844,2.032081571833313
RN7SL120P,Pseudogene,RN7SL,1.1734554978736986,-0.137000001966953,0,0,-0.34706224702633354,-0.39842602803777805
RN7SL121P,Pseudogene,RN7SL,1.730352546608191,0.153999999165535,0,0,4.1365930221312395,7.029195358195244
RN7SL122P,Pseudogene,RN7SL,1.14242325281365,0.293000012636185,0.1,0,0.5116683607450061,1.253168395885879
RN7SL124P,Pseudogene,RN7SL,0.840935266265699,0.229000002145767,2.21,0,-0.3931478218059864,-0.18947674987692348
RN7SL125P,Pseudogene,RN7SL,1.016036841968465,0.282999992370605,0.9,0,-0.11125071715458575,0.16259418597397857
RN7SL126P,Pseudogene,RN7SL,0.697009018135013,0.301999986171722,0,0,2.1700536998875166,3.8739459245048637
RN7SL127P,Pseudogene,RN7SL,1.0536065763575315,0.30799999833107,2.82,0,-0.164909656746659,0.0038917059571913527
RN7SL12P,Pseudogene,RN7SL,1.0899378376112396,-0.100999999791384,0.99,0,-0.19979509124665398,-0.1562044816249476
RN7SL130P,Pseudogene,RN7SL,1.3324298623725224,0.30799999833107,4.36,0,-0.07343080837582897,-0.11708979943502822
RN7SL131P,Pseudogene,RN7SL,1.4924887113581105,0.157000005245209,0,0,2.9531899372616324,5.480353141285533
RN7SL132P,Pseudogene,RN7SL,1.2555973827248577,-0.0720000006258488,0.07,0,1.0003821296227722,1.4425659718483252
RN7SL135P,Pseudogene,RN7SL,1.2369402845212545,0.303000003099442,0,0,0.7316091567398373,0.7919002255726222
RN7SL138P,Pseudogene,RN7SL,1.1134334535922146,0.307000011205673,5.74,0,0.21535509378144957,0.8702136081742534
RN7SL140P,Pseudogene,RN7SL,1.016036841968465,0.29899999499321,0.07,0,1.5191227559808242,2.584402567325135
RN7SL141P,Pseudogene,RN7SL,1.2013360946652842,0.30799999833107,9.23,0,-0.18223378753055272,-0.2075713238815014
RN7SL143P,Pseudogene,RN7SL,1.286454916187462,0.214000001549721,0.19,0,0.8548218656317265,0.7911674731100681
RN7SL144P,Pseudogene,RN7SL,0.9066236511029606,0.237000003457069,0.71,0,-0.16141799049429875,0.09391984441490982
RN7SL146P,Pseudogene,RN7SL,1.473575631269275,0.239999994635582,2.91,0,1.2295510936738194,0.9502497428267825
RN7SL147P,Pseudogene,RN7SL,0.7925943711812687,0.305000007152557,0.19,0,0.8627850744536744,1.1997388986444089
RN7SL148P,Pseudogene,RN7SL,0.9586164052880768,0.293999999761581,0.08,0,0.5794061500532459,1.2209250121686217
RN7SL149P,Pseudogene,RN7SL,1.0877640145414271,0.305000007152557,0,0,-0.08331712619914113,0.08993159160569653
RN7SL14P,Pseudogene,RN7SL,1.165579957619513,0.214000001549721,0.55,0,-0.10381332201462957,-0.2965014373615819
RN7SL150P,Pseudogene,RN7SL,1.45830958056365,-0.238500006496906,0,0,1.4675298437237267,2.4028303395138653
RN7SL151P,Pseudogene,RN7SL,1.7428509359232265,0.130999997258186,0.53,0,1.4254310820901415,1.406233999748433
RN7SL152P,Pseudogene,RN7SL,1.177235757195708,-0.136500000953674,0.2,0,0.025438946872329966,0.26735715241869845
RN7SL153P,Pseudogene,RN7SL,0.8445664638121113,0.109499998390675,13.02,0,0.3295500597283308,0.6566173838172147
RN7SL154P,Pseudogene,RN7SL,1.3936594925364174,0.0719999969005585,0.29,0,3.5541742178409916,6.033097290594462
RN7SL155P,Pseudogene,RN7SL,1.3999368707712991,0.305000007152557,0.15,0,3.833659698019118,6.52053690759553
RN7SL156P,Pseudogene,RN7SL,0.9940403283303778,0.281999990344048,0.13,0,1.551206320781741,2.4102591118495367
RN7SL159P,Pseudogene,RN7SL,1.260902044564561,0.165999993681908,0,0,0.8864104071590213,0.924070000754692
RN7SL15P,Pseudogene,RN7SL,1.234740283344046,0.215000003576279,7.01,0,0.6475031682386373,0.7924115949331487
RN7SL160P,Pseudogene,RN7SL,0.9417393558992022,0.277999997138977,1.18,0,0.0015724360776154082,0.32286034192581087
RN7SL162P,Pseudogene,RN7SL,1.1062631145707935,0.293000012636185,0.35,0,0.490219770553364,0.7850273569552338
RN7SL163P,Pseudogene,RN7SL,1.5227710910088548,0.123000003397465,0.2,0,2.9633386059899447,5.69951908389411
RN7SL164P,Pseudogene,RN7SL,1.3526882386050345,-0.090999998152256,0.21,0,0.010990528858763064,-0.02668398852309503
RN7SL165P,Pseudogene,RN7SL,0.7161707780837419,0.143999993801117,13.77,0,-0.3311978625118948,-0.1272823828927932
RN7SL166P,Pseudogene,RN7SL,1.3769662085049372,0.306999996304512,3.26,0,0.06469750126509877,0.19320617181441221
RN7SL167P,Pseudogene,RN7SL,1.230651739359463,0.30799999833107,0,0,1.1785232598619009,1.1315709456173901
RN7SL168P,Pseudogene,RN7SL,1.1329102971586362,0.294999986886978,0.6,0,0.8502986628642576,1.527543549821193
RN7SL169P,Pseudogene,RN7SL,1.2499534272160533,0.159999996423721,0.41,0,-0.12356561502976926,-0.152071586937628
RN7SL16P,Pseudogene,RN7SL,1.4203610041177557,0.29899999499321,3.74,0,-0.07235105792635065,-0.19825340357370547
RN7SL170P,Pseudogene,RN7SL,1.295176644432801,0.30799999833107,0.1,0,1.3016034324860255,1.4687863033534927
RN7SL172P,Pseudogene,RN7SL,1.1234190456211304,0.30799999833107,5.87,0,0.32644878786998166,0.5280216458925743
RN7SL173P,Pseudogene,RN7SL,1.094367812263581,-0.0850000008940697,3.16,0,0.6849874156908543,0.9780165269837787
RN7SL174P,Pseudogene,RN7SL,1.4302351715260608,-0.100000001490116,2.83,0,0.17711128112735045,0.4597183623827327
RN7SL176P,Pseudogene,RN7SL,1.0525540223351963,-0.0379999987781048,0.3,0,0.6003531427214783,1.0796557256134103
RN7SL177P,Pseudogene,RN7SL,1.277849866580857,0.30799999833107,1.68,0,-0.0431786195659949,0.027207431596198643
RN7SL178P,Pseudogene,RN7SL,1.79384289135482,-0.190999999642372,1.16,0,0.8883755335853841,0.6734284904590943
RN7SL180P,Pseudogene,RN7SL,0.909707405018277,0.28999999165535,1.1,0,-0.16331316810032492,0.17959058768330646
RN7SL181P,Pseudogene,RN7SL,1.2288663206613808,0.30799999833107,2.69,0,2.09682097314683,3.0244469810101875
RN7SL182P,Pseudogene,RN7SL,1.076762764848906,0.187000006437302,0.38,0,0.7501270503332115,1.5239879749169944
RN7SL183P,Pseudogene,RN7SL,1.2937937529576593,0.299000009894371,0,0,-0.14657706577132093,-0.22464003885479153
RN7SL184P,Pseudogene,RN7SL,0.760177905019864,0.282999992370605,0,0,-0.2916299040541678,-0.08929491552340704
RN7SL185P,Pseudogene,RN7SL,1.618143292168326,-0.156000003218651,0,0,-0.18028723092776286,-0.5390301927698378
RN7SL186P,Pseudogene,RN7SL,1.0993342011056495,0.28600001335144,0.05,0,1.1127486814915688,1.9841061651692393
RN7SL187P,Pseudogene,RN7SL,1.146345964919521,0.23199999332428,0.15,0,0.8079800603602142,1.139179477854937
RN7SL188P,Pseudogene,RN7SL,1.157809424568716,0.101000003516674,0,0,-0.31925480131407014,-0.38916108121292337
RN7SL189P,Pseudogene,RN7SL,1.1177468147220475,0.30799999833107,0.02,0,-0.2923945902824503,-0.37824564826296664
RN7SL18P,Pseudogene,RN7SL,0.8474687540657612,0.30799999833107,0.41,0,0.8351412585517664,1.1221073180692698
RN7SL190P,Pseudogene,RN7SL,1.459650792063284,0.0850000008940697,0.15,0,3.682299084846366,6.527601824351619
RN7SL191P,Pseudogene,RN7SL,1.0021694691348888,0.138999998569489,0.36,0,-0.27081709312447405,-0.19532691340931868
RN7SL193P,Pseudogene,RN7SL,1.145224539519056,-0.146999999880791,0,0,-0.2607410354440891,-0.3274608019509662
RN7SL196P,Pseudogene,RN7SL,0.6445537002753677,-0.0219999998807907,0.26,0,-0.7401987382861709,-0.9044805201586998
RN7SL197P,Pseudogene,RN7SL,1.196532147798439,0.30799999833107,0,0,1.0803639453854523,1.2806937977898052
RN7SL198P,Pseudogene,RN7SL,1.1308836239973503,0.32600000500679,0.24,0,3.2511233328042093,5.277585716225526
RN7SL19P,Pseudogene,RN7SL,1.2145647885181627,0.30799999833107,2.19,0,0.6133797133737032,0.8419557821224023
RN7SL200P,Pseudogene,RN7SL,1.206051483925746,0.305000007152557,3.95,0,0.22015468698742088,0.5307379523291716
RN7SL201P,Pseudogene,RN7SL,0.8566225134478,0.294999986886978,0,0,0.07246101531258235,0.38251327266001856
RN7SL202P,Pseudogene,RN7SL,1.2727065430373672,0.257999986410141,0.18,0,3.8852254140450286,6.3848107381993335
RN7SL203P,Pseudogene,RN7SL,1.044375393107592,-0.126999996602535,0.37,0,0.27007032963293237,0.5127952502600536
RN7SL204P,Pseudogene,RN7SL,1.140132944804308,0.319999992847443,0.42,0,3.1726621107908364,5.005181473267157
RN7SL205P,Pseudogene,RN7SL,1.2964204120170837,-0.0299999993294477,0,0,0.8706558619104936,1.2379475610516941
RN7SL208P,Pseudogene,RN7SL,1.1851900528524355,0.206000000238419,0.61,0,0.6370693089905372,1.0972910970383856
RN7SL209P,Pseudogene,RN7SL,1.5982804013068146,-0.1875,0.53,0,-0.6278901163360399,-1.0621811410866062
RN7SL20P,Pseudogene,RN7SL,1.2279796927243958,0.30799999833107,1.09,0,-0.01154268527540172,0.1267740222524561
RN7SL210P,Pseudogene,RN7SL,0.7839334645517348,0.185000002384186,0.12,0,0.6704477758239711,1.492448529427053
RN7SL211P,Pseudogene,RN7SL,1.0319605740721165,-0.037499999627471,0.21,0,-0.18525405184494131,-0.0733339006600962
RN7SL213P,Pseudogene,RN7SL,1.2052905681630166,0.44200000166893,1.35,0,0.9000197517432807,0.8176160761259164
RN7SL214P,Pseudogene,RN7SL,1.3500494799688048,-0.118000000715256,0,0,-0.5540753437107921,-0.7723976931542502
RN7SL215P,Pseudogene,RN7SL,1.0490219618575616,0.305000007152557,0,0,-0.1952463083827382,-0.2033147013941418
RN7SL216P,Pseudogene,RN7SL,1.5618771432101473,0.29899999499321,0,0,-0.0772277597878545,-0.29271180777949757
RN7SL217P,Pseudogene,RN7SL,0.8622846413746033,0.259500004351139,0.24,0,1.8251254662919567,2.1573076724309423
RN7SL218P,Pseudogene,RN7SL,1.1500648799227715,0.214000001549721,0,0,0.07746909946268452,0.2904521645002155
RN7SL219P,Pseudogene,RN7SL,1.3729429325122275,0.194999992847443,1.54,0,0.19043042906191082,0.43842285830768135
RN7SL220P,Pseudogene,RN7SL,1.2041218015514648,0.306500002741814,14.93,0,0.08575975141541331,0.3144692133255613
RN7SL221P,Pseudogene,RN7SL,1.359705018176784,0.30799999833107,0.2,0,-0.23279572199377932,-0.45712923187576476
RN7SL222P,Pseudogene,RN7SL,1.3475507683943586,-0.0320000015199184,0,0,0.6446757150852319,0.8392616522744526
RN7SL223P,Pseudogene,RN7SL,1.205066952102133,0.305000007152557,0,0,-0.18946904039359158,-0.2794615361072653
RN7SL225P,Pseudogene,RN7SL,1.2355147550766834,0.29899999499321,0.08,0,0.4564176490222577,0.5498949588217679
RN7SL228P,Pseudogene,RN7SL,1.1921998035163015,-0.0879999995231628,0,0,-0.39055422947314433,-0.46990441838042696
RN7SL229P,Pseudogene,RN7SL,1.2197657817362726,-0.116999998688698,0.67,0,0.9146564484714085,1.1823040032203829
RN7SL22P,Pseudogene,RN7SL,1.1492011760589116,0.301999986171722,0.09,0,0.8370411646935363,1.3188823785794983
RN7SL230P,Pseudogene,RN7SL,1.3068344000082537,-0.0500000007450581,3.07,0,0.8880843157003565,1.7063503727178913
RN7SL231P,Pseudogene,RN7SL,1.1748360337535502,0.27700001001358,1.06,0,-0.19986765532643752,-0.27644537607844655
RN7SL233P,Pseudogene,RN7SL,1.2539452251646743,0.25,0.48,0,0.04539999148909055,0.31593430555395857
RN7SL234P,Pseudogene,RN7SL,1.295176644432801,-0.0654999986290932,0.12,0,1.6093219393787208,2.4010563225657657
RN7SL236P,Pseudogene,RN7SL,1.137425455826309,0.291999995708466,0.25,0,0.1719305425697222,0.5081221691065373
RN7SL237P,Pseudogene,RN7SL,0.9682030031236648,0.0590000003576279,2.04,0,0.6524154792858516,0.9173354601521925
RN7SL238P,Pseudogene,RN7SL,1.1378471931106346,-0.046000000089407,0,0,-0.3744438057443737,-0.5851889595231247
RN7SL239P,Pseudogene,RN7SL,1.2620122727799006,-0.074499998241663,2.53,0,0.5581065165093213,0.6691961175193395
RN7SL23P,Pseudogene,RN7SL,1.1367583441220122,0.136999994516373,6.1,0,-0.18711728755322965,-0.2542120620004246
RN7SL240P,Pseudogene,RN7SL,1.457382492464118,0.207000002264977,0,0,-0.1143376737083667,-0.2040514597902626
RN7SL241P,Pseudogene,RN7SL,1.30989456084681,-0.0135000003501773,0.09,0,-0.7249417690733704,-1.09028858162581
RN7SL242P,Pseudogene,RN7SL,0.760177905019864,0.305000007152557,5.47,0,-0.01087695238527794,0.41471289423471036
RN7SL244P,Pseudogene,RN7SL,1.1344193351834897,0.365000009536743,1.3,0,-0.10619568343836616,-0.18141808820199531
RN7SL248P,Pseudogene,RN7SL,0.9185053489739664,0.296000003814697,0,0,1.715016709672821,2.1724242518723447
RN7SL250P,Pseudogene,RN7SL,1.2924384274255434,0.30799999833107,0.1,0,1.1407973157203806,1.9109831681384284
RN7SL251P,Pseudogene,RN7SL,0.760177905019864,0.419999986886978,0.16,0,0.9612393522739734,1.836071645326262
RN7SL252P,Pseudogene,RN7SL,1.356625184343142,0.30799999833107,0.12,0,-0.23061081627475788,-0.3875095832445945
RN7SL253P,Pseudogene,RN7SL,1.1851900528524355,0.284000009298325,0.17,0,0.44196060749588034,0.6257493586670616
RN7SL254P,Pseudogene,RN7SL,1.1129646933354207,0.347000002861023,0.84,0,1.2231238310167811,1.4436052665229482
RN7SL255P,Pseudogene,RN7SL,1.2203937177886468,0.282000005245209,0.08,0,0.8102588917448061,1.0633518075377049
RN7SL258P,Pseudogene,RN7SL,1.1346532360773416,-0.0940000005066395,1.26,0,-0.246723001948373,-0.2022852809188968
RN7SL259P,Pseudogene,RN7SL,1.139504137223756,-0.104000002145767,0,0,-0.13995023147612032,0.04121101934343272
RN7SL25P,Pseudogene,RN7SL,1.416089988510968,0.28099998831749,1.91,0,3.249005446809452,4.6743649980063005
RN7SL260P,Pseudogene,RN7SL,1.2932977614863317,0.282000005245209,0.44,0,0.6064580764642193,0.44005088969320544
RN7SL261P,Pseudogene,RN7SL,0.8868327507334846,-0.187000006437302,0,0,0.09530156714151848,0.45091778862276144
RN7SL262P,Pseudogene,RN7SL,0.8860786412515684,0.204999998211861,0.71,0,0.8908748497008427,1.544176088435845
RN7SL263P,Pseudogene,RN7SL,1.5929860703548886,0.471999987959862,0.46,0,1.0297235429703835,1.1913704709204098
RN7SL265P,Pseudogene,RN7SL,1.2041218015514648,0.305000007152557,0.51,0,0.2867779937185228,0.8018166298678687
RN7SL267P,Pseudogene,RN7SL,0.6787158695747646,0.30799999833107,0.07,0,0.39506861897114176,0.5350445593799411
RN7SL268P,Pseudogene,RN7SL,1.0839893605861468,0.202000007033348,1.66,0,0.12393855183706291,0.3495608432245701
RN7SL269P,Pseudogene,RN7SL,0.7174622335852044,0.44200000166893,1.06,0,1.1299357963099568,1.502242292315563
RN7SL26P,Pseudogene,RN7SL,1.0522111708621231,0.160999998450279,0.14,0,2.017258971381145,3.016460400921729
RN7SL270P,Pseudogene,RN7SL,1.100124969252125,0.20100000500679,0.42,0,-0.33543751393873206,-0.4206958724242053
RN7SL271P,Pseudogene,RN7SL,0.8477519854469243,0.0949999988079071,0.13,0,0.18566668122336458,0.614017992539267
RN7SL272P,Pseudogene,RN7SL,1.201878295400051,0.146999999880791,0.38,0,1.3598876925906334,1.4752012419215759
RN7SL273P,Pseudogene,RN7SL,1.312700317487608,0.30799999833107,2.77,0,-0.1602704660185103,-0.14385397894829793
RN7SL274P,Pseudogene,RN7SL,1.4174652146374354,0.163000002503395,0.78,0,3.560267456925587,6.435297243770629
RN7SL277P,Pseudogene,RN7SL,0.8924780981050519,0.305000007152557,1.82,0,-0.33422526511858275,-0.1763785185557905
RN7SL278P,Pseudogene,RN7SL,1.1851900528524355,0.305000007152557,0.1,0,0.844291310943034,1.3437520058596584
RN7SL279P,Pseudogene,RN7SL,1.4064938432260812,-0.113500002771616,0.07,0,3.4275862319093813,5.3766153272039325
RN7SL280P,Pseudogene,RN7SL,1.073385820693914,0.194999992847443,9.18,0,1.5797387951973754,2.2661206006942063
RN7SL282P,Pseudogene,RN7SL,1.4969657206545015,0.305000007152557,0.26,0,0.9756411154197284,1.1273882488550693
RN7SL283P,Pseudogene,RN7SL,0.7909787157944694,0.214000001549721,0,0,-0.4148239821029986,-0.28004017891332883
RN7SL284P,Pseudogene,RN7SL,1.0483438062458557,0.303000003099442,1.68,0,0.4139810739978745,1.0094836834303478
RN7SL285P,Pseudogene,RN7SL,1.3683202290357552,0.30799999833107,1.37,0,0.16347420775781474,0.3174541401273794
RN7SL286P,Pseudogene,RN7SL,0.9548943707783226,-0.034000001847744,0.29,0,-0.5986550069814242,-0.8496785027053022
RN7SL28P,Pseudogene,RN7SL,1.0606777614337566,0.44200000166893,0,0,0.37394747298177566,0.6048711292484349
RN7SL290P,Pseudogene,RN7SL,0.6715294662498553,0.277999997138977,0.02,0,0.8517157258461728,1.790263824051368
RN7SL291P,Pseudogene,RN7SL,0.6850706283780292,-0.150999993085861,0.1,0,-0.35419477199431043,-0.1122167070188209
RN7SL292P,Pseudogene,RN7SL,1.331916104954989,0.319999992847443,0,0,-0.12076133611008616,-0.11866023230769
RN7SL294P,Pseudogene,RN7SL,1.4011456426136666,0.293000012636185,0,0,0.016211276354524216,-0.02921008761849948
RN7SL296P,Pseudogene,RN7SL,1.1849153308295222,0.279000014066696,15,0,0.1360752174493899,0.48440639360941584
RN7SL297P,Pseudogene,RN7SL,0.7468463523668509,0.189999997615814,1.75,0,-0.39257553825428193,-0.16789163283486733
RN7SL299P,Pseudogene,RN7SL,0.8063315635389272,0.30799999833107,0,0,0.2951022795274133,0.7424062253727017
RN7SL300P,Pseudogene,RN7SL,1.288882189614231,0.291999995708466,6.17,0,0.9761661076668752,1.068732719181489
RN7SL301P,Pseudogene,RN7SL,1.5968445419387325,0.209999993443489,6.21,0,0.13129238799880785,0.3824844963463799
RN7SL302P,Pseudogene,RN7SL,1.227277990042839,0.30799999833107,0,0,-0.26919369903608137,-0.49838293460413946
RN7SL303P,Pseudogene,RN7SL,1.3423208866513798,0.301999986171722,0.12,0,0.8465996133401041,1.4397500565984727
RN7SL304P,Pseudogene,RN7SL,0.9693288205691576,0.266999989748001,0.37,0,1.1964694525818829,2.0735682851800616
RN7SL305P,Pseudogene,RN7SL,1.1990126069377094,0.211999997496605,0,0,0.3736514557757894,0.6266876001877332
RN7SL306P,Pseudogene,RN7SL,1.3377392675760165,-0.0139999999664724,0.66,0,-0.46561250546955646,-0.6334718149901879
RN7SL307P,Pseudogene,RN7SL,1.2834023113015938,0.214000001549721,0,0,0.03776059228329776,0.02985618585936109
RN7SL308P,Pseudogene,RN7SL,1.1811995139539426,0.305000007152557,4.14,0,-0.009027054499487847,0.05202369071884181
RN7SL309P,Pseudogene,RN7SL,1.117326577555824,-0.214500002563,0,0,-0.461440227237698,-0.4367666477494594
RN7SL30P,Pseudogene,RN7SL,1.4983416082653973,0.305000007152557,3.57,0,1.15804034947805,1.23754756109289
RN7SL310P,Pseudogene,RN7SL,1.1866516522270114,0.197999998927116,0.24,0,1.3185141978853967,1.4458254532915928
RN7SL311P,Pseudogene,RN7SL,0.5448514939146899,0.270000010728836,0.24,0,0.37988191375403735,1.1277143091351125
RN7SL313P,Pseudogene,RN7SL,0.735691405194705,0.184000000357628,0.18,0,0.4922027939584915,1.0684844888150586
RN7SL314P,Pseudogene,RN7SL,1.2014255330284964,-0.175499998033047,0.19,0,-0.624932889300828,-0.783794481027676
RN7SL316P,Pseudogene,RN7SL,1.2259158613080523,0.277999997138977,0.59,0,-0.14296422412378496,-0.2174527843389247
RN7SL319P,Pseudogene,RN7SL,1.4616689115596009,-0.0659999996423721,0,0,-0.49919717405777975,-0.7629528999423804
RN7SL320P,Pseudogene,RN7SL,1.1185616474646918,-0.0949999988079071,0.39,0,0.5199274353201538,0.8465244602028553
RN7SL321P,Pseudogene,RN7SL,0.6273081163215116,-0.118000000715256,5.77,0,0.5945279010404243,1.370014063793555
RN7SL322P,Pseudogene,RN7SL,1.3359339514254416,0.307000011205673,0.1,0,0.5152231395526293,1.0393029351177436
RN7SL323P,Pseudogene,RN7SL,1.0596899818086554,0.214000001549721,0.06,0,1.2272741693545175,1.4784918378259302
RN7SL325P,Pseudogene,RN7SL,0.8591518698213088,-0.181999996304512,0,0,-0.2834914840244328,-0.04502815186324908
RN7SL326P,Pseudogene,RN7SL,1.1617209428949618,0.217999994754791,2.82,0,1.256397349354252,1.957166023680534
RN7SL327P,Pseudogene,RN7SL,0.98128242710084,-0.0829999968409538,1.36,0,-0.8698739178893454,-1.1075134933045712
RN7SL328P,Pseudogene,RN7SL,1.2851684612712748,0.303000003099442,2.63,0,1.0908449578264812,1.5490153071884858
RN7SL329P,Pseudogene,RN7SL,1.312700317487608,0.30799999833107,6.33,0,-0.0179768883735735,4.247820092438991e-4
RN7SL32P,Pseudogene,RN7SL,1.1742906975163134,0.252000004053116,0.76,0,4.103954252500819,6.859450169766632
RN7SL330P,Pseudogene,RN7SL,1.3463777347590606,0.174999997019768,0.1,0,-0.19818892117462203,-0.3110024991522851
RN7SL332P,Pseudogene,RN7SL,1.1623677293898529,0.226999998092651,0.07,0,0.021201604060346636,0.16312800497171537
RN7SL333P,Pseudogene,RN7SL,0.760177905019864,-0.0390000008046627,2.14,0,-0.3125961800119418,-0.03077072968301806
RN7SL334P,Pseudogene,RN7SL,0.9212677141729568,0.305000007152557,2.73,0,1.1939612589116848,1.9834923975745904
RN7SL335P,Pseudogene,RN7SL,1.371090108041901,-0.126500003039837,0,0,-0.18311859776192602,-0.2993295672481677
RN7SL336P,Pseudogene,RN7SL,1.2045896033391692,-0.0010000000474974,1.37,0,-0.21545872226439816,-0.24047611239954958
RN7SL337P,Pseudogene,RN7SL,1.5809291478330307,0.293000012636185,1.08,0,0.7293519315952856,1.3044643757799343
RN7SL338P,Pseudogene,RN7SL,1.2091798085939491,0.30799999833107,0.33,0,-0.1167522885392157,0.11322386264526348
RN7SL339P,Pseudogene,RN7SL,1.5254921472358085,0.0850000008940697,0,0,3.9216528483902406,7.287689561112328
RN7SL33P,Pseudogene,RN7SL,1.208590539681379,0.27700001001358,0.11,0,1.8109845839053076,2.497800681196471
RN7SL340P,Pseudogene,RN7SL,1.3729429325122275,0.305000007152557,0,0,0.45300532115009706,0.7297208526316356
RN7SL341P,Pseudogene,RN7SL,1.2122031559242932,0.30799999833107,0.19,0,1.128833573942088,1.7533035923550544
RN7SL342P,Pseudogene,RN7SL,1.4059114441191551,0.284000009298325,0,0,0.5608050870018012,0.8586045813944302
RN7SL343P,Pseudogene,RN7SL,1.3441235848441415,0.287000000476837,0.06,0,0.39635551602488234,0.7257981862473626
RN7SL344P,Pseudogene,RN7SL,0.6688696337880082,-0.0850000008940697,2.38,0,0.9387924836547148,1.2573487284616724
RN7SL346P,Pseudogene,RN7SL,1.1814381883354246,-0.144499994814396,0.88,0,-0.2698333566549561,-0.10667394127434704
RN7SL34P,Pseudogene,RN7SL,1.2478612687018384,0.204999998211861,0.64,0,0.364250685720778,0.8450333150603118
RN7SL350P,Pseudogene,RN7SL,1.1732985138606051,0.305000007152557,0,0,-0.11469387854484814,-0.11973148220740339
RN7SL351P,Pseudogene,RN7SL,0.9103743459310468,0.196999996900558,1.58,0,-0.019199191214663108,0.32034518103811566
RN7SL352P,Pseudogene,RN7SL,1.178708511654794,0.305000007152557,0,0,-0.37039396277091,-0.4892914142085536
RN7SL353P,Pseudogene,RN7SL,1.3507776619968357,0.224000006914139,0.42,0,3.56357793734278,6.915565229447742
RN7SL354P,Pseudogene,RN7SL,1.3232107709356753,0.413499996066093,0.7,0,1.2198024904073603,1.64451935688761
RN7SL356P,Pseudogene,RN7SL,1.358558639312485,0.219999998807907,6.42,0,3.471416465618668,6.018962774614892
RN7SL357P,Pseudogene,RN7SL,1.1539241580433175,0.30799999833107,0,0,0.5048699765871425,1.2007148769630511
RN7SL35P,Pseudogene,RN7SL,1.1300537191852196,-0.161499999463558,0,0,0.5676147751781269,0.7490643027800153
RN7SL361P,Pseudogene,RN7SL,1.3287611516862443,0.30799999833107,0.1,0,0.7495521504380507,0.7944494938478722
RN7SL362P,Pseudogene,RN7SL,1.4570186017044515,0.30799999833107,6.98,0,-0.24788816751666665,-0.5725132165014442
RN7SL363P,Pseudogene,RN7SL,1.030577619671055,0.282999992370605,0.58,0,1.283766420161356,2.3243635542148686
RN7SL364P,Pseudogene,RN7SL,1.1620660768649245,0.203999996185303,5.38,0,0.9172934351481324,1.8234573696277938
RN7SL366P,Pseudogene,RN7SL,1.320378556100625,-0.105000000447035,0.38,0,0.09764472995386458,0.36774907002331886
RN7SL369P,Pseudogene,RN7SL,1.1616816968916883,0.284000009298325,0.19,0,0.1873869558234163,0.2035801086927489
RN7SL36P,Pseudogene,RN7SL,1.0697152292210963,-0.0700000002980232,3.39,0,0.6389508469354899,0.9633379910381242
RN7SL370P,Pseudogene,RN7SL,0.7182343210036441,0.30799999833107,0,0,0.07323277946733052,0.6408852015291839
RN7SL371P,Pseudogene,RN7SL,1.4570186017044515,0.175999999046326,0,0,3.944943511381459,6.734243759402291
RN7SL372P,Pseudogene,RN7SL,0.8392175694860492,0.202999994158745,0.16,0,0.46787184922046127,1.3232822225122693
RN7SL375P,Pseudogene,RN7SL,1.3287611516862443,-0.0449999999254942,1.89,0,-0.10192582976659591,-0.11853191643386864
RN7SL376P,Pseudogene,RN7SL,1.4472617807108952,0.268999993801117,0.21,0,2.3678815021060964,5.159143189539142
RN7SL378P,Pseudogene,RN7SL,1.1888915567719032,0.305000007152557,0.74,0,0.39827784768474483,1.0068431263550381
RN7SL379P,Pseudogene,RN7SL,1.2565986246172414,0.214000001549721,0.1,0,0.19934738784397882,0.4673168010069343
RN7SL37P,Pseudogene,RN7SL,1.3237495375362194,-0.0299999993294477,3.47,0,-0.1324490420239734,7.072304492655364e-4
RN7SL380P,Pseudogene,RN7SL,1.477334752777615,0.282000005245209,0.07,0,0.46451958030181384,0.7458727739981077
RN7SL382P,Pseudogene,RN7SL,1.145492303030751,0.30799999833107,2.28,0,0.7882825076331647,1.0744056070986936
RN7SL383P,Pseudogene,RN7SL,1.4059114441191551,0.303000003099442,0,0,0.05632677533064543,0.002550292882140783
RN7SL384P,Pseudogene,RN7SL,1.0839893605861468,0.30799999833107,0.85,0,-0.17735143415366694,-0.25481935551630314
RN7SL385P,Pseudogene,RN7SL,1.3843373554625953,0.261000007390976,0.96,0,0.8994894506960998,1.31769098890927
RN7SL386P,Pseudogene,RN7SL,1.2630648268022358,0.287000000476837,0,0,1.1029038970774279,1.8524226566292794
RN7SL387P,Pseudogene,RN7SL,1.2468716879970787,0.277999997138977,0.44,0,3.203228903080283,5.376359216399706
RN7SL388P,Pseudogene,RN7SL,0.7479653804735954,0.30799999833107,1.03,0,1.2757350610768563,2.06102716491985
RN7SL38P,Pseudogene,RN7SL,1.2673319377035943,-0.209000006318092,0,0,0.8323288477170552,0.5815121013194193
RN7SL390P,Pseudogene,RN7SL,1.1496558370717531,0.284000009298325,2.54,0,-0.12637366355962687,-0.1267720445907898
RN7SL391P,Pseudogene,RN7SL,1.1618862183171974,0.163000002503395,0.21,0,3.8360137281735236,7.624963349310758
RN7SL392P,Pseudogene,RN7SL,1.103597612047104,0.206000000238419,0,0,1.084956554292629,1.6546529434029422
RN7SL393P,Pseudogene,RN7SL,0.9152952883414848,-0.183000005781651,10,0,-0.3543769313323989,-0.2076650052716901
RN7SL394P,Pseudogene,RN7SL,1.181681783838174,-0.149000003933907,9.51,0,0.055736603989432296,0.3452710510738532
RN7SL395P,Pseudogene,RN7SL,1.3010435801854645,0.230000004172325,0.41,0,-0.09786066398618898,-0.18681317309475318
RN7SL397P,Pseudogene,RN7SL,0.722659573724098,0.282999992370605,0.2,0,-0.30373410842530213,-0.24407071218661397
RN7SL398P,Pseudogene,RN7SL,1.2355147550766834,0.305000007152557,8.41,0,-0.24293452197523804,-0.36267647886945276
RN7SL399P,Pseudogene,RN7SL,1.4068006986695152,0.279000014066696,1.14,0,0.5354818103293408,1.0131102705040365
RN7SL39P,Pseudogene,RN7SL,1.1928945586465558,0.305000007152557,0.62,0,0.4938965846559872,0.8227339313399461
RN7SL400P,Pseudogene,RN7SL,1.4081465974484384,0.273999989032745,0,0,0.8636839159083058,0.9955922315142409
RN7SL401P,Pseudogene,RN7SL,1.2937937529576593,0.30799999833107,0.06,0,0.8632118439514987,0.7812812200555335
RN7SL402P,Pseudogene,RN7SL,1.3156925279189955,0.30799999833107,0.56,0,0.061190514903315674,0.1521533169780723
RN7SL403P,Pseudogene,RN7SL,1.4804776248583582,0.214000001549721,0.96,0,2.200825885355513,3.9673636072600904
RN7SL404P,Pseudogene,RN7SL,1.100124969252125,0.216999992728233,14.04,0,-0.21167308683412964,-0.19913537153945388
RN7SL405P,Pseudogene,RN7SL,1.213897078354052,-0.0160000007599592,0.2,0,2.7384751904833293,4.851116384086703
RN7SL408P,Pseudogene,RN7SL,1.3612083775334904,0.305000007152557,0.51,0,0.5783876567261779,0.6302094860049163
RN7SL40P,Pseudogene,RN7SL,0.6906231655322166,0.28999999165535,0.55,0,0.12419915393487767,0.6761472395479022
RN7SL411P,Pseudogene,RN7SL,0.7409980317239783,0.305000007152557,5.8,0,0.5965385412699475,0.891803948206997
RN7SL413P,Pseudogene,RN7SL,1.075944111720423,-0.158999994397163,1.2,0,-0.11122501938849705,0.05898113399917885
RN7SL414P,Pseudogene,RN7SL,1.1696238064520703,-0.0379999987781048,1.26,0,-0.20778058055605342,-0.2304453151329963
RN7SL415P,Pseudogene,RN7SL,1.1658219465380495,0.239999994635582,0.19,0,-0.06943308040771946,-0.022079762369583894
RN7SL416P,Pseudogene,RN7SL,1.4103517487196109,0.202999994158745,0,0,0.6330069232458607,1.3105432614441461
RN7SL418P,Pseudogene,RN7SL,0.89558777788939,-0.122000001370907,0,0,0.7843675182076201,0.932164026949513
RN7SL419P,Pseudogene,RN7SL,1.294971516677902,0.282999992370605,1.44,0,0.8801942397677991,1.1828094956810078
RN7SL41P,Pseudogene,RN7SL,1.1344193351834897,-0.187000006437302,0,0,-0.1263009951983808,0.14014547754103016
RN7SL420P,Pseudogene,RN7SL,1.1888915567719032,0.232999995350838,0.05,0,1.272547000112848,1.998635732532083
RN7SL422P,Pseudogene,RN7SL,1.450588819287242,0.293999999761581,0,0,0.4859380762370535,0.7998797736769387
RN7SL423P,Pseudogene,RN7SL,0.7198223067219978,-0.111000001430511,0.07,0,0.36467345712379245,0.7856683172355658
RN7SL424P,Pseudogene,RN7SL,1.4903290862960636,0.30799999833107,0.13,0,0.9068138460029967,0.7819110519390109
RN7SL426P,Pseudogene,RN7SL,1.295176644432801,0.214000001549721,0.18,0,0.49552021956932063,1.0366674737283181
RN7SL428P,Pseudogene,RN7SL,0.9843723852608516,0.165999993681908,2.47,0,-0.6183977765472034,-0.7423735840249994
RN7SL42P,Pseudogene,RN7SL,1.0751087513852364,-0.0570000000298023,0.15,0,-0.6268086515755515,-0.7923590455101315
RN7SL430P,Pseudogene,RN7SL,1.0908287140564763,0.310000002384186,1.44,0,-0.6256003194853236,-0.8415786824914528
RN7SL432P,Pseudogene,RN7SL,0.8042501707574639,0.27700001001358,0.37,0,1.029877838728566,1.7547604628422366
RN7SL434P,Pseudogene,RN7SL,1.1535370650684624,0.305000007152557,1.71,0,-0.04823071669944662,0.07645341725001077
RN7SL435P,Pseudogene,RN7SL,1.2563463968724369,0.200000002980232,0.59,0,-0.2839138642009357,-0.2751289688206708
RN7SL43P,Pseudogene,RN7SL,1.4084691968980256,0.200000002980232,0.06,0,1.152005465225647,1.44828309660885
RN7SL441P,Pseudogene,RN7SL,1.0795790580438027,0.28999999165535,2.47,0,-0.18676114966392524,-0.1133560882017001
RN7SL442P,Pseudogene,RN7SL,1.3133900659951372,0.194999992847443,0.57,0,0.18635609874937806,0.41228320539504804
RN7SL443P,Pseudogene,RN7SL,1.3055299373585176,0.30799999833107,4.44,0,0.39833524385243985,0.8206098746561471
RN7SL444P,Pseudogene,RN7SL,0.7409980317239783,0.30799999833107,11.06,0,-0.2688893240251622,-0.15352221349103376
RN7SL445P,Pseudogene,RN7SL,1.102487472541542,0.307000011205673,0.08,0,0.4409444720808611,0.841956613224819
RN7SL446P,Pseudogene,RN7SL,1.2438628277461206,-0.105999998748302,0.18,0,-0.2460063621097259,-0.27366215221423107
RN7SL447P,Pseudogene,RN7SL,1.049117111241857,-0.108999997377396,0,0,-0.2724144796199764,-0.1608724384633306
RN7SL448P,Pseudogene,RN7SL,1.1185616474646918,0.30799999833107,0.46,0,-0.11559333711047003,-0.15456632380851645
RN7SL44P,Pseudogene,RN7SL,0.7590935962404165,0.214000001549721,0.17,0,1.4261475243427761,2.2495570014089545
RN7SL451P,Pseudogene,RN7SL,1.394018036270026,0.159999996423721,0,0,0.9635881466259035,1.3077860599477988
RN7SL452P,Pseudogene,RN7SL,1.157809424568716,-0.138999998569489,2.56,0,-0.1849300265450412,0.09796248230578489
RN7SL453P,Pseudogene,RN7SL,1.0557532746827198,0.301999986171722,0.04,0,1.7859530891746884,2.177550484734119
RN7SL454P,Pseudogene,RN7SL,1.5437458994249549,-0.180000007152557,0.03,0,0.013189081693760662,0.33504467242869745
RN7SL455P,Pseudogene,RN7SL,1.749031258391039,0.305000007152557,1.47,0,4.126384976767718,6.903859104362122
RN7SL456P,Pseudogene,RN7SL,1.3422739769576302,0.30799999833107,0,0,-0.15018116249635868,-0.28984368990105835
RN7SL457P,Pseudogene,RN7SL,1.2465613665217186,0.30799999833107,0.2,0,-0.0029553762585304314,0.07632085226419229
RN7SL459P,Pseudogene,RN7SL,1.4836829381062686,0.30799999833107,0.18,0,0.18074862785139215,0.29403544271832077
RN7SL45P,Pseudogene,RN7SL,1.165579957619513,0.206000000238419,0.85,0,0.5282621942158179,0.8061075227491101
RN7SL460P,Pseudogene,RN7SL,1.319364227996909,0.300000011920929,0.09,0,3.63686830952174,5.6484634651293035
RN7SL461P,Pseudogene,RN7SL,1.2193950322585414,0.305000007152557,0,0,0.5543264616728283,0.7730505099796618
RN7SL462P,Pseudogene,RN7SL,1.0779604987363909,0.284999996423721,0.06,0,0.2986533598128853,0.6964576619141114
RN7SL464P,Pseudogene,RN7SL,0.8186531284829306,0.305000007152557,3.2,0,-0.1847486152426772,0.11322337850363169
RN7SL465P,Pseudogene,RN7SL,1.0385665934669546,0.214000001549721,5.5,0,-0.21180850473873405,-0.17646894473774294
RN7SL466P,Pseudogene,RN7SL,0.7771059866596806,-0.104000002145767,0,0,-0.44504252867005667,-0.28531114215111236
RN7SL468P,Pseudogene,RN7SL,0.968779314435048,-0.195500001311302,0.32,0,0.11575296925568264,0.45740994179737826
RN7SL469P,Pseudogene,RN7SL,1.7000745981008996,-0.0659999996423721,0.64,0,-0.11850367200008326,-0.5005307880438475
RN7SL470P,Pseudogene,RN7SL,1.7031868369138257,0.123000003397465,0.38,0,3.9187001299630007,6.492627796672475
RN7SL472P,Pseudogene,RN7SL,1.7426414888559856,0.146999999880791,1.41,0,0.007680128806539823,-0.33750475592214796
RN7SL474P,Pseudogene,RN7SL,1.6617065495471277,0.184000000357628,0.16,0,3.9446511605294834,6.502848083723604
RN7SL475P,Pseudogene,RN7SL,1.2122031559242932,-0.120999999344349,0.24,0,1.2250245147981256,1.2098552186293383
RN7SL477P,Pseudogene,RN7SL,1.1537611398674268,0.211999997496605,0.69,0,0.1522810828126056,0.41345348026617895
RN7SL478P,Pseudogene,RN7SL,1.456974947024391,0.223000004887581,0.39,0,1.5918262133593881,1.582572961705443
RN7SL479P,Pseudogene,RN7SL,0.7062637489869168,0.30799999833107,0.06,0,0.6097113681757718,1.1790169809063078
RN7SL47P,Pseudogene,RN7SL,1.3475507683943586,0.305000007152557,1.69,0,0.6707484650300598,0.5570094805058627
RN7SL480P,Pseudogene,RN7SL,1.3232107709356753,0.305000007152557,0,0,0.5610355520616561,0.6624931045475675
RN7SL481P,Pseudogene,RN7SL,1.1849153308295222,0.226999998092651,4.84,0,0.7649617788845807,0.8479538504062228
RN7SL482P,Pseudogene,RN7SL,0.9208081665194152,0.30799999833107,2.45,0,0.6977375322921874,1.0480346484056198
RN7SL483P,Pseudogene,RN7SL,1.060309683552403,0.303000003099442,0.67,0,0.901238437257766,1.8346735348956473
RN7SL487P,Pseudogene,RN7SL,1.1914666752829228,0.305999994277954,0.34,0,0.5333684477833006,1.0892141731945661
RN7SL488P,Pseudogene,RN7SL,1.2994993891138389,0.270999997854233,0.23,0,4.1138053470747655,7.345941450663592
RN7SL489P,Pseudogene,RN7SL,0.7164919308990261,-0.0450000017881393,0.03,0,-0.9746112802028184,-1.1265844912900116
RN7SL48P,Pseudogene,RN7SL,0.9839404324833116,0.272000014781952,0.15,0,3.083144336102279,4.633201444093709
RN7SL491P,Pseudogene,RN7SL,1.4461857496471695,0.18299999833107,0,0,2.906687330342071,5.734658786683794
RN7SL492P,Pseudogene,RN7SL,1.2716279781703863,0.291999995708466,0,0,1.805849665677562,2.2572342076698644
RN7SL493P,Pseudogene,RN7SL,1.5334198398970285,0.305000007152557,0.35,0,0.9209045384551693,1.0352492056887417
RN7SL494P,Pseudogene,RN7SL,1.119723588234219,-0.197499997913837,0.64,0,-0.30562068231255096,-0.18243645091404384
RN7SL495P,Pseudogene,RN7SL,1.5388606275913312,-0.126000002026558,0,0,-0.21748553315342178,-0.5637892271567485
RN7SL496P,Pseudogene,RN7SL,1.0899378376112396,0.252000004053116,0,0,0.20820107663337264,0.25031445471269426
RN7SL497P,Pseudogene,RN7SL,1.327057313874442,0.214000001549721,0,0,0.860636468710947,1.371996586884748
RN7SL498P,Pseudogene,RN7SL,1.456974947024391,0.44200000166893,0.56,0,0.02377210047163639,-0.07361881480651539
RN7SL499P,Pseudogene,RN7SL,0.8054326431782373,0.284000009298325,0.23,0,0.5259843627669459,0.7714493204827824
RN7SL49P,Pseudogene,RN7SL,1.0606777614337566,0.30799999833107,1.64,0,-0.23407324168446975,-0.11672141146922455
RN7SL502P,Pseudogene,RN7SL,1.0420284821118444,0.284000009298325,2.21,0,0.07200273390566504,0.2678481700673794
RN7SL503P,Pseudogene,RN7SL,1.3526882386050345,0.30799999833107,0.1,0,1.3342435957084242,2.354495431537973
RN7SL504P,Pseudogene,RN7SL,1.0408182283579397,0.26800000667572,0,0,0.6400557306535425,0.7582958079628834
RN7SL505P,Pseudogene,RN7SL,1.149906288564834,0.301999986171722,3.61,0,1.7335916310273372,2.068043625579691
RN7SL507P,Pseudogene,RN7SL,1.2790664926823316,0.305000007152557,2.1,0,2.278216899069614,2.794392117617301
RN7SL508P,Pseudogene,RN7SL,1.3297613193066442,0.30799999833107,1.09,0,-0.14675860466827792,-0.13479117120740672
RN7SL509P,Pseudogene,RN7SL,1.1811995139539426,-0.0469999983906746,0,0,0.408476333586641,0.7910851490380926
RN7SL50P,Pseudogene,RN7SL,1.2937937529576593,0.30799999833107,0.2,0,0.046141641734210016,0.12983672931687912
RN7SL510P,Pseudogene,RN7SL,1.4131438223823491,0.159999996423721,0.29,0,3.6611527703372637,6.129265834411235
RN7SL513P,Pseudogene,RN7SL,1.1539241580433175,0.305000007152557,2.49,0,0.4162990243830548,0.9428457513865048
RN7SL515P,Pseudogene,RN7SL,1.075944111720423,0.20100000500679,0.68,0,-0.18875420767189735,0.032251341315216085
RN7SL516P,Pseudogene,RN7SL,0.8654333072533837,0.28099998831749,0.41,0,0.2329228476394132,0.6535291686542626
RN7SL517P,Pseudogene,RN7SL,0.6035793393653307,0.239999994635582,12.92,0,0.6655877680903817,1.170881093804404
RN7SL518P,Pseudogene,RN7SL,1.0544335830893663,-0.0329999998211861,0.08,0,-0.29261198363242724,-0.10166131763305282
RN7SL519P,Pseudogene,RN7SL,0.8924780981050519,0.28099998831749,0.22,0,0.7366165711793111,0.8506522475949374
RN7SL51P,Pseudogene,RN7SL,0.8653102015197772,0.305000007152557,0,0,-0.3667472730110528,-0.23260731821509462
RN7SL520P,Pseudogene,RN7SL,1.2266302644906326,0.239999994635582,0.32,0,0.9792113371899217,1.3651348296249035
RN7SL521P,Pseudogene,RN7SL,1.321540050265302,-0.132500000298023,10.42,0,-0.3444541308388202,-0.5152963345520876
RN7SL523P,Pseudogene,RN7SL,1.3054495525338543,0.305000007152557,0.2,0,1.570836742418202,1.44721928737928
RN7SL525P,Pseudogene,RN7SL,1.798739641740684,0.151500001549721,0.37,0,4.00648112016784,6.855873002042614
RN7SL526P,Pseudogene,RN7SL,1.284841806574688,0.305000007152557,1.18,0,1.5680494804359486,1.6489710719618877
RN7SL530P,Pseudogene,RN7SL,1.2588263542290736,0.30799999833107,0.46,0,0.6783030012178102,0.4703540196481843
RN7SL531P,Pseudogene,RN7SL,1.2193950322585414,0.305000007152557,0.23,0,2.9512484301445445,4.797063866133036
RN7SL535P,Pseudogene,RN7SL,1.1030481680012767,-0.165000006556511,9,0,0.5748873927996309,1.0953169020323903
RN7SL536P,Pseudogene,RN7SL,1.724736797978225,-0.013499999884516,0.06,0,-0.1332568864774771,-0.5643963747985153
RN7SL538P,Pseudogene,RN7SL,0.7769510612237437,-0.028999999165535,0.18,0,-0.38543920349258015,-0.022181424593739063
RN7SL541P,Pseudogene,RN7SL,1.1782654214692234,0.301999986171722,4.11,0,-0.23232282920213154,-0.3042968883741988
RN7SL542P,Pseudogene,RN7SL,1.5122408810693433,-0.218999996781349,0,0,0.8131569427794917,1.2568617432911133
RN7SL543P,Pseudogene,RN7SL,1.103597612047104,-0.293999999761581,0.17,0,0.8206952882395888,1.4281784535433606
RN7SL545P,Pseudogene,RN7SL,1.2695979207339714,-0.145000003278255,0.06,0,-0.2775546834228026,-0.4654341090195792
RN7SL546P,Pseudogene,RN7SL,1.3055299373585176,0.194999992847443,0.77,0,0.9227895079394085,1.666944308065952
RN7SL547P,Pseudogene,RN7SL,1.4253033261070056,0.207000002264977,0.02,0,-0.021064302840065607,-0.08440058407341589
RN7SL549P,Pseudogene,RN7SL,1.182443667644646,0.231000006198883,0.4,0,-0.306937172587595,-0.48006300505676003
RN7SL551P,Pseudogene,RN7SL,1.3404169512624398,0.30799999833107,0.06,0,1.212258093241526,1.1039306238841828
RN7SL552P,Pseudogene,RN7SL,1.1955640797176958,0.305000007152557,3.13,0,0.4500060362207769,0.5225861062864928
RN7SL553P,Pseudogene,RN7SL,1.014054563128976,-0.141500003635883,0.07,0,0.7225859546803524,0.7198347739936586
RN7SL554P,Pseudogene,RN7SL,1.3441691607150503,0.195999994874001,0,0,0.0676021384273535,0.1957688655598618
RN7SL555P,Pseudogene,RN7SL,1.2500243344901183,0.30799999833107,9.05,0,1.4202819162960887,1.423976664848574
RN7SL556P,Pseudogene,RN7SL,1.3986959491434152,0.193000003695488,0.11,0,1.0137407610686664,1.5404924352758878
RN7SL557P,Pseudogene,RN7SL,1.3966582219447798,0.144999995827675,0,0,2.2068950869684927,2.9788820611301206
RN7SL559P,Pseudogene,RN7SL,1.356625184343142,-0.0500000007450581,5.13,0,0.7344598872521408,0.9879910057495452
RN7SL55P,Pseudogene,RN7SL,1.2279796927243958,0.204999998211861,0.95,0,0.09656788039387733,0.17884068116718804
RN7SL560P,Pseudogene,RN7SL,1.460418705990085,0.097000002861023,0.09,0,2.327901241660686,4.625250705917738
RN7SL561P,Pseudogene,RN7SL,1.1372078333842193,0.160999998450279,0.11,0,0.3527394834627643,0.8200988300507789
RN7SL563P,Pseudogene,RN7SL,1.270482153805269,0.30799999833107,2.42,0,1.375308899044018,1.7205711082534176
RN7SL564P,Pseudogene,RN7SL,1.3615838832928102,0.118000000715256,0,0,-0.686677601969416,-1.094243554442131
RN7SL565P,Pseudogene,RN7SL,0.6482102060085417,0.300000011920929,0.26,0,0.5515752076342295,1.0113237822995726
RN7SL566P,Pseudogene,RN7SL,1.0795790580438027,-0.0839999988675117,3.34,0,0.025643004249925893,0.32044205242039675
RN7SL567P,Pseudogene,RN7SL,1.215126722814692,0.125,0,0,0.6783910267116081,1.286859805132494
RN7SL568P,Pseudogene,RN7SL,1.3404169512624398,0.266999989748001,0,0,0.543132873681166,0.294559661651209
RN7SL569P,Pseudogene,RN7SL,1.2542935432827758,0.354999989271164,1.91,0,0.21750478661734085,0.5690136770136477
RN7SL570P,Pseudogene,RN7SL,1.3560644630222634,0.284000009298325,0.07,0,0.14149631290550765,0.2815583814349614
RN7SL571P,Pseudogene,RN7SL,1.2245306456455574,0.222000002861023,0.45,0,-0.22671235686196392,-0.16093028990353223
RN7SL573P,Pseudogene,RN7SL,1.3591675853632754,0.263999998569489,0,0,-0.1855448793331287,-0.32329431581594104
RN7SL574P,Pseudogene,RN7SL,1.391710318420982,0.305000007152557,1.45,0,1.1457603107847298,1.5604069320759653
RN7SL575P,Pseudogene,RN7SL,0.697009018135013,0.146999999880791,0.74,0,-0.32865549528250687,-0.09666900047402714
RN7SL577P,Pseudogene,RN7SL,1.2609805614114729,0.30799999833107,1.38,0,0.8227335659804762,0.9528861488186999
RN7SL578P,Pseudogene,RN7SL,0.810057477260091,0.30799999833107,0.58,0,-0.455809429775671,-0.44531176063363315
RN7SL57P,Pseudogene,RN7SL,1.1977338874848786,0.30799999833107,7.73,0,0.49580563072334105,0.7721181476177775
RN7SL580P,Pseudogene,RN7SL,1.1739461412874437,-0.127000004053116,0.07,0,0.30777045063138553,0.9296474850983116
RN7SL581P,Pseudogene,RN7SL,1.0116781379726645,-0.0579999983310699,0.46,0,0.6684781576748563,1.0817408107472362
RN7SL582P,Pseudogene,RN7SL,0.9835155326981566,-0.0410000011324883,0.8,0,0.43031978982685815,0.8182651610842516
RN7SL583P,Pseudogene,RN7SL,0.7261522523427487,-0.10700000077486,0.19,0,-0.057920218101657726,0.44052229189413694
RN7SL585P,Pseudogene,RN7SL,1.0668386840668884,0.305000007152557,0,0,-0.1105043981075301,-0.05034756443021833
RN7SL586P,Pseudogene,RN7SL,1.2321282727673837,0.207000002264977,0,0,1.478735216541289,1.8471192547281927
RN7SL587P,Pseudogene,RN7SL,1.458592655862368,-0.12899999320507,2.08,0,0.6816788881736624,0.9898855032823785
RN7SL589P,Pseudogene,RN7SL,1.120460733453596,0.184000000357628,1.17,0,0.6839087494442714,1.0224878996961144
RN7SL58P,Pseudogene,RN7SL,1.311396389052321,0.206000000238419,0,0,-0.1511289660916394,-0.14185940986998277
RN7SL591P,Pseudogene,RN7SL,1.153844323799645,0.30799999833107,0.58,0,-0.2165749196658606,-0.12285879747981862
RN7SL592P,Pseudogene,RN7SL,1.7799774783405171,0.305000007152557,0.35,0,3.5729550988890764,4.859276182994451
RN7SL594P,Pseudogene,RN7SL,1.028715690818894,0.105999998748302,0.07,0,0.07481810788485636,0.40400968846651325
RN7SL596P,Pseudogene,RN7SL,1.2422330284435184,0.144999995827675,0.19,0,2.9537591781428922,6.086438677600137
RN7SL597P,Pseudogene,RN7SL,1.0795790580438027,0.294999986886978,0.44,0,0.11011524706626628,0.45018982931666823
RN7SL598P,Pseudogene,RN7SL,1.3468395347023838,-0.170500002801418,0.07,0,0.025538322462287596,0.18498500434143364
RN7SL600P,Pseudogene,RN7SL,1.2662330496119405,0.30799999833107,7.29,0,1.8849873003750819,2.2553373103958925
RN7SL601P,Pseudogene,RN7SL,1.17361569657648,0.207000002264977,0,0,0.9455951797545122,1.3710981407689946
RN7SL602P,Pseudogene,RN7SL,1.7259936792181785,0.218999996781349,0.14,0,4.155693758798509,7.465822805855862
RN7SL604P,Pseudogene,RN7SL,0.97396806323517,-0.119999997317791,0.48,0,0.6022405624945417,1.4309736034955787
RN7SL605P,Pseudogene,RN7SL,1.2484564257805018,-0.153999999165535,0.78,0,3.176385622400659,5.466941305741572
RN7SL606P,Pseudogene,RN7SL,1.0906327685357189,0.305000007152557,0.67,0,-0.18785666161592107,-0.05173571008048646
RN7SL607P,Pseudogene,RN7SL,1.394018036270026,0.30799999833107,0.2,0,0.6133354317924595,1.0150876862146214
RN7SL608P,Pseudogene,RN7SL,1.2574059342090356,-0.131999999284744,8.57,0,0.13473364217021525,0.6211635188195527
RN7SL60P,Pseudogene,RN7SL,1.1732985138606051,-0.172999992966652,0.06,0,1.0777107213355812,1.501907605899007
RN7SL610P,Pseudogene,RN7SL,1.0145752689519678,0.146999999880791,0.95,0,1.8968590204435007,2.683080192319791
RN7SL612P,Pseudogene,RN7SL,0.7417829872660587,0.303000003099442,0.45,0,0.912625775858521,1.5293520815317323
RN7SL614P,Pseudogene,RN7SL,1.364561107527415,-0.333499997854233,0.93,0,0.6855688815478629,0.7632171918075185
RN7SL615P,Pseudogene,RN7SL,1.282137953381464,0.305000007152557,0.78,0,-0.27774234166870965,-0.46380021294411045
RN7SL616P,Pseudogene,RN7SL,1.1233764305294978,0.284000009298325,0.63,0,-0.1300513838089299,-0.039800201703243394
RN7SL617P,Pseudogene,RN7SL,1.206678004177136,0.305000007152557,0.27,0,0.7876609544611028,1.1747369923258564
RN7SL618P,Pseudogene,RN7SL,1.2790664926823316,-0.0654999986290932,0.1,0,-0.03303369391450491,0.24728820419638084
RN7SL619P,Pseudogene,RN7SL,1.1981981254257643,0.195999994874001,0.24,0,3.6184259759436155,6.451201862254354
RN7SL620P,Pseudogene,RN7SL,1.2036632631654969,-0.12899999320507,0.27,0,0.1790815245608101,0.510580209333649
RN7SL621P,Pseudogene,RN7SL,1.1616816968916883,0.266999989748001,0.31,0,0.12986703328530635,0.41015302572114126
RN7SL622P,Pseudogene,RN7SL,1.7430294609870851,0.165000006556511,0,0,3.5549050447793658,6.5464802321989435
RN7SL623P,Pseudogene,RN7SL,1.10925612611906,0.30799999833107,0.5,0,-0.09427250961917714,0.18428458368163003
RN7SL624P,Pseudogene,RN7SL,1.6367593663867102,0.180500000715256,0.2,0,3.2440634998937012,6.177053062786699
RN7SL625P,Pseudogene,RN7SL,0.9310220115088644,0.214000001549721,0,0,1.2974279440111718,1.7208629705661727
RN7SL627P,Pseudogene,RN7SL,0.768051796496079,0.266000002622604,0.53,0,0.4988634989329372,0.8177725195651023
RN7SL628P,Pseudogene,RN7SL,1.7000745981008996,-0.0160000007599592,0.19,0,-0.10742411503948432,-0.5244077900041803
RN7SL629P,Pseudogene,RN7SL,1.0359347482983248,0.214000001549721,0.47,0,-0.4986366911104543,-0.8729806050420467
RN7SL62P,Pseudogene,RN7SL,1.1695044692613294,0.199000000953674,0.02,0,0.6777243764176503,1.0303903415512772
RN7SL630P,Pseudogene,RN7SL,1.2045896033391692,0.0689999982714653,8.45,0,0.036288584413211596,0.19108708321343257
RN7SL632P,Pseudogene,RN7SL,1.2535680987811662,-0.096000000834465,0,0,-0.332536472396447,-0.3112404049940306
RN7SL633P,Pseudogene,RN7SL,0.912213486023837,0.30799999833107,0,0,1.0186161303204893,1.596866350632964
RN7SL634P,Pseudogene,RN7SL,1.1776349284140708,0.284000009298325,0.23,0,1.4848541023578894,2.3554165429904628
RN7SL635P,Pseudogene,RN7SL,1.3494738225547531,-0.0509999990463257,0.07,0,1.2204504625734844,1.7496779548834802
RN7SL636P,Pseudogene,RN7SL,1.358653916585738,0.29899999499321,0.06,0,1.1312440424063261,1.606689651157281
RN7SL638P,Pseudogene,RN7SL,1.1378471931106346,0.30799999833107,2.16,0,0.13729153983454112,0.3643975021871211
RN7SL63P,Pseudogene,RN7SL,1.1540008409352662,0.29899999499321,0,0,0.11821103294048897,0.24675138386842393
RN7SL643P,Pseudogene,RN7SL,1.515894813610587,0.29899999499321,0.02,0,0.6177484435534171,0.8366854539852258
RN7SL644P,Pseudogene,RN7SL,1.3813247574970395,0.180999994277954,0.1,0,3.2739445250210726,6.519104156666396
RN7SL645P,Pseudogene,RN7SL,1.291237276470687,-0.256000012159348,0.07,0,0.41807676541446653,0.6116500701503307
RN7SL646P,Pseudogene,RN7SL,1.2279796927243958,-0.126000002026558,1.8,0,-0.15621205271348065,0.10874099888462925
RN7SL647P,Pseudogene,RN7SL,1.157809424568716,-0.106499999761581,0,0,-0.24438044511281462,-0.12587876501985243
RN7SL649P,Pseudogene,RN7SL,1.098866399317945,0.164000004529953,0.08,0,0.5259657295545032,0.7626767496894201
RN7SL650P,Pseudogene,RN7SL,1.2662330496119405,0.347000002861023,14.43,0,1.5314242851606674,2.0864108812755355
RN7SL652P,Pseudogene,RN7SL,1.3893713094824591,0.282000005245209,1.13,0,0.8243596729409456,1.74616685200507
RN7SL653P,Pseudogene,RN7SL,0.6638634243260898,-0.063000001013279,5.54,0,-0.4323444486509128,-0.29340354780110656
RN7SL654P,Pseudogene,RN7SL,0.8326711615048985,0.0850000008940697,0.07,0,-0.45815046668270604,-0.4005609299729433
RN7SL655P,Pseudogene,RN7SL,1.107300959738537,-0.122999999672174,2.46,0,-0.0033060703649353323,0.3582448672449574
RN7SL658P,Pseudogene,RN7SL,0.768051796496079,0.305000007152557,0.64,0,0.7864285971166953,1.2510042769895073
RN7SL659P,Pseudogene,RN7SL,1.3591675853632754,0.30799999833107,0.08,0,0.3156524661646368,0.27310637253681025
RN7SL65P,Pseudogene,RN7SL,0.6395518726189099,0.263999998569489,1.12,0,-0.312510684979904,0.04193794579710166
RN7SL660P,Pseudogene,RN7SL,1.2081489647673558,0.0040000001899898,5.34,0,0.06922873291929887,0.37854369748962724
RN7SL663P,Pseudogene,RN7SL,1.2197657817362726,0.214000001549721,2.42,0,1.8584118439357242,2.598686045587571
RN7SL664P,Pseudogene,RN7SL,0.9338397326029644,0.165999993681908,14.75,0,1.3066048657881648,2.075463378317951
RN7SL665P,Pseudogene,RN7SL,1.0536065763575315,-0.126000002026558,0.31,0,-0.17647361659910232,0.024661051160390753
RN7SL666P,Pseudogene,RN7SL,1.2911098517394564,-0.100499998778105,0.76,0,0.4469639086191749,0.6567567984492498
RN7SL667P,Pseudogene,RN7SL,0.8974965673670249,0.419999986886978,0.06,0,3.4365314811829633,6.091437888536714
RN7SL668P,Pseudogene,RN7SL,0.8368325543912503,-0.096000000834465,0.1,0,0.4986083922154791,0.8166722854671511
RN7SL66P,Pseudogene,RN7SL,1.3025356026398056,0.18299999833107,0.2,0,3.4264434610716545,6.329968764645747
RN7SL670P,Pseudogene,RN7SL,0.909707405018277,0.272000014781952,0.07,0,3.3698477329087324,6.279670948591407
RN7SL672P,Pseudogene,RN7SL,1.2381621291129172,0.305000007152557,1.8,0,1.113072410607385,1.6594808130622105
RN7SL673P,Pseudogene,RN7SL,1.494893181088722,-0.168999999761581,0.15,0,-0.20934004015851282,-0.5233589767449133
RN7SL675P,Pseudogene,RN7SL,1.2045896033391692,0.374000012874603,0,0,-0.05116071914762734,0.0037958968459597853
RN7SL677P,Pseudogene,RN7SL,1.295730296460914,0.0350000001490116,1.47,0,-0.08875773522634539,0.12168024474615009
RN7SL678P,Pseudogene,RN7SL,0.975812625389018,0.130999997258186,0.22,0,0.23932370535385625,0.8015523633210577
RN7SL679P,Pseudogene,RN7SL,0.7312480576223469,0.284000009298325,0.22,0,0.6653965957910907,1.0477874632835467
RN7SL67P,Pseudogene,RN7SL,1.2086591628099097,0.214000001549721,2.44,0,-0.014677860844454476,0.3810796583536998
RN7SL680P,Pseudogene,RN7SL,1.277849866580857,0.206000000238419,0.47,0,0.10596156216179257,0.22647836390853915
RN7SL681P,Pseudogene,RN7SL,1.2371114399501348,0.29899999499321,0.73,0,-0.20232506445497256,-0.22127466888198447
RN7SL683P,Pseudogene,RN7SL,1.286454916187462,0.305000007152557,2.88,0,1.030639339719212,1.358248138372731
RN7SL684P,Pseudogene,RN7SL,1.2168813339854874,0.0034999998752027,0.64,0,-0.17353155908549373,-0.09139691154947194
RN7SL685P,Pseudogene,RN7SL,1.282137953381464,0.30799999833107,0.39,0,1.0141341961622303,1.5915643627241318
RN7SL687P,Pseudogene,RN7SL,0.8896851367738555,0.282999992370605,0,0,0.38059002459630603,0.43686079158357477
RN7SL688P,Pseudogene,RN7SL,1.060974454513878,-0.133000001311302,2.2,0,-0.4236369605044146,-0.34206044686611
RN7SL689P,Pseudogene,RN7SL,1.1811995139539426,0.284000009298325,13.75,0,0.10344412615907939,0.35120149848995397
RN7SL68P,Pseudogene,RN7SL,0.7731179060829814,-0.0345000009983778,8.68,0,0.6213851426084535,0.4993734805206157
RN7SL690P,Pseudogene,RN7SL,1.4762070163251129,0.0610000006854534,0.71,0,3.7983329437586004,6.0973862402437105
RN7SL691P,Pseudogene,RN7SL,1.211661025711447,0.305000007152557,0,0,1.3713037896897098,1.3680984096529243
RN7SL692P,Pseudogene,RN7SL,0.9407201574620816,0.282999992370605,0,0,-0.12511394139955775,-0.04503507729289011
RN7SL693P,Pseudogene,RN7SL,1.6184432816551946,0.159999996423721,0.19,0,3.355845371443164,6.595670161201659
RN7SL697P,Pseudogene,RN7SL,0.8364108217620156,0.194999992847443,0.24,0,0.363476046179441,1.2490837523775162
RN7SL69P,Pseudogene,RN7SL,1.2514557750853033,0.0054999998537823,0.56,0,0.9861218045129542,0.9123955649339789
RN7SL700P,Pseudogene,RN7SL,1.3822826803524466,0.30799999833107,0,0,-0.07430905589922632,-0.2949593660697351
RN7SL703P,Pseudogene,RN7SL,1.2191503212346084,0.214000001549721,0.08,0,-0.29303176061149494,-0.349162828196274
RN7SL704P,Pseudogene,RN7SL,1.305704789020924,-0.0980000011622906,0.18,0,0.5671113660187204,0.6581436299976376
RN7SL705P,Pseudogene,RN7SL,1.0751087513852364,0.30799999833107,0,0,-0.25900962615851547,-0.07699118254181103
RN7SL706P,Pseudogene,RN7SL,1.1776349284140708,0.30799999833107,0.19,0,-0.11349610463835634,-0.09373494874138896
RN7SL708P,Pseudogene,RN7SL,1.0222798932646855,0.108000002801418,1.3,0,0.09420660525703693,0.3617687326957884
RN7SL709P,Pseudogene,RN7SL,1.1230751418316545,0.256999999284744,7.33,0,1.1499861027576128,1.243783526666324
RN7SL70P,Pseudogene,RN7SL,1.1961474849848983,0.266000002622604,0.2,0,0.279909304705658,0.7322841223400228
RN7SL711P,Pseudogene,RN7SL,1.289466683549774,0.30799999833107,0.66,0,0.5770270865109476,1.1689151404016531
RN7SL712P,Pseudogene,RN7SL,1.150291181552036,0.197999998927116,0.06,0,0.4930229159031546,0.819470029082813
RN7SL713P,Pseudogene,RN7SL,1.288158829983737,0.13849999755621,1.24,0,-0.09424994584882794,0.014578458322741813
RN7SL714P,Pseudogene,RN7SL,1.445319147448196,0.30799999833107,0,0,0.7286719432831512,1.0437556669311834
RN7SL715P,Pseudogene,RN7SL,1.3237890973215738,0.305000007152557,2.19,0,-0.041498596839397314,-0.13769634323186894
RN7SL716P,Pseudogene,RN7SL,1.257173666229464,0.30799999833107,0.29,0,3.1642687823785787,5.457784244793748
RN7SL717P,Pseudogene,RN7SL,0.5379720558602115,0.30799999833107,0.37,0,0.43113270334558657,1.0891657136206492
RN7SL718P,Pseudogene,RN7SL,1.6392747298349148,0.160999998450279,0.34,0,4.515935225991145,7.437081319044671
RN7SL720P,Pseudogene,RN7SL,1.3596643571415514,0.130999997258186,5.2,0,1.3595491197471958,2.3317076642220145
RN7SL724P,Pseudogene,RN7SL,0.7305734745433596,-0.194999992847443,0.98,0,1.2302441220590683,1.8077317967141457
RN7SL726P,Pseudogene,RN7SL,1.2429994156741064,-0.204999998211861,0.92,0,0.7271522509360551,1.2083521205405152
RN7SL727P,Pseudogene,RN7SL,0.7627460736179041,-0.113500002771616,0.17,0,0.5691398891961025,1.08563823059237
RN7SL728P,Pseudogene,RN7SL,1.1693875188144032,0.30799999833107,5.34,0,1.1086899764767268,1.6794592587124106
RN7SL72P,Pseudogene,RN7SL,1.084639312235377,0.252000004053116,0,0,-0.6034420188902929,-0.7864920032911743
RN7SL732P,Pseudogene,RN7SL,1.0188722936204702,-0.117999996989965,0,0,0.02435264991375717,0.45322451526014207
RN7SL733P,Pseudogene,RN7SL,1.330249126100227,0.303000003099442,0.13,0,1.7235985878594808,2.214654445060579
RN7SL734P,Pseudogene,RN7SL,1.2238589555004884,0.30799999833107,0.08,0,-0.17691172241151065,-0.1600581186032849
RN7SL735P,Pseudogene,RN7SL,1.296587951486199,0.30799999833107,15.29,0,0.8802110672375953,1.3236220256977178
RN7SL736P,Pseudogene,RN7SL,1.2525001581765665,-0.188999995589256,0.71,0,-0.771210373698318,-1.0842639749100202
RN7SL737P,Pseudogene,RN7SL,1.145492303030751,0.140000000596046,15.23,0,-0.042783441307009944,0.24167618149906964
RN7SL738P,Pseudogene,RN7SL,1.1227242904908763,-0.25900000333786,15.18,0,0.5043713766164633,0.7841532870308723
RN7SL73P,Pseudogene,RN7SL,1.199159761160456,0.237000003457069,0,0,3.840911026037917,5.659342089047614
RN7SL740P,Pseudogene,RN7SL,1.353021478711116,0.30799999833107,0.07,0,2.2846284154343945,3.378007090347498
RN7SL741P,Pseudogene,RN7SL,1.1417843806300487,-0.0850000008940697,0,0,1.4529319163641197,2.149130115762747
RN7SL743P,Pseudogene,RN7SL,1.375384349991025,-0.149000003933907,1.79,0,0.10261161234682827,0.4102603454785461
RN7SL744P,Pseudogene,RN7SL,1.2358639925171688,0.291999995708466,1.12,0,3.4429288305860557,6.110581162953589
RN7SL745P,Pseudogene,RN7SL,1.0687471611403534,0.287999987602234,4.15,0,1.2500543864389193,1.707583838219292
RN7SL748P,Pseudogene,RN7SL,1.3737352979609525,-0.0799999982118607,0.18,0,1.7082306852284612,1.76290831458679
RN7SL749P,Pseudogene,RN7SL,1.3055299373585176,0.30799999833107,4.69,0,0.042943564015507245,0.17585619005334283
RN7SL74P,Pseudogene,RN7SL,0.7086258351039298,0.301999986171722,1.19,0,0.7344992877547467,1.1674886607353536
RN7SL750P,Pseudogene,RN7SL,1.546989063079209,0.111999999731779,0.8,0,3.3205974207571445,5.616347887935756
RN7SL751P,Pseudogene,RN7SL,0.9539697371446464,0.282000005245209,6.79,0,-0.8343380433099065,-1.1294618386697308
RN7SL752P,Pseudogene,RN7SL,0.9561004655846193,-0.167999997735023,14.25,0,-0.19337624571730258,0.09803391624974199
RN7SL753P,Pseudogene,RN7SL,0.6228216214921369,0.230000004172325,0.49,0,-0.312015891237755,-0.16909237016404902
RN7SL754P,Pseudogene,RN7SL,1.6844821327371922,0.231000006198883,1.5,0,0.24887285131869752,0.19080209227118092
RN7SL756P,Pseudogene,RN7SL,1.4386214118708298,0.252000004053116,0.09,0,0.5883920104762661,0.7641655103847892
RN7SL757P,Pseudogene,RN7SL,1.119343995181051,-0.170000001788139,0.5,0,0.5442364214860819,0.910974446738822
RN7SL75P,Pseudogene,RN7SL,1.3473440634660858,0.30799999833107,5.64,0,0.921749141756708,1.3601012480105232
RN7SL760P,Pseudogene,RN7SL,1.4408295061299576,-0.158999994397163,4.35,0,0.03130935323461006,0.08265521047026712
RN7SL761P,Pseudogene,RN7SL,1.3493894012959138,0.214000001549721,0,0,-0.13874121686583932,-0.08733000011923114
RN7SL762P,Pseudogene,RN7SL,0.6490142795160276,-0.104000002145767,0,0,0.6606152639880787,1.3387305322116114
RN7SL764P,Pseudogene,RN7SL,0.971588328309412,0.291000008583069,0.02,0,1.7902295809365931,2.6981587606632718
RN7SL766P,Pseudogene,RN7SL,1.360145052163249,0.30799999833107,0,0,0.10128236861583316,0.26919967919308213
RN7SL767P,Pseudogene,RN7SL,0.8595263185781316,0.146999999880791,2.16,0,-0.23313368527171252,0.08643619058430907
RN7SL769P,Pseudogene,RN7SL,1.3422739769576302,0.211999997496605,13.02,0,1.576136467103495,2.177455971494809
RN7SL76P,Pseudogene,RN7SL,1.310047341986056,0.291999995708466,0.73,0,0.26211932192450527,0.6605978963979104
RN7SL771P,Pseudogene,RN7SL,1.107300959738537,0.199000000953674,1.35,0,1.3583664318003226,2.0696440186114935
RN7SL775P,Pseudogene,RN7SL,1.2611852660480656,0.301999986171722,1.74,0,2.3738869055722334,3.4109508356808766
RN7SL776P,Pseudogene,RN7SL,0.868357068426537,0.30799999833107,0,0,-0.38607689093071645,-0.34804438316044667
RN7SL778P,Pseudogene,RN7SL,1.391710318420982,0.305000007152557,1.35,0,0.26470551262205577,0.552531300042419
RN7SL77P,Pseudogene,RN7SL,0.968779314435048,-0.276500001549721,0.33,0,-0.14733184642145936,0.07931973173255807
RN7SL782P,Pseudogene,RN7SL,1.3940970622358009,-0.101999998092651,0,0,0.42679499123409737,0.15595413703883534
RN7SL783P,Pseudogene,RN7SL,1.5001517461189344,0.30799999833107,0.06,0,0.18734785249041028,0.3325952316277914
RN7SL784P,Pseudogene,RN7SL,1.4726523382672263,0.261000007390976,1.09,0,3.8602873982225336,7.095892961381706
RN7SL785P,Pseudogene,RN7SL,0.8237379305231971,0.0309999994933605,0.67,0,2.184931250868484,3.7766925334984807
RN7SL786P,Pseudogene,RN7SL,1.177235757195708,0.30799999833107,11.34,0,1.2970642753741668,1.3793544320606426
RN7SL788P,Pseudogene,RN7SL,1.2200966404474127,0.30799999833107,4.39,0,0.609055072858348,0.5667807279475136
RN7SL789P,Pseudogene,RN7SL,1.2328892166055954,0.291999995708466,0.54,0,1.9392523843792195,2.867745248158722
RN7SL78P,Pseudogene,RN7SL,1.1124859239628233,0.30799999833107,0,0,-0.29512189025370306,-0.4030696161558127
RN7SL790P,Pseudogene,RN7SL,1.0023987635527811,0.190500006079674,0.12,0,1.3080902738241103,1.6011868839962735
RN7SL791P,Pseudogene,RN7SL,1.2834023113015938,-0.130999997258186,0.16,0,-0.22497755046367132,-0.2951796563493887
RN7SL792P,Pseudogene,RN7SL,1.2754884152625854,0.305999994277954,0.3,0,0.03493135151272643,0.023559301541505144
RN7SL793P,Pseudogene,RN7SL,1.3964120424697015,0.30799999833107,0.68,0,-0.17076241263375194,-0.21977457241538956
RN7SL794P,Pseudogene,RN7SL,1.2405100977521957,-0.0725000016391277,0.14,0,0.884422695178899,1.4432827083619695
RN7SL795P,Pseudogene,RN7SL,1.133175181492786,0.305000007152557,0.77,0,0.7382243110489262,1.1032462511931567
RN7SL797P,Pseudogene,RN7SL,1.1695044692613294,-0.203999996185303,0.17,0,0.5616867597247741,0.9258721015800231
RN7SL798P,Pseudogene,RN7SL,1.1078043663647514,-0.185000002384186,9.21,0,1.0277516945554508,1.2198416121894322
RN7SL799P,Pseudogene,RN7SL,1.014054563128976,0.033500000834465,0.23,0,-0.3194764953895628,-0.09582856985725773
RN7SL79P,Pseudogene,RN7SL,1.221688565234576,0.30799999833107,0.27,0,1.3946912573234442,2.261037613512504
RN7SL7P,Pseudogene,RN7SL,1.165579957619513,-0.111000001430511,0.06,0,0.12270301440625082,0.4371952109105079
RN7SL800P,Pseudogene,RN7SL,1.364561107527415,0.30799999833107,6.41,0,0.44889716242933897,0.2551171550069487
RN7SL801P,Pseudogene,RN7SL,1.1501418124854796,0.214000001549721,9.94,0,-0.22074146009573586,-0.3971480009026928
RN7SL802P,Pseudogene,RN7SL,1.277849866580857,0.305000007152557,0,0,0.2753485629650076,0.45283559987859495
RN7SL803P,Pseudogene,RN7SL,1.0069547764164404,0.305000007152557,0.23,0,0.9242601045732687,1.0579236458079864
RN7SL804P,Pseudogene,RN7SL,1.1306125588909273,0.30799999833107,0.32,0,0.5130854326126723,0.9202269022391921
RN7SL806P,Pseudogene,RN7SL,1.2809806399483663,0.0719999969005585,0.79,0,-0.06629267263445676,0.15326345579450487
RN7SL807P,Pseudogene,RN7SL,0.8654333072533837,0.0549999997019768,0,0,-0.3967600825369367,-0.2022357348604976
RN7SL808P,Pseudogene,RN7SL,0.8944949066066,0.30799999833107,0,0,-0.4090705230733545,-0.42301030627849856
RN7SL809P,Pseudogene,RN7SL,1.321540050265302,0.219999998807907,4.93,0,0.4280364700398424,0.6774581781437702
RN7SL810P,Pseudogene,RN7SL,1.3214129302142956,0.305000007152557,0.14,0,0.15253458898422267,0.2366409238314721
RN7SL811P,Pseudogene,RN7SL,1.736714136853074,0.180999994277954,0.34,0,3.8091460941545354,7.257704951403965
RN7SL812P,Pseudogene,RN7SL,1.0955616060435165,0.214000001549721,4.27,0,-0.03216477050467769,0.16565036252603926
RN7SL813P,Pseudogene,RN7SL,0.8468782716810044,-0.103000000119209,0.07,0,0.4136613392080045,0.8418100177710897
RN7SL814P,Pseudogene,RN7SL,1.238856084288526,-0.164000004529953,0.58,0,0.4896667444156456,0.7242631535559306
RN7SL815P,Pseudogene,RN7SL,1.065983159861542,-0.14750000089407,0.26,0,0.5333948843299905,1.0739958246885608
RN7SL817P,Pseudogene,RN7SL,1.025143761336884,-0.0319999996572733,0.77,0,-0.21536290526103113,-0.016747827032370197
RN7SL819P,Pseudogene,RN7SL,1.19640307205434,0.209000006318092,0,0,3.087675134578156,6.057198741778111
RN7SL820P,Pseudogene,RN7SL,0.7667099199485142,-0.104000002145767,0.18,0,0.5888394049560014,0.8656229247695548
RN7SL822P,Pseudogene,RN7SL,1.4081465974484384,-0.115499999374151,0,0,-0.1703784109247152,-0.29750145622835494
RN7SL823P,Pseudogene,RN7SL,1.0714643149398626,0.294999986886978,0.46,0,1.075977660825698,1.7196635796393638
RN7SL824P,Pseudogene,RN7SL,0.6549225027863445,0.284000009298325,0,0,0.5648154581153417,1.056389171357351
RN7SL825P,Pseudogene,RN7SL,1.2245306456455574,0.30799999833107,0.2,0,0.9193149028917996,1.4682731044253479
RN7SL826P,Pseudogene,RN7SL,1.1336883948902012,0.305000007152557,0.19,0,0.02600560389664826,0.24889138750966858
RN7SL827P,Pseudogene,RN7SL,1.3025356026398056,0.193000003695488,2.01,0,0.5164255324960995,0.7084834008888752
RN7SL828P,Pseudogene,RN7SL,1.2953709403590583,0.214000001549721,0,0,1.6237405857267853,2.3113919670847562
RN7SL82P,Pseudogene,RN7SL,1.5242048120904617,-0.0189999993890524,0.2,0,-0.1774787680931338,-0.49407394709235397
RN7SL831P,Pseudogene,RN7SL,0.6859748628322487,0.30799999833107,0,0,0.34983356063143317,0.27253051223392183
RN7SL833P,Pseudogene,RN7SL,0.9050482121628696,0.214000001549721,2.34,0,1.0204916750175554,1.7612373643496761
RN7SL834P,Pseudogene,RN7SL,0.765125808543662,-0.171499997377396,7.06,0,-0.4930655072210151,-0.35920403756573277
RN7SL835P,Pseudogene,RN7SL,1.4980816600335676,0.199000000953674,0.62,0,3.54617934407397,5.577544154158753
RN7SL836P,Pseudogene,RN7SL,1.3729429325122275,0.195999994874001,4.3,0,1.4710512778258829,1.9455837862950576
RN7SL837P,Pseudogene,RN7SL,0.7503573274208404,0.217999994754791,0.07,0,-0.3623913120573628,-0.34161034240115834
RN7SL838P,Pseudogene,RN7SL,1.4011456426136666,-0.184000000357628,15.21,0,0.29764244821552954,0.9406319940541032
RN7SL83P,Pseudogene,RN7SL,1.111029245798263,-0.216999992728233,0.37,0,-0.27158442814480993,-0.14221846633465973
RN7SL840P,Pseudogene,RN7SL,1.1985773620535298,0.30799999833107,0.08,0,0.321281426135004,0.6039733825026156
RN7SL841P,Pseudogene,RN7SL,1.1344193351834897,0.347000002861023,0,0,-0.08010620239019854,-0.1486993273094869
RN7SL842P,Pseudogene,RN7SL,1.4125274979738336,0.28099998831749,1.09,0,0.5954180739101127,1.1214324628959214
RN7SL843P,Pseudogene,RN7SL,1.0876391564130363,-0.33500000834465,0.05,0,-0.024260196268479913,0.2468013465160569
RN7SL845P,Pseudogene,RN7SL,1.0779604987363909,0.305000007152557,0.1,0,0.8391469403366572,1.2753096789961291
RN7SL846P,Pseudogene,RN7SL,1.320378556100625,-0.0640000030398369,0.85,0,0.7968965803572347,0.5791430162278457
RN7SL847P,Pseudogene,RN7SL,1.6209331943962024,0.209999993443489,0.21,0,3.9792795876631963,6.035087450409522
RN7SL849P,Pseudogene,RN7SL,1.7426013034186776,0.305000007152557,0.19,0,-0.06232118601550518,-0.38435703969770735
RN7SL851P,Pseudogene,RN7SL,1.3182978596574488,0.270999997854233,2.44,0,1.0104608255371486,1.4067599644842586
RN7SL853P,Pseudogene,RN7SL,1.7445020926237156,-0.0900000035762787,0.03,0,-0.5548617684106272,-1.058196893505583
RN7SL854P,Pseudogene,RN7SL,1.047915648677448,0.231000006198883,0.17,0,0.4737193680670523,0.44841793697894267
RN7SL856P,Pseudogene,RN7SL,1.177235757195708,-0.151999995112419,0.31,0,0.7935975066866815,1.1491322360907572
RN7SL860P,Pseudogene,RN7SL,1.2616488348439372,0.0520000010728836,0,0,-0.493925017535938,-0.6352074232180424
RN7SL861P,Pseudogene,RN7SL,1.4015587771094984,0.30799999833107,5.61,0,-0.14604264489877924,-0.220312951329793
RN7SL862P,Pseudogene,RN7SL,1.1189567593147325,0.305000007152557,0.19,0,0.1377507607269046,0.39860476843490317
RN7SL863P,Pseudogene,RN7SL,0.7627460736179041,-0.0614999998360872,0.38,0,0.09655662598218549,0.3052311683242001
RN7SL864P,Pseudogene,RN7SL,1.267496633212068,0.305000007152557,0.37,0,-0.2853922931800004,-0.31622165729510004
RN7SL865P,Pseudogene,RN7SL,1.129765597676048,0.305000007152557,0.59,0,1.3644645776069133,1.5858371265781914
RN7SL868P,Pseudogene,RN7SL,1.2609805614114729,-0.177000001072884,0,0,0.2818714420693765,0.8988579326021472
RN7SL869P,Pseudogene,RN7SL,1.088340859094593,0.305000007152557,0,0,0.003602860807437821,0.13463336812984078
RN7SL870P,Pseudogene,RN7SL,0.8331534034903261,0.284000009298325,0.07,0,0.5279741101138974,1.0222751331589848
RN7SL87P,Pseudogene,RN7SL,1.3507776619968357,-0.0824999995529652,0,0,-0.14020403086887898,0.020401202765791823
RN7SL88P,Pseudogene,RN7SL,1.2429994156741064,0.248999997973442,4.09,0,1.0051997834935225,1.9033386283571352
RN7SL89P,Pseudogene,RN7SL,1.3500957954334851,0.405000001192093,0,0,0.14746602567097317,0.28091641235857123
RN7SL8P,Pseudogene,RN7SL,1.305800102897048,0.211999997496605,1.86,0,-0.20160662973897958,-0.25742433967529327
RN7SL91P,Pseudogene,RN7SL,0.7877878558921161,0.0140000004321337,0,0,0.6400500474148054,1.0820472142357085
RN7SL93P,Pseudogene,RN7SL,0.8061198723959662,0.263999998569489,0.7,0,-0.5017921076331223,-0.4936015306924596
RN7SL97P,Pseudogene,RN7SL,1.2313825987051896,0.30799999833107,0,0,1.0515083956254492,1.353653851701179
RN7SL98P,Pseudogene,RN7SL,1.3893713094824591,-0.0450000017881393,0,0,0.8356930753313816,1.3880111088288245
RNU7-102P,Pseudogene,RNU7,1.1764837701262758,0.0915000028908253,0,0,-0.7666942251841917,-1.1046428017943526
RNU7-103P,Pseudogene,RNU7,0.7525761259696655,-0.16499999910593,0,0,-0.9750686157920729,-1.1176375112268606
RNU7-104P,Pseudogene,RNU7,0.7914140370469704,-0.150999993085861,0,0,-0.9571966903080006,-1.1159219849965116
RNU7-105P,Pseudogene,RNU7,0.7282994767448375,0.0195000004023313,0,0,-0.9614476443664716,-1.129393855639248
RNU7-106P,Pseudogene,RNU7,1.5552663912117082,0.347000002861023,0,0,-0.5771303359697237,-1.0944888497486018
RNU7-107P,Pseudogene,RNU7,1.3665947306384845,-0.0750000029802322,0,0,-0.7093627803272028,-1.083251465851453
RNU7-10P,Pseudogene,RNU7,1.4886121173026348,-0.124000001698732,0,0,-0.33944430225536903,-0.46468327015022376
RNU7-110P,Pseudogene,RNU7,0.5042073300541183,-0.176500000059605,0,0,-1.0793503670955369,-1.1329229164560932
RNU7-111P,Pseudogene,RNU7,0.9523916234355566,-0.0514999991282821,0,0,-0.7537332880074303,-0.8845143298655738
RNU7-113P,Pseudogene,RNU7,1.3445528801443154,0.329500004649162,0,0,-0.6665980348047358,-1.107028097301896
RNU7-115P,Pseudogene,RNU7,0.9472986201016766,0.157000005245209,0,0,1.055252116213974,1.7747031688181056
RNU7-116P,Pseudogene,RNU7,0.7282994767448375,-0.267000004649162,0,0,-0.9981996340290856,-1.1135537518820118
RNU7-119P,Pseudogene,RNU7,0.9372742960794368,-0.101999998092651,0,0,-0.8905336450061422,-1.1092800158676686
RNU7-11P,Pseudogene,RNU7,0.8403455500901972,0.28099998831749,0,0,-0.8815250257762973,-1.136669561499458
RNU7-120P,Pseudogene,RNU7,1.0475418603240765,-0.219999998807907,0,0,-0.8600276704406256,-1.095689059981851
RNU7-121P,Pseudogene,RNU7,0.7843225134175172,-0.203000001609325,0,0,-0.9668005234114952,-1.113498327934496
RNU7-123P,Pseudogene,RNU7,1.2156998957971517,-0.256999999284744,0,0,-0.29566430229079194,-0.1949722230948008
RNU7-124P,Pseudogene,RNU7,1.2325068067989555,0.30799999833107,1.7,0,-0.7157281309759761,-1.113028068299077
RNU7-125P,Pseudogene,RNU7,1.456598953489675,0.0900000035762787,0,0,0.08685597934059697,0.2942925935860736
RNU7-126P,Pseudogene,RNU7,1.5126219901623548,0.0870000012218952,0,0,1.0001163265380082,1.7081635087554174
RNU7-127P,Pseudogene,RNU7,1.0644376967809164,0.189500004053116,0,0,-0.800504175034489,-1.1172454467013413
RNU7-128P,Pseudogene,RNU7,1.0084146601082369,-0.160999998450279,0.57,0,-0.6749840671552176,-0.7758282968883761
RNU7-129P,Pseudogene,RNU7,1.3445528801443154,0.293000012636185,0,0,-0.6712805409653316,-1.105008773107719
RNU7-12P,Pseudogene,RNU7,1.6246680635077144,-0.190499998629093,0,0,0.8133854345188222,1.45171511810411
RNU7-130P,Pseudogene,RNU7,0.6722764400721577,0.30799999833107,0,0,-0.9476314927451027,-1.148937232119506
RNU7-133P,Pseudogene,RNU7,1.0084146601082369,-0.255499996244907,0,0,-0.8807774542057069,-1.0962343800974101
RNU7-134P,Pseudogene,RNU7,1.248263285863147,-0.195499993860722,0,0,-0.7737998112599457,-1.0841750067029454
RNU7-136P,Pseudogene,RNU7,1.2584885049659955,0.194999992847443,0,0,-0.7194758565127146,-1.1051097404502501
RNU7-137P,Pseudogene,RNU7,1.4005759168169951,0.29899999499321,0,0,-0.6473200159533322,-1.1017511073558397
RNU7-138P,Pseudogene,RNU7,1.0311740187565128,0.277999997138977,0,0,0.29553639683727584,0.4248908058870403
RNU7-13P,Pseudogene,RNU7,0.6162534033994779,0.0620000008493662,0.38,0,-1.0023740573030717,-1.1389273529590906
RNU7-140P,Pseudogene,RNU7,1.3893713094824591,0.215000003576279,1.51,0,-0.4824997233760597,-0.77170162014383
RNU7-141P,Pseudogene,RNU7,1.0084146601082369,-0.210500001907349,0,0,-0.8750065021327166,-1.098720830191933
RNU7-143P,Pseudogene,RNU7,0.961872445026318,0.214000001549721,0.57,0,-0.4061313712113378,-0.3490009473486522
RNU7-144P,Pseudogene,RNU7,1.371090108041901,0.291999995708466,0,0,-0.6604226573752954,-1.1032553289307567
RNU7-147P,Pseudogene,RNU7,0.6722764400721577,-0.10249999910593,0,0,-1.0002881170232714,-1.12624033266359
RNU7-148P,Pseudogene,RNU7,0.6722764400721577,0.30799999833107,0,0,-0.9476290813002548,-1.1489356059233706
RNU7-149P,Pseudogene,RNU7,1.3540483100888374,0.0480000004172325,0.79,0,0.5358300080878795,0.7622923741974806
RNU7-14P,Pseudogene,RNU7,1.120460733453596,0.272000014781952,0,0,-0.11134555521557497,0.0491047465604219
RNU7-151P,Pseudogene,RNU7,1.1141185028868776,-0.172999992966652,1.45,0,-0.8264346372708309,-1.094023118121346
RNU7-152P,Pseudogene,RNU7,1.0854463355331714,0.326499998569489,0,0,-0.7742340183767837,-1.123474810476822
RNU7-153P,Pseudogene,RNU7,1.5686450268350345,-0.238000005483627,0,0,-0.646636349496677,-1.0612872673736784
RNU7-154P,Pseudogene,RNU7,1.2325068067989555,-0.160499997437,1.89,0,-0.7758252428958072,-1.0871254688982552
RNU7-155P,Pseudogene,RNU7,1.2680769888133556,0.30799999833107,0,0,-0.7010095480911916,-1.110741943021568
RNU7-156P,Pseudogene,RNU7,1.5958994771082302,-0.0279999990016222,0,0,-0.6084163021268819,-1.0711530366800919
RNU7-157P,Pseudogene,RNU7,1.0525540223351963,0.300999999046326,0,0,-0.7911213296413357,-1.1241691788249417
RNU7-159P,Pseudogene,RNU7,1.2325068067989555,0.30799999833107,0,0,-0.7157330911301806,-1.113024190086279
RNU7-160P,Pseudogene,RNU7,0.8403455500901972,-0.283000007271767,0,0,-0.9538734703885835,-1.105486505812692
RNU7-161P,Pseudogene,RNU7,0.8403455500901972,-0.0494999997317791,1.26,0,-0.923916757741844,-1.1184002998128002
RNU7-164P,Pseudogene,RNU7,0.8403455500901972,0.303000003099442,0,0,-0.8787014171540919,-1.1378846300510934
RNU7-165P,Pseudogene,RNU7,1.2735903670255877,-0.172499999403954,0,0,-0.760365062628864,-1.0838214725397737
RNU7-167P,Pseudogene,RNU7,0.9523916234355566,0.194999992847443,0,0,-0.8461757571001326,-1.1247297028669132
RNU7-169P,Pseudogene,RNU7,1.195770389308674,-0.119999997317791,0,0,-0.7858450506017394,-1.0917141608385312
RNU7-170P,Pseudogene,RNU7,1.195770389308674,0.30799999833107,0,0,0.5671005992679795,1.063770917708573
RNU7-171P,Pseudogene,RNU7,0.9523916234355566,-0.196999996900558,0.57,0,-0.8964624270360739,-1.1030595881335565
RNU7-172P,Pseudogene,RNU7,0.868357068426537,0.347000002861023,0,0,-0.8614642029677422,-1.1385209565043573
RNU7-173P,Pseudogene,RNU7,1.599605126048884,0.305999994277954,0,0,-0.5640390575460225,-1.089380827365519
RNU7-174P,Pseudogene,RNU7,1.1185616474646918,0.0089999996125698,0,0,-0.8012553484961965,-1.10379631231195
RNU7-175P,Pseudogene,RNU7,1.138828942198737,0.252000004053116,0,0,-0.7616955054390211,-1.1159311568218904
RNU7-176P,Pseudogene,RNU7,1.4005759168169951,0.137499995529652,0,0,0.5630780877798354,1.0182848291115152
RNU7-179P,Pseudogene,RNU7,1.0215965510900435,0.118000000715256,0,0,1.1941675197021766,2.3148367789919346
RNU7-180P,Pseudogene,RNU7,1.433478335180315,-0.0469999983906746,0,0,-0.3100568742681504,-0.5069124767606907
RNU7-181P,Pseudogene,RNU7,0.938764398298959,0.306500002741814,0,0,-0.837515164133828,-1.1317710662781721
RNU7-183P,Pseudogene,RNU7,0.560230366726798,0.30799999833107,0,0,-0.9940079439718745,-1.156118198652802
RNU7-185P,Pseudogene,RNU7,1.4472617807108952,0.30799999833107,0,0,-0.6268408825619791,-1.0992564535842857
RNU7-186P,Pseudogene,RNU7,0.7167391675901575,-0.108000002801418,0.55,0,-0.9825869372769211,-1.123086998998213
RNU7-187P,Pseudogene,RNU7,1.1748360337535502,-0.151500001549721,0,0,-0.7985507568473513,-1.0913147343223908
RNU7-188P,Pseudogene,RNU7,1.3025356026398056,0.30799999833107,0,0,-0.6867464024234126,-1.1085334372463767
RNU7-18P,Pseudogene,RNU7,1.120460733453596,0.282000005245209,0,0,-0.5603465911571596,-0.8303386932998598
RNU7-190P,Pseudogene,RNU7,0.8541217066490528,-0.11599999666214,0,0,-0.9267488113271415,-1.1138375855125051
RNU7-192P,Pseudogene,RNU7,0.9110631537589896,-0.0070000002160668,0,0,-0.8891957744883398,-1.1162142303707958
RNU7-193P,Pseudogene,RNU7,1.1756218772543887,0.214000001549721,0,0,0.6499434067934399,1.2050152179659033
RNU7-194P,Pseudogene,RNU7,0.7167391675901575,-0.0700000002980232,0,0,-0.5728197291358155,-0.3357708515775889
RNU7-195P,Pseudogene,RNU7,1.120460733453596,-0.207000002264977,0,0,-0.23284027141599958,0.015504512301636167
RNU7-196P,Pseudogene,RNU7,0.8403455500901972,0.30799999833107,0,0,-0.8780599876118113,-1.138162428058966
RNU7-19P,Pseudogene,RNU7,1.473575631269275,0.28600001335144,0.25,0,-0.1845807021700302,-0.3806429104250175
RNU7-200P,Pseudogene,RNU7,0.8963685867628769,-0.105999998748302,0,0,-0.9079802335131073,-1.1116817779391799
RNU7-20P,Pseudogene,RNU7,1.120460733453596,-0.11599999666214,1.7,0,-0.8164980837728473,-1.0967677123883113
RNU7-22P,Pseudogene,RNU7,1.3096532835285477,0.279000014066696,0,0,-0.6875216426402871,-1.106474241650569
RNU7-23P,Pseudogene,RNU7,1.456598953489675,0.30799999833107,0,0,-0.622975133897484,-1.0986561918030486
RNU7-24P,Pseudogene,RNU7,1.120460733453596,0.0010000000474974,0,0,-0.801493925218851,-1.1032328326584488
RNU7-26P,Pseudogene,RNU7,1.157809424568716,0.271500006318092,0,0,-0.751337086333273,-1.1157934013219528
RNU7-27P,Pseudogene,RNU7,1.5686450268350345,-0.488999992609024,0,0,-0.678836093565311,-1.0474102345467373
RNU7-28P,Pseudogene,RNU7,1.456598953489675,-0.12899999320507,0,0,-0.6790341645658601,-1.0744969974554168
RNU7-29P,Pseudogene,RNU7,0.7055401180965614,-0.24099999666214,0,0,-1.0042864414565298,-1.1164491650351411
RNU7-2P,Pseudogene,RNU7,0.7843225134175172,-0.266999989748001,0,0,-0.9750114961728447,-1.109961466578068
RNU7-30P,Pseudogene,RNU7,0.9523916234355566,0.294999986886978,0,0,-0.8333490334896936,-1.1302588462572973
RNU7-34P,Pseudogene,RNU7,1.3025356026398056,0.347000002861023,0,0,-0.6817441660333632,-1.1106901589936784
RNU7-35P,Pseudogene,RNU7,1.1764837701262758,0.305000007152557,0,0,-0.7393070496476898,-1.1164482694960765
RNU7-37P,Pseudogene,RNU7,0.8104665971981012,0.305000007152557,0,0,-0.7084229997169832,-0.9046688663890616
RNU7-38P,Pseudogene,RNU7,1.3314808382540235,0.327500000596046,0,0,-0.3545984061198519,-0.5628682977482711
RNU7-3P,Pseudogene,RNU7,1.4005759168169951,-0.0105000003241002,2.38,0,-0.687011767011741,-1.0846462776692871
RNU7-40P,Pseudogene,RNU7,1.3025356026398056,0.319999992847443,4.76,0,-0.2881984784601019,-0.4993251773250489
RNU7-43P,Pseudogene,RNU7,1.248263285863147,0.30799999833107,0,0,-0.23424480912851783,-0.21399779963403492
RNU7-45P,Pseudogene,RNU7,0.6616053854678376,0.305000007152557,0,0,-0.391647709744209,-0.0313140363407049
RNU7-46P,Pseudogene,RNU7,0.6722764400721577,0.306500002741814,0,0,-0.9478209775169133,-1.1488517246772632
RNU7-47P,Pseudogene,RNU7,0.9523916234355566,0.305000007152557,0,0,-0.8320678444471625,-1.1308152270422964
RNU7-48P,Pseudogene,RNU7,1.3232107709356753,0.282000005245209,0,0,-0.5171268259855685,-0.8486972558036997
RNU7-49P,Pseudogene,RNU7,1.6246680635077144,-0.151999995112419,0,0,-0.4422186666267439,-0.7917929994519957
RNU7-4P,Pseudogene,RNU7,0.8403455500901972,-0.143500000238419,0,0,-0.5893505976686804,-0.5892747620347428
RNU7-50P,Pseudogene,RNU7,1.4005759168169951,-0.140000000596046,0,0,-0.5323689005372876,-0.8043200616504717
RNU7-51P,Pseudogene,RNU7,1.2325068067989555,0.284000009298325,0,0,-0.7188126242815001,-1.1116947600150155
RNU7-52P,Pseudogene,RNU7,1.1026756424463962,-0.389500007033348,0,0,-0.2811096542427106,0.08265991669758722
RNU7-53P,Pseudogene,RNU7,1.3893713094824591,-0.25900000333786,0,0,-0.7235365727300318,-1.0716187056655664
RNU7-54P,Pseudogene,RNU7,0.7282994767448375,-0.217999994754791,0,0,-0.9919152806621768,-1.1162634410566354
RNU7-55P,Pseudogene,RNU7,1.2885298434716357,0.0070000002160668,0,0,-0.7311568888206348,-1.0927885415809735
RNU7-56P,Pseudogene,RNU7,0.4481842933814384,0.194999992847443,0,0,0.4121867536555339,1.2101232111890887
RNU7-57P,Pseudogene,RNU7,0.6946856547412297,0.30799999833107,4.18,0,-0.9383361181136808,-1.1475120626131714
RNU7-59P,Pseudogene,RNU7,1.138828942198737,0.152999997138977,0,0,-0.7743940251436222,-1.1104587163225523
RNU7-60P,Pseudogene,RNU7,1.2885298434716357,-0.177000001072884,0,0,-0.754761181167268,-1.082618043863367
RNU7-62P,Pseudogene,RNU7,0.9523916234355566,0.217999994754791,0,0,-0.843226751366739,-1.1260013331451957
RNU7-63P,Pseudogene,RNU7,1.456598953489675,0.30799999833107,0,0,-0.6229780208057872,-1.0986557657372875
RNU7-65P,Pseudogene,RNU7,0.7843225134175172,0.257999999448657,0,0,-0.9076652392849819,-1.13899137605568
RNU7-66P,Pseudogene,RNU7,1.5686450268350345,0.300999999046326,0,0,-0.5774967634760231,-1.0910871722016109
RNU7-67P,Pseudogene,RNU7,1.3445528801443154,0.303000003099442,0,0,-0.3567995792329631,-0.5339793292764357
RNU7-69P,Pseudogene,RNU7,0.8403455500901972,0.218500003218651,0,0,-0.3876395490118889,-0.09626659269821776
RNU7-6P,Pseudogene,RNU7,0.7843225134175172,0.214000001549721,0,0,-0.4475258214827727,-0.29526141750597484
RNU7-70P,Pseudogene,RNU7,1.157809424568716,-0.0729999989271164,0,0,-0.7955279495365953,-1.0967471937029456
RNU7-71P,Pseudogene,RNU7,1.2735903670255877,-0.189500004053116,0,0,-0.7625452463362531,-1.0828823215968917
RNU7-73P,Pseudogene,RNU7,0.9372742960794368,0.30799999833107,0,0,-0.837938329760384,-1.13194927079367
RNU7-74P,Pseudogene,RNU7,1.2325068067989555,0.28099998831749,0,0,-0.7191977826395225,-1.1115300860087307
RNU7-75P,Pseudogene,RNU7,1.6806911001803944,-0.280000001192093,1.4,0,-0.6056414455007663,-1.0517865416016994
RNU7-79P,Pseudogene,RNU7,1.2325068067989555,-0.0665000006556511,0,0,-0.7637747428418775,-1.092317843680203
RNU7-7P,Pseudogene,RNU7,1.0644376967809164,-0.22350000590086,0,0,-0.853482438614379,-1.0944098251172418
RNU7-80P,Pseudogene,RNU7,1.594360519078232,-0.256000012159348,0,0,-0.6383025263842629,-1.0586439109209145
RNU7-81P,Pseudogene,RNU7,1.628169503299757,0.0135000012814999,0,0,-0.5897360045080777,-1.071375899355485
RNU7-82P,Pseudogene,RNU7,1.2325068067989555,-0.0270000007003546,0,0,-0.7587077978949387,-1.094500121358032
RNU7-84P,Pseudogene,RNU7,0.8963685867628769,0.0640000030398369,2.9,0,-0.8861586098021336,-1.1210902804025378
RNU7-85P,Pseudogene,RNU7,1.0475418603240765,-0.172999992966652,0.55,0,-0.8539961458389103,-1.098287600056233
RNU7-87P,Pseudogene,RNU7,1.456598953489675,-0.200499996542931,0,0,-0.6882067470508446,-1.0705428239967716
RNU7-88P,Pseudogene,RNU7,0.9924080782017566,0.30799999833107,0,0,-0.8151188682474474,-1.1284147684327133
RNU7-8P,Pseudogene,RNU7,1.1764837701262758,0.252999991178513,0,0,-0.7459787220385152,-1.1135732250054151
RNU7-90P,Pseudogene,RNU7,1.3445528801443154,0.140000000596046,0,0,-0.6909055616794242,-1.0965509558549804
RNU7-92P,Pseudogene,RNU7,1.279684100839107,-0.033500000834465,0,0,-0.7400154092845959,-1.0911179797178039
RNU7-93P,Pseudogene,RNU7,1.537419071968295,-0.168999999761581,0,0,-0.6507111331698743,-1.0671055653982584
RNU7-94P,Pseudogene,RNU7,0.9372742960794368,0.347000002861023,0,0,-0.681775913084584,-0.9400189961883527
RNU7-95P,Pseudogene,RNU7,1.0854463355331714,-0.0024999999441206,0,0,-0.8164394215858284,-1.105283163373456
RNU7-96P,Pseudogene,RNU7,0.868357068426537,0.30799999833107,4.76,0,-0.8664477116536369,-1.136382230803717
RNU7-97P,Pseudogene,RNU7,0.9523916234355566,0.319000005722046,0,0,-0.360780850716395,-0.35103009251559303
RNU7-99P,Pseudogene,RNU7,1.8487602101984333,0.185000006109476,0,0,-0.47642728823407554,-1.0667193680453875
RNU7-9P,Pseudogene,RNU7,0.7282994767448375,-0.0399999991059303,0,0,-0.9690783738840517,-1.1261039247237052
RN7SKP10,Pseudogene,RN7SK,1.3786838378710558,0.239999994635582,0,0,0.21896632314010986,-0.3137387390072849
RN7SKP100,Pseudogene,RN7SK,1.1985773620535298,0.281000003218651,0,0,-0.46097684113715487,-0.5040899549739263
RN7SKP101,Pseudogene,RN7SK,1.2591177492184786,0.173499993979931,0,0,-0.7219728782009838,-1.103880580895233
RN7SKP102,Pseudogene,RN7SK,1.1137023988708603,0.214000001549721,1.53,0,-0.45730131521589534,-0.4449064205702797
RN7SKP103,Pseudogene,RN7SK,0.8575026050712053,0.0425000004470348,5.1,0,-0.610027385411,-0.41351414092183425
RN7SKP104,Pseudogene,RN7SK,1.016613153279848,0.034000001847744,0,0,-0.55942473028762,-0.5310280832571622
RN7SKP105,Pseudogene,RN7SK,0.8075167642692638,-0.0830000005662441,0,0,-0.9418071050430894,-1.1186494073746842
RN7SKP106,Pseudogene,RN7SK,1.2131459044194266,0.305000007152557,3.45,0,-0.43004792225495597,-0.5604711654735715
RN7SKP107,Pseudogene,RN7SK,1.1618018708603324,0.0049999998882412,0,0,-0.47097877873424054,-0.4273140526060989
RN7SKP108,Pseudogene,RN7SK,1.238997280559815,0.300499990582466,0.06,0,-0.4622821980501234,-0.6064590577902529
RN7SKP109,Pseudogene,RN7SK,1.319023395078284,0.211999997496605,0,0,-0.06162429250141534,0.04336504451111296
RN7SKP11,Pseudogene,RN7SK,1.1860486788264897,0.305000007152557,3.86,0,1.2020778016082498,1.3559787436086501
RN7SKP110,Pseudogene,RN7SK,1.0968720864335204,-0.034000001847744,4.49,0,-0.5140293351319127,-0.4989393463023344
RN7SKP111,Pseudogene,RN7SK,1.7815739116057367,0.211999997496605,0.22,0,-0.13117389597919182,-0.2121607455850068
RN7SKP112,Pseudogene,RN7SK,0.8192047815344689,0.211999997496605,0.69,0,-0.6574018550869071,-0.6134755340066957
RN7SKP113,Pseudogene,RN7SK,0.8242033191845097,0.207000002264977,0,0,-0.5237967100294345,-0.3335408443162018
RN7SKP114,Pseudogene,RN7SK,1.419250262374555,-0.195999994874001,0.28,0,-0.507780536404362,-0.6210395528962503
RN7SKP115,Pseudogene,RN7SK,1.303905251012718,0.305000007152557,2.73,0,-0.3587770847182637,-0.39645040715171487
RN7SKP116,Pseudogene,RN7SK,1.0997374785088432,0.0430000014603138,5.29,0,-0.5138334895050471,-0.5004337352303977
RN7SKP117,Pseudogene,RN7SK,1.486732556548465,0.30799999833107,0.05,0,0.9822466992769143,1.5883114060842385
RN7SKP118,Pseudogene,RN7SK,1.3051669876956435,0.266999989748001,1.19,0,-0.35233056548609487,-0.31545805041488256
RN7SKP119,Pseudogene,RN7SK,1.5267816587719332,-0.10700000077486,0.46,0,-0.2699282444470018,-0.2625613220980651
RN7SKP120,Pseudogene,RN7SK,1.5584590201672746,0.30799999833107,0,0,-0.3434554243251573,-0.5928240584152265
RN7SKP121,Pseudogene,RN7SK,1.56019565081227,-0.164000004529953,0,0,-0.45705276216978713,-0.6847406910747517
RN7SKP122,Pseudogene,RN7SK,1.1969246078311726,-0.0449999999254942,0,0,-0.7757438057501423,-1.0957879970997657
RN7SKP124,Pseudogene,RN7SK,1.1000887201180762,0.284000009298325,3.12,0,-0.34383290332734673,-0.18637425138226027
RN7SKP125,Pseudogene,RN7SK,1.3571673387328658,-0.113000001758337,0,0,-0.4604205067764107,-0.5402008904893697
RN7SKP126,Pseudogene,RN7SK,0.648373277758481,-0.0749999992549419,0.23,0,-0.8375689328380795,-0.7446947477679612
RN7SKP127,Pseudogene,RN7SK,1.2755527558807889,0.30799999833107,1.2,0,-0.20730019610376366,-0.08091264310254045
RN7SKP128,Pseudogene,RN7SK,1.10049212632274,-0.0649999976158142,0.08,0,-0.5156581635769338,-0.41318487155620987
RN7SKP129,Pseudogene,RN7SK,1.2429994156741064,0.214000001549721,0,0,-0.4951000050096326,-0.610666058173877
RN7SKP13,Pseudogene,RN7SK,0.7260034506516949,-0.0810000002384186,0,0,-0.2186017616892019,-0.28583737387526337
RN7SKP130,Pseudogene,RN7SK,1.2924384274255434,0.303999990224838,0.74,0,-0.3018505700064958,-0.24809623973003403
RN7SKP131,Pseudogene,RN7SK,0.5539021831823757,0.322500005364418,0.48,0,-0.640565286681259,-0.3264468012142817
RN7SKP132,Pseudogene,RN7SK,1.2524380794613514,-0.0810000002384186,0,0,-0.7573858370349892,-1.0902392129994631
RN7SKP133,Pseudogene,RN7SK,1.2565637578407536,0.305000007152557,0.58,0,-0.21641342157008395,-0.35932024352424907
RN7SKP134,Pseudogene,RN7SK,1.2525001581765665,-0.127000004053116,2.31,0,-0.46868620881892703,-0.42063786794573504
RN7SKP135,Pseudogene,RN7SK,1.25155917554594,-0.162000000476837,0,0,-0.7681403173880124,-1.0858166640221258
RN7SKP136,Pseudogene,RN7SK,1.2620122727799006,0.208499997854233,0,0,-0.536195031062088,-0.6824902815750055
RN7SKP137,Pseudogene,RN7SK,1.267179044479116,-0.0439999997615814,3.35,0,-0.42467293623952757,-0.39477850052182895
RN7SKP139,Pseudogene,RN7SK,1.2091798085939491,0.305000007152557,1.14,0,-0.3239506699942946,-0.19139435511911698
RN7SKP14,Pseudogene,RN7SK,1.1930012003914734,0.30799999833107,0,0,0.3306932364905688,-0.4285510392882421
RN7SKP140,Pseudogene,RN7SK,0.9295089746537578,0.277999997138977,0,0,-0.24305015314694023,0.10826467883949505
RN7SKP141,Pseudogene,RN7SK,0.6885198057346507,0.037499999627471,0,0,-0.9756047497146513,-1.1329390964067223
RN7SKP142,Pseudogene,RN7SK,1.3660739247197962,0.28099998831749,0.15,0,-0.17434196197594298,-0.2471646634617227
RN7SKP143,Pseudogene,RN7SK,1.2100975921298838,0.30799999833107,0,0,-0.09188664027104924,0.16049246232481226
RN7SKP144,Pseudogene,RN7SK,0.9586164052880768,-0.180000007152557,0.23,0,-0.6368085920286001,-0.6406793568670778
RN7SKP145,Pseudogene,RN7SK,1.1119555859719352,0.305000007152557,0,0,-0.37119009754379456,-0.2564111366293797
RN7SKP146,Pseudogene,RN7SK,1.112744985887898,0.229000002145767,0,0,-0.3331191242757888,-0.39420171527792586
RN7SKP147,Pseudogene,RN7SK,1.0818874950888002,-0.0899999998509884,0,0,-0.8291352564620904,-1.1006733529000357
RN7SKP148,Pseudogene,RN7SK,1.4777858473586158,0.305000007152557,0,0,-0.33901163171510185,-0.5299551195833426
RN7SKP149,Pseudogene,RN7SK,1.019814696640468,0.300999999046326,0,0,-0.5042552773720445,-0.5256978866165779
RN7SKP15,Pseudogene,RN7SK,1.0903642153705384,-0.258000001311302,0,0,1.032187406733839,0.7407255595740162
RN7SKP150,Pseudogene,RN7SK,1.4283256452623412,0.195999994874001,0.75,0,0.8565664566973119,1.1880952593597174
RN7SKP151,Pseudogene,RN7SK,1.2420803636987177,0.305000007152557,3.39,0,0.04676100593993481,0.4074702178820296
RN7SKP152,Pseudogene,RN7SK,0.7498194368635495,0.305000007152557,0.14,0,-0.6574558019433528,-0.5799389393130391
RN7SKP153,Pseudogene,RN7SK,1.3629908415808936,0.206000000238419,0.17,0,-0.232488315121921,-0.15328607432914293
RN7SKP154,Pseudogene,RN7SK,0.8743457378639614,0.305000007152557,5,0,-0.5557379845928577,-0.5243353109807563
RN7SKP155,Pseudogene,RN7SK,1.2422330284435184,-0.0689999982714653,0.2,0,-0.760069962046545,-1.091557279050665
RN7SKP156,Pseudogene,RN7SK,0.9242162950504664,-0.258000001311302,0,0,-0.5324298954108667,-0.4154346889847623
RN7SKP157,Pseudogene,RN7SK,1.0100039661131353,0.110999997705221,0,0,-0.8331062221425084,-1.1163945713469288
RN7SKP158,Pseudogene,RN7SK,1.2785625547384594,0.211999997496605,0,0,-0.44726889577612694,-0.5223228826167032
RN7SKP16,Pseudogene,RN7SK,1.2546162326430232,0.211999997496605,9.3,0,0.16174174742672595,-0.30716335064875716
RN7SKP160,Pseudogene,RN7SK,1.2463477923298532,0.293000012636185,1.23,0,-0.05219491366175323,0.29132022234422583
RN7SKP161,Pseudogene,RN7SK,1.2868767046845728,0.204999998211861,0.65,0,-0.3356199341998455,-0.32191087634516224
RN7SKP162,Pseudogene,RN7SK,1.3490996773235475,-0.109999999403954,0,0,-0.3681497479182811,-0.2547903196495727
RN7SKP163,Pseudogene,RN7SK,1.2735903670255877,0.30799999833107,0.73,0,-0.3111156676047691,-0.2546180026185615
RN7SKP164,Pseudogene,RN7SK,1.031582081288668,-0.12899999320507,0,0,-0.8549588744508271,-1.1017410158392915
RN7SKP165,Pseudogene,RN7SK,0.868357068426537,0.238000005483627,0.12,0,-0.4536070388917383,-0.1987401290995047
RN7SKP166,Pseudogene,RN7SK,1.4235361777484214,0.277999997138977,0.21,0,-0.4323135131908449,-0.695333481176768
RN7SKP167,Pseudogene,RN7SK,1.1212470216875987,-0.129999995231628,0,0,-0.5942581656964768,-0.621578599916802
RN7SKP168,Pseudogene,RN7SK,1.0999189533402802,0.0150000005960464,0,0,-0.5738689744641019,-0.5730336865815228
RN7SKP169,Pseudogene,RN7SK,1.312979759820193,-0.0430000014603138,0,0,-0.385689880613462,-0.3609853813957321
RN7SKP170,Pseudogene,RN7SK,1.3343047636798009,0.146999999880791,0.67,0,-0.2508419436055883,-0.3276396150186632
RN7SKP171,Pseudogene,RN7SK,1.1348825052703255,0.305000007152557,0,0,-0.36260746160845353,-0.24708624630923778
RN7SKP172,Pseudogene,RN7SK,1.3520727508386348,-0.0195000004023314,0.32,0,-0.3564815058463759,-0.37477624811520877
RN7SKP173,Pseudogene,RN7SK,1.2239699631155,0.214000001549721,2.29,0,-0.351719758497408,-0.30382970422249156
RN7SKP174,Pseudogene,RN7SK,1.242013746355532,0.146999999880791,0,0,-0.4678891173694131,-0.5341251755443843
RN7SKP175,Pseudogene,RN7SK,1.286009776078055,0.280000001192093,1.46,0,-0.3151796499917021,-0.2565461054002023
RN7SKP177,Pseudogene,RN7SK,1.2426067345371292,0.263000011444092,0.15,0,1.3726010924424699,2.0287380338585392
RN7SKP178,Pseudogene,RN7SK,0.8657176852398303,0.30799999833107,0,0,0.6868002847570146,1.3354139664683657
RN7SKP179,Pseudogene,RN7SK,0.576236948633278,0.0509999990463257,0.08,0,-1.020350212806559,-1.1408835368251447
RN7SKP18,Pseudogene,RN7SK,1.1241276958539896,0.197999998927116,0,0,0.08924862140177851,-0.2507378452840984
RN7SKP180,Pseudogene,RN7SK,1.2630648268022358,0.164000004529953,1.04,0,-0.3708927702426946,-0.3425184803971204
RN7SKP181,Pseudogene,RN7SK,1.198112917196108,0.197999998927116,0,0,-0.5096463533898025,-0.6377593285371512
RN7SKP182,Pseudogene,RN7SK,1.2937937529576593,0.30799999833107,0,0,-0.5480253069723949,-0.7831916932604986
RN7SKP184,Pseudogene,RN7SK,1.2412551488619568,0.305000007152557,2.11,0,-0.3727552813874906,-0.34927054114835115
RN7SKP185,Pseudogene,RN7SK,1.1826703631330748,0.282000005245209,1.05,0,-0.3725331696773931,-0.31168480971284107
RN7SKP186,Pseudogene,RN7SK,0.985857529830788,-0.0990000031888485,0.88,0,-0.5823204807632644,-0.5180853194654645
RN7SKP187,Pseudogene,RN7SK,1.17886050501542,0.305000007152557,1.62,0,-0.003838731509851893,0.483808465093617
RN7SKP188,Pseudogene,RN7SK,1.523048990678721,0.122000001370907,0,0,-0.30004359511579454,-0.33297365376550836
RN7SKP189,Pseudogene,RN7SK,0.9157219994316208,-0.104499999433756,0.12,0,-0.6225880315364346,-0.48822852831737046
RN7SKP19,Pseudogene,RN7SK,1.3369942164662554,0.30799999833107,0,0,0.6523890090015433,0.3593262952143589
RN7SKP190,Pseudogene,RN7SK,1.639555304022133,-0.0115000000223517,2.19,0,-0.5882231748226178,-1.0692707581328664
RN7SKP191,Pseudogene,RN7SK,1.2713201524676097,0.107999999076128,0.2,0,-0.48583036686617964,-0.5946730636497616
RN7SKP192,Pseudogene,RN7SK,1.2002978438189442,0.164000004529953,0.14,0,0.3060619632773195,0.9600236465190709
RN7SKP193,Pseudogene,RN7SK,1.123756206199048,0.296999990940094,0.37,0,0.4769069218481862,1.4574179791060002
RN7SKP194,Pseudogene,RN7SK,0.8510394060932442,0.003000000026077,0,0,-0.5926349088331724,-0.4896633678843623
RN7SKP195,Pseudogene,RN7SK,0.9400036912340072,-0.046000000089407,4.1,0,-0.8822028840250233,-1.112214878455426
RN7SKP196,Pseudogene,RN7SK,1.2886922290851797,0.0579999983310699,0,0,-0.7245465199268679,-1.0955998309076225
RN7SKP197,Pseudogene,RN7SK,1.1811995139539426,0.0670000016689301,0.32,0,-0.7678856561065406,-1.1029877763961866
RN7SKP198,Pseudogene,RN7SK,1.0329476238799329,0.30799999833107,1.35,0,-0.3801229842199933,-0.252392118664546
RN7SKP199,Pseudogene,RN7SK,1.4235361777484214,-0.182499997317791,0,0,-0.45012724520547037,-0.553386284497957
RN7SKP20,Pseudogene,RN7SK,0.8100966900337023,0.200499996542931,0.09,0,0.706324720541394,0.7523299659338584
RN7SKP200,Pseudogene,RN7SK,0.7706668982285516,-0.214000001549721,0,0,-0.6440468897381847,-0.38647564083221025
RN7SKP202,Pseudogene,RN7SK,1.1367583441220122,0.200499996542931,0.65,0,-0.4985669003780505,-0.5690975698481893
RN7SKP204,Pseudogene,RN7SK,1.2997344508061717,0.214000001549721,0.46,0,-0.37476376294708513,-0.4492989183299944
RN7SKP205,Pseudogene,RN7SK,1.086153466696385,0.178000003099442,0,0,-0.5139546499272774,-0.5901115506910353
RN7SKP206,Pseudogene,RN7SK,1.3277268486521796,0.305000007152557,0,0,-0.3622029320189041,-0.398534248692155
RN7SKP207,Pseudogene,RN7SK,1.5475670526413532,0.305000007152557,0,0,-0.22844758217049366,-0.22331420317829354
RN7SKP208,Pseudogene,RN7SK,1.366279265557543,-0.078999999910593,0,0,-0.41631049032328793,-0.42842649046591474
RN7SKP209,Pseudogene,RN7SK,0.9597630756293304,-0.0095000001601874,0,0,-0.8693607071649277,-1.1129515481114247
RN7SKP21,Pseudogene,RN7SK,1.0736051027819002,0.10700000077486,0,0,0.2743365014560336,-0.05446586501345367
RN7SKP210,Pseudogene,RN7SK,0.9581871099879028,-0.0179999992251396,0,0,-0.8711029371779913,-1.1125826426949776
RN7SKP211,Pseudogene,RN7SK,1.2460234759644278,0.305000007152557,0,0,-0.36146719133872995,-0.3657241568465316
RN7SKP212,Pseudogene,RN7SK,0.7624598649598862,0.305000007152557,0.04,0,-0.6354944857218602,-0.5462302593344037
RN7SKP213,Pseudogene,RN7SK,0.8858407677908298,0.214000001549721,0.01,0,0.2567355264762522,0.8627098401804639
RN7SKP214,Pseudogene,RN7SK,1.356291040209067,0.284000009298325,0.49,0,-0.2746897807731245,-0.2649864991500813
RN7SKP216,Pseudogene,RN7SK,1.3136683855683509,0.0755000002682209,0.18,0,-0.3941609582891258,-0.378233163901041
RN7SKP217,Pseudogene,RN7SK,1.2259158613080523,0.222000002861023,0.19,0,-0.4493931546354316,-0.46869376611467195
RN7SKP218,Pseudogene,RN7SK,1.2846926491789863,0.30799999833107,0,0,-0.4767814344399658,-0.651716929703152
RN7SKP219,Pseudogene,RN7SK,1.2086591628099097,0.10700000077486,0.13,0,-0.7513891203653975,-1.1034420084127798
RN7SKP22,Pseudogene,RN7SK,1.161760992570657,0.194000005722046,7.95,0,1.9892466009199279,1.2862133457703542
RN7SKP220,Pseudogene,RN7SK,1.1698699394079737,-0.0874999985098839,0,0,-0.6006649207874657,-0.682819577393483
RN7SKP221,Pseudogene,RN7SK,0.8077740171409646,0.307000011205673,0.94,0,-0.5954175483669648,-0.4586002218043024
RN7SKP222,Pseudogene,RN7SK,1.2019164502665718,0.146999999880791,0,0,-0.5496410446986656,-0.6739474736578646
RN7SKP223,Pseudogene,RN7SK,1.2885298434716357,0.284000009298325,0,0,-0.379326435879059,-0.38505868326663345
RN7SKP224,Pseudogene,RN7SK,1.325246479814038,0.28099998831749,0.62,0,2.1786110569773047,3.6771271431325694
RN7SKP225,Pseudogene,RN7SK,1.016372477817424,0.30799999833107,0.35,0,-0.509873470844291,-0.4782507194726674
RN7SKP226,Pseudogene,RN7SK,1.4356836864652078,0.305000007152557,0.37,0,-0.27277230915510053,-0.3986917288735315
RN7SKP227,Pseudogene,RN7SK,1.1999115854621238,0.187999993562698,2.9,0,-0.5845020170925529,-0.8614602273642051
RN7SKP228,Pseudogene,RN7SK,1.4527646772154992,-0.158999994397163,1.05,0,-0.35744734407420714,-0.3122307727447823
RN7SKP229,Pseudogene,RN7SK,0.8166006868646905,0.194000005722046,0.74,0,-0.47322859601100264,-0.17025850284380062
RN7SKP230,Pseudogene,RN7SK,1.5034241781713178,0.30799999833107,4.77,0,-0.1883336716057965,-0.09735401133537407
RN7SKP231,Pseudogene,RN7SK,1.166169059403147,-0.0340000009164214,0,0,-0.5959331449620385,-0.6671709728552396
RN7SKP232,Pseudogene,RN7SK,1.0779604987363909,0.284000009298325,0.33,0,-0.5960398225284377,-0.7221051486187375
RN7SKP234,Pseudogene,RN7SK,1.364561107527415,-0.0415000002831221,2.21,0,-0.48362241016375557,-0.6655712217612434
RN7SKP235,Pseudogene,RN7SK,1.0021694691348888,0.268999993801117,0.16,0,-0.4928443320820072,-0.4560787698771837
RN7SKP236,Pseudogene,RN7SK,1.1496558370717531,0.300000011920929,0,0,-0.37734605776873953,-0.28772934972820485
RN7SKP237,Pseudogene,RN7SK,1.211661025711447,0.30799999833107,0.1,0,-0.2201672537630424,-0.019423674998202554
RN7SKP238,Pseudogene,RN7SK,1.3531025805200658,-0.0309999994933605,0,0,-0.7093047997511654,-1.0865502624018832
RN7SKP239,Pseudogene,RN7SK,1.1185616474646918,-0.149000003933907,5.3,0,-0.46717337436359796,-0.27405917221059745
RN7SKP24,Pseudogene,RN7SK,1.0273520246173111,-0.228500001132488,0.4,0,-0.3007143337500934,-0.5693086913234799
RN7SKP240,Pseudogene,RN7SK,1.2596966539307632,0.273999989032745,0.71,0,-0.3577512918127557,-0.3783015490994213
RN7SKP241,Pseudogene,RN7SK,1.4084691968980256,-0.0670000016689301,0.41,0,-0.4260069761568238,-0.5512973357233871
RN7SKP242,Pseudogene,RN7SK,1.1057280317680471,0.017000000923872,0,0,-0.8055390246542776,-1.1050603836293087
RN7SKP243,Pseudogene,RN7SK,1.1915320291678049,0.30799999833107,0.22,0,-0.3533238140839021,-0.27091114327613125
RN7SKP245,Pseudogene,RN7SK,1.2374088225078153,-0.0729999989271164,1.79,0,-0.528155683926588,-0.5693400553706711
RN7SKP246,Pseudogene,RN7SK,1.5668777386119217,0.146999999880791,0.02,0,-0.3056604210565055,-0.4621868063905552
RN7SKP247,Pseudogene,RN7SK,1.3871158365774552,-0.228500001132488,0,0,-0.33530235633404337,-0.24412319302633365
RN7SKP249,Pseudogene,RN7SK,1.2523910395334843,-0.193999998271465,0.14,0,-0.5201875088484252,-0.5375179905007699
RN7SKP25,Pseudogene,RN7SK,0.8119702458014372,-0.0989999994635582,1.38,0,1.2429757250809157,1.3535485432138488
RN7SKP250,Pseudogene,RN7SK,1.060423585119011,0.152999997138977,0,0,-0.47486650602268327,-0.4234044009878594
RN7SKP251,Pseudogene,RN7SK,1.183620462696044,0.305000007152557,0.26,0,-0.37181144935434424,-0.3706116482316004
RN7SKP252,Pseudogene,RN7SK,1.3171409967570713,0.101999998092651,0,0,-0.5086874818416899,-0.6971630131762822
RN7SKP254,Pseudogene,RN7SK,1.2549160214680275,0.214000001549721,0.22,0,-0.5645261232335009,-0.8218510176267828
RN7SKP256,Pseudogene,RN7SK,1.238929830111747,0.0785000026226044,0,0,-0.7425164238024404,-1.0999228733637467
RN7SKP257,Pseudogene,RN7SK,1.2140137655671974,0.305000007152557,0.07,0,-0.48038144086752516,-0.6195851242522651
RN7SKP258,Pseudogene,RN7SK,1.5081991188460906,0.0039999999571591,1.45,0,-0.6406075641019411,-1.0785490438900593
RN7SKP259,Pseudogene,RN7SK,1.2934087265452323,-0.0989999994635582,0,0,1.3782180149057202,2.2491763756875205
RN7SKP26,Pseudogene,RN7SK,1.197325104588126,0.194999992847443,7.34,0,1.495967927839947,0.6148623019233437
RN7SKP260,Pseudogene,RN7SK,0.6061015779621466,-0.003000000026077,0,0,-1.0149167248589561,-1.1359828099676512
RN7SKP262,Pseudogene,RN7SK,1.2641806084513545,0.28099998831749,0,0,-0.22427123761606432,-0.2227995550978648
RN7SKP263,Pseudogene,RN7SK,1.3826267885626415,0.30799999833107,0,0,-0.48654963827921965,-0.836201932614983
RN7SKP264,Pseudogene,RN7SK,1.3220661249400565,0.30799999833107,0.64,0,1.0006580359903088,1.684226748198548
RN7SKP265,Pseudogene,RN7SK,1.152617454054955,0.453999996185303,0,0,-0.5801452093475288,-0.8113583017966846
RN7SKP266,Pseudogene,RN7SK,1.1860486788264897,0.30799999833107,0,0,-0.5181238434259039,-0.669553662489103
RN7SKP267,Pseudogene,RN7SK,0.9749974101631292,-0.0879999995231628,0,0,-0.6593751116245619,-0.6895459004353596
RN7SKP268,Pseudogene,RN7SK,1.198112917196108,0.0700000002980232,1.46,0,-0.5415733205973968,-0.6502602391098046
RN7SKP269,Pseudogene,RN7SK,1.154179927939974,0.194999992847443,3.87,0,0.9320994863575669,1.3921141765672378
RN7SKP27,Pseudogene,RN7SK,1.470730890668369,0.448500007390976,0,0,1.6296138420179662,1.3333846052896323
RN7SKP270,Pseudogene,RN7SK,1.2580044709256242,-0.019000000320375,0,0,-0.5820291571613554,-0.7699589966978851
RN7SKP271,Pseudogene,RN7SK,1.5196248697464398,-0.233999997377396,0.83,0,1.304767105794246,1.8975716923248713
RN7SKP273,Pseudogene,RN7SK,1.084063601347779,0.305000007152557,0.86,0,-0.07961125863477743,0.2578511819545278
RN7SKP275,Pseudogene,RN7SK,1.4539932308537364,-0.125,0.44,0,-0.3146905005051283,-0.3285730927777128
RN7SKP276,Pseudogene,RN7SK,0.8553965151664394,-0.576499998569489,0.27,0,-0.9852944045110739,-1.0882944882844876
RN7SKP278,Pseudogene,RN7SK,1.4523398922221613,-0.0650000013411045,0,0,-0.4573345166861466,-0.6155571474891172
RN7SKP279,Pseudogene,RN7SK,1.2588263542290736,0.206000000238419,0,0,-0.2211550537285275,-0.22761926273726257
RN7SKP28,Pseudogene,RN7SK,1.1843820998866863,-0.0775000005960464,0.2,0,0.6042667118943764,0.4453818945016535
RN7SKP280,Pseudogene,RN7SK,1.542476371547138,-0.172999992966652,0.18,0,-0.09560864226238848,0.004940244522801403
RN7SKP281,Pseudogene,RN7SK,1.312403296599198,0.211999997496605,0.07,0,-0.47384471691557273,-0.5941157238043533
RN7SKP283,Pseudogene,RN7SK,0.681821105579355,-0.046000000089407,3.95,0,-0.7960764018765623,-0.7743298220319628
RN7SKP284,Pseudogene,RN7SK,1.4278524390453844,-0.122000001370907,0,0,-0.6900366730595293,-1.0767267842797
RN7SKP285,Pseudogene,RN7SK,1.2451912679323929,-0.0775000005960464,0,0,-0.5754897206724188,-0.7482915062499167
RN7SKP286,Pseudogene,RN7SK,0.8480276387309325,0.0469999983906746,0.19,0,0.22877347572816725,0.7634376311865633
RN7SKP287,Pseudogene,RN7SK,1.2274520967232252,-0.0025000000605359,0.68,0,-0.7576546923315173,-1.0961812335168712
RN7SKP288,Pseudogene,RN7SK,1.1794103466688786,-0.0165000008419156,2.07,0,-0.7793297755218171,-1.0984926493334262
RN7SKP289,Pseudogene,RN7SK,1.330499643826423,0.061999998986721,0,0,-0.5194920284648427,-0.73314769855354045
RN7SKP29,Pseudogene,RN7SK,1.2386858181966778,-0.0759999975562096,0.08,0,1.0327695432646877,0.9097229397352579
RN7SKP290,Pseudogene,RN7SK,1.033122255769008,0.208000004291534,0,0,0.9718314899512838,2.119661152437751
RN7SKP291,Pseudogene,RN7SK,1.157809424568716,-0.0759999975562096,0,0,-0.4599415372897299,-0.3942223122760501
RN7SKP292,Pseudogene,RN7SK,1.303905251012718,0.305000007152557,2.26,0,-0.12321618600802654,-0.1712604460675717
RN7SKP293,Pseudogene,RN7SK,1.1851900528524355,-0.15599999576807,0.04,0,-0.47979327604150096,-0.35018443948391825
RN7SKP294,Pseudogene,RN7SK,1.233169801315792,0.26800000667572,0,0,-0.38642103320186333,-0.3416766758491961
RN7SKP295,Pseudogene,RN7SK,1.3167244436271672,0.034000001847744,0,0,-0.7160236482652041,-1.0924762902001266
RN7SKP296,Pseudogene,RN7SK,1.2325068067989555,-0.0474999994039536,2.34,0,-0.43858991523889157,-0.4454941416226302
RN7SKP297,Pseudogene,RN7SK,1.108540938416856,-0.138999998569489,0.26,0,-0.5849142041406579,-0.622087894628233
RN7SKP298,Pseudogene,RN7SK,1.145492303030751,0.0215000004973262,0,0,-0.7885034536096377,-1.1027626120368568
RN7SKP299,Pseudogene,RN7SK,1.0616458510995537,-0.0450000017881393,0.08,0,-0.6317871995989429,-0.6709291713263105
RN7SKP3,Pseudogene,RN7SK,1.1157660655759971,0.305000007152557,0.15,0,1.1970297480499754,0.9439025930880685
RN7SKP30,Pseudogene,RN7SK,1.4975259623164232,0.305000007152557,1.6,0,-0.33730750188017267,-0.5249802058920751
RN7SKP31,Pseudogene,RN7SK,0.8746042415806847,0.23200000077486,0,0,-0.8736286058182305,-1.1317637584895357
RN7SKP32,Pseudogene,RN7SK,1.6392747298349148,0.207000002264977,0,0,-0.35524978959518294,-0.6550524275056637
RN7SKP33,Pseudogene,RN7SK,1.0931083096663463,0.30799999833107,0,0,-0.3335496537323233,-0.20288365964659066
RN7SKP34,Pseudogene,RN7SK,1.1103582186437688,-0.0599999986588955,0,0,-0.8135035710696722,-1.1005050651877613
RN7SKP35,Pseudogene,RN7SK,0.8050992687398356,0.0410000011324883,0.66,0,-0.9268984956190498,-1.1256602518567431
RN7SKP36,Pseudogene,RN7SK,1.413863431925259,0.30799999833107,2.2,0,-0.39028576711188445,-0.5787739794391523
RN7SKP37,Pseudogene,RN7SK,1.2438628277461206,0.305000007152557,0,0,-0.32204687596759574,-0.2620105714842848
RN7SKP38,Pseudogene,RN7SK,0.9779555333735755,0.30799999833107,2.26,0,-0.0034038556063271156,0.6043285103679898
RN7SKP39,Pseudogene,RN7SK,1.229723053423916,-0.0035000000498257,0,0,-0.7568447514483431,-1.0959785891701908
RN7SKP4,Pseudogene,RN7SK,1.3052323637218757,0.0525000002235174,0.68,0,0.9776016490178135,0.7292131564220715
RN7SKP42,Pseudogene,RN7SK,0.8915132569179113,-0.14750000089407,0.37,0,-0.9153095868359815,-1.1096990125927804
RN7SKP43,Pseudogene,RN7SK,0.716394581451893,0.0560000017285347,2,0,-0.9616850906597728,-1.1321817895157889
RN7SKP44,Pseudogene,RN7SK,1.143153609067846,0.283000007271767,0.17,0,-0.5218195009986536,-0.5754632270710157
RN7SKP45,Pseudogene,RN7SK,0.8455055666258388,0.305000007152557,0,0,-0.5723999906086812,-0.43634279171621493
RN7SKP46,Pseudogene,RN7SK,1.2171842668542912,0.172999992966652,0,0,-0.49060450091981617,-0.5879867758544463
RN7SKP47,Pseudogene,RN7SK,1.4402019671464517,-0.25900000333786,0,0,-0.289310309873473,-0.13649936719728928
RN7SKP48,Pseudogene,RN7SK,1.1331000770931643,0.305000007152557,0.15,0,-0.46954782399913253,-0.5003968128661209
RN7SKP49,Pseudogene,RN7SK,0.6011702781414487,0.0525000002235174,0,0,-1.0098369034020602,-1.1393670122064736
RN7SKP5,Pseudogene,RN7SK,1.0599064217559202,0.211999997496605,0.49,0,0.20356006053194486,-0.16839075790876246
RN7SKP50,Pseudogene,RN7SK,1.4114248223313872,0.305000007152557,2.03,0,-0.21470622373108364,-0.20442717431824498
RN7SKP51,Pseudogene,RN7SK,1.0625948337324729,0.0599999986588955,5.62,0,-0.6623848376448359,-0.7504910875754068
RN7SKP52,Pseudogene,RN7SK,1.125390760680792,0.26800000667572,0.09,0,-0.6032955676938893,-0.7617642783111331
RN7SKP53,Pseudogene,RN7SK,1.5327191430004907,-0.0790000036358833,0,0,-0.4288266644618915,-0.6274670851351124
RN7SKP54,Pseudogene,RN7SK,1.3299743947648075,-0.145999997854233,11.28,0,-0.528041597816754,-0.6541720314965921
RN7SKP55,Pseudogene,RN7SK,0.769358705576606,0.211999997496605,0.91,0,-0.45153642723520154,-0.3108046708036702
RN7SKP56,Pseudogene,RN7SK,1.101842805858446,-0.12899999320507,3.14,0,-0.5796587652845313,-0.5649589289389423
RN7SKP57,Pseudogene,RN7SK,1.114342176547365,0.0209999997168779,0.61,0,-0.633221715417174,-0.7936830833296272
RN7SKP58,Pseudogene,RN7SK,0.9793928902909138,0.301999986171722,0.33,0,-0.6208354890334469,-0.6533603555609677
RN7SKP59,Pseudogene,RN7SK,1.128311095280341,0.30799999833107,0,0,0.3341848416491706,1.1555653413534475
RN7SKP6,Pseudogene,RN7SK,1.1759569077124263,0.194999992847443,0,0,0.370711209953062,-0.21026188117355382
RN7SKP60,Pseudogene,RN7SK,1.409717751253123,-0.163000002503395,0,0,-0.15309834127247834,-0.09742974390838123
RN7SKP61,Pseudogene,RN7SK,1.3069509775640082,0.211999997496605,0,0,-0.697232782152856,-1.1029421514932434
RN7SKP62,Pseudogene,RN7SK,1.2035587331383006,0.30799999833107,0,0,-0.39760281226945604,-0.40721482310430884
RN7SKP63,Pseudogene,RN7SK,1.0154873358343557,0.28099998831749,0.68,0,-0.45744024980171505,-0.30129937593578504
RN7SKP64,Pseudogene,RN7SK,1.8214318996263947,0.245999999344349,0.33,0,0.2027078497976075,0.26716296590549177
RN7SKP65,Pseudogene,RN7SK,1.231790857448506,0.194999992847443,0,0,0.17097301961092587,0.6777720861097064
RN7SKP66,Pseudogene,RN7SK,1.2480283407688757,0.0540000014007092,0,0,-0.5704465898004424,-0.7175034850174059
RN7SKP67,Pseudogene,RN7SK,0.9607354799612752,0.0520000010728836,0,0,-0.8610671668375249,-1.1162914760340736
RN7SKP68,Pseudogene,RN7SK,1.2106085514220124,0.300000011920929,0,0,-0.47740308655013436,-0.5963823367228285
RN7SKP69,Pseudogene,RN7SK,1.321041572950535,-0.175999999046326,6.68,0,-0.38903454126264936,-0.34685754532122726
RN7SKP71,Pseudogene,RN7SK,1.3544185721369886,0.0769999995827675,3.47,0,1.0345016537603966,1.6433494047094517
RN7SKP72,Pseudogene,RN7SK,1.1300537191852196,0.263999998569489,0.25,0,-0.4870958342633262,-0.5063378302669143
RN7SKP73,Pseudogene,RN7SK,1.260902044564561,0.28099998831749,0,0,-0.3865738166492886,-0.4462536602649092
RN7SKP74,Pseudogene,RN7SK,1.2027728973675011,-0.0729999989271164,2.05,0,-0.47145069207488455,-0.470115770862198
RN7SKP75,Pseudogene,RN7SK,1.3142701576185425,-0.222000002861023,0.2,0,-0.4280688052164447,-0.3412326579500165
RN7SKP76,Pseudogene,RN7SK,1.3872205799012172,0.305000007152557,0.21,0,-0.28561676538390207,-0.3220347022329091
RN7SKP77,Pseudogene,RN7SK,1.131570117496337,0.305000007152557,0,0,-0.4146288977518359,-0.31660366826473396
RN7SKP78,Pseudogene,RN7SK,1.288882189614231,0.211999997496605,4.64,0,1.0266113018978567,2.074992237788036
RN7SKP79,Pseudogene,RN7SK,1.2508476819001306,0.0769999995827675,0,0,-0.395705846118324,-0.33002829716761317
RN7SKP8,Pseudogene,RN7SK,1.3389192786911968,0.126000002026558,0,0,0.3350378293834784,0.06490547830835543
RN7SKP81,Pseudogene,RN7SK,0.8814742446867566,-0.270999997854233,0,0,-0.6039264433710018,-0.45375015103013555
RN7SKP82,Pseudogene,RN7SK,0.8099474001467252,0.301999986171722,0,0,-0.8914134633531728,-1.1397796048541227
RN7SKP83,Pseudogene,RN7SK,0.6829774695489618,0.30799999833107,0,0,-0.943199338447864,-1.1482496149334953
RN7SKP85,Pseudogene,RN7SK,1.3653413025574483,0.305000007152557,0.2,0,-0.28644857590693606,-0.3022561825641135
RN7SKP86,Pseudogene,RN7SK,1.307766669317074,0.214000001549721,0.53,0,0.04337539101758135,0.41406057547870384
RN7SKP87,Pseudogene,RN7SK,1.2232006545277463,-0.150000005960464,0.55,0,-0.5357436344127231,-0.6264913248938712
RN7SKP88,Pseudogene,RN7SK,0.6668982285515804,0.126000002026558,0.52,0,-0.9732008464911063,-1.139220126027895
RN7SKP89,Pseudogene,RN7SK,1.449653948943475,0.305000007152557,0.53,0,-0.35785025481297184,-0.49932090998207446
RN7SKP9,Pseudogene,RN7SK,1.486952572021361,-0.132999993860722,7.39,0,1.545081359163204,1.4830472070971685
RN7SKP90,Pseudogene,RN7SK,1.337529096442069,0.211999997496605,0.29,0,-0.41880907966503955,-0.4979094624657104
RN7SKP91,Pseudogene,RN7SK,1.1939909690864885,-0.132999993860722,0.55,0,-0.5340325487915559,-0.5177965555010259
RN7SKP92,Pseudogene,RN7SK,1.124593580421253,-0.204999998211861,11.59,0,-0.8261638901355749,-1.0916106783964339
RN7SKP93,Pseudogene,RN7SK,0.8543059831769166,-0.0719999969005585,0.21,0,-0.5874509741028209,-0.47103712102194173
RN7SKP94,Pseudogene,RN7SK,1.3453419369988602,-0.0610000006854534,0,0,-0.2871564796637068,-0.12244691893228757
RN7SKP96,Pseudogene,RN7SK,1.0291639329499698,0.0329999998211861,1.85,0,-0.835173221450621,-1.1108599313759748
RN7SKP97,Pseudogene,RN7SK,1.126517277958751,0.305000007152557,3.22,0,-0.4108548888002474,-0.383421857942459
RN7SKP98,Pseudogene,RN7SK,0.8906226342836276,0.305000007152557,0.73,0,1.151916910427419,1.9287222472002008
RN7SKP99,Pseudogene,RN7SK,1.2898072417019573,-0.0869999974966049,0.38,0,-0.7426852279616148,-1.0875114099928838
RNU1-100P,Pseudogene,RNU1,0.8841453787615648,0.305000007152557,1.55,0.01,0.3330568197781797,0.7154357465229138
RNU1-11P,Pseudogene,RNU1,1.5672786113064328,-0.102000001817942,0.58,0.01,-0.4746360753003637,-0.833555125688721
RNU1-14P,Pseudogene,RNU1,1.5539021224474874,0.305000007152557,0,0.01,-0.3798079451615528,-0.8400830949090152
RNU1-22P,Pseudogene,RNU1,1.494893181088722,-0.028999999165535,0,0.01,-0.3814260607351328,-0.8955417725609924
RNU1-32P,Pseudogene,RNU1,1.0704275812050392,-0.0219999998807907,0,0.01,-0.8251557274994638,-1.1051687491154831
RNU1-47P,Pseudogene,RNU1,1.36380005838769,0.282999992370605,0.43,0.01,-0.4298145390014898,-0.8092643009774043
RNU1-5P,Pseudogene,RNU1,1.3748986916753505,0.30799999833107,0.69,0.01,-0.6567911799673324,-1.1038965457617556
RNU1-64P,Pseudogene,RNU1,1.3211813065630749,0.430000007152557,0.13,0.01,-0.6633769816401098,-1.114083497433249
RNU1-89P,Pseudogene,RNU1,1.842611340319725,0.146999999880791,1.18,0.01,-0.4838438311433121,-1.0650161039055772
RNU2-15P,Pseudogene,RNU2,0.9820163705766074,0.44200000166893,0.4,0.01,-0.80222806366847,-1.1364894327582125
RNU2-55P,Pseudogene,RNU2,1.477205127898017,-0.241999998688698,0,0.01,-0.6850001832778315,-1.066928438761136
RNU2-66P,Pseudogene,RNU2,1.4886121173026348,0.243000000715256,0,0.01,-0.6180624883759653,-1.0930115820107835
RNU4-16P,Pseudogene,RNU4,1.0592724522649954,-0.101000003516674,0,0.01,-0.6753613198956235,-0.812108025946897
RNU4-40P,Pseudogene,RNU4,1.0687471611403534,-0.0790000036358833,0.84,0.01,-0.6465459675891418,-0.8569921429313871
RNU4-80P,Pseudogene,RNU4,1.4780545845558075,0.30799999833107,1.04,0.01,-0.6140910819559285,-1.0972864806318743
RNU4-92P,Pseudogene,RNU4,1.0726763786445457,0.296999990940094,0,0.01,-0.7833031257533453,-1.1226598012446656
RNU5A-7P,Pseudogene,RNU5,0.9881304571750248,0.340000003576279,0,0.01,-0.626142638574692,-0.789306096084349
RNU5B-3P,Pseudogene,RNU5,1.3893713094824591,0.305000007152557,0.98,0.01,-0.651183700614055,-1.10280553827729
RNU5D-2P,Pseudogene,RNU5,0.4168113928447378,0.0230000000447035,1.19,0.01,-1.089928435728423,-1.1495574483499367
RNU6-1109P,Pseudogene,RNU6,1.0712442339467558,0.197999998927116,0,0.01,-0.7965928906792682,-1.1172793628035513
RNU6-1114P,Pseudogene,RNU6,1.3634017522958712,0.0240000002086162,0,0.01,0.896280460666805,1.9765063195737778
RNU6-1132P,Pseudogene,RNU6,1.0712442339467558,-0.310999989509583,0,0.01,-0.8618912839412216,-1.089137530896353
RNU6-1153P,Pseudogene,RNU6,1.819414810036554,-0.171000003814697,0.29,0.01,-0.2906705413927677,-0.543800627634332
RNU6-1161P,Pseudogene,RNU6,1.123756206199048,-0.0054999999701976,0,0.01,-0.613101256230922,-0.6900773382841239
RNU6-1217P,Pseudogene,RNU6,1.2023405562828977,0.254999995231628,1.45,0.01,-0.4368361287629181,-0.44585314669322634
RNU6-1293P,Pseudogene,RNU6,1.8178690030611613,-0.310999989509583,0,0.01,-0.5528398717188758,-1.0412745009608537
RNU6-368P,Pseudogene,RNU6,0.3895433577988203,0.407000005245209,0,0.01,-0.7427327984042332,-0.4677003963342841
RNU6-374P,Pseudogene,RNU6,1.801036882662447,0.282000005245209,0,0.01,-0.25947485621731375,-0.5993795959854673
RNU6-614P,Pseudogene,RNU6,1.8178690030611613,-0.287000000476837,0,0.01,-0.5497625779376055,-1.0426007305540919
RNU6-847P,Pseudogene,RNU6,1.801036882662447,0.218999996781349,0,0.01,-0.19976213425798225,-0.4518334684121828
RNU6-860P,Pseudogene,RNU6,1.2357389050685337,0.254999995231628,0,0.01,-0.44475775967234055,-0.4997180942791333
RNU6-927P,Pseudogene,RNU6,1.1114970475859671,0.204999998211861,0,0.01,1.2254953229494017,1.9815285624154129
RNU6ATAC17P,Pseudogene,RNU6ATAC,1.2719596495261951,0.222000002861023,1.3,0.01,0.4325262610970336,0.5543392983105313
RN7SL266P,Pseudogene,RN7SL,0.8172772408720348,0.44200000166893,0.19,0.01,-0.18012636021055128,0.06928751412422562
RN7SL377P,Pseudogene,RN7SL,1.4993215569954594,0.125,15.93,0.01,2.8395298718634647,4.373970703713181
RN7SL484P,Pseudogene,RN7SL,1.8054948947482448,0.17399999499321,0,0.01,-0.4957481800901876,-1.0688831623465151
RN7SL539P,Pseudogene,RN7SL,0.7877878558921161,-0.158999994397163,0.16,0.01,-0.6639597413412526,-0.8068689346647574
RN7SL796P,Pseudogene,RN7SL,1.122000885664529,-0.123999997973442,0.11,0.01,-0.5612652488851871,-0.881368687227145
RN7SL832P,Pseudogene,RN7SL,0.9276980981595576,0.0489999987185001,0.85,0.01,2.4460681028474585,2.196539722809958
RNU7-197P,Pseudogene,RNU7,1.0644376967809164,0.0604999996721745,0,0.01,-0.5920503142365084,-0.7430932707234829
RNU7-25P,Pseudogene,RNU7,1.0644376967809164,0.30799999833107,0.24,0.01,-0.7853014384157384,-1.1237969691325804
RNU7-41P,Pseudogene,RNU7,1.138828942198737,-0.200000002980232,0,0.01,-0.6708592571391363,-0.8703565681864045
RNU7-61P,Pseudogene,RNU7,1.138828942198737,-0.166999995708466,0,0.01,-0.5906279046268712,-0.8221358752760654
RN7SKP17,Pseudogene,RN7SK,1.2369758809494829,-0.0195000004023314,0,0.01,1.7927180847868862,1.0332828307833382
RN7SKP244,Pseudogene,RN7SK,1.0635252694735438,0.287999987602234,0.46,0.01,-0.7882445894568831,-1.1227516709840755
RN7SKP248,Pseudogene,RN7SK,0.8655099960710402,0.0309999994933605,1.75,0.01,-0.9031696748482196,-1.1212391252497664
RN7SKP272,Pseudogene,RN7SK,1.3923656442011714,0.448500007390976,0.49,0.01,-0.631540186805266,-1.110544710223671
RN7SKP7,Pseudogene,RN7SK,1.4137462447365374,0.211999997496605,0,0.01,1.6960234957737998,1.0555145518572178
RNU1-138P,Pseudogene,RNU1,0.6777421021865655,0.266999989748001,0,0.02,-0.7227679005890737,-0.8365812438511311
RNU2-52P,Pseudogene,RNU2,0.8774976691468164,0.446000009775162,0.34,0.02,-0.844979687976289,-1.143411103184817
RNU6-978P,Pseudogene,RNU6,1.7198528345535296,0.407999992370605,0,0.02,-0.5011783815629106,-1.0873103361988388
RN7SL293P,Pseudogene,RN7SL,1.5080364747051604,0.263999998569489,0.14,0.02,-0.37221820312666615,-0.7662139313566667
RN7SL473P,Pseudogene,RN7SL,1.2081489647673558,0.282999992370605,15.71,0.02,0.6125299623586983,0.7331901231755288
RN7SL719P,Pseudogene,RN7SL,1.6414513360974201,-0.0450000017881393,0,0.02,-0.29598211852345613,-0.7584492985024308
RNU7-182P,Pseudogene,RNU7,0.3921612567087586,0.263999998569489,0,0.02,-1.0692202141496294,-1.1644593708961262
RNU7-21P,Pseudogene,RNU7,1.2885298434716357,0.264999985694885,0,0.02,-0.5204672019480523,-0.8830466874424717
RN7SKP23,Pseudogene,RN7SK,1.1540406889388717,-0.0309999994933605,0.57,0.02,4.212302766115564,1.7434583368069339
RNU2-49P,Pseudogene,RNU2,1.3402902577887854,0.30799999833107,0,0.03,-0.6711202610156825,-1.1061130347027333
RNU4-91P,Pseudogene,RNU4,1.3379131128349608,-0.0350000001490116,0.5,0.03,-0.7161022933058832,-1.087304527803086
RNU4-9P,Pseudogene,RNU4,1.1994572455963677,0.30799999833107,6.92,0.03,-0.5125695496326806,-0.7673114565797869
RNU6-721P,Pseudogene,RNU6,1.8524950793099453,-0.296000003814697,0,0.03,-0.5365845005794172,-1.0398862527149193
RNU6-82P,Pseudogene,RNU6,1.201092019879696,-0.168999999761581,17.18,0.03,-0.5828616127412667,-0.6574333376276197
RNU1-125P,Pseudogene,RNU1,1.4539932308537364,-0.0579999983310699,205.51,0.04,-0.6701687815047972,-1.0791931188134039
RNU6-1060P,Pseudogene,RNU6,1.136168126913226,0.486000001430511,0,0.04,-0.291114747403232,-0.08304401884187035
RNU6ATAC24P,Pseudogene,RNU6ATAC,0.9005184413312235,0.298000007867813,31.44,0.04,-0.8543078741553135,-1.133844426916051
RN7SL145P,Pseudogene,RN7SL,1.1851900528524355,-0.028999999165535,18.37,0.04,-0.01836695070828216,0.23952685052162698
RN7SL288P,Pseudogene,RN7SL,1.0503838078561547,-0.10700000077486,19.7,0.04,0.03861722839372459,0.47383542506714194
RN7SL558P,Pseudogene,RN7SL,1.103597612047104,-0.141000002622604,16.56,0.04,-0.1895251265881404,-0.17949724274112783
RN7SKP255,Pseudogene,RN7SK,1.3871518664960656,0,81.36,0.04,-0.2527626242728724,-0.13097016072231096
RN7SL246P,Pseudogene,RN7SL,1.2203937177886468,0.206000000238419,16.36,0.05,-0.2510341383149378,-0.38242587758808655
RN7SL396P,Pseudogene,RN7SL,1.1538846468583135,0.145999997854233,23.71,0.05,-0.19149977188513373,0.1394325658212342
RN7SL431P,Pseudogene,RN7SL,0.7744036806951412,-0.135000005364418,23.09,0.05,0.21543729510450083,0.8991291243554831
RN7SL674P,Pseudogene,RN7SL,0.8967760270295874,-0.304000005125999,39.15,0.05,-0.3008834037980092,0.19464401127216494
RNU7-77P,Pseudogene,RNU7,1.8524950793099453,0.214000001549721,0.68,0.05,-0.47116018922080277,-1.068084060417613
RNU6-1189P,Pseudogene,RNU6,0.9738583944970508,0.30799999833107,19.6,0.06,-0.47692853020448694,-0.35103342019101264
RNU6-1235P,Pseudogene,RNU6,0.3246194648323502,0.291999995708466,0,0.06,-0.7588714248814835,-0.41004407919462904
RNU6-816P,Pseudogene,RNU6,0.3570814113155853,-0.203999996185303,0,0.06,-0.8953583262635079,-0.5926486855655643
RN7SL331P,Pseudogene,RN7SL,0.3093741782248391,0.187000006437302,1.35,0.06,-0.8292094727968223,-0.6272283288773438
RN7SL368P,Pseudogene,RN7SL,1.0407745368866796,0.206000000238419,19.63,0.06,0.9006600261119678,1.4234347585060987
RN7SL4P,Pseudogene,RN7SL,1.1421103137271065,0.0850000008940697,599.31,0.06,0.8775370678945249,1.328230918937803
RN7SL731P,Pseudogene,RN7SL,1.2447439206114184,0.146999999880791,39.68,0.06,-0.23640348872238262,-0.3603890041161897
RN7SL81P,Pseudogene,RN7SL,1.2642746590118163,-0.155000001192093,44.03,0.06,-0.2757439527599394,-0.16857354812777278
RNU6-29P,Pseudogene,RNU6,1.103706180429991,0.486999988555908,0,0.07,-0.3744405950128942,-0.2553538935289773
RNU6-521P,Pseudogene,RNU6,0.2646421541871351,0.296000003814697,0,0.07,-0.7647329894972487,-0.46738210404326536
RNU6-631P,Pseudogene,RNU6,0.2921575183491152,-0.175999999046326,0,0.07,-0.9195222474828081,-0.621023250794176
RNU6-941P,Pseudogene,RNU6,0.2572909832374924,-0.280499994754791,0,0.07,-0.9463352440356393,-0.5638644802715682
RN7SL359P,Pseudogene,RN7SL,0.9286596426228244,0.305000007152557,42.08,0.07,0.43300548371887554,0.5841425082587708
RN7SL657P,Pseudogene,RN7SL,1.6952226728326931,0.105999998748302,40.23,0.07,-0.02759974297739851,-0.3525460895883439
RN7SKP2,Pseudogene,RN7SK,0.9799640897603552,0.194999992847443,0.22,0.07,10.410244640235707,-2.681022545778174
RN7SKP95,Pseudogene,RN7SK,1.3870786175526202,0.305000007152557,16.71,0.07,-0.3413854509648937,-0.5065535412151457
RN7SL128P,Pseudogene,RN7SL,1.355206441216497,0.211999997496605,53.07,0.08,0.7391766404609144,0.8916060665095571
RN7SL449P,Pseudogene,RN7SL,1.2023405562828977,0.30799999833107,18.44,0.08,0.2981476543582415,0.5508069730660695
RN7SL648P,Pseudogene,RN7SL,0.9116306764876602,0.29899999499321,35.23,0.08,0.4797964864910139,0.6822068777828081
RN7SKP1,Pseudogene,RN7SK,1.2106085514220124,0.211999997496605,0.16,0.09,7.001634531956867,-1.8421556385470326
RNU6-252P,Pseudogene,RNU6,1.006320340980286,0.492000013589859,0,0.11,-0.26898631700196896,-0.034971683331666725
RN7SL192P,Pseudogene,RN7SL,1.1732985138606051,0.30799999833107,21.5,0.12,-0.1501902951821468,-0.19831784587602005
RN7SL698P,Pseudogene,RN7SL,1.0926347218612056,0.30799999833107,39.51,0.12,0.23875696315505038,0.7109928921194532
RN7SKP40,Pseudogene,RN7SK,1.0190636670790765,0.502999991178513,0.66,0.13,-0.7790658836151507,-1.1374882635198411
RNU6-25P,Pseudogene,RNU6,1.882792896027632,-0.293999999761581,0,0.21,-0.08902566892360449,-0.030229379685064065
RN7SL317P,Pseudogene,RN7SL,1.84756823069476,0.365000009536743,0.12,0.21,2.099615703266288,1.8206387514063558
RN7SL702P,Pseudogene,RN7SL,0.1665342323009797,0.296000003814697,0.25,0.21,-0.10489248153789547,0.6727341845846175
RNU6-255P,Pseudogene,RNU6,0.1984816156403513,0.0549999997019768,0.27,0.22,-0.7192679531644086,-0.2895245109785137
RN7SL656P,Pseudogene,RN7SL,0.0370828641320941,0.224000006914139,8.22,0.22,-0.6795345779973817,-0.25656506958924313
RNU2-57P,Pseudogene,RNU2,0.0727419533760449,-0.0829999968409538,0,0.23,0.0754401457591906,0.7263987543481054
RNU6-1314P,Pseudogene,RNU6,0.2003900927138162,0.293999999761581,0,0.23,-0.9205431071637001,-0.7027863682542106
RNU6-303P,Pseudogene,RNU6,0.1966091475682725,0.272000014781952,0,0.23,-0.9694013720989476,-0.826567490130025
RN7SL199P,Pseudogene,RN7SL,0.024721909421396,0.231000006198883,1.55,0.23,-0.622228489805884,-0.10282631613040037
RN7SL640P,Pseudogene,RN7SL,0.0532326172215501,0.28999999165535,0.02,0.24,-0.1462067720579574,0.5779689620465863
RN7SL722P,Pseudogene,RN7SL,0.1100734312089976,0.287000000476837,0.16,0.24,0.35125196655354385,1.0410495837798546
RN7SL544P,Pseudogene,RN7SL,0.0366911437363325,0.277999997138977,0.16,0.25,-0.5307686454627628,0.0633409415847179
RN7SL763P,Pseudogene,RN7SL,0.0244607624908883,0.281499996781349,0.1,0.25,-0.5313433572151379,0.07450039519550046
RNU6-1071P,Pseudogene,RNU6,0.0687807578951712,0.252999991178513,0,0.26,-0.9418140228903741,-0.6098717296564931
RNU6-1076P,Pseudogene,RNU6,0,0.254999995231628,0.07,0.26,-0.9295442728950574,-0.5101025178439276
RNU6-109P,Pseudogene,RNU6,0,0.221000000834465,0,0.26,-0.9499018332225682,-0.5290306942405945
RNU6-1171P,Pseudogene,RNU6,0,0.273999989032745,0,0.26,-0.9663220459179879,-0.612170223467351
RNU6-1239P,Pseudogene,RNU6,0.097385839449705,-0.23199999332428,0,0.26,-1.011962266525337,-0.621956606383405
RNU6-1268P,Pseudogene,RNU6,0.1623097324161751,-0.203999996185303,0,0.26,-0.9814954369010468,-0.619343656147728
RNU6-184P,Pseudogene,RNU6,0,0.242499999701977,0,0.26,-0.9515693440194201,-0.5416221901661085
RNU6-18P,Pseudogene,RNU6,0.1947716788994101,0.0850000008940697,0,0.26,-0.7757221890555202,-0.24346746461190424
RNU6-465P,Pseudogene,RNU6,0.0687807578951712,0.277999997138977,0,0.26,-0.9373371871008499,-0.6079815301536978
RNU6-749P,Pseudogene,RNU6,0.1623097324161751,-0.196999996900558,0,0.26,-0.9562566726755343,-0.5774167835071732
RNU6-785P,Pseudogene,RNU6,0.033398348785636,0.254999995231628,1.45,0.26,-0.9239574891514097,-0.5291962029196522
RN7SKP282,Pseudogene,RN7SK,0.1045513527202519,0.0099999997764825,0.64,0.26,-0.9874181459526031,-0.6592716853177213
RNU6-458P,Pseudogene,RNU6,2.142488467893512,-0.284000009298325,0,0.27,-0.41501003163879335,-1.0219599664281007
RNU1-114P,Pseudogene,RNU1,2.050578137489172,-0.0525000002235174,0,0.28,-0.4233573743512095,-1.0406514446821655
RN7SL429P,Pseudogene,RN7SL,2.040444411908096,-0.122000001370907,0,0.28,-0.4364643277031198,-1.0374559340274194
VTRNA2-1,Functional,VTRNA,1.9809395623480377,-0.0165000003762543,1.45,0.29,-0.4475573067082406,-1.0471100111219478
RN7SL417P,Pseudogene,RN7SL,1.9791987521872767,-0.172000005841255,6.37,0.29,-0.46820652502004495,-1.038638199897621
RNU1-41P,Pseudogene,RNU1,0,0.005499999737367,0.41,0.36,-1.2647054119216847,-1.175308701290076
RNU1-48P,Pseudogene,RNU1,0.042881830539582,-0.0410000011324883,0.41,0.36,-1.2529248705275167,-1.1699879233482309
RNU6-789P,Pseudogene,RNU6,1.9750866654407508,-0.166999995708466,0,0.37,-0.2856883256523574,-0.6681294922538908
RNU6-34P,Pseudogene,RNU6,2.012640681960572,-0.152999997138977,0,0.38,-0.11006470820697199,-0.2485619762902993
RNU1-107P,Pseudogene,RNU1,0.0225547290500399,-0.368000000715256,0,0.39,-1.3032834138367488,-1.153209800929332
RNU1-128P,Pseudogene,RNU1,0,-0.0200000004842877,0,0.39,-1.2679812629138274,-1.1738973113492392
RNU1-40P,Pseudogene,RNU1,0,-0.116500001400709,0,0.39,-1.2803582055505156,-1.1685626424071671
RNU1-86P,Pseudogene,RNU1,0.0451094581000798,-0.295000001788139,0,0.39,-1.2845854125798248,-1.1558015481465638
RNU1-95P,Pseudogene,RNU1,0,0.0090000003110617,0,0.39,-1.2642590743719058,-1.1755014294175403
RNU1-97P,Pseudogene,RNU1,0,-0.0500000007450581,0,0.39,-1.2718271688712877,-1.1722391406046933
RNU6-328P,Pseudogene,RNU6,2.424846153342028,-0.225499995052814,0,0.39,-0.04002127060124907,-0.42268452737954587
RN7SL725P,Pseudogene,RN7SL,0.0134109199756994,-0.163000002503395,0,0.39,-1.2807722032174211,-1.1651274873627262
RN7SL818P,Pseudogene,RN7SL,0,-0.164000004529953,0,0.39,-1.2864523364223024,-1.1659363565084304
RN7SKP159,Pseudogene,RN7SK,2.105468508376672,-0.178000003099442,0,0.39,-0.0894076149923168,-0.3195151608980681
RNU6-12P,Pseudogene,RNU6,1.5581734311952813,0.555999994277954,0,0.4,-0.14546513403225045,-0.16797649771778334
RNU6-42P,Pseudogene,RNU6,1.5581734311952813,0.592000007629395,0.05,0.4,-0.14244227766965134,-0.19446567403343032
RN7SL524P,Pseudogene,RN7SL,1.933541739029756,0.146999999880791,0.3,0.4,4.229577751401133,7.801971954603944
RN7SKP123,Pseudogene,RN7SK,0.7877878558921161,0.734000027179718,0,0.4,0.8965328407389085,1.1574013535459207
RNU2-63P,Pseudogene,RNU2,4.149832727006819,-0.462999999523163,44.96,0.41,0.39310889129104987,-0.8835164809929591
RNU6-231P,Pseudogene,RNU6,1.3826267885626415,0.528999984264374,0,0.41,-0.29283264899434464,-0.47241481893390397
RNU6-513P,Pseudogene,RNU6,1.9371042295668903,0.28600001335144,2.93,0.41,0.22799265809581978,0.16189993872875566
RNU6-1218P,Pseudogene,RNU6,2.315618849137432,-0.421000003814697,0,0.42,-0.08287721967735971,-0.37878521637565604
RNU6-830P,Pseudogene,RNU6,1.9152548425108664,0.29899999499321,0,0.42,-0.2209096972302958,-0.5904678221328634
RNU2-58P,Pseudogene,RNU2,1.8790677546279164,0.195999994874001,0.76,0.43,1.6880059094481337,2.199827113263742
RNU6-1078P,Pseudogene,RNU6,0.6744520919817764,0.574000000953674,0,0.43,-0.674148681753311,-0.6103936743780154
RNU6-36P,Pseudogene,RNU6,2.142488467893512,0.0850000008940697,0.03,0.43,0.0702363315089409,-0.05701157796120224
RN7SKP183,Pseudogene,RN7SK,0.9005184413312235,0.593999981880188,0,0.43,-0.5938768689521151,-0.760224910212022
RN7SKP233,Pseudogene,RN7SK,1.4209479301525152,0.557000011205673,0,0.43,-0.41227010575828055,-0.6977492356512703
RN7SL759P,Pseudogene,RN7SL,2.0361476087242933,-0.125500001013279,0.02,0.44,0.006381554402479007,-0.47296468606606135
RN7SKP176,Pseudogene,RN7SK,2.053473319046402,0.0850000008940697,2.99,0.44,0.009535137150340477,-0.1343989158117127
RN7SKP277,Pseudogene,RN7SK,1.2028126177498322,0.523999989032745,0,0.44,-0.7003154924845538,-1.1268684956990926
RNU6-1151P,Pseudogene,RNU6,1.9152548425108664,0.206000000238419,0,0.45,1.2363541278019334,1.6769372274485077
RN7SL5P,Pseudogene,RN7SL,1.9801787354773368,0.0149999996647239,215.75,0.46,0.23796641496522614,0.23398166361615524
RN7SKP12,Pseudogene,RN7SK,0.6558221216088531,0.734000027179718,0,0.46,1.0227020843339278,0.6461362046807647
RNU6-751P,Pseudogene,RNU6,1.3412247789558394,0.764999985694885,0,0.48,0.512727859360299,0.72872787637221
RNU6-842P,Pseudogene,RNU6,1.9477167889941016,0.146999999880791,0,0.49,-0.028252571393340028,-0.11904714836663358
RNU4ATAC12P,Pseudogene,RNU4ATAC,1.106578919056826,0.592999994754791,0.62,0.49,-0.7312946040986583,-1.1368546822581551
RN7SL123P,Pseudogene,RN7SL,1.9151436714612664,0.25,0.23,0.49,4.092654608788416,6.914282252694565
RNU1-52P,Pseudogene,RNU1,1.1225103567464991,0.622500002384186,0,0.5,-0.7209207946678762,-1.1374637059310468
RNU6-1059P,Pseudogene,RNU6,1.205066952102133,0.947000026702881,0,0.5,-0.44339127375306614,-0.7833751729561373
RNU4ATAC10P,Pseudogene,RNU4ATAC,0.8256509830940844,0.737000018358231,0,0.5,-0.8291095193398423,-1.162822904568207
RNU5F-1,Functional,RNU5,4.92811190970274,-0.423000007867813,3.73,0.51,0.7202235300611173,-0.8357154012888973
RNU6-194P,Pseudogene,RNU6,2.2163780413172565,0.0120000001043081,0,0.51,1.2133794906549822,1.8274342395090113
RNU4ATAC2P,Pseudogene,RNU4ATAC,0.9648411871405967,0.75,0,0.51,-0.7698276915719896,-1.1546194818030608
RN7SKP80,Pseudogene,RN7SK,2.0742380857114453,0.0769999995827675,4.44,0.51,0.5021813553585865,0.8661746308886521
RNU4ATAC13P,Pseudogene,RNU4ATAC,1.1026756424463962,0.865000009536743,0,0.53,-0.2469050975451284,-0.2782110562474925
RN7SL275P,Pseudogene,RN7SL,1.9803725381429085,0.0640000030398369,0.06,0.53,3.0564104107705683,4.9889845986406804
RNU2-4P,Pseudogene,RNU2,1.3025356026398056,0.78600001335144,1.35,0.54,0.30391633702218784,-0.4362057339956103
RNU6-693P,Pseudogene,RNU6,0.6817008761479356,0.801999986171722,0.67,0.54,-0.8803564955565693,-1.1756463959817227
RNU4ATAC16P,Pseudogene,RNU4ATAC,1.3507776619968357,0.663500010967255,2.33,0.54,-0.6211653345505656,-1.12510301910877
VTRNA1-1,Functional,VTRNA,2.631385055837991,0.115000002086163,0,0.54,0.032695013028735086,-0.8138621075263159
RN7SL52P,Pseudogene,RN7SL,2.3604635803707272,-0.0590000003576279,0,0.54,1.2227055586253293,1.1498164876269326
RN7SL96P,Pseudogene,RN7SL,2.160153272693576,0.101000003516674,0.39,0.54,4.8594369252257765,7.588158527487141
RNU6-202P,Pseudogene,RNU6,0.9407201574620816,0.87950000166893,0,0.55,-0.7632018759809479,-1.1633232820835961
RNU6-417P,Pseudogene,RNU6,1.9477167889941016,0.177000001072884,0,0.55,0.21437282671182523,0.2687434707819013
RNU4ATAC11P,Pseudogene,RNU4ATAC,1.2956438798745156,0.754999995231628,2.54,0.55,-0.6322484993620876,-1.1336964549233302
RNU4ATAC18P,Pseudogene,RNU4ATAC,1.4059114441191551,0.784000009298325,2.21,0.55,-0.2860906555947509,-0.584680127164588
RNU4ATAC4P,Pseudogene,RNU4ATAC,0.6616053854678376,0.838499993085861,0,0.55,-0.883992854528884,-1.17894938151857
RNU4ATAC9P,Pseudogene,RNU4ATAC,1.3783445530579952,0.825999975204468,0,0.55,-0.5889176895345711,-1.1323149309406153
RNU6ATAC23P,Pseudogene,RNU6ATAC,0.7906991192176597,0.880999982357025,0,0.55,-0.8251070667660623,-1.1730265003612534
RNU4-63P,Pseudogene,RNU4,1.707278304025056,0.819499999284744,0,0.56,-0.45359713631801923,-1.1108686837930286
RNU4-86P,Pseudogene,RNU4,2.236316833756013,0.140000000596046,0.11,0.56,1.9592813537564269,2.5966252685874847
RNU6-758P,Pseudogene,RNU6,2.224555186530904,0.30799999833107,0.63,0.56,0.2892664430778213,0.14804746337404462
RNU4ATAC5P,Pseudogene,RNU4ATAC,1.1026756424463962,1.06950002908707,0,0.56,0.5281848267015447,1.0514541591898665
RNU11-4P,Pseudogene,RNU11,0.9924080782017566,0.885999977588654,0.89,0.56,-0.7409664343236262,-1.1603731026436137
RNU6-437P,Pseudogene,RNU6,1.9743697555803368,0.305000007152557,0.28,0.59,0.5137233096215755,0.9396923239547255
RN7SL850P,Pseudogene,RN7SL,2.124639974981768,0.165000006556511,0,0.59,3.6101365407200032,6.266828312398084
RN7SKP253,Pseudogene,RN7SK,1.0004372697729682,0.791999995708466,3.04,0.59,-0.7496927759723464,-1.1546705250848337
RNU6-1077P,Pseudogene,RNU6,2.00913988381042,0.277999997138977,0,0.61,0.4177748252741145,0.5141260319124945
RNU6-1194P,Pseudogene,RNU6,1.2691372538541694,1.66500002145767,0,0.62,-0.24193223480269987,-0.5647978081832431
RN7SL134P,Pseudogene,RN7SL,2.5219611228229457,0.152999997138977,0.43,0.62,4.415444076353688,7.401651917927036
RN7SKP261,Pseudogene,RN7SK,2.423903183809326,0.263999998569489,0.05,0.62,0.45569876646916535,0.4078710460981435
RNU1-108P,Pseudogene,RNU1,2.416297929534712,0.449000000953674,3.46,0.63,0.23650768950797918,-0.1571068471349127
RNU6-319P,Pseudogene,RNU6,2.026166492995253,0.214000001549721,0,0.63,-0.1358486506177585,-0.449716361095468
RN7SL584P,Pseudogene,RN7SL,1.9647675083590328,0.266999989748001,0,0.64,1.5811183438847312,1.8837413048172593
RN7SL787P,Pseudogene,RN7SL,2.066934430480067,0.293999999761581,0.09,0.64,1.127875197874093,1.0736531684297423
RN7SL318P,Pseudogene,RN7SL,2.0115476871294864,0.305000007152557,0.19,0.65,1.5784424260000212,1.9369650170693817
RN7SL381P,Pseudogene,RN7SL,2.0397649258341475,0.305000007152557,12.82,0.65,0.5667479455011473,0.6215425263746498
RN7SL774P,Pseudogene,RN7SL,2.060102286473992,0.316000014543533,0.23,0.66,4.358022006577193,7.41689116851126
RNU6-397P,Pseudogene,RNU6,2.003900927138162,0.253000006079674,0,0.67,-0.40348737338944646,-1.0605348923188087
RNU6-457P,Pseudogene,RNU6,2.304798200309687,0.305000007152557,0,0.67,0.053980752773281605,-0.33621957981008443
RN7SL440P,Pseudogene,RN7SL,2.136715352046639,0.282999992370605,0.31,0.67,3.4223761116741205,6.2504182175869625
RNU6ATAC20P,Pseudogene,RNU6ATAC,1.0392934992191625,3.83100008964539,0.41,0.68,0.8511773162566013,0.285464001278528
RNU6ATAC27P,Pseudogene,RNU6ATAC,0.700523349318887,4.58400011062622,1.24,0.68,0.3845869690941884,0.07065572627982013
RNU7-1,Functional,RNU7,5.568511994354301,0.118000000715256,1.53,0.68,6.198374745516985,-0.28652092192022266
RNU6ATAC29P,Pseudogene,RNU6ATAC,1.1948593261549147,3.97699999809265,0.54,0.69,1.0132007655159267,1.019893562356926
RNU4ATAC15P,Pseudogene,RNU4ATAC,1.0751087513852364,1.42249995470047,0,0.7,-0.6379179278345348,-1.1847347027849815
RNU6ATAC26P,Pseudogene,RNU6ATAC,0.8545736228959571,5.06799983978271,0,0.7,1.2430643516950501,0.8109817439559859
RNU6ATAC30P,Pseudogene,RNU6ATAC,1.281182559973579,3.994500041008,0.2,0.7,0.5924844057294962,0.33463721677316827
RNU6ATAC37P,Pseudogene,RNU6ATAC,1.2196771037441436,3.84699988365173,0,0.7,0.9823285234242931,0.6535640352701861
RNU6ATAC41P,Pseudogene,RNU6ATAC,1.0199749692629163,3.64549994468689,0,0.7,0.658805675929569,0.4817302344072694
RNU11-3P,Pseudogene,RNU11,0.9924080782017566,1.46899998188019,3.95,0.7,-0.22963010961204658,-0.2539650925646868
RNU12-2P,Pseudogene,RNU12,0.9796848977119904,3.99199998378754,1.99,0.7,0.22359683205106134,-0.18430586911043687
RNU11-6P,Pseudogene,RNU11,1.1229880884914614,1.43599998950958,1.99,0.71,-0.6163591735577792,-1.1824156110869448
RNU1-4,Functional,RNU1,0.0211794406933301,0.266000002622604,4585.69,0.72,-0.6502125194496293,-0.3169713972100325
RNU6ATAC8P,Pseudogene,RNU6ATAC,1.0199749692629163,4.30100011825562,0,0.72,0.11811117291761655,-0.518287560004985
RN7SL471P,Pseudogene,RN7SL,1.568270290803779,0.677999973297119,640.66,0.72,1.0888095177137656,0.6575306354688515
RNU6ATAC16P,Pseudogene,RNU6ATAC,0.9312814936748368,1.56450003385544,2.28,0.74,-0.6792261800375834,-1.2018105108807766
RN7SL3,Functional,RN7SL,1.4637189380835274,0.266999989748001,100883.77,0.75,34.37036116843948,-12.260503306022793
RNU1-61P,Pseudogene,RNU1,2.461303478718926,0.397000014781952,0.15,0.76,-0.19568338680953645,-1.0391737845585782
RNU6ATAC18P,Pseudogene,RNU6ATAC,1.10049212632274,2.10999989509583,0.99,0.76,-0.5392137251345639,-1.2211209543615378
RNU6ATAC2P,Pseudogene,RNU6ATAC,1.3783445530579952,4.34450006484985,1.25,0.76,-0.13756025522663937,-1.3268549549749615
RNU6ATAC6P,Pseudogene,RNU6ATAC,1.2956438798745156,3.93299996852875,1.06,0.76,-0.2245794141202346,-1.3094036042300314
RNU1-3,Functional,RNU1,0,0.446000009775162,3848.22,0.77,-0.6989052549480119,-0.49603723126101384
RNU6ATAC4P,Pseudogene,RNU6ATAC,0.9372742960794368,4.60549998283386,0.24,0.77,-0.28665340226566643,-1.3695572385939259
RNU6ATAC11P,Pseudogene,RNU6ATAC,1.3615838832928102,4.96299982070923,0,0.78,-0.06515998274531469,-1.3621197768059947
RNU6ATAC15P,Pseudogene,RNU6ATAC,1.0334166764745565,3.10999989509583,0,0.78,-0.4387028044088482,-1.2807069845168708
RNU6ATAC21P,Pseudogene,RNU6ATAC,0.909707405018277,3.2335000038147,0,0.78,-0.47406444656679975,-1.295465344729352
RNU6ATAC25P,Pseudogene,RNU6ATAC,1.157809424568716,2.03200006484985,0,0.78,-0.5254984123577734,-1.2131301984191871
RNU6ATAC31P,Pseudogene,RNU6ATAC,0.9372742960794368,3.08400011062622,0,0.78,-0.2905752134153736,-1.0294245077613424
RNU6ATAC33P,Pseudogene,RNU6ATAC,0.9372742960794368,4.03550004959106,0,0.78,-0.3597727888265339,-1.3380410276412713
RNU6ATAC34P,Pseudogene,RNU6ATAC,1.0908287140564763,5.07399988174438,0,0.78,-0.16299444362924892,-1.3856140397467485
RNU6ATAC38P,Pseudogene,RNU6ATAC,1.0751087513852364,4.13849997520447,0,0.78,-0.05832745981882798,-1.0493669207617282
RNU6ATAC3P,Pseudogene,RNU6ATAC,1.130242533507556,5.24600005149841,0,0.78,-0.12461836882566878,-1.3925998146876262
RNU6ATAC5P,Pseudogene,RNU6ATAC,1.157809424568716,4.0475001335144,0,0.78,-0.26694851132046465,-1.3245666869082087
RNU6ATAC7P,Pseudogene,RNU6ATAC,1.285441959560543,3.92899990081787,0,0.78,-0.0647429746030825,-1.0523427919933577
NMTRS-TGA3-1,Functional,TRNA,0.9564512637741568,3.51699995994568,0,0.78,-0.41835207139893266,-1.3081427627453137
VTRNA1-3,Functional,VTRNA,2.029418766659772,0.328999996185303,1.76,0.8,-0.3831699596003774,-1.0631050707379364
RN7SKP70,Pseudogene,RN7SK,1.3586103210806335,2.08200001716614,4.48,0.8,-0.43594763277133025,-1.2030367581453927
RNU5E-4P,Pseudogene,RNU5,3.9365520435336334,0.38400000333786,0,0.83,0.4132941265463874,-0.9438870572057144
RN7SK,Functional,RN7SK,3.3251721888528367,0.194999992847443,344.31,0.83,23.00855792688644,-8.119405137979486
VTRNA1-2,Functional,VTRNA,3.161210001912337,0.405000001192093,0,0.87,0.09505362251584243,-0.9947493595099548
RNU5A-8P,Pseudogene,RNU5,4.143738993193299,0.683499991893768,0,0.88,0.5374765798377719,-0.9471624345483476
RNU6-1334P,Pseudogene,RNU6,0.0992408078201756,1.81200003623962,0,0.89,-0.9918895386571878,-1.2688260842706347
RNU6ATAC10P,Pseudogene,RNU6ATAC,1.345562304228508,3.58699989318848,16.48,0.89,-0.248240813390028,-1.2871181737739832
MT-TF,Functional,TRNA,0,1.69700002670288,0,0.89,-1.0477237666721675,-1.268828503897562
NMTRQ-TTG12-1,Functional,TRNA,1.9779244336382231,2.12349998950958,0,0.91,-0.17429210657774383,-1.1656191235662225
RNU5E-6P,Pseudogene,RNU5,4.288928824924113,0.725000023841858,2.52,0.92,0.6029111885767554,-0.9401580410698132
RNU1-1,Functional,RNU1,3.388710510932828,0.328999996185303,3848.22,0.94,2.4483081583419066,0.17907427744060386
RNU6-7,Functional,RNU6,2.8241893440414474,2.88700008392334,0.47,0.95,9.248267999465662,-2.3140959880687584
MT-TD,Functional,TRNA,0,1.89650005102158,16.51,0.95,-1.0220646969553266,-1.2799072376815512
MT-TL1,Functional,TRNA,0,3.49600005149841,0,0.96,-0.8169463052545358,-1.368293463432288
RNU2-1,Functional,RNU2,2.235557559140659,0.808000028133392,5154.1,0.97,1.7442113425002763,0.9199798253897482
RNU6-1,Functional,RNU6,3.733123845572029,2.71600008010864,0.98,0.97,35.130622804667055,-13.56047597946372
RNU5A-1,Functional,RNU5,4.126551538847475,1.55200004577637,3.54,0.98,0.6417871183434236,-0.9962940080423272
RNU6-2,Functional,RNU6,4.122667203370849,2.47699999809265,0.98,0.98,9.861342994293944,-2.130375097144555
RNU6-8,Functional,RNU6,3.8954335779882032,1.48800003528595,1.75,0.98,8.217109465520748,-1.705618500106125
RNU6-9,Functional,RNU6,4.9342158654517245,2.90599989891052,0.98,0.98,10.622978250894288,-2.371410400133611
RNY3,Functional,RNY,3.166949308379135,1.97699999809265,1.8,0.98,3.154109016969049,0.892988840335894
RNY4,Functional,RNY,2.7136158388329283,2.55200004577637,0,0.98,4.019283050023773,-0.07513233638695672
RNU1-2,Functional,RNU1,3.367531070239497,0.284000009298325,3848.22,0.99,0.4495695809626016,-0.8041156279020328
RNU5D-1,Functional,RNU5,5.142035973819886,2.70050001144409,6.68,0.99,1.2094696393451685,-0.9947106451607655
RNU5E-1,Functional,RNU5,5.425437551491421,1.02399998903275,6.33,0.99,1.6816683730894246,0.20748093629565362
RNU11,Functional,RNU11,4.013739338504882,5.12800002098083,15.59,0.99,1.5548808619369199,-0.3675106435908485
RNU1-27P,Pseudogene,RNU1,0,0.898999989032745,6836.16,1,-1.1221890990471495,-1.24479978224047
RNU1-28P,Pseudogene,RNU1,0,1.32599997520447,6836.16,1,-1.0674138938903943,-1.2684070482519052
RNU2-2,Functional,RNU2,4.9828238062590815,1.35500001907349,37897.85,1,3.7975212601700465,1.7020189216371286
RNU4-1,Functional,RNU4,4.5274340946928415,2.8840000629425,2273.06,1,2.2713827503006176,0.6630450738045336
RNU4-2,Functional,RNU4,3.928567150950402,2.83999991416931,9032.84,1,2.3845608433952297,0.8057661288913323
RNU5B-1,Functional,RNU5,4.215613802275837,2.5200001001358,17.2,1,0.8028850026115153,-1.0441448070927788
RNU4ATAC,Functional,RNU4ATAC,4.836080904160099,3.65599989891052,21.99,1,2.3748513667408147,0.5524885261446625
RNU6ATAC,Functional,RNU6ATAC,4.245301223418625,7.1085000038147,167.93,1,5.654596309590123,-0.49833328511118286
RNU12,Functional,RNU12,4.492300567326618,6.10249996185303,89.68,1,1.9486618081425084,-0.07607972590359398
RNY1,Functional,RNY,3.87302621669889,2.04900002479553,461.11,1,3.0727665680288103,0.6526457472622489
MT-TA,Functional,TRNA,0,1.93099999427795,848.15,1,-1.0142419971217722,-1.284260976449664
MT-TC,Functional,TRNA,0,1.03649997711182,850.15,1,-1.1289815835276826,-1.234809324440278
MT-TE,Functional,TRNA,0,1.73800003528595,134.35,1,-1.0419152428386307,-1.2714891479380546
MT-TG,Functional,TRNA,0,0.828999996185303,306.57,1,-1.1578192127136064,-1.221737740288547
MT-TH,Functional,TRNA,0,1.03799998760223,1153.94,1,-1.1275485255190685,-1.2357867264598443
MT-TI,Functional,TRNA,0,3.79900002479553,415.64,1,-0.7763811817070873,-1.3862670337528393
MT-TK,Functional,TRNA,0,1.44749999046326,31.43,1,-1.0795983355919574,-1.2551262650982213
MT-TL2,Functional,TRNA,0,4.61299991607666,112.81,1,-0.6731974169071855,-1.4303850356017138
MT-TM,Functional,TRNA,0,5.76999998092651,34.77,1,-0.5250958291476904,-1.4941265747741772
MT-TN,Functional,TRNA,0,1.98199999332428,656.69,1,-1.0084825897318128,-1.2865168466855164
MT-TP,Functional,TRNA,0,0.754499971866608,300.57,1,-1.1674000768351338,-1.217599613189949
MT-TQ,Functional,TRNA,0,2.08150005340576,363.47,1,-0.9969152285172617,-1.2911540619834097
MT-TR,Functional,TRNA,0,2.04900002479553,400.09,1,-1.0009349007494235,-1.2894666912392383
MT-TS1,Functional,TRNA,0,3.55900001525879,2004.02,1,-0.8006847638772867,-1.3776675172578652
MT-TS2,Functional,TRNA,0,1.0900000333786,99.13,1,-1.1251847964259518,-1.2355588431735272
MT-TT,Functional,TRNA,0,1.18999999761581,229.69,1,-1.1118236883385482,-1.24147251664308
MT-TV,Functional,TRNA,0,1.23300004005432,31.01,1,-1.1071167688398467,-1.2432646468311925
MT-TW,Functional,TRNA,0,2.15200006961823,136.41,1,-0.9887981785000749,-1.2943884463115085
MT-TY,Functional,TRNA,0,2.32850003242493,1314.03,1,-0.9613505640420889,-1.307604824268757
RN7SL1,Functional,RN7SL,3.1597742155453923,0.28600001335144,2362115.65,1,43.20283228140619,-18.21414444262914
RN7SL2,Functional,RN7SL,2.8945235614217903,0.305000007152557,3901077.06,1,47.007213159522465,-21.96902648047579
