Gene,Gene_Type,Gene_group,enrichment_intergenic_dbsnp,PhyloP100_median,ENCODE_max,functional_probability,tSNE1,tSNE2
RNU1-1,Functional,RNU1,3.388710510932828,0.328999996185303,3848.22,0.94,5.525929883841673,4.48235950210535
RNU1-100P,Pseudogene,RNU1,0.8841453787615648,0.305000007152557,1.55,0.01,17.335268298416263,30.281644995819843
RNU1-101P,Pseudogene,RNU1,1.2033924727800829,0.437000006437302,0,0,8.9357846143262325,-21.072053930003026
RNU1-103P,Pseudogene,RNU1,1.6116707189996529,0.30799999833107,1.58,0,-15.396722109327198,14.786574262826008
RNU1-104P,Pseudogene,RNU1,1.4092194710464945,-0.23199999332428,1.04,0,-27.244038819314092,23.630573876153143
RNU1-105P,Pseudogene,RNU1,1.4238898513329552,-0.133000001311302,0,0,-26.413697195227016,23.12927135841269
RNU1-107P,Pseudogene,RNU1,0.0225547290500399,-0.368000000715256,0,0.39,-16.288988080592198,9.188133506528711
RNU1-108P,Pseudogene,RNU1,2.416297929534712,0.449000000953674,3.46,0.63,0.50175144848214,-30.20188350012137
RNU1-109P,Pseudogene,RNU1,1.4649833535359265,-0.0920000001788139,2.47,0,-26.144277324787463,22.417533911253283
RNU1-112P,Pseudogene,RNU1,1.1648692381331596,0.146999999880791,0,0,-16.546675706597988,25.42021332266582
RNU1-114P,Pseudogene,RNU1,2.050578137489172,-0.0525000002235174,0,0.28,-27.137164780362404,17.73690072757485
RNU1-115P,Pseudogene,RNU1,0.6512678013199028,0.252000004053116,0,0,-5.072976921260574,31.703356803744462
RNU1-117P,Pseudogene,RNU1,1.1211698858165415,0.30799999833107,0,0,-10.222179410149822,22.02120506909164
RNU1-119P,Pseudogene,RNU1,1.3262180681423474,0.300000011920929,0.47,0,-17.553286244068794,18.848213731283924
RNU1-11P,Pseudogene,RNU1,1.5672786113064328,-0.102000001817942,0.58,0.01,-30.20776420547178,21.105978799715054
RNU1-123P,Pseudogene,RNU1,1.128864188954498,-0.211499996483326,0.12,0,-20.923502222097806,32.290558628999335
RNU1-124P,Pseudogene,RNU1,1.4851900204812496,0.204999998211861,1.32,0,-21.331924289277847,18.195583988522106
RNU1-125P,Pseudogene,RNU1,1.4539932308537364,-0.0579999983310699,205.51,0.04,-25.73050213446127,22.406684153767387
RNU1-128P,Pseudogene,RNU1,0,-0.0200000004842877,0,0.39,-16.368248895506728,9.18253609103595
RNU1-129P,Pseudogene,RNU1,1.0399485849419603,-0.152999997138977,1.38,0,-18.496742196549143,33.41598148997989
RNU1-130P,Pseudogene,RNU1,0.8466481417158735,0.30799999833107,0,0,-5.278166632676014,26.988155869403805
RNU1-131P,Pseudogene,RNU1,1.4023157626763951,-0.196999996900558,0,0,-27.03178224075765,23.614290367774974
RNU1-132P,Pseudogene,RNU1,0.8048187463465466,0.305000007152557,0.16,0,-5.055724986477861,27.762525082471033
RNU1-133P,Pseudogene,RNU1,0.7695619528570508,0.26800000667572,0,0,-5.0550147964548,28.659312135603145
RNU1-134P,Pseudogene,RNU1,1.2841159072489396,0.194999992847443,2.63,0,34.04678215955164,-18.420769399505485
RNU1-136P,Pseudogene,RNU1,1.355484204373131,0.212999999523163,0,0,-14.203996742029137,15.438987380335838
RNU1-138P,Pseudogene,RNU1,0.6777421021865655,0.266999989748001,0,0.02,-8.6477628120975,28.90733235246207
RNU1-139P,Pseudogene,RNU1,1.3893713094824591,0.238000005483627,0,0,-19.49480469329336,19.08981754522296
RNU1-140P,Pseudogene,RNU1,1.2630648268022358,-0.101999998092651,0,0,-23.102729110499748,27.85748791252789
RNU1-141P,Pseudogene,RNU1,0.8133977602982752,0.30799999833107,0.05,0,24.648960520366856,-5.158875315194383
RNU1-142P,Pseudogene,RNU1,0.6707309769915321,-0.003000000026077,0,0,-7.810165419064342,35.99793458156625
RNU1-143P,Pseudogene,RNU1,0.9754147891914526,-0.149999998509884,1.44,0,-17.573495989566602,34.539128349348104
RNU1-146P,Pseudogene,RNU1,1.1999115854621238,0.214000001549721,0.6,0,-15.635232823671574,22.043242345295653
RNU1-148P,Pseudogene,RNU1,1.3507776619968357,-0.0219999998807907,0.38,0,8.862912519688138,23.77777099045429
RNU1-149P,Pseudogene,RNU1,1.121852610141116,0.282999992370605,0.33,0,9.154336107796146,-19.469170653316528
RNU1-14P,Pseudogene,RNU1,1.5539021224474874,0.305000007152557,0,0.01,-15.361404364919586,14.836003265491525
RNU1-150P,Pseudogene,RNU1,1.0077230176801788,-0.197999998927116,0,0,-18.428076457119996,34.30338396041623
RNU1-151P,Pseudogene,RNU1,1.5838832928100035,-0.034000001847744,0.29,0,-25.949221763797713,20.56333030967714
RNU1-15P,Pseudogene,RNU1,1.2784145729612908,-0.133000001311302,0,0,-23.659637126560686,28.517081088751915
RNU1-16P,Pseudogene,RNU1,1.1225103567464991,0.306500002741814,4.48,0,-10.267374991101253,22.01454598662676
RNU1-17P,Pseudogene,RNU1,1.2339810972377103,-0.0469999983906746,0,0,-21.74293328650334,27.32608447120402
RNU1-18P,Pseudogene,RNU1,1.080151475359839,0.214000001549721,1.14,0,-10.406975391575749,23.92012419547297
RNU1-19P,Pseudogene,RNU1,1.5156777921626827,-0.0240000002086162,0.75,0,-25.618619690828417,21.372100750710644
RNU1-2,Functional,RNU1,3.367531070239497,0.284000009298325,3848.22,0.99,4.770228008608625,4.4115825193109375
RNU1-20P,Pseudogene,RNU1,1.0077230176801788,-0.20099999755621,0,0,-18.44963051038326,34.31834739273441
RNU1-21P,Pseudogene,RNU1,1.3424906824753824,0.246999993920326,0.15,0,-18.488799613854276,19.43343387758371
RNU1-22P,Pseudogene,RNU1,1.494893181088722,-0.028999999165535,0,0.01,-30.360390367429538,21.220628328766754
RNU1-23P,Pseudogene,RNU1,1.399019721353865,0.30799999833107,0,0,-19.121473301934472,17.76978269986617
RNU1-24P,Pseudogene,RNU1,1.4314734703758671,-0.123999997973442,0,0,-26.331677934055328,22.975100502725187
RNU1-27P,Pseudogene,RNU1,0,0.898999989032745,6836.16,1,-5.9035212760667175,11.653054711857582
RNU1-28P,Pseudogene,RNU1,0,1.32599997520447,6836.16,1,-5.263629598363686,11.738263100874821
RNU1-29P,Pseudogene,RNU1,1.2680769888133556,0.211999997496605,1.59,0,-16.897297724376013,21.54700312616024
RNU1-3,Functional,RNU1,0,0.446000009775162,3848.22,0.77,-19.192372404930943,6.868307092475539
RNU1-30P,Pseudogene,RNU1,0.6392812773692297,-0.233999997377396,0.86,0,-9.02446210486006,38.12778733587738
RNU1-31P,Pseudogene,RNU1,0.9275632321828916,-0.19200000166893,0.72,0,-16.99651630000878,35.38845185262079
RNU1-32P,Pseudogene,RNU1,1.0704275812050392,-0.0219999998807907,0,0.01,-17.89394247491296,29.59067982996766
RNU1-33P,Pseudogene,RNU1,0.8361956955218505,-0.114000000059605,0.44,0,20.002990491214383,-3.332803872839591
RNU1-34P,Pseudogene,RNU1,1.1725585892129031,-0.29899999499321,4.09,0,-21.944205055116157,32.50760797375896
RNU1-35P,Pseudogene,RNU1,1.1805115701484947,-0.17399999499321,0,0,-21.82175592110998,31.03272885943644
RNU1-36P,Pseudogene,RNU1,1.094656183228604,0.296000003814697,0.44,0,-9.764132556477842,22.49271398296388
RNU1-38P,Pseudogene,RNU1,0.9407201574620816,0.305000007152557,0,0,-9.164644961803996,27.842842928139255
RNU1-39P,Pseudogene,RNU1,1.1367583441220122,-0.13400000333786,5,0,-20.26761380157863,31.18773618126639
RNU1-4,Functional,RNU1,0.0211794406933301,0.266000002622604,4585.69,0.72,-19.252461736003653,6.754405578577645
RNU1-40P,Pseudogene,RNU1,0,-0.116500001400709,0,0.39,-16.35218345530802,9.18347298181601
RNU1-41P,Pseudogene,RNU1,0,0.005499999737367,0.41,0.36,-16.373063390278404,9.181642418579584
RNU1-42P,Pseudogene,RNU1,1.5630427231677666,0.266999989748001,0,0,8.52452668778028,-26.56924205414914
RNU1-43P,Pseudogene,RNU1,1.473575631269275,-0.0549999997019768,0,0,-25.792448203545717,22.10406847934612
RNU1-44P,Pseudogene,RNU1,0.8736844124046139,-0.208000004291534,0,0,-12.213896604557096,38.118454430240305
RNU1-45P,Pseudogene,RNU1,1.330249126100227,0.266999989748001,0,0,-18.035005644520997,19.281162111012886
RNU1-46P,Pseudogene,RNU1,1.1436897974398292,0.0255000004544854,0,0,-18.07158018895375,27.919792940533394
RNU1-47P,Pseudogene,RNU1,1.36380005838769,0.282999992370605,0.43,0.01,-14.216836010347366,15.41721948285687
RNU1-48P,Pseudogene,RNU1,0.042881830539582,-0.0410000011324883,0.41,0.36,-16.359730490828692,9.190069393611157
RNU1-49P,Pseudogene,RNU1,1.2451912679323929,-0.0780000016093254,0,0,-22.368825097256142,27.649384814696795
RNU1-51P,Pseudogene,RNU1,1.48015409390887,0.305000007152557,1.08,0,5.840772607777156,19.987960462892243
RNU1-52P,Pseudogene,RNU1,1.1225103567464991,0.622500002384186,0,0.5,-7.461581649034317,19.71291943824021
RNU1-54P,Pseudogene,RNU1,0.9551927752691908,0.309499993920326,0,0,-6.73494316866528,24.706778031485005
RNU1-55P,Pseudogene,RNU1,1.165137332319151,0.30799999833107,0.05,0,11.059108051218116,19.167476723331344
RNU1-56P,Pseudogene,RNU1,0.7836393056532164,0.0279999997001141,0.57,0,-11.865056585207137,31.998153995049034
RNU1-57P,Pseudogene,RNU1,1.0043648020355127,0.319000005722046,0.37,0,-7.534148415944255,23.830945620798246
RNU1-58P,Pseudogene,RNU1,1.2572531788261518,0.30799999833107,0.12,0,-15.885468204429154,19.87268833078626
RNU1-5P,Pseudogene,RNU1,1.3748986916753505,0.30799999833107,0.69,0.01,-18.600953957748953,18.088677490852824
RNU1-61P,Pseudogene,RNU1,2.461303478718926,0.397000014781952,0.15,0.76,4.415272922153979,3.4034387294520836
RNU1-62P,Pseudogene,RNU1,1.1436897974398292,0.284000009298325,0,0,7.556894775964004,20.158124368542833
RNU1-63P,Pseudogene,RNU1,1.016613153279848,-0.131500001996756,0,0,-18.064326308656835,33.62630540089139
RNU1-64P,Pseudogene,RNU1,1.3211813065630749,0.430000007152557,0.13,0.01,-16.791225705985102,17.759319478379695
RNU1-65P,Pseudogene,RNU1,1.5020230372783343,-0.142000004649162,0,0,-26.843531640632094,22.116362700393637
RNU1-67P,Pseudogene,RNU1,0.8048187463465466,0.214000001549721,10.7,0,24.865023127283685,-8.889769125278082
RNU1-68P,Pseudogene,RNU1,1.2133208353357092,-0.0645000003278255,1.44,0,-21.530716649588403,27.868387395185284
RNU1-6P,Pseudogene,RNU1,1.0613253058546563,0.296999990940094,0.69,0,-19.257749362317572,-11.377979909746072
RNU1-70P,Pseudogene,RNU1,1.0589720346665086,-0.129000000655651,3.78,0,-18.636307350507767,32.760895725121706
RNU1-72P,Pseudogene,RNU1,0.9534901143507074,-0.217999994754791,7.42,0,-17.70929841619996,35.06924811985532
RNU1-73P,Pseudogene,RNU1,0.995433712586518,0.284000009298325,1.98,0,-7.536368652522111,24.20960628490653
RNU1-74P,Pseudogene,RNU1,0.7312480576223469,-0.109999999403954,0.19,0,-12.04807932955624,31.96876615252642
RNU1-75P,Pseudogene,RNU1,1.103957823425985,-0.17399999499321,0.16,0,-20.117323842903442,32.15424806567512
RNU1-76P,Pseudogene,RNU1,1.2015003462505542,-0.180999994277954,0,0,-22.52707228720848,30.708852203523048
RNU1-77P,Pseudogene,RNU1,1.3078958314572533,0.300999999046326,0.48,0,10.415688819448842,17.255021425434176
RNU1-78P,Pseudogene,RNU1,1.3051669876956435,0.305000007152557,0,0,-13.903936991185482,15.706035250317935
RNU1-7P,Pseudogene,RNU1,1.5037402892264422,0.214000001549721,0,0,8.6737889606182,-24.84209981588704
RNU1-80P,Pseudogene,RNU1,1.4670380286460751,0.30799999833107,0,0,13.241328637415918,-25.722443743068354
RNU1-82P,Pseudogene,RNU1,1.4946267117159788,-0.130999997258186,0.08,0,-26.682857641835962,22.174807771660667
RNU1-83P,Pseudogene,RNU1,1.3131253229864706,-0.250999987125397,2.76,0,-24.62095730956675,29.782836512713057
RNU1-84P,Pseudogene,RNU1,1.080151475359839,0.0649999976158142,0,0,16.271486424128216,-7.652744415595259
RNU1-86P,Pseudogene,RNU1,0.0451094581000798,-0.295000001788139,0,0.39,-16.310950519589607,9.1918376881382855
RNU1-88P,Pseudogene,RNU1,1.13971865230983,0.282999992370605,0,0,-10.850021533989752,22.02250738723485
RNU1-89P,Pseudogene,RNU1,1.842611340319725,0.146999999880791,1.18,0.01,-25.876615390154516,17.346834279652732
RNU1-8P,Pseudogene,RNU1,0.7578388960813414,-0.0469999983906746,0,0,18.999214774533836,-3.608209352797468
RNU1-91P,Pseudogene,RNU1,1.150706299264613,-0.229000002145767,3.22,0,-21.376529932356018,32.220878174793725
RNU1-93P,Pseudogene,RNU1,0.6576905607017558,-0.0790000036358833,1.08,0,-8.324566325957141,36.73120618162714
RNU1-94P,Pseudogene,RNU1,1.1444243445158986,0.263999998569489,0.7,0,-11.193700959196045,22.157787536318384
RNU1-95P,Pseudogene,RNU1,0,0.0090000003110617,0,0.39,-16.373617126742936,9.181499661950177
RNU1-96P,Pseudogene,RNU1,0.8147547802520594,0.214000001549721,0,0,-5.6488341095900285,28.184092114036947
RNU1-97P,Pseudogene,RNU1,0,-0.0500000007450581,0,0.39,-16.362697641933323,9.182218410312533
RNU1-98P,Pseudogene,RNU1,1.2808266759291422,-0.240000002086163,0,0,-24.265092177671047,29.9675810011792
RNU2-1,Functional,RNU2,2.235557559140659,0.808000028133392,5154.1,0.97,18.517769056383862,7.952711837939097
RNU2-10P,Pseudogene,RNU2,1.3334013752142089,0.119000002741814,0,0,-20.368048166454223,21.830094753458546
RNU2-12P,Pseudogene,RNU2,1.0130832464976265,0.186000004410744,0,0,-9.805488333987803,24.814924301653225
RNU2-13P,Pseudogene,RNU2,0.7684575826783514,-0.127000004053116,0.44,0,-12.150491010144707,31.952173335628043
RNU2-14P,Pseudogene,RNU2,1.1638712540167198,0.238000005483627,0,0,11.049430382685587,17.368197912444966
RNU2-15P,Pseudogene,RNU2,0.9820163705766074,0.44200000166893,0.4,0.01,-7.028775776640748,21.73366981078463
RNU2-16P,Pseudogene,RNU2,1.123756206199048,0.284500002861023,0,0,13.344950209154252,-17.393057718169946
RNU2-17P,Pseudogene,RNU2,1.078590884992962,0.421000003814697,0.29,0,-8.402087941937959,21.380906731386677
RNU2-18P,Pseudogene,RNU2,1.3722185772666264,-0.153499998152256,0.78,0,25.88638967822761,9.352056911760668
RNU2-19P,Pseudogene,RNU2,0.7856563952430573,-0.300999999046326,0,0,-10.87496447525276,38.675007855025626
RNU2-20P,Pseudogene,RNU2,1.0547583239526523,-0.104999996721745,0,0,-18.49148961974436,32.53808836183675
RNU2-21P,Pseudogene,RNU2,0.6836002453570611,0.127500001341105,0,0,-6.451099498782674,33.73997244834333
RNU2-22P,Pseudogene,RNU2,0.6553638252275752,0.30799999833107,1.25,0,25.052768862437695,22.193905870533516
RNU2-23P,Pseudogene,RNU2,1.0865596138260258,0.214000001549721,0.39,0,-10.513577493335411,23.844556028066137
RNU2-24P,Pseudogene,RNU2,1.457382492464118,0.398999989032745,0,0,28.295019385766135,10.742715285063426
RNU2-25P,Pseudogene,RNU2,1.4184680908328773,-0.0280000008642673,10.54,0,-25.114233757218877,23.010250962039176
RNU2-26P,Pseudogene,RNU2,0.9638308822325962,0.305000007152557,0,0,11.256963343813064,15.391137302541642
RNU2-27P,Pseudogene,RNU2,1.2230381245444182,-0.0794999990612268,1.38,0,-21.91482435837843,27.93759892931056
RNU2-28P,Pseudogene,RNU2,1.249699061439249,-0.23199999332428,0,0,-23.84804701211386,30.203099514848326
RNU2-29P,Pseudogene,RNU2,1.2129432066910355,0.284000009298325,0,0,-14.987560381717122,20.59214340387916
RNU2-2,Functional,RNU2,4.9828238062590815,1.35500001907349,37897.85,1,5.365914065003522,6.132904553290912
RNU2-30P,Pseudogene,RNU2,1.3056148830242968,0.165999993681908,0.46,0,30.605804073372486,9.80084127470105
RNU2-31P,Pseudogene,RNU2,1.0756423041154524,0.0120000001043081,0,0,-17.739857233189532,29.228085457730014
RNU2-32P,Pseudogene,RNU2,0.9820163705766074,-0.0799999982118607,0.08,0,-13.884960502756435,31.43744007757539
RNU2-33P,Pseudogene,RNU2,1.230172513604261,-0.212999999523163,0.43,0,-15.433520203869087,31.2386801863866
RNU2-34P,Pseudogene,RNU2,0.8037685261468772,-0.0309999994933605,0,0,-10.508717216619262,36.024227179972144
RNU2-35P,Pseudogene,RNU2,0.7827443997084278,-0.0820000022649765,0.73,0,19.1050877326446,-4.591113368919315
RNU2-36P,Pseudogene,RNU2,1.254798695736776,0.206000000238419,0.18,0,28.61396308755824,11.736892424586525
RNU2-37P,Pseudogene,RNU2,0.9026988733925584,0.30799999833107,0.44,0,-5.920666753773306,25.778637510544637
RNU2-38P,Pseudogene,RNU2,0.9233163765547988,-0.0149999996647239,0,0,-13.50035530672639,35.59643872252305
RNU2-39P,Pseudogene,RNU2,0.6139898463621979,-0.010499999858439,0,0,-7.290534922747598,36.3125818090902
RNU2-3P,Pseudogene,RNU2,1.327540649112821,0.214000001549721,0,0,-18.639631063625494,20.148194076900662
RNU2-40P,Pseudogene,RNU2,1.4177258260025094,0.156000003218651,0,0,-20.83497044299705,19.98468241755361
RNU2-41P,Pseudogene,RNU2,0.8781138894200936,-0.0050000001210719,0,0,-12.721296731637382,35.621997856124025
RNU2-42P,Pseudogene,RNU2,1.4139619521281666,-0.209999993443489,3.41,0,-27.12587666721328,23.53650257223322
RNU2-43P,Pseudogene,RNU2,1.2979653022796658,-0.0685000009834766,0.04,0,-23.325089458000882,26.549545900161394
RNU2-44P,Pseudogene,RNU2,1.342820208907016,0.239999994635582,2.44,0,-18.576580547661663,19.547524552523246
RNU2-45P,Pseudogene,RNU2,1.1144689648255022,-0.0920000001788139,0,0,20.475467388604372,-11.116101171620956
RNU2-46P,Pseudogene,RNU2,1.13731722236396,0.212999999523163,0.44,0,-11.527529553472164,22.89418901767791
RNU2-47P,Pseudogene,RNU2,1.6246680635077144,0.0060000002849847,0,0,5.08266694662793,-24.666995698961394
RNU2-48P,Pseudogene,RNU2,1.327540649112821,0.30799999833107,0.12,0,-17.533092122680316,18.739892278624154
RNU2-49P,Pseudogene,RNU2,1.3402902577887854,0.30799999833107,0,0.03,-17.82384657026247,18.599855272732373
RNU2-4P,Pseudogene,RNU2,1.3025356026398056,0.78600001335144,1.35,0.54,5.754392312141263,20.02698081616548
RNU2-50P,Pseudogene,RNU2,1.4088030760486474,0.214000001549721,0,0,-20.050401247996056,19.26650568032678
RNU2-51P,Pseudogene,RNU2,1.0226337049490182,0.30799999833107,0.54,0,8.918826650642977,-18.684992877118958
RNU2-52P,Pseudogene,RNU2,0.8774976691468164,0.446000009775162,0.34,0.02,-4.742700696610813,25.68821062528725
RNU2-53P,Pseudogene,RNU2,0.9451505506683398,0.0579999983310699,0,0,21.277773245765587,-3.7776550784907807
RNU2-54P,Pseudogene,RNU2,1.2614028993985489,-0.160000003874302,0.96,0,-23.641873634943472,29.285253222016426
RNU2-55P,Pseudogene,RNU2,1.477205127898017,-0.241999998688698,0,0.01,-27.531196109580343,22.76443746435218
RNU2-56P,Pseudogene,RNU2,1.0968720864335204,0.30799999833107,0,0,-9.724023230802498,22.34166272538653
RNU2-57P,Pseudogene,RNU2,0.0727419533760449,-0.0829999968409538,0,0.23,21.03180445335273,29.725032165359035
RNU2-58P,Pseudogene,RNU2,1.8790677546279164,0.195999994874001,0.76,0.43,16.032030949806796,9.929993356920592
RNU2-59P,Pseudogene,RNU2,1.545766509240956,0.146999999880791,0.4,0,9.660753484872435,-26.8713794183594
RNU2-5P,Pseudogene,RNU2,1.2542935432827758,0.30799999833107,1.5,0,11.910188054318896,-19.916244496222923
RNU2-60P,Pseudogene,RNU2,1.3025356026398056,0.306500002741814,0,0,-16.967783745742615,19.147004804672886
RNU2-61P,Pseudogene,RNU2,1.0911293006406748,0.207000002264977,0,0,7.4034921285982715,20.576129049548882
RNU2-62P,Pseudogene,RNU2,0.7637905104484723,0.164000004529953,0,0,-6.663548172169113,32.947843728773215
RNU2-63P,Pseudogene,RNU2,4.149832727006819,-0.462999999523163,44.96,0.41,4.616107902841908,4.814749901253818
RNU2-64P,Pseudogene,RNU2,1.618508462617001,0.206000000238419,0,0,-22.91332482873956,17.736150406583622
RNU2-65P,Pseudogene,RNU2,1.351820733550501,0.239999994635582,0.11,0,29.508122063261126,11.027869596480265
RNU2-66P,Pseudogene,RNU2,1.4886121173026348,0.243000000715256,0,0.01,-21.131896577399843,17.80825430859585
RNU2-68P,Pseudogene,RNU2,0.7819759987924836,0.252000004053116,0.71,0,-5.148589332483216,28.486488517274058
RNU2-69P,Pseudogene,RNU2,1.458839874956582,-0.198499999940395,0,0,9.500417951841648,23.891344612170865
RNU2-6P,Pseudogene,RNU2,1.078590884992962,0.28999999165535,2.27,0,7.790786680422554,20.95994182360504
RNU2-70P,Pseudogene,RNU2,0.8926128524607979,0.239999994635582,0,0,-6.301467637136195,26.343444962790407
RNU2-71P,Pseudogene,RNU2,1.157809424568716,-0.28999999165535,0,0,-15.58497966237433,31.32235512508184
RNU2-72P,Pseudogene,RNU2,0.9163031642292292,-0.0309999994933605,1.97,0,-13.4486905271695,35.77950121919053
RNU2-7P,Pseudogene,RNU2,1.1122775932654518,0.246999993920326,3.45,0,-10.717406465320998,22.86551799223434
RNU2-8P,Pseudogene,RNU2,1.0968720864335204,0.30799999833107,0,0,-9.724023237387788,22.3416627179123
RNU2-9P,Pseudogene,RNU2,0.6228216214921369,0.282999992370605,0,0,-4.770893849932871,31.62534517362963
RNU4-1,Functional,RNU4,4.5274340946928415,2.8840000629425,2273.06,1,4.830335591779558,6.657049528299638
RNU4-10P,Pseudogene,RNU4,0.9924080782017566,-0.20100000500679,0,0,-18.21836591423706,34.49896418876933
RNU4-11P,Pseudogene,RNU4,1.157809424568716,0.284000009298325,0,0,-11.267982025232882,21.828465545024365
RNU4-12P,Pseudogene,RNU4,1.4993215569954594,0.263999998569489,0,0,-21.114354829880202,17.56102352891276
RNU4-13P,Pseudogene,RNU4,1.3056148830242968,-0.136000007390976,0,0,-23.980234338271067,28.16530804806526
RNU4-14P,Pseudogene,RNU4,1.281182559973579,-0.201999999582767,0.23,0,10.455048217830502,23.448960137021306
RNU4-15P,Pseudogene,RNU4,1.133175181492786,0.379000008106232,0,0,-9.673083073517935,21.306851574435733
RNU4-16P,Pseudogene,RNU4,1.0592724522649954,-0.101000003516674,0,0.01,-14.359722639232677,31.288833628973887
RNU4-17P,Pseudogene,RNU4,1.0100039661131353,-0.0230000000447035,0,0,-14.796818703500719,34.942640798008476
RNU4-18P,Pseudogene,RNU4,1.0723335610099518,-0.172999992966652,0,0,11.619547749461846,-6.081056933427166
RNU4-2,Functional,RNU4,3.928567150950402,2.83999991416931,9032.84,1,5.018533968320127,6.769682990903729
RNU4-20P,Pseudogene,RNU4,1.265155993734027,0.30799999833107,0,0,-13.746714236960608,15.864412536603218
RNU4-21P,Pseudogene,RNU4,1.2680769888133556,0.30799999833107,1.24,0,19.071392093948088,20.48193236208186
RNU4-22P,Pseudogene,RNU4,1.067137602162732,0.238000005483627,0.58,0,11.930631514457087,-16.74500817583515
RNU4-23P,Pseudogene,RNU4,1.0420284821118444,0.305000007152557,0.74,0,-8.614212603848761,23.18646353958637
RNU4-24P,Pseudogene,RNU4,1.0745137825134128,0.0140000004321337,0.78,0,-17.71909489614536,29.227151850595288
RNU4-25P,Pseudogene,RNU4,1.3742694474228672,0.207000002264977,2.34,0,-19.56176740769048,19.686987399368494
RNU4-26P,Pseudogene,RNU4,1.5581734311952813,0.0890000015497208,0,0,-24.75897591876426,20.109732506023043
RNU4-27P,Pseudogene,RNU4,1.3743780939125043,0.282000005245209,0.46,0,-14.253766676153619,15.419030053830873
RNU4-28P,Pseudogene,RNU4,0.9853697230372052,0.187999993562698,0.14,0,19.104632924915293,21.617982533249563
RNU4-29P,Pseudogene,RNU4,0.9382248785298216,-0.0695000011473894,0.49,0,-13.980300724747034,35.98447172767015
RNU4-30P,Pseudogene,RNU4,1.2873545350099709,0.239999994635582,0.14,0,8.16487858244846,19.141922683783513
RNU4-31P,Pseudogene,RNU4,1.428786098403947,0.146999999880791,0,0,-21.049582776983367,19.980271900390644
RNU4-32P,Pseudogene,RNU4,1.2563463968724369,0.301999986171722,3.7,0,-15.597938049030526,-14.230139293138034
RNU4-33P,Pseudogene,RNU4,0.6946856547412297,0.300000011920929,0,0,-4.945410627091892,30.896987773249037
RNU4-34P,Pseudogene,RNU4,1.2605183251352958,0.214000001549721,0,0,18.871233923376366,19.3264191096703
RNU4-35P,Pseudogene,RNU4,1.2563463968724369,0.282999992370605,0,0,-13.727611643680332,15.820013456244785
RNU4-36P,Pseudogene,RNU4,1.399019721353865,0.30799999833107,0.75,0,-19.121295576695207,17.769687524474122
RNU4-37P,Pseudogene,RNU4,1.364561107527415,-0.119500000029802,0,0,-24.995461129849932,24.853253076704924
RNU4-38P,Pseudogene,RNU4,0.7808482165695992,-0.0930000022053719,5.73,0,-10.223873214750405,36.68198997731782
RNU4-39P,Pseudogene,RNU4,1.0939931570728023,0.207000002264977,2.41,0,29.77979689037791,10.885834208260802
RNU4-40P,Pseudogene,RNU4,1.0687471611403534,-0.0790000036358833,0.84,0.01,-14.4020145508477,31.237929357779315
RNU4-41P,Pseudogene,RNU4,1.2873545350099709,-0.0879999995231628,0.86,0,-23.35753332187742,27.183976572657016
RNU4-42P,Pseudogene,RNU4,0.8805874496719812,0.189999997615814,0,0,22.609492612856307,-3.6717589799131813
RNU4-43P,Pseudogene,RNU4,1.2169675703495997,-0.398999989032745,0,0,-22.656935089088275,32.44640994761417
RNU4-44P,Pseudogene,RNU4,0.7636615353538341,0.30799999833107,0,0,-4.910696751569505,28.692598337876515
RNU4-45P,Pseudogene,RNU4,1.4534203414798776,0.0035000001080334,0,0,-30.405258545110996,21.312890400888055
RNU4-46P,Pseudogene,RNU4,1.4095071255619152,0.30799999833107,13.15,0,9.56390320782396,-24.118129118286003
RNU4-47P,Pseudogene,RNU4,1.4929647843122915,0.30799999833107,0.66,0,11.889450960311267,13.208496179040848
RNU4-48P,Pseudogene,RNU4,0.7633908293859666,-0.10249999910593,0.43,0,-9.950363155486906,36.80330243230833
RNU4-49P,Pseudogene,RNU4,1.5382325212127226,-0.105000000447035,0,0,-26.58328600623391,21.478951748813216
RNU4-4P,Pseudogene,RNU4,1.1489031982258795,0.0850000008940697,0.52,0,-17.26226067212038,26.269400019203815
RNU4-50P,Pseudogene,RNU4,1.2563463968724369,-0.158000007271767,0.64,0,-23.554325909440013,29.31117202843339
RNU4-51P,Pseudogene,RNU4,0.6450652508311419,0.30799999833107,0.93,0,-4.783229373328283,31.370132780787877
RNU4-52P,Pseudogene,RNU4,0.7802628730789173,0.211999997496605,0.55,0,17.404098945511944,29.86817935860345
RNU4-53P,Pseudogene,RNU4,1.0420284821118444,0.203999996185303,1.17,0,31.37611676544182,-17.198635362219854
RNU4-54P,Pseudogene,RNU4,1.1308836239973503,0.115000002086163,0,0,-16.591831507901148,25.894318317084572
RNU4-55P,Pseudogene,RNU4,0.9887861509090494,0.305000007152557,0,0,-7.303214187220023,24.212574359748963
RNU4-56P,Pseudogene,RNU4,0.8805874496719812,0.30799999833107,1.02,0,-5.594441404229481,26.29751255931366
RNU4-57P,Pseudogene,RNU4,0.7461438513887281,0.0689999982714653,0,0,-7.817746713768426,34.51154210184654
RNU4-58P,Pseudogene,RNU4,1.4041518553280172,0.30799999833107,0,0,-19.2342837536959,17.711815451702634
RNU4-59P,Pseudogene,RNU4,0.9282437628007808,-0.0815000012516975,2.33,0,-13.863584950308937,36.167369527005945
RNU4-5P,Pseudogene,RNU4,1.260725817863713,0.151999995112419,0.59,0,-17.322415077826914,22.580207695675792
RNU4-60P,Pseudogene,RNU4,1.36364221115871,-0.0759999975562096,0.96,0,-24.486444757415263,24.87688661713953
RNU4-61P,Pseudogene,RNU4,0.7141628226311706,0.347000002861023,0,0,25.142650414023684,-4.229679486633098
RNU4-62P,Pseudogene,RNU4,1.442808667539477,0.0549999997019768,0.98,0,5.293087331054191,-23.078250405488628
RNU4-63P,Pseudogene,RNU4,1.707278304025056,0.819499999284744,0,0.56,-22.057298234047096,15.738135843405265
RNU4-64P,Pseudogene,RNU4,0.7954415893983545,-0.216999992728233,0,0,-10.71095491575832,38.218989275917664
RNU4-65P,Pseudogene,RNU4,1.5382325212127226,-0.207000002264976,0,0,-27.52293418076867,21.677311588229742
RNU4-66P,Pseudogene,RNU4,1.2584885049659955,-0.0054999999701976,0,0,-21.73977040792553,26.346602023858104
RNU4-67P,Pseudogene,RNU4,1.0839066953409258,0.282999992370605,0,0,-9.669837760890701,22.811956302815542
RNU4-68P,Pseudogene,RNU4,1.108540938416856,0.204999998211861,0.73,0,11.582515203713127,18.098488047622183
RNU4-69P,Pseudogene,RNU4,1.4816722006718532,0.0979999974370003,0,0,-23.85954476851006,20.425511433292137
RNU4-6P,Pseudogene,RNU4,0.8541217066490528,0.305000007152557,0,0,-5.371556243175651,26.809885113847507
RNU4-70P,Pseudogene,RNU4,1.1244911677465947,0.30799999833107,0,0,-10.291589000909942,21.972701578274553
RNU4-71P,Pseudogene,RNU4,0.9836257058282896,-0.0240000002086162,0,0,-14.394896390594,35.26035096887396
RNU4-72P,Pseudogene,RNU4,1.2247348248328036,0.194999992847443,0.11,0,-16.474348373204588,22.10839202748985
RNU4-73P,Pseudogene,RNU4,1.3056148830242968,0.414000004529953,0,0,-16.670991190609918,17.93199265908965
RNU4-74P,Pseudogene,RNU4,1.0787044328279962,0.305000007152557,0,0,-9.366717053894812,22.637979438659656
RNU4-75P,Pseudogene,RNU4,0.8088805568904728,0.30799999833107,0,0,-5.055827616696136,27.7029027520748
RNU4-76P,Pseudogene,RNU4,1.0346382091890651,0.239999994635582,0,0,-9.34562337143795,24.08611272495874
RNU4-77P,Pseudogene,RNU4,0.4898424488559952,-0.0195000004023314,0,0,-6.780939772866433,36.898711828929585
RNU4-78P,Pseudogene,RNU4,1.461045226241475,-0.0819999985396862,2.87,0,-26.02314464766051,22.425313521137234
RNU4-79P,Pseudogene,RNU4,0.8621985076575545,0.214000001549721,0,0,-6.223957437903343,27.007367951386854
RNU4-7P,Pseudogene,RNU4,1.157809424568716,0.30799999833107,0,0,-11.011364366770673,21.603981331118202
RNU4-80P,Pseudogene,RNU4,1.4780545845558075,0.30799999833107,1.04,0.01,-20.587354555784007,17.255568606074966
RNU4-81P,Pseudogene,RNU4,0.603025741962873,0.0179999992251396,0,0,-7.062915990453135,36.20336748115189
RNU4-82P,Pseudogene,RNU4,1.3149407036173275,-0.0274999998509884,1.17,0,-23.043775523384294,25.587047282394913
RNU4-83P,Pseudogene,RNU4,1.2013360946652842,0.30799999833107,0,0,9.371327514630728,-20.350654721868118
RNU4-84P,Pseudogene,RNU4,0.6746947006479569,0.30799999833107,0,0,-4.888667512986289,31.089674710357812
RNU4-85P,Pseudogene,RNU4,1.4402019671464517,0.26800000667572,1.28,0,-20.213085163369456,17.78649977751722
RNU4-86P,Pseudogene,RNU4,2.236316833756013,0.140000000596046,0.11,0.56,19.338340141031253,8.795787768261949
RNU4-87P,Pseudogene,RNU4,0.6353832207999052,0.207999996840954,1.11,0,-5.3097572439123955,32.25461279846834
RNU4-88P,Pseudogene,RNU4,1.37321582913964,0.282000005245209,0,0,-18.755101434482818,18.42524387903639
RNU4-89P,Pseudogene,RNU4,1.331916104954989,0.0579999983310699,0.53,0,-21.63066508101982,24.24103975914068
RNU4-8P,Pseudogene,RNU4,0.7390272922779039,0.301999986171722,0,0,23.765353972996646,-3.5635748296374117
RNU4-90P,Pseudogene,RNU4,1.133175181492786,0.214000001549721,0,0,11.457954011642782,17.961072205302553
RNU4-91P,Pseudogene,RNU4,1.3379131128349608,-0.0350000001490116,0.5,0.03,-23.56343850963159,25.28902752727949
RNU4-92P,Pseudogene,RNU4,1.0726763786445457,0.296999990940094,0,0.01,-9.2887275261955,22.821707824172588
RNU4-9P,Pseudogene,RNU4,1.1994572455963677,0.30799999833107,6.92,0.03,-13.45500562216811,16.01280899374352
RNU5A-1,Functional,RNU5,4.126551538847475,1.55200004577637,3.54,0.98,4.639661941507589,5.654114438742525
RNU5A-2P,Pseudogene,RNU5,0.9282437628007808,-0.0169999997597188,0,0,-13.576584138020266,35.60772590555936
RNU5A-3P,Pseudogene,RNU5,1.310152769906705,0.30799999833107,0,0,10.58180667700207,17.456714014347583
RNU5A-4P,Pseudogene,RNU5,1.2829780110085771,0.0099999997764825,0,0,-22.00431957592088,25.64701561903187
RNU5A-5P,Pseudogene,RNU5,0.898300415613659,0.193999998271465,0,0,-6.7004892632931154,26.407995860727826
RNU5A-6P,Pseudogene,RNU5,1.0779604987363909,-0.109000001102686,0,0,-18.81419967578391,32.019053296865685
RNU5A-7P,Pseudogene,RNU5,0.9881304571750248,0.340000003576279,0,0.01,-9.31664499867519,27.737690276581713
RNU5A-8P,Pseudogene,RNU5,4.143738993193299,0.683499991893768,0,0.88,4.6615944386832,5.086008298026478
RNU5B-1,Functional,RNU5,4.215613802275837,2.5200001001358,17.2,1,4.620126457504184,6.331509591489306
RNU5B-2P,Pseudogene,RNU5,1.2602704355924963,0.214000001549721,1.4,0,-16.77901417271671,21.587558197119957
RNU5B-3P,Pseudogene,RNU5,1.3893713094824591,0.305000007152557,0.98,0.01,-18.935211372992914,17.93318537080459
RNU5B-4P,Pseudogene,RNU5,0.7510115186391672,0.282999992370605,0.69,0,25.02732194665027,-4.747852857231493
RNU5B-6P,Pseudogene,RNU5,1.6345544817440696,0.140000000596046,0,0,-24.22620440732365,18.629066773703087
RNU5D-1,Functional,RNU5,5.142035973819886,2.70050001144409,6.68,0.99,4.571095170359317,6.385503631473883
RNU5D-2P,Pseudogene,RNU5,0.4168113928447378,0.0230000000447035,1.19,0.01,-6.484138513922005,36.895332940754514
RNU5E-1,Functional,RNU5,5.425437551491421,1.02399998903275,6.33,0.99,4.816749337283171,5.673626945994449
RNU5E-10P,Pseudogene,RNU5,1.5600991398849648,0.310999989509583,0.63,0,9.188757414061406,-27.124920581088503
RNU5E-3P,Pseudogene,RNU5,1.2769956888625544,-0.237499997019768,0,0,-24.21779409117724,29.9810188061497
RNU5E-4P,Pseudogene,RNU5,3.9365520435336334,0.38400000333786,0,0.83,4.672141216194845,4.867879213897034
RNU5E-5P,Pseudogene,RNU5,1.3474506234204884,0.206000000238419,0,0,10.061664800152114,17.645563556787195
RNU5E-6P,Pseudogene,RNU5,4.288928824924113,0.725000023841858,2.52,0.92,4.659983412157926,5.16333469910135
RNU5E-7P,Pseudogene,RNU5,1.454683635996592,0.354999989271164,0,0,-20.120200003688456,17.00779719963446
RNU5E-8P,Pseudogene,RNU5,1.3474506234204884,0.194999992847443,0,0,9.879270176238888,-23.432347348066635
RNU5E-9P,Pseudogene,RNU5,0.5677719293558127,-0.145500004291534,0,0,-7.931663825225386,37.590735781514546
RNU5F-1,Functional,RNU5,4.92811190970274,-0.423000007867813,3.73,0.51,4.639009219494398,5.003118719439668
RNU5F-2P,Pseudogene,RNU5,0.5930243394132448,-0.283500000834465,0,0,-8.777353959140477,38.20328905968699
RNU5F-3P,Pseudogene,RNU5,1.2468716879970787,0.0829999968409538,0,0,-18.49836215026957,24.82169108297717
RNU5F-4P,Pseudogene,RNU5,0.8531227338927381,0.284000009298325,0.33,0,21.43590110964401,21.972243777866932
RNU5F-6P,Pseudogene,RNU5,1.4073373177947324,0.0850000008940697,0,0,-21.421098540271842,21.13491908040877
RNU5F-7P,Pseudogene,RNU5,0.8155005512179653,-0.0810000002384186,0,0,-10.82068159165723,36.489475455606716
RNU5F-8P,Pseudogene,RNU5,0.7197193720292019,0.284000009298325,0,0,25.356857190654257,-4.715996604403246
RNU6-1,Functional,RNU6,3.733123845572029,2.71600008010864,0.98,0.97,11.709745956038734,6.450213131503654
RNU6-1000P,Pseudogene,RNU6,1.2779594591937713,0.0480000004172325,0,0,-11.336069673981186,-17.833032799902874
RNU6-1001P,Pseudogene,RNU6,0.9030913511635984,-0.211000002920628,0,0,-12.705223528170343,38.08278524205396
RNU6-1003P,Pseudogene,RNU6,1.0254883474751486,0.30799999833107,0,0,9.564224635152497,20.81076127491011
RNU6-1004P,Pseudogene,RNU6,1.032640838128855,0.264999985694885,0.5,0,13.569460130711162,-16.820750496789948
RNU6-1005P,Pseudogene,RNU6,1.168630073396461,-0.245000004768372,0.71,0,-7.968323165486479,-10.41043379529674
RNU6-1006P,Pseudogene,RNU6,1.0116781379726645,-0.0579999983310699,0,0,-6.354764926151862,-4.004655151225083
RNU6-1007P,Pseudogene,RNU6,0.8440106085641107,0.211999997496605,0,0,23.78862148647508,20.662999986204543
RNU6-1008P,Pseudogene,RNU6,0.9351537659978092,0.30799999833107,0,0,-16.402020165767002,-6.1321451602954085
RNU6-1009P,Pseudogene,RNU6,1.103706180429991,-0.111000001430511,0,0,14.006541408290508,-7.342259849683142
RNU6-100P,Pseudogene,RNU6,1.1141185028868776,-0.247500002384186,2.87,0,11.942257849077102,-6.649241635016267
RNU6-1010P,Pseudogene,RNU6,1.168630073396461,0.30799999833107,4.23,0,11.866699512994627,14.478635562271272
RNU6-1011P,Pseudogene,RNU6,1.4607875917455764,0.214000001549721,0.54,0,-19.03186949216971,-30.6969872202773
RNU6-1012P,Pseudogene,RNU6,0.9878557475678036,0.465000003576279,0,0,-7.060326603068825,21.592060296309224
RNU6-1013P,Pseudogene,RNU6,0.9089345015305808,0.305000007152557,0,0,-23.750244435095727,-4.623941945848522
RNU6-1014P,Pseudogene,RNU6,1.0454007425717533,0.425999999046326,0,0,-29.106452989377452,-12.874947605279914
RNU6-1015P,Pseudogene,RNU6,0.912213486023837,0.224000006914139,0,0,24.319863260186768,-9.392967959814163
RNU6-1016P,Pseudogene,RNU6,1.108540938416856,0.0535000003874302,13.54,0,-2.7359840780254867,-6.935155655826268
RNU6-1017P,Pseudogene,RNU6,0.8192047815344689,0.289000004529953,0,0,25.125327712342095,-9.003325738490222
RNU6-1018P,Pseudogene,RNU6,1.1141185028868776,0.30799999833107,0,0,-26.44143283848633,-16.820599313319033
RNU6-1019P,Pseudogene,RNU6,1.3958636987791062,0.090999998152256,0.21,0,-18.02495457429196,-28.934720484104147
RNU6-101P,Pseudogene,RNU6,1.0687471611403534,-0.0679999999701977,9.56,0,-0.5602710343641559,-5.7743044339403395
RNU6-1020P,Pseudogene,RNU6,1.103706180429991,0.305000007152557,0.36,0,16.484677042595607,18.928894109652024
RNU6-1021P,Pseudogene,RNU6,1.168630073396461,-0.160999998450279,0,0,1.2487292785981168,-8.86889395940694
RNU6-1022P,Pseudogene,RNU6,1.4695273465679857,0.287000000476837,0.09,0,20.669068988013855,12.218768619169442
RNU6-1023P,Pseudogene,RNU6,1.2124230766710138,0.201999992132187,0,0,-14.276769334544124,-16.034369389167725
RNU6-1024P,Pseudogene,RNU6,1.136168126913226,-0.090999998152256,1.28,0,15.30640489536738,-9.099230403984594
RNU6-1025P,Pseudogene,RNU6,1.0687471611403534,0.0549999997019768,0.27,0,15.941061939854437,-7.544948764420601
RNU6-1026P,Pseudogene,RNU6,1.157809424568716,0.0200000004842877,0,0,-10.377536868703123,-8.283553864821274
RNU6-1027P,Pseudogene,RNU6,0.7466247691144057,0.204999998211861,0,0,27.91115152396197,-11.738033970056422
RNU6-1028P,Pseudogene,RNU6,1.0457633512233564,0.30799999833107,0,0,20.40101398877516,18.51033131167769
RNU6-1029P,Pseudogene,RNU6,0.8764725550473457,-0.157000005245209,0.33,0,-11.187159546540563,-5.681577237844402
RNU6-102P,Pseudogene,RNU6,0.9351537659978092,0.100500002503395,0,0,-21.00606188292087,-5.732642535509088
RNU6-1031P,Pseudogene,RNU6,1.136168126913226,0.30799999833107,0,0,-28.185291407183055,-17.219334513576083
RNU6-1032P,Pseudogene,RNU6,1.4607875917455764,0.305000007152557,0,0,-12.005434617931346,-26.925396481269868
RNU6-1034P,Pseudogene,RNU6,1.1692728842179114,0.231000006198883,0,0,-23.138932576739673,-15.78564262809334
RNU6-1035P,Pseudogene,RNU6,1.5581734311952813,0.296999990940094,0,0,27.896239746983166,-24.08797263745674
RNU6-1036P,Pseudogene,RNU6,0.9351537659978092,0.204999998211861,0,0,26.737395953397996,-13.247628829029338
RNU6-1037P,Pseudogene,RNU6,1.4283256452623412,0.284000009298325,0,0,-12.001983081186859,-25.541068726473572
RNU6-1038P,Pseudogene,RNU6,1.2023405562828977,0.202999994158745,0,0,-25.680252560663025,-23.70887240773855
RNU6-1039P,Pseudogene,RNU6,1.201092019879696,-0.096000000834465,0.3,0,-1.9644415564533728,-12.001262542410757
RNU6-103P,Pseudogene,RNU6,1.201092019879696,-0.120999999344349,0.61,0,15.307032534550489,-9.5683888216964
RNU6-1040P,Pseudogene,RNU6,1.266015912846166,0.305000007152557,0,0,-18.05426950766698,-18.663699422375945
RNU6-1041P,Pseudogene,RNU6,1.2940222980473886,0.305000007152557,0,0,10.633728850437855,18.19942707453817
RNU6-1042P,Pseudogene,RNU6,0.7141628226311706,0.30799999833107,0,0,-23.41962734463678,0.868920106969402
RNU6-1043P,Pseudogene,RNU6,1.6840864357363143,-0.200000002980232,0.27,0,-1.4652358545320403,-25.089385950899445
RNU6-1044P,Pseudogene,RNU6,1.2335539663629311,0.186000004410744,0,0,-20.627543041326433,-20.003601167310542
RNU6-1045P,Pseudogene,RNU6,0.7141628226311706,-0.0280000008642673,0.71,0,-14.107684246775907,2.3919910033576612
RNU6-1046P,Pseudogene,RNU6,1.168630073396461,0.0280000008642673,0.38,0,17.311046268791387,-10.945984944166463
RNU6-1047P,Pseudogene,RNU6,0.7790867155976406,0.30799999833107,0,0,-25.991970020930452,0.6899688341820878
RNU6-1048P,Pseudogene,RNU6,1.2335539663629311,0.30799999833107,3.73,0,-23.698238845209747,-21.979296526021596
RNU6-1049P,Pseudogene,RNU6,0.8115486620808757,-0.0509999990463257,0.27,0,-9.737747138071366,1.2888710865479205
RNU6-104P,Pseudogene,RNU6,1.3634017522958712,-0.0140000004321337,0,0,-3.9044407961050216,-18.73880057221693
RNU6-1050P,Pseudogene,RNU6,1.201092019879696,0.273000001907349,0,0,22.070612564528894,-19.68498384094667
RNU6-1051P,Pseudogene,RNU6,0.6470111490236943,0.30799999833107,0,0,-21.939091167255775,1.0974582612113803
RNU6-1052P,Pseudogene,RNU6,1.001950463569081,0.256999999284744,0,0,-27.45686005981179,-8.75180896133399
RNU6-1053P,Pseudogene,RNU6,1.1348825052703255,0.0659999996423721,4.35,0,-1.9514675886589758,-7.343220101106461
RNU6-1054P,Pseudogene,RNU6,1.3359339514254416,0.262500002980232,0,0,-14.858461320889257,-22.23129891871637
RNU6-1055P,Pseudogene,RNU6,1.330939805812636,0.282000005245209,0,0,-21.376879942366457,-25.007966397418816
RNU6-1056P,Pseudogene,RNU6,0.5518530902149955,0.30799999833107,0.21,0,20.34032492896549,29.2740612360549
RNU6-1057P,Pseudogene,RNU6,1.2599690796777203,0.282000005245209,0,0,18.817144417287082,19.324232750176815
RNU6-1059P,Pseudogene,RNU6,1.205066952102133,0.947000026702881,0,0.5,-6.665812749689341,16.571053279237017
RNU6-105P,Pseudogene,RNU6,1.2023405562828977,-0.0989999994635582,0,0,-2.2856486347383456,-12.212668751220013
RNU6-1060P,Pseudogene,RNU6,1.136168126913226,0.486000001430511,0,0.04,-31.505741595686075,-16.329207023254305
RNU6-1061P,Pseudogene,RNU6,1.4034053631135952,0.152999997138977,0,0,-12.59383928472799,-22.415153136497647
RNU6-1062P,Pseudogene,RNU6,0.9738583944970508,0.305999994277954,5.93,0,-22.35667407149061,-6.439304974920621
RNU6-1064P,Pseudogene,RNU6,1.636519090496166,0.30799999833107,0,0,8.321651014124605,-28.467525509292315
RNU6-1065P,Pseudogene,RNU6,1.0158139291027417,0.26800000667572,0.61,0,26.13686390393341,-14.631937652077932
RNU6-1066P,Pseudogene,RNU6,1.2570502323888917,0.30799999833107,0,0,9.313829815368832,-21.222347850867372
RNU6-1067P,Pseudogene,RNU6,1.136168126913226,0.214000001549721,0,0,26.293098600614993,-17.708814833711084
RNU6-1068P,Pseudogene,RNU6,1.0116781379726645,-0.216000005602837,0,0,-5.49744544900868,-2.625565559363009
RNU6-1069P,Pseudogene,RNU6,1.305800102897048,0.206000000238419,0,0,21.016303029921556,13.44622227841927
RNU6-106P,Pseudogene,RNU6,1.006320340980286,0.349000006914139,0,0,23.96725832049581,15.730376742636787
RNU6-1071P,Pseudogene,RNU6,0.0687807578951712,0.252999991178513,0,0.26,-18.891569713910553,5.738445188754282
RNU6-1072P,Pseudogene,RNU6,1.3958636987791062,0.136999994516373,0,0,26.138972148224767,-23.033921834320385
RNU6-1073P,Pseudogene,RNU6,1.3107276504551504,0.0284999995492399,0,0,-4.95184644466985,-17.319113952325196
RNU6-1074P,Pseudogene,RNU6,0.834958719640901,0.282000005245209,0,0,-26.330946126641532,-0.020958367695337748
RNU6-1075P,Pseudogene,RNU6,1.6880212171282214,0.214000001549721,0,0,-5.406421791957235,-28.758935057770803
RNU6-1076P,Pseudogene,RNU6,0,0.254999995231628,0.07,0.26,-19.07676396037496,5.873021994960457
RNU6-1077P,Pseudogene,RNU6,2.00913988381042,0.277999997138977,0,0.61,2.2127995044883133,-30.81565442006299
RNU6-1078P,Pseudogene,RNU6,0.6744520919817764,0.574000000953674,0,0.43,-21.731950043980763,0.39324982413776327
RNU6-1079P,Pseudogene,RNU6,1.168334964792068,-0.0470000002533197,1.39,0,-9.997823212274655,-9.217270361084717
RNU6-107P,Pseudogene,RNU6,0.8513304592417029,-0.12049999833107,13.92,0,-8.579491700866923,0.676080226397746
RNU6-1080P,Pseudogene,RNU6,1.330939805812636,-0.244000002741814,0,0,0.3634837400823455,-16.975906318854417
RNU6-1081P,Pseudogene,RNU6,1.0712442339467558,-0.0439999997615814,0,0,-7.122390140549208,-6.339624232383429
RNU6-1082P,Pseudogene,RNU6,1.5257114847120463,0.30799999833107,0.26,0,-19.051077942997882,-31.836991501451052
RNU6-1083P,Pseudogene,RNU6,1.3958636987791062,0.061999998986721,0.87,0,23.541261967270906,12.762576148607836
RNU6-1084P,Pseudogene,RNU6,1.330939805812636,-0.0419999994337559,0.36,0,14.31821042897907,-10.660634067773644
RNU6-1085P,Pseudogene,RNU6,1.6230973241617517,0.184000000357628,0,0,21.25086583658997,10.507333864945037
RNU6-1086P,Pseudogene,RNU6,1.076762764848906,0.218999996781349,0,0,-24.732926155119927,-13.95292109535534
RNU6-1087P,Pseudogene,RNU6,0.928540231584812,0.305000007152557,0,0,-21.668734347026586,-5.023024344218115
RNU6-1088P,Pseudogene,RNU6,1.1021455099259891,0.0769999995827675,7.62,0,15.43943645888554,20.302346530021644
RNU6-1089P,Pseudogene,RNU6,0.6011702781414487,0.284000009298325,0.58,0,-22.552275524771385,3.537878359035203
RNU6-108P,Pseudogene,RNU6,0.9089345015305808,0.30799999833107,0,0,-26.070163242324714,-2.944050755535184
RNU6-1090P,Pseudogene,RNU6,0.9607354799612752,0.266999989748001,0,0,-23.249337153870073,-6.016738003831397
RNU6-1091P,Pseudogene,RNU6,1.266015912846166,0.319999992847443,0.61,0,19.870480752950908,13.814978622154953
RNU6-1092P,Pseudogene,RNU6,1.1178849616525537,0.26800000667572,0,0,16.720253237534536,18.872280115176704
RNU6-1093P,Pseudogene,RNU6,0.9089345015305808,0.239999994635582,0,0,20.077464254082884,26.195834702160557
RNU6-1094P,Pseudogene,RNU6,1.3693323002110775,-0.0515000000596046,0,0,-5.131003746132563,-20.47508969733418
RNU6-1095P,Pseudogene,RNU6,0.9970025600452832,0.27700001001358,1.26,0,23.34297902516804,16.401346628368373
RNU6-1096P,Pseudogene,RNU6,0.5448514939146899,-0.193000003695488,0.25,0,-12.281964566700882,4.012517108890895
RNU6-1097P,Pseudogene,RNU6,1.2335539663629311,0.202999994158745,0,0,-21.508579445822992,-22.115402664689316
RNU6-1098P,Pseudogene,RNU6,1.1939909690864885,0.305000007152557,3,0,-22.98280498471522,-18.89735463461974
RNU6-1099P,Pseudogene,RNU6,0.9738583944970508,0.214000001549721,9.26,0,-15.752359811289624,-6.37569311079253
RNU6-109P,Pseudogene,RNU6,0,0.221000000834465,0,0.26,-19.033192094305857,5.856991750493991
RNU6-10P,Pseudogene,RNU6,1.4607875917455764,0.136999994516373,1.19,0,21.11913001656208,12.761983521544103
RNU6-1100P,Pseudogene,RNU6,0.801560370855265,0.234999999403954,0.07,0,-25.184587600716622,-0.15693468852743775
RNU6-1101P,Pseudogene,RNU6,1.5437458994249549,0.146999999880791,0.41,0,18.726712926180515,10.795667878725242
RNU6-1102P,Pseudogene,RNU6,0.6150862568021305,0.116500001400709,0,0,-15.671432950942485,2.4258884101332288
RNU6-1103P,Pseudogene,RNU6,1.266015912846166,0.214000001549721,0,0,-20.93749535569859,-21.94430632725472
RNU6-1104P,Pseudogene,RNU6,1.5697223929248938,0.214000001549721,0,0,24.743747784574868,-24.777271612100552
RNU6-1105P,Pseudogene,RNU6,1.3958636987791062,0.186000004410744,0,0,21.600183789680255,-22.572615983019894
RNU6-1106P,Pseudogene,RNU6,1.298477859329401,0.214000001549721,0,0,20.23963754741078,13.59562534187207
RNU6-1107P,Pseudogene,RNU6,1.2023405562828977,-0.100499998778105,0,0,-3.596812818897664,-12.868685301226686
RNU6-1108P,Pseudogene,RNU6,1.135543858711625,-0.285500004887581,0,0,-7.511651033139857,-10.780987867469166
RNU6-1109P,Pseudogene,RNU6,1.0712442339467558,0.197999998927116,0,0.01,-10.403663172503363,24.189921145360888
RNU6-110P,Pseudogene,RNU6,0.9017554172121732,0.214000001549721,0.12,0,-16.268076424726512,-5.945146464573497
RNU6-1110P,Pseudogene,RNU6,1.3068344000082537,0.0750000029802322,0,0,-21.253427357247798,24.24921098359173
RNU6-1111P,Pseudogene,RNU6,1.201092019879696,-0.180000007152557,0,0,-2.663180972869814,-12.799671115198535
RNU6-1112P,Pseudogene,RNU6,1.473575631269275,-0.0719999969005585,0,0,-1.4756131689601861,-20.01969658106195
RNU6-1113P,Pseudogene,RNU6,1.136168126913226,0.30799999833107,0,0,28.888711698804215,-20.175853285651524
RNU6-1114P,Pseudogene,RNU6,1.3634017522958712,0.0240000002086162,0,0.01,23.781016994291683,9.573848761324872
RNU6-1115P,Pseudogene,RNU6,1.1141185028868776,-0.193500004708767,0,0,2.155941126469504,-7.673028852899568
RNU6-1116P,Pseudogene,RNU6,0.912213486023837,0.294999986886978,0,0,-23.229770654972302,-4.8537690318546565
RNU6-1117P,Pseudogene,RNU6,1.4361289977823497,0.0435000006109476,0,0,-16.47046960372924,-29.90080187020881
RNU6-1118P,Pseudogene,RNU6,1.3359339514254416,0.262500002980232,1.45,0,-15.091934309968115,-22.555477848739958
RNU6-1119P,Pseudogene,RNU6,1.318616289092149,0.0485000004991889,0,0,-10.381358778482431,-18.1992752136384
RNU6-111P,Pseudogene,RNU6,0.7939264625614052,-0.0099999997764825,0,0,-10.372192583276684,1.140469987093262
RNU6-1120P,Pseudogene,RNU6,1.318616289092149,-0.136999994516373,0,0,-0.06923039808662788,-17.069713120409737
RNU6-1121P,Pseudogene,RNU6,0.9878557475678036,0.261999994516373,0.88,0,22.70743571264344,22.40548334501189
RNU6-1122P,Pseudogene,RNU6,0.9738583944970508,0.152999997138977,0,0,23.533708302879152,16.65875863120695
RNU6-1123P,Pseudogene,RNU6,1.2451912679323929,0.301999986171722,0,0,-25.384907134023482,-26.322874783369357
RNU6-1124P,Pseudogene,RNU6,1.168630073396461,0.30799999833107,0,0,-26.318727771833245,-27.21129045977385
RNU6-1125P,Pseudogene,RNU6,1.2335539663629311,0.243000000715256,0,0,-20.034767116618426,-19.161639151656402
RNU6-1126P,Pseudogene,RNU6,1.168630073396461,0.287999987602234,0,0,21.65993120923137,-19.71012101963672
RNU6-1127P,Pseudogene,RNU6,1.006320340980286,-0.133000001311302,0,0,-11.121722525443415,-5.90788204116991
RNU6-1128P,Pseudogene,RNU6,1.1790536341938302,-0.0900000035762787,0,0,-0.4136989628507477,-9.481877600478924
RNU6-1129P,Pseudogene,RNU6,1.3693323002110775,-0.206500001251698,0,0,-0.10728472565551678,-17.814547163189353
RNU6-112P,Pseudogene,RNU6,1.1689422074972615,-0.17399999499321,8.06,0,1.4451180610834602,-8.868816065198875
RNU6-1130P,Pseudogene,RNU6,1.103706180429991,0.153999999165535,0.72,0,-26.744194678038625,-14.204819737026648
RNU6-1131P,Pseudogene,RNU6,1.266015912846166,0.446000009775162,0.16,0,26.20029784494409,-20.732417491082302
RNU6-1132P,Pseudogene,RNU6,1.0712442339467558,-0.310999989509583,0,0.01,-20.388270647906854,33.71512506556491
RNU6-1133P,Pseudogene,RNU6,1.146231330323029,0.294999986886978,0,0,23.090263238496053,15.808995762016012
RNU6-1134P,Pseudogene,RNU6,0.9629306105323976,0.214000001549721,0,0,-25.63318804710061,-6.156360367176473
RNU6-1135P,Pseudogene,RNU6,1.3489041839635527,0.214000001549721,0.25,0,-14.87122756853217,-16.726009646906437
RNU6-1136P,Pseudogene,RNU6,0.868357068426537,-0.116500001400709,1.11,0,-8.35610576857001,0.6212183678012978
RNU6-1137P,Pseudogene,RNU6,1.0876391564130363,-0.130999997258186,0,0,17.082654712503416,-9.636312007223596
RNU6-1138P,Pseudogene,RNU6,0.9830457378413626,-0.11599999666214,0.37,0,16.977527158968574,22.742074085625106
RNU6-113P,Pseudogene,RNU6,0.9629306105323976,0.307000011205673,0,0,25.2559103787791,-12.002120282163242
RNU6-1140P,Pseudogene,RNU6,0.7536683990117115,-0.341000005602837,0,0,-9.558316546992907,4.184479205452197
RNU6-1141P,Pseudogene,RNU6,1.4607875917455764,0.163000002503395,0,0,-13.269373893326728,-28.78798482302454
RNU6-1143P,Pseudogene,RNU6,1.3693323002110775,0.211999997496605,0,0,-19.421266724103067,19.67396419368429
RNU6-1144P,Pseudogene,RNU6,0.9685521147834452,0.30799999833107,0,0,26.76753141100085,-14.699935184276258
RNU6-1145P,Pseudogene,RNU6,1.330939805812636,0.284000009298325,0.21,0,27.5779952224206,-22.17605861976476
RNU6-1146P,Pseudogene,RNU6,1.0897029878293798,0.184000000357628,0,0,-24.152521243978768,-14.077535848985853
RNU6-1147P,Pseudogene,RNU6,0.8764725550473457,-0.17399999499321,0.24,0,16.918101324998474,-5.197818396389999
RNU6-1148P,Pseudogene,RNU6,1.001950463569081,0.211999997496605,0,0,-27.676028898894362,-8.110016485794052
RNU6-1149P,Pseudogene,RNU6,1.0384476282214257,0.211999997496605,0,0,23.583641080031086,-10.645496922897491
RNU6-114P,Pseudogene,RNU6,0.7939264625614052,0.30799999833107,0,0,-26.17271609423558,0.563525917465264
RNU6-1150P,Pseudogene,RNU6,1.0525540223351963,0.194000005722046,0,0,-10.210046578157277,24.385998705467465
RNU6-1151P,Pseudogene,RNU6,1.9152548425108664,0.206000000238419,0,0.45,20.14518920986995,9.159762189467573
RNU6-1152P,Pseudogene,RNU6,1.201092019879696,-0.129999995231628,0,0,-9.603539561854415,-9.786160955080925
RNU6-1153P,Pseudogene,RNU6,1.819414810036554,-0.171000003814697,0.29,0.01,-1.1898381134284315,-25.86853829670416
RNU6-1154P,Pseudogene,RNU6,1.3693323002110775,0.30799999833107,0.18,0,22.582939127601517,-22.93196111507588
RNU6-1155P,Pseudogene,RNU6,1.201092019879696,0.228000000119209,0,0,18.304804743552218,17.381976942068757
RNU6-1156P,Pseudogene,RNU6,1.076762764848906,0.30799999833107,0.58,0,-22.19038148731932,-12.282618033439855
RNU6-1157P,Pseudogene,RNU6,1.2124230766710138,0.0399999991059303,3.68,0,18.728427258884853,-13.263387236726897
RNU6-1158P,Pseudogene,RNU6,1.168630073396461,0.30799999833107,0,0,28.396169381784013,-20.363834030015806
RNU6-1159P,Pseudogene,RNU6,1.3634017522958712,0.211999997496605,0.09,0,-15.474602053926466,-23.240199506264137
RNU6-115P,Pseudogene,RNU6,1.4607875917455764,0.239999994635582,0.67,0,-12.694997146894393,-28.56923754698024
RNU6-1160P,Pseudogene,RNU6,1.0687471611403534,0.114500001072884,0.29,0,16.462803555604193,-7.7186483064154094
RNU6-1161P,Pseudogene,RNU6,1.123756206199048,-0.0054999999701976,0,0.01,-1.376271402458853,-7.900790372940528
RNU6-1162P,Pseudogene,RNU6,1.3693323002110775,0.146999999880791,0.32,0,17.76123527324877,16.62957448704665
RNU6-1163P,Pseudogene,RNU6,1.4283256452623412,0.202999994158745,0.67,0,-13.425855598601386,-28.199487434141787
RNU6-1164P,Pseudogene,RNU6,1.136168126913226,0.223000004887581,0,0,25.226140415982375,-17.50985183909074
RNU6-1165P,Pseudogene,RNU6,1.168630073396461,-0.0359999984502792,0.17,0,-0.8066051799594378,-8.988106307616581
RNU6-1167P,Pseudogene,RNU6,1.108540938416856,0.305000007152557,0,0,-26.358475380268427,-16.710655491110963
RNU6-1168P,Pseudogene,RNU6,0.868357068426537,-0.13400000333786,0,0,-9.207300233670374,-1.2245319649175486
RNU6-1169P,Pseudogene,RNU6,1.281458974765375,0.26800000667572,0.19,0,20.273428114735843,14.80707783769464
RNU6-116P,Pseudogene,RNU6,1.46585046413287,0.305000007152557,0,0,-19.570988637809176,-31.23538001079579
RNU6-1170P,Pseudogene,RNU6,1.4090322242392863,0.197999998927116,0.22,0,-14.899596013010019,-23.689650051135636
RNU6-1171P,Pseudogene,RNU6,0,0.273999989032745,0,0.26,-18.962529890192705,5.8495250573417445
RNU6-1172P,Pseudogene,RNU6,0.8115486620808757,0.305000007152557,0,0,-23.960668751983324,-1.0604712906545573
RNU6-1174P,Pseudogene,RNU6,0.6878075789517125,-0.0080000003799796,0,0,-14.139461754872453,2.366313468123359
RNU6-1175P,Pseudogene,RNU6,1.330939805812636,-0.0659999996423721,0,0,-8.079442739236278,-21.312536069925358
RNU6-1176P,Pseudogene,RNU6,1.298477859329401,0.30799999833107,0,0,13.282451595118303,-23.418549601704886
RNU6-1177P,Pseudogene,RNU6,0.9351537659978092,-0.149000003933907,0,0,-7.059368320816884,0.3785845097774684
RNU6-1178P,Pseudogene,RNU6,1.5906353776785165,0.24600000679493,0,0,18.00336757795085,11.024792352795751
RNU6-1179P,Pseudogene,RNU6,1.006320340980286,0.130999997258186,0,0,-14.549748242095836,-6.757518200823849
RNU6-117P,Pseudogene,RNU6,1.4283256452623412,-0.174999997019768,0,0,-0.871634857556256,-20.258205080050892
RNU6-1180P,Pseudogene,RNU6,0.8440106085641107,0.305000007152557,0,0,-26.679388249542633,0.17285252597079503
RNU6-1181P,Pseudogene,RNU6,0.6553638252275752,0.30799999833107,0.28,0,-22.891881345115134,3.229366235487921
RNU6-1183P,Pseudogene,RNU6,1.157809424568716,0.118000000715256,0,0,25.205081145399337,-19.3085379761419
RNU6-1184P,Pseudogene,RNU6,1.318616289092149,0.155000001192093,0,0,-16.27775877984941,-22.359413954825783
RNU6-1186P,Pseudogene,RNU6,1.4681500950716708,0.30799999833107,0,0,-11.53019290722127,-25.125245019978607
RNU6-1187P,Pseudogene,RNU6,1.4841011714926269,0.214000001549721,0,0,28.9193528115981,-23.28483182872321
RNU6-1188P,Pseudogene,RNU6,1.2335539663629311,0.347000002861023,0,0,-24.551122177176293,-24.01438165647254
RNU6-1189P,Pseudogene,RNU6,0.9738583944970508,0.30799999833107,19.6,0.06,-29.98485030794519,-11.15644179230606
RNU6-118P,Pseudogene,RNU6,1.157809424568716,0.202999994158745,7.85,0,-18.122234285278132,-12.802288647471027
RNU6-1190P,Pseudogene,RNU6,1.2357389050685337,0.0799999982118607,0,0,14.981990236956197,-21.645996653856407
RNU6-1191P,Pseudogene,RNU6,1.7529451100946911,0.284000009298325,0,0,6.907299744509692,-27.632532954606805
RNU6-1192P,Pseudogene,RNU6,1.0712442339467558,0.145999997854233,0,0,15.528558479503225,-17.184170827757484
RNU6-1193P,Pseudogene,RNU6,0.4544672507652904,0.430999994277954,0,0,-20.702314622243073,3.5099979395479792
RNU6-1194P,Pseudogene,RNU6,1.2691372538541694,1.66500002145767,0,0.62,-4.913402146151723,16.195786618051816
RNU6-1195P,Pseudogene,RNU6,1.135543858711625,0.211999997496605,0,0,28.271930978610293,-19.420350075927395
RNU6-1196P,Pseudogene,RNU6,0.7020759276640086,-0.167499996721745,0,0,17.035964385032617,26.729945725509392
RNU6-1197P,Pseudogene,RNU6,1.5906353776785165,0.319000005722046,0,0,7.648587904535493,-26.126734077658217
RNU6-1198P,Pseudogene,RNU6,1.5034241781713178,0.222000002861023,0,0,26.437486874317578,-24.100052801215124
RNU6-1199P,Pseudogene,RNU6,1.1021455099259891,0.24099999666214,0,0,-22.819023453636802,-13.423804695660207
RNU6-119P,Pseudogene,RNU6,1.266015912846166,0.0189999993890524,0,0,-5.513524761791018,-16.694730204169705
RNU6-11P,Pseudogene,RNU6,1.5581734311952813,0,0.03,0,-17.372679513447242,-28.411983407359944
RNU6-1200P,Pseudogene,RNU6,1.266015912846166,0.30799999833107,0,0,-21.38089189264807,-20.83049627991758
RNU6-1201P,Pseudogene,RNU6,1.266015912846166,0.296999990940094,0,0,15.296772724389886,17.989349656751905
RNU6-1203P,Pseudogene,RNU6,1.4841011714926269,0.30799999833107,0.25,0,-11.4574411138781,-25.1940257070441
RNU6-1204P,Pseudogene,RNU6,1.2335539663629311,-0.138999998569489,0,0,-5.023319516699179,-13.395375974538155
RNU6-1205P,Pseudogene,RNU6,1.2451912679323929,0.214000001549721,0,0,20.5631286965559,14.812264408015697
RNU6-1206P,Pseudogene,RNU6,0.5058390689863322,0.277999997138977,0.32,0,-4.215412825424119,32.30909940682407
RNU6-1207P,Pseudogene,RNU6,1.0387822874635209,0.249999992549419,0,0,-19.221872172513855,-10.899820008074538
RNU6-1208P,Pseudogene,RNU6,1.0387822874635209,0.0080000003799796,0,0,-1.396378382504172,-5.310911023871602
RNU6-1209P,Pseudogene,RNU6,1.006320340980286,0.30799999833107,0.56,0,-28.201925847423166,-10.025482727238446
RNU6-120P,Pseudogene,RNU6,1.0454007425717533,-0.224000006914139,0,0,17.368035725530827,-9.43438664989828
RNU6-1210P,Pseudogene,RNU6,0.9413964480138156,-0.0949999988079071,0,0,-1.101588791037155,-3.541790354971073
RNU6-1211P,Pseudogene,RNU6,0.7277659240146215,-0.218999996781349,0,0,-13.215800274543149,3.390631297460282
RNU6-1212P,Pseudogene,RNU6,1.2357389050685337,-0.0474999994039536,0,0,-21.794947177942284,27.31730170671684
RNU6-1213P,Pseudogene,RNU6,1.736714136853074,0.180000007152557,0,0,21.322240551674632,10.115446707647937
RNU6-1214P,Pseudogene,RNU6,0.732925232066435,0.347000002861023,0,0,-22.385960154945337,-0.1428099298462766
RNU6-1215P,Pseudogene,RNU6,1.2940222980473886,-0.189499996602535,0,0,0.06822880368782144,-16.452486232657712
RNU6-1216P,Pseudogene,RNU6,1.0712442339467558,0.0869999974966049,0,0,-13.798821858926587,-7.21716379703047
RNU6-1217P,Pseudogene,RNU6,1.2023405562828977,0.254999995231628,1.45,0.01,-22.749706456766635,-19.52011789389483
RNU6-1218P,Pseudogene,RNU6,2.315618849137432,-0.421000003814697,0,0.42,-0.9828240435083484,-28.125078821931318
RNU6-1219P,Pseudogene,RNU6,0.7753188110951224,-0.307500004768372,0.62,0,17.68004117255172,-5.595689583528631
RNU6-121P,Pseudogene,RNU6,0.4561067430119185,0.146999999880791,0,0,-17.7648401716042,3.45270616640012
RNU6-1220P,Pseudogene,RNU6,1.157809424568716,0.140500001609325,0,0,-16.55313241714034,25.5270568064765
RNU6-1222P,Pseudogene,RNU6,1.330939805812636,-0.187000006437302,0,0,-0.41840717560220714,-16.930468958849012
RNU6-1223P,Pseudogene,RNU6,1.669917439281802,0.266999989748001,2.77,0,21.38612815782785,10.138557395634553
RNU6-1224P,Pseudogene,RNU6,0.877128351945997,0.30799999833107,0,0,23.908244115625703,-6.1631082486771716
RNU6-1225P,Pseudogene,RNU6,1.0687471611403534,0.282999992370605,0.51,0,-23.656891936169927,-12.21421503064249
RNU6-1226P,Pseudogene,RNU6,0.9738583944970508,0.44200000166893,0.53,0,-22.939158624574688,-8.147265838317093
RNU6-1227P,Pseudogene,RNU6,0.7466247691144057,0.44200000166893,0.08,0,-23.797080647056333,0.7582816805562869
RNU6-1228P,Pseudogene,RNU6,0.9413964480138156,-0.0270000007003546,0,0,-10.421973253729101,-4.128346249482663
RNU6-1229P,Pseudogene,RNU6,1.3634017522958712,0.28600001335144,0,0,20.918845728121642,-22.236838727637878
RNU6-122P,Pseudogene,RNU6,1.201092019879696,0.104000002145767,3.45,0,-12.59511346539504,-17.043578893479
RNU6-1230P,Pseudogene,RNU6,1.5437458994249549,-0.163499996066093,0,0,-2.5858405566231597,-23.475737966718892
RNU6-1231P,Pseudogene,RNU6,1.112845951769931,-0.0729999989271164,0.7,0,19.132461885619257,-9.965165002696782
RNU6-1232P,Pseudogene,RNU6,1.211661025711447,0.0474999994039536,0,0,-5.894439530297105,-16.378923332460015
RNU6-1233P,Pseudogene,RNU6,1.6005012633744016,-0.156000003218651,0,0,-3.7616670473114238,-24.785444386824274
RNU6-1234P,Pseudogene,RNU6,1.315181579364464,-0.112999998033047,0,0,1.6842371486548546,-15.660000985995193
RNU6-1235P,Pseudogene,RNU6,0.3246194648323502,0.291999995708466,0,0.06,-20.583654952158664,4.39711595215748
RNU6-1236P,Pseudogene,RNU6,0.912213486023837,0.194000005722046,0,0,-22.62194681412139,-4.995782178761616
RNU6-1237P,Pseudogene,RNU6,1.136168126913226,-0.0979999974370003,0,0,-6.913739319015799,-7.26859289556855
RNU6-1238P,Pseudogene,RNU6,1.770767355222742,-0.23200000077486,0.71,0,21.43960805805479,8.517046372627656
RNU6-1239P,Pseudogene,RNU6,0.097385839449705,-0.23199999332428,0,0.26,-16.71195553084227,5.867057127640297
RNU6-123P,Pseudogene,RNU6,0.9534901143507074,0.0104999998002313,0.23,0,19.46022108420551,-8.803129482277976
RNU6-1240P,Pseudogene,RNU6,0.7013653244983569,-0.192999996244907,0,0,-10.330688310873681,3.662317162772232
RNU6-1241P,Pseudogene,RNU6,0.8440106085641107,0.303000003099442,0,0,-24.01021856937297,-2.4140114008023605
RNU6-1242P,Pseudogene,RNU6,1.4837946023599078,0.196999996900558,0.09,0,24.518503523143792,9.702843518705587
RNU6-1243P,Pseudogene,RNU6,0.9738583944970508,0.0610000006854534,0.36,0,-10.671875576655012,-3.6588489433199216
RNU6-1244P,Pseudogene,RNU6,1.1256480516640297,0.282999992370605,0,0,-22.134129553308856,-13.75482652124388
RNU6-1245P,Pseudogene,RNU6,0.688132016488954,-0.0240000002086163,4.39,0,19.113541900108075,26.688952214673602
RNU6-1246P,Pseudogene,RNU6,1.5257114847120463,0.214000001549721,0,0,-10.435991633581432,-28.4393721737714
RNU6-1247P,Pseudogene,RNU6,1.311396389052321,0.118499998003244,0,0,15.831612919684602,-21.89224880034158
RNU6-1248P,Pseudogene,RNU6,0.9769017019798542,0.275000005960464,0.99,0,-28.77446116405034,-9.421251576388945
RNU6-1249P,Pseudogene,RNU6,1.3142701576185425,0.152999997138977,0,0,-20.473047200944773,-23.58743765543755
RNU6-1250P,Pseudogene,RNU6,1.4283256452623412,0.0719999969005585,0,0,-9.714191179664846,-19.465331482863697
RNU6-1251P,Pseudogene,RNU6,1.4607875917455764,0.282000005245209,2,0,-19.90295695712701,-30.470543000358642
RNU6-1252P,Pseudogene,RNU6,1.5697223929248938,0.246999993920326,0,0,-18.680156936917726,-32.06215776483876
RNU6-1254P,Pseudogene,RNU6,1.0687471611403534,0.189999997615814,0.25,0,-24.208136732114916,-13.805733541054078
RNU6-1255P,Pseudogene,RNU6,1.5506376221902447,0.30799999833107,4.84,0,17.233210726018964,10.724465706678078
RNU6-1256P,Pseudogene,RNU6,1.2477363701662862,0.118000000715256,2.11,0,-13.933141607232546,-18.866142999554352
RNU6-1257P,Pseudogene,RNU6,1.0736051027819002,-0.0854999981820583,0.67,0,0.3220863540239175,-6.496831556064291
RNU6-1258P,Pseudogene,RNU6,1.126517277958751,-0.136999994516373,0,0,-20.12008510744284,31.365026201655592
RNU6-125P,Pseudogene,RNU6,0.9413964480138156,0.214000001549721,0,0,-27.451723617815684,-6.602555773941935
RNU6-1260P,Pseudogene,RNU6,1.0387822874635209,-0.264999985694885,0.36,0,-10.942609298688394,-6.440823530637123
RNU6-1261P,Pseudogene,RNU6,1.1021455099259891,0.282000005245209,0,0,9.673089213830561,-18.863150465018013
RNU6-1262P,Pseudogene,RNU6,1.230172513604261,-0.284499987959862,0.56,0,-6.820955646962956,-12.116220779016436
RNU6-1263P,Pseudogene,RNU6,0.9830457378413626,0.30799999833107,0.28,0,-27.140084726905616,-9.076363076774545
RNU6-1264P,Pseudogene,RNU6,1.7529451100946911,0.305000007152557,0,0,27.201213698906066,-24.680706161054363
RNU6-1265P,Pseudogene,RNU6,1.4837946023599078,-0.430999994277954,0,0,-28.45952234499683,22.56056477744855
RNU6-1266P,Pseudogene,RNU6,0.9262475396549728,0.0719999969005585,0,0,24.942028668565587,16.14523274206153
RNU6-1267P,Pseudogene,RNU6,1.266015912846166,-0.0920000001788139,0.42,0,-4.153746009810434,-14.33888193357
RNU6-1268P,Pseudogene,RNU6,0.1623097324161751,-0.203999996185303,0,0.26,-16.644152187745252,5.771926774290206
RNU6-1269P,Pseudogene,RNU6,0.4220053042820553,0.428000003099442,0,0,-20.817901674745553,3.786086703733158
RNU6-126P,Pseudogene,RNU6,1.4837946023599078,0.206000000238419,1.41,0,-21.314317054482043,18.195712189650266
RNU6-1270P,Pseudogene,RNU6,1.4794231536155815,0.203999996185303,0,0,-12.46372922515668,-28.63958608359986
RNU6-1271P,Pseudogene,RNU6,1.3232107709356753,0.296999990940094,0,0,-15.17309357418321,-14.596797779055699
RNU6-1272P,Pseudogene,RNU6,1.168630073396461,-0.218999996781349,5.87,0,1.7167804663693236,-8.784334256876903
RNU6-1273P,Pseudogene,RNU6,1.2691372538541694,-0.149499997496605,0,0,15.60109439437102,22.295839550074458
RNU6-1274P,Pseudogene,RNU6,1.136168126913226,0.301999986171722,0,0,20.87925585307079,15.266667700986606
RNU6-1275P,Pseudogene,RNU6,0.9413964480138156,-0.046000000089407,5.97,0,-8.180212378462187,-0.8050870503753916
RNU6-1276P,Pseudogene,RNU6,1.135543858711625,0.30799999833107,0,0,-20.215080786859218,-13.222376589634397
RNU6-1277P,Pseudogene,RNU6,1.2335539663629311,0.0270000007003546,0,0,-0.8448274765275052,-10.223863912272494
RNU6-1278P,Pseudogene,RNU6,0.8764725550473457,-0.136000007390976,0,0,-8.142886879000633,0.5091398202628596
RNU6-1279P,Pseudogene,RNU6,1.4837946023599078,0.0549999997019768,0,0,-9.706765390471357,-21.69337462988501
RNU6-127P,Pseudogene,RNU6,1.0387822874635209,-0.197999998927116,0,0,-9.047409903266667,-6.353384501656787
RNU6-1280P,Pseudogene,RNU6,1.3634017522958712,-0.163000002503395,0.73,0,-0.18790331022992662,-17.772252952543948
RNU6-1281P,Pseudogene,RNU6,0.9593278089283648,0.137999996542931,0,0,-24.343614081776597,-5.810339601210259
RNU6-1282P,Pseudogene,RNU6,1.4834433252286674,-0.238499999046326,0,0,-1.2410107716011987,-21.59804126931913
RNU6-1283P,Pseudogene,RNU6,0.5292843083742702,-0.211999997496605,0,0,19.462949258278712,-6.763799989111099
RNU6-1284P,Pseudogene,RNU6,0.868357068426537,0.105999998748302,0.29,0,-11.198349319746647,-1.718909848691512
RNU6-1285P,Pseudogene,RNU6,1.2570502323888917,-0.0309999994933605,0.52,0,-3.3739884347808418,-15.428795423909554
RNU6-1286P,Pseudogene,RNU6,1.136168126913226,0.30799999833107,0,0,8.858626062285444,-19.641527963093267
RNU6-1287P,Pseudogene,RNU6,1.330939805812636,0.214000001549721,0,0,-22.025544712652245,-26.91294786702554
RNU6-1288P,Pseudogene,RNU6,1.60312074171053,-0.150000005960464,0,0,0.7611001958350356,-22.14926929034651
RNU6-1289P,Pseudogene,RNU6,0.8192047815344689,0.365000009536743,0,0,-24.998720651321346,-0.8959482756273414
RNU6-128P,Pseudogene,RNU6,0.6492389296647005,0.30799999833107,0,0,-22.87433946401185,2.9722579259719106
RNU6-1290P,Pseudogene,RNU6,0.6054599743157506,-0.177000001072884,0,0,-11.415270398917228,3.7678830733028246
RNU6-1291P,Pseudogene,RNU6,1.3693323002110775,-0.0209999997168779,0,0,-9.191598134088803,-18.498723762176393
RNU6-1292P,Pseudogene,RNU6,1.4607875917455764,-0.212999999523163,0,0,-5.740838302466981,-22.87604800971533
RNU6-1293P,Pseudogene,RNU6,1.8178690030611613,-0.310999989509583,0,0.01,-27.790173668614454,19.051437877125696
RNU6-1294P,Pseudogene,RNU6,1.114927594029134,0.294999986886978,0,0,22.346009756316064,-16.60343909902489
RNU6-1296P,Pseudogene,RNU6,1.0712442339467558,-0.127000004053116,0,0,0.7574855084010466,-6.44875117543713
RNU6-1297P,Pseudogene,RNU6,0.801560370855265,0.239999994635582,0,0,27.80843798871604,-10.967248763799294
RNU6-1298P,Pseudogene,RNU6,0.9629306105323976,-0.224999994039536,0,0,15.665308929985633,24.074816401780897
RNU6-1299P,Pseudogene,RNU6,1.2504341785342132,0.30799999833107,0,0,-17.79858483842601,-17.891943368896758
RNU6-129P,Pseudogene,RNU6,1.136168126913226,-0.0799999982118607,0,0,-0.15153868285290353,-8.01492144281164
RNU6-12P,Pseudogene,RNU6,1.5581734311952813,0.555999994277954,0,0.4,-20.27830510591302,-32.812321110757374
RNU6-1300P,Pseudogene,RNU6,1.0291639329499698,0.30799999833107,0,0,23.91228336671255,-13.798448114477733
RNU6-1301P,Pseudogene,RNU6,1.1689422074972615,0.220000006258488,0,0,21.914652717282312,-19.39540752947463
RNU6-1303P,Pseudogene,RNU6,1.6230973241617517,-0.0820000022649765,0,0,-3.6562672022104543,-25.404459959756487
RNU6-1304P,Pseudogene,RNU6,0.8847411640572264,0.29899999499321,0,0,24.57128193169628,15.657000111073213
RNU6-1305P,Pseudogene,RNU6,1.2023405562828977,-0.078999999910593,0.09,0,0.20945097049887357,-10.049033467217171
RNU6-1306P,Pseudogene,RNU6,1.6139161675806344,-0.0109999999403954,2.56,0,22.288961055040065,9.577537012543068
RNU6-1307P,Pseudogene,RNU6,1.079123347170842,0.256999999284744,0,0,-23.50627860506939,-12.771294925087362
RNU6-1308P,Pseudogene,RNU6,0.7081746965808651,0.214000001549721,0,0,26.154510375621154,-6.585691444384848
RNU6-1309P,Pseudogene,RNU6,0.643227458093731,-0.168000005185604,0,0,-11.117746494302317,3.6482615994849374
RNU6-130P,Pseudogene,RNU6,1.2140137655671974,0.305000007152557,3.52,0,-22.70888787906704,-19.48755656673406
RNU6-1310P,Pseudogene,RNU6,1.266015912846166,0.239999994635582,0,0,-22.24642653038957,-23.075514914926533
RNU6-1311P,Pseudogene,RNU6,0.8115486620808757,0.30799999833107,5.22,0,27.6445601491472,-12.211193144571304
RNU6-1312P,Pseudogene,RNU6,0.643227458093731,0.0945000015199184,0.26,0,-15.108623797339819,2.343544829063715
RNU6-1313P,Pseudogene,RNU6,1.0897029878293798,-0.0329999998211861,0,0,-6.50706535410127,-6.441862151246762
RNU6-1314P,Pseudogene,RNU6,0.2003900927138162,0.293999999761581,0,0.23,-18.67864502596013,5.263342076945664
RNU6-1315P,Pseudogene,RNU6,1.508660765347115,0.310999989509583,0.27,0,20.455205290692323,10.995148898758911
RNU6-1316P,Pseudogene,RNU6,1.0291639329499698,0.301999986171722,0,0,23.818857166933437,-13.77557269499042
RNU6-1317P,Pseudogene,RNU6,1.4361289977823497,-0.0850000008940697,0,0,-1.5604333929081327,-19.728004604808973
RNU6-1318P,Pseudogene,RNU6,0.7418973011799539,0.293999999761581,0,0,-23.573773924526897,0.3046497181281642
RNU6-1319P,Pseudogene,RNU6,0.7013653244983569,0.261999994516373,0.04,0,-22.98475826355052,0.7076117339739064
RNU6-131P,Pseudogene,RNU6,1.136168126913226,0.118000000715256,0,0,19.32171768198689,-13.601700985640381
RNU6-1320P,Pseudogene,RNU6,1.0712442339467558,0.40599998831749,0,0,-26.215710022951562,-11.176745212916646
RNU6-1321P,Pseudogene,RNU6,0.4544672507652904,0.23199999332428,0,0,-18.953677736665774,3.412954447348519
RNU6-1322P,Pseudogene,RNU6,1.168630073396461,0.305000007152557,0,0,26.444922684091388,10.311153186523176
RNU6-1323P,Pseudogene,RNU6,1.136168126913226,0.105999998748302,1.33,0,-13.909644069902424,-7.971979448188088
RNU6-1324P,Pseudogene,RNU6,1.136168126913226,0.0320000015199184,0,0,17.187385790495345,-10.695434207019595
RNU6-1325P,Pseudogene,RNU6,1.6209331943962024,-0.185000002384186,0,0,-27.55379309036326,20.876842118052668
RNU6-1326P,Pseudogene,RNU6,1.006320340980286,-0.550000011920929,0,0,-2.596783395886731,-0.6851147040995522
RNU6-1327P,Pseudogene,RNU6,1.5878529251228104,0.30799999833107,0,0,-17.932640844004435,-31.967791479614306
RNU6-1328P,Pseudogene,RNU6,1.1468866941482565,0.28099998831749,0,0,16.42073948185909,18.95974438766232
RNU6-1329P,Pseudogene,RNU6,1.298477859329401,-0.068000003695488,0.46,0,16.183133370288786,-12.148651151606867
RNU6-132P,Pseudogene,RNU6,1.103706180429991,0.239999994635582,0.67,0,21.090082785029235,15.425259306911121
RNU6-1330P,Pseudogene,RNU6,1.1247291552953242,0.0419999994337559,0,0,-5.205505675660498,-6.8688146756065445
RNU6-1331P,Pseudogene,RNU6,1.4090322242392863,0.239999994635582,0.37,0,27.62318748461241,-22.878107584095098
RNU6-1332P,Pseudogene,RNU6,1.2691372538541694,-0.417000010609627,0,0,-9.155679055113486,-11.855648343767216
RNU6-1333P,Pseudogene,RNU6,0.8216712045326372,0.30799999833107,0.88,0,-21.976804449669128,-2.9131968992272648
RNU6-1334P,Pseudogene,RNU6,0.0992408078201756,1.81200003623962,0,0.89,-4.405353874833102,11.854404111628712
RNU6-1335P,Pseudogene,RNU6,1.0712442339467558,0.0769999995827675,0,0,20.25522727713978,16.33337104843086
RNU6-1336P,Pseudogene,RNU6,1.0197220620054748,-0.0900000035762787,0,0,-6.68105605277534,-3.607938602093535
RNU6-1337P,Pseudogene,RNU6,1.060309683552403,0.252000004053116,0.76,0,-9.60712286425735,23.6122953859847
RNU6-1338P,Pseudogene,RNU6,1.030577619671055,0.30799999833107,0.47,0,-25.983384354518414,-9.907609442834799
RNU6-1339P,Pseudogene,RNU6,1.5267816587719332,0.208000004291534,0,0,-10.19978444316932,-28.371899219048085
RNU6-133P,Pseudogene,RNU6,1.266015912846166,0.301999986171722,0,0,-17.17326283352704,-16.960303878664114
RNU6-1340P,Pseudogene,RNU6,0.8440106085641107,0.30799999833107,0.56,0,27.479129604171646,-12.563327547394836
RNU6-135P,Pseudogene,RNU6,1.375615157903425,-0.116999998688698,0.29,0,-3.304387950421871,-19.63304110400097
RNU6-136P,Pseudogene,RNU6,0.7466247691144057,0.284000009298325,0.28,0,22.025386185591177,27.84713700269795
RNU6-137P,Pseudogene,RNU6,1.157809424568716,-0.204999998211861,0,0,-5.0324457738951764,-11.42959652136926
RNU6-138P,Pseudogene,RNU6,1.168630073396461,0.0130000002682209,0,0,-1.452546173247673,-8.389257183449596
RNU6-139P,Pseudogene,RNU6,0.9157219994316208,-0.13849999755621,0,0,-7.208803774230883,0.6863090962694512
RNU6-13P,Pseudogene,RNU6,1.3958636987791062,0.0610000006854534,0,0,-18.215078713350028,-28.14891336676641
RNU6-140P,Pseudogene,RNU6,1.2221321703780892,0.0549999997019768,3.82,0,29.04818532357056,-22.323850556337575
RNU6-141P,Pseudogene,RNU6,0.860087001108189,0.30799999833107,0,0,-26.221599131974692,-0.7840764111352304
RNU6-142P,Pseudogene,RNU6,1.201092019879696,0.305000007152557,0,0,-25.374016281656655,-24.97820617365492
RNU6-143P,Pseudogene,RNU6,0.9337172778779969,0.30799999833107,0,0,22.65045259421857,18.59281053825448
RNU6-144P,Pseudogene,RNU6,1.298477859329401,-0.0199999995529652,0,0,-5.724918593721188,-19.385623972813036
RNU6-145P,Pseudogene,RNU6,1.0158139291027417,0.146999999880791,0,0,-14.41966825086207,-6.817788606184905
RNU6-146P,Pseudogene,RNU6,1.2542935432827758,-0.191500000655651,11.35,0,-5.486361676189861,-13.336537473938277
RNU6-147P,Pseudogene,RNU6,1.201092019879696,0.168999999761581,0.36,0,23.01027300600707,-19.569814807435094
RNU6-148P,Pseudogene,RNU6,1.145492303030751,0.446000009775162,0,0,-27.856537643389686,-18.30976059695548
RNU6-14P,Pseudogene,RNU6,1.507336798023423,-0.1875,0,0,-5.648469477450533,-23.13818255981913
RNU6-150P,Pseudogene,RNU6,1.1334344893146375,-0.212999999523163,0,0,2.274740904974865,-7.940242491437857
RNU6-151P,Pseudogene,RNU6,0.7466247691144057,-0.261999994516373,1.33,0,-9.689155408742383,4.013241762415403
RNU6-152P,Pseudogene,RNU6,1.006320340980286,0.305000007152557,0,0,25.65641609771559,-14.178874384351396
RNU6-153P,Pseudogene,RNU6,1.1021455099259891,-0.157000005245209,0,0,1.872852714090514,-7.357680573068005
RNU6-154P,Pseudogene,RNU6,0.9830457378413626,0.30799999833107,0,0,-30.156115975719448,-11.600410580696213
RNU6-155P,Pseudogene,RNU6,1.1114970475859671,-0.184499993920326,0,0,13.618560838167912,-7.023211684443641
RNU6-156P,Pseudogene,RNU6,0.9089345015305808,-0.319000005722046,0,0,-12.161579344022723,38.949621479729586
RNU6-157P,Pseudogene,RNU6,0.7141628226311706,0.437999993562698,0,0,-22.124273603128714,0.32155296644642195
RNU6-158P,Pseudogene,RNU6,0.7641542202153526,0.305000007152557,0,0,-23.98089474498034,0.09998921245087189
RNU6-159P,Pseudogene,RNU6,1.1796548854096351,0.0065000001341104,0,0,-1.4187023889692227,-8.489517780122739
RNU6-15P,Pseudogene,RNU6,1.6555592706449864,0,0,0,-3.7299398458320296,-26.35379538478962
RNU6-160P,Pseudogene,RNU6,1.0387822874635209,0.293000012636185,0,0,-27.54343397120608,-10.413912897985593
RNU6-161P,Pseudogene,RNU6,1.2124230766710138,-0.148499999195337,0,0,-4.504515452223933,-13.10927548439518
RNU6-162P,Pseudogene,RNU6,0.5395616735854211,0.0230000000447035,0,0,-15.26184747373131,2.738987372755711
RNU6-163P,Pseudogene,RNU6,1.081350311625499,-0.0499999988824129,0,0,-5.80399229248318,-5.802181888649164
RNU6-164P,Pseudogene,RNU6,1.4837946023599078,0.159999996423721,0,0,-13.114771385801864,-28.89469111771295
RNU6-165P,Pseudogene,RNU6,1.0174688882573566,-0.157000005245209,0,0,-18.24038547298977,33.852778487429624
RNU6-166P,Pseudogene,RNU6,1.298477859329401,0.30799999833107,0.26,0,-22.884108475138603,-26.072574683295095
RNU6-167P,Pseudogene,RNU6,1.1796548854096351,-0.155500002205372,0,0,-3.1408758565735897,-12.477672186690446
RNU6-168P,Pseudogene,RNU6,0.825369094742055,-0.136000007390976,0,0,-8.680041480396515,1.4884021748539007
RNU6-169P,Pseudogene,RNU6,1.136168126913226,-0.241999998688698,0,0,15.32707767206281,24.196933541924675
RNU6-16P,Pseudogene,RNU6,1.4283256452623412,0.0549999997019768,0,0,-18.08402008179718,-28.227633431786845
RNU6-170P,Pseudogene,RNU6,1.5363240441392578,0.284000009298325,0,0,26.300906345699694,-24.38833269386654
RNU6-171P,Pseudogene,RNU6,0.7790867155976406,-0.118000000715256,5.48,0,18.237246804120065,-6.115606633208977
RNU6-172P,Pseudogene,RNU6,1.419250262374555,-0.112999998033047,0,0,-3.99067570890217,-21.708567002144996
RNU6-173P,Pseudogene,RNU6,1.2023405562828977,-0.325499996542931,0,0,-6.645382285105686,-11.774289021254246
RNU6-174P,Pseudogene,RNU6,1.2124230766710138,-0.133500002324581,4.71,0,-4.905175598401029,-13.18408802570701
RNU6-175P,Pseudogene,RNU6,0.7141628226311706,0.305000007152557,0,0,-23.61444748511927,1.056517992437488
RNU6-176P,Pseudogene,RNU6,0.9593278089283648,0.266999989748001,0,0,-25.371347995957166,-6.058013743776304
RNU6-177P,Pseudogene,RNU6,1.0687471611403534,0.279000014066696,0,0,-21.974514239890304,-12.26101267899818
RNU6-178P,Pseudogene,RNU6,0.9017554172121732,0.307000011205673,0.25,0,23.69070216644601,20.689600923830696
RNU6-179P,Pseudogene,RNU6,0.6167769831814656,0.293000012636185,0,0,21.757160274432557,27.526818996870844
RNU6-17P,Pseudogene,RNU6,1.3958636987791062,0.0549999997019768,0,0,-18.165948636639396,-28.254747501235308
RNU6-180P,Pseudogene,RNU6,0.7402388124291791,-0.214000001549721,0,0,-9.914204959864612,2.8105304947932543
RNU6-181P,Pseudogene,RNU6,1.0387822874635209,0.282999992370605,1.01,0,24.452038499253863,19.577338710091688
RNU6-182P,Pseudogene,RNU6,0.6946856547412297,-0.0339999999850988,1.37,0,-11.585880060285216,1.9349372360803494
RNU6-183P,Pseudogene,RNU6,1.0736051027819002,0.105999998748302,0,0,-13.627265636633329,-7.1671986296557595
RNU6-184P,Pseudogene,RNU6,0,0.242499999701977,0,0.26,-19.033554002616025,5.855657617202027
RNU6-185P,Pseudogene,RNU6,1.5906353776785165,0.188999995589256,1.33,0,-9.505096014031594,-28.67099385822926
RNU6-187P,Pseudogene,RNU6,0.7864365902730902,0.221499994397163,0,0,-23.85544173286573,-0.9549771784466018
RNU6-188P,Pseudogene,RNU6,1.330939805812636,0.30799999833107,0.71,0,-22.616963473278503,-27.13605708580032
RNU6-189P,Pseudogene,RNU6,1.2036632631654969,-0.111000001430511,0,0,0.22803518094779837,-9.761748142367406
RNU6-18P,Pseudogene,RNU6,0.1947716788994101,0.0850000008940697,0,0.26,-19.869959863384103,5.336635234856363
RNU6-190P,Pseudogene,RNU6,1.464288389895729,0.446000009775162,1.43,0,-13.165671783541939,-26.54457009436837
RNU6-191P,Pseudogene,RNU6,1.2563463968724369,0.177999995648861,0,0,-14.904814275564531,-18.57961338432535
RNU6-192P,Pseudogene,RNU6,0.9030913511635984,0.325000002980232,0,0,24.270012301138053,21.52079773709571
RNU6-193P,Pseudogene,RNU6,1.266015912846166,-0.046000000089407,0,0,16.298979586976646,-11.01621643224156
RNU6-194P,Pseudogene,RNU6,2.2163780413172565,0.0120000001043081,0,0.51,19.823886504044427,8.38931735429915
RNU6-195P,Pseudogene,RNU6,1.115321005318488,-0.225999996066093,0.62,0,13.259561205840738,-6.921340926979931
RNU6-196P,Pseudogene,RNU6,1.168630073396461,-0.268999993801117,0.3,0,-7.903183502376884,-10.568335203263649
RNU6-197P,Pseudogene,RNU6,0.6599513720041681,0.347000002861023,0,0,-22.28795276255676,1.0742671753832893
RNU6-198P,Pseudogene,RNU6,1.5697223929248938,0.311000004410744,0,0,-10.797206204094723,-29.302545272898012
RNU6-199P,Pseudogene,RNU6,1.298477859329401,0.152999997138977,0.35,0,24.267905667127717,-21.61472216937441
RNU6-19P,Pseudogene,RNU6,1.330939805812636,0.215000003576279,0.56,0,-19.97982729092368,-27.935823775944193
RNU6-2,Functional,RNU6,4.122667203370849,2.47699999809265,0.98,0.98,10.171839346192465,6.534660977883169
RNU6-200P,Pseudogene,RNU6,1.330939805812636,0.23199999332428,0,0,-21.07118373386114,-24.582366567724243
RNU6-201P,Pseudogene,RNU6,1.6513019661881687,0.30799999833107,0.65,0,6.906384761587824,-27.73209148567116
RNU6-202P,Pseudogene,RNU6,0.9407201574620816,0.87950000166893,0,0.55,-5.698277616773997,19.28672194972127
RNU6-203P,Pseudogene,RNU6,0.801560370855265,0.30799999833107,0,0,-26.17966361921681,0.4508434968186578
RNU6-204P,Pseudogene,RNU6,1.298477859329401,-0.237000003457069,0.26,0,-6.135061930979712,-13.572406171324042
RNU6-205P,Pseudogene,RNU6,0.6817008761479356,0.30799999833107,0,0,-23.078193502191994,1.2185216320269538
RNU6-206P,Pseudogene,RNU6,1.5363240441392578,-0.213500000536442,0,0,18.0391472357766,10.689959951309723
RNU6-207P,Pseudogene,RNU6,0.8764725550473457,0.30799999833107,0,0,-26.7081290916781,-0.4177320959004864
RNU6-208P,Pseudogene,RNU6,1.266015912846166,-0.144999995827675,0,0,16.558462117505748,-11.65449477338062
RNU6-209P,Pseudogene,RNU6,1.4932495382288111,0.30799999833107,0,0,-11.672876630299681,-27.634298797201463
RNU6-20P,Pseudogene,RNU6,1.4607875917455764,-0.0610000006854534,0,0,22.481539010553593,10.44342118259009
RNU6-210P,Pseudogene,RNU6,0.9140600720279336,0.202000007033348,0,0,20.159128920808016,25.899467499790486
RNU6-211P,Pseudogene,RNU6,1.330939805812636,0.470999985933304,0,0,-23.06535556079626,-29.017382681769824
RNU6-212P,Pseudogene,RNU6,1.3693323002110775,0.214000001549721,0,0,-14.635125954764398,-22.85159659403559
RNU6-213P,Pseudogene,RNU6,1.2023405562828977,0.303000003099442,1.13,0,25.688372663435192,-18.601729011392425
RNU6-214P,Pseudogene,RNU6,1.5581734311952813,0.30799999833107,0,0,-11.65964684798017,-29.596615843021915
RNU6-215P,Pseudogene,RNU6,1.770767355222742,0.118000000715256,0,0,-7.595320672026656,-30.431368182429022
RNU6-216P,Pseudogene,RNU6,1.2023405562828977,0.237000003457069,0.66,0,16.730386703457224,18.689913173682736
RNU6-217P,Pseudogene,RNU6,1.3359339514254416,0.30799999833107,0,0,-22.591642279566848,-27.506207890990527
RNU6-218P,Pseudogene,RNU6,1.6209331943962024,0.30799999833107,0,0,17.77123907195762,11.464113059253744
RNU6-219P,Pseudogene,RNU6,1.0387822874635209,0.277999997138977,0,0,-29.469854704544215,-11.879851009803092
RNU6-21P,Pseudogene,RNU6,1.7529451100946911,0.0769999995827675,0,0,-4.154844753716603,-27.762716604976376
RNU6-220P,Pseudogene,RNU6,1.168630073396461,0.291999995708466,0,0,17.136098278910648,-20.176086311243193
RNU6-221P,Pseudogene,RNU6,0.8420432178681572,0.30799999833107,0,0,24.99986695393317,-8.231774414479998
RNU6-222P,Pseudogene,RNU6,1.5257114847120463,0.165500000119209,0,0,22.360220259311486,10.189326291721484
RNU6-223P,Pseudogene,RNU6,1.3634017522958712,-0.119999997317791,0,0,-5.256881218617591,-20.922599385463815
RNU6-224P,Pseudogene,RNU6,1.2335539663629311,0.30799999833107,0,0,-22.185598698398838,-19.839353230919983
RNU6-225P,Pseudogene,RNU6,1.112845951769931,0.27700001001358,0,0,20.205185790247317,18.767818365133856
RNU6-226P,Pseudogene,RNU6,0.9413964480138156,0.239999994635582,0,0,-24.576120122241235,-5.65517894739744
RNU6-227P,Pseudogene,RNU6,1.0116781379726645,0.331999987363815,1.17,0,-30.138128385870143,-12.109843109295806
RNU6-228P,Pseudogene,RNU6,1.5728731805461804,0.214000001549721,9,0,-17.618972538125703,-31.65013234665266
RNU6-229P,Pseudogene,RNU6,1.123756206199048,-0.0955000016838312,0,0,12.64892957674271,26.121004566449997
RNU6-22P,Pseudogene,RNU6,1.2335539663629311,0.146999999880791,0,0,28.680808600403175,-21.545961328889245
RNU6-230P,Pseudogene,RNU6,1.2691372538541694,-0.284999996423721,7.04,0,-9.664411039407662,-11.633639303734077
RNU6-231P,Pseudogene,RNU6,1.3826267885626415,0.528999984264374,0,0.41,8.834648469635018,-22.044469662868238
RNU6-232P,Pseudogene,RNU6,0.7598124348732199,0.30799999833107,0.21,0,23.881343566117753,22.18921958623115
RNU6-233P,Pseudogene,RNU6,1.0592724522649954,0.152999997138977,0,0,31.171163498959952,9.701863408633509
RNU6-234P,Pseudogene,RNU6,0.7013653244983569,0.30799999833107,0.26,0,25.016563582743373,-4.6048598251686
RNU6-235P,Pseudogene,RNU6,1.0712442339467558,0.19200000166893,0,0,26.713981751976377,-17.228945792561156
RNU6-236P,Pseudogene,RNU6,1.04858212036412,0.238000005483627,0,0,25.578961618307975,-14.76087368858327
RNU6-237P,Pseudogene,RNU6,1.2719596495261951,-0.150999993085861,0.85,0,-2.2324062610502624,-14.021372870436128
RNU6-238P,Pseudogene,RNU6,0.8192047815344689,0.303000003099442,0.09,0,27.524567351542515,-12.085571999074006
RNU6-239P,Pseudogene,RNU6,0.7367878156346375,0.214000001549721,0,0,-20.871743301097435,-2.296140683470998
RNU6-23P,Pseudogene,RNU6,1.5581734311952813,0.118000000715256,0,0,21.81694891021305,10.209957412559085
RNU6-240P,Pseudogene,RNU6,1.1100647060298,0.28999999165535,0,0,-18.07409378600749,-11.912365878045573
RNU6-241P,Pseudogene,RNU6,0.9685521147834452,0.261000007390976,0,0,-27.434277170652766,-8.067339939170061
RNU6-242P,Pseudogene,RNU6,1.2335539663629311,0.261999994516373,0.1,0,-25.225703971174262,-24.844163310914094
RNU6-243P,Pseudogene,RNU6,1.4283256452623412,0.0140000004321337,0,0,-9.289826144447954,-19.09639133587671
RNU6-244P,Pseudogene,RNU6,1.3693323002110775,-0.351000010967255,0.55,0,1.0568234863366348,-17.913857163626506
RNU6-245P,Pseudogene,RNU6,0.8440106085641107,0.30799999833107,0,0,23.501089457571084,21.50150559763851
RNU6-246P,Pseudogene,RNU6,1.103706180429991,0.30799999833107,0,0,-29.746174557418087,-16.424422106725093
RNU6-247P,Pseudogene,RNU6,0.9089345015305808,0.0309999994933605,0.36,0,-10.672416990836723,-2.41548311155439
RNU6-248P,Pseudogene,RNU6,1.5581734311952813,0.293000012636185,0,0,-9.500998007982384,-29.848336448974564
RNU6-249P,Pseudogene,RNU6,1.464288389895729,0.0570000000298023,0,0,-9.725515164614787,-21.58664974616149
RNU6-24P,Pseudogene,RNU6,1.4283256452623412,0.146999999880791,0,0,-18.255954470643776,-29.927900804190074
RNU6-250P,Pseudogene,RNU6,1.1465685563690198,-0.275000005960464,0,0,-21.509064199961752,32.60366858652744
RNU6-251P,Pseudogene,RNU6,1.1021455099259891,0.0445000007748604,0,0,-13.111072371055707,-7.4306201657377136
RNU6-252P,Pseudogene,RNU6,1.006320340980286,0.492000013589859,0,0.11,23.719237037989412,-13.572727127769125
RNU6-253P,Pseudogene,RNU6,1.5216923865760268,-0.090999998152256,0,0,-3.002365551232657,-23.410175730797878
RNU6-254P,Pseudogene,RNU6,1.4932495382288111,0.149000003933907,0,0,-10.323550643041347,-25.923284104209596
RNU6-255P,Pseudogene,RNU6,0.1984816156403513,0.0549999997019768,0.27,0.22,-18.37529443714766,6.209640047951841
RNU6-256P,Pseudogene,RNU6,1.2532988616465484,0.150000005960464,0,0,-13.658233201401545,-16.87867497775322
RNU6-257P,Pseudogene,RNU6,1.098737515151945,-0.0804999992251396,0,0,-7.213409276374658,-6.789998630836664
RNU6-258P,Pseudogene,RNU6,0.997320989479983,0.0130000002682209,0,0,-1.2612005994958726,-4.6670432984968375
RNU6-259P,Pseudogene,RNU6,0.8115486620808757,0.30799999833107,0,0,-26.36569472029264,0.4303099982892466
RNU6-25P,Pseudogene,RNU6,1.882792896027632,-0.293999999761581,0,0.21,-2.2129795805679415,-27.765084545367227
RNU6-260P,Pseudogene,RNU6,1.103706180429991,-0.0780000016093254,0,0,0.17272626659735874,-7.356660767099915
RNU6-261P,Pseudogene,RNU6,1.2599690796777203,0.446000009775162,0,0,-16.15264969187973,-13.073661971951577
RNU6-262P,Pseudogene,RNU6,1.4372806649818544,-0.263000011444092,0.79,0,-5.674659094141905,-22.57457259295578
RNU6-263P,Pseudogene,RNU6,1.0387822874635209,0.30799999833107,0.33,0,-30.71930412645201,-16.065859483380063
RNU6-264P,Pseudogene,RNU6,1.001950463569081,0.301999986171722,0.69,0,23.791476613526598,22.57228991614253
RNU6-266P,Pseudogene,RNU6,0.9738583944970508,0.30799999833107,0,0,-25.373349579362035,-6.941721805460066
RNU6-267P,Pseudogene,RNU6,1.5175172069589966,0.163000002503395,0,0,-10.133119727203551,-28.21163974790567
RNU6-268P,Pseudogene,RNU6,1.006320340980286,-0.0219999998807907,0,0,-10.68173390414447,-4.8722511526611685
RNU6-269P,Pseudogene,RNU6,1.145873244933987,-0.061999998986721,0,0,-19.575770227129066,29.521347738636347
RNU6-26P,Pseudogene,RNU6,1.5581734311952813,0.125,7.48,0,-17.132704696903783,-30.983247726202375
RNU6-270P,Pseudogene,RNU6,1.6540134636695942,-0.0480000004172325,0,0,-3.1183984417222113,-25.702611138558893
RNU6-271P,Pseudogene,RNU6,1.2901305016622835,0.164000004529953,0,0,-20.780953298258424,-23.520372695664648
RNU6-272P,Pseudogene,RNU6,1.3025356026398056,-0.195000000298023,0.18,0,-5.870988860250344,-13.753527325090571
RNU6-273P,Pseudogene,RNU6,1.3025356026398056,0.209000006318092,0,0,-14.649103129042382,-15.114015989500956
RNU6-274P,Pseudogene,RNU6,1.3634017522958712,0.30799999833107,0,0,-15.603093756866409,-25.104466144895856
RNU6-275P,Pseudogene,RNU6,1.266015912846166,0.130999997258186,5.87,0,-19.200966428303094,-27.68656228380872
RNU6-276P,Pseudogene,RNU6,1.0854463355331714,-0.0780000016093254,0,0,-5.882270382300113,-5.469687816396212
RNU6-277P,Pseudogene,RNU6,1.1468866941482565,0.361999988555908,0,0,-10.025854022394778,21.32468140886708
RNU6-278P,Pseudogene,RNU6,1.0515883764431455,-0.317999988794327,0,0,-20.21586322952899,33.888730508110044
RNU6-279P,Pseudogene,RNU6,1.3412247789558394,0.063000001013279,0,0,-10.162475172432018,-18.256006363417317
RNU6-27P,Pseudogene,RNU6,1.5581734311952813,0.214000001549721,0,0,-17.799605796990754,-31.601351028048594
RNU6-280P,Pseudogene,RNU6,1.77011248563871,0.282999992370605,0,0,-7.027294598678743,-29.677684675507734
RNU6-281P,Pseudogene,RNU6,1.112845951769931,-0.104999996721745,0,0,-7.238077922310059,-7.054813680947045
RNU6-282P,Pseudogene,RNU6,1.5512398115580857,0.30799999833107,1.15,0,-11.150910970693575,-29.17257311024091
RNU6-283P,Pseudogene,RNU6,1.266015912846166,0.28099998831749,0,0,-22.707230621358377,-22.89401420569364
RNU6-284P,Pseudogene,RNU6,0.9175093553186052,-0.0554999988526106,0,0,-8.109596011583925,-0.07191308477266212
RNU6-285P,Pseudogene,RNU6,1.146231330323029,0.30799999833107,0.73,0,-23.439942895940195,-16.963168906457522
RNU6-286P,Pseudogene,RNU6,0.6817008761479356,-0.157000005245209,0,0,-11.067941480127635,2.9575629311610365
RNU6-287P,Pseudogene,RNU6,1.098737515151945,-0.271999999880791,0,0,14.214080081822223,-8.086224391425732
RNU6-288P,Pseudogene,RNU6,1.1021455099259891,0.277999997138977,0.22,0,-20.157857152172056,-12.240802782422035
RNU6-289P,Pseudogene,RNU6,1.4932495382288111,0.30799999833107,0,0,-12.34307411856702,-29.51541647960084
RNU6-28P,Pseudogene,RNU6,1.330939805812636,0.146999999880791,0.67,0,26.13922227311323,-22.482642972061008
RNU6-290P,Pseudogene,RNU6,0.997320989479983,0.301999986171722,0.07,0,26.331696176998015,-14.531550064221651
RNU6-291P,Pseudogene,RNU6,1.5257114847120463,0.214000001549721,0.36,0,-11.231540518063163,-28.718541216061315
RNU6-293P,Pseudogene,RNU6,0.950277546579984,0.146999999880791,0,0,-24.56494426986858,-5.820956825472991
RNU6-294P,Pseudogene,RNU6,1.0897029878293798,0.446000009775162,0,0,-22.01648149564996,-10.933551512611867
RNU6-295P,Pseudogene,RNU6,1.001950463569081,-0.0765000022947788,0,0,-10.618150123886307,-5.175560721625093
RNU6-296P,Pseudogene,RNU6,1.2335539663629311,-0.025000000372529,0,0,-5.421175900066524,-15.876642329758232
RNU6-297P,Pseudogene,RNU6,1.2335539663629311,0.28099998831749,0,0,-18.484164744174226,-18.35153418042615
RNU6-298P,Pseudogene,RNU6,1.2663540581220332,0.214000001549721,2.83,0,28.835379950606367,-22.161367556252003
RNU6-299P,Pseudogene,RNU6,1.146231330323029,-0.042000001296401,0.73,0,-6.263168062381131,-7.207937671222726
RNU6-29P,Pseudogene,RNU6,1.103706180429991,0.486999988555908,0,0.07,-31.385511217145222,-15.620585362467212
RNU6-300P,Pseudogene,RNU6,0.9351537659978092,-0.212999999523163,0,0,-6.176459400725349,1.2274646705497032
RNU6-301P,Pseudogene,RNU6,1.0712442339467558,-0.101000003516674,0.36,0,-7.8770128868465275,-6.461104151057364
RNU6-302P,Pseudogene,RNU6,1.4283256452623412,-0.212999999523163,2.66,0,-0.03930851997688471,-19.298949869620518
RNU6-303P,Pseudogene,RNU6,0.1966091475682725,0.272000014781952,0,0.23,-18.51704222892735,5.2513667342875046
RNU6-304P,Pseudogene,RNU6,1.4283256452623412,0.194999992847443,0,0,23.309448523493046,-23.412946226256082
RNU6-306P,Pseudogene,RNU6,1.3958636987791062,0.28099998831749,0.67,0,16.283126298708062,-24.39522142159351
RNU6-307P,Pseudogene,RNU6,0.8847411640572264,-0.016499999910593,0,0,16.987610208977504,-5.104788977321748
RNU6-308P,Pseudogene,RNU6,1.2335539663629311,-0.356000006198883,0.26,0,-6.852036579686,-11.88351430071603
RNU6-309P,Pseudogene,RNU6,1.1468866941482565,0.356000006198883,0,0,-20.39156876847998,-13.77198537470349
RNU6-30P,Pseudogene,RNU6,1.103706180429991,0.239999994635582,0.09,0,-28.96759960696983,-16.131737166778198
RNU6-310P,Pseudogene,RNU6,1.3634017522958712,0.347000002861023,1.38,0,-22.268035840588208,-28.701210321328045
RNU6-311P,Pseudogene,RNU6,1.191862642938384,0.305999994277954,0,0,-22.85757913007612,-18.47789421653419
RNU6-312P,Pseudogene,RNU6,0.4220053042820553,0.0109999999403954,11.55,0,-16.09650901443028,4.333067352284182
RNU6-313P,Pseudogene,RNU6,0.7753188110951224,0.194999992847443,0.34,0,24.927045860318238,-5.427569008659425
RNU6-314P,Pseudogene,RNU6,1.3693323002110775,-0.309499993920326,0.69,0,0.9560011555593684,-17.794451040806816
RNU6-315P,Pseudogene,RNU6,1.0712442339467558,0.165999993681908,0,0,-26.708252202041898,-14.069884225321964
RNU6-316P,Pseudogene,RNU6,1.0712442339467558,-0.140000000596046,1.18,0,-5.492484124330713,-4.3449741461813085
RNU6-317P,Pseudogene,RNU6,1.168630073396461,0.118000000715256,0,0,24.89437584875356,-19.387313317243162
RNU6-318P,Pseudogene,RNU6,1.7198528345535296,0.239999994635582,0,0,20.250679299417325,9.488139971836274
RNU6-319P,Pseudogene,RNU6,2.026166492995253,0.214000001549721,0,0.63,-6.004252823425962,-30.017391541549678
RNU6-31P,Pseudogene,RNU6,0.9648411871405967,0.152999997138977,0,0,24.486917027841237,15.678031868797724
RNU6-320P,Pseudogene,RNU6,1.081350311625499,0.30799999833107,0,0,-24.529152244676222,-11.771307564989915
RNU6-321P,Pseudogene,RNU6,1.3107276504551504,0.44200000166893,0.24,0,-20.406240237169676,-25.561931922259443
RNU6-322P,Pseudogene,RNU6,1.450071997760819,0.214000001549721,2.07,0,-11.312101853366269,-25.738771530577562
RNU6-323P,Pseudogene,RNU6,1.330939805812636,0.263999998569489,0.36,0,22.27001682885105,-22.90760952125591
RNU6-324P,Pseudogene,RNU6,1.1796548854096351,-0.159999996423721,0,0,-8.384212598236088,-9.354541377817021
RNU6-325P,Pseudogene,RNU6,1.455531848029243,0.30799999833107,0,0,-12.04901256944551,-26.388228051565374
RNU6-326P,Pseudogene,RNU6,1.5906353776785165,0.197999998927116,0,0,25.845643829443905,-24.844175610691433
RNU6-327P,Pseudogene,RNU6,1.3674914463410033,0.0099999997764825,0.85,0,-9.522516546329335,-18.502901218727967
RNU6-328P,Pseudogene,RNU6,2.424846153342028,-0.225499995052814,0,0.39,-0.9171775686056197,-28.241243366594595
RNU6-329P,Pseudogene,RNU6,1.136168126913226,0.30799999833107,0,0,-27.27482245463923,-17.228421772657658
RNU6-32P,Pseudogene,RNU6,1.0712442339467558,0.342000007629395,0.04,0,-30.80848280523183,-16.170984034374097
RNU6-330P,Pseudogene,RNU6,1.0712442339467558,0.202000007033348,0,0,-24.335627374209768,-13.792051124621597
RNU6-331P,Pseudogene,RNU6,1.006320340980286,0.30799999833107,0.22,0,-29.793831846824173,-11.576760752701965
RNU6-332P,Pseudogene,RNU6,1.0291639329499698,0.359999999403954,0,0,-26.378155914586646,-10.311835942619524
RNU6-333P,Pseudogene,RNU6,1.5257114847120463,0.0769999995827675,0,0,15.240729182876173,16.276424183699724
RNU6-334P,Pseudogene,RNU6,1.0215965510900435,-0.013499999884516,0,0,-1.2679932347477303,-4.923273051553268
RNU6-335P,Pseudogene,RNU6,1.3217470422067643,-0.241999998688698,0.33,0,-0.19465656149799557,-16.42083676491408
RNU6-336P,Pseudogene,RNU6,1.201092019879696,0.232999995350838,0,0,17.13259937968766,-20.64753389683715
RNU6-337P,Pseudogene,RNU6,1.3107276504551504,-0.059000002220273,0,0,-3.128879750665874,-15.974562925665987
RNU6-338P,Pseudogene,RNU6,0.8931672703815808,0.118000000715256,0.29,0,28.29202225299149,-15.02009167893873
RNU6-339P,Pseudogene,RNU6,1.2335539663629311,-0.180999994277954,0,0,-3.288702937398501,-13.316106544227944
RNU6-33P,Pseudogene,RNU6,1.4607875917455764,0.114000000059605,4.36,0,-18.050812082972758,-28.75500421057161
RNU6-340P,Pseudogene,RNU6,1.266015912846166,-0.193000003695488,0,0,16.735984776897492,-12.258008336709565
RNU6-341P,Pseudogene,RNU6,1.3748986916753505,0.167000003159046,0.33,0,-14.995114600847497,-23.072583820720823
RNU6-342P,Pseudogene,RNU6,0.6345686269270847,0.30799999833107,0.27,0,-22.014055745673907,1.3251020595585166
RNU6-343P,Pseudogene,RNU6,1.2357389050685337,-0.0880000032484531,3.69,0,-9.88791711411393,-10.048380735932602
RNU6-344P,Pseudogene,RNU6,1.3142701576185425,0.305999994277954,0,0,-19.29405486344422,-21.599087725079446
RNU6-345P,Pseudogene,RNU6,0.9413964480138156,-0.0839999988675117,0,0,-8.54933280829992,-2.114713340398224
RNU6-346P,Pseudogene,RNU6,0.938764398298959,0.193000003695488,3.65,0,-23.267055957817483,-5.52051958112077
RNU6-347P,Pseudogene,RNU6,1.0254883474751486,-0.172000005841255,0,0,0.9873671594905413,-5.475110095982707
RNU6-348P,Pseudogene,RNU6,1.3634017522958712,-0.239999994635582,0,0,-1.9215998478417615,-16.69923373730482
RNU6-349P,Pseudogene,RNU6,1.4932495382288111,0.214000001549721,0,0,-21.349209827373432,18.052223773643323
RNU6-34P,Pseudogene,RNU6,2.012640681960572,-0.152999997138977,0,0.38,-1.712633244779941,-28.162440569624803
RNU6-351P,Pseudogene,RNU6,1.5977770059048282,0.30799999833107,0,0,-9.304357554810597,-29.95503631123245
RNU6-352P,Pseudogene,RNU6,0.8764725550473457,-0.185000002384186,0,0,-7.432730535699299,0.9719728470446999
RNU6-353P,Pseudogene,RNU6,1.6402300181390144,0.296000003814697,0,0,-18.646067258503685,-32.39989254477145
RNU6-354P,Pseudogene,RNU6,1.266015912846166,-0.226999998092651,0.74,0,-6.088781023656773,-13.29758992767221
RNU6-355P,Pseudogene,RNU6,1.1689422074972615,0.248500004410744,0.03,0,-24.815235720349108,-17.577357488768016
RNU6-356P,Pseudogene,RNU6,1.3958636987791062,0.211999997496605,0,0,-15.039376018018153,-23.61205185428555
RNU6-358P,Pseudogene,RNU6,1.0188722936204702,0.239999994635582,1.17,0,-28.550408979784784,-9.568362842542696
RNU6-359P,Pseudogene,RNU6,1.2221321703780892,0.17399999499321,0,0,23.946027656289203,-20.334550196398894
RNU6-35P,Pseudogene,RNU6,0.9413964480138156,0.164000004529953,0,0,-15.68818606679812,-6.292319224872965
RNU6-360P,Pseudogene,RNU6,0.7681620220696289,0.0549999997019768,0,0,-12.761923326079476,-0.9563022111670272
RNU6-361P,Pseudogene,RNU6,1.006320340980286,0.279000014066696,0,0,-29.66330919266726,-11.416101278271782
RNU6-362P,Pseudogene,RNU6,1.3893713094824591,-0.0684999991208315,0,0,17.313621810292503,-12.544292951631132
RNU6-363P,Pseudogene,RNU6,0.8270067318347971,0.136999994516373,0,0,-21.41144490981201,-2.9550967836238153
RNU6-364P,Pseudogene,RNU6,1.4283256452623412,0.30799999833107,0,0,-20.42734157872919,-30.186564116501508
RNU6-365P,Pseudogene,RNU6,1.6711777543303166,-0.0425000004470348,0,0,-0.36415098503396887,-24.68829822320613
RNU6-366P,Pseudogene,RNU6,0.7864365902730902,0.30799999833107,0,0,24.986652348306823,-5.862859854018615
RNU6-367P,Pseudogene,RNU6,1.3893713094824591,0.305000007152557,0,0,-12.668682583998526,-25.337589114320178
RNU6-368P,Pseudogene,RNU6,0.3895433577988203,0.407000005245209,0,0.01,-20.84994752251071,3.965127923411253
RNU6-369P,Pseudogene,RNU6,1.770767355222742,-0.122499998658895,0,0,21.609119356071616,9.14362588531867
RNU6-36P,Pseudogene,RNU6,2.142488467893512,0.0850000008940697,0.03,0.43,-1.748814739842077,-29.17204932134707
RNU6-370P,Pseudogene,RNU6,1.2357389050685337,0.282999992370605,0,0,23.24157443845775,-20.536581667484334
RNU6-371P,Pseudogene,RNU6,1.1899707974734026,-0.171499997377396,0,0,-4.243110351986432,-12.537012553230086
RNU6-373P,Pseudogene,RNU6,1.098737515151945,0.30799999833107,0,0,-26.344343126521984,-16.54512042381796
RNU6-374P,Pseudogene,RNU6,1.801036882662447,0.282000005245209,0,0.01,-7.253583178849534,-30.04342259748527
RNU6-375P,Pseudogene,RNU6,1.4935741576936437,-0.0370000004768372,0,0,-25.6826781310813,21.74526971080156
RNU6-376P,Pseudogene,RNU6,0.9830457378413626,0.238000005483627,0,0,26.80648921359005,-14.735911673560635
RNU6-377P,Pseudogene,RNU6,0.885383677611371,0.0105000003241002,1.56,0,-1.4440424650153958,-3.173011559035388
RNU6-378P,Pseudogene,RNU6,1.266015912846166,0.30799999833107,0,0,-24.33321477585531,-25.821534710066114
RNU6-379P,Pseudogene,RNU6,1.0353488123547172,0.194999992847443,5.7,0,24.71139615884538,15.776419440078346
RNU6-37P,Pseudogene,RNU6,1.6880212171282214,-0.234999999403954,1.93,0,21.664019582964865,9.934239356975402
RNU6-380P,Pseudogene,RNU6,1.5257114847120463,-0.116999998688698,0,0,-2.775229018866147,-23.3381492707327
RNU6-381P,Pseudogene,RNU6,1.5437458994249549,-0.140000000596046,0,0,-1.0883876318016317,-22.50486624173375
RNU6-382P,Pseudogene,RNU6,1.04858212036412,0.282999992370605,0,0,-23.29492909579338,-12.024808300671792
RNU6-383P,Pseudogene,RNU6,0.6651245630501135,0.30799999833107,0,0,-23.18055463568244,1.9304224772443228
RNU6-384P,Pseudogene,RNU6,1.2023405562828977,0.327500000596046,0.69,0,19.01796414566612,-20.248674785944555
RNU6-386P,Pseudogene,RNU6,0.6492389296647005,-0.0759999975562096,0,0,18.58822599137781,-3.4697217722918827
RNU6-387P,Pseudogene,RNU6,0.7608461932880134,0.214000001549721,0.73,0,25.253809479006634,-5.9074998262522564
RNU6-388P,Pseudogene,RNU6,0.860087001108189,-0.282000005245209,1.7,0,-11.747588394172649,38.7210379187313
RNU6-389P,Pseudogene,RNU6,1.0254883474751486,-0.172000005841255,0.31,0,-18.445237749951183,33.84474315095125
RNU6-38P,Pseudogene,RNU6,1.2335539663629311,0.214000001549721,0,0,-25.84977517953623,-24.493531258355095
RNU6-390P,Pseudogene,RNU6,1.0116781379726645,0.279000014066696,0,0,-22.291617183794553,-6.890319412308051
RNU6-391P,Pseudogene,RNU6,0.7681620220696289,0.287000000476837,0,0,27.6570582634796,-10.898433801075782
RNU6-392P,Pseudogene,RNU6,1.272444021060668,-0.238000005483627,0,0,-0.11725441991541,-15.866873124868675
RNU6-393P,Pseudogene,RNU6,0.9413964480138156,0.20100000500679,0,0,-15.895026295413416,-6.21531368937537
RNU6-394P,Pseudogene,RNU6,1.103706180429991,0.0149999996647239,0,0,-17.91620148482154,28.797842947856978
RNU6-395P,Pseudogene,RNU6,0.8192047815344689,0.296999990940094,0.32,0,27.70261404602976,-12.60192511414562
RNU6-396P,Pseudogene,RNU6,1.2570502323888917,0.261999994516373,8.18,0,-17.091196344771866,-17.918878928307027
RNU6-397P,Pseudogene,RNU6,2.003900927138162,0.253000006079674,0,0.67,-26.073987276784166,17.153184357342752
RNU6-398P,Pseudogene,RNU6,1.3065188919445143,-0.180000007152557,0,0,-6.063483953620279,-20.84796986088135
RNU6-399P,Pseudogene,RNU6,1.2405100977521957,-0.14750000089407,0,0,-2.392640641986326,-13.367563882723488
RNU6-3P,Pseudogene,RNU6,1.168630073396461,0.172999992966652,1.75,0,-26.96816041526278,-24.420992655644636
RNU6-400P,Pseudogene,RNU6,1.4090322242392863,0.319000005722046,0,0,-14.592491818431602,-25.574407712662108
RNU6-401P,Pseudogene,RNU6,1.230172513604261,-0.0245000002905726,0,0,-1.8130167744038748,-11.175746785346298
RNU6-402P,Pseudogene,RNU6,1.2140137655671974,-0.150000005960464,0,0,-4.726008252725361,-13.119719327430804
RNU6-403P,Pseudogene,RNU6,0.801560370855265,-0.0600000005215406,0,0,-9.790519745616141,1.4237889670774948
RNU6-405P,Pseudogene,RNU6,1.23148820613218,0.347000002861023,0,0,15.02895166515874,17.852457363843705
RNU6-406P,Pseudogene,RNU6,1.5581734311952813,0.293000012636185,0,0,8.695018199893953,16.38708748063408
RNU6-407P,Pseudogene,RNU6,1.2357389050685337,0.114000000059605,0.38,0,15.379525160211456,-21.774764539335063
RNU6-408P,Pseudogene,RNU6,1.3893713094824591,0.152999997138977,0,0,-12.689741631633577,-22.341448851510393
RNU6-409P,Pseudogene,RNU6,1.1689422074972615,0.20100000500679,0.25,0,-24.2974090770562,-15.760223714521025
RNU6-40P,Pseudogene,RNU6,1.330939805812636,0.118000000715256,0,0,-18.881777250710403,-27.847409388452935
RNU6-410P,Pseudogene,RNU6,1.266015912846166,-0.0740000009536743,0,0,0.44639440463662167,-10.918563842068034
RNU6-411P,Pseudogene,RNU6,1.3958636987791062,0.30799999833107,0.09,0,-21.503360304390487,-29.059909479744256
RNU6-412P,Pseudogene,RNU6,1.2124230766710138,0.30799999833107,0,0,-17.9591797103428,-15.88668281105891
RNU6-413P,Pseudogene,RNU6,1.168630073396461,0.090999998152256,0,0,-12.49286578916015,-17.20408970024529
RNU6-414P,Pseudogene,RNU6,0.7013653244983569,0.123000003397465,0,0,-13.609190748405563,-0.6155982760853959
RNU6-415P,Pseudogene,RNU6,1.4681500950716708,0.277999997138977,0.99,0,-11.459851791551673,-25.061875391375565
RNU6-416P,Pseudogene,RNU6,0.9779555333735755,0.202999994158745,0,0,23.796029618135464,-10.302563822960566
RNU6-417P,Pseudogene,RNU6,1.9477167889941016,0.177000001072884,0,0.55,2.2782130635262825,-30.379489329763068
RNU6-418P,Pseudogene,RNU6,0.9738583944970508,-0.0700000002980232,5.48,0,-9.851048049409757,-4.358137067337371
RNU6-419P,Pseudogene,RNU6,1.433478335180315,0.347000002861023,0,0,13.429539284545319,-24.67591909051486
RNU6-41P,Pseudogene,RNU6,1.2335539663629311,0.0549999997019768,0,0,22.099445920995198,13.65175879224122
RNU6-420P,Pseudogene,RNU6,1.298477859329401,0.361000001430511,0,0,-18.82257601899947,-20.267991470681157
RNU6-421P,Pseudogene,RNU6,1.201092019879696,0.003000000026077,0.08,0,14.658928552065497,22.02753422049359
RNU6-422P,Pseudogene,RNU6,0.9738583944970508,-0.138999998569489,0,0,-6.9161104909771725,-2.1733004163096665
RNU6-424P,Pseudogene,RNU6,0.5623645776476621,0.130999997258186,0,0,-15.580655019256497,2.573833138228713
RNU6-425P,Pseudogene,RNU6,0.7491708041326987,-0.046000000089407,0,0,18.60944971373106,-3.7946256841854247
RNU6-426P,Pseudogene,RNU6,1.217490322742361,0.115000002086163,0,0,-17.748189450750314,24.910275537796014
RNU6-428P,Pseudogene,RNU6,1.0387822874635209,0.30799999833107,0,0,-28.598318299859667,-11.035146485284807
RNU6-429P,Pseudogene,RNU6,1.3829390349015218,-0.222000002861023,0,0,-5.8248587145811195,-22.30429256131389
RNU6-42P,Pseudogene,RNU6,1.5581734311952813,0.592000007629395,0.05,0.4,-20.3074683344296,-32.826189856035725
RNU6-430P,Pseudogene,RNU6,1.6880212171282214,-0.143999993801117,0.47,0,7.222879903816855,15.263448355551033
RNU6-431P,Pseudogene,RNU6,1.3958636987791062,0.30799999833107,0,0,-21.50687329815316,-29.24758789186276
RNU6-432P,Pseudogene,RNU6,1.115321005318488,-0.230000004172325,0,0,1.7140335644805644,-8.044505585144703
RNU6-433P,Pseudogene,RNU6,0.801560370855265,-0.188500002026558,0,0,19.252778764769243,-6.891209517836599
RNU6-434P,Pseudogene,RNU6,0.7466247691144057,0.20100000500679,0.06,0,29.940412588372734,-15.395219466382143
RNU6-435P,Pseudogene,RNU6,1.157809424568716,0.0189999993890524,0,0,17.740777115386887,-11.00429101831742
RNU6-436P,Pseudogene,RNU6,0.5484360432167602,0.325499996542931,0,0,-20.9981074154432,2.2657509735776977
RNU6-437P,Pseudogene,RNU6,1.9743697555803368,0.305000007152557,0.28,0.59,2.3431177057583334,-31.27608192346803
RNU6-438P,Pseudogene,RNU6,0.910510324175398,-0.068000003695488,0,0,-8.158069172080852,-0.16384150783551887
RNU6-439P,Pseudogene,RNU6,1.6384095630689377,0.214000001549721,0,0,-8.028616980505934,-28.71745665614992
RNU6-43P,Pseudogene,RNU6,1.330939805812636,-0.41100001335144,0.56,0,16.50850156255463,-12.78313194932837
RNU6-440P,Pseudogene,RNU6,0.5954448469210539,-0.123000003397465,0,0,-11.41772808088937,3.7694055751237077
RNU6-441P,Pseudogene,RNU6,1.4418004155006654,-0.110500004142523,0,0,-3.2676007872251844,-22.02756966057115
RNU6-442P,Pseudogene,RNU6,1.3025356026398056,0.304499998688698,0,0,-18.17325910101519,-20.004381059451667
RNU6-444P,Pseudogene,RNU6,1.157809424568716,0.33899998664856,2.87,0,-17.610457460355207,-12.99716847922438
RNU6-445P,Pseudogene,RNU6,1.136168126913226,0.305000007152557,0,0,-26.0241704217005,-17.084921374712916
RNU6-446P,Pseudogene,RNU6,1.0158139291027417,0.381999999284744,1.46,0,16.504642576874364,-18.499217674129262
RNU6-447P,Pseudogene,RNU6,0.9685521147834452,0.25,0.07,0,-25.076483919479383,-6.127100454634367
RNU6-448P,Pseudogene,RNU6,1.2335539663629311,-0.046000000089407,0.26,0,-1.2031862550323458,-10.881417146790598
RNU6-449P,Pseudogene,RNU6,1.330939805812636,-0.108999997377396,0,0,-1.1902140756093715,-17.316674787944
RNU6-44P,Pseudogene,RNU6,1.266015912846166,0.29899999499321,0,0,-24.584651714633075,-25.99959120272876
RNU6-450P,Pseudogene,RNU6,1.3634017522958712,0.238000005483627,0,0,21.629547507681373,13.005182046484016
RNU6-451P,Pseudogene,RNU6,0.9413964480138156,-0.0860000029206276,0,0,27.21137838850144,20.537327877825152
RNU6-452P,Pseudogene,RNU6,1.266015912846166,0.211999997496605,0,0,-16.869317664292737,21.56667772427566
RNU6-453P,Pseudogene,RNU6,0.9807326890464418,-0.108999997377396,0,0,16.290700844773404,-5.693938090673168
RNU6-454P,Pseudogene,RNU6,1.103706180429991,-0.207000002264977,0,0,16.8729963932155,22.563796011440587
RNU6-455P,Pseudogene,RNU6,1.006320340980286,0.263999998569489,0.21,0,26.78661002797343,-14.958082767490929
RNU6-456P,Pseudogene,RNU6,0.9413964480138156,0.185000002384186,0,0,-23.697358707653997,-5.624902791701067
RNU6-457P,Pseudogene,RNU6,2.304798200309687,0.305000007152557,0,0.67,-0.518174928554297,-29.782403753738695
RNU6-458P,Pseudogene,RNU6,2.142488467893512,-0.284000009298325,0,0.27,-27.52182317836811,17.914344958932023
RNU6-45P,Pseudogene,RNU6,1.3634017522958712,0.232999995350838,0.35,0,28.820376558763154,-22.702462741521607
RNU6-460P,Pseudogene,RNU6,1.1256480516640297,0.194999992847443,0.72,0,-23.654712419690842,-14.567127168112323
RNU6-461P,Pseudogene,RNU6,1.0387822874635209,-0.256000012159348,0.67,0,-4.957914143429123,-2.9749148177983256
RNU6-462P,Pseudogene,RNU6,1.3893713094824591,0.30799999833107,0,0,-13.190918096039308,-25.397531941268674
RNU6-463P,Pseudogene,RNU6,1.006320340980286,0.0089999996125698,0,0,-10.254771286299098,-3.8581888359966547
RNU6-464P,Pseudogene,RNU6,1.001950463569081,-0.163500003516674,0,0,0.7971317659196917,-5.133511739242651
RNU6-465P,Pseudogene,RNU6,0.0687807578951712,0.277999997138977,0,0.26,-18.908709987860206,5.7338367265392565
RNU6-466P,Pseudogene,RNU6,1.1802911609681086,0.30799999833107,0.09,0,-18.680475571511803,-15.30783770105387
RNU6-467P,Pseudogene,RNU6,1.4841011714926269,0.338500007987022,5.72,0,20.702078117590364,11.239090842208332
RNU6-468P,Pseudogene,RNU6,1.115321005318488,0.211999997496605,0,0,-26.104363718501634,-15.158481739672867
RNU6-469P,Pseudogene,RNU6,0.8597594736896406,-0.223000004887581,0,0,-7.230482396902734,1.4017161533465718
RNU6-46P,Pseudogene,RNU6,1.330939805812636,0.137999996542931,1.09,0,-19.07950334483834,-27.879592446272888
RNU6-470P,Pseudogene,RNU6,1.001950463569081,0.211999997496605,0,0,-28.153406221119738,-8.688989838555635
RNU6-471P,Pseudogene,RNU6,1.2779594591937713,0.284000009298325,0,0,-18.408267042969975,-19.827864950725868
RNU6-472P,Pseudogene,RNU6,1.4932495382288111,0.284000009298325,0,0,-11.600915439204913,-27.833855032095432
RNU6-473P,Pseudogene,RNU6,0.4220053042820553,-0.167999997735023,0,0,-15.758042254094331,5.015086967961611
RNU6-474P,Pseudogene,RNU6,0.8115486620808757,0.30799999833107,0,0,-25.069616990306663,-0.5887973371837851
RNU6-475P,Pseudogene,RNU6,1.3025356026398056,-0.163000002503395,0,0,0.572368715564656,-16.585733459287926
RNU6-476P,Pseudogene,RNU6,1.2335539663629311,0.30799999833107,1.84,0,-24.878037320195887,-25.037017392486604
RNU6-477P,Pseudogene,RNU6,1.4607875917455764,0.214000001549721,0,0,-19.070032031964374,-30.568997243462533
RNU6-478P,Pseudogene,RNU6,1.2946414474722916,0.214000001549721,0,0,-14.679169657129513,-16.305814061997648
RNU6-479P,Pseudogene,RNU6,0.7608461932880134,0.0610000006854534,1.37,0,-8.103814895653693,34.540629026227535
RNU6-47P,Pseudogene,RNU6,1.6880212171282214,0.0769999995827675,0.66,0,-4.174964956139334,-27.662116959419723
RNU6-480P,Pseudogene,RNU6,1.201092019879696,-0.104999996721745,0,0,-9.799191536108225,-9.821306213748452
RNU6-481P,Pseudogene,RNU6,0.7790867155976406,-0.184000000357628,0.71,0,-9.652739550289343,3.950717648992294
RNU6-482P,Pseudogene,RNU6,1.5906353776785165,-0.0149999996647239,0,0,4.4890520693853535,-28.404397019726165
RNU6-483P,Pseudogene,RNU6,0.7718729497124773,0.284000009298325,0.42,0,-22.112469125940994,-1.7726210796071742
RNU6-484P,Pseudogene,RNU6,1.5906353776785165,0.0850000008940697,0.67,0,-8.72628758159252,-27.865373537013248
RNU6-485P,Pseudogene,RNU6,1.0387822874635209,-0.0900000035762787,10.96,0,-8.846107433732914,-5.61968070865625
RNU6-486P,Pseudogene,RNU6,1.103706180429991,0.0270000007003546,0,0,-10.851701298312523,-7.9879742137080605
RNU6-487P,Pseudogene,RNU6,0.9351537659978092,0.282000005245209,0,0,-16.256701812867526,-6.129589666312525
RNU6-488P,Pseudogene,RNU6,1.0876391564130363,-0.142000004649162,0,0,1.0678346588908048,-6.8335158706265196
RNU6-489P,Pseudogene,RNU6,1.0387822874635209,0.144999995827675,0.09,0,15.536949853276742,-17.154469569340492
RNU6-48P,Pseudogene,RNU6,1.006320340980286,0.211999997496605,0.91,0,-15.487752972736333,-6.5305741070185315
RNU6-490P,Pseudogene,RNU6,1.3958636987791062,0.003000000026077,0.3,0,-4.55102145142062,-19.291808459200045
RNU6-491P,Pseudogene,RNU6,1.1367583441220122,-0.0665000006556511,0,0,-0.24180253189251807,-8.154494046520627
RNU6-492P,Pseudogene,RNU6,1.2023405562828977,0.421000003814697,0,0,19.689863432734505,14.590003342276907
RNU6-493P,Pseudogene,RNU6,1.318616289092149,0.217999994754791,0,0,-15.236115833017962,-21.83102378601085
RNU6-494P,Pseudogene,RNU6,1.0806221295974685,-0.134499996900558,0,0,-9.079323611661028,-7.19163842642738
RNU6-495P,Pseudogene,RNU6,1.6880212171282214,0.303999990224838,0.71,0,25.73149342697952,-25.032668258602257
RNU6-496P,Pseudogene,RNU6,0.8420432178681572,0.305000007152557,0,0,-26.429641055656433,-0.07381997041990548
RNU6-497P,Pseudogene,RNU6,1.0353488123547172,0.375999987125397,0,0,25.913201789128802,-14.717501478967053
RNU6-498P,Pseudogene,RNU6,0.5518530902149955,0.298000007867813,0,0,-22.186829252049478,3.539314358838254
RNU6-499P,Pseudogene,RNU6,1.5906353776785165,-0.149000003933907,0,0,-2.686212136991695,-24.174420577060072
RNU6-49P,Pseudogene,RNU6,1.298477859329401,0.146999999880791,2.66,0,28.507000423574446,-21.585173920395665
RNU6-4P,Pseudogene,RNU6,1.330939805812636,0.360000014305115,0,0,-25.400929604147684,-27.849542859686608
RNU6-500P,Pseudogene,RNU6,1.266015912846166,-0.0209999997168779,0,0,-4.247383138364029,-16.034625125321888
RNU6-501P,Pseudogene,RNU6,0.5557485237929837,0.239999994635582,0,0,19.777167815517718,26.99618180993178
RNU6-502P,Pseudogene,RNU6,0.9648411871405967,0.214000001549721,0,0,22.51346258188686,18.035124510727172
RNU6-503P,Pseudogene,RNU6,0.6946856547412297,0.171000003814697,0,0,-20.30050487738644,-1.9990242430717398
RNU6-504P,Pseudogene,RNU6,0.7681620220696289,0.197999998927116,0,0,-21.83387584210518,-2.09949420487857
RNU6-505P,Pseudogene,RNU6,0.8764725550473457,0.214000001549721,0,0,-22.736661283059213,-4.013778296628676
RNU6-506P,Pseudogene,RNU6,0.775978656891799,0.301999986171722,0,0,-23.181249495234265,-0.6744037320000907
RNU6-507P,Pseudogene,RNU6,1.2851684612712748,0.0360000003129244,0,0,8.624447849065987,-7.398240574186259
RNU6-508P,Pseudogene,RNU6,1.315181579364464,-0.214000001549721,0,0,-0.8949126287481526,-16.11256188174806
RNU6-509P,Pseudogene,RNU6,1.2335539663629311,0.347000002861023,0.99,0,15.770619211337234,17.995698663809886
RNU6-50P,Pseudogene,RNU6,0.9779555333735755,0.20100000500679,0.75,0,-25.107393055047048,-6.1477174846377896
RNU6-510P,Pseudogene,RNU6,1.736714136853074,0.0175000000745058,1.07,0,-3.914251125809678,-27.371357128175035
RNU6-511P,Pseudogene,RNU6,1.168630073396461,-0.241999998688698,0,0,-9.752502509045799,-11.242686003303852
RNU6-512P,Pseudogene,RNU6,0.910510324175398,0.204999998211861,0,0,-27.185250500829667,-6.0787064666730934
RNU6-513P,Pseudogene,RNU6,1.9371042295668903,0.28600001335144,2.93,0.41,2.295064097625272,-30.33711924087595
RNU6-514P,Pseudogene,RNU6,1.4283256452623412,0.252000004053116,0,0,-19.726945315375715,-30.45876525046954
RNU6-516P,Pseudogene,RNU6,1.4027306489967135,0.28999999165535,4.16,0,24.701297408589298,10.838847411409468
RNU6-517P,Pseudogene,RNU6,0.8525687580915091,-0.0925000011920929,0,0,16.662295206313768,26.21204717030885
RNU6-518P,Pseudogene,RNU6,1.157809424568716,0.284000009298325,0,0,15.120281682904114,18.204404438841667
RNU6-519P,Pseudogene,RNU6,1.1899707974734026,0.214000001549721,0,0,12.072947907151576,19.802882038174907
RNU6-520P,Pseudogene,RNU6,0.6345686269270847,-0.25900000333786,0,0,-12.792585625811745,3.5668802446356893
RNU6-521P,Pseudogene,RNU6,0.2646421541871351,0.296000003814697,0,0.07,-18.532427374866952,5.336884829605252
RNU6-522P,Pseudogene,RNU6,1.3634017522958712,-0.0579999983310699,0,0,-3.3358811122419296,-18.98361128297619
RNU6-523P,Pseudogene,RNU6,1.286454916187462,0.165999993681908,0,0,-14.172045744340975,-15.977999409188985
RNU6-524P,Pseudogene,RNU6,1.2335539663629311,0.284000009298325,0,0,-22.291372802836207,-20.173008003662904
RNU6-525P,Pseudogene,RNU6,1.1689422074972615,0.30799999833107,0,0,9.214855419724715,-20.121698401573916
RNU6-526P,Pseudogene,RNU6,1.6384095630689377,-0.229000002145767,0,0,-1.603222064015116,-24.69952796622693
RNU6-527P,Pseudogene,RNU6,1.0353488123547172,0.347000002861023,0.27,0,-29.575217663446125,-12.279045191804432
RNU6-528P,Pseudogene,RNU6,1.1809656130600903,0.30799999833107,0,0,-18.078952246633357,-14.195804849503737
RNU6-529P,Pseudogene,RNU6,1.0353488123547172,0.144999995827675,0,0,24.58059224041216,15.653366765774102
RNU6-530P,Pseudogene,RNU6,1.0387822874635209,0.0419999994337559,3.27,0,-3.1284056275987266,-6.171540146575426
RNU6-531P,Pseudogene,RNU6,1.3693323002110775,0.305000007152557,1.89,0,-15.288301981581226,-25.083445968821287
RNU6-532P,Pseudogene,RNU6,1.136168126913226,0.30799999833107,0,0,28.714184001381653,-19.555940693912678
RNU6-533P,Pseudogene,RNU6,1.6230973241617517,0.305000007152557,0,0,25.753292462329508,-24.74818098998309
RNU6-534P,Pseudogene,RNU6,0.7864365902730902,0.0564999990165234,0.37,0,-13.363206810563781,1.5661923104446194
RNU6-535P,Pseudogene,RNU6,1.266015912846166,-0.172000005841255,0,0,-2.20117890133202,-13.936028618996458
RNU6-536P,Pseudogene,RNU6,1.298477859329401,0.301999986171722,0,0,20.86375499349271,-21.649576242789745
RNU6-537P,Pseudogene,RNU6,0.9442329287744868,0.263999998569489,0,0,-25.234530753367473,-5.7120268729120465
RNU6-538P,Pseudogene,RNU6,0.7790867155976406,-0.116999998688698,0,0,-9.88072482103796,2.516767102305954
RNU6-539P,Pseudogene,RNU6,1.5175172069589966,0.30799999833107,0,0,-18.998718487893647,-31.63154460013185
RNU6-53P,Pseudogene,RNU6,1.2451912679323929,-0.025000000372529,0.37,0,13.475200493768497,-9.643197549656294
RNU6-540P,Pseudogene,RNU6,1.272444021060668,-0.0439999997615814,2.77,0,-3.073367499120502,-15.400348183216947
RNU6-541P,Pseudogene,RNU6,1.1367583441220122,0.30799999833107,0.35,0,-27.499082808421367,-17.26768566078398
RNU6-542P,Pseudogene,RNU6,0.8430651149772205,0.347000002861023,0,0,-21.3863037083196,-4.0120233635575815
RNU6-543P,Pseudogene,RNU6,1.3829390349015218,0.28600001335144,0,0,17.63013082910477,16.792391708945686
RNU6-544P,Pseudogene,RNU6,1.330939805812636,-0.19200000166893,0,0,-1.3559401730830085,-16.263461574448634
RNU6-545P,Pseudogene,RNU6,1.5697223929248938,0.152999997138977,0,0,-9.544936198197105,-28.322287643465604
RNU6-546P,Pseudogene,RNU6,0.5193911437317604,0.214000001549721,0,0,-20.769585947837154,2.930435218923541
RNU6-547P,Pseudogene,RNU6,0.9194368959810392,0.293999999761581,0,0,23.773462733795736,22.38843198091301
RNU6-548P,Pseudogene,RNU6,0.9363154476947008,-0.186000004410744,2.65,0,-11.036974016369962,-5.797218167301092
RNU6-549P,Pseudogene,RNU6,1.4607875917455764,0.305000007152557,5.87,0,23.170646279837282,10.048840668044258
RNU6-54P,Pseudogene,RNU6,1.298477859329401,0.164000004529953,0,0,-15.75715349403641,-21.52912096883304
RNU6-550P,Pseudogene,RNU6,0.7909787157944694,-0.0410000011324883,0.23,0,-10.25123001807673,1.1553789812722246
RNU6-551P,Pseudogene,RNU6,0.9442329287744868,0.30799999833107,0,0,-28.448243031321454,-8.071730926075952
RNU6-552P,Pseudogene,RNU6,1.0215965510900435,0.214000001549721,0,0,-29.075278852560754,-11.803095619047566
RNU6-553P,Pseudogene,RNU6,1.3748986916753505,0.078999999910593,0.71,0,16.623481212095513,-22.530798463608146
RNU6-554P,Pseudogene,RNU6,1.376264032977908,-0.261000007390976,0,0,15.994909755581832,-12.468514083308321
RNU6-555P,Pseudogene,RNU6,0.9830457378413626,-0.0654999986290932,0,0,-0.5297346422105332,-4.358699645107287
RNU6-556P,Pseudogene,RNU6,1.356291040209067,0.30799999833107,0,0,-21.19917462632869,-25.379881310830417
RNU6-557P,Pseudogene,RNU6,1.0104518614417886,0.261999994516373,0,0,29.810091412005228,-21.00736767931919
RNU6-558P,Pseudogene,RNU6,1.4027306489967135,0.30799999833107,0,0,29.28875663103604,-23.031742088850464
RNU6-559P,Pseudogene,RNU6,1.1341806608020075,0.301999986171722,0,0,12.444536341872231,14.79852309792555
RNU6-55P,Pseudogene,RNU6,0.8115486620808757,-0.116500001400709,0,0,-9.101795304131073,1.5990071803009314
RNU6-560P,Pseudogene,RNU6,1.4794231536155815,-0.136000007390976,0,0,-2.8419403257052624,-22.712958945032202
RNU6-561P,Pseudogene,RNU6,0.9194368959810392,0.390000000596046,0,0,-25.83986402350345,-3.761677390764716
RNU6-562P,Pseudogene,RNU6,0.9413964480138156,0.120999999344349,0,0,-27.14809525775282,-5.85118879221421
RNU6-563P,Pseudogene,RNU6,0.9326798142359102,-0.028999999165535,0,0,19.77104698512585,22.60809811176763
RNU6-564P,Pseudogene,RNU6,1.2691372538541694,0.0604999996721745,1.23,0,-5.4643859421128855,-16.969687669034958
RNU6-565P,Pseudogene,RNU6,1.3893713094824591,-0.150999993085861,0,0,-0.18879461457389196,-18.36517100586697
RNU6-566P,Pseudogene,RNU6,1.5581734311952813,-0.096000000834465,0,0,0.9722477268709525,-21.858191894855572
RNU6-567P,Pseudogene,RNU6,1.330939805812636,0.30799999833107,0,0,-21.98076390907184,-25.668850397829058
RNU6-56P,Pseudogene,RNU6,1.6433424090652744,0.312000006437302,0,0,-8.803008042341823,-30.258189981582106
RNU6-570P,Pseudogene,RNU6,0.860087001108189,-0.188999995589256,0,0,-7.484011942718691,1.255083932803969
RNU6-571P,Pseudogene,RNU6,1.201092019879696,0.30799999833107,0,0,-24.410458471238883,-21.74348223141844
RNU6-572P,Pseudogene,RNU6,0.9986106286905176,-0.0750000029802322,0,0,19.170469101738394,-9.163191541730388
RNU6-573P,Pseudogene,RNU6,1.736714136853074,0.30799999833107,0,0,-7.971689742630596,-30.18112038209803
RNU6-574P,Pseudogene,RNU6,1.330939805812636,-0.135000005364418,0.55,0,-5.73919040395194,-20.882535971654804
RNU6-575P,Pseudogene,RNU6,0.8270067318347971,-0.0850000008940697,0,0,-11.031664007774957,36.48608362693444
RNU6-576P,Pseudogene,RNU6,1.6005012633744016,0.30799999833107,0,0,-9.710550645683258,-29.667760998265496
RNU6-577P,Pseudogene,RNU6,1.4177258260025094,0.30799999833107,1.62,0,13.62671933919963,-25.169013661656734
RNU6-578P,Pseudogene,RNU6,1.3826267885626415,0.204999998211861,0,0,-19.70036671171349,19.647113146345216
RNU6-579P,Pseudogene,RNU6,0.7151175857630304,-0.0685000009834766,0,0,-8.965377728479817,36.535598082010765
RNU6-57P,Pseudogene,RNU6,1.2140137655671974,-0.330000013113022,0,0,2.0145315834349597,-12.358817020632577
RNU6-580P,Pseudogene,RNU6,0.9738583944970508,0.30799999833107,0,0,-30.02823314982176,-11.226921040358974
RNU6-581P,Pseudogene,RNU6,1.356291040209067,-0.0890000015497208,0,0,1.758657058608547,-15.782463071139585
RNU6-582P,Pseudogene,RNU6,1.3634017522958712,-0.247999995946884,0,0,-5.823478672309125,-21.814382458982426
RNU6-583P,Pseudogene,RNU6,1.3591675853632754,-0.235999993979931,2.75,0,1.2308123330502172,-16.988374322470104
RNU6-584P,Pseudogene,RNU6,1.060309683552403,0.347000002861023,1.13,0,21.92877490808275,15.32863153713651
RNU6-586P,Pseudogene,RNU6,1.4027306489967135,0.0314999995753169,0,0,5.413349744839466,-22.99825044849099
RNU6-587P,Pseudogene,RNU6,0.9175093553186052,-0.176500000059605,0,0,-6.741139316456347,1.020097291355152
RNU6-588P,Pseudogene,RNU6,1.3893713094824591,0.453999996185303,0,0,-13.421508267312033,-26.30742666087385
RNU6-589P,Pseudogene,RNU6,0.7790867155976406,0.293000012636185,1.33,0,-17.154313494293515,-5.060534096239912
RNU6-58P,Pseudogene,RNU6,1.5175172069589966,0.0329999998211861,0,0,-25.13505851553483,20.95609445636664
RNU6-590P,Pseudogene,RNU6,1.4607875917455764,0.0939999967813492,0,0,-15.817807645015698,-30.198325360836545
RNU6-591P,Pseudogene,RNU6,1.081350311625499,0.197999998927116,0,0,-24.391631749923544,-13.960549146033136
RNU6-592P,Pseudogene,RNU6,1.112845951769931,-0.230000004172325,0,0,15.248272139871828,23.989524693651227
RNU6-593P,Pseudogene,RNU6,1.5196248697464398,-0.214000001549721,0.85,0,-2.4147070421460946,-23.114790270407866
RNU6-595P,Pseudogene,RNU6,1.298477859329401,0.293000012636185,0.56,0,-23.561980326385427,-26.553403495149695
RNU6-596P,Pseudogene,RNU6,1.0278512238518194,-0.252999991178513,0,0,17.806819049881117,-9.274705427786468
RNU6-597P,Pseudogene,RNU6,1.3280755164170566,0.30799999833107,0,0,7.972790199720567,16.642481783304508
RNU6-598P,Pseudogene,RNU6,1.3232107709356753,0.30799999833107,0,0,25.309330603713157,-21.33858108752082
RNU6-599P,Pseudogene,RNU6,1.7854070565779263,-0.20100000500679,0,0,-1.3920200829175036,-25.694475886845048
RNU6-59P,Pseudogene,RNU6,1.266015912846166,0.303000003099442,0.73,0,-23.751974482510956,-24.147094013713215
RNU6-5P,Pseudogene,RNU6,1.136168126913226,0.0759999975562096,1.75,0,-13.900319220365196,-8.063361460114198
RNU6-600P,Pseudogene,RNU6,0.9823837541795166,0.187999993562698,0,0,26.872404309391968,19.064616519770535
RNU6-601P,Pseudogene,RNU6,0.6492389296647005,-0.118000000715256,0,0,-11.080658822414327,3.684775856006372
RNU6-602P,Pseudogene,RNU6,1.190889693842108,0.006000000052154,0.09,0,-2.1111451832372583,-10.42243615964127
RNU6-603P,Pseudogene,RNU6,1.006320340980286,0.294999986886978,0.26,0,-28.504438536391927,-10.068265205442254
RNU6-604P,Pseudogene,RNU6,1.2851684612712748,0.30799999833107,0,0,-17.34820832763206,-17.85075689871418
RNU6-605P,Pseudogene,RNU6,1.2221321703780892,0.305000007152557,0,0,22.22193541117929,-20.109328488602294
RNU6-606P,Pseudogene,RNU6,1.06393298473882,0.104999996721745,0.66,0,-3.4478944864117897,-6.44183455640889
RNU6-607P,Pseudogene,RNU6,0.868357068426537,-0.0315000005066395,0,0,-1.3763823201485275,-3.1374527841407818
RNU6-608P,Pseudogene,RNU6,1.60312074171053,0.284000009298325,0,0,-9.20584022982719,-29.95302857421911
RNU6-609P,Pseudogene,RNU6,0.6817008761479356,0.289000004529953,0,0,29.498565440659277,-14.287694047843893
RNU6-60P,Pseudogene,RNU6,1.2140137655671974,0.305000007152557,12.28,0,-24.113710830751995,-21.8293117044018
RNU6-610P,Pseudogene,RNU6,1.2335539663629311,-0.160999998450279,0.68,0,-3.21838729811783,-13.321826072014336
RNU6-611P,Pseudogene,RNU6,1.1021455099259891,0.136999994516373,5.55,0,22.693874547400874,17.318170984493705
RNU6-612P,Pseudogene,RNU6,0.9534901143507074,0.194999992847443,0,0,27.022101078843683,-14.38073316133066
RNU6-613P,Pseudogene,RNU6,0.9005184413312235,0.214000001549721,0,0,-25.887887281453715,-5.4196509169625395
RNU6-614P,Pseudogene,RNU6,1.8178690030611613,-0.287000000476837,0,0.01,-27.762803027472255,19.038325128736417
RNU6-615P,Pseudogene,RNU6,1.1468866941482565,0.30799999833107,0,0,21.75728132682201,-16.81684653527817
RNU6-616P,Pseudogene,RNU6,0.8115486620808757,0.284000009298325,0,0,-25.236199598750904,-0.4490571883562744
RNU6-617P,Pseudogene,RNU6,0.9089345015305808,-0.180999994277954,0,0,-7.077352976907663,-0.25936898785674134
RNU6-618P,Pseudogene,RNU6,1.147471840420781,0.347000002861023,0.34,0,22.713525562980173,-17.4892006645895
RNU6-619P,Pseudogene,RNU6,0.6110660851890446,0.0425000004470348,3.06,0,-13.599806593341963,-0.21708909557982078
RNU6-61P,Pseudogene,RNU6,1.2746525775068434,0.194000005722046,0,0,28.339645573021606,-21.230501191817115
RNU6-620P,Pseudogene,RNU6,1.1216278800509438,0.298000007867813,0,0,-22.005213673695017,-13.586051129614491
RNU6-621P,Pseudogene,RNU6,1.2109199486315012,0.214000001549721,1.3,0,-21.847059397971297,-21.79692922807738
RNU6-622P,Pseudogene,RNU6,1.281458974765375,0.30799999833107,0,0,-19.727443774285643,-20.863068327468675
RNU6-623P,Pseudogene,RNU6,1.1247291552953242,0.305000007152557,0.97,0,26.39493609427952,-17.883028378051186
RNU6-624P,Pseudogene,RNU6,0.7466247691144057,0.282999992370605,0,0,-24.568161877094525,0.8303994011830117
RNU6-625P,Pseudogene,RNU6,1.298477859329401,-0.11599999666214,0,0,11.979831721956975,-10.603824105179507
RNU6-626P,Pseudogene,RNU6,0.9738583944970508,-0.0729999989271164,0,0,-9.826191926711768,-4.3676423114536025
RNU6-627P,Pseudogene,RNU6,0.8172772408720348,0.30799999833107,0,0,-22.474290881013676,-2.41256513441437
RNU6-628P,Pseudogene,RNU6,1.266015912846166,-0.101000003516674,0.26,0,-8.137871322517643,-21.140459236818863
RNU6-629P,Pseudogene,RNU6,0.6744520919817764,0.30799999833107,0,0,-21.890862102611152,0.5369758241731314
RNU6-62P,Pseudogene,RNU6,1.2259158613080523,-0.119000002741814,0.56,0,-1.522299958726442,-12.279254292384918
RNU6-630P,Pseudogene,RNU6,0.7864365902730902,0.0084999999962747,0,0,-11.826092133220946,-0.7141641677053422
RNU6-631P,Pseudogene,RNU6,0.2921575183491152,-0.175999999046326,0,0.07,-16.326526729772453,5.493566614926254
RNU6-632P,Pseudogene,RNU6,1.0311740187565128,-0.08249999769032,0,0,-6.302712796840291,-4.150478079834502
RNU6-633P,Pseudogene,RNU6,1.315181579364464,0.277999997138977,0,0,19.74775048923574,13.534912518909106
RNU6-634P,Pseudogene,RNU6,0.9175093553186052,-0.239500001072884,0,0,-6.423838412784482,-0.8192100514025601
RNU6-635P,Pseudogene,RNU6,1.2599690796777203,0.144000001251698,0,0,-14.032244348953462,-15.049860724450431
RNU6-636P,Pseudogene,RNU6,1.330939805812636,0.145999997854233,0,0,-15.794488186451876,-22.234928810071732
RNU6-637P,Pseudogene,RNU6,1.0712442339467558,0.146999999880791,0.21,0,-26.911474597376817,-14.009892958360538
RNU6-638P,Pseudogene,RNU6,1.1689422074972615,0.458999991416931,5.51,0,-16.63853720538829,-12.435261975323627
RNU6-639P,Pseudogene,RNU6,1.103706180429991,0.30799999833107,0,0,-28.709270180575054,-16.63786441651201
RNU6-63P,Pseudogene,RNU6,0.9871848777901684,0.263999998569489,0,0,-24.440688950869195,-6.475571237432214
RNU6-640P,Pseudogene,RNU6,0.9593278089283648,0.0719999969005585,0,0,28.228163162128197,-15.206367246122754
RNU6-641P,Pseudogene,RNU6,0.6492389296647005,0.138999998569489,0,0,-13.83447964373583,-0.4953467908326899
RNU6-643P,Pseudogene,RNU6,1.266015912846166,0.194999992847443,0,0,-21.317064827077903,-23.063108057547666
RNU6-644P,Pseudogene,RNU6,1.736714136853074,-0.035500000230968,0,0,4.4718281412147745,-28.592948037163293
RNU6-645P,Pseudogene,RNU6,1.2779594591937713,-0.280499994754791,0,0,12.098821434101007,-8.691512868945813
RNU6-646P,Pseudogene,RNU6,1.507336798023423,-0.262000009417534,0.37,0,-1.030298474696209,-21.63168780710112
RNU6-647P,Pseudogene,RNU6,1.2335539663629311,-0.27700001001358,0.26,0,-6.56905446296541,-12.272086744754615
RNU6-648P,Pseudogene,RNU6,0.9413964480138156,0.30799999833107,0,0,-28.909001144129405,-8.443405434286705
RNU6-649P,Pseudogene,RNU6,1.201092019879696,0.30799999833107,0,0,-22.937555865282704,-19.232374328351998
RNU6-64P,Pseudogene,RNU6,0.9593278089283648,0.0140000004321337,0,0,-1.1353529437397916,-4.187245709180532
RNU6-650P,Pseudogene,RNU6,1.2829780110085771,0.28600001335144,0,0,-15.323545586487102,-14.806582694763938
RNU6-651P,Pseudogene,RNU6,0.6285251161944458,0.104000002145767,0,0,-15.764481038137,2.26737740622263
RNU6-652P,Pseudogene,RNU6,0.9738583944970508,-0.142000004649162,2.9,0,-6.83534730106329,-2.1077302592638096
RNU6-653P,Pseudogene,RNU6,1.343495841716529,0.0804999992251396,0.24,0,-5.1990667070716885,-17.939285542327358
RNU6-654P,Pseudogene,RNU6,1.2335539663629311,0.28999999165535,0,0,-23.443090464454972,-21.801493753995572
RNU6-655P,Pseudogene,RNU6,1.5257114847120463,0.30799999833107,0,0,-12.691200866562177,-30.08409561070877
RNU6-656P,Pseudogene,RNU6,1.6230973241617517,-0.123999997973442,0,0,-2.510939817981461,-24.624865724058417
RNU6-657P,Pseudogene,RNU6,0.8440106085641107,0.30799999833107,0,0,20.502043096991343,25.922872935201827
RNU6-658P,Pseudogene,RNU6,1.081350311625499,0.0559999998658895,7.01,0,-12.680189561491959,-7.426519458449256
RNU6-659P,Pseudogene,RNU6,1.0687471611403534,0.26800000667572,0,0,-19.854079137621024,-11.600072337594915
RNU6-65P,Pseudogene,RNU6,1.4886121173026348,-0.224500000476837,0,0,12.176039072732436,22.92905250392971
RNU6-660P,Pseudogene,RNU6,1.147187319756159,0.266999989748001,0,0,18.823037936468104,16.98847295206928
RNU6-661P,Pseudogene,RNU6,1.5906353776785165,0.101999998092651,0,0,-9.068721117131792,-28.064040752338894
RNU6-662P,Pseudogene,RNU6,1.0687471611403534,0.211999997496605,0,0,-24.403469865813584,-13.759492084555935
RNU6-663P,Pseudogene,RNU6,0.8192047815344689,0.293000012636185,0,0,-24.904027272318203,-0.7799029984127459
RNU6-664P,Pseudogene,RNU6,0.7141628226311706,0.303000003099442,0,0,-24.050481448165723,1.3528080319859925
RNU6-665P,Pseudogene,RNU6,1.2335539663629311,0.44200000166893,0,0,-19.259616465447433,-19.43734381763602
RNU6-666P,Pseudogene,RNU6,1.4607875917455764,0.326999992132187,0,0,-20.288489431191753,17.166519715906308
RNU6-667P,Pseudogene,RNU6,1.4302351715260608,-0.221000000834465,0,0,-1.3699859969984347,-21.098529538701133
RNU6-668P,Pseudogene,RNU6,1.266015912846166,-0.170000001788139,0,0,12.267670274873893,-8.822726119271069
RNU6-669P,Pseudogene,RNU6,1.298477859329401,0.156000003218651,0,0,-19.49132897737082,-27.820640989653988
RNU6-66P,Pseudogene,RNU6,1.0687471611403534,-0.175999999046326,0,0,-9.0289905259625,-6.841213318802951
RNU6-670P,Pseudogene,RNU6,0.5677719293558127,0.30799999833107,0,0,-20.98201673968815,1.9111157454562695
RNU6-672P,Pseudogene,RNU6,1.298477859329401,-0.0700000002980232,0,0,-7.023137965247181,-20.636881694546627
RNU6-673P,Pseudogene,RNU6,1.3359339514254416,0.284000009298325,0,0,-15.161622583164872,-14.826361345388525
RNU6-674P,Pseudogene,RNU6,0.5193911437317604,0.0405000001192093,0.36,0,-15.877247895587978,3.2275416155753955
RNU6-675P,Pseudogene,RNU6,0.834958719640901,0.0919999983161688,0,0,-12.240702245009823,-1.4052454140757886
RNU6-677P,Pseudogene,RNU6,1.1348825052703255,0.0070000002160668,0,0,-18.206396222494696,28.341672205185738
RNU6-678P,Pseudogene,RNU6,0.9559894331301324,0.30799999833107,1.15,0,26.25355725508591,-13.383621310605388
RNU6-679P,Pseudogene,RNU6,1.2451912679323929,0.214000001549721,0,0,-14.441372004311198,-15.890451899182846
RNU6-67P,Pseudogene,RNU6,1.145873244933987,0.214000001549721,0.1,0,-18.919474407474638,-12.920800771084272
RNU6-680P,Pseudogene,RNU6,1.2570502323888917,-0.125,0,0,-3.7313427151464538,-13.802672062568902
RNU6-681P,Pseudogene,RNU6,1.703315788067438,0.0010000001639127,1.39,0,-0.42852997101425827,-24.876541322657058
RNU6-682P,Pseudogene,RNU6,1.4090322242392863,0.287000000476837,0,0,22.01317877343453,-22.843526227226096
RNU6-684P,Pseudogene,RNU6,1.2451912679323929,0.214000001549721,0,0,-21.4406430349544,-22.137210878706743
RNU6-685P,Pseudogene,RNU6,0.7312480576223469,0.103000000119209,0,0,-12.137445126825758,1.1184076671209517
RNU6-686P,Pseudogene,RNU6,1.0387822874635209,0.214000001549721,0,0,28.50189555356563,-19.174600781718027
RNU6-687P,Pseudogene,RNU6,1.209845803201018,0.31700000166893,0,0,-17.211172432877998,-13.648783779768227
RNU6-689P,Pseudogene,RNU6,1.2335539663629311,0.305000007152557,1.45,0,17.212108637419718,18.171237431853857
RNU6-68P,Pseudogene,RNU6,1.1689422074972615,0.268999993801117,0,0,-17.874643969784394,-13.060406499730467
RNU6-690P,Pseudogene,RNU6,0.9830457378413626,0.282999992370605,0,0,-22.20046489860151,-6.5226622307591064
RNU6-692P,Pseudogene,RNU6,0.9738583944970508,-0.18299999833107,0,0,-6.355928781899913,-1.8285922839299222
RNU6-693P,Pseudogene,RNU6,0.6817008761479356,0.801999986171722,0.67,0.54,-5.133718706932297,19.48215295657234
RNU6-694P,Pseudogene,RNU6,1.5358696448360518,0.214000001549721,0.43,0,-10.504010210438688,-28.52718322922699
RNU6-695P,Pseudogene,RNU6,1.3359339514254416,0.305000007152557,0,0,-16.076552049351598,-16.606735397364865
RNU6-696P,Pseudogene,RNU6,1.266015912846166,-0.13400000333786,0,0,-5.016281147514061,-13.706665182467157
RNU6-697P,Pseudogene,RNU6,1.298477859329401,-0.230000004172325,0,0,-0.4486921496516999,-16.017647862324772
RNU6-698P,Pseudogene,RNU6,1.5581734311952813,0.203999996185303,0,0,26.064485411316625,-24.62125532767196
RNU6-699P,Pseudogene,RNU6,1.2630648268022358,0.221000000834465,0,0,-16.756953171652835,21.45660152087934
RNU6-7,Functional,RNU6,2.8241893440414474,2.88700008392334,0.47,0.95,10.272998688948668,6.581788826786049
RNU6-700P,Pseudogene,RNU6,1.3958636987791062,-0.259999990463257,0,0,0.7269972912733966,-18.030431161015315
RNU6-701P,Pseudogene,RNU6,1.103706180429991,0.296999990940094,0,0,32.81123380130197,-18.098878925063193
RNU6-702P,Pseudogene,RNU6,1.103706180429991,-0.36599999666214,0,0,-7.370104497979451,-10.879518916020002
RNU6-703P,Pseudogene,RNU6,1.7529451100946911,0.284000009298325,0.21,0,5.925531804555939,-28.278863593632657
RNU6-704P,Pseudogene,RNU6,0.4383938597881546,0.30799999833107,0,0,-21.5360229043845,4.034474658192694
RNU6-705P,Pseudogene,RNU6,1.135543858711625,0.28099998831749,0,0,-24.18666813481909,-16.84992509420117
RNU6-706P,Pseudogene,RNU6,1.3359339514254416,0.0499999988824129,0,0,-10.108806274273872,-18.28074448171256
RNU6-707P,Pseudogene,RNU6,1.060309683552403,0.416999995708466,0.09,0,-31.20234662396499,-15.544221198890702
RNU6-708P,Pseudogene,RNU6,1.298477859329401,-0.243000000715256,0,0,-6.478193580288052,-13.59803671582653
RNU6-709P,Pseudogene,RNU6,1.2691372538541694,-0.0305000012740493,0,0,-22.247464468859295,26.46695911378894
RNU6-70P,Pseudogene,RNU6,1.3314808382540235,0.211999997496605,0,0,-16.118630755754424,-22.687610810427365
RNU6-710P,Pseudogene,RNU6,0.9924080782017566,0.214000001549721,0,0,-27.59844455746924,-7.907310846144517
RNU6-711P,Pseudogene,RNU6,0.9175093553186052,0.30799999833107,0,0,-25.2502648948328,-4.558209357380779
RNU6-712P,Pseudogene,RNU6,1.4935741576936437,0.287000000476837,0,0,-12.22489895126456,-29.134245792466572
RNU6-713P,Pseudogene,RNU6,1.4607875917455764,0.214000001549721,0,0,-19.06176822622715,-30.51454864271651
RNU6-714P,Pseudogene,RNU6,0.8767877195763092,0.261000007390976,0.22,0,-24.027929436999806,-3.7133124682360297
RNU6-715P,Pseudogene,RNU6,0.8430651149772205,0.263999998569489,0,0,20.728390460009543,25.929106666340754
RNU6-716P,Pseudogene,RNU6,0.9779555333735755,0.277999997138977,0,0,26.524668712665434,-14.218646266223354
RNU6-717P,Pseudogene,RNU6,1.3693323002110775,0.266000002622604,0,0,20.95696405825508,13.15122628355891
RNU6-718P,Pseudogene,RNU6,1.3232107709356753,-0.0370000004768372,0,0,-23.31044897190231,25.541843734692833
RNU6-719P,Pseudogene,RNU6,0.9351537659978092,0.291500002145767,0,0,-25.51041807923117,-5.149316713394921
RNU6-71P,Pseudogene,RNU6,1.006320340980286,0.282999992370605,0,0,-29.617341419838215,-11.373046690347508
RNU6-720P,Pseudogene,RNU6,1.157809424568716,0.30799999833107,0,0,-27.67305291107615,-17.55287752512418
RNU6-721P,Pseudogene,RNU6,1.8524950793099453,-0.296000003814697,0,0.03,-27.74626891764124,18.89851115236714
RNU6-722P,Pseudogene,RNU6,0.9017554172121732,-0.0130000002682209,1.26,0,-10.608603813154588,-3.2696088036842954
RNU6-723P,Pseudogene,RNU6,0.9738583944970508,0.268999993801117,0,0,-27.23802382345845,-8.209455359161645
RNU6-724P,Pseudogene,RNU6,1.190889693842108,-0.0920000001788139,0,0,0.2435819421255242,-9.821303727119766
RNU6-725P,Pseudogene,RNU6,0.7151175857630304,0.0769999995827675,0,0,-14.593253543903101,2.0529677570134766
RNU6-726P,Pseudogene,RNU6,0.5843150366982305,0.30799999833107,0.73,0,-22.440180578451848,3.5200575826575307
RNU6-727P,Pseudogene,RNU6,0.8115486620808757,0.30799999833107,0,0,-16.894488815749355,-5.353152116493119
RNU6-728P,Pseudogene,RNU6,1.2023405562828977,-0.167999997735023,0,0,14.595031227946787,24.12862516214705
RNU6-729P,Pseudogene,RNU6,1.7204831636114566,-0.273000001907349,0,0,-1.7902151024156088,-25.420069349355217
RNU6-72P,Pseudogene,RNU6,1.3629908415808936,-0.0869999974966049,0,0,-5.485311844588987,-20.927966303451015
RNU6-730P,Pseudogene,RNU6,1.2691372538541694,-0.0580000001937151,0,0,-2.443410553742952,-14.897391605821387
RNU6-731P,Pseudogene,RNU6,1.4081465974484384,0.217999994754791,0.63,0,23.96674295606656,-22.97957647100195
RNU6-732P,Pseudogene,RNU6,1.5849624161571745,0.30799999833107,0,0,-18.903235331309045,-32.3108606530796
RNU6-733P,Pseudogene,RNU6,1.3693323002110775,0.0579999973997474,0,0,-4.649335507359137,-18.237903209667387
RNU6-735P,Pseudogene,RNU6,1.136168126913226,0.238000005483627,0,0,26.35005768433087,-19.2611673997168
RNU6-737P,Pseudogene,RNU6,1.2335539663629311,0.300000011920929,0,0,17.953488573086428,17.179872172457056
RNU6-738P,Pseudogene,RNU6,1.1468866941482565,0.30799999833107,0,0,-28.107495651151943,-17.382619272834038
RNU6-739P,Pseudogene,RNU6,1.1465685563690198,-0.101999998092651,0.3,0,-6.8883789164153155,-7.4403268280545065
RNU6-73P,Pseudogene,RNU6,1.2335539663629311,-0.0829999968409538,0,0,-9.86162925136847,-9.97128353761523
RNU6-740P,Pseudogene,RNU6,1.2901305016622835,-0.0640000030398369,0,0,-3.1968645067160883,-15.670473043222012
RNU6-741P,Pseudogene,RNU6,1.103706180429991,0.273999989032745,0,0,-21.720786299502624,-12.841314463075372
RNU6-742P,Pseudogene,RNU6,0.9089345015305808,0.30799999833107,0.47,0,-27.501992179142444,-0.49808714247559227
RNU6-743P,Pseudogene,RNU6,1.343495841716529,0.239999994635582,0.67,0,-22.150008023830154,-27.418646627364648
RNU6-744P,Pseudogene,RNU6,0.8764725550473457,0.30799999833107,0,0,-25.810867874118884,-2.3107824840574436
RNU6-745P,Pseudogene,RNU6,1.3107276504551504,0.0019999999203719,0,0,-4.179678632689319,-16.85207903842584
RNU6-746P,Pseudogene,RNU6,1.115321005318488,-0.158999994397163,0,0,-9.096890975313723,-8.049928926375445
RNU6-747P,Pseudogene,RNU6,0.5677719293558127,0.261999994516373,0.03,0,-21.912078469010744,3.1592926612813472
RNU6-748P,Pseudogene,RNU6,1.5257114847120463,0.0769999995827675,1.18,0,-16.649643720141718,-30.563151647422057
RNU6-749P,Pseudogene,RNU6,0.1623097324161751,-0.196999996900558,0,0.26,-16.67268977632172,5.752592615620407
RNU6-74P,Pseudogene,RNU6,0.9738583944970508,-0.109999999403954,0,0,-9.262687090038396,-4.186717818741325
RNU6-750P,Pseudogene,RNU6,0.7466247691144057,0.256999999284744,4.4,0,-21.718929750403436,-1.8187529855291136
RNU6-751P,Pseudogene,RNU6,1.3412247789558394,0.764999985694885,0,0.48,6.388267014223687,16.810371235740927
RNU6-752P,Pseudogene,RNU6,1.2940222980473886,-0.136500000953674,0,0,12.686705193259368,22.618086574168665
RNU6-753P,Pseudogene,RNU6,1.3634017522958712,0.451999992132187,0,0,-22.97514453769,-29.06423607739551
RNU6-754P,Pseudogene,RNU6,1.0387822874635209,0.0439999997615814,0,0,-3.8651326566592448,-6.2671962069979825
RNU6-755P,Pseudogene,RNU6,0.7756199057790428,-0.163000002503395,0,0,-9.57145163536992,2.4359679847509073
RNU6-756P,Pseudogene,RNU6,1.266015912846166,0.301999986171722,0,0,18.50543454507652,15.945921992398636
RNU6-757P,Pseudogene,RNU6,1.5630427231677666,0.0405000001192093,1.65,0,-4.6932254890200715,-26.235417058992276
RNU6-758P,Pseudogene,RNU6,2.224555186530904,0.30799999833107,0.63,0.56,0.9929042478042625,-30.3314535121289
RNU6-759P,Pseudogene,RNU6,1.7872980437517072,0.294999986886978,0.77,0,20.17254994043317,9.38474068724085
RNU6-75P,Pseudogene,RNU6,1.3693323002110775,0.0515000000596046,0,0,-9.870235428119328,-18.565321211846882
RNU6-760P,Pseudogene,RNU6,1.2532988616465484,0.211999997496605,0,0,24.104407241458606,-21.1095151664832
RNU6-761P,Pseudogene,RNU6,1.4932495382288111,0.214000001549721,3.84,0,29.033891213707342,-23.307200292198896
RNU6-762P,Pseudogene,RNU6,0.9534901143507074,0.0149999996647239,1.95,0,-9.583396685132442,-2.104432236749304
RNU6-763P,Pseudogene,RNU6,0.9175093553186052,0.30799999833107,0,0,-21.955427568836118,-5.127486996348989
RNU6-764P,Pseudogene,RNU6,1.0585686167485404,0.308999985456467,0,0,-20.35939487142523,-11.67484452575733
RNU6-765P,Pseudogene,RNU6,1.473575631269275,0.0179999992251396,0,0,-25.103267704004917,21.53053256253056
RNU6-766P,Pseudogene,RNU6,0.7141628226311706,0.30799999833107,0.67,0,-22.86839718502882,0.41230873473558993
RNU6-767P,Pseudogene,RNU6,1.3958636987791062,-0.0729999989271164,0.71,0,-4.911100678372218,-20.95907456303026
RNU6-768P,Pseudogene,RNU6,1.006320340980286,0.30799999833107,0,0,-26.025983035427828,-9.37339159860952
RNU6-769P,Pseudogene,RNU6,1.1689422074972615,0.282999992370605,0.22,0,-23.344642445237533,-17.606837092561985
RNU6-76P,Pseudogene,RNU6,1.2691372538541694,0.245000004768372,0,0,-22.51180694033698,-23.35097388517892
RNU6-770P,Pseudogene,RNU6,0.9924080782017566,0.228000000119209,0,0,-23.20682784585468,-6.280364804555533
RNU6-771P,Pseudogene,RNU6,1.5581734311952813,0.146999999880791,0,0,26.231768654395285,-24.26983523641771
RNU6-772P,Pseudogene,RNU6,1.157809424568716,-0.250999987125397,0,0,-5.292726359436503,-11.231495394300365
RNU6-774P,Pseudogene,RNU6,1.266015912846166,0.017000000923872,0,0,-5.491410545997864,-16.6842108361608
RNU6-775P,Pseudogene,RNU6,0.6874493458376751,-0.0670000016689301,0,0,18.173194502448943,27.361249905992906
RNU6-776P,Pseudogene,RNU6,1.3693323002110775,0.28600001335144,0,0,21.068438565218898,13.094697243379438
RNU6-777P,Pseudogene,RNU6,1.3025356026398056,0.305000007152557,0,0,-22.33376599135117,-25.35764133141648
RNU6-778P,Pseudogene,RNU6,0.7418973011799539,0.284000009298325,0,0,25.65576111837123,-6.597817141410659
RNU6-77P,Pseudogene,RNU6,0.9924080782017566,-0.0529999993741512,0,0,-0.5454536530703871,-4.459902657681387
RNU6-780P,Pseudogene,RNU6,1.2023405562828977,-0.399000003933907,0.27,0,-6.430977319776319,-11.59869227496927
RNU6-782P,Pseudogene,RNU6,1.0687471611403534,0.214000001549721,0.32,0,-19.478485668214837,-11.211578663672553
RNU6-783P,Pseudogene,RNU6,1.0585686167485404,0.282999992370605,0,0,18.916559370146164,21.487417641033176
RNU6-784P,Pseudogene,RNU6,0.6553638252275752,0.30799999833107,0.31,0,25.92695301620698,-5.664688652474049
RNU6-785P,Pseudogene,RNU6,0.033398348785636,0.254999995231628,1.45,0.26,-19.030410768057983,5.831045617147276
RNU6-786P,Pseudogene,RNU6,1.19640307205434,-0.223000004887581,0.31,0,-22.482496678424422,31.232911907084986
RNU6-787P,Pseudogene,RNU6,1.136168126913226,0.204999998211861,0,0,-24.3131655043219,-15.17234074217559
RNU6-788P,Pseudogene,RNU6,1.0687471611403534,-0.210500001907349,0,0,17.753433898596832,-9.401922275051314
RNU6-789P,Pseudogene,RNU6,1.9750866654407508,-0.166999995708466,0,0.37,-0.8022732283059008,-26.721368930864042
RNU6-78P,Pseudogene,RNU6,1.3634017522958712,0.294999986886978,0,0,16.790155358546826,17.529936224777583
RNU6-790P,Pseudogene,RNU6,0.9924080782017566,0.28099998831749,0,0,25.034286383478488,21.110019918543408
RNU6-791P,Pseudogene,RNU6,0.7681620220696289,0.287000000476837,0.04,0,-23.410369492383175,-0.3953158680819882
RNU6-792P,Pseudogene,RNU6,0.6817008761479356,-0.061999998986721,0.24,0,-12.880033539269544,-0.2576421852979711
RNU6-793P,Pseudogene,RNU6,1.4695273465679857,0.327500000596046,0,0,-12.020247852995638,-26.87791460621785
RNU6-794P,Pseudogene,RNU6,1.248263285863147,0.226999998092651,0.65,0,20.490837070029126,14.776397414360849
RNU6-795P,Pseudogene,RNU6,1.2477363701662862,0.239999994635582,0.38,0,-16.362171926662754,-17.852910523439377
RNU6-796P,Pseudogene,RNU6,1.0712442339467558,0.317999988794327,0,0,-22.232589844389498,-12.168938239375397
RNU6-797P,Pseudogene,RNU6,1.2427862630691724,-0.125,0,0,-9.637651725153365,-10.049824346641316
RNU6-798P,Pseudogene,RNU6,0.910510324175398,-0.0480000004172325,0,0,-1.2497947731793928,-3.3877619016363942
RNU6-799P,Pseudogene,RNU6,0.7790867155976406,-0.237000003457069,0,0,-9.623407246694105,3.973643554414674
RNU6-79P,Pseudogene,RNU6,1.298477859329401,0.218999996781349,0,0,-16.72125529105969,-22.047601336552543
RNU6-8,Functional,RNU6,3.8954335779882032,1.48800003528595,1.75,0.98,10.20444646081804,6.552278448644733
RNU6-800P,Pseudogene,RNU6,1.0116781379726645,0.347000002861023,0,0,-26.42078354419005,-9.831452048889382
RNU6-801P,Pseudogene,RNU6,0.8931672703815808,-0.127000004053116,0,0,-7.512082525147785,0.8372134444397996
RNU6-803P,Pseudogene,RNU6,1.2599690796777203,0.194000005722046,0,0,13.825142037843413,-22.379804259068514
RNU6-804P,Pseudogene,RNU6,1.2335539663629311,0.284000009298325,0,0,-24.05039132477486,-22.967323632702207
RNU6-805P,Pseudogene,RNU6,1.1141185028868776,0.214000001549721,0.37,0,-24.508179443220268,-14.775006522341185
RNU6-806P,Pseudogene,RNU6,1.157809424568716,0.30799999833107,0,0,-20.42171717889744,-14.055655596831121
RNU6-807P,Pseudogene,RNU6,1.3958636987791062,0.30799999833107,4.27,0,16.680976699529932,17.01702627181484
RNU6-808P,Pseudogene,RNU6,1.0291639329499698,0.30799999833107,3.73,0,-8.26322765862283,23.445381506746298
RNU6-809P,Pseudogene,RNU6,1.0712442339467558,-0.137999996542931,0,0,-5.444498142749658,-4.303299138976717
RNU6-80P,Pseudogene,RNU6,1.330939805812636,0.146999999880791,0,0,-20.54289939743246,-23.911573687413917
RNU6-810P,Pseudogene,RNU6,1.0712442339467558,0.277999997138977,0,0,26.322591614949257,-15.37780820749492
RNU6-811P,Pseudogene,RNU6,1.006320340980286,-0.156000003218651,0,0,-18.097726115775334,34.000045148270374
RNU6-812P,Pseudogene,RNU6,0.9089345015305808,-0.229000002145767,0,0,-6.585341718940103,-0.28396128764076645
RNU6-813P,Pseudogene,RNU6,1.4283256452623412,-0.138999998569489,0,0,-1.0527077068188582,-19.974728183861508
RNU6-815P,Pseudogene,RNU6,1.2602704355924963,0.214000001549721,0,0,-20.96485581661118,-21.869468004312747
RNU6-816P,Pseudogene,RNU6,0.3570814113155853,-0.203999996185303,0,0.06,-16.04740537036182,5.314453495005972
RNU6-817P,Pseudogene,RNU6,0.6345686269270847,-0.261000007390976,0.69,0,-13.136786742518211,3.4834022297472513
RNU6-818P,Pseudogene,RNU6,1.286454916187462,0.284000009298325,0.08,0,-19.5732176030631,-20.878916385703242
RNU6-819P,Pseudogene,RNU6,1.4932495382288111,-0.151999995112419,0,0,-2.2581462347248724,-22.685787682359877
RNU6-81P,Pseudogene,RNU6,1.1689422074972615,0.26800000667572,0,0,-18.102820756048658,-13.291287637757122
RNU6-820P,Pseudogene,RNU6,1.4607875917455764,0.291999995708466,0,0,-19.6325983839018,-30.972566008461843
RNU6-821P,Pseudogene,RNU6,0.8440106085641107,-0.0555000007152557,0,0,-9.479645696964496,0.9544517220763682
RNU6-822P,Pseudogene,RNU6,1.7039459455916952,0.30799999833107,0.48,0,-7.680526168959246,-29.74861456373175
RNU6-823P,Pseudogene,RNU6,0.7756199057790428,0.0610000006854534,0,0,-11.742965661406377,0.8941584601923858
RNU6-824P,Pseudogene,RNU6,1.4027306489967135,-0.0989999994635582,0.22,0,-0.5905440414470173,-18.827544389348702
RNU6-826P,Pseudogene,RNU6,1.502925695353622,0.30799999833107,0.74,0,24.429533035220746,-24.63650484601296
RNU6-827P,Pseudogene,RNU6,1.04858212036412,0.217999994754791,0,0,-23.962158240324133,-13.2118549521016
RNU6-828P,Pseudogene,RNU6,1.2335539663629311,0.30799999833107,3.33,0,25.816603049118758,-20.252571734525528
RNU6-829P,Pseudogene,RNU6,1.364561107527415,0.214000001549721,0,0,-15.276740837327479,-23.16081713456139
RNU6-82P,Pseudogene,RNU6,1.201092019879696,-0.168999999761581,17.18,0.03,1.2181288136042674,-9.442404036467854
RNU6-830P,Pseudogene,RNU6,1.9152548425108664,0.29899999499321,0,0.42,-6.720159233123881,-30.05964879082876
RNU6-831P,Pseudogene,RNU6,1.201092019879696,0.30799999833107,0,0,-23.351823663028185,-19.891292927321746
RNU6-832P,Pseudogene,RNU6,1.0712442339467558,0.30799999833107,0,0,-29.58505085058789,-13.114301184249982
RNU6-833P,Pseudogene,RNU6,1.201092019879696,0.160999998450279,0.91,0,23.063002102900786,-19.797637037776003
RNU6-834P,Pseudogene,RNU6,0.9472986201016766,0.214000001549721,0,0,-26.267256546407516,-6.198916321236231
RNU6-835P,Pseudogene,RNU6,1.0353488123547172,-0.123999997973442,0,0,0.7502058052199448,-5.796855023114509
RNU6-836P,Pseudogene,RNU6,0.9089345015305808,0.0520000010728836,0,0,-10.345141447047133,-1.8715687590040302
RNU6-837P,Pseudogene,RNU6,1.2542935432827758,0.130499996244907,0.08,0,-17.598479380256418,23.23028716814353
RNU6-838P,Pseudogene,RNU6,1.0613253058546563,0.306500002741814,0.3,0,-27.45497309023771,-11.0401855122475
RNU6-839P,Pseudogene,RNU6,1.4151004078062084,-0.0245000002905726,0,0,-3.237536429203981,-19.126869014628863
RNU6-83P,Pseudogene,RNU6,0.9613953257579516,-0.0279999999329448,0,0,-11.784588861592198,-5.867531851217211
RNU6-840P,Pseudogene,RNU6,0.7481230127982473,-0.177000001072884,0,0,-9.957479920898676,2.9982626814747415
RNU6-841P,Pseudogene,RNU6,1.0712442339467558,0.17399999499321,0,0,26.50882748606502,-16.855486948644998
RNU6-842P,Pseudogene,RNU6,1.9477167889941016,0.146999999880791,0,0.49,-2.2431657565075165,-29.153765465822964
RNU6-843P,Pseudogene,RNU6,1.3025356026398056,0.306500002741814,0,0,-18.937063518811968,-20.76012624835487
RNU6-844P,Pseudogene,RNU6,1.0897029878293798,-0.167499996721745,0,0,-5.187817141457022,-4.149013916959449
RNU6-845P,Pseudogene,RNU6,0.7756199057790428,0.006000000052154,0,0,-11.288288529442596,1.1621721814618238
RNU6-847P,Pseudogene,RNU6,1.801036882662447,0.218999996781349,0,0.01,-6.685875777101139,-29.64608658659536
RNU6-848P,Pseudogene,RNU6,1.0712442339467558,-0.25,0,0,-4.8255018801697505,-3.293699421038074
RNU6-849P,Pseudogene,RNU6,1.190889693842108,0.30799999833107,0,0,-22.832719138535758,-18.4044421513049
RNU6-84P,Pseudogene,RNU6,1.123756206199048,0.263999998569489,0,0,17.306505215212415,19.030361345333574
RNU6-850P,Pseudogene,RNU6,1.0116781379726645,0.193000003695488,7.05,0,16.51740893336098,20.723350407445018
RNU6-851P,Pseudogene,RNU6,1.4607875917455764,0.294999986886978,0.36,0,-12.199447807700011,-27.810561152718297
RNU6-853P,Pseudogene,RNU6,0.8764725550473457,0.30799999833107,12.28,0,-25.928371976302376,-2.0901950240766336
RNU6-854P,Pseudogene,RNU6,1.006320340980286,-0.160999998450279,0,0,15.623262796667014,24.559917619340805
RNU6-855P,Pseudogene,RNU6,1.1021455099259891,-0.10050000064075,0,0,18.703309328971013,-9.858877048655986
RNU6-856P,Pseudogene,RNU6,0.5316471847509411,-0.0510000009089708,0.51,0,-15.079610043122523,4.151055814509663
RNU6-857P,Pseudogene,RNU6,1.2630648268022358,0.284999996423721,0,0,28.530791521112217,-21.576698200144392
RNU6-858P,Pseudogene,RNU6,1.4607875917455764,0.0719999969005585,0.3,0,-15.897143598410404,-30.182328371431545
RNU6-859P,Pseudogene,RNU6,1.0387822874635209,-0.579999983310699,2.66,0,-2.609756571135616,-0.7010277960894564
RNU6-85P,Pseudogene,RNU6,1.006320340980286,0.30799999833107,0,0,-26.913662573736804,-9.553169864289131
RNU6-860P,Pseudogene,RNU6,1.2357389050685337,0.254999995231628,0,0.01,-20.424744764425025,-19.473274947123155
RNU6-861P,Pseudogene,RNU6,1.2124230766710138,-0.0095000001601874,0,0,-20.874165196424595,27.136149080646188
RNU6-862P,Pseudogene,RNU6,1.4886121173026348,-0.216000005602837,0.31,0,-0.49767095716995863,-20.970298635246063
RNU6-863P,Pseudogene,RNU6,1.60312074171053,0.20100000500679,0,0,-9.161027752630192,-29.536931000864616
RNU6-864P,Pseudogene,RNU6,1.093486678759343,0.282999992370605,0,0,-19.795737828073417,-11.95764686679963
RNU6-865P,Pseudogene,RNU6,0.8440106085641107,-0.254999995231628,0,0,-7.107213056923886,1.6338255376955326
RNU6-866P,Pseudogene,RNU6,1.4520069013033898,0.206000000238419,0,0,23.68557562043155,12.766480641805241
RNU6-867P,Pseudogene,RNU6,1.136168126913226,0.158000007271767,0,0,-24.248633488584776,-14.954461615448945
RNU6-869P,Pseudogene,RNU6,1.4932495382288111,0.305000007152557,0,0,-19.326986319321705,-31.73304668170928
RNU6-86P,Pseudogene,RNU6,1.266015912846166,0.118000000715256,0,0,-20.32350236770108,-23.421446593347824
RNU6-871P,Pseudogene,RNU6,1.146231330323029,-5.000000819563e-4,0,0,-2.590239355283203,-9.177332884455625
RNU6-873P,Pseudogene,RNU6,1.3634017522958712,0.284000009298325,0.67,0,-15.37319762904268,-24.8702068568299
RNU6-874P,Pseudogene,RNU6,1.0916488860219322,0.30799999833107,0,0,-26.38770460674456,-16.44649315326026
RNU6-875P,Pseudogene,RNU6,1.1468866941482565,0.293000012636185,0,0,-26.464720161551284,-17.2991019045803
RNU6-876P,Pseudogene,RNU6,1.502925695353622,0.214000001549721,7.04,0,-12.169209777563216,-28.811763428938296
RNU6-877P,Pseudogene,RNU6,1.4283256452623412,0.187000006437302,0.67,0,23.669562379263674,9.855002799590455
RNU6-878P,Pseudogene,RNU6,1.105181723451956,0.293000012636185,0.29,0,-27.600259869251108,-16.7591703013294
RNU6-879P,Pseudogene,RNU6,1.1256480516640297,0.232999995350838,0,0,-26.243981507832032,-15.536713871419227
RNU6-87P,Pseudogene,RNU6,1.3507776619968357,0.26800000667572,0,0,18.37336073113997,12.045034924477257
RNU6-880P,Pseudogene,RNU6,1.201092019879696,0.146999999880791,0,0,-26.52827687150465,-24.28374732222226
RNU6-881P,Pseudogene,RNU6,1.3280755164170566,-0.125500001013279,2.85,0,11.431115613899083,-10.185768877157518
RNU6-882P,Pseudogene,RNU6,0.6070068827835987,0.30799999833107,1.92,0,-22.47965736233609,3.0994262512940005
RNU6-883P,Pseudogene,RNU6,0.6817008761479356,0.0219999998807907,0.79,0,-11.942280137851474,1.6709825822316091
RNU6-884P,Pseudogene,RNU6,0.6492389296647005,0.168999999761581,0.42,0,29.392767060876356,-14.09444852911822
RNU6-885P,Pseudogene,RNU6,1.3359339514254416,-0.028999999165535,0,0,18.082777056154132,-12.739397371184427
RNU6-886P,Pseudogene,RNU6,1.2901305016622835,0.197999998927116,0.31,0,22.74699701278582,-21.183620102644774
RNU6-887P,Pseudogene,RNU6,0.5557485237929837,0.200000002980232,0,0,26.79860228818968,-6.700604479193794
RNU6-888P,Pseudogene,RNU6,1.3068344000082537,0.214000001549721,0,0,21.91217030249745,-21.576228214560924
RNU6-889P,Pseudogene,RNU6,1.41634939316173,0.284000009298325,0,0,-19.620092598491915,17.823667176485415
RNU6-88P,Pseudogene,RNU6,0.868357068426537,0.30799999833107,0.9,0,27.711776726286462,-13.160224881733452
RNU6-890P,Pseudogene,RNU6,1.201092019879696,-0.103000000119209,2,0,16.803472225743928,-11.648752851045579
RNU6-891P,Pseudogene,RNU6,1.0952251313487855,0.284000009298325,0,0,26.45212694018475,-17.534678108904348
RNU6-892P,Pseudogene,RNU6,1.2630648268022358,0.30799999833107,0.68,0,-19.672003765166018,-20.41222276847739
RNU6-893P,Pseudogene,RNU6,1.3199027440083362,0.202999994158745,0.4,0,-16.661285841994516,-22.57354682731997
RNU6-894P,Pseudogene,RNU6,0.7608461932880134,0.284999996423721,0,0,-4.988346406660574,28.799030556901677
RNU6-895P,Pseudogene,RNU6,1.1802911609681086,0.307000011205673,0,0,-17.37637874790318,-13.152338487201916
RNU6-896P,Pseudogene,RNU6,1.266015912846166,0.30799999833107,0,0,-19.1498426338522,-20.142454705183823
RNU6-897P,Pseudogene,RNU6,1.356291040209067,-0.162000000476837,0,0,-0.18781284013901714,-17.604660289739027
RNU6-898P,Pseudogene,RNU6,0.9017554172121732,0.194999992847443,0,0,-27.41134549989731,-6.050726466148928
RNU6-899P,Pseudogene,RNU6,1.330939805812636,0.30799999833107,0,0,24.289372207882103,9.86816452992669
RNU6-89P,Pseudogene,RNU6,0.5210142410559222,0.30799999833107,0.33,0,-21.947556885043042,3.6373295289464287
RNU6-9,Functional,RNU6,4.9342158654517245,2.90599989891052,0.98,0.98,10.09695582009149,6.505619236529785
RNU6-900P,Pseudogene,RNU6,1.2599690796777203,0.146999999880791,0.28,0,-20.727821105454453,-23.391118682609225
RNU6-901P,Pseudogene,RNU6,1.1468866941482565,0.284000009298325,0,0,-26.046542177499,-17.237623628553997
RNU6-902P,Pseudogene,RNU6,1.1069167026096516,0.0900000035762787,0,0,-1.8153670123826426,-6.599641230899174
RNU6-903P,Pseudogene,RNU6,1.1790536341938302,-0.096000000834465,0,0,-7.584727430558472,-8.516679832581588
RNU6-904P,Pseudogene,RNU6,1.1692728842179114,-0.0670000016689301,0,0,-20.1054356411276,29.184706773329626
RNU6-905P,Pseudogene,RNU6,1.3958636987791062,0.0299999993294477,0,0,-3.9472424579141325,-18.634973454243525
RNU6-906P,Pseudogene,RNU6,1.6870937329429865,0.293000012636185,1.24,0,-7.28777442644342,-29.190734387729787
RNU6-907P,Pseudogene,RNU6,1.0215965510900435,0.30799999833107,0.26,0,-26.25492726253666,-9.749356899610266
RNU6-908P,Pseudogene,RNU6,1.6997627722391788,0.124499998986721,0,0,5.121164752933078,-28.507080065403233
RNU6-909P,Pseudogene,RNU6,1.136168126913226,-0.0590000003576279,0.67,0,-0.48885664824508385,-8.494137306382697
RNU6-90P,Pseudogene,RNU6,1.376264032977908,-0.0525000002235174,4.58,0,-3.4889334925113986,-19.15894175968952
RNU6-910P,Pseudogene,RNU6,1.103706180429991,-0.172000005841255,0,0,13.87718852627803,-7.333705751794532
RNU6-911P,Pseudogene,RNU6,1.0687471611403534,0.208000004291534,0,0,22.224111003577494,15.12546007916937
RNU6-912P,Pseudogene,RNU6,1.77011248563871,0.284000009298325,0,0,-5.042721728622048,-28.842038652923524
RNU6-913P,Pseudogene,RNU6,1.279684100839107,0.270000010728836,0,0,-17.888656359753682,-19.495320340095027
RNU6-914P,Pseudogene,RNU6,0.9878557475678036,-0.0230000000447035,5.81,0,-1.2642849211594718,-4.327073291569228
RNU6-915P,Pseudogene,RNU6,1.0454007425717533,-0.243000000715256,1,0,-5.099643328055563,-3.0555043489302043
RNU6-916P,Pseudogene,RNU6,1.3383852063821855,0.263999998569489,0,0,-15.063438831102353,-14.970816077956721
RNU6-917P,Pseudogene,RNU6,1.4695273465679857,0.256999999284744,0,0,8.228287065397039,16.74972043150727
RNU6-918P,Pseudogene,RNU6,1.1796548854096351,0.421999990940094,0,0,21.876590028359946,-18.11191070317497
RNU6-919P,Pseudogene,RNU6,1.60312074171053,0.226999998092651,0,0,23.814985752756034,-24.93588493222756
RNU6-91P,Pseudogene,RNU6,1.0387822874635209,0.30799999833107,0.09,0,-29.461302282472364,-11.950196479904077
RNU6-920P,Pseudogene,RNU6,0.9816210338734764,-0.185500003397465,0.27,0,-6.228361240372151,-1.7038522012669817
RNU6-921P,Pseudogene,RNU6,1.3634017522958712,0.284000009298325,0.21,0,-25.317958038711286,-28.022866563967973
RNU6-922P,Pseudogene,RNU6,1.1928945586465558,-0.296000003814697,0,0,-6.312581005389897,-11.715454034222264
RNU6-923P,Pseudogene,RNU6,1.298477859329401,-0.068000003695488,0,0,24.00127703286064,9.425286401152182
RNU6-924P,Pseudogene,RNU6,1.1256480516640297,-0.121500000357628,0.21,0,-7.1963535823538285,-7.2902001554623155
RNU6-925P,Pseudogene,RNU6,1.1689422074972615,0.303000003099442,0.76,0,20.37886471549099,17.91583258807427
RNU6-926P,Pseudogene,RNU6,1.298477859329401,0.27700001001358,0,0,27.90267794791731,-22.021066863188217
RNU6-927P,Pseudogene,RNU6,1.1114970475859671,0.204999998211861,0,0.01,22.72533046534378,17.137279952490314
RNU6-928P,Pseudogene,RNU6,1.135543858711625,-0.250500001013279,0.69,0,-21.254057348078,32.56334218510698
RNU6-929P,Pseudogene,RNU6,1.0387822874635209,0.305000007152557,0,0,-28.897692136912934,-11.278100923150832
RNU6-92P,Pseudogene,RNU6,1.1021455099259891,0.30799999833107,0,0,-18.609227609604,-11.866451854552118
RNU6-930P,Pseudogene,RNU6,0.8336227856894756,-0.0325000006705523,3.21,0,17.04580863754935,27.08935624035398
RNU6-931P,Pseudogene,RNU6,1.266015912846166,-0.314999997615814,0.3,0,2.020871318377461,-12.553255924666509
RNU6-932P,Pseudogene,RNU6,0.7864365902730902,0.209000006318092,0,0,-21.450379360867785,-2.4691659424254015
RNU6-933P,Pseudogene,RNU6,1.6555592706449864,0.29899999499321,0.09,0,26.877545933018226,-24.576332610537897
RNU6-934P,Pseudogene,RNU6,0.8115486620808757,0.186000004410744,0,0,-23.503638421416987,-1.9542090687717506
RNU6-935P,Pseudogene,RNU6,0.7988885029524141,0.233500003814697,0,0,-20.95659363503963,-2.8367967526125653
RNU6-936P,Pseudogene,RNU6,0.7790867155976406,0.0070000002160668,0,0,-12.530771261362318,-0.9395910447173601
RNU6-937P,Pseudogene,RNU6,0.950277546579984,0.019000000320375,0,0,-9.766797156796013,-2.174528248893901
RNU6-938P,Pseudogene,RNU6,1.079123347170842,0.282000005245209,0,0,29.275891514985762,-20.00830486319842
RNU6-939P,Pseudogene,RNU6,1.0712442339467558,-0.204999998211861,0,0,-4.970420880729942,-3.5453349291884817
RNU6-940P,Pseudogene,RNU6,0.9685521147834452,-0.235999993979931,0,0,-9.75842325653145,-5.724190033052954
RNU6-941P,Pseudogene,RNU6,0.2572909832374924,-0.280499994754791,0,0.07,-16.349733888828464,5.615561217087133
RNU6-942P,Pseudogene,RNU6,1.201092019879696,-0.120999999344349,0,0,12.308011931892821,25.779525911042075
RNU6-943P,Pseudogene,RNU6,1.0632943695018822,0.0405000001192093,0.34,0,-4.811228601844983,-6.427570694264289
RNU6-944P,Pseudogene,RNU6,0.9738583944970508,-0.108000002801418,2.02,0,-9.25243276057493,-4.165740968902389
RNU6-945P,Pseudogene,RNU6,0.9089345015305808,0.184000000357628,0.64,0,-27.60510963224287,-6.0773493672213625
RNU6-946P,Pseudogene,RNU6,1.330939805812636,0.282999992370605,0,0,-22.60108224417528,-27.344240902425913
RNU6-947P,Pseudogene,RNU6,0.7536683990117115,-0.126999996602535,0,0,18.21697875468088,27.018580902274124
RNU6-948P,Pseudogene,RNU6,0.9089345015305808,-0.0379999987781048,0.24,0,-9.2123019522048,-1.672035863647768
RNU6-949P,Pseudogene,RNU6,0.7141628226311706,0.174999997019768,0,0,29.952910096118288,-15.400463491637064
RNU6-94P,Pseudogene,RNU6,0.9738583944970508,-0.116999998688698,4.06,0,-9.565461071265183,-4.544704348036518
RNU6-950P,Pseudogene,RNU6,1.4607875917455764,0.159999996423721,0,0,23.726948105901307,12.776132187274928
RNU6-951P,Pseudogene,RNU6,0.9413964480138156,0.214000001549721,0,0,-27.083908697338817,-6.470017567853475
RNU6-952P,Pseudogene,RNU6,1.1256480516640297,-0.108000002801418,0.26,0,0.6136692771955978,-7.896713476604213
RNU6-953P,Pseudogene,RNU6,0.9738583944970508,0.277999997138977,0,0,25.045812789987064,-13.378631458023523
RNU6-954P,Pseudogene,RNU6,1.201092019879696,-0.0240000002086162,0.67,0,-1.9464990282353347,-10.79643406606378
RNU6-955P,Pseudogene,RNU6,1.1021455099259891,0.252000004053116,0,0,-21.182699088461757,-12.585467658576922
RNU6-956P,Pseudogene,RNU6,1.079123347170842,0.0649999976158142,0.7,0,-1.7727256970514484,-6.378536752836398
RNU6-957P,Pseudogene,RNU6,0.9823837541795166,0.26800000667572,0,0,-28.259250312663315,-9.074098451540296
RNU6-958P,Pseudogene,RNU6,1.1141185028868776,0.248499989509583,0,0,-19.217455760646164,-12.20193837796252
RNU6-959P,Pseudogene,RNU6,0.7466247691144057,0.30799999833107,0,0,-25.36239529324021,1.0130001334086403
RNU6-95P,Pseudogene,RNU6,1.3958636987791062,0.194999992847443,0,0,-15.68348523377414,-24.119474234593863
RNU6-960P,Pseudogene,RNU6,1.157809424568716,-0.0230000000447035,0,0,-10.244710133508972,-9.244460937542655
RNU6-961P,Pseudogene,RNU6,0.8931672703815808,0.282999992370605,0,0,26.119082430777414,-11.949400694558188
RNU6-964P,Pseudogene,RNU6,1.0571303441714364,0.284000009298325,0,0,-26.712407392893404,-10.719350347762774
RNU6-965P,Pseudogene,RNU6,0.868357068426537,-0.0450000017881393,0,0,-9.184535170162867,0.7914653216754374
RNU6-966P,Pseudogene,RNU6,1.3025356026398056,-0.132500000298023,0,0,-1.1016172482699151,-16.606264699089994
RNU6-967P,Pseudogene,RNU6,1.318616289092149,0.216500014066696,0,0,-14.74984380727868,-15.533336852461403
RNU6-968P,Pseudogene,RNU6,0.8440106085641107,0.214000001549721,0,0,27.27458362516029,-11.889878586397254
RNU6-969P,Pseudogene,RNU6,1.720174002216378,0.284000009298325,1.37,0,20.635751841517777,9.201752805579082
RNU6-970P,Pseudogene,RNU6,0.7141628226311706,-0.0379999987781048,0,0,-11.44320075321758,1.8612086320914918
RNU6-971P,Pseudogene,RNU6,1.2451912679323929,-0.0765000022947788,0,0,16.82725399220443,-11.335328320955016
RNU6-972P,Pseudogene,RNU6,0.7790867155976406,-0.193000003695488,0,0,-9.49407978270466,2.550723536284794
RNU6-973P,Pseudogene,RNU6,1.266015912846166,-0.270000010728836,0,0,12.372335699154526,-8.695760735258606
RNU6-974P,Pseudogene,RNU6,1.4151004078062084,-0.0175000009476207,0,0,-3.00199057261904,-19.118037867897062
RNU6-975P,Pseudogene,RNU6,1.1247291552953242,0.29899999499321,0,0,18.550294108337503,15.135298970528417
RNU6-976P,Pseudogene,RNU6,1.8149445033779872,-0.226999998092651,0,0,-1.404161549860526,-26.201711838437433
RNU6-977P,Pseudogene,RNU6,1.079123347170842,-0.0320000015199184,0,0,-18.06300938446952,29.661260234674593
RNU6-978P,Pseudogene,RNU6,1.7198528345535296,0.407999992370605,0,0.02,-22.605207150056565,16.727393991077975
RNU6-979P,Pseudogene,RNU6,0.8764725550473457,-0.0759999975562096,7.87,0,19.37431759537878,-8.44018647134813
RNU6-97P,Pseudogene,RNU6,1.1021455099259891,0.239999994635582,1.51,0,-28.94789672963954,-16.11169294310143
RNU6-980P,Pseudogene,RNU6,1.3489041839635527,0.298000007867813,0,0,15.404401408355424,-23.217342252655595
RNU6-982P,Pseudogene,RNU6,1.4983416082653973,0.298000007867813,0,0,13.180520972600556,-25.469905228681704
RNU6-983P,Pseudogene,RNU6,1.0116781379726645,0.214000001549721,0,0,-21.662669175520293,-6.8679896925158435
RNU6-984P,Pseudogene,RNU6,1.115321005318488,-0.188999995589256,0,0,2.345221486738347,-7.617051154643752
RNU6-985P,Pseudogene,RNU6,1.001950463569081,0.203999996185303,0,0,23.694245117243657,-10.038749517804634
RNU6-986P,Pseudogene,RNU6,0.8172772408720348,-0.124499995261431,0,0,-8.877440835201734,1.5131816367220423
RNU6-987P,Pseudogene,RNU6,1.2357389050685337,0.0439999997615814,0,0,-11.622047685856252,-17.321859848083168
RNU6-988P,Pseudogene,RNU6,1.103706180429991,0.284000009298325,0,0,-20.56466260590556,-12.436824597961444
RNU6-989P,Pseudogene,RNU6,0.8440106085641107,0.204999998211861,0,0,-22.812473490651286,-3.104691613390623
RNU6-98P,Pseudogene,RNU6,1.006320340980286,0.0570000000298023,0,0,-13.812227413852364,-6.782395336613169
RNU6-990P,Pseudogene,RNU6,1.703315788067438,-0.0780000016093254,0,0,-2.943386286555742,-25.81525775601849
RNU6-991P,Pseudogene,RNU6,1.136168126913226,0.421000003814697,0,0,-16.832748219374107,-12.365049982617691
RNU6-992P,Pseudogene,RNU6,1.2221321703780892,0.30799999833107,0,0,-24.60867165367004,-23.51367099069269
RNU6-993P,Pseudogene,RNU6,1.0968720864335204,0.214000001549721,0,0,15.960805654976712,20.3610751007937
RNU6-994P,Pseudogene,RNU6,1.3768544508384732,-0.0949999988079071,0.63,0,-5.340849122209972,-21.022498206298845
RNU6-995P,Pseudogene,RNU6,1.3634017522958712,0.305999994277954,0,0,-14.265301306837365,-24.78688470816042
RNU6-996P,Pseudogene,RNU6,1.201092019879696,0.28099998831749,0,0,-24.449757333484463,-22.04480396309117
RNU6-997P,Pseudogene,RNU6,1.5581734311952813,-0.143999993801117,0,0,-1.8784369164539676,-23.271389045159083
RNU6-998P,Pseudogene,RNU6,1.10049212632274,-0.156000003218651,1.45,0,1.3893334785781628,-7.21196854291147
RNU6-999P,Pseudogene,RNU6,0.8931672703815808,-0.319999992847443,0,0,-12.038673802650255,38.92321036676489
RNU6-99P,Pseudogene,RNU6,1.103706180429991,0.379000008106232,0,0,-20.19629342721418,-12.697045510851902
RNU4ATAC,Functional,RNU4ATAC,4.836080904160099,3.65599989891052,21.99,1,4.535854478915909,6.855138742865974
RNU4ATAC10P,Pseudogene,RNU4ATAC,0.8256509830940844,0.737000018358231,0,0.5,-5.4182561177364335,19.463550386449267
RNU4ATAC11P,Pseudogene,RNU4ATAC,1.2956438798745156,0.754999995231628,2.54,0.55,-7.961496567506237,17.976992283493356
RNU4ATAC12P,Pseudogene,RNU4ATAC,1.106578919056826,0.592999994754791,0.62,0.49,-7.479776826336606,19.83190012403408
RNU4ATAC13P,Pseudogene,RNU4ATAC,1.1026756424463962,0.865000009536743,0,0.53,-6.6510245313509015,16.26796867696329
RNU4ATAC14P,Pseudogene,RNU4ATAC,1.1708185192267917,0.003000000026077,0,0,-14.567053158209308,30.800415548669317
RNU4ATAC15P,Pseudogene,RNU4ATAC,1.0751087513852364,1.42249995470047,0,0.7,-4.822257251869884,16.54804087056746
RNU4ATAC16P,Pseudogene,RNU4ATAC,1.3507776619968357,0.663500010967255,2.33,0.54,-8.083572394354924,17.93875053707702
RNU4ATAC17P,Pseudogene,RNU4ATAC,1.186754660182934,0.0480000004172325,3.52,0,-18.100121644361938,26.315389740608833
RNU4ATAC18P,Pseudogene,RNU4ATAC,1.4059114441191551,0.784000009298325,2.21,0.55,-6.841481477649956,16.38444088893319
RNU4ATAC2P,Pseudogene,RNU4ATAC,0.9648411871405967,0.75,0,0.51,-5.873339739850894,19.39389397640497
RNU4ATAC3P,Pseudogene,RNU4ATAC,1.2680769888133556,0.306000009179115,0,0,-16.08811746611111,19.712191624808124
RNU4ATAC4P,Pseudogene,RNU4ATAC,0.6616053854678376,0.838499993085861,0,0.55,-5.11742114168916,19.473330718211304
RNU4ATAC5P,Pseudogene,RNU4ATAC,1.1026756424463962,1.06950002908707,0,0.56,6.106838523484823,16.6994687759041
RNU4ATAC6P,Pseudogene,RNU4ATAC,1.3783445530579952,0.344999998807907,0,0,-18.41904381305502,17.7163370844549
RNU4ATAC7P,Pseudogene,RNU4ATAC,1.1114970475859671,0.157000005245209,0,0,-15.622719905945512,25.456932482861852
RNU4ATAC8P,Pseudogene,RNU4ATAC,1.46585046413287,-0.112000003457069,0,0,-26.351801530360433,22.494492759349765
RNU4ATAC9P,Pseudogene,RNU4ATAC,1.3783445530579952,0.825999975204468,0,0.55,-7.987501120988926,17.874135901662562
RNU6ATAC,Functional,RNU6ATAC,4.245301223418625,7.1085000038147,167.93,1,3.364324007453985,7.807082049541721
RNU6ATAC10P,Pseudogene,RNU6ATAC,1.345562304228508,3.58699989318848,16.48,0.89,-0.4499684984268654,10.182617101035628
RNU6ATAC11P,Pseudogene,RNU6ATAC,1.3615838832928102,4.96299982070923,0,0.78,0.21419789039028067,9.401437950112161
RNU6ATAC12P,Pseudogene,RNU6ATAC,1.147741516528988,-0.119999997317791,1.72,0,-20.33977465431085,30.821760873509504
RNU6ATAC13P,Pseudogene,RNU6ATAC,1.16664766445092,0.0750000029802322,0,0,-17.573590252716226,26.21998280871022
RNU6ATAC14P,Pseudogene,RNU6ATAC,0.91606899526316,-0.0359999984502792,0,0,-13.46550341275254,35.82542177472049
RNU6ATAC15P,Pseudogene,RNU6ATAC,1.0334166764745565,3.10999989509583,0,0.78,-0.6651783860411634,10.460215299217417
RNU6ATAC16P,Pseudogene,RNU6ATAC,0.9312814936748368,1.56450003385544,2.28,0.74,-4.757523401052793,16.438622855285928
RNU6ATAC17P,Pseudogene,RNU6ATAC,1.2719596495261951,0.222000002861023,1.3,0.01,7.574654351406219,19.545228139948183
RNU6ATAC18P,Pseudogene,RNU6ATAC,1.10049212632274,2.10999989509583,0.99,0.76,-4.414771886014682,15.895025345061665
RNU6ATAC19P,Pseudogene,RNU6ATAC,0.8209921374214532,0.405000001192093,0,0,-4.583223661119123,26.53757633062048
RNU6ATAC20P,Pseudogene,RNU6ATAC,1.0392934992191625,3.83100008964539,0.41,0.68,0.5341965941170794,10.383235962418782
RNU6ATAC21P,Pseudogene,RNU6ATAC,0.909707405018277,3.2335000038147,0,0.78,-0.7305239162807643,10.345053761167266
RNU6ATAC22P,Pseudogene,RNU6ATAC,1.7172004948659607,0.282999992370605,0,0,9.012832683583285,-28.500555244661573
RNU6ATAC23P,Pseudogene,RNU6ATAC,0.7906991192176597,0.880999982357025,0,0.55,-5.339304374332035,19.399948298655133
RNU6ATAC24P,Pseudogene,RNU6ATAC,0.9005184413312235,0.298000007867813,31.44,0.04,-5.949020452063957,25.87029803426911
RNU6ATAC25P,Pseudogene,RNU6ATAC,1.157809424568716,2.03200006484985,0,0.78,-4.451122645796473,15.95903853549565
RNU6ATAC26P,Pseudogene,RNU6ATAC,0.8545736228959571,5.06799983978271,0,0.7,1.00154105947116,9.701019418318923
RNU6ATAC27P,Pseudogene,RNU6ATAC,0.700523349318887,4.58400011062622,1.24,0.68,0.2720606899971172,9.378441319234609
RNU6ATAC28P,Pseudogene,RNU6ATAC,1.295176644432801,0.239999994635582,0,0,12.20428839087848,16.276558241989306
RNU6ATAC29P,Pseudogene,RNU6ATAC,1.1948593261549147,3.97699999809265,0.54,0.69,0.6718330149633067,10.313898904002723
RNU6ATAC2P,Pseudogene,RNU6ATAC,1.3783445530579952,4.34450006484985,1.25,0.76,-0.02706480453743226,9.710558622782
RNU6ATAC30P,Pseudogene,RNU6ATAC,1.281182559973579,3.994500041008,0.2,0.7,0.335548384155074,10.036713749555608
RNU6ATAC31P,Pseudogene,RNU6ATAC,0.9372742960794368,3.08400011062622,0,0.78,-0.7293563646308385,10.457128170427593
RNU6ATAC32P,Pseudogene,RNU6ATAC,1.005466079230727,0.27700001001358,0,0,12.019956778437383,-16.624030628190248
RNU6ATAC33P,Pseudogene,RNU6ATAC,0.9372742960794368,4.03550004959106,0,0.78,-0.32080340008536296,9.887571842523174
RNU6ATAC34P,Pseudogene,RNU6ATAC,1.0908287140564763,5.07399988174438,0,0.78,0.20298328136317673,9.338575334890654
RNU6ATAC35P,Pseudogene,RNU6ATAC,0.8057727752066064,0.0720000006258488,0.99,0,-8.649169902469914,34.24720150190232
RNU6ATAC36P,Pseudogene,RNU6ATAC,1.2156998957971517,0.282999992370605,0,0,-15.063025340939024,20.571799155621807
RNU6ATAC37P,Pseudogene,RNU6ATAC,1.2196771037441436,3.84699988365173,0,0.7,0.6249870325548372,10.374475643100197
RNU6ATAC38P,Pseudogene,RNU6ATAC,1.0751087513852364,4.13849997520447,0,0.78,-0.13906024126655558,9.855629007963154
RNU6ATAC39P,Pseudogene,RNU6ATAC,1.165579957619513,0.212999999523163,1.55,0,12.45183517161852,16.35181274850438
RNU6ATAC3P,Pseudogene,RNU6ATAC,1.130242533507556,5.24600005149841,0,0.78,0.21770548935107906,9.295779278495269
RNU6ATAC40P,Pseudogene,RNU6ATAC,1.5212094629369992,0.330000013113022,0,0,-21.196003939223154,17.025831052469552
RNU6ATAC41P,Pseudogene,RNU6ATAC,1.0199749692629163,3.64549994468689,0,0.7,0.439922999777675,10.446636871246426
RNU6ATAC42P,Pseudogene,RNU6ATAC,1.4990585181258114,-0.125,0.44,0,1.0072450580212302,-21.611835077716457
RNU6ATAC4P,Pseudogene,RNU6ATAC,0.9372742960794368,4.60549998283386,0.24,0.77,-0.06458218890715965,9.543605117120448
RNU6ATAC5P,Pseudogene,RNU6ATAC,1.157809424568716,4.0475001335144,0,0.78,-0.17724365317895924,9.916436103412973
RNU6ATAC6P,Pseudogene,RNU6ATAC,1.2956438798745156,3.93299996852875,1.06,0.76,-0.2294725228772696,9.92591677273389
RNU6ATAC7P,Pseudogene,RNU6ATAC,1.285441959560543,3.92899990081787,0,0.78,-0.1893947654961395,9.93701038138416
RNU6ATAC8P,Pseudogene,RNU6ATAC,1.0199749692629163,4.30100011825562,0,0.72,-0.00861930307056248,9.679734608061779
RNU6ATAC9P,Pseudogene,RNU6ATAC,1.1378471931106346,-0.0540000014007092,0.26,0,-19.313233509630503,29.48325043175309
RNU11,Functional,RNU11,4.013739338504882,5.12800002098083,15.59,0.99,3.6393457019434954,7.561935596894866
RNU11-2P,Pseudogene,RNU11,1.1985773620535298,0.0500000007450581,0.16,0,-18.219430223891504,26.09646845763367
RNU11-3P,Pseudogene,RNU11,0.9924080782017566,1.46899998188019,3.95,0.7,-5.184826321059233,16.354742987679703
RNU11-4P,Pseudogene,RNU11,0.9924080782017566,0.885999977588654,0.89,0.56,-5.828466279263741,19.2284455510914
RNU11-5P,Pseudogene,RNU11,1.4001416297110054,0.305000007152557,0,0,9.279312174643898,-24.0272468012999
RNU11-6P,Pseudogene,RNU11,1.1229880884914614,1.43599998950958,1.99,0.71,-4.813284585343326,16.518744966248057
RNU12,Functional,RNU12,4.492300567326618,6.10249996185303,89.68,1,3.5248003220470343,7.65288250491384
RNU12-2P,Pseudogene,RNU12,0.9796848977119904,3.99199998378754,1.99,0.7,0.044329702526623535,9.96328032127025
VTRNA1-1,Functional,VTRNA,2.631385055837991,0.115000002086163,0,0.54,4.475250093722832,3.511242796153742
VTRNA1-2,Functional,VTRNA,3.161210001912337,0.405000001192093,0,0.87,4.69413752185007,4.2321531492785764
VTRNA1-3,Functional,VTRNA,2.029418766659772,0.328999996185303,1.76,0.8,-26.01318673068554,17.05961504406564
VTRNA2-1,Functional,VTRNA,1.9809395623480377,-0.0165000003762543,1.45,0.29,-26.947475978629186,17.698233005436578
VTRNA2-2P,Pseudogene,VTRNA,1.5512398115580857,0.300999999046326,0,0,9.286728243416068,-27.828255672548167
VTRNA2-2P,Pseudogene,VTRNA,1.5512398115580857,0.300999999046326,0,0,9.286710529987126,-27.82828453753421
VTRNA2-2P,Pseudogene,VTRNA,1.5512398115580857,0.300999999046326,0,0,9.2868617291768345,-27.828272035814063
VTRNA2-2P,Pseudogene,VTRNA,1.5512398115580857,0.300999999046326,0,0,8.86907818989965,-27.739608934007183
VTRNA3-1P,Pseudogene,VTRNA,0.7151175857630304,0.167999997735023,0,0,-5.939665934683273,33.407362745857974
VTRNA3-1P,Pseudogene,VTRNA,0.7151175857630304,0.167999997735023,0,0,-6.273756298376567,33.06957181407729
VTRNA3-1P,Pseudogene,VTRNA,0.7151175857630304,0.167999997735023,0,0,-6.2738043716285015,33.069346011053625
VTRNA3-1P,Pseudogene,VTRNA,0.7151175857630304,0.167999997735023,0,0,-6.274572151158593,33.06918348553534
RNY1,Functional,RNY,3.87302621669889,2.04900002479553,461.11,1,5.4634669131596985,6.761852359349473
RNY1P1,Pseudogene,RNY,1.3955738599712202,-0.200000002980232,0,0,11.150110127668244,-11.224297860503556
RNY1P10,Pseudogene,RNY,1.4754385587424346,-0.193000003695488,0,0,3.5079154754191393,-22.6228377068692
RNY1P11,Pseudogene,RNY,1.198793828978228,-0.308999985456467,2.4,0,2.06336067904947,-12.165380856529243
RNY1P12,Pseudogene,RNY,1.5547726558494188,0.30799999833107,3.48,0,9.067117881296781,-26.825811036766993
RNY1P13,Pseudogene,RNY,0.7277659240146215,0.30799999833107,2.18,0,-22.07210196872398,-0.7248604210614964
RNY1P14,Pseudogene,RNY,0.9326798142359102,0.30799999833107,7.13,0,26.21218965157512,-12.858492650559086
RNY1P15,Pseudogene,RNY,1.330939805812636,-0.104000002145767,0.28,0,-24.2592034282892,25.947356916306237
RNY1P16,Pseudogene,RNY,1.126517277958751,-0.0879999995231628,6.87,0,-7.52965249728276,-7.440244085304177
RNY1P2,Pseudogene,RNY,1.2171842668542912,0.30799999833107,0,0,-17.9129882297325,-16.130948267221015
RNY1P3,Pseudogene,RNY,1.0596899818086554,-0.166999995708466,0,0,2.600980859442124,-6.926753754352418
RNY1P4,Pseudogene,RNY,1.4195750336016433,0.305000007152557,0,0,-11.525353376145633,-24.341415018330487
RNY1P5,Pseudogene,RNY,1.3893713094824591,-0.0419999994337559,0,0,-1.9832273348587446,-19.13517484162642
RNY1P6,Pseudogene,RNY,1.083454690880817,-0.284000009298325,0.15,0,-20.45358824450847,33.516356883477634
RNY1P7,Pseudogene,RNY,1.0104518614417886,0.219999998807907,0,0,19.55373449827421,15.885657440155848
RNY1P8,Pseudogene,RNY,1.0359347482983248,0.294999986886978,0,0,-26.093909354199315,-10.025241143086035
RNY1P9,Pseudogene,RNY,1.4339841496951988,0.300999999046326,3.42,0,-11.569002960435627,-24.836835675428567
RNY3,Functional,RNY,3.166949308379135,1.97699999809265,1.8,0.98,5.797829181510244,7.019469659471231
RNY3P1,Pseudogene,RNY,0.9875433327203754,0.239999994635582,0,0,14.487494415891506,12.480143427515822
RNY3P10,Pseudogene,RNY,1.3280755164170566,0.344999998807907,0,0,-16.225957711548862,-16.53580030863905
RNY3P11,Pseudogene,RNY,1.0215965510900435,0.30799999833107,9.19,0,-27.04170628648845,-9.894466545958853
RNY3P12,Pseudogene,RNY,1.123756206199048,-0.197999998927116,0,0,1.4903578625085856,-7.9648357699247505
RNY3P13,Pseudogene,RNY,0.8513304592417029,0.29899999499321,0,0,25.900062005069763,-10.969863008451933
RNY3P14,Pseudogene,RNY,1.2599690796777203,0.30799999833107,0,0,27.19668192836507,20.109271015130965
RNY3P15,Pseudogene,RNY,1.0742561671256128,-0.150999993085861,0,0,1.0417606044801069,-6.548071850763842
RNY3P16,Pseudogene,RNY,0.5846364421089557,0.261999994516373,0,0,27.055814129735342,-9.328009755297858
RNY3P2,Pseudogene,RNY,0.9194368959810392,-0.0879999995231628,13.19,0,-8.352685669091498,-1.3163059104992971
RNY3P3,Pseudogene,RNY,1.4983416082653973,-0.110500000417233,0,0,0.8324783909642971,-21.597206457339542
RNY3P4,Pseudogene,RNY,1.2380536421130823,0.296999990940094,0,0,-17.421029488829923,-16.07526660836231
RNY3P5,Pseudogene,RNY,1.157809424568716,0.300000011920929,0,0,-23.483115241743477,-17.367126712197688
RNY3P7,Pseudogene,RNY,1.0317113684275687,-0.13400000333786,0,0,0.792807648858767,-5.482642604394283
RNY3P8,Pseudogene,RNY,1.2680769888133556,0.230000004172325,5.12,0,-20.633969162040387,-21.567796334126214
RNY3P9,Pseudogene,RNY,1.1468866941482565,-0.0689999982714653,0,0,-2.4053564311534084,-9.326741601934694
RNY4,Functional,RNY,2.7136158388329283,2.55200004577637,0,0.98,5.9656643350516045,7.1813420924406985
RNY4P10,Pseudogene,RNY,1.157809424568716,0.0115000000223517,0,0,-1.5806936494250508,-7.977800407209102
RNY4P13,Pseudogene,RNY,1.3025356026398056,-0.12050000205636,0,0,11.101004651305423,-9.302859076543898
RNY4P14,Pseudogene,RNY,1.1939909690864885,0.305000007152557,0,0,-17.085829793792577,-13.283779291455243
RNY4P16,Pseudogene,RNY,0.5912218338223231,0.306500002741814,0,0,24.41267101339696,-3.396889109923834
RNY4P17,Pseudogene,RNY,1.157809424568716,0.0690000001341105,0.86,0,8.898289896303321,-7.2329381421417205
RNY4P18,Pseudogene,RNY,1.2879003711494708,0.231000006198883,0,0,11.631225805281979,-22.584847760903852
RNY4P19,Pseudogene,RNY,0.8321755239087647,0.12049999833107,0,0,-8.594055037117887,33.688569801751306
RNY4P20,Pseudogene,RNY,1.2698554979140757,0.30799999833107,0,0,14.743859538287785,-19.848829507171654
RNY4P23,Pseudogene,RNY,0.7877878558921161,0.24600000679493,0,0,-5.197338649265969,28.4160019364596
RNY4P24,Pseudogene,RNY,1.0854463355331714,0.111999999731779,0.25,0,-2.9832690228522556,-6.605448329921322
RNY4P25,Pseudogene,RNY,0.8321755239087647,0.30799999833107,0.61,0,-22.196731164975215,-2.908132157628234
RNY4P27,Pseudogene,RNY,1.049264791015399,0.284000009298325,0,0,-22.615546080730137,-12.049994491540067
RNY4P28,Pseudogene,RNY,1.120460733453596,-0.208000004291534,0,0,-4.723674830593202,-4.036470226305229
RNY4P29,Pseudogene,RNY,1.2891074005507357,0.118000000715256,0,0,15.034154878397423,-21.897708637775416
RNY4P3,Pseudogene,RNY,1.4624961152446938,0.30799999833107,0.44,0,10.999394739652956,12.912574342498095
RNY4P30,Pseudogene,RNY,1.0968720864335204,0.19200000166893,0,0,14.161481974103015,-17.379737303243513
RNY4P34,Pseudogene,RNY,1.1334344893146375,-0.0790000036358833,0,0,9.852359231595587,-6.939113158319182
RNY4P36,Pseudogene,RNY,1.049264791015399,0.30799999833107,0,0,21.15444862767381,21.731900644476003
RNY4P37,Pseudogene,RNY,1.230172513604261,0.214000001549721,0,0,10.788377243264321,-21.157978374837157
RNY4P6,Pseudogene,RNY,1.230172513604261,0.214000001549721,0.43,0,32.83996873561777,-18.531634596175852
RNY4P7,Pseudogene,RNY,0.9045386129443096,-0.415500000119209,0,0,9.209500335344451,-3.4008137031480707
RNY4P9,Pseudogene,RNY,0.8952134726046772,0.211999997496605,0,0,26.89157485680202,-13.100141387938491
MT-TA,Functional,TRNA,0,1.93099999427795,848.15,1,-4.275824060447615,11.824318050448886
MT-TC,Functional,TRNA,0,1.03649997711182,850.15,1,-5.737564133802513,11.679282889987864
MT-TD,Functional,TRNA,0,1.89650005102158,16.51,0.95,-4.326062158555481,11.828337715557053
MT-TE,Functional,TRNA,0,1.73800003528595,134.35,1,-4.531895225237476,11.822352885028296
MT-TF,Functional,TRNA,0,1.69700002670288,0,0.89,-4.5914815528017,11.81621607148656
MT-TG,Functional,TRNA,0,0.828999996185303,306.57,1,-5.977266827617309,11.64291994778395
MT-TH,Functional,TRNA,0,1.03799998760223,1153.94,1,-5.7356189851001975,11.67958048481668
MT-TI,Functional,TRNA,0,3.79900002479553,415.64,1,-1.1130203822215299,9.803695121035021
MT-TK,Functional,TRNA,0,1.44749999046326,31.43,1,-5.030682506089333,11.766400143843146
MT-TL1,Functional,TRNA,0,3.49600005149841,0,0.96,-1.2772990538138247,9.947200604198251
MT-TL2,Functional,TRNA,0,4.61299991607666,112.81,1,-0.5503751058394852,9.235079700741894
MT-TM,Functional,TRNA,0,5.76999998092651,34.77,1,0.11954028665022513,8.867826055312902
MT-TN,Functional,TRNA,0,1.98199999332428,656.69,1,-4.218118838888253,11.821356402655823
MT-TP,Functional,TRNA,0,0.754499971866608,300.57,1,-6.055386357961647,11.628551786825549
MT-TQ,Functional,TRNA,0,2.08150005340576,363.47,1,-4.114113460597524,11.8099475312443
MT-TR,Functional,TRNA,0,2.04900002479553,400.09,1,-4.152575555793996,11.814496540024093
MT-TS1,Functional,TRNA,0,3.55900001525879,2004.02,1,-1.2398037531441035,9.916676587941136
MT-TS2,Functional,TRNA,0,1.0900000333786,99.13,1,-5.663187016736038,11.690335251066362
MT-TT,Functional,TRNA,0,1.18999999761581,229.69,1,-5.503618328562766,11.711132860199676
MT-TV,Functional,TRNA,0,1.23300004005432,31.01,1,-5.432300290050579,11.718648711364544
MT-TW,Functional,TRNA,0,2.15200006961823,136.41,1,-4.042552017088986,11.795520717003859
MT-TY,Functional,TRNA,0,2.32850003242493,1314.03,1,-3.8776069474813726,11.737960185193696
NMTRQ-TTG12-1,Functional,TRNA,1.9779244336382231,2.12349998950958,0,0.91,-4.204499947624478,15.73548929587286
NMTRS-TGA3-1,Functional,TRNA,0.9564512637741568,3.51699995994568,0,0.78,-0.5719774509745676,10.169886509985819
VTRNA2-2P,Pseudogene,TRNA,1.5512398115580857,0.300999999046326,0,0,9.28686113325046,-27.828247125666074
VTRNA2-2P,Pseudogene,TRNA,1.5512398115580857,0.300999999046326,0,0,9.286861125068436,-27.82824731301137
VTRNA2-2P,Pseudogene,TRNA,1.5512398115580857,0.300999999046326,0,0,9.286825743255557,-27.82823664523901
VTRNA2-2P,Pseudogene,TRNA,1.5512398115580857,0.300999999046326,0,0,9.286861733391522,-27.82827198550213
VTRNA3-1P,Pseudogene,TRNA,0.7151175857630304,0.167999997735023,0,0,-6.274529936550595,33.069273211746136
VTRNA3-1P,Pseudogene,TRNA,0.7151175857630304,0.167999997735023,0,0,-6.2738016657099545,33.06949501126919
VTRNA3-1P,Pseudogene,TRNA,0.7151175857630304,0.167999997735023,0,0,-6.273797877784078,33.06947842568373
VTRNA3-1P,Pseudogene,TRNA,0.7151175857630304,0.167999997735023,0,0,-6.27379211724111,33.069483615843424
RN7SL1,Functional,RN7SL,3.1597742155453923,0.28600001335144,2362115.65,1,12.72296699661148,6.283465615972011
RN7SL100P,Pseudogene,RN7SL,1.4818380007278789,0.301999986171722,0.19,0,32.38823339161554,8.334807335485163
RN7SL101P,Pseudogene,RN7SL,1.3694520075543952,0.305000007152557,0.39,0,13.360748235701111,-24.15555369588866
RN7SL104P,Pseudogene,RN7SL,1.17361569657648,-0.298000007867813,0.03,0,13.587418113866276,-8.111034963775593
RN7SL105P,Pseudogene,RN7SL,1.1384480629538545,0.289000004529953,4.67,0,13.87378063228555,-18.076162069692355
RN7SL106P,Pseudogene,RN7SL,1.5570540537303423,-0.0515000000596046,0,0,4.682721270965807,-23.98707943481663
RN7SL107P,Pseudogene,RN7SL,1.165991823328919,0.0509999990463257,2.05,0,10.131276758567044,-17.09771796534873
RN7SL108P,Pseudogene,RN7SL,1.2513697821096226,0.44200000166893,0.17,0,10.158392096201348,16.948969778052167
RN7SL110P,Pseudogene,RN7SL,0.7364158884182647,-0.17399999499321,0.49,0,18.281113010561743,27.064050764328478
RN7SL111P,Pseudogene,RN7SL,0.7312480576223469,0.30799999833107,0.21,0,27.92296067941503,-11.410687107463843
RN7SL113P,Pseudogene,RN7SL,0.6737753841971793,0.30799999833107,2.05,0,22.687974097856515,26.26527939473133
RN7SL116P,Pseudogene,RN7SL,1.0818874950888002,-0.0160000007599592,1.86,0,14.691305247443465,-6.472699018869337
RN7SL117P,Pseudogene,RN7SL,1.3729429325122275,-0.0614999998360872,0.17,0,11.883099318514992,-10.947181865692851
RN7SL118P,Pseudogene,RN7SL,1.012124794987222,0.282999992370605,4.36,0,20.54503373507924,24.925490614225502
RN7SL11P,Pseudogene,RN7SL,1.126196880553188,0.30799999833107,1.58,0,22.127537588848234,15.303770820702445
RN7SL120P,Pseudogene,RN7SL,1.1734554978736986,-0.137000001966953,0,0,10.400660880990811,-7.1319877264980045
RN7SL121P,Pseudogene,RN7SL,1.730352546608191,0.153999999165535,0,0,37.68405367632967,5.423520438938465
RN7SL122P,Pseudogene,RN7SL,1.14242325281365,0.293000012636185,0.1,0,31.511784154402005,-19.406106451864613
RN7SL123P,Pseudogene,RN7SL,1.9151436714612664,0.25,0.23,0.49,37.69493640126503,6.354317820122789
RN7SL124P,Pseudogene,RN7SL,0.840935266265699,0.229000002145767,2.21,0,24.032661601776585,-6.269055662974306
RN7SL125P,Pseudogene,RN7SL,1.016036841968465,0.282999992370605,0.9,0,25.23174095730162,-13.992404081989855
RN7SL126P,Pseudogene,RN7SL,0.697009018135013,0.301999986171722,0,0,31.309367000658685,10.031374765608737
RN7SL127P,Pseudogene,RN7SL,1.0536065763575315,0.30799999833107,2.82,0,23.894166364672362,-14.002384439118192
RN7SL128P,Pseudogene,RN7SL,1.355206441216497,0.211999997496605,53.07,0.08,9.529973173039538,17.991694805425986
RN7SL12P,Pseudogene,RN7SL,1.0899378376112396,-0.100999999791384,0.99,0,12.839161696921522,-6.336335570031979
RN7SL130P,Pseudogene,RN7SL,1.3324298623725224,0.30799999833107,4.36,0,14.96221016549228,-24.22041958540893
RN7SL131P,Pseudogene,RN7SL,1.4924887113581105,0.157000005245209,0,0,34.95508868154331,6.8866285743852265
RN7SL132P,Pseudogene,RN7SL,1.2555973827248577,-0.0720000006258488,0.07,0,14.718930762312823,22.77248113336531
RN7SL134P,Pseudogene,RN7SL,2.5219611228229457,0.152999997138977,0.43,0.62,38.46820636672868,4.144201880553593
RN7SL135P,Pseudogene,RN7SL,1.2369402845212545,0.303000003099442,0,0,7.039270006590089,18.229366149504855
RN7SL138P,Pseudogene,RN7SL,1.1134334535922146,0.307000011205673,5.74,0,29.260061341419956,-19.79679031855072
RN7SL140P,Pseudogene,RN7SL,1.016036841968465,0.29899999499321,0.07,0,29.82207197255312,12.954156120406878
RN7SL141P,Pseudogene,RN7SL,1.2013360946652842,0.30799999833107,9.23,0,12.119647625853837,-19.19126767673882
RN7SL143P,Pseudogene,RN7SL,1.286454916187462,0.214000001549721,0.19,0,10.902597547268911,13.993327175286911
RN7SL144P,Pseudogene,RN7SL,0.9066236511029606,0.237000003457069,0.71,0,26.580705663878025,-12.19567104175882
RN7SL145P,Pseudogene,RN7SL,1.1851900528524355,-0.028999999165535,18.37,0.04,16.50247010744284,-10.473472951113871
RN7SL146P,Pseudogene,RN7SL,1.473575631269275,0.239999994635582,2.91,0,11.765419427023316,11.668327920442673
RN7SL147P,Pseudogene,RN7SL,0.7925943711812687,0.305000007152557,0.19,0,21.025551435842402,26.34816492442168
RN7SL148P,Pseudogene,RN7SL,0.9586164052880768,0.293999999761581,0.08,0,20.5296107389827,25.284782981581092
RN7SL149P,Pseudogene,RN7SL,1.0877640145414271,0.305000007152557,0,0,22.887927384910466,-16.871466389596236
RN7SL14P,Pseudogene,RN7SL,1.165579957619513,0.214000001549721,0.55,0,11.500402691124208,-18.32878004520829
RN7SL150P,Pseudogene,RN7SL,1.45830958056365,-0.238500006496906,0,0,22.459207218693034,11.93967950081231
RN7SL151P,Pseudogene,RN7SL,1.7428509359232265,0.130999997258186,0.53,0,16.32374616327321,9.882078691128926
RN7SL152P,Pseudogene,RN7SL,1.177235757195708,-0.136500000953674,0.2,0,16.335346753218555,-9.992551085281617
RN7SL153P,Pseudogene,RN7SL,0.8445664638121113,0.109499998390675,13.02,0,16.579954830833536,29.21327235180525
RN7SL154P,Pseudogene,RN7SL,1.3936594925364174,0.0719999969005585,0.29,0,36.15478456145751,6.152163078544634
RN7SL155P,Pseudogene,RN7SL,1.3999368707712991,0.305000007152557,0.15,0,36.69861550566031,6.850114438570374
RN7SL156P,Pseudogene,RN7SL,0.9940403283303778,0.281999990344048,0.13,0,26.5879477809372,19.7087520731646
RN7SL159P,Pseudogene,RN7SL,1.260902044564561,0.165999993681908,0,0,13.758723810274361,18.757227399259882
RN7SL15P,Pseudogene,RN7SL,1.234740283344046,0.215000003576279,7.01,0,10.508030905016291,19.709124678502796
RN7SL160P,Pseudogene,RN7SL,0.9417393558992022,0.277999997138977,1.18,0,24.419384934021338,-10.406846284652344
RN7SL162P,Pseudogene,RN7SL,1.1062631145707935,0.293000012636185,0.35,0,10.510094426685129,20.269910813853688
RN7SL163P,Pseudogene,RN7SL,1.5227710910088548,0.123000003397465,0.2,0,35.68007486333557,4.777154353518757
RN7SL164P,Pseudogene,RN7SL,1.3526882386050345,-0.090999998152256,0.21,0,11.64988536360642,-10.838321087794508
RN7SL165P,Pseudogene,RN7SL,0.7161707780837419,0.143999993801117,13.77,0,25.408905011363174,-5.731074555756857
RN7SL166P,Pseudogene,RN7SL,1.3769662085049372,0.306999996304512,3.26,0,22.17008173071454,-22.768130562562
RN7SL167P,Pseudogene,RN7SL,1.230651739359463,0.30799999833107,0,0,16.27880825038279,15.180484691747965
RN7SL168P,Pseudogene,RN7SL,1.1329102971586362,0.294999986886978,0.6,0,19.594245232319878,19.919471171351873
RN7SL169P,Pseudogene,RN7SL,1.2499534272160533,0.159999996423721,0.41,0,14.893921444705935,-21.96395563475825
RN7SL16P,Pseudogene,RN7SL,1.4203610041177557,0.29899999499321,3.74,0,12.976204469672886,-24.81789001574708
RN7SL170P,Pseudogene,RN7SL,1.295176644432801,0.30799999833107,0.1,0,17.90837228178362,14.135697351794608
RN7SL172P,Pseudogene,RN7SL,1.1234190456211304,0.30799999833107,5.87,0,8.1831103719204,20.308806039504837
RN7SL173P,Pseudogene,RN7SL,1.094367812263581,-0.0850000008940697,3.16,0,13.500061617967413,25.413523493801378
RN7SL174P,Pseudogene,RN7SL,1.4302351715260608,-0.100000001490116,2.83,0,15.807481127497622,-12.280171572790563
RN7SL176P,Pseudogene,RN7SL,1.0525540223351963,-0.0379999987781048,0.3,0,14.29299487140219,25.42851999829988
RN7SL177P,Pseudogene,RN7SL,1.277849866580857,0.30799999833107,1.68,0,20.609292603267804,-21.254830926339647
RN7SL178P,Pseudogene,RN7SL,1.79384289135482,-0.190999999642372,1.16,0,10.37432017487066,22.756410912714397
RN7SL180P,Pseudogene,RN7SL,0.909707405018277,0.28999999165535,1.1,0,26.597190799097252,-12.40368999742625
RN7SL181P,Pseudogene,RN7SL,1.2288663206613808,0.30799999833107,2.69,0,30.11116910012868,10.732373117010194
RN7SL182P,Pseudogene,RN7SL,1.076762764848906,0.187000006437302,0.38,0,19.723828563299055,19.376450543023306
RN7SL183P,Pseudogene,RN7SL,1.2937937529576593,0.299000009894371,0,0,12.402999353227955,-21.336892401117503
RN7SL184P,Pseudogene,RN7SL,0.760177905019864,0.282999992370605,0,0,25.233651586967135,-5.89598590344158
RN7SL185P,Pseudogene,RN7SL,1.618143292168326,-0.156000003218651,0,0,4.555695969860056,-24.188503076968214
RN7SL186P,Pseudogene,RN7SL,1.0993342011056495,0.28600001335144,0.05,0,26.475059796364498,9.756196274296334
RN7SL187P,Pseudogene,RN7SL,1.146345964919521,0.23199999332428,0.15,0,15.203501202695865,18.80006199019156
RN7SL188P,Pseudogene,RN7SL,1.157809424568716,0.101000003516674,0,0,10.238497994509142,-17.81741415943076
RN7SL189P,Pseudogene,RN7SL,1.1177468147220475,0.30799999833107,0.02,0,9.956257375584283,-18.817202361334648
RN7SL18P,Pseudogene,RN7SL,0.8474687540657612,0.30799999833107,0.41,0,21.199890342839726,26.012054092776552
RN7SL190P,Pseudogene,RN7SL,1.459650792063284,0.0850000008940697,0.15,0,36.72382331834187,5.391424906493429
RN7SL191P,Pseudogene,RN7SL,1.0021694691348888,0.138999998569489,0.36,0,15.595697901302225,-17.197829682035533
RN7SL192P,Pseudogene,RN7SL,1.1732985138606051,0.30799999833107,21.5,0.12,12.959087554425983,-19.29720938563978
RN7SL193P,Pseudogene,RN7SL,1.145224539519056,-0.146999999880791,0,0,11.350376701968115,-7.196574889144955
RN7SL196P,Pseudogene,RN7SL,0.6445537002753677,-0.0219999998807907,0.26,0,-11.70001929216156,32.05912334973364
RN7SL197P,Pseudogene,RN7SL,1.196532147798439,0.30799999833107,0,0,18.54957041691677,17.177904226904882
RN7SL198P,Pseudogene,RN7SL,1.1308836239973503,0.32600000500679,0.24,0,34.792045288534524,7.508564672497849
RN7SL199P,Pseudogene,RN7SL,0.024721909421396,0.231000006198883,1.55,0.23,-19.40376328437147,6.768221608633411
RN7SL19P,Pseudogene,RN7SL,1.2145647885181627,0.30799999833107,2.19,0,10.495036829677789,19.96324216104349
RN7SL2,Functional,RN7SL,2.8945235614217903,0.305000007152557,3901077.06,1,12.839688694556346,6.263612532517154
RN7SL200P,Pseudogene,RN7SL,1.206051483925746,0.305000007152557,3.95,0,21.147544288076688,-15.823582024831836
RN7SL201P,Pseudogene,RN7SL,0.8566225134478,0.294999986886978,0,0,25.493766058426978,-9.661751492161502
RN7SL202P,Pseudogene,RN7SL,1.2727065430373672,0.257999986410141,0.18,0,36.587680213103724,6.150749599389707
RN7SL203P,Pseudogene,RN7SL,1.044375393107592,-0.126999996602535,0.37,0,12.717969429437964,27.262494228382252
RN7SL204P,Pseudogene,RN7SL,1.140132944804308,0.319999992847443,0.42,0,34.337893285042405,8.493172165371556
RN7SL205P,Pseudogene,RN7SL,1.2964204120170837,-0.0299999993294477,0,0,14.464411415404989,22.799795555975184
RN7SL208P,Pseudogene,RN7SL,1.1851900528524355,0.206000000238419,0.61,0,16.699429801272167,18.766823130862857
RN7SL209P,Pseudogene,RN7SL,1.5982804013068146,-0.1875,0.53,0,-27.547023199662487,21.042535094155156
RN7SL20P,Pseudogene,RN7SL,1.2279796927243958,0.30799999833107,1.09,0,22.604970480963694,-20.63020138164727
RN7SL210P,Pseudogene,RN7SL,0.7839334645517348,0.185000002384186,0.12,0,19.69112987918378,26.468969886991996
RN7SL211P,Pseudogene,RN7SL,1.0319605740721165,-0.037499999627471,0.21,0,14.227914363378465,-6.065794158990553
RN7SL213P,Pseudogene,RN7SL,1.2052905681630166,0.44200000166893,1.35,0,6.995893357173821,18.00613795577806
RN7SL214P,Pseudogene,RN7SL,1.3500494799688048,-0.118000000715256,0,0,1.6767230661985424,-15.877283268418763
RN7SL215P,Pseudogene,RN7SL,1.0490219618575616,0.305000007152557,0,0,12.33676756813204,-17.033473126405543
RN7SL216P,Pseudogene,RN7SL,1.5618771432101473,0.29899999499321,0,0,8.428780413787205,-25.69016272117029
RN7SL217P,Pseudogene,RN7SL,0.8622846413746033,0.259500004351139,0.24,0,30.00949598308066,13.504294342315045
RN7SL218P,Pseudogene,RN7SL,1.1500648799227715,0.214000001549721,0,0,21.140002406402633,-16.016596945742183
RN7SL219P,Pseudogene,RN7SL,1.3729429325122275,0.194999992847443,1.54,0,19.358311863936326,-16.248253490245073
RN7SL220P,Pseudogene,RN7SL,1.2041218015514648,0.306500002741814,14.93,0,21.508952866661474,-16.428766732666155
RN7SL221P,Pseudogene,RN7SL,1.359705018176784,0.30799999833107,0.2,0,11.66609106280095,-23.406418114132713
RN7SL222P,Pseudogene,RN7SL,1.3475507683943586,-0.0320000015199184,0,0,10.199564651191334,23.387537787468702
RN7SL223P,Pseudogene,RN7SL,1.205066952102133,0.305000007152557,0,0,16.32974415401304,-20.473441438858487
RN7SL225P,Pseudogene,RN7SL,1.2355147550766834,0.29899999499321,0.08,0,8.124845997990652,19.54621754156115
RN7SL228P,Pseudogene,RN7SL,1.1921998035163015,-0.0879999995231628,0,0,9.65742643874163,-7.219826993004128
RN7SL229P,Pseudogene,RN7SL,1.2197657817362726,-0.116999998688698,0.67,0,13.738807927685404,23.69567651182137
RN7SL22P,Pseudogene,RN7SL,1.1492011760589116,0.301999986171722,0.09,0,12.38957118567931,15.079741367515453
RN7SL230P,Pseudogene,RN7SL,1.3068344000082537,-0.0500000007450581,3.07,0,24.246968957238554,9.215508567995816
RN7SL231P,Pseudogene,RN7SL,1.1748360337535502,0.27700001001358,1.06,0,11.562017775673056,-19.271978829079984
RN7SL233P,Pseudogene,RN7SL,1.2539452251646743,0.25,0.48,0,23.870030343937938,-20.60980933540457
RN7SL234P,Pseudogene,RN7SL,1.295176644432801,-0.0654999986290932,0.12,0,22.582697927879543,12.38630272182117
RN7SL236P,Pseudogene,RN7SL,1.137425455826309,0.291999995708466,0.25,0,25.37348261674027,-17.550948972699793
RN7SL237P,Pseudogene,RN7SL,0.9682030031236648,0.0590000003576279,2.04,0,14.331742763062955,26.795013030776516
RN7SL238P,Pseudogene,RN7SL,1.1378471931106346,-0.046000000089407,0,0,9.463992363183776,-7.039269778234397
RN7SL239P,Pseudogene,RN7SL,1.2620122727799006,-0.074499998241663,2.53,0,9.793774411751748,25.162187278927227
RN7SL23P,Pseudogene,RN7SL,1.1367583441220122,0.136999994516373,6.1,0,11.302273335204676,-17.959557445875415
RN7SL240P,Pseudogene,RN7SL,1.457382492464118,0.207000002264977,0,0,12.527483731050102,-25.083363261698064
RN7SL241P,Pseudogene,RN7SL,1.30989456084681,-0.0135000003501773,0.09,0,-22.752590294219445,25.519451216998416
RN7SL242P,Pseudogene,RN7SL,0.760177905019864,0.305000007152557,5.47,0,25.9599305245871,-9.291559904255323
RN7SL244P,Pseudogene,RN7SL,1.1344193351834897,0.365000009536743,1.3,0,16.870668423086247,-19.492066950591692
RN7SL246P,Pseudogene,RN7SL,1.2203937177886468,0.206000000238419,16.36,0.05,10.658685455825566,-19.4638458176847
RN7SL248P,Pseudogene,RN7SL,0.9185053489739664,0.296000003814697,0,0,28.179435456992493,12.118206371998667
RN7SL250P,Pseudogene,RN7SL,1.2924384274255434,0.30799999833107,0.1,0,23.573878643366264,14.466215078182447
RN7SL251P,Pseudogene,RN7SL,0.760177905019864,0.419999986886978,0.16,0,22.8156235218297,18.992392996931
RN7SL252P,Pseudogene,RN7SL,1.356625184343142,0.30799999833107,0.12,0,11.998836419690793,-23.568554680116485
RN7SL253P,Pseudogene,RN7SL,1.1851900528524355,0.284000009298325,0.17,0,8.313170313031408,19.975475038531428
RN7SL254P,Pseudogene,RN7SL,1.1129646933354207,0.347000002861023,0.84,0,20.748468515619546,20.836225858857706
RN7SL255P,Pseudogene,RN7SL,1.2203937177886468,0.282000005245209,0.08,0,11.150383989451425,14.157510755440795
RN7SL258P,Pseudogene,RN7SL,1.1346532360773416,-0.0940000005066395,1.26,0,12.722918355790256,-7.6526836209450515
RN7SL259P,Pseudogene,RN7SL,1.139504137223756,-0.104000002145767,0,0,14.878283648028791,-8.620892386262923
RN7SL25P,Pseudogene,RN7SL,1.416089988510968,0.28099998831749,1.91,0,34.15005380747734,7.459702686673673
RN7SL260P,Pseudogene,RN7SL,1.2932977614863317,0.282000005245209,0.44,0,6.8514576500722635,19.363544889771855
RN7SL261P,Pseudogene,RN7SL,0.8868327507334846,-0.187000006437302,0,0,13.596541936243984,28.305987583172207
RN7SL262P,Pseudogene,RN7SL,0.8860786412515684,0.204999998211861,0.71,0,21.40464303964786,21.835448471737095
RN7SL263P,Pseudogene,RN7SL,1.5929860703548886,0.471999987959862,0.46,0,16.192669917303775,16.22196791566431
RN7SL265P,Pseudogene,RN7SL,1.2041218015514648,0.305000007152557,0.51,0,28.52504754344028,-20.811786924127084
RN7SL266P,Pseudogene,RN7SL,0.8172772408720348,0.44200000166893,0.19,0.01,27.163169518353367,-11.344401194327736
RN7SL267P,Pseudogene,RN7SL,0.6787158695747646,0.30799999833107,0.07,0,19.164865972269446,29.593114072209193
RN7SL268P,Pseudogene,RN7SL,1.0839893605861468,0.202000007033348,1.66,0,25.03217263541428,-16.813923556129613
RN7SL269P,Pseudogene,RN7SL,0.7174622335852044,0.44200000166893,1.06,0,23.305417644684,25.39789894676355
RN7SL26P,Pseudogene,RN7SL,1.0522111708621231,0.160999998450279,0.14,0,30.173352810129217,10.685738794339338
RN7SL270P,Pseudogene,RN7SL,1.100124969252125,0.20100000500679,0.42,0,9.992217918855465,-18.62567558838495
RN7SL271P,Pseudogene,RN7SL,0.8477519854469243,0.0949999988079071,0.13,0,17.06200143924439,29.006460424831435
RN7SL272P,Pseudogene,RN7SL,1.201878295400051,0.146999999880791,0.38,0,17.502177827779565,13.380454041531339
RN7SL273P,Pseudogene,RN7SL,1.312700317487608,0.30799999833107,2.77,0,14.540327291860187,-24.053470121555602
RN7SL274P,Pseudogene,RN7SL,1.4174652146374354,0.163000002503395,0.78,0,36.545486900310834,5.647046118451602
RN7SL275P,Pseudogene,RN7SL,1.9803725381429085,0.0640000030398369,0.06,0.53,33.71641181869474,4.923573115170916
RN7SL277P,Pseudogene,RN7SL,0.8924780981050519,0.305000007152557,1.82,0,23.903701321117172,-6.303236145667133
RN7SL278P,Pseudogene,RN7SL,1.1851900528524355,0.305000007152557,0.1,0,18.462639232041017,17.101697094532305
RN7SL279P,Pseudogene,RN7SL,1.4064938432260812,-0.113500002771616,0.07,0,34.80823503864,8.309656961533737
RN7SL280P,Pseudogene,RN7SL,1.073385820693914,0.194999992847443,9.18,0,26.4575844076212,19.502101591994457
RN7SL282P,Pseudogene,RN7SL,1.4969657206545015,0.305000007152557,0.26,0,11.380710250444032,12.850155841066316
RN7SL283P,Pseudogene,RN7SL,0.7909787157944694,0.214000001549721,0,0,23.652382200016664,-4.016454730090288
RN7SL284P,Pseudogene,RN7SL,1.0483438062458557,0.303000003099442,1.68,0,34.32133819163943,-18.149532322393338
RN7SL285P,Pseudogene,RN7SL,1.3683202290357552,0.30799999833107,1.37,0,22.802932542448332,-22.87715545784469
RN7SL286P,Pseudogene,RN7SL,0.9548943707783226,-0.034000001847744,0.29,0,-13.66955658057955,31.486421659802886
RN7SL288P,Pseudogene,RN7SL,1.0503838078561547,-0.10700000077486,19.7,0.04,18.714268336636923,-9.454315336899144
RN7SL28P,Pseudogene,RN7SL,1.0606777614337566,0.44200000166893,0,0,9.489428813567642,20.60703794284923
RN7SL290P,Pseudogene,RN7SL,0.6715294662498553,0.277999997138977,0.02,0,23.179610078820957,25.757087323381498
RN7SL291P,Pseudogene,RN7SL,0.6850706283780292,-0.150999993085861,0.1,0,19.045315513252085,-3.6702674929923993
RN7SL292P,Pseudogene,RN7SL,1.331916104954989,0.319999992847443,0,0,14.33549844671918,-24.069354375941266
RN7SL293P,Pseudogene,RN7SL,1.5080364747051604,0.263999998569489,0.14,0.02,-15.078558945877235,14.90517749772066
RN7SL294P,Pseudogene,RN7SL,1.4011456426136666,0.293000012636185,0,0,15.703757080760136,-24.644664572093376
RN7SL296P,Pseudogene,RN7SL,1.1849153308295222,0.279000014066696,15,0,20.11630669765181,-15.872866673597798
RN7SL297P,Pseudogene,RN7SL,0.7468463523668509,0.189999997615814,1.75,0,24.912116585504133,-5.595767512532382
RN7SL299P,Pseudogene,RN7SL,0.8063315635389272,0.30799999833107,0,0,18.989408968732018,29.37520076783294
RN7SL3,Functional,RN7SL,1.4637189380835274,0.266999989748001,100883.77,0.75,12.129059738852503,6.381792672600302
RN7SL300P,Pseudogene,RN7SL,1.288882189614231,0.291999995708466,6.17,0,14.196350289111832,17.679508846150053
RN7SL301P,Pseudogene,RN7SL,1.5968445419387325,0.209999993443489,6.21,0,24.385304993478233,-24.809975170806776
RN7SL302P,Pseudogene,RN7SL,1.227277990042839,0.30799999833107,0,0,9.746147004106525,-20.750490037479402
RN7SL303P,Pseudogene,RN7SL,1.3423208866513798,0.301999986171722,0.12,0,18.83594757788175,19.571828052683912
RN7SL304P,Pseudogene,RN7SL,0.9693288205691576,0.266999989748001,0.37,0,23.535803487112695,16.070633126355155
RN7SL305P,Pseudogene,RN7SL,1.1990126069377094,0.211999997496605,0,0,8.801234353856938,19.298993321686545
RN7SL306P,Pseudogene,RN7SL,1.3377392675760165,-0.0139999999664724,0.66,0,-9.320297239859354,-18.26921995368177
RN7SL307P,Pseudogene,RN7SL,1.2834023113015938,0.214000001549721,0,0,17.73840618284297,-16.556276919636026
RN7SL308P,Pseudogene,RN7SL,1.1811995139539426,0.305000007152557,4.14,0,21.150545888481613,-18.912026031535774
RN7SL309P,Pseudogene,RN7SL,1.117326577555824,-0.214500002563,0,0,10.250753875747815,-6.613767255762644
RN7SL30P,Pseudogene,RN7SL,1.4983416082653973,0.305000007152557,3.57,0,11.560286125196129,12.585014788475954
RN7SL310P,Pseudogene,RN7SL,1.1866516522270114,0.197999998927116,0.24,0,16.49885356266235,14.553199563286064
RN7SL311P,Pseudogene,RN7SL,0.5448514939146899,0.270000010728836,0.24,0,20.046310770176017,27.900160490049736
RN7SL313P,Pseudogene,RN7SL,0.735691405194705,0.184000000357628,0.18,0,19.504156851151983,28.0000319700443
RN7SL314P,Pseudogene,RN7SL,1.2014255330284964,-0.175499998033047,0.19,0,1.4125095466430908,-10.2844760410257
RN7SL316P,Pseudogene,RN7SL,1.2259158613080523,0.277999997138977,0.59,0,12.340876884608816,-20.216049000276247
RN7SL317P,Pseudogene,RN7SL,1.84756823069476,0.365000009536743,0.12,0.21,18.49666820464055,8.995386622892795
RN7SL318P,Pseudogene,RN7SL,2.0115476871294864,0.305000007152557,0.19,0.65,19.59066026808693,8.702418424967815
RN7SL319P,Pseudogene,RN7SL,1.4616689115596009,-0.0659999996423721,0,0,1.063053397316111,-21.359821546946616
RN7SL320P,Pseudogene,RN7SL,1.1185616474646918,-0.0949999988079071,0.39,0,12.738260191652712,26.274479760902736
RN7SL321P,Pseudogene,RN7SL,0.6273081163215116,-0.118000000715256,5.77,0,18.66596711515469,27.378982356477593
RN7SL322P,Pseudogene,RN7SL,1.3359339514254416,0.307000011205673,0.1,0,29.2202298234787,-22.619593153484328
RN7SL323P,Pseudogene,RN7SL,1.0596899818086554,0.214000001549721,0.06,0,21.04860734686512,20.56070173963565
RN7SL325P,Pseudogene,RN7SL,0.8591518698213088,-0.181999996304512,0,0,14.639481341341739,-4.192417821053498
RN7SL326P,Pseudogene,RN7SL,1.1617209428949618,0.217999994754791,2.82,0,22.407575318571812,15.04171532060981
RN7SL327P,Pseudogene,RN7SL,0.98128242710084,-0.0829999968409538,1.36,0,-14.906597453758964,35.543204657977526
RN7SL328P,Pseudogene,RN7SL,1.2851684612712748,0.303000003099442,2.63,0,18.419478303295463,14.570603011409625
RN7SL329P,Pseudogene,RN7SL,1.312700317487608,0.30799999833107,6.33,0,15.929374162294986,-24.008992960489127
RN7SL32P,Pseudogene,RN7SL,1.1742906975163134,0.252000004053116,0.76,0,37.098697031412925,6.309462836097565
RN7SL330P,Pseudogene,RN7SL,1.3463777347590606,0.174999997019768,0.1,0,10.76314239605001,-22.67935603736264
RN7SL331P,Pseudogene,RN7SL,0.3093741782248391,0.187000006437302,1.35,0.06,-18.679863770279386,4.634615701631749
RN7SL332P,Pseudogene,RN7SL,1.1623677293898529,0.226999998092651,0.07,0,21.300656474586187,-16.53552922089416
RN7SL333P,Pseudogene,RN7SL,0.760177905019864,-0.0390000008046627,2.14,0,17.73203725318904,-4.854425133913205
RN7SL334P,Pseudogene,RN7SL,0.9212677141729568,0.305000007152557,2.73,0,25.523148431283904,21.065620003632798
RN7SL335P,Pseudogene,RN7SL,1.371090108041901,-0.126500003039837,0,0,10.629515893422552,-9.439177283338518
RN7SL336P,Pseudogene,RN7SL,1.2045896033391692,-0.0010000000474974,1.37,0,10.92742175541585,-8.03906687833454
RN7SL337P,Pseudogene,RN7SL,1.5809291478330307,0.293000012636185,1.08,0,33.018674352835745,-20.240034447124234
RN7SL338P,Pseudogene,RN7SL,1.2091798085939491,0.30799999833107,0.33,0,21.48981580464844,-19.833915701853723
RN7SL339P,Pseudogene,RN7SL,1.5254921472358085,0.0850000008940697,0,0,37.711722165691185,5.01694660003183
RN7SL33P,Pseudogene,RN7SL,1.208590539681379,0.27700001001358,0.11,0,24.52287656319774,13.537222008948444
RN7SL340P,Pseudogene,RN7SL,1.3729429325122275,0.305000007152557,0,0,8.289096229153635,17.164367913008522
RN7SL341P,Pseudogene,RN7SL,1.2122031559242932,0.30799999833107,0.19,0,19.751054433944645,14.411566015848651
RN7SL342P,Pseudogene,RN7SL,1.4059114441191551,0.284000009298325,0,0,9.317587560310255,17.47955780875408
RN7SL343P,Pseudogene,RN7SL,1.3441235848441415,0.287000000476837,0.06,0,8.156118416489232,16.896677200383227
RN7SL344P,Pseudogene,RN7SL,0.6688696337880082,-0.0850000008940697,2.38,0,18.052303987830058,26.35617124792412
RN7SL346P,Pseudogene,RN7SL,1.1814381883354246,-0.144499994814396,0.88,0,12.127564771989222,-7.434451085959095
RN7SL34P,Pseudogene,RN7SL,1.2478612687018384,0.204999998211861,0.64,0,33.04990195173354,-18.72896303895417
RN7SL350P,Pseudogene,RN7SL,1.1732985138606051,0.305000007152557,0,0,17.231269729709005,-19.879031840951303
RN7SL351P,Pseudogene,RN7SL,0.9103743459310468,0.196999996900558,1.58,0,27.50802054132776,-14.10251088479499
RN7SL352P,Pseudogene,RN7SL,1.178708511654794,0.305000007152557,0,0,9.3196382244623,-20.32161716550165
RN7SL353P,Pseudogene,RN7SL,1.3507776619968357,0.224000006914139,0.42,0,36.91196910838033,5.743647049130308
RN7SL354P,Pseudogene,RN7SL,1.3232107709356753,0.413499996066093,0.7,0,16.406746367817526,12.435806789681395
RN7SL356P,Pseudogene,RN7SL,1.358558639312485,0.219999998807907,6.42,0,35.06927881860866,8.541767841137677
RN7SL357P,Pseudogene,RN7SL,1.1539241580433175,0.30799999833107,0,0,31.74862054111326,-19.33140540114203
RN7SL359P,Pseudogene,RN7SL,0.9286596426228244,0.305000007152557,42.08,0.07,18.26949694592773,29.471015618980076
RN7SL35P,Pseudogene,RN7SL,1.1300537191852196,-0.161499999463558,0,0,12.571678765818392,26.26198218909157
RN7SL361P,Pseudogene,RN7SL,1.3287611516862443,0.30799999833107,0.1,0,10.273808586000902,17.050964907867183
RN7SL362P,Pseudogene,RN7SL,1.4570186017044515,0.30799999833107,6.98,0,-14.578425572386061,14.544474967523108
RN7SL363P,Pseudogene,RN7SL,1.030577619671055,0.282999992370605,0.58,0,24.231428972925503,15.153203024406732
RN7SL364P,Pseudogene,RN7SL,1.1620660768649245,0.203999996185303,5.38,0,23.68350496297365,15.115469501569228
RN7SL366P,Pseudogene,RN7SL,1.320378556100625,-0.105000000447035,0.38,0,17.66550385033141,-12.162845081223589
RN7SL368P,Pseudogene,RN7SL,1.0407745368866796,0.206000000238419,19.63,0.06,23.46054102808591,22.511287364795386
RN7SL369P,Pseudogene,RN7SL,1.1616816968916883,0.284000009298325,0.19,0,7.558478882016071,20.603078998429723
RN7SL36P,Pseudogene,RN7SL,1.0697152292210963,-0.0700000002980232,3.39,0,13.688590321821458,25.193028576147675
RN7SL370P,Pseudogene,RN7SL,0.7182343210036441,0.30799999833107,0,0,26.47320887397935,-9.294589661951665
RN7SL371P,Pseudogene,RN7SL,1.4570186017044515,0.175999999046326,0,0,36.93878173117767,6.463336530193926
RN7SL372P,Pseudogene,RN7SL,0.8392175694860492,0.202999994158745,0.16,0,31.056801268977118,-18.340303654658822
RN7SL375P,Pseudogene,RN7SL,1.3287611516862443,-0.0449999999254942,1.89,0,11.124315080739764,-10.120932253461035
RN7SL376P,Pseudogene,RN7SL,1.4472617807108952,0.268999993801117,0.21,0,35.57245608786357,4.10332593118375
RN7SL377P,Pseudogene,RN7SL,1.4993215569954594,0.125,15.93,0.01,33.60757731197059,7.448489960821537
RN7SL378P,Pseudogene,RN7SL,1.1888915567719032,0.305000007152557,0.74,0,31.964291732299742,-19.23622881420822
RN7SL379P,Pseudogene,RN7SL,1.2565986246172414,0.214000001549721,0.1,0,19.920730531044505,-15.98439180317409
RN7SL37P,Pseudogene,RN7SL,1.3237495375362194,-0.0299999993294477,3.47,0,12.127748492254598,-10.719722623376606
RN7SL380P,Pseudogene,RN7SL,1.477334752777615,0.282000005245209,0.07,0,33.66140616031982,-19.174423457085712
RN7SL381P,Pseudogene,RN7SL,2.0397649258341475,0.305000007152557,12.82,0.65,2.2386269054363703,-30.993311397881467
RN7SL382P,Pseudogene,RN7SL,1.145492303030751,0.30799999833107,2.28,0,12.33110069408099,17.939584514664734
RN7SL383P,Pseudogene,RN7SL,1.4059114441191551,0.303000003099442,0,0,16.282808068901186,-24.639700103782552
RN7SL384P,Pseudogene,RN7SL,1.0839893605861468,0.30799999833107,0.85,0,15.808891511181246,-18.68344640333852
RN7SL385P,Pseudogene,RN7SL,1.3843373554625953,0.261000007390976,0.96,0,18.887571097330643,20.281502968606823
RN7SL386P,Pseudogene,RN7SL,1.2630648268022358,0.287000000476837,0,0,26.350266608912275,9.623350722586714
RN7SL387P,Pseudogene,RN7SL,1.2468716879970787,0.277999997138977,0.44,0,35.007161916024685,6.8438860879079
RN7SL388P,Pseudogene,RN7SL,0.7479653804735954,0.30799999833107,1.03,0,22.93197468221286,19.53119304698548
RN7SL38P,Pseudogene,RN7SL,1.2673319377035943,-0.209000006318092,0,0,9.449730305591686,25.562075300912518
RN7SL390P,Pseudogene,RN7SL,1.1496558370717531,0.284000009298325,2.54,0,12.860920460652649,-18.011483635453228
RN7SL391P,Pseudogene,RN7SL,1.1618862183171974,0.163000002503395,0.21,0,37.89228310678313,5.864736311437137
RN7SL392P,Pseudogene,RN7SL,1.103597612047104,0.206000000238419,0,0,20.56881481417032,15.63443501954764
RN7SL393P,Pseudogene,RN7SL,0.9152952883414848,-0.183000005781651,10,0,16.550374812337296,-5.091521852010209
RN7SL394P,Pseudogene,RN7SL,1.181681783838174,-0.149000003933907,9.51,0,19.858555249369207,-11.087654923362988
RN7SL395P,Pseudogene,RN7SL,1.3010435801854645,0.230000004172325,0.41,0,12.406950228232374,-20.9688116421085
RN7SL396P,Pseudogene,RN7SL,1.1538846468583135,0.145999997854233,23.71,0.05,14.600492711282174,-16.83177077565034
RN7SL397P,Pseudogene,RN7SL,0.722659573724098,0.282999992370605,0.2,0,24.817266940114354,-4.153584459875959
RN7SL398P,Pseudogene,RN7SL,1.2355147550766834,0.305000007152557,8.41,0,10.878390530938368,-19.94982745637308
RN7SL399P,Pseudogene,RN7SL,1.4068006986695152,0.279000014066696,1.14,0,33.10529118407548,-19.50147474166886
RN7SL39P,Pseudogene,RN7SL,1.1928945586465558,0.305000007152557,0.62,0,10.607321614935614,19.28530347310302
RN7SL400P,Pseudogene,RN7SL,1.4081465974484384,0.273999989032745,0,0,11.212906935404268,13.065437848970646
RN7SL401P,Pseudogene,RN7SL,1.2937937529576593,0.30799999833107,0.06,0,13.554394621377076,18.3074410143246
RN7SL402P,Pseudogene,RN7SL,1.3156925279189955,0.30799999833107,0.56,0,22.024130807141717,-21.776447989627712
RN7SL403P,Pseudogene,RN7SL,1.4804776248583582,0.214000001549721,0.96,0,32.32700768799679,8.433862766711574
RN7SL404P,Pseudogene,RN7SL,1.100124969252125,0.216999992728233,14.04,0,12.235409064897995,-17.833695490577973
RN7SL405P,Pseudogene,RN7SL,1.213897078354052,-0.0160000007599592,0.2,0,34.1517352721298,8.01422631510685
RN7SL408P,Pseudogene,RN7SL,1.3612083775334904,0.305000007152557,0.51,0,8.236512157891777,18.59986147637529
RN7SL40P,Pseudogene,RN7SL,0.6906231655322166,0.28999999165535,0.55,0,26.54603638772836,-9.278761205823281
RN7SL411P,Pseudogene,RN7SL,0.7409980317239783,0.305000007152557,5.8,0,17.554394005996958,30.475830679135527
RN7SL413P,Pseudogene,RN7SL,1.075944111720423,-0.158999994397163,1.2,0,13.988700572834484,-6.354517367251429
RN7SL414P,Pseudogene,RN7SL,1.1696238064520703,-0.0379999987781048,1.26,0,11.0272014339823,-7.8166066817572855
RN7SL415P,Pseudogene,RN7SL,1.1658219465380495,0.239999994635582,0.19,0,13.972233422643557,-18.07879211143853
RN7SL416P,Pseudogene,RN7SL,1.4103517487196109,0.202999994158745,0,0,32.97777570535778,-19.83822171304759
RN7SL417P,Pseudogene,RN7SL,1.9791987521872767,-0.172000005841255,6.37,0.29,-27.39633448669515,18.07425005626778
RN7SL418P,Pseudogene,RN7SL,0.89558777788939,-0.122000001370907,0,0,15.720954817336706,26.754207260474153
RN7SL419P,Pseudogene,RN7SL,1.294971516677902,0.282999992370605,1.44,0,17.206213213332656,17.387474317150026
RN7SL41P,Pseudogene,RN7SL,1.1344193351834897,-0.187000006437302,0,0,15.756257675978905,-9.350202549622589
RN7SL420P,Pseudogene,RN7SL,1.1888915567719032,0.232999995350838,0.05,0,25.069935343647856,19.18573255748805
RN7SL422P,Pseudogene,RN7SL,1.450588819287242,0.293999999761581,0,0,8.312794142379712,16.588958763721475
RN7SL423P,Pseudogene,RN7SL,0.7198223067219978,-0.111000001430511,0.07,0,17.842787904508686,27.888224705659002
RN7SL424P,Pseudogene,RN7SL,1.4903290862960636,0.30799999833107,0.13,0,13.86869916050579,17.206891996191107
RN7SL426P,Pseudogene,RN7SL,1.295176644432801,0.214000001549721,0.18,0,32.634752567684934,-19.356008008949587
RN7SL428P,Pseudogene,RN7SL,0.9843723852608516,0.165999993681908,2.47,0,-21.510121390122695,-6.455109810551556
RN7SL429P,Pseudogene,RN7SL,2.040444411908096,-0.122000001370907,0,0.28,-27.292085864857516,17.86268190505368
RN7SL42P,Pseudogene,RN7SL,1.0751087513852364,-0.0570000000298023,0.15,0,-14.325021228254993,31.179312408654848
RN7SL430P,Pseudogene,RN7SL,1.0908287140564763,0.310000002384186,1.44,0,-18.07669576547404,-11.712189907179186
RN7SL431P,Pseudogene,RN7SL,0.7744036806951412,-0.135000005364418,23.09,0.05,16.742117200424257,26.997479975899967
RN7SL432P,Pseudogene,RN7SL,0.8042501707574639,0.27700001001358,0.37,0,23.375723576822352,21.397789430809325
RN7SL434P,Pseudogene,RN7SL,1.1535370650684624,0.305000007152557,1.71,0,21.423713258921296,-18.797692753509402
RN7SL435P,Pseudogene,RN7SL,1.2563463968724369,0.200000002980232,0.59,0,11.942025719943825,-21.96795432671707
RN7SL43P,Pseudogene,RN7SL,1.4084691968980256,0.200000002980232,0.06,0,17.746783976505974,13.190665193727243
RN7SL440P,Pseudogene,RN7SL,2.136715352046639,0.282999992370605,0.31,0.67,36.843092998204185,3.9330468190435224
RN7SL441P,Pseudogene,RN7SL,1.0795790580438027,0.28999999165535,2.47,0,17.210503838566897,-19.17123289480117
RN7SL442P,Pseudogene,RN7SL,1.3133900659951372,0.194999992847443,0.57,0,24.03005276500979,-22.057824815873982
RN7SL443P,Pseudogene,RN7SL,1.3055299373585176,0.30799999833107,4.44,0,33.23243250595467,-18.89619498314515
RN7SL444P,Pseudogene,RN7SL,0.7409980317239783,0.30799999833107,11.06,0,25.11519657928473,-4.681778180487708
RN7SL445P,Pseudogene,RN7SL,1.102487472541542,0.307000011205673,0.08,0,11.406773156391845,19.9973087612136
RN7SL446P,Pseudogene,RN7SL,1.2438628277461206,-0.105999998748302,0.18,0,11.43666180689596,-8.611093337075694
RN7SL447P,Pseudogene,RN7SL,1.049117111241857,-0.108999997377396,0,0,12.53987159214692,-5.309893405656176
RN7SL448P,Pseudogene,RN7SL,1.1185616474646918,0.30799999833107,0.46,0,12.919231937474663,-17.898147464518424
RN7SL449P,Pseudogene,RN7SL,1.2023405562828977,0.30799999833107,18.44,0.08,34.22625389454647,-18.277548920749357
RN7SL44P,Pseudogene,RN7SL,0.7590935962404165,0.214000001549721,0.17,0,23.101098617443554,19.679466477920148
RN7SL451P,Pseudogene,RN7SL,1.394018036270026,0.159999996423721,0,0,15.265247926947191,16.426308519547767
RN7SL452P,Pseudogene,RN7SL,1.157809424568716,-0.138999998569489,2.56,0,14.999055453200857,-8.962279538211963
RN7SL453P,Pseudogene,RN7SL,1.0557532746827198,0.301999986171722,0.04,0,28.25114281145,11.99287104935303
RN7SL454P,Pseudogene,RN7SL,1.5437458994249549,-0.180000007152557,0.03,0,3.95102481165431,-27.991418370135413
RN7SL455P,Pseudogene,RN7SL,1.749031258391039,0.305000007152557,1.47,0,35.65684215066695,8.878224225736485
RN7SL456P,Pseudogene,RN7SL,1.3422739769576302,0.30799999833107,0,0,12.396674409531014,-23.637339610516484
RN7SL457P,Pseudogene,RN7SL,1.2465613665217186,0.30799999833107,0.2,0,21.072513485997877,-20.749177864642657
RN7SL459P,Pseudogene,RN7SL,1.4836829381062686,0.30799999833107,0.18,0,23.76450399921998,-24.061559973073873
RN7SL45P,Pseudogene,RN7SL,1.165579957619513,0.206000000238419,0.85,0,9.8954934313103,18.97502735832903
RN7SL460P,Pseudogene,RN7SL,1.319364227996909,0.300000011920929,0.09,0,35.25790427163717,7.200420599552393
RN7SL461P,Pseudogene,RN7SL,1.2193950322585414,0.305000007152557,0,0,9.781779682496186,18.734450040718727
RN7SL462P,Pseudogene,RN7SL,1.0779604987363909,0.284999996423721,0.06,0,11.089107760543055,20.28345916185558
RN7SL464P,Pseudogene,RN7SL,0.8186531284829306,0.305000007152557,3.2,0,27.305938139898238,-11.664238258464028
RN7SL465P,Pseudogene,RN7SL,1.0385665934669546,0.214000001549721,5.5,0,15.688234031857778,-17.670303749150975
RN7SL466P,Pseudogene,RN7SL,0.7771059866596806,-0.104000002145767,0,0,18.528213375178485,-3.5425868592939493
RN7SL468P,Pseudogene,RN7SL,0.968779314435048,-0.195500001311302,0.32,0,13.09446816821756,27.89554324755288
RN7SL469P,Pseudogene,RN7SL,1.7000745981008996,-0.0659999996423721,0.64,0,4.7821773275053,-24.69635560121911
RN7SL470P,Pseudogene,RN7SL,1.7031868369138257,0.123000003397465,0.38,0,36.983832218404714,5.547200030833246
RN7SL471P,Pseudogene,RN7SL,1.568270290803779,0.677999973297119,640.66,0.72,10.602195712062668,12.345574750528556
RN7SL472P,Pseudogene,RN7SL,1.7426414888559856,0.146999999880791,1.41,0,5.676485007699699,-25.423738968643125
RN7SL473P,Pseudogene,RN7SL,1.2081489647673558,0.282999992370605,15.71,0.02,9.658495328892192,18.796684180378424
RN7SL474P,Pseudogene,RN7SL,1.6617065495471277,0.184000000357628,0.16,0,37.13352662052161,5.460894994186535
RN7SL475P,Pseudogene,RN7SL,1.2122031559242932,-0.120999999344349,0.24,0,13.24997736362895,10.860541659250465
RN7SL477P,Pseudogene,RN7SL,1.1537611398674268,0.211999997496605,0.69,0,21.648472432564056,-15.872068235205983
RN7SL478P,Pseudogene,RN7SL,1.456974947024391,0.223000004887581,0.39,0,16.68732062597891,14.137566365421707
RN7SL479P,Pseudogene,RN7SL,0.7062637489869168,0.30799999833107,0.06,0,21.977581393739154,26.6346573418763
RN7SL47P,Pseudogene,RN7SL,1.3475507683943586,0.305000007152557,1.69,0,6.994151780010672,19.030620396292534
RN7SL480P,Pseudogene,RN7SL,1.3232107709356753,0.305000007152557,0,0,8.973291515121133,18.29675916112141
RN7SL481P,Pseudogene,RN7SL,1.1849153308295222,0.226999998092651,4.84,0,13.592980375502867,18.76087429357342
RN7SL482P,Pseudogene,RN7SL,0.9208081665194152,0.30799999833107,2.45,0,20.82101943746301,25.45748555710115
RN7SL483P,Pseudogene,RN7SL,1.060309683552403,0.303000003099442,0.67,0,24.256765052804784,15.555530937232671
RN7SL484P,Pseudogene,RN7SL,1.8054948947482448,0.17399999499321,0,0.01,-25.72390163047694,17.346250925899856
RN7SL487P,Pseudogene,RN7SL,1.1914666752829228,0.305999994277954,0.34,0,29.70338914232112,-22.013251881687538
RN7SL488P,Pseudogene,RN7SL,1.2994993891138389,0.270999997854233,0.23,0,37.76215263761864,5.611924612787655
RN7SL489P,Pseudogene,RN7SL,0.7164919308990261,-0.0450000017881393,0.03,0,-8.771527444523654,36.30148678576428
RN7SL48P,Pseudogene,RN7SL,0.9839404324833116,0.272000014781952,0.15,0,34.16412952421451,7.431937819581688
RN7SL491P,Pseudogene,RN7SL,1.4461857496471695,0.18299999833107,0,0,35.79685239310017,4.8273331984799714
RN7SL492P,Pseudogene,RN7SL,1.2716279781703863,0.291999995708466,0,0,26.933237590180365,19.97126577575
RN7SL493P,Pseudogene,RN7SL,1.5334198398970285,0.305000007152557,0.35,0,9.436759032046659,16.04405633722014
RN7SL494P,Pseudogene,RN7SL,1.119723588234219,-0.197499997913837,0.64,0,12.271331369248704,-7.004989264911611
RN7SL495P,Pseudogene,RN7SL,1.5388606275913312,-0.126000002026558,0,0,4.561049898356265,-23.837971894360212
RN7SL496P,Pseudogene,RN7SL,1.0899378376112396,0.252000004053116,0,0,7.599831658261773,20.88214814379467
RN7SL497P,Pseudogene,RN7SL,1.327057313874442,0.214000001549721,0,0,17.597508357472684,17.193386718275992
RN7SL498P,Pseudogene,RN7SL,1.456974947024391,0.44200000166893,0.56,0,13.8476075663208,-25.789322605913824
RN7SL499P,Pseudogene,RN7SL,0.8054326431782373,0.284000009298325,0.23,0,19.41761602236278,28.419638829338
RN7SL49P,Pseudogene,RN7SL,1.0606777614337566,0.30799999833107,1.64,0,12.824044019150476,-17.43119702948652
RN7SL4P,Pseudogene,RN7SL,1.1421103137271065,0.0850000008940697,599.31,0.06,15.626454681579574,20.86753613382042
RN7SL502P,Pseudogene,RN7SL,1.0420284821118444,0.284000009298325,2.21,0,23.628116665967923,-10.96018189662629
RN7SL503P,Pseudogene,RN7SL,1.3526882386050345,0.30799999833107,0.1,0,26.027007884644068,10.18205270403778
RN7SL504P,Pseudogene,RN7SL,1.0408182283579397,0.26800000667572,0,0,6.967075895792987,21.756436556184575
RN7SL505P,Pseudogene,RN7SL,1.149906288564834,0.301999986171722,3.61,0,25.720599549866815,18.653398808869163
RN7SL507P,Pseudogene,RN7SL,1.2790664926823316,0.305000007152557,2.1,0,27.409405128424037,20.37170070519807
RN7SL508P,Pseudogene,RN7SL,1.3297613193066442,0.30799999833107,1.09,0,14.379767462294506,-24.09678278187918
RN7SL509P,Pseudogene,RN7SL,1.1811995139539426,-0.0469999983906746,0,0,12.180647079827803,25.889733414906598
RN7SL50P,Pseudogene,RN7SL,1.2937937529576593,0.30799999833107,0.2,0,21.26900363341174,-21.517646063891256
RN7SL510P,Pseudogene,RN7SL,1.4131438223823491,0.159999996423721,0.29,0,36.1163475662721,5.551013993057843
RN7SL513P,Pseudogene,RN7SL,1.1539241580433175,0.305000007152557,2.49,0,31.627372324087986,-19.31250122493959
RN7SL515P,Pseudogene,RN7SL,1.075944111720423,0.20100000500679,0.68,0,23.52085422748686,-14.468862340342637
RN7SL516P,Pseudogene,RN7SL,0.8654333072533837,0.28099998831749,0.41,0,18.943212168046884,29.032316901701236
RN7SL517P,Pseudogene,RN7SL,0.6035793393653307,0.239999994635582,12.92,0,20.169427152520075,28.082422949263204
RN7SL518P,Pseudogene,RN7SL,1.0544335830893663,-0.0329999998211861,0.08,0,15.5242921990704,-7.615410983076891
RN7SL519P,Pseudogene,RN7SL,0.8924780981050519,0.28099998831749,0.22,0,22.200982221015295,24.38830911338093
RN7SL51P,Pseudogene,RN7SL,0.8653102015197772,0.305000007152557,0,0,23.908985900435024,-6.147024616293359
RN7SL520P,Pseudogene,RN7SL,1.2266302644906326,0.239999994635582,0.32,0,17.893114822058024,14.512944429245227
RN7SL521P,Pseudogene,RN7SL,1.321540050265302,-0.132500000298023,10.42,0,9.374224121531759,-8.381635909113065
RN7SL523P,Pseudogene,RN7SL,1.3054495525338543,0.305000007152557,0.2,0,17.174443711528323,14.13949746791937
RN7SL524P,Pseudogene,RN7SL,1.933541739029756,0.146999999880791,0.3,0.4,38.23684031332308,4.042672927938112
RN7SL525P,Pseudogene,RN7SL,1.798739641740684,0.151500001549721,0.37,0,37.5529725608661,4.999285660976244
RN7SL526P,Pseudogene,RN7SL,1.284841806574688,0.305000007152557,1.18,0,13.50326958889389,11.384910071368674
RN7SL52P,Pseudogene,RN7SL,2.3604635803707272,-0.0590000003576279,0,0.54,19.03029841194026,7.995411022319261
RN7SL530P,Pseudogene,RN7SL,1.2588263542290736,0.30799999833107,0.46,0,6.957022957636162,19.243030075974463
RN7SL531P,Pseudogene,RN7SL,1.2193950322585414,0.305000007152557,0.23,0,34.19212108795203,7.987471757405378
RN7SL535P,Pseudogene,RN7SL,1.1030481680012767,-0.165000006556511,9,0,13.445373764572333,25.241456252046813
RN7SL536P,Pseudogene,RN7SL,1.724736797978225,-0.013499999884516,0.06,0,4.76287968050375,-24.8495102724794
RN7SL538P,Pseudogene,RN7SL,0.7769510612237437,-0.028999999165535,0.18,0,18.79041199035619,-3.9922361247348928
RN7SL539P,Pseudogene,RN7SL,0.7877878558921161,-0.158999994397163,0.16,0.01,-12.17238375360971,31.959391273713404
RN7SL541P,Pseudogene,RN7SL,1.1782654214692234,0.301999986171722,4.11,0,11.212961655567968,-20.16290683678184
RN7SL542P,Pseudogene,RN7SL,1.5122408810693433,-0.218999996781349,0,0,11.000965099783514,22.90720977984789
RN7SL543P,Pseudogene,RN7SL,1.103597612047104,-0.293999999761581,0.17,0,16.57964658190444,22.61337860896168
RN7SL544P,Pseudogene,RN7SL,0.0366911437363325,0.277999997138977,0.16,0.25,-19.741286652967393,6.656916512214273
RN7SL545P,Pseudogene,RN7SL,1.2695979207339714,-0.145000003278255,0.06,0,9.755442589554876,-8.094191560559752
RN7SL546P,Pseudogene,RN7SL,1.3055299373585176,0.194999992847443,0.77,0,23.29769237169831,14.27515547932564
RN7SL547P,Pseudogene,RN7SL,1.4253033261070056,0.207000002264977,0.02,0,15.150547453729684,-24.857544236341116
RN7SL549P,Pseudogene,RN7SL,1.182443667644646,0.231000006198883,0.4,0,10.324415412209216,-19.32145293864731
RN7SL551P,Pseudogene,RN7SL,1.3404169512624398,0.30799999833107,0.06,0,12.458312545327429,13.651682361647675
RN7SL552P,Pseudogene,RN7SL,1.1955640797176958,0.305000007152557,3.13,0,8.108551419098477,19.688023310015854
RN7SL553P,Pseudogene,RN7SL,1.014054563128976,-0.141500003635883,0.07,0,13.621489044457332,27.077696085836116
RN7SL554P,Pseudogene,RN7SL,1.3441691607150503,0.195999994874001,0,0,22.02248877917639,-23.230615254737927
RN7SL555P,Pseudogene,RN7SL,1.2500243344901183,0.30799999833107,9.05,0,17.589938479124122,13.300859361636515
RN7SL556P,Pseudogene,RN7SL,1.3986959491434152,0.193000003695488,0.11,0,18.66937030718244,19.250195723931405
RN7SL557P,Pseudogene,RN7SL,1.3966582219447798,0.144999995827675,0,0,29.959643922055157,10.265940445068233
RN7SL558P,Pseudogene,RN7SL,1.103597612047104,-0.141000002622604,16.56,0.04,12.548951606807865,-5.142829180863575
RN7SL559P,Pseudogene,RN7SL,1.356625184343142,-0.0500000007450581,5.13,0,13.519346309153345,21.997199473299666
RN7SL55P,Pseudogene,RN7SL,1.2279796927243958,0.204999998211861,0.95,0,18.89015894439229,-16.152855005592397
RN7SL560P,Pseudogene,RN7SL,1.460418705990085,0.097000002861023,0.09,0,33.50135484497148,4.942788543394612
RN7SL561P,Pseudogene,RN7SL,1.1372078333842193,0.160999998450279,0.11,0,11.322458129178253,20.06172418321647
RN7SL563P,Pseudogene,RN7SL,1.270482153805269,0.30799999833107,2.42,0,22.305491161138473,14.09067715801605
RN7SL564P,Pseudogene,RN7SL,1.3615838832928102,0.118000000715256,0,0,-20.572573126526642,21.42796216431546
RN7SL565P,Pseudogene,RN7SL,0.6482102060085417,0.300000011920929,0.26,0,21.942396012505803,27.21085936962823
RN7SL566P,Pseudogene,RN7SL,1.0795790580438027,-0.0839999988675117,3.34,0,18.824091046461515,-9.682774497067346
RN7SL567P,Pseudogene,RN7SL,1.215126722814692,0.125,0,0,18.710017973833693,19.606909642501584
RN7SL568P,Pseudogene,RN7SL,1.3404169512624398,0.266999989748001,0,0,6.884100324450834,19.446869561421835
RN7SL569P,Pseudogene,RN7SL,1.2542935432827758,0.354999989271164,1.91,0,26.39334527574356,-20.538574904237553
RN7SL570P,Pseudogene,RN7SL,1.3560644630222634,0.284000009298325,0.07,0,23.259105769310896,-22.12139721045457
RN7SL571P,Pseudogene,RN7SL,1.2245306456455574,0.222000002861023,0.45,0,13.982051069355114,-21.881202100898534
RN7SL573P,Pseudogene,RN7SL,1.3591675853632754,0.263999998569489,0,0,12.516662384929095,-23.777707473886498
RN7SL574P,Pseudogene,RN7SL,1.391710318420982,0.305000007152557,1.45,0,20.70150729718942,12.422257723802069
RN7SL575P,Pseudogene,RN7SL,0.697009018135013,0.146999999880791,0.74,0,25.99112911516591,-6.301452805623184
RN7SL577P,Pseudogene,RN7SL,1.2609805614114729,0.30799999833107,1.38,0,11.12202993475266,14.221972829410396
RN7SL578P,Pseudogene,RN7SL,0.810057477260091,0.30799999833107,0.58,0,23.44773415883641,-3.6221699275076786
RN7SL57P,Pseudogene,RN7SL,1.1977338874848786,0.30799999833107,7.73,0,8.85253184666635,19.742568978212862
RN7SL580P,Pseudogene,RN7SL,1.1739461412874437,-0.127000004053116,0.07,0,34.38447441570826,-17.88715308607775
RN7SL581P,Pseudogene,RN7SL,1.0116781379726645,-0.0579999983310699,0.46,0,13.92866070467015,26.554609490706063
RN7SL582P,Pseudogene,RN7SL,0.9835155326981566,-0.0410000011324883,0.8,0,13.977512491648929,27.072651759585668
RN7SL583P,Pseudogene,RN7SL,0.7261522523427487,-0.10700000077486,0.19,0,19.466316309555367,-7.019718946664732
RN7SL584P,Pseudogene,RN7SL,1.9647675083590328,0.266999989748001,0,0.64,16.75450181455939,10.070564852426626
RN7SL585P,Pseudogene,RN7SL,1.0668386840668884,0.305000007152557,0,0,14.273230038524023,-17.97785014565007
RN7SL586P,Pseudogene,RN7SL,1.2321282727673837,0.207000002264977,0,0,13.58422864997258,11.24402237222421
RN7SL587P,Pseudogene,RN7SL,1.458592655862368,-0.12899999320507,2.08,0,11.02747794658491,23.11264462778347
RN7SL589P,Pseudogene,RN7SL,1.120460733453596,0.184000000357628,1.17,0,15.706756572829589,19.70270594562363
RN7SL58P,Pseudogene,RN7SL,1.311396389052321,0.206000000238419,0,0,14.266356638695072,-22.724608508659262
RN7SL591P,Pseudogene,RN7SL,1.153844323799645,0.30799999833107,0.58,0,12.582514668945317,-18.2720326288074
RN7SL592P,Pseudogene,RN7SL,1.7799774783405171,0.305000007152557,0.35,0,34.561601180890975,9.959511658542954
RN7SL594P,Pseudogene,RN7SL,1.028715690818894,0.105999998748302,0.07,0,21.803759963952803,-11.019970668536859
RN7SL596P,Pseudogene,RN7SL,1.2422330284435184,0.144999995827675,0.19,0,35.915692078090586,4.866340273012546
RN7SL597P,Pseudogene,RN7SL,1.0795790580438027,0.294999986886978,0.44,0,25.548195298145334,-17.293966745020118
RN7SL598P,Pseudogene,RN7SL,1.3468395347023838,-0.170500002801418,0.07,0,9.48476258459366,-10.573234278389599
RN7SL5P,Pseudogene,RN7SL,1.9801787354773368,0.0149999996647239,215.75,0.46,2.5189276769271296,-30.07935917788443
RN7SL600P,Pseudogene,RN7SL,1.2662330496119405,0.30799999833107,7.29,0,28.26223945133922,10.65564676803699
RN7SL601P,Pseudogene,RN7SL,1.17361569657648,0.207000002264977,0,0,19.73686482648273,20.671424721297274
RN7SL602P,Pseudogene,RN7SL,1.7259936792181785,0.218999996781349,0.14,0,37.98412862937415,4.772828109041958
RN7SL604P,Pseudogene,RN7SL,0.97396806323517,-0.119999997317791,0.48,0,16.98144740526139,22.71927313033954
RN7SL605P,Pseudogene,RN7SL,1.2484564257805018,-0.153999999165535,0.78,0,34.69260534170066,9.184445450669028
RN7SL606P,Pseudogene,RN7SL,1.0906327685357189,0.305000007152557,0.67,0,14.175309215016858,-17.99721179176275
RN7SL607P,Pseudogene,RN7SL,1.394018036270026,0.30799999833107,0.2,0,16.28421781421447,17.155545292310297
RN7SL608P,Pseudogene,RN7SL,1.2574059342090356,-0.131999999284744,8.57,0,19.54755018597833,-11.352817005691904
RN7SL60P,Pseudogene,RN7SL,1.1732985138606051,-0.172999992966652,0.06,0,13.849631431953702,23.326103485726907
RN7SL610P,Pseudogene,RN7SL,1.0145752689519678,0.146999999880791,0.95,0,27.06684452299756,18.75111774812054
RN7SL612P,Pseudogene,RN7SL,0.7417829872660587,0.303000003099442,0.45,0,22.905675674263257,25.82989112492428
RN7SL614P,Pseudogene,RN7SL,1.364561107527415,-0.333499997854233,0.93,0,9.713417883350083,25.04018629181785
RN7SL615P,Pseudogene,RN7SL,1.282137953381464,0.305000007152557,0.78,0,9.72923623249409,-21.269697396495452
RN7SL616P,Pseudogene,RN7SL,1.1233764305294978,0.284000009298325,0.63,0,13.676577450046956,-17.83866074170187
RN7SL617P,Pseudogene,RN7SL,1.206678004177136,0.305000007152557,0.27,0,12.798888940030558,17.415575275790783
RN7SL618P,Pseudogene,RN7SL,1.2790664926823316,-0.0654999986290932,0.1,0,15.758642747963417,-10.654521693572338
RN7SL619P,Pseudogene,RN7SL,1.1981981254257643,0.195999994874001,0.24,0,35.888329725288955,7.703683999748853
RN7SL620P,Pseudogene,RN7SL,1.2036632631654969,-0.12899999320507,0.27,0,19.798327549522732,-11.187869119519677
RN7SL621P,Pseudogene,RN7SL,1.1616816968916883,0.266999989748001,0.31,0,25.54542084432408,-18.27976125125377
RN7SL622P,Pseudogene,RN7SL,1.7430294609870851,0.165000006556511,0,0,36.81445494220869,4.908209531222673
RN7SL623P,Pseudogene,RN7SL,1.10925612611906,0.30799999833107,0.5,0,22.198584891447318,-17.004462371938608
RN7SL624P,Pseudogene,RN7SL,1.6367593663867102,0.180500000715256,0.2,0,36.3375396861251,4.690324844494329
RN7SL625P,Pseudogene,RN7SL,0.9310220115088644,0.214000001549721,0,0,25.447216144608355,21.237865201867752
RN7SL627P,Pseudogene,RN7SL,0.768051796496079,0.266000002622604,0.53,0,20.667133602169493,27.187832075953942
RN7SL628P,Pseudogene,RN7SL,1.7000745981008996,-0.0160000007599592,0.19,0,4.85569460079384,-24.777184605871703
RN7SL629P,Pseudogene,RN7SL,1.0359347482983248,0.214000001549721,0.47,0,-9.874534636746318,27.72814240109728
RN7SL62P,Pseudogene,RN7SL,1.1695044692613294,0.199000000953674,0.02,0,15.735603492692158,19.497942358189185
RN7SL630P,Pseudogene,RN7SL,1.2045896033391692,0.0689999982714653,8.45,0,18.93345079141706,-13.422537382723227
RN7SL632P,Pseudogene,RN7SL,1.2535680987811662,-0.096000000834465,0,0,9.82919857122363,-8.487842552572465
RN7SL633P,Pseudogene,RN7SL,0.912213486023837,0.30799999833107,0,0,24.35715168750068,21.88993078847655
RN7SL634P,Pseudogene,RN7SL,1.1776349284140708,0.284000009298325,0.23,0,29.14616476559406,11.768194442282114
RN7SL635P,Pseudogene,RN7SL,1.3494738225547531,-0.0509999990463257,0.07,0,13.64984360856529,22.873306610874323
RN7SL636P,Pseudogene,RN7SL,1.358653916585738,0.29899999499321,0.06,0,19.570774857855923,13.56590697563995
RN7SL638P,Pseudogene,RN7SL,1.1378471931106346,0.30799999833107,2.16,0,24.81290224776763,-17.482297914574218
RN7SL63P,Pseudogene,RN7SL,1.1540008409352662,0.29899999499321,0,0,24.339905789505714,-17.58438745508801
RN7SL640P,Pseudogene,RN7SL,0.0532326172215501,0.28999999165535,0.02,0.24,21.361576993740986,29.65691791466598
RN7SL643P,Pseudogene,RN7SL,1.515894813610587,0.29899999499321,0.02,0,8.756524837342305,16.42428040370728
RN7SL644P,Pseudogene,RN7SL,1.3813247574970395,0.180999994277954,0.1,0,36.53793043207859,4.618093794657486
RN7SL645P,Pseudogene,RN7SL,1.291237276470687,-0.256000012159348,0.07,0,11.377097268186587,25.914552815320075
RN7SL646P,Pseudogene,RN7SL,1.2279796927243958,-0.126000002026558,1.8,0,15.01264159860018,-9.510223548390783
RN7SL647P,Pseudogene,RN7SL,1.157809424568716,-0.106499999761581,0,0,13.026379090866126,-7.874122468610299
RN7SL648P,Pseudogene,RN7SL,0.9116306764876602,0.29899999499321,35.23,0.08,17.443236204612507,30.13400504484536
RN7SL649P,Pseudogene,RN7SL,1.098866399317945,0.164000004529953,0.08,0,10.719750199060714,20.24351871290942
RN7SL650P,Pseudogene,RN7SL,1.2662330496119405,0.347000002861023,14.43,0,28.454126239763568,11.695140032375395
RN7SL652P,Pseudogene,RN7SL,1.3893713094824591,0.282000005245209,1.13,0,29.957809086241625,-23.00185804450868
RN7SL653P,Pseudogene,RN7SL,0.6638634243260898,-0.063000001013279,5.54,0,18.541378114172222,-3.417068783270886
RN7SL654P,Pseudogene,RN7SL,0.8326711615048985,0.0850000008940697,0.07,0,22.225433208734575,-3.6894808960292584
RN7SL655P,Pseudogene,RN7SL,1.107300959738537,-0.122999999672174,2.46,0,16.75050651218351,-9.761632236197586
RN7SL656P,Pseudogene,RN7SL,0.0370828641320941,0.224000006914139,8.22,0.22,-19.23262252030327,6.756848757592021
RN7SL657P,Pseudogene,RN7SL,1.6952226728326931,0.105999998748302,40.23,0.07,5.433372351710257,-25.28514891021854
RN7SL658P,Pseudogene,RN7SL,0.768051796496079,0.305000007152557,0.64,0,22.603717525693575,26.24362080478719
RN7SL659P,Pseudogene,RN7SL,1.3591675853632754,0.30799999833107,0.08,0,6.405505768530187,19.732867732534388
RN7SL65P,Pseudogene,RN7SL,0.6395518726189099,0.263999998569489,1.12,0,26.60011633996921,-6.806750237071799
RN7SL660P,Pseudogene,RN7SL,1.2081489647673558,0.0040000001899898,5.34,0,19.98874566307813,-11.382948906164808
RN7SL663P,Pseudogene,RN7SL,1.2197657817362726,0.214000001549721,2.42,0,28.682663697661265,10.601308213995967
RN7SL664P,Pseudogene,RN7SL,0.9338397326029644,0.165999993681908,14.75,0,27.835730306576952,11.960958128631741
RN7SL665P,Pseudogene,RN7SL,1.0536065763575315,-0.126000002026558,0.31,0,15.065317894821543,-8.228928369033767
RN7SL666P,Pseudogene,RN7SL,1.2911098517394564,-0.100499998778105,0.76,0,11.650100762833238,25.914299325201274
RN7SL667P,Pseudogene,RN7SL,0.8974965673670249,0.419999986886978,0.06,0,36.0574489848447,6.932231091296224
RN7SL668P,Pseudogene,RN7SL,0.8368325543912503,-0.096000000834465,0.1,0,14.92636751925868,28.746806473993008
RN7SL66P,Pseudogene,RN7SL,1.3025356026398056,0.18299999833107,0.2,0,36.31540762506673,5.636928768297993
RN7SL670P,Pseudogene,RN7SL,0.909707405018277,0.272000014781952,0.07,0,35.80980441506548,7.369112929469486
RN7SL672P,Pseudogene,RN7SL,1.2381621291129172,0.305000007152557,1.8,0,19.457172104330215,14.548704373510626
RN7SL673P,Pseudogene,RN7SL,1.494893181088722,-0.168999999761581,0.15,0,4.560374068245472,-23.68294042730293
RN7SL674P,Pseudogene,RN7SL,0.8967760270295874,-0.304000005125999,39.15,0.05,15.387183902359551,-4.849902050017376
RN7SL675P,Pseudogene,RN7SL,1.2045896033391692,0.374000012874603,0,0,14.276139925666305,-18.92263317600109
RN7SL677P,Pseudogene,RN7SL,1.295730296460914,0.0350000001490116,1.47,0,14.272553986080228,-10.891704601968566
RN7SL678P,Pseudogene,RN7SL,0.975812625389018,0.130999997258186,0.22,0,31.79881266284258,-17.540820196729154
RN7SL679P,Pseudogene,RN7SL,0.7312480576223469,0.284000009298325,0.22,0,20.040201641073768,28.261907963909263
RN7SL67P,Pseudogene,RN7SL,1.2086591628099097,0.214000001549721,2.44,0,20.154918131950794,-15.93330566219408
RN7SL680P,Pseudogene,RN7SL,1.277849866580857,0.206000000238419,0.47,0,18.5145808590226,-16.337302029714582
RN7SL681P,Pseudogene,RN7SL,1.2371114399501348,0.29899999499321,0.73,0,12.602305067500678,-21.21761624878856
RN7SL683P,Pseudogene,RN7SL,1.286454916187462,0.305000007152557,2.88,0,12.731953291290846,14.287868535230844
RN7SL684P,Pseudogene,RN7SL,1.2168813339854874,0.0034999998752027,0.64,0,13.797112160485304,-9.67532861863489
RN7SL685P,Pseudogene,RN7SL,1.282137953381464,0.30799999833107,0.39,0,18.97657939940704,14.4776459323421
RN7SL687P,Pseudogene,RN7SL,0.8896851367738555,0.282999992370605,0,0,17.863488877700952,29.708187372303247
RN7SL688P,Pseudogene,RN7SL,1.060974454513878,-0.133000001311302,2.2,0,10.590126389309379,-6.461835311616792
RN7SL689P,Pseudogene,RN7SL,1.1811995139539426,0.284000009298325,13.75,0,25.130729228516284,-18.335380441309745
RN7SL68P,Pseudogene,RN7SL,0.7731179060829814,-0.0345000009983778,8.68,0,15.63926370917952,27.538027318322406
RN7SL690P,Pseudogene,RN7SL,1.4762070163251129,0.0610000006854534,0.71,0,34.73950753500331,9.626281108098484
RN7SL691P,Pseudogene,RN7SL,1.211661025711447,0.305000007152557,0,0,13.721623143670262,11.894550861945413
RN7SL692P,Pseudogene,RN7SL,0.9407201574620816,0.282999992370605,0,0,25.461955366269898,-12.20692215074725
RN7SL693P,Pseudogene,RN7SL,1.6184432816551946,0.159999996423721,0.19,0,36.76763845581525,4.725264759824582
RN7SL697P,Pseudogene,RN7SL,0.8364108217620156,0.194999992847443,0.24,0,30.987350197616884,-18.336698516955494
RN7SL698P,Pseudogene,RN7SL,1.0926347218612056,0.30799999833107,39.51,0.12,28.5424649046951,-20.41939776055506
RN7SL69P,Pseudogene,RN7SL,1.2514557750853033,0.0054999998537823,0.56,0,13.43044561413435,21.074089323721868
RN7SL700P,Pseudogene,RN7SL,1.3822826803524466,0.30799999833107,0,0,12.397839889418123,-24.116762294263335
RN7SL702P,Pseudogene,RN7SL,0.1665342323009797,0.296000003814697,0.25,0.21,27.40755631869174,-8.602103120467453
RN7SL703P,Pseudogene,RN7SL,1.2191503212346084,0.214000001549721,0.08,0,10.653656978405683,-19.607007482413525
RN7SL704P,Pseudogene,RN7SL,1.305704789020924,-0.0980000011622906,0.18,0,9.676332347028811,24.269356308521797
RN7SL705P,Pseudogene,RN7SL,1.0751087513852364,0.30799999833107,0,0,17.16432842028691,-18.935780875182765
RN7SL706P,Pseudogene,RN7SL,1.1776349284140708,0.30799999833107,0.19,0,17.84533456662551,-19.978859752437124
RN7SL708P,Pseudogene,RN7SL,1.0222798932646855,0.108000002801418,1.3,0,25.503577745403003,-16.215612280921814
RN7SL709P,Pseudogene,RN7SL,1.1230751418316545,0.256999999284744,7.33,0,16.16140470403007,14.9155199629469
RN7SL70P,Pseudogene,RN7SL,1.1961474849848983,0.266000002622604,0.2,0,32.808693861649274,-18.474525389642668
RN7SL711P,Pseudogene,RN7SL,1.289466683549774,0.30799999833107,0.66,0,29.547148571234313,-22.52370978321619
RN7SL712P,Pseudogene,RN7SL,1.150291181552036,0.197999998927116,0.06,0,11.132920459958195,19.767718394561356
RN7SL713P,Pseudogene,RN7SL,1.288158829983737,0.13849999755621,1.24,0,15.784654994262258,-22.046172045777634
RN7SL714P,Pseudogene,RN7SL,1.445319147448196,0.30799999833107,0,0,16.053497333132338,16.806431922167892
RN7SL715P,Pseudogene,RN7SL,1.3237890973215738,0.305000007152557,2.19,0,12.764906480448827,-21.40016707542429
RN7SL716P,Pseudogene,RN7SL,1.257173666229464,0.30799999833107,0.29,0,34.94575689910936,7.542309014205081
RN7SL717P,Pseudogene,RN7SL,0.5379720558602115,0.30799999833107,0.37,0,20.169937795079687,28.13134666122081
RN7SL718P,Pseudogene,RN7SL,1.6392747298349148,0.160999998450279,0.34,0,38.12529875180137,5.256717262899104
RN7SL719P,Pseudogene,RN7SL,1.6414513360974201,-0.0450000017881393,0,0.02,-30.259655047512496,20.957708643004597
RN7SL720P,Pseudogene,RN7SL,1.3596643571415514,0.130999997258186,5.2,0,26.17123643065182,9.775788714632085
RN7SL722P,Pseudogene,RN7SL,0.1100734312089976,0.287000000476837,0.16,0.24,21.438854104501694,29.56609542292926
RN7SL724P,Pseudogene,RN7SL,0.7305734745433596,-0.194999992847443,0.98,0,18.13480327222196,25.099301956539314
RN7SL725P,Pseudogene,RN7SL,0.0134109199756994,-0.163000002503395,0,0.39,-16.343124402728954,9.185964114661527
RN7SL726P,Pseudogene,RN7SL,1.2429994156741064,-0.204999998211861,0.92,0,13.746272172658962,24.40668516633958
RN7SL727P,Pseudogene,RN7SL,0.7627460736179041,-0.113500002771616,0.17,0,16.68886774526133,26.644197999407307
RN7SL728P,Pseudogene,RN7SL,1.1693875188144032,0.30799999833107,5.34,0,13.50652201025365,14.605943794389379
RN7SL72P,Pseudogene,RN7SL,1.084639312235377,0.252000004053116,0,0,-18.784915252801852,-11.513052906842452
RN7SL731P,Pseudogene,RN7SL,1.2447439206114184,0.146999999880791,39.68,0.06,10.685298715793879,-19.68584149827682
RN7SL732P,Pseudogene,RN7SL,1.0188722936204702,-0.117999996989965,0,0,18.971809170741505,-9.415730559686697
RN7SL733P,Pseudogene,RN7SL,1.330249126100227,0.303000003099442,0.13,0,28.459264670096655,11.25877033487215
RN7SL734P,Pseudogene,RN7SL,1.2238589555004884,0.30799999833107,0.08,0,12.236528696377185,-19.479351487798073
RN7SL735P,Pseudogene,RN7SL,1.296587951486199,0.30799999833107,15.29,0,17.76721174956291,17.24238946072605
RN7SL736P,Pseudogene,RN7SL,1.2525001581765665,-0.188999995589256,0.71,0,-23.66952555565271,29.7929320774935
RN7SL737P,Pseudogene,RN7SL,1.145492303030751,0.140000000596046,15.23,0,19.452549888555044,-13.792443428825056
RN7SL738P,Pseudogene,RN7SL,1.1227242904908763,-0.25900000333786,15.18,0,12.591004671297306,26.181586069304966
RN7SL73P,Pseudogene,RN7SL,1.199159761160456,0.237000003457069,0,0,34.750303077838986,9.32791165405834
RN7SL740P,Pseudogene,RN7SL,1.353021478711116,0.30799999833107,0.07,0,30.176933490584606,12.21441944953008
RN7SL741P,Pseudogene,RN7SL,1.1417843806300487,-0.0850000008940697,0,0,26.638534505552727,20.686710928212992
RN7SL743P,Pseudogene,RN7SL,1.375384349991025,-0.149000003933907,1.79,0,15.835874271983595,-12.140970974963949
RN7SL744P,Pseudogene,RN7SL,1.2358639925171688,0.291999995708466,1.12,0,36.13133672506132,5.50531124745184
RN7SL745P,Pseudogene,RN7SL,1.0687471611403534,0.287999987602234,4.15,0,21.262458212776032,20.137032668287024
RN7SL748P,Pseudogene,RN7SL,1.3737352979609525,-0.0799999982118607,0.18,0,13.507609222610867,10.316255213015522
RN7SL749P,Pseudogene,RN7SL,1.3055299373585176,0.30799999833107,4.69,0,22.2473739728333,-21.575566691283676
RN7SL74P,Pseudogene,RN7SL,0.7086258351039298,0.301999986171722,1.19,0,19.91171154451047,27.80201216295414
RN7SL750P,Pseudogene,RN7SL,1.546989063079209,0.111999999731779,0.8,0,34.99900280016172,8.239061179658073
RN7SL751P,Pseudogene,RN7SL,0.9539697371446464,0.282000005245209,6.79,0,-6.81659851261736,24.89208846644191
RN7SL752P,Pseudogene,RN7SL,0.9561004655846193,-0.167999997735023,14.25,0,14.458608341280634,-4.83195424472625
RN7SL753P,Pseudogene,RN7SL,0.6228216214921369,0.230000004172325,0.49,0,25.60102113223484,-4.684971691895787
RN7SL754P,Pseudogene,RN7SL,1.6844821327371922,0.231000006198883,1.5,0,8.819999374520817,-28.322797644718992
RN7SL756P,Pseudogene,RN7SL,1.4386214118708298,0.252000004053116,0.09,0,8.318587897084715,16.82741882579902
RN7SL757P,Pseudogene,RN7SL,1.119343995181051,-0.170000001788139,0.5,0,13.009968155109885,25.639219805562124
RN7SL759P,Pseudogene,RN7SL,2.0361476087242933,-0.125500001013279,0.02,0.44,-0.6243647383490339,-26.93917105237249
RN7SL75P,Pseudogene,RN7SL,1.3473440634660858,0.30799999833107,5.64,0,16.509337808482222,16.40348929878164
RN7SL760P,Pseudogene,RN7SL,1.4408295061299576,-0.158999994397163,4.35,0,11.574100546026205,-11.02579140573633
RN7SL761P,Pseudogene,RN7SL,1.3493894012959138,0.214000001549721,0,0,14.412295605151073,-23.011184724187657
RN7SL762P,Pseudogene,RN7SL,0.6490142795160276,-0.104000002145767,0,0,17.40642220846364,26.5192779158035
RN7SL763P,Pseudogene,RN7SL,0.0244607624908883,0.281499996781349,0.1,0.25,-19.770576767783652,6.640087839099077
RN7SL764P,Pseudogene,RN7SL,0.971588328309412,0.291000008583069,0.02,0,29.97771125089422,13.109877084717684
RN7SL766P,Pseudogene,RN7SL,1.360145052163249,0.30799999833107,0,0,18.583330921024242,-16.56074647543566
RN7SL767P,Pseudogene,RN7SL,0.8595263185781316,0.146999999880791,2.16,0,24.43495524464944,-8.455864232539813
RN7SL769P,Pseudogene,RN7SL,1.3422739769576302,0.211999997496605,13.02,0,22.633373957230614,12.938439182616515
RN7SL76P,Pseudogene,RN7SL,1.310047341986056,0.291999995708466,0.73,0,27.646566774975465,-22.120913121331082
RN7SL771P,Pseudogene,RN7SL,1.107300959738537,0.199000000953674,1.35,0,24.826053967104247,19.033966293361168
RN7SL774P,Pseudogene,RN7SL,2.060102286473992,0.316000014543533,0.23,0.66,38.317477427148226,4.368746595635511
RN7SL775P,Pseudogene,RN7SL,1.2611852660480656,0.301999986171722,1.74,0,30.519522365982194,10.120582150066127
RN7SL776P,Pseudogene,RN7SL,0.868357068426537,0.30799999833107,0,0,23.298121328298052,-4.1227611313488115
RN7SL778P,Pseudogene,RN7SL,1.391710318420982,0.305000007152557,1.35,0,26.44609089863509,-22.234083665320796
RN7SL77P,Pseudogene,RN7SL,0.968779314435048,-0.276500001549721,0.33,0,13.869272743175271,-4.500594298845946
RN7SL782P,Pseudogene,RN7SL,1.3940970622358009,-0.101999998092651,0,0,10.210163234314997,26.223508149743502
RN7SL783P,Pseudogene,RN7SL,1.5001517461189344,0.30799999833107,0.06,0,24.383105117615724,-24.504010406539887
RN7SL784P,Pseudogene,RN7SL,1.4726523382672263,0.261000007390976,1.09,0,37.59942364408849,4.676686301888294
RN7SL785P,Pseudogene,RN7SL,0.8237379305231971,0.0309999994933605,0.67,0,31.174251702815386,10.112740281408644
RN7SL786P,Pseudogene,RN7SL,1.177235757195708,0.30799999833107,11.34,0,13.419055972707396,11.457467913490856
RN7SL787P,Pseudogene,RN7SL,2.066934430480067,0.293999999761581,0.09,0.64,18.88852019970084,8.043072518526616
RN7SL788P,Pseudogene,RN7SL,1.2200966404474127,0.30799999833107,4.39,0,9.031788891557758,19.776073788542167
RN7SL789P,Pseudogene,RN7SL,1.2328892166055954,0.291999995708466,0.54,0,27.08190547538102,19.274442211935334
RN7SL78P,Pseudogene,RN7SL,1.1124859239628233,0.30799999833107,0,0,9.287404447854454,-19.38989627797155
RN7SL790P,Pseudogene,RN7SL,1.0023987635527811,0.190500006079674,0.12,0,21.29328088896964,20.33180271574201
RN7SL791P,Pseudogene,RN7SL,1.2834023113015938,-0.130999997258186,0.16,0,11.031929375602807,-8.868200231834155
RN7SL792P,Pseudogene,RN7SL,1.2754884152625854,0.305999994277954,0.3,0,17.65963766907598,-16.62057044158787
RN7SL793P,Pseudogene,RN7SL,1.3964120424697015,0.30799999833107,0.68,0,13.350417258319647,-24.46562390374958
RN7SL794P,Pseudogene,RN7SL,1.2405100977521957,-0.0725000016391277,0.14,0,15.558213253366889,22.242977677460914
RN7SL795P,Pseudogene,RN7SL,1.133175181492786,0.305000007152557,0.77,0,12.08627083072088,15.250325410425585
RN7SL796P,Pseudogene,RN7SL,1.122000885664529,-0.123999997973442,0.11,0.01,-14.818443358012317,31.21012820538729
RN7SL797P,Pseudogene,RN7SL,1.1695044692613294,-0.203999996185303,0.17,0,13.076827731747487,25.245625207532967
RN7SL798P,Pseudogene,RN7SL,1.1078043663647514,-0.185000002384186,9.21,0,14.069277568060798,23.97379304938823
RN7SL799P,Pseudogene,RN7SL,1.014054563128976,0.033500000834465,0.23,0,15.54882604287314,-6.49230586724194
RN7SL79P,Pseudogene,RN7SL,1.221688565234576,0.30799999833107,0.27,0,26.44178842932129,10.218438304804806
RN7SL7P,Pseudogene,RN7SL,1.165579957619513,-0.111000001430511,0.06,0,20.13064569287658,-11.155134217749755
RN7SL800P,Pseudogene,RN7SL,1.364561107527415,0.30799999833107,6.41,0,6.387894143102838,19.6698850861156
RN7SL801P,Pseudogene,RN7SL,1.1501418124854796,0.214000001549721,9.94,0,10.35128785886121,-19.039039185968182
RN7SL802P,Pseudogene,RN7SL,1.277849866580857,0.305000007152557,0,0,7.9650919127970194,19.389949374553204
RN7SL803P,Pseudogene,RN7SL,1.0069547764164404,0.305000007152557,0.23,0,22.306536911210884,24.124098524490826
RN7SL804P,Pseudogene,RN7SL,1.1306125588909273,0.30799999833107,0.32,0,11.629829180594932,20.024887695966438
RN7SL806P,Pseudogene,RN7SL,1.2809806399483663,0.0719999969005585,0.79,0,17.686824089103183,-14.658460335551078
RN7SL807P,Pseudogene,RN7SL,0.8654333072533837,0.0549999997019768,0,0,21.405434315934112,-3.5100568079885224
RN7SL808P,Pseudogene,RN7SL,0.8944949066066,0.30799999833107,0,0,23.22268805513993,-4.474648908501435
RN7SL809P,Pseudogene,RN7SL,1.321540050265302,0.219999998807907,4.93,0,8.155873283640595,17.19216445530181
RN7SL810P,Pseudogene,RN7SL,1.3214129302142956,0.305000007152557,0.14,0,18.759878123995186,-16.447332586605345
RN7SL811P,Pseudogene,RN7SL,1.736714136853074,0.180999994277954,0.34,0,37.77364284205171,4.411586122524349
RN7SL812P,Pseudogene,RN7SL,1.0955616060435165,0.214000001549721,4.27,0,23.744158376807494,-16.4575396462827
RN7SL813P,Pseudogene,RN7SL,0.8468782716810044,-0.103000000119209,0.07,0,16.133371422346343,26.796497388658175
RN7SL814P,Pseudogene,RN7SL,1.238856084288526,-0.164000004529953,0.58,0,10.355275557330387,24.70355760836693
RN7SL815P,Pseudogene,RN7SL,1.065983159861542,-0.14750000089407,0.26,0,13.497409248258235,25.2464062985644
RN7SL817P,Pseudogene,RN7SL,1.025143761336884,-0.0319999996572733,0.77,0,15.077484321056083,-6.546896264535939
RN7SL818P,Pseudogene,RN7SL,0,-0.164000004529953,0,0.39,-16.34449169601566,9.183689486197316
RN7SL819P,Pseudogene,RN7SL,1.19640307205434,0.209000006318092,0,0,35.479307338001014,7.018885935744703
RN7SL81P,Pseudogene,RN7SL,1.2642746590118163,-0.155000001192093,44.03,0.06,10.591877612235713,-8.752662067077823
RN7SL820P,Pseudogene,RN7SL,0.7667099199485142,-0.104000002145767,0.18,0,16.143543173455843,26.72399511628555
RN7SL822P,Pseudogene,RN7SL,1.4081465974484384,-0.115499999374151,0,0,9.878319553160999,-9.751300687910703
RN7SL823P,Pseudogene,RN7SL,1.0714643149398626,0.294999986886978,0.46,0,23.582185476575074,15.756958190414187
RN7SL824P,Pseudogene,RN7SL,0.6549225027863445,0.284000009298325,0,0,22.100688387585393,26.911796752635382
RN7SL825P,Pseudogene,RN7SL,1.2245306456455574,0.30799999833107,0.2,0,19.202306368938704,19.028771237640495
RN7SL826P,Pseudogene,RN7SL,1.1336883948902012,0.305000007152557,0.19,0,22.102864693121955,-16.789971394910907
RN7SL827P,Pseudogene,RN7SL,1.3025356026398056,0.193000003695488,2.01,0,9.185943565431794,18.396735694650157
RN7SL828P,Pseudogene,RN7SL,1.2953709403590583,0.214000001549721,0,0,26.368583237134352,10.700555886470278
RN7SL82P,Pseudogene,RN7SL,1.5242048120904617,-0.0189999993890524,0.2,0,4.812169891515622,-23.84267788528104
RN7SL831P,Pseudogene,RN7SL,0.6859748628322487,0.30799999833107,0,0,18.549585441953177,29.903961591109294
RN7SL832P,Pseudogene,RN7SL,0.9276980981595576,0.0489999987185001,0.85,0.01,26.680658262883448,17.673554401478974
RN7SL833P,Pseudogene,RN7SL,0.9050482121628696,0.214000001549721,2.34,0,21.972768331415562,19.10235444129512
RN7SL834P,Pseudogene,RN7SL,0.765125808543662,-0.171499997377396,7.06,0,18.991731947876428,-3.325071670670861
RN7SL835P,Pseudogene,RN7SL,1.4980816600335676,0.199000000953674,0.62,0,35.72664334701086,6.219578059860071
RN7SL836P,Pseudogene,RN7SL,1.3729429325122275,0.195999994874001,4.3,0,28.353203499456807,11.453668860677128
RN7SL837P,Pseudogene,RN7SL,0.7503573274208404,0.217999994754791,0.07,0,24.285544991202823,-4.983347474073001
RN7SL838P,Pseudogene,RN7SL,1.4011456426136666,-0.184000000357628,15.21,0,16.86064167102647,-12.723645508286838
RN7SL83P,Pseudogene,RN7SL,1.111029245798263,-0.216999992728233,0.37,0,13.001135291156672,-7.401199185960372
RN7SL840P,Pseudogene,RN7SL,1.1985773620535298,0.30799999833107,0.08,0,33.83362251789351,-18.40828703382172
RN7SL841P,Pseudogene,RN7SL,1.1344193351834897,0.347000002861023,0,0,17.98985561953789,-19.77679690969854
RN7SL842P,Pseudogene,RN7SL,1.4125274979738336,0.28099998831749,1.09,0,33.25592117137161,-19.53165028913859
RN7SL843P,Pseudogene,RN7SL,1.0876391564130363,-0.33500000834465,0.05,0,13.630508750714654,-4.523662584446287
RN7SL845P,Pseudogene,RN7SL,1.0779604987363909,0.305000007152557,0.1,0,19.118769764818435,16.343708525321883
RN7SL846P,Pseudogene,RN7SL,1.320378556100625,-0.0640000030398369,0.85,0,9.526424233555716,25.615031705010576
RN7SL847P,Pseudogene,RN7SL,1.6209331943962024,0.209999993443489,0.21,0,36.37981561418457,6.841778011762303
RN7SL849P,Pseudogene,RN7SL,1.7426013034186776,0.305000007152557,0.19,0,6.41828313042688,-25.99854671600332
RN7SL850P,Pseudogene,RN7SL,2.124639974981768,0.165000006556511,0,0.59,36.938852338538034,4.196164748985552
RN7SL851P,Pseudogene,RN7SL,1.3182978596574488,0.270999997854233,2.44,0,19.211562719631978,20.65436191089034
RN7SL853P,Pseudogene,RN7SL,1.7445020926237156,-0.0900000035762787,0.03,0,-27.00364822391254,19.51088172227376
RN7SL854P,Pseudogene,RN7SL,1.047915648677448,0.231000006198883,0.17,0,7.046462063747434,21.60781935999396
RN7SL856P,Pseudogene,RN7SL,1.177235757195708,-0.151999995112419,0.31,0,13.985410536131237,24.491444037992625
RN7SL860P,Pseudogene,RN7SL,1.2616488348439372,0.0520000010728836,0,0,-11.431015750860578,-17.643950538669845
RN7SL861P,Pseudogene,RN7SL,1.4015587771094984,0.30799999833107,5.61,0,13.114708431370078,-24.535288466428675
RN7SL862P,Pseudogene,RN7SL,1.1189567593147325,0.305000007152557,0.19,0,25.748921469468108,-18.082066212952693
RN7SL863P,Pseudogene,RN7SL,0.7627460736179041,-0.0614999998360872,0.38,0,14.384883362678925,28.77426365156072
RN7SL864P,Pseudogene,RN7SL,1.267496633212068,0.305000007152557,0.37,0,13.134167846337888,-23.091727043166962
RN7SL865P,Pseudogene,RN7SL,1.129765597676048,0.305000007152557,0.59,0,14.036344974035872,12.221474954959909
RN7SL868P,Pseudogene,RN7SL,1.2609805614114729,-0.177000001072884,0,0,18.911644120392303,-11.682830845371328
RN7SL869P,Pseudogene,RN7SL,1.088340859094593,0.305000007152557,0,0,13.906454788507506,-16.69370645695226
RN7SL870P,Pseudogene,RN7SL,0.8331534034903261,0.284000009298325,0.07,0,17.448468072194675,30.479921716935113
RN7SL87P,Pseudogene,RN7SL,1.3507776619968357,-0.0824999995529652,0,0,11.764963966692058,-10.549992512362326
RN7SL88P,Pseudogene,RN7SL,1.2429994156741064,0.248999997973442,4.09,0,26.223137681143278,9.628481623884026
RN7SL89P,Pseudogene,RN7SL,1.3500957954334851,0.405000001192093,0,0,18.343334998833807,-16.662448178085665
RN7SL8P,Pseudogene,RN7SL,1.305800102897048,0.211999997496605,1.86,0,12.78544472650494,-22.571226943838788
RN7SL91P,Pseudogene,RN7SL,0.7877878558921161,0.0140000004321337,0,0,17.05881266072359,26.684011345642357
RN7SL93P,Pseudogene,RN7SL,0.8061198723959662,0.263999998569489,0.7,0,23.468104376872873,-3.8067547711917813
RN7SL96P,Pseudogene,RN7SL,2.160153272693576,0.101000003516674,0.39,0.54,38.61797764371304,4.9288897388723285
RN7SL97P,Pseudogene,RN7SL,1.2313825987051896,0.30799999833107,0,0,18.189713761388127,14.528896800391983
RN7SL98P,Pseudogene,RN7SL,1.3893713094824591,-0.0450000017881393,0,0,12.332939004852323,22.704778602099882
RNU7-1,Functional,RNU7,5.568511994354301,0.118000000715256,1.53,0.68,5.791055668250584,5.55185409274216
RNU7-102P,Pseudogene,RNU7,1.1764837701262758,0.0915000028908253,0,0,-17.471344396009435,25.885956204008206
RNU7-103P,Pseudogene,RNU7,0.7525761259696655,-0.16499999910593,0,0,-10.038106534940688,37.60696979496722
RNU7-104P,Pseudogene,RNU7,0.7914140370469704,-0.150999993085861,0,0,-10.442128819630137,37.33787950193303
RNU7-105P,Pseudogene,RNU7,0.7282994767448375,0.0195000004023313,0,0,-8.155891977969329,35.30053140993368
RNU7-106P,Pseudogene,RNU7,1.5552663912117082,0.347000002861023,0,0,-21.60831833384175,16.947054859333903
RNU7-107P,Pseudogene,RNU7,1.3665947306384845,-0.0750000029802322,0,0,-24.518824725968084,24.803492242003305
RNU7-10P,Pseudogene,RNU7,1.4886121173026348,-0.124000001698732,0,0,4.640569834090254,-23.470609008452193
RNU7-110P,Pseudogene,RNU7,0.5042073300541183,-0.176500000059605,0,0,-7.755310986315935,37.72157381675857
RNU7-111P,Pseudogene,RNU7,0.9523916234355566,-0.0514999991282821,0,0,-13.763937420024336,31.63731296775548
RNU7-113P,Pseudogene,RNU7,1.3445528801443154,0.329500004649162,0,0,-17.73076847516515,18.31595302345241
RNU7-115P,Pseudogene,RNU7,0.9472986201016766,0.157000005245209,0,0,21.40466227772389,21.463570938224663
RNU7-116P,Pseudogene,RNU7,0.7282994767448375,-0.267000004649162,0,0,-10.116497919814202,38.41316912501622
RNU7-119P,Pseudogene,RNU7,0.9372742960794368,-0.101999998092651,0,0,-14.168788912608326,36.27975948502886
RNU7-11P,Pseudogene,RNU7,0.8403455500901972,0.28099998831749,0,0,-5.400529761468507,27.26592419809172
RNU7-120P,Pseudogene,RNU7,1.0475418603240765,-0.219999998807907,0,0,-19.21550185553474,33.9190452704667
RNU7-121P,Pseudogene,RNU7,0.7843225134175172,-0.203000001609325,0,0,-10.515917856429374,38.067696793229864
RNU7-123P,Pseudogene,RNU7,1.2156998957971517,-0.256999999284744,0,0,11.396330469763534,-7.334139524360081
RNU7-124P,Pseudogene,RNU7,1.2325068067989555,0.30799999833107,1.7,0,-15.375710031000908,20.189242409696355
RNU7-125P,Pseudogene,RNU7,1.456598953489675,0.0900000035762787,0,0,23.0222636381352,-23.77023338290842
RNU7-126P,Pseudogene,RNU7,1.5126219901623548,0.0870000012218952,0,0,12.353180075459422,12.840498759068442
RNU7-127P,Pseudogene,RNU7,1.0644376967809164,0.189500004053116,0,0,-10.375718282170444,24.32903307607607
RNU7-128P,Pseudogene,RNU7,1.0084146601082369,-0.160999998450279,0.57,0,-14.148058322133807,31.441477531414606
RNU7-129P,Pseudogene,RNU7,1.3445528801443154,0.293000012636185,0,0,-18.048002207090818,18.699288728756372
RNU7-12P,Pseudogene,RNU7,1.6246680635077144,-0.190499998629093,0,0,11.082499850879106,22.773346866584802
RNU7-130P,Pseudogene,RNU7,0.6722764400721577,0.30799999833107,0,0,-4.884190860016951,31.116525554606827
RNU7-133P,Pseudogene,RNU7,1.0084146601082369,-0.255499996244907,0,0,-18.978994340097877,34.51603129984861
RNU7-134P,Pseudogene,RNU7,1.248263285863147,-0.195499993860722,0,0,-23.645095771694134,29.907006225593204
RNU7-136P,Pseudogene,RNU7,1.2584885049659955,0.194999992847443,0,0,-16.89750977947431,21.858223847106512
RNU7-137P,Pseudogene,RNU7,1.4005759168169951,0.29899999499321,0,0,-19.209478643460105,17.84500017578612
RNU7-138P,Pseudogene,RNU7,1.0311740187565128,0.277999997138977,0,0,7.751168673445974,21.062324781377058
RNU7-13P,Pseudogene,RNU7,0.6162534033994779,0.0620000008493662,0.38,0,-6.854858480019479,35.86269248152657
RNU7-140P,Pseudogene,RNU7,1.3893713094824591,0.215000003576279,1.51,0,-14.349303259608806,15.350034222021485
RNU7-141P,Pseudogene,RNU7,1.0084146601082369,-0.210500001907349,0,0,-18.535304238007615,34.358647725100376
RNU7-143P,Pseudogene,RNU7,0.961872445026318,0.214000001549721,0.57,0,22.45974381050507,-3.6294414361939924
RNU7-144P,Pseudogene,RNU7,1.371090108041901,0.291999995708466,0,0,-18.62955483518192,18.31927088829739
RNU7-147P,Pseudogene,RNU7,0.6722764400721577,-0.10249999910593,0,0,-8.674484247402486,36.893592736904075
RNU7-148P,Pseudogene,RNU7,0.6722764400721577,0.30799999833107,0,0,-4.884181172172519,31.11651747368399
RNU7-149P,Pseudogene,RNU7,1.3540483100888374,0.0480000004172325,0.79,0,9.559833721199725,23.472154197005928
RNU7-14P,Pseudogene,RNU7,1.120460733453596,0.272000014781952,0,0,13.061505722063073,-16.643309839980702
RNU7-151P,Pseudogene,RNU7,1.1141185028868776,-0.172999992966652,1.45,0,-20.29050046243216,32.00979282929468
RNU7-152P,Pseudogene,RNU7,1.0854463355331714,0.326499998569489,0,0,-9.356796071353656,22.314671438065904
RNU7-153P,Pseudogene,RNU7,1.5686450268350345,-0.238000005483627,0,0,-27.72877831198246,21.369447593693
RNU7-154P,Pseudogene,RNU7,1.2325068067989555,-0.160499997437,1.89,0,-23.16294562670898,29.765684172526647
RNU7-155P,Pseudogene,RNU7,1.2680769888133556,0.30799999833107,0,0,-16.084417964323304,19.702770917752943
RNU7-156P,Pseudogene,RNU7,1.5958994771082302,-0.0279999990016222,0,0,-25.940831104321234,20.43061718573526
RNU7-157P,Pseudogene,RNU7,1.0525540223351963,0.300999999046326,0,0,-8.855415097301757,23.082746870973057
RNU7-159P,Pseudogene,RNU7,1.2325068067989555,0.30799999833107,0,0,-15.375502936942926,20.189228799281594
RNU7-160P,Pseudogene,RNU7,0.8403455500901972,-0.283000007271767,0,0,-11.501432083431519,38.693270108590255
RNU7-161P,Pseudogene,RNU7,0.8403455500901972,-0.0494999997317791,1.26,0,-11.384973689428076,36.1615961385857
RNU7-164P,Pseudogene,RNU7,0.8403455500901972,0.303000003099442,0,0,-5.251357607442572,27.138510009742554
RNU7-165P,Pseudogene,RNU7,1.2735903670255877,-0.172499999403954,0,0,-23.84223995046926,29.327623980119764
RNU7-167P,Pseudogene,RNU7,0.9523916234355566,0.194999992847443,0,0,-7.346922285642938,25.58606194846179
RNU7-169P,Pseudogene,RNU7,1.195770389308674,-0.119999997317791,0,0,-21.618342968037403,29.909046235390406
RNU7-170P,Pseudogene,RNU7,1.195770389308674,0.30799999833107,0,0,11.116754731804239,17.13248539139295
RNU7-171P,Pseudogene,RNU7,0.9523916234355566,-0.196999996900558,0.57,0,-17.586989931461517,35.03261497724502
RNU7-172P,Pseudogene,RNU7,0.868357068426537,0.347000002861023,0,0,-5.1933932931066344,26.36405404453619
RNU7-173P,Pseudogene,RNU7,1.599605126048884,0.305999994277954,0,0,-22.093172058239755,17.090152878244464
RNU7-174P,Pseudogene,RNU7,1.1185616474646918,0.0089999996125698,0,0,-18.054724547916337,28.602762951466957
RNU7-175P,Pseudogene,RNU7,1.138828942198737,0.252000004053116,0,0,-11.190619082058147,22.365911464377387
RNU7-176P,Pseudogene,RNU7,1.4005759168169951,0.137499995529652,0,0,9.998934635930173,17.610263034909174
RNU7-179P,Pseudogene,RNU7,1.0215965510900435,0.118000000715256,0,0,29.333825924366476,12.830146892056744
RNU7-180P,Pseudogene,RNU7,1.433478335180315,-0.0469999983906746,0,0,4.9596429010360366,-23.239587616425943
RNU7-181P,Pseudogene,RNU7,0.938764398298959,0.306500002741814,0,0,-6.540584422646372,24.97175116802741
RNU7-182P,Pseudogene,RNU7,0.3921612567087586,0.263999998569489,0,0.02,-4.069619404504096,32.60185962501454
RNU7-183P,Pseudogene,RNU7,0.560230366726798,0.30799999833107,0,0,-4.390918940083472,31.938486014548747
RNU7-185P,Pseudogene,RNU7,1.4472617807108952,0.30799999833107,0,0,-20.102958367104648,17.357612981385913
RNU7-186P,Pseudogene,RNU7,0.7167391675901575,-0.108000002801418,0.55,0,-9.241956052693014,36.91350141434287
RNU7-187P,Pseudogene,RNU7,1.1748360337535502,-0.151500001549721,0,0,-21.43308196446822,30.86951839025205
RNU7-188P,Pseudogene,RNU7,1.3025356026398056,0.30799999833107,0,0,-16.959054605949788,19.13334428848066
RNU7-18P,Pseudogene,RNU7,1.120460733453596,0.282000005245209,0,0,-13.154986475626517,16.363720861800445
RNU7-190P,Pseudogene,RNU7,0.8541217066490528,-0.11599999666214,0,0,-11.70139525231864,36.73573464991051
RNU7-192P,Pseudogene,RNU7,0.9110631537589896,-0.0070000002160668,0,0,-13.283776314086657,35.576041601579234
RNU7-193P,Pseudogene,RNU7,1.1756218772543887,0.214000001549721,0,0,11.93795687328811,15.066139372515423
RNU7-194P,Pseudogene,RNU7,0.7167391675901575,-0.0700000002980232,0,0,20.16329847541838,-3.239898060558165
RNU7-195P,Pseudogene,RNU7,1.120460733453596,-0.207000002264977,0,0,12.847184210629504,-4.986411145307548
RNU7-196P,Pseudogene,RNU7,0.8403455500901972,0.30799999833107,0,0,-5.22100810911458,27.117860887112194
RNU7-197P,Pseudogene,RNU7,1.0644376967809164,0.0604999996721745,0,0.01,-13.968518975218576,30.8904596578253
RNU7-19P,Pseudogene,RNU7,1.473575631269275,0.28600001335144,0.25,0,8.878185105002256,-24.632444365029734
RNU7-200P,Pseudogene,RNU7,0.8963685867628769,-0.105999998748302,0,0,-13.109434326804834,36.640744001649374
RNU7-20P,Pseudogene,RNU7,1.120460733453596,-0.11599999666214,1.7,0,-19.79647208786594,31.1542102339265
RNU7-21P,Pseudogene,RNU7,1.2885298434716357,0.264999985694885,0,0.02,-13.829565505971631,15.776633649785648
RNU7-22P,Pseudogene,RNU7,1.3096532835285477,0.279000014066696,0,0,-17.358982221773932,19.349028784226284
RNU7-23P,Pseudogene,RNU7,1.456598953489675,0.30799999833107,0,0,-20.29239586923726,17.319485683500787
RNU7-24P,Pseudogene,RNU7,1.120460733453596,0.0010000000474974,0,0,-18.147760510717355,28.668639371756466
RNU7-25P,Pseudogene,RNU7,1.0644376967809164,0.30799999833107,0.24,0.01,-9.044222037838345,22.829877727809112
RNU7-26P,Pseudogene,RNU7,1.157809424568716,0.271500006318092,0,0,-11.381502764397611,21.919584404165832
RNU7-27P,Pseudogene,RNU7,1.5686450268350345,-0.488999992609024,0,0,-28.514685552087016,22.335689730948705
RNU7-28P,Pseudogene,RNU7,1.456598953489675,-0.12899999320507,0,0,-26.47285818339628,22.676814311483806
RNU7-29P,Pseudogene,RNU7,0.7055401180965614,-0.24099999666214,0,0,-9.77934377840412,38.23959552178092
RNU7-2P,Pseudogene,RNU7,0.7843225134175172,-0.266999989748001,0,0,-10.744172897474366,38.528474347955324
RNU7-30P,Pseudogene,RNU7,0.9523916234355566,0.294999986886978,0,0,-6.73845763275639,24.8384589502962
RNU7-34P,Pseudogene,RNU7,1.3025356026398056,0.347000002861023,0,0,-16.769842894462183,18.732802054369962
RNU7-35P,Pseudogene,RNU7,1.1764837701262758,0.305000007152557,0,0,-11.59922208317466,21.472064690737504
RNU7-37P,Pseudogene,RNU7,0.8104665971981012,0.305000007152557,0,0,-8.778205573785046,28.421873769946146
RNU7-38P,Pseudogene,RNU7,1.3314808382540235,0.327500000596046,0,0,9.16234805990124,-21.76704222714268
RNU7-3P,Pseudogene,RNU7,1.4005759168169951,-0.0105000003241002,2.38,0,-24.699402369621858,23.435799648269064
RNU7-40P,Pseudogene,RNU7,1.3025356026398056,0.319999992847443,4.76,0,-14.408034669435889,14.481588784684169
RNU7-41P,Pseudogene,RNU7,1.138828942198737,-0.200000002980232,0,0.01,-15.27573605931361,31.289038888405862
RNU7-43P,Pseudogene,RNU7,1.248263285863147,0.30799999833107,0,0,11.934710911712203,-19.660136805934226
RNU7-45P,Pseudogene,RNU7,0.6616053854678376,0.305000007152557,0,0,25.403655845554393,-3.905076733375672
RNU7-46P,Pseudogene,RNU7,0.6722764400721577,0.306500002741814,0,0,-4.889335565530585,31.124189308714868
RNU7-47P,Pseudogene,RNU7,0.9523916234355566,0.305000007152557,0,0,-6.703008933012112,24.782638354564924
RNU7-48P,Pseudogene,RNU7,1.3232107709356753,0.282000005245209,0,0,-13.977425342217236,15.648550164532985
RNU7-49P,Pseudogene,RNU7,1.6246680635077144,-0.151999995112419,0,0,-30.12468915824518,20.992874755327975
RNU7-4P,Pseudogene,RNU7,0.8403455500901972,-0.143500000238419,0,0,-12.454462508319553,31.82322805467629
RNU7-50P,Pseudogene,RNU7,1.4005759168169951,-0.140000000596046,0,0,-30.445691953123742,21.41326606021985
RNU7-51P,Pseudogene,RNU7,1.2325068067989555,0.284000009298325,0,0,-15.431025112033621,20.396032487414647
RNU7-52P,Pseudogene,RNU7,1.1026756424463962,-0.389500007033348,0,0,13.223790329524883,-4.741803965403326
RNU7-53P,Pseudogene,RNU7,1.3893713094824591,-0.25900000333786,0,0,-27.330198575798086,23.85784967844989
RNU7-54P,Pseudogene,RNU7,0.7282994767448375,-0.217999994754791,0,0,-9.959313202933057,38.12772571847314
RNU7-55P,Pseudogene,RNU7,1.2885298434716357,0.0070000002160668,0,0,-22.126502207775776,25.595910542881946
RNU7-56P,Pseudogene,RNU7,0.4481842933814384,0.194999992847443,0,0,20.641447865635975,29.024718249378896
RNU7-57P,Pseudogene,RNU7,0.6946856547412297,0.30799999833107,4.18,0,-4.9160228424952965,30.858138510377945
RNU7-59P,Pseudogene,RNU7,1.138828942198737,0.152999997138977,0,0,-16.157540057156094,25.49563079457167
RNU7-60P,Pseudogene,RNU7,1.2885298434716357,-0.177000001072884,0,0,-24.023239517341157,29.239969373847458
RNU7-61P,Pseudogene,RNU7,1.138828942198737,-0.166999995708466,0,0.01,-14.98819075011105,31.255848078158387
RNU7-62P,Pseudogene,RNU7,0.9523916234355566,0.217999994754791,0,0,-7.2050746149363105,25.419184114556835
RNU7-63P,Pseudogene,RNU7,1.456598953489675,0.30799999833107,0,0,-20.29239586922186,17.319485684059963
RNU7-65P,Pseudogene,RNU7,0.7843225134175172,0.257999999448657,0,0,-5.127238050623025,28.407458311162433
RNU7-66P,Pseudogene,RNU7,1.5686450268350345,0.300999999046326,0,0,-21.819372556309684,17.126896585092428
RNU7-67P,Pseudogene,RNU7,1.3445528801443154,0.303000003099442,0,0,9.273814334039226,-21.846140400674383
RNU7-69P,Pseudogene,RNU7,0.8403455500901972,0.218500003218651,0,0,24.47745431650742,-5.858824805851961
RNU7-6P,Pseudogene,RNU7,0.7843225134175172,0.214000001549721,0,0,23.358899131905822,-3.660740366136932
RNU7-70P,Pseudogene,RNU7,1.157809424568716,-0.0729999989271164,0,0,-19.91130804451081,29.534524090183595
RNU7-71P,Pseudogene,RNU7,1.2735903670255877,-0.189500004053116,0,0,-23.94292719972543,29.5635394002904
RNU7-73P,Pseudogene,RNU7,0.9372742960794368,0.30799999833107,0,0,-6.505129880463504,25.002637116802504
RNU7-74P,Pseudogene,RNU7,1.2325068067989555,0.28099998831749,0,0,-15.441796200697315,20.43013864489509
RNU7-75P,Pseudogene,RNU7,1.6806911001803944,-0.280000001192093,1.4,0,-27.86865169425113,20.389913349049433
RNU7-77P,Pseudogene,RNU7,1.8524950793099453,0.214000001549721,0.68,0.05,-25.799356571043056,17.257540470345248
RNU7-79P,Pseudogene,RNU7,1.2325068067989555,-0.0665000006556511,0,0,-21.957353353778913,27.627347311734418
RNU7-7P,Pseudogene,RNU7,1.0644376967809164,-0.22350000590086,0,0,-19.553998767578776,33.62119832228859
RNU7-80P,Pseudogene,RNU7,1.594360519078232,-0.256000012159348,0,0,-27.80586165799314,21.165637216693757
RNU7-81P,Pseudogene,RNU7,1.628169503299757,0.0135000012814999,0,0,-25.77551218017043,20.06440278436452
RNU7-82P,Pseudogene,RNU7,1.2325068067989555,-0.0270000007003546,0,0,-21.461434441912456,27.07200779644371
RNU7-84P,Pseudogene,RNU7,0.8963685867628769,0.0640000030398369,2.9,0,-12.746977315685667,35.15365545178228
RNU7-85P,Pseudogene,RNU7,1.0475418603240765,-0.172999992966652,0.55,0,-18.74613913337795,33.50765198524891
RNU7-87P,Pseudogene,RNU7,1.456598953489675,-0.200499996542931,0,0,-27.139494849281995,22.99582680402565
RNU7-88P,Pseudogene,RNU7,0.9924080782017566,0.30799999833107,0,0,-7.371484963789839,24.132667894106838
RNU7-8P,Pseudogene,RNU7,1.1764837701262758,0.252999991178513,0,0,-12.018065500684363,21.880742623052413
RNU7-90P,Pseudogene,RNU7,1.3445528801443154,0.140000000596046,0,0,-20.224665573579507,21.36530574731518
RNU7-92P,Pseudogene,RNU7,1.279684100839107,-0.033500000834465,0,0,-22.52199826898079,26.28857483904611
RNU7-93P,Pseudogene,RNU7,1.537419071968295,-0.168999999761581,0,0,-27.25635808739633,21.66255206925671
RNU7-94P,Pseudogene,RNU7,0.9372742960794368,0.347000002861023,0,0,-9.084639045772043,27.817831849727497
RNU7-95P,Pseudogene,RNU7,1.0854463355331714,-0.0024999999441206,0,0,-17.906664077452145,29.22806297297093
RNU7-96P,Pseudogene,RNU7,0.868357068426537,0.30799999833107,4.76,0,-5.4818826772573335,26.544109833131593
RNU7-97P,Pseudogene,RNU7,0.9523916234355566,0.319000005722046,0,0,22.6188261409157,-3.2610282679473594
RNU7-99P,Pseudogene,RNU7,1.8487602101984333,0.185000006109476,0,0,-25.831041486739288,17.292088359236207
RNU7-9P,Pseudogene,RNU7,0.7282994767448375,-0.0399999991059303,0,0,-8.890909198187048,36.224980810906395
RN7SK,Functional,RN7SK,3.3251721888528367,0.194999992847443,344.31,0.83,11.549423667823099,6.475384337123959
RN7SKP1,Pseudogene,RN7SK,1.2106085514220124,0.211999997496605,0.16,0.09,10.679521969640525,6.754720815923215
RN7SKP10,Pseudogene,RN7SK,1.3786838378710558,0.239999994635582,0,0,17.945513822285964,-27.56717584846832
RN7SKP100,Pseudogene,RN7SK,1.1985773620535298,0.281000003218651,0,0,-22.533083901738678,-18.394321509202868
RN7SKP101,Pseudogene,RN7SK,1.2591177492184786,0.173499993979931,0,0,-17.074962219800007,22.140273253006363
RN7SKP102,Pseudogene,RN7SK,1.1137023988708603,0.214000001549721,1.53,0,-25.60212089482421,-15.085342620329378
RN7SKP103,Pseudogene,RN7SK,0.8575026050712053,0.0425000004470348,5.1,0,-11.153958152299715,-1.6591355353546822
RN7SKP104,Pseudogene,RN7SK,1.016613153279848,0.034000001847744,0,0,-4.787858341483345,-6.0356750377801305
RN7SKP105,Pseudogene,RN7SK,0.8075167642692638,-0.0830000005662441,0,0,-10.693658922577068,36.525786556464446
RN7SKP106,Pseudogene,RN7SK,1.2131459044194266,0.305000007152557,3.45,0,-19.252995516359942,-18.082244188478843
RN7SKP107,Pseudogene,RN7SK,1.1618018708603324,0.0049999998882412,0,0,-6.448740478778587,-8.004275130106704
RN7SKP108,Pseudogene,RN7SK,1.238997280559815,0.300499990582466,0.06,0,-17.9013606194661,-17.630797761966285
RN7SKP109,Pseudogene,RN7SK,1.319023395078284,0.211999997496605,0,0,17.139080896002405,-23.295142088081228
RN7SKP11,Pseudogene,RN7SK,1.1860486788264897,0.305000007152557,3.86,0,13.963644771167802,14.297582174015835
RN7SKP110,Pseudogene,RN7SK,1.0968720864335204,-0.034000001847744,4.49,0,-6.028787006635098,-6.363588536695193
RN7SKP111,Pseudogene,RN7SK,1.7815739116057367,0.211999997496605,0.22,0,-4.7668984774982,-28.66196228120201
RN7SKP112,Pseudogene,RN7SK,0.8192047815344689,0.211999997496605,0.69,0,-23.038886505695405,-2.4656077092504205
RN7SKP113,Pseudogene,RN7SK,0.8242033191845097,0.207000002264977,0,0,-26.813980799329716,0.6495740180241688
RN7SKP114,Pseudogene,RN7SK,1.419250262374555,-0.195999994874001,0.28,0,0.1289377944015876,-18.77130176683883
RN7SKP115,Pseudogene,RN7SK,1.303905251012718,0.305000007152557,2.73,0,-21.955782739380027,-24.91077257589499
RN7SKP116,Pseudogene,RN7SK,1.0997374785088432,0.0430000014603138,5.29,0,-5.2117024460611905,-6.72000706671571
RN7SKP117,Pseudogene,RN7SK,1.486732556548465,0.30799999833107,0.05,0,12.18733968431272,13.038719572706816
RN7SKP118,Pseudogene,RN7SK,1.3051669876956435,0.266999989748001,1.19,0,-22.659305874675063,-26.29975422754492
RN7SKP119,Pseudogene,RN7SK,1.5267816587719332,-0.10700000077486,0.46,0,-3.759637322121685,-23.929338068129887
RN7SKP12,Pseudogene,RN7SK,0.6558221216088531,0.734000027179718,0,0.46,23.39924624347836,27.752209456477328
RN7SKP120,Pseudogene,RN7SK,1.5584590201672746,0.30799999833107,0,0,-9.918927946269669,-29.556365785152572
RN7SKP121,Pseudogene,RN7SK,1.56019565081227,-0.164000004529953,0,0,0.7185936806713087,-21.956063904969476
RN7SKP122,Pseudogene,RN7SK,1.1969246078311726,-0.0449999999254942,0,0,-20.893089718203456,27.88281016116777
RN7SKP123,Pseudogene,RN7SK,0.7877878558921161,0.734000027179718,0,0.4,23.266800724651766,27.16715404122352
RN7SKP124,Pseudogene,RN7SK,1.1000887201180762,0.284000009298325,3.12,0,-30.377679555706372,-16.306004931439837
RN7SKP125,Pseudogene,RN7SK,1.3571673387328658,-0.113000001758337,0,0,-1.6757336824014892,-18.00030721059681
RN7SKP126,Pseudogene,RN7SK,0.648373277758481,-0.0749999992549419,0.23,0,-14.004234976028929,2.6605230177572228
RN7SKP127,Pseudogene,RN7SK,1.2755527558807889,0.30799999833107,1.2,0,-25.709265573847205,-27.580349480290227
RN7SKP128,Pseudogene,RN7SK,1.10049212632274,-0.0649999976158142,0.08,0,-7.177005012666863,-6.789980906632212
RN7SKP129,Pseudogene,RN7SK,1.2429994156741064,0.214000001549721,0,0,-15.65452148878853,-18.08266518101698
RN7SKP13,Pseudogene,RN7SK,0.7260034506516949,-0.0810000002384186,0,0,18.060645711066787,-3.2549029540170458
RN7SKP130,Pseudogene,RN7SK,1.2924384274255434,0.303999990224838,0.74,0,-24.06897746593358,-26.402275592641566
RN7SKP131,Pseudogene,RN7SK,0.5539021831823757,0.322500005364418,0.48,0,-22.285776715450904,3.633721977994851
RN7SKP132,Pseudogene,RN7SK,1.2524380794613514,-0.0810000002384186,0,0,-22.564344907713217,27.599582066540044
RN7SKP133,Pseudogene,RN7SK,1.2565637578407536,0.305000007152557,0.58,0,11.159124466323423,-21.255531979445625
RN7SKP134,Pseudogene,RN7SK,1.2525001581765665,-0.127000004053116,2.31,0,-4.876985179271626,-13.661156403523952
RN7SKP135,Pseudogene,RN7SK,1.25155917554594,-0.162000000476837,0,0,-23.514311092721066,29.453680927943633
RN7SKP136,Pseudogene,RN7SK,1.2620122727799006,0.208499997854233,0,0,-14.472719021554424,-16.24556711718495
RN7SKP137,Pseudogene,RN7SK,1.267179044479116,-0.0439999997615814,3.35,0,-5.451050803813437,-16.118933043636655
RN7SKP139,Pseudogene,RN7SK,1.2091798085939491,0.305000007152557,1.14,0,-25.548580832297336,-25.859969253727154
RN7SKP14,Pseudogene,RN7SK,1.1930012003914734,0.30799999833107,0,0,17.945445786200576,-27.770100888858142
RN7SKP140,Pseudogene,RN7SK,0.9295089746537578,0.277999997138977,0,0,25.6024368320336,-11.943366708324453
RN7SKP141,Pseudogene,RN7SK,0.6885198057346507,0.037499999627471,0,0,-7.585112554527125,35.350378688003246
RN7SKP142,Pseudogene,RN7SK,1.3660739247197962,0.28099998831749,0.15,0,13.439801926564028,-24.12010993532932
RN7SKP143,Pseudogene,RN7SK,1.2100975921298838,0.30799999833107,0,0,22.07246764608982,-20.202474065375572
RN7SKP144,Pseudogene,RN7SK,0.9586164052880768,-0.180000007152557,0.23,0,-6.311689733965982,0.7664847498927078
RN7SKP145,Pseudogene,RN7SK,1.1119555859719352,0.305000007152557,0,0,-29.755354982722714,-16.490499634174725
RN7SKP146,Pseudogene,RN7SK,1.112744985887898,0.229000002145767,0,0,9.325855381064974,-19.198962082080445
RN7SKP147,Pseudogene,RN7SK,1.0818874950888002,-0.0899999998509884,0,0,-18.761344973682696,31.51854505621178
RN7SKP148,Pseudogene,RN7SK,1.4777858473586158,0.305000007152557,0,0,-11.86503128784356,-27.604986658276157
RN7SKP149,Pseudogene,RN7SK,1.019814696640468,0.300999999046326,0,0,-26.27776231124596,-9.641766212010417
RN7SKP15,Pseudogene,RN7SK,1.0903642153705384,-0.258000001311302,0,0,11.888641461274092,24.76220098988379
RN7SKP150,Pseudogene,RN7SK,1.4283256452623412,0.195999994874001,0.75,0,14.789247636485928,16.4309423595469
RN7SKP151,Pseudogene,RN7SK,1.2420803636987177,0.305000007152557,3.39,0,24.735870462271922,-20.509093427774374
RN7SKP152,Pseudogene,RN7SK,0.7498194368635495,0.305000007152557,0.14,0,-23.134448636384302,-0.1479505214102808
RN7SKP153,Pseudogene,RN7SK,1.3629908415808936,0.206000000238419,0.17,0,-19.852090001500066,-28.083436126206898
RN7SKP154,Pseudogene,RN7SK,0.8743457378639614,0.305000007152557,5,0,-25.855422508542652,-2.278838196565336
RN7SKP155,Pseudogene,RN7SK,1.2422330284435184,-0.0689999982714653,0.2,0,-22.198658270372178,27.529764190653786
RN7SKP156,Pseudogene,RN7SK,0.9242162950504664,-0.258000001311302,0,0,9.29196429211412,-3.465864677965913
RN7SKP157,Pseudogene,RN7SK,1.0100039661131353,0.110999997705221,0,0,-10.671432765710655,25.589833105905633
RN7SKP158,Pseudogene,RN7SK,1.2785625547384594,0.211999997496605,0,0,-16.496478634480457,-21.293398327277398
RN7SKP159,Pseudogene,RN7SK,2.105468508376672,-0.178000003099442,0,0.39,-1.450046459299044,-28.168236308099782
RN7SKP16,Pseudogene,RN7SK,1.2546162326430232,0.211999997496605,9.3,0,17.93276433624372,-27.65735370815627
RN7SKP160,Pseudogene,RN7SK,1.2463477923298532,0.293000012636185,1.23,0,24.48964863310062,-20.287649688664114
RN7SKP161,Pseudogene,RN7SK,1.2868767046845728,0.204999998211861,0.65,0,-21.583945267007525,-23.812647200721422
RN7SKP162,Pseudogene,RN7SK,1.3490996773235475,-0.109999999403954,0,0,-5.653541343280846,-20.973004673225894
RN7SKP163,Pseudogene,RN7SK,1.2735903670255877,0.30799999833107,0.73,0,-24.344003807782926,-26.08481146488431
RN7SKP164,Pseudogene,RN7SK,1.031582081288668,-0.12899999320507,0,0,-18.271663353226458,33.307536590038566
RN7SKP165,Pseudogene,RN7SK,0.868357068426537,0.238000005483627,0.12,0,-16.4793613270351,-5.754777316241473
RN7SKP166,Pseudogene,RN7SK,1.4235361777484214,0.277999997138977,0.21,0,-11.722944989595792,-25.06714583276793
RN7SKP167,Pseudogene,RN7SK,1.1212470216875987,-0.129999995231628,0,0,0.8855509693853959,-7.445535049386371
RN7SKP168,Pseudogene,RN7SK,1.0999189533402802,0.0150000005960464,0,0,-4.090558992098577,-6.860216991997464
RN7SKP169,Pseudogene,RN7SK,1.312979759820193,-0.0430000014603138,0,0,-5.525443614372621,-19.4461796955685
RN7SKP17,Pseudogene,RN7SK,1.2369758809494829,-0.0195000004023314,0,0.01,14.517290669446105,13.141237164936
RN7SKP170,Pseudogene,RN7SK,1.3343047636798009,0.146999999880791,0.67,0,11.477686613602762,-22.573439941416236
RN7SKP171,Pseudogene,RN7SK,1.1348825052703255,0.305000007152557,0,0,-29.724119036919692,-16.695643815552476
RN7SKP172,Pseudogene,RN7SK,1.3520727508386348,-0.0195000004023314,0.32,0,-5.208685712997347,-19.57815453239247
RN7SKP173,Pseudogene,RN7SK,1.2239699631155,0.214000001549721,2.29,0,-25.6589983427109,-23.978598776126
RN7SKP174,Pseudogene,RN7SK,1.242013746355532,0.146999999880791,0,0,-14.361999417382727,-19.05588059333601
RN7SKP175,Pseudogene,RN7SK,1.286009776078055,0.280000001192093,1.46,0,-24.04318994725966,-26.285081213179854
RN7SKP176,Pseudogene,RN7SK,2.053473319046402,0.0850000008940697,2.99,0.44,-1.9100768618961828,-29.09714781305519
RN7SKP177,Pseudogene,RN7SK,1.2426067345371292,0.263000011444092,0.15,0,29.07719001447404,12.462700287809543
RN7SKP178,Pseudogene,RN7SK,0.8657176852398303,0.30799999833107,0,0,22.26678023773844,22.793963394935723
RN7SKP179,Pseudogene,RN7SK,0.576236948633278,0.0509999990463257,0.08,0,-6.79016682125899,36.17276345485686
RN7SKP18,Pseudogene,RN7SK,1.1241276958539896,0.197999998927116,0,0,17.98638442106371,-27.826034289498754
RN7SKP180,Pseudogene,RN7SK,1.2630648268022358,0.164000004529953,1.04,0,-20.953718128298515,-23.432019829460323
RN7SKP181,Pseudogene,RN7SK,1.198112917196108,0.197999998927116,0,0,-15.049192556740062,-17.92353933192118
RN7SKP182,Pseudogene,RN7SK,1.2937937529576593,0.30799999833107,0,0,-15.346100988351532,-14.634799961229021
RN7SKP183,Pseudogene,RN7SK,0.9005184413312235,0.593999981880188,0,0.43,-22.79233673329912,-8.121456706178924
RN7SKP184,Pseudogene,RN7SK,1.2412551488619568,0.305000007152557,2.11,0,-24.034661083890885,-23.130772168258584
RN7SKP185,Pseudogene,RN7SK,1.1826703631330748,0.282000005245209,1.05,0,-25.654548464973043,-23.053360176301624
RN7SKP186,Pseudogene,RN7SK,0.985857529830788,-0.0990000031888485,0.88,0,-6.923313378496904,-2.565835402710739
RN7SKP187,Pseudogene,RN7SK,1.17886050501542,0.305000007152557,1.62,0,26.01428594759246,-19.804569516388565
RN7SKP188,Pseudogene,RN7SK,1.523048990678721,0.122000001370907,0,0,-15.983911248708665,-30.526931058906655
RN7SKP189,Pseudogene,RN7SK,0.9157219994316208,-0.104499999433756,0.12,0,-8.161891570128693,-1.1278378711650632
RN7SKP19,Pseudogene,RN7SK,1.3369942164662554,0.30799999833107,0,0,19.13222888064904,-27.33680375762943
RN7SKP190,Pseudogene,RN7SK,1.639555304022133,-0.0115000000223517,2.19,0,-25.96455186923923,20.073147453697924
RN7SKP191,Pseudogene,RN7SK,1.2713201524676097,0.107999999076128,0.2,0,-12.747715514971526,-18.27814924590575
RN7SKP192,Pseudogene,RN7SK,1.2002978438189442,0.164000004529953,0.14,0,30.669311328015034,-19.714860015477438
RN7SKP193,Pseudogene,RN7SK,1.123756206199048,0.296999990940094,0.37,0,30.037746574634344,-21.970400923200685
RN7SKP194,Pseudogene,RN7SK,0.8510394060932442,0.003000000026077,0,0,-10.469284328982976,-1.1240647428952906
RN7SKP195,Pseudogene,RN7SK,0.9400036912340072,-0.046000000089407,4.1,0,-13.908074309294133,35.777469031416345
RN7SKP196,Pseudogene,RN7SK,1.2886922290851797,0.0579999983310699,0,0,-21.316174456399747,24.70047908647316
RN7SKP197,Pseudogene,RN7SK,1.1811995139539426,0.0670000016689301,0.32,0,-17.808824303480183,26.135488594491243
RN7SKP198,Pseudogene,RN7SK,1.0329476238799329,0.30799999833107,1.35,0,-30.41713086448889,-15.2102938191807
RN7SKP199,Pseudogene,RN7SK,1.4235361777484214,-0.182499997317791,0,0,-0.5092767882332693,-19.782700418330474
RN7SKP2,Pseudogene,RN7SK,0.9799640897603552,0.194999992847443,0.22,0.07,10.734493013647404,6.740895410234898
RN7SKP20,Pseudogene,RN7SK,0.8100966900337023,0.200499996542931,0.09,0,19.451401340913634,30.228805242908653
RN7SKP200,Pseudogene,RN7SK,0.7706668982285516,-0.214000001549721,0,0,-9.70522923110433,3.8219943302087542
RN7SKP202,Pseudogene,RN7SK,1.1367583441220122,0.200499996542931,0.65,0,-23.45535055863533,-14.644505604399056
RN7SKP204,Pseudogene,RN7SK,1.2997344508061717,0.214000001549721,0.46,0,-20.082461358799016,-22.249396556053952
RN7SKP205,Pseudogene,RN7SK,1.086153466696385,0.178000003099442,0,0,-23.572295604876885,-14.045293015695975
RN7SKP206,Pseudogene,RN7SK,1.3277268486521796,0.305000007152557,0,0,-21.561020274498226,-25.167502219964515
RN7SKP207,Pseudogene,RN7SK,1.5475670526413532,0.305000007152557,0,0,-18.78201884438109,-31.889515328344164
RN7SKP208,Pseudogene,RN7SK,1.366279265557543,-0.078999999910593,0,0,-3.700729262019626,-19.505648634481755
RN7SKP209,Pseudogene,RN7SK,0.9597630756293304,-0.0095000001601874,0,0,-14.001480040083633,35.35081685859734
RN7SKP21,Pseudogene,RN7SK,1.0736051027819002,0.10700000077486,0,0,18.212914836496385,-28.063929957882092
RN7SKP210,Pseudogene,RN7SK,0.9581871099879028,-0.0179999992251396,0,0,-14.02903397990073,35.41479248161636
RN7SKP211,Pseudogene,RN7SK,1.2460234759644278,0.305000007152557,0,0,-23.820854411547444,-23.055758369928494
RN7SKP212,Pseudogene,RN7SK,0.7624598649598862,0.305000007152557,0.04,0,-23.60078062095709,-0.07729560283535157
RN7SKP213,Pseudogene,RN7SK,0.8858407677908298,0.214000001549721,0.01,0,29.91648163348056,-15.632802271828277
RN7SKP214,Pseudogene,RN7SK,1.356291040209067,0.284000009298325,0.49,0,-22.082550431459207,-28.157968636749448
RN7SKP216,Pseudogene,RN7SK,1.3136683855683509,0.0755000002682209,0.18,0,-5.715919270887991,-17.829145941147292
RN7SKP217,Pseudogene,RN7SK,1.2259158613080523,0.222000002861023,0.19,0,-20.90452244827848,-19.980886759754444
RN7SKP218,Pseudogene,RN7SK,1.2846926491789863,0.30799999833107,0,0,-16.9518026689778,-16.978117899821477
RN7SKP219,Pseudogene,RN7SK,1.2086591628099097,0.10700000077486,0.13,0,-17.72396708137603,25.20451397224966
RN7SKP22,Pseudogene,RN7SK,1.161760992570657,0.194000005722046,7.95,0,14.584406360396118,12.955499286595716
RN7SKP220,Pseudogene,RN7SK,1.1698699394079737,-0.0874999985098839,0,0,-0.04670863821500897,-9.255126545442016
RN7SKP221,Pseudogene,RN7SK,0.8077740171409646,0.307000011205673,0.94,0,-25.37629710986809,-0.3143451269270908
RN7SKP222,Pseudogene,RN7SK,1.2019164502665718,0.146999999880791,0,0,-13.311647510755943,-16.91154689741863
RN7SKP223,Pseudogene,RN7SK,1.2885298434716357,0.284000009298325,0,0,-22.342594345970813,-24.17517733965368
RN7SKP224,Pseudogene,RN7SK,1.325246479814038,0.28099998831749,0.62,0,30.795349683503023,9.907084880056756
RN7SKP225,Pseudogene,RN7SK,1.016372477817424,0.30799999833107,0.35,0,-26.981902729766258,-9.781362919303438
RN7SKP226,Pseudogene,RN7SK,1.4356836864652078,0.305000007152557,0.37,0,-20.39348405780748,-30.17917593313158
RN7SKP227,Pseudogene,RN7SK,1.1999115854621238,0.187999993562698,2.9,0,-13.435975638351957,16.12538011845646
RN7SKP228,Pseudogene,RN7SK,1.4527646772154992,-0.158999994397163,1.05,0,-3.894097809131774,-22.38021265667354
RN7SKP229,Pseudogene,RN7SK,0.8166006868646905,0.194000005722046,0.74,0,-16.6033786786983,-5.490127394596994
RN7SKP23,Pseudogene,RN7SK,1.1540406889388717,-0.0309999994933605,0.57,0.02,27.91266928924185,12.896231987254044
RN7SKP230,Pseudogene,RN7SK,1.5034241781713178,0.30799999833107,4.77,0,-19.318716375148952,-32.0760047656991
RN7SKP231,Pseudogene,RN7SK,1.166169059403147,-0.0340000009164214,0,0,-0.8354484063917422,-8.948632146887004
RN7SKP232,Pseudogene,RN7SK,1.0779604987363909,0.284000009298325,0.33,0,-19.53050635488347,-11.657965507058568
RN7SKP233,Pseudogene,RN7SK,1.4209479301525152,0.557000011205673,0,0.43,-13.495905174820225,-26.344816923155303
RN7SKP234,Pseudogene,RN7SK,1.364561107527415,-0.0415000002831221,2.21,0,-9.00447317373785,-18.431329856258838
RN7SKP235,Pseudogene,RN7SK,1.0021694691348888,0.268999993801117,0.16,0,-27.91026529904856,-9.258177637953985
RN7SKP236,Pseudogene,RN7SK,1.1496558370717531,0.300000011920929,0,0,-29.084991257891954,-17.114680368506136
RN7SKP237,Pseudogene,RN7SK,1.211661025711447,0.30799999833107,0.1,0,-26.126675948229895,-27.39190646908794
RN7SKP238,Pseudogene,RN7SK,1.3531025805200658,-0.0309999994933605,0,0,-23.796256468332256,25.00483647737853
RN7SKP239,Pseudogene,RN7SK,1.1185616474646918,-0.149000003933907,5.3,0,-9.054818790606518,-8.041958977670237
RN7SKP24,Pseudogene,RN7SK,1.0273520246173111,-0.228500001132488,0.4,0,-5.404746981987237,-1.8667589474323592
RN7SKP240,Pseudogene,RN7SK,1.2596966539307632,0.273999989032745,0.71,0,-23.106155666488284,-23.18736269966928
RN7SKP241,Pseudogene,RN7SK,1.4084691968980256,-0.0670000016689301,0.41,0,-2.0826823050716823,-19.365556923178485
RN7SKP242,Pseudogene,RN7SK,1.1057280317680471,0.017000000923872,0,0,-17.914263499399404,28.750239536197142
RN7SKP243,Pseudogene,RN7SK,1.1915320291678049,0.30799999833107,0.22,0,-25.452933461552202,-24.78916024158704
RN7SKP244,Pseudogene,RN7SK,1.0635252694735438,0.287999987602234,0.46,0.01,-9.197139871185682,23.053869216362646
RN7SKP245,Pseudogene,RN7SK,1.2374088225078153,-0.0729999989271164,1.79,0,-1.8952635323528018,-12.36222789857243
RN7SKP246,Pseudogene,RN7SK,1.5668777386119217,0.146999999880791,0.02,0,-9.313296522634536,-28.09397882950793
RN7SKP247,Pseudogene,RN7SK,1.3871158365774552,-0.228500001132488,0,0,-5.746114550664474,-22.14881053924909
RN7SKP248,Pseudogene,RN7SK,0.8655099960710402,0.0309999994933605,1.75,0.01,-12.404684737237785,35.38152889422698
RN7SKP249,Pseudogene,RN7SK,1.2523910395334843,-0.193999998271465,0.14,0,-2.3184052051435193,-13.745842011670193
RN7SKP25,Pseudogene,RN7SK,0.8119702458014372,-0.0989999994635582,1.38,0,18.24283353126632,24.687863785014837
RN7SKP250,Pseudogene,RN7SK,1.060423585119011,0.152999997138977,0,0,-26.597005005048853,-13.975437308616167
RN7SKP251,Pseudogene,RN7SK,1.183620462696044,0.305000007152557,0.26,0,-25.112809484430876,-21.681358982484646
RN7SKP252,Pseudogene,RN7SK,1.3171409967570713,0.101999998092651,0,0,-10.622598865205276,-17.88663684378708
RN7SKP253,Pseudogene,RN7SK,1.0004372697729682,0.791999995708466,3.04,0.59,-5.930066708227932,19.325205545977038
RN7SKP254,Pseudogene,RN7SK,1.2549160214680275,0.214000001549721,0.22,0,-14.524298109953977,-14.906541100322118
RN7SKP255,Pseudogene,RN7SK,1.3871518664960656,0,81.36,0.04,-17.892442620165994,-28.200938905185957
RN7SKP256,Pseudogene,RN7SK,1.238929830111747,0.0785000026226044,0,0,-18.43109021171362,24.994307143210264
RN7SKP257,Pseudogene,RN7SK,1.2140137655671974,0.305000007152557,0.07,0,-18.133177923634115,-17.012654094388637
RN7SKP258,Pseudogene,RN7SK,1.5081991188460906,0.0039999999571591,1.45,0,-25.360589539155285,21.264660678380316
RN7SKP259,Pseudogene,RN7SK,1.2934087265452323,-0.0989999994635582,0,0,22.436136369102243,12.091135799249773
RN7SKP26,Pseudogene,RN7SK,1.197325104588126,0.194999992847443,7.34,0,14.413346709457661,13.351071091886114
RN7SKP260,Pseudogene,RN7SK,0.6061015779621466,-0.003000000026077,0,0,-7.189992441394023,36.294343028322864
RN7SKP261,Pseudogene,RN7SK,2.423903183809326,0.263999998569489,0.05,0.62,0.9601362165926066,-30.39700669353536
RN7SKP262,Pseudogene,RN7SK,1.2641806084513545,0.28099998831749,0,0,11.946343783893482,-20.664526628238697
RN7SKP263,Pseudogene,RN7SK,1.3826267885626415,0.30799999833107,0,0,-14.911708877580633,-14.409065369731694
RN7SKP264,Pseudogene,RN7SK,1.3220661249400565,0.30799999833107,0.64,0,13.278665400887375,15.376437399933968
RN7SKP265,Pseudogene,RN7SK,1.152617454054955,0.453999996185303,0,0,-16.676111195908433,-12.403923484014506
RN7SKP266,Pseudogene,RN7SK,1.1860486788264897,0.30799999833107,0,0,-18.36540336040475,-15.22107110701832
RN7SKP267,Pseudogene,RN7SK,0.9749974101631292,-0.0879999995231628,0,0,-0.3264701532186433,-4.315689352630294
RN7SKP268,Pseudogene,RN7SK,1.198112917196108,0.0700000002980232,1.46,0,-12.179978412541255,-17.101111205114428
RN7SKP269,Pseudogene,RN7SK,1.154179927939974,0.194999992847443,3.87,0,19.221415254327482,15.738162884204113
RN7SKP27,Pseudogene,RN7SK,1.470730890668369,0.448500007390976,0,0,12.517795476266674,11.256961062485875
RN7SKP270,Pseudogene,RN7SK,1.2580044709256242,-0.019000000320375,0,0,0.1804648782410758,-10.806484236332567
RN7SKP271,Pseudogene,RN7SK,1.5196248697464398,-0.233999997377396,0.83,0,14.108959614725348,10.258683987000975
RN7SKP272,Pseudogene,RN7SK,1.3923656442011714,0.448500007390976,0.49,0.01,-17.529722043576232,17.19049302004917
RN7SKP273,Pseudogene,RN7SK,1.084063601347779,0.305000007152557,0.86,0,22.930815271349914,-16.819793920167943
RN7SKP275,Pseudogene,RN7SK,1.4539932308537364,-0.125,0.44,0,-3.9249476873458793,-22.340838412990735
RN7SKP276,Pseudogene,RN7SK,0.8553965151664394,-0.576499998569489,0.27,0,-11.931835625956174,39.44152171266931
RN7SKP277,Pseudogene,RN7SK,1.2028126177498322,0.523999989032745,0,0.44,-7.888614102220994,19.607461895793943
RN7SKP278,Pseudogene,RN7SK,1.4523398922221613,-0.0650000013411045,0,0,-1.321047226169871,-19.759058990648022
RN7SKP279,Pseudogene,RN7SK,1.2588263542290736,0.206000000238419,0,0,13.822977260770829,-22.2753189911522
RN7SKP28,Pseudogene,RN7SK,1.1843820998866863,-0.0775000005960464,0.2,0,11.300570912044671,24.68350715632349
RN7SKP280,Pseudogene,RN7SK,1.542476371547138,-0.172999992966652,0.18,0,4.0768195869428885,-28.175525629544854
RN7SKP281,Pseudogene,RN7SK,1.312403296599198,0.211999997496605,0.07,0,-15.017349419608214,-21.03104008573587
RN7SKP282,Pseudogene,RN7SK,0.1045513527202519,0.0099999997764825,0.64,0.26,-17.780589952583327,5.8992703540143125
RN7SKP283,Pseudogene,RN7SK,0.681821105579355,-0.046000000089407,3.95,0,-14.073859926774738,2.4938667961294456
RN7SKP284,Pseudogene,RN7SK,1.4278524390453844,-0.122000001370907,0,0,-26.29160945989091,23.020861945891948
RN7SKP285,Pseudogene,RN7SK,1.2451912679323929,-0.0775000005960464,0,0,0.3782465155399244,-10.69901377434254
RN7SKP286,Pseudogene,RN7SK,0.8480276387309325,0.0469999983906746,0.19,0,16.98714695961225,29.059394390395617
RN7SKP287,Pseudogene,RN7SK,1.2274520967232252,-0.0025000000605359,0.68,0,-21.068024068647983,26.83164740038279
RN7SKP288,Pseudogene,RN7SK,1.1794103466688786,-0.0165000008419156,2.07,0,-19.950784864755214,27.88056748551186
RN7SKP289,Pseudogene,RN7SK,1.330499643826423,0.061999998986721,0,0,-10.274563946008847,-17.933330670507853
RN7SKP29,Pseudogene,RN7SK,1.2386858181966778,-0.0759999975562096,0.08,0,11.400502440627507,24.47521865604706
RN7SKP290,Pseudogene,RN7SK,1.033122255769008,0.208000004291534,0,0,23.53613156962384,16.05249761553168
RN7SKP291,Pseudogene,RN7SK,1.157809424568716,-0.0759999975562096,0,0,-7.434451643435012,-7.995895834056255
RN7SKP292,Pseudogene,RN7SK,1.303905251012718,0.305000007152557,2.26,0,12.13753253735438,-20.12003789709222
RN7SKP293,Pseudogene,RN7SK,1.1851900528524355,-0.15599999576807,0.04,0,-7.899709804256964,-9.29424563021702
RN7SKP294,Pseudogene,RN7SK,1.233169801315792,0.26800000667572,0,0,-24.064368426759646,-23.020429624775463
RN7SKP295,Pseudogene,RN7SK,1.3167244436271672,0.034000001847744,0,0,-21.957357394675853,24.78883864957273
RN7SKP296,Pseudogene,RN7SK,1.2325068067989555,-0.0474999994039536,2.34,0,-5.202058042344278,-15.397540609900823
RN7SKP297,Pseudogene,RN7SK,1.108540938416856,-0.138999998569489,0.26,0,0.959066581574265,-7.168190776397116
RN7SKP298,Pseudogene,RN7SK,1.145492303030751,0.0215000004973262,0,0,-18.126002360205604,27.941230800576314
RN7SKP299,Pseudogene,RN7SK,1.0616458510995537,-0.0450000017881393,0.08,0,-0.5180194585339657,-5.851843368323862
RN7SKP3,Pseudogene,RN7SK,1.1157660655759971,0.305000007152557,0.15,0,14.457861654367777,14.087985949688836
RN7SKP30,Pseudogene,RN7SK,1.4975259623164232,0.305000007152557,1.6,0,-11.664553407095852,-27.853226488633997
RN7SKP31,Pseudogene,RN7SK,0.8746042415806847,0.23200000077486,0,0,-6.186251278757712,26.694192317637977
RN7SKP32,Pseudogene,RN7SK,1.6392747298349148,0.207000002264977,0,0,-8.901149383931669,-29.862596668645264
RN7SKP33,Pseudogene,RN7SK,1.0931083096663463,0.30799999833107,0,0,-30.406993086102784,-16.234062787772427
RN7SKP34,Pseudogene,RN7SK,1.1103582186437688,-0.0599999986588955,0,0,-18.853748105391006,29.908689377976682
RN7SKP35,Pseudogene,RN7SK,0.8050992687398356,0.0410000011324883,0.66,0,-8.94328986739025,34.560967562709834
RN7SKP36,Pseudogene,RN7SK,1.413863431925259,0.30799999833107,2.2,0,-12.723437140115374,-25.889226640053376
RN7SKP37,Pseudogene,RN7SK,1.2438628277461206,0.305000007152557,0,0,-24.804827024501275,-25.551500476576418
RN7SKP38,Pseudogene,RN7SK,0.9779555333735755,0.30799999833107,2.26,0,27.48288927540475,-16.006715208020925
RN7SKP39,Pseudogene,RN7SK,1.229723053423916,-0.0035000000498257,0,0,-21.122568917167165,26.806565147950902
RN7SKP4,Pseudogene,RN7SK,1.3052323637218757,0.0525000002235174,0.68,0,12.975270565234197,21.152667067127037
RN7SKP40,Pseudogene,RN7SK,1.0190636670790765,0.502999991178513,0.66,0.13,-7.177728679785684,21.2620287072491
RN7SKP42,Pseudogene,RN7SK,0.8915132569179113,-0.14750000089407,0.37,0,-12.810130514684992,37.19837776919201
RN7SKP43,Pseudogene,RN7SK,0.716394581451893,0.0560000017285347,2,0,-7.630112570682414,34.87291749095411
RN7SKP44,Pseudogene,RN7SK,1.143153609067846,0.283000007271767,0.17,0,-21.74625847136961,-13.8844690016082
RN7SKP45,Pseudogene,RN7SK,0.8455055666258388,0.305000007152557,0,0,-26.07161669573962,-0.5606658651381472
RN7SKP46,Pseudogene,RN7SK,1.2171842668542912,0.172999992966652,0,0,-14.786370808473768,-18.422767200303397
RN7SKP47,Pseudogene,RN7SK,1.4402019671464517,-0.25900000333786,0,0,-5.774762711233144,-22.750326691168052
RN7SKP48,Pseudogene,RN7SK,1.1331000770931643,0.305000007152557,0.15,0,-23.877350910677595,-16.932519919810176
RN7SKP49,Pseudogene,RN7SK,0.6011702781414487,0.0525000002235174,0,0,-6.856115594960183,36.02956912177071
RN7SKP5,Pseudogene,RN7SK,1.0599064217559202,0.211999997496605,0.49,0,18.16214309632221,-28.113212614511102
RN7SKP50,Pseudogene,RN7SK,1.4114248223313872,0.305000007152557,2.03,0,-21.159334854053796,-29.67022859286625
RN7SKP51,Pseudogene,RN7SK,1.0625948337324729,0.0599999986588955,5.62,0,-1.8555383276585553,-6.098962167303652
RN7SKP52,Pseudogene,RN7SK,1.125390760680792,0.26800000667572,0.09,0,-18.35391827336144,-12.250198998108047
RN7SKP53,Pseudogene,RN7SK,1.5327191430004907,-0.0790000036358833,0,0,0.29602021163864217,-21.837028344142908
RN7SKP54,Pseudogene,RN7SK,1.3299743947648075,-0.145999997854233,11.28,0,0.07198486866894353,-17.14720712631545
RN7SKP55,Pseudogene,RN7SK,0.769358705576606,0.211999997496605,0.91,0,24.130443228858304,-5.033751676168904
RN7SKP56,Pseudogene,RN7SK,1.101842805858446,-0.12899999320507,3.14,0,0.5353398971444557,-6.803249799522369
RN7SKP57,Pseudogene,RN7SK,1.114342176547365,0.0209999997168779,0.61,0,-1.694483751170397,-6.963589841479307
RN7SKP58,Pseudogene,RN7SK,0.9793928902909138,0.301999986171722,0.33,0,-22.845180257300605,-6.4916223366469
RN7SKP59,Pseudogene,RN7SK,1.128311095280341,0.30799999833107,0,0,29.968836089648804,-20.238092170125967
RN7SKP6,Pseudogene,RN7SK,1.1759569077124263,0.194999992847443,0,0,18.17215333145761,-27.918566717268018
RN7SKP60,Pseudogene,RN7SK,1.409717751253123,-0.163000002503395,0,0,9.63160188080479,-10.202017464753943
RN7SKP61,Pseudogene,RN7SK,1.3069509775640082,0.211999997496605,0,0,-17.835871696656877,20.785323415948188
RN7SKP62,Pseudogene,RN7SK,1.2035587331383006,0.30799999833107,0,0,-24.137949518558866,-21.32701917714893
RN7SKP63,Pseudogene,RN7SK,1.0154873358343557,0.28099998831749,0.68,0,-29.915486059242383,-11.830509057834025
RN7SKP64,Pseudogene,RN7SK,1.8214318996263947,0.245999999344349,0.33,0,2.500073678066742,-30.324948528332907
RN7SKP65,Pseudogene,RN7SK,1.231790857448506,0.194999992847443,0,0,27.69398747766697,-20.628233299448876
RN7SKP66,Pseudogene,RN7SK,1.2480283407688757,0.0540000014007092,0,0,-11.117254051661414,-16.686146386406058
RN7SKP67,Pseudogene,RN7SK,0.9607354799612752,0.0520000010728836,0,0,-13.695375443869874,34.927689287462606
RN7SKP68,Pseudogene,RN7SK,1.2106085514220124,0.300000011920929,0,0,-18.333092052122996,-17.404795436700184
RN7SKP69,Pseudogene,RN7SK,1.321041572950535,-0.175999999046326,6.68,0,-6.011734633870845,-20.672556472457458
RN7SKP7,Pseudogene,RN7SK,1.4137462447365374,0.211999997496605,0,0.01,14.58160740928661,13.520838579200282
RN7SKP70,Pseudogene,RN7SK,1.3586103210806335,2.08200001716614,4.48,0.8,-4.37797582230847,15.89060484683445
RN7SKP71,Pseudogene,RN7SK,1.3544185721369886,0.0769999995827675,3.47,0,21.19495519563921,13.13774609429845
RN7SKP72,Pseudogene,RN7SK,1.1300537191852196,0.263999998569489,0.25,0,-23.796835721756445,-16.328272386551184
RN7SKP73,Pseudogene,RN7SK,1.260902044564561,0.28099998831749,0,0,-21.14351239354091,-20.972881171858717
RN7SKP74,Pseudogene,RN7SK,1.2027728973675011,-0.0729999989271164,2.05,0,-4.733752800355228,-14.34473582604918
RN7SKP75,Pseudogene,RN7SK,1.3142701576185425,-0.222000002861023,0.2,0,-6.603583385357681,-14.04183297799924
RN7SKP76,Pseudogene,RN7SK,1.3872205799012172,0.305000007152557,0.21,0,-21.592848002349054,-28.830779172890303
RN7SKP77,Pseudogene,RN7SK,1.131570117496337,0.305000007152557,0,0,-28.45088074168556,-17.06605497227151
RN7SKP78,Pseudogene,RN7SK,1.288882189614231,0.211999997496605,4.64,0,22.344197896859388,13.807886687472463
RN7SKP79,Pseudogene,RN7SK,1.2508476819001306,0.0769999995827675,0,0,-19.906019069993896,-23.473241198216378
RN7SKP8,Pseudogene,RN7SK,1.3389192786911968,0.126000002026558,0,0,18.38222101275352,-27.565625931091844
RN7SKP80,Pseudogene,RN7SK,2.0742380857114453,0.0769999995827675,4.44,0.51,2.2566354630576257,-31.205109671219144
RN7SKP81,Pseudogene,RN7SK,0.8814742446867566,-0.270999997854233,0,0,-6.321034145299113,-0.5951430650274081
RN7SKP82,Pseudogene,RN7SK,0.8099474001467252,0.301999986171722,0,0,-5.092075298705771,27.71832479275993
RN7SKP83,Pseudogene,RN7SK,0.6829774695489618,0.30799999833107,0,0,-4.9089618885513255,31.02245154062342
RN7SKP85,Pseudogene,RN7SK,1.3653413025574483,0.305000007152557,0.2,0,-21.981736987699104,-28.371486832049474
RN7SKP86,Pseudogene,RN7SK,1.307766669317074,0.214000001549721,0.53,0,24.325341198118878,-21.27185228075209
RN7SKP87,Pseudogene,RN7SK,1.2232006545277463,-0.150000005960464,0.55,0,-1.0098370196356805,-12.231799911960177
RN7SKP88,Pseudogene,RN7SK,0.6668982285515804,0.126000002026558,0.52,0,-6.420479662376777,33.890622810861835
RN7SKP89,Pseudogene,RN7SK,1.449653948943475,0.305000007152557,0.53,0,-12.292115320874926,-27.518288580298154
RN7SKP9,Pseudogene,RN7SK,1.486952572021361,-0.132999993860722,7.39,0,14.191162439482401,10.377137317367193
RN7SKP90,Pseudogene,RN7SK,1.337529096442069,0.211999997496605,0.29,0,-15.785675538472685,-22.748014723796807
RN7SKP91,Pseudogene,RN7SK,1.1939909690864885,-0.132999993860722,0.55,0,-3.1325055357999294,-12.626822719744686
RN7SKP92,Pseudogene,RN7SK,1.124593580421253,-0.204999998211861,11.59,0,-20.795685249273202,32.25295143380657
RN7SKP93,Pseudogene,RN7SK,0.8543059831769166,-0.0719999969005585,0.21,0,-9.562184839274448,-0.7993680910404058
RN7SKP94,Pseudogene,RN7SK,1.3453419369988602,-0.0610000006854534,0,0,-7.818961727211965,-21.286367015730985
RN7SKP95,Pseudogene,RN7SK,1.3870786175526202,0.305000007152557,16.71,0.07,-14.992595383102357,-25.288180199100463
RN7SKP96,Pseudogene,RN7SK,1.0291639329499698,0.0329999998211861,1.85,0,-17.15322600318443,29.726338081095363
RN7SKP97,Pseudogene,RN7SK,1.126517277958751,0.305000007152557,3.22,0,-27.53794497546195,-17.137413505256625
RN7SKP98,Pseudogene,RN7SK,0.8906226342836276,0.305000007152557,0.73,0,24.977526529377574,21.412264834660906
RN7SKP99,Pseudogene,RN7SK,1.2898072417019573,-0.0869999974966049,0.38,0,-23.388201218588947,27.13410093747809
