Gene,Gene_Type,Gene_group,enrichment_intergenic_dbsnp,PhyloP100_median,ENCODE_max,functional_probability,UMAP_sup1,UMAP_sup2
RNU1-101P,Pseudogene,RNU1,1.2033924727800829,0.437000006437302,0,0,8.569011310227891,0.04124198831385162
RNU1-103P,Pseudogene,RNU1,1.6116707189996529,0.30799999833107,1.58,0,4.221172431596299,-13.880558744298758
RNU1-104P,Pseudogene,RNU1,1.4092194710464945,-0.23199999332428,1.04,0,0.35144818771698116,-12.914347425329032
RNU1-105P,Pseudogene,RNU1,1.4238898513329552,-0.133000001311302,0,0,0.40468950022079586,-12.969951406347098
RNU1-109P,Pseudogene,RNU1,1.4649833535359265,-0.0920000001788139,2.47,0,0.4369542692980969,-12.843465581762137
RNU1-112P,Pseudogene,RNU1,1.1648692381331596,0.146999999880791,0,0,2.443077186234971,-13.342622533666434
RNU1-115P,Pseudogene,RNU1,0.6512678013199028,0.252000004053116,0,0,4.408128837235948,-15.535279050695243
RNU1-117P,Pseudogene,RNU1,1.1211698858165415,0.30799999833107,0,0,3.2646344696364604,-12.589155927526297
RNU1-119P,Pseudogene,RNU1,1.3262180681423474,0.300000011920929,0.47,0,2.2935822998366557,-12.053416028844657
RNU1-123P,Pseudogene,RNU1,1.128864188954498,-0.211499996483326,0.12,0,1.5779096876464092,-14.971108213292899
RNU1-124P,Pseudogene,RNU1,1.4851900204812496,0.204999998211861,1.32,0,1.4633040224395,-11.93823410593206
RNU1-129P,Pseudogene,RNU1,1.0399485849419603,-0.152999997138977,1.38,0,1.9460624252639018,-15.289928212987723
RNU1-130P,Pseudogene,RNU1,0.8466481417158735,0.30799999833107,0,0,4.585706809648057,-12.987267270910086
RNU1-131P,Pseudogene,RNU1,1.4023157626763951,-0.196999996900558,0,0,0.3956528102240765,-12.938797727453055
RNU1-132P,Pseudogene,RNU1,0.8048187463465466,0.305000007152557,0.16,0,4.73068056453087,-13.109500661718192
RNU1-133P,Pseudogene,RNU1,0.7695619528570508,0.26800000667572,0,0,4.773882487901231,-13.145202413427176
RNU1-134P,Pseudogene,RNU1,1.2841159072489396,0.194999992847443,2.63,0,6.272688010819932,-0.22186107956105683
RNU1-136P,Pseudogene,RNU1,1.355484204373131,0.212999999523163,0,0,4.239613155015489,-13.891978040563407
RNU1-139P,Pseudogene,RNU1,1.3893713094824591,0.238000005483627,0,0,1.8015678917250835,-12.252336278783622
RNU1-140P,Pseudogene,RNU1,1.2630648268022358,-0.101999998092651,0,0,1.2436945234618388,-13.90471245371038
RNU1-141P,Pseudogene,RNU1,0.8133977602982752,0.30799999833107,0.05,0,5.43913135875084,-1.4191045912378453
RNU1-142P,Pseudogene,RNU1,0.6707309769915321,-0.003000000026077,0,0,3.5663393532119,-15.950773969518485
RNU1-143P,Pseudogene,RNU1,0.9754147891914526,-0.149999998509884,1.44,0,2.1395193134627544,-15.466475263463797
RNU1-146P,Pseudogene,RNU1,1.1999115854621238,0.214000001549721,0.6,0,2.5797005688033305,-12.759491697179618
RNU1-148P,Pseudogene,RNU1,1.3507776619968357,-0.0219999998807907,0.38,0,-13.270361324659804,-4.749254003392997
RNU1-149P,Pseudogene,RNU1,1.121852610141116,0.282999992370605,0.33,0,8.444764712937852,-0.1463582070940158
RNU1-150P,Pseudogene,RNU1,1.0077230176801788,-0.197999998927116,0,0,1.99364910472252,-15.415358320104422
RNU1-151P,Pseudogene,RNU1,1.5838832928100035,-0.034000001847744,0.29,0,0.6027703081450665,-12.52194477640325
RNU1-15P,Pseudogene,RNU1,1.2784145729612908,-0.133000001311302,0,0,1.082970360406419,-14.303828016149344
RNU1-16P,Pseudogene,RNU1,1.1225103567464991,0.306500002741814,4.48,0,3.2421501671157085,-12.575408712255301
RNU1-17P,Pseudogene,RNU1,1.2339810972377103,-0.0469999983906746,0,0,1.4407834802947246,-13.817413106786551
RNU1-18P,Pseudogene,RNU1,1.080151475359839,0.214000001549721,1.14,0,3.344106057771226,-12.91706539713079
RNU1-19P,Pseudogene,RNU1,1.5156777921626827,-0.0240000002086162,0.75,0,0.6390139256797039,-12.61779953561956
RNU1-20P,Pseudogene,RNU1,1.0077230176801788,-0.20099999755621,0,0,1.9681139980635844,-15.42407108865911
RNU1-21P,Pseudogene,RNU1,1.3424906824753824,0.246999993920326,0.15,0,2.0585137401900493,-12.202567830907645
RNU1-23P,Pseudogene,RNU1,1.399019721353865,0.30799999833107,0,0,1.9332352672896587,-11.80019642435247
RNU1-24P,Pseudogene,RNU1,1.4314734703758671,-0.123999997973442,0,0,0.4102661703906262,-12.946543470250907
RNU1-29P,Pseudogene,RNU1,1.2680769888133556,0.211999997496605,1.59,0,2.2060566936812602,-12.801128164159598
RNU1-30P,Pseudogene,RNU1,0.6392812773692297,-0.233999997377396,0.86,0,3.1261487995467387,-16.07164265237981
RNU1-31P,Pseudogene,RNU1,0.9275632321828916,-0.19200000166893,0.72,0,2.3850215469680034,-15.672835126745047
RNU1-33P,Pseudogene,RNU1,0.8361956955218505,-0.114000000059605,0.44,0,6.221374133714219,-1.7912264021509312
RNU1-34P,Pseudogene,RNU1,1.1725585892129031,-0.29899999499321,4.09,0,1.477178910859605,-14.912784353124442
RNU1-35P,Pseudogene,RNU1,1.1805115701484947,-0.17399999499321,0,0,1.4491997753462993,-14.736640706884208
RNU1-36P,Pseudogene,RNU1,1.094656183228604,0.296000003814697,0.44,0,3.4550508056960307,-12.691165700780692
RNU1-38P,Pseudogene,RNU1,0.9407201574620816,0.305000007152557,0,0,4.233437160142442,-13.32133556924993
RNU1-39P,Pseudogene,RNU1,1.1367583441220122,-0.13400000333786,5,0,1.6718419586501323,-14.712884679662528
RNU1-42P,Pseudogene,RNU1,1.5630427231677666,0.266999989748001,0,0,8.63175831187584,0.7448623438901284
RNU1-43P,Pseudogene,RNU1,1.473575631269275,-0.0549999997019768,0,0,0.5459218417487347,-12.80800606332952
RNU1-44P,Pseudogene,RNU1,0.8736844124046139,-0.208000004291534,0,0,2.5735801254592143,-15.848572507726493
RNU1-45P,Pseudogene,RNU1,1.330249126100227,0.266999989748001,0,0,2.187510589250108,-12.15558792673284
RNU1-46P,Pseudogene,RNU1,1.1436897974398292,0.0255000004544854,0,0,2.171242574342271,-14.108892217504325
RNU1-49P,Pseudogene,RNU1,1.2451912679323929,-0.0780000016093254,0,0,1.3584283386550151,-13.849166646825614
RNU1-51P,Pseudogene,RNU1,1.48015409390887,0.305000007152557,1.08,0,-13.128460308424453,-5.124357953893485
RNU1-54P,Pseudogene,RNU1,0.9551927752691908,0.309499993920326,0,0,4.137902358659288,-12.91333939157659
RNU1-55P,Pseudogene,RNU1,1.165137332319151,0.30799999833107,0.05,0,-12.477994343153457,-4.641578927861991
RNU1-56P,Pseudogene,RNU1,0.7836393056532164,0.0279999997001141,0.57,0,3.8047958408675395,-14.855829969274344
RNU1-57P,Pseudogene,RNU1,1.0043648020355127,0.319000005722046,0.37,0,3.9446629082045757,-12.80354000650579
RNU1-58P,Pseudogene,RNU1,1.2572531788261518,0.30799999833107,0.12,0,2.6008957420668803,-12.300754323827567
RNU1-62P,Pseudogene,RNU1,1.1436897974398292,0.284000009298325,0,0,-12.873109241835097,-4.93955542169744
RNU1-63P,Pseudogene,RNU1,1.016613153279848,-0.131500001996756,0,0,1.9920843635878764,-15.33567883096868
RNU1-65P,Pseudogene,RNU1,1.5020230372783343,-0.142000004649162,0,0,0.40153730858184933,-12.756708875524344
RNU1-67P,Pseudogene,RNU1,0.8048187463465466,0.214000001549721,10.7,0,5.614037612565538,-0.7358154209726474
RNU1-68P,Pseudogene,RNU1,1.2133208353357092,-0.0645000003278255,1.44,0,1.4620337282500468,-13.929949537145438
RNU1-6P,Pseudogene,RNU1,1.0613253058546563,0.296999990940094,0.69,0,1.081235626824876,9.581590875757394
RNU1-70P,Pseudogene,RNU1,1.0589720346665086,-0.129000000655651,3.78,0,1.9285559450469218,-15.144257322179618
RNU1-72P,Pseudogene,RNU1,0.9534901143507074,-0.217999994754791,7.42,0,2.256865838655015,-15.636664167272391
RNU1-73P,Pseudogene,RNU1,0.995433712586518,0.284000009298325,1.98,0,3.99363050807335,-12.85688187204534
RNU1-74P,Pseudogene,RNU1,0.7312480576223469,-0.109999999403954,0.19,0,3.7967926060042583,-14.8364589365595
RNU1-75P,Pseudogene,RNU1,1.103957823425985,-0.17399999499321,0.16,0,1.6922244821868144,-14.955224767553153
RNU1-76P,Pseudogene,RNU1,1.2015003462505542,-0.180999994277954,0,0,1.334276775010606,-14.679405942785086
RNU1-77P,Pseudogene,RNU1,1.3078958314572533,0.300999999046326,0.48,0,-12.695394893995742,-4.657490506994071
RNU1-78P,Pseudogene,RNU1,1.3051669876956435,0.305000007152557,0,0,4.280973056443711,-13.915928617345633
RNU1-7P,Pseudogene,RNU1,1.5037402892264422,0.214000001549721,0,0,8.605382541306993,0.38776926673716094
RNU1-80P,Pseudogene,RNU1,1.4670380286460751,0.30799999833107,0,0,7.954290488847276,0.8747902063257077
RNU1-82P,Pseudogene,RNU1,1.4946267117159788,-0.130999997258186,0.08,0,0.3864956294379437,-12.764553800451102
RNU1-83P,Pseudogene,RNU1,1.3131253229864706,-0.250999987125397,2.76,0,1.0341815744719707,-14.45222164713079
RNU1-84P,Pseudogene,RNU1,1.080151475359839,0.0649999976158142,0,0,7.044209102281114,-0.8067274244897983
RNU1-88P,Pseudogene,RNU1,1.13971865230983,0.282999992370605,0,0,3.1474021469435893,-12.632408872472586
RNU1-8P,Pseudogene,RNU1,0.7578388960813414,-0.0469999983906746,0,0,6.230956176408311,-1.7811401041620396
RNU1-91P,Pseudogene,RNU1,1.150706299264613,-0.229000002145767,3.22,0,1.5582101141295635,-14.927986875402274
RNU1-93P,Pseudogene,RNU1,0.6576905607017558,-0.0790000036358833,1.08,0,3.4946995769820415,-16.01799084268743
RNU1-94P,Pseudogene,RNU1,1.1444243445158986,0.263999998569489,0.7,0,3.109725812562486,-12.636708989965262
RNU1-96P,Pseudogene,RNU1,0.8147547802520594,0.214000001549721,0,0,4.679146388658067,-13.104996457921805
RNU1-98P,Pseudogene,RNU1,1.2808266759291422,-0.240000002086163,0,0,1.055324891694566,-14.519138112890067
RNU2-10P,Pseudogene,RNU2,1.3334013752142089,0.119000002741814,0,0,1.6015771423659526,-12.76329399667913
RNU2-12P,Pseudogene,RNU2,1.0130832464976265,0.186000004410744,0,0,3.4568394218764507,-13.026462331640067
RNU2-13P,Pseudogene,RNU2,0.7684575826783514,-0.127000004053116,0.44,0,3.7883497272811137,-14.81695438944036
RNU2-14P,Pseudogene,RNU2,1.1638712540167198,0.238000005483627,0,0,-12.748783489576796,-4.647535100805106
RNU2-16P,Pseudogene,RNU2,1.123756206199048,0.284500002861023,0,0,7.57250128138878,-0.14920742832356904
RNU2-17P,Pseudogene,RNU2,1.078590884992962,0.421000003814697,0.29,0,3.5054226909957134,-12.527389303075614
RNU2-18P,Pseudogene,RNU2,1.3722185772666264,-0.153499998152256,0.78,0,-11.518785854689101,-2.5286708029382847
RNU2-19P,Pseudogene,RNU2,0.7856563952430573,-0.300999999046326,0,0,2.769370893128892,-16.009245649205983
RNU2-20P,Pseudogene,RNU2,1.0547583239526523,-0.104999996721745,0,0,1.9498188291869365,-15.072245374547782
RNU2-21P,Pseudogene,RNU2,0.6836002453570611,0.127500001341105,0,0,4.090971568711778,-16.112585798131764
RNU2-22P,Pseudogene,RNU2,0.6553638252275752,0.30799999833107,1.25,0,-12.45595969807289,-2.787885919439139
RNU2-23P,Pseudogene,RNU2,1.0865596138260258,0.214000001549721,0.39,0,3.3396607433638774,-12.929133191930594
RNU2-24P,Pseudogene,RNU2,1.457382492464118,0.398999989032745,0,0,-11.598915478102187,-2.2593851240747593
RNU2-25P,Pseudogene,RNU2,1.4184680908328773,-0.0280000008642673,10.54,0,0.7380292807898724,-13.00080277048284
RNU2-26P,Pseudogene,RNU2,0.9638308822325962,0.305000007152557,0,0,-12.737352749220351,-3.8328535708063267
RNU2-27P,Pseudogene,RNU2,1.2230381245444182,-0.0794999990612268,1.38,0,1.4185763393721782,-13.953060880529227
RNU2-28P,Pseudogene,RNU2,1.249699061439249,-0.23199999332428,0,0,1.1330535208068095,-14.576931730138602
RNU2-29P,Pseudogene,RNU2,1.2129432066910355,0.284000009298325,0,0,2.7207804714522563,-12.421808019506278
RNU2-30P,Pseudogene,RNU2,1.3056148830242968,0.165999993681908,0.46,0,-11.463831325880507,-1.7864642294519566
RNU2-31P,Pseudogene,RNU2,1.0756423041154524,0.0120000001043081,0,0,2.239127734788438,-14.413502469884696
RNU2-32P,Pseudogene,RNU2,0.9820163705766074,-0.0799999982118607,0.08,0,3.7077611481032573,-14.687524572240653
RNU2-33P,Pseudogene,RNU2,1.230172513604261,-0.212999999523163,0.43,0,3.505327800401231,-14.593818441259208
RNU2-34P,Pseudogene,RNU2,0.8037685261468772,-0.0309999994933605,0,0,3.195339778550645,-15.850434079992118
RNU2-35P,Pseudogene,RNU2,0.7827443997084278,-0.0820000022649765,0.73,0,6.416557887681504,-1.6103544386499546
RNU2-36P,Pseudogene,RNU2,1.254798695736776,0.206000000238419,0.18,0,-11.766406437269668,-2.162955537664237
RNU2-37P,Pseudogene,RNU2,0.9026988733925584,0.30799999833107,0.44,0,4.346525767930528,-12.939445272313895
RNU2-38P,Pseudogene,RNU2,0.9233163765547988,-0.0149999996647239,0,0,2.945344785340806,-15.374258771764579
RNU2-39P,Pseudogene,RNU2,0.6139898463621979,-0.010499999858439,0,0,3.680754521974107,-16.020476117955983
RNU2-3P,Pseudogene,RNU2,1.327540649112821,0.214000001549721,0,0,2.012144664414903,-12.42542721353704
RNU2-40P,Pseudogene,RNU2,1.4177258260025094,0.156000003218651,0,0,1.5974237715087138,-12.345558896886649
RNU2-41P,Pseudogene,RNU2,0.8781138894200936,-0.0050000001210719,0,0,3.0106526409468852,-15.476828351842704
RNU2-42P,Pseudogene,RNU2,1.4139619521281666,-0.209999993443489,3.41,0,0.35879934776641964,-12.903204694616141
RNU2-43P,Pseudogene,RNU2,1.2979653022796658,-0.0685000009834766,0.04,0,1.186699608453294,-13.621134534704032
RNU2-44P,Pseudogene,RNU2,1.342820208907016,0.239999994635582,2.44,0,2.0183878933272563,-12.24299027048284
RNU2-45P,Pseudogene,RNU2,1.1144689648255022,-0.0920000001788139,0,0,6.7123580967269145,-1.0733525904291294
RNU2-46P,Pseudogene,RNU2,1.13731722236396,0.212999999523163,0.44,0,3.0284658466658794,-12.86459614359075
RNU2-47P,Pseudogene,RNU2,1.6246680635077144,0.0060000002849847,0,0,8.825848201402207,-0.8228984030359409
RNU2-48P,Pseudogene,RNU2,1.327540649112821,0.30799999833107,0.12,0,2.3189912830672466,-12.051792875158133
RNU2-50P,Pseudogene,RNU2,1.4088030760486474,0.214000001549721,0,0,1.7202858721099101,-12.243527189122977
RNU2-51P,Pseudogene,RNU2,1.0226337049490182,0.30799999833107,0.54,0,8.38397941935875,-0.22239454113179657
RNU2-53P,Pseudogene,RNU2,0.9451505506683398,0.0579999983310699,0,0,6.152696708329698,-1.6267335566156529
RNU2-54P,Pseudogene,RNU2,1.2614028993985489,-0.160000003874302,0.96,0,1.1099120174727641,-14.489623800145926
RNU2-56P,Pseudogene,RNU2,1.0968720864335204,0.30799999833107,0,0,3.4023791347823344,-12.630350843297782
RNU2-59P,Pseudogene,RNU2,1.545766509240956,0.146999999880791,0.4,0,9.047941783555528,0.8666608331329205
RNU2-5P,Pseudogene,RNU2,1.2542935432827758,0.30799999833107,1.5,0,8.191027263291856,0.01265101112192657
RNU2-60P,Pseudogene,RNU2,1.3025356026398056,0.306500002741814,0,0,2.409995654710313,-12.12336422525579
RNU2-61P,Pseudogene,RNU2,1.0911293006406748,0.207000002264977,0,0,-12.996760746351699,-5.0110781344049595
RNU2-62P,Pseudogene,RNU2,0.7637905104484723,0.164000004529953,0,0,4.112200835832139,-16.137089506017507
RNU2-64P,Pseudogene,RNU2,1.618508462617001,0.206000000238419,0,0,1.270064571984788,-11.931091085302176
RNU2-65P,Pseudogene,RNU2,1.351820733550501,0.239999994635582,0.11,0,-11.636177440992812,-2.0394079836481236
RNU2-68P,Pseudogene,RNU2,0.7819759987924836,0.252000004053116,0.71,0,4.764375308640977,-13.14022041879827
RNU2-69P,Pseudogene,RNU2,1.458839874956582,-0.198499999940395,0,0,-13.237122913710097,-4.546391263830008
RNU2-6P,Pseudogene,RNU2,1.078590884992962,0.28999999165535,2.27,0,-13.046508213392714,-5.035493150579276
RNU2-70P,Pseudogene,RNU2,0.8926128524607979,0.239999994635582,0,0,4.366893867143174,-12.97784306131536
RNU2-71P,Pseudogene,RNU2,1.157809424568716,-0.28999999165535,0,0,3.4064782654128276,-14.639024511205497
RNU2-72P,Pseudogene,RNU2,0.9163031642292292,-0.0309999994933605,1.97,0,2.9170576130233012,-15.373135343419852
RNU2-7P,Pseudogene,RNU2,1.1122775932654518,0.246999993920326,3.45,0,3.2128537689528667,-12.770812764989676
RNU2-8P,Pseudogene,RNU2,1.0968720864335204,0.30799999833107,0,0,3.390175679811021,-12.57405544840032
RNU2-9P,Pseudogene,RNU2,0.6228216214921369,0.282999992370605,0,0,4.39817152369835,-15.563298002111258
RNU4-10P,Pseudogene,RNU4,0.9924080782017566,-0.20100000500679,0,0,2.0473259483657085,-15.487923398839774
RNU4-11P,Pseudogene,RNU4,1.157809424568716,0.284000009298325,0,0,3.0881188904128276,-12.613404050695243
RNU4-12P,Pseudogene,RNU4,1.4993215569954594,0.263999998569489,0,0,1.5056073461852275,-11.843024030553641
RNU4-13P,Pseudogene,RNU4,1.3056148830242968,-0.136000007390976,0,0,1.0563256536803447,-14.12896324716741
RNU4-14P,Pseudogene,RNU4,1.281182559973579,-0.201999999582767,0.23,0,-13.197615047804335,-4.434244409429374
RNU4-15P,Pseudogene,RNU4,1.133175181492786,0.379000008106232,0,0,3.3657489811263286,-12.51985909067327
RNU4-17P,Pseudogene,RNU4,1.0100039661131353,-0.0230000000447035,0,0,2.6538980995497905,-15.043653264867606
RNU4-18P,Pseudogene,RNU4,1.0723335610099518,-0.172999992966652,0,0,7.628631213792344,-1.6636095198267125
RNU4-20P,Pseudogene,RNU4,1.265155993734027,0.30799999833107,0,0,4.285808662065049,-13.913282171117606
RNU4-21P,Pseudogene,RNU4,1.2680769888133556,0.30799999833107,1.24,0,-11.83654822956703,-2.9339931162470005
RNU4-22P,Pseudogene,RNU4,1.067137602162732,0.238000005483627,0.58,0,7.765747169145127,-0.2619094403856418
RNU4-23P,Pseudogene,RNU4,1.0420284821118444,0.305000007152557,0.74,0,3.657160380967637,-12.729104772435965
RNU4-24P,Pseudogene,RNU4,1.0745137825134128,0.0140000004321337,0.78,0,2.2665477787337505,-14.428566709386649
RNU4-25P,Pseudogene,RNU4,1.3742694474228672,0.207000002264977,2.34,0,1.7884110008559428,-12.326688543187919
RNU4-26P,Pseudogene,RNU4,1.5581734311952813,0.0890000015497208,0,0,0.8248749171576703,-12.416996732580008
RNU4-27P,Pseudogene,RNU4,1.3743780939125043,0.282000005245209,0.46,0,4.25851784098961,-13.916976705419364
RNU4-28P,Pseudogene,RNU4,0.9853697230372052,0.187999993562698,0.14,0,-12.597352405897597,-3.101145521032157
RNU4-29P,Pseudogene,RNU4,0.9382248785298216,-0.0695000011473894,0.49,0,2.8279963527999126,-15.372595563756766
RNU4-30P,Pseudogene,RNU4,1.2873545350099709,0.239999994635582,0.14,0,-12.91949500691078,-5.004164949285331
RNU4-31P,Pseudogene,RNU4,1.428786098403947,0.146999999880791,0,0,1.5692537819228374,-12.364409223424735
RNU4-32P,Pseudogene,RNU4,1.2563463968724369,0.301999986171722,3.7,0,1.6274008547148906,8.587987646234689
RNU4-33P,Pseudogene,RNU4,0.6946856547412297,0.300000011920929,0,0,4.436587909348985,-15.482596174108329
RNU4-34P,Pseudogene,RNU4,1.2605183251352958,0.214000001549721,0,0,-11.851595302931289,-3.193024650441947
RNU4-35P,Pseudogene,RNU4,1.2563463968724369,0.282999992370605,0,0,4.264696220048448,-13.904837385045829
RNU4-36P,Pseudogene,RNU4,1.399019721353865,0.30799999833107,0.75,0,1.9517141376815044,-11.815141454564872
RNU4-37P,Pseudogene,RNU4,1.364561107527415,-0.119500000029802,0,0,0.8265114818892682,-13.299008146154227
RNU4-38P,Pseudogene,RNU4,0.7808482165695992,-0.0930000022053719,5.73,0,3.1253260170302593,-15.96171642862493
RNU4-39P,Pseudogene,RNU4,1.0939931570728023,0.207000002264977,2.41,0,-11.672137638441543,-2.0347852858179234
RNU4-41P,Pseudogene,RNU4,1.2873545350099709,-0.0879999995231628,0.86,0,1.199346879609605,-13.768728032934012
RNU4-42P,Pseudogene,RNU4,0.8805874496719812,0.189999997615814,0,0,5.782384971269151,-1.609721675741019
RNU4-43P,Pseudogene,RNU4,1.2169675703495997,-0.398999989032745,0,0,1.3598687445006572,-14.793895498143973
RNU4-44P,Pseudogene,RNU4,0.7636615353538341,0.30799999833107,0,0,4.73410377848961,-13.13298393808538
RNU4-45P,Pseudogene,RNU4,1.4534203414798776,0.0035000001080334,0,0,0.657320479043504,-12.793513074743094
RNU4-46P,Pseudogene,RNU4,1.4095071255619152,0.30799999833107,13.15,0,8.559430698045274,0.3655436185724118
RNU4-47P,Pseudogene,RNU4,1.4929647843122915,0.30799999833107,0.66,0,-12.520242115370253,-4.2369644793146275
RNU4-48P,Pseudogene,RNU4,0.7633908293859666,-0.10249999910593,0.43,0,3.1359907184920512,-15.975100293981376
RNU4-49P,Pseudogene,RNU4,1.5382325212127226,-0.105000000447035,0,0,0.48877103079177975,-12.670255437719169
RNU4-4P,Pseudogene,RNU4,1.1489031982258795,0.0850000008940697,0.52,0,2.317924359925767,-13.505877271520438
RNU4-50P,Pseudogene,RNU4,1.2563463968724369,-0.158000007271767,0.64,0,1.09126553881981,-14.483799711095633
RNU4-51P,Pseudogene,RNU4,0.6450652508311419,0.30799999833107,0.93,0,4.41042623866417,-15.537968412267508
RNU4-52P,Pseudogene,RNU4,0.7802628730789173,0.211999997496605,0.55,0,-13.725751301161269,-3.2364523562067173
RNU4-53P,Pseudogene,RNU4,1.0420284821118444,0.203999996185303,1.17,0,6.030388454087754,-0.19663275800878022
RNU4-54P,Pseudogene,RNU4,1.1308836239973503,0.115000002086163,0,0,2.4574171100936137,-13.38847424112493
RNU4-55P,Pseudogene,RNU4,0.9887861509090494,0.305000007152557,0,0,4.036135772355577,-12.8687493952387
RNU4-56P,Pseudogene,RNU4,0.8805874496719812,0.30799999833107,1.02,0,4.48806581843712,-12.945047155248465
RNU4-57P,Pseudogene,RNU4,0.7461438513887281,0.0689999982714653,0,0,3.7196494137129985,-15.898148313390555
RNU4-58P,Pseudogene,RNU4,1.4041518553280172,0.30799999833107,0,0,1.9783119951567851,-11.839963689672294
RNU4-59P,Pseudogene,RNU4,0.9282437628007808,-0.0815000012516975,2.33,0,2.8308747803054057,-15.444060102330985
RNU4-5P,Pseudogene,RNU4,1.260725817863713,0.151999995112419,0.59,0,2.15990624774315,-12.99251820169622
RNU4-60P,Pseudogene,RNU4,1.36364221115871,-0.0759999975562096,0.96,0,0.9735089932761395,-13.348953023778739
RNU4-61P,Pseudogene,RNU4,0.7141628226311706,0.347000002861023,0,0,5.392528632768174,-1.5045943411462925
RNU4-62P,Pseudogene,RNU4,1.442808667539477,0.0549999997019768,0.98,0,8.619175532945176,-0.9532708080881259
RNU4-64P,Pseudogene,RNU4,0.7954415893983545,-0.216999992728233,0,0,2.842582563050767,-16.008000150548757
RNU4-65P,Pseudogene,RNU4,1.5382325212127226,-0.207000002264976,0,0,0.338284412511369,-12.668457761632743
RNU4-66P,Pseudogene,RNU4,1.2584885049659955,-0.0054999999701976,0,0,1.421859005578538,-13.639812246190848
RNU4-67P,Pseudogene,RNU4,1.0839066953409258,0.282999992370605,0,0,3.49889550555565,-12.743937269079032
RNU4-68P,Pseudogene,RNU4,1.108540938416856,0.204999998211861,0.73,0,-12.77369823109291,-4.306210771428885
RNU4-69P,Pseudogene,RNU4,1.4816722006718532,0.0979999974370003,0,0,1.0452031885466777,-12.425773397313895
RNU4-6P,Pseudogene,RNU4,0.8541217066490528,0.305000007152557,0,0,4.559550861009141,-12.965289846288504
RNU4-70P,Pseudogene,RNU4,1.1244911677465947,0.30799999833107,0,0,3.2432137523970805,-12.590098157750907
RNU4-71P,Pseudogene,RNU4,0.9836257058282896,-0.0240000002086162,0,0,2.7528520618758403,-15.22834183298284
RNU4-72P,Pseudogene,RNU4,1.2247348248328036,0.194999992847443,0.11,0,2.244386294969102,-12.892392888891044
RNU4-73P,Pseudogene,RNU4,1.3056148830242968,0.414000004529953,0,0,2.4620550667128764,-11.976175084935965
RNU4-74P,Pseudogene,RNU4,1.0787044328279962,0.305000007152557,0,0,3.5685287510237895,-12.702363744603934
RNU4-75P,Pseudogene,RNU4,0.8088805568904728,0.30799999833107,0,0,4.665173629411241,-13.049022451268973
RNU4-76P,Pseudogene,RNU4,1.0346382091890651,0.239999994635582,0,0,3.5126865898452007,-12.90066029153997
RNU4-77P,Pseudogene,RNU4,0.4898424488559952,-0.0195000004023314,0,0,3.695114711411973,-15.99569965921575
RNU4-78P,Pseudogene,RNU4,1.461045226241475,-0.0819999985396862,2.87,0,0.5213756953559124,-12.88776852213079
RNU4-79P,Pseudogene,RNU4,0.8621985076575545,0.214000001549721,0,0,4.465093234666368,-13.011208310949149
RNU4-7P,Pseudogene,RNU4,1.157809424568716,0.30799999833107,0,0,3.121383527406236,-12.595575109350028
RNU4-81P,Pseudogene,RNU4,0.603025741962873,0.0179999992251396,0,0,3.7063599621138774,-15.993838086950126
RNU4-82P,Pseudogene,RNU4,1.3149407036173275,-0.0274999998509884,1.17,0,1.1874972378096782,-13.449160352575126
RNU4-83P,Pseudogene,RNU4,1.2013360946652842,0.30799999833107,0,0,8.480631450303575,0.04153238214319732
RNU4-84P,Pseudogene,RNU4,0.6746947006479569,0.30799999833107,0,0,4.42148695338585,-15.49821545206243
RNU4-85P,Pseudogene,RNU4,1.4402019671464517,0.26800000667572,1.28,0,1.6283834968886577,-11.83293510996038
RNU4-87P,Pseudogene,RNU4,0.6353832207999052,0.207999996840954,1.11,0,4.258609393723985,-15.854161039220633
RNU4-88P,Pseudogene,RNU4,1.37321582913964,0.282000005245209,0,0,2.0186086689315044,-11.967807546483817
RNU4-89P,Pseudogene,RNU4,1.331916104954989,0.0579999983310699,0.53,0,1.4485665356002055,-13.131000295507254
RNU4-8P,Pseudogene,RNU4,0.7390272922779039,0.301999986171722,0,0,5.5757823978743755,-1.6033218058221959
RNU4-90P,Pseudogene,RNU4,1.133175181492786,0.214000001549721,0,0,-12.600407024733046,-4.463673845159354
RNU5A-2P,Pseudogene,RNU5,0.9282437628007808,-0.0169999997597188,0,0,2.907826284059068,-15.339813962804618
RNU5A-3P,Pseudogene,RNU5,1.310152769906705,0.30799999833107,0,0,-12.555814167372207,-4.539561525213065
RNU5A-4P,Pseudogene,RNU5,1.2829780110085771,0.0099999997764825,0,0,1.3791106735549175,-13.460202947484794
RNU5A-5P,Pseudogene,RNU5,0.898300415613659,0.193999998271465,0,0,4.314814666398545,-12.986590162145438
RNU5A-6P,Pseudogene,RNU5,1.0779604987363909,-0.109000001102686,0,0,1.90981600631096,-14.91582085214788
RNU5B-2P,Pseudogene,RNU5,1.2602704355924963,0.214000001549721,1.4,0,2.1989444290480815,-12.811032071935477
RNU5B-4P,Pseudogene,RNU5,0.7510115186391672,0.282999992370605,0.69,0,5.36778936732628,-1.4354067000024937
RNU5B-6P,Pseudogene,RNU5,1.6345544817440696,0.140000000596046,0,0,0.9779894148192608,-12.16324402414495
RNU5E-10P,Pseudogene,RNU5,1.5600991398849648,0.310999989509583,0.63,0,9.062870601304551,0.8932589439279416
RNU5E-3P,Pseudogene,RNU5,1.2769956888625544,-0.237499997019768,0,0,1.0534171854338847,-14.514580503331961
RNU5E-5P,Pseudogene,RNU5,1.3474506234204884,0.206000000238419,0,0,-12.837513347975234,-4.566485181676688
RNU5E-7P,Pseudogene,RNU5,1.454683635996592,0.354999989271164,0,0,1.705324867852708,-11.781752363073172
RNU5E-8P,Pseudogene,RNU5,1.3474506234204884,0.194999992847443,0,0,8.317453006394883,0.1628153768903592
RNU5E-9P,Pseudogene,RNU5,0.5677719293558127,-0.145500004291534,0,0,3.475678542741319,-16.043753400670827
RNU5F-2P,Pseudogene,RNU5,0.5930243394132448,-0.283500000834465,0,0,3.1756571327529155,-16.09020306192571
RNU5F-3P,Pseudogene,RNU5,1.2468716879970787,0.0829999968409538,0,0,2.0318723713240825,-13.354108587133231
RNU5F-4P,Pseudogene,RNU5,0.8531227338927381,0.284000009298325,0.33,0,-12.683543583265761,-2.8044433745020054
RNU5F-6P,Pseudogene,RNU5,1.4073373177947324,0.0850000008940697,0,0,1.4971918855986797,-12.566912427770438
RNU5F-7P,Pseudogene,RNU5,0.8155005512179653,-0.0810000002384186,0,0,3.101871589311143,-15.867287412511649
RNU5F-8P,Pseudogene,RNU5,0.7197193720292019,0.284000009298325,0,0,5.353805163987657,-1.4311878832452916
RNU6-1000P,Pseudogene,RNU6,1.2779594591937713,0.0480000004172325,0,0,4.0613504444442,8.607617124689279
RNU6-1001P,Pseudogene,RNU6,0.9030913511635984,-0.211000002920628,0,0,2.5001784359297954,-15.773094907628836
RNU6-1003P,Pseudogene,RNU6,1.0254883474751486,0.30799999833107,0,0,-12.991002460829238,-4.848642602788749
RNU6-1004P,Pseudogene,RNU6,1.032640838128855,0.264999985694885,0.5,0,7.505262950547715,-0.17103357635671113
RNU6-1005P,Pseudogene,RNU6,1.168630073396461,-0.245000004768372,0.71,0,3.08978209842064,9.175763353479562
RNU6-1006P,Pseudogene,RNU6,1.0116781379726645,-0.0579999983310699,0,0,3.581523040421983,10.216590150964914
RNU6-1007P,Pseudogene,RNU6,0.8440106085641107,0.211999997496605,0,0,-12.477742573133925,-2.816510692464652
RNU6-1008P,Pseudogene,RNU6,0.9351537659978092,0.30799999833107,0,0,-1.0848884786286153,9.42150996602839
RNU6-1009P,Pseudogene,RNU6,1.103706180429991,-0.111000001430511,0,0,7.344359973557969,-1.5244758280389927
RNU6-100P,Pseudogene,RNU6,1.1141185028868776,-0.247500002384186,2.87,0,7.64312944758751,-1.6195471438043736
RNU6-1010P,Pseudogene,RNU6,1.168630073396461,0.30799999833107,4.23,0,-12.463312527052382,-3.626229062902274
RNU6-1011P,Pseudogene,RNU6,1.4607875917455764,0.214000001549721,0.54,0,0.8850788270316327,6.28819583333796
RNU6-1012P,Pseudogene,RNU6,0.9878557475678036,0.465000003576279,0,0,3.8634623085341655,-12.598178640233817
RNU6-1013P,Pseudogene,RNU6,0.9089345015305808,0.305000007152557,0,0,0.577251652368089,10.954096063745675
RNU6-1014P,Pseudogene,RNU6,1.0454007425717533,0.425999999046326,0,0,-0.692606290689925,9.528229936731515
RNU6-1015P,Pseudogene,RNU6,0.912213486023837,0.224000006914139,0,0,5.7063766514144145,-0.6598556192987582
RNU6-1016P,Pseudogene,RNU6,1.108540938416856,0.0535000003874302,13.54,0,4.214283565171739,9.924310907495675
RNU6-1017P,Pseudogene,RNU6,0.8192047815344689,0.289000004529953,0,0,5.550118545182725,-0.6698292645090244
RNU6-1018P,Pseudogene,RNU6,1.1141185028868776,0.30799999833107,0,0,-0.3399785066761768,8.945954546106515
RNU6-1019P,Pseudogene,RNU6,1.3958636987791062,0.090999998152256,0.21,0,0.7382961307845318,6.6274411527044155
RNU6-101P,Pseudogene,RNU6,1.0687471611403534,-0.0679999999701977,9.56,0,4.372730830796739,10.158093675745187
RNU6-1020P,Pseudogene,RNU6,1.103706180429991,0.305000007152557,0.36,0,-11.989562412611464,-4.200788751470389
RNU6-1021P,Pseudogene,RNU6,1.168630073396461,-0.160999998450279,0,0,4.2456408535323344,9.506063684595285
RNU6-1022P,Pseudogene,RNU6,1.4695273465679857,0.287000000476837,0.09,0,-11.27732314716957,-3.856642022954764
RNU6-1023P,Pseudogene,RNU6,1.2124230766710138,0.201999992132187,0,0,1.5728786979994975,8.626327737940011
RNU6-1024P,Pseudogene,RNU6,1.136168126913226,-0.090999998152256,1.28,0,7.211233237870713,-1.2365744265192173
RNU6-1025P,Pseudogene,RNU6,1.0687471611403534,0.0549999997019768,0.27,0,7.154658416398545,-1.188051834928336
RNU6-1026P,Pseudogene,RNU6,1.157809424568716,0.0200000004842877,0,0,3.044843534120103,9.296612962854562
RNU6-1027P,Pseudogene,RNU6,0.7466247691144057,0.204999998211861,0,0,5.149314025529405,-0.3217028530710361
RNU6-1028P,Pseudogene,RNU6,1.0457633512233564,0.30799999833107,0,0,-11.941030880323867,-2.9554937037103794
RNU6-1029P,Pseudogene,RNU6,0.8764725550473457,-0.157000005245209,0.33,0,2.6093774830184184,10.185372575891671
RNU6-102P,Pseudogene,RNU6,0.9351537659978092,0.100500002503395,0,0,0.9170068298659527,10.750437959802804
RNU6-1031P,Pseudogene,RNU6,1.136168126913226,0.30799999833107,0,0,-0.6559711898484027,8.688532098901925
RNU6-1032P,Pseudogene,RNU6,1.4607875917455764,0.305000007152557,0,0,1.8290028368315898,6.942591413629708
RNU6-1034P,Pseudogene,RNU6,1.1692728842179114,0.231000006198883,0,0,0.24041144002296566,8.97937415517634
RNU6-1035P,Pseudogene,RNU6,1.5581734311952813,0.296999990940094,0,0,5.651695827134629,1.483969375265298
RNU6-1036P,Pseudogene,RNU6,0.9351537659978092,0.204999998211861,0,0,5.6499801670394145,-0.32881547533208344
RNU6-1037P,Pseudogene,RNU6,1.4283256452623412,0.284000009298325,0,0,1.9219300543151103,7.178519472253976
RNU6-1038P,Pseudogene,RNU6,1.2023405562828977,0.202999994158745,0,0,-0.24766287755153538,7.541319593561349
RNU6-1039P,Pseudogene,RNU6,1.201092019879696,-0.096000000834465,0.3,0,4.127606967576524,9.053096040857492
RNU6-103P,Pseudogene,RNU6,1.201092019879696,-0.120999999344349,0.61,0,7.108583072312852,-1.119582072126212
RNU6-1040P,Pseudogene,RNU6,1.266015912846166,0.305000007152557,0,0,0.9718990718207562,8.199355825555978
RNU6-1041P,Pseudogene,RNU6,1.2940222980473886,0.305000007152557,0,0,-12.553747555128554,-4.653194681035819
RNU6-1042P,Pseudogene,RNU6,0.7141628226311706,0.30799999833107,0,0,0.8324549590430462,11.983731493128
RNU6-1043P,Pseudogene,RNU6,1.6840864357363143,-0.200000002980232,0.27,0,3.440539458879014,6.612167104852853
RNU6-1044P,Pseudogene,RNU6,1.2335539663629311,0.186000004410744,0,0,0.6871719156584942,7.902272924555001
RNU6-1045P,Pseudogene,RNU6,0.7141628226311706,-0.0280000008642673,0.71,0,2.330243447907945,11.764264330042062
RNU6-1046P,Pseudogene,RNU6,1.168630073396461,0.0280000008642673,0.38,0,6.891014674790879,-0.7935391815775058
RNU6-1047P,Pseudogene,RNU6,0.7790867155976406,0.30799999833107,0,0,0.1503903215012753,11.819149240625558
RNU6-1048P,Pseudogene,RNU6,1.2335539663629311,0.30799999833107,3.73,0,-0.11419363867423893,7.832689985407052
RNU6-1049P,Pseudogene,RNU6,0.8115486620808757,-0.0509999990463257,0.27,0,2.8881765400252544,11.378484949243722
RNU6-104P,Pseudogene,RNU6,1.3634017522958712,-0.0140000004321337,0,0,3.569476226457139,7.738599046838937
RNU6-1050P,Pseudogene,RNU6,1.201092019879696,0.273000001907349,0,0,6.513496974595567,0.7649682906991818
RNU6-1051P,Pseudogene,RNU6,0.6470111490236943,0.30799999833107,0,0,1.019812205918809,12.042705759180246
RNU6-1052P,Pseudogene,RNU6,1.001950463569081,0.256999999284744,0,0,-0.22803718399188877,10.292170747888742
RNU6-1053P,Pseudogene,RNU6,1.1348825052703255,0.0659999996423721,4.35,0,4.48452577937462,9.871954187524972
RNU6-1054P,Pseudogene,RNU6,1.3359339514254416,0.262500002980232,0,0,1.3642636333785259,7.604632124078927
RNU6-1055P,Pseudogene,RNU6,1.330939805812636,0.282000005245209,0,0,0.5213447009406292,7.422402605188546
RNU6-1056P,Pseudogene,RNU6,0.5518530902149955,0.30799999833107,0.21,0,-13.615696331373671,-2.9023394735925816
RNU6-1057P,Pseudogene,RNU6,1.2599690796777203,0.282000005245209,0,0,-11.811172863356093,-3.2347579153650425
RNU6-105P,Pseudogene,RNU6,1.2023405562828977,-0.0989999994635582,0,0,4.048129180558702,8.996757730615792
RNU6-1061P,Pseudogene,RNU6,1.4034053631135952,0.152999997138977,0,0,1.8983255421004497,7.484444841516671
RNU6-1062P,Pseudogene,RNU6,0.9738583944970508,0.305999994277954,5.93,0,0.7458747421584332,10.725569948328195
RNU6-1064P,Pseudogene,RNU6,1.636519090496166,0.30799999833107,0,0,9.031961063035508,0.9783316997415402
RNU6-1065P,Pseudogene,RNU6,1.0158139291027417,0.26800000667572,0.61,0,5.408539870866319,0.2020062056905606
RNU6-1066P,Pseudogene,RNU6,1.2570502323888917,0.30799999833107,0,0,8.556004146226426,0.07360683358973052
RNU6-1067P,Pseudogene,RNU6,1.136168126913226,0.214000001549721,0,0,5.774944404252549,0.7010969563922861
RNU6-1068P,Pseudogene,RNU6,1.0116781379726645,-0.216000005602837,0,0,3.2962723766646587,10.369360193384347
RNU6-1069P,Pseudogene,RNU6,1.305800102897048,0.206000000238419,0,0,-11.373844524733046,-3.5388515146845005
RNU6-106P,Pseudogene,RNU6,1.006320340980286,0.349000006914139,0,0,-11.122480770460585,-2.9126687201135777
RNU6-1072P,Pseudogene,RNU6,1.3958636987791062,0.136999994516373,0,0,5.9973827396712505,1.386198743951974
RNU6-1073P,Pseudogene,RNU6,1.3107276504551504,0.0284999995492399,0,0,3.4812763725600444,8.109302267206369
RNU6-1074P,Pseudogene,RNU6,0.834958719640901,0.282000005245209,0,0,0.14479968894340634,11.70489905752009
RNU6-1075P,Pseudogene,RNU6,1.6880212171282214,0.214000001549721,0,0,2.519687989839097,6.1096284238225795
RNU6-1079P,Pseudogene,RNU6,1.168334964792068,-0.0470000002533197,1.39,0,2.836743930467149,9.058555826318917
RNU6-107P,Pseudogene,RNU6,0.8513304592417029,-0.12049999833107,13.92,0,2.990378955491563,11.174541696680246
RNU6-1080P,Pseudogene,RNU6,1.330939805812636,-0.244000002741814,0,0,4.542552093156358,8.067881807459054
RNU6-1081P,Pseudogene,RNU6,1.0712442339467558,-0.0439999997615814,0,0,3.1794324909529887,9.709981187952218
RNU6-1082P,Pseudogene,RNU6,1.5257114847120463,0.30799999833107,0.26,0,0.9356546198210919,6.115541204584298
RNU6-1083P,Pseudogene,RNU6,1.3958636987791062,0.061999998986721,0.87,0,-11.155421635023574,-3.363649144994559
RNU6-1084P,Pseudogene,RNU6,1.330939805812636,-0.0419999994337559,0.36,0,7.30032692302086,-1.0199589880579136
RNU6-1085P,Pseudogene,RNU6,1.6230973241617517,0.184000000357628,0,0,-11.116727253309707,-3.661969915258231
RNU6-1086P,Pseudogene,RNU6,1.076762764848906,0.218999996781349,0,0,0.10517735976793408,9.282284006250558
RNU6-1087P,Pseudogene,RNU6,0.928540231584812,0.305000007152557,0,0,0.8620721494040692,10.882186159265695
RNU6-1088P,Pseudogene,RNU6,1.1021455099259891,0.0769999995827675,7.62,0,-12.752611538282851,-3.9241783770197056
RNU6-1089P,Pseudogene,RNU6,0.6011702781414487,0.284000009298325,0.58,0,1.3042298351607524,12.312150224817453
RNU6-108P,Pseudogene,RNU6,0.9089345015305808,0.30799999833107,0,0,0.2417865936837399,11.130121454370675
RNU6-1090P,Pseudogene,RNU6,0.9607354799612752,0.266999989748001,0,0,0.6304434334120953,10.735832437647042
RNU6-1091P,Pseudogene,RNU6,1.266015912846166,0.319999992847443,0.61,0,-11.638751407972793,-3.5247056635492466
RNU6-1092P,Pseudogene,RNU6,1.1178849616525537,0.26800000667572,0,0,-11.913917919508437,-4.293959394323172
RNU6-1093P,Pseudogene,RNU6,0.9089345015305808,0.239999994635582,0,0,-13.359441181532363,-3.0444836767786168
RNU6-1094P,Pseudogene,RNU6,1.3693323002110775,-0.0515000000596046,0,0,3.216455320008775,7.793314203394113
RNU6-1095P,Pseudogene,RNU6,0.9970025600452832,0.27700001001358,1.26,0,-11.269987484327773,-2.8150396498315953
RNU6-1096P,Pseudogene,RNU6,0.5448514939146899,-0.193000003695488,0.25,0,2.432109216340562,11.988970026148019
RNU6-1097P,Pseudogene,RNU6,1.2335539663629311,0.202999994158745,0,0,0.26367212284423946,7.74557755864924
RNU6-1098P,Pseudogene,RNU6,1.1939909690864885,0.305000007152557,3,0,0.22755748976089596,8.313924059045968
RNU6-1099P,Pseudogene,RNU6,0.9738583944970508,0.214000001549721,9.26,0,-1.1236033643402852,9.28177951253718
RNU6-10P,Pseudogene,RNU6,1.4607875917455764,0.136999994516373,1.19,0,-11.353093525282363,-3.4846680315607212
RNU6-1100P,Pseudogene,RNU6,0.801560370855265,0.234999999403954,0.07,0,0.3867966924987042,11.760702356470285
RNU6-1101P,Pseudogene,RNU6,1.5437458994249549,0.146999999880791,0.41,0,-11.558496853224257,-3.567571893560233
RNU6-1102P,Pseudogene,RNU6,0.6150862568021305,0.116500001400709,0,0,2.055736163743516,11.916326746118722
RNU6-1103P,Pseudogene,RNU6,1.266015912846166,0.214000001549721,0,0,0.4974362646422589,7.72427628911799
RNU6-1104P,Pseudogene,RNU6,1.5697223929248938,0.214000001549721,0,0,6.125369647630235,1.5953655091649868
RNU6-1105P,Pseudogene,RNU6,1.3958636987791062,0.186000004410744,0,0,6.671831706651231,1.2154494968778469
RNU6-1106P,Pseudogene,RNU6,1.298477859329401,0.214000001549721,0,0,-11.64087237965248,-3.3677532824152134
RNU6-1107P,Pseudogene,RNU6,1.2023405562828977,-0.100499998778105,0,0,3.7690576111159526,8.92887423909968
RNU6-1108P,Pseudogene,RNU6,1.135543858711625,-0.285500004887581,0,0,3.257849315293809,9.175043329370675
RNU6-110P,Pseudogene,RNU6,0.9017554172121732,0.214000001549721,0.12,0,-1.1016838754334248,9.434297784937081
RNU6-1110P,Pseudogene,RNU6,1.3068344000082537,0.0750000029802322,0,0,1.567450145371934,-13.127655759679618
RNU6-1111P,Pseudogene,RNU6,1.201092019879696,-0.180000007152557,0,0,4.015501598008653,9.019930109155831
RNU6-1112P,Pseudogene,RNU6,1.473575631269275,-0.0719999969005585,0,0,3.9933217560134135,7.477520689142404
RNU6-1113P,Pseudogene,RNU6,1.136168126913226,0.30799999833107,0,0,5.436524966844102,0.9504321066266873
RNU6-1115P,Pseudogene,RNU6,1.1141185028868776,-0.193500004708767,0,0,4.377876380570909,9.815325006616769
RNU6-1116P,Pseudogene,RNU6,0.912213486023837,0.294999986886978,0,0,0.6962746177993023,10.934054597986398
RNU6-1117P,Pseudogene,RNU6,1.4361289977823497,0.0435000006109476,0,0,1.249959090837022,6.412019476068673
RNU6-1118P,Pseudogene,RNU6,1.3359339514254416,0.262500002980232,1.45,0,1.2939390932402812,7.493195757044015
RNU6-1119P,Pseudogene,RNU6,1.318616289092149,0.0485000004991889,0,0,3.9696732555709087,8.13276313222712
RNU6-111P,Pseudogene,RNU6,0.7939264625614052,-0.0099999997764825,0,0,2.7591112648329936,11.463813051355539
RNU6-1120P,Pseudogene,RNU6,1.318616289092149,-0.136999994516373,0,0,4.474771121629258,8.025750860346017
RNU6-1121P,Pseudogene,RNU6,0.9878557475678036,0.261999994516373,0.88,0,-12.660179516188125,-3.176123157369437
RNU6-1122P,Pseudogene,RNU6,0.9738583944970508,0.152999997138977,0,0,-11.25025787006996,-2.8625602873438023
RNU6-1123P,Pseudogene,RNU6,1.2451912679323929,0.301999986171722,0,0,-0.31592546950958134,7.229025110376535
RNU6-1124P,Pseudogene,RNU6,1.168630073396461,0.30799999833107,0,0,-0.8161185587563312,8.35347436345881
RNU6-1125P,Pseudogene,RNU6,1.2335539663629311,0.243000000715256,0,0,0.8462512885413372,8.093030676019845
RNU6-1126P,Pseudogene,RNU6,1.168630073396461,0.287999987602234,0,0,6.5090075527510844,0.6990875357366183
RNU6-1127P,Pseudogene,RNU6,1.006320340980286,-0.133000001311302,0,0,2.6216407810530864,10.085332140100656
RNU6-1128P,Pseudogene,RNU6,1.1790536341938302,-0.0900000035762787,0,0,4.2798582111678325,9.318916544092355
RNU6-1129P,Pseudogene,RNU6,1.3693323002110775,-0.206500001251698,0,0,4.478452304490586,7.9593503323919155
RNU6-112P,Pseudogene,RNU6,1.1689422074972615,-0.17399999499321,8.06,0,4.367180923112413,9.602732881677804
RNU6-1130P,Pseudogene,RNU6,1.103706180429991,0.153999999165535,0.72,0,-0.32513981115005375,9.16819308675593
RNU6-1131P,Pseudogene,RNU6,1.266015912846166,0.446000009775162,0.16,0,5.791918376573106,1.0426630226499416
RNU6-1133P,Pseudogene,RNU6,1.146231330323029,0.294999986886978,0,0,-11.197695156446914,-2.9384274633997105
RNU6-1134P,Pseudogene,RNU6,0.9629306105323976,0.214000001549721,0,0,0.2246754412732327,10.67443679250544
RNU6-1135P,Pseudogene,RNU6,1.3489041839635527,0.214000001549721,0.25,0,1.6601818596205913,8.01506112493342
RNU6-1136P,Pseudogene,RNU6,0.868357068426537,-0.116500001400709,1.11,0,3.087918141969224,11.16001151479548
RNU6-1137P,Pseudogene,RNU6,1.0876391564130363,-0.130999997258186,0,0,6.857587436326524,-1.1058585795038365
RNU6-1138P,Pseudogene,RNU6,0.9830457378413626,-0.11599999666214,0.37,0,-12.957392116896132,-3.657978788244071
RNU6-113P,Pseudogene,RNU6,0.9629306105323976,0.307000011205673,0,0,5.500198939927598,-0.29628492914372895
RNU6-1140P,Pseudogene,RNU6,0.7536683990117115,-0.341000005602837,0,0,2.76362619746544,11.567188486231027
RNU6-1141P,Pseudogene,RNU6,1.4607875917455764,0.163000002503395,0,0,1.6391812359175884,6.649924024713693
RNU6-1143P,Pseudogene,RNU6,1.3693323002110775,0.211999997496605,0,0,1.82497976172783,-12.286140218602958
RNU6-1144P,Pseudogene,RNU6,0.9685521147834452,0.30799999833107,0,0,5.381196597703477,0.17430172838037994
RNU6-1145P,Pseudogene,RNU6,1.330939805812636,0.284000009298325,0.21,0,5.583192447312852,1.2233313766843654
RNU6-1146P,Pseudogene,RNU6,1.0897029878293798,0.184000000357628,0,0,0.2209258471808636,9.232125505579171
RNU6-1147P,Pseudogene,RNU6,0.8764725550473457,-0.17399999499321,0.24,0,6.561312774308702,-1.6836099775903843
RNU6-1148P,Pseudogene,RNU6,1.001950463569081,0.211999997496605,0,0,-0.1458968425907886,10.360923990381417
RNU6-1149P,Pseudogene,RNU6,1.0384476282214257,0.211999997496605,0,0,6.12585125316002,-0.3732625397318027
RNU6-114P,Pseudogene,RNU6,0.7939264625614052,0.30799999833107,0,0,0.1481428985676968,11.741838678491769
RNU6-1150P,Pseudogene,RNU6,1.0525540223351963,0.194000005722046,0,0,3.390856126435777,-12.975518003331961
RNU6-1152P,Pseudogene,RNU6,1.201092019879696,-0.129999995231628,0,0,2.8574551140151225,8.968227609766183
RNU6-1154P,Pseudogene,RNU6,1.3693323002110775,0.30799999833107,0.18,0,6.568749526628038,1.2901818601018764
RNU6-1155P,Pseudogene,RNU6,1.201092019879696,0.228000000119209,0,0,-11.499958416334609,-4.1192815455072544
RNU6-1156P,Pseudogene,RNU6,1.076762764848906,0.30799999833107,0.58,0,0.5513662492118084,9.467634424341378
RNU6-1157P,Pseudogene,RNU6,1.2124230766710138,0.0399999991059303,3.68,0,7.029404262193223,-0.5896378906839511
RNU6-1158P,Pseudogene,RNU6,1.168630073396461,0.30799999833107,0,0,5.515606025346299,1.044966473949609
RNU6-1159P,Pseudogene,RNU6,1.3634017522958712,0.211999997496605,0.09,0,1.29005704272606,7.4316074696904995
RNU6-115P,Pseudogene,RNU6,1.4607875917455764,0.239999994635582,0.67,0,1.682213524468919,6.673413499963937
RNU6-1160P,Pseudogene,RNU6,1.0687471611403534,0.114500001072884,0.29,0,6.749826053269883,-0.3793510349863193
RNU6-1162P,Pseudogene,RNU6,1.3693323002110775,0.146999999880791,0.32,0,-11.413134952894668,-4.073483243810477
RNU6-1163P,Pseudogene,RNU6,1.4283256452623412,0.202999994158745,0.67,0,1.5588470493636333,6.85408996023005
RNU6-1164P,Pseudogene,RNU6,1.136168126913226,0.223000004887581,0,0,5.976857761033555,0.5767505539185384
RNU6-1165P,Pseudogene,RNU6,1.168630073396461,-0.0359999984502792,0.17,0,4.499315360673448,9.4922125188238
RNU6-1167P,Pseudogene,RNU6,1.108540938416856,0.305000007152557,0,0,-0.3330316449322498,8.952998384607492
RNU6-1168P,Pseudogene,RNU6,0.868357068426537,-0.13400000333786,0,0,2.8010180984816753,10.903484567773996
RNU6-1169P,Pseudogene,RNU6,1.281458974765375,0.26800000667572,0.19,0,-11.512363811842421,-3.7224047335260533
RNU6-116P,Pseudogene,RNU6,1.46585046413287,0.305000007152557,0,0,0.8682101761183941,6.18041060842341
RNU6-1170P,Pseudogene,RNU6,1.4090322242392863,0.197999998927116,0.22,0,1.443113306649705,7.270942911279855
RNU6-1172P,Pseudogene,RNU6,0.8115486620808757,0.305000007152557,0,0,0.7208889519057476,11.69072268880671
RNU6-1174P,Pseudogene,RNU6,0.6878075789517125,-0.0080000003799796,0,0,2.3182543312392436,11.773222192896066
RNU6-1175P,Pseudogene,RNU6,1.330939805812636,-0.0659999996423721,0,0,2.609113076814195,8.448580011499581
RNU6-1176P,Pseudogene,RNU6,1.298477859329401,0.30799999833107,0,0,8.048782924302598,0.7035568084171989
RNU6-1177P,Pseudogene,RNU6,0.9351537659978092,-0.149000003933907,0,0,3.26576505053856,11.000429376733956
RNU6-1178P,Pseudogene,RNU6,1.5906353776785165,0.24600000679493,0,0,-11.792403599134902,-3.6540529879205845
RNU6-1179P,Pseudogene,RNU6,1.006320340980286,0.130999997258186,0,0,-0.931611737123946,9.106102213037667
RNU6-117P,Pseudogene,RNU6,1.4283256452623412,-0.174999997019768,0,0,4.066398242600938,7.416679605615792
RNU6-1180P,Pseudogene,RNU6,0.8440106085641107,0.305000007152557,0,0,0.12004407692768215,11.688164934290109
RNU6-1181P,Pseudogene,RNU6,0.6553638252275752,0.30799999833107,0.28,0,1.2766098772368633,12.294179185999093
RNU6-1183P,Pseudogene,RNU6,1.157809424568716,0.118000000715256,0,0,5.817956546433946,0.7308247198886254
RNU6-1184P,Pseudogene,RNU6,1.318616289092149,0.155000001192093,0,0,1.1756191049895488,7.590287908685861
RNU6-1186P,Pseudogene,RNU6,1.4681500950716708,0.30799999833107,0,0,1.9799845014891826,7.210168584955392
RNU6-1187P,Pseudogene,RNU6,1.4841011714926269,0.214000001549721,0,0,5.420153716691514,1.3444043842679836
RNU6-1188P,Pseudogene,RNU6,1.2335539663629311,0.347000002861023,0,0,-0.3035296405472553,7.557174905908761
RNU6-118P,Pseudogene,RNU6,1.157809424568716,0.202999994158745,7.85,0,1.3391525541625224,9.137113794458566
RNU6-1190P,Pseudogene,RNU6,1.2357389050685337,0.0799999982118607,0,0,7.731110671647569,0.2711481896764615
RNU6-1191P,Pseudogene,RNU6,1.7529451100946911,0.284000009298325,0,0,8.768959621079942,0.7430946228629925
RNU6-1192P,Pseudogene,RNU6,1.0712442339467558,0.145999997854233,0,0,7.6588231121382915,-0.48960019670659516
RNU6-1193P,Pseudogene,RNU6,0.4544672507652904,0.430999994277954,0,0,1.3694335018477641,12.35989879049128
RNU6-1195P,Pseudogene,RNU6,1.135543858711625,0.211999997496605,0,0,5.5306845699629985,0.8412474987632611
RNU6-1196P,Pseudogene,RNU6,0.7020759276640086,-0.167499996721745,0,0,-13.562504192701796,-3.2038619669550084
RNU6-1197P,Pseudogene,RNU6,1.5906353776785165,0.319000005722046,0,0,8.544176677354356,0.717566830811558
RNU6-1198P,Pseudogene,RNU6,1.5034241781713178,0.222000002861023,0,0,6.00184641230919,1.4947246757871486
RNU6-1199P,Pseudogene,RNU6,1.1021455099259891,0.24099999666214,0,0,0.4003418778262341,9.34732554830378
RNU6-119P,Pseudogene,RNU6,1.266015912846166,0.0189999993890524,0,0,3.4062412773452007,8.281115278375802
RNU6-11P,Pseudogene,RNU6,1.5581734311952813,0,0.03,0,0.7920806204161847,6.688781961572824
RNU6-1200P,Pseudogene,RNU6,1.266015912846166,0.30799999833107,0,0,0.41984684217788815,7.771543726099191
RNU6-1201P,Pseudogene,RNU6,1.266015912846166,0.296999990940094,0,0,-12.065718075148085,-4.097325578557792
RNU6-1203P,Pseudogene,RNU6,1.4841011714926269,0.30799999833107,0.25,0,2.0156608616194926,7.117241129053292
RNU6-1204P,Pseudogene,RNU6,1.2335539663629311,-0.138999998569489,0,0,3.5478185211501323,8.853528246057687
RNU6-1205P,Pseudogene,RNU6,1.2451912679323929,0.214000001549721,0,0,-11.699822803846816,-3.4310166987054966
RNU6-1206P,Pseudogene,RNU6,0.5058390689863322,0.277999997138977,0.32,0,4.357943156846543,-15.600355878698172
RNU6-1207P,Pseudogene,RNU6,1.0387822874635209,0.249999992549419,0,0,1.054661968835374,9.697305902612863
RNU6-1208P,Pseudogene,RNU6,1.0387822874635209,0.0080000003799796,0,0,4.3076525722823344,10.285658105982003
RNU6-1209P,Pseudogene,RNU6,1.006320340980286,0.30799999833107,0.56,0,-0.3744074608006275,10.052222475183664
RNU6-120P,Pseudogene,RNU6,1.0454007425717533,-0.224000006914139,0,0,6.710009196885606,-1.1793489607446812
RNU6-1210P,Pseudogene,RNU6,0.9413964480138156,-0.0949999988079071,0,0,4.122034648545762,10.530473932398019
RNU6-1211P,Pseudogene,RNU6,0.7277659240146215,-0.218999996781349,0,0,2.5892554317794048,11.744583353174386
RNU6-1212P,Pseudogene,RNU6,1.2357389050685337,-0.0474999994039536,0,0,1.382982829698106,-13.861924901830497
RNU6-1213P,Pseudogene,RNU6,1.736714136853074,0.180000007152557,0,0,-11.083345791212539,-3.6608631762140416
RNU6-1214P,Pseudogene,RNU6,0.732925232066435,0.347000002861023,0,0,0.9222424422583783,11.830327257288156
RNU6-1215P,Pseudogene,RNU6,1.2940222980473886,-0.189499996602535,0,0,4.502670386918565,8.137860521448312
RNU6-1216P,Pseudogene,RNU6,1.0712442339467558,0.0869999974966049,0,0,-0.7997303808846271,9.025555833948312
RNU6-1219P,Pseudogene,RNU6,0.7753188110951224,-0.307500004768372,0.62,0,6.476306060441514,-1.5689084681146763
RNU6-121P,Pseudogene,RNU6,0.4561067430119185,0.146999999880791,0,0,1.878657559045335,12.244817957056222
RNU6-1220P,Pseudogene,RNU6,1.157809424568716,0.140500001609325,0,0,2.4221282993636333,-13.37871910654241
RNU6-1222P,Pseudogene,RNU6,1.330939805812636,-0.187000006437302,0,0,4.438262084611436,8.080224260461984
RNU6-1223P,Pseudogene,RNU6,1.669917439281802,0.266999989748001,2.77,0,-11.050682445875625,-3.651717916356864
RNU6-1224P,Pseudogene,RNU6,0.877128351945997,0.30799999833107,0,0,5.478882411607286,-1.2988861950510167
RNU6-1225P,Pseudogene,RNU6,1.0687471611403534,0.282999992370605,0.51,0,0.3416473363719189,9.50439570821589
RNU6-1226P,Pseudogene,RNU6,0.9738583944970508,0.44200000166893,0.53,0,0.5398016964278424,10.754225000513253
RNU6-1227P,Pseudogene,RNU6,0.7466247691144057,0.44200000166893,0.08,0,0.7155239974341595,11.884905084741769
RNU6-1228P,Pseudogene,RNU6,0.9413964480138156,-0.0270000007003546,0,0,2.6142293011031352,10.32902072347468
RNU6-1229P,Pseudogene,RNU6,1.3634017522958712,0.28600001335144,0,0,6.843596557267686,1.1007826475030758
RNU6-122P,Pseudogene,RNU6,1.201092019879696,0.104000002145767,3.45,0,4.072430709489366,9.125603899133859
RNU6-1230P,Pseudogene,RNU6,1.5437458994249549,-0.163499996066093,0,0,3.503623345979234,6.829282983911691
RNU6-1231P,Pseudogene,RNU6,1.112845951769931,-0.0729999989271164,0.7,0,6.611986259110948,-1.1331495197885655
RNU6-1232P,Pseudogene,RNU6,1.211661025711447,0.0474999994039536,0,0,3.326466897614976,8.518966421259103
RNU6-1233P,Pseudogene,RNU6,1.6005012633744016,-0.156000003218651,0,0,3.3342457805953227,6.761149152887521
RNU6-1234P,Pseudogene,RNU6,1.315181579364464,-0.112999998033047,0,0,4.582748988755723,8.32432340062922
RNU6-1236P,Pseudogene,RNU6,0.912213486023837,0.194000005722046,0,0,0.7770600115142071,10.856065973413644
RNU6-1237P,Pseudogene,RNU6,1.136168126913226,-0.0979999974370003,0,0,3.2977057491622173,9.610470041406808
RNU6-1238P,Pseudogene,RNU6,1.770767355222742,-0.23200000077486,0.71,0,-11.215402027479628,-3.774265542852225
RNU6-123P,Pseudogene,RNU6,0.9534901143507074,0.0104999998002313,0.23,0,6.335605720170518,-1.0531475695245884
RNU6-1240P,Pseudogene,RNU6,0.7013653244983569,-0.192999996244907,0,0,2.702804664262315,11.631585344446359
RNU6-1241P,Pseudogene,RNU6,0.8440106085641107,0.303000003099442,0,0,0.6183430944762432,11.346127733362374
RNU6-1242P,Pseudogene,RNU6,1.4837946023599078,0.196999996900558,0.09,0,-11.377741237989882,-2.7987461241357945
RNU6-1243P,Pseudogene,RNU6,0.9738583944970508,0.0610000006854534,0.36,0,2.5280669723830425,10.464658006799874
RNU6-1244P,Pseudogene,RNU6,1.1256480516640297,0.282999992370605,0,0,0.4634416197619641,9.244588121545968
RNU6-1245P,Pseudogene,RNU6,0.688132016488954,-0.0240000002086163,4.39,0,-13.48263492237709,-2.925381198751273
RNU6-1246P,Pseudogene,RNU6,1.5257114847120463,0.214000001549721,0,0,2.0680004154525005,6.53128312505549
RNU6-1247P,Pseudogene,RNU6,1.311396389052321,0.118499998003244,0,0,7.552245715745469,0.1951552776223996
RNU6-1248P,Pseudogene,RNU6,0.9769017019798542,0.275000005960464,0.99,0,-0.38977729331634403,10.137627824915109
RNU6-1249P,Pseudogene,RNU6,1.3142701576185425,0.152999997138977,0,0,0.2494266425452435,7.413964494836984
RNU6-1250P,Pseudogene,RNU6,1.4283256452623412,0.0719999969005585,0,0,3.8597298656783305,7.811095461023507
RNU6-1251P,Pseudogene,RNU6,1.4607875917455764,0.282000005245209,2,0,0.9839630519232953,6.3495857564336635
RNU6-1252P,Pseudogene,RNU6,1.5697223929248938,0.246999993920326,0,0,1.0428294931731426,6.035021051538644
RNU6-1254P,Pseudogene,RNU6,1.0687471611403534,0.189999997615814,0.25,0,0.2176193242154324,9.261150583398996
RNU6-1255P,Pseudogene,RNU6,1.5506376221902447,0.30799999833107,4.84,0,-12.003369709364394,-3.4869339617365025
RNU6-1256P,Pseudogene,RNU6,1.2477363701662862,0.118000000715256,2.11,0,1.465507367738267,8.05553267873591
RNU6-1257P,Pseudogene,RNU6,1.0736051027819002,-0.0854999981820583,0.67,0,3.9665039573989116,9.976601823938546
RNU6-1258P,Pseudogene,RNU6,1.126517277958751,-0.136999994516373,0,0,1.6877764259658061,-14.760342374669852
RNU6-125P,Pseudogene,RNU6,0.9413964480138156,0.214000001549721,0,0,0.02243823755600094,10.523271783960519
RNU6-1260P,Pseudogene,RNU6,1.0387822874635209,-0.264999985694885,0.36,0,2.6635530983290874,9.89484809316462
RNU6-1261P,Pseudogene,RNU6,1.1021455099259891,0.282000005245209,0,0,8.273650745042344,-0.2163120659464023
RNU6-1262P,Pseudogene,RNU6,1.230172513604261,-0.284499987959862,0.56,0,3.3304933105788432,8.961396440637765
RNU6-1263P,Pseudogene,RNU6,0.9830457378413626,0.30799999833107,0.28,0,-0.2261723632731235,10.162407144678292
RNU6-1264P,Pseudogene,RNU6,1.7529451100946911,0.305000007152557,0,0,5.852280238755723,1.5926380006200649
RNU6-1265P,Pseudogene,RNU6,1.4837946023599078,-0.430999994277954,0,0,0.258943477757951,-12.77739311777288
RNU6-1266P,Pseudogene,RNU6,0.9262475396549728,0.0719999969005585,0,0,-11.242904087416152,-2.9567148836725377
RNU6-1267P,Pseudogene,RNU6,1.266015912846166,-0.0920000001788139,0.42,0,3.7018884216628276,8.733865961206613
RNU6-1269P,Pseudogene,RNU6,0.4220053042820553,0.428000003099442,0,0,1.4092095886550151,12.418265566003976
RNU6-126P,Pseudogene,RNU6,1.4837946023599078,0.206000000238419,1.41,0,1.483125070222398,-11.940751806127372
RNU6-1270P,Pseudogene,RNU6,1.4794231536155815,0.203999996185303,0,0,1.765247324594041,6.6172859517461635
RNU6-1271P,Pseudogene,RNU6,1.3232107709356753,0.296999990940094,0,0,1.6873382126174175,8.380078062189279
RNU6-1272P,Pseudogene,RNU6,1.168630073396461,-0.218999996781349,5.87,0,4.335546592362901,9.554194673669992
RNU6-1273P,Pseudogene,RNU6,1.2691372538541694,-0.149499997496605,0,0,-13.057478329054335,-3.90124918543035
RNU6-1274P,Pseudogene,RNU6,1.136168126913226,0.301999986171722,0,0,-11.68089809071205,-3.488333955632987
RNU6-1275P,Pseudogene,RNU6,0.9413964480138156,-0.046000000089407,5.97,0,3.0584653412184917,10.915709718836007
RNU6-1276P,Pseudogene,RNU6,1.135543858711625,0.30799999833107,0,0,0.9036562239012921,9.261044725549874
RNU6-1277P,Pseudogene,RNU6,1.2335539663629311,0.0270000007003546,0,0,4.433761695512315,9.203856691492257
RNU6-1278P,Pseudogene,RNU6,0.8764725550473457,-0.136000007390976,0,0,3.103014806397935,11.055276140344796
RNU6-1279P,Pseudogene,RNU6,1.4837946023599078,0.0549999997019768,0,0,3.678200582154771,7.555169805658517
RNU6-127P,Pseudogene,RNU6,1.0387822874635209,-0.197999998927116,0,0,2.9095724617324077,9.828913911951242
RNU6-1280P,Pseudogene,RNU6,1.3634017522958712,-0.163000002503395,0.73,0,4.435638526567002,7.915282472742257
RNU6-1281P,Pseudogene,RNU6,0.9593278089283648,0.137999996542931,0,0,0.3989063595614636,10.705535158289132
RNU6-1282P,Pseudogene,RNU6,1.4834433252286674,-0.238499999046326,0,0,4.010952094682237,7.254778608453927
RNU6-1283P,Pseudogene,RNU6,0.5292843083742702,-0.211999997496605,0,0,6.359584430345079,-1.35693503938848
RNU6-1284P,Pseudogene,RNU6,0.868357068426537,0.105999998748302,0.29,0,2.261370280869981,10.98176215566462
RNU6-1285P,Pseudogene,RNU6,1.2570502323888917,-0.0309999994933605,0.52,0,4.061643222459336,8.685087427271066
RNU6-1286P,Pseudogene,RNU6,1.136168126913226,0.30799999833107,0,0,8.402077296861192,-0.11652304254704926
RNU6-1287P,Pseudogene,RNU6,1.330939805812636,0.214000001549721,0,0,0.10763295192339062,6.977861150873361
RNU6-1288P,Pseudogene,RNU6,1.60312074171053,-0.150000005960464,0,0,4.09104786265709,7.267137750757394
RNU6-1289P,Pseudogene,RNU6,0.8192047815344689,0.365000009536743,0,0,0.4161508773646557,11.690787538660226
RNU6-128P,Pseudogene,RNU6,0.6492389296647005,0.30799999833107,0,0,1.2240325008712016,12.27136634267634
RNU6-1290P,Pseudogene,RNU6,0.6054599743157506,-0.177000001072884,0,0,2.546768764146348,11.82816337026423
RNU6-1291P,Pseudogene,RNU6,1.3693323002110775,-0.0209999997168779,0,0,4.0733505283675395,7.889610513818917
RNU6-1292P,Pseudogene,RNU6,1.4607875917455764,-0.212999999523163,0,0,2.9795375858626567,7.920771822107492
RNU6-1294P,Pseudogene,RNU6,1.114927594029134,0.294999986886978,0,0,6.326053241380235,0.2545710948831418
RNU6-1296P,Pseudogene,RNU6,1.0712442339467558,-0.127000004053116,0,0,4.086206058152696,10.039523347986398
RNU6-1297P,Pseudogene,RNU6,0.801560370855265,0.239999994635582,0,0,5.118207553514024,-0.30153234325582
RNU6-1298P,Pseudogene,RNU6,0.9629306105323976,-0.224999994039536,0,0,-12.739056011549453,-3.2162079962366246
RNU6-1299P,Pseudogene,RNU6,1.2504341785342132,0.30799999833107,0,0,1.1494076048217021,8.393632158411203
RNU6-129P,Pseudogene,RNU6,1.136168126913226,-0.0799999982118607,0,0,4.079280952104112,9.704512819421945
RNU6-1300P,Pseudogene,RNU6,1.0291639329499698,0.30799999833107,0,0,5.636680225022813,0.09639124549692657
RNU6-1301P,Pseudogene,RNU6,1.1689422074972615,0.220000006258488,0,0,6.506116489060899,0.6449924816912987
RNU6-1303P,Pseudogene,RNU6,1.6230973241617517,-0.0820000022649765,0,0,3.1969424282393657,6.51056550420588
RNU6-1304P,Pseudogene,RNU6,0.8847411640572264,0.29899999499321,0,0,-11.090930363050918,-2.8943102511041783
RNU6-1305P,Pseudogene,RNU6,1.2023405562828977,-0.078999999910593,0.09,0,4.592077354081651,9.377939447534738
RNU6-1306P,Pseudogene,RNU6,1.6139161675806344,-0.0109999999403954,2.56,0,-11.093191524855117,-3.432919278966727
RNU6-1307P,Pseudogene,RNU6,1.079123347170842,0.256999999284744,0,0,0.3507340942702496,9.409552797449289
RNU6-1308P,Pseudogene,RNU6,0.7081746965808651,0.214000001549721,0,0,5.300224403031846,-1.1150976570718907
RNU6-1309P,Pseudogene,RNU6,0.643227458093731,-0.168000005185604,0,0,2.5605946575484477,11.727000459802804
RNU6-130P,Pseudogene,RNU6,1.2140137655671974,0.305000007152557,3.52,0,0.21706398774006008,8.180091127527414
RNU6-1310P,Pseudogene,RNU6,1.266015912846166,0.239999994635582,0,0,0.07787289667942165,7.595965131891427
RNU6-1311P,Pseudogene,RNU6,0.8115486620808757,0.30799999833107,5.22,0,5.1497102772078716,-0.2139929684274814
RNU6-1312P,Pseudogene,RNU6,0.643227458093731,0.0945000015199184,0.26,0,2.0941754375777446,11.853189691675363
RNU6-1313P,Pseudogene,RNU6,1.0897029878293798,-0.0329999998211861,0,0,3.3613778148970805,9.712091669214425
RNU6-1315P,Pseudogene,RNU6,1.508660765347115,0.310999989509583,0.27,0,-11.272321125380019,-3.541463151799979
RNU6-1316P,Pseudogene,RNU6,1.0291639329499698,0.301999986171722,0,0,5.8044858967147075,0.05807767785852935
RNU6-1317P,Pseudogene,RNU6,1.4361289977823497,-0.0850000008940697,0,0,4.014454463609239,7.543057188165841
RNU6-1318P,Pseudogene,RNU6,0.7418973011799539,0.293999999761581,0,0,0.7645262276015484,11.902449831140695
RNU6-1319P,Pseudogene,RNU6,0.7013653244983569,0.261999994516373,0.04,0,0.9055540953955853,12.014129861963449
RNU6-131P,Pseudogene,RNU6,1.136168126913226,0.118000000715256,0,0,6.805153468736192,-0.42163516603642914
RNU6-1320P,Pseudogene,RNU6,1.0712442339467558,0.40599998831749,0,0,-0.24584687303684116,9.674449190271554
RNU6-1321P,Pseudogene,RNU6,0.4544672507652904,0.23199999332428,0,0,1.600218633302232,12.339878305566964
RNU6-1322P,Pseudogene,RNU6,1.168630073396461,0.305000007152557,0,0,-11.570182224623183,-2.4697480352991246
RNU6-1323P,Pseudogene,RNU6,1.136168126913226,0.105999998748302,1.33,0,-0.8101650680222309,8.698150858057199
RNU6-1324P,Pseudogene,RNU6,1.136168126913226,0.0320000015199184,0,0,6.91362676967003,-0.6759008320444247
RNU6-1325P,Pseudogene,RNU6,1.6209331943962024,-0.185000002384186,0,0,0.3653358315310681,-12.497529760228934
RNU6-1326P,Pseudogene,RNU6,1.006320340980286,-0.550000011920929,0,0,3.7361291443190776,10.005511507166085
RNU6-1327P,Pseudogene,RNU6,1.5878529251228104,0.30799999833107,0,0,1.1399471556029521,6.116031870020089
RNU6-1328P,Pseudogene,RNU6,1.1468866941482565,0.28099998831749,0,0,-12.035027881971816,-4.369520440923514
RNU6-1329P,Pseudogene,RNU6,1.298477859329401,-0.068000003695488,0.46,0,6.908190349229356,-0.9162486942880771
RNU6-132P,Pseudogene,RNU6,1.103706180429991,0.239999994635582,0.67,0,-11.636276623121718,-3.355784192907157
RNU6-1330P,Pseudogene,RNU6,1.1247291552953242,0.0419999994337559,0,0,3.62290559161522,9.696235880029855
RNU6-1331P,Pseudogene,RNU6,1.4090322242392863,0.239999994635582,0.37,0,5.645149329789659,1.369493707788644
RNU6-1332P,Pseudogene,RNU6,1.2691372538541694,-0.417000010609627,0,0,2.978077987321397,8.548013910425363
RNU6-1333P,Pseudogene,RNU6,0.8216712045326372,0.30799999833107,0.88,0,0.915256897099992,11.235404237878976
RNU6-1335P,Pseudogene,RNU6,1.0712442339467558,0.0769999995827675,0,0,-11.748338123671035,-3.586951032506766
RNU6-1336P,Pseudogene,RNU6,1.0197220620054748,-0.0900000035762787,0,0,3.325867751725694,10.240300401819406
RNU6-1337P,Pseudogene,RNU6,1.060309683552403,0.252000004053116,0.76,0,3.506438592561265,-12.858992353307547
RNU6-1338P,Pseudogene,RNU6,1.030577619671055,0.30799999833107,0.47,0,-0.1346644664921558,10.013518556726632
RNU6-1339P,Pseudogene,RNU6,1.5267816587719332,0.208000004291534,0,0,2.157566169389268,6.572184309137521
RNU6-133P,Pseudogene,RNU6,1.266015912846166,0.301999986171722,0,0,1.231548765786668,8.417296632898507
RNU6-1340P,Pseudogene,RNU6,0.8440106085641107,0.30799999833107,0.56,0,5.244367221482774,-0.16385068021947358
RNU6-135P,Pseudogene,RNU6,1.375615157903425,-0.116999998688698,0.29,0,3.729606011994859,7.674734815729318
RNU6-136P,Pseudogene,RNU6,0.7466247691144057,0.284000009298325,0.28,0,-13.474449535719375,-2.9097428473108433
RNU6-137P,Pseudogene,RNU6,1.157809424568716,-0.204999998211861,0,0,3.580110410340806,9.276874765527902
RNU6-138P,Pseudogene,RNU6,1.168630073396461,0.0130000002682209,0,0,4.513696292527696,9.633164629114328
RNU6-139P,Pseudogene,RNU6,0.9157219994316208,-0.13849999755621,0,0,3.3059152160964214,11.047943338525949
RNU6-13P,Pseudogene,RNU6,1.3958636987791062,0.0610000006854534,0,0,0.6611510311446392,6.720417245996652
RNU6-140P,Pseudogene,RNU6,1.2221321703780892,0.0549999997019768,3.82,0,5.390849689134141,1.2646463958150722
RNU6-141P,Pseudogene,RNU6,0.860087001108189,0.30799999833107,0,0,0.21890210557796597,11.623065218103585
RNU6-142P,Pseudogene,RNU6,1.201092019879696,0.305000007152557,0,0,-0.42179336201331974,7.505901083124337
RNU6-143P,Pseudogene,RNU6,0.9337172778779969,0.30799999833107,0,0,-12.19953765522621,-2.7200715693109654
RNU6-144P,Pseudogene,RNU6,1.298477859329401,-0.0199999995529652,0,0,3.2214189564070903,8.051635965479074
RNU6-145P,Pseudogene,RNU6,1.0158139291027417,0.146999999880791,0,0,-0.8672995771088398,9.164322122705636
RNU6-146P,Pseudogene,RNU6,1.2542935432827758,-0.191500000655651,11.35,0,3.616984704621812,8.797031625879464
RNU6-147P,Pseudogene,RNU6,1.201092019879696,0.168999999761581,0.36,0,6.408707717546006,0.7328041119105199
RNU6-148P,Pseudogene,RNU6,1.145492303030751,0.446000009775162,0,0,-0.5867553557076252,8.7848150578863
RNU6-14P,Pseudogene,RNU6,1.507336798023423,-0.1875,0,0,2.9712456261000835,7.8448579160100795
RNU6-150P,Pseudogene,RNU6,1.1334344893146375,-0.212999999523163,0,0,4.377557376512071,9.703294977319894
RNU6-151P,Pseudogene,RNU6,0.7466247691144057,-0.261999994516373,1.33,0,2.7521530186019145,11.549763902795968
RNU6-152P,Pseudogene,RNU6,1.006320340980286,0.305000007152557,0,0,5.467018703111192,0.10802625097101715
RNU6-153P,Pseudogene,RNU6,1.1021455099259891,-0.157000005245209,0,0,4.350890258439561,9.89328788198298
RNU6-154P,Pseudogene,RNU6,0.9830457378413626,0.30799999833107,0,0,-0.8735529984154499,9.575577959192453
RNU6-155P,Pseudogene,RNU6,1.1114970475859671,-0.184499993920326,0,0,7.387281516679307,-1.5745899828546666
RNU6-156P,Pseudogene,RNU6,0.9089345015305808,-0.319000005722046,0,0,2.4718297516188823,-15.828629270421805
RNU6-157P,Pseudogene,RNU6,0.7141628226311706,0.437999993562698,0,0,0.8623063956580365,11.872359499109445
RNU6-158P,Pseudogene,RNU6,0.7641542202153526,0.305000007152557,0,0,0.6728466545424664,11.887328371179757
RNU6-159P,Pseudogene,RNU6,1.1796548854096351,0.0065000001341104,0,0,4.539907077439805,9.557098611963449
RNU6-15P,Pseudogene,RNU6,1.6555592706449864,0,0,0,3.059111693986436,6.386161550653634
RNU6-160P,Pseudogene,RNU6,1.0387822874635209,0.293000012636185,0,0,-0.3577763343968189,9.935886606348214
RNU6-161P,Pseudogene,RNU6,1.2124230766710138,-0.148499999195337,0,0,3.6875563656172954,8.903057321680246
RNU6-162P,Pseudogene,RNU6,0.5395616735854211,0.0230000000447035,0,0,2.1258383785567485,11.94406913198298
RNU6-163P,Pseudogene,RNU6,1.081350311625499,-0.0499999988824129,0,0,3.5637751613936626,9.906321748865304
RNU6-164P,Pseudogene,RNU6,1.4837946023599078,0.159999996423721,0,0,1.7127134596190654,6.539299711359201
RNU6-165P,Pseudogene,RNU6,1.0174688882573566,-0.157000005245209,0,0,1.9830050264678203,-15.370262876378836
RNU6-166P,Pseudogene,RNU6,1.298477859329401,0.30799999833107,0.26,0,0.1645681654296124,7.0538937894231655
RNU6-167P,Pseudogene,RNU6,1.1796548854096351,-0.155500002205372,0,0,3.8921204601607524,9.03752444661921
RNU6-168P,Pseudogene,RNU6,0.825369094742055,-0.136000007390976,0,0,3.0113438164077007,11.309479936731515
RNU6-169P,Pseudogene,RNU6,1.136168126913226,-0.241999998688698,0,0,-12.962837597242812,-3.641326204168143
RNU6-16P,Pseudogene,RNU6,1.4283256452623412,0.0549999997019768,0,0,0.683677593358537,6.689474329126535
RNU6-170P,Pseudogene,RNU6,1.5363240441392578,0.284000009298325,0,0,5.948272327073594,1.5926350203878261
RNU6-171P,Pseudogene,RNU6,0.7790867155976406,-0.118000000715256,5.48,0,6.245027164109727,-1.316762224065604
RNU6-172P,Pseudogene,RNU6,1.419250262374555,-0.112999998033047,0,0,3.376963714250108,7.389201387537179
RNU6-173P,Pseudogene,RNU6,1.2023405562828977,-0.325499996542931,0,0,3.342655519135972,9.0786383000738
RNU6-174P,Pseudogene,RNU6,1.2124230766710138,-0.133500002324581,4.71,0,3.5203808342299663,9.011328920496164
RNU6-175P,Pseudogene,RNU6,0.7141628226311706,0.305000007152557,0,0,0.8009231482825482,12.0165045110113
RNU6-176P,Pseudogene,RNU6,0.9593278089283648,0.266999989748001,0,0,0.2859929894290173,10.738847002161203
RNU6-177P,Pseudogene,RNU6,1.0687471611403534,0.279000014066696,0,0,0.6279768740020001,9.483380540979562
RNU6-178P,Pseudogene,RNU6,0.9017554172121732,0.307000011205673,0.25,0,-12.48594131123207,-2.7810714396112584
RNU6-179P,Pseudogene,RNU6,0.6167769831814656,0.293000012636185,0,0,-13.446614643446425,-2.8450699003809117
RNU6-17P,Pseudogene,RNU6,1.3958636987791062,0.0549999997019768,0,0,0.6671766434989178,6.710966810358224
RNU6-180P,Pseudogene,RNU6,0.7402388124291791,-0.214000001549721,0,0,2.763063291200181,11.599935754907785
RNU6-181P,Pseudogene,RNU6,1.0387822874635209,0.282999992370605,1.01,0,-12.051844974867324,-3.13535620294744
RNU6-182P,Pseudogene,RNU6,0.6946856547412297,-0.0339999999850988,1.37,0,2.460937121995469,11.619246706140695
RNU6-183P,Pseudogene,RNU6,1.0736051027819002,0.105999998748302,0,0,-0.7527318800606525,9.062170251978097
RNU6-185P,Pseudogene,RNU6,1.5906353776785165,0.188999995589256,1.33,0,2.212394336350938,6.45221064962214
RNU6-187P,Pseudogene,RNU6,0.7864365902730902,0.221499994397163,0,0,0.7068761383376324,11.741091951502023
RNU6-188P,Pseudogene,RNU6,1.330939805812636,0.30799999833107,0.71,0,0.19300855148651241,6.855736002100167
RNU6-189P,Pseudogene,RNU6,1.2036632631654969,-0.111000001430511,0,0,4.419545749314805,9.350487932336984
RNU6-190P,Pseudogene,RNU6,1.464288389895729,0.446000009775162,1.43,0,1.81527254927971,6.993641599786935
RNU6-191P,Pseudogene,RNU6,1.2563463968724369,0.177999995648861,0,0,1.3940967117629253,8.13167546666926
RNU6-192P,Pseudogene,RNU6,0.9030913511635984,0.325000002980232,0,0,-12.569178005568007,-2.9494822176569127
RNU6-193P,Pseudogene,RNU6,1.266015912846166,-0.046000000089407,0,0,6.978705505021592,-0.9275310190790317
RNU6-195P,Pseudogene,RNU6,1.115321005318488,-0.225999996066093,0.62,0,7.495453933366319,-1.5960087927454136
RNU6-196P,Pseudogene,RNU6,1.168630073396461,-0.268999993801117,0.3,0,3.0838838611922466,9.133947595728097
RNU6-197P,Pseudogene,RNU6,0.6599513720041681,0.347000002861023,0,0,1.01276109565117,12.038773759973703
RNU6-198P,Pseudogene,RNU6,1.5697223929248938,0.311000004410744,0,0,2.015872577317735,6.537494405878244
RNU6-199P,Pseudogene,RNU6,1.298477859329401,0.152999997138977,0.35,0,6.254749873765489,1.1919860688573696
RNU6-19P,Pseudogene,RNU6,1.330939805812636,0.215000003576279,0.56,0,0.1678991561017239,6.8014900533086635
RNU6-200P,Pseudogene,RNU6,1.330939805812636,0.23199999332428,0,0,0.5059117471060955,7.4214780179387905
RNU6-201P,Pseudogene,RNU6,1.6513019661881687,0.30799999833107,0.65,0,8.538367847093125,0.8360426125652173
RNU6-203P,Pseudogene,RNU6,0.801560370855265,0.30799999833107,0,0,0.1679824535927975,11.760781511438546
RNU6-204P,Pseudogene,RNU6,1.298477859329401,-0.237000003457069,0.26,0,3.5255526100478374,8.641519292963205
RNU6-205P,Pseudogene,RNU6,0.6817008761479356,0.30799999833107,0,0,0.9573241268477642,12.08271430410212
RNU6-206P,Pseudogene,RNU6,1.5363240441392578,-0.213500000536442,0,0,-12.131237408033828,-3.5995862635248326
RNU6-207P,Pseudogene,RNU6,0.8764725550473457,0.30799999833107,0,0,0.15720068860866665,11.63373969472712
RNU6-208P,Pseudogene,RNU6,1.266015912846166,-0.144999995827675,0,0,6.917284110673448,-0.8939993532770297
RNU6-209P,Pseudogene,RNU6,1.4932495382288111,0.30799999833107,0,0,1.854729393609544,6.747019037378488
RNU6-20P,Pseudogene,RNU6,1.4607875917455764,-0.0610000006854534,0,0,-11.120309254042128,-3.344488397466483
RNU6-210P,Pseudogene,RNU6,0.9140600720279336,0.202000007033348,0,0,-13.282363315931777,-2.9924554976099156
RNU6-211P,Pseudogene,RNU6,1.330939805812636,0.470999985933304,0,0,0.2800630723319256,6.835624441278634
RNU6-212P,Pseudogene,RNU6,1.3693323002110775,0.214000001549721,0,0,1.4298951422057353,7.48538468755549
RNU6-213P,Pseudogene,RNU6,1.2023405562828977,0.303000003099442,1.13,0,5.90332231868126,0.7852431756979802
RNU6-214P,Pseudogene,RNU6,1.5581734311952813,0.30799999833107,0,0,1.8447449003539287,6.493719324243722
RNU6-215P,Pseudogene,RNU6,1.770767355222742,0.118000000715256,0,0,2.6556678806624614,6.356846079004464
RNU6-216P,Pseudogene,RNU6,1.2023405562828977,0.237000003457069,0.66,0,-11.863357921949843,-4.284834161626639
RNU6-217P,Pseudogene,RNU6,1.3359339514254416,0.30799999833107,0,0,0.20636011112548946,6.7398030606634
RNU6-218P,Pseudogene,RNU6,1.6209331943962024,0.30799999833107,0,0,-11.78088702808998,-4.074893251287284
RNU6-219P,Pseudogene,RNU6,1.0387822874635209,0.277999997138977,0,0,-0.8215095604576862,9.564439043176828
RNU6-21P,Pseudogene,RNU6,1.7529451100946911,0.0769999995827675,0,0,2.8749323879561626,6.191241964471994
RNU6-220P,Pseudogene,RNU6,1.168630073396461,0.291999995708466,0,0,7.131772140153428,0.5225490627414563
RNU6-221P,Pseudogene,RNU6,0.8420432178681572,0.30799999833107,0,0,5.4745908771834575,-0.8527879866235873
RNU6-222P,Pseudogene,RNU6,1.5257114847120463,0.165500000119209,0,0,-11.098874470106582,-3.396856561528983
RNU6-223P,Pseudogene,RNU6,1.3634017522958712,-0.119999997317791,0,0,3.175806382783433,7.860451921594796
RNU6-224P,Pseudogene,RNU6,1.2335539663629311,0.30799999833107,0,0,0.3307189141593182,8.068143591058908
RNU6-225P,Pseudogene,RNU6,1.112845951769931,0.27700001001358,0,0,-11.811771770826796,-3.0110612066858433
RNU6-226P,Pseudogene,RNU6,0.9413964480138156,0.239999994635582,0,0,0.4096925650916302,10.760376199854074
RNU6-227P,Pseudogene,RNU6,1.0116781379726645,0.331999987363815,1.17,0,-0.8747528995194233,9.515609964502511
RNU6-228P,Pseudogene,RNU6,1.5728731805461804,0.214000001549721,9,0,1.2121791635832988,6.12279866613215
RNU6-229P,Pseudogene,RNU6,1.123756206199048,-0.0955000016838312,0,0,-13.547714611402968,-4.062362447606864
RNU6-22P,Pseudogene,RNU6,1.2335539663629311,0.146999999880791,0,0,5.412564376481553,1.2335752693540432
RNU6-230P,Pseudogene,RNU6,1.2691372538541694,-0.284999996423721,7.04,0,2.7978170906386577,8.56687711156672
RNU6-232P,Pseudogene,RNU6,0.7598124348732199,0.30799999833107,0.21,0,-12.74292602192543,-2.8869280966394566
RNU6-233P,Pseudogene,RNU6,1.0592724522649954,0.152999997138977,0,0,-11.464116474501113,-1.8136341723077916
RNU6-234P,Pseudogene,RNU6,0.7013653244983569,0.30799999833107,0.26,0,5.405709365495225,-1.5056920202844761
RNU6-235P,Pseudogene,RNU6,1.0712442339467558,0.19200000166893,0,0,5.65881548274376,0.591101862264333
RNU6-236P,Pseudogene,RNU6,1.04858212036412,0.238000005483627,0,0,5.540348628648301,0.21339406050509002
RNU6-237P,Pseudogene,RNU6,1.2719596495261951,-0.150999993085861,0.85,0,4.149529079087754,8.545116171014962
RNU6-238P,Pseudogene,RNU6,0.8192047815344689,0.303000003099442,0.09,0,5.134034255631944,-0.2421487721079013
RNU6-239P,Pseudogene,RNU6,0.7367878156346375,0.214000001549721,0,0,1.160372475274583,11.361529573572335
RNU6-23P,Pseudogene,RNU6,1.5581734311952813,0.118000000715256,0,0,-11.074291607252578,-3.5527837427728794
RNU6-240P,Pseudogene,RNU6,1.1100647060298,0.28999999165535,0,0,1.241495350488206,9.346210703027902
RNU6-241P,Pseudogene,RNU6,0.9685521147834452,0.261000007390976,0,0,-0.15248956333778263,10.362808450830636
RNU6-242P,Pseudogene,RNU6,1.2335539663629311,0.261999994516373,0.1,0,-0.39903913985870243,7.383506998193917
RNU6-243P,Pseudogene,RNU6,1.4283256452623412,0.0140000004321337,0,0,4.057251552232286,7.792170271051583
RNU6-244P,Pseudogene,RNU6,1.3693323002110775,-0.351000010967255,0.55,0,4.484372714646836,8.032732233179269
RNU6-245P,Pseudogene,RNU6,0.8440106085641107,0.30799999833107,0,0,-12.605829616896132,-2.8152325304620884
RNU6-246P,Pseudogene,RNU6,1.103706180429991,0.30799999833107,0,0,-0.909866234175185,8.762596353662667
RNU6-247P,Pseudogene,RNU6,0.9089345015305808,0.0309999994933605,0.36,0,2.5107453857741557,10.807527765405831
RNU6-248P,Pseudogene,RNU6,1.5581734311952813,0.293000012636185,0,0,2.3034361397109233,6.527107462061105
RNU6-249P,Pseudogene,RNU6,1.464288389895729,0.0570000000298023,0,0,3.7392273937545024,7.638067468774972
RNU6-24P,Pseudogene,RNU6,1.4283256452623412,0.146999999880791,0,0,0.9812245165190899,6.357360109461007
RNU6-250P,Pseudogene,RNU6,1.1465685563690198,-0.275000005960464,0,0,1.568837264665147,-14.938861623632254
RNU6-251P,Pseudogene,RNU6,1.1021455099259891,0.0445000007748604,0,0,-0.709826966635207,9.000352129114328
RNU6-253P,Pseudogene,RNU6,1.5216923865760268,-0.090999998152256,0,0,3.440198997148057,6.901232465875802
RNU6-254P,Pseudogene,RNU6,1.4932495382288111,0.149000003933907,0,0,2.188832858689805,6.9471738187200405
RNU6-256P,Pseudogene,RNU6,1.2532988616465484,0.150000005960464,0,0,1.688373545297166,8.413433298242746
RNU6-257P,Pseudogene,RNU6,1.098737515151945,-0.0804999992251396,0,0,3.2120669876418315,9.631998285425363
RNU6-258P,Pseudogene,RNU6,0.997320989479983,0.0130000002682209,0,0,4.183696845658799,10.394550546777902
RNU6-259P,Pseudogene,RNU6,0.8115486620808757,0.30799999833107,0,0,0.1376988535008633,11.708170160425363
RNU6-260P,Pseudogene,RNU6,1.103706180429991,-0.0780000016093254,0,0,4.252580741532823,9.898790582788644
RNU6-261P,Pseudogene,RNU6,1.2599690796777203,0.446000009775162,0,0,1.4075426851592265,8.954526170862374
RNU6-262P,Pseudogene,RNU6,1.4372806649818544,-0.263000011444092,0.79,0,2.986604074128648,8.011164411676583
RNU6-263P,Pseudogene,RNU6,1.0387822874635209,0.30799999833107,0.33,0,-1.0829013789810933,8.88541148580378
RNU6-264P,Pseudogene,RNU6,1.001950463569081,0.301999986171722,0.69,0,-12.577906032911757,-3.2417998465173863
RNU6-266P,Pseudogene,RNU6,0.9738583944970508,0.30799999833107,0,0,0.29777074802734493,10.743011697900949
RNU6-267P,Pseudogene,RNU6,1.5175172069589966,0.163000002503395,0,0,2.1228874718032085,6.550059541834054
RNU6-268P,Pseudogene,RNU6,1.006320340980286,-0.0219999998807907,0,0,2.569529393800279,10.230914339197335
RNU6-269P,Pseudogene,RNU6,1.145873244933987,-0.061999998986721,0,0,1.7640986238799297,-14.476840749608817
RNU6-26P,Pseudogene,RNU6,1.5581734311952813,0.125,7.48,0,1.2337366138777934,6.225143655908761
RNU6-270P,Pseudogene,RNU6,1.6540134636695942,-0.0480000004172325,0,0,3.2483130489669048,6.5108077374822475
RNU6-271P,Pseudogene,RNU6,1.2901305016622835,0.164000004529953,0,0,0.19604697275974392,7.3877327290899135
RNU6-272P,Pseudogene,RNU6,1.3025356026398056,-0.195000000298023,0.18,0,3.587474206574937,8.627111181390939
RNU6-273P,Pseudogene,RNU6,1.3025356026398056,0.209000006318092,0,0,1.7221927439055644,8.431229337824044
RNU6-274P,Pseudogene,RNU6,1.3634017522958712,0.30799999833107,0,0,0.9974461590132916,7.3135092107183315
RNU6-275P,Pseudogene,RNU6,1.266015912846166,0.130999997258186,5.87,0,0.24700356472351193,6.822225317133126
RNU6-276P,Pseudogene,RNU6,1.0854463355331714,-0.0780000016093254,0,0,3.5541220699629985,9.937831148279367
RNU6-277P,Pseudogene,RNU6,1.1468866941482565,0.361999988555908,0,0,3.255478004106065,-12.535769239293876
RNU6-278P,Pseudogene,RNU6,1.0515883764431455,-0.317999988794327,0,0,1.7778435741744243,-15.224580541478934
RNU6-279P,Pseudogene,RNU6,1.3412247789558394,0.063000001013279,0,0,4.005546191819688,7.983615621698556
RNU6-27P,Pseudogene,RNU6,1.5581734311952813,0.214000001549721,0,0,1.1519586836180888,6.129879221094308
RNU6-280P,Pseudogene,RNU6,1.77011248563871,0.282999992370605,0,0,2.538512805589219,6.208851560724435
RNU6-281P,Pseudogene,RNU6,1.112845951769931,-0.104999996721745,0,0,3.2035614048323833,9.584674104822335
RNU6-282P,Pseudogene,RNU6,1.5512398115580857,0.30799999833107,1.15,0,1.9499830995879375,6.550510629785714
RNU6-283P,Pseudogene,RNU6,1.266015912846166,0.28099998831749,0,0,0.10172032017328381,7.636839613092599
RNU6-284P,Pseudogene,RNU6,0.9175093553186052,-0.0554999988526106,0,0,3.2355485950789653,11.03275607503718
RNU6-285P,Pseudogene,RNU6,1.146231330323029,0.30799999833107,0.73,0,0.20179874647476315,8.822332605493722
RNU6-286P,Pseudogene,RNU6,0.6817008761479356,-0.157000005245209,0,0,2.6156624351821147,11.703788026941476
RNU6-287P,Pseudogene,RNU6,1.098737515151945,-0.271999999880791,0,0,7.368537047990342,-1.4583673628442906
RNU6-288P,Pseudogene,RNU6,1.1021455099259891,0.277999997138977,0.22,0,0.9176525269828045,9.479165300501046
RNU6-289P,Pseudogene,RNU6,1.4932495382288111,0.30799999833107,0,0,1.5882032905898296,6.581485494745431
RNU6-28P,Pseudogene,RNU6,1.330939805812636,0.146999999880791,0.67,0,5.963754275926133,1.2119536844617702
RNU6-290P,Pseudogene,RNU6,0.997320989479983,0.301999986171722,0.07,0,5.3835850750289165,0.21281297482317474
RNU6-291P,Pseudogene,RNU6,1.5257114847120463,0.214000001549721,0.36,0,1.9947117363295757,6.525375112665353
RNU6-293P,Pseudogene,RNU6,0.950277546579984,0.146999999880791,0,0,0.3786286209902966,10.70763991750544
RNU6-294P,Pseudogene,RNU6,1.0897029878293798,0.446000009775162,0,0,0.5898942743621075,9.549212679041085
RNU6-295P,Pseudogene,RNU6,1.001950463569081,-0.0765000022947788,0,0,2.6436675583205425,10.178245767725167
RNU6-296P,Pseudogene,RNU6,1.2335539663629311,-0.025000000372529,0,0,3.4849289451918803,8.534579977167306
RNU6-297P,Pseudogene,RNU6,1.2335539663629311,0.28099998831749,0,0,1.022932985909959,8.31196521200007
RNU6-298P,Pseudogene,RNU6,1.2663540581220332,0.214000001549721,2.83,0,5.387333015092393,1.25385700143641
RNU6-299P,Pseudogene,RNU6,1.146231330323029,-0.042000001296401,0.73,0,3.3702651058516704,9.567661508691964
RNU6-300P,Pseudogene,RNU6,0.9351537659978092,-0.212999999523163,0,0,3.462654927857896,10.939068063867746
RNU6-301P,Pseudogene,RNU6,1.0712442339467558,-0.101000003516674,0.36,0,3.0454345737776958,9.69737838186091
RNU6-302P,Pseudogene,RNU6,1.4283256452623412,-0.212999999523163,2.66,0,4.316600421556016,7.534617647302804
RNU6-304P,Pseudogene,RNU6,1.4283256452623412,0.194999992847443,0,0,6.417943576463243,1.3760952798253872
RNU6-306P,Pseudogene,RNU6,1.3958636987791062,0.28099998831749,0.67,0,7.357636073716661,1.0108483878499843
RNU6-307P,Pseudogene,RNU6,0.8847411640572264,-0.016499999910593,0,0,6.5320225750289165,-1.6813616903894566
RNU6-308P,Pseudogene,RNU6,1.2335539663629311,-0.356000006198883,0.26,0,3.387636045106431,8.990228876245675
RNU6-309P,Pseudogene,RNU6,1.1468866941482565,0.356000006198883,0,0,0.8231621776900494,9.168305620325265
RNU6-30P,Pseudogene,RNU6,1.103706180429991,0.239999994635582,0.09,0,-0.8298411573090351,8.760829195154367
RNU6-310P,Pseudogene,RNU6,1.3634017522958712,0.347000002861023,1.38,0,0.2982087527594769,6.672975286615548
RNU6-311P,Pseudogene,RNU6,1.191862642938384,0.305999994277954,0,0,0.2841927205405438,8.420666917932687
RNU6-312P,Pseudogene,RNU6,0.4220053042820553,0.0109999999403954,11.55,0,2.089408973344346,12.300349458826242
RNU6-313P,Pseudogene,RNU6,0.7753188110951224,0.194999992847443,0.34,0,5.4672313724837505,-1.371996417867484
RNU6-314P,Pseudogene,RNU6,1.3693323002110775,-0.309499993920326,0.69,0,4.5348115955672466,8.028412088525949
RNU6-315P,Pseudogene,RNU6,1.0712442339467558,0.165999993681908,0,0,-0.27049248468063236,9.262331232202706
RNU6-316P,Pseudogene,RNU6,1.0712442339467558,-0.140000000596046,1.18,0,3.4667807613692485,10.01984809316462
RNU6-317P,Pseudogene,RNU6,1.168630073396461,0.118000000715256,0,0,6.007360080369493,0.8209463504678586
RNU6-318P,Pseudogene,RNU6,1.7198528345535296,0.239999994635582,0,0,-11.16694488178871,-3.646361604558768
RNU6-31P,Pseudogene,RNU6,0.9648411871405967,0.152999997138977,0,0,-11.103785892836074,-2.9228139074915074
RNU6-320P,Pseudogene,RNU6,1.081350311625499,0.30799999833107,0,0,0.17130529332973599,9.528941377771554
RNU6-321P,Pseudogene,RNU6,1.3107276504551504,0.44200000166893,0.24,0,0.5197815691313946,7.517504438532052
RNU6-322P,Pseudogene,RNU6,1.450071997760819,0.214000001549721,2.07,0,1.9898096119246684,7.139197096002755
RNU6-323P,Pseudogene,RNU6,1.330939805812636,0.263999998569489,0.36,0,6.665688136704942,1.1923948375112392
RNU6-324P,Pseudogene,RNU6,1.1796548854096351,-0.159999996423721,0,0,3.0124348198256694,9.179924234522042
RNU6-325P,Pseudogene,RNU6,1.455531848029243,0.30799999833107,0,0,1.8355918918929301,7.033779844415841
RNU6-326P,Pseudogene,RNU6,1.5906353776785165,0.197999998927116,0,0,5.9881783520064555,1.585259899271188
RNU6-327P,Pseudogene,RNU6,1.3674914463410033,0.0099999997764825,0.85,0,4.069293120988389,7.864257082117257
RNU6-329P,Pseudogene,RNU6,1.136168126913226,0.30799999833107,0,0,-0.5090066398300922,8.785633310449777
RNU6-32P,Pseudogene,RNU6,1.0712442339467558,0.342000007629395,0.04,0,-1.0136252845444478,8.763974413049874
RNU6-330P,Pseudogene,RNU6,1.0712442339467558,0.202000007033348,0,0,0.1731673126301968,9.284079774988351
RNU6-331P,Pseudogene,RNU6,1.006320340980286,0.30799999833107,0.22,0,-0.8641793335594928,9.64311812795466
RNU6-332P,Pseudogene,RNU6,1.0291639329499698,0.359999999403954,0,0,-0.2111875320591724,9.991494402063546
RNU6-333P,Pseudogene,RNU6,1.5257114847120463,0.0769999995827675,0,0,-11.852188488356093,-4.18128658853704
RNU6-334P,Pseudogene,RNU6,1.0215965510900435,-0.013499999884516,0,0,4.255707839616319,10.363618120325265
RNU6-335P,Pseudogene,RNU6,1.3217470422067643,-0.241999998688698,0.33,0,4.4604402576766216,8.13450406469172
RNU6-336P,Pseudogene,RNU6,1.201092019879696,0.232999995350838,0,0,7.225237468369981,0.5045166460401395
RNU6-337P,Pseudogene,RNU6,1.3107276504551504,-0.059000002220273,0,0,3.9974604641280376,8.363858446253
RNU6-338P,Pseudogene,RNU6,0.8931672703815808,0.118000000715256,0.29,0,5.288453200944444,0.3028272835141995
RNU6-339P,Pseudogene,RNU6,1.2335539663629311,-0.180999994277954,0,0,3.8604792152724468,8.826507791650949
RNU6-33P,Pseudogene,RNU6,1.4607875917455764,0.114000000059605,4.36,0,0.7713480388007367,6.629047140253244
RNU6-340P,Pseudogene,RNU6,1.266015912846166,-0.193000003695488,0,0,6.863679984696885,-0.8925993593805454
RNU6-341P,Pseudogene,RNU6,1.3748986916753505,0.167000003159046,0.33,0,1.3535742555937968,7.449485048425851
RNU6-342P,Pseudogene,RNU6,0.6345686269270847,0.30799999833107,0.27,0,1.0531927143416606,12.093661531580148
RNU6-343P,Pseudogene,RNU6,1.2357389050685337,-0.0880000032484531,3.69,0,2.7879427467665874,8.75873206533259
RNU6-344P,Pseudogene,RNU6,1.3142701576185425,0.305999994277954,0,0,0.620807388909837,7.555764421594796
RNU6-345P,Pseudogene,RNU6,0.9413964480138156,-0.0839999988675117,0,0,2.8902936970076762,10.64641402639216
RNU6-346P,Pseudogene,RNU6,0.938764398298959,0.193000003695488,3.65,0,0.6499892865500653,10.757547601831613
RNU6-347P,Pseudogene,RNU6,1.0254883474751486,-0.172000005841255,0,0,4.083934882768174,10.205051645410714
RNU6-348P,Pseudogene,RNU6,1.3634017522958712,-0.239999994635582,0,0,3.9428950344405376,8.247810110223947
RNU6-349P,Pseudogene,RNU6,1.4932495382288111,0.214000001549721,0,0,1.4689211641631328,-11.946754232274833
RNU6-351P,Pseudogene,RNU6,1.5977770059048282,0.30799999833107,0,0,2.297054628022691,6.491284116876779
RNU6-352P,Pseudogene,RNU6,0.8764725550473457,-0.185000002384186,0,0,3.211217979081651,11.071379884851632
RNU6-353P,Pseudogene,RNU6,1.6402300181390144,0.296000003814697,0,0,1.052621821054002,6.0531003323919155
RNU6-354P,Pseudogene,RNU6,1.266015912846166,-0.226999998092651,0.74,0,3.4664338623366557,8.766819223535714
RNU6-355P,Pseudogene,RNU6,1.1689422074972615,0.248500004410744,0.03,0,-0.035602792985061416,8.763053163660226
RNU6-356P,Pseudogene,RNU6,1.3958636987791062,0.211999997496605,0,0,1.4356130157790385,7.312154993189035
RNU6-358P,Pseudogene,RNU6,1.0188722936204702,0.239999994635582,1.17,0,-0.3720442260422504,10.116938814294992
RNU6-359P,Pseudogene,RNU6,1.2221321703780892,0.17399999499321,0,0,6.233022788651963,0.9295864848024228
RNU6-35P,Pseudogene,RNU6,0.9413964480138156,0.164000004529953,0,0,-1.0920530761399068,9.312975153101144
RNU6-360P,Pseudogene,RNU6,0.7681620220696289,0.0549999997019768,0,0,2.1685746704421245,11.22356246389216
RNU6-361P,Pseudogene,RNU6,1.006320340980286,0.279000014066696,0,0,-0.806144138685683,9.628824457300363
RNU6-362P,Pseudogene,RNU6,1.3893713094824591,-0.0684999991208315,0,0,6.86224041331627,-0.860549107419791
RNU6-363P,Pseudogene,RNU6,0.8270067318347971,0.136999994516373,0,0,1.095535615571519,11.274430498254953
RNU6-364P,Pseudogene,RNU6,1.4283256452623412,0.30799999833107,0,0,0.7711154018721783,6.436669572961984
RNU6-365P,Pseudogene,RNU6,1.6711777543303166,-0.0425000004470348,0,0,3.5334101711592876,6.719193205011544
RNU6-366P,Pseudogene,RNU6,0.7864365902730902,0.30799999833107,0,0,5.384605029710313,-1.28585828863317
RNU6-367P,Pseudogene,RNU6,1.3893713094824591,0.305000007152557,0,0,1.836062172540208,7.256867155206857
RNU6-369P,Pseudogene,RNU6,1.770767355222742,-0.122499998658895,0,0,-11.059177776686171,-3.6603367479913853
RNU6-370P,Pseudogene,RNU6,1.2357389050685337,0.282999992370605,0,0,6.228409389146348,0.9906546918279507
RNU6-371P,Pseudogene,RNU6,1.1899707974734026,-0.171499997377396,0,0,3.68102965701439,8.998744234216867
RNU6-373P,Pseudogene,RNU6,1.098737515151945,0.30799999833107,0,0,-0.3134129549183643,9.065157159937081
RNU6-375P,Pseudogene,RNU6,1.4935741576936437,-0.0370000004768372,0,0,0.5988943373046124,-12.718484655248465
RNU6-376P,Pseudogene,RNU6,0.9830457378413626,0.238000005483627,0,0,5.386587241776963,0.22448612726992156
RNU6-377P,Pseudogene,RNU6,0.885383677611371,0.0105000003241002,1.56,0,3.8421491180739604,10.737165674341378
RNU6-378P,Pseudogene,RNU6,1.266015912846166,0.30799999833107,0,0,-0.3251011575379169,7.261023267877755
RNU6-379P,Pseudogene,RNU6,1.0353488123547172,0.194999992847443,5.7,0,-11.125375172010878,-2.949797645437064
RNU6-37P,Pseudogene,RNU6,1.6880212171282214,-0.234999999403954,1.93,0,-11.057297130934218,-3.5967638643854283
RNU6-380P,Pseudogene,RNU6,1.5257114847120463,-0.116999998688698,0,0,3.482035497315904,6.902617677820382
RNU6-381P,Pseudogene,RNU6,1.5437458994249549,-0.140000000596046,0,0,3.9283782039962016,7.174804910791574
RNU6-382P,Pseudogene,RNU6,1.04858212036412,0.282999992370605,0,0,0.37551928509094357,9.595173105371652
RNU6-383P,Pseudogene,RNU6,0.6651245630501135,0.30799999833107,0,0,0.9641637002310955,12.141493066919503
RNU6-384P,Pseudogene,RNU6,1.2023405562828977,0.327500000596046,0.69,0,6.830919841416856,0.7168994208402016
RNU6-386P,Pseudogene,RNU6,0.6492389296647005,-0.0759999975562096,0,0,6.178042510636827,-1.7682011278741978
RNU6-387P,Pseudogene,RNU6,0.7608461932880134,0.214000001549721,0.73,0,5.388199428208848,-1.2932984980219029
RNU6-388P,Pseudogene,RNU6,0.860087001108189,-0.282000005245209,1.7,0,2.593345264085313,-15.897299543248954
RNU6-389P,Pseudogene,RNU6,1.0254883474751486,-0.172000005841255,0.31,0,1.9648257290206157,-15.350901380407157
RNU6-38P,Pseudogene,RNU6,1.2335539663629311,0.214000001549721,0,0,-0.3915963674702442,7.417568430078683
RNU6-390P,Pseudogene,RNU6,1.0116781379726645,0.279000014066696,0,0,0.7870012914023602,10.578755602014718
RNU6-391P,Pseudogene,RNU6,0.7681620220696289,0.287000000476837,0,0,5.106947520860215,-0.5174693020456455
RNU6-392P,Pseudogene,RNU6,1.272444021060668,-0.238000005483627,0,0,4.448401549943467,8.259286150110421
RNU6-393P,Pseudogene,RNU6,0.9413964480138156,0.20100000500679,0,0,-1.116499205938796,9.35528968252009
RNU6-394P,Pseudogene,RNU6,1.103706180429991,0.0149999996647239,0,0,2.191107371934434,-14.336815610753836
RNU6-395P,Pseudogene,RNU6,0.8192047815344689,0.296999990940094,0.32,0,5.24746237147667,-0.16658522211247895
RNU6-396P,Pseudogene,RNU6,1.2570502323888917,0.261999994516373,8.18,0,1.1943217312178813,8.342414602411447
RNU6-398P,Pseudogene,RNU6,1.3065188919445143,-0.180000007152557,0,0,3.0980254207930766,8.162495836389718
RNU6-399P,Pseudogene,RNU6,1.2405100977521957,-0.14750000089407,0,0,4.051662543900987,8.797265276086984
RNU6-3P,Pseudogene,RNU6,1.168630073396461,0.172999992966652,1.75,0,-0.7080505098023212,8.22522090352839
RNU6-400P,Pseudogene,RNU6,1.4090322242392863,0.319000005722046,0,0,1.4787335192046367,7.089471563471017
RNU6-401P,Pseudogene,RNU6,1.230172513604261,-0.0245000002905726,0,0,4.245483497270127,8.975365862024484
RNU6-402P,Pseudogene,RNU6,1.2140137655671974,-0.150000005960464,0,0,3.626832822450181,8.912298425806222
RNU6-403P,Pseudogene,RNU6,0.801560370855265,-0.0600000005215406,0,0,2.8441451584181987,11.370818361414132
RNU6-405P,Pseudogene,RNU6,1.23148820613218,0.347000002861023,0,0,-12.201543232313613,-3.9286620768182896
RNU6-406P,Pseudogene,RNU6,1.5581734311952813,0.293000012636185,0,0,-12.28999461781166,-4.850235238897147
RNU6-407P,Pseudogene,RNU6,1.2357389050685337,0.114000000059605,0.38,0,7.643704990037461,0.29677237547701385
RNU6-408P,Pseudogene,RNU6,1.3893713094824591,0.152999997138977,0,0,1.7901233230910503,7.487470850122628
RNU6-409P,Pseudogene,RNU6,1.1689422074972615,0.20100000500679,0.25,0,0.12336030054905056,8.899224504602609
RNU6-40P,Pseudogene,RNU6,1.330939805812636,0.118000000715256,0,0,0.47016252029754757,6.72779773153132
RNU6-410P,Pseudogene,RNU6,1.266015912846166,-0.0740000009536743,0,0,4.621521094926377,9.062295183313546
RNU6-411P,Pseudogene,RNU6,1.3958636987791062,0.30799999833107,0.09,0,0.45130998838760494,6.591180547846017
RNU6-412P,Pseudogene,RNU6,1.2124230766710138,0.30799999833107,0,0,1.1411242281279765,8.699667200220285
RNU6-413P,Pseudogene,RNU6,1.168630073396461,0.090999998152256,0,0,3.9602404629073344,9.30577395833796
RNU6-414P,Pseudogene,RNU6,0.7013653244983569,0.123000003397465,0,0,2.020265439637681,11.467809900415597
RNU6-415P,Pseudogene,RNU6,1.4681500950716708,0.277999997138977,0.99,0,1.989781597741624,7.222788557184396
RNU6-416P,Pseudogene,RNU6,0.9779555333735755,0.202999994158745,0,0,5.916045764573594,-0.4898747357004306
RNU6-418P,Pseudogene,RNU6,0.9738583944970508,-0.0700000002980232,5.48,0,2.6787723099074565,10.304408296716867
RNU6-419P,Pseudogene,RNU6,1.433478335180315,0.347000002861023,0,0,8.066595653184434,0.8016157967573979
RNU6-41P,Pseudogene,RNU6,1.2335539663629311,0.0549999997019768,0,0,-11.267207523695449,-3.3082304152124546
RNU6-420P,Pseudogene,RNU6,1.298477859329401,0.361000001430511,0,0,0.6548967157683575,7.869449361932931
RNU6-421P,Pseudogene,RNU6,1.201092019879696,0.003000000026077,0.08,0,-13.109833141676406,-4.012044683324637
RNU6-422P,Pseudogene,RNU6,0.9738583944970508,-0.138999998569489,0,0,3.147750714906236,10.576675638330636
RNU6-424P,Pseudogene,RNU6,0.5623645776476621,0.130999997258186,0,0,2.0003832374892436,11.986550554407296
RNU6-425P,Pseudogene,RNU6,0.7491708041326987,-0.046000000089407,0,0,6.245736220963975,-1.7413890513055943
RNU6-426P,Pseudogene,RNU6,1.217490322742361,0.115000002086163,0,0,2.1999286209426128,-13.34432198129827
RNU6-428P,Pseudogene,RNU6,1.0387822874635209,0.30799999833107,0,0,-0.6518455947556293,9.754999384058175
RNU6-429P,Pseudogene,RNU6,1.3829390349015218,-0.222000002861023,0,0,3.0344480072341167,8.041569456232248
RNU6-430P,Pseudogene,RNU6,1.6880212171282214,-0.143999993801117,0.47,0,-13.171296497694472,-4.425673261510672
RNU6-431P,Pseudogene,RNU6,1.3958636987791062,0.30799999833107,0,0,0.4198346232257092,6.565239175928292
RNU6-432P,Pseudogene,RNU6,1.115321005318488,-0.230000004172325,0,0,4.242169955857774,9.787448152673898
RNU6-433P,Pseudogene,RNU6,0.801560370855265,-0.188500002026558,0,0,6.504181960710069,-1.4133742006891392
RNU6-434P,Pseudogene,RNU6,0.7466247691144057,0.20100000500679,0.06,0,5.255438426621934,0.7273650316125729
RNU6-435P,Pseudogene,RNU6,1.157809424568716,0.0189999993890524,0,0,6.831773856767198,-0.8379755171411655
RNU6-436P,Pseudogene,RNU6,0.5484360432167602,0.325499996542931,0,0,1.2639936004958354,12.222403749597726
RNU6-438P,Pseudogene,RNU6,0.910510324175398,-0.068000003695488,0,0,3.1105354820571147,11.042842134607492
RNU6-439P,Pseudogene,RNU6,1.6384095630689377,0.214000001549721,0,0,2.2574633156142436,6.352697118890939
RNU6-43P,Pseudogene,RNU6,1.330939805812636,-0.41100001335144,0.56,0,6.825968364366075,-0.9139471205347202
RNU6-440P,Pseudogene,RNU6,0.5954448469210539,-0.123000003397465,0,0,2.485805610307237,11.819292291773019
RNU6-441P,Pseudogene,RNU6,1.4418004155006654,-0.110500004142523,0,0,3.5046573673567973,7.240501627100167
RNU6-442P,Pseudogene,RNU6,1.3025356026398056,0.304499998688698,0,0,0.9019428287825787,7.923209890497384
RNU6-444P,Pseudogene,RNU6,1.157809424568716,0.33899998664856,2.87,0,1.304234722741624,9.174945100916085
RNU6-445P,Pseudogene,RNU6,1.136168126913226,0.305000007152557,0,0,-0.24174689304015995,8.858491167200265
RNU6-446P,Pseudogene,RNU6,1.0158139291027417,0.381999999284744,1.46,0,7.1106148754439555,0.015391096246896052
RNU6-447P,Pseudogene,RNU6,0.9685521147834452,0.25,0.07,0,0.3834988271079266,10.728116258753
RNU6-448P,Pseudogene,RNU6,1.2335539663629311,-0.046000000089407,0.26,0,4.33058176387169,9.128948434961496
RNU6-449P,Pseudogene,RNU6,1.330939805812636,-0.108999997377396,0,0,4.378947356828233,8.089153513086496
RNU6-44P,Pseudogene,RNU6,1.266015912846166,0.29899999499321,0,0,-0.3012243713059223,7.195714697015939
RNU6-450P,Pseudogene,RNU6,1.3634017522958712,0.238000005483627,0,0,-11.319212337843398,-3.4381764086359166
RNU6-451P,Pseudogene,RNU6,0.9413964480138156,-0.0860000029206276,0,0,-12.356629749647597,-3.087908283101859
RNU6-452P,Pseudogene,RNU6,1.266015912846166,0.211999997496605,0,0,2.2002094780287944,-12.825063482152762
RNU6-453P,Pseudogene,RNU6,0.9807326890464418,-0.108999997377396,0,0,6.8803549801192485,-1.6141367109888218
RNU6-454P,Pseudogene,RNU6,1.103706180429991,-0.207000002264977,0,0,-12.968250652662734,-3.6946184786432408
RNU6-455P,Pseudogene,RNU6,1.006320340980286,0.263999998569489,0.21,0,5.389201739915391,0.21432982362574127
RNU6-456P,Pseudogene,RNU6,0.9413964480138156,0.185000002384186,0,0,0.5599803124747479,10.755355104578195
RNU6-45P,Pseudogene,RNU6,1.3634017522958712,0.232999995350838,0.35,0,5.404296020158311,1.313192233217416
RNU6-460P,Pseudogene,RNU6,1.1256480516640297,0.194999992847443,0.72,0,0.24763099301674008,9.17132686055964
RNU6-461P,Pseudogene,RNU6,1.0387822874635209,-0.256000012159348,0.67,0,3.4503642116866313,10.097741350305734
RNU6-462P,Pseudogene,RNU6,1.3893713094824591,0.30799999833107,0,0,1.6285494362197124,7.186913236749826
RNU6-463P,Pseudogene,RNU6,1.006320340980286,0.0089999996125698,0,0,2.669160464890977,10.363896593225656
RNU6-464P,Pseudogene,RNU6,1.001950463569081,-0.163500003516674,0,0,3.9042027984938823,10.439974054468331
RNU6-466P,Pseudogene,RNU6,1.1802911609681086,0.30799999833107,0.09,0,1.059367517121812,8.831238016260324
RNU6-467P,Pseudogene,RNU6,1.4841011714926269,0.338500007987022,5.72,0,-11.256659885755996,-3.509252801763358
RNU6-468P,Pseudogene,RNU6,1.115321005318488,0.211999997496605,0,0,-0.1708878929533756,9.127244218958078
RNU6-469P,Pseudogene,RNU6,0.8597594736896406,-0.223000004887581,0,0,3.242813924439927,11.079392656458078
RNU6-46P,Pseudogene,RNU6,1.330939805812636,0.137999996542931,1.09,0,0.4072310422740185,6.729724630487619
RNU6-470P,Pseudogene,RNU6,1.001950463569081,0.211999997496605,0,0,-0.2221101577200687,10.280641779077706
RNU6-471P,Pseudogene,RNU6,1.2779594591937713,0.284000009298325,0,0,0.8327148948989117,7.975309118402658
RNU6-472P,Pseudogene,RNU6,1.4932495382288111,0.284000009298325,0,0,1.8328994308791362,6.743502840173898
RNU6-473P,Pseudogene,RNU6,0.4220053042820553,-0.167999997735023,0,0,2.2167130504927837,12.337466463220773
RNU6-474P,Pseudogene,RNU6,0.8115486620808757,0.30799999833107,0,0,0.41572914470054745,11.708794817102609
RNU6-475P,Pseudogene,RNU6,1.3025356026398056,-0.163000002503395,0,0,4.5249706302962505,8.122359499109445
RNU6-476P,Pseudogene,RNU6,1.2335539663629311,0.30799999833107,1.84,0,-0.3711284602799213,7.452224477899728
RNU6-477P,Pseudogene,RNU6,1.4607875917455764,0.214000001549721,0,0,0.9686532412848675,6.258191808832345
RNU6-478P,Pseudogene,RNU6,1.2946414474722916,0.214000001549721,0,0,1.6237945352874004,8.330415472162423
RNU6-479P,Pseudogene,RNU6,0.7608461932880134,0.0610000006854534,1.37,0,3.5988555942855083,-15.835276380407157
RNU6-47P,Pseudogene,RNU6,1.6880212171282214,0.0769999995827675,0.66,0,2.7674723659835063,6.138087019098458
RNU6-480P,Pseudogene,RNU6,1.201092019879696,-0.104999996721745,0,0,2.812513450273057,8.905178293359933
RNU6-481P,Pseudogene,RNU6,0.7790867155976406,-0.184000000357628,0.71,0,2.7160626446089946,11.505785211694894
RNU6-482P,Pseudogene,RNU6,1.5906353776785165,-0.0149999996647239,0,0,3.5079835449538432,5.905889734399972
RNU6-483P,Pseudogene,RNU6,0.7718729497124773,0.284000009298325,0.42,0,0.9528443609557354,11.481630548608956
RNU6-484P,Pseudogene,RNU6,1.5906353776785165,0.0850000008940697,0.67,0,2.1295567547164165,6.408445581567941
RNU6-485P,Pseudogene,RNU6,1.0387822874635209,-0.0900000035762787,10.96,0,2.8328012024245464,10.03526614583796
RNU6-486P,Pseudogene,RNU6,1.103706180429991,0.0270000007003546,0,0,2.903190711625596,9.4833652821905
RNU6-487P,Pseudogene,RNU6,0.9351537659978092,0.282000005245209,0,0,-1.104161878935317,9.375810846460519
RNU6-488P,Pseudogene,RNU6,1.0876391564130363,-0.142000004649162,0,0,4.188517669328233,9.970190271509347
RNU6-489P,Pseudogene,RNU6,1.0387822874635209,0.144999995827675,0.09,0,7.418946841844102,-0.5211228283517978
RNU6-48P,Pseudogene,RNU6,1.006320340980286,0.211999997496605,0.91,0,-1.0678032840409077,9.22355197347468
RNU6-490P,Pseudogene,RNU6,1.3958636987791062,0.003000000026077,0.3,0,3.413235763200303,7.739982828272042
RNU6-491P,Pseudogene,RNU6,1.1367583441220122,-0.0665000006556511,0,0,4.156803706773301,9.67135070241755
RNU6-492P,Pseudogene,RNU6,1.2023405562828977,0.421000003814697,0,0,-11.65132274281166,-3.6221239718073033
RNU6-493P,Pseudogene,RNU6,1.318616289092149,0.217999994754791,0,0,1.3387132679305278,7.617666944635568
RNU6-494P,Pseudogene,RNU6,1.0806221295974685,-0.134499996900558,0,0,2.878851512559434,9.635471567285714
RNU6-495P,Pseudogene,RNU6,1.6880212171282214,0.303999990224838,0.71,0,6.00289736140587,1.6269191948301174
RNU6-496P,Pseudogene,RNU6,0.8420432178681572,0.305000007152557,0,0,0.16427501488544582,11.70140384115046
RNU6-497P,Pseudogene,RNU6,1.0353488123547172,0.375999987125397,0,0,5.404823878892442,0.2713045922643521
RNU6-498P,Pseudogene,RNU6,0.5518530902149955,0.298000007867813,0,0,1.28558824408867,12.312359079492746
RNU6-499P,Pseudogene,RNU6,1.5906353776785165,-0.149000003933907,0,0,3.4141827617964946,6.704963430536447
RNU6-49P,Pseudogene,RNU6,1.298477859329401,0.146999999880791,2.66,0,5.53588018763878,1.1897809354192592
RNU6-4P,Pseudogene,RNU6,1.330939805812636,0.360000014305115,0,0,-0.031066797561267623,6.935219511163888
RNU6-500P,Pseudogene,RNU6,1.266015912846166,-0.0209999997168779,0,0,3.727936843522569,8.453783258569894
RNU6-501P,Pseudogene,RNU6,0.5557485237929837,0.239999994635582,0,0,-13.46982516895912,-2.7800359877222203
RNU6-502P,Pseudogene,RNU6,0.9648411871405967,0.214000001549721,0,0,-12.039679905287246,-2.7796235235803746
RNU6-503P,Pseudogene,RNU6,0.6946856547412297,0.171000003814697,0,0,1.8033777271590434,11.677557214868722
RNU6-504P,Pseudogene,RNU6,0.7681620220696289,0.197999998927116,0,0,1.0007555281005107,11.420159563196359
RNU6-505P,Pseudogene,RNU6,0.8764725550473457,0.214000001549721,0,0,0.8089712058387005,11.097163423669992
RNU6-506P,Pseudogene,RNU6,0.775978656891799,0.301999986171722,0,0,0.814382771142503,11.75904487050837
RNU6-507P,Pseudogene,RNU6,1.2851684612712748,0.0360000003129244,0,0,8.347817042954942,-1.0156942757242344
RNU6-508P,Pseudogene,RNU6,1.315181579364464,-0.214000001549721,0,0,4.327890018113633,8.254198774469552
RNU6-509P,Pseudogene,RNU6,1.2335539663629311,0.347000002861023,0.99,0,-11.97573794972084,-4.128251329290213
RNU6-50P,Pseudogene,RNU6,0.9779555333735755,0.20100000500679,0.75,0,0.3858450149378979,10.675189241541085
RNU6-510P,Pseudogene,RNU6,1.736714136853074,0.0175000000745058,1.07,0,3.0152731930098735,6.232843622339425
RNU6-511P,Pseudogene,RNU6,1.168630073396461,-0.241999998688698,0,0,2.8283251320204936,8.848484262598214
RNU6-512P,Pseudogene,RNU6,0.910510324175398,0.204999998211861,0,0,0.15958219219066738,10.645903810632882
RNU6-514P,Pseudogene,RNU6,1.4283256452623412,0.252000004053116,0,0,0.7582980190596783,6.344243272913156
RNU6-516P,Pseudogene,RNU6,1.4027306489967135,0.28999999165535,4.16,0,-11.45883121143959,-3.1214673670404576
RNU6-517P,Pseudogene,RNU6,0.8525687580915091,-0.0925000011920929,0,0,-13.428481479994277,-3.390722528325858
RNU6-518P,Pseudogene,RNU6,1.157809424568716,0.284000009298325,0,0,-12.245687862745742,-3.926913991796317
RNU6-519P,Pseudogene,RNU6,1.1899707974734026,0.214000001549721,0,0,-12.38510074268959,-4.643288389074149
RNU6-520P,Pseudogene,RNU6,0.6345686269270847,-0.25900000333786,0,0,2.5455561672530376,11.7987949696905
RNU6-522P,Pseudogene,RNU6,1.3634017522958712,-0.0579999983310699,0,0,3.6829768215499126,7.753644212854562
RNU6-523P,Pseudogene,RNU6,1.286454916187462,0.165999993681908,0,0,1.7414632831893169,8.43120644964045
RNU6-524P,Pseudogene,RNU6,1.2335539663629311,0.284000009298325,0,0,0.2424596642337048,8.037696584833322
RNU6-525P,Pseudogene,RNU6,1.1689422074972615,0.30799999833107,0,0,8.468126872666856,-0.059499338495077825
RNU6-526P,Pseudogene,RNU6,1.6384095630689377,-0.229000002145767,0,0,3.5371075664839946,6.729637846124826
RNU6-527P,Pseudogene,RNU6,1.0353488123547172,0.347000002861023,0.27,0,-0.805635174623946,9.599264368189035
RNU6-528P,Pseudogene,RNU6,1.1809656130600903,0.30799999833107,0,0,1.2255469356856548,8.976055368555246
RNU6-529P,Pseudogene,RNU6,1.0353488123547172,0.144999995827675,0,0,-11.071938892714003,-2.8755793722742222
RNU6-530P,Pseudogene,RNU6,1.0387822874635209,0.0419999994337559,3.27,0,4.098049739488145,10.128211244714914
RNU6-531P,Pseudogene,RNU6,1.3693323002110775,0.305000007152557,1.89,0,1.209328511842271,7.294915422571359
RNU6-532P,Pseudogene,RNU6,1.136168126913226,0.30799999833107,0,0,5.592321017869493,0.7927937952405789
RNU6-533P,Pseudogene,RNU6,1.6230973241617517,0.305000007152557,0,0,6.051024058946153,1.6121852246648647
RNU6-534P,Pseudogene,RNU6,0.7864365902730902,0.0564999990165234,0.37,0,2.5589982067427837,11.511069521082101
RNU6-535P,Pseudogene,RNU6,1.266015912846166,-0.172000005841255,0,0,4.169701675065538,8.58597873128718
RNU6-536P,Pseudogene,RNU6,1.298477859329401,0.301999986171722,0,0,6.800046065934678,0.9992638675100186
RNU6-537P,Pseudogene,RNU6,0.9442329287744868,0.263999998569489,0,0,0.3418478761992657,10.791873201502023
RNU6-538P,Pseudogene,RNU6,0.7790867155976406,-0.116999998688698,0,0,2.769884446748277,11.45743869222468
RNU6-539P,Pseudogene,RNU6,1.5175172069589966,0.30799999833107,0,0,0.9814893995604718,6.139197096002755
RNU6-53P,Pseudogene,RNU6,1.2451912679323929,-0.025000000372529,0.37,0,7.4982677494368755,-1.160270229207816
RNU6-540P,Pseudogene,RNU6,1.272444021060668,-0.0439999997615814,2.77,0,4.091476539262315,8.669790014398751
RNU6-541P,Pseudogene,RNU6,1.1367583441220122,0.30799999833107,0.35,0,-0.5409345830597675,8.745276674402414
RNU6-542P,Pseudogene,RNU6,0.8430651149772205,0.347000002861023,0,0,0.9186988865218365,11.116112932336984
RNU6-543P,Pseudogene,RNU6,1.3829390349015218,0.28600001335144,0,0,-11.456982990614394,-4.084636464940848
RNU6-544P,Pseudogene,RNU6,1.330939805812636,-0.19200000166893,0,0,4.2208395992598735,8.25362084783381
RNU6-545P,Pseudogene,RNU6,1.5697223929248938,0.152999997138977,0,0,2.223298171647569,6.492046102655587
RNU6-546P,Pseudogene,RNU6,0.5193911437317604,0.214000001549721,0,0,1.4556498323760234,12.303285822046456
RNU6-547P,Pseudogene,RNU6,0.9194368959810392,0.293999999761581,0,0,-12.58009185444496,-3.107390180455985
RNU6-548P,Pseudogene,RNU6,0.9363154476947008,-0.186000004410744,2.65,0,2.650295356400987,10.11959288991755
RNU6-549P,Pseudogene,RNU6,1.4607875917455764,0.305000007152557,5.87,0,-11.190174480787734,-3.4009874018304966
RNU6-54P,Pseudogene,RNU6,1.298477859329401,0.164000004529953,0,0,1.2891310249648296,7.741883978021798
RNU6-550P,Pseudogene,RNU6,0.7909787157944694,-0.0410000011324883,0.23,0,2.8512347732863628,11.4392340031988
RNU6-551P,Pseudogene,RNU6,0.9442329287744868,0.30799999833107,0,0,-0.22665787290714146,10.362935289514718
RNU6-552P,Pseudogene,RNU6,1.0215965510900435,0.214000001549721,0,0,-0.7785566652931964,9.577037080896554
RNU6-553P,Pseudogene,RNU6,1.3748986916753505,0.078999999910593,0.71,0,7.408036330827256,-0.7846969517343662
RNU6-554P,Pseudogene,RNU6,1.376264032977908,-0.261000007390976,0,0,6.8716808353743755,-0.9168130310648105
RNU6-555P,Pseudogene,RNU6,0.9830457378413626,-0.0654999986290932,0,0,4.143671611436387,10.424650415552316
RNU6-556P,Pseudogene,RNU6,1.356291040209067,0.30799999833107,0,0,0.6509278808913433,7.30375455297297
RNU6-557P,Pseudogene,RNU6,1.0104518614417886,0.261999994516373,0,0,5.2777219806990825,0.9362905619270184
RNU6-558P,Pseudogene,RNU6,1.4027306489967135,0.30799999833107,0,0,5.362442592271348,1.3312048164731838
RNU6-559P,Pseudogene,RNU6,1.1341806608020075,0.301999986171722,0,0,-12.498631855360488,-3.61995150171453
RNU6-55P,Pseudogene,RNU6,0.8115486620808757,-0.116500001400709,0,0,2.8755677734694682,11.413702234399972
RNU6-560P,Pseudogene,RNU6,1.4794231536155815,-0.136000007390976,0,0,3.502407172807237,7.022649034631906
RNU6-561P,Pseudogene,RNU6,0.9194368959810392,0.390000000596046,0,0,0.36770776856758236,11.04777072347468
RNU6-562P,Pseudogene,RNU6,0.9413964480138156,0.120999999344349,0,0,0.3348046039424145,10.596766695154367
RNU6-563P,Pseudogene,RNU6,0.9326798142359102,-0.028999999165535,0,0,-12.596078297010878,-2.840960040914359
RNU6-564P,Pseudogene,RNU6,1.2691372538541694,0.0604999996721745,1.23,0,3.388586143144151,8.230939134729562
RNU6-565P,Pseudogene,RNU6,1.3893713094824591,-0.150999993085861,0,0,4.395454982408067,7.800096258295236
RNU6-566P,Pseudogene,RNU6,1.5581734311952813,-0.096000000834465,0,0,4.161678413041612,7.389295324457345
RNU6-567P,Pseudogene,RNU6,1.330939805812636,0.30799999833107,0,0,0.4160020147643292,7.15052722371882
RNU6-56P,Pseudogene,RNU6,1.6433424090652744,0.312000006437302,0,0,2.374555686601182,6.465574487817941
RNU6-570P,Pseudogene,RNU6,0.860087001108189,-0.188999995589256,0,0,3.198715308793565,11.139589532983956
RNU6-571P,Pseudogene,RNU6,1.201092019879696,0.30799999833107,0,0,-0.195999434105376,7.857732996118722
RNU6-572P,Pseudogene,RNU6,0.9986106286905176,-0.0750000029802322,0,0,6.58462057460167,-1.1809493454569004
RNU6-573P,Pseudogene,RNU6,1.736714136853074,0.30799999833107,0,0,2.465948203691026,6.359128698480783
RNU6-574P,Pseudogene,RNU6,1.330939805812636,-0.135000005364418,0.55,0,3.106536010392686,8.042129263055978
RNU6-575P,Pseudogene,RNU6,0.8270067318347971,-0.0850000008940697,0,0,3.072558263429185,-15.860623136388602
RNU6-576P,Pseudogene,RNU6,1.6005012633744016,0.30799999833107,0,0,2.2629936729750835,6.449364885461984
RNU6-577P,Pseudogene,RNU6,1.4177258260025094,0.30799999833107,1.62,0,7.893510917314073,0.9158685652143338
RNU6-578P,Pseudogene,RNU6,1.3826267885626415,0.204999998211861,0,0,1.753200033792039,-12.307684675084891
RNU6-579P,Pseudogene,RNU6,0.7151175857630304,-0.0685000009834766,0,0,3.4095021282515727,-16.010603681432546
RNU6-57P,Pseudogene,RNU6,1.2140137655671974,-0.330000013113022,0,0,4.345096686967393,9.167941316736398
RNU6-580P,Pseudogene,RNU6,0.9738583944970508,0.30799999833107,0,0,-0.8282516802468097,9.670025095117746
RNU6-581P,Pseudogene,RNU6,1.356291040209067,-0.0890000015497208,0,0,4.491732219346543,8.133704408777414
RNU6-582P,Pseudogene,RNU6,1.3634017522958712,-0.247999995946884,0,0,3.1007901226363384,8.1543538419134
RNU6-583P,Pseudogene,RNU6,1.3591675853632754,-0.235999993979931,2.75,0,4.565586188920518,8.018525823724923
RNU6-584P,Pseudogene,RNU6,1.060309683552403,0.347000002861023,1.13,0,-11.634132763258437,-3.2903044375055455
RNU6-586P,Pseudogene,RNU6,1.4027306489967135,0.0314999995753169,0,0,8.548234561570665,-0.9811244162195346
RNU6-587P,Pseudogene,RNU6,0.9175093553186052,-0.176500000059605,0,0,3.3443892990431987,11.026162370813546
RNU6-588P,Pseudogene,RNU6,1.3893713094824591,0.453999996185303,0,0,1.7924566065154277,7.149355634821115
RNU6-589P,Pseudogene,RNU6,0.7790867155976406,0.293000012636185,1.33,0,0.0607538839063847,11.623741373193917
RNU6-58P,Pseudogene,RNU6,1.5175172069589966,0.0329999998211861,0,0,0.7176129614196026,-12.580020681249442
RNU6-590P,Pseudogene,RNU6,1.4607875917455764,0.0939999967813492,0,0,1.3807382379851543,6.393717035425363
RNU6-591P,Pseudogene,RNU6,1.081350311625499,0.197999998927116,0,0,0.15470340300418972,9.23939155019587
RNU6-592P,Pseudogene,RNU6,1.112845951769931,-0.230000004172325,0,0,-13.008550068251113,-3.7225558909052037
RNU6-593P,Pseudogene,RNU6,1.5196248697464398,-0.214000001549721,0.85,0,3.5798998867354594,6.960403665674386
RNU6-595P,Pseudogene,RNU6,1.298477859329401,0.293000012636185,0.56,0,-0.0715495179214275,7.003375276697335
RNU6-596P,Pseudogene,RNU6,1.0278512238518194,-0.252999991178513,0,0,6.661244491227647,-1.2006360443704747
RNU6-597P,Pseudogene,RNU6,1.3280755164170566,0.30799999833107,0,0,-12.269172092787246,-4.82828308664495
RNU6-598P,Pseudogene,RNU6,1.3232107709356753,0.30799999833107,0,0,6.044314006455918,1.1385317293531276
RNU6-599P,Pseudogene,RNU6,1.7854070565779263,-0.20100000500679,0,0,3.3580912147841655,6.427891954553781
RNU6-59P,Pseudogene,RNU6,1.266015912846166,0.303000003099442,0.73,0,-0.13880801748416782,7.465676530969796
RNU6-5P,Pseudogene,RNU6,1.136168126913226,0.0759999975562096,1.75,0,-0.8173709715523517,8.69231246389216
RNU6-600P,Pseudogene,RNU6,0.9823837541795166,0.187999993562698,0,0,-12.061128994337539,-3.0440955313318394
RNU6-601P,Pseudogene,RNU6,0.6492389296647005,-0.118000000715256,0,0,2.566557983048936,11.650058015955148
RNU6-602P,Pseudogene,RNU6,1.190889693842108,0.006000000052154,0.09,0,4.204835513719102,9.141664728296456
RNU6-603P,Pseudogene,RNU6,1.006320340980286,0.294999986886978,0.26,0,-0.4587677026905811,9.998757585657296
RNU6-604P,Pseudogene,RNU6,1.2851684612712748,0.30799999833107,0,0,1.1821876560530864,8.298697218073068
RNU6-605P,Pseudogene,RNU6,1.2221321703780892,0.305000007152557,0,0,6.502065280564805,0.9020456371433118
RNU6-606P,Pseudogene,RNU6,1.06393298473882,0.104999996721745,0.66,0,3.9976783787093364,10.045234903467355
RNU6-607P,Pseudogene,RNU6,0.868357068426537,-0.0315000005066395,0,0,3.8578191791854106,10.750875696314035
RNU6-608P,Pseudogene,RNU6,1.60312074171053,0.284000009298325,0,0,2.3360055481276714,6.4655244199163295
RNU6-609P,Pseudogene,RNU6,0.6817008761479356,0.289000004529953,0,0,5.176421264298936,0.2764114586240628
RNU6-60P,Pseudogene,RNU6,1.2140137655671974,0.305000007152557,12.28,0,-0.18347526144168735,7.8021333066350795
RNU6-610P,Pseudogene,RNU6,1.2335539663629311,-0.160999998450279,0.68,0,3.9178825413069926,8.82789538778132
RNU6-611P,Pseudogene,RNU6,1.1021455099259891,0.136999994516373,5.55,0,-11.529040714613418,-2.810787692891898
RNU6-612P,Pseudogene,RNU6,0.9534901143507074,0.194999992847443,0,0,5.348938563951036,0.1661304084188321
RNU6-613P,Pseudogene,RNU6,0.9005184413312235,0.214000001549721,0,0,0.30909878958084225,10.800149187219796
RNU6-615P,Pseudogene,RNU6,1.1468866941482565,0.30799999833107,0,0,6.509098151811143,0.13502173103159454
RNU6-616P,Pseudogene,RNU6,0.8115486620808757,0.284000009298325,0,0,0.3599690293154919,11.728696092737374
RNU6-617P,Pseudogene,RNU6,0.9089345015305808,-0.180999994277954,0,0,3.16249618876793,10.868664964807687
RNU6-618P,Pseudogene,RNU6,1.147471840420781,0.347000002861023,0.34,0,6.364993194230577,0.4540082363015988
RNU6-619P,Pseudogene,RNU6,0.6110660851890446,0.0425000004470348,3.06,0,2.2086046730361186,11.587761148584542
RNU6-61P,Pseudogene,RNU6,1.2746525775068434,0.194000005722046,0,0,5.567932227738877,1.1045757380849697
RNU6-620P,Pseudogene,RNU6,1.1216278800509438,0.298000007867813,0,0,0.4837444220862591,9.288224443567453
RNU6-621P,Pseudogene,RNU6,1.2109199486315012,0.214000001549721,1.3,0,0.291230151542207,7.870065912378488
RNU6-622P,Pseudogene,RNU6,1.281458974765375,0.30799999833107,0,0,0.5740009938559735,7.807660326135812
RNU6-623P,Pseudogene,RNU6,1.1247291552953242,0.305000007152557,0.97,0,5.786002734788438,0.7360745852417329
RNU6-624P,Pseudogene,RNU6,0.7466247691144057,0.282999992370605,0,0,0.5592908059439862,11.944466814172921
RNU6-625P,Pseudogene,RNU6,1.298477859329401,-0.11599999666214,0,0,7.685221294053575,-1.0595086964243077
RNU6-626P,Pseudogene,RNU6,0.9738583944970508,-0.0729999989271164,0,0,2.7072189842543803,10.291313394678292
RNU6-627P,Pseudogene,RNU6,0.8172772408720348,0.30799999833107,0,0,0.8845377360663617,11.34232066549128
RNU6-628P,Pseudogene,RNU6,1.266015912846166,-0.101000003516674,0.26,0,2.7339418922744,8.63053153432673
RNU6-629P,Pseudogene,RNU6,0.6744520919817764,0.30799999833107,0,0,0.9706353341422284,11.934643968713937
RNU6-62P,Pseudogene,RNU6,1.2259158613080523,-0.119000002741814,0.56,0,4.241204837449571,9.078199609888253
RNU6-630P,Pseudogene,RNU6,0.7864365902730902,0.0084999999962747,0,0,2.3450253998122417,11.214362367761789
RNU6-632P,Pseudogene,RNU6,1.0311740187565128,-0.08249999769032,0,0,3.4943359886489116,10.180305704248605
RNU6-633P,Pseudogene,RNU6,1.315181579364464,0.277999997138977,0,0,-11.689306637159804,-3.575182691442313
RNU6-634P,Pseudogene,RNU6,0.9175093553186052,-0.239500001072884,0,0,3.098596910127183,10.737396463525949
RNU6-635P,Pseudogene,RNU6,1.2599690796777203,0.144000001251698,0,0,1.7320213114104472,8.487631067407785
RNU6-636P,Pseudogene,RNU6,1.330939805812636,0.145999997854233,0,0,1.2955353056273662,7.557129606378732
RNU6-637P,Pseudogene,RNU6,1.0712442339467558,0.146999999880791,0.21,0,-0.4679791833081043,9.182673677576242
RNU6-638P,Pseudogene,RNU6,1.1689422074972615,0.458999991416931,5.51,0,1.284985045083543,9.124237283838449
RNU6-639P,Pseudogene,RNU6,1.103706180429991,0.30799999833107,0,0,-0.766951879374007,8.720542177332101
RNU6-63P,Pseudogene,RNU6,0.9871848777901684,0.263999998569489,0,0,0.45001004088737606,10.709964021814523
RNU6-640P,Pseudogene,RNU6,0.9593278089283648,0.0719999969005585,0,0,5.399932960160752,0.3459901360399106
RNU6-641P,Pseudogene,RNU6,0.6492389296647005,0.138999998569489,0,0,1.6965857540450298,11.859580263269601
RNU6-643P,Pseudogene,RNU6,1.266015912846166,0.194999992847443,0,0,0.1897287015996182,7.477352842462716
RNU6-644P,Pseudogene,RNU6,1.736714136853074,-0.035500000230968,0,0,3.4439254795394145,5.843349203241525
RNU6-645P,Pseudogene,RNU6,1.2779594591937713,-0.280499994754791,0,0,7.786815265306016,-1.4745066317194127
RNU6-646P,Pseudogene,RNU6,1.507336798023423,-0.262000009417534,0.37,0,4.014917472489854,7.238877042902169
RNU6-647P,Pseudogene,RNU6,1.2335539663629311,-0.27700001001358,0.26,0,3.412176469453355,8.925605043543039
RNU6-648P,Pseudogene,RNU6,0.9413964480138156,0.30799999833107,0,0,-0.3169248605885303,10.281971201074777
RNU6-649P,Pseudogene,RNU6,1.201092019879696,0.30799999833107,0,0,0.20817133236744045,8.252742990625558
RNU6-64P,Pseudogene,RNU6,0.9593278089283648,0.0140000004321337,0,0,4.096840480454942,10.46934054769343
RNU6-650P,Pseudogene,RNU6,1.2829780110085771,0.28600001335144,0,0,1.6616331135115825,8.500904306543527
RNU6-651P,Pseudogene,RNU6,0.6285251161944458,0.104000002145767,0,0,2.092227557786485,11.892200693262277
RNU6-652P,Pseudogene,RNU6,0.9738583944970508,-0.142000004649162,2.9,0,3.1719225441298686,10.6195318547613
RNU6-653P,Pseudogene,RNU6,1.343495841716529,0.0804999992251396,0.24,0,3.4119730984053813,8.009995683801828
RNU6-654P,Pseudogene,RNU6,1.2335539663629311,0.28999999165535,0,0,-0.03162593383274437,7.829987749231515
RNU6-655P,Pseudogene,RNU6,1.5257114847120463,0.30799999833107,0,0,1.29046306956627,6.290290578973947
RNU6-656P,Pseudogene,RNU6,1.6230973241617517,-0.123999997973442,0,0,3.430250028260728,6.67313407338923
RNU6-657P,Pseudogene,RNU6,0.8440106085641107,0.30799999833107,0,0,-13.27692260395668,-2.93676377855474
RNU6-658P,Pseudogene,RNU6,1.081350311625499,0.0559999998658895,7.01,0,-0.5188285912194049,9.180599435938058
RNU6-659P,Pseudogene,RNU6,1.0687471611403534,0.26800000667572,0,0,0.988486627229234,9.60819552816218
RNU6-65P,Pseudogene,RNU6,1.4886121173026348,-0.224500000476837,0,0,-12.983782192579726,-4.243664995061698
RNU6-660P,Pseudogene,RNU6,1.147187319756159,0.266999989748001,0,0,-11.621592899672011,-4.080364004003348
RNU6-661P,Pseudogene,RNU6,1.5906353776785165,0.101999998092651,0,0,2.1964982544264995,6.465913042200265
RNU6-662P,Pseudogene,RNU6,1.0687471611403534,0.211999997496605,0,0,0.19631893385269283,9.29792712606257
RNU6-663P,Pseudogene,RNU6,0.8192047815344689,0.293000012636185,0,0,0.4271259104094708,11.69586013234919
RNU6-664P,Pseudogene,RNU6,0.7141628226311706,0.303000003099442,0,0,0.8204086815200055,12.02563594259089
RNU6-665P,Pseudogene,RNU6,1.2335539663629311,0.44200000166893,0,0,0.5533226524672711,8.080637201440988
RNU6-666P,Pseudogene,RNU6,1.4607875917455764,0.326999992132187,0,0,1.5651653801284038,-11.775908246862235
RNU6-667P,Pseudogene,RNU6,1.4302351715260608,-0.221000000834465,0,0,4.010797122605821,7.3593747464544155
RNU6-668P,Pseudogene,RNU6,1.266015912846166,-0.170000001788139,0,0,7.726394275315782,-1.445797220098319
RNU6-669P,Pseudogene,RNU6,1.298477859329401,0.156000003218651,0,0,0.3144765292487347,6.761260255945382
RNU6-66P,Pseudogene,RNU6,1.0687471611403534,-0.175999999046326,0,0,2.9113322292647563,9.663301691187081
RNU6-670P,Pseudogene,RNU6,0.5677719293558127,0.30799999833107,0,0,1.194952348359605,12.126486047876535
RNU6-672P,Pseudogene,RNU6,1.298477859329401,-0.0700000002980232,0,0,2.8151510750136577,8.534466489923654
RNU6-673P,Pseudogene,RNU6,1.3359339514254416,0.284000009298325,0,0,1.7037290130934917,8.321265443933664
RNU6-674P,Pseudogene,RNU6,0.5193911437317604,0.0405000001192093,0.36,0,2.066400865205308,12.0947515813238
RNU6-675P,Pseudogene,RNU6,0.834958719640901,0.0919999983161688,0,0,2.2404807602248393,11.059271082056222
RNU6-677P,Pseudogene,RNU6,1.1348825052703255,0.0070000002160668,0,0,2.1440433060012065,-14.26147629343206
RNU6-678P,Pseudogene,RNU6,0.9559894331301324,0.30799999833107,1.15,0,5.382624724992295,0.02035878576105621
RNU6-679P,Pseudogene,RNU6,1.2451912679323929,0.214000001549721,0,0,1.6084232126555644,8.563367590082345
RNU6-67P,Pseudogene,RNU6,1.145873244933987,0.214000001549721,0.1,0,1.2098755632720195,9.202667459619699
RNU6-680P,Pseudogene,RNU6,1.2570502323888917,-0.125,0,0,3.786171773561021,8.74962161458796
RNU6-681P,Pseudogene,RNU6,1.703315788067438,0.0010000001639127,1.39,0,3.088967183717271,6.580281480920968
RNU6-682P,Pseudogene,RNU6,1.4090322242392863,0.287000000476837,0,0,6.625131229051133,1.2582278696424343
RNU6-684P,Pseudogene,RNU6,1.2451912679323929,0.214000001549721,0,0,0.31792415130951046,7.676595911157785
RNU6-685P,Pseudogene,RNU6,0.7312480576223469,0.103000000119209,0,0,2.2452283893904887,11.561775430811105
RNU6-686P,Pseudogene,RNU6,1.0387822874635209,0.214000001549721,0,0,5.417748073228379,0.7707215768820622
RNU6-687P,Pseudogene,RNU6,1.209845803201018,0.31700000166893,0,0,1.3438894544921123,8.988339647424874
RNU6-689P,Pseudogene,RNU6,1.2335539663629311,0.305000007152557,1.45,0,-11.65491332661293,-4.230516687261405
RNU6-68P,Pseudogene,RNU6,1.1689422074972615,0.268999993801117,0,0,1.30901775706627,9.14268039144343
RNU6-690P,Pseudogene,RNU6,0.9830457378413626,0.282999992370605,0,0,0.7749084626517498,10.651478037012277
RNU6-692P,Pseudogene,RNU6,0.9738583944970508,-0.18299999833107,0,0,3.2314897571883403,10.60674117482966
RNU6-694P,Pseudogene,RNU6,1.5358696448360518,0.214000001549721,0.43,0,2.04585013736107,6.522719129694162
RNU6-695P,Pseudogene,RNU6,1.3359339514254416,0.305000007152557,0,0,1.6084708963713847,8.111410364282785
RNU6-696P,Pseudogene,RNU6,1.266015912846166,-0.13400000333786,0,0,3.5786491428694926,8.740202173364816
RNU6-697P,Pseudogene,RNU6,1.298477859329401,-0.230000004172325,0,0,4.402649501451036,8.241654142511544
RNU6-698P,Pseudogene,RNU6,1.5581734311952813,0.203999996185303,0,0,5.9472800289473735,1.578630134237466
RNU6-699P,Pseudogene,RNU6,1.2630648268022358,0.221000000834465,0,0,2.210702279695054,-12.79920651041204
RNU6-700P,Pseudogene,RNU6,1.3958636987791062,-0.259999990463257,0,0,4.487656692155381,7.909050687921701
RNU6-701P,Pseudogene,RNU6,1.103706180429991,0.296999990940094,0,0,6.203367808946153,-0.1768137963884494
RNU6-702P,Pseudogene,RNU6,1.103706180429991,-0.36599999666214,0,0,3.2755740677199565,9.21982882894343
RNU6-703P,Pseudogene,RNU6,1.7529451100946911,0.284000009298325,0.21,0,3.358160117753526,5.639639600885568
RNU6-704P,Pseudogene,RNU6,0.4383938597881546,0.30799999833107,0,0,1.3706953321776592,12.384087785852609
RNU6-705P,Pseudogene,RNU6,1.135543858711625,0.28099998831749,0,0,0.026955900826236,8.817670091760812
RNU6-706P,Pseudogene,RNU6,1.3359339514254416,0.0499999988824129,0,0,4.006028274186631,8.011852964533029
RNU6-707P,Pseudogene,RNU6,1.060309683552403,0.416999995708466,0.09,0,-0.9913702214875019,8.926089510095773
RNU6-708P,Pseudogene,RNU6,1.298477859329401,-0.243000000715256,0,0,3.4059661423049175,8.59546540654963
RNU6-709P,Pseudogene,RNU6,1.2691372538541694,-0.0305000012740493,0,0,1.3362495695433818,-13.653017774450126
RNU6-70P,Pseudogene,RNU6,1.3314808382540235,0.211999997496605,0,0,1.1885070597014629,7.524556860101876
RNU6-710P,Pseudogene,RNU6,0.9924080782017566,0.214000001549721,0,0,-0.11216212611577869,10.416468843591867
RNU6-711P,Pseudogene,RNU6,0.9175093553186052,0.30799999833107,0,0,0.39061726082183956,11.0390293446905
RNU6-712P,Pseudogene,RNU6,1.4935741576936437,0.287000000476837,0,0,1.7426529918990337,6.648734792841134
RNU6-713P,Pseudogene,RNU6,1.4607875917455764,0.214000001549721,0,0,0.9968381916365826,6.314340814722238
RNU6-714P,Pseudogene,RNU6,0.8767877195763092,0.261000007390976,0.22,0,0.6135574971518719,11.114426836145578
RNU6-715P,Pseudogene,RNU6,0.8430651149772205,0.263999998569489,0,0,-13.2273458446183,-2.9145581873529576
RNU6-716P,Pseudogene,RNU6,0.9779555333735755,0.277999997138977,0,0,5.371240237840196,0.20833469904726531
RNU6-717P,Pseudogene,RNU6,1.3693323002110775,0.266000002622604,0,0,-11.380882641188125,-3.556057706701102
RNU6-718P,Pseudogene,RNU6,1.3232107709356753,-0.0370000004768372,0,0,1.1534197126708232,-13.446233526098075
RNU6-719P,Pseudogene,RNU6,0.9351537659978092,0.291500002145767,0,0,0.29190207470276,10.87574408925837
RNU6-71P,Pseudogene,RNU6,1.006320340980286,0.282999992370605,0,0,-0.7761180008568561,9.699419244898019
RNU6-720P,Pseudogene,RNU6,1.157809424568716,0.30799999833107,0,0,-0.5939425433792865,8.66404794133967
RNU6-722P,Pseudogene,RNU6,0.9017554172121732,-0.0130000002682209,1.26,0,2.5871420894942485,10.527821764124093
RNU6-723P,Pseudogene,RNU6,0.9738583944970508,0.268999993801117,0,0,-0.14031971048496128,10.34861300863093
RNU6-724P,Pseudogene,RNU6,1.190889693842108,-0.0920000001788139,0,0,4.532423595078965,9.42146228231257
RNU6-725P,Pseudogene,RNU6,0.7151175857630304,0.0769999995827675,0,0,2.1447337662062846,11.775483354700265
RNU6-726P,Pseudogene,RNU6,0.5843150366982305,0.30799999833107,0.73,0,1.2874488626799785,12.306196436060128
RNU6-727P,Pseudogene,RNU6,0.8115486620808757,0.30799999833107,0,0,-1.1290875877060689,9.53177951253718
RNU6-728P,Pseudogene,RNU6,1.2023405562828977,-0.167999997735023,0,0,-13.158326526991347,-3.816039338933768
RNU6-729P,Pseudogene,RNU6,1.7204831636114566,-0.273000001907349,0,0,3.390981296189805,6.485216840875802
RNU6-72P,Pseudogene,RNU6,1.3629908415808936,-0.0869999974966049,0,0,3.125703433640977,7.94797013677424
RNU6-730P,Pseudogene,RNU6,1.2691372538541694,-0.0580000001937151,0,0,4.188333133348008,8.752681001794992
RNU6-731P,Pseudogene,RNU6,1.4081465974484384,0.217999994754791,0.63,0,6.251489261277696,1.3655345288640834
RNU6-732P,Pseudogene,RNU6,1.5849624161571745,0.30799999833107,0,0,0.9558377658210003,6.09688256658381
RNU6-733P,Pseudogene,RNU6,1.3693323002110775,0.0579999973997474,0,0,3.4916626011214458,7.819532617700753
RNU6-735P,Pseudogene,RNU6,1.136168126913226,0.238000005483627,0,0,5.698760131486436,0.8225986806279996
RNU6-737P,Pseudogene,RNU6,1.2335539663629311,0.300000011920929,0,0,-11.74163856159828,-4.156030908452811
RNU6-738P,Pseudogene,RNU6,1.1468866941482565,0.30799999833107,0,0,-0.644010623804549,8.618476614130197
RNU6-739P,Pseudogene,RNU6,1.1465685563690198,-0.101999998092651,0.3,0,3.3180380855879985,9.504269823206124
RNU6-73P,Pseudogene,RNU6,1.2335539663629311,-0.0829999968409538,0,0,2.802097180970689,8.802088960779367
RNU6-740P,Pseudogene,RNU6,1.2901305016622835,-0.0640000030398369,0,0,4.0322481190047466,8.51100324071711
RNU6-741P,Pseudogene,RNU6,1.103706180429991,0.273999989032745,0,0,0.6321329270682537,9.387836679590402
RNU6-742P,Pseudogene,RNU6,0.9089345015305808,0.30799999833107,0.47,0,-0.8396117890991962,9.779565080774484
RNU6-743P,Pseudogene,RNU6,1.343495841716529,0.239999994635582,0.67,0,0.207883263119241,6.791686281336007
RNU6-744P,Pseudogene,RNU6,0.8764725550473457,0.30799999833107,0,0,0.32157901872017025,11.40799449361628
RNU6-745P,Pseudogene,RNU6,1.3107276504551504,0.0019999999203719,0,0,3.759884694703599,8.230478986871896
RNU6-746P,Pseudogene,RNU6,1.115321005318488,-0.158999994397163,0,0,2.916106561311265,9.383577570093331
RNU6-747P,Pseudogene,RNU6,0.5677719293558127,0.261999994516373,0.03,0,1.3315629755339824,12.336441263330636
RNU6-748P,Pseudogene,RNU6,1.5257114847120463,0.0769999995827675,1.18,0,1.3061873709044658,6.311333879602609
RNU6-74P,Pseudogene,RNU6,0.9738583944970508,-0.109999999403954,0,0,2.80405269015648,10.290806039941964
RNU6-750P,Pseudogene,RNU6,0.7466247691144057,0.256999999284744,4.4,0,1.003563622125169,11.455599054468331
RNU6-752P,Pseudogene,RNU6,1.2940222980473886,-0.136500000953674,0,0,-13.035022159925918,-4.169664159642997
RNU6-753P,Pseudogene,RNU6,1.3634017522958712,0.451999992132187,0,0,0.31450090754844784,6.674467786920724
RNU6-754P,Pseudogene,RNU6,1.0387822874635209,0.0439999997615814,0,0,3.7916921173415385,9.977364763391671
RNU6-755P,Pseudogene,RNU6,0.7756199057790428,-0.163000002503395,0,0,2.8191059624037944,11.492386087549386
RNU6-756P,Pseudogene,RNU6,1.266015912846166,0.301999986171722,0,0,-11.766696354261855,-4.023530736791434
RNU6-757P,Pseudogene,RNU6,1.5630427231677666,0.0405000001192093,1.65,0,1.7117681299529277,6.30680106557673
RNU6-759P,Pseudogene,RNU6,1.7872980437517072,0.294999986886978,0.77,0,-11.16766395222328,-3.6721336992853306
RNU6-75P,Pseudogene,RNU6,1.3693323002110775,0.0515000000596046,0,0,3.9579182659468852,7.9100739804632045
RNU6-760P,Pseudogene,RNU6,1.2532988616465484,0.211999997496605,0,0,6.225617507585069,1.028372600448785
RNU6-761P,Pseudogene,RNU6,1.4932495382288111,0.214000001549721,3.84,0,5.4507943188033305,1.378802105558572
RNU6-762P,Pseudogene,RNU6,0.9534901143507074,0.0149999996647239,1.95,0,2.7893565689406596,10.783019289148507
RNU6-763P,Pseudogene,RNU6,0.9175093553186052,0.30799999833107,0,0,0.8215221558890545,10.927072748315988
RNU6-764P,Pseudogene,RNU6,1.0585686167485404,0.308999985456467,0,0,0.9403290544829571,9.617172464502511
RNU6-765P,Pseudogene,RNU6,1.473575631269275,0.0179999992251396,0,0,0.7643697058043682,-12.703627363073172
RNU6-766P,Pseudogene,RNU6,0.7141628226311706,0.30799999833107,0.67,0,0.9290815984091961,11.937414392603097
RNU6-767P,Pseudogene,RNU6,1.3958636987791062,-0.0729999989271164,0.71,0,3.186423638947984,7.75162528432673
RNU6-768P,Pseudogene,RNU6,1.006320340980286,0.30799999833107,0,0,-0.11848228972337604,10.105980142725167
RNU6-769P,Pseudogene,RNU6,1.1689422074972615,0.282999992370605,0.22,0,0.21773160446502804,8.580239042413888
RNU6-76P,Pseudogene,RNU6,1.2691372538541694,0.245000004768372,0,0,0.05404550407149433,7.524066194666085
RNU6-770P,Pseudogene,RNU6,0.9924080782017566,0.228000000119209,0,0,0.6503071581206524,10.67120192922419
RNU6-771P,Pseudogene,RNU6,1.5581734311952813,0.146999999880791,0,0,5.9910985027632915,1.575095936430154
RNU6-772P,Pseudogene,RNU6,1.157809424568716,-0.250999987125397,0,0,3.5783649479232036,9.306343301904855
RNU6-774P,Pseudogene,RNU6,1.266015912846166,0.017000000923872,0,0,3.393823722489854,8.270900949609933
RNU6-775P,Pseudogene,RNU6,0.6874493458376751,-0.0670000016689301,0,0,-13.610521694532851,-3.0208654554956578
RNU6-776P,Pseudogene,RNU6,1.3693323002110775,0.28600001335144,0,0,-11.377666851393203,-3.5980370195978306
RNU6-777P,Pseudogene,RNU6,1.3025356026398056,0.305000007152557,0,0,0.3302225862822735,7.26343415654963
RNU6-778P,Pseudogene,RNU6,0.7418973011799539,0.284000009298325,0,0,5.314151862748643,-1.0739063175790928
RNU6-77P,Pseudogene,RNU6,0.9924080782017566,-0.0529999993741512,0,0,4.095659831651231,10.365603670252023
RNU6-780P,Pseudogene,RNU6,1.2023405562828977,-0.399000003933907,0.27,0,3.452133039124986,9.114302858484445
RNU6-782P,Pseudogene,RNU6,1.0687471611403534,0.214000001549721,0.32,0,1.0537866150222026,9.706592783106027
RNU6-783P,Pseudogene,RNU6,1.0585686167485404,0.282999992370605,0,0,-12.422219654432753,-4.109303727971854
RNU6-784P,Pseudogene,RNU6,0.6553638252275752,0.30799999833107,0.31,0,5.3322521244368755,-1.3183026465051793
RNU6-786P,Pseudogene,RNU6,1.19640307205434,-0.223000004887581,0.31,0,1.3672460113845073,-14.759673848974051
RNU6-787P,Pseudogene,RNU6,1.136168126913226,0.204999998211861,0,0,0.1317101811251843,9.109096750391183
RNU6-788P,Pseudogene,RNU6,1.0687471611403534,-0.210500001907349,0,0,6.689776519425889,-1.1723516138666294
RNU6-78P,Pseudogene,RNU6,1.3634017522958712,0.294999986886978,0,0,-11.695063015333632,-4.275212064611258
RNU6-790P,Pseudogene,RNU6,0.9924080782017566,0.28099998831749,0,0,-12.46729125630043,-2.995642438756766
RNU6-791P,Pseudogene,RNU6,0.7681620220696289,0.287000000476837,0.04,0,0.8266335522017682,11.791179880273996
RNU6-792P,Pseudogene,RNU6,0.6817008761479356,-0.061999998986721,0.24,0,2.31070289958336,11.411444887293039
RNU6-793P,Pseudogene,RNU6,1.4695273465679857,0.327500000596046,0,0,1.8004363571486675,6.897673830164132
RNU6-794P,Pseudogene,RNU6,1.248263285863147,0.226999998092651,0.65,0,-11.580077549330214,-3.5235369356744908
RNU6-795P,Pseudogene,RNU6,1.2477363701662862,0.239999994635582,0.38,0,1.3103329931578838,8.370109304559884
RNU6-796P,Pseudogene,RNU6,1.0712442339467558,0.317999988794327,0,0,0.5324023162207806,9.492730363977609
RNU6-797P,Pseudogene,RNU6,1.2427862630691724,-0.125,0,0,2.840636829026719,8.827856287134347
RNU6-798P,Pseudogene,RNU6,0.910510324175398,-0.0480000004172325,0,0,4.038519958146592,10.578264459741769
RNU6-799P,Pseudogene,RNU6,0.7790867155976406,-0.237000003457069,0,0,2.7695640121779643,11.526616319788156
RNU6-79P,Pseudogene,RNU6,1.298477859329401,0.218999996781349,0,0,1.0803651605925761,7.5928108540899135
RNU6-800P,Pseudogene,RNU6,1.0116781379726645,0.347000002861023,0,0,-0.18738009583137394,10.024846300256906
RNU6-801P,Pseudogene,RNU6,0.8931672703815808,-0.127000004053116,0,0,3.2533103023848735,11.091256364954171
RNU6-803P,Pseudogene,RNU6,1.2599690796777203,0.194000005722046,0,0,7.878689864762803,0.509361445677934
RNU6-804P,Pseudogene,RNU6,1.2335539663629311,0.284000009298325,0,0,-0.1825666631378925,7.676831945551095
RNU6-805P,Pseudogene,RNU6,1.1141185028868776,0.214000001549721,0.37,0,0.11751473892547726,9.15062545217341
RNU6-806P,Pseudogene,RNU6,1.157809424568716,0.30799999833107,0,0,0.8548922334990704,9.071835741174874
RNU6-807P,Pseudogene,RNU6,1.3958636987791062,0.30799999833107,4.27,0,-11.712671657911757,-4.2785341890924595
RNU6-808P,Pseudogene,RNU6,1.0291639329499698,0.30799999833107,3.73,0,3.745191196092149,-12.758342519628348
RNU6-809P,Pseudogene,RNU6,1.0712442339467558,-0.137999996542931,0,0,3.4411812816939555,10.11454032338923
RNU6-80P,Pseudogene,RNU6,1.330939805812636,0.146999999880791,0,0,0.19386858690597653,7.309853777063546
RNU6-810P,Pseudogene,RNU6,1.0712442339467558,0.277999997138977,0,0,5.446131328233262,0.32399381674593475
RNU6-811P,Pseudogene,RNU6,1.006320340980286,-0.156000003218651,0,0,1.9795772825560771,-15.358528867589774
RNU6-812P,Pseudogene,RNU6,0.9089345015305808,-0.229000002145767,0,0,3.2160430942855083,10.819712862146554
RNU6-813P,Pseudogene,RNU6,1.4283256452623412,-0.138999998569489,0,0,4.094356158860704,7.47002242482966
RNU6-815P,Pseudogene,RNU6,1.2602704355924963,0.214000001549721,0,0,0.484679618962785,7.729155763757882
RNU6-817P,Pseudogene,RNU6,0.6345686269270847,-0.261000007390976,0.69,0,2.498468974717637,11.793374284876046
RNU6-818P,Pseudogene,RNU6,1.286454916187462,0.284000009298325,0.08,0,0.5976224337897503,7.818739637506662
RNU6-819P,Pseudogene,RNU6,1.4932495382288111,-0.151999995112419,0,0,3.598915914186021,7.006376966608224
RNU6-81P,Pseudogene,RNU6,1.1689422074972615,0.26800000667572,0,0,1.2747792993865215,9.093009218347726
RNU6-820P,Pseudogene,RNU6,1.4607875917455764,0.291999995708466,0,0,0.799702504762193,6.284576639307199
RNU6-821P,Pseudogene,RNU6,0.8440106085641107,-0.0555000007152557,0,0,3.0121954475722514,11.32090304769343
RNU6-822P,Pseudogene,RNU6,1.7039459455916952,0.30799999833107,0.48,0,2.4968167339644634,6.2703926411992885
RNU6-823P,Pseudogene,RNU6,0.7756199057790428,0.0610000006854534,0,0,2.3781066929183208,11.396094545496164
RNU6-824P,Pseudogene,RNU6,1.4027306489967135,-0.0989999994635582,0.22,0,4.258107761033555,7.723075613153634
RNU6-826P,Pseudogene,RNU6,1.502925695353622,0.30799999833107,0.74,0,6.195466140397569,1.5448641029722072
RNU6-827P,Pseudogene,RNU6,1.04858212036412,0.217999994754791,0,0,0.2423334662995541,9.348219141138253
RNU6-828P,Pseudogene,RNU6,1.2335539663629311,0.30799999833107,3.33,0,5.870713332780381,1.031951382530389
RNU6-829P,Pseudogene,RNU6,1.364561107527415,0.214000001549721,0,0,1.3265505825362407,7.441271528375802
RNU6-831P,Pseudogene,RNU6,1.201092019879696,0.30799999833107,0,0,0.05799557466127514,8.146415456903634
RNU6-832P,Pseudogene,RNU6,1.0712442339467558,0.30799999833107,0,0,-0.7981659377732074,9.184124216211496
RNU6-833P,Pseudogene,RNU6,1.201092019879696,0.160999998450279,0.91,0,6.362930873521348,0.8583859501010754
RNU6-834P,Pseudogene,RNU6,0.9472986201016766,0.214000001549721,0,0,0.15386355865814327,10.619662508142648
RNU6-835P,Pseudogene,RNU6,1.0353488123547172,-0.123999997973442,0,0,4.044465640672227,10.192112192285714
RNU6-836P,Pseudogene,RNU6,0.9089345015305808,0.0520000010728836,0,0,2.473324874528428,10.887856706751046
RNU6-837P,Pseudogene,RNU6,1.2542935432827758,0.130499996244907,0.08,0,2.08701691974022,-13.118857160436454
RNU6-838P,Pseudogene,RNU6,1.0613253058546563,0.306500002741814,0.3,0,-0.3737030531086719,9.721651300562081
RNU6-839P,Pseudogene,RNU6,1.4151004078062084,-0.0245000002905726,0,0,3.6731520687422954,7.6508138028509
RNU6-83P,Pseudogene,RNU6,0.9613953257579516,-0.0279999999329448,0,0,2.5356167351088725,10.093288644922433
RNU6-840P,Pseudogene,RNU6,0.7481230127982473,-0.177000001072884,0,0,2.6996372734389507,11.620063051355539
RNU6-841P,Pseudogene,RNU6,1.0712442339467558,0.17399999499321,0,0,5.618769267686387,0.5420207378990033
RNU6-843P,Pseudogene,RNU6,1.3025356026398056,0.306500002741814,0,0,0.69546453107216,7.826736673486886
RNU6-844P,Pseudogene,RNU6,1.0897029878293798,-0.167499996721745,0,0,3.4635363613448344,9.956094965112863
RNU6-845P,Pseudogene,RNU6,0.7756199057790428,0.006000000052154,0,0,2.4937671219191753,11.43176387227839
RNU6-848P,Pseudogene,RNU6,1.0712442339467558,-0.25,0,0,3.4740813766799175,10.039173349512277
RNU6-849P,Pseudogene,RNU6,1.190889693842108,0.30799999833107,0,0,0.2614543830237591,8.375761732233224
RNU6-84P,Pseudogene,RNU6,1.123756206199048,0.263999998569489,0,0,-11.959274669996718,-3.8729527147882603
RNU6-850P,Pseudogene,RNU6,1.0116781379726645,0.193000003695488,7.05,0,-12.585457226149062,-3.381508603917899
RNU6-851P,Pseudogene,RNU6,1.4607875917455764,0.294999986886978,0.36,0,1.7361703907332622,6.772906049860177
RNU6-853P,Pseudogene,RNU6,0.8764725550473457,0.30799999833107,12.28,0,0.29633275616981625,11.443507417810617
RNU6-854P,Pseudogene,RNU6,1.006320340980286,-0.160999998450279,0,0,-12.971020122877578,-3.459180608617606
RNU6-855P,Pseudogene,RNU6,1.1021455099259891,-0.10050000064075,0,0,6.914601901658555,-1.3023100050562046
RNU6-856P,Pseudogene,RNU6,0.5316471847509411,-0.0510000009089708,0.51,0,2.228514531739732,12.148366197717843
RNU6-857P,Pseudogene,RNU6,1.2630648268022358,0.284999996423721,0,0,5.453209499009629,1.2113341537839748
RNU6-858P,Pseudogene,RNU6,1.4607875917455764,0.0719999969005585,0.3,0,1.3991825376830302,6.390219911707101
RNU6-859P,Pseudogene,RNU6,1.0387822874635209,-0.579999983310699,2.66,0,3.536871293672105,9.4714023915655
RNU6-85P,Pseudogene,RNU6,1.006320340980286,0.30799999833107,0,0,-0.256055643669585,10.061382516992746
RNU6-861P,Pseudogene,RNU6,1.2124230766710138,-0.0095000001601874,0,0,1.5576263462386333,-13.853448644506278
RNU6-862P,Pseudogene,RNU6,1.4886121173026348,-0.216000005602837,0.31,0,4.144872287400743,7.371284708154855
RNU6-863P,Pseudogene,RNU6,1.60312074171053,0.20100000500679,0,0,2.314863065370103,6.464682802332101
RNU6-864P,Pseudogene,RNU6,1.093486678759343,0.282999992370605,0,0,1.0004985128722392,9.531482919824777
RNU6-865P,Pseudogene,RNU6,0.8440106085641107,-0.254999995231628,0,0,3.2367328201613628,11.102055772913156
RNU6-866P,Pseudogene,RNU6,1.4520069013033898,0.206000000238419,0,0,-11.093660732618789,-3.2660384329431675
RNU6-867P,Pseudogene,RNU6,1.136168126913226,0.158000007271767,0,0,0.16506137896396755,9.1412603703863
RNU6-869P,Pseudogene,RNU6,1.4932495382288111,0.305000007152557,0,0,0.8758247290930951,6.148753866327462
RNU6-86P,Pseudogene,RNU6,1.266015912846166,0.118000000715256,0,0,0.1796562020859921,7.446093305719552
RNU6-871P,Pseudogene,RNU6,1.146231330323029,-5.000000819563e-4,0,0,4.023501971848985,9.511633142603097
RNU6-873P,Pseudogene,RNU6,1.3634017522958712,0.284000009298325,0.67,0,1.2241039072356426,7.328169569147287
RNU6-874P,Pseudogene,RNU6,1.0916488860219322,0.30799999833107,0,0,-0.3454752768196857,9.136692270410714
RNU6-875P,Pseudogene,RNU6,1.1468866941482565,0.293000012636185,0,0,-0.34782134544036747,8.847671732080636
RNU6-876P,Pseudogene,RNU6,1.502925695353622,0.214000001549721,7.04,0,1.8292592560134135,6.55227921880549
RNU6-877P,Pseudogene,RNU6,1.4283256452623412,0.187000006437302,0.67,0,-11.288932224623183,-3.1707813891046666
RNU6-878P,Pseudogene,RNU6,1.105181723451956,0.293000012636185,0.29,0,-0.5549301112808979,8.807405695093331
RNU6-879P,Pseudogene,RNU6,1.1256480516640297,0.232999995350838,0,0,-0.2770097757496631,8.970912202966867
RNU6-87P,Pseudogene,RNU6,1.3507776619968357,0.26800000667572,0,0,-11.816800495497207,-3.5380909594171666
RNU6-880P,Pseudogene,RNU6,1.201092019879696,0.146999999880791,0,0,-0.3419754410900867,7.640299543512521
RNU6-881P,Pseudogene,RNU6,1.3280755164170566,-0.125500001013279,2.85,0,7.871115783341905,-1.2315695437067173
RNU6-882P,Pseudogene,RNU6,0.6070068827835987,0.30799999833107,1.92,0,1.2468437944731914,12.268286928308664
RNU6-883P,Pseudogene,RNU6,0.6817008761479356,0.0219999998807907,0.79,0,2.3253549133620464,11.608302339685617
RNU6-884P,Pseudogene,RNU6,0.6492389296647005,0.168999999761581,0.42,0,5.252111533769151,-0.05557490907842133
RNU6-885P,Pseudogene,RNU6,1.3359339514254416,-0.028999999165535,0,0,7.133270362504502,-0.8031325491541049
RNU6-886P,Pseudogene,RNU6,1.2901305016622835,0.197999998927116,0.31,0,6.385609248765489,1.0509943810827114
RNU6-887P,Pseudogene,RNU6,0.5557485237929837,0.200000002980232,0,0,5.248064139970323,-1.0183324965112828
RNU6-888P,Pseudogene,RNU6,1.3068344000082537,0.214000001549721,0,0,6.616905311234971,1.074196472538171
RNU6-889P,Pseudogene,RNU6,1.41634939316173,0.284000009298325,0,0,1.806727865823289,-11.824957624303641
RNU6-88P,Pseudogene,RNU6,0.868357068426537,0.30799999833107,0.9,0,5.240349868424913,0.0047710386640408275
RNU6-890P,Pseudogene,RNU6,1.201092019879696,-0.103000000119209,2,0,6.845509627946397,-0.9821570070856235
RNU6-891P,Pseudogene,RNU6,1.0952251313487855,0.284000009298325,0,0,5.655051330216905,0.6272540760762074
RNU6-892P,Pseudogene,RNU6,1.2630648268022358,0.30799999833107,0.68,0,0.5912250672660077,7.90265534795588
RNU6-893P,Pseudogene,RNU6,1.3199027440083362,0.202999994158745,0.4,0,1.0771022831282817,7.5334822980291225
RNU6-894P,Pseudogene,RNU6,0.7608461932880134,0.284999996423721,0,0,4.76479921687462,-13.149236455785575
RNU6-895P,Pseudogene,RNU6,1.1802911609681086,0.307000011205673,0,0,1.3318152223906718,9.12391589559382
RNU6-896P,Pseudogene,RNU6,1.266015912846166,0.30799999833107,0,0,0.6891913210234845,7.954944833887277
RNU6-897P,Pseudogene,RNU6,1.356291040209067,-0.162000000476837,0,0,4.460452655442735,7.950278028619943
RNU6-898P,Pseudogene,RNU6,0.9017554172121732,0.194999992847443,0,0,0.13853150058605312,10.600009187830148
RNU6-899P,Pseudogene,RNU6,1.330939805812636,0.30799999833107,0,0,-11.5084737743058,-2.9076168688409947
RNU6-89P,Pseudogene,RNU6,0.5210142410559222,0.30799999833107,0.33,0,1.3396826778731548,12.353024706018624
RNU6-900P,Pseudogene,RNU6,1.2599690796777203,0.146999999880791,0.28,0,0.15986415196277737,7.408794149530587
RNU6-901P,Pseudogene,RNU6,1.1468866941482565,0.284000009298325,0,0,-0.3167155588784015,8.832122072351632
RNU6-902P,Pseudogene,RNU6,1.1069167026096516,0.0900000035762787,0,0,4.447260478623887,9.96357654012507
RNU6-903P,Pseudogene,RNU6,1.1790536341938302,-0.096000000834465,0,0,3.2164169346175395,9.342011675012765
RNU6-904P,Pseudogene,RNU6,1.1692728842179114,-0.0670000016689301,0,0,1.654276112206956,-14.37100769601995
RNU6-905P,Pseudogene,RNU6,1.3958636987791062,0.0299999993294477,0,0,3.644974568971177,7.706385358942208
RNU6-906P,Pseudogene,RNU6,1.6870937329429865,0.293000012636185,1.24,0,2.422934869416734,6.1961057034856655
RNU6-907P,Pseudogene,RNU6,1.0215965510900435,0.30799999833107,0.26,0,-0.1909284646429813,10.017561182153878
RNU6-908P,Pseudogene,RNU6,1.6997627722391788,0.124499998986721,0,0,3.47432480204918,5.623389944208322
RNU6-909P,Pseudogene,RNU6,1.136168126913226,-0.0590000003576279,0.67,0,4.515174964555284,9.627674326074777
RNU6-90P,Pseudogene,RNU6,1.376264032977908,-0.0525000002235174,4.58,0,3.6481419597945415,7.713639959467111
RNU6-910P,Pseudogene,RNU6,1.103706180429991,-0.172000005841255,0,0,7.380918601640245,-1.5290007742517613
RNU6-911P,Pseudogene,RNU6,1.0687471611403534,0.208000004291534,0,0,-11.383336445204238,-3.172944084035697
RNU6-912P,Pseudogene,RNU6,1.77011248563871,0.284000009298325,0,0,2.6428454910598003,6.103979334009347
RNU6-913P,Pseudogene,RNU6,1.279684100839107,0.270000010728836,0,0,0.9930019174895489,8.011332258356271
RNU6-914P,Pseudogene,RNU6,0.9878557475678036,-0.0230000000447035,5.81,0,4.209368804582139,10.436220392358956
RNU6-915P,Pseudogene,RNU6,1.0454007425717533,-0.243000000715256,1,0,3.3831230198226176,10.068710550440011
RNU6-916P,Pseudogene,RNU6,1.3383852063821855,0.263999998569489,0,0,1.7204354797682964,8.337626203668771
RNU6-917P,Pseudogene,RNU6,1.4695273465679857,0.256999999284744,0,0,-12.326388737074355,-4.906563535558524
RNU6-918P,Pseudogene,RNU6,1.1796548854096351,0.421999990940094,0,0,6.492453673966905,0.5289742199308255
RNU6-919P,Pseudogene,RNU6,1.60312074171053,0.226999998092651,0,0,6.319840053208848,1.6337815371877529
RNU6-91P,Pseudogene,RNU6,1.0387822874635209,0.30799999833107,0.09,0,-0.802462657801131,9.595795854700265
RNU6-920P,Pseudogene,RNU6,0.9816210338734764,-0.185500003397465,0.27,0,3.2744451557479106,10.631892427576242
RNU6-921P,Pseudogene,RNU6,1.3634017522958712,0.284000009298325,0.21,0,0.12758969713070034,6.794035658014474
RNU6-922P,Pseudogene,RNU6,1.1928945586465558,-0.296000003814697,0,0,3.4429422413191997,9.088285669458566
RNU6-923P,Pseudogene,RNU6,1.298477859329401,-0.068000003695488,0,0,-11.384095569960097,-2.811346307622733
RNU6-924P,Pseudogene,RNU6,1.1256480516640297,-0.121500000357628,0.21,0,3.227002719529649,9.571993097437081
RNU6-925P,Pseudogene,RNU6,1.1689422074972615,0.303000003099442,0.76,0,-11.758912464491347,-3.282477155553641
RNU6-926P,Pseudogene,RNU6,1.298477859329401,0.27700001001358,0,0,5.4876199756942,1.2523509708768703
RNU6-928P,Pseudogene,RNU6,1.135543858711625,-0.250500001013279,0.69,0,1.5598500763259135,-14.980031743871512
RNU6-929P,Pseudogene,RNU6,1.0387822874635209,0.305000007152557,0,0,-0.6956572140373981,9.703331216943917
RNU6-92P,Pseudogene,RNU6,1.1021455099259891,0.30799999833107,0,0,1.2029415165267192,9.380893930566964
RNU6-930P,Pseudogene,RNU6,0.8336227856894756,-0.0325000006705523,3.21,0,-13.592273136488418,-3.232974782811942
RNU6-931P,Pseudogene,RNU6,1.266015912846166,-0.314999997615814,0.3,0,4.505798438676377,8.429281934869943
RNU6-932P,Pseudogene,RNU6,0.7864365902730902,0.209000006318092,0,0,1.0270734821639262,11.337158426416574
RNU6-933P,Pseudogene,RNU6,1.6555592706449864,0.29899999499321,0.09,0,5.894779304154893,1.5780299154645778
RNU6-934P,Pseudogene,RNU6,0.8115486620808757,0.186000004410744,0,0,0.8573130165419781,11.46186755575007
RNU6-935P,Pseudogene,RNU6,0.7988885029524141,0.233500003814697,0,0,1.0745013748488628,11.26659987844294
RNU6-936P,Pseudogene,RNU6,0.7790867155976406,0.0070000002160668,0,0,2.310557225831529,11.219426378381906
RNU6-937P,Pseudogene,RNU6,0.950277546579984,0.019000000320375,0,0,2.6682530437789165,10.765828355920968
RNU6-938P,Pseudogene,RNU6,1.079123347170842,0.282000005245209,0,0,5.450296023973008,0.8769813773757794
RNU6-939P,Pseudogene,RNU6,1.0712442339467558,-0.204999998211861,0,0,3.423188546784898,10.063060030115304
RNU6-940P,Pseudogene,RNU6,0.9685521147834452,-0.235999993979931,0,0,2.769422868379136,10.131744608057199
RNU6-942P,Pseudogene,RNU6,1.201092019879696,-0.120999999344349,0,0,-13.50308169972084,-4.107650533544364
RNU6-943P,Pseudogene,RNU6,1.0632943695018822,0.0405000001192093,0.34,0,3.6931177173934184,9.899888261926828
RNU6-944P,Pseudogene,RNU6,0.9738583944970508,-0.108000002801418,2.02,0,2.8178335224471294,10.3349859563238
RNU6-945P,Pseudogene,RNU6,0.9089345015305808,0.184000000357628,0.64,0,0.025650220104237786,10.499616846216378
RNU6-946P,Pseudogene,RNU6,1.330939805812636,0.282999992370605,0,0,0.15748431731083035,6.828439935815988
RNU6-947P,Pseudogene,RNU6,0.7536683990117115,-0.126999996602535,0,0,-13.525784870497207,-3.0797188433282994
RNU6-948P,Pseudogene,RNU6,0.9089345015305808,-0.0379999987781048,0.24,0,2.7927440201125346,10.870001062524972
RNU6-949P,Pseudogene,RNU6,0.7141628226311706,0.174999997019768,0,0,5.272859195359727,0.7436689992970803
RNU6-94P,Pseudogene,RNU6,0.9738583944970508,-0.116999998688698,4.06,0,2.733796456941148,10.244514688623605
RNU6-950P,Pseudogene,RNU6,1.4607875917455764,0.159999996423721,0,0,-11.179517170301894,-3.239102140294852
RNU6-951P,Pseudogene,RNU6,0.9413964480138156,0.214000001549721,0,0,0.07348279852487682,10.560711130273996
RNU6-952P,Pseudogene,RNU6,1.1256480516640297,-0.108000002801418,0.26,0,4.349813560136338,9.841854318750558
RNU6-953P,Pseudogene,RNU6,0.9738583944970508,0.277999997138977,0,0,5.462639907487413,-0.024546459543051458
RNU6-954P,Pseudogene,RNU6,1.201092019879696,-0.0240000002086162,0.67,0,4.187788108476182,9.109519228113351
RNU6-955P,Pseudogene,RNU6,1.1021455099259891,0.252000004053116,0,0,0.6848559771857464,9.406150087488351
RNU6-956P,Pseudogene,RNU6,1.079123347170842,0.0649999976158142,0.7,0,4.424687961228868,10.04016230977839
RNU6-957P,Pseudogene,RNU6,0.9823837541795166,0.26800000667572,0,0,-0.27258878003738285,10.254861101282296
RNU6-958P,Pseudogene,RNU6,1.1141185028868776,0.248499989509583,0,0,1.1095356737456523,9.417815431726632
RNU6-959P,Pseudogene,RNU6,0.7466247691144057,0.30799999833107,0,0,0.39837093103744625,11.877572282922921
RNU6-95P,Pseudogene,RNU6,1.3958636987791062,0.194999992847443,0,0,1.3705421482405864,7.171768411768136
RNU6-960P,Pseudogene,RNU6,1.157809424568716,-0.0230000000447035,0,0,2.7634423767409526,9.020364984644113
RNU6-961P,Pseudogene,RNU6,0.8931672703815808,0.282999992370605,0,0,5.219512561448594,-0.25141073785954926
RNU6-964P,Pseudogene,RNU6,1.0571303441714364,0.284000009298325,0,0,-0.21962528478286625,9.813831552637277
RNU6-965P,Pseudogene,RNU6,0.868357068426537,-0.0450000017881393,0,0,3.0999802147231303,11.208245500696359
RNU6-966P,Pseudogene,RNU6,1.3025356026398056,-0.132500000298023,0,0,4.287275413163682,8.231001123560128
RNU6-967P,Pseudogene,RNU6,1.318616289092149,0.216500014066696,0,0,1.743758181222459,8.362200483453927
RNU6-968P,Pseudogene,RNU6,0.8440106085641107,0.214000001549721,0,0,5.123155692704698,-0.25631971679860566
RNU6-969P,Pseudogene,RNU6,1.720174002216378,0.284000009298325,1.37,0,-11.123761555067519,-3.52773262582952
RNU6-970P,Pseudogene,RNU6,0.7141628226311706,-0.0379999987781048,0,0,2.486207584031602,11.545096620691476
RNU6-971P,Pseudogene,RNU6,1.2451912679323929,-0.0765000022947788,0,0,6.909367183335801,-0.8694658430688998
RNU6-972P,Pseudogene,RNU6,0.7790867155976406,-0.193000003695488,0,0,2.8343137298903667,11.5055820790655
RNU6-973P,Pseudogene,RNU6,1.266015912846166,-0.270000010728836,0,0,7.682283977159043,-1.5067382010095738
RNU6-974P,Pseudogene,RNU6,1.4151004078062084,-0.0175000009476207,0,0,3.766624311097642,7.6265680638677456
RNU6-975P,Pseudogene,RNU6,1.1247291552953242,0.29899999499321,0,0,-12.17306460987709,-3.5034082087152623
RNU6-976P,Pseudogene,RNU6,1.8149445033779872,-0.226999998092651,0,0,3.3716198002181255,6.371750101221261
RNU6-977P,Pseudogene,RNU6,1.079123347170842,-0.0320000015199184,0,0,2.149124959596177,-14.451195493566336
RNU6-979P,Pseudogene,RNU6,0.8764725550473457,-0.0759999975562096,7.87,0,6.44768438685753,-1.1960653217905186
RNU6-97P,Pseudogene,RNU6,1.1021455099259891,0.239999994635582,1.51,0,-0.8078419173874652,8.782816156519113
RNU6-980P,Pseudogene,RNU6,1.3489041839635527,0.298000007867813,0,0,7.627861121781846,0.6142712829238751
RNU6-982P,Pseudogene,RNU6,1.4983416082653973,0.298000007867813,0,0,8.061555484422227,0.8573605713970044
RNU6-983P,Pseudogene,RNU6,1.0116781379726645,0.214000001549721,0,0,0.8420405184111798,10.483845934045968
RNU6-984P,Pseudogene,RNU6,1.115321005318488,-0.188999995589256,0,0,4.420266727098008,9.76481173909968
RNU6-985P,Pseudogene,RNU6,1.001950463569081,0.203999996185303,0,0,6.054161647447129,-0.4909593018167636
RNU6-986P,Pseudogene,RNU6,0.8172772408720348,-0.124499995261431,0,0,2.9971924816451274,11.321482881677804
RNU6-987P,Pseudogene,RNU6,1.2357389050685337,0.0439999997615814,0,0,4.19465647090294,9.03282760061091
RNU6-988P,Pseudogene,RNU6,1.103706180429991,0.284000009298325,0,0,0.8317596708617413,9.418212160242257
RNU6-989P,Pseudogene,RNU6,0.8440106085641107,0.204999998211861,0,0,0.8334976826987469,11.285880312097726
RNU6-98P,Pseudogene,RNU6,1.006320340980286,0.0570000000298023,0,0,-0.8079751337685382,9.067436441553292
RNU6-990P,Pseudogene,RNU6,1.703315788067438,-0.0780000016093254,0,0,3.262389043458482,6.48632405675715
RNU6-991P,Pseudogene,RNU6,1.136168126913226,0.421000003814697,0,0,1.3605623041472636,9.222778543604074
RNU6-992P,Pseudogene,RNU6,1.2221321703780892,0.30799999833107,0,0,-0.26782145153663517,7.651495203149972
RNU6-993P,Pseudogene,RNU6,1.0968720864335204,0.214000001549721,0,0,-12.288594623915175,-3.6549236925714634
RNU6-994P,Pseudogene,RNU6,1.3768544508384732,-0.0949999988079071,0.63,0,3.1392642055831157,7.892290338648019
RNU6-995P,Pseudogene,RNU6,1.3634017522958712,0.305999994277954,0,0,1.4588979278884135,7.304226621759591
RNU6-996P,Pseudogene,RNU6,1.201092019879696,0.28099998831749,0,0,-0.23094291042468906,7.816308244836984
RNU6-997P,Pseudogene,RNU6,1.5581734311952813,-0.143999993801117,0,0,3.5717524086318218,6.858284219873605
RNU6-998P,Pseudogene,RNU6,1.10049212632274,-0.156000003218651,1.45,0,4.273408988603135,9.898601755273996
RNU6-999P,Pseudogene,RNU6,0.8931672703815808,-0.319999992847443,0,0,2.563093522676011,-15.879584089147391
RNU6-99P,Pseudogene,RNU6,1.103706180429991,0.379000008106232,0,0,0.9106433187804425,9.397720560205636
RNU4ATAC14P,Pseudogene,RNU4ATAC,1.1708185192267917,0.003000000026077,0,0,3.6563600097975932,-14.591696515905204
RNU4ATAC17P,Pseudogene,RNU4ATAC,1.186754660182934,0.0480000004172325,3.52,0,2.1752556358657085,-13.577543035375419
RNU4ATAC3P,Pseudogene,RNU4ATAC,1.2680769888133556,0.306000009179115,0,0,2.5619908367476665,-12.273115888463797
RNU4ATAC6P,Pseudogene,RNU4ATAC,1.3783445530579952,0.344999998807907,0,0,2.1105516945204936,-11.866709485875907
RNU4ATAC7P,Pseudogene,RNU4ATAC,1.1114970475859671,0.157000005245209,0,0,2.8792778049788676,-13.161912694799247
RNU4ATAC8P,Pseudogene,RNU4ATAC,1.46585046413287,-0.112000003457069,0,0,0.45776520121910214,-12.841032758580985
RNU6ATAC12P,Pseudogene,RNU6ATAC,1.147741516528988,-0.119999997317791,1.72,0,1.673749545701524,-14.660280958043876
RNU6ATAC13P,Pseudogene,RNU6ATAC,1.16664766445092,0.0750000029802322,0,0,2.2775765453658305,-13.49843575082952
RNU6ATAC14P,Pseudogene,RNU6ATAC,0.91606899526316,-0.0359999984502792,0,0,2.895271876939317,-15.37231327615911
RNU6ATAC19P,Pseudogene,RNU6ATAC,0.8209921374214532,0.405000001192093,0,0,4.580296138413926,-12.93911243997747
RNU6ATAC22P,Pseudogene,RNU6ATAC,1.7172004948659607,0.282999992370605,0,0,9.088961223252793,0.9474461523420193
RNU6ATAC28P,Pseudogene,RNU6ATAC,1.295176644432801,0.239999994635582,0,0,-12.46031703602455,-4.009433999883475
RNU6ATAC32P,Pseudogene,RNU6ATAC,1.005466079230727,0.27700001001358,0,0,7.679898360856553,-0.3085611017816684
RNU6ATAC35P,Pseudogene,RNU6ATAC,0.8057727752066064,0.0720000006258488,0.99,0,3.4517799412093364,-15.751047864782157
RNU6ATAC36P,Pseudogene,RNU6ATAC,1.2156998957971517,0.282999992370605,0,0,2.7164758240065776,-12.420264974462333
RNU6ATAC39P,Pseudogene,RNU6ATAC,1.165579957619513,0.212999999523163,1.55,0,-12.366303821913222,-3.2958517225855015
RNU6ATAC40P,Pseudogene,RNU6ATAC,1.5212094629369992,0.330000013113022,0,0,1.5227908884368144,-11.808560148107352
RNU6ATAC42P,Pseudogene,RNU6ATAC,1.4990585181258114,-0.125,0.44,0,4.191510299333116,7.4314596501714565
RNU6ATAC9P,Pseudogene,RNU6ATAC,1.1378471931106346,-0.0540000014007092,0.26,0,1.8511795793853008,-14.450123563634696
RNU11-2P,Pseudogene,RNU11,1.1985773620535298,0.0500000007450581,0.16,0,2.13328156817772,-13.536868825780692
RNU11-5P,Pseudogene,RNU11,1.4001416297110054,0.305000007152557,0,0,8.510541537889024,0.2943642584211209
VTRNA2-2P,Pseudogene,VTRNA,1.5512398115580857,0.300999999046326,0,0,9.08856163371422,0.9302600619918683
VTRNA2-2P,Pseudogene,VTRNA,1.5512398115580857,0.300999999046326,0,0,9.08506927836754,0.932700603974519
VTRNA2-2P,Pseudogene,VTRNA,1.5512398115580857,0.300999999046326,0,0,9.09185181010582,0.9347660986310818
VTRNA2-2P,Pseudogene,VTRNA,1.5512398115580857,0.300999999046326,0,0,9.094606975205918,0.9306066779023984
VTRNA3-1P,Pseudogene,VTRNA,0.7151175857630304,0.167999997735023,0,0,4.127441028245469,-16.131703153478444
VTRNA3-1P,Pseudogene,VTRNA,0.7151175857630304,0.167999997735023,0,0,4.136822799333116,-16.13583637796575
VTRNA3-1P,Pseudogene,VTRNA,0.7151175857630304,0.167999997735023,0,0,4.15085707057335,-16.149159208165944
VTRNA3-1P,Pseudogene,VTRNA,0.7151175857630304,0.167999997735023,0,0,4.135050872453233,-16.12959744058782
RNY1P1,Pseudogene,RNY,1.3955738599712202,-0.200000002980232,0,0,7.860042194016954,-1.076020732747855
RNY1P10,Pseudogene,RNY,1.4754385587424346,-0.193000003695488,0,0,4.173069575913926,7.259434923303781
RNY1P11,Pseudogene,RNY,1.198793828978228,-0.308999985456467,2.4,0,4.400171378739854,9.406061395776925
RNY1P12,Pseudogene,RNY,1.5547726558494188,0.30799999833107,3.48,0,8.925061801560899,0.7564298582798817
RNY1P13,Pseudogene,RNY,0.7277659240146215,0.30799999833107,2.18,0,0.9388922249160015,11.687237009180246
RNY1P14,Pseudogene,RNY,0.9326798142359102,0.30799999833107,7.13,0,5.389815906175157,-0.16366209112340424
RNY1P15,Pseudogene,RNY,1.330939805812636,-0.104000002145767,0.28,0,1.0273860489211284,-13.517922178136649
RNY1P16,Pseudogene,RNY,1.126517277958751,-0.0879999995231628,6.87,0,3.17510924685814,9.522894128931222
RNY1P2,Pseudogene,RNY,1.2171842668542912,0.30799999833107,0,0,1.126064637788316,8.63528417028254
RNY1P3,Pseudogene,RNY,1.0596899818086554,-0.166999995708466,0,0,4.345342734941026,9.974211916101632
RNY1P4,Pseudogene,RNY,1.4195750336016433,0.305000007152557,0,0,1.927734831460496,7.509069666040597
RNY1P5,Pseudogene,RNY,1.3893713094824591,-0.0419999994337559,0,0,4.046112636216661,7.736794218195138
RNY1P6,Pseudogene,RNY,1.083454690880817,-0.284000009298325,0.15,0,1.6927720104537212,-15.110494390355887
RNY1P7,Pseudogene,RNY,1.0104518614417886,0.219999998807907,0,0,-11.940225025526503,-3.619371667730155
RNY1P8,Pseudogene,RNY,1.0359347482983248,0.294999986886978,0,0,-0.14879608701846958,9.983802065027414
RNY1P9,Pseudogene,RNY,1.4339841496951988,0.300999999046326,3.42,0,1.9543148075423442,7.2652585355169155
RNY3P1,Pseudogene,RNY,0.9875433327203754,0.239999994635582,0,0,-12.638118168226699,-3.37662817560369
RNY3P10,Pseudogene,RNY,1.3280755164170566,0.344999998807907,0,0,1.5352331196150981,8.159689649713693
RNY3P11,Pseudogene,RNY,1.0215965510900435,0.30799999833107,9.19,0,-0.2532029504694736,10.029605135095773
RNY3P12,Pseudogene,RNY,1.123756206199048,-0.197999998927116,0,0,4.194524863847276,9.766346201074777
RNY3P13,Pseudogene,RNY,0.8513304592417029,0.29899999499321,0,0,5.34425888408043,-0.4242644461267612
RNY3P14,Pseudogene,RNY,1.2599690796777203,0.30799999833107,0,0,-12.26008453022621,-3.1236522348993443
RNY3P15,Pseudogene,RNY,1.0742561671256128,-0.150999993085861,0,0,4.146697143205186,10.003508791101632
RNY3P16,Pseudogene,RNY,0.5846364421089557,0.261999994516373,0,0,5.4447117840132915,-0.403134122716727
RNY3P2,Pseudogene,RNY,0.9194368959810392,-0.0879999995231628,13.19,0,2.936240533479234,10.874737009180246
RNY3P3,Pseudogene,RNY,1.4983416082653973,-0.110500000417233,0,0,4.175304511674424,7.410061105859933
RNY3P4,Pseudogene,RNY,1.2380536421130823,0.296999990940094,0,0,1.257160404809495,8.584038004053292
RNY3P5,Pseudogene,RNY,1.157809424568716,0.300000011920929,0,0,0.15766255009986996,8.714057191980539
RNY3P7,Pseudogene,RNY,1.0317113684275687,-0.13400000333786,0,0,4.121802428849717,10.272065385950265
RNY3P8,Pseudogene,RNY,1.2680769888133556,0.230000004172325,5.12,0,0.5864888225875103,7.7841207829839565
RNY3P9,Pseudogene,RNY,1.1468866941482565,-0.0689999982714653,0,0,3.9742690121016704,9.526769861353097
RNY4P10,Pseudogene,RNY,1.157809424568716,0.0115000000223517,0,0,4.525343516953965,9.65681098378962
RNY4P13,Pseudogene,RNY,1.3025356026398056,-0.12050000205636,0,0,7.921641448625108,-1.315525070058646
RNY4P14,Pseudogene,RNY,1.1939909690864885,0.305000007152557,0,0,1.3806859051070415,9.02557490743464
RNY4P16,Pseudogene,RNY,0.5912218338223231,0.306500002741814,0,0,5.428901771195909,-1.563604846822562
RNY4P17,Pseudogene,RNY,1.157809424568716,0.0690000001341105,0.86,0,8.176393130906602,-1.1574988516443394
RNY4P18,Pseudogene,RNY,1.2879003711494708,0.231000006198883,0,0,8.175542453416368,0.4191760567552426
RNY4P19,Pseudogene,RNY,0.8321755239087647,0.12049999833107,0,0,3.4338706528029643,-15.573752179967704
RNY4P20,Pseudogene,RNY,1.2698554979140757,0.30799999833107,0,0,7.3829723392806255,0.10024110950296905
RNY4P23,Pseudogene,RNY,0.7877878558921161,0.24600000679493,0,0,4.758896449693223,-13.141553655492606
RNY4P24,Pseudogene,RNY,1.0854463355331714,0.111999999731779,0.25,0,4.177737811692735,10.01067946828669
RNY4P25,Pseudogene,RNY,0.8321755239087647,0.30799999833107,0.61,0,0.8884029780707562,11.242677911890206
RNY4P27,Pseudogene,RNY,1.049264791015399,0.284000009298325,0,0,0.5003462230048382,9.530687555444894
RNY4P28,Pseudogene,RNY,1.120460733453596,-0.208000004291534,0,0,3.490982869752427,9.83396457113093
RNY4P29,Pseudogene,RNY,1.2891074005507357,0.118000000715256,0,0,7.78048239100792,0.34257005132502105
RNY4P3,Pseudogene,RNY,1.4624961152446938,0.30799999833107,0.44,0,-12.611862560621718,-4.188747182714286
RNY4P30,Pseudogene,RNY,1.0968720864335204,0.19200000166893,0,0,7.560155490525743,-0.21770198665791962
RNY4P34,Pseudogene,RNY,1.1334344893146375,-0.0790000036358833,0,0,8.0309549366317,-1.4269099386804722
RNY4P36,Pseudogene,RNY,1.049264791015399,0.30799999833107,0,0,-12.521724125257949,-3.2201211603754185
RNY4P37,Pseudogene,RNY,1.230172513604261,0.214000001549721,0,0,8.364154437669297,0.020177408827004695
RNY4P6,Pseudogene,RNY,1.230172513604261,0.214000001549721,0.43,0,6.206504920609971,-0.12564934812718842
RNY4P7,Pseudogene,RNY,0.9045386129443096,-0.415500000119209,0,0,3.3729480301223003,10.891155466211496
RNY4P9,Pseudogene,RNY,0.8952134726046772,0.211999997496605,0,0,5.367576697953721,-0.15359152876073334
VTRNA2-2P,Pseudogene,TRNA,1.5512398115580857,0.300999999046326,0,0,9.106214145310899,0.9469101277715543
VTRNA2-2P,Pseudogene,TRNA,1.5512398115580857,0.300999999046326,0,0,9.101849177964707,0.9154403505451062
VTRNA2-2P,Pseudogene,TRNA,1.5512398115580857,0.300999999046326,0,0,9.094400981553575,0.934202879441438
VTRNA2-2P,Pseudogene,TRNA,1.5512398115580857,0.300999999046326,0,0,9.092096904405137,0.937191068900285
VTRNA3-1P,Pseudogene,TRNA,0.7151175857630304,0.167999997735023,0,0,4.142985919602891,-16.147648588048757
VTRNA3-1P,Pseudogene,TRNA,0.7151175857630304,0.167999997735023,0,0,4.126462558396836,-16.134808317052663
VTRNA3-1P,Pseudogene,TRNA,0.7151175857630304,0.167999997735023,0,0,4.133004287370225,-16.1313808115595
VTRNA3-1P,Pseudogene,TRNA,0.7151175857630304,0.167999997735023,0,0,4.137000182755967,-16.127999082433522
RN7SL100P,Pseudogene,RN7SL,1.4818380007278789,0.301999986171722,0.19,0,-11.043190380445937,-1.0603501947992466
RN7SL101P,Pseudogene,RN7SL,1.3694520075543952,0.305000007152557,0.39,0,8.053258517869493,0.7701841516024449
RN7SL104P,Pseudogene,RN7SL,1.17361569657648,-0.298000007867813,0.03,0,7.510459045060655,-1.475681081640067
RN7SL105P,Pseudogene,RN7SL,1.1384480629538545,0.289000004529953,4.67,0,7.544414142259141,-0.08625282369786713
RN7SL106P,Pseudogene,RN7SL,1.5570540537303423,-0.0515000000596046,0,0,8.758424380906602,-0.9169712217920444
RN7SL107P,Pseudogene,RN7SL,1.165991823328919,0.0509999990463257,2.05,0,8.074986079820176,-1.091036454068961
RN7SL108P,Pseudogene,RN7SL,1.2513697821096226,0.44200000166893,0.17,0,-12.756428142897109,-4.752283826696219
RN7SL110P,Pseudogene,RN7SL,0.7364158884182647,-0.17399999499321,0.49,0,-13.5286153758683,-3.031969562398734
RN7SL111P,Pseudogene,RN7SL,0.7312480576223469,0.30799999833107,0.21,0,5.111718753465196,-0.3103783281915805
RN7SL113P,Pseudogene,RN7SL,0.6737753841971793,0.30799999833107,2.05,0,-13.200964352003554,-2.7527942808740757
RN7SL116P,Pseudogene,RN7SL,1.0818874950888002,-0.0160000007599592,1.86,0,7.273992160447618,-1.4531345518701695
RN7SL117P,Pseudogene,RN7SL,1.3729429325122275,-0.0614999998360872,0.17,0,7.712854007371446,-1.0393580349558018
RN7SL118P,Pseudogene,RN7SL,1.012124794987222,0.282999992370605,4.36,0,-12.971803089491347,-3.188138023244681
RN7SL11P,Pseudogene,RN7SL,1.126196880553188,0.30799999833107,1.58,0,-11.33201064716957,-3.193313375341239
RN7SL120P,Pseudogene,RN7SL,1.1734554978736986,-0.137000001966953,0,0,7.959758380540391,-1.4743263872736119
RN7SL121P,Pseudogene,RN7SL,1.730352546608191,0.153999999165535,0,0,-10.452091595045546,-0.18782670818501923
RN7SL122P,Pseudogene,RN7SL,1.14242325281365,0.293000012636185,0.1,0,5.948117354997178,0.05006067432230499
RN7SL124P,Pseudogene,RN7SL,0.840935266265699,0.229000002145767,2.21,0,5.452712634690782,-1.316996589528861
RN7SL125P,Pseudogene,RN7SL,1.016036841968465,0.282999992370605,0.9,0,5.5984598194442,0.026006802690682673
RN7SL126P,Pseudogene,RN7SL,0.697009018135013,0.301999986171722,0,0,-11.530474087110976,-1.853054777013602
RN7SL127P,Pseudogene,RN7SL,1.0536065763575315,0.30799999833107,2.82,0,5.842326263078233,0.1849907485372403
RN7SL12P,Pseudogene,RN7SL,1.0899378376112396,-0.100999999791384,0.99,0,7.536973098405381,-1.5926261099451207
RN7SL130P,Pseudogene,RN7SL,1.3324298623725224,0.30799999833107,4.36,0,7.700665572770616,0.900858625543771
RN7SL131P,Pseudogene,RN7SL,1.4924887113581105,0.157000005245209,0,0,-10.813417812696914,-0.6962202938669345
RN7SL132P,Pseudogene,RN7SL,1.2555973827248577,-0.0720000006258488,0.07,0,-13.000690838209609,-3.8796694429987095
RN7SL135P,Pseudogene,RN7SL,1.2369402845212545,0.303000003099442,0,0,-12.678237339369277,-4.335345521795096
RN7SL138P,Pseudogene,RN7SL,1.1134334535922146,0.307000011205673,5.74,0,5.5204940830550395,0.7983257991797307
RN7SL140P,Pseudogene,RN7SL,1.016036841968465,0.29899999499321,0.07,0,-11.825650593153457,-2.19138909898931
RN7SL141P,Pseudogene,RN7SL,1.2013360946652842,0.30799999833107,9.23,0,8.017485240586778,-0.07993133388692353
RN7SL143P,Pseudogene,RN7SL,1.286454916187462,0.214000001549721,0.19,0,-12.654137035719375,-4.114671960698905
RN7SL144P,Pseudogene,RN7SL,0.9066236511029606,0.237000003457069,0.71,0,5.224387267716905,-0.13802291475469086
RN7SL146P,Pseudogene,RN7SL,1.473575631269275,0.239999994635582,2.91,0,-12.536010166517714,-3.924087301122489
RN7SL147P,Pseudogene,RN7SL,0.7925943711812687,0.305000007152557,0.19,0,-13.358775516859511,-2.9024121912592076
RN7SL148P,Pseudogene,RN7SL,0.9586164052880768,0.293999999761581,0.08,0,-13.117406269422988,-3.0140922220819615
RN7SL149P,Pseudogene,RN7SL,1.0877640145414271,0.305000007152557,0,0,6.3390413318953716,0.40935514844721343
RN7SL14P,Pseudogene,RN7SL,1.165579957619513,0.214000001549721,0.55,0,8.071050265916368,-0.12440772377187226
RN7SL150P,Pseudogene,RN7SL,1.45830958056365,-0.238500006496906,0,0,-11.454059978834609,-3.362599149572196
RN7SL151P,Pseudogene,RN7SL,1.7428509359232265,0.130999997258186,0.53,0,-12.090448757521132,-3.9437158259027623
RN7SL152P,Pseudogene,RN7SL,1.177235757195708,-0.136500000953674,0.2,0,6.956723788865586,-1.0524223002069615
RN7SL153P,Pseudogene,RN7SL,0.8445664638121113,0.109499998390675,13.02,0,-13.642824550978164,-3.4699776323907994
RN7SL154P,Pseudogene,RN7SL,1.3936594925364174,0.0719999969005585,0.29,0,-10.611709019056777,-0.3914501818292758
RN7SL155P,Pseudogene,RN7SL,1.3999368707712991,0.305000007152557,0.15,0,-10.693512340895156,-0.49256624303990815
RN7SL156P,Pseudogene,RN7SL,0.9940403283303778,0.281999990344048,0.13,0,-12.238996883741835,-3.0440881403558873
RN7SL159P,Pseudogene,RN7SL,1.260902044564561,0.165999993681908,0,0,-12.384737392775039,-4.262313142644706
RN7SL15P,Pseudogene,RN7SL,1.234740283344046,0.215000003576279,7.01,0,-12.53728522907875,-4.723337903844657
RN7SL160P,Pseudogene,RN7SL,0.9417393558992022,0.277999997138977,1.18,0,5.728655437119981,-0.45538105093175385
RN7SL162P,Pseudogene,RN7SL,1.1062631145707935,0.293000012636185,0.35,0,-12.610329052320937,-4.888878122197928
RN7SL163P,Pseudogene,RN7SL,1.5227710910088548,0.123000003397465,0.2,0,-10.572420498243789,-0.32134832464391205
RN7SL164P,Pseudogene,RN7SL,1.3526882386050345,-0.090999998152256,0.21,0,7.801025966294786,-1.0720498713129185
RN7SL165P,Pseudogene,RN7SL,0.7161707780837419,0.143999993801117,13.77,0,5.4689451252303325,-1.3879704626672886
RN7SL166P,Pseudogene,RN7SL,1.3769662085049372,0.306999996304512,3.26,0,6.639710525163194,1.2513320890790798
RN7SL167P,Pseudogene,RN7SL,1.230651739359463,0.30799999833107,0,0,-12.019074818006972,-3.9045975359552525
RN7SL168P,Pseudogene,RN7SL,1.1329102971586362,0.294999986886978,0.6,0,-11.895384212843398,-2.9259526880853794
RN7SL169P,Pseudogene,RN7SL,1.2499534272160533,0.159999996423721,0.41,0,7.765853503831407,0.3892412332422116
RN7SL16P,Pseudogene,RN7SL,1.4203610041177557,0.29899999499321,3.74,0,8.01531944621422,0.8067205322510579
RN7SL170P,Pseudogene,RN7SL,1.295176644432801,0.30799999833107,0.1,0,-11.85995139729164,-3.7188985499017857
RN7SL172P,Pseudogene,RN7SL,1.1234190456211304,0.30799999833107,5.87,0,-12.973528286329726,-5.086080327855887
RN7SL173P,Pseudogene,RN7SL,1.094367812263581,-0.0850000008940697,3.16,0,-13.3770679439225,-3.9178216608636998
RN7SL174P,Pseudogene,RN7SL,1.4302351715260608,-0.100000001490116,2.83,0,6.948978999742051,-0.871595397817435
RN7SL176P,Pseudogene,RN7SL,1.0525540223351963,-0.0379999987781048,0.3,0,-13.36059894215248,-3.761574521886649
RN7SL177P,Pseudogene,RN7SL,1.277849866580857,0.30799999833107,1.68,0,6.931275466569444,0.9239372757799008
RN7SL178P,Pseudogene,RN7SL,1.79384289135482,-0.190999999642372,1.16,0,-13.156315227858046,-4.486189618932547
RN7SL180P,Pseudogene,RN7SL,0.909707405018277,0.28999999165535,1.1,0,5.271326163896104,-0.10904271923238251
RN7SL181P,Pseudogene,RN7SL,1.2288663206613808,0.30799999833107,2.69,0,-11.63260879170082,-1.992937818395438
RN7SL182P,Pseudogene,RN7SL,1.076762764848906,0.187000006437302,0.38,0,-12.013155361525039,-3.110285297262015
RN7SL183P,Pseudogene,RN7SL,1.2937937529576593,0.299000009894371,0,0,8.1304422413192,0.36717985547846343
RN7SL184P,Pseudogene,RN7SL,0.760177905019864,0.282999992370605,0,0,5.364204982408067,-1.3138976248376988
RN7SL185P,Pseudogene,RN7SL,1.618143292168326,-0.156000003218651,0,0,8.730002025254747,-0.9548114689462802
RN7SL186P,Pseudogene,RN7SL,1.0993342011056495,0.28600001335144,0.05,0,-11.636675258985976,-2.4938707502954625
RN7SL187P,Pseudogene,RN7SL,1.146345964919521,0.23199999332428,0.15,0,-12.16499461781166,-3.9543082865350865
RN7SL188P,Pseudogene,RN7SL,1.157809424568716,0.101000003516674,0,0,8.273645022996446,-0.3639927061670444
RN7SL189P,Pseudogene,RN7SL,1.1177468147220475,0.30799999833107,0.02,0,8.247644046433946,-0.22123898588353608
RN7SL18P,Pseudogene,RN7SL,0.8474687540657612,0.30799999833107,0.41,0,-13.19660033833168,-2.8119554670923375
RN7SL190P,Pseudogene,RN7SL,1.459650792063284,0.0850000008940697,0.15,0,-10.554542919508437,-0.2852927001588962
RN7SL191P,Pseudogene,RN7SL,1.0021694691348888,0.138999998569489,0.36,0,7.429723361619493,-0.6150175484293124
RN7SL193P,Pseudogene,RN7SL,1.145224539519056,-0.146999999880791,0,0,7.804195502885362,-1.5062306078546666
RN7SL196P,Pseudogene,RN7SL,0.6445537002753677,-0.0219999998807907,0.26,0,3.82554231036522,-15.044059530126395
RN7SL197P,Pseudogene,RN7SL,1.196532147798439,0.30799999833107,0,0,-11.552787205091933,-4.06947018228704
RN7SL198P,Pseudogene,RN7SL,1.1308836239973503,0.32600000500679,0.24,0,-10.865334888807753,-0.774570718633475
RN7SL19P,Pseudogene,RN7SL,1.2145647885181627,0.30799999833107,2.19,0,-12.553394695631484,-4.828446164953055
RN7SL200P,Pseudogene,RN7SL,1.206051483925746,0.305000007152557,3.95,0,6.380964378007432,0.04842834152048614
RN7SL201P,Pseudogene,RN7SL,0.8566225134478,0.294999986886978,0,0,5.695903876908799,-0.4483490141504428
RN7SL202P,Pseudogene,RN7SL,1.2727065430373672,0.257999986410141,0.18,0,-10.57257690083168,-0.3307786139124057
RN7SL203P,Pseudogene,RN7SL,1.044375393107592,-0.126999996602535,0.37,0,-13.580024143568496,-4.035167947637381
RN7SL204P,Pseudogene,RN7SL,1.140132944804308,0.319999992847443,0.42,0,-10.905711552015761,-0.8330620678537509
RN7SL205P,Pseudogene,RN7SL,1.2964204120170837,-0.0299999993294477,0,0,-13.082271000257949,-3.9658854158991
RN7SL208P,Pseudogene,RN7SL,1.1851900528524355,0.206000000238419,0.61,0,-11.8383077586808,-4.286808744298758
RN7SL209P,Pseudogene,RN7SL,1.5982804013068146,-0.1875,0.53,0,0.3980179523310864,-12.52183605753118
RN7SL20P,Pseudogene,RN7SL,1.2279796927243958,0.30799999833107,1.09,0,6.442285636552354,0.9574387816316464
RN7SL210P,Pseudogene,RN7SL,0.7839334645517348,0.185000002384186,0.12,0,-13.097872158400039,-2.85848476015264
RN7SL211P,Pseudogene,RN7SL,1.0319605740721165,-0.037499999627471,0.21,0,7.254492381700059,-1.4983949812524937
RN7SL213P,Pseudogene,RN7SL,1.2052905681630166,0.44200000166893,1.35,0,-12.682733913771132,-4.518031850683036
RN7SL214P,Pseudogene,RN7SL,1.3500494799688048,-0.118000000715256,0,0,4.533821204789659,8.131849512232003
RN7SL215P,Pseudogene,RN7SL,1.0490219618575616,0.305000007152557,0,0,7.6704808269820415,-0.279984012471976
RN7SL216P,Pseudogene,RN7SL,1.5618771432101473,0.29899999499321,0,0,8.691289523728868,0.5768155229813435
RN7SL217P,Pseudogene,RN7SL,0.8622846413746033,0.259500004351139,0.24,0,-12.05755939137123,-2.456264749395194
RN7SL218P,Pseudogene,RN7SL,1.1500648799227715,0.214000001549721,0,0,6.522945502885362,-0.025539234506430364
RN7SL219P,Pseudogene,RN7SL,1.3729429325122275,0.194999992847443,1.54,0,6.7660571132979594,-0.08977676950627778
RN7SL220P,Pseudogene,RN7SL,1.2041218015514648,0.306500002741814,14.93,0,6.507616618760606,0.10147933639353302
RN7SL221P,Pseudogene,RN7SL,1.359705018176784,0.30799999833107,0.2,0,8.328554729112168,0.5093010661727765
RN7SL222P,Pseudogene,RN7SL,1.3475507683943586,-0.0320000015199184,0,0,-13.12108363758705,-4.442777887212577
RN7SL223P,Pseudogene,RN7SL,1.205066952102133,0.305000007152557,0,0,7.654265025743028,0.4729884711629727
RN7SL225P,Pseudogene,RN7SL,1.2355147550766834,0.29899999499321,0.08,0,-12.899289509169082,-5.02346541010076
RN7SL228P,Pseudogene,RN7SL,1.1921998035163015,-0.0879999995231628,0,0,8.078451732285997,-1.4055292757623814
RN7SL229P,Pseudogene,RN7SL,1.2197657817362726,-0.116999998688698,0.67,0,-13.187390705458144,-3.9763634356134556
RN7SL22P,Pseudogene,RN7SL,1.1492011760589116,0.301999986171722,0.09,0,-12.5662769282975,-3.785941854345145
RN7SL230P,Pseudogene,RN7SL,1.3068344000082537,-0.0500000007450581,3.07,0,-11.487553020826796,-2.970756545888724
RN7SL231P,Pseudogene,RN7SL,1.1748360337535502,0.27700001001358,1.06,0,8.11622104991295,-0.1098047050111911
RN7SL233P,Pseudogene,RN7SL,1.2539452251646743,0.25,0.48,0,6.194117168077012,1.0337501016980983
RN7SL234P,Pseudogene,RN7SL,1.295176644432801,-0.0654999986290932,0.12,0,-11.582636257521132,-3.2352790983789586
RN7SL236P,Pseudogene,RN7SL,1.137425455826309,0.291999995708466,0.25,0,5.8815661465010844,0.6413718832260945
RN7SL237P,Pseudogene,RN7SL,0.9682030031236648,0.0590000003576279,2.04,0,-13.564573665968398,-3.7561252268427037
RN7SL238P,Pseudogene,RN7SL,1.1378471931106346,-0.046000000089407,0,0,8.056030849107286,-1.4305725248926304
RN7SL239P,Pseudogene,RN7SL,1.2620122727799006,-0.074499998241663,2.53,0,-13.481196781507949,-4.448189512121024
RN7SL23P,Pseudogene,RN7SL,1.1367583441220122,0.136999994516373,6.1,0,8.082356074937364,-0.3204127701395175
RN7SL240P,Pseudogene,RN7SL,1.457382492464118,0.207000002264977,0,0,8.07830772746422,0.773138679338155
RN7SL241P,Pseudogene,RN7SL,1.30989456084681,-0.0135000003501773,0.09,0,1.2180609499297343,-13.424692884313407
RN7SL242P,Pseudogene,RN7SL,0.760177905019864,0.305000007152557,5.47,0,5.589119533189317,-0.53128327451879
RN7SL244P,Pseudogene,RN7SL,1.1344193351834897,0.365000009536743,1.3,0,7.175659278520127,0.27681441582506683
RN7SL248P,Pseudogene,RN7SL,0.9185053489739664,0.296000003814697,0,0,-11.799193760267714,-2.2608332785242222
RN7SL250P,Pseudogene,RN7SL,1.2924384274255434,0.30799999833107,0.1,0,-11.078418156019668,-3.1172673853510044
RN7SL251P,Pseudogene,RN7SL,0.760177905019864,0.419999986886978,0.16,0,-12.259953876844863,-2.636762157308402
RN7SL252P,Pseudogene,RN7SL,1.356625184343142,0.30799999833107,0.12,0,8.261042216905137,0.576440505457578
RN7SL253P,Pseudogene,RN7SL,1.1851900528524355,0.284000009298325,0.17,0,-12.969503780714492,-5.010842100011649
RN7SL254P,Pseudogene,RN7SL,1.1129646933354207,0.347000002861023,0.84,0,-12.131096264235,-2.869668260442557
RN7SL255P,Pseudogene,RN7SL,1.2203937177886468,0.282000005245209,0.08,0,-12.56500568043373,-3.96256567560369
RN7SL258P,Pseudogene,RN7SL,1.1346532360773416,-0.0940000005066395,1.26,0,7.624479869493028,-1.4766097220056675
RN7SL259P,Pseudogene,RN7SL,1.139504137223756,-0.104000002145767,0,0,7.2748323475203716,-1.3419988306635044
RN7SL25P,Pseudogene,RN7SL,1.416089988510968,0.28099998831749,1.91,0,-10.90621604572914,-0.823431506978812
RN7SL260P,Pseudogene,RN7SL,1.2932977614863317,0.282000005245209,0.44,0,-13.038056751600722,-5.040704980718436
RN7SL261P,Pseudogene,RN7SL,0.8868327507334846,-0.187000006437302,0,0,-13.689167400709609,-3.7323610933893345
RN7SL262P,Pseudogene,RN7SL,0.8860786412515684,0.204999998211861,0.71,0,-12.705241581312636,-2.832764640676322
RN7SL263P,Pseudogene,RN7SL,1.5929860703548886,0.471999987959862,0.46,0,-11.710653683058242,-4.374672666417899
RN7SL265P,Pseudogene,RN7SL,1.2041218015514648,0.305000007152557,0.51,0,5.436408141740342,1.0899446455365993
RN7SL267P,Pseudogene,RN7SL,0.6787158695747646,0.30799999833107,0.07,0,-13.644560238234023,-3.170117870199027
RN7SL268P,Pseudogene,RN7SL,1.0839893605861468,0.202000007033348,1.66,0,5.899269202836534,0.5196592805511334
RN7SL269P,Pseudogene,RN7SL,0.7174622335852044,0.44200000166893,1.06,0,-13.043404957167128,-2.7457161100977086
RN7SL26P,Pseudogene,RN7SL,1.0522111708621231,0.160999998450279,0.14,0,-11.601704975477675,-1.971178785192313
RN7SL270P,Pseudogene,RN7SL,1.100124969252125,0.20100000500679,0.42,0,8.294049838670274,-0.3016236575716159
RN7SL271P,Pseudogene,RN7SL,0.8477519854469243,0.0949999988079071,0.13,0,-13.642782589308242,-3.3331844957941197
RN7SL272P,Pseudogene,RN7SL,1.201878295400051,0.146999999880791,0.38,0,-12.04122867237709,-3.6724994333856724
RN7SL273P,Pseudogene,RN7SL,1.312700317487608,0.30799999833107,2.77,0,7.874135116227647,0.7689504248625615
RN7SL274P,Pseudogene,RN7SL,1.4174652146374354,0.163000002503395,0.78,0,-10.539091488234023,-0.28797908149892304
RN7SL277P,Pseudogene,RN7SL,0.8924780981050519,0.305000007152557,1.82,0,5.541344741471788,-1.2273707541101597
RN7SL278P,Pseudogene,RN7SL,1.1851900528524355,0.305000007152557,0.1,0,-11.5789083446183,-4.08210159860784
RN7SL279P,Pseudogene,RN7SL,1.4064938432260812,-0.113500002771616,0.07,0,-10.891457935682753,-0.8063767107599399
RN7SL280P,Pseudogene,RN7SL,1.073385820693914,0.194999992847443,9.18,0,-12.171589275709609,-3.08740641199285
RN7SL282P,Pseudogene,RN7SL,1.4969657206545015,0.305000007152557,0.26,0,-12.502110859266738,-4.009785428869071
RN7SL283P,Pseudogene,RN7SL,0.7909787157944694,0.214000001549721,0,0,5.585287192948838,-1.5591690691583775
RN7SL284P,Pseudogene,RN7SL,1.0483438062458557,0.303000003099442,1.68,0,6.266512015946885,-0.25032784067326996
RN7SL285P,Pseudogene,RN7SL,1.3683202290357552,0.30799999833107,1.37,0,6.560094455369493,1.263473793638406
RN7SL286P,Pseudogene,RN7SL,0.9548943707783226,-0.034000001847744,0.29,0,3.705842116960069,-14.670031324254813
RN7SL28P,Pseudogene,RN7SL,1.0606777614337566,0.44200000166893,0,0,-12.749405285231093,-4.9502751978510044
RN7SL290P,Pseudogene,RN7SL,0.6715294662498553,0.277999997138977,0.02,0,-13.050647159925918,-2.770908132421317
RN7SL291P,Pseudogene,RN7SL,0.6850706283780292,-0.150999993085861,0.1,0,6.262261012681504,-1.8103976400964878
RN7SL292P,Pseudogene,RN7SL,1.331916104954989,0.319999992847443,0,0,7.889400104173204,0.7440367301530221
RN7SL294P,Pseudogene,RN7SL,1.4011456426136666,0.293000012636185,0,0,7.585749248155137,0.938719406498132
RN7SL296P,Pseudogene,RN7SL,1.1849153308295222,0.279000014066696,15,0,6.494439700730821,-0.14000071607762787
RN7SL297P,Pseudogene,RN7SL,0.7468463523668509,0.189999997615814,1.75,0,5.430616477616807,-1.380825773107352
RN7SL299P,Pseudogene,RN7SL,0.8063315635389272,0.30799999833107,0,0,-13.543325802198867,-3.215080037938895
RN7SL300P,Pseudogene,RN7SL,1.288882189614231,0.291999995708466,6.17,0,-12.188875576368789,-4.132228628026786
RN7SL301P,Pseudogene,RN7SL,1.5968445419387325,0.209999993443489,6.21,0,6.171718696244737,1.6064814773923732
RN7SL302P,Pseudogene,RN7SL,1.227277990042839,0.30799999833107,0,0,8.44167099345543,0.03094761051004913
RN7SL303P,Pseudogene,RN7SL,1.3423208866513798,0.301999986171722,0.12,0,-11.755587955824355,-3.088117137777152
RN7SL304P,Pseudogene,RN7SL,0.9693288205691576,0.266999989748001,0.37,0,-11.208249470106582,-2.8765030058496617
RN7SL305P,Pseudogene,RN7SL,1.1990126069377094,0.211999997496605,0,0,-12.853635212294082,-4.96140600763494
RN7SL306P,Pseudogene,RN7SL,1.3377392675760165,-0.0139999999664724,0.66,0,4.058071712144395,8.005205377710519
RN7SL307P,Pseudogene,RN7SL,1.2834023113015938,0.214000001549721,0,0,7.2761117016158305,-0.05922515712911103
RN7SL308P,Pseudogene,RN7SL,1.1811995139539426,0.305000007152557,4.14,0,6.64919576991417,0.6389117536670544
RN7SL309P,Pseudogene,RN7SL,1.117326577555824,-0.214500002563,0,0,7.878422359117051,-1.542479530202689
RN7SL30P,Pseudogene,RN7SL,1.4983416082653973,0.305000007152557,3.57,0,-12.43230476032875,-3.985096708165946
RN7SL310P,Pseudogene,RN7SL,1.1866516522270114,0.197999998927116,0.24,0,-11.91443194996498,-3.7510726603143834
RN7SL311P,Pseudogene,RN7SL,0.5448514939146899,0.270000010728836,0.24,0,-13.54206695210121,-2.8341999205225132
RN7SL313P,Pseudogene,RN7SL,0.735691405194705,0.184000000357628,0.18,0,-13.632400890699843,-2.996660724508109
RN7SL314P,Pseudogene,RN7SL,1.2014255330284964,-0.175499998033047,0.19,0,4.542076209672471,9.45444796956843
RN7SL316P,Pseudogene,RN7SL,1.2259158613080523,0.277999997138977,0.59,0,8.096742252000352,0.09909217037027862
RN7SL319P,Pseudogene,RN7SL,1.4616689115596009,-0.0659999996423721,0,0,4.212374786027452,7.532005056513009
RN7SL320P,Pseudogene,RN7SL,1.1185616474646918,-0.0949999988079071,0.39,0,-13.497264286390761,-4.092694059240165
RN7SL321P,Pseudogene,RN7SL,0.6273081163215116,-0.118000000715256,5.77,0,-13.494455715528945,-3.034760728704276
RN7SL322P,Pseudogene,RN7SL,1.3359339514254416,0.307000011205673,0.1,0,5.381323436387559,1.313714727533517
RN7SL323P,Pseudogene,RN7SL,1.0596899818086554,0.214000001549721,0.06,0,-12.20576610218666,-2.919087663518729
RN7SL325P,Pseudogene,RN7SL,0.8591518698213088,-0.181999996304512,0,0,6.685636142381211,-1.751919284688773
RN7SL326P,Pseudogene,RN7SL,1.1617209428949618,0.217999994754791,2.82,0,-11.319392582289199,-3.17974735819036
RN7SL327P,Pseudogene,RN7SL,0.98128242710084,-0.0829999968409538,1.36,0,2.7702775989852153,-15.331021085607352
RN7SL328P,Pseudogene,RN7SL,1.2851684612712748,0.303000003099442,2.63,0,-11.817622562757949,-3.741836801397147
RN7SL329P,Pseudogene,RN7SL,1.312700317487608,0.30799999833107,6.33,0,7.388277152665635,0.8972921667224744
RN7SL32P,Pseudogene,RN7SL,1.1742906975163134,0.252000004053116,0.76,0,-10.585499187818984,-0.34212698064977143
RN7SL330P,Pseudogene,RN7SL,1.3463777347590606,0.174999997019768,0.1,0,8.346131900437852,0.13623182452982452
RN7SL332P,Pseudogene,RN7SL,1.1623677293898529,0.226999998092651,0.07,0,6.590605357774278,0.10541628278559234
RN7SL333P,Pseudogene,RN7SL,0.760177905019864,-0.0390000008046627,2.14,0,6.306360820420762,-1.6449804457300328
RN7SL334P,Pseudogene,RN7SL,0.9212677141729568,0.305000007152557,2.73,0,-12.42992152821205,-2.9932744654291294
RN7SL335P,Pseudogene,RN7SL,1.371090108041901,-0.126500003039837,0,0,8.054831126817247,-1.2517377289407872
RN7SL336P,Pseudogene,RN7SL,1.2045896033391692,-0.0010000000474974,1.37,0,7.936304668077012,-1.3402338179224156
RN7SL337P,Pseudogene,RN7SL,1.5809291478330307,0.293000012636185,1.08,0,6.123520473130723,-0.037387922632040715
RN7SL338P,Pseudogene,RN7SL,1.2091798085939491,0.30799999833107,0.33,0,6.644798377641221,0.7509515171474793
RN7SL339P,Pseudogene,RN7SL,1.5254921472358085,0.0850000008940697,0,0,-10.394243618360976,-0.12536348425084565
RN7SL33P,Pseudogene,RN7SL,1.208590539681379,0.27700001001358,0.11,0,-11.253025432936171,-2.8269694002741
RN7SL340P,Pseudogene,RN7SL,1.3729429325122275,0.305000007152557,0,0,-12.409963985792617,-4.950849786626639
RN7SL341P,Pseudogene,RN7SL,1.2122031559242932,0.30799999833107,0.19,0,-11.650750538221816,-3.529213682042899
RN7SL342P,Pseudogene,RN7SL,1.4059114441191551,0.284000009298325,0,0,-12.574170490614394,-4.8139016779535435
RN7SL343P,Pseudogene,RN7SL,1.3441235848441415,0.287000000476837,0.06,0,-12.32510032307289,-4.878422513830008
RN7SL344P,Pseudogene,RN7SL,0.6688696337880082,-0.0850000008940697,2.38,0,-13.508571049086074,-3.0913982542627476
RN7SL346P,Pseudogene,RN7SL,1.1814381883354246,-0.144499994814396,0.88,0,7.69763384211876,-1.5396409185999058
RN7SL34P,Pseudogene,RN7SL,1.2478612687018384,0.204999998211861,0.64,0,6.2010055576644145,-0.14219094835454438
RN7SL350P,Pseudogene,RN7SL,1.1732985138606051,0.305000007152557,0,0,7.077180484422227,0.4957984832650998
RN7SL351P,Pseudogene,RN7SL,0.9103743459310468,0.196999996900558,1.58,0,5.281310180314561,0.12121002353495147
RN7SL352P,Pseudogene,RN7SL,1.178708511654794,0.305000007152557,0,0,8.500868419297715,-0.06333901010686371
RN7SL353P,Pseudogene,RN7SL,1.3507776619968357,0.224000006914139,0.42,0,-10.585134884230117,-0.3435933741205356
RN7SL354P,Pseudogene,RN7SL,1.3232107709356753,0.413499996066093,0.7,0,-12.14475478779457,-3.5725805910699986
RN7SL356P,Pseudogene,RN7SL,1.358558639312485,0.219999998807907,6.42,0,-10.853279491774062,-0.7620322855585239
RN7SL357P,Pseudogene,RN7SL,1.1539241580433175,0.30799999833107,0,0,6.028960803636094,-0.042093053685965276
RN7SL35P,Pseudogene,RN7SL,1.1300537191852196,-0.161499999463558,0,0,-13.530403515211562,-4.125502363073172
RN7SL361P,Pseudogene,RN7SL,1.3287611516862443,0.30799999833107,0.1,0,-12.716215511671523,-4.72443558298284
RN7SL362P,Pseudogene,RN7SL,1.4570186017044515,0.30799999833107,6.98,0,4.256206611283799,-13.911834493505301
RN7SL363P,Pseudogene,RN7SL,1.030577619671055,0.282999992370605,0.58,0,-11.168196102491835,-2.8723588141077183
RN7SL364P,Pseudogene,RN7SL,1.1620660768649245,0.203999996185303,5.38,0,-11.133814236036757,-2.9912882002466343
RN7SL366P,Pseudogene,RN7SL,1.320378556100625,-0.105000000447035,0.38,0,7.042808154710313,-0.8919359596841953
RN7SL369P,Pseudogene,RN7SL,1.1616816968916883,0.284000009298325,0.19,0,-13.00363864552162,-5.057972207891288
RN7SL36P,Pseudogene,RN7SL,1.0697152292210963,-0.0700000002980232,3.39,0,-13.398656269422988,-3.89888216577703
RN7SL370P,Pseudogene,RN7SL,0.7182343210036441,0.30799999833107,0,0,5.594368556626817,-0.4085221441858432
RN7SL371P,Pseudogene,RN7SL,1.4570186017044515,0.175999999046326,0,0,-10.602877041212539,-0.37454165540868256
RN7SL372P,Pseudogene,RN7SL,0.8392175694860492,0.202999994158745,0.16,0,5.878754237779161,-0.08231134735280488
RN7SL375P,Pseudogene,RN7SL,1.3287611516862443,-0.0449999999254942,1.89,0,7.902930358537217,-1.162094369756522
RN7SL376P,Pseudogene,RN7SL,1.4472617807108952,0.268999993801117,0.21,0,-10.468026539198378,-0.20214058481389496
RN7SL378P,Pseudogene,RN7SL,1.1888915567719032,0.305000007152557,0.74,0,6.044212916978379,-0.02868403516942475
RN7SL379P,Pseudogene,RN7SL,1.2565986246172414,0.214000001549721,0.1,0,6.6260286365828716,-0.08640439830953095
RN7SL37P,Pseudogene,RN7SL,1.3237495375362194,-0.0299999993294477,3.47,0,7.688977340348741,-1.0281822832697056
RN7SL380P,Pseudogene,RN7SL,1.477334752777615,0.282000005245209,0.07,0,6.250914672502061,-0.16655661188298676
RN7SL382P,Pseudogene,RN7SL,1.145492303030751,0.30799999833107,2.28,0,-12.52011050831459,-4.309041753637137
RN7SL383P,Pseudogene,RN7SL,1.4059114441191551,0.303000003099442,0,0,7.193725684770127,1.040414675844369
RN7SL384P,Pseudogene,RN7SL,1.0839893605861468,0.30799999833107,0.85,0,7.402105430253526,0.004399284494576716
RN7SL385P,Pseudogene,RN7SL,1.3843373554625953,0.261000007390976,0.96,0,-11.860767742506484,-3.0247621687524937
RN7SL386P,Pseudogene,RN7SL,1.2630648268022358,0.287000000476837,0,0,-11.649423023573378,-2.5424735697382115
RN7SL387P,Pseudogene,RN7SL,1.2468716879970787,0.277999997138977,0.44,0,-10.817926784864882,-0.6986601503961704
RN7SL388P,Pseudogene,RN7SL,0.7479653804735954,0.30799999833107,1.03,0,-12.292938610426406,-2.702443614827933
RN7SL38P,Pseudogene,RN7SL,1.2673319377035943,-0.209000006318092,0,0,-13.40917243611,-4.373386636602225
RN7SL390P,Pseudogene,RN7SL,1.1496558370717531,0.284000009298325,2.54,0,7.733309844621202,-0.15360803924733613
RN7SL391P,Pseudogene,RN7SL,1.1618862183171974,0.163000002503395,0.21,0,-10.47793521534584,-0.21636475645238373
RN7SL392P,Pseudogene,RN7SL,1.103597612047104,0.206000000238419,0,0,-11.771418949476699,-3.4569795282953404
RN7SL393P,Pseudogene,RN7SL,0.9152952883414848,-0.183000005781651,10,0,6.620139220841905,-1.7435872706049107
RN7SL394P,Pseudogene,RN7SL,1.181681783838174,-0.149000003933907,9.51,0,6.768387416490098,-1.1047628077142857
RN7SL395P,Pseudogene,RN7SL,1.3010435801854645,0.230000004172325,0.41,0,8.137367824204942,0.17064349330729034
RN7SL397P,Pseudogene,RN7SL,0.722659573724098,0.282999992370605,0.2,0,5.408439735063096,-1.5162074717157505
RN7SL398P,Pseudogene,RN7SL,1.2355147550766834,0.305000007152557,8.41,0,8.268047908433457,-0.026469245778860784
RN7SL399P,Pseudogene,RN7SL,1.4068006986695152,0.279000014066696,1.14,0,6.139646628983995,-0.07795269809895966
RN7SL39P,Pseudogene,RN7SL,1.1928945586465558,0.305000007152557,0.62,0,-12.609935184828261,-4.821998849736991
RN7SL400P,Pseudogene,RN7SL,1.4081465974484384,0.273999989032745,0,0,-12.535910984388808,-4.031083360540213
RN7SL401P,Pseudogene,RN7SL,1.2937937529576593,0.30799999833107,0.06,0,-12.37927283894203,-4.473726049291434
RN7SL402P,Pseudogene,RN7SL,1.3156925279189955,0.30799999833107,0.56,0,6.614085296281358,1.1211000529653408
RN7SL403P,Pseudogene,RN7SL,1.4804776248583582,0.214000001549721,0.96,0,-11.06959380756996,-1.10060597978765
RN7SL404P,Pseudogene,RN7SL,1.100124969252125,0.216999992728233,14.04,0,7.759856799729844,-0.2207426580064914
RN7SL405P,Pseudogene,RN7SL,1.213897078354052,-0.0160000007599592,0.2,0,-10.923817058912734,-0.8550332935922763
RN7SL408P,Pseudogene,RN7SL,1.3612083775334904,0.305000007152557,0.51,0,-12.803051372877578,-4.967010274755301
RN7SL40P,Pseudogene,RN7SL,0.6906231655322166,0.28999999165535,0.55,0,5.589872935899278,-0.44068969808751557
RN7SL411P,Pseudogene,RN7SL,0.7409980317239783,0.305000007152557,5.8,0,-13.664362331739882,-3.1103308352106236
RN7SL413P,Pseudogene,RN7SL,1.075944111720423,-0.158999994397163,1.2,0,7.280586341508409,-1.6026666315668248
RN7SL414P,Pseudogene,RN7SL,1.1696238064520703,-0.0379999987781048,1.26,0,7.838173011430284,-1.4616413267725132
RN7SL415P,Pseudogene,RN7SL,1.1658219465380495,0.239999994635582,0.19,0,7.537785152085801,-0.09128494583302948
RN7SL416P,Pseudogene,RN7SL,1.4103517487196109,0.202999994158745,0,0,6.182877639421006,-0.0997486861818454
RN7SL418P,Pseudogene,RN7SL,0.89558777788939,-0.122000001370907,0,0,-13.5941671336808,-3.4193394335382603
RN7SL419P,Pseudogene,RN7SL,1.294971516677902,0.282999992370605,1.44,0,-11.652043720594863,-4.198236718999686
RN7SL41P,Pseudogene,RN7SL,1.1344193351834897,-0.187000006437302,0,0,7.113136867173692,-1.2058572920435093
RN7SL420P,Pseudogene,RN7SL,1.1888915567719032,0.232999995350838,0.05,0,-12.199640652052382,-3.208206191884818
RN7SL422P,Pseudogene,RN7SL,1.450588819287242,0.293999999761581,0,0,-12.282431026808242,-4.858817354070487
RN7SL423P,Pseudogene,RN7SL,0.7198223067219978,-0.111000001430511,0.07,0,-13.684166332594375,-3.1926083716028355
RN7SL424P,Pseudogene,RN7SL,1.4903290862960636,0.30799999833107,0.13,0,-12.219584843031386,-4.510983243810477
RN7SL426P,Pseudogene,RN7SL,1.295176644432801,0.214000001549721,0.18,0,6.127342322953721,-0.06616659485036347
RN7SL428P,Pseudogene,RN7SL,0.9843723852608516,0.165999993681908,2.47,0,0.8179474269232953,10.591866716516671
RN7SL42P,Pseudogene,RN7SL,1.0751087513852364,-0.0570000000298023,0.15,0,3.6619709526381694,-14.631912961828055
RN7SL430P,Pseudogene,RN7SL,1.0908287140564763,0.310000002384186,1.44,0,1.217477778085252,9.358102068079171
RN7SL432P,Pseudogene,RN7SL,0.8042501707574639,0.27700001001358,0.37,0,-12.598521610609511,-2.790472761022391
RN7SL434P,Pseudogene,RN7SL,1.1535370650684624,0.305000007152557,1.71,0,6.578105071671983,0.555645465624986
RN7SL435P,Pseudogene,RN7SL,1.2563463968724369,0.200000002980232,0.59,0,8.086523631700059,0.3241981712705472
RN7SL43P,Pseudogene,RN7SL,1.4084691968980256,0.200000002980232,0.06,0,-11.969385525099257,-3.751118913518729
RN7SL441P,Pseudogene,RN7SL,1.0795790580438027,0.28999999165535,2.47,0,6.997248748429795,0.30677129305666473
RN7SL442P,Pseudogene,RN7SL,1.3133900659951372,0.194999992847443,0.57,0,6.320821860917588,1.237387642038522
RN7SL443P,Pseudogene,RN7SL,1.3055299373585176,0.30799999833107,4.44,0,6.234423736222764,-0.15543372951680634
RN7SL444P,Pseudogene,RN7SL,0.7409980317239783,0.30799999833107,11.06,0,5.351382831223985,-1.4593207987421177
RN7SL445P,Pseudogene,RN7SL,1.102487472541542,0.307000011205673,0.08,0,-12.48224200855873,-4.721864953862967
RN7SL446P,Pseudogene,RN7SL,1.2438628277461206,-0.105999998748302,0.18,0,7.902591327317735,-1.431059614049735
RN7SL447P,Pseudogene,RN7SL,1.049117111241857,-0.108999997377396,0,0,7.4301572834334575,-1.656307950841727
RN7SL448P,Pseudogene,RN7SL,1.1185616474646918,0.30799999833107,0.46,0,7.6638585125289165,-0.1973737033479831
RN7SL44P,Pseudogene,RN7SL,0.7590935962404165,0.214000001549721,0.17,0,-12.20778026234291,-2.5793042334192418
RN7SL451P,Pseudogene,RN7SL,1.394018036270026,0.159999996423721,0,0,-12.074785610548476,-4.192917123662772
RN7SL452P,Pseudogene,RN7SL,1.157809424568716,-0.138999998569489,2.56,0,7.248060325273057,-1.2787189634912632
RN7SL453P,Pseudogene,RN7SL,1.0557532746827198,0.301999986171722,0.04,0,-11.785602947584609,-2.229784503804984
RN7SL454P,Pseudogene,RN7SL,1.5437458994249549,-0.180000007152557,0.03,0,7.000205615647813,-0.8335749062173984
RN7SL455P,Pseudogene,RN7SL,1.749031258391039,0.305000007152557,1.47,0,-10.81566371571205,-0.714649334775748
RN7SL456P,Pseudogene,RN7SL,1.3422739769576302,0.30799999833107,0,0,8.194525340684434,0.6030319852358678
RN7SL457P,Pseudogene,RN7SL,1.2465613665217186,0.30799999833107,0.2,0,6.757316211350938,0.8841108975536206
RN7SL459P,Pseudogene,RN7SL,1.4836829381062686,0.30799999833107,0.18,0,6.366905311234971,1.4348229614621975
RN7SL45P,Pseudogene,RN7SL,1.165579957619513,0.206000000238419,0.85,0,-12.687176128736953,-4.7862198504083775
RN7SL460P,Pseudogene,RN7SL,1.319364227996909,0.300000011920929,0.09,0,-10.790341755262832,-0.6649418028467319
RN7SL461P,Pseudogene,RN7SL,1.2193950322585414,0.305000007152557,0,0,-12.65604629170082,-4.700657144414725
RN7SL462P,Pseudogene,RN7SL,1.0779604987363909,0.284999996423721,0.06,0,-12.536655804029921,-4.774636045324149
RN7SL464P,Pseudogene,RN7SL,0.8186531284829306,0.305000007152557,3.2,0,5.135410884507676,-0.2699222119920871
RN7SL465P,Pseudogene,RN7SL,1.0385665934669546,0.214000001549721,5.5,0,7.43756304133751,-0.22475554071599457
RN7SL466P,Pseudogene,RN7SL,0.7771059866596806,-0.104000002145767,0,0,6.324421981462022,-1.770778909551444
RN7SL468P,Pseudogene,RN7SL,0.968779314435048,-0.195500001311302,0.32,0,-13.631914516798476,-3.8770005854242466
RN7SL469P,Pseudogene,RN7SL,1.7000745981008996,-0.0659999996423721,0.64,0,8.779604533799668,-0.8841643484705112
RN7SL470P,Pseudogene,RN7SL,1.7031868369138257,0.123000003397465,0.38,0,-10.515318294874648,-0.2580268534296176
RN7SL472P,Pseudogene,RN7SL,1.7426414888559856,0.146999999880791,1.41,0,8.837078670152207,-0.6765983255975864
RN7SL474P,Pseudogene,RN7SL,1.6617065495471277,0.184000000357628,0.16,0,-10.488184353224257,-0.23261632047826264
RN7SL475P,Pseudogene,RN7SL,1.2122031559242932,-0.120999999344349,0.24,0,-12.640633007399062,-3.6818001421564244
RN7SL477P,Pseudogene,RN7SL,1.1537611398674268,0.211999997496605,0.69,0,6.299976924546739,0.11743538059061553
RN7SL478P,Pseudogene,RN7SL,1.456974947024391,0.223000004887581,0.39,0,-11.774880787245253,-3.730279699193778
RN7SL479P,Pseudogene,RN7SL,0.7062637489869168,0.30799999833107,0.06,0,-13.24270572315834,-2.799989477025809
RN7SL47P,Pseudogene,RN7SL,1.3475507683943586,0.305000007152557,1.69,0,-12.95442332874916,-4.948164716588797
RN7SL480P,Pseudogene,RN7SL,1.3232107709356753,0.305000007152557,0,0,-12.665328403822402,-4.880283132421317
RN7SL481P,Pseudogene,RN7SL,1.1849153308295222,0.226999998092651,4.84,0,-12.416084667555312,-4.429149404393973
RN7SL482P,Pseudogene,RN7SL,0.9208081665194152,0.30799999833107,2.45,0,-13.228592296949843,-2.948147073613944
RN7SL483P,Pseudogene,RN7SL,1.060309683552403,0.303000003099442,0.67,0,-11.120630642286757,-2.905254140722098
RN7SL487P,Pseudogene,RN7SL,1.1914666752829228,0.305999994277954,0.34,0,5.336551288255235,1.1638895419961788
RN7SL488P,Pseudogene,RN7SL,1.2994993891138389,0.270999997854233,0.23,0,-10.450068851820449,-0.18468792759114716
RN7SL489P,Pseudogene,RN7SL,0.7164919308990261,-0.0450000017881393,0.03,0,3.4568625484786235,-15.972889676915946
RN7SL48P,Pseudogene,RN7SL,0.9839404324833116,0.272000014781952,0.15,0,-10.905720135084609,-0.8278460653894565
RN7SL491P,Pseudogene,RN7SL,1.4461857496471695,0.18299999833107,0,0,-10.542457958570937,-0.2925239356630466
RN7SL492P,Pseudogene,RN7SL,1.2716279781703863,0.291999995708466,0,0,-12.252771755568007,-3.0965786131494664
RN7SL493P,Pseudogene,RN7SL,1.5334198398970285,0.305000007152557,0.35,0,-12.188098331800918,-4.709271684514823
RN7SL494P,Pseudogene,RN7SL,1.119723588234219,-0.197499997913837,0.64,0,7.647340396531602,-1.58583809457952
RN7SL495P,Pseudogene,RN7SL,1.5388606275913312,-0.126000002026558,0,0,8.719974139817735,-0.9651665838831088
RN7SL496P,Pseudogene,RN7SL,1.0899378376112396,0.252000004053116,0,0,-13.03411903034828,-5.064459577428641
RN7SL497P,Pseudogene,RN7SL,1.327057313874442,0.214000001549721,0,0,-11.521800419203261,-4.172997728215995
RN7SL498P,Pseudogene,RN7SL,1.456974947024391,0.44200000166893,0.56,0,7.855495074876329,0.9108842460042813
RN7SL499P,Pseudogene,RN7SL,0.8054326431782373,0.284000009298325,0.23,0,-13.612627407423476,-3.031509891378226
RN7SL49P,Pseudogene,RN7SL,1.0606777614337566,0.30799999833107,1.64,0,7.6596470867476665,-0.20525796734029267
RN7SL502P,Pseudogene,RN7SL,1.0420284821118444,0.284000009298325,2.21,0,6.227749923356553,-0.1473231466882846
RN7SL503P,Pseudogene,RN7SL,1.3526882386050345,0.30799999833107,0.1,0,-11.487875362745742,-2.5184629114740513
RN7SL504P,Pseudogene,RN7SL,1.0408182283579397,0.26800000667572,0,0,-12.780034443251113,-4.194197908269706
RN7SL505P,Pseudogene,RN7SL,1.149906288564834,0.301999986171722,3.61,0,-12.144675632826308,-3.123221650945487
RN7SL507P,Pseudogene,RN7SL,1.2790664926823316,0.305000007152557,2.1,0,-12.272123714796523,-3.1818335207574986
RN7SL508P,Pseudogene,RN7SL,1.3297613193066442,0.30799999833107,1.09,0,7.87264833796837,0.7915831503993848
RN7SL509P,Pseudogene,RN7SL,1.1811995139539426,-0.0469999983906746,0,0,-13.476830860487441,-4.128042951452079
RN7SL50P,Pseudogene,RN7SL,1.2937937529576593,0.30799999833107,0.2,0,6.79085836757042,1.0199070421583034
RN7SL510P,Pseudogene,RN7SL,1.4131438223823491,0.159999996423721,0.29,0,-10.631748577467421,-0.38796164117986176
RN7SL513P,Pseudogene,RN7SL,1.1539241580433175,0.305000007152557,2.49,0,5.995679477342149,0.01579742111032989
RN7SL515P,Pseudogene,RN7SL,1.075944111720423,0.20100000500679,0.68,0,6.193403342851182,0.19341160334414031
RN7SL516P,Pseudogene,RN7SL,0.8654333072533837,0.28099998831749,0.41,0,-13.512900730482558,-3.1501066835992955
RN7SL517P,Pseudogene,RN7SL,0.6035793393653307,0.239999994635582,12.92,0,-13.582439800611953,-2.841608062612357
RN7SL518P,Pseudogene,RN7SL,1.0544335830893663,-0.0329999998211861,0.08,0,7.19797096598961,-1.3741836699121617
RN7SL519P,Pseudogene,RN7SL,0.8924780981050519,0.28099998831749,0.22,0,-13.37488402973793,-3.357418313848319
RN7SL51P,Pseudogene,RN7SL,0.8653102015197772,0.305000007152557,0,0,5.483220676072618,-1.35506416879827
RN7SL520P,Pseudogene,RN7SL,1.2266302644906326,0.239999994635582,0.32,0,-12.113047977797011,-3.7079632433527134
RN7SL521P,Pseudogene,RN7SL,1.321540050265302,-0.132500000298023,10.42,0,8.313257793077012,-1.2255305203073643
RN7SL523P,Pseudogene,RN7SL,1.3054495525338543,0.305000007152557,0.2,0,-11.869929691664199,-3.7001435907953404
RN7SL525P,Pseudogene,RN7SL,1.798739641740684,0.151500001549721,0.37,0,-10.393054386488418,-0.12177689396077607
RN7SL526P,Pseudogene,RN7SL,1.284841806574688,0.305000007152557,1.18,0,-12.425735851637343,-3.50588203989202
RN7SL530P,Pseudogene,RN7SL,1.2588263542290736,0.30799999833107,0.46,0,-12.955945392958144,-5.018018022405448
RN7SL531P,Pseudogene,RN7SL,1.2193950322585414,0.305000007152557,0.23,0,-10.919751545301894,-0.8509329708688876
RN7SL535P,Pseudogene,RN7SL,1.1030481680012767,-0.165000006556511,9,0,-13.362204929701308,-3.936545625554862
RN7SL536P,Pseudogene,RN7SL,1.724736797978225,-0.013499999884516,0.06,0,8.81298218119957,-0.8363429459207675
RN7SL538P,Pseudogene,RN7SL,0.7769510612237437,-0.028999999165535,0.18,0,6.251200774796983,-1.7040503176324986
RN7SL541P,Pseudogene,RN7SL,1.1782654214692234,0.301999986171722,4.11,0,8.219520190843125,0.023128315580544734
RN7SL542P,Pseudogene,RN7SL,1.5122408810693433,-0.218999996781349,0,0,-13.092366596571425,-4.421979680883231
RN7SL543P,Pseudogene,RN7SL,1.103597612047104,-0.293999999761581,0.17,0,-13.06118716847084,-3.8105285318964146
RN7SL545P,Pseudogene,RN7SL,1.2695979207339714,-0.145000003278255,0.06,0,8.056327441819688,-1.3786137255304478
RN7SL546P,Pseudogene,RN7SL,1.3055299373585176,0.194999992847443,0.77,0,-11.24158038746498,-3.658550039159598
RN7SL547P,Pseudogene,RN7SL,1.4253033261070056,0.207000002264977,0.02,0,7.792376140244981,0.861109971774278
RN7SL549P,Pseudogene,RN7SL,1.182443667644646,0.231000006198883,0.4,0,8.319625476487657,-0.17630960069829438
RN7SL551P,Pseudogene,RN7SL,1.3404169512624398,0.30799999833107,0.06,0,-12.511214634291152,-4.051680341588797
RN7SL552P,Pseudogene,RN7SL,1.1955640797176958,0.305000007152557,3.13,0,-12.908396145216445,-5.016701475011649
RN7SL553P,Pseudogene,RN7SL,1.014054563128976,-0.141500003635883,0.07,0,-13.554447552076796,-3.9850347193353794
RN7SL554P,Pseudogene,RN7SL,1.3441691607150503,0.195999994874001,0,0,6.790167430528184,1.137530371320901
RN7SL555P,Pseudogene,RN7SL,1.2500243344901183,0.30799999833107,9.05,0,-11.943653484693984,-3.6193807276361607
RN7SL556P,Pseudogene,RN7SL,1.3986959491434152,0.193000003695488,0.11,0,-11.709084888807753,-3.239801183568778
RN7SL557P,Pseudogene,RN7SL,1.3966582219447798,0.144999995827675,0,0,-11.563817402235488,-1.9153545054071568
RN7SL559P,Pseudogene,RN7SL,1.356625184343142,-0.0500000007450581,5.13,0,-13.038050075880507,-4.118101373540702
RN7SL55P,Pseudogene,RN7SL,1.2279796927243958,0.204999998211861,0.95,0,6.911254981645127,-0.12390597187215302
RN7SL560P,Pseudogene,RN7SL,1.460418705990085,0.097000002861023,0.09,0,-10.888869663588027,-0.8396275194757602
RN7SL561P,Pseudogene,RN7SL,1.1372078333842193,0.160999998450279,0.11,0,-12.493355175367812,-4.731599584447684
RN7SL563P,Pseudogene,RN7SL,1.270482153805269,0.30799999833107,2.42,0,-11.346002003065566,-3.507302537786307
RN7SL564P,Pseudogene,RN7SL,1.3615838832928102,0.118000000715256,0,0,1.5973171984038554,-12.609205976354422
RN7SL565P,Pseudogene,RN7SL,0.6482102060085417,0.300000011920929,0.26,0,-13.374012371412734,-2.8292889746301793
RN7SL566P,Pseudogene,RN7SL,1.0795790580438027,-0.0839999988675117,3.34,0,6.704289058335801,-1.1773235949152134
RN7SL567P,Pseudogene,RN7SL,1.215126722814692,0.125,0,0,-11.91529979359291,-3.1760351809137486
RN7SL568P,Pseudogene,RN7SL,1.3404169512624398,0.266999989748001,0,0,-12.980636021009902,-5.036869779455008
RN7SL569P,Pseudogene,RN7SL,1.2542935432827758,0.354999989271164,1.91,0,5.8350058590254985,0.9532934872037747
RN7SL570P,Pseudogene,RN7SL,1.3560644630222634,0.284000009298325,0.07,0,6.3396984134993755,1.25713168062037
RN7SL571P,Pseudogene,RN7SL,1.2245306456455574,0.222000002861023,0.45,0,7.847991565354844,0.41261656559771087
RN7SL573P,Pseudogene,RN7SL,1.3591675853632754,0.263999998569489,0,0,8.135554889329454,0.6463455667323449
RN7SL574P,Pseudogene,RN7SL,1.391710318420982,0.305000007152557,1.45,0,-11.364803692213515,-3.869092241155448
RN7SL575P,Pseudogene,RN7SL,0.697009018135013,0.146999999880791,0.74,0,5.409725288041612,-1.2580921801202916
RN7SL577P,Pseudogene,RN7SL,1.2609805614114729,0.30799999833107,1.38,0,-12.610035320631484,-4.151598230230155
RN7SL578P,Pseudogene,RN7SL,0.810057477260091,0.30799999833107,0.58,0,5.621437648423692,-1.5906727465265416
RN7SL57P,Pseudogene,RN7SL,1.1977338874848786,0.30799999833107,7.73,0,-12.83887328755043,-4.924721971380057
RN7SL580P,Pseudogene,RN7SL,1.1739461412874437,-0.127000004053116,0.07,0,6.331914523728868,-0.4070260676019809
RN7SL581P,Pseudogene,RN7SL,1.0116781379726645,-0.0579999983310699,0.46,0,-13.533066173902968,-3.9072878512018345
RN7SL582P,Pseudogene,RN7SL,0.9835155326981566,-0.0410000011324883,0.8,0,-13.615598102919082,-3.766351476537528
RN7SL583P,Pseudogene,RN7SL,0.7261522523427487,-0.10700000077486,0.19,0,6.450281718858262,-1.3208732756250523
RN7SL585P,Pseudogene,RN7SL,1.0668386840668884,0.305000007152557,0,0,7.510449508317491,-0.09824343048268769
RN7SL586P,Pseudogene,RN7SL,1.2321282727673837,0.207000002264977,0,0,-12.404108425489882,-3.4087884577386998
RN7SL587P,Pseudogene,RN7SL,1.458592655862368,-0.12899999320507,2.08,0,-13.14758624683998,-4.4217507990472935
RN7SL589P,Pseudogene,RN7SL,1.120460733453596,0.184000000357628,1.17,0,-12.16898288380287,-4.302538648473563
RN7SL58P,Pseudogene,RN7SL,1.311396389052321,0.206000000238419,0,0,7.84791050303795,0.5336242017871716
RN7SL591P,Pseudogene,RN7SL,1.153844323799645,0.30799999833107,0.58,0,7.7776351963362895,-0.14148081861669037
RN7SL592P,Pseudogene,RN7SL,1.7799774783405171,0.305000007152557,0.35,0,-10.995271107069472,-0.9809557350748203
RN7SL594P,Pseudogene,RN7SL,1.028715690818894,0.105999998748302,0.07,0,6.322461703904649,-0.47355379186803315
RN7SL596P,Pseudogene,RN7SL,1.2422330284435184,0.144999995827675,0.19,0,-10.47592105518959,-0.21740938745671723
RN7SL597P,Pseudogene,RN7SL,1.0795790580438027,0.294999986886978,0.44,0,5.818910220750352,0.6066616994864323
RN7SL598P,Pseudogene,RN7SL,1.3468395347023838,-0.170500002801418,0.07,0,7.261859038957139,-1.2648960503214024
RN7SL600P,Pseudogene,RN7SL,1.2662330496119405,0.30799999833107,7.29,0,-11.6780933345475,-2.227695241796317
RN7SL601P,Pseudogene,RN7SL,1.17361569657648,0.207000002264977,0,0,-12.102981945387343,-3.0754635485284947
RN7SL602P,Pseudogene,RN7SL,1.7259936792181785,0.218999996781349,0.14,0,-10.37274493824623,-0.10179854952031586
RN7SL604P,Pseudogene,RN7SL,0.97396806323517,-0.119999997317791,0.48,0,-13.064071079603652,-3.65661503397161
RN7SL605P,Pseudogene,RN7SL,1.2484564257805018,-0.153999999165535,0.78,0,-10.90040721546791,-0.8251631411188266
RN7SL606P,Pseudogene,RN7SL,1.0906327685357189,0.305000007152557,0.67,0,7.528325656541368,-0.119664564954581
RN7SL607P,Pseudogene,RN7SL,1.394018036270026,0.30799999833107,0.2,0,-11.913471599928359,-4.523209825383963
RN7SL608P,Pseudogene,RN7SL,1.2574059342090356,-0.131999999284744,8.57,0,6.801171878465196,-0.9697930964105747
RN7SL60P,Pseudogene,RN7SL,1.1732985138606051,-0.172999992966652,0.06,0,-13.084554096571425,-3.913845792638602
RN7SL610P,Pseudogene,RN7SL,1.0145752689519678,0.146999999880791,0.95,0,-11.835584064833144,-3.0840838106744908
RN7SL612P,Pseudogene,RN7SL,0.7417829872660587,0.303000003099442,0.45,0,-12.95825233112953,-2.80242539964849
RN7SL614P,Pseudogene,RN7SL,1.364561107527415,-0.333499997854233,0.93,0,-13.400334736219863,-4.466986432897391
RN7SL615P,Pseudogene,RN7SL,1.282137953381464,0.305000007152557,0.78,0,8.490056613572618,0.12615875877207305
RN7SL616P,Pseudogene,RN7SL,1.1233764305294978,0.284000009298325,0.63,0,7.57373247493126,-0.1367377194040439
RN7SL617P,Pseudogene,RN7SL,1.206678004177136,0.305000007152557,0.27,0,-12.450918575636367,-4.090858236181083
RN7SL618P,Pseudogene,RN7SL,1.2790664926823316,-0.0654999986290932,0.1,0,7.07618723262169,-0.9827608021371982
RN7SL619P,Pseudogene,RN7SL,1.1981981254257643,0.195999994874001,0.24,0,-10.84187450062416,-0.7239051016443393
RN7SL620P,Pseudogene,RN7SL,1.2036632631654969,-0.12899999320507,0.27,0,6.767384627946397,-1.03956283651525
RN7SL621P,Pseudogene,RN7SL,1.1616816968916883,0.266999989748001,0.31,0,5.869775870927354,0.7551094514853337
RN7SL622P,Pseudogene,RN7SL,1.7430294609870851,0.165000006556511,0,0,-10.52157249104164,-0.26309897028142426
RN7SL623P,Pseudogene,RN7SL,1.10925612611906,0.30799999833107,0.5,0,6.411655524858018,0.2846238461858609
RN7SL624P,Pseudogene,RN7SL,1.6367593663867102,0.180500000715256,0.2,0,-10.543469807020644,-0.28246583067113373
RN7SL625P,Pseudogene,RN7SL,0.9310220115088644,0.214000001549721,0,0,-12.459874531141738,-3.022319570409598
RN7SL627P,Pseudogene,RN7SL,0.768051796496079,0.266000002622604,0.53,0,-13.463786503187636,-2.9568250330560826
RN7SL628P,Pseudogene,RN7SL,1.7000745981008996,-0.0160000007599592,0.19,0,8.81314144481041,-0.8329779060953281
RN7SL629P,Pseudogene,RN7SL,1.0359347482983248,0.214000001549721,0.47,0,4.130802730210801,-13.70930172525579
RN7SL62P,Pseudogene,RN7SL,1.1695044692613294,0.199000000953674,0.02,0,-12.003298183790664,-4.292840734350028
RN7SL630P,Pseudogene,RN7SL,1.2045896033391692,0.0689999982714653,8.45,0,6.9713560139022075,-0.4696546944254062
RN7SL632P,Pseudogene,RN7SL,1.2535680987811662,-0.096000000834465,0,0,8.120357135423204,-1.334940925466361
RN7SL633P,Pseudogene,RN7SL,0.912213486023837,0.30799999833107,0,0,-12.567198177687148,-2.979754463064017
RN7SL634P,Pseudogene,RN7SL,1.1776349284140708,0.284000009298325,0.23,0,-11.801437755934218,-2.224357143270316
RN7SL635P,Pseudogene,RN7SL,1.3494738225547531,-0.0509999990463257,0.07,0,-12.474391361586074,-3.811353937017264
RN7SL636P,Pseudogene,RN7SL,1.358653916585738,0.29899999499321,0.06,0,-11.704476734510878,-3.637912526952567
RN7SL638P,Pseudogene,RN7SL,1.1378471931106346,0.30799999833107,2.16,0,5.983836272843858,0.5810370368487218
RN7SL63P,Pseudogene,RN7SL,1.1540008409352662,0.29899999499321,0,0,6.07043133128502,0.606297768426595
RN7SL643P,Pseudogene,RN7SL,1.515894813610587,0.29899999499321,0.02,0,-12.27063026081703,-4.824270978795829
RN7SL644P,Pseudogene,RN7SL,1.3813247574970395,0.180999994277954,0.1,0,-10.425095936171035,-0.1610596927278659
RN7SL645P,Pseudogene,RN7SL,1.291237276470687,-0.256000012159348,0.07,0,-13.494617840162734,-4.24445511423284
RN7SL646P,Pseudogene,RN7SL,1.2279796927243958,-0.126000002026558,1.8,0,7.252312759049913,-1.1378626974695347
RN7SL647P,Pseudogene,RN7SL,1.157809424568716,-0.106499999761581,0,0,7.510996917375108,-1.4627797754877232
RN7SL649P,Pseudogene,RN7SL,1.098866399317945,0.164000004529953,0.08,0,-12.60346068989418,-4.791020170080008
RN7SL650P,Pseudogene,RN7SL,1.2662330496119405,0.347000002861023,14.43,0,-11.785669704786757,-2.2439575346582554
RN7SL652P,Pseudogene,RN7SL,1.3893713094824591,0.282000005245209,1.13,0,5.324501136430284,1.3292896596319057
RN7SL653P,Pseudogene,RN7SL,0.6638634243260898,-0.063000001013279,5.54,0,6.244779208787461,-1.765574470388236
RN7SL654P,Pseudogene,RN7SL,0.8326711615048985,0.0850000008940697,0.07,0,5.839446643479844,-1.6577739866846226
RN7SL655P,Pseudogene,RN7SL,1.107300959738537,-0.122999999672174,2.46,0,6.875736812242051,-1.103795185911002
RN7SL658P,Pseudogene,RN7SL,0.768051796496079,0.305000007152557,0.64,0,-13.157350918165664,-2.811360612737479
RN7SL659P,Pseudogene,RN7SL,1.3591675853632754,0.30799999833107,0.08,0,-13.041439434401015,-5.082575574743094
RN7SL65P,Pseudogene,RN7SL,0.6395518726189099,0.263999998569489,1.12,0,5.256005862840196,-0.9484853895776889
RN7SL660P,Pseudogene,RN7SL,1.2081489647673558,0.0040000001899898,5.34,0,6.754597285874864,-0.895857945310416
RN7SL663P,Pseudogene,RN7SL,1.2197657817362726,0.214000001549721,2.42,0,-11.633594890943984,-2.1385800989740513
RN7SL664P,Pseudogene,RN7SL,0.9338397326029644,0.165999993681908,14.75,0,-11.81617583881996,-2.3440621050470494
RN7SL665P,Pseudogene,RN7SL,1.0536065763575315,-0.126000002026558,0.31,0,7.222689250596543,-1.4053349646204136
RN7SL666P,Pseudogene,RN7SL,1.2911098517394564,-0.100499998778105,0.76,0,-13.509299656263808,-4.1265752466791294
RN7SL667P,Pseudogene,RN7SL,0.8974965673670249,0.419999986886978,0.06,0,-10.693746944776992,-0.5083104523294589
RN7SL668P,Pseudogene,RN7SL,0.8368325543912503,-0.096000000834465,0.1,0,-13.499659916273574,-3.651816621648612
RN7SL66P,Pseudogene,RN7SL,1.3025356026398056,0.18299999833107,0.2,0,-10.587650677076796,-0.3485797794931552
RN7SL670P,Pseudogene,RN7SL,0.909707405018277,0.272000014781952,0.07,0,-10.782583614698867,-0.6531753691309116
RN7SL672P,Pseudogene,RN7SL,1.2381621291129172,0.305000007152557,1.8,0,-11.735887905470351,-3.6069100054376744
RN7SL673P,Pseudogene,RN7SL,1.494893181088722,-0.168999999761581,0.15,0,8.650884250291368,-0.9991601856821201
RN7SL675P,Pseudogene,RN7SL,1.2045896033391692,0.374000012874603,0,0,7.547292808183213,-0.050902024137320256
RN7SL677P,Pseudogene,RN7SL,1.295730296460914,0.0350000001490116,1.47,0,7.3436990772567,-0.8590363415353915
RN7SL678P,Pseudogene,RN7SL,0.975812625389018,0.130999997258186,0.22,0,6.046527484544297,-0.2472580822580478
RN7SL679P,Pseudogene,RN7SL,0.7312480576223469,0.284000009298325,0.22,0,-13.54705085407875,-2.9634113463037632
RN7SL67P,Pseudogene,RN7SL,1.2086591628099097,0.214000001549721,2.44,0,6.645063022264024,-0.06176270567113373
RN7SL680P,Pseudogene,RN7SL,1.277849866580857,0.206000000238419,0.47,0,6.934749225266954,-0.08448858581716034
RN7SL681P,Pseudogene,RN7SL,1.2371114399501348,0.29899999499321,0.73,0,8.046196559556504,0.3146444705850461
RN7SL683P,Pseudogene,RN7SL,1.286454916187462,0.305000007152557,2.88,0,-12.39619292866371,-3.7935907991998814
RN7SL684P,Pseudogene,RN7SL,1.2168813339854874,0.0034999998752027,0.64,0,7.381775478013536,-1.1936139019601963
RN7SL685P,Pseudogene,RN7SL,1.282137953381464,0.30799999833107,0.39,0,-11.792912861219863,-3.7158420237177037
RN7SL687P,Pseudogene,RN7SL,0.8896851367738555,0.282999992370605,0,0,-13.722732921949843,-3.328668371068778
RN7SL688P,Pseudogene,RN7SL,1.060974454513878,-0.133000001311302,2.2,0,7.809018233903428,-1.565125718938651
RN7SL689P,Pseudogene,RN7SL,1.1811995139539426,0.284000009298325,13.75,0,5.947297671922227,0.7651653585559705
RN7SL68P,Pseudogene,RN7SL,0.7731179060829814,-0.0345000009983778,8.68,0,-13.610314747206191,-3.433572069036307
RN7SL690P,Pseudogene,RN7SL,1.4762070163251129,0.0610000006854534,0.71,0,-10.900297542921523,-0.8310890349023959
RN7SL691P,Pseudogene,RN7SL,1.211661025711447,0.305000007152557,0,0,-12.402602573744277,-3.5432107599847935
RN7SL692P,Pseudogene,RN7SL,0.9407201574620816,0.282999992370605,0,0,5.361383536942979,-0.17167468391591523
RN7SL693P,Pseudogene,RN7SL,1.6184432816551946,0.159999996423721,0.19,0,-10.424750706068496,-0.16079051815206025
RN7SL697P,Pseudogene,RN7SL,0.8364108217620156,0.194999992847443,0.24,0,5.871230701097032,-0.0691628011339328
RN7SL69P,Pseudogene,RN7SL,1.2514557750853033,0.0054999998537823,0.56,0,-12.86026992451332,-4.125703111516776
RN7SL700P,Pseudogene,RN7SL,1.3822826803524466,0.30799999833107,0,0,8.139600375779649,0.6939445871463993
RN7SL703P,Pseudogene,RN7SL,1.2191503212346084,0.214000001549721,0.08,0,8.247919658311387,-0.12563128791982148
RN7SL704P,Pseudogene,RN7SL,1.305704789020924,-0.0980000011622906,0.18,0,-13.33749045979164,-4.511849656926932
RN7SL705P,Pseudogene,RN7SL,1.0751087513852364,0.30799999833107,0,0,6.938156703599473,0.2857233730680325
RN7SL706P,Pseudogene,RN7SL,1.1776349284140708,0.30799999833107,0.19,0,6.932396033891221,0.5683981177932599
RN7SL708P,Pseudogene,RN7SL,1.0222798932646855,0.108000002801418,1.3,0,5.566339114793321,0.39211823023623016
RN7SL709P,Pseudogene,RN7SL,1.1230751418316545,0.256999999284744,7.33,0,-12.202728649488906,-3.6220543535822056
RN7SL70P,Pseudogene,RN7SL,1.1961474849848983,0.266000002622604,0.2,0,6.211735347398301,-0.15510495029622529
RN7SL711P,Pseudogene,RN7SL,1.289466683549774,0.30799999833107,0.66,0,5.349080184587022,1.29439632572001
RN7SL712P,Pseudogene,RN7SL,1.150291181552036,0.197999998927116,0.06,0,-12.56345595966957,-4.786534086095633
RN7SL713P,Pseudogene,RN7SL,1.288158829983737,0.13849999755621,1.24,0,7.535386184342881,0.33359615482157257
RN7SL714P,Pseudogene,RN7SL,1.445319147448196,0.30799999833107,0,0,-11.941795727125625,-4.515397802221122
RN7SL715P,Pseudogene,RN7SL,1.3237890973215738,0.305000007152557,2.19,0,8.027725795396348,0.43471960700815704
RN7SL716P,Pseudogene,RN7SL,1.257173666229464,0.30799999833107,0.29,0,-10.837930103651503,-0.7413845213525913
RN7SL717P,Pseudogene,RN7SL,0.5379720558602115,0.30799999833107,0.37,0,-13.587703129164199,-2.886497035848441
RN7SL718P,Pseudogene,RN7SL,1.6392747298349148,0.160999998450279,0.34,0,-10.403337856642226,-0.13341899238759491
RN7SL720P,Pseudogene,RN7SL,1.3596643571415514,0.130999997258186,5.2,0,-11.53336276661537,-2.5131538065546177
RN7SL724P,Pseudogene,RN7SL,0.7305734745433596,-0.194999992847443,0.98,0,-13.055903812757949,-3.0555963667505406
RN7SL726P,Pseudogene,RN7SL,1.2429994156741064,-0.204999998211861,0.92,0,-13.29516639362953,-3.944565072881522
RN7SL727P,Pseudogene,RN7SL,0.7627460736179041,-0.113500002771616,0.17,0,-13.567529102674941,-3.324013963567557
RN7SL728P,Pseudogene,RN7SL,1.1693875188144032,0.30799999833107,5.34,0,-12.339850803724746,-3.3645117434137486
RN7SL72P,Pseudogene,RN7SL,1.084639312235377,0.252000004053116,0,0,1.1545060669264995,9.480449899805246
RN7SL732P,Pseudogene,RN7SL,1.0188722936204702,-0.117999996989965,0,0,6.616554359086534,-1.1816603096597813
RN7SL733P,Pseudogene,RN7SL,1.330249126100227,0.303000003099442,0.13,0,-11.694266697279433,-2.2155835779779576
RN7SL734P,Pseudogene,RN7SL,1.2238589555004884,0.30799999833107,0.08,0,7.994119266160508,-0.03524841390782807
RN7SL735P,Pseudogene,RN7SL,1.296587951486199,0.30799999833107,15.29,0,-11.5198902095475,-4.118180528508963
RN7SL736P,Pseudogene,RN7SL,1.2525001581765665,-0.188999995589256,0.71,0,1.1057536398253642,-14.513977781163993
RN7SL737P,Pseudogene,RN7SL,1.145492303030751,0.140000000596046,15.23,0,6.708397487290879,-0.23596473060780976
RN7SL738P,Pseudogene,RN7SL,1.1227242904908763,-0.25900000333786,15.18,0,-13.530646702162246,-4.070614114629569
RN7SL73P,Pseudogene,RN7SL,1.199159761160456,0.237000003457069,0,0,-10.913085361830214,-0.842937007772269
RN7SL740P,Pseudogene,RN7SL,1.353021478711116,0.30799999833107,0.07,0,-11.7003683055558,-2.0554392489069127
RN7SL741P,Pseudogene,RN7SL,1.1417843806300487,-0.0850000008940697,0,0,-12.437290569654921,-3.2108838709467076
RN7SL743P,Pseudogene,RN7SL,1.375384349991025,-0.149000003933907,1.79,0,6.94023809779503,-0.9328091295831821
RN7SL744P,Pseudogene,RN7SL,1.2358639925171688,0.291999995708466,1.12,0,-10.549276729933242,-0.301588073598685
RN7SL745P,Pseudogene,RN7SL,1.0687471611403534,0.287999987602234,4.15,0,-12.12836017262123,-2.8086130770319127
RN7SL748P,Pseudogene,RN7SL,1.3737352979609525,-0.0799999982118607,0.18,0,-12.445951839796523,-3.4737484606378697
RN7SL749P,Pseudogene,RN7SL,1.3055299373585176,0.30799999833107,4.69,0,6.5582467113814555,1.0712790337926723
RN7SL74P,Pseudogene,RN7SL,0.7086258351039298,0.301999986171722,1.19,0,-13.519017597547988,-2.89774633966619
RN7SL750P,Pseudogene,RN7SL,1.546989063079209,0.111999999731779,0.8,0,-10.887763401380996,-0.7890801581018588
RN7SL751P,Pseudogene,RN7SL,0.9539697371446464,0.282000005245209,6.79,0,4.140890220292588,-12.929643407689872
RN7SL752P,Pseudogene,RN7SL,0.9561004655846193,-0.167999997735023,14.25,0,7.097332099565049,-1.6722526701563023
RN7SL753P,Pseudogene,RN7SL,0.6228216214921369,0.230000004172325,0.49,0,5.362971404679795,-1.4628431948297642
RN7SL754P,Pseudogene,RN7SL,1.6844821327371922,0.231000006198883,1.5,0,9.0675121342025,0.9564000812894681
RN7SL756P,Pseudogene,RN7SL,1.4386214118708298,0.252000004053116,0.09,0,-12.291558643690566,-4.864897981511893
RN7SL757P,Pseudogene,RN7SL,1.119343995181051,-0.170000001788139,0.5,0,-13.445145031324843,-4.026634469854178
RN7SL75P,Pseudogene,RN7SL,1.3473440634660858,0.30799999833107,5.64,0,-11.828137775770644,-4.140320554601493
RN7SL760P,Pseudogene,RN7SL,1.4408295061299576,-0.158999994397163,4.35,0,7.785442451127549,-1.0627738388651036
RN7SL761P,Pseudogene,RN7SL,1.3493894012959138,0.214000001549721,0,0,7.825772861131211,0.6090544757968762
RN7SL762P,Pseudogene,RN7SL,0.6490142795160276,-0.104000002145767,0,0,-13.538743397108535,-3.1221835764520787
RN7SL764P,Pseudogene,RN7SL,0.971588328309412,0.291000008583069,0.02,0,-11.845699688307265,-2.2020335348718785
RN7SL766P,Pseudogene,RN7SL,1.360145052163249,0.30799999833107,0,0,7.009110072740098,-0.07170631014043305
RN7SL767P,Pseudogene,RN7SL,0.8595263185781316,0.146999999880791,2.16,0,5.6263876949629985,-0.9746165426843784
RN7SL769P,Pseudogene,RN7SL,1.3422739769576302,0.211999997496605,13.02,0,-11.457349201551894,-3.297871843206229
RN7SL76P,Pseudogene,RN7SL,1.310047341986056,0.291999995708466,0.73,0,5.530974010118028,1.2507566658384182
RN7SL771P,Pseudogene,RN7SL,1.107300959738537,0.199000000953674,1.35,0,-11.890635868422011,-3.1514640005701207
RN7SL775P,Pseudogene,RN7SL,1.2611852660480656,0.301999986171722,1.74,0,-11.52517356526039,-1.8625915201776646
RN7SL776P,Pseudogene,RN7SL,0.868357068426537,0.30799999833107,0,0,5.660485366471788,-1.5393247755640171
RN7SL778P,Pseudogene,RN7SL,1.391710318420982,0.305000007152557,1.35,0,5.840037444718858,1.2755933848745205
RN7SL77P,Pseudogene,RN7SL,0.968779314435048,-0.276500001549721,0.33,0,7.201358893998643,-1.6701829584711216
RN7SL782P,Pseudogene,RN7SL,1.3940970622358009,-0.101999998092651,0,0,-13.373518368116835,-4.414314523565116
RN7SL783P,Pseudogene,RN7SL,1.5001517461189344,0.30799999833107,0.06,0,6.243129352220079,1.501129790914712
RN7SL784P,Pseudogene,RN7SL,1.4726523382672263,0.261000007390976,1.09,0,-10.376846691481093,-0.10571040235692475
RN7SL785P,Pseudogene,RN7SL,0.8237379305231971,0.0309999994933605,0.67,0,-11.535803219191054,-1.8692643793695591
RN7SL786P,Pseudogene,RN7SL,1.177235757195708,0.30799999833107,11.34,0,-12.435605427137832,-3.5724985750787877
RN7SL788P,Pseudogene,RN7SL,1.2200966404474127,0.30799999833107,4.39,0,-12.7598165477433,-4.9232742937677525
RN7SL789P,Pseudogene,RN7SL,1.2328892166055954,0.291999995708466,0.54,0,-12.129808803907851,-3.0636384638422154
RN7SL78P,Pseudogene,RN7SL,1.1124859239628233,0.30799999833107,0,0,8.367127040513536,-0.1417706760042331
RN7SL790P,Pseudogene,RN7SL,1.0023987635527811,0.190500006079674,0.12,0,-12.347071071974257,-2.966758027898612
RN7SL791P,Pseudogene,RN7SL,1.2834023113015938,-0.130999997258186,0.16,0,7.9385520016036235,-1.4016463907831334
RN7SL792P,Pseudogene,RN7SL,1.2754884152625854,0.305999994277954,0.3,0,7.386663535722276,-0.05118830524617646
RN7SL793P,Pseudogene,RN7SL,1.3964120424697015,0.30799999833107,0.68,0,8.058286288865586,0.8041950238472798
RN7SL794P,Pseudogene,RN7SL,1.2405100977521957,-0.0725000016391277,0.14,0,-12.929437061659316,-3.8788573893182896
RN7SL795P,Pseudogene,RN7SL,1.133175181492786,0.305000007152557,0.77,0,-12.57423247944496,-4.014241948949637
RN7SL797P,Pseudogene,RN7SL,1.1695044692613294,-0.203999996185303,0.17,0,-13.441646000257949,-4.021883264409842
RN7SL798P,Pseudogene,RN7SL,1.1078043663647514,-0.185000002384186,9.21,0,-13.186067005506972,-3.878484979497733
RN7SL799P,Pseudogene,RN7SL,1.014054563128976,0.033500000834465,0.23,0,7.1661497150740825,-1.1663518103235386
RN7SL79P,Pseudogene,RN7SL,1.221688565234576,0.30799999833107,0.27,0,-11.552040478102187,-2.4259927424066685
RN7SL7P,Pseudogene,RN7SL,1.165579957619513,-0.111000001430511,0.06,0,6.729552367814561,-1.0648745449655674
RN7SL800P,Pseudogene,RN7SL,1.364561107527415,0.30799999833107,6.41,0,-13.066746136061171,-5.111212030278983
RN7SL801P,Pseudogene,RN7SL,1.1501418124854796,0.214000001549721,9.94,0,8.27932796824791,-0.16845436416799042
RN7SL802P,Pseudogene,RN7SL,1.277849866580857,0.305000007152557,0,0,-12.922795673719863,-5.042909875737967
RN7SL803P,Pseudogene,RN7SL,1.0069547764164404,0.305000007152557,0.23,0,-12.446052929274062,-3.5155966433160923
RN7SL804P,Pseudogene,RN7SL,1.1306125588909273,0.30799999833107,0.32,0,-12.391498943678359,-4.694996133672538
RN7SL806P,Pseudogene,RN7SL,1.2809806399483663,0.0719999969005585,0.79,0,7.371764758714219,-0.2908958347910068
RN7SL807P,Pseudogene,RN7SL,0.8654333072533837,0.0549999997019768,0,0,6.0006457363448344,-1.694203630315604
RN7SL808P,Pseudogene,RN7SL,0.8944949066066,0.30799999833107,0,0,5.6007905994734966,-1.5030450972192906
RN7SL809P,Pseudogene,RN7SL,1.321540050265302,0.219999998807907,4.93,0,-12.399751087538222,-4.891267076360526
RN7SL810P,Pseudogene,RN7SL,1.3214129302142956,0.305000007152557,0.14,0,6.941744426377793,-0.06144721828633759
RN7SL811P,Pseudogene,RN7SL,1.736714136853074,0.180999994277954,0.34,0,-10.341259380690078,-0.06985910259419892
RN7SL812P,Pseudogene,RN7SL,1.0955616060435165,0.214000001549721,4.27,0,6.077302554734727,0.34858642495935943
RN7SL813P,Pseudogene,RN7SL,0.8468782716810044,-0.103000000119209,0.07,0,-13.591243168226699,-3.390245691167655
RN7SL814P,Pseudogene,RN7SL,1.238856084288526,-0.164000004529953,0.58,0,-13.408968349806289,-4.407339826452079
RN7SL815P,Pseudogene,RN7SL,1.065983159861542,-0.14750000089407,0.26,0,-13.410323521009902,-3.9085605295770787
RN7SL817P,Pseudogene,RN7SL,1.025143761336884,-0.0319999996572733,0.77,0,7.240962604173204,-1.4382789286249302
RN7SL819P,Pseudogene,RN7SL,1.19640307205434,0.209000006318092,0,0,-10.805008312574843,-0.6802915485971591
RN7SL820P,Pseudogene,RN7SL,0.7667099199485142,-0.104000002145767,0.18,0,-13.54241218220375,-3.339877858983817
RN7SL822P,Pseudogene,RN7SL,1.4081465974484384,-0.115499999374151,0,0,8.355059245713731,-1.1449533852213047
RN7SL823P,Pseudogene,RN7SL,1.0714643149398626,0.294999986886978,0.46,0,-11.132834812513808,-2.954001918660941
RN7SL824P,Pseudogene,RN7SL,0.6549225027863445,0.284000009298325,0,0,-13.272865673414687,-2.7844123991602086
RN7SL825P,Pseudogene,RN7SL,1.2245306456455574,0.30799999833107,0.2,0,-11.825712581984023,-3.1185488852136753
RN7SL826P,Pseudogene,RN7SL,1.1336883948902012,0.305000007152557,0.19,0,6.420525172837754,0.26008714712923553
RN7SL827P,Pseudogene,RN7SL,1.3025356026398056,0.193000003695488,2.01,0,-12.671442409864882,-4.777235761510672
RN7SL828P,Pseudogene,RN7SL,1.2953709403590583,0.214000001549721,0,0,-11.512679478041152,-2.4829921873682164
RN7SL82P,Pseudogene,RN7SL,1.5242048120904617,-0.0189999993890524,0.2,0,8.717527011521836,-0.944740191327872
RN7SL831P,Pseudogene,RN7SL,0.6859748628322487,0.30799999833107,0,0,-13.66890086781166,-3.2354109438532017
RN7SL833P,Pseudogene,RN7SL,0.9050482121628696,0.214000001549721,2.34,0,-12.160815616957168,-2.7151184233301304
RN7SL834P,Pseudogene,RN7SL,0.765125808543662,-0.171499997377396,7.06,0,6.299402335771104,-1.7965283545129918
RN7SL835P,Pseudogene,RN7SL,1.4980816600335676,0.199000000953674,0.62,0,-10.66351356159828,-0.46564413629704926
RN7SL836P,Pseudogene,RN7SL,1.3729429325122275,0.195999994874001,4.3,0,-11.829770466200332,-2.4137053640955113
RN7SL837P,Pseudogene,RN7SL,0.7503573274208404,0.217999994754791,0.07,0,5.467384437211534,-1.440008655416312
RN7SL838P,Pseudogene,RN7SL,1.4011456426136666,-0.184000000357628,15.21,0,6.816001514085313,-0.8985525520914218
RN7SL83P,Pseudogene,RN7SL,1.111029245798263,-0.216999992728233,0.37,0,7.503905871995469,-1.5300860556238316
RN7SL840P,Pseudogene,RN7SL,1.1985773620535298,0.30799999833107,0.08,0,6.289121249803086,-0.2056916507356784
RN7SL841P,Pseudogene,RN7SL,1.1344193351834897,0.347000002861023,0,0,6.917900661119004,0.5341087130433896
RN7SL842P,Pseudogene,RN7SL,1.4125274979738336,0.28099998831749,1.09,0,6.18155250895836,-0.10167332016164277
RN7SL843P,Pseudogene,RN7SL,1.0876391564130363,-0.33500000834465,0.05,0,7.184391597398301,-1.562935844289603
RN7SL845P,Pseudogene,RN7SL,1.0779604987363909,0.305000007152557,0.1,0,-11.86011066090248,-3.891365781652274
RN7SL846P,Pseudogene,RN7SL,1.320378556100625,-0.0640000030398369,0.85,0,-13.357365032545546,-4.47461344324285
RN7SL847P,Pseudogene,RN7SL,1.6209331943962024,0.209999993443489,0.21,0,-10.744516750685195,-0.5716351421945712
RN7SL849P,Pseudogene,RN7SL,1.7426013034186776,0.305000007152557,0.19,0,8.749621013291856,0.4419198629981854
RN7SL851P,Pseudogene,RN7SL,1.3182978596574488,0.270999997854233,2.44,0,-11.856836696974257,-2.7382695826166294
RN7SL853P,Pseudogene,RN7SL,1.7445020926237156,-0.0900000035762787,0.03,0,0.5196912680945599,-12.370603338109794
RN7SL854P,Pseudogene,RN7SL,1.047915648677448,0.231000006198883,0.17,0,-13.014012714735488,-4.88944555841619
RN7SL856P,Pseudogene,RN7SL,1.177235757195708,-0.151999995112419,0.31,0,-13.25139655720375,-3.8942148836725377
RN7SL860P,Pseudogene,RN7SL,1.2616488348439372,0.0520000010728836,0,0,4.120568374284288,8.844670519006906
RN7SL861P,Pseudogene,RN7SL,1.4015587771094984,0.30799999833107,5.61,0,8.05324612010338,0.791589893174825
RN7SL862P,Pseudogene,RN7SL,1.1189567593147325,0.305000007152557,0.19,0,5.850124457963487,0.7223912996775487
RN7SL863P,Pseudogene,RN7SL,0.7627460736179041,-0.0614999998360872,0.38,0,-13.67629661213539,-3.5236418398492955
RN7SL864P,Pseudogene,RN7SL,1.267496633212068,0.305000007152557,0.37,0,8.044911960252305,0.5653565449244359
RN7SL865P,Pseudogene,RN7SL,1.129765597676048,0.305000007152557,0.59,0,-12.3886007274308,-3.3715655954950474
RN7SL868P,Pseudogene,RN7SL,1.2609805614114729,-0.177000001072884,0,0,6.7557893787703716,-0.9649613054865024
RN7SL869P,Pseudogene,RN7SL,1.088340859094593,0.305000007152557,0,0,7.243830779679795,-0.14123000227147553
RN7SL870P,Pseudogene,RN7SL,0.8331534034903261,0.284000009298325,0.07,0,-13.654245754591445,-3.1642413290613316
RN7SL87P,Pseudogene,RN7SL,1.3507776619968357,-0.0824999995529652,0,0,7.7870064770064555,-1.0855417402856968
RN7SL88P,Pseudogene,RN7SL,1.2429994156741064,0.248999997973442,4.09,0,-11.607657810560683,-2.5630982073419712
RN7SL89P,Pseudogene,RN7SL,1.3500957954334851,0.405000001192093,0,0,6.984789947160264,-0.06225104652577851
RN7SL8P,Pseudogene,RN7SL,1.305800102897048,0.211999997496605,1.86,0,7.979909995683213,0.48539093114203
RN7SL91P,Pseudogene,RN7SL,0.7877878558921161,0.0140000004321337,0,0,-13.576333423964003,-3.2022800596826695
RN7SL93P,Pseudogene,RN7SL,0.8061198723959662,0.263999998569489,0.7,0,5.634099582322618,-1.620285049306693
RN7SL97P,Pseudogene,RN7SL,1.2313825987051896,0.30799999833107,0,0,-11.873731037489394,-3.7169592531793736
RN7SL98P,Pseudogene,RN7SL,1.3893713094824591,-0.0450000017881393,0,0,-12.977243801466445,-4.213351503240409
RNU7-102P,Pseudogene,RNU7,1.1764837701262758,0.0915000028908253,0,0,2.287355044969102,-13.473866239415946
RNU7-103P,Pseudogene,RNU7,0.7525761259696655,-0.16499999910593,0,0,3.07464275706627,-16.04290081583196
RNU7-104P,Pseudogene,RNU7,0.7914140370469704,-0.150999993085861,0,0,3.001292089112779,-15.998442426549735
RNU7-105P,Pseudogene,RNU7,0.7282994767448375,0.0195000004023313,0,0,3.5630382095656596,-15.931820646154227
RNU7-106P,Pseudogene,RNU7,1.5552663912117082,0.347000002861023,0,0,1.5008976255736552,-11.815755620824637
RNU7-107P,Pseudogene,RNU7,1.3665947306384845,-0.0750000029802322,0,0,0.9491538797698224,-13.32001949869329
RNU7-10P,Pseudogene,RNU7,1.4886121173026348,-0.124000001698732,0,0,8.669025043138047,-0.9792430552118442
RNU7-110P,Pseudogene,RNU7,0.5042073300541183,-0.176500000059605,0,0,3.5328606163344585,-16.013703122960866
RNU7-111P,Pseudogene,RNU7,0.9523916234355566,-0.0514999991282821,0,0,3.695708135255357,-14.691258207189383
RNU7-113P,Pseudogene,RNU7,1.3445528801443154,0.329500004649162,0,0,2.2654236351332866,-11.989654317724051
RNU7-115P,Pseudogene,RNU7,0.9472986201016766,0.157000005245209,0,0,-12.289951702467421,-2.706994787084403
RNU7-116P,Pseudogene,RNU7,0.7282994767448375,-0.267000004649162,0,0,2.9357045685134135,-16.08442570291692
RNU7-119P,Pseudogene,RNU7,0.9372742960794368,-0.101999998092651,0,0,2.7745393310866557,-15.420349851476493
RNU7-11P,Pseudogene,RNU7,0.8403455500901972,0.28099998831749,0,0,4.615187266953965,-13.02130009256536
RNU7-120P,Pseudogene,RNU7,1.0475418603240765,-0.219999998807907,0,0,1.9067497049651347,-15.313996091710868
RNU7-121P,Pseudogene,RNU7,0.7843225134175172,-0.203000001609325,0,0,2.8986538444838725,-16.032765165197194
RNU7-123P,Pseudogene,RNU7,1.2156998957971517,-0.256999999284744,0,0,7.784489253648301,-1.5251929911249302
RNU7-124P,Pseudogene,RNU7,1.2325068067989555,0.30799999833107,1.7,0,2.6369160209975444,-12.304522291051688
RNU7-125P,Pseudogene,RNU7,1.456598953489675,0.0900000035762787,0,0,6.525285819657823,1.3757949916250087
RNU7-126P,Pseudogene,RNU7,1.5126219901623548,0.0870000012218952,0,0,-12.367000957838515,-3.8970244082086705
RNU7-127P,Pseudogene,RNU7,1.0644376967809164,0.189500004053116,0,0,3.3267632519087993,-13.02032639108831
RNU7-128P,Pseudogene,RNU7,1.0084146601082369,-0.160999998450279,0.57,0,3.670864204057237,-14.661736265050711
RNU7-129P,Pseudogene,RNU7,1.3445528801443154,0.293000012636185,0,0,2.201294997819444,-12.029159322606864
RNU7-12P,Pseudogene,RNU7,1.6246680635077144,-0.190499998629093,0,0,-12.981661220900039,-4.345669523107352
RNU7-130P,Pseudogene,RNU7,0.6722764400721577,0.30799999833107,0,0,4.428962806352159,-15.503397718297782
RNU7-133P,Pseudogene,RNU7,1.0084146601082369,-0.255499996244907,0,0,1.9813911711058818,-15.42877079569036
RNU7-134P,Pseudogene,RNU7,1.248263285863147,-0.195499993860722,0,0,1.1374230181060039,-14.56445194803411
RNU7-136P,Pseudogene,RNU7,1.2584885049659955,0.194999992847443,0,0,2.1538282429061137,-12.849897161351981
RNU7-137P,Pseudogene,RNU7,1.4005759168169951,0.29899999499321,0,0,1.9480132852874004,-11.835645452367606
RNU7-138P,Pseudogene,RNU7,1.0311740187565128,0.277999997138977,0,0,-13.024194141737441,-4.982489362584891
RNU7-13P,Pseudogene,RNU7,0.6162534033994779,0.0620000008493662,0.38,0,3.7268451248488628,-15.987469449865165
RNU7-140P,Pseudogene,RNU7,1.3893713094824591,0.215000003576279,1.51,0,4.287409404405137,-13.945573583471122
RNU7-141P,Pseudogene,RNU7,1.0084146601082369,-0.210500001907349,0,0,1.9912308250746928,-15.41978527628118
RNU7-143P,Pseudogene,RNU7,0.961872445026318,0.214000001549721,0.57,0,5.897831538804551,-1.5623893889063023
RNU7-144P,Pseudogene,RNU7,1.371090108041901,0.291999995708466,0,0,2.0446492229781352,-11.919655576574149
RNU7-147P,Pseudogene,RNU7,0.6722764400721577,-0.10249999910593,0,0,3.4028793369612895,-16.015234723913014
RNU7-148P,Pseudogene,RNU7,0.6722764400721577,0.30799999833107,0,0,4.408601382859727,-15.518048063146415
RNU7-149P,Pseudogene,RNU7,1.3540483100888374,0.0480000004172325,0.79,0,-13.229272266737441,-4.5607206972711705
RNU7-14P,Pseudogene,RNU7,1.120460733453596,0.272000014781952,0,0,7.517180064805528,-0.14439047895604584
RNU7-151P,Pseudogene,RNU7,1.1141185028868776,-0.172999992966652,1.45,0,1.6664346252761089,-14.876181379186454
RNU7-152P,Pseudogene,RNU7,1.0854463355331714,0.326499998569489,0,0,3.443153957017442,-12.598491445409598
RNU7-153P,Pseudogene,RNU7,1.5686450268350345,-0.238000005483627,0,0,0.3339506481967175,-12.598737493383231
RNU7-154P,Pseudogene,RNU7,1.2325068067989555,-0.160499997437,1.89,0,1.2016539369902812,-14.546243444310965
RNU7-155P,Pseudogene,RNU7,1.2680769888133556,0.30799999833107,0,0,2.57002005923607,-12.253517881261649
RNU7-156P,Pseudogene,RNU7,1.5958994771082302,-0.0279999990016222,0,0,0.6097830926261151,-12.515424505101981
RNU7-157P,Pseudogene,RNU7,1.0525540223351963,0.300999999046326,0,0,3.5992318188033305,-12.742614522802176
RNU7-159P,Pseudogene,RNU7,1.2325068067989555,0.30799999833107,0,0,2.6598022972426616,-12.348912015783133
RNU7-160P,Pseudogene,RNU7,0.8403455500901972,-0.283000007271767,0,0,2.6798916851363384,-15.954815641271415
RNU7-161P,Pseudogene,RNU7,0.8403455500901972,-0.0494999997317791,1.26,0,3.137173274644395,-15.770273939000907
RNU7-164P,Pseudogene,RNU7,0.8403455500901972,0.303000003099442,0,0,4.596747497209092,-12.996871724950614
RNU7-165P,Pseudogene,RNU7,1.2735903670255877,-0.172499999403954,0,0,1.0637923275313579,-14.48578049265081
RNU7-167P,Pseudogene,RNU7,0.9523916234355566,0.194999992847443,0,0,4.088017085679551,-12.954746976720633
RNU7-169P,Pseudogene,RNU7,1.195770389308674,-0.119999997317791,0,0,1.475999573358079,-14.435509458410086
RNU7-170P,Pseudogene,RNU7,1.195770389308674,0.30799999833107,0,0,-12.684028049818496,-4.5344145449274205
RNU7-171P,Pseudogene,RNU7,0.9523916234355566,-0.196999996900558,0.57,0,2.253524879106065,-15.626715436803641
RNU7-172P,Pseudogene,RNU7,0.868357068426537,0.347000002861023,0,0,4.505252936967393,-12.927752271520438
RNU7-173P,Pseudogene,RNU7,1.599605126048884,0.305999994277954,0,0,1.4048629795394145,-11.857925191747489
RNU7-174P,Pseudogene,RNU7,1.1185616474646918,0.0089999996125698,0,0,2.171398023255845,-14.320658460485282
RNU7-175P,Pseudogene,RNU7,1.138828942198737,0.252000004053116,0,0,3.1201723610244,-12.665174260961356
RNU7-176P,Pseudogene,RNU7,1.4005759168169951,0.137499995529652,0,0,-12.841135403028945,-4.633723035680594
RNU7-179P,Pseudogene,RNU7,1.0215965510900435,0.118000000715256,0,0,-11.982587238661269,-2.3784868868463658
RNU7-180P,Pseudogene,RNU7,1.433478335180315,-0.0469999983906746,0,0,8.643316844590684,-0.991162196027579
RNU7-181P,Pseudogene,RNU7,0.938764398298959,0.306500002741814,0,0,4.171523669847032,-12.882548108922782
RNU7-183P,Pseudogene,RNU7,0.560230366726798,0.30799999833107,0,0,4.402509788163682,-15.551392331945243
RNU7-185P,Pseudogene,RNU7,1.4472617807108952,0.30799999833107,0,0,1.5899610315642558,-11.797899022924247
RNU7-186P,Pseudogene,RNU7,0.7167391675901575,-0.108000002801418,0.55,0,3.300223687776109,-16.03709484659368
RNU7-187P,Pseudogene,RNU7,1.1748360337535502,-0.151500001549721,0,0,1.5361331497512065,-14.71386314951116
RNU7-188P,Pseudogene,RNU7,1.3025356026398056,0.30799999833107,0,0,2.389968732484361,-12.100548520910086
RNU7-18P,Pseudogene,RNU7,1.120460733453596,0.282000005245209,0,0,4.237494090684434,-13.815103307592215
RNU7-190P,Pseudogene,RNU7,0.8541217066490528,-0.11599999666214,0,0,2.9651402031264507,-15.816302076207938
RNU7-192P,Pseudogene,RNU7,0.9110631537589896,-0.0070000002160668,0,0,2.9388500248275005,-15.367909208165946
RNU7-193P,Pseudogene,RNU7,1.1756218772543887,0.214000001549721,0,0,-12.57081737171791,-3.9282272013300084
RNU7-194P,Pseudogene,RNU7,0.7167391675901575,-0.0700000002980232,0,0,6.149244407304307,-1.791666999685111
RNU7-195P,Pseudogene,RNU7,1.120460733453596,-0.207000002264977,0,0,7.389901736863633,-1.6434822233789586
RNU7-196P,Pseudogene,RNU7,0.8403455500901972,0.30799999833107,0,0,4.576151946671983,-12.978974119054618
RNU7-19P,Pseudogene,RNU7,1.473575631269275,0.28600001335144,0.25,0,8.574015239366075,0.41769976891344573
RNU7-200P,Pseudogene,RNU7,0.8963685867628769,-0.105999998748302,0,0,2.810247520097276,-15.552071348058524
RNU7-20P,Pseudogene,RNU7,1.120460733453596,-0.11599999666214,1.7,0,1.7928759847960674,-14.720296636449637
RNU7-22P,Pseudogene,RNU7,1.3096532835285477,0.279000014066696,0,0,2.309149125703355,-12.16527916513616
RNU7-23P,Pseudogene,RNU7,1.456598953489675,0.30799999833107,0,0,1.5999563728652202,-11.792247548925223
RNU7-24P,Pseudogene,RNU7,1.120460733453596,0.0010000000474974,0,0,2.189006188996812,-14.30920292459661
RNU7-26P,Pseudogene,RNU7,1.157809424568716,0.271500006318092,0,0,3.0393088852248393,-12.609293714391532
RNU7-27P,Pseudogene,RNU7,1.5686450268350345,-0.488999992609024,0,0,0.31220815528251766,-12.670274511205497
RNU7-28P,Pseudogene,RNU7,1.456598953489675,-0.12899999320507,0,0,0.38096598733284115,-12.858432546483817
RNU7-29P,Pseudogene,RNU7,0.7055401180965614,-0.24099999666214,0,0,3.0021596943221294,-16.095984235631764
RNU7-2P,Pseudogene,RNU7,0.7843225134175172,-0.266999989748001,0,0,2.802744964250108,-16.0310332926386
RNU7-30P,Pseudogene,RNU7,0.9523916234355566,0.294999986886978,0,0,4.13814840663292,-12.911059156286063
RNU7-34P,Pseudogene,RNU7,1.3025356026398056,0.347000002861023,0,0,2.443672755845567,-12.09497238718206
RNU7-35P,Pseudogene,RNU7,1.1764837701262758,0.305000007152557,0,0,3.045768121369859,-12.5618007334345
RNU7-37P,Pseudogene,RNU7,0.8104665971981012,0.305000007152557,0,0,4.385598758348008,-13.323077932226004
RNU7-38P,Pseudogene,RNU7,1.3314808382540235,0.327500000596046,0,0,8.580949405320665,0.1781690565473416
RNU7-3P,Pseudogene,RNU7,1.4005759168169951,-0.0105000003241002,2.38,0,0.9464718495688641,-13.160418287145438
RNU7-40P,Pseudogene,RNU7,1.3025356026398056,0.319999992847443,4.76,0,4.289401153214952,-13.930816427099051
RNU7-43P,Pseudogene,RNU7,1.248263285863147,0.30799999833107,0,0,8.128731349595567,0.010796352995095515
RNU7-45P,Pseudogene,RNU7,0.6616053854678376,0.305000007152557,0,0,5.380775550492784,-1.5051138552301548
RNU7-46P,Pseudogene,RNU7,0.6722764400721577,0.306500002741814,0,0,4.435399631150743,-15.534350171911063
RNU7-47P,Pseudogene,RNU7,0.9523916234355566,0.305000007152557,0,0,4.1251035724959575,-12.906390920507254
RNU7-48P,Pseudogene,RNU7,1.3232107709356753,0.282000005245209,0,0,4.265643695481797,-13.909951940404715
RNU7-49P,Pseudogene,RNU7,1.6246680635077144,-0.151999995112419,0,0,0.5149179493270123,-12.691664472448172
RNU7-4P,Pseudogene,RNU7,0.8403455500901972,-0.143500000238419,0,0,3.759671310075303,-14.772207990514579
RNU7-50P,Pseudogene,RNU7,1.4005759168169951,-0.140000000596046,0,0,0.5789255296073162,-12.911307111608329
RNU7-51P,Pseudogene,RNU7,1.2325068067989555,0.284000009298325,0,0,2.628485301621934,-12.385841146337333
RNU7-52P,Pseudogene,RNU7,1.1026756424463962,-0.389500007033348,0,0,7.409055331834336,-1.6458349379175328
RNU7-53P,Pseudogene,RNU7,1.3893713094824591,-0.25900000333786,0,0,0.3573045824847424,-12.94506432138616
RNU7-54P,Pseudogene,RNU7,0.7282994767448375,-0.217999994754791,0,0,3.0119849239669048,-16.075356260167897
RNU7-55P,Pseudogene,RNU7,1.2885298434716357,0.0070000002160668,0,0,1.3016897236190044,-13.440644994603934
RNU7-56P,Pseudogene,RNU7,0.4481842933814384,0.194999992847443,0,0,-13.612465282789687,-2.8909707220667027
RNU7-57P,Pseudogene,RNU7,0.6946856547412297,0.30799999833107,4.18,0,4.436646560319444,-15.470917478429618
RNU7-59P,Pseudogene,RNU7,1.138828942198737,0.152999997138977,0,0,2.6164437328658305,-13.281101003515067
RNU7-60P,Pseudogene,RNU7,1.2885298434716357,-0.177000001072884,0,0,1.068349221833726,-14.46430660806829
RNU7-62P,Pseudogene,RNU7,0.9523916234355566,0.217999994754791,0,0,4.112666228898545,-12.93180920206243
RNU7-63P,Pseudogene,RNU7,1.456598953489675,0.30799999833107,0,0,1.5983483587584697,-11.791669622289481
RNU7-65P,Pseudogene,RNU7,0.7843225134175172,0.257999999448657,0,0,4.727330783494493,-13.117816701757254
RNU7-66P,Pseudogene,RNU7,1.5686450268350345,0.300999999046326,0,0,1.4439047371230327,-11.853074804174247
RNU7-67P,Pseudogene,RNU7,1.3445528801443154,0.303000003099442,0,0,8.543765643723985,0.1898347584134915
RNU7-69P,Pseudogene,RNU7,0.8403455500901972,0.218500003218651,0,0,5.434531310685655,-1.3226759585016392
RNU7-6P,Pseudogene,RNU7,0.7843225134175172,0.214000001549721,0,0,5.6396227871260844,-1.595183387624564
RNU7-70P,Pseudogene,RNU7,1.157809424568716,-0.0729999989271164,0,0,1.6900524889311992,-14.456373945104422
RNU7-71P,Pseudogene,RNU7,1.2735903670255877,-0.189500004053116,0,0,1.0567872320494853,-14.496334806310477
RNU7-73P,Pseudogene,RNU7,0.9372742960794368,0.30799999833107,0,0,4.1614147220931255,-12.912160650121512
RNU7-74P,Pseudogene,RNU7,1.2325068067989555,0.28099998831749,0,0,2.660112718232652,-12.388305440770926
RNU7-75P,Pseudogene,RNU7,1.6806911001803944,-0.280000001192093,1.4,0,0.36604482878067135,-12.489335790502372
RNU7-79P,Pseudogene,RNU7,1.2325068067989555,-0.0665000006556511,0,0,1.3905186449370586,-13.870096937047782
RNU7-7P,Pseudogene,RNU7,1.0644376967809164,-0.22350000590086,0,0,1.8479184900603496,-15.262450948583426
RNU7-80P,Pseudogene,RNU7,1.594360519078232,-0.256000012159348,0,0,0.3402541672072613,-12.608023420202079
RNU7-81P,Pseudogene,RNU7,1.628169503299757,0.0135000012814999,0,0,0.6812544261298382,-12.442045942174735
RNU7-82P,Pseudogene,RNU7,1.2325068067989555,-0.0270000007003546,0,0,1.4775057827315532,-13.80401207529241
RNU7-84P,Pseudogene,RNU7,0.8963685867628769,0.0640000030398369,2.9,0,3.0342107807479106,-15.438565030919852
RNU7-85P,Pseudogene,RNU7,1.0475418603240765,-0.172999992966652,0.55,0,1.9338546787581645,-15.306586042272391
RNU7-87P,Pseudogene,RNU7,1.456598953489675,-0.200499996542931,0,0,0.3333781157813275,-12.826825872289481
RNU7-88P,Pseudogene,RNU7,0.9924080782017566,0.30799999833107,0,0,3.980770925172349,-12.833438649999442
RNU7-8P,Pseudogene,RNU7,1.1764837701262758,0.252999991178513,0,0,2.9608462845168315,-12.609972730504813
RNU7-90P,Pseudogene,RNU7,1.3445528801443154,0.140000000596046,0,0,1.6631371771178447,-12.539611593114676
RNU7-92P,Pseudogene,RNU7,1.279684100839107,-0.033500000834465,0,0,1.3091019188246928,-13.590318456517997
RNU7-93P,Pseudogene,RNU7,1.537419071968295,-0.168999999761581,0,0,0.3895854150138104,-12.647516027318778
RNU7-94P,Pseudogene,RNU7,0.9372742960794368,0.347000002861023,0,0,4.235440353044053,-13.220382467138114
RNU7-95P,Pseudogene,RNU7,1.0854463355331714,-0.0024999999441206,0,0,2.2420962845168315,-14.409810796605887
RNU7-96P,Pseudogene,RNU7,0.868357068426537,0.30799999833107,4.76,0,4.5351611172042094,-12.964560285436454
RNU7-97P,Pseudogene,RNU7,0.9523916234355566,0.319000005722046,0,0,5.861239055284043,-1.5377223642938755
RNU7-99P,Pseudogene,RNU7,1.8487602101984333,0.185000006109476,0,0,0.797803500779649,-11.992479101049247
RNU7-9P,Pseudogene,RNU7,0.7282994767448375,-0.0399999991059303,0,0,3.426423648484727,-15.948330655919852
RN7SKP10,Pseudogene,RN7SK,1.3786838378710558,0.239999994635582,0,0,7.340833285935899,0.3919883517152646
RN7SKP100,Pseudogene,RN7SK,1.1985773620535298,0.281000003218651,0,0,0.3466985617957318,8.417050584924874
RN7SKP101,Pseudogene,RN7SK,1.2591177492184786,0.173499993979931,0,0,2.18786034930565,-12.869042173253836
RN7SKP102,Pseudogene,RN7SK,1.1137023988708603,0.214000001549721,1.53,0,-0.07284634362838627,9.106678232324777
RN7SKP103,Pseudogene,RN7SK,0.8575026050712053,0.0425000004470348,5.1,0,2.418700078614732,10.995206102503
RN7SKP104,Pseudogene,RN7SK,1.016613153279848,0.034000001847744,0,0,3.609967569001695,10.059651598108468
RN7SKP105,Pseudogene,RN7SK,0.8075167642692638,-0.0830000005662441,0,0,3.1378370319686137,-15.903700605260672
RN7SKP106,Pseudogene,RN7SK,1.2131459044194266,0.305000007152557,3.45,0,0.7627521549544537,8.385405763757882
RN7SKP107,Pseudogene,RN7SK,1.1618018708603324,0.0049999998882412,0,0,3.2862876449904643,9.358761057031808
RN7SKP108,Pseudogene,RN7SK,1.238997280559815,0.300499990582466,0.06,0,1.1367922817549907,8.422385439050851
RN7SKP109,Pseudogene,RN7SK,1.319023395078284,0.211999997496605,0,0,7.153596500047227,0.9349541661865094
RN7SKP11,Pseudogene,RN7SK,1.1860486788264897,0.305000007152557,3.86,0,-12.664480587355117,-3.715127244817557
RN7SKP110,Pseudogene,RN7SK,1.0968720864335204,-0.034000001847744,4.49,0,3.4338072334609233,9.781164392603097
RN7SKP111,Pseudogene,RN7SK,1.7815739116057367,0.211999997496605,0.22,0,2.7089232002577983,6.1309296933538295
RN7SKP112,Pseudogene,RN7SK,0.8192047815344689,0.211999997496605,0.69,0,0.8887253199897015,11.380541071069894
RN7SKP113,Pseudogene,RN7SK,0.8242033191845097,0.207000002264977,0,0,0.1433538441739285,11.671266779077706
RN7SKP114,Pseudogene,RN7SK,1.419250262374555,-0.195999994874001,0.28,0,4.378072837480088,7.7128012029058315
RN7SKP115,Pseudogene,RN7SK,1.303905251012718,0.305000007152557,2.73,0,0.46879775274612545,7.398331865442453
RN7SKP116,Pseudogene,RN7SK,1.0997374785088432,0.0430000014603138,5.29,0,3.6307822262129985,9.787094339502511
RN7SKP117,Pseudogene,RN7SK,1.486732556548465,0.30799999833107,0.05,0,-12.358427425734023,-3.882476106511893
RN7SKP118,Pseudogene,RN7SK,1.3051669876956435,0.266999989748001,1.19,0,0.15189712692119717,7.014370187891183
RN7SKP119,Pseudogene,RN7SK,1.5267816587719332,-0.10700000077486,0.46,0,3.355549672730943,6.9551460591680385
RN7SKP120,Pseudogene,RN7SK,1.5584590201672746,0.30799999833107,0,0,2.1893154178939067,6.533559545648751
RN7SKP121,Pseudogene,RN7SK,1.56019565081227,-0.164000004529953,0,0,4.156530479081651,7.355538591516671
RN7SKP122,Pseudogene,RN7SK,1.1969246078311726,-0.0449999999254942,0,0,1.5532654320082866,-14.001784101354422
RN7SKP124,Pseudogene,RN7SK,1.1000887201180762,0.284000009298325,3.12,0,-0.9410438145317829,8.771288141382394
RN7SKP125,Pseudogene,RN7SK,1.3571673387328658,-0.113000001758337,0,0,4.121984103806993,7.901934370172677
RN7SKP126,Pseudogene,RN7SK,0.648373277758481,-0.0749999992549419,0.23,0,2.374384263642808,11.836910471094308
RN7SKP127,Pseudogene,RN7SK,1.2755527558807889,0.30799999833107,1.2,0,-0.11731901567361713,7.037869199884591
RN7SKP128,Pseudogene,RN7SK,1.10049212632274,-0.0649999976158142,0.08,0,3.2162953411421977,9.627759203088937
RN7SKP129,Pseudogene,RN7SK,1.2429994156741064,0.214000001549721,0,0,1.4082835708937846,8.247200235498605
RN7SKP13,Pseudogene,RN7SK,0.7260034506516949,-0.0810000002384186,0,0,6.245666125901719,-1.7624800356500767
RN7SKP130,Pseudogene,RN7SK,1.2924384274255434,0.303999990224838,0.74,0,-0.19059043180129887,7.076435312402902
RN7SKP131,Pseudogene,RN7SK,0.5539021831823757,0.322500005364418,0.48,0,1.3151521478972636,12.35356734670466
RN7SKP132,Pseudogene,RN7SK,1.2524380794613514,-0.0810000002384186,0,0,1.3392072712264262,-13.832278028356376
RN7SKP133,Pseudogene,RN7SK,1.2565637578407536,0.305000007152557,0.58,0,8.28914413798668,0.2100165633088925
RN7SKP134,Pseudogene,RN7SK,1.2525001581765665,-0.127000004053116,2.31,0,3.622304538377305,8.801958307398019
RN7SKP135,Pseudogene,RN7SK,1.25155917554594,-0.162000000476837,0,0,1.1067104135832988,-14.50136829935247
RN7SKP136,Pseudogene,RN7SK,1.2620122727799006,0.208499997854233,0,0,1.6437312160811626,8.461695894373117
RN7SKP137,Pseudogene,RN7SK,1.267179044479116,-0.0439999997615814,3.35,0,3.4757109676680766,8.36898015416926
RN7SKP139,Pseudogene,RN7SK,1.2091798085939491,0.305000007152557,1.14,0,-0.4168743098892963,7.406628355158029
RN7SKP14,Pseudogene,RN7SK,1.1930012003914734,0.30799999833107,0,0,7.266929248460313,0.3877812770730832
RN7SKP140,Pseudogene,RN7SK,0.9295089746537578,0.277999997138977,0,0,5.343991378434678,-0.2137701066606662
RN7SKP141,Pseudogene,RN7SK,0.6885198057346507,0.037499999627471,0,0,3.6208520923934184,-15.901860013830008
RN7SKP142,Pseudogene,RN7SK,1.3660739247197962,0.28099998831749,0.15,0,8.000945666917344,0.740002404672561
RN7SKP143,Pseudogene,RN7SK,1.2100975921298838,0.30799999833107,0,0,6.518898585923692,0.8613879529363492
RN7SKP144,Pseudogene,RN7SK,0.9586164052880768,-0.180000007152557,0.23,0,3.41408048022606,10.892092928064523
RN7SKP145,Pseudogene,RN7SK,1.1119555859719352,0.305000007152557,0,0,-0.8977075422920978,8.736264452112374
RN7SKP146,Pseudogene,RN7SK,1.112744985887898,0.229000002145767,0,0,8.36678371775963,-0.18208409868413422
RN7SKP147,Pseudogene,RN7SK,1.0818874950888002,-0.0899999998509884,0,0,1.9113751446089946,-14.735456243383231
RN7SKP148,Pseudogene,RN7SK,1.4777858473586158,0.305000007152557,0,0,1.785948852189561,6.8315522519475795
RN7SKP149,Pseudogene,RN7SK,1.019814696640468,0.300999999046326,0,0,-0.18657842826030613,10.040975793970285
RN7SKP15,Pseudogene,RN7SK,1.0903642153705384,-0.258000001311302,0,0,-13.265921970716933,-4.00554777704412
RN7SKP150,Pseudogene,RN7SK,1.4283256452623412,0.195999994874001,0.75,0,-12.075961490980605,-4.204739347326102
RN7SKP151,Pseudogene,RN7SK,1.2420803636987177,0.305000007152557,3.39,0,6.054376224168321,0.9683399645215848
RN7SKP152,Pseudogene,RN7SK,0.7498194368635495,0.305000007152557,0.14,0,0.8557585870108807,11.884849771631417
RN7SKP153,Pseudogene,RN7SK,1.3629908415808936,0.206000000238419,0.17,0,0.38598302949287533,6.643288358820138
RN7SKP154,Pseudogene,RN7SK,0.8743457378639614,0.305000007152557,5,0,0.3155257796130383,11.408702119959054
RN7SKP155,Pseudogene,RN7SK,1.2422330284435184,-0.0689999982714653,0.2,0,1.3380733524642192,-13.867048040258231
RN7SKP156,Pseudogene,RN7SK,0.9242162950504664,-0.258000001311302,0,0,6.806649783738633,-1.7488107832544468
RN7SKP157,Pseudogene,RN7SK,1.0100039661131353,0.110999997705221,0,0,3.390492538102647,-13.198926702367606
RN7SKP158,Pseudogene,RN7SK,1.2785625547384594,0.211999997496605,0,0,1.0915349518141948,7.775658353937326
RN7SKP16,Pseudogene,RN7SK,1.2546162326430232,0.211999997496605,9.3,0,7.3083053623519145,0.3816510883695462
RN7SKP160,Pseudogene,RN7SK,1.2463477923298532,0.293000012636185,1.23,0,6.105400184281846,0.971327170503793
RN7SKP161,Pseudogene,RN7SK,1.2868767046845728,0.204999998211861,0.65,0,0.0767034237466061,7.412258848322091
RN7SKP162,Pseudogene,RN7SK,1.3490996773235475,-0.109999999403954,0,0,3.0802355800948344,7.991442426813302
RN7SKP163,Pseudogene,RN7SK,1.2735903670255877,0.30799999833107,0.73,0,-0.2798993493237293,7.184501394403634
RN7SKP164,Pseudogene,RN7SK,1.031582081288668,-0.12899999320507,0,0,1.9622401987395488,-15.263715520726981
RN7SKP165,Pseudogene,RN7SK,0.868357068426537,0.238000005483627,0.12,0,-1.1095785106339253,9.466194376123605
RN7SKP166,Pseudogene,RN7SK,1.4235361777484214,0.277999997138977,0.21,0,1.9532185589156352,7.247200712335763
RN7SKP167,Pseudogene,RN7SK,1.1212470216875987,-0.129999995231628,0,0,4.203426459916612,9.840792879236398
RN7SKP168,Pseudogene,RN7SK,1.0999189533402802,0.0150000005960464,0,0,3.814849475511094,9.824176057947335
RN7SKP169,Pseudogene,RN7SK,1.312979759820193,-0.0430000014603138,0,0,3.2731863056502544,7.932129606378732
RN7SKP170,Pseudogene,RN7SK,1.3343047636798009,0.146999999880791,0.67,0,8.18404159892418,0.25420810259645965
RN7SKP171,Pseudogene,RN7SK,1.1348825052703255,0.305000007152557,0,0,-0.8810237253823078,8.625151380670724
RN7SKP172,Pseudogene,RN7SK,1.3520727508386348,-0.0195000004023314,0.32,0,3.295942405351182,7.85526297963923
RN7SKP173,Pseudogene,RN7SK,1.2239699631155,0.214000001549721,2.29,0,-0.20310025464675785,7.5072443333989956
RN7SKP174,Pseudogene,RN7SK,1.242013746355532,0.146999999880791,0,0,1.313363174088975,8.01203320897883
RN7SKP175,Pseudogene,RN7SK,1.286009776078055,0.280000001192093,1.46,0,-0.19568376790664554,7.102641328943429
RN7SKP177,Pseudogene,RN7SK,1.2426067345371292,0.263000011444092,0.15,0,-11.926599880568007,-2.367883935796561
RN7SKP178,Pseudogene,RN7SK,0.8657176852398303,0.30799999833107,0,0,-12.969577213636855,-2.9545824679010533
RN7SKP179,Pseudogene,RN7SK,0.576236948633278,0.0509999990463257,0.08,0,3.7339039837203227,-16.000403180944264
RN7SKP18,Pseudogene,RN7SK,1.1241276958539896,0.197999998927116,0,0,7.239954093583604,0.36262620962923553
RN7SKP180,Pseudogene,RN7SK,1.2630648268022358,0.164000004529953,1.04,0,0.1445818190655911,7.4299995747930385
RN7SKP181,Pseudogene,RN7SK,1.198112917196108,0.197999998927116,0,0,1.4783484731993877,8.398440107477365
RN7SKP182,Pseudogene,RN7SK,1.2937937529576593,0.30799999833107,0,0,1.6781691109023296,8.429723962915597
RN7SKP184,Pseudogene,RN7SK,1.2412551488619568,0.305000007152557,2.11,0,-0.21790572058341862,7.684988721979318
RN7SKP185,Pseudogene,RN7SK,1.1826703631330748,0.282000005245209,1.05,0,-0.4828812087693012,7.915971979273019
RN7SKP186,Pseudogene,RN7SK,0.985857529830788,-0.0990000031888485,0.88,0,3.228845456727525,10.551211580408273
RN7SKP187,Pseudogene,RN7SK,1.17886050501542,0.305000007152557,1.62,0,5.876433471330186,0.9517960397130826
RN7SKP188,Pseudogene,RN7SK,1.523048990678721,0.122000001370907,0,0,1.432373503335496,6.349844679010568
RN7SKP189,Pseudogene,RN7SK,0.9157219994316208,-0.104499999433756,0.12,0,2.9821706806502544,10.846692308557687
RN7SKP19,Pseudogene,RN7SK,1.3369942164662554,0.30799999833107,0,0,6.853136161454698,0.11381165660685089
RN7SKP190,Pseudogene,RN7SK,1.639555304022133,-0.0115000000223517,2.19,0,0.6119021569571698,-12.445601240026297
RN7SKP191,Pseudogene,RN7SK,1.2713201524676097,0.107999999076128,0.2,0,1.6123121773085796,8.1029941884405
RN7SKP192,Pseudogene,RN7SK,1.2002978438189442,0.164000004529953,0.14,0,5.764196494706651,0.34989698208635833
RN7SKP193,Pseudogene,RN7SK,1.123756206199048,0.296999990940094,0.37,0,5.347237685807725,1.170115068329034
RN7SKP194,Pseudogene,RN7SK,0.8510394060932442,0.003000000026077,0,0,2.528627256043931,11.02775882161921
RN7SKP195,Pseudogene,RN7SK,0.9400036912340072,-0.046000000089407,4.1,0,2.8762889896712505,-15.365208402501883
RN7SKP196,Pseudogene,RN7SK,1.2886922290851797,0.0579999983310699,0,0,1.5419649874053203,-13.266376272069754
RN7SKP197,Pseudogene,RN7SK,1.1811995139539426,0.0670000016689301,0.32,0,2.242126086839219,-13.485392347204032
RN7SKP198,Pseudogene,RN7SK,1.0329476238799329,0.30799999833107,1.35,0,-0.9755457247414386,9.103033289087472
RN7SKP199,Pseudogene,RN7SK,1.4235361777484214,-0.182499997317791,0,0,4.209638217576524,7.46952603734797
RN7SKP20,Pseudogene,RN7SK,0.8100966900337023,0.200499996542931,0.09,0,-13.430002590528945,-3.246581092702689
RN7SKP200,Pseudogene,RN7SK,0.7706668982285516,-0.214000001549721,0,0,2.72851500857689,11.557818636072335
RN7SKP202,Pseudogene,RN7SK,1.1367583441220122,0.200499996542931,0.65,0,0.25367108929969906,9.190878137720285
RN7SKP204,Pseudogene,RN7SK,1.2997344508061717,0.214000001549721,0.46,0,0.6602160130820477,7.645801290643869
RN7SKP205,Pseudogene,RN7SK,1.086153466696385,0.178000003099442,0,0,0.2582719122252667,9.25758288778132
RN7SKP206,Pseudogene,RN7SK,1.3277268486521796,0.305000007152557,0,0,0.5319024120650494,7.3762814847356655
RN7SKP207,Pseudogene,RN7SK,1.5475670526413532,0.305000007152557,0,0,1.0121571813903056,6.084945425165353
RN7SKP208,Pseudogene,RN7SK,1.366279265557543,-0.078999999910593,0,0,3.5575264488539897,7.688847765100656
RN7SKP209,Pseudogene,RN7SK,0.9597630756293304,-0.0095000001601874,0,0,2.865878919251939,-15.309881940709891
RN7SKP21,Pseudogene,RN7SK,1.0736051027819002,0.10700000077486,0,0,7.182623962052842,0.2936992493993619
RN7SKP210,Pseudogene,RN7SK,0.9581871099879028,-0.0179999992251396,0,0,2.8494709526381694,-15.311945691930594
RN7SKP211,Pseudogene,RN7SK,1.2460234759644278,0.305000007152557,0,0,-0.16478643368862034,7.701716646326242
RN7SKP212,Pseudogene,RN7SK,0.7624598649598862,0.305000007152557,0.04,0,0.732701817639848,11.86266158498591
RN7SKP213,Pseudogene,RN7SK,0.8858407677908298,0.214000001549721,0.01,0,5.291683295854112,0.7488061746186593
RN7SKP214,Pseudogene,RN7SK,1.356291040209067,0.284000009298325,0.49,0,0.24150323320247769,6.727690443170724
RN7SKP216,Pseudogene,RN7SK,1.3136683855683509,0.0755000002682209,0.18,0,3.2665215526900493,8.10061620153254
RN7SKP217,Pseudogene,RN7SK,1.2259158613080523,0.222000002861023,0.19,0,0.5225238596282208,7.945404276025949
RN7SKP218,Pseudogene,RN7SK,1.2846926491789863,0.30799999833107,0,0,1.2268558536849223,8.429572805536447
RN7SKP219,Pseudogene,RN7SK,1.2086591628099097,0.10700000077486,0.13,0,2.2271030937514507,-13.411894574987235
RN7SKP22,Pseudogene,RN7SK,1.161760992570657,0.194000005722046,7.95,0,-12.739177128187636,-3.6028392466180943
RN7SKP220,Pseudogene,RN7SK,1.1698699394079737,-0.0874999985098839,0,0,4.507973292954942,9.51255343831843
RN7SKP221,Pseudogene,RN7SK,0.8077740171409646,0.307000011205673,0.94,0,0.3697888647399151,11.722601160181222
RN7SKP222,Pseudogene,RN7SK,1.2019164502665718,0.146999999880791,0,0,1.647956350930711,8.557635053766427
RN7SKP223,Pseudogene,RN7SK,1.2885298434716357,0.284000009298325,0,0,0.30138511408187985,7.458936914575753
RN7SKP224,Pseudogene,RN7SK,1.325246479814038,0.28099998831749,0.62,0,-11.527594944349746,-1.8762698324793003
RN7SKP225,Pseudogene,RN7SK,1.016372477817424,0.30799999833107,0.35,0,-0.23558989714763523,10.041052087915597
RN7SKP226,Pseudogene,RN7SK,1.4356836864652078,0.305000007152557,0.37,0,0.9527569805464947,6.483085855615792
RN7SKP227,Pseudogene,RN7SK,1.1999115854621238,0.187999993562698,2.9,0,4.231086829789659,-13.908468976842704
RN7SKP228,Pseudogene,RN7SK,1.4527646772154992,-0.158999994397163,1.05,0,3.3661237751326762,7.266075834406076
RN7SKP229,Pseudogene,RN7SK,0.8166006868646905,0.194000005722046,0.74,0,-1.105039974562148,9.530839189661203
RN7SKP230,Pseudogene,RN7SK,1.5034241781713178,0.30799999833107,4.77,0,0.8512271438918316,6.115643247736154
RN7SKP231,Pseudogene,RN7SK,1.166169059403147,-0.0340000009164214,0,0,4.463020900376817,9.504009470117746
RN7SKP232,Pseudogene,RN7SK,1.0779604987363909,0.284000009298325,0.33,0,1.049134830125352,9.56146071828669
RN7SKP234,Pseudogene,RN7SK,1.364561107527415,-0.0415000002831221,2.21,0,4.133311370500108,7.876733526361642
RN7SKP235,Pseudogene,RN7SK,1.0021694691348888,0.268999993801117,0.16,0,-0.2898492420830524,10.194959863794503
RN7SKP236,Pseudogene,RN7SK,1.1496558370717531,0.300000011920929,0,0,-0.7644818628945148,8.54552005208796
RN7SKP237,Pseudogene,RN7SK,1.211661025711447,0.30799999833107,0.1,0,-0.2131663168587482,7.156470045221505
RN7SKP238,Pseudogene,RN7SK,1.3531025805200658,-0.0309999994933605,0,0,1.0777745043120586,-13.376324430333915
RN7SKP239,Pseudogene,RN7SK,1.1185616474646918,-0.149000003933907,5.3,0,2.916176656373521,9.333647951257882
RN7SKP24,Pseudogene,RN7SK,1.0273520246173111,-0.228500001132488,0.4,0,3.2449434791884624,10.52640555776423
RN7SKP240,Pseudogene,RN7SK,1.2596966539307632,0.273999989032745,0.71,0,-0.039973689130762824,7.604373201502023
RN7SKP241,Pseudogene,RN7SK,1.4084691968980256,-0.0670000016689301,0.41,0,3.973361829408189,7.5969211903936245
RN7SKP242,Pseudogene,RN7SK,1.1057280317680471,0.017000000923872,0,0,2.205277064927598,-14.349738851415458
RN7SKP243,Pseudogene,RN7SK,1.1915320291678049,0.30799999833107,0.22,0,-0.4594473148503101,7.681835874689279
RN7SKP245,Pseudogene,RN7SK,1.2374088225078153,-0.0729999989271164,1.79,0,4.176465610154649,8.899292215479074
RN7SKP246,Pseudogene,RN7SK,1.5668777386119217,0.146999999880791,0.02,0,2.0868316685042583,6.454493745935617
RN7SKP247,Pseudogene,RN7SK,1.3871158365774552,-0.228500001132488,0,0,3.025633433946153,8.046148523462472
RN7SKP249,Pseudogene,RN7SK,1.2523910395334843,-0.193999998271465,0.14,0,4.114136794694444,8.622179254663644
RN7SKP25,Pseudogene,RN7SK,0.8119702458014372,-0.0989999994635582,1.38,0,-13.078744312635878,-3.2830746325128697
RN7SKP250,Pseudogene,RN7SK,1.060423585119011,0.152999997138977,0,0,-0.17959055852077366,9.273070558679757
RN7SKP251,Pseudogene,RN7SK,1.183620462696044,0.305000007152557,0.26,0,-0.33283190976760746,8.000429376733956
RN7SKP252,Pseudogene,RN7SK,1.3171409967570713,0.101999998092651,0,0,3.935853580125352,8.057417139185128
RN7SKP254,Pseudogene,RN7SK,1.2549160214680275,0.214000001549721,0.22,0,1.7175686155638896,8.479475244653878
RN7SKP256,Pseudogene,RN7SK,1.238929830111747,0.0785000026226044,0,0,2.0744813476882182,-13.373957410680594
RN7SKP257,Pseudogene,RN7SK,1.2140137655671974,0.305000007152557,0.07,0,1.1002884899459087,8.571614488733468
RN7SKP258,Pseudogene,RN7SK,1.5081991188460906,0.0039999999571591,1.45,0,0.7080772911391461,-12.615199819433036
RN7SKP259,Pseudogene,RN7SK,1.2934087265452323,-0.0989999994635582,0,0,-11.499770542494277,-3.3247096689813755
RN7SKP26,Pseudogene,RN7SK,1.197325104588126,0.194999992847443,7.34,0,-12.785283466688613,-3.809057489263358
RN7SKP260,Pseudogene,RN7SK,0.6061015779621466,-0.003000000026077,0,0,3.701826432832261,-15.985897794591727
RN7SKP262,Pseudogene,RN7SK,1.2641806084513545,0.28099998831749,0,0,8.206236461289903,0.1540967670804837
RN7SKP263,Pseudogene,RN7SK,1.3826267885626415,0.30799999833107,0,0,1.7701172624907695,8.184734090936837
RN7SKP264,Pseudogene,RN7SK,1.3220661249400565,0.30799999833107,0.64,0,-12.197019001356582,-3.276964679586234
RN7SKP265,Pseudogene,RN7SK,1.152617454054955,0.453999996185303,0,0,1.3220575844130718,9.159002527368722
RN7SKP266,Pseudogene,RN7SK,1.1860486788264897,0.30799999833107,0,0,1.1095680986724101,8.84088538564509
RN7SKP267,Pseudogene,RN7SK,0.9749974101631292,-0.0879999995231628,0,0,3.991092303880235,10.48923800863093
RN7SKP268,Pseudogene,RN7SK,1.198112917196108,0.0700000002980232,1.46,0,4.170743087419053,9.154793962610421
RN7SKP269,Pseudogene,RN7SK,1.154179927939974,0.194999992847443,3.87,0,-11.838728329054335,-3.7275598200433873
RN7SKP27,Pseudogene,RN7SK,1.470730890668369,0.448500007390976,0,0,-12.507026096693496,-3.6510970743768834
RN7SKP270,Pseudogene,RN7SK,1.2580044709256242,-0.019000000320375,0,0,4.610691646226426,9.142083391321359
RN7SKP271,Pseudogene,RN7SK,1.5196248697464398,-0.233999997377396,0.83,0,-12.410178562513808,-3.639753595220389
RN7SKP273,Pseudogene,RN7SK,1.084063601347779,0.305000007152557,0.86,0,6.162526229508897,0.2954377380735257
RN7SKP275,Pseudogene,RN7SK,1.4539932308537364,-0.125,0.44,0,3.3655990158400737,7.2373020497686245
RN7SKP276,Pseudogene,RN7SK,0.8553965151664394,-0.576499998569489,0.27,0,2.598230699189683,-15.923268094884696
RN7SKP278,Pseudogene,RN7SK,1.4523398922221613,-0.0650000013411045,0,0,4.0973630939803325,7.536844953668771
RN7SKP279,Pseudogene,RN7SK,1.2588263542290736,0.206000000238419,0,0,7.8660775219283305,0.4369371084100583
RN7SKP28,Pseudogene,RN7SK,1.1843820998866863,-0.0775000005960464,0.2,0,-13.363079449049453,-4.17294050775701
RN7SKP280,Pseudogene,RN7SK,1.542476371547138,-0.172999992966652,0.18,0,3.5100928341231548,6.34254907049006
RN7SKP281,Pseudogene,RN7SK,1.312403296599198,0.211999997496605,0.07,0,1.3966519628844463,7.878672346246896
RN7SKP283,Pseudogene,RN7SK,0.681821105579355,-0.046000000089407,3.95,0,2.2972022091231548,11.82144664205378
RN7SKP284,Pseudogene,RN7SK,1.4278524390453844,-0.122000001370907,0,0,0.45857656944610714,-12.962681547033133
RN7SKP285,Pseudogene,RN7SK,1.2451912679323929,-0.0775000005960464,0,0,4.61678085673668,9.165652498377023
RN7SKP286,Pseudogene,RN7SK,0.8480276387309325,0.0469999983906746,0.19,0,-13.727578541151503,-3.3370411547296666
RN7SKP287,Pseudogene,RN7SK,1.2274520967232252,-0.0025000000605359,0.68,0,1.5081524645171367,-13.779091611730399
RN7SKP288,Pseudogene,RN7SK,1.1794103466688786,-0.0165000008419156,2.07,0,1.718637684472581,-14.075660482274833
RN7SKP289,Pseudogene,RN7SK,1.330499643826423,0.061999998986721,0,0,3.9909535442671977,8.056658491266427
RN7SKP29,Pseudogene,RN7SK,1.2386858181966778,-0.0759999975562096,0.08,0,-13.043931385389785,-4.133701101171317
RN7SKP290,Pseudogene,RN7SK,1.033122255769008,0.208000004291534,0,0,-11.185235401503066,-2.8958339842432164
RN7SKP291,Pseudogene,RN7SK,1.157809424568716,-0.0759999975562096,0,0,3.2126487289748393,9.427354082239328
RN7SKP292,Pseudogene,RN7SK,1.303905251012718,0.305000007152557,2.26,0,8.192267039903184,0.1077068892843106
RN7SKP293,Pseudogene,RN7SK,1.1851900528524355,-0.15599999576807,0.04,0,3.166871169694444,9.190592035425363
RN7SKP294,Pseudogene,RN7SK,1.233169801315792,0.26800000667572,0,0,-0.1885851378359592,7.685064539087472
RN7SKP295,Pseudogene,RN7SK,1.3167244436271672,0.034000001847744,0,0,1.3748442922911845,-13.289652601110282
RN7SKP296,Pseudogene,RN7SK,1.2325068067989555,-0.0474999994039536,2.34,0,3.5252383743605815,8.636632665765939
RN7SKP297,Pseudogene,RN7SK,1.108540938416856,-0.138999998569489,0.26,0,4.165339568742295,9.880471452844796
RN7SKP298,Pseudogene,RN7SK,1.145492303030751,0.0215000004973262,0,0,2.1578489338240825,-14.128341451513114
RN7SKP299,Pseudogene,RN7SK,1.0616458510995537,-0.0450000017881393,0.08,0,4.221735099442979,10.212243303430734
RN7SKP3,Pseudogene,RN7SK,1.1157660655759971,0.305000007152557,0.15,0,-12.738965412489394,-3.8610675486200474
RN7SKP30,Pseudogene,RN7SK,1.4975259623164232,0.305000007152557,1.6,0,1.851787189134141,6.742964014185128
RN7SKP31,Pseudogene,RN7SK,0.8746042415806847,0.23200000077486,0,0,4.426360705979844,-12.992645040380301
RN7SKP32,Pseudogene,RN7SK,1.6392747298349148,0.207000002264977,0,0,2.4138606582961284,6.437490209711251
RN7SKP33,Pseudogene,RN7SK,1.0931083096663463,0.30799999833107,0,0,-0.983615537992934,8.735833391321359
RN7SKP34,Pseudogene,RN7SK,1.1103582186437688,-0.0599999986588955,0,0,1.9406136070571147,-14.536132589208426
RN7SKP35,Pseudogene,RN7SK,0.8050992687398356,0.0410000011324883,0.66,0,3.380610087998887,-15.72688747965032
RN7SKP36,Pseudogene,RN7SK,1.413863431925259,0.30799999833107,2.2,0,1.7031935249648296,7.075396284235177
RN7SKP37,Pseudogene,RN7SK,1.2438628277461206,0.305000007152557,0,0,-0.3425276483216083,7.312102064264474
RN7SKP38,Pseudogene,RN7SK,0.9779555333735755,0.30799999833107,2.26,0,5.374039271958848,0.42266662396257904
RN7SKP39,Pseudogene,RN7SK,1.229723053423916,-0.0035000000498257,0,0,1.4942471777281963,-13.763663068639579
RN7SKP4,Pseudogene,RN7SK,1.3052323637218757,0.0525000002235174,0.68,0,-12.84881915699623,-4.193748727666678
RN7SKP42,Pseudogene,RN7SK,0.8915132569179113,-0.14750000089407,0.37,0,2.649127105363389,-15.639218107091727
RN7SKP43,Pseudogene,RN7SK,0.716394581451893,0.0560000017285347,2,0,3.62794504512169,-15.924237027990165
RN7SKP44,Pseudogene,RN7SK,1.143153609067846,0.283000007271767,0.17,0,0.5385631119094098,9.199859842432199
RN7SKP45,Pseudogene,RN7SK,0.8455055666258388,0.305000007152557,0,0,0.24973789800026058,11.653797372949777
RN7SKP46,Pseudogene,RN7SK,1.2171842668542912,0.172999992966652,0,0,1.422122815736314,8.225935682428537
RN7SKP47,Pseudogene,RN7SK,1.4402019671464517,-0.25900000333786,0,0,3.006675103791734,7.982895597589669
RN7SKP48,Pseudogene,RN7SK,1.1331000770931643,0.305000007152557,0.15,0,0.1196796839318478,8.85269664205378
RN7SKP49,Pseudogene,RN7SK,0.6011702781414487,0.0525000002235174,0,0,3.760701278337022,-16.009943738805593
RN7SKP5,Pseudogene,RN7SK,1.0599064217559202,0.211999997496605,0.49,0,7.311372855790635,0.2946706560975888
RN7SKP50,Pseudogene,RN7SK,1.4114248223313872,0.305000007152557,2.03,0,0.4735488985858166,6.488235696924386
RN7SKP51,Pseudogene,RN7SK,1.0625948337324729,0.0599999986588955,5.62,0,4.377086738236924,10.07309459127253
RN7SKP52,Pseudogene,RN7SK,1.125390760680792,0.26800000667572,0.09,0,1.2417070661864482,9.298467859399972
RN7SKP53,Pseudogene,RN7SK,1.5327191430004907,-0.0790000036358833,0,0,4.101327041276475,7.363520845544992
RN7SKP54,Pseudogene,RN7SK,1.3299743947648075,-0.145999997854233,11.28,0,4.450230220445176,8.021205648554025
RN7SKP55,Pseudogene,RN7SK,0.769358705576606,0.211999997496605,0.91,0,5.510683635362168,-1.4979012163751744
RN7SKP56,Pseudogene,RN7SK,1.101842805858446,-0.12899999320507,3.14,0,4.008987048753282,9.93076346792048
RN7SKP57,Pseudogene,RN7SK,1.114342176547365,0.0209999997168779,0.61,0,4.475674728044053,9.933206781519113
RN7SKP58,Pseudogene,RN7SK,0.9793928902909138,0.301999986171722,0.33,0,0.6633025204024517,10.77246497548884
RN7SKP59,Pseudogene,RN7SK,1.128311095280341,0.30799999833107,0,0,5.504129031785508,0.7897978571779111
RN7SKP6,Pseudogene,RN7SK,1.1759569077124263,0.194999992847443,0,0,7.229615310319444,0.33730314649408843
RN7SKP60,Pseudogene,RN7SK,1.409717751253123,-0.163000002503395,0,0,8.116335490830918,-1.2288612278574131
RN7SKP61,Pseudogene,RN7SK,1.3069509775640082,0.211999997496605,0,0,2.073403695710679,-12.543766752111258
RN7SKP62,Pseudogene,RN7SK,1.2035587331383006,0.30799999833107,0,0,-0.14268006931922794,7.911471590173898
RN7SKP63,Pseudogene,RN7SK,1.0154873358343557,0.28099998831749,0.68,0,-0.8432923163094318,9.560446962488351
RN7SKP64,Pseudogene,RN7SK,1.8214318996263947,0.245999999344349,0.33,0,3.469676116593858,5.550369009149728
RN7SKP65,Pseudogene,RN7SK,1.231790857448506,0.194999992847443,0,0,5.574361899980088,1.0234450248605587
RN7SKP66,Pseudogene,RN7SK,1.2480283407688757,0.0540000014007092,0,0,4.344288924821397,9.167941316736398
RN7SKP67,Pseudogene,RN7SK,0.9607354799612752,0.0520000010728836,0,0,2.904237369187852,-15.289270177709403
RN7SKP68,Pseudogene,RN7SK,1.2106085514220124,0.300000011920929,0,0,1.0837739502272807,8.509628042352853
RN7SKP69,Pseudogene,RN7SK,1.321041572950535,-0.175999999046326,6.68,0,3.1841345821700298,8.213330492151437
RN7SKP71,Pseudogene,RN7SK,1.3544185721369886,0.0769999995827675,3.47,0,-11.354944607130507,-3.6039755495660923
RN7SKP72,Pseudogene,RN7SK,1.1300537191852196,0.263999998569489,0.25,0,0.182424301394006,9.006883844507394
RN7SKP73,Pseudogene,RN7SK,1.260902044564561,0.28099998831749,0,0,0.42870507586815,7.788417085779367
RN7SKP74,Pseudogene,RN7SK,1.2027728973675011,-0.0729999989271164,2.05,0,3.577717879899522,8.911726221216378
RN7SKP75,Pseudogene,RN7SK,1.3142701576185425,-0.222000002861023,0.2,0,3.2786117588362895,8.417760595453439
RN7SKP76,Pseudogene,RN7SK,1.3872205799012172,0.305000007152557,0.21,0,0.46224663604118466,6.612162336481271
RN7SKP77,Pseudogene,RN7SK,1.131570117496337,0.305000007152557,0,0,-0.7252731527008808,8.682315572870431
RN7SKP78,Pseudogene,RN7SK,1.288882189614231,0.211999997496605,4.64,0,-11.216221233717421,-3.359876409398856
RN7SKP79,Pseudogene,RN7SK,1.2508476819001306,0.0769999995827675,0,0,0.22682077635147213,7.424156412256417
RN7SKP8,Pseudogene,RN7SK,1.3389192786911968,0.126000002026558,0,0,7.268516162522813,0.33362700022524383
RN7SKP81,Pseudogene,RN7SK,0.8814742446867566,-0.270999997854233,0,0,3.128210881837388,10.821323618066964
RN7SKP82,Pseudogene,RN7SK,0.8099474001467252,0.301999986171722,0,0,4.674987891801377,-13.060284391271415
RN7SKP83,Pseudogene,RN7SK,0.6829774695489618,0.30799999833107,0,0,4.419629195817491,-15.496157422887626
RN7SKP85,Pseudogene,RN7SK,1.3653413025574483,0.305000007152557,0.2,0,0.3262393270812237,6.662561163080392
RN7SKP86,Pseudogene,RN7SK,1.307766669317074,0.214000001549721,0.53,0,6.186609843858262,1.0840697733289577
RN7SKP87,Pseudogene,RN7SK,1.2232006545277463,-0.150000005960464,0.55,0,4.265649417527696,9.183266863001046
RN7SKP88,Pseudogene,RN7SK,0.6668982285515804,0.126000002026558,0.52,0,4.016520599015733,-16.06638599954778
RN7SKP89,Pseudogene,RN7SK,1.449653948943475,0.305000007152557,0.53,0,1.739504793771287,6.836293443811593
RN7SKP9,Pseudogene,RN7SK,1.486952572021361,-0.132999993860722,7.39,0,-12.572779079786757,-3.6960637720697544
RN7SKP90,Pseudogene,RN7SK,1.337529096442069,0.211999997496605,0.29,0,1.2545991932234966,7.538093313348947
RN7SKP91,Pseudogene,RN7SK,1.1939909690864885,-0.132999993860722,0.55,0,3.86791668284752,8.977371439111886
RN7SKP92,Pseudogene,RN7SK,1.124593580421253,-0.204999998211861,11.59,0,1.6075647865615093,-14.944853559362235
RN7SKP93,Pseudogene,RN7SK,0.8543059831769166,-0.0719999969005585,0.21,0,2.8154183422408305,11.006117090357003
RN7SKP94,Pseudogene,RN7SK,1.3453419369988602,-0.0610000006854534,0,0,2.659789661057969,8.41650508321589
RN7SKP96,Pseudogene,RN7SK,1.0291639329499698,0.0329999998211861,1.85,0,2.4129754101119243,-14.572116628515067
RN7SKP97,Pseudogene,RN7SK,1.126517277958751,0.305000007152557,3.22,0,-0.5533861721672809,8.745246156824289
RN7SKP98,Pseudogene,RN7SK,0.8906226342836276,0.305000007152557,0.73,0,-12.500176807753066,-2.9683602007501744
RN7SKP99,Pseudogene,RN7SK,1.2898072417019573,-0.0869999974966049,0.38,0,1.2088624035201274,-13.733513608800711
RNU1-100P,Pseudogene,RNU1,0.8841453787615648,0.305000007152557,1.55,0.01,-13.745193859449843,-3.250801816808524
RNU1-11P,Pseudogene,RNU1,1.5672786113064328,-0.102000001817942,0.58,0.01,0.5212312733016217,-12.71849419199163
RNU1-14P,Pseudogene,RNU1,1.5539021224474874,0.305000007152557,0,0.01,4.210882762559434,-13.885808721410575
RNU1-22P,Pseudogene,RNU1,1.494893181088722,-0.028999999165535,0,0.01,0.5371833239875042,-12.787824407445731
RNU1-32P,Pseudogene,RNU1,1.0704275812050392,-0.0219999998807907,0,0.01,2.211595872529527,-14.45024181924993
RNU1-47P,Pseudogene,RNU1,1.36380005838769,0.282999992370605,0.43,0.01,4.263292411454698,-13.912795797216239
RNU1-5P,Pseudogene,RNU1,1.3748986916753505,0.30799999833107,0.69,0.01,2.091153243669053,-11.88324905954534
RNU1-64P,Pseudogene,RNU1,1.3211813065630749,0.430000007152557,0.13,0.01,2.4222737346968852,-12.006046071874442
RNU1-89P,Pseudogene,RNU1,1.842611340319725,0.146999999880791,1.18,0.01,0.8070212398848736,-11.998798147069754
RNU2-15P,Pseudogene,RNU2,0.9820163705766074,0.44200000166893,0.4,0.01,3.961652854569932,-12.667704358922782
RNU2-55P,Pseudogene,RNU2,1.477205127898017,-0.241999998688698,0,0.01,0.32132692087509274,-12.797889486181083
RNU2-66P,Pseudogene,RNU2,1.4886121173026348,0.243000000715256,0,0.01,1.4972559009871684,-11.899892583715262
RNU4-16P,Pseudogene,RNU4,1.0592724522649954,-0.101000003516674,0,0.01,3.6556116138777934,-14.629692808019461
RNU4-40P,Pseudogene,RNU4,1.0687471611403534,-0.0790000036358833,0.84,0.01,3.658182958253404,-14.634841695653739
RNU4-80P,Pseudogene,RNU4,1.4780545845558075,0.30799999833107,1.04,0.01,1.5461439882598125,-11.776858106481376
RNU4-92P,Pseudogene,RNU4,1.0726763786445457,0.296999990940094,0,0.01,3.5639163051924907,-12.74073196970159
RNU5A-7P,Pseudogene,RNU5,0.9881304571750248,0.340000003576279,0,0.01,4.233850577958604,-13.49580837808782
RNU5B-3P,Pseudogene,RNU5,1.3893713094824591,0.305000007152557,0.98,0.01,2.0226379429183208,-11.862135663854422
RNU5D-2P,Pseudogene,RNU5,0.4168113928447378,0.0230000000447035,1.19,0.01,3.757421592362901,-15.973179593908133
RNU6-1109P,Pseudogene,RNU6,1.0712442339467558,0.197999998927116,0,0.01,3.368022302278062,-12.960208669530692
RNU6-1114P,Pseudogene,RNU6,1.3634017522958712,0.0240000002086162,0,0.01,-11.218475719801406,-3.109524026738944
RNU6-1132P,Pseudogene,RNU6,1.0712442339467558,-0.310999989509583,0,0.01,1.7071196829161845,-15.136800542699637
RNU6-1153P,Pseudogene,RNU6,1.819414810036554,-0.171000003814697,0.29,0.01,3.340126613267442,6.448485120905099
RNU6-1161P,Pseudogene,RNU6,1.123756206199048,-0.0054999999701976,0,0.01,4.4955354725203716,9.811363443506417
RNU6-1217P,Pseudogene,RNU6,1.2023405562828977,0.254999995231628,1.45,0.01,0.2544063721976483,8.175756200922189
RNU6-1293P,Pseudogene,RNU6,1.8178690030611613,-0.310999989509583,0,0.01,0.4318582807860577,-12.345548406469169
RNU6-368P,Pseudogene,RNU6,0.3895433577988203,0.407000005245209,0,0.01,1.4090384041152202,12.40963195241755
RNU6-374P,Pseudogene,RNU6,1.801036882662447,0.282000005245209,0,0.01,2.5777543579421245,6.277531847131906
RNU6-614P,Pseudogene,RNU6,1.8178690030611613,-0.287000000476837,0,0.01,0.4258850907168591,-12.30061031900579
RNU6-847P,Pseudogene,RNU6,1.801036882662447,0.218999996781349,0,0.01,2.6216600929579936,6.187981351984201
RNU6-860P,Pseudogene,RNU6,1.2357389050685337,0.254999995231628,0,0.01,0.6372848545394146,8.025723680628
RNU6-927P,Pseudogene,RNU6,1.1114970475859671,0.204999998211861,0,0.01,-11.468914409986953,-2.7945768984430455
RNU6ATAC17P,Pseudogene,RNU6ATAC,1.2719596495261951,0.222000002861023,1.3,0.01,-13.020226856581191,-5.0327737482660435
RN7SL266P,Pseudogene,RN7SL,0.8172772408720348,0.44200000166893,0.19,0.01,5.166684249528428,-0.27194954477483246
RN7SL377P,Pseudogene,RN7SL,1.4993215569954594,0.125,15.93,0.01,-10.903851887098769,-0.8246106060617587
RN7SL484P,Pseudogene,RN7SL,1.8054948947482448,0.17399999499321,0,0.01,0.7970770393691265,-12.0183437021845
RN7SL539P,Pseudogene,RN7SL,0.7877878558921161,-0.158999994397163,0.16,0.01,3.7925196682296,-14.851752057897391
RN7SL796P,Pseudogene,RN7SL,1.122000885664529,-0.123999997973442,0.11,0.01,3.6060625110945903,-14.624116674291434
RN7SL832P,Pseudogene,RN7SL,0.9276980981595576,0.0489999987185001,0.85,0.01,-11.999475857130507,-2.6719737204187535
RNU7-197P,Pseudogene,RNU7,1.0644376967809164,0.0604999996721745,0,0.01,3.7317994629225932,-14.561987653600516
RNU7-25P,Pseudogene,RNU7,1.0644376967809164,0.30799999833107,0.24,0.01,3.606428245194932,-12.73521782480413
RNU7-41P,Pseudogene,RNU7,1.138828942198737,-0.200000002980232,0,0.01,3.5775812660536968,-14.617362752782645
RNU7-61P,Pseudogene,RNU7,1.138828942198737,-0.166999995708466,0,0.01,3.5810807739577495,-14.606918111669364
RN7SKP17,Pseudogene,RN7SK,1.2369758809494829,-0.0195000004023314,0,0.01,-12.850960155836562,-3.6996600779169224
RN7SKP244,Pseudogene,RN7SK,1.0635252694735438,0.287999987602234,0.46,0.01,3.5582824741683208,-12.773210302221122
RN7SKP248,Pseudogene,RN7SK,0.8655099960710402,0.0309999994933605,1.75,0.01,3.130347112306138,-15.51799084268743
RN7SKP272,Pseudogene,RN7SK,1.3923656442011714,0.448500007390976,0.49,0.01,2.2727716957411968,-11.892628446447196
RN7SKP7,Pseudogene,RN7SK,1.4137462447365374,0.211999997496605,0,0.01,-12.780953785292128,-3.728918329107108
RNU1-138P,Pseudogene,RNU1,0.6777421021865655,0.266999989748001,0,0.02,4.293473342546006,-15.259415403234305
RNU2-52P,Pseudogene,RNU2,0.8774976691468164,0.446000009775162,0.34,0.02,4.380775550492784,-12.823697820531669
RNU6-978P,Pseudogene,RNU6,1.7198528345535296,0.407999992370605,0,0.02,1.3020719086013042,-11.859152570592704
RN7SL293P,Pseudogene,RN7SL,1.5080364747051604,0.263999998569489,0.14,0.02,4.248846152909776,-13.91313530527288
RN7SL473P,Pseudogene,RN7SL,1.2081489647673558,0.282999992370605,15.71,0.02,-12.700159450880507,-4.80076147638494
RN7SL719P,Pseudogene,RN7SL,1.6414513360974201,-0.0450000017881393,0,0.02,0.5734554325423443,-12.765767827855887
RNU7-182P,Pseudogene,RNU7,0.3921612567087586,0.263999998569489,0,0.02,4.245696643479844,-15.690909162389579
RNU7-21P,Pseudogene,RNU7,1.2885298434716357,0.264999985694885,0,0.02,4.277887443192979,-13.926837697851004
RN7SKP23,Pseudogene,RN7SK,1.1540406889388717,-0.0309999994933605,0.57,0.02,-11.746421238295058,-2.20548559747869
RNU2-49P,Pseudogene,RNU2,1.3402902577887854,0.30799999833107,0,0.03,2.2697163616500102,-12.024241224157157
RNU4-91P,Pseudogene,RNU4,1.3379131128349608,-0.0350000001490116,0.5,0.03,1.1069090162596904,-13.391986623632254
RNU4-9P,Pseudogene,RNU4,1.1994572455963677,0.30799999833107,6.92,0.03,4.20773134578087,-13.828284993993583
RNU6-721P,Pseudogene,RNU6,1.8524950793099453,-0.296000003814697,0,0.03,0.4659519885859692,-12.293053403722586
RNU6-82P,Pseudogene,RNU6,1.201092019879696,-0.168999999761581,17.18,0.03,4.381415465959092,9.396517023218331
RNU1-125P,Pseudogene,RNU1,1.4539932308537364,-0.0579999983310699,205.51,0.04,0.5256208573661053,-12.87349678598577
RNU6-1060P,Pseudogene,RNU6,1.136168126913226,0.486000001430511,0,0.04,-0.9938716496147907,8.694933160913644
RNU6ATAC24P,Pseudogene,RNU6ATAC,0.9005184413312235,0.298000007867813,31.44,0.04,4.367556193955918,-12.94500328622991
RN7SL145P,Pseudogene,RN7SL,1.1851900528524355,-0.028999999165535,18.37,0.04,7.014185050614854,-0.9564035090082309
RN7SL288P,Pseudogene,RN7SL,1.0503838078561547,-0.10700000077486,19.7,0.04,6.595096210130235,-1.1619422587030552
RN7SL558P,Pseudogene,RN7SL,1.103597612047104,-0.141000002622604,16.56,0.04,7.470139602311631,-1.6672859343164586
RN7SKP255,Pseudogene,RN7SK,1.3871518664960656,0,81.36,0.04,0.7786962186179364,6.710442766321359
RN7SL246P,Pseudogene,RN7SL,1.2203937177886468,0.206000000238419,16.36,0.05,8.308092692979356,-0.1633787902467868
RN7SL396P,Pseudogene,RN7SL,1.1538846468583135,0.145999997854233,23.71,0.05,7.415516475327989,-0.12042589508229706
RN7SL431P,Pseudogene,RN7SL,0.7744036806951412,-0.135000005364418,23.09,0.05,-13.581525226942519,-3.278650060521903
RN7SL674P,Pseudogene,RN7SL,0.8967760270295874,-0.304000005125999,39.15,0.05,6.788839439042588,-1.6310327204340123
RNU7-77P,Pseudogene,RNU7,1.8524950793099453,0.214000001549721,0.68,0.05,0.8084058557830059,-11.986615911351981
RNU6-1189P,Pseudogene,RNU6,0.9738583944970508,0.30799999833107,19.6,0.06,-0.8412488902725971,9.695774301660714
RNU6-1235P,Pseudogene,RNU6,0.3246194648323502,0.291999995708466,0,0.06,1.5015147720656596,12.493225320947824
RNU6-816P,Pseudogene,RNU6,0.3570814113155853,-0.203999996185303,0,0.06,2.1617625748000346,12.472892984522042
RN7SL331P,Pseudogene,RN7SL,0.3093741782248391,0.187000006437302,1.35,0.06,1.8145165239653789,12.630076631677804
RN7SL368P,Pseudogene,RN7SL,1.0407745368866796,0.206000000238419,19.63,0.06,-12.540168186537246,-3.422665372716727
RN7SL4P,Pseudogene,RN7SL,1.1421103137271065,0.0850000008940697,599.31,0.06,-12.692703625074843,-3.915806070195975
RN7SL731P,Pseudogene,RN7SL,1.2447439206114184,0.146999999880791,39.68,0.06,8.264394382127305,-0.14497782312566254
RN7SL81P,Pseudogene,RN7SL,1.2642746590118163,-0.155000001192093,44.03,0.06,7.957757571824571,-1.392516151296439
RNU6-29P,Pseudogene,RNU6,1.103706180429991,0.486999988555908,0,0.07,-0.9281037057556903,8.796066507471261
RNU6-521P,Pseudogene,RNU6,0.2646421541871351,0.296000003814697,0,0.07,1.8376711403212749,12.774204477441964
RNU6-631P,Pseudogene,RNU6,0.2921575183491152,-0.175999999046326,0,0.07,2.1483951603255473,12.524554475916085
RNU6-941P,Pseudogene,RNU6,0.2572909832374924,-0.280499994754791,0,0.07,2.1277819668135844,12.556526407373605
RN7SL359P,Pseudogene,RN7SL,0.9286596426228244,0.305000007152557,42.08,0.07,-13.590413471571425,-3.4590685518854283
RN7SL657P,Pseudogene,RN7SL,1.6952226728326931,0.105999998748302,40.23,0.07,8.811951259263536,-0.7427832039468906
RN7SKP2,Pseudogene,RN7SK,0.9799640897603552,0.194999992847443,0.22,0.07,-12.781476398817519,-3.547034040319266
RN7SKP95,Pseudogene,RN7SK,1.3870786175526202,0.305000007152557,16.71,0.07,1.3213344608626567,7.203068002832589
RN7SL128P,Pseudogene,RN7SL,1.355206441216497,0.211999997496605,53.07,0.08,-12.631122967115859,-4.629633203374686
RN7SL449P,Pseudogene,RN7SL,1.2023405562828977,0.30799999833107,18.44,0.08,6.319407561906358,-0.22272093616658661
RN7SL648P,Pseudogene,RN7SL,0.9116306764876602,0.29899999499321,35.23,0.08,-13.739989658705214,-3.272121444570365
RN7SKP1,Pseudogene,RN7SK,1.2106085514220124,0.211999997496605,0.16,0.09,-12.813528438917617,-3.5629584940546177
RNU6-252P,Pseudogene,RNU6,1.006320340980286,0.492000013589859,0,0.11,5.709368327744981,0.10064731515711334
RN7SL192P,Pseudogene,RN7SL,1.1732985138606051,0.30799999833107,21.5,0.12,7.81324253428795,-0.043673113214316106
RN7SL698P,Pseudogene,RN7SL,1.0926347218612056,0.30799999833107,39.51,0.12,5.432030299790879,0.9616973546869138
RN7SKP40,Pseudogene,RN7SK,1.0190636670790765,0.502999991178513,0.66,0.13,3.638962129243394,-12.460845723974051
RNU6-25P,Pseudogene,RNU6,1.882792896027632,-0.293999999761581,0,0.21,3.1862112079940044,6.25131486333674
RN7SL317P,Pseudogene,RN7SL,1.84756823069476,0.365000009536743,0.12,0.21,-11.31421222340248,-3.6384442003839634
RN7SL702P,Pseudogene,RN7SL,0.1665342323009797,0.296000003814697,0.25,0.21,5.531609157212754,-0.42691685281926606
RNU6-255P,Pseudogene,RNU6,0.1984816156403513,0.0549999997019768,0.27,0.22,1.8976433073363506,12.788327440393624
RN7SL656P,Pseudogene,RN7SL,0.0370828641320941,0.224000006914139,8.22,0.22,1.8552881275496684,12.866214021814523
RNU2-57P,Pseudogene,RNU2,0.0727419533760449,-0.0829999968409538,0,0.23,-13.659709354750136,-2.9202971609705113
RNU6-1314P,Pseudogene,RNU6,0.2003900927138162,0.293999999761581,0,0.23,1.8260820900283061,12.794295534265695
RNU6-303P,Pseudogene,RNU6,0.1966091475682725,0.272000014781952,0,0.23,1.8394462858519756,12.789208635461984
RN7SL199P,Pseudogene,RN7SL,0.024721909421396,0.231000006198883,1.55,0.23,1.8511396442733012,12.87612651265925
RN7SL640P,Pseudogene,RN7SL,0.0532326172215501,0.28999999165535,0.02,0.24,-13.630136867872695,-2.822922244893851
RN7SL722P,Pseudogene,RN7SL,0.1100734312089976,0.287000000476837,0.16,0.24,-13.556924244276503,-2.8641243132227086
RN7SL544P,Pseudogene,RN7SL,0.0366911437363325,0.277999997138977,0.16,0.25,1.8306838070235454,12.865752443445382
RN7SL763P,Pseudogene,RN7SL,0.0244607624908883,0.281499996781349,0.1,0.25,1.8261014019332134,12.843756899011789
RNU6-1071P,Pseudogene,RNU6,0.0687807578951712,0.252999991178513,0,0.26,1.8576230799040996,12.860432848108468
RNU6-1076P,Pseudogene,RNU6,0,0.254999995231628,0.07,0.26,1.826074937470933,12.903969988001046
RNU6-109P,Pseudogene,RNU6,0,0.221000000834465,0,0.26,1.847786763795396,12.88720820821589
RNU6-1171P,Pseudogene,RNU6,0,0.273999989032745,0,0.26,1.8480273281417094,12.938082918298898
RNU6-1239P,Pseudogene,RNU6,0.097385839449705,-0.23199999332428,0,0.26,2.037339070924302,12.673021539819894
RNU6-1268P,Pseudogene,RNU6,0.1623097324161751,-0.203999996185303,0,0.26,2.0953401123366557,12.605434641016183
RNU6-184P,Pseudogene,RNU6,0,0.242499999701977,0,0.26,1.8702865635237895,12.913111909998117
RNU6-18P,Pseudogene,RNU6,0.1947716788994101,0.0850000008940697,0,0.26,1.8216620479903423,12.784714922083078
RNU6-465P,Pseudogene,RNU6,0.0687807578951712,0.277999997138977,0,0.26,1.853450277932664,12.86247561849421
RNU6-749P,Pseudogene,RNU6,0.1623097324161751,-0.196999996900558,0,0.26,2.085413554795762,12.62642882741755
RNU6-785P,Pseudogene,RNU6,0.033398348785636,0.254999995231628,1.45,0.26,1.841779569276353,12.86895583547419
RN7SKP282,Pseudogene,RN7SK,0.1045513527202519,0.0099999997764825,0.64,0.26,1.95871577609398,12.746249422205148
RNU6-458P,Pseudogene,RNU6,2.142488467893512,-0.284000009298325,0,0.27,0.5423908625922406,-12.11918999277288
RNU1-114P,Pseudogene,RNU1,2.050578137489172,-0.0525000002235174,0,0.28,0.6397369896254742,-12.029830709325614
RN7SL429P,Pseudogene,RN7SL,2.040444411908096,-0.122000001370907,0,0.28,0.5842122231803143,-12.091337934362235
VTRNA2-1,Functional,VTRNA,1.9809395623480377,-0.0165000003762543,1.45,0.29,-0.7875156010308063,-4.774589792119803
RN7SL417P,Pseudogene,RN7SL,1.9791987521872767,-0.172000005841255,6.37,0.29,0.5564257298789227,-12.108382955419364
RNU1-41P,Pseudogene,RNU1,0,0.005499999737367,0.41,0.36,-6.231165310255507,-9.176501050817313
RNU1-48P,Pseudogene,RNU1,0.042881830539582,-0.0410000011324883,0.41,0.36,-6.231109520307998,-9.17651535593206
RNU6-789P,Pseudogene,RNU6,1.9750866654407508,-0.166999995708466,0,0.37,3.297991136201402,6.303475603235421
RNU6-34P,Pseudogene,RNU6,2.012640681960572,-0.152999997138977,0,0.38,3.191860536225816,6.194241270197091
RNU1-107P,Pseudogene,RNU1,0.0225547290500399,-0.368000000715256,0,0.39,-6.230702301374892,-9.17615963541204
RNU1-128P,Pseudogene,RNU1,0,-0.0200000004842877,0,0.39,-6.231318851820449,-9.176494375097098
RNU1-40P,Pseudogene,RNU1,0,-0.116500001400709,0,0.39,-6.231357475630263,-9.176642194616141
RNU1-86P,Pseudogene,RNU1,0.0451094581000798,-0.295000001788139,0,0.39,-6.231127163282851,-9.176323667394461
RNU1-95P,Pseudogene,RNU1,0,0.0090000003110617,0,0.39,-6.231214424482802,-9.176542058812919
RNU1-97P,Pseudogene,RNU1,0,-0.0500000007450581,0,0.39,-6.231370827070693,-9.176652685033622
RNU6-328P,Pseudogene,RNU6,2.424846153342028,-0.225499995052814,0,0.39,3.187100509294053,6.128770574701486
RN7SL725P,Pseudogene,RN7SL,0.0134109199756994,-0.163000002503395,0,0.39,-6.23135032307289,-9.176490560399833
RN7SL818P,Pseudogene,RN7SL,0,-0.164000004529953,0,0.39,-6.23114337574623,-9.176435247289481
RN7SKP159,Pseudogene,RN7SK,2.105468508376672,-0.178000003099442,0,0.39,3.1841999088607036,6.192849382532296
RNU6-12P,Pseudogene,RNU6,1.5581734311952813,0.555999994277954,0,0.4,0.8847489749274456,6.129934057367501
RNU6-42P,Pseudogene,RNU6,1.5581734311952813,0.592000007629395,0.05,0.4,0.8704164420447552,6.139014944208322
RN7SL524P,Pseudogene,RN7SL,1.933541739029756,0.146999999880791,0.3,0.4,-10.324584385267714,-0.05000521265202973
RN7SKP123,Pseudogene,RN7SK,0.7877878558921161,0.734000027179718,0,0.4,-13.25736465107582,-2.8811054381006382
RNU2-63P,Pseudogene,RNU2,4.149832727006819,-0.462999999523163,44.96,0.41,0.3519138490042889,-11.57879807077581
RNU6-231P,Pseudogene,RNU6,1.3826267885626415,0.528999984264374,0,0.41,8.572406390794297,0.1720575538999417
RNU6-513P,Pseudogene,RNU6,1.9371042295668903,0.28600001335144,2.93,0.41,3.4051991497359477,5.591148599756417
RNU6-1218P,Pseudogene,RNU6,2.315618849137432,-0.421000003814697,0,0.42,3.206183055528184,6.215084299219308
RNU6-830P,Pseudogene,RNU6,1.9152548425108664,0.29899999499321,0,0.42,2.609343389161607,6.228908285272775
RNU2-58P,Pseudogene,RNU2,1.8790677546279164,0.195999994874001,0.76,0.43,-12.199021717421035,-3.743879094945731
RNU6-1078P,Pseudogene,RNU6,0.6744520919817764,0.574000000953674,0,0.43,0.8918371592841351,11.926115259302316
RNU6-36P,Pseudogene,RNU6,2.142488467893512,0.0850000008940697,0.03,0.43,3.0886782203994,6.0373556462652065
RN7SKP183,Pseudogene,RN7SK,0.9005184413312235,0.593999981880188,0,0.43,0.7505391036353314,11.001565202844796
RN7SKP233,Pseudogene,RN7SK,1.4209479301525152,0.557000011205673,0,0.43,1.840033153184434,7.182832464349923
RN7SL759P,Pseudogene,RN7SL,2.0361476087242933,-0.125500001013279,0.02,0.44,3.285038093217393,6.23321650899714
RN7SKP176,Pseudogene,RN7SK,2.053473319046402,0.0850000008940697,2.99,0.44,3.0530379806838237,6.078166708124337
RN7SKP277,Pseudogene,RN7SK,1.2028126177498322,0.523999989032745,0,0.44,3.217951396592637,-12.217794195043387
RNU6-1151P,Pseudogene,RNU6,1.9152548425108664,0.206000000238419,0,0.45,-11.14996661793373,-3.734277501928153
RN7SL5P,Pseudogene,RN7SL,1.9801787354773368,0.0149999996647239,215.75,0.46,3.438153604157945,5.579741701257882
RN7SKP12,Pseudogene,RN7SK,0.6558221216088531,0.734000027179718,0,0.46,-13.560696979872207,-3.0926253946893834
RNU6-751P,Pseudogene,RNU6,1.3412247789558394,0.764999985694885,0,0.48,-12.563694378248671,-4.942243829595389
RNU6-842P,Pseudogene,RNU6,1.9477167889941016,0.146999999880791,0,0.49,2.962330917008897,6.074325307977853
RNU4ATAC12P,Pseudogene,RNU4ATAC,1.106578919056826,0.592999994754791,0.62,0.49,3.471732715257188,-12.245710149633231
RN7SL123P,Pseudogene,RN7SL,1.9151436714612664,0.25,0.23,0.49,-10.52930011402748,-0.28347601019078705
RNU1-52P,Pseudogene,RNU1,1.1225103567464991,0.622500002384186,0,0.5,3.413991550096055,-12.1856439264887
RNU6-1059P,Pseudogene,RNU6,1.205066952102133,0.947000026702881,0,0.5,3.3986238037429057,-11.865593686925711
RNU4ATAC10P,Pseudogene,RNU4ATAC,0.8256509830940844,0.737000018358231,0,0.5,3.632816413529893,-12.077226415502372
RNU5F-1,Functional,RNU5,4.92811190970274,-0.423000007867813,3.73,0.51,-0.7299355472245014,-4.828920617925467
RNU6-194P,Pseudogene,RNU6,2.2163780413172565,0.0120000001043081,0,0.51,-11.1180929149308,-3.7275908144586705
RNU4ATAC2P,Pseudogene,RNU4ATAC,0.9648411871405967,0.75,0,0.51,3.6053522621474468,-12.099303975927176
RN7SKP80,Pseudogene,RN7SK,2.0742380857114453,0.0769999995827675,4.44,0.51,3.449086526521226,5.479600175989328
RNU4ATAC13P,Pseudogene,RNU4ATAC,1.1026756424463962,0.865000009536743,0,0.53,8.310982326158067,0.024535104406533503
RN7SL275P,Pseudogene,RN7SL,1.9803725381429085,0.0640000030398369,0.06,0.53,-10.699828525892714,-0.49495388590032074
RNU2-4P,Pseudogene,RNU2,1.3025356026398056,0.78600001335144,1.35,0.54,-13.03759040486,-5.08887936197454
RNU6-693P,Pseudogene,RNU6,0.6817008761479356,0.801999986171722,0.67,0.54,3.680195668824693,-12.11007191263372
RNU4ATAC16P,Pseudogene,RNU4ATAC,1.3507776619968357,0.663500010967255,2.33,0.54,2.8582902942977153,-11.970597997533622
VTRNA1-1,Functional,VTRNA,2.631385055837991,0.115000002086163,0,0.54,-0.7523852790512836,-4.808614507543387
RN7SL52P,Pseudogene,RN7SL,2.3604635803707272,-0.0590000003576279,0,0.54,-11.230273624769668,-3.8602478655450962
RN7SL96P,Pseudogene,RN7SL,2.160153272693576,0.101000003516674,0.39,0.54,-10.384220501295546,-0.11687178932363007
RNU6-202P,Pseudogene,RNU6,0.9407201574620816,0.87950000166893,0,0.55,3.61325941432335,-12.031415716039481
RNU6-417P,Pseudogene,RNU6,1.9477167889941016,0.177000001072884,0,0.55,3.398631194718858,5.601132139337716
RNU4ATAC11P,Pseudogene,RNU4ATAC,1.2956438798745156,0.754999995231628,2.54,0.55,3.2082644497237407,-11.992103353368583
RNU4ATAC18P,Pseudogene,RNU4ATAC,1.4059114441191551,0.784000009298325,2.21,0.55,8.53832970012047,0.09602044500177886
RNU4ATAC4P,Pseudogene,RNU4ATAC,0.6616053854678376,0.838499993085861,0,0.55,3.658763745912095,-12.069277540075126
RNU4ATAC9P,Pseudogene,RNU4ATAC,1.3783445530579952,0.825999975204468,0,0.55,3.128867486604234,-11.953818097936454
RNU6ATAC23P,Pseudogene,RNU6ATAC,0.7906991192176597,0.880999982357025,0,0.55,3.6324118172011577,-12.037504926549735
RNU4-63P,Pseudogene,RNU4,1.707278304025056,0.819499999284744,0,0.56,1.7326717172942363,-11.806138769017997
RNU4-86P,Pseudogene,RNU4,2.236316833756013,0.140000000596046,0.11,0.56,-11.204526325575332,-3.7407672556512974
RNU6-758P,Pseudogene,RNU6,2.224555186530904,0.30799999833107,0.63,0.56,3.3290685211501323,5.668051942957101
RNU4ATAC5P,Pseudogene,RNU4ATAC,1.1026756424463962,1.06950002908707,0,0.56,-12.557143589369277,-4.766471639501395
RNU11-4P,Pseudogene,RNU11,0.9924080782017566,0.885999977588654,0.89,0.56,3.5671342407546245,-12.009421125280204
RNU6-437P,Pseudogene,RNU6,1.9743697555803368,0.305000007152557,0.28,0.59,3.4913972412429057,5.4211189595586635
RN7SL850P,Pseudogene,RN7SL,2.124639974981768,0.165000006556511,0,0.59,-10.601215740553359,-0.34098471723729584
RN7SKP253,Pseudogene,RN7SK,1.0004372697729682,0.791999995708466,3.04,0.59,3.5820556675276958,-12.078715101110282
RNU6-1077P,Pseudogene,RNU6,2.00913988381042,0.277999997138977,0,0.61,3.4350636993727885,5.522015794885812
RNU6-1194P,Pseudogene,RNU6,1.2691372538541694,1.66500002145767,0,0.62,3.4707687889418803,-11.823438421117606
RN7SL134P,Pseudogene,RN7SL,2.5219611228229457,0.152999997138977,0.43,0.62,-10.383730312696914,-0.11292882286244843
RN7SKP261,Pseudogene,RN7SK,2.423903183809326,0.263999998569489,0.05,0.62,3.352181771882554,5.621956571710763
RNU1-108P,Pseudogene,RNU1,2.416297929534712,0.449000000953674,3.46,0.63,3.270666698106309,5.717649683130441
RNU6-319P,Pseudogene,RNU6,2.026166492995253,0.214000001549721,0,0.63,2.8636523281417094,6.1071798650152065
RN7SL584P,Pseudogene,RN7SL,1.9647675083590328,0.266999989748001,0,0.64,-11.863046070448378,-3.8002555521600865
RN7SL787P,Pseudogene,RN7SL,2.066934430480067,0.293999999761581,0.09,0.64,-11.350559612623671,-3.9642684610956334
RN7SL318P,Pseudogene,RN7SL,2.0115476871294864,0.305000007152557,0.19,0.65,-11.188081165663222,-3.6942098291986607
RN7SL381P,Pseudogene,RN7SL,2.0397649258341475,0.305000007152557,12.82,0.65,3.4386197124800884,5.521699175012765
RN7SL774P,Pseudogene,RN7SL,2.060102286473992,0.316000014543533,0.23,0.66,-10.37674655567787,-0.10669375978642914
RNU6-397P,Pseudogene,RNU6,2.003900927138162,0.253000006079674,0,0.67,0.7748005186400616,-11.982485547887626
RNU6-457P,Pseudogene,RNU6,2.304798200309687,0.305000007152557,0,0.67,3.094725707658311,5.943073495996652
RN7SL440P,Pseudogene,RN7SL,2.136715352046639,0.282999992370605,0.31,0.67,-10.515097042433242,-0.2567352207773349
RNU6ATAC20P,Pseudogene,RNU6ATAC,1.0392934992191625,3.83100008964539,0.41,0.68,-3.771884580961684,-12.754889264928641
RNU6ATAC27P,Pseudogene,RNU6ATAC,0.700523349318887,4.58400011062622,1.24,0.68,-3.7479907478012837,-12.730388418065848
RNU7-1,Functional,RNU7,5.568511994354301,0.118000000715256,1.53,0.68,-0.6633485759415424,-4.894284501897635
RNU6ATAC29P,Pseudogene,RNU6ATAC,1.1948593261549147,3.97699999809265,0.54,0.69,-3.7530449832596577,-12.735701337682547
RNU4ATAC15P,Pseudogene,RNU4ATAC,1.0751087513852364,1.42249995470047,0,0.7,3.5055352245650493,-11.869604841100516
RNU6ATAC26P,Pseudogene,RNU6ATAC,0.8545736228959571,5.06799983978271,0,0.7,-3.7822872604050435,-12.765493169652762
RNU6ATAC30P,Pseudogene,RNU6ATAC,1.281182559973579,3.994500041008,0.2,0.7,-3.7351864780106343,-12.717975393163504
RNU6ATAC37P,Pseudogene,RNU6ATAC,1.2196771037441436,3.84699988365173,0,0.7,-3.775342365614394,-12.758443609105887
RNU6ATAC41P,Pseudogene,RNU6ATAC,1.0199749692629163,3.64549994468689,0,0.7,-3.754536053053359,-12.738043561803641
RNU11-3P,Pseudogene,RNU11,0.9924080782017566,1.46899998188019,3.95,0.7,3.47910151828148,-11.82719494424993
RNU12-2P,Pseudogene,RNU12,0.9796848977119904,3.99199998378754,1.99,0.7,-3.7434081042923726,-12.726247564184012
RNU11-6P,Pseudogene,RNU11,1.1229880884914614,1.43599998950958,1.99,0.71,3.4826644455275737,-11.851793065892997
RNU1-4,Functional,RNU1,0.0211794406933301,0.266000002622604,4585.69,0.72,-3.8843401874222554,-8.006666913854422
RNU6ATAC8P,Pseudogene,RNU6ATAC,1.0199749692629163,4.30100011825562,0,0.72,-3.7494627441086568,-12.732143178808036
RN7SL471P,Pseudogene,RN7SL,1.568270290803779,0.677999973297119,640.66,0.72,-12.578160663954238,-4.178083196508231
RNU6ATAC16P,Pseudogene,RNU6ATAC,0.9312814936748368,1.56450003385544,2.28,0.74,3.5253907238326274,-11.86140896402532
RN7SL3,Functional,RN7SL,1.4637189380835274,0.266999989748001,100883.77,0.75,-0.6036517227806842,-4.954287782537284
RNU1-61P,Pseudogene,RNU1,2.461303478718926,0.397000014781952,0.15,0.76,0.6328132544837201,-11.929871335851493
RNU6ATAC18P,Pseudogene,RNU6ATAC,1.10049212632274,2.10999989509583,0.99,0.76,3.455455163606187,-11.800154462682547
RNU6ATAC2P,Pseudogene,RNU6ATAC,1.3783445530579952,4.34450006484985,1.25,0.76,-3.772677799574355,-12.754642263280692
RNU6ATAC6P,Pseudogene,RNU6ATAC,1.2956438798745156,3.93299996852875,1.06,0.76,-3.7330347503342427,-12.716286435949149
RNU1-3,Functional,RNU1,0,0.446000009775162,3848.22,0.77,-3.8943144286789693,-8.041668668615165
RNU6ATAC4P,Pseudogene,RNU6ATAC,0.9372742960794368,4.60549998283386,0.24,0.77,-3.7585138286270894,-12.740875020849051
RNU6ATAC11P,Pseudogene,RNU6ATAC,1.3615838832928102,4.96299982070923,0,0.78,-3.7874471152939595,-12.769721761571708
RNU6ATAC15P,Pseudogene,RNU6ATAC,1.0334166764745565,3.10999989509583,0,0.78,-3.6800698245682515,-12.675296560155692
RNU6ATAC21P,Pseudogene,RNU6ATAC,0.909707405018277,3.2335000038147,0,0.78,-3.674756666532973,-12.662937894689383
RNU6ATAC25P,Pseudogene,RNU6ATAC,1.157809424568716,2.03200006484985,0,0.78,3.486210206635972,-11.828695073949637
RNU6ATAC31P,Pseudogene,RNU6ATAC,0.9372742960794368,3.08400011062622,0,0.78,-3.7319492305435933,-12.72871853433782
RNU6ATAC33P,Pseudogene,RNU6ATAC,0.9372742960794368,4.03550004959106,0,0.78,-3.7240716422714986,-12.706900373327079
RNU6ATAC34P,Pseudogene,RNU6ATAC,1.0908287140564763,5.07399988174438,0,0.78,-3.8369370902695454,-12.81951500497991
RNU6ATAC38P,Pseudogene,RNU6ATAC,1.0751087513852364,4.13849997520447,0,0.78,-3.763921400419692,-12.74678494058782
RNU6ATAC3P,Pseudogene,RNU6ATAC,1.130242533507556,5.24600005149841,0,0.78,-3.7657846416153706,-12.748101964818778
RNU6ATAC5P,Pseudogene,RNU6ATAC,1.157809424568716,4.0475001335144,0,0.78,-3.7475303615250386,-12.730824247228446
RNU6ATAC7P,Pseudogene,RNU6ATAC,1.285441959560543,3.92899990081787,0,0.78,-3.768923899046401,-12.752299085485282
NMTRS-TGA3-1,Functional,TRNA,0.9564512637741568,3.51699995994568,0,0.78,-3.7953137363114156,-8.764492765294852
VTRNA1-3,Functional,VTRNA,2.029418766659772,0.328999996185303,1.76,0.8,-0.7662894333519733,-4.7963588389032505
RN7SKP70,Pseudogene,RN7SK,1.3586103210806335,2.08200001716614,4.48,0.8,3.48862038005211,-11.822799459325614
RNU5E-4P,Pseudogene,RNU5,3.9365520435336334,0.38400000333786,0,0.83,0.35706804145195126,-11.584000364171805
RN7SK,Functional,RN7SK,3.3251721888528367,0.194999992847443,344.31,0.83,-0.6269492114701068,-4.931260362493338
VTRNA1-2,Functional,VTRNA,3.161210001912337,0.405000001192093,0,0.87,-0.7312629426636493,-4.828582540380301
RNU5A-8P,Pseudogene,RNU5,4.143738993193299,0.683499991893768,0,0.88,0.3576727007708752,-11.583966985570731
RNU6-1334P,Pseudogene,RNU6,0.0992408078201756,1.81200003623962,0,0.89,-3.703872581831435,-8.477802053319754
RNU6ATAC10P,Pseudogene,RNU6ATAC,1.345562304228508,3.58699989318848,16.48,0.89,-3.70856036793373,-12.691822782384696
MT-TF,Functional,TRNA,0,1.69700002670288,0,0.89,-3.8997186626114644,-8.57806278787786
NMTRQ-TTG12-1,Functional,TRNA,1.9779244336382231,2.12349998950958,0,0.91,-0.6181504334130085,-4.942901388036551
RNU5E-6P,Pseudogene,RNU5,4.288928824924113,0.725000023841858,2.52,0.92,0.3593961690745556,-11.590834394323172
RNU1-1,Functional,RNU1,3.388710510932828,0.328999996185303,3848.22,0.94,-0.698214074484328,-4.861084714757743
RNU6-7,Functional,RNU6,2.8241893440414474,2.88700008392334,0.47,0.95,-0.6269058192887104,-4.93132902704412
MT-TD,Functional,TRNA,0,1.89650005102158,16.51,0.95,-3.9073950256027974,-8.57928349100286
MT-TL1,Functional,TRNA,0,3.49600005149841,0,0.96,-3.8050555194535054,-8.741490140783133
RNU2-1,Functional,RNU2,2.235557559140659,0.808000028133392,5154.1,0.97,-0.6782932485260761,-4.882981553899588
RNU6-1,Functional,RNU6,3.733123845572029,2.71600008010864,0.98,0.97,-0.5942085589089191,-4.963720575200858
RNU5A-1,Functional,RNU5,4.126551538847475,1.55200004577637,3.54,0.98,-0.6927697266258991,-4.8656032236688755
RNU6-2,Functional,RNU6,4.122667203370849,2.47699999809265,0.98,0.98,-0.6536036337532795,-4.904724851476493
RNU6-8,Functional,RNU6,3.8954335779882032,1.48800003528595,1.75,0.98,-0.6248882020630634,-4.933534398900809
RNU6-9,Functional,RNU6,4.9342158654517245,2.90599989891052,0.98,0.98,-0.6138965691246784,-4.944306627141776
RNY3,Functional,RNY,3.166949308379135,1.97699999809265,1.8,0.98,-0.6439273561157978,-4.913125768529715
RNY4,Functional,RNY,2.7136158388329283,2.55200004577637,0,0.98,-0.6389227713265216,-4.920058503972831
RNU1-2,Functional,RNU1,3.367531070239497,0.284000009298325,3848.22,0.99,-0.7187802399315631,-4.84028841577703
RNU5D-1,Functional,RNU5,5.142035973819886,2.70050001144409,6.68,0.99,-0.6567066515602863,-4.901448980199637
RNU5E-1,Functional,RNU5,5.425437551491421,1.02399998903275,6.33,0.99,-0.7158286179222858,-4.844566598760428
RNU11,Functional,RNU11,4.013739338504882,5.12800002098083,15.59,0.99,-0.600506087652663,-4.957698598729911
RNU1-27P,Pseudogene,RNU1,0,0.898999989032745,6836.16,1,-3.7243749107041157,-8.396197095739188
RNU1-28P,Pseudogene,RNU1,0,1.32599997520447,6836.16,1,-3.7210782970108784,-8.412526861059012
RNU2-2,Functional,RNU2,4.9828238062590815,1.35500001907349,37897.85,1,-0.6713776792206562,-4.886901155340018
RNU4-1,Functional,RNU4,4.5274340946928415,2.8840000629425,2273.06,1,-0.6442610825218952,-4.914066091405692
RNU4-2,Functional,RNU4,3.928567150950402,2.83999991416931,9032.84,1,-0.5807971562065876,-4.9775698336237095
RNU5B-1,Functional,RNU5,4.215613802275837,2.5200001001358,17.2,1,-0.6359628642716205,-4.9229386004083775
RNU4ATAC,Functional,RNU4ATAC,4.836080904160099,3.65599989891052,21.99,1,-0.5902809108414447,-4.967959657537284
RNU6ATAC,Functional,RNU6ATAC,4.245301223418625,7.1085000038147,167.93,1,-0.6020020450272358,-4.956160322057547
RNU12,Functional,RNU12,4.492300567326618,6.10249996185303,89.68,1,-0.6145813668885028,-4.943524614202323
RNY1,Functional,RNY,3.87302621669889,2.04900002479553,461.11,1,-0.6702291573204792,-4.888090864049735
MT-TA,Functional,TRNA,0,1.93099999427795,848.15,1,-3.9167167152085103,-8.586102262365165
MT-TC,Functional,TRNA,0,1.03649997711182,850.15,1,-3.9779476131119527,-8.45073296152288
MT-TE,Functional,TRNA,0,1.73800003528595,134.35,1,-3.8838025535263814,-8.563976064550223
MT-TG,Functional,TRNA,0,0.828999996185303,306.57,1,-4.0014740432419575,-8.40920235239202
MT-TH,Functional,TRNA,0,1.03799998760223,1153.94,1,-3.9815389121689595,-8.434844747411551
MT-TI,Functional,TRNA,0,3.79900002479553,415.64,1,-3.789156814924697,-8.76194836221868
MT-TK,Functional,TRNA,0,1.44749999046326,31.43,1,-3.9401716197647847,-8.507006421911063
MT-TL2,Functional,TRNA,0,4.61299991607666,112.81,1,-3.795039793364028,-8.756347432958426
MT-TM,Functional,TRNA,0,5.76999998092651,34.77,1,-3.805962702146987,-8.745610967504325
MT-TN,Functional,TRNA,0,1.98199999332428,656.69,1,-3.906168838850478,-8.597673192846122
MT-TP,Functional,TRNA,0,0.754499971866608,300.57,1,-3.9840325320877827,-8.418827787267508
MT-TQ,Functional,TRNA,0,2.08150005340576,363.47,1,-3.892025371901015,-8.611531988012137
MT-TR,Functional,TRNA,0,2.04900002479553,400.09,1,-3.8982583488144673,-8.61059738718206
MT-TS1,Functional,TRNA,0,3.55900001525879,2004.02,1,-3.8336979354538716,-8.709239736425223
MT-TS2,Functional,TRNA,0,1.0900000333786,99.13,1,-3.9750219787277974,-8.463054433690848
MT-TT,Functional,TRNA,0,1.18999999761581,229.69,1,-3.9704328979172505,-8.451553121434989
MT-TV,Functional,TRNA,0,1.23300004005432,31.01,1,-3.954691549650649,-8.467231527196708
MT-TW,Functional,TRNA,0,2.15200006961823,136.41,1,-3.899612089506606,-8.597405210363211
MT-TY,Functional,TRNA,0,2.32850003242493,1314.03,1,-3.887689491621474,-8.609791532384696
RN7SL1,Functional,RN7SL,3.1597742155453923,0.28600001335144,2362115.65,1,-0.6077311838784015,-4.950430646764579
RN7SL2,Functional,RN7SL,2.8945235614217903,0.305000007152557,3901077.06,1,-0.6601909006752765,-4.903589025365653
