Gene,Gene_Type,Gene_group,enrichment_intergenic_dbsnp,PhyloP100_median,ENCODE_max,functional_probability,UMAP1,UMAP2
RNU1-1,Functional,RNU1,3.388710510932828,0.328999996185303,3848.22,0.94,-5.223554706337438,-4.503360636995043
RNU1-100P,Pseudogene,RNU1,0.8841453787615648,0.305000007152557,1.55,0.01,-10.457430934669958,-2.6259008725144524
RNU1-101P,Pseudogene,RNU1,1.2033924727800829,0.437000006437302,0,0,6.013137245414271,-4.448083289430346
RNU1-103P,Pseudogene,RNU1,1.6116707189996529,0.30799999833107,1.58,0,3.284914398429407,-10.989746459291187
RNU1-104P,Pseudogene,RNU1,1.4092194710464945,-0.23199999332428,1.04,0,-1.888434743645178,-10.395840056703296
RNU1-105P,Pseudogene,RNU1,1.4238898513329552,-0.133000001311302,0,0,-1.7452517507099974,-10.393009551332202
RNU1-107P,Pseudogene,RNU1,0.0225547290500399,-0.368000000715256,0,0.39,13.002077961204066,-7.665925391481127
RNU1-108P,Pseudogene,RNU1,2.416297929534712,0.449000000953674,3.46,0.63,1.6699247601008547,4.141035191252027
RNU1-109P,Pseudogene,RNU1,1.4649833535359265,-0.0920000001788139,2.47,0,-1.6767869946980345,-10.384347327516284
RNU1-112P,Pseudogene,RNU1,1.1648692381331596,0.146999999880791,0,0,0.4841942059373988,-10.858087905214038
RNU1-114P,Pseudogene,RNU1,2.050578137489172,-0.0525000002235174,0,0.28,-1.8304062840962279,-9.402378447816577
RNU1-115P,Pseudogene,RNU1,0.6512678013199028,0.252000004053116,0,0,2.98484888100387,-13.193105109498706
RNU1-117P,Pseudogene,RNU1,1.1211698858165415,0.30799999833107,0,0,1.2139232399439943,-9.912452109620776
RNU1-119P,Pseudogene,RNU1,1.3262180681423474,0.300000011920929,0.47,0,0.06925841593505278,-9.510159858033862
RNU1-11P,Pseudogene,RNU1,1.5672786113064328,-0.102000001817942,0.58,0.01,-1.5730200765156614,-10.283682235048023
RNU1-123P,Pseudogene,RNU1,1.128864188954498,-0.211499996483326,0.12,0,0.0893851759410037,-12.658108123109546
RNU1-124P,Pseudogene,RNU1,1.4851900204812496,0.204999998211861,1.32,0,-0.8519673106694089,-9.481642134950366
RNU1-125P,Pseudogene,RNU1,1.4539932308537364,-0.0579999983310699,205.51,0.04,-1.5860205647969114,-10.363940604493823
RNU1-128P,Pseudogene,RNU1,0,-0.0200000004842877,0,0.39,13.002566242454066,-7.666764624879565
RNU1-129P,Pseudogene,RNU1,1.0399485849419603,-0.152999997138977,1.38,0,0.54111181372167,-12.887972243592944
RNU1-130P,Pseudogene,RNU1,0.8466481417158735,0.30799999833107,0,0,2.6353610994792116,-10.115152724549976
RNU1-131P,Pseudogene,RNU1,1.4023157626763951,-0.196999996900558,0,0,-1.8493636605763304,-10.43027342157146
RNU1-132P,Pseudogene,RNU1,0.8048187463465466,0.305000007152557,0.16,0,2.7837509157633913,-10.104239829347339
RNU1-133P,Pseudogene,RNU1,0.7695619528570508,0.26800000667572,0,0,2.826151037452234,-10.126751311586109
RNU1-134P,Pseudogene,RNU1,1.2841159072489396,0.194999992847443,2.63,0,6.05079879784347,-2.027750619218554
RNU1-136P,Pseudogene,RNU1,1.355484204373131,0.212999999523163,0,0,3.2747365477061403,-11.002700217530933
RNU1-138P,Pseudogene,RNU1,0.6777421021865655,0.266999989748001,0,0.02,2.9666546823954714,-12.556451209352222
RNU1-139P,Pseudogene,RNU1,1.3893713094824591,0.238000005483627,0,0,-0.4722687957310544,-9.797719367311206
RNU1-140P,Pseudogene,RNU1,1.2630648268022358,-0.101999998092651,0,0,-0.6151425597691403,-11.597311385438648
RNU1-141P,Pseudogene,RNU1,0.8133977602982752,0.30799999833107,0.05,0,7.819279575583948,-1.3930353005387446
RNU1-142P,Pseudogene,RNU1,0.6707309769915321,-0.003000000026077,0,0,2.1422047855830324,-13.597257979676929
RNU1-143P,Pseudogene,RNU1,0.9754147891914526,-0.149999998509884,1.44,0,0.7298750671124591,-13.081282981202808
RNU1-146P,Pseudogene,RNU1,1.1999115854621238,0.214000001549721,0.6,0,0.366608494756235,-10.223629363343921
RNU1-148P,Pseudogene,RNU1,1.3507776619968357,-0.0219999998807907,0.38,0,-12.116097545387731,-2.998676904008593
RNU1-149P,Pseudogene,RNU1,1.121852610141116,0.282999992370605,0.33,0,6.2917765619731085,-4.268921263978686
RNU1-14P,Pseudogene,RNU1,1.5539021224474874,0.305000007152557,0,0.01,3.313341045615686,-10.951788314149585
RNU1-150P,Pseudogene,RNU1,1.0077230176801788,-0.197999998927116,0,0,0.57267281213165655,-13.04680288629314
RNU1-151P,Pseudogene,RNU1,1.5838832928100035,-0.034000001847744,0.29,0,-1.611947870018469,-9.994928725526538
RNU1-15P,Pseudogene,RNU1,1.2784145729612908,-0.133000001311302,0,0,-0.6380842683338986,-12.058452971742359
RNU1-16P,Pseudogene,RNU1,1.1225103567464991,0.306500002741814,4.48,0,1.1933328154063356,-9.94689882592937
RNU1-17P,Pseudogene,RNU1,1.2339810972377103,-0.0469999983906746,0,0,-0.4156422374272214,-11.542172797486987
RNU1-18P,Pseudogene,RNU1,1.080151475359839,0.214000001549721,1.14,0,1.4165544154620302,-10.335881598756519
RNU1-19P,Pseudogene,RNU1,1.5156777921626827,-0.0240000002086162,0.75,0,-1.5185204503559935,-10.088685401246753
RNU1-2,Functional,RNU1,3.367531070239497,0.284000009298325,3848.22,0.99,-5.157487010719763,-4.5378626664139885
RNU1-20P,Pseudogene,RNU1,1.0077230176801788,-0.20099999755621,0,0,0.5716323311007155,-13.055903800294605
RNU1-21P,Pseudogene,RNU1,1.3424906824753824,0.246999993920326,0.15,0,-0.1624984500431882,-9.73747671441814
RNU1-22P,Pseudogene,RNU1,1.494893181088722,-0.028999999165535,0,0.01,-1.6039572713398802,-10.247732528016773
RNU1-23P,Pseudogene,RNU1,1.399019721353865,0.30799999833107,0,0,-0.2840922830128537,-9.320248015687671
RNU1-24P,Pseudogene,RNU1,1.4314734703758671,-0.123999997973442,0,0,-1.7560449597859251,-10.401811011598316
RNU1-27P,Pseudogene,RNU1,0,0.898999989032745,6836.16,1,-5.3963128087544305,-7.10467995004436
RNU1-28P,Pseudogene,RNU1,0,1.32599997520447,6836.16,1,-5.368894672157751,-7.066398032472338
RNU1-29P,Pseudogene,RNU1,1.2680769888133556,0.211999997496605,1.59,0,0.08838715576888456,-10.332944281861987
RNU1-3,Functional,RNU1,0,0.446000009775162,3848.22,0.77,5.435611629722132,11.030564896299634
RNU1-30P,Pseudogene,RNU1,0.6392812773692297,-0.233999997377396,0.86,0,1.712388658759607,-13.690082915590015
RNU1-31P,Pseudogene,RNU1,0.9275632321828916,-0.19200000166893,0.72,0,1.0189210715270174,-13.318357833192554
RNU1-32P,Pseudogene,RNU1,1.0704275812050392,-0.0219999998807907,0,0.01,0.5905874575054778,-11.917910941407886
RNU1-33P,Pseudogene,RNU1,0.8361956955218505,-0.114000000059605,0.44,0,8.10478820824386,-2.321973212526049
RNU1-34P,Pseudogene,RNU1,1.1725585892129031,-0.29899999499321,4.09,0,-0.02160695767639742,-12.63366926507732
RNU1-35P,Pseudogene,RNU1,1.1805115701484947,-0.17399999499321,0,0,-0.13498142934082613,-12.468680747316089
RNU1-36P,Pseudogene,RNU1,1.094656183228604,0.296000003814697,0.44,0,1.3967839124179018,-10.024625190065112
RNU1-38P,Pseudogene,RNU1,0.9407201574620816,0.305000007152557,0,0,2.7045864107585085,-10.682408698365894
RNU1-39P,Pseudogene,RNU1,1.1367583441220122,-0.13400000333786,5,0,0.03197582983733549,-12.44192827539226
RNU1-4,Functional,RNU1,0.0211794406933301,0.266000002622604,4585.69,0.72,5.407536888358607,11.004820458128247
RNU1-40P,Pseudogene,RNU1,0,-0.116500001400709,0,0.39,13.002517605063929,-7.6667617638566155
RNU1-41P,Pseudogene,RNU1,0,0.005499999737367,0.41,0.36,13.002492809531702,-7.666764624879565
RNU1-42P,Pseudogene,RNU1,1.5630427231677666,0.266999989748001,0,0,5.386255169150843,-4.619517215059008
RNU1-43P,Pseudogene,RNU1,1.473575631269275,-0.0549999997019768,0,0,-1.6072755811238157,-10.256352790162769
RNU1-44P,Pseudogene,RNU1,0.8736844124046139,-0.208000004291534,0,0,1.2465955855822695,-13.45791948632976
RNU1-45P,Pseudogene,RNU1,1.330249126100227,0.266999989748001,0,0,-0.02358905053375826,-9.61039865808269
RNU1-46P,Pseudogene,RNU1,1.1436897974398292,0.0255000004544854,0,0,0.3870718272900714,-11.564985640809741
RNU1-47P,Pseudogene,RNU1,1.36380005838769,0.282999992370605,0.43,0.01,3.2917000296092165,-11.010115035340991
RNU1-48P,Pseudogene,RNU1,0.042881830539582,-0.0410000011324883,0.41,0.36,13.00254907631637,-7.666790374086108
RNU1-49P,Pseudogene,RNU1,1.2451912679323929,-0.0780000016093254,0,0,-0.5425826070332395,-11.54403246240398
RNU1-51P,Pseudogene,RNU1,1.48015409390887,0.305000007152557,1.08,0,-12.506556606056677,-2.9491595108964104
RNU1-52P,Pseudogene,RNU1,1.1225103567464991,0.622500002384186,0,0.5,1.1520586254573,-9.367625602052417
RNU1-54P,Pseudogene,RNU1,0.9551927752691908,0.309499993920326,0,0,2.097112679717554,-10.166672118470874
RNU1-55P,Pseudogene,RNU1,1.165137332319151,0.30799999833107,0.05,0,-12.538186168434606,-2.2691530068375725
RNU1-56P,Pseudogene,RNU1,0.7836393056532164,0.0279999997001141,0.57,0,2.904059791800989,-12.128404982850757
RNU1-57P,Pseudogene,RNU1,1.0043648020355127,0.319000005722046,0.37,0,1.9530577900385988,-10.063117392823901
RNU1-58P,Pseudogene,RNU1,1.2572531788261518,0.30799999833107,0.12,0,0.4324504675841464,-9.712189086244312
RNU1-5P,Pseudogene,RNU1,1.3748986916753505,0.30799999833107,0.69,0.01,-0.18076739287613497,-9.34108007745525
RNU1-61P,Pseudogene,RNU1,2.461303478718926,0.397000014781952,0.15,0.76,-1.8190356252217161,-9.267596610353198
RNU1-62P,Pseudogene,RNU1,1.1436897974398292,0.284000009298325,0,0,-12.418295955421911,-2.740662701890673
RNU1-63P,Pseudogene,RNU1,1.016613153279848,-0.131500001996756,0,0,0.5691429989910258,-12.955230124757495
RNU1-64P,Pseudogene,RNU1,1.3211813065630749,0.430000007152557,0.13,0.01,0.19827985191108122,-9.415673621461597
RNU1-65P,Pseudogene,RNU1,1.5020230372783343,-0.142000004649162,0,0,-1.7809718606495726,-10.287526496217456
RNU1-67P,Pseudogene,RNU1,0.8048187463465466,0.214000001549721,10.7,0,6.9458879473185675,-1.5554422219254633
RNU1-68P,Pseudogene,RNU1,1.2133208353357092,-0.0645000003278255,1.44,0,-0.4412450549626218,-11.616017707154956
RNU1-6P,Pseudogene,RNU1,1.0613253058546563,0.296999990940094,0.69,0,2.3616327288127077,8.619038216306958
RNU1-70P,Pseudogene,RNU1,1.0589720346665086,-0.129000000655651,3.78,0,0.4316601099944247,-12.757097609803882
RNU1-72P,Pseudogene,RNU1,0.9534901143507074,-0.217999994754791,7.42,0,0.8613273146128787,-13.23697508172771
RNU1-73P,Pseudogene,RNU1,0.995433712586518,0.284000009298325,1.98,0,2.022831821677698,-10.135133155153003
RNU1-74P,Pseudogene,RNU1,0.7312480576223469,-0.109999999403954,0.19,0,2.9305266382670534,-12.120985396669116
RNU1-75P,Pseudogene,RNU1,1.103957823425985,-0.17399999499321,0.16,0,0.16457867049933805,-12.628872283265796
RNU1-76P,Pseudogene,RNU1,1.2015003462505542,-0.180999994277954,0,0,-0.23048583245514498,-12.429123290345874
RNU1-77P,Pseudogene,RNU1,1.3078958314572533,0.300999999046326,0.48,0,-12.358100986244665,-2.38846410112163
RNU1-78P,Pseudogene,RNU1,1.3051669876956435,0.305000007152557,0,0,3.3233801367259157,-10.960794814393726
RNU1-7P,Pseudogene,RNU1,1.5037402892264422,0.214000001549721,0,0,5.618599319694056,-4.598901637361254
RNU1-80P,Pseudogene,RNU1,1.4670380286460751,0.30799999833107,0,0,5.20090284371139,-3.9564861138322014
RNU1-82P,Pseudogene,RNU1,1.4946267117159788,-0.130999997258186,0.08,0,-1.783855771782385,-10.294323333070484
RNU1-83P,Pseudogene,RNU1,1.3131253229864706,-0.250999987125397,2.76,0,-0.5975645539784299,-12.292303450868335
RNU1-84P,Pseudogene,RNU1,1.080151475359839,0.0649999976158142,0,0,6.969380760428919,-2.922247298524584
RNU1-86P,Pseudogene,RNU1,0.0451094581000798,-0.295000001788139,0,0.39,13.002349758384241,-7.666569121644701
RNU1-88P,Pseudogene,RNU1,1.13971865230983,0.282999992370605,0,0,1.045083755490793,-10.009737380311694
RNU1-89P,Pseudogene,RNU1,1.842611340319725,0.146999999880791,1.18,0.01,-1.6745670793080198,-9.398104079530444
RNU1-8P,Pseudogene,RNU1,0.7578388960813414,-0.0469999983906746,0,0,8.128092193839564,-2.356178410814013
RNU1-91P,Pseudogene,RNU1,1.150706299264613,-0.229000002145767,3.22,0,0.033018017051233195,-12.637794860170093
RNU1-93P,Pseudogene,RNU1,0.6576905607017558,-0.0790000036358833,1.08,0,2.0365914347148073,-13.652903922364917
RNU1-94P,Pseudogene,RNU1,1.1444243445158986,0.263999998569489,0.7,0,1.0295847895121706,-10.039771445558276
RNU1-95P,Pseudogene,RNU1,0,0.0090000003110617,0,0.39,13.002436542747034,-7.666697867677416
RNU1-96P,Pseudogene,RNU1,0.8147547802520594,0.214000001549721,0,0,2.7436131479716432,-10.159308799073901
RNU1-97P,Pseudogene,RNU1,0,-0.0500000007450581,0,0.39,13.002468013999476,-7.66673410730144
RNU1-98P,Pseudogene,RNU1,1.2808266759291422,-0.240000002086163,0,0,-0.5424926040196286,-12.321945555970874
RNU2-1,Functional,RNU2,2.235557559140659,0.808000028133392,5154.1,0.97,-12.51261148429154,-1.0573501666047236
RNU2-10P,Pseudogene,RNU2,1.3334013752142089,0.119000002741814,0,0,-0.5546831843876706,-10.306389220521655
RNU2-12P,Pseudogene,RNU2,1.0130832464976265,0.186000004410744,0,0,1.5177464725947512,-10.412799247071948
RNU2-13P,Pseudogene,RNU2,0.7684575826783514,-0.127000004053116,0.44,0,2.929079914329065,-12.105304129884448
RNU2-14P,Pseudogene,RNU2,1.1638712540167198,0.238000005483627,0,0,-12.277848338844763,-2.43576896981975
RNU2-15P,Pseudogene,RNU2,0.9820163705766074,0.44200000166893,0.4,0.01,1.764795327422632,-9.825662978456226
RNU2-16P,Pseudogene,RNU2,1.123756206199048,0.284500002861023,0,0,6.311855697867884,-3.390792258546557
RNU2-17P,Pseudogene,RNU2,1.078590884992962,0.421000003814697,0.29,0,1.434447849032892,-9.818983443544116
RNU2-18P,Pseudogene,RNU2,1.3722185772666264,-0.153499998152256,0.78,0,-11.33141908622025,-0.3219519336678644
RNU2-19P,Pseudogene,RNU2,0.7856563952430573,-0.300999999046326,0,0,1.43276592516662,-13.659535773561206
RNU2-20P,Pseudogene,RNU2,1.0547583239526523,-0.104999996721745,0,0,0.42522133314372434,-12.682901747987476
RNU2-21P,Pseudogene,RNU2,0.6836002453570611,0.127500001341105,0,0,2.9286393167948854,-13.752215750978198
RNU2-22P,Pseudogene,RNU2,0.6553638252275752,0.30799999833107,1.25,0,-10.728449916603552,-1.3702178080536982
RNU2-23P,Pseudogene,RNU2,1.0865596138260258,0.214000001549721,0.39,0,1.3743366839862001,-10.322858222291675
RNU2-24P,Pseudogene,RNU2,1.457382492464118,0.398999989032745,0,0,-10.954154109718786,-0.23354024486323793
RNU2-25P,Pseudogene,RNU2,1.4184680908328773,-0.0280000008642673,10.54,0,-1.3929735181355345,-10.561821349427905
RNU2-26P,Pseudogene,RNU2,0.9638308822325962,0.305000007152557,0,0,-11.43547639823197,-2.067442305848803
RNU2-27P,Pseudogene,RNU2,1.2230381245444182,-0.0794999990612268,1.38,0,-0.4681144711994992,-11.601617224977222
RNU2-28P,Pseudogene,RNU2,1.249699061439249,-0.23199999332428,0,0,-0.5266717431568967,-12.344406493470874
RNU2-29P,Pseudogene,RNU2,1.2129432066910355,0.284000009298325,0,0,0.5317532809949054,-9.806940444276538
RNU2-2,Functional,RNU2,4.9828238062590815,1.35500001907349,37897.85,1,-5.265264129402624,-4.517900832460131
RNU2-30P,Pseudogene,RNU2,1.3056148830242968,0.165999993681908,0.46,0,-10.919296359779821,0.11625107331493895
RNU2-31P,Pseudogene,RNU2,1.0756423041154524,0.0120000001043081,0,0,0.6135103067881001,-11.897393592164722
RNU2-32P,Pseudogene,RNU2,0.9820163705766074,-0.0799999982118607,0.08,0,2.8653854372477663,-11.919426329896655
RNU2-33P,Pseudogene,RNU2,1.230172513604261,-0.212999999523163,0.43,0,2.705244684455408,-11.85781420068523
RNU2-34P,Pseudogene,RNU2,0.8037685261468772,-0.0309999994933605,0,0,1.80376019501449,-13.415077575013843
RNU2-35P,Pseudogene,RNU2,0.7827443997084278,-0.0820000022649765,0.73,0,7.97504892372848,-2.5060967286088127
RNU2-36P,Pseudogene,RNU2,1.254798695736776,0.206000000238419,0.18,0,-10.787098979713903,-0.3087799032189508
RNU2-37P,Pseudogene,RNU2,0.9026988733925584,0.30799999833107,0.44,0,2.415138149497522,-10.17859114007732
RNU2-38P,Pseudogene,RNU2,0.9233163765547988,-0.0149999996647239,0,0,1.5472488644099367,-12.852836020753589
RNU2-39P,Pseudogene,RNU2,0.6139898463621979,-0.010499999858439,0,0,2.2464121820902956,-13.675148375795093
RNU2-3P,Pseudogene,RNU2,1.327540649112821,0.214000001549721,0,0,-0.24592099166153536,-9.91319406823894
RNU2-40P,Pseudogene,RNU2,1.4177258260025094,0.156000003218651,0,0,-0.6482325551533566,-9.96665037469646
RNU2-41P,Pseudogene,RNU2,0.8781138894200936,-0.0050000001210719,0,0,1.6116210463023317,-12.949434645936694
RNU2-42P,Pseudogene,RNU2,1.4139619521281666,-0.209999993443489,3.41,0,-1.868736839058386,-10.371769316957202
RNU2-43P,Pseudogene,RNU2,1.2979653022796658,-0.0685000009834766,0.04,0,-0.7682094333195554,-11.36058462457439
RNU2-44P,Pseudogene,RNU2,1.342820208907016,0.239999994635582,2.44,0,-0.2256121394657956,-9.75070799188396
RNU2-45P,Pseudogene,RNU2,1.1144689648255022,-0.0920000001788139,0,0,6.974858188865198,-2.532535203263964
RNU2-46P,Pseudogene,RNU2,1.13731722236396,0.212999999523163,0.44,0,1.0001594665026796,-10.275519736573901
RNU2-47P,Pseudogene,RNU2,1.6246680635077144,0.0060000002849847,0,0,6.798674488303675,-4.894845851228442
RNU2-48P,Pseudogene,RNU2,1.327540649112821,0.30799999833107,0.12,0,0.08967497372390165,-9.492683776185718
RNU2-49P,Pseudogene,RNU2,1.3402902577887854,0.30799999833107,0,0.03,0.03866227888823881,-9.490665801332202
RNU2-4P,Pseudogene,RNU2,1.3025356026398056,0.78600001335144,1.35,0.54,-12.52751741385697,-2.927829392717089
RNU2-50P,Pseudogene,RNU2,1.4088030760486474,0.214000001549721,0,0,-0.5280334708714353,-9.819267638490405
RNU2-51P,Pseudogene,RNU2,1.0226337049490182,0.30799999833107,0.54,0,6.335193062064661,-4.224426158235278
RNU2-52P,Pseudogene,RNU2,0.8774976691468164,0.446000009775162,0.34,0.02,2.4715626480555666,-10.05112303094646
RNU2-53P,Pseudogene,RNU2,0.9451505506683398,0.0579999983310699,0,0,7.855211162803187,-2.2813390572526115
RNU2-54P,Pseudogene,RNU2,1.2614028993985489,-0.160000003874302,0.96,0,-0.5614315030598508,-12.261756308839526
RNU2-55P,Pseudogene,RNU2,1.477205127898017,-0.241999998688698,0,0.01,-1.8915396688008177,-10.291936286256519
RNU2-56P,Pseudogene,RNU2,1.0968720864335204,0.30799999833107,0,0,1.3623202683901918,-9.968800910279956
RNU2-57P,Pseudogene,RNU2,0.0727419533760449,-0.0829999968409538,0,0.23,-10.219535922768102,-2.395799763963427
RNU2-58P,Pseudogene,RNU2,1.8790677546279164,0.195999994874001,0.76,0.43,-11.760171985390173,-1.5790041764237543
RNU2-59P,Pseudogene,RNU2,1.545766509240956,0.146999999880791,0.4,0,5.238737488029017,-4.969913848207201
RNU2-5P,Pseudogene,RNU2,1.2542935432827758,0.30799999833107,1.5,0,6.083986187217249,-4.083375342653002
RNU2-60P,Pseudogene,RNU2,1.3025356026398056,0.306500002741814,0,0,0.13378765606643095,-9.52511919336101
RNU2-61P,Pseudogene,RNU2,1.0911293006406748,0.207000002264977,0,0,-12.326294040443884,-2.8884955723740715
RNU2-62P,Pseudogene,RNU2,0.7637905104484723,0.164000004529953,0,0,2.9530371668315065,-13.758546241090503
RNU2-63P,Pseudogene,RNU2,4.149832727006819,-0.462999999523163,44.96,0.41,-5.192307090523229,-4.512071975038256
RNU2-64P,Pseudogene,RNU2,1.618508462617001,0.206000000238419,0,0,-1.125032758476721,-9.48228586511394
RNU2-65P,Pseudogene,RNU2,1.351820733550501,0.239999994635582,0.11,0,-10.843292331459509,-0.18005604343196352
RNU2-66P,Pseudogene,RNU2,1.4886121173026348,0.243000000715256,0,0.01,-0.8792482373738156,-9.420243628785816
RNU2-68P,Pseudogene,RNU2,0.7819759987924836,0.252000004053116,0.71,0,2.8470207693553102,-10.107733138368335
RNU2-69P,Pseudogene,RNU2,1.458839874956582,-0.198499999940395,0,0,-11.973114108803259,-2.9401384671189446
RNU2-6P,Pseudogene,RNU2,1.078590884992962,0.28999999165535,2.27,0,-12.410711383583532,-2.8020256836869377
RNU2-70P,Pseudogene,RNU2,0.8926128524607979,0.239999994635582,0,0,2.3947741034007204,-10.191715606019702
RNU2-71P,Pseudogene,RNU2,1.157809424568716,-0.28999999165535,0,0,2.6417087557292116,-11.849324591920581
RNU2-72P,Pseudogene,RNU2,0.9163031642292292,-0.0309999994933605,1.97,0,1.4993168952441347,-12.866904624269214
RNU2-7P,Pseudogene,RNU2,1.1122775932654518,0.246999993920326,3.45,0,1.1777152063822878,-10.144118674562183
RNU2-8P,Pseudogene,RNU2,1.0968720864335204,0.30799999833107,0,0,1.338357830283655,-9.96761644677898
RNU2-9P,Pseudogene,RNU2,0.6228216214921369,0.282999992370605,0,0,2.9639970304942262,-13.205859549806323
RNU4-1,Functional,RNU4,4.5274340946928415,2.8840000629425,2273.06,1,-5.28154573416947,-4.567656405732836
RNU4-10P,Pseudogene,RNU4,0.9924080782017566,-0.20100000500679,0,0,0.5950237827873363,-13.076600440309253
RNU4-11P,Pseudogene,RNU4,1.157809424568716,0.284000009298325,0,0,0.9965280237174167,-9.979439147279468
RNU4-12P,Pseudogene,RNU4,1.4993215569954594,0.263999998569489,0,0,-0.8722721097493039,-9.395709403321948
RNU4-13P,Pseudogene,RNU4,1.3056148830242968,-0.136000007390976,0,0,-0.7192620990300046,-11.86501348809978
RNU4-14P,Pseudogene,RNU4,1.281182559973579,-0.201999999582767,0.23,0,-11.856903171303259,-2.863582261369433
RNU4-15P,Pseudogene,RNU4,1.133175181492786,0.379000008106232,0,0,1.2272549512362612,-9.834233649537769
RNU4-16P,Pseudogene,RNU4,1.0592724522649954,-0.101000003516674,0,0.01,2.8327292444682253,-11.881032355592456
RNU4-17P,Pseudogene,RNU4,1.0100039661131353,-0.0230000000447035,0,0,1.2565037252879274,-12.587207206056323
RNU4-18P,Pseudogene,RNU4,1.0723335610099518,-0.172999992966652,0,0,7.833230400321497,-3.7182005722977776
RNU4-2,Functional,RNU4,3.928567150950402,2.83999991416931,9032.84,1,-5.258630370857702,-4.531861670778002
RNU4-20P,Pseudogene,RNU4,1.265155993734027,0.30799999833107,0,0,3.26570072197677,-11.01523149804851
RNU4-21P,Pseudogene,RNU4,1.2680769888133556,0.30799999833107,1.24,0,-11.623313045265661,-1.0970670063950678
RNU4-22P,Pseudogene,RNU4,1.067137602162732,0.238000005483627,0.58,0,6.477198505637659,-3.547795899675097
RNU4-23P,Pseudogene,RNU4,1.0420284821118444,0.305000007152557,0.74,0,1.656898164985193,-10.018218406007495
RNU4-24P,Pseudogene,RNU4,1.0745137825134128,0.0140000004321337,0.78,0,0.5966253009191288,-11.883549102113452
RNU4-25P,Pseudogene,RNU4,1.3742694474228672,0.207000002264977,2.34,0,-0.4593795297169553,-9.84970987634441
RNU4-26P,Pseudogene,RNU4,1.5581734311952813,0.0890000015497208,0,0,-1.439699268105017,-9.93563402490398
RNU4-27P,Pseudogene,RNU4,1.3743780939125043,0.282000005245209,0.46,0,3.3098184111094606,-11.014932997987476
RNU4-28P,Pseudogene,RNU4,0.9853697230372052,0.187999993562698,0.14,0,-11.448870754005895,-1.5918632824875971
RNU4-29P,Pseudogene,RNU4,0.9382248785298216,-0.0695000011473894,0.49,0,1.446087265250696,-12.912052520082202
RNU4-30P,Pseudogene,RNU4,1.2873545350099709,0.239999994635582,0.14,0,-12.382104015114294,-2.7413114388444084
RNU4-31P,Pseudogene,RNU4,1.428786098403947,0.146999999880791,0,0,-0.6632870194935666,-9.937211402223316
RNU4-32P,Pseudogene,RNU4,1.2563463968724369,0.301999986171722,3.7,0,2.117502594230188,7.330180756284986
RNU4-33P,Pseudogene,RNU4,0.6946856547412297,0.300000011920929,0,0,2.9999896528697145,-13.086809523866382
RNU4-34P,Pseudogene,RNU4,1.2605183251352958,0.214000001549721,0,0,-11.700654124977575,-1.135974772737231
RNU4-35P,Pseudogene,RNU4,1.2563463968724369,0.282999992370605,0,0,3.251164579627527,-11.022312529847827
RNU4-36P,Pseudogene,RNU4,1.399019721353865,0.30799999833107,0.75,0,-0.2752356884503232,-9.305400260255542
RNU4-37P,Pseudogene,RNU4,1.364561107527415,-0.119500000029802,0,0,-1.1265417096638548,-11.014598258302417
RNU4-38P,Pseudogene,RNU4,0.7808482165695992,-0.0930000022053719,5.73,0,1.7794181349253786,-13.49827707605144
RNU4-39P,Pseudogene,RNU4,1.0939931570728023,0.207000002264977,2.41,0,-10.855927562477575,-0.12065131263514955
RNU4-40P,Pseudogene,RNU4,1.0687471611403534,-0.0790000036358833,0.84,0.01,2.832317734000696,-11.8650029976823
RNU4-41P,Pseudogene,RNU4,1.2873545350099709,-0.0879999995231628,0.86,0,-0.7518586871647702,-11.509384520814624
RNU4-42P,Pseudogene,RNU4,0.8805874496719812,0.189999997615814,0,0,7.994378948447718,-1.9034065087296625
RNU4-43P,Pseudogene,RNU4,1.2169675703495997,-0.398999989032745,0,0,-0.13336036181686983,-12.58066118554851
RNU4-44P,Pseudogene,RNU4,0.7636615353538341,0.30799999833107,0,0,2.81391062760116,-10.130517371461597
RNU4-45P,Pseudogene,RNU4,1.4534203414798776,0.0035000001080334,0,0,-1.6132315156483519,-10.284971602723804
RNU4-46P,Pseudogene,RNU4,1.4095071255619152,0.30799999833107,13.15,0,5.696558380363001,-4.476790316865649
RNU4-47P,Pseudogene,RNU4,1.4929647843122915,0.30799999833107,0.66,0,-11.873497104408727,-1.998390086457934
RNU4-48P,Pseudogene,RNU4,0.7633908293859666,-0.10249999910593,0.43,0,1.7663914206004274,-13.541215308473316
RNU4-49P,Pseudogene,RNU4,1.5382325212127226,-0.105000000447035,0,0,-1.7475384233021605,-10.156446822450366
RNU4-4P,Pseudogene,RNU4,1.1489031982258795,0.0850000008940697,0.52,0,0.3937408717847003,-11.06650389032146
RNU4-50P,Pseudogene,RNU4,1.2563463968724369,-0.158000007271767,0.64,0,-0.5900552032017575,-12.261265166566577
RNU4-51P,Pseudogene,RNU4,0.6450652508311419,0.30799999833107,0.93,0,2.999324465034021,-13.149516471193042
RNU4-52P,Pseudogene,RNU4,0.7802628730789173,0.211999997496605,0.55,0,-10.511858081581579,-2.6321784337021965
RNU4-53P,Pseudogene,RNU4,1.0420284821118444,0.203999996185303,1.17,0,6.315849685904993,-1.891188987062182
RNU4-54P,Pseudogene,RNU4,1.1308836239973503,0.115000002086163,0,0,0.5575108880674972,-10.866419204042163
RNU4-55P,Pseudogene,RNU4,0.9887861509090494,0.305000007152557,0,0,2.012349629638208,-10.110658057496753
RNU4-56P,Pseudogene,RNU4,0.8805874496719812,0.30799999833107,1.02,0,2.5554549934840334,-10.149560340211597
RNU4-57P,Pseudogene,RNU4,0.7461438513887281,0.0689999982714653,0,0,2.268668675658716,-13.482262976930347
RNU4-58P,Pseudogene,RNU4,1.4041518553280172,0.30799999833107,0,0,-0.31952211833237276,-9.282911666200366
RNU4-59P,Pseudogene,RNU4,0.9282437628007808,-0.0815000012516975,2.33,0,1.4536968710398805,-12.91920507745525
RNU4-5P,Pseudogene,RNU4,1.260725817863713,0.151999995112419,0.59,0,0.07650008225203886,-10.503934272096362
RNU4-60P,Pseudogene,RNU4,1.36364221115871,-0.0759999975562096,0.96,0,-1.0445171353840697,-11.046777137086597
RNU4-61P,Pseudogene,RNU4,0.7141628226311706,0.347000002861023,0,0,7.921179676291956,-1.3634111960389277
RNU4-62P,Pseudogene,RNU4,1.442808667539477,0.0549999997019768,0.98,0,7.021365070579066,-4.633789904878344
RNU4-63P,Pseudogene,RNU4,1.707278304025056,0.819499999284744,0,0.56,0.44838895821334257,-9.091155417726245
RNU4-64P,Pseudogene,RNU4,0.7954415893983545,-0.216999992728233,0,0,1.5052312257266176,-13.633549102113452
RNU4-65P,Pseudogene,RNU4,1.5382325212127226,-0.207000002264976,0,0,-1.9267807958149779,-10.140804656312671
RNU4-66P,Pseudogene,RNU4,1.2584885049659955,-0.0054999999701976,0,0,-0.5978995320820676,-11.30637205438396
RNU4-67P,Pseudogene,RNU4,1.0839066953409258,0.282999992370605,0,0,1.4273044111704958,-10.043068297670093
RNU4-68P,Pseudogene,RNU4,1.108540938416856,0.204999998211861,0.73,0,-11.979187106850134,-2.405156977937426
RNU4-69P,Pseudogene,RNU4,1.4816722006718532,0.0979999974370003,0,0,-1.2239565608525145,-9.962528594300952
RNU4-6P,Pseudogene,RNU4,0.8541217066490528,0.305000007152557,0,0,2.6198033335185182,-10.130769141481128
RNU4-70P,Pseudogene,RNU4,1.1244911677465947,0.30799999833107,0,0,1.1539259197688234,-9.941154845521655
RNU4-71P,Pseudogene,RNU4,0.9836257058282896,-0.0240000002086162,0,0,1.4305060746646059,-12.769909270570484
RNU4-72P,Pseudogene,RNU4,1.2247348248328036,0.194999992847443,0.11,0,0.13489785218001737,-10.395038970277515
RNU4-73P,Pseudogene,RNU4,1.3056148830242968,0.414000004529953,0,0,0.28111227774382963,-9.411024459169116
RNU4-74P,Pseudogene,RNU4,1.0787044328279962,0.305000007152557,0,0,1.4970227720713747,-9.999335654542651
RNU4-75P,Pseudogene,RNU4,0.8088805568904728,0.30799999833107,0,0,2.7574473860240114,-10.130141623780933
RNU4-76P,Pseudogene,RNU4,1.0346382091890651,0.239999994635582,0,0,1.5353966596102846,-10.303690322206226
RNU4-77P,Pseudogene,RNU4,0.4898424488559952,-0.0195000004023314,0,0,2.2501998188471926,-13.68882120446941
RNU4-78P,Pseudogene,RNU4,1.461045226241475,-0.0819999985396862,2.87,0,-1.641098832848059,-10.35701788263103
RNU4-79P,Pseudogene,RNU4,0.8621985076575545,0.214000001549721,0,0,2.460664057967676,-10.201841719911304
RNU4-7P,Pseudogene,RNU4,1.157809424568716,0.30799999833107,0,0,1.0520880761122835,-9.94477594690105
RNU4-80P,Pseudogene,RNU4,1.4780545845558075,0.30799999833107,1.04,0.01,-0.761704778435217,-9.309286483094898
RNU4-81P,Pseudogene,RNU4,0.603025741962873,0.0179999992251396,0,0,2.2841189148402345,-13.705577262208667
RNU4-82P,Pseudogene,RNU4,1.3149407036173275,-0.0274999998509884,1.17,0,-0.8247726914906369,-11.095754988954273
RNU4-83P,Pseudogene,RNU4,1.2013360946652842,0.30799999833107,0,0,6.121167564628138,-4.321138270662035
RNU4-84P,Pseudogene,RNU4,0.6746947006479569,0.30799999833107,0,0,3.014843845603479,-13.095965750978198
RNU4-85P,Pseudogene,RNU4,1.4402019671464517,0.26800000667572,1.28,0,-0.6338716504597531,-9.334300406739917
RNU4-86P,Pseudogene,RNU4,2.236316833756013,0.140000000596046,0.11,0.56,-12.415377712013708,-0.9551458437897822
RNU4-87P,Pseudogene,RNU4,0.6353832207999052,0.207999996840954,1.11,0,2.9656950476145876,-13.402541526124683
RNU4-88P,Pseudogene,RNU4,1.37321582913964,0.282000005245209,0,0,-0.22263578152893648,-9.408275969789234
RNU4-89P,Pseudogene,RNU4,1.331916104954989,0.0579999983310699,0.53,0,-0.6478773114704953,-10.773185141847339
RNU4-8P,Pseudogene,RNU4,0.7390272922779039,0.301999986171722,0,0,8.037630462882532,-1.6449428875901362
RNU4-90P,Pseudogene,RNU4,1.133175181492786,0.214000001549721,0,0,-12.212808704140173,-2.3144084294297356
RNU4-91P,Pseudogene,RNU4,1.3379131128349608,-0.0350000001490116,0.5,0.03,-0.9167854545140134,-11.083844550416675
RNU4-92P,Pseudogene,RNU4,1.0726763786445457,0.296999990940094,0,0.01,1.5253709795451296,-10.058346160218921
RNU4-9P,Pseudogene,RNU4,1.1994572455963677,0.30799999833107,6.92,0.03,3.222640180823816,-11.018114455507007
RNU5A-1,Functional,RNU5,4.126551538847475,1.55200004577637,3.54,0.98,-5.221045112373815,-4.55560768441936
RNU5A-2P,Pseudogene,RNU5,0.9282437628007808,-0.0169999997597188,0,0,1.5590585114932192,-12.870378859803882
RNU5A-3P,Pseudogene,RNU5,1.310152769906705,0.30799999833107,0,0,-12.314742183449255,-2.2515188534714836
RNU5A-4P,Pseudogene,RNU5,1.2829780110085771,0.0099999997764825,0,0,-0.6542514321827756,-11.04418886499187
RNU5A-5P,Pseudogene,RNU5,0.898300415613659,0.193999998271465,0,0,2.3610766174769533,-10.221012481019702
RNU5A-6P,Pseudogene,RNU5,1.0779604987363909,-0.109000001102686,0,0,0.37823707782985105,-12.579841979310718
RNU5A-7P,Pseudogene,RNU5,0.9881304571750248,0.340000003576279,0,0.01,2.811688089606775,-10.793332465455737
RNU5A-8P,Pseudogene,RNU5,4.143738993193299,0.683499991893768,0,0.88,-5.194646930458532,-4.527013190553393
RNU5B-1,Functional,RNU5,4.215613802275837,2.5200001001358,17.2,1,-5.231972789528356,-4.55447185830852
RNU5B-2P,Pseudogene,RNU5,1.2602704355924963,0.214000001549721,1.4,0,0.10585939311744108,-10.347572692201343
RNU5B-3P,Pseudogene,RNU5,1.3893713094824591,0.305000007152557,0.98,0.01,-0.2440913078808652,-9.322562583253589
RNU5B-4P,Pseudogene,RNU5,0.7510115186391672,0.282999992370605,0.69,0,7.891055965659632,-1.3903349717118403
RNU5B-6P,Pseudogene,RNU5,1.6345544817440696,0.140000000596046,0,0,-1.347336625816809,-9.750200637147632
RNU5D-1,Functional,RNU5,5.142035973819886,2.70050001144409,6.68,0.99,-5.221478557350622,-4.5677088578202385
RNU5D-2P,Pseudogene,RNU5,0.4168113928447378,0.0230000000447035,1.19,0.01,2.275456094977869,-13.681640990541187
RNU5E-1,Functional,RNU5,5.425437551491421,1.02399998903275,6.33,0.99,-5.231773471596227,-4.541504748628344
RNU5E-10P,Pseudogene,RNU5,1.5600991398849648,0.310999989509583,0.63,0,5.209425831077112,-4.9753016312577385
RNU5E-3P,Pseudogene,RNU5,1.2769956888625544,-0.237499997019768,0,0,-0.5631212947392331,-12.296427138612476
RNU5E-4P,Pseudogene,RNU5,3.9365520435336334,0.38400000333786,0,0.83,-5.188219165565954,-4.5281604607560295
RNU5E-5P,Pseudogene,RNU5,1.3474506234204884,0.206000000238419,0,0,-12.290832614662634,-2.402849086091723
RNU5E-6P,Pseudogene,RNU5,4.288928824924113,0.725000023841858,2.52,0.92,-5.195581054451452,-4.528388388917651
RNU5E-7P,Pseudogene,RNU5,1.454683635996592,0.354999989271164,0,0,-0.6621808764958249,-9.303554900453296
RNU5E-8P,Pseudogene,RNU5,1.3474506234204884,0.194999992847443,0,0,5.903098011252894,-4.252590544984545
RNU5E-9P,Pseudogene,RNU5,0.5677719293558127,-0.145500004291534,0,0,2.0155000927424562,-13.693338759706226
RNU5F-1,Functional,RNU5,4.92811190970274,-0.423000007867813,3.73,0.51,-5.187522983314977,-4.506820567414965
RNU5F-2P,Pseudogene,RNU5,0.5930243394132448,-0.283500000834465,0,0,1.7225257399058473,-13.695105918214526
RNU5F-3P,Pseudogene,RNU5,1.2468716879970787,0.0829999968409538,0,0,0.08635475659133329,-10.887719519899097
RNU5F-4P,Pseudogene,RNU5,0.8531227338927381,0.284000009298325,0.33,0,-10.813776111366735,-1.5798691590287348
RNU5F-6P,Pseudogene,RNU5,1.4073373177947324,0.0850000008940697,0,0,-0.7084514853978024,-10.130030043885913
RNU5F-7P,Pseudogene,RNU5,0.8155005512179653,-0.0810000002384186,0,0,1.722039127585901,-13.442082770631519
RNU5F-8P,Pseudogene,RNU5,0.7197193720292019,0.284000009298325,0,0,7.876000786063685,-1.3514666636445185
RNU6-1,Functional,RNU6,3.733123845572029,2.71600008010864,0.98,0.97,-5.544059848549352,-4.350649245546069
RNU6-1000P,Pseudogene,RNU6,1.2779594591937713,0.0480000004172325,0,0,2.558808827636255,6.593877426817213
RNU6-1001P,Pseudogene,RNU6,0.9030913511635984,-0.211000002920628,0,0,1.1179212572550905,-13.381876357362476
RNU6-1003P,Pseudogene,RNU6,1.0254883474751486,0.30799999833107,0,0,-12.417548274757849,-2.633409865663256
RNU6-1004P,Pseudogene,RNU6,1.032640838128855,0.264999985694885,0.5,0,6.302228355643763,-3.290794022844042
RNU6-1005P,Pseudogene,RNU6,1.168630073396461,-0.245000004768372,0.71,0,3.9393438341593874,7.362685791685377
RNU6-1006P,Pseudogene,RNU6,1.0116781379726645,-0.0579999983310699,0,0,4.931898021934046,7.787804238035474
RNU6-1007P,Pseudogene,RNU6,0.8440106085641107,0.211999997496605,0,0,-10.790022945168005,-1.282209404275622
RNU6-1008P,Pseudogene,RNU6,0.9351537659978092,0.30799999833107,0,0,1.1075168492770326,10.543734184934888
RNU6-1009P,Pseudogene,RNU6,1.103706180429991,-0.111000001430511,0,0,7.660369777915491,-3.3633908112504143
RNU6-100P,Pseudogene,RNU6,1.1141185028868776,-0.247500002384186,2.87,0,7.772679710624232,-3.6884087403275627
RNU6-1010P,Pseudogene,RNU6,1.168630073396461,0.30799999833107,4.23,0,-11.37454996085404,-1.8134905179001948
RNU6-1011P,Pseudogene,RNU6,1.4607875917455764,0.214000001549721,0.54,0,-0.09256682372330294,6.341310612394605
RNU6-1012P,Pseudogene,RNU6,0.9878557475678036,0.465000003576279,0,0,1.7384324314570558,-9.820537932679859
RNU6-1013P,Pseudogene,RNU6,0.9089345015305808,0.305000007152557,0,0,3.099457407233728,10.318931214048657
RNU6-1014P,Pseudogene,RNU6,1.0454007425717533,0.425999999046326,0,0,0.8729518892741336,10.125036827757153
RNU6-1015P,Pseudogene,RNU6,0.912213486023837,0.224000006914139,0,0,6.860702896354212,-1.699880965516772
RNU6-1016P,Pseudogene,RNU6,1.108540938416856,0.0535000003874302,13.54,0,5.338047409293665,7.133800141050611
RNU6-1017P,Pseudogene,RNU6,0.8192047815344689,0.289000004529953,0,0,6.911249542472376,-1.4480805476166865
RNU6-1018P,Pseudogene,RNU6,1.1141185028868776,0.30799999833107,0,0,0.720237040755762,9.379115692808423
RNU6-1019P,Pseudogene,RNU6,1.3958636987791062,0.090999998152256,0.21,0,-0.32095990157364473,6.820995442106519
RNU6-101P,Pseudogene,RNU6,1.0687471611403534,-0.0679999999701977,9.56,0,5.511021518943323,7.28844224615315
RNU6-1020P,Pseudogene,RNU6,1.103706180429991,0.305000007152557,0.36,0,-12.472695445778356,-1.72526682214519
RNU6-1021P,Pseudogene,RNU6,1.168630073396461,-0.160999998450279,0,0,5.015396976706995,6.688616387083326
RNU6-1022P,Pseudogene,RNU6,1.4695273465679857,0.287000000476837,0.09,0,-12.399641132118688,-0.825403459832873
RNU6-1023P,Pseudogene,RNU6,1.2124230766710138,0.201999992132187,0,0,2.2130789997553957,7.26988231344441
RNU6-1024P,Pseudogene,RNU6,1.136168126913226,-0.090999998152256,1.28,0,7.470535660026087,-3.220706113145556
RNU6-1025P,Pseudogene,RNU6,1.0687471611403534,0.0549999997019768,0.27,0,7.264957332847132,-3.040596135423388
RNU6-1026P,Pseudogene,RNU6,1.157809424568716,0.0200000004842877,0,0,4.073696756598963,7.42358743353108
RNU6-1027P,Pseudogene,RNU6,0.7466247691144057,0.204999998211861,0,0,6.617433452842249,-1.0109528382279536
RNU6-1028P,Pseudogene,RNU6,1.0457633512233564,0.30799999833107,0,0,-11.543673610451208,-1.0109976609208247
RNU6-1029P,Pseudogene,RNU6,0.8764725550473457,-0.157000005245209,0.33,0,4.070405388114466,8.358098618223462
RNU6-102P,Pseudogene,RNU6,0.9351537659978092,0.100500002503395,0,0,3.267400169608606,9.880034081175122
RNU6-1031P,Pseudogene,RNU6,1.136168126913226,0.30799999833107,0,0,0.3754264059043063,9.545087448789868
RNU6-1032P,Pseudogene,RNU6,1.4607875917455764,0.305000007152557,0,0,1.1289608719325197,6.114979378416334
RNU6-1034P,Pseudogene,RNU6,1.1692728842179114,0.231000006198883,0,0,1.2497150542712343,8.881556145384106
RNU6-1035P,Pseudogene,RNU6,1.5581734311952813,0.296999990940094,0,0,4.594412946937098,-1.2855789740540644
RNU6-1036P,Pseudogene,RNU6,0.9351537659978092,0.204999998211861,0,0,6.4963544847941534,-1.5858751614548823
RNU6-1037P,Pseudogene,RNU6,1.4283256452623412,0.284000009298325,0,0,1.3175322058177126,6.1921130339644295
RNU6-1038P,Pseudogene,RNU6,1.2023405562828977,0.202999994158745,0,0,0.01788731837035551,8.190357319547925
RNU6-1039P,Pseudogene,RNU6,1.201092019879696,-0.096000000834465,0.3,0,4.663261795279993,6.542788616850172
RNU6-103P,Pseudogene,RNU6,1.201092019879696,-0.120999999344349,0.61,0,7.3473090174174445,-3.1611377079941887
RNU6-1040P,Pseudogene,RNU6,1.266015912846166,0.305000007152557,0,0,1.385623181102289,7.663467518522535
RNU6-1041P,Pseudogene,RNU6,1.2940222980473886,0.305000007152557,0,0,-12.41714963889359,-2.30283439950725
RNU6-1042P,Pseudogene,RNU6,0.7141628226311706,0.30799999833107,0,0,3.868487739799036,11.069091431333813
RNU6-1043P,Pseudogene,RNU6,1.6840864357363143,-0.200000002980232,0.27,0,2.2147821428752077,4.838332764341627
RNU6-1044P,Pseudogene,RNU6,1.2335539663629311,0.186000004410744,0,0,0.9845243933177127,7.723680607511793
RNU6-1045P,Pseudogene,RNU6,0.7141628226311706,-0.0280000008642673,0.71,0,5.019085788962855,9.860977760984692
RNU6-1046P,Pseudogene,RNU6,1.168630073396461,0.0280000008642673,0.38,0,6.969631576774134,-2.8833259423234123
RNU6-1047P,Pseudogene,RNU6,0.7790867155976406,0.30799999833107,0,0,2.9032367708659303,11.206921211912427
RNU6-1048P,Pseudogene,RNU6,1.2335539663629311,0.30799999833107,3.73,0,0.25121491575003996,8.304936997129712
RNU6-1049P,Pseudogene,RNU6,0.8115486620808757,-0.0509999990463257,0.27,0,5.210831547019495,9.091788880064282
RNU6-104P,Pseudogene,RNU6,1.3634017522958712,-0.0140000004321337,0,0,3.191540146110071,5.825738064482008
RNU6-1050P,Pseudogene,RNU6,1.201092019879696,0.273000001907349,0,0,5.330461406943812,-2.3351301033951897
RNU6-1051P,Pseudogene,RNU6,0.6470111490236943,0.30799999833107,0,0,4.033592844245447,10.902669541075024
RNU6-1052P,Pseudogene,RNU6,1.001950463569081,0.256999999284744,0,0,1.865096235511316,10.221438996031079
RNU6-1053P,Pseudogene,RNU6,1.1348825052703255,0.0659999996423721,4.35,0,5.484507942435755,6.870071522428785
RNU6-1054P,Pseudogene,RNU6,1.3359339514254416,0.262500002980232,0,0,1.2237058522677553,6.880591503813062
RNU6-1055P,Pseudogene,RNU6,1.330939805812636,0.282000005245209,0,0,0.4053945037102832,7.421966187193189
RNU6-1056P,Pseudogene,RNU6,0.5518530902149955,0.30799999833107,0.21,0,-10.326036548378454,-2.25475204782268
RNU6-1057P,Pseudogene,RNU6,1.2599690796777203,0.282000005245209,0,0,-11.74206361747025,-1.1169184525468012
RNU6-1059P,Pseudogene,RNU6,1.205066952102133,0.947000026702881,0,0.5,1.0457200648760927,-8.804219611451831
RNU6-105P,Pseudogene,RNU6,1.2023405562828977,-0.0989999994635582,0,0,4.5459362509226935,6.511814228727613
RNU6-1060P,Pseudogene,RNU6,1.136168126913226,0.486000001430511,0,0.04,0.23034825348616972,9.757197014524731
RNU6-1061P,Pseudogene,RNU6,1.4034053631135952,0.152999997138977,0,0,1.6857376339411867,6.371143452360426
RNU6-1062P,Pseudogene,RNU6,0.9738583944970508,0.305999994277954,5.93,0,3.057072544333948,9.989662758543286
RNU6-1064P,Pseudogene,RNU6,1.636519090496166,0.30799999833107,0,0,5.081669712302698,-4.9117711861588615
RNU6-1065P,Pseudogene,RNU6,1.0158139291027417,0.26800000667572,0.61,0,6.021681213614954,-1.271442540452685
RNU6-1066P,Pseudogene,RNU6,1.2570502323888917,0.30799999833107,0,0,5.981986427543177,-4.417347796724047
RNU6-1067P,Pseudogene,RNU6,1.136168126913226,0.214000001549721,0,0,5.367291832206263,-1.5265371878602167
RNU6-1068P,Pseudogene,RNU6,1.0116781379726645,-0.216000005602837,0,0,4.850607776877894,7.990201107694898
RNU6-1069P,Pseudogene,RNU6,1.305800102897048,0.206000000238419,0,0,-12.102779483559118,-0.7056374628998896
RNU6-106P,Pseudogene,RNU6,1.006320340980286,0.349000006914139,0,0,-11.876364803078161,-0.11168182687541445
RNU6-1071P,Pseudogene,RNU6,0.0687807578951712,0.252999991178513,0,0.26,5.350894356009974,10.940185181333813
RNU6-1072P,Pseudogene,RNU6,1.3958636987791062,0.136999994516373,0,0,4.749494457480921,-1.6287778695084711
RNU6-1073P,Pseudogene,RNU6,1.3107276504551504,0.0284999995492399,0,0,3.5298003199076784,6.1667600790999275
RNU6-1074P,Pseudogene,RNU6,0.834958719640901,0.282000005245209,0,0,2.8958894255137575,11.147175423338208
RNU6-1075P,Pseudogene,RNU6,1.6880212171282214,0.214000001549721,0,0,1.289375508067621,4.9303661505720955
RNU6-1076P,Pseudogene,RNU6,0,0.254999995231628,0.07,0.26,5.356177234885706,10.995258919431958
RNU6-1077P,Pseudogene,RNU6,2.00913988381042,0.277999997138977,0,0.61,1.7623588087535036,3.9591954867384773
RNU6-1078P,Pseudogene,RNU6,0.6744520919817764,0.574000000953674,0,0.43,3.8924480917430055,10.94295941992024
RNU6-1079P,Pseudogene,RNU6,1.168334964792068,-0.0470000002533197,1.39,0,3.6923769953227175,7.438630692198072
RNU6-107P,Pseudogene,RNU6,0.8513304592417029,-0.12049999833107,13.92,0,5.120176697013392,8.98171674413899
RNU6-1080P,Pseudogene,RNU6,1.330939805812636,-0.244000002741814,0,0,4.002825403449549,5.541367642118726
RNU6-1081P,Pseudogene,RNU6,1.0712442339467558,-0.0439999997615814,0,0,4.304954672095789,7.707961670591627
RNU6-1082P,Pseudogene,RNU6,1.5257114847120463,0.30799999833107,0.26,0,-0.0816595313572751,6.169758431150709
RNU6-1083P,Pseudogene,RNU6,1.3958636987791062,0.061999998986721,0.87,0,-12.033852672340856,-0.5102274497010371
RNU6-1084P,Pseudogene,RNU6,1.330939805812636,-0.0419999994337559,0.36,0,7.152698898551478,-3.3766881306626457
RNU6-1085P,Pseudogene,RNU6,1.6230973241617517,0.184000000357628,0,0,-12.35738573050736,-0.6496694167115351
RNU6-1086P,Pseudogene,RNU6,1.076762764848906,0.218999996781349,0,0,1.3456126692271364,9.221533409788403
RNU6-1087P,Pseudogene,RNU6,0.928540231584812,0.305000007152557,0,0,3.3055898191905153,10.122825257017407
RNU6-1088P,Pseudogene,RNU6,1.1021455099259891,0.0769999995827675,7.62,0,-12.068013286354528,-2.115258343980517
RNU6-1089P,Pseudogene,RNU6,0.6011702781414487,0.284000009298325,0.58,0,4.588236236808314,10.974696747495923
RNU6-108P,Pseudogene,RNU6,0.9089345015305808,0.30799999833107,0,0,2.8186749460673464,10.699416748716626
RNU6-1090P,Pseudogene,RNU6,0.9607354799612752,0.266999989748001,0,0,2.979502105948938,10.048737160398755
RNU6-1091P,Pseudogene,RNU6,1.266015912846166,0.319999992847443,0.61,0,-11.821306323769079,-1.0021258671738764
RNU6-1092P,Pseudogene,RNU6,1.1178849616525537,0.26800000667572,0,0,-12.480672931435095,-1.748201974199023
RNU6-1093P,Pseudogene,RNU6,0.9089345015305808,0.239999994635582,0,0,-10.545702075722204,-2.194308169648852
RNU6-1094P,Pseudogene,RNU6,1.3693323002110775,-0.0515000000596046,0,0,3.2052668573832643,6.162392727567945
RNU6-1095P,Pseudogene,RNU6,0.9970025600452832,0.27700001001358,1.26,0,-11.68570718741654,-0.3011202891327997
RNU6-1096P,Pseudogene,RNU6,0.5448514939146899,-0.193000003695488,0.25,0,5.278237724540247,9.89487420721272
RNU6-1097P,Pseudogene,RNU6,1.2335539663629311,0.202999994158745,0,0,0.542108358678831,7.92123614950398
RNU6-1098P,Pseudogene,RNU6,1.1939909690864885,0.305000007152557,3,0,0.7993771525597705,8.38145410223225
RNU6-1099P,Pseudogene,RNU6,0.9738583944970508,0.214000001549721,9.26,0,1.135282421348108,10.544893852903638
RNU6-109P,Pseudogene,RNU6,0,0.221000000834465,0,0.26,5.354116344687952,10.952506653501782
RNU6-10P,Pseudogene,RNU6,1.4607875917455764,0.136999994516373,1.19,0,-12.187969302895056,-0.6394368489243647
RNU6-1100P,Pseudogene,RNU6,0.801560370855265,0.234999999403954,0.07,0,3.312711382148279,11.023399941160474
RNU6-1101P,Pseudogene,RNU6,1.5437458994249549,0.146999999880791,0.41,0,-12.003427600624548,-1.1905546267487666
RNU6-1102P,Pseudogene,RNU6,0.6150862568021305,0.116500001400709,0,0,4.943038845298304,10.016107193662915
RNU6-1103P,Pseudogene,RNU6,1.266015912846166,0.214000001549721,0,0,0.6592001038169993,7.777196518614088
RNU6-1104P,Pseudogene,RNU6,1.5697223929248938,0.214000001549721,0,0,4.480579757926478,-1.8346155961014887
RNU6-1105P,Pseudogene,RNU6,1.3958636987791062,0.186000004410744,0,0,4.804587269065394,-2.390128739640917
RNU6-1106P,Pseudogene,RNU6,1.298477859329401,0.214000001549721,0,0,-11.77121744132279,-0.9203865607239863
RNU6-1107P,Pseudogene,RNU6,1.2023405562828977,-0.100499998778105,0,0,4.317345285651697,6.669067017271314
RNU6-1108P,Pseudogene,RNU6,1.135543858711625,-0.285500004887581,0,0,4.024599218604578,7.257367722227369
RNU6-1109P,Pseudogene,RNU6,1.0712442339467558,0.197999998927116,0,0.01,1.3675648214793337,-10.383388884828296
RNU6-110P,Pseudogene,RNU6,0.9017554172121732,0.214000001549721,0.12,0,1.1751834394908083,10.59104882879475
RNU6-1110P,Pseudogene,RNU6,1.3068344000082537,0.0750000029802322,0,0,-0.5711853263401853,-10.777265914247241
RNU6-1111P,Pseudogene,RNU6,1.201092019879696,-0.180000007152557,0,0,4.4367937090373175,6.514121166899
RNU6-1112P,Pseudogene,RNU6,1.473575631269275,-0.0719999969005585,0,0,3.060728216407312,5.446847550108228
RNU6-1113P,Pseudogene,RNU6,1.136168126913226,0.30799999833107,0,0,5.1192912104106085,-1.1824148972489497
RNU6-1114P,Pseudogene,RNU6,1.3634017522958712,0.0240000002086162,0,0.01,-11.82030305838822,-0.4608030994393488
RNU6-1115P,Pseudogene,RNU6,1.1141185028868776,-0.193500004708767,0,0,5.265784168479456,6.875575653745924
RNU6-1116P,Pseudogene,RNU6,0.912213486023837,0.294999986886978,0,0,3.1209753992533815,10.164236656858716
RNU6-1117P,Pseudogene,RNU6,1.4361289977823497,0.0435000006109476,0,0,0.22028296613456144,6.109140030576978
RNU6-1118P,Pseudogene,RNU6,1.3359339514254416,0.262500002980232,1.45,0,1.130657279727472,6.920778385832105
RNU6-1119P,Pseudogene,RNU6,1.318616289092149,0.0485000004991889,0,0,2.5640287640071047,6.290412060453687
RNU6-111P,Pseudogene,RNU6,0.7939264625614052,-0.0099999997764825,0,0,5.195539379355921,9.165725342466626
RNU6-1120P,Pseudogene,RNU6,1.318616289092149,-0.136999994516373,0,0,3.901435756919397,5.5207334677718025
RNU6-1121P,Pseudogene,RNU6,0.9878557475678036,0.261999994516373,0.88,0,-10.993112659218298,-1.6843468029954096
RNU6-1122P,Pseudogene,RNU6,0.9738583944970508,0.152999997138977,0,0,-11.77834520316361,-0.2593582351662775
RNU6-1123P,Pseudogene,RNU6,1.2451912679323929,0.301999986171722,0,0,-0.37976065850494967,8.082159630491528
RNU6-1124P,Pseudogene,RNU6,1.168630073396461,0.30799999833107,0,0,0.02742042565108671,9.198552719785962
RNU6-1125P,Pseudogene,RNU6,1.2335539663629311,0.243000000715256,0,0,1.16388484263183,7.731351963712965
RNU6-1126P,Pseudogene,RNU6,1.168630073396461,0.287999987602234,0,0,5.351294422385706,-2.360188372895922
RNU6-1127P,Pseudogene,RNU6,1.006320340980286,-0.133000001311302,0,0,4.066501283881678,8.276605717375073
RNU6-1128P,Pseudogene,RNU6,1.1790536341938302,-0.0900000035762787,0,0,4.9411248209452765,6.621487728788648
RNU6-1129P,Pseudogene,RNU6,1.3693323002110775,-0.206500001251698,0,0,3.8055972101664675,5.44962560339192
RNU6-112P,Pseudogene,RNU6,1.1689422074972615,-0.17399999499321,8.06,0,5.006448650596155,6.682514301969801
RNU6-1130P,Pseudogene,RNU6,1.103706180429991,0.153999999165535,0.72,0,1.0391385796046388,9.484843842222485
RNU6-1131P,Pseudogene,RNU6,1.266015912846166,0.446000009775162,0.16,0,5.002126121757044,-1.5955239613511225
RNU6-1132P,Pseudogene,RNU6,1.0712442339467558,-0.310999989509583,0,0.01,0.29607888483764067,-12.884002097413745
RNU6-1133P,Pseudogene,RNU6,1.146231330323029,0.294999986886978,0,0,-11.771687602760778,-0.26874292688151796
RNU6-1134P,Pseudogene,RNU6,0.9629306105323976,0.214000001549721,0,0,2.654161119697107,10.23383962316731
RNU6-1135P,Pseudogene,RNU6,1.3489041839635527,0.214000001549721,0.25,0,1.8269181492304933,6.945287815763746
RNU6-1136P,Pseudogene,RNU6,0.868357068426537,-0.116500001400709,1.11,0,5.156373882529749,8.820829979612622
RNU6-1137P,Pseudogene,RNU6,1.0876391564130363,-0.130999997258186,0,0,7.40945186638595,-2.7779511292435783
RNU6-1138P,Pseudogene,RNU6,0.9830457378413626,-0.11599999666214,0.37,0,-11.223227596046911,-2.42317188577434
RNU6-113P,Pseudogene,RNU6,0.9629306105323976,0.307000011205673,0,0,6.631765270469202,-1.3421757300355097
RNU6-1140P,Pseudogene,RNU6,0.7536683990117115,-0.341000005602837,0,0,5.324574852225794,9.258246056272778
RNU6-1141P,Pseudogene,RNU6,1.4607875917455764,0.163000002503395,0,0,0.6826729866242541,6.039373509123121
RNU6-1143P,Pseudogene,RNU6,1.3693323002110775,0.211999997496605,0,0,-0.43195257163284884,-9.852106459901538
RNU6-1144P,Pseudogene,RNU6,0.9685521147834452,0.30799999833107,0,0,6.044747734305872,-1.1667207558610102
RNU6-1145P,Pseudogene,RNU6,1.330939805812636,0.284000009298325,0.21,0,4.827820682761683,-1.1943501313187739
RNU6-1146P,Pseudogene,RNU6,1.0897029878293798,0.184000000357628,0,0,1.372114503619684,9.141357056333813
RNU6-1147P,Pseudogene,RNU6,0.8764725550473457,-0.17399999499321,0.24,0,7.979929352042689,-2.6296645482041496
RNU6-1148P,Pseudogene,RNU6,1.001950463569081,0.211999997496605,0,0,2.023368859527124,10.225631348326
RNU6-1149P,Pseudogene,RNU6,1.0384476282214257,0.211999997496605,0,0,6.502359771964564,-2.0406307061173576
RNU6-114P,Pseudogene,RNU6,0.7939264625614052,0.30799999833107,0,0,2.8866991045451296,11.221679321958813
RNU6-1150P,Pseudogene,RNU6,1.0525540223351963,0.194000005722046,0,0,1.433079624412073,-10.361945517823901
RNU6-1151P,Pseudogene,RNU6,1.9152548425108664,0.206000000238419,0,0.45,-12.51479539847611,-0.9039980252244135
RNU6-1152P,Pseudogene,RNU6,1.201092019879696,-0.129999995231628,0,0,3.6131609919047487,7.373447529508863
RNU6-1153P,Pseudogene,RNU6,1.819414810036554,-0.171000003814697,0.29,0.01,2.025808239219202,4.74015819235066
RNU6-1154P,Pseudogene,RNU6,1.3693323002110775,0.30799999833107,0.18,0,4.775696659324183,-2.3581487019517082
RNU6-1155P,Pseudogene,RNU6,1.201092019879696,0.228000000119209,0,0,-12.513273334267126,-1.3292573769547602
RNU6-1156P,Pseudogene,RNU6,1.076762764848906,0.30799999833107,0.58,0,1.8682283403849733,8.962363831236157
RNU6-1157P,Pseudogene,RNU6,1.2124230766710138,0.0399999991059303,3.68,0,6.7597645761943,-2.97077930764934
RNU6-1158P,Pseudogene,RNU6,1.168630073396461,0.30799999833107,0,0,5.061591053245081,-1.2168468316056391
RNU6-1159P,Pseudogene,RNU6,1.3634017522958712,0.211999997496605,0.09,0,1.1180729510760439,6.938282124235426
RNU6-115P,Pseudogene,RNU6,1.4607875917455764,0.239999994635582,0.67,0,0.7408501299595965,6.015937916471754
RNU6-1160P,Pseudogene,RNU6,1.0687471611403534,0.114500001072884,0.29,0,6.6642998697734015,-2.657044537828173
RNU6-1161P,Pseudogene,RNU6,1.123756206199048,-0.0054999999701976,0,0.01,5.35026111626388,6.827417008116041
RNU6-1162P,Pseudogene,RNU6,1.3693323002110775,0.146999999880791,0.32,0,-12.553363895180212,-1.077343829438891
RNU6-1163P,Pseudogene,RNU6,1.4283256452623412,0.202999994158745,0.67,0,0.8325031789517535,6.366823307707105
RNU6-1164P,Pseudogene,RNU6,1.136168126913226,0.223000004887581,0,0,5.491198444602503,-1.7627972443558833
RNU6-1165P,Pseudogene,RNU6,1.168630073396461,-0.0359999984502792,0.17,0,5.164332294700159,6.590757958128248
RNU6-1167P,Pseudogene,RNU6,1.108540938416856,0.305000007152557,0,0,0.727536933360113,9.390217415525708
RNU6-1168P,Pseudogene,RNU6,0.868357068426537,-0.13400000333786,0,0,4.843882465598597,8.759723297788891
RNU6-1169P,Pseudogene,RNU6,1.281458974765375,0.26800000667572,0.19,0,-12.084840869667516,-1.034430034921374
RNU6-116P,Pseudogene,RNU6,1.46585046413287,0.305000007152557,0,0,-0.11428824639557467,6.359129540159498
RNU6-1170P,Pseudogene,RNU6,1.4090322242392863,0.197999998927116,0.22,0,1.051009470460428,6.691334358885084
RNU6-1171P,Pseudogene,RNU6,0,0.273999989032745,0,0.26,5.3600629808879034,10.961666695310864
RNU6-1172P,Pseudogene,RNU6,0.8115486620808757,0.305000007152557,0,0,3.5130363943553102,10.873594872190747
RNU6-1174P,Pseudogene,RNU6,0.6878075789517125,-0.0080000003799796,0,0,5.00197067284347,9.838838211729321
RNU6-1175P,Pseudogene,RNU6,1.330939805812636,-0.0659999996423721,0,0,3.241553449866785,7.208992592527662
RNU6-1176P,Pseudogene,RNU6,1.298477859329401,0.30799999833107,0,0,5.442064666984095,-3.951267131135668
RNU6-1177P,Pseudogene,RNU6,0.9351537659978092,-0.149000003933907,0,0,5.222724342582239,8.484614960386548
RNU6-1178P,Pseudogene,RNU6,1.5906353776785165,0.24600000679493,0,0,-11.927723979713903,-1.286863215730395
RNU6-1179P,Pseudogene,RNU6,1.006320340980286,0.130999997258186,0,0,1.0382643284773958,10.033963791563306
RNU6-117P,Pseudogene,RNU6,1.4283256452623412,-0.174999997019768,0,0,3.3003558161234987,5.306171051695142
RNU6-1180P,Pseudogene,RNU6,0.8440106085641107,0.305000007152557,0,0,2.800555610892786,11.178333870603833
RNU6-1181P,Pseudogene,RNU6,0.6553638252275752,0.30799999833107,0.28,0,4.52704277062179,10.969339958860669
RNU6-1183P,Pseudogene,RNU6,1.157809424568716,0.118000000715256,0,0,5.326083088157191,-1.560892470643725
RNU6-1184P,Pseudogene,RNU6,1.318616289092149,0.155000001192093,0,0,1.1125076653933657,7.027588478758131
RNU6-1186P,Pseudogene,RNU6,1.4681500950716708,0.30799999833107,0,0,1.388705694911493,6.1834484259627205
RNU6-1187P,Pseudogene,RNU6,1.4841011714926269,0.214000001549721,0,0,4.716749572989954,-1.0777621348359248
RNU6-1188P,Pseudogene,RNU6,1.2335539663629311,0.347000002861023,0,0,-0.11192980981110201,8.288628212644849
RNU6-1189P,Pseudogene,RNU6,0.9738583944970508,0.30799999833107,19.6,0.06,0.9515866579985751,10.378216377928052
RNU6-118P,Pseudogene,RNU6,1.157809424568716,0.202999994158745,7.85,0,2.3236174824214113,8.244221321775708
RNU6-1190P,Pseudogene,RNU6,1.2357389050685337,0.0799999982118607,0,0,5.876431370017542,-3.597560771272387
RNU6-1191P,Pseudogene,RNU6,1.7529451100946911,0.284000009298325,0,0,5.439886951682581,-4.737776644990649
RNU6-1192P,Pseudogene,RNU6,1.0712442339467558,0.145999997854233,0,0,6.691048050162806,-3.4157217820145744
RNU6-1193P,Pseudogene,RNU6,0.4544672507652904,0.430999994277954,0,0,4.609484100577845,10.89107381506184
RNU6-1194P,Pseudogene,RNU6,1.2691372538541694,1.66500002145767,0,0.62,1.1187253239131105,-8.731815703675952
RNU6-1195P,Pseudogene,RNU6,1.135543858711625,0.211999997496605,0,0,5.166928673026575,-1.270752557084765
RNU6-1196P,Pseudogene,RNU6,0.7020759276640086,-0.167499996721745,0,0,-10.605272388222204,-2.821318038270678
RNU6-1197P,Pseudogene,RNU6,1.5906353776785165,0.319000005722046,0,0,5.428558254477991,-4.591433890626635
RNU6-1198P,Pseudogene,RNU6,1.5034241781713178,0.222000002861023,0,0,4.633389377830042,-1.5392431099869868
RNU6-1199P,Pseudogene,RNU6,1.1021455099259891,0.24099999666214,0,0,1.6840967180705202,8.955944649412427
RNU6-119P,Pseudogene,RNU6,1.266015912846166,0.0189999993890524,0,0,3.627411270377649,6.342889897062574
RNU6-11P,Pseudogene,RNU6,1.5581734311952813,0,0.03,0,-0.3824899551892148,6.87657176656941
RNU6-1200P,Pseudogene,RNU6,1.266015912846166,0.30799999833107,0,0,0.6334262917316092,7.890399567320142
RNU6-1201P,Pseudogene,RNU6,1.266015912846166,0.296999990940094,0,0,-12.251544093849645,-1.7793191750504633
RNU6-1203P,Pseudogene,RNU6,1.4841011714926269,0.30799999833107,0.25,0,1.3837691190219057,6.118758789732252
RNU6-1204P,Pseudogene,RNU6,1.2335539663629311,-0.138999998569489,0,0,4.067203426597132,6.728035561277662
RNU6-1205P,Pseudogene,RNU6,1.2451912679323929,0.214000001549721,0,0,-11.8226910588765,-0.9418809493043085
RNU6-1206P,Pseudogene,RNU6,0.5058390689863322,0.277999997138977,0.32,0,2.9199210646128786,-13.223049529359546
RNU6-1207P,Pseudogene,RNU6,1.0387822874635209,0.249999992549419,0,0,2.45139887356521,8.728671662046704
RNU6-1208P,Pseudogene,RNU6,1.0387822874635209,0.0080000003799796,0,0,5.622193241355433,7.423334709837232
RNU6-1209P,Pseudogene,RNU6,1.006320340980286,0.30799999833107,0.56,0,1.6291603090739382,10.163403145506177
RNU6-120P,Pseudogene,RNU6,1.0454007425717533,-0.224000006914139,0,0,7.411083603141321,-2.751465447709765
RNU6-1210P,Pseudogene,RNU6,0.9413964480138156,-0.0949999988079071,0,0,5.623885059592737,7.698362938596998
RNU6-1211P,Pseudogene,RNU6,0.7277659240146215,-0.218999996781349,0,0,5.199341678855433,9.71340619726399
RNU6-1212P,Pseudogene,RNU6,1.2357389050685337,-0.0474999994039536,0,0,-0.4967337605976926,-11.517192252443042
RNU6-1213P,Pseudogene,RNU6,1.736714136853074,0.180000007152557,0,0,-12.502599811317907,-0.6249821265198847
RNU6-1214P,Pseudogene,RNU6,0.732925232066435,0.347000002861023,0,0,3.834733391044153,10.890743843748364
RNU6-1215P,Pseudogene,RNU6,1.2940222980473886,-0.189499996602535,0,0,4.014243030784144,5.573623291685377
RNU6-1216P,Pseudogene,RNU6,1.0712442339467558,0.0869999974966049,0,0,0.9382198395705356,9.793826691343579
RNU6-1217P,Pseudogene,RNU6,1.2023405562828977,0.254999995231628,1.45,0.01,0.746826076743616,8.308449379637036
RNU6-1218P,Pseudogene,RNU6,2.315618849137432,-0.421000003814697,0,0.42,1.840671324965967,4.531562916471754
RNU6-1219P,Pseudogene,RNU6,0.7753188110951224,-0.307500004768372,0.62,0,7.826305771110071,-2.446388610170092
RNU6-121P,Pseudogene,RNU6,0.4561067430119185,0.146999999880791,0,0,4.96527519249679,10.433637253477368
RNU6-1220P,Pseudogene,RNU6,1.157809424568716,0.140500001609325,0,0,0.5091758909201755,-10.857663520143237
RNU6-1222P,Pseudogene,RNU6,1.330939805812636,-0.187000006437302,0,0,3.8834051134562624,5.537143818571363
RNU6-1223P,Pseudogene,RNU6,1.669917439281802,0.266999989748001,2.77,0,-12.43002805686234,-0.6633545239426752
RNU6-1224P,Pseudogene,RNU6,0.877128351945997,0.30799999833107,0,0,7.652771854636683,-1.50144291715404
RNU6-1225P,Pseudogene,RNU6,1.0687471611403534,0.282999992370605,0.51,0,1.758591795203699,9.251455895139966
RNU6-1226P,Pseudogene,RNU6,0.9738583944970508,0.44200000166893,0.53,0,2.925506496665491,10.225170723631177
RNU6-1227P,Pseudogene,RNU6,0.7466247691144057,0.44200000166893,0.08,0,3.6926261427378786,10.980215660764966
RNU6-1228P,Pseudogene,RNU6,0.9413964480138156,-0.0270000007003546,0,0,4.250085497138514,8.483468643858227
RNU6-1229P,Pseudogene,RNU6,1.3634017522958712,0.28600001335144,0,0,4.966227436301722,-2.5809415657975334
RNU6-122P,Pseudogene,RNU6,1.201092019879696,0.104000002145767,3.45,0,2.5213772299265993,6.870171181394849
RNU6-1230P,Pseudogene,RNU6,1.5437458994249549,-0.163499996066093,0,0,2.4841242077326906,5.045222870542799
RNU6-1231P,Pseudogene,RNU6,1.112845951769931,-0.0729999989271164,0.7,0,7.357247257468714,-2.6196376164414543
RNU6-1232P,Pseudogene,RNU6,1.211661025711447,0.0474999994039536,0,0,3.685682678458704,6.484629742338453
RNU6-1233P,Pseudogene,RNU6,1.6005012633744016,-0.156000003218651,0,0,2.303598547217859,5.016163460447584
RNU6-1234P,Pseudogene,RNU6,1.315181579364464,-0.112999998033047,0,0,4.265088701484217,5.729643456175123
RNU6-1235P,Pseudogene,RNU6,0.3246194648323502,0.291999995708466,0,0.06,4.810741329429163,10.92818891210774
RNU6-1236P,Pseudogene,RNU6,0.912213486023837,0.194000005722046,0,0,3.20939984345199,10.05395280523518
RNU6-1237P,Pseudogene,RNU6,1.136168126913226,-0.0979999974370003,0,0,4.39412679695846,7.514603726103101
RNU6-1238P,Pseudogene,RNU6,1.770767355222742,-0.23200000077486,0.71,0,-12.405079936745153,-0.9298856337525507
RNU6-1239P,Pseudogene,RNU6,0.097385839449705,-0.23199999332428,0,0.26,5.413082504508509,10.488911263181958
RNU6-123P,Pseudogene,RNU6,0.9534901143507074,0.0104999998002313,0.23,0,7.4328779222941534,-2.45721090631267
RNU6-1240P,Pseudogene,RNU6,0.7013653244983569,-0.192999996244907,0,0,5.285950565574183,9.37387525243977
RNU6-1241P,Pseudogene,RNU6,0.8440106085641107,0.303000003099442,0,0,3.375894451377405,10.66905175848225
RNU6-1242P,Pseudogene,RNU6,1.4837946023599078,0.196999996900558,0.09,0,-11.605508899452673,-0.4951103408791681
RNU6-1243P,Pseudogene,RNU6,0.9738583944970508,0.0610000006854534,0.36,0,4.311970615623011,8.619360558225903
RNU6-1244P,Pseudogene,RNU6,1.1256480516640297,0.282999992370605,0,0,1.6596946957087648,8.848078362180981
RNU6-1245P,Pseudogene,RNU6,0.688132016488954,-0.0240000002086163,4.39,0,-10.358236407997595,-2.3513625939347405
RNU6-1246P,Pseudogene,RNU6,1.5257114847120463,0.214000001549721,0,0,0.9392523708319797,5.556900612547193
RNU6-1247P,Pseudogene,RNU6,1.311396389052321,0.118499998003244,0,0,6.00589551949264,-3.3341389973618645
RNU6-1248P,Pseudogene,RNU6,0.9769017019798542,0.275000005960464,0.99,0,1.7496720793223512,10.270761124326977
RNU6-1249P,Pseudogene,RNU6,1.3142701576185425,0.152999997138977,0,0,0.2525288107371463,7.6998926322005135
RNU6-1250P,Pseudogene,RNU6,1.4283256452623412,0.0719999969005585,0,0,2.5123096945262087,6.003612152769361
RNU6-1251P,Pseudogene,RNU6,1.4607875917455764,0.282000005245209,2,0,5.271675562991129e-4,6.417391888334547
RNU6-1252P,Pseudogene,RNU6,1.5697223929248938,0.246999993920326,0,0,-0.00560501790283785,6.068987957670484
RNU6-1254P,Pseudogene,RNU6,1.0687471611403534,0.189999997615814,0.25,0,1.4438272955393923,9.159012428953442
RNU6-1255P,Pseudogene,RNU6,1.5506376221902447,0.30799999833107,4.84,0,-11.629965877296911,-1.2846225579239985
RNU6-1256P,Pseudogene,RNU6,1.2477363701662862,0.118000000715256,2.11,0,1.8931739571070803,7.019590965940748
RNU6-1257P,Pseudogene,RNU6,1.0736051027819002,-0.0854999981820583,0.67,0,5.112648868796839,7.280917278959547
RNU6-1258P,Pseudogene,RNU6,1.126517277958751,-0.136999994516373,0,0,0.07420095228911772,-12.477922805116382
RNU6-125P,Pseudogene,RNU6,0.9413964480138156,0.214000001549721,0,0,2.324151540038599,10.259295098020825
RNU6-1260P,Pseudogene,RNU6,1.0387822874635209,-0.264999985694885,0.36,0,4.006426954505457,8.107751957609448
RNU6-1261P,Pseudogene,RNU6,1.1021455099259891,0.282000005245209,0,0,6.303352737662806,-4.190994628236498
RNU6-1262P,Pseudogene,RNU6,1.230172513604261,-0.284499987959862,0.56,0,3.960595274207605,6.995703808500562
RNU6-1263P,Pseudogene,RNU6,0.9830457378413626,0.30799999833107,0.28,0,1.7977361919856203,10.156331650450024
RNU6-1264P,Pseudogene,RNU6,1.7529451100946911,0.305000007152557,0,0,4.511044168708338,-1.417880185411181
RNU6-1265P,Pseudogene,RNU6,1.4837946023599078,-0.430999994277954,0,0,-1.98487243628739,-10.218737014100757
RNU6-1266P,Pseudogene,RNU6,0.9262475396549728,0.0719999969005585,0,0,-11.877261256935583,-0.1681820829369684
RNU6-1267P,Pseudogene,RNU6,1.266015912846166,-0.0920000001788139,0.42,0,4.106672668693079,6.441976181700025
RNU6-1268P,Pseudogene,RNU6,0.1623097324161751,-0.203999996185303,0,0.26,5.420733833549036,10.499083153440747
RNU6-1269P,Pseudogene,RNU6,0.4220053042820553,0.428000003099442,0,0,4.622170353171839,10.951359383299145
RNU6-126P,Pseudogene,RNU6,1.4837946023599078,0.206000000238419,1.41,0,-0.855128383400427,-9.487763770387378
RNU6-1270P,Pseudogene,RNU6,1.4794231536155815,0.203999996185303,0,0,0.7791292312121524,5.9024683157942635
RNU6-1271P,Pseudogene,RNU6,1.3232107709356753,0.296999990940094,0,0,2.030586982009424,7.145412079527174
RNU6-1272P,Pseudogene,RNU6,1.168630073396461,-0.218999996781349,5.87,0,5.057180309531702,6.682716957762037
RNU6-1273P,Pseudogene,RNU6,1.2691372538541694,-0.149499997496605,0,0,-11.443999385597692,-2.569585688874926
RNU6-1274P,Pseudogene,RNU6,1.136168126913226,0.301999986171722,0,0,-11.72031125998734,-0.9783765156724116
RNU6-1275P,Pseudogene,RNU6,0.9413964480138156,-0.046000000089407,5.97,0,4.976559067008509,8.610217682554516
RNU6-1276P,Pseudogene,RNU6,1.135543858711625,0.30799999833107,0,0,2.0347768309092653,8.582467667295727
RNU6-1277P,Pseudogene,RNU6,1.2335539663629311,0.0270000007003546,0,0,4.912751579520716,6.397880665495191
RNU6-1278P,Pseudogene,RNU6,0.8764725550473457,-0.136000007390976,0,0,5.144636535880579,8.764335266783032
RNU6-1279P,Pseudogene,RNU6,1.4837946023599078,0.0549999997019768,0,0,2.6850620748973024,5.755755535795484
RNU6-127P,Pseudogene,RNU6,1.0387822874635209,-0.197999998927116,0,0,4.161558532950892,7.954147927000318
RNU6-1280P,Pseudogene,RNU6,1.3634017522958712,-0.163000002503395,0.73,0,3.814800644156946,5.46012365026692
RNU6-1281P,Pseudogene,RNU6,0.9593278089283648,0.137999996542931,0,0,2.854760074851526,10.13927232427815
RNU6-1282P,Pseudogene,RNU6,1.4834433252286674,-0.238499999046326,0,0,3.0917467119670046,5.146992794706617
RNU6-1283P,Pseudogene,RNU6,0.5292843083742702,-0.211999997496605,0,0,7.680565262076868,-2.4273299057938713
RNU6-1284P,Pseudogene,RNU6,0.868357068426537,0.105999998748302,0.29,0,4.525176429984583,9.121134392454419
RNU6-1285P,Pseudogene,RNU6,1.2570502323888917,-0.0309999994933605,0.52,0,4.208074236152186,6.198999039366041
RNU6-1286P,Pseudogene,RNU6,1.136168126913226,0.30799999833107,0,0,6.189951801536097,-4.315461524293627
RNU6-1287P,Pseudogene,RNU6,1.330939805812636,0.214000001549721,0,0,-0.1421161053204404,7.422917000486646
RNU6-1288P,Pseudogene,RNU6,1.60312074171053,-0.150000005960464,0,0,2.871831321952356,5.209107033445631
RNU6-1289P,Pseudogene,RNU6,0.8192047815344689,0.365000009536743,0,0,3.3037330152964723,10.987809769346509
RNU6-128P,Pseudogene,RNU6,0.6492389296647005,0.30799999833107,0,0,4.491047525641932,10.985685936643872
RNU6-1290P,Pseudogene,RNU6,0.6054599743157506,-0.177000001072884,0,0,5.258570575950159,9.707022301389966
RNU6-1291P,Pseudogene,RNU6,1.3693323002110775,-0.0209999997168779,0,0,2.731485271689905,5.945026985838209
RNU6-1292P,Pseudogene,RNU6,1.4607875917455764,-0.212999999523163,0,0,3.0771538259959352,6.422674290373121
RNU6-1293P,Pseudogene,RNU6,1.8178690030611613,-0.310999989509583,0,0.01,-1.8859220502400267,-9.724297889039722
RNU6-1294P,Pseudogene,RNU6,1.114927594029134,0.294999986886978,0,0,5.881795311210169,-2.263466008470263
RNU6-1296P,Pseudogene,RNU6,1.0712442339467558,-0.127000004053116,0,0,5.1735233309245245,7.22363101644734
RNU6-1297P,Pseudogene,RNU6,0.801560370855265,0.239999994635582,0,0,6.7810601236796515,-0.9855743725754877
RNU6-1298P,Pseudogene,RNU6,0.9629306105323976,-0.224999994039536,0,0,-11.051103687050329,-2.0596691449143547
RNU6-1299P,Pseudogene,RNU6,1.2504341785342132,0.30799999833107,0,0,1.530455076930536,7.706446282102857
RNU6-129P,Pseudogene,RNU6,1.136168126913226,-0.0799999982118607,0,0,4.977421665427698,6.952472798063551
RNU6-12P,Pseudogene,RNU6,1.5581734311952813,0.555999994277954,0,0.4,-0.10094288563965426,6.229078404142652
RNU6-1300P,Pseudogene,RNU6,1.0291639329499698,0.30799999833107,0,0,6.300329590079798,-1.682568438813891
RNU6-1301P,Pseudogene,RNU6,1.1689422074972615,0.220000006258488,0,0,5.426765346763148,-2.3441325505234856
RNU6-1303P,Pseudogene,RNU6,1.6230973241617517,-0.0820000022649765,0,0,2.16431608223678,4.936918369962965
RNU6-1304P,Pseudogene,RNU6,0.8847411640572264,0.29899999499321,0,0,-11.888234233620153,-0.12041062907954653
RNU6-1305P,Pseudogene,RNU6,1.2023405562828977,-0.078999999910593,0.09,0,5.090234184501185,6.4303146521590095
RNU6-1306P,Pseudogene,RNU6,1.6139161675806344,-0.0109999999403954,2.56,0,-12.284968471291052,-0.5997173865296503
RNU6-1307P,Pseudogene,RNU6,1.079123347170842,0.256999999284744,0,0,1.6885197403407228,9.109101883604321
RNU6-1308P,Pseudogene,RNU6,0.7081746965808651,0.214000001549721,0,0,7.5031036379313605,-1.231985696122851
RNU6-1309P,Pseudogene,RNU6,0.643227458093731,-0.168000005185604,0,0,5.2653411867594855,9.606803528501782
RNU6-130P,Pseudogene,RNU6,1.2140137655671974,0.305000007152557,3.52,0,0.6940067278719081,8.276279560758862
RNU6-1310P,Pseudogene,RNU6,1.266015912846166,0.239999994635582,0,0,0.2704551758742465,7.920416466429029
RNU6-1311P,Pseudogene,RNU6,0.8115486620808757,0.30799999833107,5.22,0,6.564924621818079,-1.0073829968430659
RNU6-1312P,Pseudogene,RNU6,0.643227458093731,0.0945000015199184,0.26,0,4.89476099037887,9.989546410276684
RNU6-1313P,Pseudogene,RNU6,1.0897029878293798,-0.0329999998211861,0,0,4.441168689963831,7.5524436156294685
RNU6-1314P,Pseudogene,RNU6,0.2003900927138162,0.293999999761581,0,0.23,5.258028888938441,10.909296623899731
RNU6-1315P,Pseudogene,RNU6,1.508660765347115,0.310999989509583,0.27,0,-12.111282443764196,-0.8354488690354487
RNU6-1316P,Pseudogene,RNU6,1.0291639329499698,0.301999986171722,0,0,6.304247284171595,-1.7571214516617915
RNU6-1317P,Pseudogene,RNU6,1.4361289977823497,-0.0850000008940697,0,0,3.1326376440501345,5.504484287931715
RNU6-1318P,Pseudogene,RNU6,0.7418973011799539,0.293999999761581,0,0,3.7295421602702272,11.0317894141219
RNU6-1319P,Pseudogene,RNU6,0.7013653244983569,0.261999994516373,0.04,0,3.9552372934794557,11.010079018308911
RNU6-131P,Pseudogene,RNU6,1.136168126913226,0.118000000715256,0,0,6.639892006156458,-2.7464391072251457
RNU6-1320P,Pseudogene,RNU6,1.0712442339467558,0.40599998831749,0,0,1.3572945239520204,9.863901726438794
RNU6-1321P,Pseudogene,RNU6,0.4544672507652904,0.23199999332428,0,0,4.747565651175989,10.704110733701977
RNU6-1322P,Pseudogene,RNU6,1.168630073396461,0.305000007152557,0,0,-11.256882762672888,-0.28799129323741396
RNU6-1323P,Pseudogene,RNU6,1.136168126913226,0.105999998748302,1.33,0,0.6225727851069106,9.446418396665845
RNU6-1324P,Pseudogene,RNU6,1.136168126913226,0.0320000015199184,0,0,6.964351558921351,-2.842861302659716
RNU6-1325P,Pseudogene,RNU6,1.6209331943962024,-0.185000002384186,0,0,-1.9260736463093626,-9.995614417360034
RNU6-1326P,Pseudogene,RNU6,1.006320340980286,-0.550000011920929,0,0,4.816127681968226,7.48092853231648
RNU6-1327P,Pseudogene,RNU6,1.5878529251228104,0.30799999833107,0,0,0.11645408892394438,6.02867662115315
RNU6-1328P,Pseudogene,RNU6,1.1468866941482565,0.28099998831749,0,0,-12.557474231483923,-1.7865647156693598
RNU6-1329P,Pseudogene,RNU6,1.298477859329401,-0.068000003695488,0.46,0,7.1798991205668585,-2.8254324276902336
RNU6-132P,Pseudogene,RNU6,1.103706180429991,0.239999994635582,0.67,0,-11.62608633017777,-0.9373421748139521
RNU6-1330P,Pseudogene,RNU6,1.1247291552953242,0.0419999994337559,0,0,4.664118671653284,7.402113072111402
RNU6-1331P,Pseudogene,RNU6,1.4090322242392863,0.239999994635582,0.37,0,4.699269676444544,-1.2915712674119135
RNU6-1332P,Pseudogene,RNU6,1.2691372538541694,-0.417000010609627,0,0,3.4980808737254274,7.092823616697584
RNU6-1333P,Pseudogene,RNU6,0.8216712045326372,0.30799999833107,0.88,0,3.5740975382304323,10.356316200926099
RNU6-1334P,Pseudogene,RNU6,0.0992408078201756,1.81200003623962,0,0.89,-5.181181049110876,-6.775486834809985
RNU6-1335P,Pseudogene,RNU6,1.0712442339467558,0.0769999995827675,0,0,-11.76710424399613,-1.5912069161393305
RNU6-1336P,Pseudogene,RNU6,1.0197220620054748,-0.0900000035762787,0,0,4.801488304374232,7.961469284727369
RNU6-1337P,Pseudogene,RNU6,1.060309683552403,0.252000004053116,0.76,0,1.5343829634165895,-10.186636336610523
RNU6-1338P,Pseudogene,RNU6,1.030577619671055,0.30799999833107,0.47,0,1.679387235877527,9.962129227354321
RNU6-1339P,Pseudogene,RNU6,1.5267816587719332,0.208000004291534,0,0,1.0372255685305727,5.520904175474439
RNU6-133P,Pseudogene,RNU6,1.266015912846166,0.301999986171722,0,0,1.6561193706965578,7.653471581175123
RNU6-1340P,Pseudogene,RNU6,0.8440106085641107,0.30799999833107,0.56,0,6.515867614982142,-1.0609115441300532
RNU6-135P,Pseudogene,RNU6,1.375615157903425,-0.116999998688698,0.29,0,3.2127024176097048,5.684520832731519
RNU6-136P,Pseudogene,RNU6,0.7466247691144057,0.284000009298325,0.28,0,-10.343232249977575,-2.167669184968676
RNU6-137P,Pseudogene,RNU6,1.157809424568716,-0.204999998211861,0,0,4.389616394279017,7.022138706877027
RNU6-138P,Pseudogene,RNU6,1.168630073396461,0.0130000002682209,0,0,5.329784298179163,6.729267231657301
RNU6-139P,Pseudogene,RNU6,0.9157219994316208,-0.13849999755621,0,0,5.267371559379114,8.533364884092602
RNU6-13P,Pseudogene,RNU6,1.3958636987791062,0.0610000006854534,0,0,-0.46997044062851534,7.058411709501539
RNU6-140P,Pseudogene,RNU6,1.2221321703780892,0.0549999997019768,3.82,0,4.841002846000208,-1.0220028241135737
RNU6-141P,Pseudogene,RNU6,0.860087001108189,0.30799999833107,0,0,2.9839185717082155,11.059293381407056
RNU6-142P,Pseudogene,RNU6,1.201092019879696,0.305000007152557,0,0,-0.2320746538662778,8.376262299253735
RNU6-143P,Pseudogene,RNU6,0.9337172778779969,0.30799999833107,0,0,-11.087137317421423,-1.0172444661118647
RNU6-144P,Pseudogene,RNU6,1.298477859329401,-0.0199999995529652,0,0,3.3555258753276003,6.298779598905836
RNU6-145P,Pseudogene,RNU6,1.0158139291027417,0.146999999880791,0,0,1.0026305856681001,10.00430738134602
RNU6-146P,Pseudogene,RNU6,1.2542935432827758,-0.191500000655651,11.35,0,4.017802143332972,6.652305714323316
RNU6-147P,Pseudogene,RNU6,1.201092019879696,0.168999999761581,0.36,0,5.310158634421839,-2.1956943352677483
RNU6-148P,Pseudogene,RNU6,1.145492303030751,0.446000009775162,0,0,0.557663386551155,9.606653801634106
RNU6-14P,Pseudogene,RNU6,1.507336798023423,-0.1875,0,0,3.009855175254358,6.396638504698072
RNU6-150P,Pseudogene,RNU6,1.1334344893146375,-0.212999999523163,0,0,5.175278091666712,6.7446800391219
RNU6-151P,Pseudogene,RNU6,0.7466247691144057,-0.261999994516373,1.33,0,5.294597530601038,9.275597206785474
RNU6-152P,Pseudogene,RNU6,1.006320340980286,0.305000007152557,0,0,6.1484073641276495,-1.302191265390124
RNU6-153P,Pseudogene,RNU6,1.1021455099259891,-0.157000005245209,0,0,5.3015092852091925,6.912937752439771
RNU6-154P,Pseudogene,RNU6,0.9830457378413626,0.30799999833107,0,0,0.8883723261332644,10.360934845640454
RNU6-155P,Pseudogene,RNU6,1.1114970475859671,-0.184499993920326,0,0,7.760439300773157,-3.4287198861100334
RNU6-156P,Pseudogene,RNU6,0.9089345015305808,-0.319000005722046,0,0,1.2178231718516481,-13.539877303407398
RNU6-157P,Pseudogene,RNU6,0.7141628226311706,0.437999993562698,0,0,3.840698385474695,10.92309343023518
RNU6-158P,Pseudogene,RNU6,0.7641542202153526,0.305000007152557,0,0,3.6392899992442262,11.016450516416821
RNU6-159P,Pseudogene,RNU6,1.1796548854096351,0.0065000001341104,0,0,5.308602714774622,6.637639633848463
RNU6-15P,Pseudogene,RNU6,1.6555592706449864,0,0,0,1.8500656130290163,4.834510914518629
RNU6-160P,Pseudogene,RNU6,1.0387822874635209,0.293000012636185,0,0,1.4600885751223696,10.05651628179768
RNU6-161P,Pseudogene,RNU6,1.2124230766710138,-0.148499999195337,0,0,4.175265693900599,6.676549545957838
RNU6-162P,Pseudogene,RNU6,0.5395616735854211,0.0230000000447035,0,0,4.97073116326095,10.006928078367505
RNU6-163P,Pseudogene,RNU6,1.081350311625499,-0.0499999988824129,0,0,4.730870628592982,7.536652199461256
RNU6-164P,Pseudogene,RNU6,1.4837946023599078,0.159999996423721,0,0,0.7080787586546077,5.900019280149732
RNU6-165P,Pseudogene,RNU6,1.0174688882573566,-0.157000005245209,0,0,0.5473545657968654,-12.972173102662769
RNU6-166P,Pseudogene,RNU6,1.298477859329401,0.30799999833107,0.26,0,-0.046293532612310506,7.538817040159498
RNU6-167P,Pseudogene,RNU6,1.1796548854096351,-0.155500002205372,0,0,4.4128679277873175,6.612926117613111
RNU6-168P,Pseudogene,RNU6,0.825369094742055,-0.136000007390976,0,0,5.2705902101969855,8.968348137571606
RNU6-169P,Pseudogene,RNU6,1.136168126913226,-0.241999998688698,0,0,-11.167230701210485,-2.424653180406298
RNU6-16P,Pseudogene,RNU6,1.4283256452623412,0.0549999997019768,0,0,-0.48154995417832003,6.968863598539625
RNU6-170P,Pseudogene,RNU6,1.5363240441392578,0.284000009298325,0,0,4.530098104712977,-1.5182643015839716
RNU6-171P,Pseudogene,RNU6,0.7790867155976406,-0.118000000715256,5.48,0,7.653894806144251,-2.3807236035325188
RNU6-172P,Pseudogene,RNU6,1.419250262374555,-0.112999998033047,0,0,2.7431823255992067,5.492146603300367
RNU6-173P,Pseudogene,RNU6,1.2023405562828977,-0.325499996542931,0,0,4.115720892188563,7.043083779051099
RNU6-174P,Pseudogene,RNU6,1.2124230766710138,-0.133500002324581,4.71,0,4.100904369590296,6.749543778135572
RNU6-175P,Pseudogene,RNU6,0.7141628226311706,0.305000007152557,0,0,3.8484467508769167,11.083377472593579
RNU6-176P,Pseudogene,RNU6,0.9593278089283648,0.266999989748001,0,0,2.7809528353190553,10.291699043943677
RNU6-177P,Pseudogene,RNU6,1.0687471611403534,0.279000014066696,0,0,1.883966231582178,8.950034729673657
RNU6-178P,Pseudogene,RNU6,0.9017554172121732,0.307000011205673,0.25,0,-10.840029811623083,-1.2267001946427485
RNU6-179P,Pseudogene,RNU6,0.6167769831814656,0.293000012636185,0,0,-10.3085947988057,-2.141269572541918
RNU6-17P,Pseudogene,RNU6,1.3958636987791062,0.0549999997019768,0,0,-0.447404241325842,7.012877575590406
RNU6-180P,Pseudogene,RNU6,0.7402388124291791,-0.214000001549721,0,0,5.292097950217737,9.278605095579419
RNU6-181P,Pseudogene,RNU6,1.0387822874635209,0.282999992370605,1.01,0,-11.138458347084509,-1.134014733598437
RNU6-182P,Pseudogene,RNU6,0.6946856547412297,-0.0339999999850988,1.37,0,5.100366020438685,9.55041562719563
RNU6-183P,Pseudogene,RNU6,1.0736051027819002,0.105999998748302,0,0,0.9497841837382449,9.801464668943677
RNU6-184P,Pseudogene,RNU6,0,0.242499999701977,0,0.26,5.353570842978968,10.9521356741927
RNU6-185P,Pseudogene,RNU6,1.5906353776785165,0.188999995589256,1.33,0,1.037496948478235,5.403779141142164
RNU6-187P,Pseudogene,RNU6,0.7864365902730902,0.221499994397163,0,0,3.549985790488733,10.870949379637036
RNU6-188P,Pseudogene,RNU6,1.330939805812636,0.30799999833107,0.71,0,-0.08415344929932222,7.333237282469068
RNU6-189P,Pseudogene,RNU6,1.2036632631654969,-0.111000001430511,0,0,5.014396095511927,6.5154467741988045
RNU6-18P,Pseudogene,RNU6,0.1947716788994101,0.0850000008940697,0,0.26,5.225254917380823,10.921934715940747
RNU6-190P,Pseudogene,RNU6,1.464288389895729,0.446000009775162,1.43,0,1.1393475177264345,6.1739293257735115
RNU6-191P,Pseudogene,RNU6,1.2563463968724369,0.177999995648861,0,0,1.7711198570704592,7.2595359007857185
RNU6-192P,Pseudogene,RNU6,0.9030913511635984,0.325000002980232,0,0,-10.761569118263708,-1.4088846524216792
RNU6-193P,Pseudogene,RNU6,1.266015912846166,-0.046000000089407,0,0,7.161411190269007,-2.9523569424607414
RNU6-194P,Pseudogene,RNU6,2.2163780413172565,0.0120000001043081,0,0.51,-12.509335613014684,-0.8868686039902827
RNU6-195P,Pseudogene,RNU6,1.115321005318488,-0.225999996066093,0.62,0,7.7478312494731085,-3.495374329850878
RNU6-196P,Pseudogene,RNU6,1.168630073396461,-0.268999993801117,0.3,0,3.901045704123987,7.341989151670728
RNU6-197P,Pseudogene,RNU6,0.6599513720041681,0.347000002861023,0,0,4.017807388541712,10.910664192869458
RNU6-198P,Pseudogene,RNU6,1.5697223929248938,0.311000004410744,0,0,0.9139312150454654,5.631757847502027
RNU6-199P,Pseudogene,RNU6,1.298477859329401,0.152999997138977,0.35,0,4.935073280570521,-1.9287532647111079
RNU6-19P,Pseudogene,RNU6,1.330939805812636,0.215000003576279,0.56,0,-0.45761439776657686,7.3646751563094
RNU6-2,Functional,RNU6,4.122667203370849,2.47699999809265,0.98,0.98,-5.532825565102087,-4.363980181977953
RNU6-200P,Pseudogene,RNU6,1.330939805812636,0.23199999332428,0,0,0.44561626934768095,7.4879223029158455
RNU6-201P,Pseudogene,RNU6,1.6513019661881687,0.30799999833107,0.65,0,5.343860054252161,-4.60212696389934
RNU6-202P,Pseudogene,RNU6,0.9407201574620816,0.87950000166893,0,0.55,1.2446597459292543,-9.064131148622241
RNU6-203P,Pseudogene,RNU6,0.801560370855265,0.30799999833107,0,0,2.900980139014734,11.161105744077954
RNU6-204P,Pseudogene,RNU6,1.298477859329401,-0.237000003457069,0.26,0,3.7638956549143923,6.4592710654280525
RNU6-205P,Pseudogene,RNU6,0.6817008761479356,0.30799999833107,0,0,3.9854141714549196,11.052857987119946
RNU6-206P,Pseudogene,RNU6,1.5363240441392578,-0.213500000536442,0,0,-11.648182010414587,-1.8688777764298579
RNU6-207P,Pseudogene,RNU6,0.8764725550473457,0.30799999833107,0,0,2.7679592611765993,11.043818108274731
RNU6-208P,Pseudogene,RNU6,1.266015912846166,-0.144999995827675,0,0,7.204079056022181,-2.865082867906298
RNU6-209P,Pseudogene,RNU6,1.4932495382288111,0.30799999833107,0,0,0.9785205366587771,5.929283253385816
RNU6-20P,Pseudogene,RNU6,1.4607875917455764,-0.0610000006854534,0,0,-12.127228832008825,-0.5111910779931208
RNU6-210P,Pseudogene,RNU6,0.9140600720279336,0.202000007033348,0,0,-10.5270424840474,-2.1634942372300285
RNU6-211P,Pseudogene,RNU6,1.330939805812636,0.470999985933304,0,0,-0.06740162348984347,7.259569756223951
RNU6-212P,Pseudogene,RNU6,1.3693323002110775,0.214000001549721,0,0,1.198804402587427,6.834347359373365
RNU6-213P,Pseudogene,RNU6,1.2023405562828977,0.303000003099442,1.13,0,5.214276695487513,-1.7250150521256586
RNU6-214P,Pseudogene,RNU6,1.5581734311952813,0.30799999833107,0,0,0.721760960159315,5.7825742880843025
RNU6-215P,Pseudogene,RNU6,1.770767355222742,0.118000000715256,0,0,1.4680736305689943,5.012204758360181
RNU6-216P,Pseudogene,RNU6,1.2023405562828977,0.237000003457069,0.66,0,-12.493329143288122,-1.6830421765305659
RNU6-217P,Pseudogene,RNU6,1.3359339514254416,0.30799999833107,0,0,-0.1904905793690549,7.313892952635084
RNU6-218P,Pseudogene,RNU6,1.6209331943962024,0.30799999833107,0,0,-12.37742147422074,-1.409373768136706
RNU6-219P,Pseudogene,RNU6,1.0387822874635209,0.277999997138977,0,0,0.8630365374064578,10.237093559934888
RNU6-21P,Pseudogene,RNU6,1.7529451100946911,0.0769999995827675,0,0,1.5907335522151125,4.81412755651692
RNU6-220P,Pseudogene,RNU6,1.168630073396461,0.291999995708466,0,0,5.740542793509974,-3.019515879914965
RNU6-221P,Pseudogene,RNU6,0.8420432178681572,0.30799999833107,0,0,7.0679019930338995,-1.4615149577119013
RNU6-222P,Pseudogene,RNU6,1.5257114847120463,0.165500000119209,0,0,-12.239962672951208,-0.5695505221345087
RNU6-223P,Pseudogene,RNU6,1.3634017522958712,-0.119999997317791,0,0,3.1895011904215944,6.244927040769849
RNU6-224P,Pseudogene,RNU6,1.2335539663629311,0.30799999833107,0,0,0.7106105851507319,8.143935791685376
RNU6-225P,Pseudogene,RNU6,1.112845951769931,0.27700001001358,0,0,-11.583578204872595,-0.93697918252727
RNU6-226P,Pseudogene,RNU6,0.9413964480138156,0.239999994635582,0,0,2.862138653037561,10.228448502256665
RNU6-227P,Pseudogene,RNU6,1.0116781379726645,0.331999987363815,1.17,0,0.7704156579947604,10.219467751219067
RNU6-228P,Pseudogene,RNU6,1.5728731805461804,0.214000001549721,9,0,0.07254030728103056,6.070457569792066
RNU6-229P,Pseudogene,RNU6,1.123756206199048,-0.0955000016838312,0,0,-11.42541322684525,-3.1162077267624992
RNU6-22P,Pseudogene,RNU6,1.2335539663629311,0.146999999880791,0,0,4.872461700675501,-1.1245644171692988
RNU6-230P,Pseudogene,RNU6,1.2691372538541694,-0.284999996423721,7.04,0,3.374396705863489,7.15420734091023
RNU6-231P,Pseudogene,RNU6,1.3826267885626415,0.528999984264374,0,0.41,5.880574131248011,-4.511831649110522
RNU6-232P,Pseudogene,RNU6,0.7598124348732199,0.30799999833107,0.21,0,-10.693610286476599,-1.5107373078324458
RNU6-233P,Pseudogene,RNU6,1.0592724522649954,0.152999997138977,0,0,-10.95071897483109,0.1140190581820349
RNU6-234P,Pseudogene,RNU6,0.7013653244983569,0.30799999833107,0.26,0,7.898494625327601,-1.394623168275561
RNU6-235P,Pseudogene,RNU6,1.0712442339467558,0.19200000166893,0,0,5.513405227897181,-1.4167198021866938
RNU6-236P,Pseudogene,RNU6,1.04858212036412,0.238000005483627,0,0,6.037995243308558,-1.3726410944916865
RNU6-237P,Pseudogene,RNU6,1.2719596495261951,-0.150999993085861,0.85,0,4.24439158463241,6.146282307340894
RNU6-238P,Pseudogene,RNU6,0.8192047815344689,0.303000003099442,0.09,0,6.572811985251917,-1.047531612680163
RNU6-239P,Pseudogene,RNU6,0.7367878156346375,0.214000001549721,0,0,3.9478160383677614,10.255488030149731
RNU6-23P,Pseudogene,RNU6,1.5581734311952813,0.118000000715256,0,0,-12.364029025795446,-0.5839690049149653
RNU6-240P,Pseudogene,RNU6,1.1100647060298,0.28999999165535,0,0,2.3659081699824465,8.399104706480298
RNU6-241P,Pseudogene,RNU6,0.9685521147834452,0.261000007390976,0,0,2.0362341644740236,10.275592438413891
RNU6-242P,Pseudogene,RNU6,1.2335539663629311,0.261999994516373,0.1,0,-0.24147448516129122,8.260954014494214
RNU6-243P,Pseudogene,RNU6,1.4283256452623412,0.0140000004321337,0,0,2.6957525255656374,5.8603917281172615
RNU6-244P,Pseudogene,RNU6,1.3693323002110775,-0.351000010967255,0.55,0,3.88585772537948,5.500936619474683
RNU6-245P,Pseudogene,RNU6,0.8440106085641107,0.30799999833107,0,0,-10.739705180885778,-1.4578695376374384
RNU6-246P,Pseudogene,RNU6,1.103706180429991,0.30799999833107,0,0,0.30277844691039457,9.740134827329907
RNU6-247P,Pseudogene,RNU6,0.9089345015305808,0.0309999994933605,0.36,0,4.5662991049266,8.907290093138013
RNU6-248P,Pseudogene,RNU6,1.5581734311952813,0.293000012636185,0,0,1.1604810001826418,5.406988732054029
RNU6-249P,Pseudogene,RNU6,1.464288389895729,0.0570000000298023,0,0,2.6977130415415895,5.765273682310377
RNU6-24P,Pseudogene,RNU6,1.4283256452623412,0.146999999880791,0,0,-0.07663122391937838,6.391551129057203
RNU6-250P,Pseudogene,RNU6,1.1465685563690198,-0.275000005960464,0,0,0.05899348282576933,-12.689361937806812
RNU6-251P,Pseudogene,RNU6,1.1021455099259891,0.0445000007748604,0,0,0.9962663593268527,9.72732221288899
RNU6-252P,Pseudogene,RNU6,1.006320340980286,0.492000013589859,0,0.11,6.264894867179407,-1.7375377495743891
RNU6-253P,Pseudogene,RNU6,1.5216923865760268,-0.090999998152256,0,0,2.490545535323633,5.087299458219801
RNU6-254P,Pseudogene,RNU6,1.4932495382288111,0.149000003933907,0,0,1.4913674237704408,5.965399376585279
RNU6-255P,Pseudogene,RNU6,0.1984816156403513,0.0549999997019768,0.27,0.22,5.317501926658167,10.839049927427563
RNU6-256P,Pseudogene,RNU6,1.2532988616465484,0.150000005960464,0,0,2.199563646552576,7.086469761564527
RNU6-257P,Pseudogene,RNU6,1.098737515151945,-0.0804999992251396,0,0,4.283001327750696,7.605653397276197
RNU6-258P,Pseudogene,RNU6,0.997320989479983,0.0130000002682209,0,0,5.605814838645472,7.514855496122633
RNU6-259P,Pseudogene,RNU6,0.8115486620808757,0.30799999833107,0,0,2.8281175138926637,11.197177521421704
RNU6-25P,Pseudogene,RNU6,1.882792896027632,-0.293999999761581,0,0.21,1.8367015364146364,4.670738808347974
RNU6-260P,Pseudogene,RNU6,1.103706180429991,-0.0780000016093254,0,0,5.209055328605189,6.9916454474470955
RNU6-261P,Pseudogene,RNU6,1.2599690796777203,0.446000009775162,0,0,2.248929882285608,7.935698143675123
RNU6-262P,Pseudogene,RNU6,1.4372806649818544,-0.263000011444092,0.79,0,3.1545466425395143,6.435612312986646
RNU6-263P,Pseudogene,RNU6,1.0387822874635209,0.30799999833107,0.33,0,0.45737134837867155,9.983055702879224
RNU6-264P,Pseudogene,RNU6,1.001950463569081,0.301999986171722,0.69,0,-11.005124187233434,-1.6632582028367182
RNU6-266P,Pseudogene,RNU6,0.9738583944970508,0.30799999833107,0,0,2.751739168403162,10.27791463537434
RNU6-267P,Pseudogene,RNU6,1.5175172069589966,0.163000002503395,0,0,0.9597783031439914,5.558379284574781
RNU6-268P,Pseudogene,RNU6,1.006320340980286,-0.0219999998807907,0,0,4.160201931235804,8.425064675047192
RNU6-269P,Pseudogene,RNU6,1.145873244933987,-0.061999998986721,0,0,0.07455917620421781,-12.05121076898357
RNU6-26P,Pseudogene,RNU6,1.5581734311952813,0.125,7.48,0,0.10920193218947782,6.069695107176099
RNU6-270P,Pseudogene,RNU6,1.6540134636695942,-0.0480000004172325,0,0,2.0718654634928835,4.921591393186842
RNU6-271P,Pseudogene,RNU6,1.2901305016622835,0.164000004529953,0,0,0.21117740297080412,7.767802826597486
RNU6-272P,Pseudogene,RNU6,1.3025356026398056,-0.195000000298023,0.18,0,3.8611558916545046,6.431350342466627
RNU6-273P,Pseudogene,RNU6,1.3025356026398056,0.209000006318092,0,0,2.134428763625635,7.16666661901692
RNU6-274P,Pseudogene,RNU6,1.3634017522958712,0.30799999833107,0,0,0.7726625891900195,6.902277104093824
RNU6-275P,Pseudogene,RNU6,1.266015912846166,0.130999997258186,5.87,0,-0.5029233453297483,7.3424473921797615
RNU6-276P,Pseudogene,RNU6,1.0854463355331714,-0.0780000016093254,0,0,4.684302711722864,7.5707470099470955
RNU6-277P,Pseudogene,RNU6,1.1468866941482565,0.361999988555908,0,0,1.2166493179774416,-9.89529741601726
RNU6-278P,Pseudogene,RNU6,1.0515883764431455,-0.317999988794327,0,0,0.2845868113017215,-12.908750899598804
RNU6-279P,Pseudogene,RNU6,1.3412247789558394,0.063000001013279,0,0,2.548130297896875,6.20039235754231
RNU6-27P,Pseudogene,RNU6,1.5581734311952813,0.214000001549721,0,0,0.014829719302667521,6.134354225828443
RNU6-280P,Pseudogene,RNU6,1.77011248563871,0.282999992370605,0,0,1.2570636513209474,4.9744383017561775
RNU6-281P,Pseudogene,RNU6,1.112845951769931,-0.104999996721745,0,0,4.278064871070399,7.531225792600904
RNU6-282P,Pseudogene,RNU6,1.5512398115580857,0.30799999833107,1.15,0,0.8480890336012973,5.698616139128004
RNU6-283P,Pseudogene,RNU6,1.266015912846166,0.28099998831749,0,0,0.30949210548163786,7.963011852934156
RNU6-284P,Pseudogene,RNU6,0.9175093553186052,-0.0554999988526106,0,0,5.165201092002405,8.564847580625806
RNU6-285P,Pseudogene,RNU6,1.146231330323029,0.30799999833107,0.73,0,1.1132734658694399,8.759338013365063
RNU6-286P,Pseudogene,RNU6,0.6817008761479356,-0.157000005245209,0,0,5.220389747855677,9.56304704351643
RNU6-287P,Pseudogene,RNU6,1.098737515151945,-0.271999999880791,0,0,7.666468048331751,-3.4083978016831535
RNU6-288P,Pseudogene,RNU6,1.1021455099259891,0.277999997138977,0.22,0,2.1749689819789064,8.713161102964673
RNU6-289P,Pseudogene,RNU6,1.4932495382288111,0.30799999833107,0,0,0.5591694245612754,6.004250160887037
RNU6-28P,Pseudogene,RNU6,1.330939805812636,0.146999999880791,0.67,0,4.861556911704554,-1.6133829434373042
RNU6-290P,Pseudogene,RNU6,0.997320989479983,0.301999986171722,0.07,0,6.003804588553919,-1.233250983522143
RNU6-291P,Pseudogene,RNU6,1.5257114847120463,0.214000001549721,0.36,0,0.8484607132649554,5.698028675749097
RNU6-293P,Pseudogene,RNU6,0.950277546579984,0.146999999880791,0,0,2.784572029349817,10.17221795721272
RNU6-294P,Pseudogene,RNU6,1.0897029878293798,0.446000009775162,0,0,1.9804907085871828,8.864626518919263
RNU6-295P,Pseudogene,RNU6,1.001950463569081,-0.0765000022947788,0,0,4.126494312522425,8.343521706297192
RNU6-296P,Pseudogene,RNU6,1.2335539663629311,-0.025000000372529,0,0,3.801894092795862,6.500703446104322
RNU6-297P,Pseudogene,RNU6,1.2335539663629311,0.28099998831749,0,0,1.3951153995967043,7.753513447477613
RNU6-298P,Pseudogene,RNU6,1.2663540581220332,0.214000001549721,2.83,0,4.813599491355433,-1.0678333123185297
RNU6-299P,Pseudogene,RNU6,1.146231330323029,-0.042000001296401,0.73,0,4.438007498023524,7.427971951200758
RNU6-29P,Pseudogene,RNU6,1.103706180429991,0.486999988555908,0,0.07,0.336821490762247,9.78808366461018
RNU6-300P,Pseudogene,RNU6,0.9351537659978092,-0.212999999523163,0,0,5.320197010276331,8.388695351316724
RNU6-301P,Pseudogene,RNU6,1.0712442339467558,-0.101000003516674,0.36,0,4.239534759757532,7.7980066458723885
RNU6-302P,Pseudogene,RNU6,1.4283256452623412,-0.212999999523163,2.66,0,3.5246805193400514,5.30309592886189
RNU6-303P,Pseudogene,RNU6,0.1966091475682725,0.272000014781952,0,0.23,5.275589847800745,10.87969743414143
RNU6-304P,Pseudogene,RNU6,1.4283256452623412,0.194999992847443,0,0,4.722197914359583,-2.1557105858781
RNU6-306P,Pseudogene,RNU6,1.3958636987791062,0.28099998831749,0.67,0,5.102421665427698,-3.2642086823441643
RNU6-307P,Pseudogene,RNU6,0.8847411640572264,-0.016499999910593,0,0,7.973270321128382,-2.5998698552109856
RNU6-308P,Pseudogene,RNU6,1.2335539663629311,-0.356000006198883,0.26,0,4.05881299996139,7.059720627500806
RNU6-309P,Pseudogene,RNU6,1.1468866941482565,0.356000006198883,0,0,1.9390137436366213,8.556451431944165
RNU6-30P,Pseudogene,RNU6,1.103706180429991,0.239999994635582,0.09,0,0.34668799662352934,9.698846451475415
RNU6-310P,Pseudogene,RNU6,1.3634017522958712,0.347000002861023,1.38,0,-0.1667135117077695,7.102105728819166
RNU6-311P,Pseudogene,RNU6,1.191862642938384,0.305999994277954,0,0,0.8717196824526919,8.418332211210522
RNU6-312P,Pseudogene,RNU6,0.4220053042820553,0.0109999999403954,11.55,0,5.214838409659876,10.31336843176106
RNU6-313P,Pseudogene,RNU6,0.7753188110951224,0.194999992847443,0.34,0,7.816754722831263,-1.4026265223481318
RNU6-314P,Pseudogene,RNU6,1.3693323002110775,-0.309499993920326,0.69,0,3.900512838599695,5.479711167051588
RNU6-315P,Pseudogene,RNU6,1.0712442339467558,0.165999993681908,0,0,1.1056182029223574,9.511911026670727
RNU6-316P,Pseudogene,RNU6,1.0712442339467558,-0.140000000596046,1.18,0,4.735181713340296,7.611296765043531
RNU6-317P,Pseudogene,RNU6,1.168630073396461,0.118000000715256,0,0,5.354610824821009,-1.7681940873124262
RNU6-318P,Pseudogene,RNU6,1.7198528345535296,0.239999994635582,0,0,-12.375510310890661,-0.8366935332276484
RNU6-319P,Pseudogene,RNU6,2.026166492995253,0.214000001549721,0,0.63,1.4844978096461428,4.69330178899983
RNU6-31P,Pseudogene,RNU6,0.9648411871405967,0.152999997138977,0,0,-11.880376910927282,-0.11892373161097963
RNU6-320P,Pseudogene,RNU6,1.081350311625499,0.30799999833107,0,0,1.6378591301417482,9.449281326963696
RNU6-321P,Pseudogene,RNU6,1.3107276504551504,0.44200000166893,0.24,0,0.5542305464422835,7.50660573644856
RNU6-322P,Pseudogene,RNU6,1.450071997760819,0.214000001549721,2.07,0,1.438737833735956,6.1175256888411385
RNU6-323P,Pseudogene,RNU6,1.330939805812636,0.263999998569489,0.36,0,4.824564838645472,-2.3845335324265617
RNU6-324P,Pseudogene,RNU6,1.1796548854096351,-0.159999996423721,0,0,3.858297729728235,7.437397114469801
RNU6-325P,Pseudogene,RNU6,1.455531848029243,0.30799999833107,0,0,1.176569009063257,6.126391522123609
RNU6-326P,Pseudogene,RNU6,1.5906353776785165,0.197999998927116,0,0,4.501328134772791,-1.6138931591965815
RNU6-327P,Pseudogene,RNU6,1.3674914463410033,0.0099999997764825,0.85,0,2.6645916941142214,6.016505829527174
RNU6-328P,Pseudogene,RNU6,2.424846153342028,-0.225499995052814,0,0.39,1.7396179678416384,4.511718384458814
RNU6-329P,Pseudogene,RNU6,1.136168126913226,0.30799999833107,0,0,0.5370975303030147,9.420735947325024
RNU6-32P,Pseudogene,RNU6,1.0712442339467558,0.342000007629395,0.04,0,0.26857560300589933,9.894429794981274
RNU6-330P,Pseudogene,RNU6,1.0712442339467558,0.202000007033348,0,0,1.4201495888209474,9.162701241209302
RNU6-331P,Pseudogene,RNU6,1.006320340980286,0.30799999833107,0.22,0,0.8580178561186923,10.314983956053052
RNU6-332P,Pseudogene,RNU6,1.0291639329499698,0.359999999403954,0,0,1.5961634757495058,9.996994606687817
RNU6-333P,Pseudogene,RNU6,1.5257114847120463,0.0769999995827675,0,0,-12.292499637367712,-1.5918201287247797
RNU6-334P,Pseudogene,RNU6,1.0215965510900435,-0.013499999884516,0,0,5.612954044578089,7.485989681913648
RNU6-335P,Pseudogene,RNU6,1.3217470422067643,-0.241999998688698,0.33,0,4.019995117423548,5.5885387579939705
RNU6-336P,Pseudogene,RNU6,1.201092019879696,0.232999995350838,0,0,5.734383487937464,-3.1090983231522697
RNU6-337P,Pseudogene,RNU6,1.3107276504551504,-0.059000002220273,0,0,4.002072477576746,6.004542938902174
RNU6-338P,Pseudogene,RNU6,0.8931672703815808,0.118000000715256,0.29,0,5.956295871970667,-1.1189988930680415
RNU6-339P,Pseudogene,RNU6,1.2335539663629311,-0.180999994277954,0,0,4.258605385062708,6.495833031370435
RNU6-33P,Pseudogene,RNU6,1.4607875917455764,0.114000000059605,4.36,0,-0.4048479554676877,6.929334751798902
RNU6-340P,Pseudogene,RNU6,1.266015912846166,-0.193000003695488,0,0,7.106819057700648,-2.757987149522509
RNU6-341P,Pseudogene,RNU6,1.3748986916753505,0.167000003159046,0.33,0,1.1833445670580995,6.812970749571119
RNU6-342P,Pseudogene,RNU6,0.6345686269270847,0.30799999833107,0.27,0,4.101803684470667,10.912567726805005
RNU6-343P,Pseudogene,RNU6,1.2357389050685337,-0.0880000032484531,3.69,0,3.505509996650232,7.293684593870435
RNU6-344P,Pseudogene,RNU6,1.3142701576185425,0.305999994277954,0,0,0.6321693378067149,7.5156112830183845
RNU6-345P,Pseudogene,RNU6,0.9413964480138156,-0.0839999988675117,0,0,4.718370342490687,8.62511979742268
RNU6-346P,Pseudogene,RNU6,0.938764398298959,0.193000003695488,3.65,0,3.0316533091044557,10.033884636595044
RNU6-347P,Pseudogene,RNU6,1.0254883474751486,-0.172000005841255,0,0,5.364454174277796,7.399589649870191
RNU6-348P,Pseudogene,RNU6,1.3634017522958712,-0.239999994635582,0,0,3.7280191423869264,5.907649628355299
RNU6-349P,Pseudogene,RNU6,1.4932495382288111,0.214000001549721,0,0,-0.8835317847752439,-9.470825560853687
RNU6-34P,Pseudogene,RNU6,2.012640681960572,-0.152999997138977,0,0.38,1.7930716516947878,4.634664646818433
RNU6-351P,Pseudogene,RNU6,1.5977770059048282,0.30799999833107,0,0,1.1970568540072573,5.307312599851881
RNU6-352P,Pseudogene,RNU6,0.8764725550473457,-0.185000002384186,0,0,5.252949142692103,8.631458870603833
RNU6-353P,Pseudogene,RNU6,1.6402300181390144,0.296000003814697,0,0,0.017930174109949015,6.050685040190015
RNU6-354P,Pseudogene,RNU6,1.266015912846166,-0.226999998092651,0.74,0,3.8882087709880007,6.650167099668775
RNU6-355P,Pseudogene,RNU6,1.1689422074972615,0.248500004410744,0.03,0,0.8366772475218905,8.942109696104321
RNU6-356P,Pseudogene,RNU6,1.3958636987791062,0.211999997496605,0,0,1.0585436465716493,6.74944888754109
RNU6-358P,Pseudogene,RNU6,1.0188722936204702,0.239999994635582,1.17,0,1.7688021900630129,10.25616227789143
RNU6-359P,Pseudogene,RNU6,1.2221321703780892,0.17399999499321,0,0,5.104741001365198,-1.9507387955643793
RNU6-35P,Pseudogene,RNU6,0.9413964480138156,0.164000004529953,0,0,1.1121486070132387,10.497293106748852
RNU6-360P,Pseudogene,RNU6,0.7681620220696289,0.0549999997019768,0,0,4.685339832541956,9.36816178961018
RNU6-361P,Pseudogene,RNU6,1.006320340980286,0.279000014066696,0,0,0.9113526287055148,10.315654389097485
RNU6-362P,Pseudogene,RNU6,1.3893713094824591,-0.0684999991208315,0,0,7.011343860862269,-2.757878669069018
RNU6-363P,Pseudogene,RNU6,0.8270067318347971,0.136999994516373,0,0,3.72441711449386,10.262732140257153
RNU6-364P,Pseudogene,RNU6,1.4283256452623412,0.30799999833107,0,0,-0.03345451331375704,6.587107769682203
RNU6-365P,Pseudogene,RNU6,1.6711777543303166,-0.0425000004470348,0,0,2.20234622978927,4.953718773557935
RNU6-366P,Pseudogene,RNU6,0.7864365902730902,0.30799999833107,0,0,7.732075596091761,-1.3571399529435297
RNU6-367P,Pseudogene,RNU6,1.3893713094824591,0.305000007152557,0,0,1.289415323970331,6.397604576780592
RNU6-368P,Pseudogene,RNU6,0.3895433577988203,0.407000005245209,0,0.01,4.716573143241419,10.949804894163403
RNU6-369P,Pseudogene,RNU6,1.770767355222742,-0.122499998658895,0,0,-12.427553272011266,-0.7410649140336176
RNU6-36P,Pseudogene,RNU6,2.142488467893512,0.0850000008940697,0.03,0.43,1.6700366976237428,4.5274096648238045
RNU6-370P,Pseudogene,RNU6,1.2357389050685337,0.282999992370605,0,0,5.0452460291361945,-2.0315672238328117
RNU6-371P,Pseudogene,RNU6,1.1899707974734026,-0.171499997377396,0,0,4.279348039863123,6.702715508177076
RNU6-373P,Pseudogene,RNU6,1.098737515151945,0.30799999833107,0,0,0.7764286192631854,9.42089902563313
RNU6-374P,Pseudogene,RNU6,1.801036882662447,0.282000005245209,0,0.01,1.2542587163424623,4.999255291654859
RNU6-375P,Pseudogene,RNU6,1.4935741576936437,-0.0370000004768372,0,0,-1.5431595799946654,-10.176568396852222
RNU6-376P,Pseudogene,RNU6,0.9830457378413626,0.238000005483627,0,0,5.9772576334452765,-1.147739656732287
RNU6-377P,Pseudogene,RNU6,0.885383677611371,0.0105000003241002,1.56,0,5.559829616782679,7.960615269377027
RNU6-378P,Pseudogene,RNU6,1.266015912846166,0.30799999833107,0,0,-0.3274587748074399,8.07787620229939
RNU6-379P,Pseudogene,RNU6,1.0353488123547172,0.194999992847443,5.7,0,-11.924384212257849,-0.1236421545006891
RNU6-37P,Pseudogene,RNU6,1.6880212171282214,-0.234999999403954,1.93,0,-12.392739391090856,-0.6022690613724848
RNU6-380P,Pseudogene,RNU6,1.5257114847120463,-0.116999998688698,0,0,2.5060278418040407,5.079591862394605
RNU6-381P,Pseudogene,RNU6,1.5437458994249549,-0.140000000596046,0,0,2.839892769095911,5.147079102232252
RNU6-382P,Pseudogene,RNU6,1.04858212036412,0.282999992370605,0,0,1.813773656127466,9.173285118772778
RNU6-383P,Pseudogene,RNU6,0.6651245630501135,0.30799999833107,0,0,4.125503683326258,11.040398232176099
RNU6-384P,Pseudogene,RNU6,1.2023405562828977,0.327500000596046,0.69,0,5.508974457023157,-2.731394418046679
RNU6-386P,Pseudogene,RNU6,0.6492389296647005,-0.0759999975562096,0,0,8.129125976798548,-2.3110278923966545
RNU6-387P,Pseudogene,RNU6,0.7608461932880134,0.214000001549721,0.73,0,7.7302812578654425,-1.3506121714570185
RNU6-388P,Pseudogene,RNU6,0.860087001108189,-0.282000005245209,1.7,0,1.2937168719744814,-13.587996848390308
RNU6-389P,Pseudogene,RNU6,1.0254883474751486,-0.172000005841255,0.31,0,0.5209424438452853,-12.962339766786304
RNU6-38P,Pseudogene,RNU6,1.2335539663629311,0.214000001549721,0,0,-0.17844424224136934,8.240881554319653
RNU6-390P,Pseudogene,RNU6,1.0116781379726645,0.279000014066696,0,0,2.9868792536234987,9.913240067198071
RNU6-391P,Pseudogene,RNU6,0.7681620220696289,0.287000000476837,0,0,6.865524196860804,-1.0232521374680659
RNU6-392P,Pseudogene,RNU6,1.272444021060668,-0.238000005483627,0,0,4.087131643531336,5.647947899534498
RNU6-393P,Pseudogene,RNU6,0.9413964480138156,0.20100000500679,0,0,1.1334055306887758,10.53002702398518
RNU6-394P,Pseudogene,RNU6,1.103706180429991,0.0149999996647239,0,0,0.5239302235221995,-11.82058275537273
RNU6-395P,Pseudogene,RNU6,0.8192047815344689,0.296999990940094,0.32,0,6.530195617911829,-1.0833827336289545
RNU6-396P,Pseudogene,RNU6,1.2570502323888917,0.261999994516373,8.18,0,1.5899337770915163,7.619986645414625
RNU6-397P,Pseudogene,RNU6,2.003900927138162,0.253000006079674,0,0.67,-1.7049673554921019,-9.353727706239429
RNU6-398P,Pseudogene,RNU6,1.3065188919445143,-0.180000007152557,0,0,3.3744937422251833,6.500259033872877
RNU6-399P,Pseudogene,RNU6,1.2405100977521957,-0.14750000089407,0,0,4.399997616050257,6.358145825102125
RNU6-3P,Pseudogene,RNU6,1.168630073396461,0.172999992966652,1.75,0,0.18978353762389555,9.080380074217114
RNU6-400P,Pseudogene,RNU6,1.4090322242392863,0.319000005722046,0,0,0.9272502305483951,6.54967271490315
RNU6-401P,Pseudogene,RNU6,1.230172513604261,-0.0245000002905726,0,0,4.476765537498011,6.349953762724195
RNU6-402P,Pseudogene,RNU6,1.2140137655671974,-0.150000005960464,0,0,4.163593435523524,6.703875652982984
RNU6-403P,Pseudogene,RNU6,0.801560370855265,-0.0600000005215406,0,0,5.141708755729212,9.101522080137524
RNU6-405P,Pseudogene,RNU6,1.23148820613218,0.347000002861023,0,0,-11.98401269889115,-1.7566150505997797
RNU6-406P,Pseudogene,RNU6,1.5581734311952813,0.293000012636185,0,0,-12.816209888222204,-2.0562974293687004
RNU6-407P,Pseudogene,RNU6,1.2357389050685337,0.114000000059605,0.38,0,5.894953632590784,-3.466253407762255
RNU6-408P,Pseudogene,RNU6,1.3893713094824591,0.152999997138977,0,0,1.6426693441844118,6.464220635130201
RNU6-409P,Pseudogene,RNU6,1.1689422074972615,0.20100000500679,0.25,0,1.1071238162493837,8.946759812071118
RNU6-40P,Pseudogene,RNU6,1.330939805812636,0.118000000715256,0,0,-0.5420690534138547,7.258110634519849
RNU6-410P,Pseudogene,RNU6,1.266015912846166,-0.0740000009536743,0,0,4.882259273765101,6.245504967405592
RNU6-411P,Pseudogene,RNU6,1.3958636987791062,0.30799999833107,0.09,0,-0.13590142703293429,6.882587544157301
RNU6-412P,Pseudogene,RNU6,1.2124230766710138,0.30799999833107,0,0,1.818332457778467,7.903504482939039
RNU6-413P,Pseudogene,RNU6,1.168630073396461,0.090999998152256,0,0,2.6287602426982057,6.8523780028365
RNU6-414P,Pseudogene,RNU6,0.7013653244983569,0.123000003397465,0,0,4.712722683188929,9.621181122495923
RNU6-415P,Pseudogene,RNU6,1.4681500950716708,0.277999997138977,0.99,0,1.4165914299464357,6.169070355131422
RNU6-416P,Pseudogene,RNU6,0.9779555333735755,0.202999994158745,0,0,6.586882972953333,-1.92668546037456
RNU6-417P,Pseudogene,RNU6,1.9477167889941016,0.177000001072884,0,0.55,1.7765300514674318,4.040123335554395
RNU6-418P,Pseudogene,RNU6,0.9738583944970508,-0.0700000002980232,5.48,0,4.2910839560008185,8.405347935392651
RNU6-419P,Pseudogene,RNU6,1.433478335180315,0.347000002861023,0,0,5.274176502463831,-4.032133467958178
RNU6-41P,Pseudogene,RNU6,1.2335539663629311,0.0549999997019768,0,0,-12.132473087074743,-0.5361105282761713
RNU6-420P,Pseudogene,RNU6,1.298477859329401,0.361000001430511,0,0,0.8515289964652194,7.66105138464192
RNU6-421P,Pseudogene,RNU6,1.201092019879696,0.003000000026077,0.08,0,-11.555904483559118,-2.67870224313518
RNU6-422P,Pseudogene,RNU6,0.9738583944970508,-0.138999998569489,0,0,4.885720157859339,8.299787155821118
RNU6-424P,Pseudogene,RNU6,0.5623645776476621,0.130999997258186,0,0,4.900886917350306,10.08679258032063
RNU6-425P,Pseudogene,RNU6,0.7491708041326987,-0.046000000089407,0,0,8.117426777122034,-2.3720675785996574
RNU6-426P,Pseudogene,RNU6,1.217490322742361,0.115000002086163,0,0,0.22107305550338163,-10.908394225404468
RNU6-428P,Pseudogene,RNU6,1.0387822874635209,0.30799999833107,0,0,1.1092233898615969,10.147110573484692
RNU6-429P,Pseudogene,RNU6,1.3829390349015218,-0.222000002861023,0,0,3.180896663901819,6.431541554167066
RNU6-42P,Pseudogene,RNU6,1.5581734311952813,0.592000007629395,0.05,0.4,-0.11370781636475191,6.255912892057691
RNU6-430P,Pseudogene,RNU6,1.6880212171282214,-0.143999993801117,0.47,0,-11.810322856667028,-2.899384625718798
RNU6-431P,Pseudogene,RNU6,1.3958636987791062,0.30799999833107,0,0,-0.19067434048889742,6.902271858885084
RNU6-432P,Pseudogene,RNU6,1.115321005318488,-0.230000004172325,0,0,5.093127155540003,6.972034565641676
RNU6-433P,Pseudogene,RNU6,0.801560370855265,-0.188500002026558,0,0,7.733164692161097,-2.6129783471085686
RNU6-434P,Pseudogene,RNU6,0.7466247691144057,0.20100000500679,0.06,0,5.376311683890833,-0.9836387713410517
RNU6-435P,Pseudogene,RNU6,1.157809424568716,0.0189999993890524,0,0,7.0315832140422,-2.8150633652665276
RNU6-436P,Pseudogene,RNU6,0.5484360432167602,0.325499996542931,0,0,4.3629034998393195,10.876456848814282
RNU6-437P,Pseudogene,RNU6,1.9743697555803368,0.305000007152557,0.28,0.59,1.7679388763880861,3.9274388472578865
RNU6-438P,Pseudogene,RNU6,0.910510324175398,-0.068000003695488,0,0,5.077828312156214,8.62690602941731
RNU6-439P,Pseudogene,RNU6,1.6384095630689377,0.214000001549721,0,0,1.094892287490381,5.20160781545857
RNU6-43P,Pseudogene,RNU6,1.330939805812636,-0.41100001335144,0.56,0,7.138654136893763,-2.7940131504990715
RNU6-440P,Pseudogene,RNU6,0.5954448469210539,-0.123000003397465,0,0,5.190205002067103,9.74760686559895
RNU6-441P,Pseudogene,RNU6,1.4418004155006654,-0.110500004142523,0,0,2.700881147620691,5.347150437071119
RNU6-442P,Pseudogene,RNU6,1.3025356026398056,0.304499998688698,0,0,1.1022830548262728,7.568138710691724
RNU6-444P,Pseudogene,RNU6,1.157809424568716,0.33899998664856,2.87,0,2.2358396294093263,8.109077088072095
RNU6-445P,Pseudogene,RNU6,1.136168126913226,0.305000007152557,0,0,0.7386520149684085,9.318766228391919
RNU6-446P,Pseudogene,RNU6,1.0158139291027417,0.381999999284744,1.46,0,6.124252701041712,-2.9268468697526115
RNU6-447P,Pseudogene,RNU6,0.9685521147834452,0.25,0.07,0,2.7897418978190553,10.227100006773266
RNU6-448P,Pseudogene,RNU6,1.2335539663629311,-0.046000000089407,0.26,0,4.595514679191126,6.399561993315015
RNU6-449P,Pseudogene,RNU6,1.330939805812636,-0.108999997377396,0,0,3.788476133582605,5.6638609091780525
RNU6-44P,Pseudogene,RNU6,1.266015912846166,0.29899999499321,0,0,-0.3620666620755063,8.056658379270825
RNU6-450P,Pseudogene,RNU6,1.3634017522958712,0.238000005483627,0,0,-12.103854274513708,-0.6363158305146357
RNU6-451P,Pseudogene,RNU6,0.9413964480138156,-0.0860000029206276,0,0,-10.97630891776322,-1.276583321855273
RNU6-452P,Pseudogene,RNU6,1.266015912846166,0.211999997496605,0,0,0.09212025427581205,-10.359999068544116
RNU6-453P,Pseudogene,RNU6,0.9807326890464418,-0.108999997377396,0,0,7.899744892356409,-2.7711104233719963
RNU6-454P,Pseudogene,RNU6,1.103706180429991,-0.207000002264977,0,0,-11.305538272621618,-2.490219243333544
RNU6-455P,Pseudogene,RNU6,1.006320340980286,0.263999998569489,0.21,0,6.040957355735316,-1.1692509730317255
RNU6-456P,Pseudogene,RNU6,0.9413964480138156,0.185000002384186,0,0,2.9939660074687136,10.099861733152661
RNU6-457P,Pseudogene,RNU6,2.304798200309687,0.305000007152557,0,0.67,1.654367590186609,4.426856152250562
RNU6-458P,Pseudogene,RNU6,2.142488467893512,-0.284000009298325,0,0.27,-1.8546453473591673,-9.445859320924487
RNU6-45P,Pseudogene,RNU6,1.3634017522958712,0.232999995350838,0.35,0,4.77161064171554,-1.066513307855334
RNU6-460P,Pseudogene,RNU6,1.1256480516640297,0.194999992847443,0.72,0,1.3667568209147585,9.016620270445141
RNU6-461P,Pseudogene,RNU6,1.0387822874635209,-0.256000012159348,0.67,0,4.767947101829066,7.783848396971021
RNU6-462P,Pseudogene,RNU6,1.3893713094824591,0.30799999833107,0,0,1.1900031807398928,6.438462368681226
RNU6-463P,Pseudogene,RNU6,1.006320340980286,0.0089999996125698,0,0,4.32320132279159,8.449485890104565
RNU6-464P,Pseudogene,RNU6,1.001950463569081,-0.163500003516674,0,0,5.351209068534388,7.684219948484693
RNU6-465P,Pseudogene,RNU6,0.0687807578951712,0.277999997138977,0,0.26,5.364790821311487,10.934357277586255
RNU6-466P,Pseudogene,RNU6,1.1802911609681086,0.30799999833107,0.09,0,1.849042439696802,8.079002014829907
RNU6-467P,Pseudogene,RNU6,1.4841011714926269,0.338500007987022,5.72,0,-12.198059177162634,-0.7135231574036738
RNU6-468P,Pseudogene,RNU6,1.115321005318488,0.211999997496605,0,0,1.0632103922343386,9.3229852835677
RNU6-469P,Pseudogene,RNU6,0.8597594736896406,-0.223000004887581,0,0,5.3096808435893195,8.532793633177075
RNU6-46P,Pseudogene,RNU6,1.330939805812636,0.137999996542931,1.09,0,-0.5307836291813718,7.272192589475904
RNU6-470P,Pseudogene,RNU6,1.001950463569081,0.211999997496605,0,0,1.9048995020365846,10.2272239844344
RNU6-471P,Pseudogene,RNU6,1.2779594591937713,0.284000009298325,0,0,1.075341814992441,7.626150719358717
RNU6-472P,Pseudogene,RNU6,1.4932495382288111,0.284000009298325,0,0,0.9328130128359927,5.895534149839674
RNU6-473P,Pseudogene,RNU6,0.4220053042820553,-0.167999997735023,0,0,5.36260881447555,10.2758022467635
RNU6-474P,Pseudogene,RNU6,0.8115486620808757,0.30799999833107,0,0,3.262033605811609,11.010222069456372
RNU6-475P,Pseudogene,RNU6,1.3025356026398056,-0.163000002503395,0,0,3.988161945579065,5.541412941648756
RNU6-476P,Pseudogene,RNU6,1.2335539663629311,0.30799999833107,1.84,0,-0.2741349098706113,8.21414100332478
RNU6-477P,Pseudogene,RNU6,1.4607875917455764,0.214000001549721,0,0,-0.054798638584600545,6.327190033628736
RNU6-478P,Pseudogene,RNU6,1.2946414474722916,0.214000001549721,0,0,2.0379721167063845,7.118376366331373
RNU6-479P,Pseudogene,RNU6,0.7608461932880134,0.0610000006854534,1.37,0,2.184501195189966,-13.45664060907146
RNU6-47P,Pseudogene,RNU6,1.6880212171282214,0.0769999995827675,0.66,0,1.625970864532007,4.83227359457234
RNU6-480P,Pseudogene,RNU6,1.201092019879696,-0.104999996721745,0,0,3.554687643287195,7.350500218107496
RNU6-481P,Pseudogene,RNU6,0.7790867155976406,-0.184000000357628,0.71,0,5.23877897286178,9.232091538145337
RNU6-482P,Pseudogene,RNU6,1.5906353776785165,-0.0149999996647239,0,0,1.9633043053126467,4.145910851194654
RNU6-483P,Pseudogene,RNU6,0.7718729497124773,0.284000009298325,0.42,0,3.723592901465906,10.508713356687817
RNU6-484P,Pseudogene,RNU6,1.5906353776785165,0.0850000008940697,0.67,0,0.9352531673884524,5.443297974302564
RNU6-485P,Pseudogene,RNU6,1.0387822874635209,-0.0900000035762787,10.96,0,4.233958626029505,8.127907387449536
RNU6-486P,Pseudogene,RNU6,1.103706180429991,0.0270000007003546,0,0,4.006651544806971,7.589496247007642
RNU6-487P,Pseudogene,RNU6,0.9351537659978092,0.282000005245209,0,0,1.1236437799906862,10.537103287412915
RNU6-488P,Pseudogene,RNU6,1.0876391564130363,-0.142000004649162,0,0,5.245278740165247,7.08966409368733
RNU6-489P,Pseudogene,RNU6,1.0387822874635209,0.144999995827675,0.09,0,6.760332966086878,-3.251684077546801
RNU6-48P,Pseudogene,RNU6,1.006320340980286,0.211999997496605,0.91,0,1.059562617776407,10.43539106054524
RNU6-490P,Pseudogene,RNU6,1.3958636987791062,0.003000000026077,0.3,0,3.190589332816614,5.958870045378004
RNU6-491P,Pseudogene,RNU6,1.1367583441220122,-0.0665000006556511,0,0,5.01496591591598,6.8884116332075935
RNU6-492P,Pseudogene,RNU6,1.2023405562828977,0.421000003814697,0,0,-11.8698101995015,-1.0416976292588374
RNU6-493P,Pseudogene,RNU6,1.318616289092149,0.217999994754791,0,0,1.2593685629344118,6.972822300627027
RNU6-494P,Pseudogene,RNU6,1.0806221295974685,-0.134499996900558,0,0,3.9989146234965456,7.80608665151814
RNU6-495P,Pseudogene,RNU6,1.6880212171282214,0.303999990224838,0.71,0,4.496633196113123,-1.6289502461411616
RNU6-496P,Pseudogene,RNU6,0.8420432178681572,0.305000007152557,0,0,2.8779140951609743,11.125681511595044
RNU6-497P,Pseudogene,RNU6,1.0353488123547172,0.375999987125397,0,0,6.042917633292689,-1.231983073518481
RNU6-498P,Pseudogene,RNU6,0.5518530902149955,0.298000007867813,0,0,4.606557274100794,10.957698456480298
RNU6-499P,Pseudogene,RNU6,1.5906353776785165,-0.149000003933907,0,0,2.3436852934336794,4.952627770139967
RNU6-49P,Pseudogene,RNU6,1.298477859329401,0.146999999880791,2.66,0,4.826556110618128,-1.1973513443925043
RNU6-4P,Pseudogene,RNU6,1.330939805812636,0.360000014305115,0,0,-0.48143897032974825,7.779173962309156
RNU6-500P,Pseudogene,RNU6,1.266015912846166,-0.0209999997168779,0,0,3.934220218894495,6.233114830686842
RNU6-501P,Pseudogene,RNU6,0.5557485237929837,0.239999994635582,0,0,-10.328620052101599,-2.1508957226731438
RNU6-502P,Pseudogene,RNU6,0.9648411871405967,0.214000001549721,0,0,-11.2863141057515,-0.8105657179810664
RNU6-503P,Pseudogene,RNU6,0.6946856547412297,0.171000003814697,0,0,4.630456829307093,10.06752931280354
RNU6-504P,Pseudogene,RNU6,0.7681620220696289,0.197999998927116,0,0,3.720414066550745,10.411946884825024
RNU6-505P,Pseudogene,RNU6,0.8764725550473457,0.214000001549721,0,0,3.4370616915202272,10.2155634085677
RNU6-506P,Pseudogene,RNU6,0.775978656891799,0.301999986171722,0,0,3.70121850991012,10.90203630132893
RNU6-507P,Pseudogene,RNU6,1.2851684612712748,0.0360000003129244,0,0,7.250902557609095,-4.287410624788012
RNU6-508P,Pseudogene,RNU6,1.315181579364464,-0.214000001549721,0,0,3.955005789039148,5.693262211515699
RNU6-509P,Pseudogene,RNU6,1.2335539663629311,0.347000002861023,0.99,0,-12.312244510414587,-1.6294235070206782
RNU6-50P,Pseudogene,RNU6,0.9779555333735755,0.20100000500679,0.75,0,2.7729104998088014,10.19663201971272
RNU6-510P,Pseudogene,RNU6,1.736714136853074,0.0175000000745058,1.07,0,1.7338021042323244,4.7971969763777595
RNU6-511P,Pseudogene,RNU6,1.168630073396461,-0.241999998688698,0,0,3.539809370276941,7.350352398588453
RNU6-512P,Pseudogene,RNU6,0.910510324175398,0.204999998211861,0,0,2.439008260009302,10.259221665098462
RNU6-513P,Pseudogene,RNU6,1.9371042295668903,0.28600001335144,2.93,0.41,1.7668600323176515,4.007870308592115
RNU6-514P,Pseudogene,RNU6,1.4283256452623412,0.252000004053116,0,0,-0.11181137538193331,6.483577362730299
RNU6-516P,Pseudogene,RNU6,1.4027306489967135,0.28999999165535,4.16,0,-11.856779193642126,-0.7665046532609125
RNU6-517P,Pseudogene,RNU6,0.8525687580915091,-0.0925000011920929,0,0,-10.710218524696813,-2.757831939027514
RNU6-518P,Pseudogene,RNU6,1.157809424568716,0.284000009298325,0,0,-11.959077930214391,-1.7688659508683344
RNU6-519P,Pseudogene,RNU6,1.1899707974734026,0.214000001549721,0,0,-12.501009082558141,-2.1651605446793694
RNU6-520P,Pseudogene,RNU6,0.6345686269270847,-0.25900000333786,0,0,5.184245968101038,9.726626030638013
RNU6-521P,Pseudogene,RNU6,0.2646421541871351,0.296000003814697,0,0.07,5.284002208945765,10.897847763731274
RNU6-522P,Pseudogene,RNU6,1.3634017522958712,-0.0579999983310699,0,0,3.2649504187083376,5.767152897550855
RNU6-523P,Pseudogene,RNU6,1.286454916187462,0.165999993681908,0,0,2.1699370386576784,7.096669308378492
RNU6-524P,Pseudogene,RNU6,1.2335539663629311,0.284000009298325,0,0,0.6785574125623836,8.142089478208813
RNU6-525P,Pseudogene,RNU6,1.1689422074972615,0.30799999833107,0,0,6.15907516503097,-4.364733584687914
RNU6-526P,Pseudogene,RNU6,1.6384095630689377,-0.229000002145767,0,0,2.293900871512903,4.877735726072584
RNU6-527P,Pseudogene,RNU6,1.0353488123547172,0.347000002861023,0.27,0,0.8693683388209476,10.214346520139966
RNU6-528P,Pseudogene,RNU6,1.1809656130600903,0.30799999833107,0,0,2.102714920279993,8.084407917692456
RNU6-529P,Pseudogene,RNU6,1.0353488123547172,0.144999995827675,0,0,-11.907188510658727,-0.11780221061488588
RNU6-530P,Pseudogene,RNU6,1.0387822874635209,0.0419999994337559,3.27,0,5.322395706412806,7.40721666021565
RNU6-531P,Pseudogene,RNU6,1.3693323002110775,0.305000007152557,1.89,0,0.8776170554137362,6.730146996214185
RNU6-532P,Pseudogene,RNU6,1.136168126913226,0.30799999833107,0,0,5.203984165427698,-1.2961191018082758
RNU6-533P,Pseudogene,RNU6,1.6230973241617517,0.305000007152557,0,0,4.499182844398035,-1.6416498501755854
RNU6-534P,Pseudogene,RNU6,0.7864365902730902,0.0564999990165234,0.37,0,4.980110073325648,9.439827553465161
RNU6-535P,Pseudogene,RNU6,1.266015912846166,-0.172000005841255,0,0,4.289308929679407,6.177572838499342
RNU6-536P,Pseudogene,RNU6,1.298477859329401,0.301999986171722,0,0,5.100520992515101,-2.633351453111376
RNU6-537P,Pseudogene,RNU6,0.9442329287744868,0.263999998569489,0,0,2.802509451148523,10.299113861753735
RNU6-538P,Pseudogene,RNU6,0.7790867155976406,-0.116999998688698,0,0,5.253497505424036,9.291988007261548
RNU6-539P,Pseudogene,RNU6,1.5175172069589966,0.30799999833107,0,0,-0.04532698369263277,6.177564255430494
RNU6-53P,Pseudogene,RNU6,1.2451912679323929,-0.025000000372529,0.37,0,7.2986735346293585,-3.548485883043017
RNU6-540P,Pseudogene,RNU6,1.272444021060668,-0.0439999997615814,2.77,0,4.233728552100672,6.157166115476881
RNU6-541P,Pseudogene,RNU6,1.1367583441220122,0.30799999833107,0.35,0,0.5066099556660785,9.445327393247876
RNU6-542P,Pseudogene,RNU6,0.8430651149772205,0.347000002861023,0,0,3.491612816092981,10.226675621702466
RNU6-543P,Pseudogene,RNU6,1.3829390349015218,0.28600001335144,0,0,-12.529865360023962,-1.208314665124621
RNU6-544P,Pseudogene,RNU6,1.330939805812636,-0.19200000166893,0,0,3.849382305381311,5.819575897886549
RNU6-545P,Pseudogene,RNU6,1.5697223929248938,0.152999997138977,0,0,0.9832639040923251,5.4761706511519295
RNU6-546P,Pseudogene,RNU6,0.5193911437317604,0.214000001549721,0,0,4.581297302482142,10.849109284117016
RNU6-547P,Pseudogene,RNU6,0.9194368959810392,0.293999999761581,0,0,-10.96631250357865,-1.640869506166186
RNU6-548P,Pseudogene,RNU6,0.9363154476947008,-0.186000004410744,2.65,0,4.100536251304163,8.295385948850903
RNU6-549P,Pseudogene,RNU6,1.4607875917455764,0.305000007152557,5.87,0,-12.113737201454626,-0.5800850470521113
RNU6-54P,Pseudogene,RNU6,1.298477859329401,0.164000004529953,0,0,1.3052063229060304,7.079893700315748
RNU6-550P,Pseudogene,RNU6,0.7909787157944694,-0.0410000011324883,0.23,0,5.212160969016566,9.159332863523755
RNU6-551P,Pseudogene,RNU6,0.9442329287744868,0.30799999833107,0,0,1.968349957702173,10.313120476438794
RNU6-552P,Pseudogene,RNU6,1.0215965510900435,0.214000001549721,0,0,0.925125831601633,10.21851979894856
RNU6-553P,Pseudogene,RNU6,1.3748986916753505,0.078999999910593,0.71,0,6.925304794547571,-3.4746981938340324
RNU6-554P,Pseudogene,RNU6,1.376264032977908,-0.261000007390976,0,0,7.180418396232142,-2.8099831421830315
RNU6-555P,Pseudogene,RNU6,0.9830457378413626,-0.0654999986290932,0,0,5.541786575553431,7.598357788755689
RNU6-556P,Pseudogene,RNU6,1.356291040209067,0.30799999833107,0,0,0.4159402641034259,7.301489941313062
RNU6-557P,Pseudogene,RNU6,1.0104518614417886,0.261999994516373,0,0,5.134646797416224,-0.9923000414826533
RNU6-558P,Pseudogene,RNU6,1.4027306489967135,0.30799999833107,0,0,4.69216671013595,-1.0116647561051508
RNU6-559P,Pseudogene,RNU6,1.1341806608020075,0.301999986171722,0,0,-11.335326289894567,-1.7276913006760737
RNU6-55P,Pseudogene,RNU6,0.8115486620808757,-0.116500001400709,0,0,5.249321365592493,9.009928337766919
RNU6-560P,Pseudogene,RNU6,1.4794231536155815,-0.136000007390976,0,0,2.626408243415369,5.187073342039381
RNU6-561P,Pseudogene,RNU6,0.9194368959810392,0.390000000596046,0,0,2.903505468604578,10.498200051023755
RNU6-562P,Pseudogene,RNU6,0.9413964480138156,0.120999999344349,0,0,2.6791728975749147,10.145818344785962
RNU6-563P,Pseudogene,RNU6,0.9326798142359102,-0.028999999165535,0,0,-11.179377650978552,-1.4801378329255244
RNU6-564P,Pseudogene,RNU6,1.2691372538541694,0.0604999996721745,1.23,0,3.587923431632532,6.287355057432447
RNU6-565P,Pseudogene,RNU6,1.3893713094824591,-0.150999993085861,0,0,3.679366016623987,5.406571022703443
RNU6-566P,Pseudogene,RNU6,1.5581734311952813,-0.096000000834465,0,0,2.927823925254358,5.2299314658186775
RNU6-567P,Pseudogene,RNU6,1.330939805812636,0.30799999833107,0,0,0.2153002264475955,7.39196311636189
RNU6-56P,Pseudogene,RNU6,1.6433424090652744,0.312000006437302,0,0,1.202129447696222,5.235614411070142
RNU6-570P,Pseudogene,RNU6,0.860087001108189,-0.188999995589256,0,0,5.287211323020472,8.646904579832349
RNU6-571P,Pseudogene,RNU6,1.201092019879696,0.30799999833107,0,0,0.20789572024108305,8.376274697019849
RNU6-572P,Pseudogene,RNU6,0.9986106286905176,-0.0750000029802322,0,0,7.431714439628138,-2.596922286317553
RNU6-573P,Pseudogene,RNU6,1.736714136853074,0.30799999833107,0,0,1.249202692744745,5.095091454221998
RNU6-574P,Pseudogene,RNU6,1.330939805812636,-0.135000005364418,0.55,0,3.2434255125498903,6.348632923795972
RNU6-575P,Pseudogene,RNU6,0.8270067318347971,-0.0850000008940697,0,0,1.6973399164652956,-13.430611975953784
RNU6-576P,Pseudogene,RNU6,1.6005012633744016,0.30799999833107,0,0,1.1628071310496462,5.30276166601399
RNU6-577P,Pseudogene,RNU6,1.4177258260025094,0.30799999833107,1.62,0,5.2088202478861945,-3.858986266420092
RNU6-578P,Pseudogene,RNU6,1.3826267885626415,0.204999998211861,0,0,-0.4846899268650876,-9.842259772584644
RNU6-579P,Pseudogene,RNU6,0.7151175857630304,-0.0685000009834766,0,0,1.907440567252649,-13.550375350282398
RNU6-57P,Pseudogene,RNU6,1.2140137655671974,-0.330000013113022,0,0,4.789958858726038,6.373858086302076
RNU6-580P,Pseudogene,RNU6,0.9738583944970508,0.30799999833107,0,0,0.9736947956061496,10.40261518163899
RNU6-581P,Pseudogene,RNU6,1.356291040209067,-0.0890000015497208,0,0,4.14228239083053,5.692014328672681
RNU6-582P,Pseudogene,RNU6,1.3634017522958712,-0.247999995946884,0,0,3.2872566225505007,6.4787083785078865
RNU6-583P,Pseudogene,RNU6,1.3591675853632754,-0.235999993979931,2.75,0,3.9788152220225466,5.523951164915357
RNU6-584P,Pseudogene,RNU6,1.060309683552403,0.347000002861023,1.13,0,-11.663234805824743,-0.8195080836274287
RNU6-586P,Pseudogene,RNU6,1.4027306489967135,0.0314999995753169,0,0,7.094520950553431,-4.512012370393481
RNU6-587P,Pseudogene,RNU6,0.9175093553186052,-0.176500000059605,0,0,5.335844421622767,8.445637337400708
RNU6-588P,Pseudogene,RNU6,1.3893713094824591,0.453999996185303,0,0,1.296132886645807,6.327302090360914
RNU6-589P,Pseudogene,RNU6,0.7790867155976406,0.293000012636185,1.33,0,1.7054873945689333,10.856424919798169
RNU6-58P,Pseudogene,RNU6,1.5175172069589966,0.0329999998211861,0,0,-1.4388524053120482,-10.028229125306812
RNU6-590P,Pseudogene,RNU6,1.4607875917455764,0.0939999967813492,0,0,0.2893930616355075,6.00721608801106
RNU6-591P,Pseudogene,RNU6,1.081350311625499,0.197999998927116,0,0,1.3765469434237612,9.16949235601643
RNU6-592P,Pseudogene,RNU6,1.112845951769931,-0.230000004172325,0,0,-11.286047076942907,-2.485323794648852
RNU6-593P,Pseudogene,RNU6,1.5196248697464398,-0.214000001549721,0.85,0,2.5600919964289797,5.0905224005720955
RNU6-595P,Pseudogene,RNU6,1.298477859329401,0.293000012636185,0.56,0,-0.28943840241669283,7.735272995664869
RNU6-596P,Pseudogene,RNU6,1.0278512238518194,-0.252999991178513,0,0,7.430630588767542,-2.6840769131638664
RNU6-597P,Pseudogene,RNU6,1.3280755164170566,0.30799999833107,0,0,-12.8495522496724,-2.030954964921679
RNU6-598P,Pseudogene,RNU6,1.3232107709356753,0.30799999833107,0,0,4.924862766501917,-1.7920156796433588
RNU6-599P,Pseudogene,RNU6,1.7854070565779263,-0.20100000500679,0,0,2.092582488296045,4.760439030363355
RNU6-59P,Pseudogene,RNU6,1.266015912846166,0.303000003099442,0.73,0,0.050616050002588175,8.086361042692456
RNU6-5P,Pseudogene,RNU6,1.136168126913226,0.0759999975562096,1.75,0,0.6933453174805774,9.424512497617993
RNU6-600P,Pseudogene,RNU6,0.9823837541795166,0.187999993562698,0,0,-11.039536571266638,-0.9117921669938227
RNU6-601P,Pseudogene,RNU6,0.6492389296647005,-0.118000000715256,0,0,5.207213783500208,9.59441911382893
RNU6-602P,Pseudogene,RNU6,1.190889693842108,0.006000000052154,0.09,0,4.607099914786829,6.557310692503248
RNU6-603P,Pseudogene,RNU6,1.006320340980286,0.294999986886978,0.26,0,1.5942948701357973,10.20651685400227
RNU6-604P,Pseudogene,RNU6,1.2851684612712748,0.30799999833107,0,0,1.546541297671808,7.62245856924275
RNU6-605P,Pseudogene,RNU6,1.2221321703780892,0.305000007152557,0,0,5.229194545981898,-2.2942529995896477
RNU6-606P,Pseudogene,RNU6,1.06393298473882,0.104999996721745,0.66,0,5.2453898432231085,7.341525665952955
RNU6-607P,Pseudogene,RNU6,0.868357068426537,-0.0315000005066395,0,0,5.579384708640589,7.913024059965406
RNU6-608P,Pseudogene,RNU6,1.60312074171053,0.284000009298325,0,0,1.1920195462679994,5.329735390379224
RNU6-609P,Pseudogene,RNU6,0.6817008761479356,0.289000004529953,0,0,6.046467209098353,-0.9920126278855463
RNU6-60P,Pseudogene,RNU6,1.2140137655671974,0.305000007152557,12.28,0,0.2337560894465579,8.363468758299145
RNU6-610P,Pseudogene,RNU6,1.2335539663629311,-0.160999998450279,0.68,0,4.252060318229212,6.471046559049879
RNU6-611P,Pseudogene,RNU6,1.1021455099259891,0.136999994516373,5.55,0,-11.504388904335485,-0.5213721473672053
RNU6-612P,Pseudogene,RNU6,0.9534901143507074,0.194999992847443,0,0,6.016325378654017,-1.131872661874499
RNU6-613P,Pseudogene,RNU6,0.9005184413312235,0.214000001549721,0,0,2.69410648369552,10.301604859068188
RNU6-614P,Pseudogene,RNU6,1.8178690030611613,-0.287000000476837,0,0.01,-1.888331269981848,-9.745369323060718
RNU6-615P,Pseudogene,RNU6,1.1468866941482565,0.30799999833107,0,0,6.001466179130091,-2.391597636506762
RNU6-616P,Pseudogene,RNU6,0.8115486620808757,0.284000009298325,0,0,3.2680250647044313,11.053763024046216
RNU6-617P,Pseudogene,RNU6,0.9089345015305808,-0.180999994277954,0,0,5.092948341605677,8.547921768858227
RNU6-618P,Pseudogene,RNU6,1.147471840420781,0.347000002861023,0.34,0,5.7390045168376105,-2.1793521721818108
RNU6-619P,Pseudogene,RNU6,0.6110660851890446,0.0425000004470348,3.06,0,4.867026710746302,9.63774358434895
RNU6-61P,Pseudogene,RNU6,1.2746525775068434,0.194000005722046,0,0,5.015603447196497,-1.2545143444993159
RNU6-620P,Pseudogene,RNU6,1.1216278800509438,0.298000007867813,0,0,1.7425505163645876,8.880728356077466
RNU6-621P,Pseudogene,RNU6,1.2109199486315012,0.214000001549721,1.3,0,0.5509809198355807,8.034661881162915
RNU6-622P,Pseudogene,RNU6,1.281458974765375,0.30799999833107,0,0,0.7881005498147143,7.721585861875806
RNU6-623P,Pseudogene,RNU6,1.1247291552953242,0.305000007152557,0.97,0,5.3908671381449835,-1.53832674817821
RNU6-624P,Pseudogene,RNU6,0.7466247691144057,0.282999992370605,0,0,3.5905872824168337,11.113471619322095
RNU6-625P,Pseudogene,RNU6,1.298477859329401,-0.11599999666214,0,0,7.21746721291305,-3.7375654061295647
RNU6-626P,Pseudogene,RNU6,0.9738583944970508,-0.0729999989271164,0,0,4.301668071982874,8.421828381254468
RNU6-627P,Pseudogene,RNU6,0.8172772408720348,0.30799999833107,0,0,3.5948387625193727,10.504062287046704
RNU6-628P,Pseudogene,RNU6,1.266015912846166,-0.101000003516674,0.26,0,3.3553499224162233,7.229132286741529
RNU6-629P,Pseudogene,RNU6,0.6744520919817764,0.30799999833107,0,0,4.01018109345199,10.877734772398266
RNU6-62P,Pseudogene,RNU6,1.2259158613080523,-0.119000002741814,0.56,0,4.618049526450648,6.417028061582838
RNU6-630P,Pseudogene,RNU6,0.7864365902730902,0.0084999999962747,0,0,4.7065948488688605,9.268360726072583
RNU6-631P,Pseudogene,RNU6,0.2921575183491152,-0.175999999046326,0,0.07,5.410627269980921,10.426610581114087
RNU6-632P,Pseudogene,RNU6,1.0311740187565128,-0.08249999769032,0,0,4.790422344443812,7.793672196104322
RNU6-633P,Pseudogene,RNU6,1.315181579364464,0.277999997138977,0,0,-11.805727100136266,-1.0437494595505854
RNU6-634P,Pseudogene,RNU6,0.9175093553186052,-0.239500001072884,0,0,4.985210323569788,8.503478638365063
RNU6-635P,Pseudogene,RNU6,1.2599690796777203,0.144000001251698,0,0,2.251138592002405,7.1085864226363045
RNU6-636P,Pseudogene,RNU6,1.330939805812636,0.145999997854233,0,0,1.222130143878473,6.986590496732984
RNU6-637P,Pseudogene,RNU6,1.0712442339467558,0.146999999880791,0.21,0,1.030272358891977,9.664797417356763
RNU6-638P,Pseudogene,RNU6,1.1689422074972615,0.458999991416931,5.51,0,2.2524613382792604,8.123060337736401
RNU6-639P,Pseudogene,RNU6,1.103706180429991,0.30799999833107,0,0,0.3630481454110278,9.670364014341626
RNU6-63P,Pseudogene,RNU6,0.9871848777901684,0.263999998569489,0,0,2.860156440970911,10.15676271124104
RNU6-640P,Pseudogene,RNU6,0.9593278089283648,0.0719999969005585,0,0,5.84537305855514,-1.1525321085908076
RNU6-641P,Pseudogene,RNU6,0.6492389296647005,0.138999998569489,0,0,4.709525490043177,9.79119645757893
RNU6-643P,Pseudogene,RNU6,1.266015912846166,0.194999992847443,0,0,0.309287333724512,7.885853401853834
RNU6-644P,Pseudogene,RNU6,1.736714136853074,-0.035500000230968,0,0,1.9545814039683473,4.190535895063673
RNU6-645P,Pseudogene,RNU6,1.2779594591937713,-0.280499994754791,0,0,7.63237895989181,-3.8253406365372795
RNU6-646P,Pseudogene,RNU6,1.507336798023423,-0.262000009417534,0.37,0,3.0441695692515505,5.157884709074293
RNU6-647P,Pseudogene,RNU6,1.2335539663629311,-0.27700001001358,0.26,0,4.022155189750208,6.881201378538404
RNU6-648P,Pseudogene,RNU6,0.9413964480138156,0.30799999833107,0,0,1.8602650406336916,10.351153961851391
RNU6-649P,Pseudogene,RNU6,1.201092019879696,0.30799999833107,0,0,0.730422759292139,8.349565617277417
RNU6-64P,Pseudogene,RNU6,0.9593278089283648,0.0140000004321337,0,0,5.5439971926188605,7.680200688078199
RNU6-650P,Pseudogene,RNU6,1.2829780110085771,0.28600001335144,0,0,2.0476832630610597,7.238042465879713
RNU6-651P,Pseudogene,RNU6,0.6285251161944458,0.104000002145767,0,0,4.941289806602015,9.8465448538802
RNU6-652P,Pseudogene,RNU6,0.9738583944970508,-0.142000004649162,2.9,0,4.913286113975062,8.318323246671948
RNU6-653P,Pseudogene,RNU6,1.343495841716529,0.0804999992251396,0.24,0,3.282439851996912,6.116961590482984
RNU6-654P,Pseudogene,RNU6,1.2335539663629311,0.28999999165535,0,0,0.32525714659453764,8.232642285063061
RNU6-655P,Pseudogene,RNU6,1.5257114847120463,0.30799999833107,0,0,0.30232729935408964,6.041974178983961
RNU6-656P,Pseudogene,RNU6,1.6230973241617517,-0.123999997973442,0,0,2.2878600599742067,4.919858566953931
RNU6-657P,Pseudogene,RNU6,0.8440106085641107,0.30799999833107,0,0,-10.446838474037634,-2.103925355241503
RNU6-658P,Pseudogene,RNU6,1.081350311625499,0.0559999998658895,7.01,0,1.036033714053644,9.719893089964184
RNU6-659P,Pseudogene,RNU6,1.0687471611403534,0.26800000667572,0,0,2.321336174247278,8.762802712156567
RNU6-65P,Pseudogene,RNU6,1.4886121173026348,-0.224500000476837,0,0,-11.704783534767614,-2.5626994450547356
RNU6-660P,Pseudogene,RNU6,1.147187319756159,0.266999989748001,0,0,-12.394089793922888,-1.3494854052521845
RNU6-661P,Pseudogene,RNU6,1.5906353776785165,0.101999998092651,0,0,0.9937362613654269,5.470073334409986
RNU6-662P,Pseudogene,RNU6,1.0687471611403534,0.211999997496605,0,0,1.4140678884959352,9.174545876219067
RNU6-663P,Pseudogene,RNU6,0.8192047815344689,0.293000012636185,0,0,3.355569505927576,10.95460092230061
RNU6-664P,Pseudogene,RNU6,0.7141628226311706,0.303000003099442,0,0,3.8749307634806764,11.0826870123885
RNU6-665P,Pseudogene,RNU6,1.2335539663629311,0.44200000166893,0,0,0.9157918634390964,7.829339138700758
RNU6-666P,Pseudogene,RNU6,1.4607875917455764,0.326999992132187,0,0,-0.723534440758215,-9.332591422364917
RNU6-667P,Pseudogene,RNU6,1.4302351715260608,-0.221000000834465,0,0,3.200336599586023,5.298279396726881
RNU6-668P,Pseudogene,RNU6,1.266015912846166,-0.170000001788139,0,0,7.526596451041712,-3.8506730874039787
RNU6-669P,Pseudogene,RNU6,1.298477859329401,0.156000003218651,0,0,-0.5158868787312375,7.319542996122633
RNU6-66P,Pseudogene,RNU6,1.0687471611403534,-0.175999999046326,0,0,4.066408062217249,7.87828599615315
RNU6-670P,Pseudogene,RNU6,0.5677719293558127,0.30799999833107,0,0,4.285607481238856,10.848380676939282
RNU6-672P,Pseudogene,RNU6,1.298477859329401,-0.0700000002980232,0,0,3.413102054831995,7.170377842619215
RNU6-673P,Pseudogene,RNU6,1.3359339514254416,0.284000009298325,0,0,2.013743901488794,7.129277817442213
RNU6-674P,Pseudogene,RNU6,0.5193911437317604,0.0405000001192093,0.36,0,5.100269699332728,10.1952997366927
RNU6-675P,Pseudogene,RNU6,0.834958719640901,0.0919999983161688,0,0,4.627599144217982,9.252329460813794
RNU6-677P,Pseudogene,RNU6,1.1348825052703255,0.0070000002160668,0,0,0.4555456879115237,-11.73306597070476
RNU6-678P,Pseudogene,RNU6,0.9559894331301324,0.30799999833107,1.15,0,6.3040775301432745,-1.3274946291901728
RNU6-679P,Pseudogene,RNU6,1.2451912679323929,0.214000001549721,0,0,2.157273912665857,7.186452976896558
RNU6-67P,Pseudogene,RNU6,1.145873244933987,0.214000001549721,0.1,0,2.2174854519343508,8.412990204527173
RNU6-680P,Pseudogene,RNU6,1.2570502323888917,-0.125,0,0,4.178223991630091,6.518105618192945
RNU6-681P,Pseudogene,RNU6,1.703315788067438,0.0010000001639127,1.39,0,1.8986785652613771,4.9755955855391365
RNU6-682P,Pseudogene,RNU6,1.4090322242392863,0.287000000476837,0,0,4.782616997001185,-2.3795398552872795
RNU6-684P,Pseudogene,RNU6,1.2451912679323929,0.214000001549721,0,0,0.4788919928050174,7.879884831144605
RNU6-685P,Pseudogene,RNU6,0.7312480576223469,0.103000000119209,0,0,4.8895734789347784,9.640802017881665
RNU6-686P,Pseudogene,RNU6,1.0387822874635209,0.214000001549721,0,0,5.310696506736292,-1.17557884053966
RNU6-687P,Pseudogene,RNU6,1.209845803201018,0.31700000166893,0,0,2.2186500074839723,8.052609078123364
RNU6-689P,Pseudogene,RNU6,1.2335539663629311,0.305000007152557,1.45,0,-12.511846637489782,-1.4757982571580073
RNU6-68P,Pseudogene,RNU6,1.1689422074972615,0.268999993801117,0,0,2.279284262893213,8.19629775686482
RNU6-690P,Pseudogene,RNU6,0.9830457378413626,0.282999992370605,0,0,3.044884348151697,9.923464409544263
RNU6-692P,Pseudogene,RNU6,0.9738583944970508,-0.18299999833107,0,0,4.98647298836471,8.233139149381909
RNU6-693P,Pseudogene,RNU6,0.6817008761479356,0.801999986171722,0.67,0.54,1.2887270095324648,-9.098434813783374
RNU6-694P,Pseudogene,RNU6,1.5358696448360518,0.214000001549721,0.43,0,0.9302981140589847,5.5632115523360115
RNU6-695P,Pseudogene,RNU6,1.3359339514254416,0.305000007152557,0,0,1.773127699134363,7.112020603849683
RNU6-696P,Pseudogene,RNU6,1.266015912846166,-0.13400000333786,0,0,3.9995244982218874,6.611565701200758
RNU6-697P,Pseudogene,RNU6,1.298477859329401,-0.230000004172325,0,0,4.041144752738489,5.649114720060621
RNU6-698P,Pseudogene,RNU6,1.5581734311952813,0.203999996185303,0,0,4.514667892692103,-1.5848399479844233
RNU6-699P,Pseudogene,RNU6,1.2630648268022358,0.221000000834465,0,0,0.10232212567092314,-10.324745543763843
RNU6-7,Functional,RNU6,2.8241893440414474,2.88700008392334,0.47,0.95,-5.565177058937536,-4.331614383027758
RNU6-700P,Pseudogene,RNU6,1.3958636987791062,-0.259999990463257,0,0,3.8356477262950075,5.435711018278394
RNU6-701P,Pseudogene,RNU6,1.103706180429991,0.296999990940094,0,0,6.077220344779505,-1.980178006456103
RNU6-702P,Pseudogene,RNU6,1.103706180429991,-0.36599999666214,0,0,4.1080841066813605,7.26269351644734
RNU6-703P,Pseudogene,RNU6,1.7529451100946911,0.284000009298325,0.21,0,1.8086133244013918,4.126729361250196
RNU6-704P,Pseudogene,RNU6,0.4383938597881546,0.30799999833107,0,0,4.664444828269495,10.989877335264477
RNU6-705P,Pseudogene,RNU6,1.135543858711625,0.28099998831749,0,0,1.0102148892855776,8.88618051214436
RNU6-706P,Pseudogene,RNU6,1.3359339514254416,0.0499999988824129,0,0,2.5669152977442873,6.175625912382398
RNU6-707P,Pseudogene,RNU6,1.060309683552403,0.416999995708466,0.09,0,0.38961094045401945,9.872493378355298
RNU6-708P,Pseudogene,RNU6,1.298477859329401,-0.243000000715256,0,0,3.695162201163782,6.547746769621168
RNU6-709P,Pseudogene,RNU6,1.2691372538541694,-0.0305000012740493,0,0,-0.6379340646290647,-11.328410514161792
RNU6-70P,Pseudogene,RNU6,1.3314808382540235,0.211999997496605,0,0,1.0717987956977022,7.034165493681226
RNU6-710P,Pseudogene,RNU6,0.9924080782017566,0.214000001549721,0,0,2.093992376563562,10.248110405638013
RNU6-711P,Pseudogene,RNU6,0.9175093553186052,0.30799999833107,0,0,2.9395250322795046,10.464859596922192
RNU6-712P,Pseudogene,RNU6,1.4935741576936437,0.287000000476837,0,0,0.6779908108091487,5.938539139463697
RNU6-713P,Pseudogene,RNU6,1.4607875917455764,0.214000001549721,0,0,-0.005277669193731405,6.358764282896314
RNU6-714P,Pseudogene,RNU6,0.8767877195763092,0.261000007390976,0.22,0,3.1792918684458864,10.421806923582349
RNU6-715P,Pseudogene,RNU6,0.8430651149772205,0.263999998569489,0,0,-10.458014583351599,-2.030135997102465
RNU6-716P,Pseudogene,RNU6,0.9779555333735755,0.277999997138977,0,0,6.019276046988978,-1.1938723404862543
RNU6-717P,Pseudogene,RNU6,1.3693323002110775,0.266000002622604,0,0,-12.199598407509313,-0.7247052271821162
RNU6-718P,Pseudogene,RNU6,1.3232107709356753,-0.0370000004768372,0,0,-0.8694532868885861,-11.109737761781421
RNU6-719P,Pseudogene,RNU6,0.9351537659978092,0.291500002145767,0,0,2.8237084391093386,10.449474922849927
RNU6-71P,Pseudogene,RNU6,1.006320340980286,0.282999992370605,0,0,0.9246272089457644,10.300234429075513
RNU6-720P,Pseudogene,RNU6,1.157809424568716,0.30799999833107,0,0,0.44679575586081877,9.415839783384595
RNU6-721P,Pseudogene,RNU6,1.8524950793099453,-0.296000003814697,0,0.03,-1.871783828499304,-9.663747199342456
RNU6-722P,Pseudogene,RNU6,0.9017554172121732,-0.0130000002682209,1.26,0,4.387291574714197,8.663467041685376
RNU6-723P,Pseudogene,RNU6,0.9738583944970508,0.268999993801117,0,0,2.0569242479777468,10.270304314329419
RNU6-724P,Pseudogene,RNU6,1.190889693842108,-0.0920000001788139,0,0,5.079333210227503,6.485111347868238
RNU6-725P,Pseudogene,RNU6,0.7151175857630304,0.0769999995827675,0,0,4.852335834739222,9.970702759458813
RNU6-726P,Pseudogene,RNU6,0.5843150366982305,0.30799999833107,0.73,0,4.563267135856165,10.977565399839673
RNU6-727P,Pseudogene,RNU6,0.8115486620808757,0.30799999833107,0,0,1.3689794781184328,10.71917497320393
RNU6-728P,Pseudogene,RNU6,1.2023405562828977,-0.167999997735023,0,0,-11.345989322426306,-2.636623032853808
RNU6-729P,Pseudogene,RNU6,1.7204831636114566,-0.273000001907349,0,0,2.1389264109110964,4.763648144438062
RNU6-72P,Pseudogene,RNU6,1.3629908415808936,-0.0869999974966049,0,0,3.24711957001449,6.29209386511067
RNU6-730P,Pseudogene,RNU6,1.2691372538541694,-0.0580000001937151,0,0,4.346229458091273,6.236345402433668
RNU6-731P,Pseudogene,RNU6,1.4081465974484384,0.217999994754791,0.63,0,4.723559284446253,-1.9957360108353754
RNU6-732P,Pseudogene,RNU6,1.5849624161571745,0.30799999833107,0,0,-0.0776525495076047,6.158390156461988
RNU6-733P,Pseudogene,RNU6,1.3693323002110775,0.0579999973997474,0,0,3.21853914284469,5.93081866903523
RNU6-735P,Pseudogene,RNU6,1.136168126913226,0.238000005483627,0,0,5.250162506339564,-1.4411902506806513
RNU6-737P,Pseudogene,RNU6,1.2335539663629311,0.300000011920929,0,0,-12.403851604225622,-1.4740618546464106
RNU6-738P,Pseudogene,RNU6,1.1468866941482565,0.30799999833107,0,0,0.3662728461003436,9.475238434507641
RNU6-739P,Pseudogene,RNU6,1.1465685563690198,-0.101999998092651,0.3,0,4.318817043540491,7.47394668264607
RNU6-73P,Pseudogene,RNU6,1.2335539663629311,-0.0829999968409538,0,0,3.5000907423472536,7.270263783170972
RNU6-740P,Pseudogene,RNU6,1.2901305016622835,-0.0640000030398369,0,0,4.046102190253748,6.117661587431226
RNU6-741P,Pseudogene,RNU6,1.103706180429991,0.273999989032745,0,0,1.8298263790583742,8.899736038877759
RNU6-742P,Pseudogene,RNU6,0.9089345015305808,0.30799999833107,0.47,0,1.2181197645640505,10.545759789182934
RNU6-743P,Pseudogene,RNU6,1.343495841716529,0.239999994635582,0.67,0,-0.19563285088776217,7.250830761625562
RNU6-744P,Pseudogene,RNU6,0.8764725550473457,0.30799999833107,0,0,3.017533922431482,10.84925710363606
RNU6-745P,Pseudogene,RNU6,1.3107276504551504,0.0019999999203719,0,0,3.7347406389689577,6.11367999716023
RNU6-746P,Pseudogene,RNU6,1.115321005318488,-0.158999994397163,0,0,3.9297496321177614,7.647940270139967
RNU6-747P,Pseudogene,RNU6,0.5677719293558127,0.261999994516373,0.03,0,4.554087543723597,10.951621643736157
RNU6-748P,Pseudogene,RNU6,1.5257114847120463,0.0769999995827675,1.18,0,0.2021808269000186,6.024116627409254
RNU6-749P,Pseudogene,RNU6,0.1623097324161751,-0.196999996900558,0,0.26,5.400291824576868,10.492919556333813
RNU6-74P,Pseudogene,RNU6,0.9738583944970508,-0.109999999403954,0,0,4.365668201682581,8.348244301512036
RNU6-750P,Pseudogene,RNU6,0.7466247691144057,0.256999999284744,4.4,0,3.7403487207865846,10.459703079893384
RNU6-751P,Pseudogene,RNU6,1.3412247789558394,0.764999985694885,0,0.48,-12.690999126198278,-2.389571555421557
RNU6-752P,Pseudogene,RNU6,1.2940222980473886,-0.136500000953674,0,0,-11.737050151588903,-2.703712828920092
RNU6-753P,Pseudogene,RNU6,1.3634017522958712,0.451999992132187,0,0,-0.15088490224121676,7.1317564169905525
RNU6-754P,Pseudogene,RNU6,1.0387822874635209,0.0439999997615814,0,0,5.144858741996302,7.418206326200758
RNU6-755P,Pseudogene,RNU6,0.7756199057790428,-0.163000002503395,0,0,5.265241527793421,9.243166557981763
RNU6-756P,Pseudogene,RNU6,1.266015912846166,0.301999986171722,0,0,-12.25584707236527,-1.482338674829211
RNU6-757P,Pseudogene,RNU6,1.5630427231677666,0.0405000001192093,1.65,0,0.4263212772584094,5.812549225523267
RNU6-758P,Pseudogene,RNU6,2.224555186530904,0.30799999833107,0.63,0.56,1.7139902355647219,4.1235121409438
RNU6-759P,Pseudogene,RNU6,1.7872980437517072,0.294999986886978,0.77,0,-12.421830272438513,-0.8152754385926386
RNU6-75P,Pseudogene,RNU6,1.3693323002110775,0.0515000000596046,0,0,2.582787180182947,6.108085743620191
RNU6-760P,Pseudogene,RNU6,1.2532988616465484,0.211999997496605,0,0,5.036739254233851,-1.9559592087723872
RNU6-761P,Pseudogene,RNU6,1.4932495382288111,0.214000001549721,3.84,0,4.712345028159632,-1.0734894354798457
RNU6-762P,Pseudogene,RNU6,0.9534901143507074,0.0149999996647239,1.95,0,4.715545559165491,8.729950539305005
RNU6-763P,Pseudogene,RNU6,0.9175093553186052,0.30799999833107,0,0,3.296995067832483,10.160357109739575
RNU6-764P,Pseudogene,RNU6,1.0585686167485404,0.308999985456467,0,0,2.251738333938135,8.808396927549634
RNU6-765P,Pseudogene,RNU6,1.473575631269275,0.0179999992251396,0,0,-1.455852842094885,-10.133007415101734
RNU6-766P,Pseudogene,RNU6,0.7141628226311706,0.30799999833107,0.67,0,3.8614825251078737,10.97202264471272
RNU6-767P,Pseudogene,RNU6,1.3958636987791062,-0.0729999989271164,0.71,0,3.1876465322947634,6.149408928587232
RNU6-768P,Pseudogene,RNU6,1.006320340980286,0.30799999833107,0,0,1.7496770861125124,10.013411156370434
RNU6-769P,Pseudogene,RNU6,1.1689422074972615,0.282999992370605,0.22,0,0.9954874160266055,8.65539323492268
RNU6-76P,Pseudogene,RNU6,1.2691372538541694,0.245000004768372,0,0,0.18062996291877165,7.939433685972486
RNU6-770P,Pseudogene,RNU6,0.9924080782017566,0.228000000119209,0,0,2.982518100974573,10.006214729978833
RNU6-771P,Pseudogene,RNU6,1.5581734311952813,0.146999999880791,0,0,4.556727314231409,-1.582388528154101
RNU6-772P,Pseudogene,RNU6,1.157809424568716,-0.250999987125397,0,0,4.409817362067713,7.122413746549879
RNU6-774P,Pseudogene,RNU6,1.266015912846166,0.017000000923872,0,0,3.646636867759241,6.355017773344312
RNU6-775P,Pseudogene,RNU6,0.6874493458376751,-0.0670000016689301,0,0,-10.415022945168005,-2.5816246350266594
RNU6-776P,Pseudogene,RNU6,1.3693323002110775,0.28600001335144,0,0,-12.145363902809606,-0.7388765891053339
RNU6-777P,Pseudogene,RNU6,1.3025356026398056,0.305000007152557,0,0,0.1671217026686801,7.483271233274732
RNU6-778P,Pseudogene,RNU6,0.7418973011799539,0.284000009298325,0,0,7.591107750175013,-1.3145486195542475
RNU6-77P,Pseudogene,RNU6,0.9924080782017566,-0.0529999993741512,0,0,5.518931770560755,7.611096493437086
RNU6-780P,Pseudogene,RNU6,1.2023405562828977,-0.399000003933907,0.27,0,4.2118226530528204,7.095550648405347
RNU6-782P,Pseudogene,RNU6,1.0687471611403534,0.214000001549721,0.32,0,2.418702864882959,8.733583084776196
RNU6-783P,Pseudogene,RNU6,1.0585686167485404,0.282999992370605,0,0,-11.948139285805212,-1.9990326245286127
RNU6-784P,Pseudogene,RNU6,0.6553638252275752,0.30799999833107,0.31,0,7.713874244925989,-1.2926170905091425
RNU6-785P,Pseudogene,RNU6,0.033398348785636,0.254999995231628,1.45,0.26,5.355244541404261,10.961886994077954
RNU6-786P,Pseudogene,RNU6,1.19640307205434,-0.223000004887581,0.31,0,-0.13321623778580294,-12.526243575380054
RNU6-787P,Pseudogene,RNU6,1.136168126913226,0.204999998211861,0,0,1.2207354547953737,9.026831261350903
RNU6-788P,Pseudogene,RNU6,1.0687471611403534,-0.210500001907349,0,0,7.42808618569137,-2.679526217744555
RNU6-789P,Pseudogene,RNU6,1.9750866654407508,-0.166999995708466,0,0.37,1.9619053842997682,4.698657623960767
RNU6-78P,Pseudogene,RNU6,1.3634017522958712,0.294999986886978,0,0,-12.49625692343949,-1.4256202061631342
RNU6-790P,Pseudogene,RNU6,0.9924080782017566,0.28099998831749,0,0,-10.834344005348669,-1.3313171942689082
RNU6-791P,Pseudogene,RNU6,0.7681620220696289,0.287000000476837,0.04,0,3.706505918738855,10.900835625364575
RNU6-792P,Pseudogene,RNU6,0.6817008761479356,-0.061999998986721,0.24,0,4.942917251822962,9.513105980589184
RNU6-793P,Pseudogene,RNU6,1.4695273465679857,0.327500000596046,0,0,1.1038872542357576,6.109367958738599
RNU6-794P,Pseudogene,RNU6,1.248263285863147,0.226999998092651,0.65,0,-11.823028659584509,-0.9162404616334101
RNU6-795P,Pseudogene,RNU6,1.2477363701662862,0.239999994635582,0.38,0,1.6861949207759035,7.490371338560377
RNU6-796P,Pseudogene,RNU6,1.0712442339467558,0.317999988794327,0,0,1.8629639389491213,9.005150429441724
RNU6-797P,Pseudogene,RNU6,1.2427862630691724,-0.125,0,0,3.5417801382517946,7.296308151914869
RNU6-798P,Pseudogene,RNU6,0.910510324175398,-0.0480000004172325,0,0,5.579640293357386,7.749854199125562
RNU6-799P,Pseudogene,RNU6,0.7790867155976406,-0.237000003457069,0,0,5.2969573976969855,9.26732408209065
RNU6-79P,Pseudogene,RNU6,1.298477859329401,0.218999996781349,0,0,1.0487857105708254,7.236632458402906
RNU6-8,Functional,RNU6,3.8954335779882032,1.48800003528595,1.75,0.98,-5.53380117392777,-4.37082756356975
RNU6-800P,Pseudogene,RNU6,1.0116781379726645,0.347000002861023,0,0,1.6843654158091677,10.038326851560864
RNU6-801P,Pseudogene,RNU6,0.8931672703815808,-0.127000004053116,0,0,5.266937160727991,8.601874939634595
RNU6-803P,Pseudogene,RNU6,1.2599690796777203,0.194000005722046,0,0,5.681158924338831,-3.7505301316239494
RNU6-804P,Pseudogene,RNU6,1.2335539663629311,0.284000009298325,0,0,0.1425092759108676,8.219736210539136
RNU6-805P,Pseudogene,RNU6,1.1141185028868776,0.214000001549721,0.37,0,1.2519879581904543,9.10976850195149
RNU6-806P,Pseudogene,RNU6,1.157809424568716,0.30799999833107,0,0,1.89808335327865,8.454360596372876
RNU6-807P,Pseudogene,RNU6,1.3958636987791062,0.30799999833107,4.27,0,-12.495589351418005,-1.409713156984057
RNU6-808P,Pseudogene,RNU6,1.0291639329499698,0.30799999833107,3.73,0,1.700585031745447,-10.030642875001636
RNU6-809P,Pseudogene,RNU6,1.0712442339467558,-0.137999996542931,0,0,4.768576526877894,7.673945061399732
RNU6-80P,Pseudogene,RNU6,1.330939805812636,0.146999999880791,0,0,0.18130006813765898,7.704835049345289
RNU6-810P,Pseudogene,RNU6,1.0712442339467558,0.277999997138977,0,0,5.8906463625407355,-1.2406107266404292
RNU6-811P,Pseudogene,RNU6,1.006320340980286,-0.156000003218651,0,0,0.600070928552611,-13.018569358155933
RNU6-812P,Pseudogene,RNU6,0.9089345015305808,-0.229000002145767,0,0,5.11342086815597,8.487702957823071
RNU6-813P,Pseudogene,RNU6,1.4283256452623412,-0.138999998569489,0,0,3.2522381784892214,5.358285538389478
RNU6-815P,Pseudogene,RNU6,1.2602704355924963,0.214000001549721,0,0,0.6196529901152982,7.835841767027174
RNU6-816P,Pseudogene,RNU6,0.3570814113155853,-0.203999996185303,0,0.06,5.391702556846155,10.381874672605786
RNU6-817P,Pseudogene,RNU6,0.6345686269270847,-0.261000007390976,0.69,0,5.126620674369349,9.774073235227856
RNU6-818P,Pseudogene,RNU6,1.286454916187462,0.284000009298325,0.08,0,0.7997317554927005,7.7166515509627205
RNU6-819P,Pseudogene,RNU6,1.4932495382288111,-0.151999995112419,0,0,2.647242927787317,5.10912620229939
RNU6-81P,Pseudogene,RNU6,1.1689422074972615,0.26800000667572,0,0,2.262997412917627,8.191012016966138
RNU6-820P,Pseudogene,RNU6,1.4607875917455764,0.291999995708466,0,0,-0.11425939774750338,6.372802368833814
RNU6-821P,Pseudogene,RNU6,0.8440106085641107,-0.0555000007152557,0,0,5.251805210349573,8.920634857847485
RNU6-822P,Pseudogene,RNU6,1.7039459455916952,0.30799999833107,0.48,0,1.2099054696536196,5.078876129820142
RNU6-823P,Pseudogene,RNU6,0.7756199057790428,0.0610000006854534,0,0,4.904947185752405,9.436868302061352
RNU6-824P,Pseudogene,RNU6,1.4027306489967135,-0.0989999994635582,0.22,0,3.4690374376750124,5.482822529508863
RNU6-826P,Pseudogene,RNU6,1.502925695353622,0.30799999833107,0.74,0,4.521826648948206,-1.892191298768725
RNU6-827P,Pseudogene,RNU6,1.04858212036412,0.217999994754791,0,0,1.518857860801233,9.177933327390942
RNU6-828P,Pseudogene,RNU6,1.2335539663629311,0.30799999833107,3.33,0,5.103281402823939,-1.5865911324479243
RNU6-829P,Pseudogene,RNU6,1.364561107527415,0.214000001549721,0,0,1.1267667653536928,6.88676463766316
RNU6-82P,Pseudogene,RNU6,1.201092019879696,-0.168999999761581,17.18,0.03,4.951577091453089,6.530892960264478
RNU6-830P,Pseudogene,RNU6,1.9152548425108664,0.29899999499321,0,0.42,1.3117761256671083,4.8829137007735115
RNU6-831P,Pseudogene,RNU6,1.201092019879696,0.30799999833107,0,0,0.5965504612340166,8.35994350118855
RNU6-832P,Pseudogene,RNU6,1.0712442339467558,0.30799999833107,0,0,0.6510990912592544,10.022901169492993
RNU6-833P,Pseudogene,RNU6,1.201092019879696,0.160999998450279,0.91,0,5.222648525474085,-2.186066993043627
RNU6-834P,Pseudogene,RNU6,0.9472986201016766,0.214000001549721,0,0,2.54347445988418,10.240764252378735
RNU6-835P,Pseudogene,RNU6,1.0353488123547172,-0.123999997973442,0,0,5.2955583574748175,7.356037728025709
RNU6-836P,Pseudogene,RNU6,0.9089345015305808,0.0520000010728836,0,0,4.609918976066126,8.979484192564282
RNU6-837P,Pseudogene,RNU6,1.2542935432827758,0.130499996244907,0.08,0,0.0694760920977725,-10.658034690187183
RNU6-838P,Pseudogene,RNU6,1.0613253058546563,0.306500002741814,0.3,0,1.2721148374056948,9.945468537046704
RNU6-839P,Pseudogene,RNU6,1.4151004078062084,-0.0245000002905726,0,0,3.1265951635813845,5.71282779379109
RNU6-83P,Pseudogene,RNU6,0.9613953257579516,-0.0279999999329448,0,0,4.033816242454066,8.351825348570141
RNU6-840P,Pseudogene,RNU6,0.7481230127982473,-0.177000001072884,0,0,5.270265484092249,9.331315628721509
RNU6-841P,Pseudogene,RNU6,1.0712442339467558,0.17399999499321,0,0,5.573759460685267,-1.404570825860705
RNU6-842P,Pseudogene,RNU6,1.9477167889941016,0.146999999880791,0,0.49,1.6161858084178102,4.581967941953931
RNU6-843P,Pseudogene,RNU6,1.3025356026398056,0.306500002741814,0,0,0.8786981048560275,7.607929341032301
RNU6-844P,Pseudogene,RNU6,1.0897029878293798,-0.167499996721745,0,0,4.70339717888595,7.595982186033521
RNU6-845P,Pseudogene,RNU6,0.7756199057790428,0.006000000052154,0,0,5.000649833915247,9.406164757444653
RNU6-847P,Pseudogene,RNU6,1.801036882662447,0.218999996781349,0,0.01,1.3132520558810366,4.877182594969068
RNU6-848P,Pseudogene,RNU6,1.0712442339467558,-0.25,0,0,4.752407455680384,7.672031037046705
RNU6-849P,Pseudogene,RNU6,1.190889693842108,0.30799999833107,0,0,0.8712447526431216,8.444470516874585
RNU6-84P,Pseudogene,RNU6,1.123756206199048,0.263999998569489,0,0,-12.242158984901891,-1.5833855946519038
RNU6-850P,Pseudogene,RNU6,1.0116781379726645,0.193000003695488,7.05,0,-11.548987483742224,-1.7590612252213618
RNU6-851P,Pseudogene,RNU6,1.4607875917455764,0.294999986886978,0.36,0,0.9291618707156314,6.011376969053541
RNU6-853P,Pseudogene,RNU6,0.8764725550473457,0.30799999833107,12.28,0,2.9795543196177614,10.868279091551099
RNU6-854P,Pseudogene,RNU6,1.006320340980286,-0.160999998450279,0,0,-11.153474902870641,-2.361303695008959
RNU6-855P,Pseudogene,RNU6,1.1021455099259891,-0.10050000064075,0,0,7.513713741538538,-2.8149124463059563
RNU6-856P,Pseudogene,RNU6,0.5316471847509411,-0.0510000009089708,0.51,0,5.222629451987757,10.07236444158772
RNU6-857P,Pseudogene,RNU6,1.2630648268022358,0.284999996423721,0,0,4.861601734397425,-1.114598639772143
RNU6-858P,Pseudogene,RNU6,1.4607875917455764,0.0719999969005585,0.3,0,0.3231597485518588,5.999431721403394
RNU6-859P,Pseudogene,RNU6,1.0387822874635209,-0.579999983310699,2.66,0,4.5524553301310675,7.409251324369703
RNU6-85P,Pseudogene,RNU6,1.006320340980286,0.30799999833107,0,0,1.6806937696910036,10.054939858152661
RNU6-860P,Pseudogene,RNU6,1.2357389050685337,0.254999995231628,0,0.01,1.0038396360850466,7.792399517729078
RNU6-861P,Pseudogene,RNU6,1.2124230766710138,-0.0095000001601874,0,0,-0.3137568590664731,-11.48934210138103
RNU6-862P,Pseudogene,RNU6,1.4886121173026348,-0.216000005602837,0.31,0,3.2270542623973024,5.218643299772535
RNU6-863P,Pseudogene,RNU6,1.60312074171053,0.20100000500679,0,0,1.1531263234591616,5.3184887091658455
RNU6-864P,Pseudogene,RNU6,1.093486678759343,0.282999992370605,0,0,2.2727875950312746,8.677537552549634
RNU6-865P,Pseudogene,RNU6,0.8440106085641107,-0.254999995231628,0,0,5.3170098307109015,8.628438584043774
RNU6-866P,Pseudogene,RNU6,1.4520069013033898,0.206000000238419,0,0,-12.077601527931677,-0.47463149623652895
RNU6-867P,Pseudogene,RNU6,1.136168126913226,0.158000007271767,0,0,1.3111195209002626,9.04273568792561
RNU6-869P,Pseudogene,RNU6,1.4932495382288111,0.305000007152557,0,0,-0.14949837899445162,6.240740410520826
RNU6-86P,Pseudogene,RNU6,1.266015912846166,0.118000000715256,0,0,0.26085966253043547,7.767389885618482
RNU6-871P,Pseudogene,RNU6,1.146231330323029,-5.000000819563e-4,0,0,4.7874149324870245,6.858367077543531
RNU6-873P,Pseudogene,RNU6,1.3634017522958712,0.284000009298325,0.67,0,0.9129559042430057,6.811383358671461
RNU6-874P,Pseudogene,RNU6,1.0916488860219322,0.30799999833107,0,0,0.8074003847813739,9.474674812986645
RNU6-875P,Pseudogene,RNU6,1.1468866941482565,0.293000012636185,0,0,0.6515459063029422,9.313431374265942
RNU6-876P,Pseudogene,RNU6,1.502925695353622,0.214000001549721,7.04,0,0.7762543501830234,5.807933918669019
RNU6-877P,Pseudogene,RNU6,1.4283256452623412,0.187000006437302,0.67,0,-11.84427366233109,-0.5605391343094965
RNU6-878P,Pseudogene,RNU6,1.105181723451956,0.293000012636185,0.29,0,0.5138546916222705,9.485287300779614
RNU6-879P,Pseudogene,RNU6,1.1256480516640297,0.232999995350838,0,0,0.8841535689807071,9.34551774664143
RNU6-87P,Pseudogene,RNU6,1.3507776619968357,0.26800000667572,0,0,-11.718006229164587,-1.202281244561877
RNU6-880P,Pseudogene,RNU6,1.201092019879696,0.146999999880791,0,0,-0.08047256446121798,8.349874130918774
RNU6-881P,Pseudogene,RNU6,1.3280755164170566,-0.125500001013279,2.85,0,7.30820264839889,-3.9004486878373283
RNU6-882P,Pseudogene,RNU6,0.6070068827835987,0.30799999833107,1.92,0,4.541323089835657,10.95820485754231
RNU6-883P,Pseudogene,RNU6,0.6817008761479356,0.0219999998807907,0.79,0,5.0052093508219855,9.60934125585774
RNU6-884P,Pseudogene,RNU6,0.6492389296647005,0.168999999761581,0.42,0,6.3378180506205695,-1.118093021676745
RNU6-885P,Pseudogene,RNU6,1.3359339514254416,-0.028999999165535,0,0,6.882545852897181,-3.176946767137255
RNU6-886P,Pseudogene,RNU6,1.2901305016622835,0.197999998927116,0.31,0,5.063929462668909,-2.1852644761063713
RNU6-887P,Pseudogene,RNU6,0.5557485237929837,0.200000002980232,0,0,7.376198673484339,-1.1666147788025996
RNU6-888P,Pseudogene,RNU6,1.3068344000082537,0.214000001549721,0,0,5.002090835807337,-2.387606509492602
RNU6-889P,Pseudogene,RNU6,1.41634939316173,0.284000009298325,0,0,-0.42097494578598604,-9.338190444276538
RNU6-88P,Pseudogene,RNU6,0.868357068426537,0.30799999833107,0.9,0,6.290256881949915,-1.0702900965668818
RNU6-890P,Pseudogene,RNU6,1.201092019879696,-0.103000000119209,2,0,7.18507614159347,-2.805711634919848
RNU6-891P,Pseudogene,RNU6,1.0952251313487855,0.284000009298325,0,0,5.515377903220667,-1.4541261275269648
RNU6-892P,Pseudogene,RNU6,1.2630648268022358,0.30799999833107,0.68,0,0.8325196298337115,7.754349819853101
RNU6-893P,Pseudogene,RNU6,1.3199027440083362,0.202999994158745,0.4,0,0.9801586213088168,7.183072678282056
RNU6-894P,Pseudogene,RNU6,0.7608461932880134,0.284999996423721,0,0,2.834031486747278,-10.126322158143726
RNU6-895P,Pseudogene,RNU6,1.1802911609681086,0.307000011205673,0,0,2.2649469616389406,8.147922627165112
RNU6-896P,Pseudogene,RNU6,1.266015912846166,0.30799999833107,0,0,0.950672888991846,7.714439980222974
RNU6-897P,Pseudogene,RNU6,1.356291040209067,-0.162000000476837,0,0,3.795107507941736,5.435060612394605
RNU6-898P,Pseudogene,RNU6,0.9017554172121732,0.194999992847443,0,0,2.444304728744043,10.260141007139477
RNU6-899P,Pseudogene,RNU6,1.330939805812636,0.30799999833107,0,0,-11.663152789833532,-0.5739060719468256
RNU6-89P,Pseudogene,RNU6,0.5210142410559222,0.30799999833107,0.33,0,4.611365223166956,10.96308480901936
RNU6-9,Functional,RNU6,4.9342158654517245,2.90599989891052,0.98,0.98,-5.513333415749059,-4.373778708741869
RNU6-900P,Pseudogene,RNU6,1.2599690796777203,0.146999999880791,0.28,0,0.23018881106139555,7.793454281523023
RNU6-901P,Pseudogene,RNU6,1.1468866941482565,0.284000009298325,0,0,0.7188805358982219,9.28486501379231
RNU6-902P,Pseudogene,RNU6,1.1069167026096516,0.0900000035762787,0,0,5.552834892508997,7.055605999662672
RNU6-903P,Pseudogene,RNU6,1.1790536341938302,-0.096000000834465,0,0,4.113112354514612,7.365634075834547
RNU6-904P,Pseudogene,RNU6,1.1692728842179114,-0.0670000016689301,0,0,-0.0022864697003232015,-12.005689986512866
RNU6-905P,Pseudogene,RNU6,1.3958636987791062,0.0299999993294477,0,0,3.1624742987132204,5.812841049864088
RNU6-906P,Pseudogene,RNU6,1.6870937329429865,0.293000012636185,1.24,0,1.1825794818377626,5.049579254820142
RNU6-907P,Pseudogene,RNU6,1.0215965510900435,0.30799999833107,0.26,0,1.6796543838954103,9.992083183958325
RNU6-908P,Pseudogene,RNU6,1.6997627722391788,0.124499998986721,0,0,1.8904705288386476,4.086664787962232
RNU6-909P,Pseudogene,RNU6,1.136168126913226,-0.0590000003576279,0.67,0,5.29634847664596,6.7383166472456795
RNU6-90P,Pseudogene,RNU6,1.376264032977908,-0.0525000002235174,4.58,0,3.1851860525584352,5.737748257353101
RNU6-910P,Pseudogene,RNU6,1.103706180429991,-0.172000005841255,0,0,7.714619064567103,-3.4012898285843987
RNU6-911P,Pseudogene,RNU6,1.0687471611403534,0.208000004291534,0,0,-11.789255237343298,-0.6151535590150019
RNU6-912P,Pseudogene,RNU6,1.77011248563871,0.284000009298325,0,0,1.319714510676874,4.883514515592847
RNU6-913P,Pseudogene,RNU6,1.279684100839107,0.270000010728836,0,0,1.2499101402735842,7.555360905363355
RNU6-914P,Pseudogene,RNU6,0.9878557475678036,-0.0230000000447035,5.81,0,5.610456848380579,7.618045918180738
RNU6-915P,Pseudogene,RNU6,1.0454007425717533,-0.243000000715256,1,0,4.742848778007044,7.745371453001295
RNU6-916P,Pseudogene,RNU6,1.3383852063821855,0.263999998569489,0,0,2.0369785072779787,7.123176686003004
RNU6-917P,Pseudogene,RNU6,1.4695273465679857,0.256999999284744,0,0,-12.815876102211462,-2.1192816575028557
RNU6-918P,Pseudogene,RNU6,1.1796548854096351,0.421999990940094,0,0,5.589689636466517,-2.301841386125292
RNU6-919P,Pseudogene,RNU6,1.60312074171053,0.226999998092651,0,0,4.521975898978724,-2.0121880848862785
RNU6-91P,Pseudogene,RNU6,1.0387822874635209,0.30799999833107,0.09,0,0.8275227191424502,10.185104958250317
RNU6-920P,Pseudogene,RNU6,0.9816210338734764,-0.185500003397465,0.27,0,5.008515739676966,8.22111760778645
RNU6-921P,Pseudogene,RNU6,1.3634017522958712,0.284000009298325,0.21,0,-0.5204208848500119,7.598887554838453
RNU6-922P,Pseudogene,RNU6,1.1928945586465558,-0.296000003814697,0,0,4.197491073844446,7.063498131468092
RNU6-923P,Pseudogene,RNU6,1.298477859329401,-0.068000003695488,0,0,-11.602822398903356,-0.5229036291100642
RNU6-924P,Pseudogene,RNU6,1.1256480516640297,-0.121500000357628,0.21,0,4.325127744910731,7.550103775694166
RNU6-925P,Pseudogene,RNU6,1.1689422074972615,0.303000003099442,0.76,0,-11.708477115395056,-0.9596425374009272
RNU6-926P,Pseudogene,RNU6,1.298477859329401,0.27700001001358,0,0,4.798061752555384,-1.1557109435059687
RNU6-927P,Pseudogene,RNU6,1.1114970475859671,0.204999998211861,0,0.01,-11.557233905556188,-0.44973737792750795
RNU6-928P,Pseudogene,RNU6,1.135543858711625,-0.250500001013279,0.69,0,0.0770938637232913,-12.6551641304948
RNU6-929P,Pseudogene,RNU6,1.0387822874635209,0.305000007152557,0,0,1.046125585076822,10.179347626402173
RNU6-92P,Pseudogene,RNU6,1.1021455099259891,0.30799999833107,0,0,2.3834512474513185,8.444865338041577
RNU6-930P,Pseudogene,RNU6,0.8336227856894756,-0.0325000006705523,3.21,0,-10.612028217079626,-2.788253672883715
RNU6-931P,Pseudogene,RNU6,1.266015912846166,-0.314999997615814,0.3,0,4.655256653068079,6.191240421964918
RNU6-932P,Pseudogene,RNU6,0.7864365902730902,0.209000006318092,0,0,3.7273549082255495,10.33428727789143
RNU6-933P,Pseudogene,RNU6,1.6555592706449864,0.29899999499321,0.09,0,4.539410734412684,-1.4778475840546748
RNU6-934P,Pseudogene,RNU6,0.8115486620808757,0.186000004410744,0,0,3.5235680582499636,10.614216438963208
RNU6-935P,Pseudogene,RNU6,0.7988885029524141,0.233500003814697,0,0,3.7859245779490602,10.259576431944165
RNU6-936P,Pseudogene,RNU6,0.7790867155976406,0.0070000002160668,0,0,4.725379848716273,9.334639183714184
RNU6-937P,Pseudogene,RNU6,0.950277546579984,0.019000000320375,0,0,4.639920139548792,8.785853020384106
RNU6-938P,Pseudogene,RNU6,1.079123347170842,0.282000005245209,0,0,5.221329117057337,-1.1716247876145502
RNU6-939P,Pseudogene,RNU6,1.0712442339467558,-0.204999998211861,0,0,4.789863491294398,7.690082184507642
RNU6-940P,Pseudogene,RNU6,0.9685521147834452,-0.235999993979931,0,0,4.179054641959681,8.186974636747632
RNU6-941P,Pseudogene,RNU6,0.2572909832374924,-0.280499994754791,0,0.07,5.412874126670374,10.434320084287915
RNU6-942P,Pseudogene,RNU6,1.201092019879696,-0.120999999344349,0,0,-11.482771968605505,-3.119026549623217
RNU6-943P,Pseudogene,RNU6,1.0632943695018822,0.0405000001192093,0.34,0,4.839697742698206,7.461767784788404
RNU6-944P,Pseudogene,RNU6,0.9738583944970508,-0.108000002801418,2.02,0,4.383398437736048,8.372639290525708
RNU6-945P,Pseudogene,RNU6,0.9089345015305808,0.184000000357628,0.64,0,2.4279183390116823,10.253348938658032
RNU6-946P,Pseudogene,RNU6,1.330939805812636,0.282999992370605,0,0,-0.14665726399658785,7.271105400755201
RNU6-947P,Pseudogene,RNU6,0.7536683990117115,-0.126999996602535,0,0,-10.452109431984411,-2.630506165788378
RNU6-948P,Pseudogene,RNU6,0.9089345015305808,-0.0379999987781048,0.24,0,4.742990875480189,8.768744103147778
RNU6-949P,Pseudogene,RNU6,0.7141628226311706,0.174999997019768,0,0,5.39881315254928,-0.9834641297318598
RNU6-94P,Pseudogene,RNU6,0.9738583944970508,-0.116999998688698,4.06,0,4.2957438471293585,8.349488846494946
RNU6-950P,Pseudogene,RNU6,1.4607875917455764,0.159999996423721,0,0,-11.978063678505407,-0.4655952532746454
RNU6-951P,Pseudogene,RNU6,0.9413964480138156,0.214000001549721,0,0,2.4098474028086794,10.245215050413403
RNU6-952P,Pseudogene,RNU6,1.1256480516640297,-0.108000002801418,0.26,0,5.252739334342493,6.86612140341023
RNU6-953P,Pseudogene,RNU6,0.9738583944970508,0.277999997138977,0,0,6.34267940544845,-1.3217971404053828
RNU6-954P,Pseudogene,RNU6,1.201092019879696,-0.0240000002086162,0.67,0,4.599104547736658,6.508133522703443
RNU6-955P,Pseudogene,RNU6,1.1021455099259891,0.252000004053116,0,0,1.9487469437098635,8.828462235166821
RNU6-956P,Pseudogene,RNU6,1.079123347170842,0.0649999976158142,0.7,0,5.586493873832239,7.104504696562086
RNU6-957P,Pseudogene,RNU6,0.9823837541795166,0.26800000667572,0,0,1.8437119963145387,10.225727669431958
RNU6-958P,Pseudogene,RNU6,1.1141185028868776,0.248499989509583,0,0,2.280156517264856,8.57946836157063
RNU6-959P,Pseudogene,RNU6,0.7466247691144057,0.30799999833107,0,0,3.0954817774272096,11.1781459967635
RNU6-95P,Pseudogene,RNU6,1.3958636987791062,0.194999992847443,0,0,0.8608355464911593,6.474437824919019
RNU6-960P,Pseudogene,RNU6,1.157809424568716,-0.0230000000447035,0,0,3.631068134543909,7.457738987638746
RNU6-961P,Pseudogene,RNU6,0.8931672703815808,0.282999992370605,0,0,6.629434013602747,-1.1478631575562617
RNU6-964P,Pseudogene,RNU6,1.0571303441714364,0.284000009298325,0,0,1.5091272237277162,9.899708382322583
RNU6-965P,Pseudogene,RNU6,0.868357068426537,-0.0450000017881393,0,0,5.224434757468714,8.812897316648755
RNU6-966P,Pseudogene,RNU6,1.3025356026398056,-0.132500000298023,0,0,3.937399530646814,5.688658348753248
RNU6-967P,Pseudogene,RNU6,1.318616289092149,0.216500014066696,0,0,2.0724530460810793,7.133444420530592
RNU6-968P,Pseudogene,RNU6,0.8440106085641107,0.214000001549721,0,0,6.5936893465495245,-1.0191068728425166
RNU6-969P,Pseudogene,RNU6,1.720174002216378,0.284000009298325,1.37,0,-12.314760303261266,-0.7570554097153803
RNU6-970P,Pseudogene,RNU6,0.7141628226311706,-0.0379999987781048,0,0,5.070622349021448,9.482163063719067
RNU6-971P,Pseudogene,RNU6,1.2451912679323929,-0.0765000022947788,0,0,7.140035057303919,-2.907311805055346
RNU6-972P,Pseudogene,RNU6,0.7790867155976406,-0.193000003695488,0,0,5.280512237784876,9.225887886717114
RNU6-973P,Pseudogene,RNU6,1.266015912846166,-0.270000010728836,0,0,7.6594122889018195,-3.7369564850785393
RNU6-974P,Pseudogene,RNU6,1.4151004078062084,-0.0175000009476207,0,0,3.1438144686198366,5.7164379279158455
RNU6-975P,Pseudogene,RNU6,1.1247291552953242,0.29899999499321,0,0,-11.678241824867712,-1.459806569383349
RNU6-976P,Pseudogene,RNU6,1.8149445033779872,-0.226999998092651,0,0,2.034203195807947,4.660524479582105
RNU6-977P,Pseudogene,RNU6,1.079123347170842,-0.0320000015199184,0,0,0.5548303181803359,-11.968103774354663
RNU6-978P,Pseudogene,RNU6,1.7198528345535296,0.407999992370605,0,0.02,-1.0719353911900389,-9.36325682000896
RNU6-979P,Pseudogene,RNU6,0.8764725550473457,-0.0759999975562096,7.87,0,7.517177963492884,-2.4890581448533196
RNU6-97P,Pseudogene,RNU6,1.1021455099259891,0.239999994635582,1.51,0,0.3643557968115939,9.693442932798657
RNU6-980P,Pseudogene,RNU6,1.3489041839635527,0.298000007867813,0,0,5.62338819527389,-3.450914748475756
RNU6-982P,Pseudogene,RNU6,1.4983416082653973,0.298000007867813,0,0,5.220012569663538,-4.0217822869279045
RNU6-983P,Pseudogene,RNU6,1.0116781379726645,0.214000001549721,0,0,2.963750267264856,9.764134995176587
RNU6-984P,Pseudogene,RNU6,1.115321005318488,-0.188999995589256,0,0,5.247953796622767,6.845670334532056
RNU6-985P,Pseudogene,RNU6,1.001950463569081,0.203999996185303,0,0,6.651657009360804,-1.990582116410937
RNU6-986P,Pseudogene,RNU6,0.8172772408720348,-0.124499995261431,0,0,5.266514206168665,8.964836708738599
RNU6-987P,Pseudogene,RNU6,1.2357389050685337,0.0439999997615814,0,0,2.6448632719493044,6.712159268095289
RNU6-988P,Pseudogene,RNU6,1.103706180429991,0.284000009298325,0,0,2.0847088339305055,8.738225571348462
RNU6-989P,Pseudogene,RNU6,0.8440106085641107,0.204999998211861,0,0,3.542567634818567,10.367256752683911
RNU6-98P,Pseudogene,RNU6,1.006320340980286,0.0570000000298023,0,0,1.0461724939322603,9.893396965696606
RNU6-990P,Pseudogene,RNU6,1.703315788067438,-0.0780000016093254,0,0,2.058359527823938,4.870342365934644
RNU6-991P,Pseudogene,RNU6,1.136168126913226,0.421000003814697,0,0,2.2646770718073976,8.130784622862134
RNU6-992P,Pseudogene,RNU6,1.2221321703780892,0.30799999833107,0,0,-0.04928222871063814,8.325966469480786
RNU6-993P,Pseudogene,RNU6,1.0968720864335204,0.214000001549721,0,0,-11.678560352089391,-1.765991814897265
RNU6-994P,Pseudogene,RNU6,1.3768544508384732,-0.0949999988079071,0.63,0,3.200714731452478,6.3304186980269295
RNU6-995P,Pseudogene,RNU6,1.3634017522958712,0.305999994277954,0,0,1.0570706667876375,6.722906223966871
RNU6-996P,Pseudogene,RNU6,1.201092019879696,0.28099998831749,0,0,0.19716035747290983,8.386653534605298
RNU6-997P,Pseudogene,RNU6,1.5581734311952813,-0.143999993801117,0,0,2.5240907909846437,5.002215496732984
RNU6-998P,Pseudogene,RNU6,1.10049212632274,-0.156000003218651,1.45,0,5.246739769217982,6.993132225706373
RNU6-999P,Pseudogene,RNU6,0.8931672703815808,-0.319999992847443,0,0,1.2184673788523805,-13.553989775941577
RNU6-99P,Pseudogene,RNU6,1.103706180429991,0.379000008106232,0,0,2.1014263870692385,8.639422051145825
RNU4ATAC,Functional,RNU4ATAC,4.836080904160099,3.65599989891052,21.99,1,-5.229722594978796,-4.607914336488451
RNU4ATAC10P,Pseudogene,RNU4ATAC,0.8256509830940844,0.737000018358231,0,0.5,1.2810388448214662,-9.069015868470874
RNU4ATAC11P,Pseudogene,RNU4ATAC,1.2956438798745156,0.754999995231628,2.54,0.55,0.8507957401251925,-9.14625585870525
RNU4ATAC12P,Pseudogene,RNU4ATAC,1.106578919056826,0.592999994754791,0.62,0.49,1.2088070752596987,-9.443229087159839
RNU4ATAC13P,Pseudogene,RNU4ATAC,1.1026756424463962,0.865000009536743,0,0.53,1.0907324793315065,-8.701909430787769
RNU4ATAC14P,Pseudogene,RNU4ATAC,1.1708185192267917,0.003000000026077,0,0,2.8306707384562624,-11.850762732789722
RNU4ATAC15P,Pseudogene,RNU4ATAC,1.0751087513852364,1.42249995470047,0,0.7,1.1290117146945131,-8.814312346742359
RNU4ATAC16P,Pseudogene,RNU4ATAC,1.3507776619968357,0.663500010967255,2.33,0.54,0.7050958516574038,-9.17811048822185
RNU4ATAC17P,Pseudogene,RNU4ATAC,1.186754660182934,0.0480000004172325,3.52,0,0.32372682714225187,-11.120083220765796
RNU4ATAC18P,Pseudogene,RNU4ATAC,1.4059114441191551,0.784000009298325,2.21,0.55,1.010647320983423,-8.733965285585132
RNU4ATAC2P,Pseudogene,RNU4ATAC,0.9648411871405967,0.75,0,0.51,1.2406186106181276,-9.106177695558276
RNU4ATAC3P,Pseudogene,RNU4ATAC,1.2680769888133556,0.306000009179115,0,0,0.30008717798949613,-9.614422210023609
RNU4ATAC4P,Pseudogene,RNU4ATAC,0.6616053854678376,0.838499993085861,0,0.55,1.2983361723399294,-9.129984267518726
RNU4ATAC5P,Pseudogene,RNU4ATAC,1.1026756424463962,1.06950002908707,0,0.56,-12.500131702187048,-2.3848568280198235
RNU4ATAC6P,Pseudogene,RNU4ATAC,1.3783445530579952,0.344999998807907,0,0,-0.10102144456146822,-9.330514319703784
RNU4ATAC7P,Pseudogene,RNU4ATAC,1.1114970475859671,0.157000005245209,0,0,0.7973135652518405,-10.68833292321941
RNU4ATAC8P,Pseudogene,RNU4ATAC,1.46585046413287,-0.112000003457069,0,0,-1.7274509427571165,-10.362546332643237
RNU4ATAC9P,Pseudogene,RNU4ATAC,1.3783445530579952,0.825999975204468,0,0.55,0.8490126224732532,-9.041311629579273
RNU6ATAC,Functional,RNU6ATAC,4.245301223418625,7.1085000038147,167.93,1,-5.172676181557165,-4.8087109406449455
RNU6ATAC10P,Pseudogene,RNU6ATAC,1.345562304228508,3.58699989318848,16.48,0.89,-4.865120029213415,-5.582480319307055
RNU6ATAC11P,Pseudogene,RNU6ATAC,1.3615838832928102,4.96299982070923,0,0.78,-4.960020637276159,-5.515007861421313
RNU6ATAC12P,Pseudogene,RNU6ATAC,1.147741516528988,-0.119999997317791,1.72,0,0.04818698191405668,-12.369099982545581
RNU6ATAC13P,Pseudogene,RNU6ATAC,1.16664766445092,0.0750000029802322,0,0,0.3723321201777591,-11.070616133973804
RNU6ATAC14P,Pseudogene,RNU6ATAC,0.91606899526316,-0.0359999984502792,0,0,1.5234037878489626,-12.854853995607105
RNU6ATAC15P,Pseudogene,RNU6ATAC,1.0334166764745565,3.10999989509583,0,0.78,-4.818898772957311,-5.697164901063647
RNU6ATAC16P,Pseudogene,RNU6ATAC,0.9312814936748368,1.56450003385544,2.28,0.74,1.1416061165309084,-8.800675757692066
RNU6ATAC17P,Pseudogene,RNU6ATAC,1.2719596495261951,0.222000002861023,1.3,0.01,-12.482511615517126,-2.827280886934008
RNU6ATAC18P,Pseudogene,RNU6ATAC,1.10049212632274,2.10999989509583,0.99,0.76,1.1153758408999574,-8.758236296937671
RNU6ATAC19P,Pseudogene,RNU6ATAC,0.8209921374214532,0.405000001192093,0,0,2.6259688379740846,-10.09884966211101
RNU6ATAC20P,Pseudogene,RNU6ATAC,1.0392934992191625,3.83100008964539,0.41,0.68,-4.8367706296467645,-5.571947463319506
RNU6ATAC21P,Pseudogene,RNU6ATAC,0.909707405018277,3.2335000038147,0,0.78,-4.853843784096227,-5.662050612733569
RNU6ATAC22P,Pseudogene,RNU6ATAC,1.7172004948659607,0.282999992370605,0,0,5.115907097098841,-5.05502641992351
RNU6ATAC23P,Pseudogene,RNU6ATAC,0.7906991192176597,0.880999982357025,0,0.55,1.2872166874385012,-9.022336371705737
RNU6ATAC24P,Pseudogene,RNU6ATAC,0.9005184413312235,0.298000007867813,31.44,0.04,2.4112713577723635,-10.182355292604175
RNU6ATAC25P,Pseudogene,RNU6ATAC,1.157809424568716,2.03200006484985,0,0.78,1.0757375004267824,-8.715221770570484
RNU6ATAC26P,Pseudogene,RNU6ATAC,0.8545736228959571,5.06799983978271,0,0.7,-4.811093425514684,-5.574642070100512
RNU6ATAC27P,Pseudogene,RNU6ATAC,0.700523349318887,4.58400011062622,1.24,0.68,-4.844565486671911,-5.651758082673754
RNU6ATAC28P,Pseudogene,RNU6ATAC,1.295176644432801,0.239999994635582,0,0,-11.76036367392777,-1.9427782376267573
RNU6ATAC29P,Pseudogene,RNU6ATAC,1.1948593261549147,3.97699999809265,0.54,0.69,-4.826441383125768,-5.575408347413744
RNU6ATAC2P,Pseudogene,RNU6ATAC,1.3783445530579952,4.34450006484985,1.25,0.76,-4.948738670113073,-5.539958365724291
RNU6ATAC30P,Pseudogene,RNU6ATAC,1.281182559973579,3.994500041008,0.2,0.7,-4.838734721901403,-5.588754542634692
RNU6ATAC31P,Pseudogene,RNU6ATAC,0.9372742960794368,3.08400011062622,0,0.78,-4.847092723610388,-5.675332434938158
RNU6ATAC32P,Pseudogene,RNU6ATAC,1.005466079230727,0.27700001001358,0,0,6.5767215731120245,-3.4784447033860344
RNU6ATAC33P,Pseudogene,RNU6ATAC,0.9372742960794368,4.03550004959106,0,0.78,-4.895099735023962,-5.6182411988236565
RNU6ATAC34P,Pseudogene,RNU6ATAC,1.0908287140564763,5.07399988174438,0,0.78,-4.941174125435339,-5.593204863832201
RNU6ATAC35P,Pseudogene,RNU6ATAC,0.8057727752066064,0.0720000006258488,0.99,0,2.0228433849787844,-13.264945395753589
RNU6ATAC36P,Pseudogene,RNU6ATAC,1.2156998957971517,0.282999992370605,0,0,0.5357632505273952,-9.817560561464038
RNU6ATAC37P,Pseudogene,RNU6ATAC,1.2196771037441436,3.84699988365173,0,0.7,-4.835285281898962,-5.560369380281176
RNU6ATAC38P,Pseudogene,RNU6ATAC,1.0751087513852364,4.13849997520447,0,0.78,-4.90063056922196,-5.602824099824633
RNU6ATAC39P,Pseudogene,RNU6ATAC,1.165579957619513,0.212999999523163,1.55,0,-11.394198512794958,-1.6012216885544917
RNU6ATAC3P,Pseudogene,RNU6ATAC,1.130242533507556,5.24600005149841,0,0.78,-4.934824084999548,-5.563053019807543
RNU6ATAC40P,Pseudogene,RNU6ATAC,1.5212094629369992,0.330000013113022,0,0,-0.8818893191838132,-9.324818976686206
RNU6ATAC41P,Pseudogene,RNU6ATAC,1.0199749692629163,3.64549994468689,0,0.7,-4.819105243446813,-5.5474218209244865
RNU6ATAC42P,Pseudogene,RNU6ATAC,1.4990585181258114,-0.125,0.44,0,2.97525038742782,5.237678639128004
RNU6ATAC4P,Pseudogene,RNU6ATAC,0.9372742960794368,4.60549998283386,0.24,0.77,-4.907219981911169,-5.607658274934496
RNU6ATAC5P,Pseudogene,RNU6ATAC,1.157809424568716,4.0475001335144,0,0.78,-4.9059258458638055,-5.612058528230395
RNU6ATAC6P,Pseudogene,RNU6ATAC,1.2956438798745156,3.93299996852875,1.06,0.76,-4.945434665443884,-5.5641383011796135
RNU6ATAC7P,Pseudogene,RNU6ATAC,1.285441959560543,3.92899990081787,0,0.78,-4.918940162422643,-5.608853228852953
RNU6ATAC8P,Pseudogene,RNU6ATAC,1.0199749692629163,4.30100011825562,0,0.72,-4.9038835523152216,-5.629067786500658
RNU6ATAC9P,Pseudogene,RNU6ATAC,1.1378471931106346,-0.0540000014007092,0.26,0,0.17608862542868986,-12.044377692506519
RNU11,Functional,RNU11,4.013739338504882,5.12800002098083,15.59,0.99,-5.192192172768102,-4.789505370423998
RNU11-2P,Pseudogene,RNU11,1.1985773620535298,0.0500000007450581,0.16,0,0.248674118754877,-11.117377646730151
RNU11-3P,Pseudogene,RNU11,0.9924080782017566,1.46899998188019,3.95,0.7,1.1177925112223757,-8.783843406007495
RNU11-4P,Pseudogene,RNU11,0.9924080782017566,0.885999977588654,0.89,0.56,1.2126327397799623,-9.072967894838062
RNU11-5P,Pseudogene,RNU11,1.4001416297110054,0.305000007152557,0,0,5.775432491538538,-4.444618590638842
RNU11-6P,Pseudogene,RNU11,1.1229880884914614,1.43599998950958,1.99,0.71,1.1396298649287355,-8.805881865785327
RNU12,Functional,RNU12,4.492300567326618,6.10249996185303,89.68,1,-5.160788154366003,-4.828528292939867
RNU12-2P,Pseudogene,RNU12,0.9796848977119904,3.99199998378754,1.99,0.7,-4.872701263191686,-5.594553836152758
VTRNA1-1,Functional,VTRNA,2.631385055837991,0.115000002086163,0,0.54,-1.896962976219641,-9.200287230775562
VTRNA1-2,Functional,VTRNA,3.161210001912337,0.405000001192093,0,0.87,-5.164238071205602,-4.534208663270678
VTRNA1-3,Functional,VTRNA,2.029418766659772,0.328999996185303,1.76,0.8,-1.7010577676319945,-9.358247168824878
VTRNA2-1,Functional,VTRNA,1.9809395623480377,-0.0165000003762543,1.45,0.29,-1.8082784173512327,-9.417800315187183
VTRNA2-2P,Pseudogene,VTRNA,1.5512398115580857,0.300999999046326,0,0,5.145875835654749,-5.024536975190844
VTRNA2-2P,Pseudogene,VTRNA,1.5512398115580857,0.300999999046326,0,0,5.137016678092493,-5.0355738480546135
VTRNA2-2P,Pseudogene,VTRNA,1.5512398115580857,0.300999999046326,0,0,5.124953174827112,-5.04681862191936
VTRNA2-2P,Pseudogene,VTRNA,1.5512398115580857,0.300999999046326,0,0,5.144563579795374,-5.022766955659594
VTRNA3-1P,Pseudogene,VTRNA,0.7151175857630304,0.167999997735023,0,0,2.956559086081995,-13.758434661195484
VTRNA3-1P,Pseudogene,VTRNA,0.7151175857630304,0.167999997735023,0,0,2.962642336127771,-13.762558348939624
VTRNA3-1P,Pseudogene,VTRNA,0.7151175857630304,0.167999997735023,0,0,2.9799062254405153,-13.756929763124194
VTRNA3-1P,Pseudogene,VTRNA,0.7151175857630304,0.167999997735023,0,0,2.965113544700159,-13.763226874635425
RNY1,Functional,RNY,3.87302621669889,2.04900002479553,461.11,1,-5.350482082130895,-4.462409385011401
RNY1P1,Pseudogene,RNY,1.3955738599712202,-0.200000002980232,0,0,7.217180156943812,-3.8721641381241936
RNY1P10,Pseudogene,RNY,1.4754385587424346,-0.193000003695488,0,0,7.1834706308818,-4.488143809602465
RNY1P11,Pseudogene,RNY,1.198793828978228,-0.308999985456467,2.4,0,4.876830959556116,6.464694134428297
RNY1P12,Pseudogene,RNY,1.5547726558494188,0.30799999833107,3.48,0,5.356144809958948,-4.852744944856371
RNY1P13,Pseudogene,RNY,0.7277659240146215,0.30799999833107,2.18,0,3.8081981184458864,10.700605980589184
RNY1P14,Pseudogene,RNY,0.9326798142359102,0.30799999833107,7.13,0,6.483401203391566,-1.267372854516711
RNY1P15,Pseudogene,RNY,1.330939805812636,-0.104000002145767,0.28,0,-0.9448615071797238,-11.234766372010913
RNY1P16,Pseudogene,RNY,1.126517277958751,-0.0879999995231628,6.87,0,4.245331907508387,7.573391071989332
RNY1P2,Pseudogene,RNY,1.2171842668542912,0.30799999833107,0,0,1.7795458080744875,7.874039284422193
RNY1P3,Pseudogene,RNY,1.0596899818086554,-0.166999995708466,0,0,5.351296806571497,6.979199520780836
RNY1P4,Pseudogene,RNY,1.4195750336016433,0.305000007152557,0,0,1.5798855068659914,6.420175186826978
RNY1P5,Pseudogene,RNY,1.3893713094824591,-0.0419999994337559,0,0,2.934448147056116,5.732103935911451
RNY1P6,Pseudogene,RNY,1.083454690880817,-0.284000009298325,0.15,0,0.2358472886061801,-12.83049429254314
RNY1P7,Pseudogene,RNY,1.0104518614417886,0.219999998807907,0,0,-11.856462573769079,-1.391007788942065
RNY1P8,Pseudogene,RNY,1.0359347482983248,0.294999986886978,0,0,1.6457455399012697,9.937106720640454
RNY1P9,Pseudogene,RNY,1.4339841496951988,0.300999999046326,3.42,0,1.4453422071910036,6.225785366728101
RNY3,Functional,RNY,3.166949308379135,1.97699999809265,1.8,0.98,-5.350871658089147,-4.48233354882976
RNY3P1,Pseudogene,RNY,0.9875433327203754,0.239999994635582,0,0,-11.271953677895056,-1.8922582943894526
RNY3P10,Pseudogene,RNY,1.3280755164170566,0.344999998807907,0,0,1.7700637819743288,7.185132614805494
RNY3P11,Pseudogene,RNY,1.0215965510900435,0.30799999833107,9.19,0,1.567911291358484,10.025556198789868
RNY3P12,Pseudogene,RNY,1.123756206199048,-0.197999998927116,0,0,5.111188316581263,7.002226940824781
RNY3P13,Pseudogene,RNY,0.8513304592417029,0.29899999499321,0,0,6.794679546592249,-1.3526244242646357
RNY3P14,Pseudogene,RNY,1.2599690796777203,0.30799999833107,0,0,-10.987588977577673,-1.164884694383349
RNY3P15,Pseudogene,RNY,1.0742561671256128,-0.150999993085861,0,0,5.269291782615198,7.188802353575025
RNY3P16,Pseudogene,RNY,0.5846364421089557,0.261999994516373,0,0,6.764441871879114,-1.386676915452685
RNY3P2,Pseudogene,RNY,0.9194368959810392,-0.0879999995231628,13.19,0,4.860635662314905,8.673748604490552
RNY3P3,Pseudogene,RNY,1.4983416082653973,-0.110500000417233,0,0,2.9280971529460085,5.267056576444898
RNY3P4,Pseudogene,RNY,1.2380536421130823,0.296999990940094,0,0,1.8126015903926027,7.786951653196607
RNY3P5,Pseudogene,RNY,1.157809424568716,0.300000011920929,0,0,1.026115501163019,8.725059143736157
RNY3P7,Pseudogene,RNY,1.0317113684275687,-0.13400000333786,0,0,5.404571438071741,7.419894329740797
RNY3P8,Pseudogene,RNY,1.2680769888133556,0.230000004172325,5.12,0,0.7798843475556506,7.692875496580396
RNY3P9,Pseudogene,RNY,1.1468866941482565,-0.0689999982714653,0,0,4.815448189017786,6.97098790807942
RNY4,Functional,RNY,2.7136158388329283,2.55200004577637,0,0.98,-5.400483226540075,-4.463477023408617
RNY4P10,Pseudogene,RNY,1.157809424568716,0.0115000000223517,0,0,5.381471538779749,6.732619873716627
RNY4P13,Pseudogene,RNY,1.3025356026398056,-0.12050000205636,0,0,7.484839821097864,-3.945989020631518
RNY4P14,Pseudogene,RNY,1.1939909690864885,0.305000007152557,0,0,2.249789738891138,8.0918742339156
RNY4P16,Pseudogene,RNY,0.5912218338223231,0.306500002741814,0,0,7.978832626578821,-1.520295627877917
RNY4P17,Pseudogene,RNY,1.157809424568716,0.0690000001341105,0.86,0,7.346908951041712,-4.211709388063158
RNY4P18,Pseudogene,RNY,1.2879003711494708,0.231000006198883,0,0,5.783711338279261,-4.164800532624926
RNY4P19,Pseudogene,RNY,0.8321755239087647,0.12049999833107,0,0,2.0067756416773928,-13.149764426515308
RNY4P20,Pseudogene,RNY,1.2698554979140757,0.30799999833107,0,0,5.94408550286056,-3.2848597844102043
RNY4P23,Pseudogene,RNY,0.7877878558921161,0.24600000679493,0,0,2.8048299791789186,-10.130628951356616
RNY4P24,Pseudogene,RNY,1.0854463355331714,0.111999999731779,0.25,0,5.334605121848597,7.270751110746656
RNY4P25,Pseudogene,RNY,0.8321755239087647,0.30799999833107,0.61,0,3.553941154716028,10.36815416021565
RNY4P27,Pseudogene,RNY,1.049264791015399,0.284000009298325,0,0,1.8735027554011476,9.0446649710677
RNY4P28,Pseudogene,RNY,1.120460733453596,-0.208000004291534,0,0,4.597385549781336,7.374020210935865
RNY4P29,Pseudogene,RNY,1.2891074005507357,0.118000000715256,0,0,5.87903776192428,-3.5493298848130364
RNY4P3,Pseudogene,RNY,1.4624961152446938,0.30799999833107,0.44,0,-11.812677478554235,-2.050808318422045
RNY4P30,Pseudogene,RNY,1.0968720864335204,0.19200000166893,0,0,6.32380380654098,-3.369622596070971
RNY4P34,Pseudogene,RNY,1.1334344893146375,-0.0790000036358833,0,0,7.59523763680221,-4.078273185060229
RNY4P36,Pseudogene,RNY,1.049264791015399,0.30799999833107,0,0,-11.159783458473669,-1.7220231373765131
RNY4P37,Pseudogene,RNY,1.230172513604261,0.214000001549721,0,0,6.083302402732386,-4.215245135591235
RNY4P6,Pseudogene,RNY,1.230172513604261,0.214000001549721,0.43,0,5.975874328849329,-1.9154535611130854
RNY4P7,Pseudogene,RNY,0.9045386129443096,-0.415500000119209,0,0,5.3075565340495245,8.292110554411206
RNY4P9,Pseudogene,RNY,0.8952134726046772,0.211999997496605,0,0,6.428878212211146,-1.2669240315415522
MT-TA,Functional,TRNA,0,1.93099999427795,848.15,1,-5.230467414619909,-6.823549636171069
MT-TC,Functional,TRNA,0,1.03649997711182,850.15,1,-5.392187213661657,-7.100232966706957
MT-TD,Functional,TRNA,0,1.89650005102158,16.51,0.95,-5.203390693428503,-6.796841510102953
MT-TE,Functional,TRNA,0,1.73800003528595,134.35,1,-5.219377612831579,-6.825556166932787
MT-TF,Functional,TRNA,0,1.69700002670288,0,0.89,-5.212183570625768,-6.8136242707230705
MT-TG,Functional,TRNA,0,0.828999996185303,306.57,1,-5.398825263741003,-7.106686480806078
MT-TH,Functional,TRNA,0,1.03799998760223,1153.94,1,-5.387400245430456,-7.093482383058276
MT-TI,Functional,TRNA,0,3.79900002479553,415.64,1,-4.922750091316686,-5.76648128824016
MT-TK,Functional,TRNA,0,1.44749999046326,31.43,1,-5.342473125221716,-7.021078475282397
MT-TL1,Functional,TRNA,0,3.49600005149841,0,0.96,-4.89966449713944,-5.76854074792644
MT-TL2,Functional,TRNA,0,4.61299991607666,112.81,1,-4.886050796272741,-5.701293834016528
MT-TM,Functional,TRNA,0,5.76999998092651,34.77,1,-4.903647041084753,-5.637046225831713
MT-TN,Functional,TRNA,0,1.98199999332428,656.69,1,-5.194367503883825,-6.7833789666154045
MT-TP,Functional,TRNA,0,0.754499971866608,300.57,1,-5.397622203590856,-7.09707964257976
MT-TQ,Functional,TRNA,0,2.08150005340576,363.47,1,-5.187774753334509,-6.761155970857348
MT-TR,Functional,TRNA,0,2.04900002479553,400.09,1,-5.19013891196488,-6.763771422670092
MT-TS1,Functional,TRNA,0,3.55900001525879,2004.02,1,-4.913011646034704,-5.738714583680834
MT-TS2,Functional,TRNA,0,1.0900000333786,99.13,1,-5.363830661537634,-7.075052626893725
MT-TT,Functional,TRNA,0,1.18999999761581,229.69,1,-5.387250041725622,-7.109778769777026
MT-TV,Functional,TRNA,0,1.23300004005432,31.01,1,-5.381405925514684,-7.087523349092211
MT-TW,Functional,TRNA,0,2.15200006961823,136.41,1,-5.179426288368688,-6.747960933015551
MT-TY,Functional,TRNA,0,2.32850003242493,1314.03,1,-5.18414936042069,-6.751144774720873
NMTRQ-TTG12-1,Functional,TRNA,1.9779244336382231,2.12349998950958,0,0.91,1.0681334974742067,-8.760674842164722
NMTRS-TGA3-1,Functional,TRNA,0.9564512637741568,3.51699995994568,0,0.78,-4.873624896767126,-5.65603435830852
VTRNA2-2P,Pseudogene,TRNA,1.5512398115580857,0.300999999046326,0,0,5.145539188621058,-5.025722392366137
VTRNA2-2P,Pseudogene,TRNA,1.5512398115580857,0.300999999046326,0,0,5.1007389070963995,-5.070912249849047
VTRNA2-2P,Pseudogene,TRNA,1.5512398115580857,0.300999999046326,0,0,5.146950626609339,-5.0362404664017815
VTRNA2-2P,Pseudogene,TRNA,1.5512398115580857,0.300999999046326,0,0,5.146699810264124,-5.026877768800463
VTRNA3-1P,Pseudogene,TRNA,0.7151175857630304,0.167999997735023,0,0,2.9672037603831423,-13.76294935540935
VTRNA3-1P,Pseudogene,TRNA,0.7151175857630304,0.167999997735023,0,0,2.9625300409770143,-13.762363799379077
VTRNA3-1P,Pseudogene,TRNA,0.7151175857630304,0.167999997735023,0,0,2.9435225965953005,-13.779130347535816
VTRNA3-1P,Pseudogene,TRNA,0.7151175857630304,0.167999997735023,0,0,2.9530047419047487,-13.760774024293628
RN7SL1,Functional,RN7SL,3.1597742155453923,0.28600001335144,2362115.65,1,-5.5489545819783075,-4.344736941621508
RN7SL100P,Pseudogene,RN7SL,1.4818380007278789,0.301999986171722,0.19,0,-11.236286258461462,2.480552307798658
RN7SL101P,Pseudogene,RN7SL,1.3694520075543952,0.305000007152557,0.39,0,5.3579010012126105,-3.9466227372147697
RN7SL104P,Pseudogene,RN7SL,1.17361569657648,-0.298000007867813,0.03,0,7.706715965507044,-3.572297461793627
RN7SL105P,Pseudogene,RN7SL,1.1384480629538545,0.289000004529953,4.67,0,6.25620069527389,-3.3543270905472893
RN7SL106P,Pseudogene,RN7SL,1.5570540537303423,-0.0515000000596046,0,0,6.947255039451136,-4.795124896333422
RN7SL107P,Pseudogene,RN7SL,1.165991823328919,0.0509999990463257,2.05,0,6.993944072959437,-4.064871199891772
RN7SL108P,Pseudogene,RN7SL,1.2513697821096226,0.44200000166893,0.17,0,-12.402960872414099,-2.531000026033129
RN7SL110P,Pseudogene,RN7SL,0.7364158884182647,-0.17399999499321,0.49,0,-10.411834811928259,-2.5289415200211662
RN7SL111P,Pseudogene,RN7SL,0.7312480576223469,0.30799999833107,0.21,0,6.6592339518046515,-0.9946427424409052
RN7SL113P,Pseudogene,RN7SL,0.6737753841971793,0.30799999833107,2.05,0,-10.336032008888708,-1.8739265282609125
RN7SL116P,Pseudogene,RN7SL,1.0818874950888002,-0.0160000007599592,1.86,0,7.659274006125941,-3.29052127198955
RN7SL117P,Pseudogene,RN7SL,1.3729429325122275,-0.0614999998360872,0.17,0,7.173581028220667,-3.790720828340258
RN7SL118P,Pseudogene,RN7SL,1.012124794987222,0.282999992370605,4.36,0,-10.787155246498571,-1.966052897737231
RN7SL11P,Pseudogene,RN7SL,1.126196880553188,0.30799999833107,1.58,0,-11.833505725624548,-0.6065883715607783
RN7SL120P,Pseudogene,RN7SL,1.1734554978736986,-0.137000001966953,0,0,7.661015415427698,-3.9833473046281
RN7SL121P,Pseudogene,RN7SL,1.730352546608191,0.153999999165535,0,0,-11.60660562491654,3.361270777418409
RN7SL122P,Pseudogene,RN7SL,1.14242325281365,0.293000012636185,0.1,0,5.793715858695521,-1.5405466635682246
RN7SL123P,Pseudogene,RN7SL,1.9151436714612664,0.25,0.23,0.49,-11.44346151328324,3.15745817823628
RN7SL124P,Pseudogene,RN7SL,0.840935266265699,0.229000002145767,2.21,0,7.660882854697718,-1.457356699273791
RN7SL125P,Pseudogene,RN7SL,1.016036841968465,0.282999992370605,0.9,0,6.197234058616175,-1.4856829722382685
RN7SL126P,Pseudogene,RN7SL,0.697009018135013,0.301999986171722,0,0,-10.94238100028275,0.12538494868496458
RN7SL127P,Pseudogene,RN7SL,1.0536065763575315,0.30799999833107,2.82,0,6.20461788201095,-1.8647242863633295
RN7SL128P,Pseudogene,RN7SL,1.355206441216497,0.211999997496605,53.07,0.08,-12.305230235817419,-2.4196428139664787
RN7SL12P,Pseudogene,RN7SL,1.0899378376112396,-0.100999999791384,0.99,0,7.721882724998011,-3.5836337883927483
RN7SL130P,Pseudogene,RN7SL,1.3324298623725224,0.30799999833107,4.36,0,5.234260940787806,-3.617988951966967
RN7SL131P,Pseudogene,RN7SL,1.4924887113581105,0.157000005245209,0,0,-11.313047504189,2.7366617838881355
RN7SL132P,Pseudogene,RN7SL,1.2555973827248577,-0.0720000006258488,0.07,0,-11.479480838539587,-2.623683818147387
RN7SL134P,Pseudogene,RN7SL,2.5219611228229457,0.152999997138977,0.43,0.62,-11.711422061684118,3.4837063471815926
RN7SL135P,Pseudogene,RN7SL,1.2369402845212545,0.303000003099442,0,0,-12.031767940285192,-2.3182932217576164
RN7SL138P,Pseudogene,RN7SL,1.1134334535922146,0.307000011205673,5.74,0,5.259023094413294,-1.2472618897416254
RN7SL140P,Pseudogene,RN7SL,1.016036841968465,0.29899999499321,0.07,0,-10.830959415199743,-0.4005136569001337
RN7SL141P,Pseudogene,RN7SL,1.2013360946652842,0.30799999833107,9.23,0,6.180551910636439,-3.8633421738602776
RN7SL143P,Pseudogene,RN7SL,1.286454916187462,0.214000001549721,0.19,0,-11.673636531593786,-2.143581517503466
RN7SL144P,Pseudogene,RN7SL,0.9066236511029606,0.237000003457069,0.71,0,6.533376598594202,-1.1047031958558222
RN7SL145P,Pseudogene,RN7SL,1.1851900528524355,-0.028999999165535,18.37,0.04,7.156343841788782,-3.0008655865647453
RN7SL146P,Pseudogene,RN7SL,1.473575631269275,0.239999994635582,2.91,0,-11.585620975258337,-2.0341399987198967
RN7SL147P,Pseudogene,RN7SL,0.7925943711812687,0.305000007152557,0.19,0,-10.367367839577184,-2.0457874615647453
RN7SL148P,Pseudogene,RN7SL,0.9586164052880768,0.293999999761581,0.08,0,-10.621625995399938,-2.0438343365647453
RN7SL149P,Pseudogene,RN7SL,1.0877640145414271,0.305000007152557,0,0,5.826950454947962,-2.1174174626328606
RN7SL14P,Pseudogene,RN7SL,1.165579957619513,0.214000001549721,0.55,0,6.29573287987472,-3.921568282411303
RN7SL150P,Pseudogene,RN7SL,1.45830958056365,-0.238500006496906,0,0,-11.956074809792028,-0.7277541239716669
RN7SL151P,Pseudogene,RN7SL,1.7428509359232265,0.130999997258186,0.53,0,-11.881125545265661,-1.6179481823899409
RN7SL152P,Pseudogene,RN7SL,1.177235757195708,-0.136500000953674,0.2,0,7.338135624167933,-2.986655123994555
RN7SL153P,Pseudogene,RN7SL,0.8445664638121113,0.109499998390675,13.02,0,-10.814957713844763,-2.6816972573258537
RN7SL154P,Pseudogene,RN7SL,1.3936594925364174,0.0719999969005585,0.29,0,-11.408589458229528,3.0773860137007576
RN7SL155P,Pseudogene,RN7SL,1.3999368707712991,0.305000007152557,0.15,0,-11.384953593971716,3.04570018453816
RN7SL156P,Pseudogene,RN7SL,0.9940403283303778,0.281999990344048,0.13,0,-10.974923228981481,-1.129011162088122
RN7SL159P,Pseudogene,RN7SL,1.260902044564561,0.165999993681908,0,0,-12.159301852943884,-2.028246529863085
RN7SL15P,Pseudogene,RN7SL,1.234740283344046,0.215000003576279,7.01,0,-12.571517085793005,-2.274100907609667
RN7SL160P,Pseudogene,RN7SL,0.9417393558992022,0.277999997138977,1.18,0,6.6348198893046515,-1.7084714253403803
RN7SL162P,Pseudogene,RN7SL,1.1062631145707935,0.293000012636185,0.35,0,-12.59525308585404,-2.4225395997025627
RN7SL163P,Pseudogene,RN7SL,1.5227710910088548,0.123000003397465,0.2,0,-11.528006648781286,3.242834440901075
RN7SL164P,Pseudogene,RN7SL,1.3526882386050345,-0.090999998152256,0.21,0,7.221654319999232,-3.8611568291642326
RN7SL165P,Pseudogene,RN7SL,0.7161707780837419,0.143999993801117,13.77,0,7.74819173836471,-1.3979736645676752
RN7SL166P,Pseudogene,RN7SL,1.3769662085049372,0.306999996304512,3.26,0,4.816419983146204,-2.405401595399584
RN7SL167P,Pseudogene,RN7SL,1.230651739359463,0.30799999833107,0,0,-12.085409259560095,-1.5099295456864497
RN7SL168P,Pseudogene,RN7SL,1.1329102971586362,0.294999986886978,0.6,0,-11.559990978004919,-1.103579171464648
RN7SL169P,Pseudogene,RN7SL,1.2499534272160533,0.159999996423721,0.41,0,5.750837230918421,-3.625090010926928
RN7SL16P,Pseudogene,RN7SL,1.4203610041177557,0.29899999499321,3.74,0,5.277406120536341,-3.955658801362719
RN7SL170P,Pseudogene,RN7SL,1.295176644432801,0.30799999833107,0.1,0,-11.942134952309118,-1.3468996365525385
RN7SL172P,Pseudogene,RN7SL,1.1234190456211304,0.30799999833107,5.87,0,-12.508431529762731,-2.736801274583544
RN7SL173P,Pseudogene,RN7SL,1.094367812263581,-0.0850000008940697,3.16,0,-11.338808154823766,-2.9645193894364494
RN7SL174P,Pseudogene,RN7SL,1.4302351715260608,-0.100000001490116,2.83,0,7.16944303536178,-2.911086447999682
RN7SL176P,Pseudogene,RN7SL,1.0525540223351963,-0.0379999987781048,0.3,0,-11.264849757912145,-2.803484328553881
RN7SL177P,Pseudogene,RN7SL,1.277849866580857,0.30799999833107,1.68,0,5.160041237113489,-2.762522824571337
RN7SL178P,Pseudogene,RN7SL,1.79384289135482,-0.190999999642372,1.16,0,-11.821336841347204,-2.8157888730027336
RN7SL180P,Pseudogene,RN7SL,0.909707405018277,0.28999999165535,1.1,0,6.518546486136927,-1.0894610960938593
RN7SL181P,Pseudogene,RN7SL,1.2288663206613808,0.30799999833107,2.69,0,-10.822675800087438,-0.05354047612925966
RN7SL182P,Pseudogene,RN7SL,1.076762764848906,0.187000006437302,0.38,0,-11.538677310707556,-1.1185561497666499
RN7SL183P,Pseudogene,RN7SL,1.2937937529576593,0.299000009894371,0,0,5.852852249381556,-3.9778841813065666
RN7SL184P,Pseudogene,RN7SL,0.760177905019864,0.282999992370605,0,0,7.742578411338343,-1.3555539925553461
RN7SL185P,Pseudogene,RN7SL,1.618143292168326,-0.156000003218651,0,0,6.927050972220911,-4.818917163179125
RN7SL186P,Pseudogene,RN7SL,1.0993342011056495,0.28600001335144,0.05,0,-11.229786967995153,-0.44099140958568056
RN7SL187P,Pseudogene,RN7SL,1.146345964919521,0.23199999332428,0.15,0,-12.003485774757849,-1.743969806001391
RN7SL188P,Pseudogene,RN7SL,1.157809424568716,0.101000003516674,0,0,6.413917923209681,-4.166547187135424
RN7SL189P,Pseudogene,RN7SL,1.1177468147220475,0.30799999833107,0.02,0,6.297737503287806,-4.155490763948168
RN7SL18P,Pseudogene,RN7SL,0.8474687540657612,0.30799999833107,0.41,0,-10.452815150978552,-1.966262229249682
RN7SL190P,Pseudogene,RN7SL,1.459650792063284,0.0850000008940697,0.15,0,-11.581780528786169,3.3169602076552254
RN7SL191P,Pseudogene,RN7SL,1.0021694691348888,0.138999998569489,0.36,0,6.790221596000208,-3.20595038728496
RN7SL192P,Pseudogene,RN7SL,1.1732985138606051,0.30799999833107,21.5,0.12,6.136257076499476,-3.770374663636889
RN7SL193P,Pseudogene,RN7SL,1.145224539519056,-0.146999999880791,0,0,7.66148462319137,-3.847197421357836
RN7SL196P,Pseudogene,RN7SL,0.6445537002753677,-0.0219999998807907,0.26,0,2.9068621637797487,-12.195827849672046
RN7SL197P,Pseudogene,RN7SL,1.196532147798439,0.30799999833107,0,0,-12.45137987113236,-1.2775634606339594
RN7SL198P,Pseudogene,RN7SL,1.1308836239973503,0.32600000500679,0.24,0,-11.254224872353063,2.6920496146223885
RN7SL199P,Pseudogene,RN7SL,0.024721909421396,0.231000006198883,1.55,0.23,5.405749225852503,10.993680588438306
RN7SL19P,Pseudogene,RN7SL,1.2145647885181627,0.30799999833107,2.19,0,-12.60904989218949,-2.372874148652758
RN7SL2,Functional,RN7SL,2.8945235614217903,0.305000007152557,3901077.06,1,-5.566881274940954,-4.316273101136889
RN7SL200P,Pseudogene,RN7SL,1.206051483925746,0.305000007152557,3.95,0,6.01928081536056,-2.2709289868333
RN7SL201P,Pseudogene,RN7SL,0.8566225134478,0.294999986886978,0,0,6.6995734217143195,-1.6091681797959467
RN7SL202P,Pseudogene,RN7SL,1.2727065430373672,0.257999986410141,0.18,0,-11.44806013083695,3.1453670184157234
RN7SL203P,Pseudogene,RN7SL,1.044375393107592,-0.126999996602535,0.37,0,-11.382644748451696,-3.132730849549975
RN7SL204P,Pseudogene,RN7SL,1.140132944804308,0.319999992847443,0.42,0,-11.24070272422074,2.603857151701246
RN7SL205P,Pseudogene,RN7SL,1.2964204120170837,-0.0299999993294477,0,0,-11.510161494972692,-2.6580802281357903
RN7SL208P,Pseudogene,RN7SL,1.1851900528524355,0.206000000238419,0.61,0,-12.487969493629919,-1.6198138077714106
RN7SL209P,Pseudogene,RN7SL,1.5982804013068146,-0.1875,0.53,0,-1.876539563896643,-9.970494635865894
RN7SL20P,Pseudogene,RN7SL,1.2279796927243958,0.30799999833107,1.09,0,5.10526075386764,-2.2432481129624504
RN7SL210P,Pseudogene,RN7SL,0.7839334645517348,0.185000002384186,0.12,0,-10.443734264137731,-2.0108894188859123
RN7SL211P,Pseudogene,RN7SL,1.0319605740721165,-0.037499999627471,0.21,0,7.7762383463359015,-3.2930361111619133
RN7SL213P,Pseudogene,RN7SL,1.2052905681630166,0.44200000166893,1.35,0,-12.083573436501013,-2.3934933026291985
RN7SL214P,Pseudogene,RN7SL,1.3500494799688048,-0.118000000715256,0,0,4.067191505668177,5.626994244291578
RN7SL215P,Pseudogene,RN7SL,1.0490219618575616,0.305000007152557,0,0,6.408878231284632,-3.509493716523852
RN7SL216P,Pseudogene,RN7SL,1.5618771432101473,0.29899999499321,0,0,5.515094185111536,-4.682556041047778
RN7SL217P,Pseudogene,RN7SL,0.8622846413746033,0.259500004351139,0.24,0,-10.838517284157263,-0.686958201692309
RN7SL218P,Pseudogene,RN7SL,1.1500648799227715,0.214000001549721,0,0,6.135521316764368,-2.37096298532268
RN7SL219P,Pseudogene,RN7SL,1.3729429325122275,0.194999992847443,1.54,0,6.076160812613978,-2.640273459718432
RN7SL220P,Pseudogene,RN7SL,1.2041218015514648,0.306500002741814,14.93,0,6.009940052268519,-2.3349324543931145
RN7SL221P,Pseudogene,RN7SL,1.359705018176784,0.30799999833107,0.2,0,5.62505998635055,-4.174563296601977
RN7SL222P,Pseudogene,RN7SL,1.3475507683943586,-0.0320000015199184,0,0,-11.877741908791052,-2.8190072854020256
RN7SL223P,Pseudogene,RN7SL,1.205066952102133,0.305000007152557,0,0,5.744906807181849,-3.4726609070756096
RN7SL225P,Pseudogene,RN7SL,1.2355147550766834,0.29899999499321,0.08,0,-12.509796237709509,-2.7735377629258293
RN7SL228P,Pseudogene,RN7SL,1.1921998035163015,-0.0879999995231628,0,0,7.572702789542689,-4.093371280000414
RN7SL229P,Pseudogene,RN7SL,1.2197657817362726,-0.116999998688698,0.67,0,-11.471063709022985,-2.789603360460009
RN7SL22P,Pseudogene,RN7SL,1.1492011760589116,0.301999986171722,0.09,0,-11.467135524513708,-1.8111184914567133
RN7SL230P,Pseudogene,RN7SL,1.3068344000082537,-0.0500000007450581,3.07,0,-11.64842805838822,-0.6015096981980463
RN7SL231P,Pseudogene,RN7SL,1.1748360337535502,0.27700001001358,1.06,0,6.2231964113688605,-4.0112160523392815
RN7SL233P,Pseudogene,RN7SL,1.2539452251646743,0.25,0.48,0,5.046249294517054,-1.955686457917895
RN7SL234P,Pseudogene,RN7SL,1.295176644432801,-0.0654999986290932,0.12,0,-11.814307307960974,-0.692903288171496
RN7SL236P,Pseudogene,RN7SL,1.137425455826309,0.291999995708466,0.25,0,5.452913666007532,-1.7240597088791987
RN7SL237P,Pseudogene,RN7SL,0.9682030031236648,0.0590000003576279,2.04,0,-11.175139522316442,-2.8992263157822746
RN7SL238P,Pseudogene,RN7SL,1.1378471931106346,-0.046000000089407,0,0,7.561510944602503,-4.074390776918139
RN7SL239P,Pseudogene,RN7SL,1.2620122727799006,-0.074499998241663,2.53,0,-11.773477649452673,-3.097941525743212
RN7SL23P,Pseudogene,RN7SL,1.1367583441220122,0.136999994516373,6.1,0,6.379846000907435,-3.9288281281449455
RN7SL240P,Pseudogene,RN7SL,1.457382492464118,0.207000002264977,0,0,5.293553257224573,-4.061640151307787
RN7SL241P,Pseudogene,RN7SL,1.30989456084681,-0.0135000003501773,0.09,0,-0.7870762107395993,-11.104883559510913
RN7SL242P,Pseudogene,RN7SL,0.760177905019864,0.305000007152557,5.47,0,6.772642517325892,-1.568982013032641
RN7SL244P,Pseudogene,RN7SL,1.1344193351834897,0.365000009536743,1.3,0,5.86675395989181,-2.9856115658738274
RN7SL246P,Pseudogene,RN7SL,1.2203937177886468,0.206000000238419,16.36,0.05,6.257748508689417,-4.188096888826098
RN7SL248P,Pseudogene,RN7SL,0.9185053489739664,0.296000003814697,0,0,-10.850140666725622,-0.40055955247661074
RN7SL250P,Pseudogene,RN7SL,1.2924384274255434,0.30799999833107,0.1,0,-12.1259194371724,-0.39105833368083437
RN7SL251P,Pseudogene,RN7SL,0.760177905019864,0.419999986886978,0.16,0,-10.94021329856156,-1.087328680322375
RN7SL252P,Pseudogene,RN7SL,1.356625184343142,0.30799999833107,0.12,0,5.5493988039469855,-4.094318755433764
RN7SL253P,Pseudogene,RN7SL,1.1851900528524355,0.284000009298325,0.17,0,-12.444755649330602,-2.746807940767016
RN7SL254P,Pseudogene,RN7SL,1.1129646933354207,0.347000002861023,0.84,0,-11.160195445778356,-1.3010572274186274
RN7SL255P,Pseudogene,RN7SL,1.2203937177886468,0.282000005245209,0.08,0,-11.542649364235388,-1.9698289711930415
RN7SL258P,Pseudogene,RN7SL,1.1346532360773416,-0.0940000005066395,1.26,0,7.62341728234054,-3.7158311684586662
RN7SL259P,Pseudogene,RN7SL,1.139504137223756,-0.104000002145767,0,0,7.54821147942306,-3.251303323075976
RN7SL25P,Pseudogene,RN7SL,1.416089988510968,0.28099998831749,1.91,0,-11.263294315102087,2.634701124861036
RN7SL260P,Pseudogene,RN7SL,1.2932977614863317,0.282000005245209,0.44,0,-12.474912738564,-2.8727394421555656
RN7SL261P,Pseudogene,RN7SL,0.8868327507334846,-0.187000006437302,0,0,-11.076728915932165,-2.9926749546982903
RN7SL262P,Pseudogene,RN7SL,0.8860786412515684,0.204999998211861,0.71,0,-10.879210567238317,-1.6264075119950434
RN7SL263P,Pseudogene,RN7SL,1.5929860703548886,0.471999987959862,0.46,0,-12.556061839821325,-1.4250837643601557
RN7SL265P,Pseudogene,RN7SL,1.2041218015514648,0.305000007152557,0.51,0,4.982708359000696,-1.1423249323823115
RN7SL266P,Pseudogene,RN7SL,0.8172772408720348,0.44200000166893,0.19,0.01,6.643865013358607,-1.0022733290650507
RN7SL267P,Pseudogene,RN7SL,0.6787158695747646,0.30799999833107,0.07,0,-10.480258083107458,-2.3818796952225822
RN7SL268P,Pseudogene,RN7SL,1.0839893605861468,0.202000007033348,1.66,0,5.553820038077845,-1.693402179048266
RN7SL269P,Pseudogene,RN7SL,0.7174622335852044,0.44200000166893,1.06,0,-10.462503528358923,-1.7424632390000483
RN7SL26P,Pseudogene,RN7SL,1.0522111708621231,0.160999998450279,0.14,0,-10.86058626151322,-0.08579737739345034
RN7SL270P,Pseudogene,RN7SL,1.100124969252125,0.20100000500679,0.42,0,6.336741352317347,-4.152726538942065
RN7SL271P,Pseudogene,RN7SL,0.8477519854469243,0.0949999988079071,0.13,0,-10.700337505104528,-2.6234642346360344
RN7SL272P,Pseudogene,RN7SL,1.201878295400051,0.146999999880791,0.38,0,-11.749911403419958,-1.4518846352555415
RN7SL273P,Pseudogene,RN7SL,1.312700317487608,0.30799999833107,2.77,0,5.323326492545618,-3.765965827272143
RN7SL274P,Pseudogene,RN7SL,1.4174652146374354,0.163000002503395,0.78,0,-11.502361392738806,3.2535892645857674
RN7SL275P,Pseudogene,RN7SL,1.9803725381429085,0.0640000030398369,0.06,0.53,-11.45462522483109,3.0654717604658943
RN7SL277P,Pseudogene,RN7SL,0.8924780981050519,0.305000007152557,1.82,0,7.659255886313929,-1.4821977694489619
RN7SL278P,Pseudogene,RN7SL,1.1851900528524355,0.305000007152557,0.1,0,-12.45509252524613,-1.3334028799988886
RN7SL279P,Pseudogene,RN7SL,1.4064938432260812,-0.113500002771616,0.07,0,-11.212307071449743,2.59131466551045
RN7SL280P,Pseudogene,RN7SL,1.073385820693914,0.194999992847443,9.18,0,-11.051253413918005,-1.1165214856125971
RN7SL282P,Pseudogene,RN7SL,1.4969657206545015,0.305000007152557,0.26,0,-11.767222499611364,-1.9485417683579584
RN7SL283P,Pseudogene,RN7SL,0.7909787157944694,0.214000001549721,0,0,7.998041057822718,-1.698629983232226
RN7SL284P,Pseudogene,RN7SL,1.0483438062458557,0.303000003099442,1.68,0,6.075802707908167,-1.96715176896831
RN7SL285P,Pseudogene,RN7SL,1.3683202290357552,0.30799999833107,1.37,0,4.778612995383753,-2.291716464326586
RN7SL286P,Pseudogene,RN7SL,0.9548943707783226,-0.034000001847744,0.29,0,2.8663033487773073,-11.911957152650562
RN7SL288P,Pseudogene,RN7SL,1.0503838078561547,-0.10700000077486,19.7,0.04,7.437961006400599,-2.6318403561570305
RN7SL28P,Pseudogene,RN7SL,1.0606777614337566,0.44200000166893,0,0,-12.58137426352738,-2.564671881959643
RN7SL290P,Pseudogene,RN7SL,0.6715294662498553,0.277999997138977,0.02,0,-10.432558154823766,-1.754979499147143
RN7SL291P,Pseudogene,RN7SL,0.6850706283780292,-0.150999993085861,0.1,0,8.127941513297571,-2.3767412980057854
RN7SL292P,Pseudogene,RN7SL,1.331916104954989,0.319999992847443,0,0,5.321713352439417,-3.78537834481975
RN7SL293P,Pseudogene,RN7SL,1.5080364747051604,0.263999998569489,0.14,0.02,3.2949394228434694,-10.994331725404468
RN7SL294P,Pseudogene,RN7SL,1.4011456426136666,0.293000012636185,0,0,5.136378193137659,-3.443799384401049
RN7SL296P,Pseudogene,RN7SL,1.1849153308295222,0.279000014066696,15,0,6.1027225496745245,-2.389956363008227
RN7SL297P,Pseudogene,RN7SL,0.7468463523668509,0.189999997615814,1.75,0,7.77905693077804,-1.4003181536652705
RN7SL299P,Pseudogene,RN7SL,0.8063315635389272,0.30799999833107,0,0,-10.580651378395544,-2.3305002530076164
RN7SL3,Functional,RN7SL,1.4637189380835274,0.266999989748001,100883.77,0.75,-5.544945811989294,-4.349360831544604
RN7SL300P,Pseudogene,RN7SL,1.288882189614231,0.291999995708466,6.17,0,-12.152292346718298,-1.7606245358445307
RN7SL301P,Pseudogene,RN7SL,1.5968445419387325,0.209999993443489,6.21,0,4.4609986784434454,-1.8351663430192133
RN7SL302P,Pseudogene,RN7SL,1.227277990042839,0.30799999833107,0,0,6.071961784598841,-4.355838664338793
RN7SL303P,Pseudogene,RN7SL,1.3423208866513798,0.301999986171722,0.12,0,-11.68956575370072,-1.0419849236466547
RN7SL304P,Pseudogene,RN7SL,0.9693288205691576,0.266999989748001,0.37,0,-11.726910686256872,-0.23657185630580385
RN7SL305P,Pseudogene,RN7SL,1.1990126069377094,0.211999997496605,0,0,-12.523251628639684,-2.6503833611466545
RN7SL306P,Pseudogene,RN7SL,1.3377392675760165,-0.0139999999664724,0.66,0,2.6922363283610475,6.012225262357984
RN7SL307P,Pseudogene,RN7SL,1.2834023113015938,0.214000001549721,0,0,6.120740318534388,-3.1042620022751946
RN7SL308P,Pseudogene,RN7SL,1.1811995139539426,0.305000007152557,4.14,0,5.535951519248499,-2.489827044770922
RN7SL309P,Pseudogene,RN7SL,1.117326577555824,-0.214500002563,0,0,7.72691431069137,-3.92923296289226
RN7SL30P,Pseudogene,RN7SL,1.4983416082653973,0.305000007152557,3.57,0,-11.737337207558141,-1.8948878128983637
RN7SL310P,Pseudogene,RN7SL,1.1866516522270114,0.197999998927116,0.24,0,-12.041217899086462,-1.2555698235489985
RN7SL311P,Pseudogene,RN7SL,0.5448514939146899,0.270000010728836,0.24,0,-10.248218631508337,-2.2877777893998283
RN7SL313P,Pseudogene,RN7SL,0.735691405194705,0.184000000357628,0.18,0,-10.323778247597204,-2.3904517968156
RN7SL314P,Pseudogene,RN7SL,1.2014255330284964,-0.175499998033047,0.19,0,5.103093528983607,6.524054161741529
RN7SL316P,Pseudogene,RN7SL,1.2259158613080523,0.277999997138977,0.59,0,6.017663860557093,-3.9314922173478264
RN7SL317P,Pseudogene,RN7SL,1.84756823069476,0.365000009536743,0.12,0.21,-12.252138232948766,-1.000985391900744
RN7SL318P,Pseudogene,RN7SL,2.0115476871294864,0.305000007152557,0.19,0.65,-12.438289737465368,-0.863122113511767
RN7SL319P,Pseudogene,RN7SL,1.4616689115596009,-0.0659999996423721,0,0,2.957059526679529,5.302744499876295
RN7SL320P,Pseudogene,RN7SL,1.1185616474646918,-0.0949999988079071,0.39,0,-11.430411433937536,-3.099391825959887
RN7SL321P,Pseudogene,RN7SL,0.6273081163215116,-0.118000000715256,5.77,0,-10.391438579323278,-2.4808374722458977
RN7SL322P,Pseudogene,RN7SL,1.3359339514254416,0.307000011205673,0.1,0,4.786722088096155,-1.0359540064789912
RN7SL323P,Pseudogene,RN7SL,1.0596899818086554,0.214000001549721,0.06,0,-11.221408939125524,-1.3223645766236445
RN7SL325P,Pseudogene,RN7SL,0.8591518698213088,-0.181999996304512,0,0,8.002893829581751,-2.8245633919694084
RN7SL326P,Pseudogene,RN7SL,1.1617209428949618,0.217999994754791,2.82,0,-11.880156612160192,-0.5335820992447993
RN7SL327P,Pseudogene,RN7SL,0.98128242710084,-0.0829999968409538,1.36,0,1.3833757879710329,-12.8606084664323
RN7SL328P,Pseudogene,RN7SL,1.2851684612712748,0.303000003099442,2.63,0,-11.959387874367224,-1.259031422898974
RN7SL329P,Pseudogene,RN7SL,1.312700317487608,0.30799999833107,6.33,0,5.2018999102091925,-3.2842973549821037
RN7SL32P,Pseudogene,RN7SL,1.1742906975163134,0.252000004053116,0.76,0,-11.469072437050329,3.1976109663985115
RN7SL330P,Pseudogene,RN7SL,1.3463777347590606,0.174999997019768,0.1,0,5.957937145469202,-4.177106746003832
RN7SL331P,Pseudogene,RN7SL,0.3093741782248391,0.187000006437302,1.35,0.06,5.094417476890101,10.774307839109692
RN7SL332P,Pseudogene,RN7SL,1.1623677293898529,0.226999998092651,0.07,0,6.073428058860316,-2.4199191410996574
RN7SL333P,Pseudogene,RN7SL,0.760177905019864,-0.0390000008046627,2.14,0,7.967779064414515,-2.421054013536181
RN7SL334P,Pseudogene,RN7SL,0.9212677141729568,0.305000007152557,2.73,0,-10.845842456581579,-1.2914372761704584
RN7SL335P,Pseudogene,RN7SL,1.371090108041901,-0.126500003039837,0,0,7.3959917070841925,-4.154575713441576
RN7SL336P,Pseudogene,RN7SL,1.2045896033391692,-0.0010000000474974,1.37,0,7.536075496909632,-3.970119365022387
RN7SL337P,Pseudogene,RN7SL,1.5809291478330307,0.293000012636185,1.08,0,5.765750313041224,-1.6698957760789057
RN7SL338P,Pseudogene,RN7SL,1.2091798085939491,0.30799999833107,0.33,0,5.363692665336146,-2.4024633248307365
RN7SL339P,Pseudogene,RN7SL,1.5254921472358085,0.0850000008940697,0,0,-11.635572528603063,3.4090160052321297
RN7SL33P,Pseudogene,RN7SL,1.208590539681379,0.27700001001358,0.11,0,-11.730649089577184,-0.1872340519883295
RN7SL340P,Pseudogene,RN7SL,1.3729429325122275,0.305000007152557,0,0,-12.76974973654984,-2.249805815980639
RN7SL341P,Pseudogene,RN7SL,1.2122031559242932,0.30799999833107,0.19,0,-11.842824077370153,-1.048768528268542
RN7SL342P,Pseudogene,RN7SL,1.4059114441191551,0.284000009298325,0,0,-12.513972377541052,-2.3425036747910637
RN7SL343P,Pseudogene,RN7SL,1.3441235848441415,0.287000000476837,0.06,0,-12.858108615639196,-2.1217590649583
RN7SL344P,Pseudogene,RN7SL,0.6688696337880082,-0.0850000008940697,2.38,0,-10.506593799355016,-2.605106004045214
RN7SL346P,Pseudogene,RN7SL,1.1814381883354246,-0.144499994814396,0.88,0,7.658186817405237,-3.777304538057055
RN7SL34P,Pseudogene,RN7SL,1.2478612687018384,0.204999998211861,0.64,0,5.981800937888636,-1.9335249741532465
RN7SL350P,Pseudogene,RN7SL,1.1732985138606051,0.305000007152557,0,0,5.764499092338099,-3.0040305932023186
RN7SL351P,Pseudogene,RN7SL,0.9103743459310468,0.196999996900558,1.58,0,6.095867061851038,-1.110588081643786
RN7SL352P,Pseudogene,RN7SL,1.178708511654794,0.305000007152557,0,0,6.164535427329554,-4.356584437654223
RN7SL353P,Pseudogene,RN7SL,1.3507776619968357,0.224000006914139,0.42,0,-11.501297092201696,3.2219899813673836
RN7SL354P,Pseudogene,RN7SL,1.3232107709356753,0.413499996066093,0.7,0,-11.597944354774938,-1.4501570542313715
RN7SL356P,Pseudogene,RN7SL,1.358558639312485,0.219999998807907,6.42,0,-11.251481151344763,2.6517380396864754
RN7SL357P,Pseudogene,RN7SL,1.1539241580433175,0.30799999833107,0,0,5.798697376487269,-1.6137200673081538
RN7SL359P,Pseudogene,RN7SL,0.9286596426228244,0.305000007152557,42.08,0.07,-10.770509814980016,-2.4764584382035393
RN7SL35P,Pseudogene,RN7SL,1.1300537191852196,-0.161499999463558,0,0,-11.532548045876013,-3.148276217744555
RN7SL361P,Pseudogene,RN7SL,1.3287611516862443,0.30799999833107,0.1,0,-12.352256870033727,-2.471424945161547
RN7SL362P,Pseudogene,RN7SL,1.4570186017044515,0.30799999833107,6.98,0,3.30310740494491,-11.015720732972827
RN7SL363P,Pseudogene,RN7SL,1.030577619671055,0.282999992370605,0.58,0,-11.805653667213903,-0.15082747535487612
RN7SL364P,Pseudogene,RN7SL,1.1620660768649245,0.203999996185303,5.38,0,-11.952386951210485,-0.23548371391078432
RN7SL366P,Pseudogene,RN7SL,1.320378556100625,-0.105000000447035,0.38,0,7.088983917472376,-2.976610310838427
RN7SL368P,Pseudogene,RN7SL,1.0407745368866796,0.206000000238419,19.63,0.06,-11.16612825370072,-1.691402085588183
RN7SL369P,Pseudogene,RN7SL,1.1616816968916883,0.284000009298325,0.19,0,-12.530628299477087,-2.8501859982468742
RN7SL36P,Pseudogene,RN7SL,1.0697152292210963,-0.0700000002980232,3.39,0,-11.37126455283402,-2.924681552217211
RN7SL370P,Pseudogene,RN7SL,0.7182343210036441,0.30799999833107,0,0,6.717059517142786,-1.5197700341202875
RN7SL371P,Pseudogene,RN7SL,1.4570186017044515,0.175999999046326,0,0,-11.450607394936071,3.125252358152662
RN7SL372P,Pseudogene,RN7SL,0.8392175694860492,0.202999994158745,0.16,0,5.895244980094446,-1.6185199101426264
RN7SL375P,Pseudogene,RN7SL,1.3287611516862443,-0.0449999999254942,1.89,0,7.298815155265345,-3.966316588685717
RN7SL376P,Pseudogene,RN7SL,1.4472617807108952,0.268999993801117,0.21,0,-11.532259082558141,3.2670789877913338
RN7SL377P,Pseudogene,RN7SL,1.4993215569954594,0.125,15.93,0.01,-11.246313190224157,2.6062036673567635
RN7SL378P,Pseudogene,RN7SL,1.1888915567719032,0.305000007152557,0.74,0,5.816567802665247,-1.6480449517228266
RN7SL379P,Pseudogene,RN7SL,1.2565986246172414,0.214000001549721,0.1,0,6.049124622581019,-2.509087928102221
RN7SL37P,Pseudogene,RN7SL,1.3237495375362194,-0.0299999993294477,3.47,0,7.172450924155726,-3.726389773652758
RN7SL380P,Pseudogene,RN7SL,1.477334752777615,0.282000005245209,0.07,0,5.979767704246058,-1.8968926747300288
RN7SL381P,Pseudogene,RN7SL,2.0397649258341475,0.305000007152557,12.82,0.65,1.76470830464126,3.9625571887038094
RN7SL382P,Pseudogene,RN7SL,1.145492303030751,0.30799999833107,2.28,0,-12.060714816811071,-2.0946933110215324
RN7SL383P,Pseudogene,RN7SL,1.4059114441191551,0.303000003099442,0,0,5.039742374656214,-3.118775733278002
RN7SL384P,Pseudogene,RN7SL,1.0839893605861468,0.30799999833107,0.85,0,6.115992450950159,-3.1940778573014397
RN7SL385P,Pseudogene,RN7SL,1.3843373554625953,0.261000007390976,0.96,0,-11.653821086647497,-1.117516644761767
RN7SL386P,Pseudogene,RN7SL,1.2630648268022358,0.287000000476837,0,0,-11.32225332236527,-0.4440317233063837
RN7SL387P,Pseudogene,RN7SL,1.2468716879970787,0.277999997138977,0.44,0,-11.337256526710974,2.7919965903303963
RN7SL388P,Pseudogene,RN7SL,0.7479653804735954,0.30799999833107,1.03,0,-10.93926057791947,-1.0298656304337641
RN7SL38P,Pseudogene,RN7SL,1.2673319377035943,-0.209000006318092,0,0,-11.726570224525915,-3.064461358354296
RN7SL390P,Pseudogene,RN7SL,1.1496558370717531,0.284000009298325,2.54,0,6.270171547172083,-3.554197676942553
RN7SL391P,Pseudogene,RN7SL,1.1618862183171974,0.163000002503395,0.21,0,-11.52985773062943,3.2801557700178963
RN7SL392P,Pseudogene,RN7SL,1.103597612047104,0.206000000238419,0,0,-11.702074146034704,-1.1329900105454584
RN7SL393P,Pseudogene,RN7SL,0.9152952883414848,-0.183000005781651,10,0,8.014411831138148,-2.727044471070971
RN7SL394P,Pseudogene,RN7SL,1.181681783838174,-0.149000003933907,9.51,0,7.115059280631556,-2.6470195134141106
RN7SL395P,Pseudogene,RN7SL,1.3010435801854645,0.230000004172325,0.41,0,5.941473865745081,-4.018853553102221
RN7SL396P,Pseudogene,RN7SL,1.1538846468583135,0.145999997854233,23.71,0.05,6.269264602897181,-3.2556127388932365
RN7SL397P,Pseudogene,RN7SL,0.722659573724098,0.282999992370605,0.2,0,7.978483581779017,-1.422942407891955
RN7SL398P,Pseudogene,RN7SL,1.2355147550766834,0.305000007152557,8.41,0,6.124624157187952,-4.220674880311694
RN7SL399P,Pseudogene,RN7SL,1.4068006986695152,0.279000014066696,1.14,0,5.912038231132044,-1.7748376210190913
RN7SL39P,Pseudogene,RN7SL,1.1928945586465558,0.305000007152557,0.62,0,-12.57328042960404,-2.3392919381119865
RN7SL400P,Pseudogene,RN7SL,1.4081465974484384,0.273999989032745,0,0,-11.770451640846716,-2.010717757508959
RN7SL401P,Pseudogene,RN7SL,1.2937937529576593,0.30799999833107,0.06,0,-12.255580043556677,-1.9861952145554682
RN7SL402P,Pseudogene,RN7SL,1.3156925279189955,0.30799999833107,0.56,0,4.9128889086222784,-2.41545761422893
RN7SL403P,Pseudogene,RN7SL,1.4804776248583582,0.214000001549721,0.96,0,-11.21843252158402,2.4304380337736946
RN7SL404P,Pseudogene,RN7SL,1.100124969252125,0.216999992728233,14.04,0,6.33123149895431,-3.61479843454143
RN7SL405P,Pseudogene,RN7SL,1.213897078354052,-0.0160000007599592,0.2,0,-11.262104129555212,2.631016127302442
RN7SL408P,Pseudogene,RN7SL,1.3612083775334904,0.305000007152557,0.51,0,-12.56796750998734,-2.69960010843059
RN7SL40P,Pseudogene,RN7SL,0.6906231655322166,0.28999999165535,0.55,0,6.7185834887004034,-1.4775992711045405
RN7SL411P,Pseudogene,RN7SL,0.7409980317239783,0.305000007152557,5.8,0,-10.417071437599645,-2.4920631726243156
RN7SL413P,Pseudogene,RN7SL,1.075944111720423,-0.158999994397163,1.2,0,7.798495674369349,-3.228051551149096
RN7SL414P,Pseudogene,RN7SL,1.1696238064520703,-0.0379999987781048,1.26,0,7.5769933702922,-3.906532176301684
RN7SL415P,Pseudogene,RN7SL,1.1658219465380495,0.239999994635582,0.19,0,6.225620651481165,-3.3480674107529778
RN7SL416P,Pseudogene,RN7SL,1.4103517487196109,0.202999994158745,0,0,5.870925808188929,-1.7410410721757075
RN7SL417P,Pseudogene,RN7SL,1.9791987521872767,-0.172000005841255,6.37,0.29,-1.8562510964894163,-9.463521369264331
RN7SL418P,Pseudogene,RN7SL,0.89558777788939,-0.122000001370907,0,0,-10.746031856300817,-2.8384724934556145
RN7SL419P,Pseudogene,RN7SL,1.294971516677902,0.282999992370605,1.44,0,-12.500466441872106,-1.3748555262543818
RN7SL41P,Pseudogene,RN7SL,1.1344193351834897,-0.187000006437302,0,0,7.4229725840068,-3.112944014833178
RN7SL420P,Pseudogene,RN7SL,1.1888915567719032,0.232999995350838,0.05,0,-11.22897062278031,-1.2529069264390131
RN7SL422P,Pseudogene,RN7SL,1.450588819287242,0.293999999761581,0,0,-12.803947543861852,-2.0331817944504875
RN7SL423P,Pseudogene,RN7SL,0.7198223067219978,-0.111000001430511,0.07,0,-10.503568744423376,-2.642196067140307
RN7SL424P,Pseudogene,RN7SL,1.4903290862960636,0.30799999833107,0.13,0,-12.468983745338903,-1.8537186463334223
RN7SL426P,Pseudogene,RN7SL,1.295176644432801,0.214000001549721,0.18,0,5.892147445914759,-1.7504028161027094
RN7SL428P,Pseudogene,RN7SL,0.9843723852608516,0.165999993681908,2.47,0,3.068249130485071,9.848184220030102
RN7SL429P,Pseudogene,RN7SL,2.040444411908096,-0.122000001370907,0,0.28,-1.8591819760823118,-9.437787421510425
RN7SL42P,Pseudogene,RN7SL,1.0751087513852364,-0.0570000000298023,0.15,0,2.8210510256266725,-11.848530181215015
RN7SL430P,Pseudogene,RN7SL,1.0908287140564763,0.310000002384186,1.44,0,2.340852523086084,8.389026753141675
RN7SL431P,Pseudogene,RN7SL,0.7744036806951412,-0.135000005364418,23.09,0.05,-10.615767574074255,-2.808859952256884
RN7SL432P,Pseudogene,RN7SL,0.8042501707574639,0.27700001001358,0.37,0,-10.74092016196488,-1.465102322862353
RN7SL434P,Pseudogene,RN7SL,1.1535370650684624,0.305000007152557,1.71,0,5.54062452339889,-2.412314780519213
RN7SL435P,Pseudogene,RN7SL,1.2563463968724369,0.200000002980232,0.59,0,5.758201027152552,-3.976164229676928
RN7SL43P,Pseudogene,RN7SL,1.4084691968980256,0.200000002980232,0.06,0,-11.907199954750524,-1.4071443160035273
RN7SL440P,Pseudogene,RN7SL,2.136715352046639,0.282999992370605,0.31,0.67,-11.553546046974645,3.2885411898634773
RN7SL441P,Pseudogene,RN7SL,1.0795790580438027,0.28999999165535,2.47,0,5.932501220939173,-2.8697432358719963
RN7SL442P,Pseudogene,RN7SL,1.3133900659951372,0.194999992847443,0.57,0,4.844064140555872,-2.0470181782700676
RN7SL443P,Pseudogene,RN7SL,1.3055299373585176,0.30799999833107,4.44,0,5.971252346274866,-1.8989161332108637
RN7SL444P,Pseudogene,RN7SL,0.7409980317239783,0.30799999833107,11.06,0,7.92090263390304,-1.3664032299973627
RN7SL445P,Pseudogene,RN7SL,1.102487472541542,0.307000011205673,0.08,0,-12.592182254555212,-2.2958208401658196
RN7SL446P,Pseudogene,RN7SL,1.2438628277461206,-0.105999998748302,0.18,0,7.558364773032679,-3.9105857689835686
RN7SL447P,Pseudogene,RN7SL,1.049117111241857,-0.108999997377396,0,0,7.876699352500452,-3.49024689988872
RN7SL448P,Pseudogene,RN7SL,1.1185616474646918,0.30799999833107,0.46,0,6.296553516623987,-3.5064667542435783
RN7SL449P,Pseudogene,RN7SL,1.2023405562828977,0.30799999833107,18.44,0.08,6.022837543723597,-2.0076857884385246
RN7SL44P,Pseudogene,RN7SL,0.7590935962404165,0.214000001549721,0.17,0,-10.875503635170446,-0.8672123034455439
RN7SL451P,Pseudogene,RN7SL,1.394018036270026,0.159999996423721,0,0,-12.281034564735876,-1.5912870247819086
RN7SL452P,Pseudogene,RN7SL,1.157809424568716,-0.138999998569489,2.56,0,7.447767162559046,-3.2469269116379875
RN7SL453P,Pseudogene,RN7SL,1.0557532746827198,0.301999986171722,0.04,0,-10.841201877357946,-0.37845636205455263
RN7SL454P,Pseudogene,RN7SL,1.5437458994249549,-0.180000007152557,0.03,0,7.188404464957728,-2.9326614220597405
RN7SL455P,Pseudogene,RN7SL,1.749031258391039,0.305000007152557,1.47,0,-11.22066698050736,2.665843121244703
RN7SL456P,Pseudogene,RN7SL,1.3422739769576302,0.30799999833107,0,0,5.50846424126388,-4.048008330629076
RN7SL457P,Pseudogene,RN7SL,1.2465613665217186,0.30799999833107,0.2,0,5.228885555503382,-2.5260800202347893
RN7SL459P,Pseudogene,RN7SL,1.4836829381062686,0.30799999833107,0.18,0,4.630075836417689,-2.118286736772265
RN7SL45P,Pseudogene,RN7SL,1.165579957619513,0.206000000238419,0.85,0,-12.429304218056188,-2.4892195542313713
RN7SL460P,Pseudogene,RN7SL,1.319364227996909,0.300000011920929,0.09,0,-11.269540881874548,2.734667412473951
RN7SL461P,Pseudogene,RN7SL,1.2193950322585414,0.305000007152557,0,0,-12.484183406593786,-2.4280504067399162
RN7SL462P,Pseudogene,RN7SL,1.0779604987363909,0.284999996423721,0.06,0,-12.534282779457556,-2.334449895189013
RN7SL464P,Pseudogene,RN7SL,0.8186531284829306,0.305000007152557,3.2,0,6.648897552726282,-0.9909752686478754
RN7SL465P,Pseudogene,RN7SL,1.0385665934669546,0.214000001549721,5.5,0,6.361259365317835,-3.1895870049454826
RN7SL466P,Pseudogene,RN7SL,0.7771059866596806,-0.104000002145767,0,0,8.145974064109339,-2.4115573246934074
RN7SL468P,Pseudogene,RN7SL,0.968779314435048,-0.195500001311302,0.32,0,-11.222946262123571,-3.0679060299851555
RN7SL469P,Pseudogene,RN7SL,1.7000745981008996,-0.0659999996423721,0.64,0,6.792470836875452,-4.905535109803881
RN7SL470P,Pseudogene,RN7SL,1.7031868369138257,0.123000003397465,0.38,0,-11.522741412880407,3.2517729918501717
RN7SL471P,Pseudogene,RN7SL,1.568270290803779,0.677999973297119,640.66,0.72,-11.784439182045446,-2.0519646485306877
RN7SL472P,Pseudogene,RN7SL,1.7426414888559856,0.146999999880791,1.41,0,6.515517616508021,-4.917024501130785
RN7SL473P,Pseudogene,RN7SL,1.2081489647673558,0.282999992370605,15.71,0.02,-12.467934703590856,-2.484437115953173
RN7SL474P,Pseudogene,RN7SL,1.6617065495471277,0.184000000357628,0.16,0,-11.518939113380895,3.250914446546827
RN7SL475P,Pseudogene,RN7SL,1.2122031559242932,-0.120999999344349,0.24,0,-11.291115855934606,-1.95730651216289
RN7SL477P,Pseudogene,RN7SL,1.1537611398674268,0.211999997496605,0.69,0,6.010119819877161,-2.1643487294175285
RN7SL478P,Pseudogene,RN7SL,1.456974947024391,0.223000004887581,0.39,0,-12.06285676932572,-1.2701118071534296
RN7SL479P,Pseudogene,RN7SL,0.7062637489869168,0.30799999833107,0.06,0,-10.370248889687048,-1.9882766087510249
RN7SL47P,Pseudogene,RN7SL,1.3475507683943586,0.305000007152557,1.69,0,-12.466757869484411,-2.8158115227677483
RN7SL480P,Pseudogene,RN7SL,1.3232107709356753,0.305000007152557,0,0,-12.505384540321813,-2.4915460427262444
RN7SL481P,Pseudogene,RN7SL,1.1849153308295222,0.226999998092651,4.84,0,-12.262850856544958,-1.9467576821305415
RN7SL482P,Pseudogene,RN7SL,0.9208081665194152,0.30799999833107,2.45,0,-10.539767360451208,-2.0211812336899895
RN7SL483P,Pseudogene,RN7SL,1.060309683552403,0.303000003099442,0.67,0,-11.889592265846716,-0.12203580932399233
RN7SL484P,Pseudogene,RN7SL,1.8054948947482448,0.17399999499321,0,0.01,-1.660583352806555,-9.387924559877124
RN7SL487P,Pseudogene,RN7SL,1.1914666752829228,0.305999994277954,0.34,0,4.912536049125208,-1.0186191876389643
RN7SL488P,Pseudogene,RN7SL,1.2994993891138389,0.270999997854233,0.23,0,-11.607435321571813,3.3675535838148933
RN7SL489P,Pseudogene,RN7SL,0.7164919308990261,-0.0450000017881393,0.03,0,1.9829766991114748,-13.558305152223316
RN7SL48P,Pseudogene,RN7SL,0.9839404324833116,0.272000014781952,0.15,0,-11.291721439125524,2.682585350706373
RN7SL491P,Pseudogene,RN7SL,1.4461857496471695,0.18299999833107,0,0,-11.521941280128942,3.2508577029250008
RN7SL492P,Pseudogene,RN7SL,1.2716279781703863,0.291999995708466,0,0,-11.030172443153845,-1.2258889754273554
RN7SL493P,Pseudogene,RN7SL,1.5334198398970285,0.305000007152557,0.35,0,-12.684305286171423,-1.9239596207596918
RN7SL494P,Pseudogene,RN7SL,1.119723588234219,-0.197499997913837,0.64,0,7.718508148429407,-3.67674911813518
RN7SL495P,Pseudogene,RN7SL,1.5388606275913312,-0.126000002026558,0,0,6.981524849174036,-4.7764381249406
RN7SL496P,Pseudogene,RN7SL,1.0899378376112396,0.252000004053116,0,0,-12.464373683693395,-2.8605460007645744
RN7SL497P,Pseudogene,RN7SL,1.327057313874442,0.214000001549721,0,0,-12.514104938271032,-1.2398309786774775
RN7SL498P,Pseudogene,RN7SL,1.456974947024391,0.44200000166893,0.56,0,5.168565654990687,-3.8122114022233147
RN7SL499P,Pseudogene,RN7SL,0.8054326431782373,0.284000009298325,0.23,0,-10.437626933815466,-2.3484610398270744
RN7SL49P,Pseudogene,RN7SL,1.0606777614337566,0.30799999833107,1.64,0,6.337794208762659,-3.4699655850388664
RN7SL4P,Pseudogene,RN7SL,1.1421103137271065,0.0850000008940697,599.31,0.06,-11.664564227821813,-2.297077306077685
RN7SL502P,Pseudogene,RN7SL,1.0420284821118444,0.284000009298325,2.21,0,6.45192708992721,-2.0314563591935295
RN7SL503P,Pseudogene,RN7SL,1.3526882386050345,0.30799999833107,0.1,0,-11.304269885780798,-0.2997242291428705
RN7SL504P,Pseudogene,RN7SL,1.0408182283579397,0.26800000667572,0,0,-11.77383909201859,-2.3383532841660637
RN7SL505P,Pseudogene,RN7SL,1.149906288564834,0.301999986171722,3.61,0,-11.15151414847611,-1.2286315043427607
RN7SL507P,Pseudogene,RN7SL,1.2790664926823316,0.305000007152557,2.1,0,-11.007854556801306,-1.2132142861344477
RN7SL508P,Pseudogene,RN7SL,1.3297613193066442,0.30799999833107,1.09,0,5.329600239036097,-3.7659562905289787
RN7SL509P,Pseudogene,RN7SL,1.1811995139539426,-0.0469999983906746,0,0,-11.481339549782263,-3.1070181210496086
RN7SL50P,Pseudogene,RN7SL,1.2937937529576593,0.30799999833107,0.2,0,5.035661602256312,-2.5590306599595207
RN7SL510P,Pseudogene,RN7SL,1.4131438223823491,0.159999996423721,0.29,0,-11.47752962088822,3.1855796496413094
RN7SL513P,Pseudogene,RN7SL,1.1539241580433175,0.305000007152557,2.49,0,5.729847336051478,-1.5991064389207026
RN7SL515P,Pseudogene,RN7SL,1.075944111720423,0.20100000500679,0.68,0,6.211427116630091,-2.093934424684252
RN7SL516P,Pseudogene,RN7SL,0.8654333072533837,0.28099998831749,0.41,0,-10.584382152321325,-2.2278140862443108
RN7SL517P,Pseudogene,RN7SL,0.6035793393653307,0.239999994635582,12.92,0,-10.246526813271032,-2.3283120472886223
RN7SL518P,Pseudogene,RN7SL,1.0544335830893663,-0.0329999998211861,0.08,0,7.489707374808802,-3.113106377885546
RN7SL519P,Pseudogene,RN7SL,0.8924780981050519,0.28099998831749,0.22,0,-10.835754489662634,-2.1819239933945793
RN7SL51P,Pseudogene,RN7SL,0.8653102015197772,0.305000007152557,0,0,7.7329291346049445,-1.4856469710328242
RN7SL520P,Pseudogene,RN7SL,1.2266302644906326,0.239999994635582,0.32,0,-11.790316676857458,-1.4658821900345942
RN7SL521P,Pseudogene,RN7SL,1.321540050265302,-0.132500000298023,10.42,0,7.3792022707438605,-4.313209899232592
RN7SL523P,Pseudogene,RN7SL,1.3054495525338543,0.305000007152557,0.2,0,-12.009932613136755,-1.3325543482758662
RN7SL524P,Pseudogene,RN7SL,1.933541739029756,0.146999999880791,0.3,0.4,-11.636186694862829,3.4074383894942146
RN7SL525P,Pseudogene,RN7SL,1.798739641740684,0.151500001549721,0.37,0,-11.631634807350622,3.399774901106153
RN7SL526P,Pseudogene,RN7SL,1.284841806574688,0.305000007152557,1.18,0,-11.332988834145056,-1.715597756669726
RN7SL52P,Pseudogene,RN7SL,2.3604635803707272,-0.0590000003576279,0,0.54,-12.564324474098669,-1.0141894896485468
RN7SL530P,Pseudogene,RN7SL,1.2588263542290736,0.30799999833107,0.46,0,-12.457676028969274,-2.8301156838395256
RN7SL531P,Pseudogene,RN7SL,1.2193950322585414,0.305000007152557,0.23,0,-11.2561045644307,2.6266933600447517
RN7SL535P,Pseudogene,RN7SL,1.1030481680012767,-0.165000006556511,9,0,-11.374394511940466,-2.934834368989672
RN7SL536P,Pseudogene,RN7SL,1.724736797978225,-0.013499999884516,0.06,0,6.75139751457931,-4.935825236604418
RN7SL538P,Pseudogene,RN7SL,0.7769510612237437,-0.028999999165535,0.18,0,8.103555107352747,-2.3318601925828117
RN7SL539P,Pseudogene,RN7SL,0.7877878558921161,-0.158999994397163,0.16,0.01,2.9170543196177614,-12.08414018945476
RN7SL541P,Pseudogene,RN7SL,1.1782654214692234,0.301999986171722,4.11,0,6.131535911796107,-4.01105202035686
RN7SL542P,Pseudogene,RN7SL,1.5122408810693433,-0.218999996781349,0,0,-11.839344119789587,-2.733385451600756
RN7SL543P,Pseudogene,RN7SL,1.103597612047104,-0.293999999761581,0.17,0,-11.328011607887731,-2.5317331631638664
RN7SL544P,Pseudogene,RN7SL,0.0366911437363325,0.277999997138977,0.16,0.25,5.397712135550989,10.99953900976399
RN7SL545P,Pseudogene,RN7SL,1.2695979207339714,-0.145000003278255,0.06,0,7.531790638206019,-4.139415152833666
RN7SL546P,Pseudogene,RN7SL,1.3055299373585176,0.194999992847443,0.77,0,-12.240310764076696,-0.5397785981156489
RN7SL547P,Pseudogene,RN7SL,1.4253033261070056,0.207000002264977,0.02,0,5.195154094932093,-3.7265366394974846
RN7SL549P,Pseudogene,RN7SL,1.182443667644646,0.231000006198883,0.4,0,6.241528892753138,-4.260618098542895
RN7SL551P,Pseudogene,RN7SL,1.3404169512624398,0.30799999833107,0.06,0,-11.652511691811071,-1.9268292267777583
RN7SL552P,Pseudogene,RN7SL,1.1955640797176958,0.305000007152557,3.13,0,-12.475336169960485,-2.7843977292039055
RN7SL553P,Pseudogene,RN7SL,1.014054563128976,-0.141500003635883,0.07,0,-11.293658351662145,-3.057934649751391
RN7SL554P,Pseudogene,RN7SL,1.3441691607150503,0.195999994874001,0,0,4.943023109672083,-2.540340073869433
RN7SL555P,Pseudogene,RN7SL,1.2500243344901183,0.30799999833107,9.05,0,-11.853325938942419,-1.397259362504687
RN7SL556P,Pseudogene,RN7SL,1.3986959491434152,0.193000003695488,0.11,0,-11.75565633750199,-1.148058899209704
RN7SL557P,Pseudogene,RN7SL,1.3966582219447798,0.144999995827675,0,0,-10.878975963356481,-0.03328356938144167
RN7SL558P,Pseudogene,RN7SL,1.103597612047104,-0.141000002622604,16.56,0.04,7.864949608085169,-3.4925772030808586
RN7SL559P,Pseudogene,RN7SL,1.356625184343142,-0.0500000007450581,5.13,0,-11.669151401283727,-2.6445385296799797
RN7SL55P,Pseudogene,RN7SL,1.2279796927243958,0.204999998211861,0.95,0,6.115202808616175,-2.7652660687424797
RN7SL560P,Pseudogene,RN7SL,1.460418705990085,0.097000002861023,0.09,0,-11.378999805214391,2.7606350104353767
RN7SL561P,Pseudogene,RN7SL,1.1372078333842193,0.160999998450279,0.11,0,-12.58029947257279,-2.3618229706742424
RN7SL563P,Pseudogene,RN7SL,1.270482153805269,0.30799999833107,2.42,0,-12.09630403495072,-0.7688391287781855
RN7SL564P,Pseudogene,RN7SL,1.3615838832928102,0.118000000715256,0,0,-0.5883387086415158,-10.19969595269939
RN7SL565P,Pseudogene,RN7SL,0.6482102060085417,0.300000011920929,0.26,0,-10.322050189735876,-2.1199406464554924
RN7SL566P,Pseudogene,RN7SL,1.0795790580438027,-0.0839999988675117,3.34,0,7.487612629172816,-2.6874088128068108
RN7SL567P,Pseudogene,RN7SL,1.215126722814692,0.125,0,0,-11.705792522194372,-1.136061795518603
RN7SL568P,Pseudogene,RN7SL,1.3404169512624398,0.266999989748001,0,0,-12.511477565529333,-2.8940266449906487
RN7SL569P,Pseudogene,RN7SL,1.2542935432827758,0.354999989271164,1.91,0,5.0619696619486945,-1.6270932038285395
RN7SL570P,Pseudogene,RN7SL,1.3560644630222634,0.284000009298325,0.07,0,4.823446178672327,-2.1112057049729485
RN7SL571P,Pseudogene,RN7SL,1.2245306456455574,0.222000002861023,0.45,0,5.725566768882288,-3.6781967957474846
RN7SL573P,Pseudogene,RN7SL,1.3591675853632754,0.263999998569489,0,0,5.45267286324264,-4.0009130318619865
RN7SL574P,Pseudogene,RN7SL,1.391710318420982,0.305000007152557,1.45,0,-12.320444202187048,-0.8407446225144526
RN7SL575P,Pseudogene,RN7SL,0.697009018135013,0.146999999880791,0.74,0,7.614261532065882,-1.3336471398331782
RN7SL577P,Pseudogene,RN7SL,1.2609805614114729,0.30799999833107,1.38,0,-11.694718456032263,-2.0161458332993645
RN7SL578P,Pseudogene,RN7SL,0.810057477260091,0.30799999833107,0.58,0,8.002787018058314,-1.7041870434739252
RN7SL57P,Pseudogene,RN7SL,1.1977338874848786,0.30799999833107,7.73,0,-12.50571451163529,-2.585592873857226
RN7SL580P,Pseudogene,RN7SL,1.1739461412874437,-0.127000004053116,0.07,0,6.354221248862757,-2.1113203843094963
RN7SL581P,Pseudogene,RN7SL,1.0116781379726645,-0.0579999983310699,0.46,0,-11.347454166176306,-2.968936570451464
RN7SL582P,Pseudogene,RN7SL,0.9835155326981566,-0.0410000011324883,0.8,0,-11.12792787528275,-3.0155073483445305
RN7SL583P,Pseudogene,RN7SL,0.7261522523427487,-0.10700000077486,0.19,0,7.684657955405726,-2.4797083218552727
RN7SL584P,Pseudogene,RN7SL,1.9647675083590328,0.266999989748001,0,0.64,-11.88469228720902,-1.4803272564866206
RN7SL585P,Pseudogene,RN7SL,1.0668386840668884,0.305000007152557,0,0,6.2469743730998175,-3.313782342241015
RN7SL586P,Pseudogene,RN7SL,1.2321282727673837,0.207000002264977,0,0,-11.212945079567419,-1.5934931118943354
RN7SL587P,Pseudogene,RN7SL,1.458592655862368,-0.12899999320507,2.08,0,-11.795427417519079,-2.7505096276261467
RN7SL589P,Pseudogene,RN7SL,1.120460733453596,0.184000000357628,1.17,0,-12.336395358803259,-1.9200786431290766
RN7SL58P,Pseudogene,RN7SL,1.311396389052321,0.206000000238419,0,0,5.604458236930384,-3.719494708345141
RN7SL591P,Pseudogene,RN7SL,1.153844323799645,0.30799999833107,0.58,0,6.292190933463587,-3.5855263550736565
RN7SL592P,Pseudogene,RN7SL,1.7799774783405171,0.305000007152557,0.35,0,-11.140230273964391,2.427041761114393
RN7SL594P,Pseudogene,RN7SL,1.028715690818894,0.105999998748302,0.07,0,6.560616874930872,-2.1487897713639397
RN7SL596P,Pseudogene,RN7SL,1.2422330284435184,0.144999995827675,0.19,0,-11.518685436012731,3.2482744376204353
RN7SL597P,Pseudogene,RN7SL,1.0795790580438027,0.294999986886978,0.44,0,5.5017704012370245,-1.6363235791184565
RN7SL598P,Pseudogene,RN7SL,1.3468395347023838,-0.170500002801418,0.07,0,7.378272915122523,-3.5583914597489494
RN7SL5P,Pseudogene,RN7SL,1.9801787354773368,0.0149999996647239,215.75,0.46,1.8069008829569948,4.023977867796217
RN7SL600P,Pseudogene,RN7SL,1.2662330496119405,0.30799999833107,7.29,0,-10.953610515358434,-0.2781948526360651
RN7SL601P,Pseudogene,RN7SL,1.17361569657648,0.207000002264977,0,0,-11.396304225685583,-1.4221711237885615
RN7SL602P,Pseudogene,RN7SL,1.7259936792181785,0.218999996781349,0.14,0,-11.639738178017126,3.4084798018477303
RN7SL604P,Pseudogene,RN7SL,0.97396806323517,-0.119999997317791,0.48,0,-11.227668857338415,-2.52312100724956
RN7SL605P,Pseudogene,RN7SL,1.2484564257805018,-0.153999999165535,0.78,0,-11.20611677146195,2.568780533506666
RN7SL606P,Pseudogene,RN7SL,1.0906327685357189,0.305000007152557,0.67,0,6.254507923362269,-3.3311277707078117
RN7SL607P,Pseudogene,RN7SL,1.394018036270026,0.30799999833107,0.2,0,-12.672803020241247,-1.6716190655686518
RN7SL608P,Pseudogene,RN7SL,1.2574059342090356,-0.131999999284744,8.57,0,7.0604557039713995,-2.604661830232348
RN7SL60P,Pseudogene,RN7SL,1.1732985138606051,-0.172999992966652,0.06,0,-11.533547496559606,-2.5327097256638664
RN7SL610P,Pseudogene,RN7SL,1.0145752689519678,0.146999999880791,0.95,0,-11.184628581764684,-0.8709451039292475
RN7SL612P,Pseudogene,RN7SL,0.7417829872660587,0.303000003099442,0.45,0,-10.496213054420934,-1.724971183107104
RN7SL614P,Pseudogene,RN7SL,1.364561107527415,-0.333499997854233,0.93,0,-11.804853534462438,-3.086588509843554
RN7SL615P,Pseudogene,RN7SL,1.282137953381464,0.305000007152557,0.78,0,6.032750034568323,-4.317048438356127
RN7SL616P,Pseudogene,RN7SL,1.1233764305294978,0.284000009298325,0.63,0,6.278850460288538,-3.378979571626391
RN7SL617P,Pseudogene,RN7SL,1.206678004177136,0.305000007152557,0.27,0,-11.950835323097692,-1.9903489430405756
RN7SL618P,Pseudogene,RN7SL,1.2790664926823316,-0.0654999986290932,0.1,0,7.178572559592737,-3.0633303006150383
RN7SL619P,Pseudogene,RN7SL,1.1981981254257643,0.195999994874001,0.24,0,-11.278964137794958,2.718625179960523
RN7SL620P,Pseudogene,RN7SL,1.2036632631654969,-0.12899999320507,0.27,0,7.0672797205424445,-2.6063658078171867
RN7SL621P,Pseudogene,RN7SL,1.1616816968916883,0.266999989748001,0.31,0,5.318922901389612,-1.6619283040024897
RN7SL622P,Pseudogene,RN7SL,1.7430294609870851,0.165000006556511,0,0,-11.558263873817907,3.295348517133985
RN7SL623P,Pseudogene,RN7SL,1.10925612611906,0.30799999833107,0.5,0,5.844881439445032,-2.290639050767626
RN7SL624P,Pseudogene,RN7SL,1.6367593663867102,0.180500000715256,0.2,0,-11.540712451698766,3.2769428412459236
RN7SL625P,Pseudogene,RN7SL,0.9310220115088644,0.214000001549721,0,0,-10.875050639870153,-1.33855868177196
RN7SL627P,Pseudogene,RN7SL,0.768051796496079,0.266000002622604,0.53,0,-10.413733577492224,-2.1917342026688713
RN7SL628P,Pseudogene,RN7SL,1.7000745981008996,-0.0160000007599592,0.19,0,6.729748153922571,-4.950062163636889
RN7SL629P,Pseudogene,RN7SL,1.0359347482983248,0.214000001549721,0.47,0,2.9506150724864137,-11.011886962220874
RN7SL62P,Pseudogene,RN7SL,1.1695044692613294,0.199000000953674,0.02,0,-12.355440234901891,-1.8127695401169917
RN7SL630P,Pseudogene,RN7SL,1.2045896033391692,0.0689999982714653,8.45,0,6.719788456199183,-2.843607314393725
RN7SL632P,Pseudogene,RN7SL,1.2535680987811662,-0.096000000834465,0,0,7.470561886069788,-4.16552389459392
RN7SL633P,Pseudogene,RN7SL,0.912213486023837,0.30799999833107,0,0,-10.823154544594274,-1.4572259266831538
RN7SL634P,Pseudogene,RN7SL,1.1776349284140708,0.284000009298325,0.23,0,-10.876673793556677,-0.3275008280732294
RN7SL635P,Pseudogene,RN7SL,1.3494738225547531,-0.0509999990463257,0.07,0,-11.616945361855016,-2.146205790803637
RN7SL636P,Pseudogene,RN7SL,1.358653916585738,0.29899999499321,0.06,0,-11.980038738014684,-1.0765870888688227
RN7SL638P,Pseudogene,RN7SL,1.1378471931106346,0.30799999833107,2.16,0,5.502956772086634,-1.8283604462601801
RN7SL63P,Pseudogene,RN7SL,1.1540008409352662,0.29899999499321,0,0,5.425420189139857,-1.7902332623459956
RN7SL640P,Pseudogene,RN7SL,0.0532326172215501,0.28999999165535,0.02,0.24,-10.219583606483923,-2.2825833638169426
RN7SL643P,Pseudogene,RN7SL,1.515894813610587,0.29899999499321,0.02,0,-12.752886867287145,-2.068510897920336
RN7SL644P,Pseudogene,RN7SL,1.3813247574970395,0.180999994277954,0.1,0,-11.57278165793656,3.318691603376661
RN7SL645P,Pseudogene,RN7SL,1.291237276470687,-0.256000012159348,0.07,0,-11.607219791176306,-3.1257599671342033
RN7SL646P,Pseudogene,RN7SL,1.2279796927243958,-0.126000002026558,1.8,0,7.339871311423792,-3.2154895146348137
RN7SL647P,Pseudogene,RN7SL,1.157809424568716,-0.106499999761581,0,0,7.570044422385706,-3.617324240968432
RN7SL648P,Pseudogene,RN7SL,0.9116306764876602,0.29899999499321,35.23,0.08,-10.500084972145544,-2.5696944077469963
RN7SL649P,Pseudogene,RN7SL,1.098866399317945,0.164000004529953,0.08,0,-12.576590633156286,-2.432731040284838
RN7SL650P,Pseudogene,RN7SL,1.2662330496119405,0.347000002861023,14.43,0,-10.834302043678747,-0.3758651097275873
RN7SL652P,Pseudogene,RN7SL,1.3893713094824591,0.282000005245209,1.13,0,4.7371806147074835,-0.9498761971451899
RN7SL653P,Pseudogene,RN7SL,0.6638634243260898,-0.063000001013279,5.54,0,8.120090389487757,-2.34414995507976
RN7SL654P,Pseudogene,RN7SL,0.8326711615048985,0.0850000008940697,0.07,0,8.013057136771693,-1.8639549096085688
RN7SL655P,Pseudogene,RN7SL,1.107300959738537,-0.122999999672174,2.46,0,7.3624834063029425,-2.89674628572246
RN7SL656P,Pseudogene,RN7SL,0.0370828641320941,0.224000006914139,8.22,0.22,5.382840061423792,10.981800667478833
RN7SL657P,Pseudogene,RN7SL,1.6952226728326931,0.105999998748302,40.23,0.07,6.610513592002405,-4.903973468110766
RN7SL658P,Pseudogene,RN7SL,0.768051796496079,0.305000007152557,0.64,0,-10.408080196144567,-1.9143248875596186
RN7SL659P,Pseudogene,RN7SL,1.3591675853632754,0.30799999833107,0.08,0,-12.530739879372106,-2.894039281175341
RN7SL65P,Pseudogene,RN7SL,0.6395518726189099,0.263999998569489,1.12,0,7.398722076652064,-1.1945222695328852
RN7SL660P,Pseudogene,RN7SL,1.2081489647673558,0.0040000001899898,5.34,0,6.974263572928919,-2.574001677797045
RN7SL663P,Pseudogene,RN7SL,1.2197657817362726,0.214000001549721,2.42,0,-10.958445644142614,-0.23073048190852602
RN7SL664P,Pseudogene,RN7SL,0.9338397326029644,0.165999993681908,14.75,0,-10.90906915641068,-0.3865377982117792
RN7SL665P,Pseudogene,RN7SL,1.0536065763575315,-0.126000002026558,0.31,0,7.570632362601771,-3.212095864579882
RN7SL666P,Pseudogene,RN7SL,1.2911098517394564,-0.100499998778105,0.76,0,-11.581209277870641,-3.104864486024584
RN7SL667P,Pseudogene,RN7SL,0.8974965673670249,0.419999986886978,0.06,0,-11.365448093178259,2.915843598081861
RN7SL668P,Pseudogene,RN7SL,0.8368325543912503,-0.096000000834465,0.1,0,-11.056178188087927,-2.711670764253344
RN7SL66P,Pseudogene,RN7SL,1.3025356026398056,0.18299999833107,0.2,0,-11.483871555092321,3.1952801863692146
RN7SL670P,Pseudogene,RN7SL,0.909707405018277,0.272000014781952,0.07,0,-11.318419551613317,2.7938424269698006
RN7SL672P,Pseudogene,RN7SL,1.2381621291129172,0.305000007152557,1.8,0,-11.884252643349157,-1.1498667080857417
RN7SL673P,Pseudogene,RN7SL,1.494893181088722,-0.168999999761581,0.15,0,7.02732934975387,-4.710645087526049
RN7SL674P,Pseudogene,RN7SL,0.8967760270295874,-0.304000005125999,39.15,0.05,7.870556259391321,-2.91965044336101
RN7SL675P,Pseudogene,RN7SL,1.2045896033391692,0.374000012874603,0,0,6.179114723441614,-3.35397661523601
RN7SL677P,Pseudogene,RN7SL,1.295730296460914,0.0350000001490116,1.47,0,7.023374939200892,-3.3749946434952873
RN7SL678P,Pseudogene,RN7SL,0.975812625389018,0.130999997258186,0.22,0,6.328583622214808,-1.812190659806933
RN7SL679P,Pseudogene,RN7SL,0.7312480576223469,0.284000009298325,0.22,0,-10.24613199210404,-2.3214744408585686
RN7SL67P,Pseudogene,RN7SL,1.2086591628099097,0.214000001549721,2.44,0,6.111856365439905,-2.486467726991381
RN7SL680P,Pseudogene,RN7SL,1.277849866580857,0.206000000238419,0.47,0,6.1013173105693,-2.8477405388810295
RN7SL681P,Pseudogene,RN7SL,1.2371114399501348,0.29899999499321,0.73,0,5.88373746895553,-3.863153346345629
RN7SL683P,Pseudogene,RN7SL,1.286454916187462,0.305000007152557,2.88,0,-11.565333461525427,-1.726823457048144
RN7SL684P,Pseudogene,RN7SL,1.2168813339854874,0.0034999998752027,0.64,0,7.344260120627894,-3.3719061692216057
RN7SL685P,Pseudogene,RN7SL,1.282137953381464,0.30799999833107,0.39,0,-11.94363889670609,-1.2257589180924555
RN7SL687P,Pseudogene,RN7SL,0.8896851367738555,0.282999992370605,0,0,-10.613047694923864,-2.5354701359727043
RN7SL688P,Pseudogene,RN7SL,1.060974454513878,-0.133000001311302,2.2,0,7.723522567985071,-3.870289214418139
RN7SL689P,Pseudogene,RN7SL,1.1811995139539426,0.284000009298325,13.75,0,5.305878544089808,-1.7623814423539301
RN7SL68P,Pseudogene,RN7SL,0.7731179060829814,-0.0345000009983778,8.68,0,-10.790499782326208,-2.8029004414536614
RN7SL690P,Pseudogene,RN7SL,1.4762070163251129,0.0610000006854534,0.71,0,-11.192683315041052,2.550465933515821
RN7SL691P,Pseudogene,RN7SL,1.211661025711447,0.305000007152557,0,0,-11.365518665077673,-1.6929909069993159
RN7SL692P,Pseudogene,RN7SL,0.9407201574620816,0.282999992370605,0,0,6.614172840354456,-1.1631909687974116
RN7SL693P,Pseudogene,RN7SL,1.6184432816551946,0.159999996423721,0.19,0,-11.607764339210974,3.358291975691114
RN7SL697P,Pseudogene,RN7SL,0.8364108217620156,0.194999992847443,0.24,0,5.873288059470667,-1.5923286755540034
RN7SL698P,Pseudogene,RN7SL,1.0926347218612056,0.30799999833107,39.51,0.12,5.094364071128382,-1.11375022725841
RN7SL69P,Pseudogene,RN7SL,1.2514557750853033,0.0054999998537823,0.56,0,-11.842765903236852,-2.4810692151047844
RN7SL700P,Pseudogene,RN7SL,1.3822826803524466,0.30799999833107,0,0,5.4714826586222784,-4.012707122132983
RN7SL702P,Pseudogene,RN7SL,0.1665342323009797,0.296000003814697,0.25,0.21,6.750566387412562,-1.3950553019501826
RN7SL703P,Pseudogene,RN7SL,1.2191503212346084,0.214000001549721,0.08,0,6.188332462546839,-4.142756827638354
RN7SL704P,Pseudogene,RN7SL,1.305704789020924,-0.0980000011622906,0.18,0,-11.867111301186071,-3.0190380890824455
RN7SL705P,Pseudogene,RN7SL,1.0751087513852364,0.30799999833107,0,0,5.998691940543665,-2.821233161256518
RN7SL706P,Pseudogene,RN7SL,1.1776349284140708,0.30799999833107,0.19,0,5.701113605735316,-2.882316239640917
RN7SL708P,Pseudogene,RN7SL,1.0222798932646855,0.108000002801418,1.3,0,5.732498073813929,-1.411247022912707
RN7SL709P,Pseudogene,RN7SL,1.1230751418316545,0.256999999284744,7.33,0,-11.778309917213903,-1.5588015397050043
RN7SL70P,Pseudogene,RN7SL,1.1961474849848983,0.266000002622604,0.2,0,6.012502098319544,-1.9586759884812495
RN7SL711P,Pseudogene,RN7SL,1.289466683549774,0.30799999833107,0.66,0,4.815711403129114,-0.9910756428696772
RN7SL712P,Pseudogene,RN7SL,1.150291181552036,0.197999998927116,0.06,0,-12.595537280800329,-2.3573511918046135
RN7SL713P,Pseudogene,RN7SL,1.288158829983737,0.13849999755621,1.24,0,5.945591354606165,-3.3633323986985344
RN7SL714P,Pseudogene,RN7SL,1.445319147448196,0.30799999833107,0,0,-12.629922008278356,-1.6657914002396723
RN7SL715P,Pseudogene,RN7SL,1.3237890973215738,0.305000007152557,2.19,0,5.76446428322555,-3.9133323510148186
RN7SL716P,Pseudogene,RN7SL,1.257173666229464,0.30799999833107,0.29,0,-11.259138202431188,2.6717179934523445
RN7SL717P,Pseudogene,RN7SL,0.5379720558602115,0.30799999833107,0.37,0,-10.21244058585404,-2.30891407327434
RN7SL718P,Pseudogene,RN7SL,1.6392747298349148,0.160999998450279,0.34,0,-11.66377172446488,3.432999006941114
RN7SL719P,Pseudogene,RN7SL,1.6414513360974201,-0.0450000017881393,0,0.02,-1.6672955510640013,-10.22080362634441
RN7SL720P,Pseudogene,RN7SL,1.3596643571415514,0.130999997258186,5.2,0,-11.291543102028356,-0.35430014924785097
RN7SL722P,Pseudogene,RN7SL,0.1100734312089976,0.287000000476837,0.16,0.24,-10.167589282753454,-2.240601666734423
RN7SL724P,Pseudogene,RN7SL,0.7305734745433596,-0.194999992847443,0.98,0,-10.688654041054235,-2.375637419984545
RN7SL725P,Pseudogene,RN7SL,0.0134109199756994,-0.163000002503395,0,0.39,13.002408886191859,-7.666717894838061
RN7SL726P,Pseudogene,RN7SL,1.2429994156741064,-0.204999998211861,0.92,0,-11.386156177284704,-2.812548287675585
RN7SL727P,Pseudogene,RN7SL,0.7627460736179041,-0.113500002771616,0.17,0,-10.662701701881872,-2.794335969255175
RN7SL728P,Pseudogene,RN7SL,1.1693875188144032,0.30799999833107,5.34,0,-11.38767251944779,-1.5421452601411005
RN7SL72P,Pseudogene,RN7SL,1.084639312235377,0.252000004053116,0,0,2.4098097326731813,8.52212201757649
RN7SL731P,Pseudogene,RN7SL,1.2447439206114184,0.146999999880791,39.68,0.06,6.2029727938151495,-4.149888881013598
RN7SL732P,Pseudogene,RN7SL,1.0188722936204702,-0.117999996989965,0,0,7.432719135520472,-2.6236528237321037
RN7SL733P,Pseudogene,RN7SL,1.330249126100227,0.303000003099442,0.13,0,-10.893405055763708,-0.30384398298045595
RN7SL734P,Pseudogene,RN7SL,1.2238589555004884,0.30799999833107,0.08,0,6.0817541124797,-3.8978175003983635
RN7SL735P,Pseudogene,RN7SL,1.296587951486199,0.30799999833107,15.29,0,-12.528241252663122,-1.2815511305787226
RN7SL736P,Pseudogene,RN7SL,1.2525001581765665,-0.188999995589256,0.71,0,-0.5453970191502439,-12.286591895387378
RN7SL737P,Pseudogene,RN7SL,1.145492303030751,0.140000000596046,15.23,0,6.489477539298548,-2.655192263887133
RN7SL738P,Pseudogene,RN7SL,1.1227242904908763,-0.25900000333786,15.18,0,-11.406639194252477,-3.091746457383837
RN7SL73P,Pseudogene,RN7SL,1.199159761160456,0.237000003457069,0,0,-11.181444263222204,2.5729488055250984
RN7SL740P,Pseudogene,RN7SL,1.353021478711116,0.30799999833107,0.07,0,-10.824900722267614,-0.2556990464188715
RN7SL741P,Pseudogene,RN7SL,1.1417843806300487,-0.0850000008940697,0,0,-11.046358203651891,-1.4364647944428584
RN7SL743P,Pseudogene,RN7SL,1.375384349991025,-0.149000003933907,1.79,0,7.214785003898157,-2.8709625084855217
RN7SL744P,Pseudogene,RN7SL,1.2358639925171688,0.291999995708466,1.12,0,-11.470673656227575,3.19546448393086
RN7SL745P,Pseudogene,RN7SL,1.0687471611403534,0.287999987602234,4.15,0,-11.197919940712438,-1.1021359045960566
RN7SL748P,Pseudogene,RN7SL,1.3737352979609525,-0.0799999982118607,0.18,0,-11.314359760048376,-1.7615505536057612
RN7SL749P,Pseudogene,RN7SL,1.3055299373585176,0.30799999833107,4.69,0,5.017615223166956,-2.3687676270463127
RN7SL74P,Pseudogene,RN7SL,0.7086258351039298,0.301999986171722,1.19,0,-10.285783862831579,-2.325790532396044
RN7SL750P,Pseudogene,RN7SL,1.546989063079209,0.111999999731779,0.8,0,-11.25217733359574,2.6518422286055428
RN7SL751P,Pseudogene,RN7SL,0.9539697371446464,0.282000005245209,6.79,0,2.121435666320337,-10.159480460450855
RN7SL752P,Pseudogene,RN7SL,0.9561004655846193,-0.167999997735023,14.25,0,7.921120071647181,-3.101002105043139
RN7SL753P,Pseudogene,RN7SL,0.6228216214921369,0.230000004172325,0.49,0,7.907260322806849,-1.3727451642014643
RN7SL754P,Pseudogene,RN7SL,1.6844821327371922,0.231000006198883,1.5,0,5.142049217460169,-5.016603835389819
RN7SL756P,Pseudogene,RN7SL,1.4386214118708298,0.252000004053116,0.09,0,-12.786748027565466,-2.105441935823168
RN7SL757P,Pseudogene,RN7SL,1.119343995181051,-0.170000001788139,0.5,0,-11.395378207924352,-3.0319279511429924
RN7SL759P,Pseudogene,RN7SL,2.0361476087242933,-0.125500001013279,0.02,0.44,1.8985182287669313,4.599907509519849
RN7SL75P,Pseudogene,RN7SL,1.3473440634660858,0.30799999833107,5.64,0,-12.260835742714391,-1.4787933905579707
RN7SL760P,Pseudogene,RN7SL,1.4408295061299576,-0.158999994397163,4.35,0,7.23723735832931,-3.858672030732836
RN7SL761P,Pseudogene,RN7SL,1.3493894012959138,0.214000001549721,0,0,5.584896946189417,-3.7499269326188225
RN7SL762P,Pseudogene,RN7SL,0.6490142795160276,-0.104000002145767,0,0,-10.563895320656286,-2.7012089570023674
RN7SL763P,Pseudogene,RN7SL,0.0244607624908883,0.281499996781349,0.1,0.25,5.376804256675257,10.978036514951977
RN7SL764P,Pseudogene,RN7SL,0.971588328309412,0.291000008583069,0.02,0,-10.821967220070349,-0.3867964227654596
RN7SL766P,Pseudogene,RN7SL,1.360145052163249,0.30799999833107,0,0,6.073948288199915,-2.8696895916916985
RN7SL767P,Pseudogene,RN7SL,0.8595263185781316,0.146999999880791,2.16,0,7.131725216147913,-1.6142259915330073
RN7SL769P,Pseudogene,RN7SL,1.3422739769576302,0.211999997496605,13.02,0,-11.88471899008988,-0.614495404527392
RN7SL76P,Pseudogene,RN7SL,1.310047341986056,0.291999995708466,0.73,0,4.822146797416224,-1.1788466055848261
RN7SL771P,Pseudogene,RN7SL,1.107300959738537,0.199000000953674,1.35,0,-11.247426128151403,-1.0789738972642084
RN7SL774P,Pseudogene,RN7SL,2.060102286473992,0.316000014543533,0.23,0.66,-11.683229541542516,3.4520407835982185
RN7SL775P,Pseudogene,RN7SL,1.2611852660480656,0.301999986171722,1.74,0,-10.89179620719193,0.07184150023678343
RN7SL776P,Pseudogene,RN7SL,0.868357068426537,0.30799999833107,0,0,7.964073562858118,-1.699331649110522
RN7SL778P,Pseudogene,RN7SL,1.391710318420982,0.305000007152557,1.35,0,4.756026649711146,-1.5716525395371577
RN7SL77P,Pseudogene,RN7SL,0.968779314435048,-0.276500001549721,0.33,0,7.914783859488978,-3.1594003518082756
RN7SL782P,Pseudogene,RN7SL,1.3940970622358009,-0.101999998092651,0,0,-11.708453273537145,-3.1090647061326164
RN7SL783P,Pseudogene,RN7SL,1.5001517461189344,0.30799999833107,0.06,0,4.5482813360667365,-1.8993800957657954
RN7SL784P,Pseudogene,RN7SL,1.4726523382672263,0.261000007390976,1.09,0,-11.609900569679724,3.370439879133497
RN7SL785P,Pseudogene,RN7SL,0.8237379305231971,0.0309999994933605,0.67,0,-10.89502344107865,0.06311818165997068
RN7SL786P,Pseudogene,RN7SL,1.177235757195708,0.30799999833107,11.34,0,-11.311248874428259,-1.7515221913315913
RN7SL787P,Pseudogene,RN7SL,2.066934430480067,0.293999999761581,0.09,0.64,-12.584006404640661,-1.1158717949845454
RN7SL788P,Pseudogene,RN7SL,1.2200966404474127,0.30799999833107,4.39,0,-12.539197063209997,-2.556613572404589
RN7SL789P,Pseudogene,RN7SL,1.2328892166055954,0.291999995708466,0.54,0,-11.054692363502966,-1.022211559579577
RN7SL78P,Pseudogene,RN7SL,1.1124859239628233,0.30799999833107,0,0,6.2596343996501105,-4.218622573182787
RN7SL790P,Pseudogene,RN7SL,1.0023987635527811,0.190500006079674,0.12,0,-11.2096596715474,-1.3023160775162836
RN7SL791P,Pseudogene,RN7SL,1.2834023113015938,-0.130999997258186,0.16,0,7.548452282187952,-3.9867533524491447
RN7SL792P,Pseudogene,RN7SL,1.2754884152625854,0.305999994277954,0.3,0,6.1140655519938605,-3.11514342622539
RN7SL793P,Pseudogene,RN7SL,1.3964120424697015,0.30799999833107,0.68,0,5.32432117485763,-3.9702919800736565
RN7SL794P,Pseudogene,RN7SL,1.2405100977521957,-0.0725000016391277,0.14,0,-11.47573289847611,-2.551486142442431
RN7SL795P,Pseudogene,RN7SL,1.133175181492786,0.305000007152557,0.77,0,-11.59500894522904,-1.9929784615494868
RN7SL796P,Pseudogene,RN7SL,1.122000885664529,-0.123999997973442,0.11,0.01,2.7765635492777956,-11.833307631776538
RN7SL797P,Pseudogene,RN7SL,1.1695044692613294,-0.203999996185303,0.17,0,-11.41820058799027,-3.0274320919968742
RN7SL798P,Pseudogene,RN7SL,1.1078043663647514,-0.185000002384186,9.21,0,-11.378109073402868,-2.7976852734543938
RN7SL799P,Pseudogene,RN7SL,1.014054563128976,0.033500000834465,0.23,0,7.350009346244349,-3.120366700456347
RN7SL79P,Pseudogene,RN7SL,1.221688565234576,0.30799999833107,0.27,0,-11.264337634804235,-0.2901989300706049
RN7SL7P,Pseudogene,RN7SL,1.165579957619513,-0.111000001430511,0.06,0,7.056047344443812,-2.5939706643082756
RN7SL800P,Pseudogene,RN7SL,1.364561107527415,0.30799999833107,6.41,0,-12.567257022621618,-2.8565272171952385
RN7SL801P,Pseudogene,RN7SL,1.1501418124854796,0.214000001549721,9.94,0,6.2711090090251105,-4.144839652345385
RN7SL802P,Pseudogene,RN7SL,1.277849866580857,0.305000007152557,0,0,-12.519080257179724,-2.7889472325303215
RN7SL803P,Pseudogene,RN7SL,1.0069547764164404,0.305000007152557,0.23,0,-11.254996394875036,-1.8028930504777094
RN7SL804P,Pseudogene,RN7SL,1.1306125588909273,0.30799999833107,0.32,0,-12.600974178078161,-2.256125577256884
RN7SL806P,Pseudogene,RN7SL,1.2809806399483663,0.0719999969005585,0.79,0,6.416820430991663,-3.2280172188737053
RN7SL807P,Pseudogene,RN7SL,0.8654333072533837,0.0549999997019768,0,0,8.015766525504603,-2.0613280613877434
RN7SL808P,Pseudogene,RN7SL,0.8944949066066,0.30799999833107,0,0,7.941813373801722,-1.7051292736985346
RN7SL809P,Pseudogene,RN7SL,1.321540050265302,0.219999998807907,4.93,0,-12.775407886269079,-2.171056159303393
RN7SL810P,Pseudogene,RN7SL,1.3214129302142956,0.305000007152557,0.14,0,6.074650669333948,-2.825816043184008
RN7SL811P,Pseudogene,RN7SL,1.736714136853074,0.180999994277954,0.34,0,-11.628413295509802,3.3940054099104744
RN7SL812P,Pseudogene,RN7SL,1.0955616060435165,0.214000001549721,4.27,0,5.93520870232345,-1.7780445893265864
RN7SL813P,Pseudogene,RN7SL,0.8468782716810044,-0.103000000119209,0.07,0,-10.67783365226029,-2.8276482899644035
RN7SL814P,Pseudogene,RN7SL,1.238856084288526,-0.164000004529953,0.58,0,-11.733245944740759,-3.0309678395249504
RN7SL815P,Pseudogene,RN7SL,1.065983159861542,-0.14750000089407,0.26,0,-11.32669553733109,-2.9657076676346916
RN7SL817P,Pseudogene,RN7SL,1.025143761336884,-0.0319999996572733,0.77,0,7.689278984305872,-3.179420598314013
RN7SL818P,Pseudogene,RN7SL,0,-0.164000004529953,0,0.39,13.001428508994593,-7.666910537049975
RN7SL819P,Pseudogene,RN7SL,1.19640307205434,0.209000006318092,0,0,-11.32883462882279,2.8051127116225105
RN7SL81P,Pseudogene,RN7SL,1.2642746590118163,-0.155000001192093,44.03,0.06,7.5272454264140265,-4.0063709099747795
RN7SL820P,Pseudogene,RN7SL,0.7667099199485142,-0.104000002145767,0.18,0,-10.693329906227575,-2.8189925034501213
RN7SL822P,Pseudogene,RN7SL,1.4081465974484384,-0.115499999374151,0,0,7.3038615229106085,-4.309480078981127
RN7SL823P,Pseudogene,RN7SL,1.0714643149398626,0.294999986886978,0.46,0,-11.847979640724645,-0.18870509462138613
RN7SL824P,Pseudogene,RN7SL,0.6549225027863445,0.284000009298325,0,0,-10.334806537392126,-2.019189723298754
RN7SL825P,Pseudogene,RN7SL,1.2245306456455574,0.30799999833107,0.2,0,-11.686652278664099,-1.0963026364304682
RN7SL826P,Pseudogene,RN7SL,1.1336883948902012,0.305000007152557,0.19,0,5.911941433188929,-2.276595719621386
RN7SL827P,Pseudogene,RN7SL,1.3025356026398056,0.193000003695488,2.01,0,-12.478302097084509,-2.4787427266099114
RN7SL828P,Pseudogene,RN7SL,1.2953709403590583,0.214000001549721,0,0,-11.281687831642614,-0.2816926916100641
RN7SL82P,Pseudogene,RN7SL,1.5242048120904617,-0.0189999993890524,0.2,0,6.961293602225794,-4.7680825074174065
RN7SL831P,Pseudogene,RN7SL,0.6859748628322487,0.30799999833107,0,0,-10.56130704856156,-2.4976989109971184
RN7SL832P,Pseudogene,RN7SL,0.9276980981595576,0.0489999987185001,0.85,0.01,-10.97022638297318,-0.8732930500962397
RN7SL833P,Pseudogene,RN7SL,0.9050482121628696,0.214000001549721,2.34,0,-11.158232784035192,-1.035390146539416
RN7SL834P,Pseudogene,RN7SL,0.765125808543662,-0.171499997377396,7.06,0,8.158115291831507,-2.406096347139086
RN7SL835P,Pseudogene,RN7SL,1.4980816600335676,0.199000000953674,0.62,0,-11.398744678261266,3.0238679568312508
RN7SL836P,Pseudogene,RN7SL,1.3729429325122275,0.195999994874001,4.3,0,-10.971087550880895,-0.48074514465114077
RN7SL837P,Pseudogene,RN7SL,0.7503573274208404,0.217999994754791,0.07,0,7.876845741508021,-1.4631226141907832
RN7SL838P,Pseudogene,RN7SL,1.4011456426136666,-0.184000000357628,15.21,0,7.078708553550257,-2.734946854875292
RN7SL83P,Pseudogene,RN7SL,1.111029245798263,-0.216999992728233,0.37,0,7.692728901145472,-3.56921041803142
RN7SL840P,Pseudogene,RN7SL,1.1985773620535298,0.30799999833107,0.08,0,6.052425766227259,-1.977645047471728
RN7SL841P,Pseudogene,RN7SL,1.1344193351834897,0.347000002861023,0,0,5.755077743766321,-2.8813074906327385
RN7SL842P,Pseudogene,RN7SL,1.4125274979738336,0.28099998831749,1.09,0,5.913272762534632,-1.7935999711014887
RN7SL843P,Pseudogene,RN7SL,1.0876391564130363,-0.33500000834465,0.05,0,7.831098938224329,-3.21518529252788
RN7SL845P,Pseudogene,RN7SL,1.0779604987363909,0.305000007152557,0.1,0,-12.06623754477738,-1.5239642937638422
RN7SL846P,Pseudogene,RN7SL,1.320378556100625,-0.0640000030398369,0.85,0,-11.777977084877477,-3.0713378270127434
RN7SL847P,Pseudogene,RN7SL,1.6209331943962024,0.209999993443489,0.21,0,-11.381322955849157,3.017325751020704
RN7SL849P,Pseudogene,RN7SL,1.7426013034186776,0.305000007152557,0.19,0,5.726279163596644,-4.756888755128588
RN7SL850P,Pseudogene,RN7SL,2.124639974981768,0.165000006556511,0,0.59,-11.570803737404333,3.304536692335401
RN7SL851P,Pseudogene,RN7SL,1.3182978596574488,0.270999997854233,2.44,0,-11.441757297279821,-1.0249281008698603
RN7SL853P,Pseudogene,RN7SL,1.7445020926237156,-0.0900000035762787,0.03,0,-1.7445496079945433,-9.79021108941814
RN7SL854P,Pseudogene,RN7SL,1.047915648677448,0.231000006198883,0.17,0,-12.224411105873571,-2.7420789082505364
RN7SL856P,Pseudogene,RN7SL,1.177235757195708,-0.151999995112419,0.31,0,-11.39048299765824,-2.8220964749314446
RN7SL860P,Pseudogene,RN7SL,1.2616488348439372,0.0520000010728836,0,0,2.565528297660364,6.652153603269849
RN7SL861P,Pseudogene,RN7SL,1.4015587771094984,0.30799999833107,5.61,0,5.3273271563029425,-3.982673533723559
RN7SL862P,Pseudogene,RN7SL,1.1189567593147325,0.305000007152557,0.19,0,5.355106258628382,-1.6155012925126215
RN7SL863P,Pseudogene,RN7SL,0.7627460736179041,-0.0614999998360872,0.38,0,-10.881597614052282,-2.8165959198929924
RN7SL864P,Pseudogene,RN7SL,1.267496633212068,0.305000007152557,0.37,0,5.56693067574264,-3.914929278657641
RN7SL865P,Pseudogene,RN7SL,1.129765597676048,0.305000007152557,0.59,0,-11.305727100136266,-1.5804568608262202
RN7SL868P,Pseudogene,RN7SL,1.2609805614114729,-0.177000001072884,0,0,7.053203964469446,-2.654358514116015
RN7SL869P,Pseudogene,RN7SL,1.088340859094593,0.305000007152557,0,0,6.256724262473597,-3.1576529820420403
RN7SL870P,Pseudogene,RN7SL,0.8331534034903261,0.284000009298325,0.07,0,-10.397568797829138,-2.5116247017838615
RN7SL87P,Pseudogene,RN7SL,1.3507776619968357,-0.0824999995529652,0,0,7.20740690254928,-3.805606730745043
RN7SL88P,Pseudogene,RN7SL,1.2429994156741064,0.248999997973442,4.09,0,-11.337576961281286,-0.4613859732606073
RN7SL89P,Pseudogene,RN7SL,1.3500957954334851,0.405000001192093,0,0,6.047282123801722,-2.8965212185837883
RN7SL8P,Pseudogene,RN7SL,1.305800102897048,0.211999997496605,1.86,0,5.652687454459681,-3.908513911531176
RN7SL91P,Pseudogene,RN7SL,0.7877878558921161,0.0140000004321337,0,0,-10.584649181129919,-2.7438350995041985
RN7SL93P,Pseudogene,RN7SL,0.8061198723959662,0.263999998569489,0.7,0,8.006582165000452,-1.7037659962632319
RN7SL96P,Pseudogene,RN7SL,2.160153272693576,0.101000003516674,0.39,0.54,-11.66529474234818,3.4291895548842293
RN7SL97P,Pseudogene,RN7SL,1.2313825987051896,0.30799999833107,0,0,-11.959838008644567,-1.3473227103211542
RN7SL98P,Pseudogene,RN7SL,1.3893713094824591,-0.0450000017881393,0,0,-11.778201198341833,-2.587912209794726
RNU7-1,Functional,RNU7,5.568511994354301,0.118000000715256,1.53,0.68,-5.279947852852331,-4.490970977113451
RNU7-102P,Pseudogene,RNU7,1.1764837701262758,0.0915000028908253,0,0,0.3520190360522403,-11.029087432191577
RNU7-103P,Pseudogene,RNU7,0.7525761259696655,-0.16499999910593,0,0,1.6145285608744753,-13.626165755555835
RNU7-104P,Pseudogene,RNU7,0.7914140370469704,-0.150999993085861,0,0,1.6116285564875734,-13.573669799134937
RNU7-105P,Pseudogene,RNU7,0.7282994767448375,0.0195000004023313,0,0,2.208835149047388,-13.528469451234546
RNU7-106P,Pseudogene,RNU7,1.5552663912117082,0.347000002861023,0,0,-0.9093326089405881,-9.32747972802898
RNU7-107P,Pseudogene,RNU7,1.3665947306384845,-0.0750000029802322,0,0,-1.085331773521887,-11.001704581544605
RNU7-10P,Pseudogene,RNU7,1.4886121173026348,-0.124000001698732,0,0,7.043093586204066,-4.694109328553881
RNU7-110P,Pseudogene,RNU7,0.5042073300541183,-0.176500000059605,0,0,2.0531302931285036,-13.694696791932788
RNU7-111P,Pseudogene,RNU7,0.9523916234355566,-0.0514999991282821,0,0,2.851823473212732,-11.927997954652515
RNU7-113P,Pseudogene,RNU7,1.3445528801443154,0.329500004649162,0,0,0.03127368712188139,-9.452855475709644
RNU7-115P,Pseudogene,RNU7,0.9472986201016766,0.157000005245209,0,0,-10.901030635597692,-1.3868700345017573
RNU7-116P,Pseudogene,RNU7,0.7282994767448375,-0.267000004649162,0,0,1.5311618092036379,-13.665002234742847
RNU7-119P,Pseudogene,RNU7,0.9372742960794368,-0.101999998092651,0,0,1.4299778583026064,-12.940938361451831
RNU7-11P,Pseudogene,RNU7,0.8403455500901972,0.28099998831749,0,0,2.6822775843119753,-10.145787604615894
RNU7-120P,Pseudogene,RNU7,1.0475418603240765,-0.219999998807907,0,0,0.427560934660448,-12.986136802003589
RNU7-121P,Pseudogene,RNU7,0.7843225134175172,-0.203000001609325,0,0,1.53538861298324,-13.63054312066814
RNU7-123P,Pseudogene,RNU7,1.2156998957971517,-0.256999999284744,0,0,7.654983902213587,-3.8727649529435295
RNU7-124P,Pseudogene,RNU7,1.2325068067989555,0.30799999833107,1.7,0,0.5146208720779551,-9.783968337342944
RNU7-125P,Pseudogene,RNU7,1.456598953489675,0.0900000035762787,0,0,4.742181682822718,-2.2185522397019524
RNU7-126P,Pseudogene,RNU7,1.5126219901623548,0.0870000012218952,0,0,-11.692165469887243,-1.8248864491440913
RNU7-127P,Pseudogene,RNU7,1.0644376967809164,0.189500004053116,0,0,1.4094677212214601,-10.370390303895679
RNU7-128P,Pseudogene,RNU7,1.0084146601082369,-0.160999998450279,0.57,0,2.8482092859721315,-11.905475981996265
RNU7-129P,Pseudogene,RNU7,1.3445528801443154,0.293000012636185,0,0,-0.013964986565099813,-9.47691763238689
RNU7-12P,Pseudogene,RNU7,1.6246680635077144,-0.190499998629093,0,0,-11.866991138222204,-2.672995217607226
RNU7-130P,Pseudogene,RNU7,0.6722764400721577,0.30799999833107,0,0,3.00523462319137,-13.10818804101726
RNU7-133P,Pseudogene,RNU7,1.0084146601082369,-0.255499996244907,0,0,0.5557089688754214,-13.05789507226726
RNU7-134P,Pseudogene,RNU7,1.248263285863147,-0.195499993860722,0,0,-0.5249873158955441,-12.319694884584155
RNU7-136P,Pseudogene,RNU7,1.2584885049659955,0.194999992847443,0,0,0.10673236274482145,-10.382549651429859
RNU7-137P,Pseudogene,RNU7,1.4005759168169951,0.29899999499321,0,0,-0.2926783916973935,-9.308863051698413
RNU7-138P,Pseudogene,RNU7,1.0311740187565128,0.277999997138977,0,0,-12.372723674538122,-2.8140040715195793
RNU7-13P,Pseudogene,RNU7,0.6162534033994779,0.0620000008493662,0.38,0,2.3184076788401735,-13.684036620424
RNU7-140P,Pseudogene,RNU7,1.3893713094824591,0.215000003576279,1.51,0,3.288189316031946,-10.995993026063648
RNU7-141P,Pseudogene,RNU7,1.0084146601082369,-0.210500001907349,0,0,0.565217604724182,-13.062538512513843
RNU7-143P,Pseudogene,RNU7,0.961872445026318,0.214000001549721,0.57,0,7.920676613090052,-1.9563044388749262
RNU7-144P,Pseudogene,RNU7,1.371090108041901,0.291999995708466,0,0,-0.19654521918533907,-9.39219797448894
RNU7-147P,Pseudogene,RNU7,0.6722764400721577,-0.10249999910593,0,0,1.919706011054529,-13.599553473756519
RNU7-148P,Pseudogene,RNU7,0.6722764400721577,0.30799999833107,0,0,3.013728046653284,-13.122880347535816
RNU7-149P,Pseudogene,RNU7,1.3540483100888374,0.0480000004172325,0.79,0,-11.998147105934606,-2.91096485452434
RNU7-14P,Pseudogene,RNU7,1.120460733453596,0.272000014781952,0,0,6.310102844474329,-3.4067193348862785
RNU7-151P,Pseudogene,RNU7,1.1141185028868776,-0.172999992966652,1.45,0,0.05432113432647123,-12.592675574586597
RNU7-152P,Pseudogene,RNU7,1.0854463355331714,0.326499998569489,0,0,1.42746647619964,-9.969158538148609
RNU7-153P,Pseudogene,RNU7,1.5686450268350345,-0.238000005483627,0,0,-1.9526773450398314,-10.044622786805835
RNU7-154P,Pseudogene,RNU7,1.2325068067989555,-0.160499997437,1.89,0,-0.4983047006153928,-12.304783232972827
RNU7-155P,Pseudogene,RNU7,1.2680769888133556,0.30799999833107,0,0,0.3794080259776248,-9.681537040040698
RNU7-156P,Pseudogene,RNU7,1.5958994771082302,-0.0279999990016222,0,0,-1.6057065484547484,-9.992754348085132
RNU7-157P,Pseudogene,RNU7,1.0525540223351963,0.300999999046326,0,0,1.5792607905841005,-10.048486121461597
RNU7-159P,Pseudogene,RNU7,1.2325068067989555,0.30799999833107,0,0,0.4813551845526828,-9.762178786561694
RNU7-160P,Pseudogene,RNU7,0.8403455500901972,-0.283000007271767,0,0,1.3222280385470522,-13.621648200319019
RNU7-161P,Pseudogene,RNU7,0.8403455500901972,-0.0494999997317791,1.26,0,1.7399583103633058,-13.405793555543628
RNU7-164P,Pseudogene,RNU7,0.8403455500901972,0.303000003099442,0,0,2.6543919088816774,-10.143176444337573
RNU7-165P,Pseudogene,RNU7,1.2735903670255877,-0.172499999403954,0,0,-0.567688083412634,-12.270443328187671
RNU7-167P,Pseudogene,RNU7,0.9523916234355566,0.194999992847443,0,0,2.1747303249812258,-10.23765981988689
RNU7-169P,Pseudogene,RNU7,1.195770389308674,-0.119999997317791,0,0,-0.15065959668396578,-12.203434356019702
RNU7-170P,Pseudogene,RNU7,1.195770389308674,0.30799999833107,0,0,-12.281628703834997,-2.3913823445298332
RNU7-171P,Pseudogene,RNU7,0.9523916234355566,-0.196999996900558,0.57,0,0.9166118445372714,-13.265218146608081
RNU7-172P,Pseudogene,RNU7,0.868357068426537,0.347000002861023,0,0,2.602453494308008,-10.11185015039226
RNU7-173P,Pseudogene,RNU7,1.599605126048884,0.305999994277954,0,0,-1.0032486674809324,-9.383864768312183
RNU7-174P,Pseudogene,RNU7,1.1185616474646918,0.0089999996125698,0,0,0.4979189651584758,-11.794968016908374
RNU7-175P,Pseudogene,RNU7,1.138828942198737,0.252000004053116,0,0,1.041106933591379,-10.059917815492359
RNU7-176P,Pseudogene,RNU7,1.4005759168169951,0.137499995529652,0,0,-12.232346629860388,-2.4917062600114006
RNU7-179P,Pseudogene,RNU7,1.0215965510900435,0.118000000715256,0,0,-10.834339236977087,-0.5366417248704096
RNU7-180P,Pseudogene,RNU7,1.433478335180315,-0.0469999983906746,0,0,7.073200607535853,-4.6543482621171135
RNU7-181P,Pseudogene,RNU7,0.938764398298959,0.306500002741814,0,0,2.1176773550486696,-10.186371215150562
RNU7-182P,Pseudogene,RNU7,0.3921612567087586,0.263999998569489,0,0.02,2.8699454309916628,-13.272798903749194
RNU7-183P,Pseudogene,RNU7,0.560230366726798,0.30799999833107,0,0,2.9476682188487184,-13.204734214112964
RNU7-185P,Pseudogene,RNU7,1.4472617807108952,0.30799999833107,0,0,-0.6648599860691892,-9.285412200257984
RNU7-186P,Pseudogene,RNU7,0.7167391675901575,-0.108000002801418,0.55,0,1.8316047432398928,-13.594356902406421
RNU7-187P,Pseudogene,RNU7,1.1748360337535502,-0.151500001549721,0,0,-0.06928131556748018,-12.424787886903491
RNU7-188P,Pseudogene,RNU7,1.3025356026398056,0.30799999833107,0,0,0.153769755599512,-9.538341887757984
RNU7-18P,Pseudogene,RNU7,1.120460733453596,0.282000005245209,0,0,3.1026321890330446,-11.000281699464526
RNU7-190P,Pseudogene,RNU7,0.8541217066490528,-0.11599999666214,0,0,1.6240372898554933,-13.385655768678394
RNU7-192P,Pseudogene,RNU7,0.9110631537589896,-0.0070000002160668,0,0,1.5403495075678957,-12.876351722047534
RNU7-193P,Pseudogene,RNU7,1.1756218772543887,0.214000001549721,0,0,-11.550727939369665,-1.9753383477189204
RNU7-194P,Pseudogene,RNU7,0.7167391675901575,-0.0700000002980232,0,0,8.139172935721888,-2.242573149965014
RNU7-195P,Pseudogene,RNU7,1.120460733453596,-0.207000002264977,0,0,7.8519276621318,-3.456560262010302
RNU7-196P,Pseudogene,RNU7,0.8403455500901972,0.30799999833107,0,0,2.6762548925852907,-10.16028822259685
RNU7-197P,Pseudogene,RNU7,1.0644376967809164,0.0604999996721745,0,0.01,2.8570915701365602,-11.813467391298023
RNU7-19P,Pseudogene,RNU7,1.473575631269275,0.28600001335144,0.25,0,5.64968099617721,-4.5614150841691155
RNU7-200P,Pseudogene,RNU7,0.8963685867628769,-0.105999998748302,0,0,1.449321592090143,-13.143765815065112
RNU7-20P,Pseudogene,RNU7,1.120460733453596,-0.11599999666214,1.7,0,0.09821465039016142,-12.39889086084148
RNU7-21P,Pseudogene,RNU7,1.2885298434716357,0.264999985694885,0,0.02,3.2670725824809206,-11.016387351319995
RNU7-22P,Pseudogene,RNU7,1.3096532835285477,0.279000014066696,0,0,0.08412047648192778,-9.617604621217456
RNU7-23P,Pseudogene,RNU7,1.456598953489675,0.30799999833107,0,0,-0.7115440127873288,-9.33129823999187
RNU7-24P,Pseudogene,RNU7,1.120460733453596,0.0010000000474974,0,0,0.49395075613023176,-11.788708098695484
RNU7-25P,Pseudogene,RNU7,1.0644376967809164,0.30799999833107,0.24,0.01,1.5332399251437319,-10.034740813539234
RNU7-26P,Pseudogene,RNU7,1.157809424568716,0.271500006318092,0,0,0.9812692048525943,-10.012245543763843
RNU7-27P,Pseudogene,RNU7,1.5686450268350345,-0.488999992609024,0,0,-1.943492984535681,-10.13932932214519
RNU7-28P,Pseudogene,RNU7,1.456598953489675,-0.12899999320507,0,0,-1.7436877248310911,-10.363759406373706
RNU7-29P,Pseudogene,RNU7,0.7055401180965614,-0.24099999666214,0,0,1.5994437577700746,-13.677260764405933
RNU7-2P,Pseudogene,RNU7,0.7843225134175172,-0.266999989748001,0,0,1.4565127732730043,-13.660987265870776
RNU7-30P,Pseudogene,RNU7,0.9523916234355566,0.294999986886978,0,0,2.120250845191492,-10.156871207521167
RNU7-34P,Pseudogene,RNU7,1.3025356026398056,0.347000002861023,0,0,0.18850474977256193,-9.480611213014331
RNU7-35P,Pseudogene,RNU7,1.1764837701262758,0.305000007152557,0,0,0.955207401750101,-9.937458403871265
RNU7-37P,Pseudogene,RNU7,0.8104665971981012,0.305000007152557,0,0,2.7159794809794557,-10.654158004090991
RNU7-38P,Pseudogene,RNU7,1.3314808382540235,0.327500000596046,0,0,5.885821724174036,-4.437137969300951
RNU7-3P,Pseudogene,RNU7,1.4005759168169951,-0.0105000003241002,2.38,0,-1.1563571450734007,-10.798290618226734
RNU7-40P,Pseudogene,RNU7,1.3025356026398056,0.319999992847443,4.76,0,3.289339447257532,-11.007677443788257
RNU7-41P,Pseudogene,RNU7,1.138828942198737,-0.200000002980232,0,0.01,2.741482877967371,-11.86655557946941
RNU7-43P,Pseudogene,RNU7,1.248263285863147,0.30799999833107,0,0,6.012164020774378,-4.043909438417162
RNU7-45P,Pseudogene,RNU7,0.6616053854678376,0.305000007152557,0,0,7.923793697593226,-1.3726610024430415
RNU7-46P,Pseudogene,RNU7,0.6722764400721577,0.306500002741814,0,0,3.0003141405558718,-13.120887168214526
RNU7-47P,Pseudogene,RNU7,0.9523916234355566,0.305000007152557,0,0,2.1137448790049684,-10.153416045472827
RNU7-48P,Pseudogene,RNU7,1.3232107709356753,0.282000005245209,0,0,3.278844261405481,-11.011973746583667
RNU7-49P,Pseudogene,RNU7,1.6246680635077144,-0.151999995112419,0,0,-1.6896911618733275,-10.225576766298023
RNU7-4P,Pseudogene,RNU7,0.8403455500901972,-0.143500000238419,0,0,2.933171415565027,-12.052395232484546
RNU7-50P,Pseudogene,RNU7,1.4005759168169951,-0.140000000596046,0,0,-1.6190920827412474,-10.30543554620525
RNU7-51P,Pseudogene,RNU7,1.2325068067989555,0.284000009298325,0,0,0.48315721177817716,-9.79803694085857
RNU7-52P,Pseudogene,RNU7,1.1026756424463962,-0.389500007033348,0,0,7.830355549094691,-3.405074723527636
RNU7-53P,Pseudogene,RNU7,1.3893713094824591,-0.25900000333786,0,0,-1.8389647958302366,-10.435948737428394
RNU7-54P,Pseudogene,RNU7,0.7282994767448375,-0.217999994754791,0,0,1.5646506192660463,-13.679759391114917
RNU7-55P,Pseudogene,RNU7,1.2885298434716357,0.0070000002160668,0,0,-0.7068707702183591,-11.074694999025073
RNU7-56P,Pseudogene,RNU7,0.4481842933814384,0.194999992847443,0,0,-10.24618253684281,-2.3229082901932854
RNU7-57P,Pseudogene,RNU7,0.6946856547412297,0.30799999833107,4.18,0,3.0090557577586305,-13.0877231438615
RNU7-59P,Pseudogene,RNU7,1.138828942198737,0.152999997138977,0,0,0.6094647076478733,-10.808312781617847
RNU7-60P,Pseudogene,RNU7,1.2885298434716357,-0.177000001072884,0,0,-0.5784253833317624,-12.2597783883073
RNU7-61P,Pseudogene,RNU7,1.138828942198737,-0.166999995708466,0,0.01,2.761864567039026,-11.858351119325366
RNU7-62P,Pseudogene,RNU7,0.9523916234355566,0.217999994754791,0,0,2.156326556441797,-10.217180617616382
RNU7-63P,Pseudogene,RNU7,1.456598953489675,0.30799999833107,0,0,-0.6971398351216184,-9.296642669007984
RNU7-65P,Pseudogene,RNU7,0.7843225134175172,0.257999999448657,0,0,2.811459684607996,-10.129437812135425
RNU7-66P,Pseudogene,RNU7,1.5686450268350345,0.300999999046326,0,0,-0.953673338654028,-9.374238379762378
RNU7-67P,Pseudogene,RNU7,1.3445528801443154,0.303000003099442,0,0,5.8949774744486945,-4.421130069062914
RNU7-69P,Pseudogene,RNU7,0.8403455500901972,0.218500003218651,0,0,7.780321979758753,-1.4441739399888178
RNU7-6P,Pseudogene,RNU7,0.7843225134175172,0.214000001549721,0,0,8.01424684548141,-1.75073970155498
RNU7-70P,Pseudogene,RNU7,1.157809424568716,-0.0729999989271164,0,0,0.023352885482324504,-12.069007285402026
RNU7-71P,Pseudogene,RNU7,1.2735903670255877,-0.189500004053116,0,0,-0.5758094546818601,-12.288380988404956
RNU7-73P,Pseudogene,RNU7,0.9372742960794368,0.30799999833107,0,0,2.1737554314112795,-10.164525397584644
RNU7-74P,Pseudogene,RNU7,1.2325068067989555,0.28099998831749,0,0,0.49823968285085096,-9.797381766603198
RNU7-75P,Pseudogene,RNU7,1.6806911001803944,-0.280000001192093,1.4,0,-1.9346130845570433,-9.921864875123706
RNU7-77P,Pseudogene,RNU7,1.8524950793099453,0.214000001549721,0.68,0.05,-1.6461337564015257,-9.37204874353191
RNU7-79P,Pseudogene,RNU7,1.2325068067989555,-0.0665000006556511,0,0,-0.5103355405354367,-11.55484331445476
RNU7-7P,Pseudogene,RNU7,1.0644376967809164,-0.22350000590086,0,0,0.40037349784137144,-12.92269171075603
RNU7-80P,Pseudogene,RNU7,1.594360519078232,-0.256000012159348,0,0,-1.9831701276326048,-10.004256614015308
RNU7-81P,Pseudogene,RNU7,1.628169503299757,0.0135000012814999,0,0,-1.5631075856709349,-9.893314727113452
RNU7-82P,Pseudogene,RNU7,1.2325068067989555,-0.0270000007003546,0,0,-0.42866072631119356,-11.478507407472339
RNU7-84P,Pseudogene,RNU7,0.8963685867628769,0.0640000030398369,2.9,0,1.6771445515132082,-12.951970465944019
RNU7-85P,Pseudogene,RNU7,1.0475418603240765,-0.172999992966652,0.55,0,0.48325611078502073,-12.946585067079273
RNU7-87P,Pseudogene,RNU7,1.456598953489675,-0.200499996542931,0,0,-1.897054528954016,-10.365352996156421
RNU7-88P,Pseudogene,RNU7,0.9924080782017566,0.30799999833107,0,0,1.9981085302806032,-10.102601416871753
RNU7-8P,Pseudogene,RNU7,1.1764837701262758,0.252999991178513,0,0,0.8878298642611636,-10.010758765504566
RNU7-90P,Pseudogene,RNU7,1.3445528801443154,0.140000000596046,0,0,-0.5475679395222531,-10.190331824586597
RNU7-92P,Pseudogene,RNU7,1.279684100839107,-0.033500000834465,0,0,-0.6985684392475949,-11.307914145753589
RNU7-93P,Pseudogene,RNU7,1.537419071968295,-0.168999999761581,0,0,-1.8401175496601927,-10.15474737481853
RNU7-94P,Pseudogene,RNU7,0.9372742960794368,0.347000002861023,0,0,2.61843886399032,-10.5916293938615
RNU7-95P,Pseudogene,RNU7,1.0854463355331714,-0.0024999999441206,0,0,0.5707903111851348,-11.876946814820972
RNU7-96P,Pseudogene,RNU7,0.868357068426537,0.30799999833107,4.76,0,2.5878969671702516,-10.13833177881023
RNU7-97P,Pseudogene,RNU7,0.9523916234355566,0.319000005722046,0,0,7.871315384147181,-2.014517434404101
RNU7-99P,Pseudogene,RNU7,1.8487602101984333,0.185000006109476,0,0,-1.6522856709980833,-9.382592566774097
RNU7-9P,Pseudogene,RNU7,0.7282994767448375,-0.0399999991059303,0,0,1.9758898260569704,-13.508780844972339
RN7SK,Functional,RN7SK,3.3251721888528367,0.194999992847443,344.31,0.83,-5.563850021126257,-4.3410781701066155
RN7SKP1,Pseudogene,RN7SK,1.2106085514220124,0.211999997496605,0.16,0.09,-5.578629112007604,-4.328420050904955
RN7SKP10,Pseudogene,RN7SK,1.3786838378710558,0.239999994635582,0,0,5.514392280814661,-3.078978427217211
RN7SKP100,Pseudogene,RN7SK,1.1985773620535298,0.281000003218651,0,0,0.9276988747096194,8.403266541197095
RN7SKP101,Pseudogene,RN7SK,1.2591177492184786,0.173499993979931,0,0,0.09893288635970487,-10.417627700135913
RN7SKP102,Pseudogene,RN7SK,1.1137023988708603,0.214000001549721,1.53,0,1.1160384061312807,9.232318512632641
RN7SKP103,Pseudogene,RN7SK,0.8575026050712053,0.0425000004470348,5.1,0,4.597828054664149,9.13034497900227
RN7SKP104,Pseudogene,RN7SK,1.016613153279848,0.034000001847744,0,0,4.879864597556605,7.641765705778394
RN7SKP105,Pseudogene,RN7SK,0.8075167642692638,-0.0830000005662441,0,0,1.7144527676081789,-13.480848677919116
RN7SKP106,Pseudogene,RN7SK,1.2131459044194266,0.305000007152557,3.45,0,1.3325782659030092,7.883878819181715
RN7SKP107,Pseudogene,RN7SK,1.1618018708603324,0.0049999998882412,0,0,4.234377765891566,7.3490344206831795
RN7SKP108,Pseudogene,RN7SK,1.238997280559815,0.300499990582466,0.06,0,1.55287649655105,7.749118439390455
RN7SKP109,Pseudogene,RN7SK,1.319023395078284,0.211999997496605,0,0,5.204290771720423,-3.028363593385424
RN7SKP11,Pseudogene,RN7SK,1.1860486788264897,0.305000007152557,3.86,0,-11.478607272865759,-2.0770732243516106
RN7SKP110,Pseudogene,RN7SK,1.0968720864335204,-0.034000001847744,4.49,0,4.598188781974329,7.498190514280592
RN7SKP111,Pseudogene,RN7SK,1.7815739116057367,0.211999997496605,0.22,0,1.4272078516459596,4.820590130522047
RN7SKP112,Pseudogene,RN7SK,0.8192047815344689,0.211999997496605,0.69,0,3.577468061683191,10.501800171568188
RN7SKP113,Pseudogene,RN7SK,0.8242033191845097,0.207000002264977,0,0,2.7858008387065065,11.128189675047192
RN7SKP114,Pseudogene,RN7SK,1.419250262374555,-0.195999994874001,0.28,0,3.571970129249109,5.341962925627027
RN7SKP115,Pseudogene,RN7SK,1.303905251012718,0.305000007152557,2.73,0,0.3515008928752078,7.511004082395826
RN7SKP116,Pseudogene,RN7SK,1.0997374785088432,0.0430000014603138,5.29,0,4.7079142572856085,7.427315346433912
RN7SKP117,Pseudogene,RN7SK,1.486732556548465,0.30799999833107,0.05,0,-11.736032581093298,-1.8020430882432124
RN7SKP118,Pseudogene,RN7SK,1.3051669876956435,0.266999989748001,1.19,0,-0.0816977975392209,7.4672337691328865
RN7SKP119,Pseudogene,RN7SK,1.5267816587719332,-0.10700000077486,0.46,0,2.4599689486003053,5.164856545164381
RN7SKP12,Pseudogene,RN7SK,0.6558221216088531,0.734000027179718,0,0.46,-10.464018916847692,-2.2165950615861076
RN7SKP120,Pseudogene,RN7SK,1.5584590201672746,0.30799999833107,0,0,1.1338069083666933,5.397904507353101
RN7SKP121,Pseudogene,RN7SK,1.56019565081227,-0.164000004529953,0,0,2.9454621317362917,5.2233396689436775
RN7SKP122,Pseudogene,RN7SK,1.1969246078311726,-0.0449999999254942,0,0,-0.28187093711136446,-11.649092086122241
RN7SKP123,Pseudogene,RN7SK,0.7877878558921161,0.734000027179718,0,0.4,-10.452283954384313,-1.9984201271989008
RN7SKP124,Pseudogene,RN7SK,1.1000887201180762,0.284000009298325,3.12,0,0.3057329597449435,9.772699944212231
RN7SKP125,Pseudogene,RN7SK,1.3571673387328658,-0.113000001758337,0,0,3.6369172575450075,5.618900887205396
RN7SKP126,Pseudogene,RN7SK,0.648373277758481,-0.0749999992549419,0.23,0,5.051007652518763,9.84808122320393
RN7SKP127,Pseudogene,RN7SK,1.2755527558807889,0.30799999833107,1.2,0,-0.46940264678238497,7.878594509794508
RN7SKP128,Pseudogene,RN7SK,1.10049212632274,-0.0649999976158142,0.08,0,4.302315855262293,7.591861836149488
RN7SKP129,Pseudogene,RN7SK,1.2429994156741064,0.214000001549721,0,0,1.7189593555903566,7.37939798040608
RN7SKP13,Pseudogene,RN7SK,0.7260034506516949,-0.0810000002384186,0,0,8.125746631858362,-2.348295815751757
RN7SKP130,Pseudogene,RN7SK,1.2924384274255434,0.303999990224838,0.74,0,-0.35733095383881197,7.909392468168531
RN7SKP131,Pseudogene,RN7SK,0.5539021831823757,0.322500005364418,0.48,0,4.62681665444137,10.961939446165356
RN7SKP132,Pseudogene,RN7SK,1.2524380794613514,-0.0810000002384186,0,0,-0.5544327256703244,-11.525624640748706
RN7SKP133,Pseudogene,RN7SK,1.2565637578407536,0.305000007152557,0.58,0,5.949055576560511,-4.204096205995287
RN7SKP134,Pseudogene,RN7SK,1.2525001581765665,-0.127000004053116,2.31,0,4.072789812324061,6.640174023344312
RN7SKP135,Pseudogene,RN7SK,1.25155917554594,-0.162000000476837,0,0,-0.5389067885899411,-12.286398299501148
RN7SKP136,Pseudogene,RN7SK,1.2620122727799006,0.208499997854233,0,0,2.1192436459040773,7.170590511991773
RN7SKP137,Pseudogene,RN7SK,1.267179044479116,-0.0439999997615814,3.35,0,3.687573337790979,6.419602028562818
RN7SKP139,Pseudogene,RN7SK,1.2091798085939491,0.305000007152557,1.14,0,-0.3049242255711423,8.276906124784741
RN7SKP14,Pseudogene,RN7SK,1.1930012003914734,0.30799999833107,0,0,5.512628937003626,-3.0768588860489983
RN7SKP140,Pseudogene,RN7SK,0.9295089746537578,0.277999997138977,0,0,6.59564104103805,-1.215592749879565
RN7SKP141,Pseudogene,RN7SK,0.6885198057346507,0.037499999627471,0,0,2.276327514884485,-13.596145995424
RN7SKP142,Pseudogene,RN7SK,1.3660739247197962,0.28099998831749,0.15,0,5.377463722465052,-3.897283442781176
RN7SKP143,Pseudogene,RN7SK,1.2100975921298838,0.30799999833107,0,0,5.157838249442591,-2.3333433945634026
RN7SKP144,Pseudogene,RN7SK,0.9586164052880768,-0.180000007152557,0.23,0,5.28715076470138,8.329239002897534
RN7SKP145,Pseudogene,RN7SK,1.1119555859719352,0.305000007152557,0,0,0.2793142738318576,9.752633682920727
RN7SKP146,Pseudogene,RN7SK,1.112744985887898,0.229000002145767,0,0,6.307774448630823,-4.207783110902514
RN7SKP147,Pseudogene,RN7SK,1.0818874950888002,-0.0899999998509884,0,0,0.34621300720931425,-12.423909552858081
RN7SKP148,Pseudogene,RN7SK,1.4777858473586158,0.305000007152557,0,0,0.9678680541491641,5.969488732054029
RN7SKP149,Pseudogene,RN7SK,1.019814696640468,0.300999999046326,0,0,1.6623251678919924,10.003656021787915
RN7SKP15,Pseudogene,RN7SK,1.0903642153705384,-0.258000001311302,0,0,-11.438507175209509,-2.9155079205491203
RN7SKP150,Pseudogene,RN7SK,1.4283256452623412,0.195999994874001,0.75,0,-12.289685344459997,-1.6448623021103999
RN7SKP151,Pseudogene,RN7SK,1.2420803636987177,0.305000007152557,3.39,0,5.0742072107768195,-1.8001326401688715
RN7SKP152,Pseudogene,RN7SK,0.7498194368635495,0.305000007152557,0.14,0,3.7798096182322634,10.933056465818677
RN7SKP153,Pseudogene,RN7SK,1.3629908415808936,0.206000000238419,0.17,0,-0.4342250583195554,7.229090325071607
RN7SKP154,Pseudogene,RN7SK,0.8743457378639614,0.305000007152557,5,0,2.9795376303172243,10.828816048338208
RN7SKP155,Pseudogene,RN7SK,1.2422330284435184,-0.0689999982714653,0.2,0,-0.49973938441513643,-11.538508780763355
RN7SKP156,Pseudogene,RN7SK,0.9242162950504664,-0.258000001311302,0,0,8.086253547904505,-2.9319900353409905
RN7SKP157,Pseudogene,RN7SK,1.0100039661131353,0.110999997705221,0,0,1.489597106215967,-10.604517348573413
RN7SKP158,Pseudogene,RN7SK,1.2785625547384594,0.211999997496605,0,0,1.222462141749872,7.273688427641187
RN7SKP159,Pseudogene,RN7SK,2.105468508376672,-0.178000003099442,0,0.39,1.7919473888850344,4.580160252287183
RN7SKP16,Pseudogene,RN7SK,1.2546162326430232,0.211999997496605,9.3,0,5.506081485984339,-3.090720303819384
RN7SKP160,Pseudogene,RN7SK,1.2463477923298532,0.293000012636185,1.23,0,5.068880462882532,-1.9280973751999995
RN7SKP161,Pseudogene,RN7SK,1.2868767046845728,0.204999998211861,0.65,0,0.13978790664435758,7.812771908476148
RN7SKP162,Pseudogene,RN7SK,1.3490996773235475,-0.109999999403954,0,0,3.2248522284007204,6.361308685972486
RN7SKP163,Pseudogene,RN7SK,1.2735903670255877,0.30799999833107,0.73,0,-0.3539470193409787,7.996331803037916
RN7SKP164,Pseudogene,RN7SK,1.031582081288668,-0.12899999320507,0,0,0.5198202597475184,-12.883246787355151
RN7SKP165,Pseudogene,RN7SK,0.868357068426537,0.238000005483627,0.12,0,1.231820130584253,10.62109433813313
RN7SKP166,Pseudogene,RN7SK,1.4235361777484214,0.277999997138977,0.21,0,1.418841684100641,6.23639260931233
RN7SKP167,Pseudogene,RN7SK,1.1212470216875987,-0.129999995231628,0,0,5.172469997642054,7.042498699857984
RN7SKP168,Pseudogene,RN7SK,1.0999189533402802,0.0150000005960464,0,0,4.950578594443812,7.30750381155232
RN7SKP169,Pseudogene,RN7SK,1.312979759820193,-0.0430000014603138,0,0,3.3796798231578005,6.229314438535963
RN7SKP17,Pseudogene,RN7SK,1.2369758809494829,-0.0195000004023314,0,0.01,-11.402383899452673,-2.235523827836718
RN7SKP170,Pseudogene,RN7SK,1.3343047636798009,0.146999999880791,0.67,0,5.8417853357768195,-4.054539092347826
RN7SKP171,Pseudogene,RN7SK,1.1348825052703255,0.305000007152557,0,0,0.25327416682006254,9.677898041441235
RN7SKP172,Pseudogene,RN7SK,1.3520727508386348,-0.0195000004023314,0.32,0,3.278447056052698,6.1460620085738045
RN7SKP173,Pseudogene,RN7SK,1.2239699631155,0.214000001549721,2.29,0,-0.06418464160202608,8.163100830747876
RN7SKP174,Pseudogene,RN7SK,1.242013746355532,0.146999999880791,0,0,1.6709729673838747,7.185135952665601
RN7SKP175,Pseudogene,RN7SK,1.286009776078055,0.280000001192093,1.46,0,-0.339188909294592,7.88531028433064
RN7SKP176,Pseudogene,RN7SK,2.053473319046402,0.0850000008940697,2.99,0.44,1.6505047323680055,4.538597218229566
RN7SKP177,Pseudogene,RN7SK,1.2426067345371292,0.263000011444092,0.15,0,-10.875397777321325,-0.5304860551812312
RN7SKP178,Pseudogene,RN7SK,0.8657176852398303,0.30799999833107,0,0,-10.637662982704626,-1.8736842949845454
RN7SKP179,Pseudogene,RN7SK,0.576236948633278,0.0509999990463257,0.08,0,2.308557534453882,-13.699788459108081
RN7SKP18,Pseudogene,RN7SK,1.1241276958539896,0.197999998927116,0,0,5.511711502311243,-3.066325076387133
RN7SKP180,Pseudogene,RN7SK,1.2630648268022358,0.164000004529953,1.04,0,0.24447389864684477,7.811000458433424
RN7SKP181,Pseudogene,RN7SK,1.198112917196108,0.197999998927116,0,0,1.8788229467845095,7.327188126280103
RN7SKP182,Pseudogene,RN7SK,1.2937937529576593,0.30799999833107,0,0,2.046162390944971,7.223557106687818
RN7SKP183,Pseudogene,RN7SK,0.9005184413312235,0.593999981880188,0,0.43,3.2318977358317507,10.255470864012036
RN7SKP184,Pseudogene,RN7SK,1.2412551488619568,0.305000007152557,2.11,0,0.09210386299849882,8.238608948423657
RN7SKP185,Pseudogene,RN7SK,1.1826703631330748,0.282000005245209,1.05,0,-0.0291797277951108,8.63454305334309
RN7SKP186,Pseudogene,RN7SK,0.985857529830788,-0.0990000031888485,0.88,0,4.893761062858118,8.242767445280347
RN7SKP187,Pseudogene,RN7SK,1.17886050501542,0.305000007152557,1.62,0,5.151781940696253,-1.595079072282519
RN7SKP188,Pseudogene,RN7SK,1.523048990678721,0.122000001370907,0,0,0.29358109259368315,5.9726730505965095
RN7SKP189,Pseudogene,RN7SK,0.9157219994316208,-0.104499999433756,0.12,0,4.909641647574915,8.637302033140454
RN7SKP19,Pseudogene,RN7SK,1.3369942164662554,0.30799999833107,0,0,5.736332798240198,-2.7612553914048332
RN7SKP190,Pseudogene,RN7SK,1.639555304022133,-0.0115000000223517,2.19,0,-1.6320184228443968,-9.913751014039722
RN7SKP191,Pseudogene,RN7SK,1.2713201524676097,0.107999999076128,0.2,0,2.2389074804759157,6.837953678800855
RN7SKP192,Pseudogene,RN7SK,1.2002978438189442,0.164000004529953,0.14,0,5.532144451377405,-1.4244867642380854
RN7SKP193,Pseudogene,RN7SK,1.123756206199048,0.296999990940094,0.37,0,4.89246025109054,-0.9550416548707148
RN7SKP194,Pseudogene,RN7SK,0.8510394060932442,0.003000000026077,0,0,4.742726230857386,8.999842278196606
RN7SKP195,Pseudogene,RN7SK,0.9400036912340072,-0.046000000089407,4.1,0,1.4838551523661745,-12.867646582887378
RN7SKP196,Pseudogene,RN7SK,1.2886922290851797,0.0579999983310699,0,0,-0.5764746425175534,-10.89691389398357
RN7SKP197,Pseudogene,RN7SK,1.1811995139539426,0.0670000016689301,0.32,0,0.3579427840685977,-11.10911978082439
RN7SKP198,Pseudogene,RN7SK,1.0329476238799329,0.30799999833107,1.35,0,0.48730252110721006,10.004132858946118
RN7SKP199,Pseudogene,RN7SK,1.4235361777484214,-0.182499997317791,0,0,3.376908684012903,5.29138003988484
RN7SKP2,Pseudogene,RN7SK,0.9799640897603552,0.194999992847443,0.22,0.07,-5.576495742561804,-4.325903304383959
RN7SKP20,Pseudogene,RN7SK,0.8100966900337023,0.200499996542931,0.09,0,-10.633592700722204,-2.2779609044053215
RN7SKP200,Pseudogene,RN7SK,0.7706668982285516,-0.214000001549721,0,0,5.317628288505091,9.28758775396565
RN7SKP202,Pseudogene,RN7SK,1.1367583441220122,0.200499996542931,0.65,0,1.3769818189120424,8.99195443792561
RN7SKP204,Pseudogene,RN7SK,1.2997344508061717,0.214000001549721,0.46,0,0.7072498443102969,7.5592089812300545
RN7SKP205,Pseudogene,RN7SK,1.086153466696385,0.178000003099442,0,0,1.4277047159648073,9.095655075742993
RN7SKP206,Pseudogene,RN7SK,1.3277268486521796,0.305000007152557,0,0,0.3797183277583255,7.438892475797926
RN7SKP207,Pseudogene,RN7SK,1.5475670526413532,0.305000007152557,0,0,-0.034896647694097616,6.148081890775953
RN7SKP208,Pseudogene,RN7SK,1.366279265557543,-0.078999999910593,0,0,3.204414272544397,5.774871937467847
RN7SKP209,Pseudogene,RN7SK,0.9597630756293304,-0.0095000001601874,0,0,1.4816454889750612,-12.806140311525073
RN7SKP21,Pseudogene,RN7SK,1.0736051027819002,0.10700000077486,0,0,5.498193168876185,-3.0413822014786858
RN7SKP210,Pseudogene,RN7SK,0.9581871099879028,-0.0179999992251396,0,0,1.4827530028796327,-12.813957579896655
RN7SKP211,Pseudogene,RN7SK,1.2460234759644278,0.305000007152557,0,0,0.12292658710242643,8.257558933927807
RN7SKP212,Pseudogene,RN7SK,0.7624598649598862,0.305000007152557,0.04,0,3.6857098581767214,10.979969612791333
RN7SKP213,Pseudogene,RN7SK,0.8858407677908298,0.214000001549721,0.01,0,5.36968889260055,-0.9959389050461909
RN7SKP214,Pseudogene,RN7SK,1.356291040209067,0.284000009298325,0.49,0,-0.19504628157852755,7.1458555380843025
RN7SKP216,Pseudogene,RN7SK,1.3136683855683509,0.0755000002682209,0.18,0,3.2244273664927614,6.1977683226607185
RN7SKP217,Pseudogene,RN7SK,1.2259158613080523,0.222000002861023,0.19,0,0.8614324274039401,7.88353501959065
RN7SKP218,Pseudogene,RN7SK,1.2846926491789863,0.30799999833107,0,0,1.6674703600382936,7.581181160642896
RN7SKP219,Pseudogene,RN7SK,1.2086591628099097,0.10700000077486,0.13,0,0.26354208016158476,-10.950800307557788
RN7SKP22,Pseudogene,RN7SK,1.161760992570657,0.194000005722046,7.95,0,-11.374606227638708,-2.0768479187943596
RN7SKP220,Pseudogene,RN7SK,1.1698699394079737,-0.0874999985098839,0,0,5.173342609641566,6.60192691488484
RN7SKP221,Pseudogene,RN7SK,0.8077740171409646,0.307000011205673,0.94,0,3.2161921503520143,11.032534233763013
RN7SKP222,Pseudogene,RN7SK,1.2019164502665718,0.146999999880791,0,0,2.250483417747034,7.096764675810133
RN7SKP223,Pseudogene,RN7SK,1.2885298434716357,0.284000009298325,0,0,0.3256443383669986,7.669855229093824
RN7SKP224,Pseudogene,RN7SK,1.325246479814038,0.28099998831749,0.62,0,-10.923443889381872,0.10933347745159666
RN7SKP225,Pseudogene,RN7SK,1.016372477817424,0.30799999833107,0.35,0,1.6692396643138063,10.073689095213208
RN7SKP226,Pseudogene,RN7SK,1.4356836864652078,0.305000007152557,0.37,0,0.07874038243056669,6.469778172209058
RN7SKP227,Pseudogene,RN7SK,1.1999115854621238,0.187999993562698,2.9,0,3.2126740457987917,-11.050862677858081
RN7SKP228,Pseudogene,RN7SK,1.4527646772154992,-0.158999994397163,1.05,0,2.6398495676493776,5.321713558866773
RN7SKP229,Pseudogene,RN7SK,0.8166006868646905,0.194000005722046,0.74,0,1.2922160866236818,10.660500160887036
RN7SKP23,Pseudogene,RN7SK,1.1540406889388717,-0.0309999994933605,0.57,0.02,-10.78457365012406,-0.41376227931758364
RN7SKP230,Pseudogene,RN7SK,1.5034241781713178,0.30799999833107,4.77,0,-0.12297705388306246,6.245405785276685
RN7SKP231,Pseudogene,RN7SK,1.166169059403147,-0.0340000009164214,0,0,5.211653137443079,6.622376553251539
RN7SKP232,Pseudogene,RN7SK,1.0779604987363909,0.284000009298325,0.33,0,2.33532598042251,8.691829315855298
RN7SKP233,Pseudogene,RN7SK,1.4209479301525152,0.557000011205673,0,0.43,1.306109750506891,6.286100498869215
RN7SKP234,Pseudogene,RN7SK,1.364561107527415,-0.0415000002831221,2.21,0,2.8013035299754274,5.900421730711256
RN7SKP235,Pseudogene,RN7SK,1.0021694691348888,0.268999993801117,0.16,0,1.7986498119807375,10.204837433531079
RN7SKP236,Pseudogene,RN7SK,1.1496558370717531,0.300000011920929,0,0,0.23164852881194486,9.53163015051106
RN7SKP237,Pseudogene,RN7SK,1.211661025711447,0.30799999833107,0.1,0,-0.44171771979569063,8.032442681028638
RN7SKP238,Pseudogene,RN7SK,1.3531025805200658,-0.0309999994933605,0,0,-0.9601402041935788,-11.041131385133472
RN7SKP239,Pseudogene,RN7SK,1.1185616474646918,-0.149000003933907,5.3,0,3.9098803045725954,7.606907002165113
RN7SKP24,Pseudogene,RN7SK,1.0273520246173111,-0.228500001132488,0.4,0,4.925665283439173,8.164842240049634
RN7SKP240,Pseudogene,RN7SK,1.2596966539307632,0.273999989032745,0.71,0,0.1856545450663699,8.02161513967732
RN7SKP241,Pseudogene,RN7SK,1.4084691968980256,-0.0670000016689301,0.41,0,3.102444792029871,5.5522252242110115
RN7SKP242,Pseudogene,RN7SK,1.1057280317680471,0.017000000923872,0,0,0.5338935869312419,-11.820025809571948
RN7SKP243,Pseudogene,RN7SK,1.1915320291678049,0.30799999833107,0.22,0,-0.16468898034332857,8.49718248052815
RN7SKP244,Pseudogene,RN7SK,1.0635252694735438,0.287999987602234,0.46,0.01,1.5529042723155153,-10.069990523622241
RN7SKP245,Pseudogene,RN7SK,1.2374088225078153,-0.0729999989271164,1.79,0,4.418781423804774,6.340406529142652
RN7SKP246,Pseudogene,RN7SK,1.5668777386119217,0.146999999880791,0.02,0,0.936335855958475,5.503282658293043
RN7SKP247,Pseudogene,RN7SK,1.3871158365774552,-0.228500001132488,0,0,3.1983891966319216,6.45290815038899
RN7SKP248,Pseudogene,RN7SK,0.8655099960710402,0.0309999994933605,1.75,0.01,1.7087487223124636,-12.99904669122478
RN7SKP249,Pseudogene,RN7SK,1.2523910395334843,-0.193999998271465,0.14,0,4.282728576896204,6.206414334013258
RN7SKP25,Pseudogene,RN7SK,0.8119702458014372,-0.0989999994635582,1.38,0,-10.794375514748083,-2.3803027947404045
RN7SKP250,Pseudogene,RN7SK,1.060423585119011,0.152999997138977,0,0,1.1733084561801088,9.493024460508618
RN7SKP251,Pseudogene,RN7SK,1.183620462696044,0.305000007152557,0.26,0,0.19566076421500578,8.56835710211018
RN7SKP252,Pseudogene,RN7SK,1.3171409967570713,0.101999998092651,0,0,2.5378505232310427,6.362626187040601
RN7SKP253,Pseudogene,RN7SK,1.0004372697729682,0.791999995708466,3.04,0.59,1.209940099952234,-9.0977910836198
RN7SKP254,Pseudogene,RN7SK,1.2549160214680275,0.214000001549721,0.22,0,2.1525647881007326,7.187310330107008
RN7SKP255,Pseudogene,RN7SK,1.3871518664960656,0,81.36,0.04,-0.3930108306431638,6.974032513334547
RN7SKP256,Pseudogene,RN7SK,1.238929830111747,0.0785000026226044,0,0,0.09657456898452177,-10.954527266786304
RN7SKP257,Pseudogene,RN7SK,1.2140137655671974,0.305000007152557,0.07,0,1.6820698025202883,7.8307005087874275
RN7SKP258,Pseudogene,RN7SK,1.5081991188460906,0.0039999999571591,1.45,0,-1.4982570168995726,-10.079017051027026
RN7SKP259,Pseudogene,RN7SK,1.2934087265452323,-0.0989999994635582,0,0,-11.918562984230505,-0.7296164114930292
RN7SKP26,Pseudogene,RN7SK,1.197325104588126,0.194999992847443,7.34,0,-11.458918666603552,-2.1949971993424553
RN7SKP260,Pseudogene,RN7SK,0.6061015779621466,-0.003000000026077,0,0,2.2769009115672243,-13.688397773072925
RN7SKP261,Pseudogene,RN7SK,2.423903183809326,0.263999998569489,0.05,0.62,1.72340073609115,4.092767826750074
RN7SKP262,Pseudogene,RN7SK,1.2641806084513545,0.28099998831749,0,0,5.987083816764368,-4.090709574983324
RN7SKP263,Pseudogene,RN7SK,1.3826267885626415,0.30799999833107,0,0,1.8965698721385134,6.921310059263502
RN7SKP264,Pseudogene,RN7SK,1.3220661249400565,0.30799999833107,0.64,0,-11.467612361671911,-1.5654729683854243
RN7SKP265,Pseudogene,RN7SK,1.152617454054955,0.453999996185303,0,0,2.2870669605708254,8.163504711820874
RN7SKP266,Pseudogene,RN7SK,1.1860486788264897,0.30799999833107,0,0,1.902890825507654,8.030031792356763
RN7SKP267,Pseudogene,RN7SK,0.9749974101631292,-0.0879999995231628,0,0,5.482519531486048,7.686997048094068
RN7SKP268,Pseudogene,RN7SK,1.198112917196108,0.0700000002980232,1.46,0,2.6338328363871706,6.791160217954908
RN7SKP269,Pseudogene,RN7SK,1.154179927939974,0.194999992847443,3.87,0,-11.930974101784216,-1.4190293629624506
RN7SKP27,Pseudogene,RN7SK,1.470730890668369,0.448500007390976,0,0,-11.438764667274938,-1.796626694963183
RN7SKP270,Pseudogene,RN7SK,1.2580044709256242,-0.019000000320375,0,0,4.9351715090251105,6.297231785490308
RN7SKP271,Pseudogene,RN7SK,1.5196248697464398,-0.233999997377396,0.83,0,-11.412233447792516,-1.8295728047349116
RN7SKP272,Pseudogene,RN7SK,1.3923656442011714,0.448500007390976,0.49,0.01,0.08785244250060453,-9.34912336663982
RN7SKP273,Pseudogene,RN7SK,1.084063601347779,0.305000007152557,0.86,0,5.875695610282435,-2.041602977082934
RN7SKP275,Pseudogene,RN7SK,1.4539932308537364,-0.125,0.44,0,2.6290229799723757,5.3225570837996345
RN7SKP276,Pseudogene,RN7SK,0.8553965151664394,-0.576499998569489,0.27,0,1.3026425483203066,-13.590862639711109
RN7SKP277,Pseudogene,RN7SK,1.2028126177498322,0.523999989032745,0,0.44,1.0010259690261019,-9.441275008485523
RN7SKP278,Pseudogene,RN7SK,1.4523398922221613,-0.0650000013411045,0,0,3.0255066397166384,5.488796345426832
RN7SKP279,Pseudogene,RN7SK,1.2588263542290736,0.206000000238419,0,0,5.6560038568949835,-3.772131331727709
RN7SKP28,Pseudogene,RN7SK,1.1843820998866863,-0.0775000005960464,0.2,0,-11.538544749977575,-2.984836228654589
RN7SKP280,Pseudogene,RN7SK,1.542476371547138,-0.172999992966652,0.18,0,2.1257016899562013,4.326466671659742
RN7SKP281,Pseudogene,RN7SK,1.312403296599198,0.211999997496605,0.07,0,1.4371361377215517,7.03610431356648
RN7SKP282,Pseudogene,RN7SK,0.1045513527202519,0.0099999997764825,0.64,0.26,5.371479892966761,10.715681664182934
RN7SKP283,Pseudogene,RN7SK,0.681821105579355,-0.046000000089407,3.95,0,5.013833427665247,9.871456734373364
RN7SKP284,Pseudogene,RN7SK,1.4278524390453844,-0.122000001370907,0,0,-1.7069366929554808,-10.447612174318042
RN7SKP285,Pseudogene,RN7SK,1.2451912679323929,-0.0775000005960464,0,0,4.976526165244593,6.313025109007154
RN7SKP286,Pseudogene,RN7SK,0.8480276387309325,0.0469999983906746,0.19,0,-10.585762119057165,-2.6429697354294914
RN7SKP287,Pseudogene,RN7SK,1.2274520967232252,-0.0025000000605359,0.68,0,-0.40797755694626436,-11.419403441713062
RN7SKP288,Pseudogene,RN7SK,1.1794103466688786,-0.0165000008419156,2.07,0,-0.09012184119461641,-11.660231002137866
RN7SKP289,Pseudogene,RN7SK,1.330499643826423,0.061999998986721,0,0,2.5732002499079836,6.304042927458082
RN7SKP29,Pseudogene,RN7SK,1.2386858181966778,-0.0759999975562096,0.08,0,-11.611479854347692,-2.7730354149796623
RN7SKP290,Pseudogene,RN7SK,1.033122255769008,0.208000004291534,0,0,-11.779310321571813,-0.2143222172715326
RN7SKP291,Pseudogene,RN7SK,1.157809424568716,-0.0759999975562096,0,0,4.199983024833216,7.473002545072828
RN7SKP292,Pseudogene,RN7SK,1.303905251012718,0.305000007152557,2.26,0,5.971778297660364,-4.112830050752367
RN7SKP293,Pseudogene,RN7SK,1.1851900528524355,-0.15599999576807,0.04,0,4.041399622199549,7.325886360838209
RN7SKP294,Pseudogene,RN7SK,1.233169801315792,0.26800000667572,0,0,0.09637280726195707,8.255102268888745
RN7SKP295,Pseudogene,RN7SK,1.3167244436271672,0.034000001847744,0,0,-0.6737466809773313,-10.920218833253589
RN7SKP296,Pseudogene,RN7SK,1.2325068067989555,-0.0474999994039536,2.34,0,3.962677383658899,6.58372508688191
RN7SKP297,Pseudogene,RN7SK,1.108540938416856,-0.138999998569489,0.26,0,5.217597866294398,7.085672012998853
RN7SKP298,Pseudogene,RN7SK,1.145492303030751,0.0215000004973262,0,0,0.4116660150265826,-11.616803534791675
RN7SKP299,Pseudogene,RN7SK,1.0616458510995537,-0.0450000017881393,0.08,0,5.432454490897669,7.297712914182935
RN7SKP3,Pseudogene,RN7SK,1.1157660655759971,0.305000007152557,0.15,0,-11.58042440390824,-2.177125104234423
RN7SKP30,Pseudogene,RN7SK,1.4975259623164232,0.305000007152557,1.6,0,0.9173042418933047,5.863121144010816
RN7SKP31,Pseudogene,RN7SK,0.8746042415806847,0.23200000077486,0,0,2.4354837181544435,-10.20481241540691
RN7SKP32,Pseudogene,RN7SK,1.6392747298349148,0.207000002264977,0,0,1.1775651814913881,5.261444679930006
RN7SKP33,Pseudogene,RN7SK,1.0931083096663463,0.30799999833107,0,0,0.32652845406295194,9.803091637327466
RN7SKP34,Pseudogene,RN7SK,1.1103582186437688,-0.0599999986588955,0,0,0.2673084976649417,-12.07875097589275
RN7SKP35,Pseudogene,RN7SK,0.8050992687398356,0.0410000011324883,0.66,0,1.9850298407054079,-13.298364051149097
RN7SKP36,Pseudogene,RN7SK,1.413863431925259,0.30799999833107,2.2,0,1.1467294933772219,6.258849732115064
RN7SKP37,Pseudogene,RN7SK,1.2438628277461206,0.305000007152557,0,0,-0.2944431064152585,8.167760483457837
RN7SKP38,Pseudogene,RN7SK,0.9779555333735755,0.30799999833107,2.26,0,5.746228599784388,-1.2014615614869257
RN7SKP39,Pseudogene,RN7SK,1.229723053423916,-0.0035000000498257,0,0,-0.4078643081211911,-11.432161696717944
RN7SKP4,Pseudogene,RN7SK,1.3052323637218757,0.0525000002235174,0.68,0,-11.794300174477087,-2.5261949379899162
RN7SKP40,Pseudogene,RN7SK,1.0190636670790765,0.502999991178513,0.66,0.13,1.5522231104350221,-9.695526488588062
RN7SKP42,Pseudogene,RN7SK,0.8915132569179113,-0.14750000089407,0.37,0,1.315349662539972,-13.301145919130054
RN7SKP43,Pseudogene,RN7SK,0.716394581451893,0.0560000017285347,2,0,2.294306302306665,-13.557739623353687
RN7SKP44,Pseudogene,RN7SK,1.143153609067846,0.283000007271767,0.17,0,1.6978943588709963,8.786175362303052
RN7SKP45,Pseudogene,RN7SK,0.8455055666258388,0.305000007152557,0,0,2.9937857630229128,11.060267082884106
RN7SKP46,Pseudogene,RN7SK,1.2171842668542912,0.172999992966652,0,0,1.8284486772990358,7.244634739591871
RN7SKP47,Pseudogene,RN7SK,1.4402019671464517,-0.25900000333786,0,0,3.1281751635050905,6.441190354063306
RN7SKP48,Pseudogene,RN7SK,1.1331000770931643,0.305000007152557,0.15,0,1.0743107440447939,8.828236214353833
RN7SKP49,Pseudogene,RN7SK,0.6011702781414487,0.0525000002235174,0,0,2.3144949915385378,-13.684034713075366
RN7SKP5,Pseudogene,RN7SK,1.0599064217559202,0.211999997496605,0.49,0,5.5245222094035284,-3.0534685929276604
RN7SKP50,Pseudogene,RN7SK,1.4114248223313872,0.305000007152557,2.03,0,-0.19298151707886324,6.807827107145582
RN7SKP51,Pseudogene,RN7SK,1.0625948337324729,0.0599999986588955,5.62,0,5.587404155967249,7.208706967069898
RN7SKP52,Pseudogene,RN7SK,1.125390760680792,0.26800000667572,0.09,0,2.3377303125834596,8.380606762602124
RN7SKP53,Pseudogene,RN7SK,1.5327191430004907,-0.0790000036358833,0,0,2.9350363256907595,5.291786781980787
RN7SKP54,Pseudogene,RN7SK,1.3299743947648075,-0.145999997854233,11.28,0,3.8986922743296755,5.501735321714674
RN7SKP55,Pseudogene,RN7SK,0.769358705576606,0.211999997496605,0.91,0,7.890260124442591,-1.5159968216874262
RN7SKP56,Pseudogene,RN7SK,1.101842805858446,-0.12899999320507,3.14,0,5.075158500907435,7.179286591245924
RN7SKP57,Pseudogene,RN7SK,1.114342176547365,0.0209999997168779,0.61,0,5.513616466758265,6.92700540228108
RN7SKP58,Pseudogene,RN7SK,0.9793928902909138,0.301999986171722,0.33,0,3.0118373873210085,10.02466928167561
RN7SKP59,Pseudogene,RN7SK,1.128311095280341,0.30799999833107,0,0,5.328092956779017,-1.2546187718369624
RN7SKP6,Pseudogene,RN7SK,1.1759569077124263,0.194999992847443,0,0,5.51467123055221,-3.0250219185807365
RN7SKP60,Pseudogene,RN7SK,1.409717751253123,-0.163000002503395,0,0,7.339568042991175,-4.140816100404467
RN7SKP61,Pseudogene,RN7SK,1.3069509775640082,0.211999997496605,0,0,-0.10240153050659762,-10.094015487001148
RN7SKP62,Pseudogene,RN7SK,1.2035587331383006,0.30799999833107,0,0,0.3011069836592807,8.39083778066853
RN7SKP63,Pseudogene,RN7SK,1.0154873358343557,0.28099998831749,0.68,0,0.854323441026224,10.295696846678052
RN7SKP64,Pseudogene,RN7SK,1.8214318996263947,0.245999999344349,0.33,0,1.7929685356593263,3.971558682157789
RN7SKP65,Pseudogene,RN7SK,1.231790857448506,0.194999992847443,0,0,4.993693256614222,-1.3645154316880366
RN7SKP66,Pseudogene,RN7SK,1.2480283407688757,0.0540000014007092,0,0,2.7152887823557985,6.6620203177473885
RN7SKP67,Pseudogene,RN7SK,0.9607354799612752,0.0520000010728836,0,0,1.5040071251368654,-12.769000418946948
RN7SKP68,Pseudogene,RN7SK,1.2106085514220124,0.300000011920929,0,0,1.589846813914789,7.839370361997877
RN7SKP69,Pseudogene,RN7SK,1.321041572950535,-0.175999999046326,6.68,0,3.411309147117151,6.450898758604322
RN7SKP7,Pseudogene,RN7SK,1.4137462447365374,0.211999997496605,0,0.01,-11.492388820412145,-2.207347043321337
RN7SKP70,Pseudogene,RN7SK,1.3586103210806335,2.08200001716614,4.48,0.8,1.1035348119712007,-8.74623907403728
RN7SKP71,Pseudogene,RN7SK,1.3544185721369886,0.0769999995827675,3.47,0,-12.16091642356156,-0.6951130707718989
RN7SKP72,Pseudogene,RN7SK,1.1300537191852196,0.263999998569489,0.25,0,1.2083657624697817,8.892671219541821
RN7SKP73,Pseudogene,RN7SK,1.260902044564561,0.28099998831749,0,0,0.6479401829218997,7.891752354337965
RN7SKP74,Pseudogene,RN7SK,1.2027728973675011,-0.0729999989271164,2.05,0,4.095158243415369,6.698501221372877
RN7SKP75,Pseudogene,RN7SK,1.3142701576185425,-0.222000002861023,0.2,0,3.5602032186961305,6.5200291792891365
RN7SKP76,Pseudogene,RN7SK,1.3872205799012172,0.305000007152557,0.21,0,-0.09905246472595797,6.902329556181226
RN7SKP77,Pseudogene,RN7SK,1.131570117496337,0.305000007152557,0,0,0.3203010203814639,9.562928787901196
RN7SKP78,Pseudogene,RN7SK,1.288882189614231,0.211999997496605,4.64,0,-12.088923549416052,-0.5095992167451044
RN7SKP79,Pseudogene,RN7SK,1.2508476819001306,0.0769999995827675,0,0,0.2742669823145999,7.756120793058668
RN7SKP8,Pseudogene,RN7SK,1.3389192786911968,0.126000002026558,0,0,5.533011341331019,-3.0262595494248528
RN7SKP80,Pseudogene,RN7SK,2.0742380857114453,0.0769999995827675,4.44,0.51,1.753120923278345,3.9706472079298836
RN7SKP81,Pseudogene,RN7SK,0.8814742446867566,-0.270999997854233,0,0,5.032763386008753,8.490690819456372
RN7SKP82,Pseudogene,RN7SK,0.8099474001467252,0.301999986171722,0,0,2.7639407160258425,-10.126507170961109
RN7SKP83,Pseudogene,RN7SK,0.6829774695489618,0.30799999833107,0,0,3.0305112841105593,-13.09386099176189
RN7SKP85,Pseudogene,RN7SK,1.3653413025574483,0.305000007152557,0.2,0,-0.16494581675766573,7.102629296018873
RN7SKP86,Pseudogene,RN7SK,1.307766669317074,0.214000001549721,0.53,0,4.951494121787562,-1.9031533081986567
RN7SKP87,Pseudogene,RN7SK,1.2232006545277463,-0.150000005960464,0.55,0,4.733837032554163,6.479869476988111
RN7SKP88,Pseudogene,RN7SK,0.6668982285515804,0.126000002026558,0.52,0,2.8574632647013796,-13.713570960328784
RN7SKP89,Pseudogene,RN7SK,1.449653948943475,0.305000007152557,0.53,0,0.9303496124720706,6.087244145109449
RN7SKP9,Pseudogene,RN7SK,1.486952572021361,-0.132999993860722,7.39,0,-11.487177943947302,-2.01268399553081
RN7SKP90,Pseudogene,RN7SK,1.337529096442069,0.211999997496605,0.29,0,1.1218907477831972,6.988691918089185
RN7SKP91,Pseudogene,RN7SK,1.1939909690864885,-0.132999993860722,0.55,0,4.381961965796961,6.55868732137898
RN7SKP92,Pseudogene,RN7SK,1.124593580421253,-0.204999998211861,11.59,0,0.07946714186431303,-12.633820899293628
RN7SKP93,Pseudogene,RN7SK,0.8543059831769166,-0.0719999969005585,0.21,0,4.851289177176966,8.879328362180981
RN7SKP94,Pseudogene,RN7SK,1.3453419369988602,-0.0610000006854534,0,0,3.2421742918467653,7.137946240141187
RN7SKP95,Pseudogene,RN7SK,1.3870786175526202,0.305000007152557,16.71,0.07,0.9124275686717166,6.709300152494703
RN7SKP96,Pseudogene,RN7SK,1.0291639329499698,0.0329999998211861,1.85,0,0.8659835698580874,-12.020274527833667
RN7SKP97,Pseudogene,RN7SK,1.126517277958751,0.305000007152557,3.22,0,0.516522021827711,9.48280965490559
RN7SKP98,Pseudogene,RN7SK,0.8906226342836276,0.305000007152557,0.73,0,-10.80097875571488,-1.3855421622254511
RN7SKP99,Pseudogene,RN7SK,1.2898072417019573,-0.0869999974966049,0.38,0,-0.7176862714314328,-11.464915641114917
