Gene,Median_Conservation,Max_Conservation
RNU12-2P,3.9919999837875366,6.920000076293945
RNU12,6.102499961853027,9.842000007629396
