Gene,Median_Conservation,Max_Conservation
RNU11-2P,0.05000000074505806,2.5329999923706055
RNU11-3P,1.468999981880188,3.5950000286102295
RNU11-4P,0.8859999775886536,3.874000072479248
RNU11-5P,0.3050000071525574,0.959999978542328
RNU11-6P,1.4359999895095823,4.050000190734863
RNU11,5.128000020980835,8.836999893188477
