Gene,Median_Conservation,Max_Conservation
VTRNA1-1,0.11500000208616255,4.122000217437744
VTRNA2-1,-0.016500000376254313,2.996000051498413
VTRNA3-1P,0.1679999977350235,0.19699999690055847
VTRNA1-2,0.4050000011920929,2.947000026702881
VTRNA2-2P,0.3009999990463257,0.8199999928474426
VTRNA1-3,0.32899999618530273,2.6410000324249268
