Gene,Median_Conservation,Max_Conservation
RNU11-2P,0.07499999925494194,4.448999881744385
RNU11-3P,0.12099999934434892,1.0829999446868896
RNU11-4P,0.00499999988824129,0.8840000033378601
RNU11-5P,0.0820000022649765,1.0190000534057615
RNU11-6P,0.04100000113248825,1.8550000190734863
RNU11,6.815000057220459,7.63700008392334
