Gene,Median_Conservation,Max_Conservation
RNU12-2P,5.045000076293945,7.927999973297119
RNU12,5.058000087738037,7.927999973297119
