Gene,Median_Conservation,Max_Conservation
VTRNA1-1,-0.07100000232458115,6.866000175476074
VTRNA2-1,-0.042000001296401024,5.11299991607666
VTRNA3-1P,0.4300000071525574,0.4620000123977661
VTRNA1-2,0.04899999871850014,6.866000175476074
VTRNA2-2P,0.04800000041723251,0.8849999904632568
VTRNA1-3,0.04899999871850014,6.866000175476074
