gene_name,Gene_Type,Max_TPM,Median_Conservation,enrichment_intergenic_dbsnp,category
RNU1-1,Functional,3848.22,0.328999996185303,3.388710510932828,Functional
RNU1-100P,Pseudogene,1.55,0.305000007152557,0.8841453787615648,Pseudogene
RNU1-101P,Pseudogene,0,0.437000006437302,1.2033924727800829,Pseudogene
RNU1-103P,Pseudogene,1.58,0.30799999833107,1.6116707189996529,Pseudogene
RNU1-104P,Pseudogene,1.04,-0.23199999332428,1.4092194710464945,Pseudogene
RNU1-105P,Pseudogene,0,-0.133000001311302,1.4238898513329552,Pseudogene
RNU1-107P,Pseudogene,0,-0.368000000715256,0.0225547290500399,Pseudogene
RNU1-108P,Pseudogene,3.46,0.449000000953674,2.416297929534712,Pseudogene
RNU1-109P,Pseudogene,2.47,-0.0920000001788139,1.4649833535359265,Pseudogene
RNU1-112P,Pseudogene,0,0.146999999880791,1.1648692381331596,Pseudogene
RNU1-114P,Pseudogene,0,-0.0525000002235174,2.050578137489172,Pseudogene
RNU1-115P,Pseudogene,0,0.252000004053116,0.6512678013199028,Pseudogene
RNU1-116P,Pseudogene,0,-0.225999996066093,NA,Pseudogene
RNU1-117P,Pseudogene,0,0.30799999833107,1.1211698858165415,Pseudogene
RNU1-119P,Pseudogene,0.47,0.300000011920929,1.3262180681423474,Pseudogene
RNU1-11P,Pseudogene,0.58,-0.102000001817942,1.5672786113064328,Pseudogene
RNU1-123P,Pseudogene,0.12,-0.211499996483326,1.128864188954498,Pseudogene
RNU1-124P,Pseudogene,1.32,0.204999998211861,1.4851900204812496,Pseudogene
RNU1-125P,Pseudogene,205.51,-0.0579999983310699,1.4539932308537364,Pseudogene
RNU1-128P,Pseudogene,0,-0.0200000004842877,0,Pseudogene
RNU1-129P,Pseudogene,1.38,-0.152999997138977,1.0399485849419603,Pseudogene
RNU1-130P,Pseudogene,0,0.30799999833107,0.8466481417158735,Pseudogene
RNU1-131P,Pseudogene,0,-0.196999996900558,1.4023157626763951,Pseudogene
RNU1-132P,Pseudogene,0.16,0.305000007152557,0.8048187463465466,Pseudogene
RNU1-133P,Pseudogene,0,0.26800000667572,0.7695619528570508,Pseudogene
RNU1-134P,Pseudogene,2.63,0.194999992847443,1.2841159072489396,Pseudogene
RNU1-136P,Pseudogene,0,0.212999999523163,1.355484204373131,Pseudogene
RNU1-138P,Pseudogene,0,0.266999989748001,0.6777421021865655,Pseudogene
RNU1-139P,Pseudogene,0,0.238000005483627,1.3893713094824591,Pseudogene
RNU1-140P,Pseudogene,0,-0.101999998092651,1.2630648268022358,Pseudogene
RNU1-141P,Pseudogene,0.05,0.30799999833107,0.8133977602982752,Pseudogene
RNU1-142P,Pseudogene,0,-0.003000000026077,0.6707309769915321,Pseudogene
RNU1-143P,Pseudogene,1.44,-0.149999998509884,0.9754147891914526,Pseudogene
RNU1-146P,Pseudogene,0.6,0.214000001549721,1.1999115854621238,Pseudogene
RNU1-148P,Pseudogene,0.38,-0.0219999998807907,1.3507776619968357,Pseudogene
RNU1-149P,Pseudogene,0.33,0.282999992370605,1.121852610141116,Pseudogene
RNU1-14P,Pseudogene,0,0.305000007152557,1.5539021224474874,Pseudogene
RNU1-150P,Pseudogene,0,-0.197999998927116,1.0077230176801788,Pseudogene
RNU1-151P,Pseudogene,0.29,-0.034000001847744,1.5838832928100035,Pseudogene
RNU1-153P,Pseudogene,0,-0.102000001817942,0.6423463245894931,Pseudogene
RNU1-154P,Pseudogene,0,0.187000006437302,1.1855413868338351,Pseudogene
RNU1-155P,Pseudogene,0,-0.234999999403954,0.9262475396549728,Pseudogene
RNU1-15P,Pseudogene,0,-0.133000001311302,1.2784145729612908,Pseudogene
RNU1-16P,Pseudogene,4.48,0.306500002741814,1.1225103567464991,Pseudogene
RNU1-17P,Pseudogene,0,-0.0469999983906746,1.2339810972377103,Pseudogene
RNU1-18P,Pseudogene,1.14,0.214000001549721,1.080151475359839,Pseudogene
RNU1-19P,Pseudogene,0.75,-0.0240000002086162,1.5156777921626827,Pseudogene
RNU1-2,Functional,3848.22,0.284000009298325,3.367531070239497,Functional
RNU1-20P,Pseudogene,0,-0.20099999755621,1.0077230176801788,Pseudogene
RNU1-21P,Pseudogene,0.15,0.246999993920326,1.3424906824753824,Pseudogene
RNU1-22P,Pseudogene,0,-0.028999999165535,1.494893181088722,Pseudogene
RNU1-23P,Pseudogene,0,0.30799999833107,1.399019721353865,Pseudogene
RNU1-24P,Pseudogene,0,-0.123999997973442,1.4314734703758671,Pseudogene
RNU1-27P,Pseudogene,6836.16,0.898999989032745,0,Pseudogene
RNU1-28P,Pseudogene,6836.16,1.32599997520447,0,Pseudogene
RNU1-29P,Pseudogene,1.59,0.211999997496605,1.2680769888133556,Pseudogene
RNU1-3,Functional,3848.22,0.446000009775162,0,Functional
RNU1-30P,Pseudogene,0.86,-0.233999997377396,0.6392812773692297,Pseudogene
RNU1-31P,Pseudogene,0.72,-0.19200000166893,0.9275632321828916,Pseudogene
RNU1-32P,Pseudogene,0,-0.0219999998807907,1.0704275812050392,Pseudogene
RNU1-33P,Pseudogene,0.44,-0.114000000059605,0.8361956955218505,Pseudogene
RNU1-34P,Pseudogene,4.09,-0.29899999499321,1.1725585892129031,Pseudogene
RNU1-35P,Pseudogene,0,-0.17399999499321,1.1805115701484947,Pseudogene
RNU1-36P,Pseudogene,0.44,0.296000003814697,1.094656183228604,Pseudogene
RNU1-38P,Pseudogene,0,0.305000007152557,0.9407201574620816,Pseudogene
RNU1-39P,Pseudogene,5,-0.13400000333786,1.1367583441220122,Pseudogene
RNU1-4,Functional,4585.69,0.266000002622604,0.0211794406933301,Functional
RNU1-40P,Pseudogene,0,-0.116500001400709,0,Pseudogene
RNU1-41P,Pseudogene,0.41,0.005499999737367,0,Pseudogene
RNU1-42P,Pseudogene,0,0.266999989748001,1.5630427231677666,Pseudogene
RNU1-43P,Pseudogene,0,-0.0549999997019768,1.473575631269275,Pseudogene
RNU1-44P,Pseudogene,0,-0.208000004291534,0.8736844124046139,Pseudogene
RNU1-45P,Pseudogene,0,0.266999989748001,1.330249126100227,Pseudogene
RNU1-46P,Pseudogene,0,0.0255000004544854,1.1436897974398292,Pseudogene
RNU1-47P,Pseudogene,0.43,0.282999992370605,1.36380005838769,Pseudogene
RNU1-48P,Pseudogene,0.41,-0.0410000011324883,0.042881830539582,Pseudogene
RNU1-49P,Pseudogene,0,-0.0780000016093254,1.2451912679323929,Pseudogene
RNU1-51P,Pseudogene,1.08,0.305000007152557,1.48015409390887,Pseudogene
RNU1-52P,Pseudogene,0,0.622500002384186,1.1225103567464991,Pseudogene
RNU1-54P,Pseudogene,0,0.309499993920326,0.9551927752691908,Pseudogene
RNU1-55P,Pseudogene,0.05,0.30799999833107,1.165137332319151,Pseudogene
RNU1-56P,Pseudogene,0.57,0.0279999997001141,0.7836393056532164,Pseudogene
RNU1-57P,Pseudogene,0.37,0.319000005722046,1.0043648020355127,Pseudogene
RNU1-58P,Pseudogene,0.12,0.30799999833107,1.2572531788261518,Pseudogene
RNU1-5P,Pseudogene,0.69,0.30799999833107,1.3748986916753505,Pseudogene
RNU1-61P,Pseudogene,0.15,0.397000014781952,2.461303478718926,Pseudogene
RNU1-62P,Pseudogene,0,0.284000009298325,1.1436897974398292,Pseudogene
RNU1-63P,Pseudogene,0,-0.131500001996756,1.016613153279848,Pseudogene
RNU1-64P,Pseudogene,0.13,0.430000007152557,1.3211813065630749,Pseudogene
RNU1-65P,Pseudogene,0,-0.142000004649162,1.5020230372783343,Pseudogene
RNU1-67P,Pseudogene,10.7,0.214000001549721,0.8048187463465466,Pseudogene
RNU1-68P,Pseudogene,1.44,-0.0645000003278255,1.2133208353357092,Pseudogene
RNU1-6P,Pseudogene,0.69,0.296999990940094,1.0613253058546563,Pseudogene
RNU1-70P,Pseudogene,3.78,-0.129000000655651,1.0589720346665086,Pseudogene
RNU1-72P,Pseudogene,7.42,-0.217999994754791,0.9534901143507074,Pseudogene
RNU1-73P,Pseudogene,1.98,0.284000009298325,0.995433712586518,Pseudogene
RNU1-74P,Pseudogene,0.19,-0.109999999403954,0.7312480576223469,Pseudogene
RNU1-75P,Pseudogene,0.16,-0.17399999499321,1.103957823425985,Pseudogene
RNU1-76P,Pseudogene,0,-0.180999994277954,1.2015003462505542,Pseudogene
RNU1-77P,Pseudogene,0.48,0.300999999046326,1.3078958314572533,Pseudogene
RNU1-78P,Pseudogene,0,0.305000007152557,1.3051669876956435,Pseudogene
RNU1-79P,Pseudogene,0,-0.0590000003576279,NA,Pseudogene
RNU1-7P,Pseudogene,0,0.214000001549721,1.5037402892264422,Pseudogene
RNU1-80P,Pseudogene,0,0.30799999833107,1.4670380286460751,Pseudogene
RNU1-82P,Pseudogene,0.08,-0.130999997258186,1.4946267117159788,Pseudogene
RNU1-83P,Pseudogene,2.76,-0.250999987125397,1.3131253229864706,Pseudogene
RNU1-84P,Pseudogene,0,0.0649999976158142,1.080151475359839,Pseudogene
RNU1-86P,Pseudogene,0,-0.295000001788139,0.0451094581000798,Pseudogene
RNU1-88P,Pseudogene,0,0.282999992370605,1.13971865230983,Pseudogene
RNU1-89P,Pseudogene,1.18,0.146999999880791,1.842611340319725,Pseudogene
RNU1-8P,Pseudogene,0,-0.0469999983906746,0.7578388960813414,Pseudogene
RNU1-91P,Pseudogene,3.22,-0.229000002145767,1.150706299264613,Pseudogene
RNU1-93P,Pseudogene,1.08,-0.0790000036358833,0.6576905607017558,Pseudogene
RNU1-94P,Pseudogene,0.7,0.263999998569489,1.1444243445158986,Pseudogene
RNU1-95P,Pseudogene,0,0.0090000003110617,0,Pseudogene
RNU1-96P,Pseudogene,0,0.214000001549721,0.8147547802520594,Pseudogene
RNU1-97P,Pseudogene,0,-0.0500000007450581,0,Pseudogene
RNU1-98P,Pseudogene,0,-0.240000002086163,1.2808266759291422,Pseudogene
RNU2-1,Functional,5154.1,0.808000028133392,2.235557559140659,Functional
RNU2-10P,Pseudogene,0,0.119000002741814,1.3334013752142089,Pseudogene
RNU2-11P,Pseudogene,1.15,NA,0.9844475855958602,Pseudogene
RNU2-12P,Pseudogene,0,0.186000004410744,1.0130832464976265,Pseudogene
RNU2-13P,Pseudogene,0.44,-0.127000004053116,0.7684575826783514,Pseudogene
RNU2-14P,Pseudogene,0,0.238000005483627,1.1638712540167198,Pseudogene
RNU2-15P,Pseudogene,0.4,0.44200000166893,0.9820163705766074,Pseudogene
RNU2-16P,Pseudogene,0,0.284500002861023,1.123756206199048,Pseudogene
RNU2-17P,Pseudogene,0.29,0.421000003814697,1.078590884992962,Pseudogene
RNU2-18P,Pseudogene,0.78,-0.153499998152256,1.3722185772666264,Pseudogene
RNU2-19P,Pseudogene,0,-0.300999999046326,0.7856563952430573,Pseudogene
RNU2-20P,Pseudogene,0,-0.104999996721745,1.0547583239526523,Pseudogene
RNU2-21P,Pseudogene,0,0.127500001341105,0.6836002453570611,Pseudogene
RNU2-22P,Pseudogene,1.25,0.30799999833107,0.6553638252275752,Pseudogene
RNU2-23P,Pseudogene,0.39,0.214000001549721,1.0865596138260258,Pseudogene
RNU2-24P,Pseudogene,0,0.398999989032745,1.457382492464118,Pseudogene
RNU2-25P,Pseudogene,10.54,-0.0280000008642673,1.4184680908328773,Pseudogene
RNU2-26P,Pseudogene,0,0.305000007152557,0.9638308822325962,Pseudogene
RNU2-27P,Pseudogene,1.38,-0.0794999990612268,1.2230381245444182,Pseudogene
RNU2-28P,Pseudogene,0,-0.23199999332428,1.249699061439249,Pseudogene
RNU2-29P,Pseudogene,0,0.284000009298325,1.2129432066910355,Pseudogene
RNU2-2,Functional,37897.85,1.35500001907349,4.9828238062590815,Functional
RNU2-30P,Pseudogene,0.46,0.165999993681908,1.3056148830242968,Pseudogene
RNU2-31P,Pseudogene,0,0.0120000001043081,1.0756423041154524,Pseudogene
RNU2-32P,Pseudogene,0.08,-0.0799999982118607,0.9820163705766074,Pseudogene
RNU2-33P,Pseudogene,0.43,-0.212999999523163,1.230172513604261,Pseudogene
RNU2-34P,Pseudogene,0,-0.0309999994933605,0.8037685261468772,Pseudogene
RNU2-35P,Pseudogene,0.73,-0.0820000022649765,0.7827443997084278,Pseudogene
RNU2-36P,Pseudogene,0.18,0.206000000238419,1.254798695736776,Pseudogene
RNU2-37P,Pseudogene,0.44,0.30799999833107,0.9026988733925584,Pseudogene
RNU2-38P,Pseudogene,0,-0.0149999996647239,0.9233163765547988,Pseudogene
RNU2-39P,Pseudogene,0,-0.010499999858439,0.6139898463621979,Pseudogene
RNU2-3P,Pseudogene,0,0.214000001549721,1.327540649112821,Pseudogene
RNU2-40P,Pseudogene,0,0.156000003218651,1.4177258260025094,Pseudogene
RNU2-41P,Pseudogene,0,-0.0050000001210719,0.8781138894200936,Pseudogene
RNU2-42P,Pseudogene,3.41,-0.209999993443489,1.4139619521281666,Pseudogene
RNU2-43P,Pseudogene,0.04,-0.0685000009834766,1.2979653022796658,Pseudogene
RNU2-44P,Pseudogene,2.44,0.239999994635582,1.342820208907016,Pseudogene
RNU2-45P,Pseudogene,0,-0.0920000001788139,1.1144689648255022,Pseudogene
RNU2-46P,Pseudogene,0.44,0.212999999523163,1.13731722236396,Pseudogene
RNU2-47P,Pseudogene,0,0.0060000002849847,1.6246680635077144,Pseudogene
RNU2-48P,Pseudogene,0.12,0.30799999833107,1.327540649112821,Pseudogene
RNU2-49P,Pseudogene,0,0.30799999833107,1.3402902577887854,Pseudogene
RNU2-4P,Pseudogene,1.35,0.78600001335144,1.3025356026398056,Pseudogene
RNU2-50P,Pseudogene,0,0.214000001549721,1.4088030760486474,Pseudogene
RNU2-51P,Pseudogene,0.54,0.30799999833107,1.0226337049490182,Pseudogene
RNU2-52P,Pseudogene,0.34,0.446000009775162,0.8774976691468164,Pseudogene
RNU2-53P,Pseudogene,0,0.0579999983310699,0.9451505506683398,Pseudogene
RNU2-54P,Pseudogene,0.96,-0.160000003874302,1.2614028993985489,Pseudogene
RNU2-55P,Pseudogene,0,-0.241999998688698,1.477205127898017,Pseudogene
RNU2-56P,Pseudogene,0,0.30799999833107,1.0968720864335204,Pseudogene
RNU2-57P,Pseudogene,0,-0.0829999968409538,0.0727419533760449,Pseudogene
RNU2-58P,Pseudogene,0.76,0.195999994874001,1.8790677546279164,Pseudogene
RNU2-59P,Pseudogene,0.4,0.146999999880791,1.545766509240956,Pseudogene
RNU2-5P,Pseudogene,1.5,0.30799999833107,1.2542935432827758,Pseudogene
RNU2-60P,Pseudogene,0,0.306500002741814,1.3025356026398056,Pseudogene
RNU2-61P,Pseudogene,0,0.207000002264977,1.0911293006406748,Pseudogene
RNU2-62P,Pseudogene,0,0.164000004529953,0.7637905104484723,Pseudogene
RNU2-63P,Pseudogene,44.96,-0.462999999523163,4.149832727006819,Pseudogene
RNU2-64P,Pseudogene,0,0.206000000238419,1.618508462617001,Pseudogene
RNU2-65P,Pseudogene,0.11,0.239999994635582,1.351820733550501,Pseudogene
RNU2-66P,Pseudogene,0,0.243000000715256,1.4886121173026348,Pseudogene
RNU2-68P,Pseudogene,0.71,0.252000004053116,0.7819759987924836,Pseudogene
RNU2-69P,Pseudogene,0,-0.198499999940395,1.458839874956582,Pseudogene
RNU2-6P,Pseudogene,2.27,0.28999999165535,1.078590884992962,Pseudogene
RNU2-70P,Pseudogene,0,0.239999994635582,0.8926128524607979,Pseudogene
RNU2-71P,Pseudogene,0,-0.28999999165535,1.157809424568716,Pseudogene
RNU2-72P,Pseudogene,1.97,-0.0309999994933605,0.9163031642292292,Pseudogene
RNU2-7P,Pseudogene,3.45,0.246999993920326,1.1122775932654518,Pseudogene
RNU2-8P,Pseudogene,0,0.30799999833107,1.0968720864335204,Pseudogene
RNU2-9P,Pseudogene,0,0.282999992370605,0.6228216214921369,Pseudogene
RNU4-1,Functional,2273.06,2.8840000629425,4.5274340946928415,Functional
RNU4-10P,Pseudogene,0,-0.20100000500679,0.9924080782017566,Pseudogene
RNU4-11P,Pseudogene,0,0.284000009298325,1.157809424568716,Pseudogene
RNU4-12P,Pseudogene,0,0.263999998569489,1.4993215569954594,Pseudogene
RNU4-13P,Pseudogene,0,-0.136000007390976,1.3056148830242968,Pseudogene
RNU4-14P,Pseudogene,0.23,-0.201999999582767,1.281182559973579,Pseudogene
RNU4-15P,Pseudogene,0,0.379000008106232,1.133175181492786,Pseudogene
RNU4-16P,Pseudogene,0,-0.101000003516674,1.0592724522649954,Pseudogene
RNU4-17P,Pseudogene,0,-0.0230000000447035,1.0100039661131353,Pseudogene
RNU4-18P,Pseudogene,0,-0.172999992966652,1.0723335610099518,Pseudogene
RNU4-2,Functional,9032.84,2.83999991416931,3.928567150950402,Functional
RNU4-20P,Pseudogene,0,0.30799999833107,1.265155993734027,Pseudogene
RNU4-21P,Pseudogene,1.24,0.30799999833107,1.2680769888133556,Pseudogene
RNU4-22P,Pseudogene,0.58,0.238000005483627,1.067137602162732,Pseudogene
RNU4-23P,Pseudogene,0.74,0.305000007152557,1.0420284821118444,Pseudogene
RNU4-24P,Pseudogene,0.78,0.0140000004321337,1.0745137825134128,Pseudogene
RNU4-25P,Pseudogene,2.34,0.207000002264977,1.3742694474228672,Pseudogene
RNU4-26P,Pseudogene,0,0.0890000015497208,1.5581734311952813,Pseudogene
RNU4-27P,Pseudogene,0.46,0.282000005245209,1.3743780939125043,Pseudogene
RNU4-28P,Pseudogene,0.14,0.187999993562698,0.9853697230372052,Pseudogene
RNU4-29P,Pseudogene,0.49,-0.0695000011473894,0.9382248785298216,Pseudogene
RNU4-30P,Pseudogene,0.14,0.239999994635582,1.2873545350099709,Pseudogene
RNU4-31P,Pseudogene,0,0.146999999880791,1.428786098403947,Pseudogene
RNU4-32P,Pseudogene,3.7,0.301999986171722,1.2563463968724369,Pseudogene
RNU4-33P,Pseudogene,0,0.300000011920929,0.6946856547412297,Pseudogene
RNU4-34P,Pseudogene,0,0.214000001549721,1.2605183251352958,Pseudogene
RNU4-35P,Pseudogene,0,0.282999992370605,1.2563463968724369,Pseudogene
RNU4-36P,Pseudogene,0.75,0.30799999833107,1.399019721353865,Pseudogene
RNU4-37P,Pseudogene,0,-0.119500000029802,1.364561107527415,Pseudogene
RNU4-38P,Pseudogene,5.73,-0.0930000022053719,0.7808482165695992,Pseudogene
RNU4-39P,Pseudogene,2.41,0.207000002264977,1.0939931570728023,Pseudogene
RNU4-3P,Pseudogene,0,0.30799999833107,1.2148443715918056,Pseudogene
RNU4-40P,Pseudogene,0.84,-0.0790000036358833,1.0687471611403534,Pseudogene
RNU4-41P,Pseudogene,0.86,-0.0879999995231628,1.2873545350099709,Pseudogene
RNU4-42P,Pseudogene,0,0.189999997615814,0.8805874496719812,Pseudogene
RNU4-43P,Pseudogene,0,-0.398999989032745,1.2169675703495997,Pseudogene
RNU4-44P,Pseudogene,0,0.30799999833107,0.7636615353538341,Pseudogene
RNU4-45P,Pseudogene,0,0.0035000001080334,1.4534203414798776,Pseudogene
RNU4-46P,Pseudogene,13.15,0.30799999833107,1.4095071255619152,Pseudogene
RNU4-47P,Pseudogene,0.66,0.30799999833107,1.4929647843122915,Pseudogene
RNU4-48P,Pseudogene,0.43,-0.10249999910593,0.7633908293859666,Pseudogene
RNU4-49P,Pseudogene,0,-0.105000000447035,1.5382325212127226,Pseudogene
RNU4-4P,Pseudogene,0.52,0.0850000008940697,1.1489031982258795,Pseudogene
RNU4-50P,Pseudogene,0.64,-0.158000007271767,1.2563463968724369,Pseudogene
RNU4-51P,Pseudogene,0.93,0.30799999833107,0.6450652508311419,Pseudogene
RNU4-52P,Pseudogene,0.55,0.211999997496605,0.7802628730789173,Pseudogene
RNU4-53P,Pseudogene,1.17,0.203999996185303,1.0420284821118444,Pseudogene
RNU4-54P,Pseudogene,0,0.115000002086163,1.1308836239973503,Pseudogene
RNU4-55P,Pseudogene,0,0.305000007152557,0.9887861509090494,Pseudogene
RNU4-56P,Pseudogene,1.02,0.30799999833107,0.8805874496719812,Pseudogene
RNU4-57P,Pseudogene,0,0.0689999982714653,0.7461438513887281,Pseudogene
RNU4-58P,Pseudogene,0,0.30799999833107,1.4041518553280172,Pseudogene
RNU4-59P,Pseudogene,2.33,-0.0815000012516975,0.9282437628007808,Pseudogene
RNU4-5P,Pseudogene,0.59,0.151999995112419,1.260725817863713,Pseudogene
RNU4-60P,Pseudogene,0.96,-0.0759999975562096,1.36364221115871,Pseudogene
RNU4-61P,Pseudogene,0,0.347000002861023,0.7141628226311706,Pseudogene
RNU4-62P,Pseudogene,0.98,0.0549999997019768,1.442808667539477,Pseudogene
RNU4-63P,Pseudogene,0,0.819499999284744,1.707278304025056,Pseudogene
RNU4-64P,Pseudogene,0,-0.216999992728233,0.7954415893983545,Pseudogene
RNU4-65P,Pseudogene,0,-0.207000002264976,1.5382325212127226,Pseudogene
RNU4-66P,Pseudogene,0,-0.0054999999701976,1.2584885049659955,Pseudogene
RNU4-67P,Pseudogene,0,0.282999992370605,1.0839066953409258,Pseudogene
RNU4-68P,Pseudogene,0.73,0.204999998211861,1.108540938416856,Pseudogene
RNU4-69P,Pseudogene,0,0.0979999974370003,1.4816722006718532,Pseudogene
RNU4-6P,Pseudogene,0,0.305000007152557,0.8541217066490528,Pseudogene
RNU4-70P,Pseudogene,0,0.30799999833107,1.1244911677465947,Pseudogene
RNU4-71P,Pseudogene,0,-0.0240000002086162,0.9836257058282896,Pseudogene
RNU4-72P,Pseudogene,0.11,0.194999992847443,1.2247348248328036,Pseudogene
RNU4-73P,Pseudogene,0,0.414000004529953,1.3056148830242968,Pseudogene
RNU4-74P,Pseudogene,0,0.305000007152557,1.0787044328279962,Pseudogene
RNU4-75P,Pseudogene,0,0.30799999833107,0.8088805568904728,Pseudogene
RNU4-76P,Pseudogene,0,0.239999994635582,1.0346382091890651,Pseudogene
RNU4-77P,Pseudogene,0,-0.0195000004023314,0.4898424488559952,Pseudogene
RNU4-78P,Pseudogene,2.87,-0.0819999985396862,1.461045226241475,Pseudogene
RNU4-79P,Pseudogene,0,0.214000001549721,0.8621985076575545,Pseudogene
RNU4-7P,Pseudogene,0,0.30799999833107,1.157809424568716,Pseudogene
RNU4-80P,Pseudogene,1.04,0.30799999833107,1.4780545845558075,Pseudogene
RNU4-81P,Pseudogene,0,0.0179999992251396,0.603025741962873,Pseudogene
RNU4-82P,Pseudogene,1.17,-0.0274999998509884,1.3149407036173275,Pseudogene
RNU4-83P,Pseudogene,0,0.30799999833107,1.2013360946652842,Pseudogene
RNU4-84P,Pseudogene,0,0.30799999833107,0.6746947006479569,Pseudogene
RNU4-85P,Pseudogene,1.28,0.26800000667572,1.4402019671464517,Pseudogene
RNU4-86P,Pseudogene,0.11,0.140000000596046,2.236316833756013,Pseudogene
RNU4-87P,Pseudogene,1.11,0.207999996840954,0.6353832207999052,Pseudogene
RNU4-88P,Pseudogene,0,0.282000005245209,1.37321582913964,Pseudogene
RNU4-89P,Pseudogene,0.53,0.0579999983310699,1.331916104954989,Pseudogene
RNU4-8P,Pseudogene,0,0.301999986171722,0.7390272922779039,Pseudogene
RNU4-90P,Pseudogene,0,0.214000001549721,1.133175181492786,Pseudogene
RNU4-91P,Pseudogene,0.5,-0.0350000001490116,1.3379131128349608,Pseudogene
RNU4-92P,Pseudogene,0,0.296999990940094,1.0726763786445457,Pseudogene
RNU4-9P,Pseudogene,6.92,0.30799999833107,1.1994572455963677,Pseudogene
RNU5A-1,Functional,3.54,1.55200004577637,4.126551538847475,Functional
RNU5A-2P,Pseudogene,0,-0.0169999997597188,0.9282437628007808,Pseudogene
RNU5A-3P,Pseudogene,0,0.30799999833107,1.310152769906705,Pseudogene
RNU5A-4P,Pseudogene,0,0.0099999997764825,1.2829780110085771,Pseudogene
RNU5A-5P,Pseudogene,0,0.193999998271465,0.898300415613659,Pseudogene
RNU5A-6P,Pseudogene,0,-0.109000001102686,1.0779604987363909,Pseudogene
RNU5A-7P,Pseudogene,0,0.340000003576279,0.9881304571750248,Pseudogene
RNU5A-8P,Pseudogene,0,0.683499991893768,4.143738993193299,Pseudogene
RNU5B-1,Functional,17.2,2.5200001001358,4.215613802275837,Functional
RNU5B-2P,Pseudogene,1.4,0.214000001549721,1.2602704355924963,Pseudogene
RNU5B-3P,Pseudogene,0.98,0.305000007152557,1.3893713094824591,Pseudogene
RNU5B-4P,Pseudogene,0.69,0.282999992370605,0.7510115186391672,Pseudogene
RNU5B-5P,Pseudogene,0,1.59300005435944,0.6315324134011179,Pseudogene
RNU5B-6P,Pseudogene,0,0.140000000596046,1.6345544817440696,Pseudogene
RNU5D-1,Functional,6.68,2.70050001144409,5.142035973819886,Functional
RNU5D-2P,Pseudogene,1.19,0.0230000000447035,0.4168113928447378,Pseudogene
RNU5E-1,Functional,6.33,1.02399998903275,5.425437551491421,Functional
RNU5E-10P,Pseudogene,0.63,0.310999989509583,1.5600991398849648,Pseudogene
RNU5E-2P,Pseudogene,0,-0.323000013828278,0.8336227856894756,Pseudogene
RNU5E-3P,Pseudogene,0,-0.237499997019768,1.2769956888625544,Pseudogene
RNU5E-4P,Pseudogene,0,0.38400000333786,3.9365520435336334,Pseudogene
RNU5E-5P,Pseudogene,0,0.206000000238419,1.3474506234204884,Pseudogene
RNU5E-6P,Pseudogene,2.52,0.725000023841858,4.288928824924113,Pseudogene
RNU5E-7P,Pseudogene,0,0.354999989271164,1.454683635996592,Pseudogene
RNU5E-8P,Pseudogene,0,0.194999992847443,1.3474506234204884,Pseudogene
RNU5E-9P,Pseudogene,0,-0.145500004291534,0.5677719293558127,Pseudogene
RNU5F-1,Functional,3.73,-0.423000007867813,4.92811190970274,Functional
RNU5F-2P,Pseudogene,0,-0.283500000834465,0.5930243394132448,Pseudogene
RNU5F-3P,Pseudogene,0,0.0829999968409538,1.2468716879970787,Pseudogene
RNU5F-4P,Pseudogene,0.33,0.284000009298325,0.8531227338927381,Pseudogene
RNU5F-5P,Pseudogene,0,-0.121999997645617,1.376264032977908,Pseudogene
RNU5F-6P,Pseudogene,0,0.0850000008940697,1.4073373177947324,Pseudogene
RNU5F-7P,Pseudogene,0,-0.0810000002384186,0.8155005512179653,Pseudogene
RNU5F-8P,Pseudogene,0,0.284000009298325,0.7197193720292019,Pseudogene
RNU6-1,Functional,0.98,2.71600008010864,3.733123845572029,Functional
RNU6-1000P,Pseudogene,0,0.0480000004172325,1.2779594591937713,Pseudogene
RNU6-1001P,Pseudogene,0,-0.211000002920628,0.9030913511635984,Pseudogene
RNU6-1003P,Pseudogene,0,0.30799999833107,1.0254883474751486,Pseudogene
RNU6-1004P,Pseudogene,0.5,0.264999985694885,1.032640838128855,Pseudogene
RNU6-1005P,Pseudogene,0.71,-0.245000004768372,1.168630073396461,Pseudogene
RNU6-1006P,Pseudogene,0,-0.0579999983310699,1.0116781379726645,Pseudogene
RNU6-1007P,Pseudogene,0,0.211999997496605,0.8440106085641107,Pseudogene
RNU6-1008P,Pseudogene,0,0.30799999833107,0.9351537659978092,Pseudogene
RNU6-1009P,Pseudogene,0,-0.111000001430511,1.103706180429991,Pseudogene
RNU6-100P,Pseudogene,2.87,-0.247500002384186,1.1141185028868776,Pseudogene
RNU6-1010P,Pseudogene,4.23,0.30799999833107,1.168630073396461,Pseudogene
RNU6-1011P,Pseudogene,0.54,0.214000001549721,1.4607875917455764,Pseudogene
RNU6-1012P,Pseudogene,0,0.465000003576279,0.9878557475678036,Pseudogene
RNU6-1013P,Pseudogene,0,0.305000007152557,0.9089345015305808,Pseudogene
RNU6-1014P,Pseudogene,0,0.425999999046326,1.0454007425717533,Pseudogene
RNU6-1015P,Pseudogene,0,0.224000006914139,0.912213486023837,Pseudogene
RNU6-1016P,Pseudogene,13.54,0.0535000003874302,1.108540938416856,Pseudogene
RNU6-1017P,Pseudogene,0,0.289000004529953,0.8192047815344689,Pseudogene
RNU6-1018P,Pseudogene,0,0.30799999833107,1.1141185028868776,Pseudogene
RNU6-1019P,Pseudogene,0.21,0.090999998152256,1.3958636987791062,Pseudogene
RNU6-101P,Pseudogene,9.56,-0.0679999999701977,1.0687471611403534,Pseudogene
RNU6-1020P,Pseudogene,0.36,0.305000007152557,1.103706180429991,Pseudogene
RNU6-1021P,Pseudogene,0,-0.160999998450279,1.168630073396461,Pseudogene
RNU6-1022P,Pseudogene,0.09,0.287000000476837,1.4695273465679857,Pseudogene
RNU6-1023P,Pseudogene,0,0.201999992132187,1.2124230766710138,Pseudogene
RNU6-1024P,Pseudogene,1.28,-0.090999998152256,1.136168126913226,Pseudogene
RNU6-1025P,Pseudogene,0.27,0.0549999997019768,1.0687471611403534,Pseudogene
RNU6-1026P,Pseudogene,0,0.0200000004842877,1.157809424568716,Pseudogene
RNU6-1027P,Pseudogene,0,0.204999998211861,0.7466247691144057,Pseudogene
RNU6-1028P,Pseudogene,0,0.30799999833107,1.0457633512233564,Pseudogene
RNU6-1029P,Pseudogene,0.33,-0.157000005245209,0.8764725550473457,Pseudogene
RNU6-102P,Pseudogene,0,0.100500002503395,0.9351537659978092,Pseudogene
RNU6-1031P,Pseudogene,0,0.30799999833107,1.136168126913226,Pseudogene
RNU6-1032P,Pseudogene,0,0.305000007152557,1.4607875917455764,Pseudogene
RNU6-1034P,Pseudogene,0,0.231000006198883,1.1692728842179114,Pseudogene
RNU6-1035P,Pseudogene,0,0.296999990940094,1.5581734311952813,Pseudogene
RNU6-1036P,Pseudogene,0,0.204999998211861,0.9351537659978092,Pseudogene
RNU6-1037P,Pseudogene,0,0.284000009298325,1.4283256452623412,Pseudogene
RNU6-1038P,Pseudogene,0,0.202999994158745,1.2023405562828977,Pseudogene
RNU6-1039P,Pseudogene,0.3,-0.096000000834465,1.201092019879696,Pseudogene
RNU6-103P,Pseudogene,0.61,-0.120999999344349,1.201092019879696,Pseudogene
RNU6-1040P,Pseudogene,0,0.305000007152557,1.266015912846166,Pseudogene
RNU6-1041P,Pseudogene,0,0.305000007152557,1.2940222980473886,Pseudogene
RNU6-1042P,Pseudogene,0,0.30799999833107,0.7141628226311706,Pseudogene
RNU6-1043P,Pseudogene,0.27,-0.200000002980232,1.6840864357363143,Pseudogene
RNU6-1044P,Pseudogene,0,0.186000004410744,1.2335539663629311,Pseudogene
RNU6-1045P,Pseudogene,0.71,-0.0280000008642673,0.7141628226311706,Pseudogene
RNU6-1046P,Pseudogene,0.38,0.0280000008642673,1.168630073396461,Pseudogene
RNU6-1047P,Pseudogene,0,0.30799999833107,0.7790867155976406,Pseudogene
RNU6-1048P,Pseudogene,3.73,0.30799999833107,1.2335539663629311,Pseudogene
RNU6-1049P,Pseudogene,0.27,-0.0509999990463257,0.8115486620808757,Pseudogene
RNU6-104P,Pseudogene,0,-0.0140000004321337,1.3634017522958712,Pseudogene
RNU6-1050P,Pseudogene,0,0.273000001907349,1.201092019879696,Pseudogene
RNU6-1051P,Pseudogene,0,0.30799999833107,0.6470111490236943,Pseudogene
RNU6-1052P,Pseudogene,0,0.256999999284744,1.001950463569081,Pseudogene
RNU6-1053P,Pseudogene,4.35,0.0659999996423721,1.1348825052703255,Pseudogene
RNU6-1054P,Pseudogene,0,0.262500002980232,1.3359339514254416,Pseudogene
RNU6-1055P,Pseudogene,0,0.282000005245209,1.330939805812636,Pseudogene
RNU6-1056P,Pseudogene,0.21,0.30799999833107,0.5518530902149955,Pseudogene
RNU6-1057P,Pseudogene,0,0.282000005245209,1.2599690796777203,Pseudogene
RNU6-1059P,Pseudogene,0,0.947000026702881,1.205066952102133,Pseudogene
RNU6-105P,Pseudogene,0,-0.0989999994635582,1.2023405562828977,Pseudogene
RNU6-1060P,Pseudogene,0,0.486000001430511,1.136168126913226,Pseudogene
RNU6-1061P,Pseudogene,0,0.152999997138977,1.4034053631135952,Pseudogene
RNU6-1062P,Pseudogene,5.93,0.305999994277954,0.9738583944970508,Pseudogene
RNU6-1064P,Pseudogene,0,0.30799999833107,1.636519090496166,Pseudogene
RNU6-1065P,Pseudogene,0.61,0.26800000667572,1.0158139291027417,Pseudogene
RNU6-1066P,Pseudogene,0,0.30799999833107,1.2570502323888917,Pseudogene
RNU6-1067P,Pseudogene,0,0.214000001549721,1.136168126913226,Pseudogene
RNU6-1068P,Pseudogene,0,-0.216000005602837,1.0116781379726645,Pseudogene
RNU6-1069P,Pseudogene,0,0.206000000238419,1.305800102897048,Pseudogene
RNU6-106P,Pseudogene,0,0.349000006914139,1.006320340980286,Pseudogene
RNU6-1071P,Pseudogene,0,0.252999991178513,0.0687807578951712,Pseudogene
RNU6-1072P,Pseudogene,0,0.136999994516373,1.3958636987791062,Pseudogene
RNU6-1073P,Pseudogene,0,0.0284999995492399,1.3107276504551504,Pseudogene
RNU6-1074P,Pseudogene,0,0.282000005245209,0.834958719640901,Pseudogene
RNU6-1075P,Pseudogene,0,0.214000001549721,1.6880212171282214,Pseudogene
RNU6-1076P,Pseudogene,0.07,0.254999995231628,0,Pseudogene
RNU6-1077P,Pseudogene,0,0.277999997138977,2.00913988381042,Pseudogene
RNU6-1078P,Pseudogene,0,0.574000000953674,0.6744520919817764,Pseudogene
RNU6-1079P,Pseudogene,1.39,-0.0470000002533197,1.168334964792068,Pseudogene
RNU6-107P,Pseudogene,13.92,-0.12049999833107,0.8513304592417029,Pseudogene
RNU6-1080P,Pseudogene,0,-0.244000002741814,1.330939805812636,Pseudogene
RNU6-1081P,Pseudogene,0,-0.0439999997615814,1.0712442339467558,Pseudogene
RNU6-1082P,Pseudogene,0.26,0.30799999833107,1.5257114847120463,Pseudogene
RNU6-1083P,Pseudogene,0.87,0.061999998986721,1.3958636987791062,Pseudogene
RNU6-1084P,Pseudogene,0.36,-0.0419999994337559,1.330939805812636,Pseudogene
RNU6-1085P,Pseudogene,0,0.184000000357628,1.6230973241617517,Pseudogene
RNU6-1086P,Pseudogene,0,0.218999996781349,1.076762764848906,Pseudogene
RNU6-1087P,Pseudogene,0,0.305000007152557,0.928540231584812,Pseudogene
RNU6-1088P,Pseudogene,7.62,0.0769999995827675,1.1021455099259891,Pseudogene
RNU6-1089P,Pseudogene,0.58,0.284000009298325,0.6011702781414487,Pseudogene
RNU6-108P,Pseudogene,0,0.30799999833107,0.9089345015305808,Pseudogene
RNU6-1090P,Pseudogene,0,0.266999989748001,0.9607354799612752,Pseudogene
RNU6-1091P,Pseudogene,0.61,0.319999992847443,1.266015912846166,Pseudogene
RNU6-1092P,Pseudogene,0,0.26800000667572,1.1178849616525537,Pseudogene
RNU6-1093P,Pseudogene,0,0.239999994635582,0.9089345015305808,Pseudogene
RNU6-1094P,Pseudogene,0,-0.0515000000596046,1.3693323002110775,Pseudogene
RNU6-1095P,Pseudogene,1.26,0.27700001001358,0.9970025600452832,Pseudogene
RNU6-1096P,Pseudogene,0.25,-0.193000003695488,0.5448514939146899,Pseudogene
RNU6-1097P,Pseudogene,0,0.202999994158745,1.2335539663629311,Pseudogene
RNU6-1098P,Pseudogene,3,0.305000007152557,1.1939909690864885,Pseudogene
RNU6-1099P,Pseudogene,9.26,0.214000001549721,0.9738583944970508,Pseudogene
RNU6-109P,Pseudogene,0,0.221000000834465,0,Pseudogene
RNU6-10P,Pseudogene,1.19,0.136999994516373,1.4607875917455764,Pseudogene
RNU6-1100P,Pseudogene,0.07,0.234999999403954,0.801560370855265,Pseudogene
RNU6-1101P,Pseudogene,0.41,0.146999999880791,1.5437458994249549,Pseudogene
RNU6-1102P,Pseudogene,0,0.116500001400709,0.6150862568021305,Pseudogene
RNU6-1103P,Pseudogene,0,0.214000001549721,1.266015912846166,Pseudogene
RNU6-1104P,Pseudogene,0,0.214000001549721,1.5697223929248938,Pseudogene
RNU6-1105P,Pseudogene,0,0.186000004410744,1.3958636987791062,Pseudogene
RNU6-1106P,Pseudogene,0,0.214000001549721,1.298477859329401,Pseudogene
RNU6-1107P,Pseudogene,0,-0.100499998778105,1.2023405562828977,Pseudogene
RNU6-1108P,Pseudogene,0,-0.285500004887581,1.135543858711625,Pseudogene
RNU6-1109P,Pseudogene,0,0.197999998927116,1.0712442339467558,Pseudogene
RNU6-110P,Pseudogene,0.12,0.214000001549721,0.9017554172121732,Pseudogene
RNU6-1110P,Pseudogene,0,0.0750000029802322,1.3068344000082537,Pseudogene
RNU6-1111P,Pseudogene,0,-0.180000007152557,1.201092019879696,Pseudogene
RNU6-1112P,Pseudogene,0,-0.0719999969005585,1.473575631269275,Pseudogene
RNU6-1113P,Pseudogene,0,0.30799999833107,1.136168126913226,Pseudogene
RNU6-1114P,Pseudogene,0,0.0240000002086162,1.3634017522958712,Pseudogene
RNU6-1115P,Pseudogene,0,-0.193500004708767,1.1141185028868776,Pseudogene
RNU6-1116P,Pseudogene,0,0.294999986886978,0.912213486023837,Pseudogene
RNU6-1117P,Pseudogene,0,0.0435000006109476,1.4361289977823497,Pseudogene
RNU6-1118P,Pseudogene,1.45,0.262500002980232,1.3359339514254416,Pseudogene
RNU6-1119P,Pseudogene,0,0.0485000004991889,1.318616289092149,Pseudogene
RNU6-111P,Pseudogene,0,-0.0099999997764825,0.7939264625614052,Pseudogene
RNU6-1120P,Pseudogene,0,-0.136999994516373,1.318616289092149,Pseudogene
RNU6-1121P,Pseudogene,0.88,0.261999994516373,0.9878557475678036,Pseudogene
RNU6-1122P,Pseudogene,0,0.152999997138977,0.9738583944970508,Pseudogene
RNU6-1123P,Pseudogene,0,0.301999986171722,1.2451912679323929,Pseudogene
RNU6-1124P,Pseudogene,0,0.30799999833107,1.168630073396461,Pseudogene
RNU6-1125P,Pseudogene,0,0.243000000715256,1.2335539663629311,Pseudogene
RNU6-1126P,Pseudogene,0,0.287999987602234,1.168630073396461,Pseudogene
RNU6-1127P,Pseudogene,0,-0.133000001311302,1.006320340980286,Pseudogene
RNU6-1128P,Pseudogene,0,-0.0900000035762787,1.1790536341938302,Pseudogene
RNU6-1129P,Pseudogene,0,-0.206500001251698,1.3693323002110775,Pseudogene
RNU6-112P,Pseudogene,8.06,-0.17399999499321,1.1689422074972615,Pseudogene
RNU6-1130P,Pseudogene,0.72,0.153999999165535,1.103706180429991,Pseudogene
RNU6-1131P,Pseudogene,0.16,0.446000009775162,1.266015912846166,Pseudogene
RNU6-1132P,Pseudogene,0,-0.310999989509583,1.0712442339467558,Pseudogene
RNU6-1133P,Pseudogene,0,0.294999986886978,1.146231330323029,Pseudogene
RNU6-1134P,Pseudogene,0,0.214000001549721,0.9629306105323976,Pseudogene
RNU6-1135P,Pseudogene,0.25,0.214000001549721,1.3489041839635527,Pseudogene
RNU6-1136P,Pseudogene,1.11,-0.116500001400709,0.868357068426537,Pseudogene
RNU6-1137P,Pseudogene,0,-0.130999997258186,1.0876391564130363,Pseudogene
RNU6-1138P,Pseudogene,0.37,-0.11599999666214,0.9830457378413626,Pseudogene
RNU6-1139P,Pseudogene,0,0.263999998569489,0.6512678013199028,Pseudogene
RNU6-113P,Pseudogene,0,0.307000011205673,0.9629306105323976,Pseudogene
RNU6-1140P,Pseudogene,0,-0.341000005602837,0.7536683990117115,Pseudogene
RNU6-1141P,Pseudogene,0,0.163000002503395,1.4607875917455764,Pseudogene
RNU6-1143P,Pseudogene,0,0.211999997496605,1.3693323002110775,Pseudogene
RNU6-1144P,Pseudogene,0,0.30799999833107,0.9685521147834452,Pseudogene
RNU6-1145P,Pseudogene,0.21,0.284000009298325,1.330939805812636,Pseudogene
RNU6-1146P,Pseudogene,0,0.184000000357628,1.0897029878293798,Pseudogene
RNU6-1147P,Pseudogene,0.24,-0.17399999499321,0.8764725550473457,Pseudogene
RNU6-1148P,Pseudogene,0,0.211999997496605,1.001950463569081,Pseudogene
RNU6-1149P,Pseudogene,0,0.211999997496605,1.0384476282214257,Pseudogene
RNU6-114P,Pseudogene,0,0.30799999833107,0.7939264625614052,Pseudogene
RNU6-1150P,Pseudogene,0,0.194000005722046,1.0525540223351963,Pseudogene
RNU6-1151P,Pseudogene,0,0.206000000238419,1.9152548425108664,Pseudogene
RNU6-1152P,Pseudogene,0,-0.129999995231628,1.201092019879696,Pseudogene
RNU6-1153P,Pseudogene,0.29,-0.171000003814697,1.819414810036554,Pseudogene
RNU6-1154P,Pseudogene,0.18,0.30799999833107,1.3693323002110775,Pseudogene
RNU6-1155P,Pseudogene,0,0.228000000119209,1.201092019879696,Pseudogene
RNU6-1156P,Pseudogene,0.58,0.30799999833107,1.076762764848906,Pseudogene
RNU6-1157P,Pseudogene,3.68,0.0399999991059303,1.2124230766710138,Pseudogene
RNU6-1158P,Pseudogene,0,0.30799999833107,1.168630073396461,Pseudogene
RNU6-1159P,Pseudogene,0.09,0.211999997496605,1.3634017522958712,Pseudogene
RNU6-115P,Pseudogene,0.67,0.239999994635582,1.4607875917455764,Pseudogene
RNU6-1160P,Pseudogene,0.29,0.114500001072884,1.0687471611403534,Pseudogene
RNU6-1161P,Pseudogene,0,-0.0054999999701976,1.123756206199048,Pseudogene
RNU6-1162P,Pseudogene,0.32,0.146999999880791,1.3693323002110775,Pseudogene
RNU6-1163P,Pseudogene,0.67,0.202999994158745,1.4283256452623412,Pseudogene
RNU6-1164P,Pseudogene,0,0.223000004887581,1.136168126913226,Pseudogene
RNU6-1165P,Pseudogene,0.17,-0.0359999984502792,1.168630073396461,Pseudogene
RNU6-1167P,Pseudogene,0,0.305000007152557,1.108540938416856,Pseudogene
RNU6-1168P,Pseudogene,0,-0.13400000333786,0.868357068426537,Pseudogene
RNU6-1169P,Pseudogene,0.19,0.26800000667572,1.281458974765375,Pseudogene
RNU6-116P,Pseudogene,0,0.305000007152557,1.46585046413287,Pseudogene
RNU6-1170P,Pseudogene,0.22,0.197999998927116,1.4090322242392863,Pseudogene
RNU6-1171P,Pseudogene,0,0.273999989032745,0,Pseudogene
RNU6-1172P,Pseudogene,0,0.305000007152557,0.8115486620808757,Pseudogene
RNU6-1174P,Pseudogene,0,-0.0080000003799796,0.6878075789517125,Pseudogene
RNU6-1175P,Pseudogene,0,-0.0659999996423721,1.330939805812636,Pseudogene
RNU6-1176P,Pseudogene,0,0.30799999833107,1.298477859329401,Pseudogene
RNU6-1177P,Pseudogene,0,-0.149000003933907,0.9351537659978092,Pseudogene
RNU6-1178P,Pseudogene,0,0.24600000679493,1.5906353776785165,Pseudogene
RNU6-1179P,Pseudogene,0,0.130999997258186,1.006320340980286,Pseudogene
RNU6-117P,Pseudogene,0,-0.174999997019768,1.4283256452623412,Pseudogene
RNU6-1180P,Pseudogene,0,0.305000007152557,0.8440106085641107,Pseudogene
RNU6-1181P,Pseudogene,0.28,0.30799999833107,0.6553638252275752,Pseudogene
RNU6-1183P,Pseudogene,0,0.118000000715256,1.157809424568716,Pseudogene
RNU6-1184P,Pseudogene,0,0.155000001192093,1.318616289092149,Pseudogene
RNU6-1186P,Pseudogene,0,0.30799999833107,1.4681500950716708,Pseudogene
RNU6-1187P,Pseudogene,0,0.214000001549721,1.4841011714926269,Pseudogene
RNU6-1188P,Pseudogene,0,0.347000002861023,1.2335539663629311,Pseudogene
RNU6-1189P,Pseudogene,19.6,0.30799999833107,0.9738583944970508,Pseudogene
RNU6-118P,Pseudogene,7.85,0.202999994158745,1.157809424568716,Pseudogene
RNU6-1190P,Pseudogene,0,0.0799999982118607,1.2357389050685337,Pseudogene
RNU6-1191P,Pseudogene,0,0.284000009298325,1.7529451100946911,Pseudogene
RNU6-1192P,Pseudogene,0,0.145999997854233,1.0712442339467558,Pseudogene
RNU6-1193P,Pseudogene,0,0.430999994277954,0.4544672507652904,Pseudogene
RNU6-1194P,Pseudogene,0,1.66500002145767,1.2691372538541694,Pseudogene
RNU6-1195P,Pseudogene,0,0.211999997496605,1.135543858711625,Pseudogene
RNU6-1196P,Pseudogene,0,-0.167499996721745,0.7020759276640086,Pseudogene
RNU6-1197P,Pseudogene,0,0.319000005722046,1.5906353776785165,Pseudogene
RNU6-1198P,Pseudogene,0,0.222000002861023,1.5034241781713178,Pseudogene
RNU6-1199P,Pseudogene,0,0.24099999666214,1.1021455099259891,Pseudogene
RNU6-119P,Pseudogene,0,0.0189999993890524,1.266015912846166,Pseudogene
RNU6-11P,Pseudogene,0.03,0,1.5581734311952813,Pseudogene
RNU6-1200P,Pseudogene,0,0.30799999833107,1.266015912846166,Pseudogene
RNU6-1201P,Pseudogene,0,0.296999990940094,1.266015912846166,Pseudogene
RNU6-1203P,Pseudogene,0.25,0.30799999833107,1.4841011714926269,Pseudogene
RNU6-1204P,Pseudogene,0,-0.138999998569489,1.2335539663629311,Pseudogene
RNU6-1205P,Pseudogene,0,0.214000001549721,1.2451912679323929,Pseudogene
RNU6-1206P,Pseudogene,0.32,0.277999997138977,0.5058390689863322,Pseudogene
RNU6-1207P,Pseudogene,0,0.249999992549419,1.0387822874635209,Pseudogene
RNU6-1208P,Pseudogene,0,0.0080000003799796,1.0387822874635209,Pseudogene
RNU6-1209P,Pseudogene,0.56,0.30799999833107,1.006320340980286,Pseudogene
RNU6-120P,Pseudogene,0,-0.224000006914139,1.0454007425717533,Pseudogene
RNU6-1210P,Pseudogene,0,-0.0949999988079071,0.9413964480138156,Pseudogene
RNU6-1211P,Pseudogene,0,-0.218999996781349,0.7277659240146215,Pseudogene
RNU6-1212P,Pseudogene,0,-0.0474999994039536,1.2357389050685337,Pseudogene
RNU6-1213P,Pseudogene,0,0.180000007152557,1.736714136853074,Pseudogene
RNU6-1214P,Pseudogene,0,0.347000002861023,0.732925232066435,Pseudogene
RNU6-1215P,Pseudogene,0,-0.189499996602535,1.2940222980473886,Pseudogene
RNU6-1216P,Pseudogene,0,0.0869999974966049,1.0712442339467558,Pseudogene
RNU6-1217P,Pseudogene,1.45,0.254999995231628,1.2023405562828977,Pseudogene
RNU6-1218P,Pseudogene,0,-0.421000003814697,2.315618849137432,Pseudogene
RNU6-1219P,Pseudogene,0.62,-0.307500004768372,0.7753188110951224,Pseudogene
RNU6-121P,Pseudogene,0,0.146999999880791,0.4561067430119185,Pseudogene
RNU6-1220P,Pseudogene,0,0.140500001609325,1.157809424568716,Pseudogene
RNU6-1222P,Pseudogene,0,-0.187000006437302,1.330939805812636,Pseudogene
RNU6-1223P,Pseudogene,2.77,0.266999989748001,1.669917439281802,Pseudogene
RNU6-1224P,Pseudogene,0,0.30799999833107,0.877128351945997,Pseudogene
RNU6-1225P,Pseudogene,0.51,0.282999992370605,1.0687471611403534,Pseudogene
RNU6-1226P,Pseudogene,0.53,0.44200000166893,0.9738583944970508,Pseudogene
RNU6-1227P,Pseudogene,0.08,0.44200000166893,0.7466247691144057,Pseudogene
RNU6-1228P,Pseudogene,0,-0.0270000007003546,0.9413964480138156,Pseudogene
RNU6-1229P,Pseudogene,0,0.28600001335144,1.3634017522958712,Pseudogene
RNU6-122P,Pseudogene,3.45,0.104000002145767,1.201092019879696,Pseudogene
RNU6-1230P,Pseudogene,0,-0.163499996066093,1.5437458994249549,Pseudogene
RNU6-1231P,Pseudogene,0.7,-0.0729999989271164,1.112845951769931,Pseudogene
RNU6-1232P,Pseudogene,0,0.0474999994039536,1.211661025711447,Pseudogene
RNU6-1233P,Pseudogene,0,-0.156000003218651,1.6005012633744016,Pseudogene
RNU6-1234P,Pseudogene,0,-0.112999998033047,1.315181579364464,Pseudogene
RNU6-1235P,Pseudogene,0,0.291999995708466,0.3246194648323502,Pseudogene
RNU6-1236P,Pseudogene,0,0.194000005722046,0.912213486023837,Pseudogene
RNU6-1237P,Pseudogene,0,-0.0979999974370003,1.136168126913226,Pseudogene
RNU6-1238P,Pseudogene,0.71,-0.23200000077486,1.770767355222742,Pseudogene
RNU6-1239P,Pseudogene,0,-0.23199999332428,0.097385839449705,Pseudogene
RNU6-123P,Pseudogene,0.23,0.0104999998002313,0.9534901143507074,Pseudogene
RNU6-1240P,Pseudogene,0,-0.192999996244907,0.7013653244983569,Pseudogene
RNU6-1241P,Pseudogene,0,0.303000003099442,0.8440106085641107,Pseudogene
RNU6-1242P,Pseudogene,0.09,0.196999996900558,1.4837946023599078,Pseudogene
RNU6-1243P,Pseudogene,0.36,0.0610000006854534,0.9738583944970508,Pseudogene
RNU6-1244P,Pseudogene,0,0.282999992370605,1.1256480516640297,Pseudogene
RNU6-1245P,Pseudogene,4.39,-0.0240000002086163,0.688132016488954,Pseudogene
RNU6-1246P,Pseudogene,0,0.214000001549721,1.5257114847120463,Pseudogene
RNU6-1247P,Pseudogene,0,0.118499998003244,1.311396389052321,Pseudogene
RNU6-1248P,Pseudogene,0.99,0.275000005960464,0.9769017019798542,Pseudogene
RNU6-1249P,Pseudogene,0,0.152999997138977,1.3142701576185425,Pseudogene
RNU6-1250P,Pseudogene,0,0.0719999969005585,1.4283256452623412,Pseudogene
RNU6-1251P,Pseudogene,2,0.282000005245209,1.4607875917455764,Pseudogene
RNU6-1252P,Pseudogene,0,0.246999993920326,1.5697223929248938,Pseudogene
RNU6-1254P,Pseudogene,0.25,0.189999997615814,1.0687471611403534,Pseudogene
RNU6-1255P,Pseudogene,4.84,0.30799999833107,1.5506376221902447,Pseudogene
RNU6-1256P,Pseudogene,2.11,0.118000000715256,1.2477363701662862,Pseudogene
RNU6-1257P,Pseudogene,0.67,-0.0854999981820583,1.0736051027819002,Pseudogene
RNU6-1258P,Pseudogene,0,-0.136999994516373,1.126517277958751,Pseudogene
RNU6-125P,Pseudogene,0,0.214000001549721,0.9413964480138156,Pseudogene
RNU6-1260P,Pseudogene,0.36,-0.264999985694885,1.0387822874635209,Pseudogene
RNU6-1261P,Pseudogene,0,0.282000005245209,1.1021455099259891,Pseudogene
RNU6-1262P,Pseudogene,0.56,-0.284499987959862,1.230172513604261,Pseudogene
RNU6-1263P,Pseudogene,0.28,0.30799999833107,0.9830457378413626,Pseudogene
RNU6-1264P,Pseudogene,0,0.305000007152557,1.7529451100946911,Pseudogene
RNU6-1265P,Pseudogene,0,-0.430999994277954,1.4837946023599078,Pseudogene
RNU6-1266P,Pseudogene,0,0.0719999969005585,0.9262475396549728,Pseudogene
RNU6-1267P,Pseudogene,0.42,-0.0920000001788139,1.266015912846166,Pseudogene
RNU6-1268P,Pseudogene,0,-0.203999996185303,0.1623097324161751,Pseudogene
RNU6-1269P,Pseudogene,0,0.428000003099442,0.4220053042820553,Pseudogene
RNU6-126P,Pseudogene,1.41,0.206000000238419,1.4837946023599078,Pseudogene
RNU6-1270P,Pseudogene,0,0.203999996185303,1.4794231536155815,Pseudogene
RNU6-1271P,Pseudogene,0,0.296999990940094,1.3232107709356753,Pseudogene
RNU6-1272P,Pseudogene,5.87,-0.218999996781349,1.168630073396461,Pseudogene
RNU6-1273P,Pseudogene,0,-0.149499997496605,1.2691372538541694,Pseudogene
RNU6-1274P,Pseudogene,0,0.301999986171722,1.136168126913226,Pseudogene
RNU6-1275P,Pseudogene,5.97,-0.046000000089407,0.9413964480138156,Pseudogene
RNU6-1276P,Pseudogene,0,0.30799999833107,1.135543858711625,Pseudogene
RNU6-1277P,Pseudogene,0,0.0270000007003546,1.2335539663629311,Pseudogene
RNU6-1278P,Pseudogene,0,-0.136000007390976,0.8764725550473457,Pseudogene
RNU6-1279P,Pseudogene,0,0.0549999997019768,1.4837946023599078,Pseudogene
RNU6-127P,Pseudogene,0,-0.197999998927116,1.0387822874635209,Pseudogene
RNU6-1280P,Pseudogene,0.73,-0.163000002503395,1.3634017522958712,Pseudogene
RNU6-1281P,Pseudogene,0,0.137999996542931,0.9593278089283648,Pseudogene
RNU6-1282P,Pseudogene,0,-0.238499999046326,1.4834433252286674,Pseudogene
RNU6-1283P,Pseudogene,0,-0.211999997496605,0.5292843083742702,Pseudogene
RNU6-1284P,Pseudogene,0.29,0.105999998748302,0.868357068426537,Pseudogene
RNU6-1285P,Pseudogene,0.52,-0.0309999994933605,1.2570502323888917,Pseudogene
RNU6-1286P,Pseudogene,0,0.30799999833107,1.136168126913226,Pseudogene
RNU6-1287P,Pseudogene,0,0.214000001549721,1.330939805812636,Pseudogene
RNU6-1288P,Pseudogene,0,-0.150000005960464,1.60312074171053,Pseudogene
RNU6-1289P,Pseudogene,0,0.365000009536743,0.8192047815344689,Pseudogene
RNU6-128P,Pseudogene,0,0.30799999833107,0.6492389296647005,Pseudogene
RNU6-1290P,Pseudogene,0,-0.177000001072884,0.6054599743157506,Pseudogene
RNU6-1291P,Pseudogene,0,-0.0209999997168779,1.3693323002110775,Pseudogene
RNU6-1292P,Pseudogene,0,-0.212999999523163,1.4607875917455764,Pseudogene
RNU6-1293P,Pseudogene,0,-0.310999989509583,1.8178690030611613,Pseudogene
RNU6-1294P,Pseudogene,0,0.294999986886978,1.114927594029134,Pseudogene
RNU6-1296P,Pseudogene,0,-0.127000004053116,1.0712442339467558,Pseudogene
RNU6-1297P,Pseudogene,0,0.239999994635582,0.801560370855265,Pseudogene
RNU6-1298P,Pseudogene,0,-0.224999994039536,0.9629306105323976,Pseudogene
RNU6-1299P,Pseudogene,0,0.30799999833107,1.2504341785342132,Pseudogene
RNU6-129P,Pseudogene,0,-0.0799999982118607,1.136168126913226,Pseudogene
RNU6-12P,Pseudogene,0,0.555999994277954,1.5581734311952813,Pseudogene
RNU6-1300P,Pseudogene,0,0.30799999833107,1.0291639329499698,Pseudogene
RNU6-1301P,Pseudogene,0,0.220000006258488,1.1689422074972615,Pseudogene
RNU6-1303P,Pseudogene,0,-0.0820000022649765,1.6230973241617517,Pseudogene
RNU6-1304P,Pseudogene,0,0.29899999499321,0.8847411640572264,Pseudogene
RNU6-1305P,Pseudogene,0.09,-0.078999999910593,1.2023405562828977,Pseudogene
RNU6-1306P,Pseudogene,2.56,-0.0109999999403954,1.6139161675806344,Pseudogene
RNU6-1307P,Pseudogene,0,0.256999999284744,1.079123347170842,Pseudogene
RNU6-1308P,Pseudogene,0,0.214000001549721,0.7081746965808651,Pseudogene
RNU6-1309P,Pseudogene,0,-0.168000005185604,0.643227458093731,Pseudogene
RNU6-130P,Pseudogene,3.52,0.305000007152557,1.2140137655671974,Pseudogene
RNU6-1310P,Pseudogene,0,0.239999994635582,1.266015912846166,Pseudogene
RNU6-1311P,Pseudogene,5.22,0.30799999833107,0.8115486620808757,Pseudogene
RNU6-1312P,Pseudogene,0.26,0.0945000015199184,0.643227458093731,Pseudogene
RNU6-1313P,Pseudogene,0,-0.0329999998211861,1.0897029878293798,Pseudogene
RNU6-1314P,Pseudogene,0,0.293999999761581,0.2003900927138162,Pseudogene
RNU6-1315P,Pseudogene,0.27,0.310999989509583,1.508660765347115,Pseudogene
RNU6-1316P,Pseudogene,0,0.301999986171722,1.0291639329499698,Pseudogene
RNU6-1317P,Pseudogene,0,-0.0850000008940697,1.4361289977823497,Pseudogene
RNU6-1318P,Pseudogene,0,0.293999999761581,0.7418973011799539,Pseudogene
RNU6-1319P,Pseudogene,0.04,0.261999994516373,0.7013653244983569,Pseudogene
RNU6-131P,Pseudogene,0,0.118000000715256,1.136168126913226,Pseudogene
RNU6-1320P,Pseudogene,0,0.40599998831749,1.0712442339467558,Pseudogene
RNU6-1321P,Pseudogene,0,0.23199999332428,0.4544672507652904,Pseudogene
RNU6-1322P,Pseudogene,0,0.305000007152557,1.168630073396461,Pseudogene
RNU6-1323P,Pseudogene,1.33,0.105999998748302,1.136168126913226,Pseudogene
RNU6-1324P,Pseudogene,0,0.0320000015199184,1.136168126913226,Pseudogene
RNU6-1325P,Pseudogene,0,-0.185000002384186,1.6209331943962024,Pseudogene
RNU6-1326P,Pseudogene,0,-0.550000011920929,1.006320340980286,Pseudogene
RNU6-1327P,Pseudogene,0,0.30799999833107,1.5878529251228104,Pseudogene
RNU6-1328P,Pseudogene,0,0.28099998831749,1.1468866941482565,Pseudogene
RNU6-1329P,Pseudogene,0.46,-0.068000003695488,1.298477859329401,Pseudogene
RNU6-132P,Pseudogene,0.67,0.239999994635582,1.103706180429991,Pseudogene
RNU6-1330P,Pseudogene,0,0.0419999994337559,1.1247291552953242,Pseudogene
RNU6-1331P,Pseudogene,0.37,0.239999994635582,1.4090322242392863,Pseudogene
RNU6-1332P,Pseudogene,0,-0.417000010609627,1.2691372538541694,Pseudogene
RNU6-1333P,Pseudogene,0.88,0.30799999833107,0.8216712045326372,Pseudogene
RNU6-1334P,Pseudogene,0,1.81200003623962,0.0992408078201756,Pseudogene
RNU6-1335P,Pseudogene,0,0.0769999995827675,1.0712442339467558,Pseudogene
RNU6-1336P,Pseudogene,0,-0.0900000035762787,1.0197220620054748,Pseudogene
RNU6-1337P,Pseudogene,0.76,0.252000004053116,1.060309683552403,Pseudogene
RNU6-1338P,Pseudogene,0.47,0.30799999833107,1.030577619671055,Pseudogene
RNU6-1339P,Pseudogene,0,0.208000004291534,1.5267816587719332,Pseudogene
RNU6-133P,Pseudogene,0,0.301999986171722,1.266015912846166,Pseudogene
RNU6-1340P,Pseudogene,0.56,0.30799999833107,0.8440106085641107,Pseudogene
RNU6-1341P,Pseudogene,0,0.0359999984502792,1.6113842506884193,Pseudogene
RNU6-1342P,Pseudogene,0,0.469999998807907,0.5969954845432442,Pseudogene
RNU6-135P,Pseudogene,0.29,-0.116999998688698,1.375615157903425,Pseudogene
RNU6-136P,Pseudogene,0.28,0.284000009298325,0.7466247691144057,Pseudogene
RNU6-137P,Pseudogene,0,-0.204999998211861,1.157809424568716,Pseudogene
RNU6-138P,Pseudogene,0,0.0130000002682209,1.168630073396461,Pseudogene
RNU6-139P,Pseudogene,0,-0.13849999755621,0.9157219994316208,Pseudogene
RNU6-13P,Pseudogene,0,0.0610000006854534,1.3958636987791062,Pseudogene
RNU6-140P,Pseudogene,3.82,0.0549999997019768,1.2221321703780892,Pseudogene
RNU6-141P,Pseudogene,0,0.30799999833107,0.860087001108189,Pseudogene
RNU6-142P,Pseudogene,0,0.305000007152557,1.201092019879696,Pseudogene
RNU6-143P,Pseudogene,0,0.30799999833107,0.9337172778779969,Pseudogene
RNU6-144P,Pseudogene,0,-0.0199999995529652,1.298477859329401,Pseudogene
RNU6-145P,Pseudogene,0,0.146999999880791,1.0158139291027417,Pseudogene
RNU6-146P,Pseudogene,11.35,-0.191500000655651,1.2542935432827758,Pseudogene
RNU6-147P,Pseudogene,0.36,0.168999999761581,1.201092019879696,Pseudogene
RNU6-148P,Pseudogene,0,0.446000009775162,1.145492303030751,Pseudogene
RNU6-14P,Pseudogene,0,-0.1875,1.507336798023423,Pseudogene
RNU6-150P,Pseudogene,0,-0.212999999523163,1.1334344893146375,Pseudogene
RNU6-151P,Pseudogene,1.33,-0.261999994516373,0.7466247691144057,Pseudogene
RNU6-152P,Pseudogene,0,0.305000007152557,1.006320340980286,Pseudogene
RNU6-153P,Pseudogene,0,-0.157000005245209,1.1021455099259891,Pseudogene
RNU6-154P,Pseudogene,0,0.30799999833107,0.9830457378413626,Pseudogene
RNU6-155P,Pseudogene,0,-0.184499993920326,1.1114970475859671,Pseudogene
RNU6-156P,Pseudogene,0,-0.319000005722046,0.9089345015305808,Pseudogene
RNU6-157P,Pseudogene,0,0.437999993562698,0.7141628226311706,Pseudogene
RNU6-158P,Pseudogene,0,0.305000007152557,0.7641542202153526,Pseudogene
RNU6-159P,Pseudogene,0,0.0065000001341104,1.1796548854096351,Pseudogene
RNU6-15P,Pseudogene,0,0,1.6555592706449864,Pseudogene
RNU6-160P,Pseudogene,0,0.293000012636185,1.0387822874635209,Pseudogene
RNU6-161P,Pseudogene,0,-0.148499999195337,1.2124230766710138,Pseudogene
RNU6-162P,Pseudogene,0,0.0230000000447035,0.5395616735854211,Pseudogene
RNU6-163P,Pseudogene,0,-0.0499999988824129,1.081350311625499,Pseudogene
RNU6-164P,Pseudogene,0,0.159999996423721,1.4837946023599078,Pseudogene
RNU6-165P,Pseudogene,0,-0.157000005245209,1.0174688882573566,Pseudogene
RNU6-166P,Pseudogene,0.26,0.30799999833107,1.298477859329401,Pseudogene
RNU6-167P,Pseudogene,0,-0.155500002205372,1.1796548854096351,Pseudogene
RNU6-168P,Pseudogene,0,-0.136000007390976,0.825369094742055,Pseudogene
RNU6-169P,Pseudogene,0,-0.241999998688698,1.136168126913226,Pseudogene
RNU6-16P,Pseudogene,0,0.0549999997019768,1.4283256452623412,Pseudogene
RNU6-170P,Pseudogene,0,0.284000009298325,1.5363240441392578,Pseudogene
RNU6-171P,Pseudogene,5.48,-0.118000000715256,0.7790867155976406,Pseudogene
RNU6-172P,Pseudogene,0,-0.112999998033047,1.419250262374555,Pseudogene
RNU6-173P,Pseudogene,0,-0.325499996542931,1.2023405562828977,Pseudogene
RNU6-174P,Pseudogene,4.71,-0.133500002324581,1.2124230766710138,Pseudogene
RNU6-175P,Pseudogene,0,0.305000007152557,0.7141628226311706,Pseudogene
RNU6-176P,Pseudogene,0,0.266999989748001,0.9593278089283648,Pseudogene
RNU6-177P,Pseudogene,0,0.279000014066696,1.0687471611403534,Pseudogene
RNU6-178P,Pseudogene,0.25,0.307000011205673,0.9017554172121732,Pseudogene
RNU6-179P,Pseudogene,0,0.293000012636185,0.6167769831814656,Pseudogene
RNU6-17P,Pseudogene,0,0.0549999997019768,1.3958636987791062,Pseudogene
RNU6-180P,Pseudogene,0,-0.214000001549721,0.7402388124291791,Pseudogene
RNU6-181P,Pseudogene,1.01,0.282999992370605,1.0387822874635209,Pseudogene
RNU6-182P,Pseudogene,1.37,-0.0339999999850988,0.6946856547412297,Pseudogene
RNU6-183P,Pseudogene,0,0.105999998748302,1.0736051027819002,Pseudogene
RNU6-184P,Pseudogene,0,0.242499999701977,0,Pseudogene
RNU6-185P,Pseudogene,1.33,0.188999995589256,1.5906353776785165,Pseudogene
RNU6-187P,Pseudogene,0,0.221499994397163,0.7864365902730902,Pseudogene
RNU6-188P,Pseudogene,0.71,0.30799999833107,1.330939805812636,Pseudogene
RNU6-189P,Pseudogene,0,-0.111000001430511,1.2036632631654969,Pseudogene
RNU6-18P,Pseudogene,0,0.0850000008940697,0.1947716788994101,Pseudogene
RNU6-190P,Pseudogene,1.43,0.446000009775162,1.464288389895729,Pseudogene
RNU6-191P,Pseudogene,0,0.177999995648861,1.2563463968724369,Pseudogene
RNU6-192P,Pseudogene,0,0.325000002980232,0.9030913511635984,Pseudogene
RNU6-193P,Pseudogene,0,-0.046000000089407,1.266015912846166,Pseudogene
RNU6-194P,Pseudogene,0,0.0120000001043081,2.2163780413172565,Pseudogene
RNU6-195P,Pseudogene,0.62,-0.225999996066093,1.115321005318488,Pseudogene
RNU6-196P,Pseudogene,0.3,-0.268999993801117,1.168630073396461,Pseudogene
RNU6-197P,Pseudogene,0,0.347000002861023,0.6599513720041681,Pseudogene
RNU6-198P,Pseudogene,0,0.311000004410744,1.5697223929248938,Pseudogene
RNU6-199P,Pseudogene,0.35,0.152999997138977,1.298477859329401,Pseudogene
RNU6-19P,Pseudogene,0.56,0.215000003576279,1.330939805812636,Pseudogene
RNU6-2,Functional,0.98,2.47699999809265,4.122667203370849,Functional
RNU6-200P,Pseudogene,0,0.23199999332428,1.330939805812636,Pseudogene
RNU6-201P,Pseudogene,0.65,0.30799999833107,1.6513019661881687,Pseudogene
RNU6-202P,Pseudogene,0,0.87950000166893,0.9407201574620816,Pseudogene
RNU6-203P,Pseudogene,0,0.30799999833107,0.801560370855265,Pseudogene
RNU6-204P,Pseudogene,0.26,-0.237000003457069,1.298477859329401,Pseudogene
RNU6-205P,Pseudogene,0,0.30799999833107,0.6817008761479356,Pseudogene
RNU6-206P,Pseudogene,0,-0.213500000536442,1.5363240441392578,Pseudogene
RNU6-207P,Pseudogene,0,0.30799999833107,0.8764725550473457,Pseudogene
RNU6-208P,Pseudogene,0,-0.144999995827675,1.266015912846166,Pseudogene
RNU6-209P,Pseudogene,0,0.30799999833107,1.4932495382288111,Pseudogene
RNU6-20P,Pseudogene,0,-0.0610000006854534,1.4607875917455764,Pseudogene
RNU6-210P,Pseudogene,0,0.202000007033348,0.9140600720279336,Pseudogene
RNU6-211P,Pseudogene,0,0.470999985933304,1.330939805812636,Pseudogene
RNU6-212P,Pseudogene,0,0.214000001549721,1.3693323002110775,Pseudogene
RNU6-213P,Pseudogene,1.13,0.303000003099442,1.2023405562828977,Pseudogene
RNU6-214P,Pseudogene,0,0.30799999833107,1.5581734311952813,Pseudogene
RNU6-215P,Pseudogene,0,0.118000000715256,1.770767355222742,Pseudogene
RNU6-216P,Pseudogene,0.66,0.237000003457069,1.2023405562828977,Pseudogene
RNU6-217P,Pseudogene,0,0.30799999833107,1.3359339514254416,Pseudogene
RNU6-218P,Pseudogene,0,0.30799999833107,1.6209331943962024,Pseudogene
RNU6-219P,Pseudogene,0,0.277999997138977,1.0387822874635209,Pseudogene
RNU6-21P,Pseudogene,0,0.0769999995827675,1.7529451100946911,Pseudogene
RNU6-220P,Pseudogene,0,0.291999995708466,1.168630073396461,Pseudogene
RNU6-221P,Pseudogene,0,0.30799999833107,0.8420432178681572,Pseudogene
RNU6-222P,Pseudogene,0,0.165500000119209,1.5257114847120463,Pseudogene
RNU6-223P,Pseudogene,0,-0.119999997317791,1.3634017522958712,Pseudogene
RNU6-224P,Pseudogene,0,0.30799999833107,1.2335539663629311,Pseudogene
RNU6-225P,Pseudogene,0,0.27700001001358,1.112845951769931,Pseudogene
RNU6-226P,Pseudogene,0,0.239999994635582,0.9413964480138156,Pseudogene
RNU6-227P,Pseudogene,1.17,0.331999987363815,1.0116781379726645,Pseudogene
RNU6-228P,Pseudogene,9,0.214000001549721,1.5728731805461804,Pseudogene
RNU6-229P,Pseudogene,0,-0.0955000016838312,1.123756206199048,Pseudogene
RNU6-22P,Pseudogene,0,0.146999999880791,1.2335539663629311,Pseudogene
RNU6-230P,Pseudogene,7.04,-0.284999996423721,1.2691372538541694,Pseudogene
RNU6-231P,Pseudogene,0,0.528999984264374,1.3826267885626415,Pseudogene
RNU6-232P,Pseudogene,0.21,0.30799999833107,0.7598124348732199,Pseudogene
RNU6-233P,Pseudogene,0,0.152999997138977,1.0592724522649954,Pseudogene
RNU6-234P,Pseudogene,0.26,0.30799999833107,0.7013653244983569,Pseudogene
RNU6-235P,Pseudogene,0,0.19200000166893,1.0712442339467558,Pseudogene
RNU6-236P,Pseudogene,0,0.238000005483627,1.04858212036412,Pseudogene
RNU6-237P,Pseudogene,0.85,-0.150999993085861,1.2719596495261951,Pseudogene
RNU6-238P,Pseudogene,0.09,0.303000003099442,0.8192047815344689,Pseudogene
RNU6-239P,Pseudogene,0,0.214000001549721,0.7367878156346375,Pseudogene
RNU6-23P,Pseudogene,0,0.118000000715256,1.5581734311952813,Pseudogene
RNU6-240P,Pseudogene,0,0.28999999165535,1.1100647060298,Pseudogene
RNU6-241P,Pseudogene,0,0.261000007390976,0.9685521147834452,Pseudogene
RNU6-242P,Pseudogene,0.1,0.261999994516373,1.2335539663629311,Pseudogene
RNU6-243P,Pseudogene,0,0.0140000004321337,1.4283256452623412,Pseudogene
RNU6-244P,Pseudogene,0.55,-0.351000010967255,1.3693323002110775,Pseudogene
RNU6-245P,Pseudogene,0,0.30799999833107,0.8440106085641107,Pseudogene
RNU6-246P,Pseudogene,0,0.30799999833107,1.103706180429991,Pseudogene
RNU6-247P,Pseudogene,0.36,0.0309999994933605,0.9089345015305808,Pseudogene
RNU6-248P,Pseudogene,0,0.293000012636185,1.5581734311952813,Pseudogene
RNU6-249P,Pseudogene,0,0.0570000000298023,1.464288389895729,Pseudogene
RNU6-24P,Pseudogene,0,0.146999999880791,1.4283256452623412,Pseudogene
RNU6-250P,Pseudogene,0,-0.275000005960464,1.1465685563690198,Pseudogene
RNU6-251P,Pseudogene,0,0.0445000007748604,1.1021455099259891,Pseudogene
RNU6-252P,Pseudogene,0,0.492000013589859,1.006320340980286,Pseudogene
RNU6-253P,Pseudogene,0,-0.090999998152256,1.5216923865760268,Pseudogene
RNU6-254P,Pseudogene,0,0.149000003933907,1.4932495382288111,Pseudogene
RNU6-255P,Pseudogene,0.27,0.0549999997019768,0.1984816156403513,Pseudogene
RNU6-256P,Pseudogene,0,0.150000005960464,1.2532988616465484,Pseudogene
RNU6-257P,Pseudogene,0,-0.0804999992251396,1.098737515151945,Pseudogene
RNU6-258P,Pseudogene,0,0.0130000002682209,0.997320989479983,Pseudogene
RNU6-259P,Pseudogene,0,0.30799999833107,0.8115486620808757,Pseudogene
RNU6-25P,Pseudogene,0,-0.293999999761581,1.882792896027632,Pseudogene
RNU6-260P,Pseudogene,0,-0.0780000016093254,1.103706180429991,Pseudogene
RNU6-261P,Pseudogene,0,0.446000009775162,1.2599690796777203,Pseudogene
RNU6-262P,Pseudogene,0.79,-0.263000011444092,1.4372806649818544,Pseudogene
RNU6-263P,Pseudogene,0.33,0.30799999833107,1.0387822874635209,Pseudogene
RNU6-264P,Pseudogene,0.69,0.301999986171722,1.001950463569081,Pseudogene
RNU6-266P,Pseudogene,0,0.30799999833107,0.9738583944970508,Pseudogene
RNU6-267P,Pseudogene,0,0.163000002503395,1.5175172069589966,Pseudogene
RNU6-268P,Pseudogene,0,-0.0219999998807907,1.006320340980286,Pseudogene
RNU6-269P,Pseudogene,0,-0.061999998986721,1.145873244933987,Pseudogene
RNU6-26P,Pseudogene,7.48,0.125,1.5581734311952813,Pseudogene
RNU6-270P,Pseudogene,0,-0.0480000004172325,1.6540134636695942,Pseudogene
RNU6-271P,Pseudogene,0,0.164000004529953,1.2901305016622835,Pseudogene
RNU6-272P,Pseudogene,0.18,-0.195000000298023,1.3025356026398056,Pseudogene
RNU6-273P,Pseudogene,0,0.209000006318092,1.3025356026398056,Pseudogene
RNU6-274P,Pseudogene,0,0.30799999833107,1.3634017522958712,Pseudogene
RNU6-275P,Pseudogene,5.87,0.130999997258186,1.266015912846166,Pseudogene
RNU6-276P,Pseudogene,0,-0.0780000016093254,1.0854463355331714,Pseudogene
RNU6-277P,Pseudogene,0,0.361999988555908,1.1468866941482565,Pseudogene
RNU6-278P,Pseudogene,0,-0.317999988794327,1.0515883764431455,Pseudogene
RNU6-279P,Pseudogene,0,0.063000001013279,1.3412247789558394,Pseudogene
RNU6-27P,Pseudogene,0,0.214000001549721,1.5581734311952813,Pseudogene
RNU6-280P,Pseudogene,0,0.282999992370605,1.77011248563871,Pseudogene
RNU6-281P,Pseudogene,0,-0.104999996721745,1.112845951769931,Pseudogene
RNU6-282P,Pseudogene,1.15,0.30799999833107,1.5512398115580857,Pseudogene
RNU6-283P,Pseudogene,0,0.28099998831749,1.266015912846166,Pseudogene
RNU6-284P,Pseudogene,0,-0.0554999988526106,0.9175093553186052,Pseudogene
RNU6-285P,Pseudogene,0.73,0.30799999833107,1.146231330323029,Pseudogene
RNU6-286P,Pseudogene,0,-0.157000005245209,0.6817008761479356,Pseudogene
RNU6-287P,Pseudogene,0,-0.271999999880791,1.098737515151945,Pseudogene
RNU6-288P,Pseudogene,0.22,0.277999997138977,1.1021455099259891,Pseudogene
RNU6-289P,Pseudogene,0,0.30799999833107,1.4932495382288111,Pseudogene
RNU6-28P,Pseudogene,0.67,0.146999999880791,1.330939805812636,Pseudogene
RNU6-290P,Pseudogene,0.07,0.301999986171722,0.997320989479983,Pseudogene
RNU6-291P,Pseudogene,0.36,0.214000001549721,1.5257114847120463,Pseudogene
RNU6-293P,Pseudogene,0,0.146999999880791,0.950277546579984,Pseudogene
RNU6-294P,Pseudogene,0,0.446000009775162,1.0897029878293798,Pseudogene
RNU6-295P,Pseudogene,0,-0.0765000022947788,1.001950463569081,Pseudogene
RNU6-296P,Pseudogene,0,-0.025000000372529,1.2335539663629311,Pseudogene
RNU6-297P,Pseudogene,0,0.28099998831749,1.2335539663629311,Pseudogene
RNU6-298P,Pseudogene,2.83,0.214000001549721,1.2663540581220332,Pseudogene
RNU6-299P,Pseudogene,0.73,-0.042000001296401,1.146231330323029,Pseudogene
RNU6-29P,Pseudogene,0,0.486999988555908,1.103706180429991,Pseudogene
RNU6-300P,Pseudogene,0,-0.212999999523163,0.9351537659978092,Pseudogene
RNU6-301P,Pseudogene,0.36,-0.101000003516674,1.0712442339467558,Pseudogene
RNU6-302P,Pseudogene,2.66,-0.212999999523163,1.4283256452623412,Pseudogene
RNU6-303P,Pseudogene,0,0.272000014781952,0.1966091475682725,Pseudogene
RNU6-304P,Pseudogene,0,0.194999992847443,1.4283256452623412,Pseudogene
RNU6-306P,Pseudogene,0.67,0.28099998831749,1.3958636987791062,Pseudogene
RNU6-307P,Pseudogene,0,-0.016499999910593,0.8847411640572264,Pseudogene
RNU6-308P,Pseudogene,0.26,-0.356000006198883,1.2335539663629311,Pseudogene
RNU6-309P,Pseudogene,0,0.356000006198883,1.1468866941482565,Pseudogene
RNU6-30P,Pseudogene,0.09,0.239999994635582,1.103706180429991,Pseudogene
RNU6-310P,Pseudogene,1.38,0.347000002861023,1.3634017522958712,Pseudogene
RNU6-311P,Pseudogene,0,0.305999994277954,1.191862642938384,Pseudogene
RNU6-312P,Pseudogene,11.55,0.0109999999403954,0.4220053042820553,Pseudogene
RNU6-313P,Pseudogene,0.34,0.194999992847443,0.7753188110951224,Pseudogene
RNU6-314P,Pseudogene,0.69,-0.309499993920326,1.3693323002110775,Pseudogene
RNU6-315P,Pseudogene,0,0.165999993681908,1.0712442339467558,Pseudogene
RNU6-316P,Pseudogene,1.18,-0.140000000596046,1.0712442339467558,Pseudogene
RNU6-317P,Pseudogene,0,0.118000000715256,1.168630073396461,Pseudogene
RNU6-318P,Pseudogene,0,0.239999994635582,1.7198528345535296,Pseudogene
RNU6-319P,Pseudogene,0,0.214000001549721,2.026166492995253,Pseudogene
RNU6-31P,Pseudogene,0,0.152999997138977,0.9648411871405967,Pseudogene
RNU6-320P,Pseudogene,0,0.30799999833107,1.081350311625499,Pseudogene
RNU6-321P,Pseudogene,0.24,0.44200000166893,1.3107276504551504,Pseudogene
RNU6-322P,Pseudogene,2.07,0.214000001549721,1.450071997760819,Pseudogene
RNU6-323P,Pseudogene,0.36,0.263999998569489,1.330939805812636,Pseudogene
RNU6-324P,Pseudogene,0,-0.159999996423721,1.1796548854096351,Pseudogene
RNU6-325P,Pseudogene,0,0.30799999833107,1.455531848029243,Pseudogene
RNU6-326P,Pseudogene,0,0.197999998927116,1.5906353776785165,Pseudogene
RNU6-327P,Pseudogene,0.85,0.0099999997764825,1.3674914463410033,Pseudogene
RNU6-328P,Pseudogene,0,-0.225499995052814,2.424846153342028,Pseudogene
RNU6-329P,Pseudogene,0,0.30799999833107,1.136168126913226,Pseudogene
RNU6-32P,Pseudogene,0.04,0.342000007629395,1.0712442339467558,Pseudogene
RNU6-330P,Pseudogene,0,0.202000007033348,1.0712442339467558,Pseudogene
RNU6-331P,Pseudogene,0.22,0.30799999833107,1.006320340980286,Pseudogene
RNU6-332P,Pseudogene,0,0.359999999403954,1.0291639329499698,Pseudogene
RNU6-333P,Pseudogene,0,0.0769999995827675,1.5257114847120463,Pseudogene
RNU6-334P,Pseudogene,0,-0.013499999884516,1.0215965510900435,Pseudogene
RNU6-335P,Pseudogene,0.33,-0.241999998688698,1.3217470422067643,Pseudogene
RNU6-336P,Pseudogene,0,0.232999995350838,1.201092019879696,Pseudogene
RNU6-337P,Pseudogene,0,-0.059000002220273,1.3107276504551504,Pseudogene
RNU6-338P,Pseudogene,0.29,0.118000000715256,0.8931672703815808,Pseudogene
RNU6-339P,Pseudogene,0,-0.180999994277954,1.2335539663629311,Pseudogene
RNU6-33P,Pseudogene,4.36,0.114000000059605,1.4607875917455764,Pseudogene
RNU6-340P,Pseudogene,0,-0.193000003695488,1.266015912846166,Pseudogene
RNU6-341P,Pseudogene,0.33,0.167000003159046,1.3748986916753505,Pseudogene
RNU6-342P,Pseudogene,0.27,0.30799999833107,0.6345686269270847,Pseudogene
RNU6-343P,Pseudogene,3.69,-0.0880000032484531,1.2357389050685337,Pseudogene
RNU6-344P,Pseudogene,0,0.305999994277954,1.3142701576185425,Pseudogene
RNU6-345P,Pseudogene,0,-0.0839999988675117,0.9413964480138156,Pseudogene
RNU6-346P,Pseudogene,3.65,0.193000003695488,0.938764398298959,Pseudogene
RNU6-347P,Pseudogene,0,-0.172000005841255,1.0254883474751486,Pseudogene
RNU6-348P,Pseudogene,0,-0.239999994635582,1.3634017522958712,Pseudogene
RNU6-349P,Pseudogene,0,0.214000001549721,1.4932495382288111,Pseudogene
RNU6-34P,Pseudogene,0,-0.152999997138977,2.012640681960572,Pseudogene
RNU6-351P,Pseudogene,0,0.30799999833107,1.5977770059048282,Pseudogene
RNU6-352P,Pseudogene,0,-0.185000002384186,0.8764725550473457,Pseudogene
RNU6-353P,Pseudogene,0,0.296000003814697,1.6402300181390144,Pseudogene
RNU6-354P,Pseudogene,0.74,-0.226999998092651,1.266015912846166,Pseudogene
RNU6-355P,Pseudogene,0.03,0.248500004410744,1.1689422074972615,Pseudogene
RNU6-356P,Pseudogene,0,0.211999997496605,1.3958636987791062,Pseudogene
RNU6-358P,Pseudogene,1.17,0.239999994635582,1.0188722936204702,Pseudogene
RNU6-359P,Pseudogene,0,0.17399999499321,1.2221321703780892,Pseudogene
RNU6-35P,Pseudogene,0,0.164000004529953,0.9413964480138156,Pseudogene
RNU6-360P,Pseudogene,0,0.0549999997019768,0.7681620220696289,Pseudogene
RNU6-361P,Pseudogene,0,0.279000014066696,1.006320340980286,Pseudogene
RNU6-362P,Pseudogene,0,-0.0684999991208315,1.3893713094824591,Pseudogene
RNU6-363P,Pseudogene,0,0.136999994516373,0.8270067318347971,Pseudogene
RNU6-364P,Pseudogene,0,0.30799999833107,1.4283256452623412,Pseudogene
RNU6-365P,Pseudogene,0,-0.0425000004470348,1.6711777543303166,Pseudogene
RNU6-366P,Pseudogene,0,0.30799999833107,0.7864365902730902,Pseudogene
RNU6-367P,Pseudogene,0,0.305000007152557,1.3893713094824591,Pseudogene
RNU6-368P,Pseudogene,0,0.407000005245209,0.3895433577988203,Pseudogene
RNU6-369P,Pseudogene,0,-0.122499998658895,1.770767355222742,Pseudogene
RNU6-36P,Pseudogene,0.03,0.0850000008940697,2.142488467893512,Pseudogene
RNU6-370P,Pseudogene,0,0.282999992370605,1.2357389050685337,Pseudogene
RNU6-371P,Pseudogene,0,-0.171499997377396,1.1899707974734026,Pseudogene
RNU6-373P,Pseudogene,0,0.30799999833107,1.098737515151945,Pseudogene
RNU6-374P,Pseudogene,0,0.282000005245209,1.801036882662447,Pseudogene
RNU6-375P,Pseudogene,0,-0.0370000004768372,1.4935741576936437,Pseudogene
RNU6-376P,Pseudogene,0,0.238000005483627,0.9830457378413626,Pseudogene
RNU6-377P,Pseudogene,1.56,0.0105000003241002,0.885383677611371,Pseudogene
RNU6-378P,Pseudogene,0,0.30799999833107,1.266015912846166,Pseudogene
RNU6-379P,Pseudogene,5.7,0.194999992847443,1.0353488123547172,Pseudogene
RNU6-37P,Pseudogene,1.93,-0.234999999403954,1.6880212171282214,Pseudogene
RNU6-380P,Pseudogene,0,-0.116999998688698,1.5257114847120463,Pseudogene
RNU6-381P,Pseudogene,0,-0.140000000596046,1.5437458994249549,Pseudogene
RNU6-382P,Pseudogene,0,0.282999992370605,1.04858212036412,Pseudogene
RNU6-383P,Pseudogene,0,0.30799999833107,0.6651245630501135,Pseudogene
RNU6-384P,Pseudogene,0.69,0.327500000596046,1.2023405562828977,Pseudogene
RNU6-386P,Pseudogene,0,-0.0759999975562096,0.6492389296647005,Pseudogene
RNU6-387P,Pseudogene,0.73,0.214000001549721,0.7608461932880134,Pseudogene
RNU6-388P,Pseudogene,1.7,-0.282000005245209,0.860087001108189,Pseudogene
RNU6-389P,Pseudogene,0.31,-0.172000005841255,1.0254883474751486,Pseudogene
RNU6-38P,Pseudogene,0,0.214000001549721,1.2335539663629311,Pseudogene
RNU6-390P,Pseudogene,0,0.279000014066696,1.0116781379726645,Pseudogene
RNU6-391P,Pseudogene,0,0.287000000476837,0.7681620220696289,Pseudogene
RNU6-392P,Pseudogene,0,-0.238000005483627,1.272444021060668,Pseudogene
RNU6-393P,Pseudogene,0,0.20100000500679,0.9413964480138156,Pseudogene
RNU6-394P,Pseudogene,0,0.0149999996647239,1.103706180429991,Pseudogene
RNU6-395P,Pseudogene,0.32,0.296999990940094,0.8192047815344689,Pseudogene
RNU6-396P,Pseudogene,8.18,0.261999994516373,1.2570502323888917,Pseudogene
RNU6-397P,Pseudogene,0,0.253000006079674,2.003900927138162,Pseudogene
RNU6-398P,Pseudogene,0,-0.180000007152557,1.3065188919445143,Pseudogene
RNU6-399P,Pseudogene,0,-0.14750000089407,1.2405100977521957,Pseudogene
RNU6-39P,Pseudogene,0,NA,1.266015912846166,Pseudogene
RNU6-3P,Pseudogene,1.75,0.172999992966652,1.168630073396461,Pseudogene
RNU6-400P,Pseudogene,0,0.319000005722046,1.4090322242392863,Pseudogene
RNU6-401P,Pseudogene,0,-0.0245000002905726,1.230172513604261,Pseudogene
RNU6-402P,Pseudogene,0,-0.150000005960464,1.2140137655671974,Pseudogene
RNU6-403P,Pseudogene,0,-0.0600000005215406,0.801560370855265,Pseudogene
RNU6-405P,Pseudogene,0,0.347000002861023,1.23148820613218,Pseudogene
RNU6-406P,Pseudogene,0,0.293000012636185,1.5581734311952813,Pseudogene
RNU6-407P,Pseudogene,0.38,0.114000000059605,1.2357389050685337,Pseudogene
RNU6-408P,Pseudogene,0,0.152999997138977,1.3893713094824591,Pseudogene
RNU6-409P,Pseudogene,0.25,0.20100000500679,1.1689422074972615,Pseudogene
RNU6-40P,Pseudogene,0,0.118000000715256,1.330939805812636,Pseudogene
RNU6-410P,Pseudogene,0,-0.0740000009536743,1.266015912846166,Pseudogene
RNU6-411P,Pseudogene,0.09,0.30799999833107,1.3958636987791062,Pseudogene
RNU6-412P,Pseudogene,0,0.30799999833107,1.2124230766710138,Pseudogene
RNU6-413P,Pseudogene,0,0.090999998152256,1.168630073396461,Pseudogene
RNU6-414P,Pseudogene,0,0.123000003397465,0.7013653244983569,Pseudogene
RNU6-415P,Pseudogene,0.99,0.277999997138977,1.4681500950716708,Pseudogene
RNU6-416P,Pseudogene,0,0.202999994158745,0.9779555333735755,Pseudogene
RNU6-417P,Pseudogene,0,0.177000001072884,1.9477167889941016,Pseudogene
RNU6-418P,Pseudogene,5.48,-0.0700000002980232,0.9738583944970508,Pseudogene
RNU6-419P,Pseudogene,0,0.347000002861023,1.433478335180315,Pseudogene
RNU6-41P,Pseudogene,0,0.0549999997019768,1.2335539663629311,Pseudogene
RNU6-420P,Pseudogene,0,0.361000001430511,1.298477859329401,Pseudogene
RNU6-421P,Pseudogene,0.08,0.003000000026077,1.201092019879696,Pseudogene
RNU6-422P,Pseudogene,0,-0.138999998569489,0.9738583944970508,Pseudogene
RNU6-424P,Pseudogene,0,0.130999997258186,0.5623645776476621,Pseudogene
RNU6-425P,Pseudogene,0,-0.046000000089407,0.7491708041326987,Pseudogene
RNU6-426P,Pseudogene,0,0.115000002086163,1.217490322742361,Pseudogene
RNU6-428P,Pseudogene,0,0.30799999833107,1.0387822874635209,Pseudogene
RNU6-429P,Pseudogene,0,-0.222000002861023,1.3829390349015218,Pseudogene
RNU6-42P,Pseudogene,0.05,0.592000007629395,1.5581734311952813,Pseudogene
RNU6-430P,Pseudogene,0.47,-0.143999993801117,1.6880212171282214,Pseudogene
RNU6-431P,Pseudogene,0,0.30799999833107,1.3958636987791062,Pseudogene
RNU6-432P,Pseudogene,0,-0.230000004172325,1.115321005318488,Pseudogene
RNU6-433P,Pseudogene,0,-0.188500002026558,0.801560370855265,Pseudogene
RNU6-434P,Pseudogene,0.06,0.20100000500679,0.7466247691144057,Pseudogene
RNU6-435P,Pseudogene,0,0.0189999993890524,1.157809424568716,Pseudogene
RNU6-436P,Pseudogene,0,0.325499996542931,0.5484360432167602,Pseudogene
RNU6-437P,Pseudogene,0.28,0.305000007152557,1.9743697555803368,Pseudogene
RNU6-438P,Pseudogene,0,-0.068000003695488,0.910510324175398,Pseudogene
RNU6-439P,Pseudogene,0,0.214000001549721,1.6384095630689377,Pseudogene
RNU6-43P,Pseudogene,0.56,-0.41100001335144,1.330939805812636,Pseudogene
RNU6-440P,Pseudogene,0,-0.123000003397465,0.5954448469210539,Pseudogene
RNU6-441P,Pseudogene,0,-0.110500004142523,1.4418004155006654,Pseudogene
RNU6-442P,Pseudogene,0,0.304499998688698,1.3025356026398056,Pseudogene
RNU6-444P,Pseudogene,2.87,0.33899998664856,1.157809424568716,Pseudogene
RNU6-445P,Pseudogene,0,0.305000007152557,1.136168126913226,Pseudogene
RNU6-446P,Pseudogene,1.46,0.381999999284744,1.0158139291027417,Pseudogene
RNU6-447P,Pseudogene,0.07,0.25,0.9685521147834452,Pseudogene
RNU6-448P,Pseudogene,0.26,-0.046000000089407,1.2335539663629311,Pseudogene
RNU6-449P,Pseudogene,0,-0.108999997377396,1.330939805812636,Pseudogene
RNU6-44P,Pseudogene,0,0.29899999499321,1.266015912846166,Pseudogene
RNU6-450P,Pseudogene,0,0.238000005483627,1.3634017522958712,Pseudogene
RNU6-451P,Pseudogene,0,-0.0860000029206276,0.9413964480138156,Pseudogene
RNU6-452P,Pseudogene,0,0.211999997496605,1.266015912846166,Pseudogene
RNU6-453P,Pseudogene,0,-0.108999997377396,0.9807326890464418,Pseudogene
RNU6-454P,Pseudogene,0,-0.207000002264977,1.103706180429991,Pseudogene
RNU6-455P,Pseudogene,0.21,0.263999998569489,1.006320340980286,Pseudogene
RNU6-456P,Pseudogene,0,0.185000002384186,0.9413964480138156,Pseudogene
RNU6-457P,Pseudogene,0,0.305000007152557,2.304798200309687,Pseudogene
RNU6-458P,Pseudogene,0,-0.284000009298325,2.142488467893512,Pseudogene
RNU6-45P,Pseudogene,0.35,0.232999995350838,1.3634017522958712,Pseudogene
RNU6-460P,Pseudogene,0.72,0.194999992847443,1.1256480516640297,Pseudogene
RNU6-461P,Pseudogene,0.67,-0.256000012159348,1.0387822874635209,Pseudogene
RNU6-462P,Pseudogene,0,0.30799999833107,1.3893713094824591,Pseudogene
RNU6-463P,Pseudogene,0,0.0089999996125698,1.006320340980286,Pseudogene
RNU6-464P,Pseudogene,0,-0.163500003516674,1.001950463569081,Pseudogene
RNU6-465P,Pseudogene,0,0.277999997138977,0.0687807578951712,Pseudogene
RNU6-466P,Pseudogene,0.09,0.30799999833107,1.1802911609681086,Pseudogene
RNU6-467P,Pseudogene,5.72,0.338500007987022,1.4841011714926269,Pseudogene
RNU6-468P,Pseudogene,0,0.211999997496605,1.115321005318488,Pseudogene
RNU6-469P,Pseudogene,0,-0.223000004887581,0.8597594736896406,Pseudogene
RNU6-46P,Pseudogene,1.09,0.137999996542931,1.330939805812636,Pseudogene
RNU6-470P,Pseudogene,0,0.211999997496605,1.001950463569081,Pseudogene
RNU6-471P,Pseudogene,0,0.284000009298325,1.2779594591937713,Pseudogene
RNU6-472P,Pseudogene,0,0.284000009298325,1.4932495382288111,Pseudogene
RNU6-473P,Pseudogene,0,-0.167999997735023,0.4220053042820553,Pseudogene
RNU6-474P,Pseudogene,0,0.30799999833107,0.8115486620808757,Pseudogene
RNU6-475P,Pseudogene,0,-0.163000002503395,1.3025356026398056,Pseudogene
RNU6-476P,Pseudogene,1.84,0.30799999833107,1.2335539663629311,Pseudogene
RNU6-477P,Pseudogene,0,0.214000001549721,1.4607875917455764,Pseudogene
RNU6-478P,Pseudogene,0,0.214000001549721,1.2946414474722916,Pseudogene
RNU6-479P,Pseudogene,1.37,0.0610000006854534,0.7608461932880134,Pseudogene
RNU6-47P,Pseudogene,0.66,0.0769999995827675,1.6880212171282214,Pseudogene
RNU6-480P,Pseudogene,0,-0.104999996721745,1.201092019879696,Pseudogene
RNU6-481P,Pseudogene,0.71,-0.184000000357628,0.7790867155976406,Pseudogene
RNU6-482P,Pseudogene,0,-0.0149999996647239,1.5906353776785165,Pseudogene
RNU6-483P,Pseudogene,0.42,0.284000009298325,0.7718729497124773,Pseudogene
RNU6-484P,Pseudogene,0.67,0.0850000008940697,1.5906353776785165,Pseudogene
RNU6-485P,Pseudogene,10.96,-0.0900000035762787,1.0387822874635209,Pseudogene
RNU6-486P,Pseudogene,0,0.0270000007003546,1.103706180429991,Pseudogene
RNU6-487P,Pseudogene,0,0.282000005245209,0.9351537659978092,Pseudogene
RNU6-488P,Pseudogene,0,-0.142000004649162,1.0876391564130363,Pseudogene
RNU6-489P,Pseudogene,0.09,0.144999995827675,1.0387822874635209,Pseudogene
RNU6-48P,Pseudogene,0.91,0.211999997496605,1.006320340980286,Pseudogene
RNU6-490P,Pseudogene,0.3,0.003000000026077,1.3958636987791062,Pseudogene
RNU6-491P,Pseudogene,0,-0.0665000006556511,1.1367583441220122,Pseudogene
RNU6-492P,Pseudogene,0,0.421000003814697,1.2023405562828977,Pseudogene
RNU6-493P,Pseudogene,0,0.217999994754791,1.318616289092149,Pseudogene
RNU6-494P,Pseudogene,0,-0.134499996900558,1.0806221295974685,Pseudogene
RNU6-495P,Pseudogene,0.71,0.303999990224838,1.6880212171282214,Pseudogene
RNU6-496P,Pseudogene,0,0.305000007152557,0.8420432178681572,Pseudogene
RNU6-497P,Pseudogene,0,0.375999987125397,1.0353488123547172,Pseudogene
RNU6-498P,Pseudogene,0,0.298000007867813,0.5518530902149955,Pseudogene
RNU6-499P,Pseudogene,0,-0.149000003933907,1.5906353776785165,Pseudogene
RNU6-49P,Pseudogene,2.66,0.146999999880791,1.298477859329401,Pseudogene
RNU6-4P,Pseudogene,0,0.360000014305115,1.330939805812636,Pseudogene
RNU6-500P,Pseudogene,0,-0.0209999997168779,1.266015912846166,Pseudogene
RNU6-501P,Pseudogene,0,0.239999994635582,0.5557485237929837,Pseudogene
RNU6-502P,Pseudogene,0,0.214000001549721,0.9648411871405967,Pseudogene
RNU6-503P,Pseudogene,0,0.171000003814697,0.6946856547412297,Pseudogene
RNU6-504P,Pseudogene,0,0.197999998927116,0.7681620220696289,Pseudogene
RNU6-505P,Pseudogene,0,0.214000001549721,0.8764725550473457,Pseudogene
RNU6-506P,Pseudogene,0,0.301999986171722,0.775978656891799,Pseudogene
RNU6-507P,Pseudogene,0,0.0360000003129244,1.2851684612712748,Pseudogene
RNU6-508P,Pseudogene,0,-0.214000001549721,1.315181579364464,Pseudogene
RNU6-509P,Pseudogene,0.99,0.347000002861023,1.2335539663629311,Pseudogene
RNU6-50P,Pseudogene,0.75,0.20100000500679,0.9779555333735755,Pseudogene
RNU6-510P,Pseudogene,1.07,0.0175000000745058,1.736714136853074,Pseudogene
RNU6-511P,Pseudogene,0,-0.241999998688698,1.168630073396461,Pseudogene
RNU6-512P,Pseudogene,0,0.204999998211861,0.910510324175398,Pseudogene
RNU6-513P,Pseudogene,2.93,0.28600001335144,1.9371042295668903,Pseudogene
RNU6-514P,Pseudogene,0,0.252000004053116,1.4283256452623412,Pseudogene
RNU6-516P,Pseudogene,4.16,0.28999999165535,1.4027306489967135,Pseudogene
RNU6-517P,Pseudogene,0,-0.0925000011920929,0.8525687580915091,Pseudogene
RNU6-518P,Pseudogene,0,0.284000009298325,1.157809424568716,Pseudogene
RNU6-519P,Pseudogene,0,0.214000001549721,1.1899707974734026,Pseudogene
RNU6-520P,Pseudogene,0,-0.25900000333786,0.6345686269270847,Pseudogene
RNU6-521P,Pseudogene,0,0.296000003814697,0.2646421541871351,Pseudogene
RNU6-522P,Pseudogene,0,-0.0579999983310699,1.3634017522958712,Pseudogene
RNU6-523P,Pseudogene,0,0.165999993681908,1.286454916187462,Pseudogene
RNU6-524P,Pseudogene,0,0.284000009298325,1.2335539663629311,Pseudogene
RNU6-525P,Pseudogene,0,0.30799999833107,1.1689422074972615,Pseudogene
RNU6-526P,Pseudogene,0,-0.229000002145767,1.6384095630689377,Pseudogene
RNU6-527P,Pseudogene,0.27,0.347000002861023,1.0353488123547172,Pseudogene
RNU6-528P,Pseudogene,0,0.30799999833107,1.1809656130600903,Pseudogene
RNU6-529P,Pseudogene,0,0.144999995827675,1.0353488123547172,Pseudogene
RNU6-52P,Pseudogene,0,0.185000002384186,1.2663540581220332,Pseudogene
RNU6-530P,Pseudogene,3.27,0.0419999994337559,1.0387822874635209,Pseudogene
RNU6-531P,Pseudogene,1.89,0.305000007152557,1.3693323002110775,Pseudogene
RNU6-532P,Pseudogene,0,0.30799999833107,1.136168126913226,Pseudogene
RNU6-533P,Pseudogene,0,0.305000007152557,1.6230973241617517,Pseudogene
RNU6-534P,Pseudogene,0.37,0.0564999990165234,0.7864365902730902,Pseudogene
RNU6-535P,Pseudogene,0,-0.172000005841255,1.266015912846166,Pseudogene
RNU6-536P,Pseudogene,0,0.301999986171722,1.298477859329401,Pseudogene
RNU6-537P,Pseudogene,0,0.263999998569489,0.9442329287744868,Pseudogene
RNU6-538P,Pseudogene,0,-0.116999998688698,0.7790867155976406,Pseudogene
RNU6-539P,Pseudogene,0,0.30799999833107,1.5175172069589966,Pseudogene
RNU6-53P,Pseudogene,0.37,-0.025000000372529,1.2451912679323929,Pseudogene
RNU6-540P,Pseudogene,2.77,-0.0439999997615814,1.272444021060668,Pseudogene
RNU6-541P,Pseudogene,0.35,0.30799999833107,1.1367583441220122,Pseudogene
RNU6-542P,Pseudogene,0,0.347000002861023,0.8430651149772205,Pseudogene
RNU6-543P,Pseudogene,0,0.28600001335144,1.3829390349015218,Pseudogene
RNU6-544P,Pseudogene,0,-0.19200000166893,1.330939805812636,Pseudogene
RNU6-545P,Pseudogene,0,0.152999997138977,1.5697223929248938,Pseudogene
RNU6-546P,Pseudogene,0,0.214000001549721,0.5193911437317604,Pseudogene
RNU6-547P,Pseudogene,0,0.293999999761581,0.9194368959810392,Pseudogene
RNU6-548P,Pseudogene,2.65,-0.186000004410744,0.9363154476947008,Pseudogene
RNU6-549P,Pseudogene,5.87,0.305000007152557,1.4607875917455764,Pseudogene
RNU6-54P,Pseudogene,0,0.164000004529953,1.298477859329401,Pseudogene
RNU6-550P,Pseudogene,0.23,-0.0410000011324883,0.7909787157944694,Pseudogene
RNU6-551P,Pseudogene,0,0.30799999833107,0.9442329287744868,Pseudogene
RNU6-552P,Pseudogene,0,0.214000001549721,1.0215965510900435,Pseudogene
RNU6-553P,Pseudogene,0.71,0.078999999910593,1.3748986916753505,Pseudogene
RNU6-554P,Pseudogene,0,-0.261000007390976,1.376264032977908,Pseudogene
RNU6-555P,Pseudogene,0,-0.0654999986290932,0.9830457378413626,Pseudogene
RNU6-556P,Pseudogene,0,0.30799999833107,1.356291040209067,Pseudogene
RNU6-557P,Pseudogene,0,0.261999994516373,1.0104518614417886,Pseudogene
RNU6-558P,Pseudogene,0,0.30799999833107,1.4027306489967135,Pseudogene
RNU6-559P,Pseudogene,0,0.301999986171722,1.1341806608020075,Pseudogene
RNU6-55P,Pseudogene,0,-0.116500001400709,0.8115486620808757,Pseudogene
RNU6-560P,Pseudogene,0,-0.136000007390976,1.4794231536155815,Pseudogene
RNU6-561P,Pseudogene,0,0.390000000596046,0.9194368959810392,Pseudogene
RNU6-562P,Pseudogene,0,0.120999999344349,0.9413964480138156,Pseudogene
RNU6-563P,Pseudogene,0,-0.028999999165535,0.9326798142359102,Pseudogene
RNU6-564P,Pseudogene,1.23,0.0604999996721745,1.2691372538541694,Pseudogene
RNU6-565P,Pseudogene,0,-0.150999993085861,1.3893713094824591,Pseudogene
RNU6-566P,Pseudogene,0,-0.096000000834465,1.5581734311952813,Pseudogene
RNU6-567P,Pseudogene,0,0.30799999833107,1.330939805812636,Pseudogene
RNU6-56P,Pseudogene,0,0.312000006437302,1.6433424090652744,Pseudogene
RNU6-570P,Pseudogene,0,-0.188999995589256,0.860087001108189,Pseudogene
RNU6-571P,Pseudogene,0,0.30799999833107,1.201092019879696,Pseudogene
RNU6-572P,Pseudogene,0,-0.0750000029802322,0.9986106286905176,Pseudogene
RNU6-573P,Pseudogene,0,0.30799999833107,1.736714136853074,Pseudogene
RNU6-574P,Pseudogene,0.55,-0.135000005364418,1.330939805812636,Pseudogene
RNU6-575P,Pseudogene,0,-0.0850000008940697,0.8270067318347971,Pseudogene
RNU6-576P,Pseudogene,0,0.30799999833107,1.6005012633744016,Pseudogene
RNU6-577P,Pseudogene,1.62,0.30799999833107,1.4177258260025094,Pseudogene
RNU6-578P,Pseudogene,0,0.204999998211861,1.3826267885626415,Pseudogene
RNU6-579P,Pseudogene,0,-0.0685000009834766,0.7151175857630304,Pseudogene
RNU6-57P,Pseudogene,0,-0.330000013113022,1.2140137655671974,Pseudogene
RNU6-580P,Pseudogene,0,0.30799999833107,0.9738583944970508,Pseudogene
RNU6-581P,Pseudogene,0,-0.0890000015497208,1.356291040209067,Pseudogene
RNU6-582P,Pseudogene,0,-0.247999995946884,1.3634017522958712,Pseudogene
RNU6-583P,Pseudogene,2.75,-0.235999993979931,1.3591675853632754,Pseudogene
RNU6-584P,Pseudogene,1.13,0.347000002861023,1.060309683552403,Pseudogene
RNU6-586P,Pseudogene,0,0.0314999995753169,1.4027306489967135,Pseudogene
RNU6-587P,Pseudogene,0,-0.176500000059605,0.9175093553186052,Pseudogene
RNU6-588P,Pseudogene,0,0.453999996185303,1.3893713094824591,Pseudogene
RNU6-589P,Pseudogene,1.33,0.293000012636185,0.7790867155976406,Pseudogene
RNU6-58P,Pseudogene,0,0.0329999998211861,1.5175172069589966,Pseudogene
RNU6-590P,Pseudogene,0,0.0939999967813492,1.4607875917455764,Pseudogene
RNU6-591P,Pseudogene,0,0.197999998927116,1.081350311625499,Pseudogene
RNU6-592P,Pseudogene,0,-0.230000004172325,1.112845951769931,Pseudogene
RNU6-593P,Pseudogene,0.85,-0.214000001549721,1.5196248697464398,Pseudogene
RNU6-595P,Pseudogene,0.56,0.293000012636185,1.298477859329401,Pseudogene
RNU6-596P,Pseudogene,0,-0.252999991178513,1.0278512238518194,Pseudogene
RNU6-597P,Pseudogene,0,0.30799999833107,1.3280755164170566,Pseudogene
RNU6-598P,Pseudogene,0,0.30799999833107,1.3232107709356753,Pseudogene
RNU6-599P,Pseudogene,0,-0.20100000500679,1.7854070565779263,Pseudogene
RNU6-59P,Pseudogene,0.73,0.303000003099442,1.266015912846166,Pseudogene
RNU6-5P,Pseudogene,1.75,0.0759999975562096,1.136168126913226,Pseudogene
RNU6-600P,Pseudogene,0,0.187999993562698,0.9823837541795166,Pseudogene
RNU6-601P,Pseudogene,0,-0.118000000715256,0.6492389296647005,Pseudogene
RNU6-602P,Pseudogene,0.09,0.006000000052154,1.190889693842108,Pseudogene
RNU6-603P,Pseudogene,0.26,0.294999986886978,1.006320340980286,Pseudogene
RNU6-604P,Pseudogene,0,0.30799999833107,1.2851684612712748,Pseudogene
RNU6-605P,Pseudogene,0,0.305000007152557,1.2221321703780892,Pseudogene
RNU6-606P,Pseudogene,0.66,0.104999996721745,1.06393298473882,Pseudogene
RNU6-607P,Pseudogene,0,-0.0315000005066395,0.868357068426537,Pseudogene
RNU6-608P,Pseudogene,0,0.284000009298325,1.60312074171053,Pseudogene
RNU6-609P,Pseudogene,0,0.289000004529953,0.6817008761479356,Pseudogene
RNU6-60P,Pseudogene,12.28,0.305000007152557,1.2140137655671974,Pseudogene
RNU6-610P,Pseudogene,0.68,-0.160999998450279,1.2335539663629311,Pseudogene
RNU6-611P,Pseudogene,5.55,0.136999994516373,1.1021455099259891,Pseudogene
RNU6-612P,Pseudogene,0,0.194999992847443,0.9534901143507074,Pseudogene
RNU6-613P,Pseudogene,0,0.214000001549721,0.9005184413312235,Pseudogene
RNU6-614P,Pseudogene,0,-0.287000000476837,1.8178690030611613,Pseudogene
RNU6-615P,Pseudogene,0,0.30799999833107,1.1468866941482565,Pseudogene
RNU6-616P,Pseudogene,0,0.284000009298325,0.8115486620808757,Pseudogene
RNU6-617P,Pseudogene,0,-0.180999994277954,0.9089345015305808,Pseudogene
RNU6-618P,Pseudogene,0.34,0.347000002861023,1.147471840420781,Pseudogene
RNU6-619P,Pseudogene,3.06,0.0425000004470348,0.6110660851890446,Pseudogene
RNU6-61P,Pseudogene,0,0.194000005722046,1.2746525775068434,Pseudogene
RNU6-620P,Pseudogene,0,0.298000007867813,1.1216278800509438,Pseudogene
RNU6-621P,Pseudogene,1.3,0.214000001549721,1.2109199486315012,Pseudogene
RNU6-622P,Pseudogene,0,0.30799999833107,1.281458974765375,Pseudogene
RNU6-623P,Pseudogene,0.97,0.305000007152557,1.1247291552953242,Pseudogene
RNU6-624P,Pseudogene,0,0.282999992370605,0.7466247691144057,Pseudogene
RNU6-625P,Pseudogene,0,-0.11599999666214,1.298477859329401,Pseudogene
RNU6-626P,Pseudogene,0,-0.0729999989271164,0.9738583944970508,Pseudogene
RNU6-627P,Pseudogene,0,0.30799999833107,0.8172772408720348,Pseudogene
RNU6-628P,Pseudogene,0.26,-0.101000003516674,1.266015912846166,Pseudogene
RNU6-629P,Pseudogene,0,0.30799999833107,0.6744520919817764,Pseudogene
RNU6-62P,Pseudogene,0.56,-0.119000002741814,1.2259158613080523,Pseudogene
RNU6-630P,Pseudogene,0,0.0084999999962747,0.7864365902730902,Pseudogene
RNU6-631P,Pseudogene,0,-0.175999999046326,0.2921575183491152,Pseudogene
RNU6-632P,Pseudogene,0,-0.08249999769032,1.0311740187565128,Pseudogene
RNU6-633P,Pseudogene,0,0.277999997138977,1.315181579364464,Pseudogene
RNU6-634P,Pseudogene,0,-0.239500001072884,0.9175093553186052,Pseudogene
RNU6-635P,Pseudogene,0,0.144000001251698,1.2599690796777203,Pseudogene
RNU6-636P,Pseudogene,0,0.145999997854233,1.330939805812636,Pseudogene
RNU6-637P,Pseudogene,0.21,0.146999999880791,1.0712442339467558,Pseudogene
RNU6-638P,Pseudogene,5.51,0.458999991416931,1.1689422074972615,Pseudogene
RNU6-639P,Pseudogene,0,0.30799999833107,1.103706180429991,Pseudogene
RNU6-63P,Pseudogene,0,0.263999998569489,0.9871848777901684,Pseudogene
RNU6-640P,Pseudogene,0,0.0719999969005585,0.9593278089283648,Pseudogene
RNU6-641P,Pseudogene,0,0.138999998569489,0.6492389296647005,Pseudogene
RNU6-642P,Pseudogene,0,NA,0.834958719640901,Pseudogene
RNU6-643P,Pseudogene,0,0.194999992847443,1.266015912846166,Pseudogene
RNU6-644P,Pseudogene,0,-0.035500000230968,1.736714136853074,Pseudogene
RNU6-645P,Pseudogene,0,-0.280499994754791,1.2779594591937713,Pseudogene
RNU6-646P,Pseudogene,0.37,-0.262000009417534,1.507336798023423,Pseudogene
RNU6-647P,Pseudogene,0.26,-0.27700001001358,1.2335539663629311,Pseudogene
RNU6-648P,Pseudogene,0,0.30799999833107,0.9413964480138156,Pseudogene
RNU6-649P,Pseudogene,0,0.30799999833107,1.201092019879696,Pseudogene
RNU6-64P,Pseudogene,0,0.0140000004321337,0.9593278089283648,Pseudogene
RNU6-650P,Pseudogene,0,0.28600001335144,1.2829780110085771,Pseudogene
RNU6-651P,Pseudogene,0,0.104000002145767,0.6285251161944458,Pseudogene
RNU6-652P,Pseudogene,2.9,-0.142000004649162,0.9738583944970508,Pseudogene
RNU6-653P,Pseudogene,0.24,0.0804999992251396,1.343495841716529,Pseudogene
RNU6-654P,Pseudogene,0,0.28999999165535,1.2335539663629311,Pseudogene
RNU6-655P,Pseudogene,0,0.30799999833107,1.5257114847120463,Pseudogene
RNU6-656P,Pseudogene,0,-0.123999997973442,1.6230973241617517,Pseudogene
RNU6-657P,Pseudogene,0,0.30799999833107,0.8440106085641107,Pseudogene
RNU6-658P,Pseudogene,7.01,0.0559999998658895,1.081350311625499,Pseudogene
RNU6-659P,Pseudogene,0,0.26800000667572,1.0687471611403534,Pseudogene
RNU6-65P,Pseudogene,0,-0.224500000476837,1.4886121173026348,Pseudogene
RNU6-660P,Pseudogene,0,0.266999989748001,1.147187319756159,Pseudogene
RNU6-661P,Pseudogene,0,0.101999998092651,1.5906353776785165,Pseudogene
RNU6-662P,Pseudogene,0,0.211999997496605,1.0687471611403534,Pseudogene
RNU6-663P,Pseudogene,0,0.293000012636185,0.8192047815344689,Pseudogene
RNU6-664P,Pseudogene,0,0.303000003099442,0.7141628226311706,Pseudogene
RNU6-665P,Pseudogene,0,0.44200000166893,1.2335539663629311,Pseudogene
RNU6-666P,Pseudogene,0,0.326999992132187,1.4607875917455764,Pseudogene
RNU6-667P,Pseudogene,0,-0.221000000834465,1.4302351715260608,Pseudogene
RNU6-668P,Pseudogene,0,-0.170000001788139,1.266015912846166,Pseudogene
RNU6-669P,Pseudogene,0,0.156000003218651,1.298477859329401,Pseudogene
RNU6-66P,Pseudogene,0,-0.175999999046326,1.0687471611403534,Pseudogene
RNU6-670P,Pseudogene,0,0.30799999833107,0.5677719293558127,Pseudogene
RNU6-672P,Pseudogene,0,-0.0700000002980232,1.298477859329401,Pseudogene
RNU6-673P,Pseudogene,0,0.284000009298325,1.3359339514254416,Pseudogene
RNU6-674P,Pseudogene,0.36,0.0405000001192093,0.5193911437317604,Pseudogene
RNU6-675P,Pseudogene,0,0.0919999983161688,0.834958719640901,Pseudogene
RNU6-677P,Pseudogene,0,0.0070000002160668,1.1348825052703255,Pseudogene
RNU6-678P,Pseudogene,1.15,0.30799999833107,0.9559894331301324,Pseudogene
RNU6-679P,Pseudogene,0,0.214000001549721,1.2451912679323929,Pseudogene
RNU6-67P,Pseudogene,0.1,0.214000001549721,1.145873244933987,Pseudogene
RNU6-680P,Pseudogene,0,-0.125,1.2570502323888917,Pseudogene
RNU6-681P,Pseudogene,1.39,0.0010000001639127,1.703315788067438,Pseudogene
RNU6-682P,Pseudogene,0,0.287000000476837,1.4090322242392863,Pseudogene
RNU6-684P,Pseudogene,0,0.214000001549721,1.2451912679323929,Pseudogene
RNU6-685P,Pseudogene,0,0.103000000119209,0.7312480576223469,Pseudogene
RNU6-686P,Pseudogene,0,0.214000001549721,1.0387822874635209,Pseudogene
RNU6-687P,Pseudogene,0,0.31700000166893,1.209845803201018,Pseudogene
RNU6-689P,Pseudogene,1.45,0.305000007152557,1.2335539663629311,Pseudogene
RNU6-68P,Pseudogene,0,0.268999993801117,1.1689422074972615,Pseudogene
RNU6-690P,Pseudogene,0,0.282999992370605,0.9830457378413626,Pseudogene
RNU6-692P,Pseudogene,0,-0.18299999833107,0.9738583944970508,Pseudogene
RNU6-693P,Pseudogene,0.67,0.801999986171722,0.6817008761479356,Pseudogene
RNU6-694P,Pseudogene,0.43,0.214000001549721,1.5358696448360518,Pseudogene
RNU6-695P,Pseudogene,0,0.305000007152557,1.3359339514254416,Pseudogene
RNU6-696P,Pseudogene,0,-0.13400000333786,1.266015912846166,Pseudogene
RNU6-697P,Pseudogene,0,-0.230000004172325,1.298477859329401,Pseudogene
RNU6-698P,Pseudogene,0,0.203999996185303,1.5581734311952813,Pseudogene
RNU6-699P,Pseudogene,0,0.221000000834465,1.2630648268022358,Pseudogene
RNU6-69P,Pseudogene,0,-0.180000007152557,1.135543858711625,Pseudogene
RNU6-6P,Pseudogene,0.78,NA,1.5581734311952813,Pseudogene
RNU6-7,Functional,0.47,2.88700008392334,2.8241893440414474,Functional
RNU6-700P,Pseudogene,0,-0.259999990463257,1.3958636987791062,Pseudogene
RNU6-701P,Pseudogene,0,0.296999990940094,1.103706180429991,Pseudogene
RNU6-702P,Pseudogene,0,-0.36599999666214,1.103706180429991,Pseudogene
RNU6-703P,Pseudogene,0.21,0.284000009298325,1.7529451100946911,Pseudogene
RNU6-704P,Pseudogene,0,0.30799999833107,0.4383938597881546,Pseudogene
RNU6-705P,Pseudogene,0,0.28099998831749,1.135543858711625,Pseudogene
RNU6-706P,Pseudogene,0,0.0499999988824129,1.3359339514254416,Pseudogene
RNU6-707P,Pseudogene,0.09,0.416999995708466,1.060309683552403,Pseudogene
RNU6-708P,Pseudogene,0,-0.243000000715256,1.298477859329401,Pseudogene
RNU6-709P,Pseudogene,0,-0.0305000012740493,1.2691372538541694,Pseudogene
RNU6-70P,Pseudogene,0,0.211999997496605,1.3314808382540235,Pseudogene
RNU6-710P,Pseudogene,0,0.214000001549721,0.9924080782017566,Pseudogene
RNU6-711P,Pseudogene,0,0.30799999833107,0.9175093553186052,Pseudogene
RNU6-712P,Pseudogene,0,0.287000000476837,1.4935741576936437,Pseudogene
RNU6-713P,Pseudogene,0,0.214000001549721,1.4607875917455764,Pseudogene
RNU6-714P,Pseudogene,0.22,0.261000007390976,0.8767877195763092,Pseudogene
RNU6-715P,Pseudogene,0,0.263999998569489,0.8430651149772205,Pseudogene
RNU6-716P,Pseudogene,0,0.277999997138977,0.9779555333735755,Pseudogene
RNU6-717P,Pseudogene,0,0.266000002622604,1.3693323002110775,Pseudogene
RNU6-718P,Pseudogene,0,-0.0370000004768372,1.3232107709356753,Pseudogene
RNU6-719P,Pseudogene,0,0.291500002145767,0.9351537659978092,Pseudogene
RNU6-71P,Pseudogene,0,0.282999992370605,1.006320340980286,Pseudogene
RNU6-720P,Pseudogene,0,0.30799999833107,1.157809424568716,Pseudogene
RNU6-721P,Pseudogene,0,-0.296000003814697,1.8524950793099453,Pseudogene
RNU6-722P,Pseudogene,1.26,-0.0130000002682209,0.9017554172121732,Pseudogene
RNU6-723P,Pseudogene,0,0.268999993801117,0.9738583944970508,Pseudogene
RNU6-724P,Pseudogene,0,-0.0920000001788139,1.190889693842108,Pseudogene
RNU6-725P,Pseudogene,0,0.0769999995827675,0.7151175857630304,Pseudogene
RNU6-726P,Pseudogene,0.73,0.30799999833107,0.5843150366982305,Pseudogene
RNU6-727P,Pseudogene,0,0.30799999833107,0.8115486620808757,Pseudogene
RNU6-728P,Pseudogene,0,-0.167999997735023,1.2023405562828977,Pseudogene
RNU6-729P,Pseudogene,0,-0.273000001907349,1.7204831636114566,Pseudogene
RNU6-72P,Pseudogene,0,-0.0869999974966049,1.3629908415808936,Pseudogene
RNU6-730P,Pseudogene,0,-0.0580000001937151,1.2691372538541694,Pseudogene
RNU6-731P,Pseudogene,0.63,0.217999994754791,1.4081465974484384,Pseudogene
RNU6-732P,Pseudogene,0,0.30799999833107,1.5849624161571745,Pseudogene
RNU6-733P,Pseudogene,0,0.0579999973997474,1.3693323002110775,Pseudogene
RNU6-735P,Pseudogene,0,0.238000005483627,1.136168126913226,Pseudogene
RNU6-737P,Pseudogene,0,0.300000011920929,1.2335539663629311,Pseudogene
RNU6-738P,Pseudogene,0,0.30799999833107,1.1468866941482565,Pseudogene
RNU6-739P,Pseudogene,0.3,-0.101999998092651,1.1465685563690198,Pseudogene
RNU6-73P,Pseudogene,0,-0.0829999968409538,1.2335539663629311,Pseudogene
RNU6-740P,Pseudogene,0,-0.0640000030398369,1.2901305016622835,Pseudogene
RNU6-741P,Pseudogene,0,0.273999989032745,1.103706180429991,Pseudogene
RNU6-742P,Pseudogene,0.47,0.30799999833107,0.9089345015305808,Pseudogene
RNU6-743P,Pseudogene,0.67,0.239999994635582,1.343495841716529,Pseudogene
RNU6-744P,Pseudogene,0,0.30799999833107,0.8764725550473457,Pseudogene
RNU6-745P,Pseudogene,0,0.0019999999203719,1.3107276504551504,Pseudogene
RNU6-746P,Pseudogene,0,-0.158999994397163,1.115321005318488,Pseudogene
RNU6-747P,Pseudogene,0.03,0.261999994516373,0.5677719293558127,Pseudogene
RNU6-748P,Pseudogene,1.18,0.0769999995827675,1.5257114847120463,Pseudogene
RNU6-749P,Pseudogene,0,-0.196999996900558,0.1623097324161751,Pseudogene
RNU6-74P,Pseudogene,0,-0.109999999403954,0.9738583944970508,Pseudogene
RNU6-750P,Pseudogene,4.4,0.256999999284744,0.7466247691144057,Pseudogene
RNU6-751P,Pseudogene,0,0.764999985694885,1.3412247789558394,Pseudogene
RNU6-752P,Pseudogene,0,-0.136500000953674,1.2940222980473886,Pseudogene
RNU6-753P,Pseudogene,0,0.451999992132187,1.3634017522958712,Pseudogene
RNU6-754P,Pseudogene,0,0.0439999997615814,1.0387822874635209,Pseudogene
RNU6-755P,Pseudogene,0,-0.163000002503395,0.7756199057790428,Pseudogene
RNU6-756P,Pseudogene,0,0.301999986171722,1.266015912846166,Pseudogene
RNU6-757P,Pseudogene,1.65,0.0405000001192093,1.5630427231677666,Pseudogene
RNU6-758P,Pseudogene,0.63,0.30799999833107,2.224555186530904,Pseudogene
RNU6-759P,Pseudogene,0.77,0.294999986886978,1.7872980437517072,Pseudogene
RNU6-75P,Pseudogene,0,0.0515000000596046,1.3693323002110775,Pseudogene
RNU6-760P,Pseudogene,0,0.211999997496605,1.2532988616465484,Pseudogene
RNU6-761P,Pseudogene,3.84,0.214000001549721,1.4932495382288111,Pseudogene
RNU6-762P,Pseudogene,1.95,0.0149999996647239,0.9534901143507074,Pseudogene
RNU6-763P,Pseudogene,0,0.30799999833107,0.9175093553186052,Pseudogene
RNU6-764P,Pseudogene,0,0.308999985456467,1.0585686167485404,Pseudogene
RNU6-765P,Pseudogene,0,0.0179999992251396,1.473575631269275,Pseudogene
RNU6-766P,Pseudogene,0.67,0.30799999833107,0.7141628226311706,Pseudogene
RNU6-767P,Pseudogene,0.71,-0.0729999989271164,1.3958636987791062,Pseudogene
RNU6-768P,Pseudogene,0,0.30799999833107,1.006320340980286,Pseudogene
RNU6-769P,Pseudogene,0.22,0.282999992370605,1.1689422074972615,Pseudogene
RNU6-76P,Pseudogene,0,0.245000004768372,1.2691372538541694,Pseudogene
RNU6-770P,Pseudogene,0,0.228000000119209,0.9924080782017566,Pseudogene
RNU6-771P,Pseudogene,0,0.146999999880791,1.5581734311952813,Pseudogene
RNU6-772P,Pseudogene,0,-0.250999987125397,1.157809424568716,Pseudogene
RNU6-774P,Pseudogene,0,0.017000000923872,1.266015912846166,Pseudogene
RNU6-775P,Pseudogene,0,-0.0670000016689301,0.6874493458376751,Pseudogene
RNU6-776P,Pseudogene,0,0.28600001335144,1.3693323002110775,Pseudogene
RNU6-777P,Pseudogene,0,0.305000007152557,1.3025356026398056,Pseudogene
RNU6-778P,Pseudogene,0,0.284000009298325,0.7418973011799539,Pseudogene
RNU6-77P,Pseudogene,0,-0.0529999993741512,0.9924080782017566,Pseudogene
RNU6-780P,Pseudogene,0.27,-0.399000003933907,1.2023405562828977,Pseudogene
RNU6-781P,Pseudogene,0,NA,2.923182210544778,Pseudogene
RNU6-782P,Pseudogene,0.32,0.214000001549721,1.0687471611403534,Pseudogene
RNU6-783P,Pseudogene,0,0.282999992370605,1.0585686167485404,Pseudogene
RNU6-784P,Pseudogene,0.31,0.30799999833107,0.6553638252275752,Pseudogene
RNU6-785P,Pseudogene,1.45,0.254999995231628,0.033398348785636,Pseudogene
RNU6-786P,Pseudogene,0.31,-0.223000004887581,1.19640307205434,Pseudogene
RNU6-787P,Pseudogene,0,0.204999998211861,1.136168126913226,Pseudogene
RNU6-788P,Pseudogene,0,-0.210500001907349,1.0687471611403534,Pseudogene
RNU6-789P,Pseudogene,0,-0.166999995708466,1.9750866654407508,Pseudogene
RNU6-78P,Pseudogene,0,0.294999986886978,1.3634017522958712,Pseudogene
RNU6-790P,Pseudogene,0,0.28099998831749,0.9924080782017566,Pseudogene
RNU6-791P,Pseudogene,0.04,0.287000000476837,0.7681620220696289,Pseudogene
RNU6-792P,Pseudogene,0.24,-0.061999998986721,0.6817008761479356,Pseudogene
RNU6-793P,Pseudogene,0,0.327500000596046,1.4695273465679857,Pseudogene
RNU6-794P,Pseudogene,0.65,0.226999998092651,1.248263285863147,Pseudogene
RNU6-795P,Pseudogene,0.38,0.239999994635582,1.2477363701662862,Pseudogene
RNU6-796P,Pseudogene,0,0.317999988794327,1.0712442339467558,Pseudogene
RNU6-797P,Pseudogene,0,-0.125,1.2427862630691724,Pseudogene
RNU6-798P,Pseudogene,0,-0.0480000004172325,0.910510324175398,Pseudogene
RNU6-799P,Pseudogene,0,-0.237000003457069,0.7790867155976406,Pseudogene
RNU6-79P,Pseudogene,0,0.218999996781349,1.298477859329401,Pseudogene
RNU6-8,Functional,1.75,1.48800003528595,3.8954335779882032,Functional
RNU6-800P,Pseudogene,0,0.347000002861023,1.0116781379726645,Pseudogene
RNU6-801P,Pseudogene,0,-0.127000004053116,0.8931672703815808,Pseudogene
RNU6-803P,Pseudogene,0,0.194000005722046,1.2599690796777203,Pseudogene
RNU6-804P,Pseudogene,0,0.284000009298325,1.2335539663629311,Pseudogene
RNU6-805P,Pseudogene,0.37,0.214000001549721,1.1141185028868776,Pseudogene
RNU6-806P,Pseudogene,0,0.30799999833107,1.157809424568716,Pseudogene
RNU6-807P,Pseudogene,4.27,0.30799999833107,1.3958636987791062,Pseudogene
RNU6-808P,Pseudogene,3.73,0.30799999833107,1.0291639329499698,Pseudogene
RNU6-809P,Pseudogene,0,-0.137999996542931,1.0712442339467558,Pseudogene
RNU6-80P,Pseudogene,0,0.146999999880791,1.330939805812636,Pseudogene
RNU6-810P,Pseudogene,0,0.277999997138977,1.0712442339467558,Pseudogene
RNU6-811P,Pseudogene,0,-0.156000003218651,1.006320340980286,Pseudogene
RNU6-812P,Pseudogene,0,-0.229000002145767,0.9089345015305808,Pseudogene
RNU6-813P,Pseudogene,0,-0.138999998569489,1.4283256452623412,Pseudogene
RNU6-815P,Pseudogene,0,0.214000001549721,1.2602704355924963,Pseudogene
RNU6-816P,Pseudogene,0,-0.203999996185303,0.3570814113155853,Pseudogene
RNU6-817P,Pseudogene,0.69,-0.261000007390976,0.6345686269270847,Pseudogene
RNU6-818P,Pseudogene,0.08,0.284000009298325,1.286454916187462,Pseudogene
RNU6-819P,Pseudogene,0,-0.151999995112419,1.4932495382288111,Pseudogene
RNU6-81P,Pseudogene,0,0.26800000667572,1.1689422074972615,Pseudogene
RNU6-820P,Pseudogene,0,0.291999995708466,1.4607875917455764,Pseudogene
RNU6-821P,Pseudogene,0,-0.0555000007152557,0.8440106085641107,Pseudogene
RNU6-822P,Pseudogene,0.48,0.30799999833107,1.7039459455916952,Pseudogene
RNU6-823P,Pseudogene,0,0.0610000006854534,0.7756199057790428,Pseudogene
RNU6-824P,Pseudogene,0.22,-0.0989999994635582,1.4027306489967135,Pseudogene
RNU6-826P,Pseudogene,0.74,0.30799999833107,1.502925695353622,Pseudogene
RNU6-827P,Pseudogene,0,0.217999994754791,1.04858212036412,Pseudogene
RNU6-828P,Pseudogene,3.33,0.30799999833107,1.2335539663629311,Pseudogene
RNU6-829P,Pseudogene,0,0.214000001549721,1.364561107527415,Pseudogene
RNU6-82P,Pseudogene,17.18,-0.168999999761581,1.201092019879696,Pseudogene
RNU6-830P,Pseudogene,0,0.29899999499321,1.9152548425108664,Pseudogene
RNU6-831P,Pseudogene,0,0.30799999833107,1.201092019879696,Pseudogene
RNU6-832P,Pseudogene,0,0.30799999833107,1.0712442339467558,Pseudogene
RNU6-833P,Pseudogene,0.91,0.160999998450279,1.201092019879696,Pseudogene
RNU6-834P,Pseudogene,0,0.214000001549721,0.9472986201016766,Pseudogene
RNU6-835P,Pseudogene,0,-0.123999997973442,1.0353488123547172,Pseudogene
RNU6-836P,Pseudogene,0,0.0520000010728836,0.9089345015305808,Pseudogene
RNU6-837P,Pseudogene,0.08,0.130499996244907,1.2542935432827758,Pseudogene
RNU6-838P,Pseudogene,0.3,0.306500002741814,1.0613253058546563,Pseudogene
RNU6-839P,Pseudogene,0,-0.0245000002905726,1.4151004078062084,Pseudogene
RNU6-83P,Pseudogene,0,-0.0279999999329448,0.9613953257579516,Pseudogene
RNU6-840P,Pseudogene,0,-0.177000001072884,0.7481230127982473,Pseudogene
RNU6-841P,Pseudogene,0,0.17399999499321,1.0712442339467558,Pseudogene
RNU6-842P,Pseudogene,0,0.146999999880791,1.9477167889941016,Pseudogene
RNU6-843P,Pseudogene,0,0.306500002741814,1.3025356026398056,Pseudogene
RNU6-844P,Pseudogene,0,-0.167499996721745,1.0897029878293798,Pseudogene
RNU6-845P,Pseudogene,0,0.006000000052154,0.7756199057790428,Pseudogene
RNU6-847P,Pseudogene,0,0.218999996781349,1.801036882662447,Pseudogene
RNU6-848P,Pseudogene,0,-0.25,1.0712442339467558,Pseudogene
RNU6-849P,Pseudogene,0,0.30799999833107,1.190889693842108,Pseudogene
RNU6-84P,Pseudogene,0,0.263999998569489,1.123756206199048,Pseudogene
RNU6-850P,Pseudogene,7.05,0.193000003695488,1.0116781379726645,Pseudogene
RNU6-851P,Pseudogene,0.36,0.294999986886978,1.4607875917455764,Pseudogene
RNU6-853P,Pseudogene,12.28,0.30799999833107,0.8764725550473457,Pseudogene
RNU6-854P,Pseudogene,0,-0.160999998450279,1.006320340980286,Pseudogene
RNU6-855P,Pseudogene,0,-0.10050000064075,1.1021455099259891,Pseudogene
RNU6-856P,Pseudogene,0.51,-0.0510000009089708,0.5316471847509411,Pseudogene
RNU6-857P,Pseudogene,0,0.284999996423721,1.2630648268022358,Pseudogene
RNU6-858P,Pseudogene,0.3,0.0719999969005585,1.4607875917455764,Pseudogene
RNU6-859P,Pseudogene,2.66,-0.579999983310699,1.0387822874635209,Pseudogene
RNU6-85P,Pseudogene,0,0.30799999833107,1.006320340980286,Pseudogene
RNU6-860P,Pseudogene,0,0.254999995231628,1.2357389050685337,Pseudogene
RNU6-861P,Pseudogene,0,-0.0095000001601874,1.2124230766710138,Pseudogene
RNU6-862P,Pseudogene,0.31,-0.216000005602837,1.4886121173026348,Pseudogene
RNU6-863P,Pseudogene,0,0.20100000500679,1.60312074171053,Pseudogene
RNU6-864P,Pseudogene,0,0.282999992370605,1.093486678759343,Pseudogene
RNU6-865P,Pseudogene,0,-0.254999995231628,0.8440106085641107,Pseudogene
RNU6-866P,Pseudogene,0,0.206000000238419,1.4520069013033898,Pseudogene
RNU6-867P,Pseudogene,0,0.158000007271767,1.136168126913226,Pseudogene
RNU6-869P,Pseudogene,0,0.305000007152557,1.4932495382288111,Pseudogene
RNU6-86P,Pseudogene,0,0.118000000715256,1.266015912846166,Pseudogene
RNU6-871P,Pseudogene,0,-5.000000819563e-4,1.146231330323029,Pseudogene
RNU6-873P,Pseudogene,0.67,0.284000009298325,1.3634017522958712,Pseudogene
RNU6-874P,Pseudogene,0,0.30799999833107,1.0916488860219322,Pseudogene
RNU6-875P,Pseudogene,0,0.293000012636185,1.1468866941482565,Pseudogene
RNU6-876P,Pseudogene,7.04,0.214000001549721,1.502925695353622,Pseudogene
RNU6-877P,Pseudogene,0.67,0.187000006437302,1.4283256452623412,Pseudogene
RNU6-878P,Pseudogene,0.29,0.293000012636185,1.105181723451956,Pseudogene
RNU6-879P,Pseudogene,0,0.232999995350838,1.1256480516640297,Pseudogene
RNU6-87P,Pseudogene,0,0.26800000667572,1.3507776619968357,Pseudogene
RNU6-880P,Pseudogene,0,0.146999999880791,1.201092019879696,Pseudogene
RNU6-881P,Pseudogene,2.85,-0.125500001013279,1.3280755164170566,Pseudogene
RNU6-882P,Pseudogene,1.92,0.30799999833107,0.6070068827835987,Pseudogene
RNU6-883P,Pseudogene,0.79,0.0219999998807907,0.6817008761479356,Pseudogene
RNU6-884P,Pseudogene,0.42,0.168999999761581,0.6492389296647005,Pseudogene
RNU6-885P,Pseudogene,0,-0.028999999165535,1.3359339514254416,Pseudogene
RNU6-886P,Pseudogene,0.31,0.197999998927116,1.2901305016622835,Pseudogene
RNU6-887P,Pseudogene,0,0.200000002980232,0.5557485237929837,Pseudogene
RNU6-888P,Pseudogene,0,0.214000001549721,1.3068344000082537,Pseudogene
RNU6-889P,Pseudogene,0,0.284000009298325,1.41634939316173,Pseudogene
RNU6-88P,Pseudogene,0.9,0.30799999833107,0.868357068426537,Pseudogene
RNU6-890P,Pseudogene,2,-0.103000000119209,1.201092019879696,Pseudogene
RNU6-891P,Pseudogene,0,0.284000009298325,1.0952251313487855,Pseudogene
RNU6-892P,Pseudogene,0.68,0.30799999833107,1.2630648268022358,Pseudogene
RNU6-893P,Pseudogene,0.4,0.202999994158745,1.3199027440083362,Pseudogene
RNU6-894P,Pseudogene,0,0.284999996423721,0.7608461932880134,Pseudogene
RNU6-895P,Pseudogene,0,0.307000011205673,1.1802911609681086,Pseudogene
RNU6-896P,Pseudogene,0,0.30799999833107,1.266015912846166,Pseudogene
RNU6-897P,Pseudogene,0,-0.162000000476837,1.356291040209067,Pseudogene
RNU6-898P,Pseudogene,0,0.194999992847443,0.9017554172121732,Pseudogene
RNU6-899P,Pseudogene,0,0.30799999833107,1.330939805812636,Pseudogene
RNU6-89P,Pseudogene,0.33,0.30799999833107,0.5210142410559222,Pseudogene
RNU6-9,Functional,0.98,2.90599989891052,4.9342158654517245,Functional
RNU6-900P,Pseudogene,0.28,0.146999999880791,1.2599690796777203,Pseudogene
RNU6-901P,Pseudogene,0,0.284000009298325,1.1468866941482565,Pseudogene
RNU6-902P,Pseudogene,0,0.0900000035762787,1.1069167026096516,Pseudogene
RNU6-903P,Pseudogene,0,-0.096000000834465,1.1790536341938302,Pseudogene
RNU6-904P,Pseudogene,0,-0.0670000016689301,1.1692728842179114,Pseudogene
RNU6-905P,Pseudogene,0,0.0299999993294477,1.3958636987791062,Pseudogene
RNU6-906P,Pseudogene,1.24,0.293000012636185,1.6870937329429865,Pseudogene
RNU6-907P,Pseudogene,0.26,0.30799999833107,1.0215965510900435,Pseudogene
RNU6-908P,Pseudogene,0,0.124499998986721,1.6997627722391788,Pseudogene
RNU6-909P,Pseudogene,0.67,-0.0590000003576279,1.136168126913226,Pseudogene
RNU6-90P,Pseudogene,4.58,-0.0525000002235174,1.376264032977908,Pseudogene
RNU6-910P,Pseudogene,0,-0.172000005841255,1.103706180429991,Pseudogene
RNU6-911P,Pseudogene,0,0.208000004291534,1.0687471611403534,Pseudogene
RNU6-912P,Pseudogene,0,0.284000009298325,1.77011248563871,Pseudogene
RNU6-913P,Pseudogene,0,0.270000010728836,1.279684100839107,Pseudogene
RNU6-914P,Pseudogene,5.81,-0.0230000000447035,0.9878557475678036,Pseudogene
RNU6-915P,Pseudogene,1,-0.243000000715256,1.0454007425717533,Pseudogene
RNU6-916P,Pseudogene,0,0.263999998569489,1.3383852063821855,Pseudogene
RNU6-917P,Pseudogene,0,0.256999999284744,1.4695273465679857,Pseudogene
RNU6-918P,Pseudogene,0,0.421999990940094,1.1796548854096351,Pseudogene
RNU6-919P,Pseudogene,0,0.226999998092651,1.60312074171053,Pseudogene
RNU6-91P,Pseudogene,0.09,0.30799999833107,1.0387822874635209,Pseudogene
RNU6-920P,Pseudogene,0.27,-0.185500003397465,0.9816210338734764,Pseudogene
RNU6-921P,Pseudogene,0.21,0.284000009298325,1.3634017522958712,Pseudogene
RNU6-922P,Pseudogene,0,-0.296000003814697,1.1928945586465558,Pseudogene
RNU6-923P,Pseudogene,0,-0.068000003695488,1.298477859329401,Pseudogene
RNU6-924P,Pseudogene,0.21,-0.121500000357628,1.1256480516640297,Pseudogene
RNU6-925P,Pseudogene,0.76,0.303000003099442,1.1689422074972615,Pseudogene
RNU6-926P,Pseudogene,0,0.27700001001358,1.298477859329401,Pseudogene
RNU6-927P,Pseudogene,0,0.204999998211861,1.1114970475859671,Pseudogene
RNU6-928P,Pseudogene,0.69,-0.250500001013279,1.135543858711625,Pseudogene
RNU6-929P,Pseudogene,0,0.305000007152557,1.0387822874635209,Pseudogene
RNU6-92P,Pseudogene,0,0.30799999833107,1.1021455099259891,Pseudogene
RNU6-930P,Pseudogene,3.21,-0.0325000006705523,0.8336227856894756,Pseudogene
RNU6-931P,Pseudogene,0.3,-0.314999997615814,1.266015912846166,Pseudogene
RNU6-932P,Pseudogene,0,0.209000006318092,0.7864365902730902,Pseudogene
RNU6-933P,Pseudogene,0.09,0.29899999499321,1.6555592706449864,Pseudogene
RNU6-934P,Pseudogene,0,0.186000004410744,0.8115486620808757,Pseudogene
RNU6-935P,Pseudogene,0,0.233500003814697,0.7988885029524141,Pseudogene
RNU6-936P,Pseudogene,0,0.0070000002160668,0.7790867155976406,Pseudogene
RNU6-937P,Pseudogene,0,0.019000000320375,0.950277546579984,Pseudogene
RNU6-938P,Pseudogene,0,0.282000005245209,1.079123347170842,Pseudogene
RNU6-939P,Pseudogene,0,-0.204999998211861,1.0712442339467558,Pseudogene
RNU6-940P,Pseudogene,0,-0.235999993979931,0.9685521147834452,Pseudogene
RNU6-941P,Pseudogene,0,-0.280499994754791,0.2572909832374924,Pseudogene
RNU6-942P,Pseudogene,0,-0.120999999344349,1.201092019879696,Pseudogene
RNU6-943P,Pseudogene,0.34,0.0405000001192093,1.0632943695018822,Pseudogene
RNU6-944P,Pseudogene,2.02,-0.108000002801418,0.9738583944970508,Pseudogene
RNU6-945P,Pseudogene,0.64,0.184000000357628,0.9089345015305808,Pseudogene
RNU6-946P,Pseudogene,0,0.282999992370605,1.330939805812636,Pseudogene
RNU6-947P,Pseudogene,0,-0.126999996602535,0.7536683990117115,Pseudogene
RNU6-948P,Pseudogene,0.24,-0.0379999987781048,0.9089345015305808,Pseudogene
RNU6-949P,Pseudogene,0,0.174999997019768,0.7141628226311706,Pseudogene
RNU6-94P,Pseudogene,4.06,-0.116999998688698,0.9738583944970508,Pseudogene
RNU6-950P,Pseudogene,0,0.159999996423721,1.4607875917455764,Pseudogene
RNU6-951P,Pseudogene,0,0.214000001549721,0.9413964480138156,Pseudogene
RNU6-952P,Pseudogene,0.26,-0.108000002801418,1.1256480516640297,Pseudogene
RNU6-953P,Pseudogene,0,0.277999997138977,0.9738583944970508,Pseudogene
RNU6-954P,Pseudogene,0.67,-0.0240000002086162,1.201092019879696,Pseudogene
RNU6-955P,Pseudogene,0,0.252000004053116,1.1021455099259891,Pseudogene
RNU6-956P,Pseudogene,0.7,0.0649999976158142,1.079123347170842,Pseudogene
RNU6-957P,Pseudogene,0,0.26800000667572,0.9823837541795166,Pseudogene
RNU6-958P,Pseudogene,0,0.248499989509583,1.1141185028868776,Pseudogene
RNU6-959P,Pseudogene,0,0.30799999833107,0.7466247691144057,Pseudogene
RNU6-95P,Pseudogene,0,0.194999992847443,1.3958636987791062,Pseudogene
RNU6-960P,Pseudogene,0,-0.0230000000447035,1.157809424568716,Pseudogene
RNU6-961P,Pseudogene,0,0.282999992370605,0.8931672703815808,Pseudogene
RNU6-964P,Pseudogene,0,0.284000009298325,1.0571303441714364,Pseudogene
RNU6-965P,Pseudogene,0,-0.0450000017881393,0.868357068426537,Pseudogene
RNU6-966P,Pseudogene,0,-0.132500000298023,1.3025356026398056,Pseudogene
RNU6-967P,Pseudogene,0,0.216500014066696,1.318616289092149,Pseudogene
RNU6-968P,Pseudogene,0,0.214000001549721,0.8440106085641107,Pseudogene
RNU6-969P,Pseudogene,1.37,0.284000009298325,1.720174002216378,Pseudogene
RNU6-970P,Pseudogene,0,-0.0379999987781048,0.7141628226311706,Pseudogene
RNU6-971P,Pseudogene,0,-0.0765000022947788,1.2451912679323929,Pseudogene
RNU6-972P,Pseudogene,0,-0.193000003695488,0.7790867155976406,Pseudogene
RNU6-973P,Pseudogene,0,-0.270000010728836,1.266015912846166,Pseudogene
RNU6-974P,Pseudogene,0,-0.0175000009476207,1.4151004078062084,Pseudogene
RNU6-975P,Pseudogene,0,0.29899999499321,1.1247291552953242,Pseudogene
RNU6-976P,Pseudogene,0,-0.226999998092651,1.8149445033779872,Pseudogene
RNU6-977P,Pseudogene,0,-0.0320000015199184,1.079123347170842,Pseudogene
RNU6-978P,Pseudogene,0,0.407999992370605,1.7198528345535296,Pseudogene
RNU6-979P,Pseudogene,7.87,-0.0759999975562096,0.8764725550473457,Pseudogene
RNU6-97P,Pseudogene,1.51,0.239999994635582,1.1021455099259891,Pseudogene
RNU6-980P,Pseudogene,0,0.298000007867813,1.3489041839635527,Pseudogene
RNU6-982P,Pseudogene,0,0.298000007867813,1.4983416082653973,Pseudogene
RNU6-983P,Pseudogene,0,0.214000001549721,1.0116781379726645,Pseudogene
RNU6-984P,Pseudogene,0,-0.188999995589256,1.115321005318488,Pseudogene
RNU6-985P,Pseudogene,0,0.203999996185303,1.001950463569081,Pseudogene
RNU6-986P,Pseudogene,0,-0.124499995261431,0.8172772408720348,Pseudogene
RNU6-987P,Pseudogene,0,0.0439999997615814,1.2357389050685337,Pseudogene
RNU6-988P,Pseudogene,0,0.284000009298325,1.103706180429991,Pseudogene
RNU6-989P,Pseudogene,0,0.204999998211861,0.8440106085641107,Pseudogene
RNU6-98P,Pseudogene,0,0.0570000000298023,1.006320340980286,Pseudogene
RNU6-990P,Pseudogene,0,-0.0780000016093254,1.703315788067438,Pseudogene
RNU6-991P,Pseudogene,0,0.421000003814697,1.136168126913226,Pseudogene
RNU6-992P,Pseudogene,0,0.30799999833107,1.2221321703780892,Pseudogene
RNU6-993P,Pseudogene,0,0.214000001549721,1.0968720864335204,Pseudogene
RNU6-994P,Pseudogene,0.63,-0.0949999988079071,1.3768544508384732,Pseudogene
RNU6-995P,Pseudogene,0,0.305999994277954,1.3634017522958712,Pseudogene
RNU6-996P,Pseudogene,0,0.28099998831749,1.201092019879696,Pseudogene
RNU6-997P,Pseudogene,0,-0.143999993801117,1.5581734311952813,Pseudogene
RNU6-998P,Pseudogene,1.45,-0.156000003218651,1.10049212632274,Pseudogene
RNU6-999P,Pseudogene,0,-0.319999992847443,0.8931672703815808,Pseudogene
RNU6-99P,Pseudogene,0,0.379000008106232,1.103706180429991,Pseudogene
RNU4ATAC,Functional,21.99,3.65599989891052,4.836080904160099,Functional
RNU4ATAC10P,Pseudogene,0,0.737000018358231,0.8256509830940844,Pseudogene
RNU4ATAC11P,Pseudogene,2.54,0.754999995231628,1.2956438798745156,Pseudogene
RNU4ATAC12P,Pseudogene,0.62,0.592999994754791,1.106578919056826,Pseudogene
RNU4ATAC13P,Pseudogene,0,0.865000009536743,1.1026756424463962,Pseudogene
RNU4ATAC14P,Pseudogene,0,0.003000000026077,1.1708185192267917,Pseudogene
RNU4ATAC15P,Pseudogene,0,1.42249995470047,1.0751087513852364,Pseudogene
RNU4ATAC16P,Pseudogene,2.33,0.663500010967255,1.3507776619968357,Pseudogene
RNU4ATAC17P,Pseudogene,3.52,0.0480000004172325,1.186754660182934,Pseudogene
RNU4ATAC18P,Pseudogene,2.21,0.784000009298325,1.4059114441191551,Pseudogene
RNU4ATAC2P,Pseudogene,0,0.75,0.9648411871405967,Pseudogene
RNU4ATAC3P,Pseudogene,0,0.306000009179115,1.2680769888133556,Pseudogene
RNU4ATAC4P,Pseudogene,0,0.838499993085861,0.6616053854678376,Pseudogene
RNU4ATAC5P,Pseudogene,0,1.06950002908707,1.1026756424463962,Pseudogene
RNU4ATAC6P,Pseudogene,0,0.344999998807907,1.3783445530579952,Pseudogene
RNU4ATAC7P,Pseudogene,0,0.157000005245209,1.1114970475859671,Pseudogene
RNU4ATAC8P,Pseudogene,0,-0.112000003457069,1.46585046413287,Pseudogene
RNU4ATAC9P,Pseudogene,0,0.825999975204468,1.3783445530579952,Pseudogene
RNU6ATAC,Functional,167.93,7.1085000038147,4.245301223418625,Functional
RNU6ATAC10P,Pseudogene,16.48,3.58699989318848,1.345562304228508,Pseudogene
RNU6ATAC11P,Pseudogene,0,4.96299982070923,1.3615838832928102,Pseudogene
RNU6ATAC12P,Pseudogene,1.72,-0.119999997317791,1.147741516528988,Pseudogene
RNU6ATAC13P,Pseudogene,0,0.0750000029802322,1.16664766445092,Pseudogene
RNU6ATAC14P,Pseudogene,0,-0.0359999984502792,0.91606899526316,Pseudogene
RNU6ATAC15P,Pseudogene,0,3.10999989509583,1.0334166764745565,Pseudogene
RNU6ATAC16P,Pseudogene,2.28,1.56450003385544,0.9312814936748368,Pseudogene
RNU6ATAC17P,Pseudogene,1.3,0.222000002861023,1.2719596495261951,Pseudogene
RNU6ATAC18P,Pseudogene,0.99,2.10999989509583,1.10049212632274,Pseudogene
RNU6ATAC19P,Pseudogene,0,0.405000001192093,0.8209921374214532,Pseudogene
RNU6ATAC20P,Pseudogene,0.41,3.83100008964539,1.0392934992191625,Pseudogene
RNU6ATAC21P,Pseudogene,0,3.2335000038147,0.909707405018277,Pseudogene
RNU6ATAC22P,Pseudogene,0,0.282999992370605,1.7172004948659607,Pseudogene
RNU6ATAC23P,Pseudogene,0,0.880999982357025,0.7906991192176597,Pseudogene
RNU6ATAC24P,Pseudogene,31.44,0.298000007867813,0.9005184413312235,Pseudogene
RNU6ATAC25P,Pseudogene,0,2.03200006484985,1.157809424568716,Pseudogene
RNU6ATAC26P,Pseudogene,0,5.06799983978271,0.8545736228959571,Pseudogene
RNU6ATAC27P,Pseudogene,1.24,4.58400011062622,0.700523349318887,Pseudogene
RNU6ATAC28P,Pseudogene,0,0.239999994635582,1.295176644432801,Pseudogene
RNU6ATAC29P,Pseudogene,0.54,3.97699999809265,1.1948593261549147,Pseudogene
RNU6ATAC2P,Pseudogene,1.25,4.34450006484985,1.3783445530579952,Pseudogene
RNU6ATAC30P,Pseudogene,0.2,3.994500041008,1.281182559973579,Pseudogene
RNU6ATAC31P,Pseudogene,0,3.08400011062622,0.9372742960794368,Pseudogene
RNU6ATAC32P,Pseudogene,0,0.27700001001358,1.005466079230727,Pseudogene
RNU6ATAC33P,Pseudogene,0,4.03550004959106,0.9372742960794368,Pseudogene
RNU6ATAC34P,Pseudogene,0,5.07399988174438,1.0908287140564763,Pseudogene
RNU6ATAC35P,Pseudogene,0.99,0.0720000006258488,0.8057727752066064,Pseudogene
RNU6ATAC36P,Pseudogene,0,0.282999992370605,1.2156998957971517,Pseudogene
RNU6ATAC37P,Pseudogene,0,3.84699988365173,1.2196771037441436,Pseudogene
RNU6ATAC38P,Pseudogene,0,4.13849997520447,1.0751087513852364,Pseudogene
RNU6ATAC39P,Pseudogene,1.55,0.212999999523163,1.165579957619513,Pseudogene
RNU6ATAC3P,Pseudogene,0,5.24600005149841,1.130242533507556,Pseudogene
RNU6ATAC40P,Pseudogene,0,0.330000013113022,1.5212094629369992,Pseudogene
RNU6ATAC41P,Pseudogene,0,3.64549994468689,1.0199749692629163,Pseudogene
RNU6ATAC42P,Pseudogene,0.44,-0.125,1.4990585181258114,Pseudogene
RNU6ATAC4P,Pseudogene,0.24,4.60549998283386,0.9372742960794368,Pseudogene
RNU6ATAC5P,Pseudogene,0,4.0475001335144,1.157809424568716,Pseudogene
RNU6ATAC6P,Pseudogene,1.06,3.93299996852875,1.2956438798745156,Pseudogene
RNU6ATAC7P,Pseudogene,0,3.92899990081787,1.285441959560543,Pseudogene
RNU6ATAC8P,Pseudogene,0,4.30100011825562,1.0199749692629163,Pseudogene
RNU6ATAC9P,Pseudogene,0.26,-0.0540000014007092,1.1378471931106346,Pseudogene
RNU11,Functional,15.59,5.12800002098083,4.013739338504882,Functional
RNU11-2P,Pseudogene,0.16,0.0500000007450581,1.1985773620535298,Pseudogene
RNU11-3P,Pseudogene,3.95,1.46899998188019,0.9924080782017566,Pseudogene
RNU11-4P,Pseudogene,0.89,0.885999977588654,0.9924080782017566,Pseudogene
RNU11-5P,Pseudogene,0,0.305000007152557,1.4001416297110054,Pseudogene
RNU11-6P,Pseudogene,1.99,1.43599998950958,1.1229880884914614,Pseudogene
RNU12,Functional,89.68,6.10249996185303,4.492300567326618,Functional
RNU12-2P,Pseudogene,1.99,3.99199998378754,0.9796848977119904,Pseudogene
VTRNA1-1,Functional,0,0.115000002086163,2.631385055837991,Functional
VTRNA1-2,Functional,0,0.405000001192093,3.161210001912337,Functional
VTRNA1-3,Functional,1.76,0.328999996185303,2.029418766659772,Functional
VTRNA2-1,Functional,1.45,-0.0165000003762543,1.9809395623480377,Functional
VTRNA2-2P,Pseudogene,0,0.300999999046326,1.5512398115580857,Pseudogene
VTRNA2-2P,Pseudogene,0,0.300999999046326,1.5512398115580857,Pseudogene
VTRNA2-2P,Pseudogene,0,0.300999999046326,1.5512398115580857,Pseudogene
VTRNA2-2P,Pseudogene,0,0.300999999046326,1.5512398115580857,Pseudogene
VTRNA3-1P,Pseudogene,0,0.167999997735023,0.7151175857630304,Pseudogene
VTRNA3-1P,Pseudogene,0,0.167999997735023,0.7151175857630304,Pseudogene
VTRNA3-1P,Pseudogene,0,0.167999997735023,0.7151175857630304,Pseudogene
VTRNA3-1P,Pseudogene,0,0.167999997735023,0.7151175857630304,Pseudogene
RNY1,Functional,461.11,2.04900002479553,3.87302621669889,Functional
RNY1P1,Pseudogene,0,-0.200000002980232,1.3955738599712202,Pseudogene
RNY1P10,Pseudogene,0,-0.193000003695488,1.4754385587424346,Pseudogene
RNY1P11,Pseudogene,2.4,-0.308999985456467,1.198793828978228,Pseudogene
RNY1P12,Pseudogene,3.48,0.30799999833107,1.5547726558494188,Pseudogene
RNY1P13,Pseudogene,2.18,0.30799999833107,0.7277659240146215,Pseudogene
RNY1P14,Pseudogene,7.13,0.30799999833107,0.9326798142359102,Pseudogene
RNY1P15,Pseudogene,0.28,-0.104000002145767,1.330939805812636,Pseudogene
RNY1P16,Pseudogene,6.87,-0.0879999995231628,1.126517277958751,Pseudogene
RNY1P2,Pseudogene,0,0.30799999833107,1.2171842668542912,Pseudogene
RNY1P3,Pseudogene,0,-0.166999995708466,1.0596899818086554,Pseudogene
RNY1P4,Pseudogene,0,0.305000007152557,1.4195750336016433,Pseudogene
RNY1P5,Pseudogene,0,-0.0419999994337559,1.3893713094824591,Pseudogene
RNY1P6,Pseudogene,0.15,-0.284000009298325,1.083454690880817,Pseudogene
RNY1P7,Pseudogene,0,0.219999998807907,1.0104518614417886,Pseudogene
RNY1P8,Pseudogene,0,0.294999986886978,1.0359347482983248,Pseudogene
RNY1P9,Pseudogene,3.42,0.300999999046326,1.4339841496951988,Pseudogene
RNY3,Functional,1.8,1.97699999809265,3.166949308379135,Functional
RNY3P1,Pseudogene,0,0.239999994635582,0.9875433327203754,Pseudogene
RNY3P10,Pseudogene,0,0.344999998807907,1.3280755164170566,Pseudogene
RNY3P11,Pseudogene,9.19,0.30799999833107,1.0215965510900435,Pseudogene
RNY3P12,Pseudogene,0,-0.197999998927116,1.123756206199048,Pseudogene
RNY3P13,Pseudogene,0,0.29899999499321,0.8513304592417029,Pseudogene
RNY3P14,Pseudogene,0,0.30799999833107,1.2599690796777203,Pseudogene
RNY3P15,Pseudogene,0,-0.150999993085861,1.0742561671256128,Pseudogene
RNY3P16,Pseudogene,0,0.261999994516373,0.5846364421089557,Pseudogene
RNY3P2,Pseudogene,13.19,-0.0879999995231628,0.9194368959810392,Pseudogene
RNY3P3,Pseudogene,0,-0.110500000417233,1.4983416082653973,Pseudogene
RNY3P4,Pseudogene,0,0.296999990940094,1.2380536421130823,Pseudogene
RNY3P5,Pseudogene,0,0.300000011920929,1.157809424568716,Pseudogene
RNY3P6,Pseudogene,0,0.114000000059605,1.29140281971126,Pseudogene
RNY3P7,Pseudogene,0,-0.13400000333786,1.0317113684275687,Pseudogene
RNY3P8,Pseudogene,5.12,0.230000004172325,1.2680769888133556,Pseudogene
RNY3P9,Pseudogene,0,-0.0689999982714653,1.1468866941482565,Pseudogene
RNY4,Functional,0,2.55200004577637,2.7136158388329283,Functional
RNY4P1,Pseudogene,0,0.30799999833107,0.8868327507334846,Pseudogene
RNY4P10,Pseudogene,0,0.0115000000223517,1.157809424568716,Pseudogene
RNY4P11,Pseudogene,0,0.207000002264977,1.2932977614863317,Pseudogene
RNY4P13,Pseudogene,0,-0.12050000205636,1.3025356026398056,Pseudogene
RNY4P14,Pseudogene,0,0.305000007152557,1.1939909690864885,Pseudogene
RNY4P15,Pseudogene,0,0.305000007152557,0.859019895647757,Pseudogene
RNY4P16,Pseudogene,0,0.306500002741814,0.5912218338223231,Pseudogene
RNY4P17,Pseudogene,0.86,0.0690000001341105,1.157809424568716,Pseudogene
RNY4P18,Pseudogene,0,0.231000006198883,1.2879003711494708,Pseudogene
RNY4P19,Pseudogene,0,0.12049999833107,0.8321755239087647,Pseudogene
RNY4P2,Pseudogene,0,0.30799999833107,1.5312963357199147,Pseudogene
RNY4P20,Pseudogene,0,0.30799999833107,1.2698554979140757,Pseudogene
RNY4P21,Pseudogene,0,0.22749999910593,1.1419490214924322,Pseudogene
RNY4P22,Pseudogene,0,0.194999992847443,1.5686450268350345,Pseudogene
RNY4P23,Pseudogene,0,0.24600000679493,0.7877878558921161,Pseudogene
RNY4P24,Pseudogene,0.25,0.111999999731779,1.0854463355331714,Pseudogene
RNY4P25,Pseudogene,0.61,0.30799999833107,0.8321755239087647,Pseudogene
RNY4P26,Pseudogene,0,0.30799999833107,1.0262401717768166,Pseudogene
RNY4P27,Pseudogene,0,0.284000009298325,1.049264791015399,Pseudogene
RNY4P28,Pseudogene,0,-0.208000004291534,1.120460733453596,Pseudogene
RNY4P29,Pseudogene,0,0.118000000715256,1.2891074005507357,Pseudogene
RNY4P3,Pseudogene,0.44,0.30799999833107,1.4624961152446938,Pseudogene
RNY4P30,Pseudogene,0,0.19200000166893,1.0968720864335204,Pseudogene
RNY4P31,Pseudogene,0,0.214000001549721,1.499889481827655,Pseudogene
RNY4P34,Pseudogene,0,-0.0790000036358833,1.1334344893146375,Pseudogene
RNY4P36,Pseudogene,0,0.30799999833107,1.049264791015399,Pseudogene
RNY4P37,Pseudogene,0,0.214000001549721,1.230172513604261,Pseudogene
RNY4P4,Pseudogene,0,0.301999986171722,1.4837946023599078,Pseudogene
RNY4P5,Pseudogene,0,0.0769999995827675,0.8774976691468164,Pseudogene
RNY4P6,Pseudogene,0.43,0.214000001549721,1.230172513604261,Pseudogene
RNY4P7,Pseudogene,0,-0.415500000119209,0.9045386129443096,Pseudogene
RNY4P8,Pseudogene,0,-0.078999999910593,1.169996892195755,Pseudogene
RNY4P9,Pseudogene,0,0.211999997496605,0.8952134726046772,Pseudogene
RNY5,Functional,0,1.20200002193451,3.4320779371144083,Functional
RNY5P1,Pseudogene,0,0.245999999344349,1.5902442698895618,Pseudogene
RNY5P10,Pseudogene,0,0.30799999833107,1.032640838128855,Pseudogene
RNY5P2,Pseudogene,0,0.211999997496605,1.0999189533402802,Pseudogene
RNY5P3,Pseudogene,0,-0.227500006556511,1.0188722936204702,Pseudogene
RNY5P4,Pseudogene,0,-0.277500003576279,1.6295095605041188,Pseudogene
RNY5P5,Pseudogene,0,-0.0219999998807907,0.8448879584690631,Pseudogene
RNY5P6,Pseudogene,0,0.305000007152557,1.1882780936363138,Pseudogene
RNY5P7,Pseudogene,0,0.27700001001358,1.2041218015514648,Pseudogene
RNY5P8,Pseudogene,0,-0.174999997019768,1.4302351715260608,Pseudogene
RNY5P9,Pseudogene,0,0.239999994635582,1.114927594029134,Pseudogene
MT-TA,Functional,848.15,1.93099999427795,0,Functional
MT-TC,Functional,850.15,1.03649997711182,0,Functional
MT-TD,Functional,16.51,1.89650005102158,0,Functional
MT-TE,Functional,134.35,1.73800003528595,0,Functional
MT-TF,Functional,0,1.69700002670288,0,Functional
MT-TG,Functional,306.57,0.828999996185303,0,Functional
MT-TH,Functional,1153.94,1.03799998760223,0,Functional
MT-TI,Functional,415.64,3.79900002479553,0,Functional
MT-TK,Functional,31.43,1.44749999046326,0,Functional
MT-TL1,Functional,0,3.49600005149841,0,Functional
MT-TL2,Functional,112.81,4.61299991607666,0,Functional
MT-TM,Functional,34.77,5.76999998092651,0,Functional
MT-TN,Functional,656.69,1.98199999332428,0,Functional
MT-TP,Functional,300.57,0.754499971866608,0,Functional
MT-TQ,Functional,363.47,2.08150005340576,0,Functional
MT-TR,Functional,400.09,2.04900002479553,0,Functional
MT-TS1,Functional,2004.02,3.55900001525879,0,Functional
MT-TS2,Functional,99.13,1.0900000333786,0,Functional
MT-TT,Functional,229.69,1.18999999761581,0,Functional
MT-TV,Functional,31.01,1.23300004005432,0,Functional
MT-TW,Functional,136.41,2.15200006961823,0,Functional
MT-TY,Functional,1314.03,2.32850003242493,0,Functional
NMTRL-TAA2-1,Functional,0,2.89299988746643,0.648373277758481,Functional
NMTRL-TAA3-1,Functional,0,3.1029999256134,1.1114970475859671,Functional
NMTRL-TAA5-1,Functional,0,2.89400005340576,1.5283084404307052,Functional
NMTRL-TAA6-1,Functional,0,2.19700002670288,1.3430589324997106,Functional
NMTRP-TGG1-1,Functional,0,2.08550000190735,1.0130832464976265,Functional
NMTRQ-CTG1-1,Functional,0,1.18099999427795,2.454555980085678,Functional
NMTRQ-TTG1-1,Functional,0,2.32799994945526,0.3859364748562386,Functional
NMTRQ-TTG10-1,Functional,0,0.994500011205673,0.6271467716413879,Functional
NMTRQ-TTG11-1,Functional,0,1.67550003528595,1.157809424568716,Functional
NMTRQ-TTG12-1,Functional,0,2.12349998950958,1.9779244336382231,Functional
NMTRQ-TTG13-1,Functional,0,2.80650007724762,1.2542935432827758,Functional
NMTRQ-TTG15-1,Functional,0,1.81049996614456,1.8331982555671336,Functional
NMTRQ-TTG2-1,Functional,0,2.15450000762939,1.0613253058546563,Functional
NMTRQ-TTG4-1,Functional,0,2.3125,1.3025356026398056,Functional
NMTRQ-TTG6-1,Functional,0,0.287999987602234,1.0651846706032186,Functional
NMTRQ-TTG7-1,Functional,0,2.59350001811981,0.868357068426537,Functional
NMTRQ-TTG8-1,Functional,0,2.76500010490417,0.3704990158619891,Functional
NMTRQ-TTG9-1,Functional,0,2.60000002384186,0.8201150090695072,Functional
NMTRS-TGA2-1,Functional,0,3.49750006198883,0.8931672703815808,Functional
NMTRS-TGA3-1,Functional,0,3.51699995994568,0.9564512637741568,Functional
NMTRV-TAC1-1,Functional,0,0.584999978542328,1.4356836864652078,Functional
TRA-AGC1-1,Functional,0,0.234499998390675,3.811122689205357,Functional
TRA-AGC10-1,Functional,0,0.675000011920929,1.0467866030347297,Functional
TRA-AGC11-1,Functional,0,2.57299995422363,3.6637531106215535,Functional
TRA-AGC12-1,Functional,0,1.12699997425079,0.8088805568904728,Functional
TRA-AGC12-3,Functional,0,0.48199999332428,1.808085950696351,Functional
TRA-AGC13-2,Functional,0,0.953000009059906,2.045991996840608,Functional
TRA-AGC14-1,Functional,0,0.890999972820282,0.9040429753481756,Functional
TRA-AGC14-2,Functional,0,0.874000012874603,0.0475812092288513,Functional
TRA-AGC15-1,Functional,0,-0.146999999880791,3.378265855248445,Functional
TRA-AGC2-1,Functional,0,1.52400004863739,3.618154451777238,Functional
TRA-AGC2-2,Functional,0,1.75300002098083,3.9076068079194166,Functional
TRA-AGC23-1,Pseudogene,0,0.258499994874001,1.6884720774960442,Pseudogene
TRA-AGC24-1,Functional,0,0.829999983310699,3.092778599875337,Functional
TRA-AGC3-1,Functional,0,1.87899994850159,3.3769441549920884,Functional
TRA-AGC4-1,Functional,0,1.76499998569489,3.811122689205357,Functional
TRA-AGC5-1,Functional,0,1.09999996423721,3.4251862143491185,Functional
TRA-AGC6-1,Functional,0,0.411500006914139,3.328702095635059,Functional
TRA-AGC7-1,Functional,0,0.903999984264374,3.03924973949288,Functional
TRA-AGC8-1,Functional,0,3.97900009155273,3.996821575223513,Functional
TRA-AGC8-2,Functional,0,3.48000001907349,3.473428273706148,Functional
TRA-AGC9-1,Functional,0,0.188999995589256,0.0475812092288513,Functional
TRA-CGC1-1,Functional,0,2.91000008583069,3.714638570491297,Functional
TRA-CGC2-1,Functional,0,1.88999998569489,3.328702095635059,Functional
TRA-CGC3-1,Functional,0,3.20199990272522,3.1357338582069394,Functional
TRA-CGC4-1,Functional,0,0.71849998831749,3.859364748562387,Functional
TRA-CGC5-1,Functional,0,0.516000017523766,1.5919879587819843,Functional
TRA-TGC1-1,Functional,0,1.10899996757507,3.232217976920999,Functional
TRA-TGC10-1,Functional,0,0.0180000010877848,0.9924080782017566,Functional
TRA-TGC2-1,Functional,0,0.804499983787537,3.473428273706148,Functional
TRA-TGC3-1,Functional,0,1.98300004005432,3.473428273706148,Functional
TRA-TGC3-2,Functional,0,1.98300004005432,3.762880629848327,Functional
TRA-TGC4-1,Functional,0,1.49049997329712,4.486511520203775,Functional
TRA-TGC5-1,Functional,0,1.47399997711182,2.99100768013585,Functional
TRA-TGC6-1,Functional,0,1.42700004577637,2.315618849137432,Functional
TRA-TGC7-1,Functional,0,1.28400003910065,2.592840824034167,Functional
TRA-TGC9-1,Pseudogene,0,0.773999989032745,3.0874917988499093,Pseudogene
TRC-ACA1-1,Pseudogene,0,-0.106499999761581,1.144652499289526,Pseudogene
TRC-GCA1-1,Functional,0,0.962000012397766,2.315618849137432,Functional
TRC-GCA10-1,Functional,0,0.561999976634979,2.460345027208522,Functional
TRC-GCA11-1,Functional,0,1.42799997329712,3.473428273706148,Functional
TRC-GCA12-1,Functional,0,1.92799997329712,1.9779244336382231,Functional
TRC-GCA13-1,Functional,0,1.7104999423027,2.8462815020647603,Functional
TRC-GCA14-1,Functional,0,1.40900003910065,3.2804600362780287,Functional
TRC-GCA15-1,Functional,0,0.708999991416931,2.026166492995253,Functional
TRC-GCA16-1,Functional,0,0.684500008821487,1.495503840067925,Functional
TRC-GCA17-1,Functional,0,1.24100005626678,3.5699123924202074,Functional
TRC-GCA18-1,Functional,0,0.781000018119812,1.881440314924164,Functional
TRC-GCA19-1,Functional,0,1.73599994182587,1.5437458994249549,Functional
TRC-GCA2-1,Functional,0,2.99300003051758,2.701555323993671,Functional
TRC-GCA2-2,Functional,0,2.99300003051758,4.052332985990506,Functional
TRC-GCA2-3,Functional,0,3.00200009346008,3.714638570491297,Functional
TRC-GCA2-4,Functional,0,3.02300000190735,4.197059164061596,Functional
TRC-GCA20-1,Functional,0,0.595999985933304,1.6402300181390144,Functional
TRC-GCA21-1,Functional,0,0.974000006914139,1.7849561962101037,Functional
TRC-GCA22-1,Functional,0,0.621500015258789,2.034436560313601,Functional
TRC-GCA23-1,Functional,0,0.665000021457672,1.5437458994249549,Functional
TRC-GCA25-1,Pseudogene,0,0.66100001335144,0.9040429753481756,Pseudogene
TRC-GCA3-1,Functional,0,3.00849997997284,1.6884720774960442,Functional
TRC-GCA4-1,Functional,0,3.21549999713898,3.859364748562387,Functional
TRC-GCA5-1,Functional,0,0.806999981403351,3.806496738308107,Functional
TRC-GCA6-1,Functional,0,2.85899996757507,1.9779244336382231,Functional
TRC-GCA7-1,Functional,0,0.0610000006854534,1.7605047414675,Functional
TRC-GCA8-1,Functional,0,0.915000021457672,2.315618849137432,Functional
TRC-GCA9-1,Functional,0,3.17499995231628,2.412102967851492,Functional
TRC-GCA9-2,Functional,0,1.58500003814697,2.94276562077882,Functional
TRC-GCA9-3,Functional,0,1.08649998903275,2.363860908494462,Functional
TRC-GCA9-4,Functional,0,1.43599998950958,2.363860908494462,Functional
TRD-GTC1-1,Functional,0,2.63599991798401,4.004090926633476,Functional
TRD-GTC10-1,Functional,0,0.132500000298023,1.0613253058546563,Functional
TRD-GTC2-1,Functional,0,0.0894999988377094,2.1708926710663428,Functional
TRD-GTC2-10,Functional,0,1.34599995613098,4.727721816988924,Functional
TRD-GTC2-11,Functional,0,3.05299997329712,4.148817104704566,Functional
TRD-GTC2-2,Functional,0,-0.0214999997988343,0,Functional
TRD-GTC2-3,Functional,0,-0.190000005066395,0.0482420593570298,Functional
TRD-GTC2-4,Functional,0,-0.201999999582767,0,Functional
TRD-GTC2-5,Functional,0,-0.114000000059605,0.0964841187140596,Functional
TRD-GTC2-6,Functional,0,3.06699991226196,3.5699123924202074,Functional
TRD-GTC2-7,Functional,0,2.125,4.004090926633476,Functional
TRD-GTC2-8,Functional,0,3.06699991226196,3.666396511134268,Functional
TRD-GTC2-9,Functional,0,2.125,3.762880629848327,Functional
TRD-GTC3-1,Functional,0,0.374500006437302,3.714638570491297,Functional
TRE-CTC1-1,Functional,0,1.74699997901917,3.811122689205357,Functional
TRE-CTC1-2,Functional,0,0.0580000001937151,0,Functional
TRE-CTC1-3,Functional,0,-0.0905000008642673,0.578904712284358,Functional
TRE-CTC1-4,Functional,0,-0.0635000020265579,0,Functional
TRE-CTC1-5,Functional,0,0.0449999999254942,0.1929682374281193,Functional
TRE-CTC1-6,Functional,0,1.7849999666214,4.293543282775656,Functional
TRE-CTC1-7,Functional,0,2.89400005340576,4.052332985990506,Functional
TRE-CTC10-1,Functional,0,0.30799999833107,1.1095673652116862,Functional
TRE-CTC11-1,Functional,0,0.144999995827675,2.363860908494462,Functional
TRE-CTC12-1,Functional,0,0.118000000715256,2.1226506117093127,Functional
TRE-CTC13-1,Functional,0,0.0719999969005585,2.074408552352283,Functional
TRE-CTC14-1,Functional,0,0.0149999996647239,0.8799351626722243,Functional
TRE-CTC15-1,Functional,0,0.112999998033047,2.521804089129122,Functional
TRE-CTC16-1,Pseudogene,0,-0.216000005602837,1.808085950696351,Pseudogene
TRE-CTC18-1,Functional,0,0.282000005245209,1.206051483925746,Functional
TRE-CTC2-1,Functional,0,1.64199995994568,4.004090926633476,Functional
TRE-CTC4-1,Functional,0,0.118000000715256,1.7849561962101037,Functional
TRE-CTC7-1,Pseudogene,0,0.145999997854233,1.399019721353865,Pseudogene
TRE-CTC9-1,Functional,0,0.146999999880791,1.2371114399501348,Functional
TRE-TTC1-1,Functional,0,3.62800002098083,2.412102967851492,Functional
TRE-TTC1-2,Functional,0,3.62800002098083,3.521670333063178,Functional
TRE-TTC10-1,Pseudogene,0,-0.0109999999403954,1.2341485075073126,Pseudogene
TRE-TTC14-1,Functional,0,0.0599999986588955,1.5437458994249549,Functional
TRE-TTC15-1,Functional,0,-0.180999994277954,1.6108652863564743,Functional
TRE-TTC2-1,Functional,0,3.58200001716614,3.666396511134268,Functional
TRE-TTC2-2,Functional,0,2.43300008773804,3.9076068079194166,Functional
TRE-TTC3-1,Functional,0,0.30799999833107,3.328702095635059,Functional
TRE-TTC4-1,Functional,0,0.455000013113022,3.183975917563969,Functional
TRE-TTC4-2,Functional,0,0.152000002563,3.811122689205357,Functional
TRE-TTC6-1,Pseudogene,0,0.027500000782311,2.315618849137432,Pseudogene
TRE-TTC7-1,Pseudogene,0,-0.133500002324581,2.2191347304233724,Pseudogene
TRE-TTC9-1,Pseudogene,0,0.207000002264977,1.076273549599088,Pseudogene
TRF-GAA1-1,Functional,0,1.97599995136261,3.6637531106215535,Functional
TRF-GAA1-2,Functional,0,2.24000000953674,3.473428273706148,Functional
TRF-GAA1-3,Functional,0,1.97599995136261,3.6637531106215535,Functional
TRF-GAA1-4,Functional,0,2.24000000953674,3.854077947536959,Functional
TRF-GAA1-5,Functional,0,2.49300003051758,3.806496738308107,Functional
TRF-GAA1-6,Functional,0,1.49199998378754,3.092778599875337,Functional
TRF-GAA10-1,Pseudogene,0,-0.266000002622604,1.6984042661871974,Pseudogene
TRF-GAA11-1,Pseudogene,0,0.33899998664856,1.5225986953232429,Pseudogene
TRF-GAA12-1,Pseudogene,0,0.104999996721745,1.094367812263581,Pseudogene
TRF-GAA2-1,Functional,0,1.22300004959106,3.616171901392702,Functional
TRF-GAA3-1,Functional,0,1.28199994564056,4.091983993681216,Functional
TRF-GAA4-1,Functional,0,1,2.581602095322137,Functional
TRF-GAA5-1,Functional,0,0.458999991416931,2.210363446903912,Functional
TRF-GAA6-1,Functional,0,1.16499996185303,1.4550848173633864,Functional
TRF-GAA8-1,Pseudogene,0,-0.307000011205673,1.3322738584078375,Pseudogene
TRF-GAA9-1,Pseudogene,0,-0.160500004887581,0.9832866804241668,Pseudogene
TRG-CCC1-1,Functional,0,0.444000005722046,3.7180358986150313,Functional
TRG-CCC1-2,Functional,0,0.444000005722046,3.3755852237425947,Functional
TRG-CCC2-1,Functional,0,3.47699999809265,3.130977598833711,Functional
TRG-CCC2-2,Functional,0,3.47699999809265,3.5712713236697016,Functional
TRG-CCC3-1,Functional,0,0.266999989748001,1.859017949307516,Functional
TRG-CCC4-1,Functional,0,0.158000007271767,3.913721998542139,Functional
TRG-CCC5-1,Functional,0,0.446999996900558,3.277742173779041,Functional
TRG-CCC6-1,Functional,0,0.29899999499321,4.060486573487469,Functional
TRG-CCC7-1,Functional,0,-0.489999994635582,1.6402300181390144,Functional
TRG-GCC1-1,Functional,0,0.391000002622604,0.4892152498177674,Functional
TRG-GCC1-2,Functional,0,0.745999991893768,0.0978430499635534,Functional
TRG-GCC1-3,Functional,0,0.649999976158142,0.4892152498177674,Functional
TRG-GCC1-4,Functional,0,0.180000007152557,0,Functional
TRG-GCC1-5,Functional,0,0.214000001549721,4.207251148432799,Functional
TRG-GCC2-1,Functional,0,2.76399993896484,3.766957423596809,Functional
TRG-GCC2-2,Functional,0,2.13000011444092,3.3755852237425947,Functional
TRG-GCC2-3,Functional,0,3.60700011253357,3.8648004735603614,Functional
TRG-GCC2-4,Functional,0,2.13000011444092,2.641762349015944,Functional
TRG-GCC2-5,Functional,0,3.60700011253357,2.592840824034167,Functional
TRG-GCC2-6,Functional,0,1.59599995613098,3.766957423596809,Functional
TRG-GCC3-1,Functional,0,1.41499996185303,2.2993116741435067,Functional
TRG-GCC4-1,Functional,0,0.485000014305115,0.8805874496719812,Functional
TRG-TCC1-1,Functional,0,2.41449999809265,4.293543282775656,Functional
TRG-TCC2-1,Functional,0,2.21099996566772,3.328702095635059,Functional
TRG-TCC2-2,Functional,0,-0.0740000009536743,0,Functional
TRG-TCC2-3,Functional,0,-0.271000012755394,0,Functional
TRG-TCC2-4,Functional,0,-0.251000002026558,0,Functional
TRG-TCC2-5,Functional,0,-0.0209999997168779,0,Functional
TRG-TCC2-6,Functional,0,2.60700011253357,3.9076068079194166,Functional
TRG-TCC3-1,Functional,0,1.49000000953674,4.245301223418625,Functional
TRG-TCC4-1,Functional,0,0.18299999833107,2.1708926710663428,Functional
TRG-TCC5-1,Pseudogene,0,NA,1.1095673652116862,Pseudogene
TRG-TCC6-1,Pseudogene,0,0.118000000715256,1.157809424568716,Pseudogene
TRH-GTG1-1,Functional,0,2.27800011634827,2.363860908494462,Functional
TRH-GTG1-2,Functional,0,0.660000026226044,2.1708926710663428,Functional
TRH-GTG1-3,Functional,0,0.823000013828278,0.6271467716413879,Functional
TRH-GTG1-4,Functional,0,0.80799999833107,2.363860908494462,Functional
TRH-GTG1-5,Functional,0,3.68899989128113,2.8462815020647603,Functional
TRH-GTG1-6,Functional,0,3.63749992847443,1.8331982555671336,Functional
TRH-GTG1-7,Functional,0,3.68899989128113,3.0874917988499093,Functional
TRH-GTG1-8,Functional,0,3.63749992847443,2.99100768013585,Functional
TRH-GTG1-9,Functional,0,3.35599994659424,2.8462815020647603,Functional
TRI-AAT1-1,Functional,0,NA,3.66118115336594,Functional
TRI-AAT10-1,Pseudogene,0,0.207000002264977,1.2203937177886468,Pseudogene
TRI-AAT11-1,Pseudogene,0,-0.120999999344349,1.3893713094824591,Pseudogene
TRI-AAT12-1,Functional,0,1.02799999713898,1.1132782928545348,Functional
TRI-AAT2-1,Functional,0,0.72299998998642,4.318316232175211,Functional
TRI-AAT3-1,Functional,0,1.23000001907349,2.4407874355772936,Functional
TRI-AAT4-1,Functional,0,3.06699991226196,4.13056335251542,Functional
TRI-AAT5-1,Functional,0,2.85800004005432,3.755057593195836,Functional
TRI-AAT5-2,Functional,0,2.73300004005432,3.2387371741314084,Functional
TRI-AAT5-3,Functional,0,3.08800005912781,3.3326136139613043,Functional
TRI-AAT5-4,Functional,0,2.85800004005432,3.755057593195836,Functional
TRI-AAT5-5,Functional,0,2.73300004005432,3.801995813110784,Functional
TRI-AAT6-1,Functional,0,0.99099999666214,3.755057593195836,Functional
TRI-AAT7-1,Functional,0,0.431000009179115,0.0469382199149479,Functional
TRI-AAT7-2,Functional,0,1.18400001525879,0.0938764398298959,Functional
TRI-AAT8-1,Functional,0,1.51999998092651,3.5203664936210965,Functional
TRI-AAT9-1,Functional,0,0.561999976634979,1.4550848173633864,Functional
TRI-GAT1-1,Functional,0,0.277999997138977,2.769354974981929,Functional
TRI-GAT1-2,Functional,0,0.277500003576279,0.0469382199149479,Functional
TRI-GAT1-3,Functional,0,0.275000005960464,0,Functional
TRI-TAT1-1,Functional,0,2.99200010299683,2.689105760288631,Functional
TRI-TAT2-1,Functional,0,2.02300000190735,2.7638031425188703,Functional
TRI-TAT2-2,Functional,0,1.31200003623962,1.8106168660808648,Functional
TRI-TAT2-3,Functional,0,1.91100001335144,3.436476909092253,Functional
TRI-TAT3-1,Functional,0,1.7389999628067,2.882206439883825,Functional
TRK-CTT1-1,Functional,0,2.86800003051758,3.806496738308107,Functional
TRK-CTT1-2,Functional,0,2.20900011062622,3.9016591567658105,Functional
TRK-CTT12-1,Pseudogene,0,0.188999995589256,1.808085950696351,Pseudogene
TRK-CTT13-1,Pseudogene,0,0.0089999996125698,1.094367812263581,Pseudogene
TRK-CTT14-1,Pseudogene,0,0.136000007390976,2.4266416706714184,Pseudogene
TRK-CTT16-1,Pseudogene,0,-0.156499996781349,0.7979497385541151,Pseudogene
TRK-CTT2-1,Functional,0,1.89300000667572,3.235522227561891,Functional
TRK-CTT2-2,Functional,0,0.644999980926514,3.616171901392702,Functional
TRK-CTT2-3,Functional,0,2.29999995231628,3.9492403659946618,Functional
TRK-CTT2-4,Functional,0,0.685999989509583,4.425052458283175,Functional
TRK-CTT2-5,Functional,0,0.644999980926514,3.616171901392702,Functional
TRK-CTT3-1,Functional,0,1.11000001430511,3.9492403659946618,Functional
TRK-CTT4-1,Functional,0,1.18099999427795,2.950034972188784,Functional
TRK-CTT5-1,Functional,0,0.196999996900558,3.6637531106215535,Functional
TRK-CTT6-1,Functional,0,0.136999994516373,1.5701799045520943,Functional
TRK-CTT7-1,Functional,0,0.194999992847443,1.2846926491789863,Functional
TRK-CTT8-1,Functional,0,0.254999995231628,1.8556671599252024,Functional
TRK-CTT9-1,Functional,0,0.105999998748302,1.379855067636689,Functional
TRK-TTT1-1,Functional,0,0.347000002861023,3.330684646019594,Functional
TRK-TTT10-1,Pseudogene,0,-0.337000012397766,1.379855067636689,Pseudogene
TRK-TTT13-1,Pseudogene,0,0.436000004410744,1.9714052364278136,Pseudogene
TRK-TTT14-1,Functional,0,-0.130999997258186,1.808085950696351,Functional
TRK-TTT15-1,Pseudogene,0,0.26800000667572,1.094367812263581,Pseudogene
TRK-TTT17-1,Functional,0,0.305000007152557,1.3397509055723715,Functional
TRK-TTT2-1,Functional,0,0.186000004410744,2.759710135273378,Functional
TRK-TTT3-1,Functional,0,2.63299989700317,3.9016591567658105,Functional
TRK-TTT3-2,Functional,0,2.62199997901917,3.378265855248445,Functional
TRK-TTT3-3,Functional,0,2.33999991416931,3.758915529079256,Functional
TRK-TTT3-4,Functional,0,2.33999991416931,3.806496738308107,Functional
TRK-TTT3-5,Functional,0,3.58599996566772,4.425052458283175,Functional
TRK-TTT4-1,Functional,0,0.681999981403351,3.711334319850405,Functional
TRK-TTT5-1,Functional,0,2.25500011444092,3.1403598091041887,Functional
TRK-TTT6-1,Functional,0,1.39199995994568,3.330684646019594,Functional
TRK-TTT7-1,Functional,0,1.19700002670288,3.283103436790743,Functional
TRK-TTT8-1,Functional,0,-0.179000005125999,0.9516241845770268,Functional
TRK-TTT9-1,Functional,0,0.84799998998642,3.18794101833304,Functional
TRL-AAG1-1,Functional,0,0.0690000001341105,0.0423588813866603,Functional
TRL-AAG1-2,Functional,0,0.0259999996051192,0.2117944069333017,Functional
TRL-AAG1-3,Functional,0,0.214000001549721,3.0074805784528844,Functional
TRL-AAG2-1,Functional,0,3.11899995803833,3.5157871550928084,Functional
TRL-AAG2-2,Functional,0,3.54200005531311,2.753327290132922,Functional
TRL-AAG2-3,Functional,0,3.11899995803833,3.897017087572752,Functional
TRL-AAG2-4,Functional,0,3.54200005531311,3.5157871550928084,Functional
TRL-AAG3-1,Functional,0,1.57400000095367,3.473428273706148,Functional
TRL-AAG4-1,Functional,0,0.572000026702881,1.736714136853074,Functional
TRL-AAG7-1,Pseudogene,0,0.0405000001192093,1.1860486788264897,Pseudogene
TRL-CAA1-1,Functional,0,1.7849999666214,3.4078918911833904,Functional
TRL-CAA1-2,Functional,0,1.90100002288818,3.572669081526324,Functional
TRL-CAA2-1,Functional,0,1.51300001144409,2.8945235614217903,Functional
TRL-CAA3-1,Functional,0,0.30799999833107,3.181270755357033,Functional
TRL-CAA4-1,Functional,0,1.71399998664856,3.3095873173992545,Functional
TRL-CAA5-1,Functional,0,0.194000001996756,1.5958994771082302,Functional
TRL-CAA6-1,Functional,0,2.56599998474121,1.4472617807108952,Functional
TRL-CAA7-1,Functional,0,-0.0645000003278255,1.3280755164170566,Functional
TRL-CAG1-1,Functional,0,0.0199999995529652,0.1673941336725854,Functional
TRL-CAG1-2,Functional,0,0.0820000022649765,0,Functional
TRL-CAG1-3,Functional,0,0.184000000357628,0.1255456002544391,Functional
TRL-CAG1-4,Functional,0,0.0209999997168779,0,Functional
TRL-CAG1-5,Functional,0,0.0179999992251396,0,Functional
TRL-CAG1-6,Functional,0,2.57299995422363,3.640822407378733,Functional
TRL-CAG1-7,Functional,0,1.68599998950958,3.891913607887612,Functional
TRL-CAG2-1,Functional,0,2.90499997138977,4.017459208142051,Functional
TRL-CAG2-2,Functional,0,2.88499999046326,4.477793075741661,Functional
TRL-TAA1-1,Functional,0,2.53099989891052,3.473428273706148,Functional
TRL-TAA2-1,Functional,0,2.89299988746643,3.0967914729428307,Functional
TRL-TAA3-1,Functional,0,3.1029999256134,2.7201546721795133,Functional
TRL-TAA4-1,Functional,0,1.51199996471405,4.1848533418146365,Functional
TRL-TAA5-1,Pseudogene,0,2.89400005340576,NA,Pseudogene
TRL-TAG1-1,Functional,0,3.06699991226196,3.431069392319488,Functional
TRL-TAG2-1,Functional,0,2.18700003623962,3.897017087572752,Functional
TRL-TAG3-1,Functional,0,2.9760000705719,3.7699404434127706,Functional
TRL-TAG4-1,Pseudogene,0,0.361000001430511,0.8895365091198673,Pseudogene
TRM-CAT1-1,Functional,0,1.83899998664856,3.378265855248445,Functional
TRM-CAT2-1,Functional,0,1.04299998283386,4.044402784452364,Functional
TRM-CAT3-1,Functional,0,1.96700000762939,4.3298900398254725,Functional
TRM-CAT3-2,Functional,0,1.79900002479553,3.9016591567658105,Functional
TRM-CAT4-1,Functional,0,1.35599994659424,0.3806496738308107,Functional
TRM-CAT4-2,Functional,0,0.57700002193450906,3.854077947536959,Functional
TRM-CAT4-3,Functional,0,1.25300002098083,0.0951624184577026,Functional
TRM-CAT5-1,Functional,0,0.382999986410141,2.379060461442567,Functional
TRM-CAT5-2,Functional,0,0.321999996900558,0,Functional
TRM-CAT6-1,Functional,0,0.32600000500679,3.9016591567658105,Functional
TRM-CAT7-1,Functional,0,0.237000003457069,1.4750174860943916,Functional
TRN-GTT1-1,Functional,0,2.70600008964539,3.3326136139613043,Functional
TRN-GTT10-1,Functional,0,0.711000025272369,2.675478535152033,Functional
TRN-GTT2-1,Functional,0,0.736000001430511,3.1448607343015125,Functional
TRN-GTT2-2,Functional,0,1.39200001955032,3.2387371741314084,Functional
TRN-GTT2-3,Functional,0,3.56299996376038,4.177501572430368,Functional
TRN-GTT2-4,Functional,0,2.73499989509583,3.2856753940463563,Functional
TRN-GTT2-5,Functional,0,3.06699991226196,3.4264900537912,Functional
TRN-GTT2-6,Functional,0,3.58599996566772,4.036686912685523,Functional
TRN-GTT2-7,Functional,0,0.165000006556511,3.0040460745566686,Functional
TRN-GTT2-8,Functional,0,0.167999997735023,2.487725655492241,Functional
TRN-GTT22-1,Pseudogene,0,0.158500000834465,1.3612083775334904,Pseudogene
TRN-GTT23-1,Pseudogene,0,-0.247499994933605,1.4705024808390992,Pseudogene
TRN-GTT24-1,Functional,0,0.273999989032745,1.9714052364278136,Functional
TRN-GTT25-1,Functional,0,0.731000006198883,1.6672455713789511,Functional
TRN-GTT26-1,Functional,0,0.568000018596649,NA,Functional
TRN-GTT27-1,Functional,0,0.571999996900558,2.112219896172657,Functional
TRN-GTT3-1,Functional,0,0.238000005483627,2.722416755066981,Functional
TRN-GTT4-1,Functional,0,0.439999997615814,2.581602095322137,Functional
TRN-GTT5-1,Functional,0,0.439999997615814,2.2060963360025534,Functional
TRN-GTT6-1,Functional,0,0.816999971866608,1.6428376970231782,Functional
TRN-GTT7-1,Functional,0,0.565999984741211,2.816293194896877,Functional
TRN-GTT8-1,Functional,0,0.295999988913536,2.393849215662345,Functional
TRN-GTT9-1,Functional,0,0.486000001430511,2.112219896172657,Functional
TRN-GTT9-2,Functional,0,0.410999998450279,1.6428376970231782,Functional
TRP-AGG1-1,Functional,0,0.503499984741211,4.004090926633476,Functional
TRP-AGG2-1,Functional,0,2.84100008010864,3.5699123924202074,Functional
TRP-AGG2-2,Functional,0,2.80999994277954,3.473428273706148,Functional
TRP-AGG2-3,Functional,0,2.5550000667572,2.749797383350701,Functional
TRP-AGG2-4,Functional,0,2.80999994277954,4.004090926633476,Functional
TRP-AGG2-5,Functional,0,2.5550000667572,4.004090926633476,Functional
TRP-AGG2-6,Functional,0,2.53999996185303,5.065416232488133,Functional
TRP-AGG2-7,Functional,0,1.11099994182587,3.473428273706148,Functional
TRP-AGG2-8,Functional,0,0.829499989748001,3.666396511134268,Functional
TRP-AGG4-1,Pseudogene,0,NA,0.9165991277835668,Pseudogene
TRP-AGG5-1,Functional,0,-0.189999997615814,1.3208811745079718,Functional
TRP-AGG6-1,Pseudogene,0,-0.269500002264977,2.1226506117093127,Pseudogene
TRP-CGG1-1,Functional,0,2.74249994754791,1.881440314924164,Functional
TRP-CGG1-2,Functional,0,0.869000017642975,3.03924973949288,Functional
TRP-CGG1-3,Functional,0,3.28600001335144,3.1357338582069394,Functional
TRP-CGG2-1,Functional,0,1.61000001430511,3.3769441549920884,Functional
TRP-GGG1-1,Functional,0,-0.119999997317791,1.2846926491789863,Functional
TRP-TGG1-1,Functional,0,2.08550000190735,4.390027401489715,Functional
TRP-TGG2-1,Functional,0,2.87250006198883,3.9076068079194166,Functional
TRP-TGG3-1,Functional,0,2.87400007247925,3.666396511134268,Functional
TRP-TGG3-2,Functional,0,2.87400007247925,4.245301223418625,Functional
TRP-TGG3-3,Functional,0,1.4375,4.3417853421326855,Functional
TRP-TGG3-4,Functional,0,0.259999997913837,3.5699123924202074,Functional
TRP-TGG3-5,Functional,0,0.515999972820282,2.460345027208522,Functional
TRP-TGG4-1,Pseudogene,0,0.26800000667572,1.5654887994168556,Pseudogene
TRP-TGG5-1,Pseudogene,0,-0.10700000077486,0.9472986201016766,Pseudogene
TRQ-CTG1-1,Functional,0,1.18099999427795,1.6884720774960442,Functional
TRQ-CTG1-2,Functional,0,3.06699991226196,3.666396511134268,Functional
TRQ-CTG1-3,Functional,0,0.0214999988675117,2.79803944270773,Functional
TRQ-CTG1-4,Functional,0,3.85800004005432,2.94276562077882,Functional
TRQ-CTG1-5,Functional,0,3.06699991226196,3.4251862143491185,Functional
TRQ-CTG11-1,Pseudogene,0,0.46000000834465,1.2542935432827758,Pseudogene
TRQ-CTG13-1,Pseudogene,0,0.114000000059605,0.8201150090695072,Pseudogene
TRQ-CTG16-1,Pseudogene,0,0.0945000015199184,0.5484360432167602,Pseudogene
TRQ-CTG2-1,Functional,0,1.85500001907349,4.052332985990506,Functional
TRQ-CTG3-1,Functional,0,0.545000016689301,2.5568291459225816,Functional
TRQ-CTG3-2,Functional,0,0.714999973773956,1.9779244336382231,Functional
TRQ-CTG4-1,Functional,0,0.607999980449677,2.2191347304233724,Functional
TRQ-CTG4-2,Functional,0,0.980000019073486,2.79803944270773,Functional
TRQ-CTG5-1,Functional,0,0.343500003218651,2.701555323993671,Functional
TRQ-CTG6-1,Functional,0,1.04449999332428,3.811122689205357,Functional
TRQ-CTG7-1,Functional,0,0.819999992847443,0.8201150090695072,Functional
TRQ-CTG9-1,Pseudogene,0,0.623499989509583,1.9779244336382231,Pseudogene
TRQ-TTG1-1,Functional,0,3.28200006484985,3.4251862143491185,Functional
TRQ-TTG10-1,Pseudogene,0,0.994500011205673,NA,Pseudogene
TRQ-TTG2-1,Functional,0,0.486000001430511,3.232217976920999,Functional
TRQ-TTG3-1,Functional,0,2.58299994468689,3.2804600362780287,Functional
TRQ-TTG3-2,Functional,0,2.37100005149841,3.666396511134268,Functional
TRQ-TTG3-3,Functional,0,2.1065000295639,3.859364748562387,Functional
TRQ-TTG4-1,Functional,0,2.3125,1.2542935432827758,Functional
TRQ-TTG5-1,Pseudogene,0,0.112000003457069,1.2846926491789863,Pseudogene
TRQ-TTG6-1,Pseudogene,0,0.287999987602234,NA,Pseudogene
TRQ-TTG7-1,Functional,0,2.59350001811981,0.7612993476616214,Functional
TRQ-TTG8-1,Functional,0,0.003000000026077,1.4274362768655402,Functional
TRQ-TTG9-1,Functional,0,-0.0650000013411045,1.5489612571932825,Functional
TRR-ACG1-1,Functional,0,4.73400020599365,3.711334319850405,Functional
TRR-ACG1-2,Functional,0,2.14499998092651,3.711334319850405,Functional
TRR-ACG1-3,Functional,0,4.73400020599365,3.9492403659946618,Functional
TRR-ACG2-1,Functional,0,3.09299993515015,4.091983993681216,Functional
TRR-ACG2-2,Functional,0,0.279000014066696,3.568590692163851,Functional
TRR-ACG2-3,Functional,0,0.550000011920929,3.283103436790743,Functional
TRR-ACG2-4,Functional,0,1.64800000190735,3.283103436790743,Functional
TRR-CCG1-1,Functional,0,2.12899994850159,2.9976161814176345,Functional
TRR-CCG1-2,Functional,0,1.35899996757507,3.521009482935,Functional
TRR-CCG1-3,Functional,0,2.12899994850159,3.9492403659946618,Functional
TRR-CCG2-1,Functional,0,2.88100004196167,3.092778599875337,Functional
TRR-CCT1-1,Functional,0,2.37299990653992,3.330684646019594,Functional
TRR-CCT2-1,Functional,0,1.4099999666214,3.9492403659946618,Functional
TRR-CCT3-1,Functional,0,1.6599999666214,4.3298900398254725,Functional
TRR-CCT4-1,Functional,0,4.21600008010864,2.379060461442567,Functional
TRR-CCT6-2,Functional,0,0.0070000002160668,1.2719596495261951,Functional
TRR-CCT7-1,Pseudogene,0,0.323000013828278,1.2719596495261951,Pseudogene
TRR-CCT8-1,Functional,0,0.199000000953674,1.3208811745079718,Functional
TRR-CCT9-1,Pseudogene,0,0.214000001549721,1.6108652863564743,Pseudogene
TRR-TCG1-1,Functional,0,3.54699993133545,3.616171901392702,Functional
TRR-TCG2-1,Functional,0,1.82299995422363,3.378265855248445,Functional
TRR-TCG3-1,Functional,0,0.940999984741211,3.854077947536959,Functional
TRR-TCG4-1,Functional,0,2.29299998283386,3.9492403659946618,Functional
TRR-TCG5-1,Functional,0,1.99800002574921,3.092778599875337,Functional
TRR-TCT1-1,Functional,0,3.50799989700317,1.3893713094824591,Functional
TRR-TCT2-1,Functional,0,3.5090000629425,4.381256117970255,Functional
TRR-TCT3-1,Functional,0,1.99699997901917,2.519189736973689,Functional
TRR-TCT3-2,Functional,0,1.99699997901917,3.715760478848437,Functional
TRR-TCT4-1,Functional,0,4.84499979019165,1.3612083775334904,Functional
TRR-TCT5-1,Functional,0,1.72599995136261,2.555165626634408,Functional
TRS-ACT1-1,Pseudogene,0,0.625499993562698,3.379551833876252,Pseudogene
TRS-AGA1-1,Functional,0,1.26550000905991,2.41445623903964,Functional
TRS-AGA2-1,Functional,0,3.06699991226196,3.939375968959411,Functional
TRS-AGA2-2,Functional,0,2.14499998092651,3.7699404434127706,Functional
TRS-AGA2-3,Functional,0,2.06399989128113,3.2192749853861864,Functional
TRS-AGA2-4,Functional,0,1.41799998283386,3.261633866772846,Functional
TRS-AGA2-5,Functional,0,1.92200005054474,3.5157871550928084,Functional
TRS-AGA2-6,Functional,0,3.06699991226196,3.939375968959411,Functional
TRS-AGA3-1,Functional,0,1.94200003147125,2.37209735765298,Functional
TRS-AGA4-1,Functional,0,1.54100000858307,2.6686095273596018,Functional
TRS-AGA5-1,Functional,0,0.707500010728836,1.9779244336382231,Functional
TRS-AGA7-1,Functional,0,0.0580000001937151,1.3025356026398056,Functional
TRS-CGA1-1,Functional,0,3.02800011634827,2.795686171519583,Functional
TRS-CGA2-1,Functional,0,1.26999998092651,3.2192749853861864,Functional
TRS-CGA3-1,Functional,0,1.13999998569489,3.0074805784528844,Functional
TRS-CGA4-1,Functional,0,3.47099995613098,3.473428273706148,Functional
TRS-GCT1-1,Functional,0,1.35099995136261,2.0755851879463565,Functional
TRS-GCT2-1,Functional,0,1.19599997997284,3.558146036479469,Functional
TRS-GCT3-1,Functional,0,3.84699988365173,2.6686095273596018,Functional
TRS-GCT4-1,Functional,0,3.55550003051758,2.49917400181296,Functional
TRS-GCT4-2,Functional,0,3.55550003051758,3.431069392319488,Functional
TRS-GCT4-3,Functional,0,3.08800005912781,3.431069392319488,Functional
TRS-GCT5-1,Functional,0,1.87600004673004,3.0498394598395446,Functional
TRS-GCT6-1,Functional,0,2.28500008583069,4.424486015316164,Functional
TRS-TGA1-1,Functional,0,3.4779999256134,2.329738476266319,Functional
TRS-TGA2-1,Functional,0,3.49750006198883,3.473428273706148,Functional
TRS-TGA3-1,Functional,0,3.51699995994568,3.473428273706148,Functional
TRS-TGA4-1,Functional,0,0.653999984264374,3.854658206186092,Functional
TRSUP-CTA2-1,Functional,0,-0.107499998062849,1.685634309298572,Functional
TRSUP-CTA3-1,Functional,0,-0.0260000005364418,1.379855067636689,Functional
TRSUP-TTA3-1,Functional,0,0.88850000500679,1.5919879587819843,Functional
TRT-AGT1-1,Functional,0,1.43550002574921,4.036686912685523,Functional
TRT-AGT1-2,Functional,0,3.06699991226196,3.89587225294068,Functional
TRT-AGT1-3,Functional,0,2.85199999809265,4.036686912685523,Functional
TRT-AGT2-1,Functional,0,2.9539999961853,3.755057593195836,Functional
TRT-AGT2-2,Functional,0,1.65400004386902,4.412192672005107,Functional
TRT-AGT3-1,Functional,0,1.28999996185303,3.473428273706148,Functional
TRT-AGT4-1,Functional,0,1.6700000166893,3.3326136139613043,Functional
TRT-AGT5-1,Functional,0,1.6700000166893,3.2856753940463563,Functional
TRT-AGT6-1,Functional,0,2.37700009346008,2.487725655492241,Functional
TRT-CGT1-1,Functional,0,1.7849999666214,3.2387371741314084,Functional
TRT-CGT2-1,Functional,0,3.69599997997284,3.03924973949288,Functional
TRT-CGT3-1,Functional,0,1.79200005531311,3.848934033025732,Functional
TRT-CGT4-1,Functional,0,2.16249990463257,2.5085870865655515,Functional
TRT-CGT5-1,Functional,0,0.383499994874001,4.318316232175211,Functional
TRT-TGT1-1,Functional,0,1.7039999961853,4.177501572430368,Functional
TRT-TGT2-1,Functional,0,0.917999982833862,3.1403598091041887,Functional
TRT-TGT3-1,Functional,0,2.70300006866455,3.996821575223513,Functional
TRT-TGT4-1,Functional,0,1.07599997520447,4.377471249054324,Functional
TRT-TGT5-1,Functional,0,3.375,3.711334319850405,Functional
TRT-TGT6-1,Functional,0,2.37800002098083,3.714638570491297,Functional
TRU-TCA1-1,Functional,0,3.28099989891052,3.19395703329301,Functional
TRU-TCA2-1,Functional,0,0.123999997973442,1.4059114441191551,Functional
TRUND-NNN1-1,Functional,0,0.0980000011622906,1.7836523567680218,Functional
TRUND-NNN10-1,Pseudogene,0,0.0359999984502792,0.5870582997813208,Pseudogene
TRUND-NNN2-1,Functional,0,7.56799983978271,0.6544140225823177,Functional
TRUND-NNN3-1,Pseudogene,0,0.5,1.5225986953232429,Pseudogene
TRUND-NNN4-1,Pseudogene,0,0.211999997496605,1.190889693842108,Pseudogene
TRUND-NNN5-1,Functional,0,-0.0109999999403954,0.8336227856894756,Functional
TRUND-NNN6-1,Pseudogene,0,0.0610000006854534,0.9564512637741568,Pseudogene
TRUND-NNN7-1,Pseudogene,0,0.0219999998807907,1.094367812263581,Pseudogene
TRUND-NNN8-1,Pseudogene,0,0.20100000500679,0.6359798247630976,Pseudogene
TRUND-NNN9-1,Pseudogene,0,0.11599999666214,0.9784304996355347,Pseudogene
TRV-AAC1-1,Functional,0,3.22900009155273,4.662958504427432,Functional
TRV-AAC1-2,Functional,0,0.425000011920929,3.616171901392702,Functional
TRV-AAC1-3,Functional,0,0.166999995708466,3.521009482935,Functional
TRV-AAC1-4,Functional,0,0.89300000667572,4.234727621367769,Functional
TRV-AAC1-5,Functional,0,1.04900002479553,4.425052458283175,Functional
TRV-AAC2-1,Functional,0,0.674000024795532,4.139565202910068,Functional
TRV-AAC3-1,Functional,0,0.958999991416931,3.568590692163851,Functional
TRV-AAC4-1,Functional,0,1.31599998474121,2.759710135273378,Functional
TRV-AAC5-1,Functional,0,1.54299998283386,3.9016591567658105,Functional
TRV-AAC6-1,Functional,0,1.33800005912781,2.8945235614217903,Functional
TRV-CAC1-1,Functional,0,2.01699995994568,3.4258470644772965,Functional
TRV-CAC1-2,Functional,0,-0.0549999997019768,0,Functional
TRV-CAC1-3,Functional,0,-0.11599999666214,0,Functional
TRV-CAC1-4,Functional,0,0.214000001549721,2.759710135273378,Functional
TRV-CAC1-5,Functional,0,2.56399989128113,3.9492403659946618,Functional
TRV-CAC1-6,Functional,0,2.96000003814697,4.282308830596621,Functional
TRV-CAC1-7,Functional,0,0.708999991416931,3.711334319850405,Functional
TRV-CAC11-1,Pseudogene,0,0.377999991178513,2.5693852983579726,Pseudogene
TRV-CAC11-2,Pseudogene,0,-0.190999999642372,2.9976161814176345,Pseudogene
TRV-CAC13-1,Functional,0,0.0410000011324883,1.094367812263581,Functional
TRV-CAC14-1,Functional,0,0.30799999833107,1.379855067636689,Functional
TRV-CAC2-1,Functional,0,0.938000023365021,3.9016591567658105,Functional
TRV-CAC3-1,Functional,0,0.24600000679493,4.234727621367769,Functional
TRV-CAC4-1,Functional,0,0.656000018119812,3.18794101833304,Functional
TRV-CAC5-1,Functional,0,0.71399998664856,3.521009482935,Functional
TRV-CAC6-1,Functional,0,1.10500001907349,1.5701799045520943,Functional
TRV-CAC8-1,Functional,0,0.175999999046326,2.641762349015944,Functional
TRV-TAC1-1,Functional,0,1.67200005054474,3.9016591567658105,Functional
TRV-TAC1-2,Functional,0,2.91700005531311,3.283103436790743,Functional
TRV-TAC2-1,Functional,0,1.77900004386902,3.711334319850405,Functional
TRV-TAC3-1,Functional,0,0.214000001549721,2.807291344502229,Functional
TRV-TAC4-1,Functional,0,0.643999993801117,2.331479252213716,Functional
TRW-CCA1-1,Functional,0,2.3289999961853,3.183975917563969,Functional
TRW-CCA2-1,Functional,0,1.6240000128746,3.618154451777238,Functional
TRW-CCA3-1,Functional,0,3.11500000953674,3.183975917563969,Functional
TRW-CCA3-2,Functional,0,1.41250002384186,2.653313264636641,Functional
TRW-CCA3-3,Functional,0,3.11500000953674,3.1357338582069394,Functional
TRW-CCA4-1,Functional,0,3.29399991035461,3.183975917563969,Functional
TRW-CCA5-1,Functional,0,1.18499994277954,2.701555323993671,Functional
TRX-CAT1-1,Functional,0,4.16200017929077,3.2804600362780287,Functional
TRX-CAT1-2,Functional,0,0.368000000715256,3.811122689205357,Functional
TRX-CAT1-3,Functional,0,3.52600002288818,3.714638570491297,Functional
TRX-CAT1-4,Functional,0,2.56299996376038,3.4251862143491185,Functional
TRX-CAT1-5,Functional,0,1.87800002098083,4.3417853421326855,Functional
TRX-CAT1-6,Functional,0,1.21399998664856,3.2804600362780287,Functional
TRX-CAT1-7,Functional,0,1.57500004768372,4.920690054417044,Functional
TRX-CAT1-8,Functional,0,0.368000000715256,3.9558488672764462,Functional
TRY-ATA1-1,Functional,0,0.194999992847443,0.9337172778779969,Functional
TRY-GTA1-1,Functional,0,2.96300005912781,3.397089190767552,Functional
TRY-GTA11-1,Pseudogene,0,0.513499990105629,1.325387104440504,Pseudogene
TRY-GTA12-1,Pseudogene,0,-0.0070000002160668,1.7605047414675,Pseudogene
TRY-GTA2-1,Functional,0,3.37299990653992,3.746619261525733,Functional
TRY-GTA3-1,Functional,0,1.682000041008,3.200237285886564,Functional
TRY-GTA4-1,Functional,0,1.39100003242493,2.3648873352892923,Functional
TRY-GTA5-1,Functional,0,0.799000024795532,2.87584921586423,Functional
TRY-GTA5-2,Functional,0,0.945999979972839,2.1855279025566774,Functional
TRY-GTA5-3,Functional,0,0.799000024795532,2.8452550752699297,Functional
TRY-GTA5-4,Functional,0,0.945999979972839,2.2540332414476065,Functional
TRY-GTA5-5,Functional,0,2.35899996757507,3.2782918538350163,Functional
TRY-GTA6-1,Functional,0,2.37100005149841,2.966073582041205,Functional
TRY-GTA7-1,Functional,0,0.805999994277954,1.9953736891503409,Functional
TRY-GTA8-1,Functional,0,0.668500006198883,3.4348346262205243,Functional
VTRNA2-2P,Pseudogene,0,0.300999999046326,1.5512398115580857,Pseudogene
VTRNA2-2P,Pseudogene,0,0.300999999046326,1.5512398115580857,Pseudogene
VTRNA2-2P,Pseudogene,0,0.300999999046326,1.5512398115580857,Pseudogene
VTRNA2-2P,Pseudogene,0,0.300999999046326,1.5512398115580857,Pseudogene
VTRNA3-1P,Pseudogene,0,0.167999997735023,0.7151175857630304,Pseudogene
VTRNA3-1P,Pseudogene,0,0.167999997735023,0.7151175857630304,Pseudogene
VTRNA3-1P,Pseudogene,0,0.167999997735023,0.7151175857630304,Pseudogene
VTRNA3-1P,Pseudogene,0,0.167999997735023,0.7151175857630304,Pseudogene
RN7SL1,Functional,2362115.65,0.28600001335144,3.1597742155453923,Functional
RN7SL100P,Pseudogene,0.19,0.301999986171722,1.4818380007278789,Pseudogene
RN7SL101P,Pseudogene,0.39,0.305000007152557,1.3694520075543952,Pseudogene
RN7SL104P,Pseudogene,0.03,-0.298000007867813,1.17361569657648,Pseudogene
RN7SL105P,Pseudogene,4.67,0.289000004529953,1.1384480629538545,Pseudogene
RN7SL106P,Pseudogene,0,-0.0515000000596046,1.5570540537303423,Pseudogene
RN7SL107P,Pseudogene,2.05,0.0509999990463257,1.165991823328919,Pseudogene
RN7SL108P,Pseudogene,0.17,0.44200000166893,1.2513697821096226,Pseudogene
RN7SL110P,Pseudogene,0.49,-0.17399999499321,0.7364158884182647,Pseudogene
RN7SL111P,Pseudogene,0.21,0.30799999833107,0.7312480576223469,Pseudogene
RN7SL113P,Pseudogene,2.05,0.30799999833107,0.6737753841971793,Pseudogene
RN7SL116P,Pseudogene,1.86,-0.0160000007599592,1.0818874950888002,Pseudogene
RN7SL117P,Pseudogene,0.17,-0.0614999998360872,1.3729429325122275,Pseudogene
RN7SL118P,Pseudogene,4.36,0.282999992370605,1.012124794987222,Pseudogene
RN7SL11P,Pseudogene,1.58,0.30799999833107,1.126196880553188,Pseudogene
RN7SL120P,Pseudogene,0,-0.137000001966953,1.1734554978736986,Pseudogene
RN7SL121P,Pseudogene,0,0.153999999165535,1.730352546608191,Pseudogene
RN7SL122P,Pseudogene,0.1,0.293000012636185,1.14242325281365,Pseudogene
RN7SL123P,Pseudogene,0.23,0.25,1.9151436714612664,Pseudogene
RN7SL124P,Pseudogene,2.21,0.229000002145767,0.840935266265699,Pseudogene
RN7SL125P,Pseudogene,0.9,0.282999992370605,1.016036841968465,Pseudogene
RN7SL126P,Pseudogene,0,0.301999986171722,0.697009018135013,Pseudogene
RN7SL127P,Pseudogene,2.82,0.30799999833107,1.0536065763575315,Pseudogene
RN7SL128P,Pseudogene,53.07,0.211999997496605,1.355206441216497,Pseudogene
RN7SL12P,Pseudogene,0.99,-0.100999999791384,1.0899378376112396,Pseudogene
RN7SL130P,Pseudogene,4.36,0.30799999833107,1.3324298623725224,Pseudogene
RN7SL131P,Pseudogene,0,0.157000005245209,1.4924887113581105,Pseudogene
RN7SL132P,Pseudogene,0.07,-0.0720000006258488,1.2555973827248577,Pseudogene
RN7SL134P,Pseudogene,0.43,0.152999997138977,2.5219611228229457,Pseudogene
RN7SL135P,Pseudogene,0,0.303000003099442,1.2369402845212545,Pseudogene
RN7SL138P,Pseudogene,5.74,0.307000011205673,1.1134334535922146,Pseudogene
RN7SL140P,Pseudogene,0.07,0.29899999499321,1.016036841968465,Pseudogene
RN7SL141P,Pseudogene,9.23,0.30799999833107,1.2013360946652842,Pseudogene
RN7SL143P,Pseudogene,0.19,0.214000001549721,1.286454916187462,Pseudogene
RN7SL144P,Pseudogene,0.71,0.237000003457069,0.9066236511029606,Pseudogene
RN7SL145P,Pseudogene,18.37,-0.028999999165535,1.1851900528524355,Pseudogene
RN7SL146P,Pseudogene,2.91,0.239999994635582,1.473575631269275,Pseudogene
RN7SL147P,Pseudogene,0.19,0.305000007152557,0.7925943711812687,Pseudogene
RN7SL148P,Pseudogene,0.08,0.293999999761581,0.9586164052880768,Pseudogene
RN7SL149P,Pseudogene,0,0.305000007152557,1.0877640145414271,Pseudogene
RN7SL14P,Pseudogene,0.55,0.214000001549721,1.165579957619513,Pseudogene
RN7SL150P,Pseudogene,0,-0.238500006496906,1.45830958056365,Pseudogene
RN7SL151P,Pseudogene,0.53,0.130999997258186,1.7428509359232265,Pseudogene
RN7SL152P,Pseudogene,0.2,-0.136500000953674,1.177235757195708,Pseudogene
RN7SL153P,Pseudogene,13.02,0.109499998390675,0.8445664638121113,Pseudogene
RN7SL154P,Pseudogene,0.29,0.0719999969005585,1.3936594925364174,Pseudogene
RN7SL155P,Pseudogene,0.15,0.305000007152557,1.3999368707712991,Pseudogene
RN7SL156P,Pseudogene,0.13,0.281999990344048,0.9940403283303778,Pseudogene
RN7SL159P,Pseudogene,0,0.165999993681908,1.260902044564561,Pseudogene
RN7SL15P,Pseudogene,7.01,0.215000003576279,1.234740283344046,Pseudogene
RN7SL160P,Pseudogene,1.18,0.277999997138977,0.9417393558992022,Pseudogene
RN7SL162P,Pseudogene,0.35,0.293000012636185,1.1062631145707935,Pseudogene
RN7SL163P,Pseudogene,0.2,0.123000003397465,1.5227710910088548,Pseudogene
RN7SL164P,Pseudogene,0.21,-0.090999998152256,1.3526882386050345,Pseudogene
RN7SL165P,Pseudogene,13.77,0.143999993801117,0.7161707780837419,Pseudogene
RN7SL166P,Pseudogene,3.26,0.306999996304512,1.3769662085049372,Pseudogene
RN7SL167P,Pseudogene,0,0.30799999833107,1.230651739359463,Pseudogene
RN7SL168P,Pseudogene,0.6,0.294999986886978,1.1329102971586362,Pseudogene
RN7SL169P,Pseudogene,0.41,0.159999996423721,1.2499534272160533,Pseudogene
RN7SL16P,Pseudogene,3.74,0.29899999499321,1.4203610041177557,Pseudogene
RN7SL170P,Pseudogene,0.1,0.30799999833107,1.295176644432801,Pseudogene
RN7SL172P,Pseudogene,5.87,0.30799999833107,1.1234190456211304,Pseudogene
RN7SL173P,Pseudogene,3.16,-0.0850000008940697,1.094367812263581,Pseudogene
RN7SL174P,Pseudogene,2.83,-0.100000001490116,1.4302351715260608,Pseudogene
RN7SL176P,Pseudogene,0.3,-0.0379999987781048,1.0525540223351963,Pseudogene
RN7SL177P,Pseudogene,1.68,0.30799999833107,1.277849866580857,Pseudogene
RN7SL178P,Pseudogene,1.16,-0.190999999642372,1.79384289135482,Pseudogene
RN7SL180P,Pseudogene,1.1,0.28999999165535,0.909707405018277,Pseudogene
RN7SL181P,Pseudogene,2.69,0.30799999833107,1.2288663206613808,Pseudogene
RN7SL182P,Pseudogene,0.38,0.187000006437302,1.076762764848906,Pseudogene
RN7SL183P,Pseudogene,0,0.299000009894371,1.2937937529576593,Pseudogene
RN7SL184P,Pseudogene,0,0.282999992370605,0.760177905019864,Pseudogene
RN7SL185P,Pseudogene,0,-0.156000003218651,1.618143292168326,Pseudogene
RN7SL186P,Pseudogene,0.05,0.28600001335144,1.0993342011056495,Pseudogene
RN7SL187P,Pseudogene,0.15,0.23199999332428,1.146345964919521,Pseudogene
RN7SL188P,Pseudogene,0,0.101000003516674,1.157809424568716,Pseudogene
RN7SL189P,Pseudogene,0.02,0.30799999833107,1.1177468147220475,Pseudogene
RN7SL18P,Pseudogene,0.41,0.30799999833107,0.8474687540657612,Pseudogene
RN7SL190P,Pseudogene,0.15,0.0850000008940697,1.459650792063284,Pseudogene
RN7SL191P,Pseudogene,0.36,0.138999998569489,1.0021694691348888,Pseudogene
RN7SL192P,Pseudogene,21.5,0.30799999833107,1.1732985138606051,Pseudogene
RN7SL193P,Pseudogene,0,-0.146999999880791,1.145224539519056,Pseudogene
RN7SL196P,Pseudogene,0.26,-0.0219999998807907,0.6445537002753677,Pseudogene
RN7SL197P,Pseudogene,0,0.30799999833107,1.196532147798439,Pseudogene
RN7SL198P,Pseudogene,0.24,0.32600000500679,1.1308836239973503,Pseudogene
RN7SL199P,Pseudogene,1.55,0.231000006198883,0.024721909421396,Pseudogene
RN7SL19P,Pseudogene,2.19,0.30799999833107,1.2145647885181627,Pseudogene
RN7SL2,Functional,3901077.06,0.305000007152557,2.8945235614217903,Functional
RN7SL200P,Pseudogene,3.95,0.305000007152557,1.206051483925746,Pseudogene
RN7SL201P,Pseudogene,0,0.294999986886978,0.8566225134478,Pseudogene
RN7SL202P,Pseudogene,0.18,0.257999986410141,1.2727065430373672,Pseudogene
RN7SL203P,Pseudogene,0.37,-0.126999996602535,1.044375393107592,Pseudogene
RN7SL204P,Pseudogene,0.42,0.319999992847443,1.140132944804308,Pseudogene
RN7SL205P,Pseudogene,0,-0.0299999993294477,1.2964204120170837,Pseudogene
RN7SL208P,Pseudogene,0.61,0.206000000238419,1.1851900528524355,Pseudogene
RN7SL209P,Pseudogene,0.53,-0.1875,1.5982804013068146,Pseudogene
RN7SL20P,Pseudogene,1.09,0.30799999833107,1.2279796927243958,Pseudogene
RN7SL210P,Pseudogene,0.12,0.185000002384186,0.7839334645517348,Pseudogene
RN7SL211P,Pseudogene,0.21,-0.037499999627471,1.0319605740721165,Pseudogene
RN7SL213P,Pseudogene,1.35,0.44200000166893,1.2052905681630166,Pseudogene
RN7SL214P,Pseudogene,0,-0.118000000715256,1.3500494799688048,Pseudogene
RN7SL215P,Pseudogene,0,0.305000007152557,1.0490219618575616,Pseudogene
RN7SL216P,Pseudogene,0,0.29899999499321,1.5618771432101473,Pseudogene
RN7SL217P,Pseudogene,0.24,0.259500004351139,0.8622846413746033,Pseudogene
RN7SL218P,Pseudogene,0,0.214000001549721,1.1500648799227715,Pseudogene
RN7SL219P,Pseudogene,1.54,0.194999992847443,1.3729429325122275,Pseudogene
RN7SL220P,Pseudogene,14.93,0.306500002741814,1.2041218015514648,Pseudogene
RN7SL221P,Pseudogene,0.2,0.30799999833107,1.359705018176784,Pseudogene
RN7SL222P,Pseudogene,0,-0.0320000015199184,1.3475507683943586,Pseudogene
RN7SL223P,Pseudogene,0,0.305000007152557,1.205066952102133,Pseudogene
RN7SL225P,Pseudogene,0.08,0.29899999499321,1.2355147550766834,Pseudogene
RN7SL228P,Pseudogene,0,-0.0879999995231628,1.1921998035163015,Pseudogene
RN7SL229P,Pseudogene,0.67,-0.116999998688698,1.2197657817362726,Pseudogene
RN7SL22P,Pseudogene,0.09,0.301999986171722,1.1492011760589116,Pseudogene
RN7SL230P,Pseudogene,3.07,-0.0500000007450581,1.3068344000082537,Pseudogene
RN7SL231P,Pseudogene,1.06,0.27700001001358,1.1748360337535502,Pseudogene
RN7SL233P,Pseudogene,0.48,0.25,1.2539452251646743,Pseudogene
RN7SL234P,Pseudogene,0.12,-0.0654999986290932,1.295176644432801,Pseudogene
RN7SL236P,Pseudogene,0.25,0.291999995708466,1.137425455826309,Pseudogene
RN7SL237P,Pseudogene,2.04,0.0590000003576279,0.9682030031236648,Pseudogene
RN7SL238P,Pseudogene,0,-0.046000000089407,1.1378471931106346,Pseudogene
RN7SL239P,Pseudogene,2.53,-0.074499998241663,1.2620122727799006,Pseudogene
RN7SL23P,Pseudogene,6.1,0.136999994516373,1.1367583441220122,Pseudogene
RN7SL240P,Pseudogene,0,0.207000002264977,1.457382492464118,Pseudogene
RN7SL241P,Pseudogene,0.09,-0.0135000003501773,1.30989456084681,Pseudogene
RN7SL242P,Pseudogene,5.47,0.305000007152557,0.760177905019864,Pseudogene
RN7SL244P,Pseudogene,1.3,0.365000009536743,1.1344193351834897,Pseudogene
RN7SL246P,Pseudogene,16.36,0.206000000238419,1.2203937177886468,Pseudogene
RN7SL248P,Pseudogene,0,0.296000003814697,0.9185053489739664,Pseudogene
RN7SL250P,Pseudogene,0.1,0.30799999833107,1.2924384274255434,Pseudogene
RN7SL251P,Pseudogene,0.16,0.419999986886978,0.760177905019864,Pseudogene
RN7SL252P,Pseudogene,0.12,0.30799999833107,1.356625184343142,Pseudogene
RN7SL253P,Pseudogene,0.17,0.284000009298325,1.1851900528524355,Pseudogene
RN7SL254P,Pseudogene,0.84,0.347000002861023,1.1129646933354207,Pseudogene
RN7SL255P,Pseudogene,0.08,0.282000005245209,1.2203937177886468,Pseudogene
RN7SL258P,Pseudogene,1.26,-0.0940000005066395,1.1346532360773416,Pseudogene
RN7SL259P,Pseudogene,0,-0.104000002145767,1.139504137223756,Pseudogene
RN7SL25P,Pseudogene,1.91,0.28099998831749,1.416089988510968,Pseudogene
RN7SL260P,Pseudogene,0.44,0.282000005245209,1.2932977614863317,Pseudogene
RN7SL261P,Pseudogene,0,-0.187000006437302,0.8868327507334846,Pseudogene
RN7SL262P,Pseudogene,0.71,0.204999998211861,0.8860786412515684,Pseudogene
RN7SL263P,Pseudogene,0.46,0.471999987959862,1.5929860703548886,Pseudogene
RN7SL265P,Pseudogene,0.51,0.305000007152557,1.2041218015514648,Pseudogene
RN7SL266P,Pseudogene,0.19,0.44200000166893,0.8172772408720348,Pseudogene
RN7SL267P,Pseudogene,0.07,0.30799999833107,0.6787158695747646,Pseudogene
RN7SL268P,Pseudogene,1.66,0.202000007033348,1.0839893605861468,Pseudogene
RN7SL269P,Pseudogene,1.06,0.44200000166893,0.7174622335852044,Pseudogene
RN7SL26P,Pseudogene,0.14,0.160999998450279,1.0522111708621231,Pseudogene
RN7SL270P,Pseudogene,0.42,0.20100000500679,1.100124969252125,Pseudogene
RN7SL271P,Pseudogene,0.13,0.0949999988079071,0.8477519854469243,Pseudogene
RN7SL272P,Pseudogene,0.38,0.146999999880791,1.201878295400051,Pseudogene
RN7SL273P,Pseudogene,2.77,0.30799999833107,1.312700317487608,Pseudogene
RN7SL274P,Pseudogene,0.78,0.163000002503395,1.4174652146374354,Pseudogene
RN7SL275P,Pseudogene,0.06,0.0640000030398369,1.9803725381429085,Pseudogene
RN7SL277P,Pseudogene,1.82,0.305000007152557,0.8924780981050519,Pseudogene
RN7SL278P,Pseudogene,0.1,0.305000007152557,1.1851900528524355,Pseudogene
RN7SL279P,Pseudogene,0.07,-0.113500002771616,1.4064938432260812,Pseudogene
RN7SL280P,Pseudogene,9.18,0.194999992847443,1.073385820693914,Pseudogene
RN7SL282P,Pseudogene,0.26,0.305000007152557,1.4969657206545015,Pseudogene
RN7SL283P,Pseudogene,0,0.214000001549721,0.7909787157944694,Pseudogene
RN7SL284P,Pseudogene,1.68,0.303000003099442,1.0483438062458557,Pseudogene
RN7SL285P,Pseudogene,1.37,0.30799999833107,1.3683202290357552,Pseudogene
RN7SL286P,Pseudogene,0.29,-0.034000001847744,0.9548943707783226,Pseudogene
RN7SL288P,Pseudogene,19.7,-0.10700000077486,1.0503838078561547,Pseudogene
RN7SL28P,Pseudogene,0,0.44200000166893,1.0606777614337566,Pseudogene
RN7SL290P,Pseudogene,0.02,0.277999997138977,0.6715294662498553,Pseudogene
RN7SL291P,Pseudogene,0.1,-0.150999993085861,0.6850706283780292,Pseudogene
RN7SL292P,Pseudogene,0,0.319999992847443,1.331916104954989,Pseudogene
RN7SL293P,Pseudogene,0.14,0.263999998569489,1.5080364747051604,Pseudogene
RN7SL294P,Pseudogene,0,0.293000012636185,1.4011456426136666,Pseudogene
RN7SL296P,Pseudogene,15,0.279000014066696,1.1849153308295222,Pseudogene
RN7SL297P,Pseudogene,1.75,0.189999997615814,0.7468463523668509,Pseudogene
RN7SL299P,Pseudogene,0,0.30799999833107,0.8063315635389272,Pseudogene
RN7SL3,Functional,100883.77,0.266999989748001,1.4637189380835274,Functional
RN7SL300P,Pseudogene,6.17,0.291999995708466,1.288882189614231,Pseudogene
RN7SL301P,Pseudogene,6.21,0.209999993443489,1.5968445419387325,Pseudogene
RN7SL302P,Pseudogene,0,0.30799999833107,1.227277990042839,Pseudogene
RN7SL303P,Pseudogene,0.12,0.301999986171722,1.3423208866513798,Pseudogene
RN7SL304P,Pseudogene,0.37,0.266999989748001,0.9693288205691576,Pseudogene
RN7SL305P,Pseudogene,0,0.211999997496605,1.1990126069377094,Pseudogene
RN7SL306P,Pseudogene,0.66,-0.0139999999664724,1.3377392675760165,Pseudogene
RN7SL307P,Pseudogene,0,0.214000001549721,1.2834023113015938,Pseudogene
RN7SL308P,Pseudogene,4.14,0.305000007152557,1.1811995139539426,Pseudogene
RN7SL309P,Pseudogene,0,-0.214500002563,1.117326577555824,Pseudogene
RN7SL30P,Pseudogene,3.57,0.305000007152557,1.4983416082653973,Pseudogene
RN7SL310P,Pseudogene,0.24,0.197999998927116,1.1866516522270114,Pseudogene
RN7SL311P,Pseudogene,0.24,0.270000010728836,0.5448514939146899,Pseudogene
RN7SL313P,Pseudogene,0.18,0.184000000357628,0.735691405194705,Pseudogene
RN7SL314P,Pseudogene,0.19,-0.175499998033047,1.2014255330284964,Pseudogene
RN7SL316P,Pseudogene,0.59,0.277999997138977,1.2259158613080523,Pseudogene
RN7SL317P,Pseudogene,0.12,0.365000009536743,1.84756823069476,Pseudogene
RN7SL318P,Pseudogene,0.19,0.305000007152557,2.0115476871294864,Pseudogene
RN7SL319P,Pseudogene,0,-0.0659999996423721,1.4616689115596009,Pseudogene
RN7SL320P,Pseudogene,0.39,-0.0949999988079071,1.1185616474646918,Pseudogene
RN7SL321P,Pseudogene,5.77,-0.118000000715256,0.6273081163215116,Pseudogene
RN7SL322P,Pseudogene,0.1,0.307000011205673,1.3359339514254416,Pseudogene
RN7SL323P,Pseudogene,0.06,0.214000001549721,1.0596899818086554,Pseudogene
RN7SL325P,Pseudogene,0,-0.181999996304512,0.8591518698213088,Pseudogene
RN7SL326P,Pseudogene,2.82,0.217999994754791,1.1617209428949618,Pseudogene
RN7SL327P,Pseudogene,1.36,-0.0829999968409538,0.98128242710084,Pseudogene
RN7SL328P,Pseudogene,2.63,0.303000003099442,1.2851684612712748,Pseudogene
RN7SL329P,Pseudogene,6.33,0.30799999833107,1.312700317487608,Pseudogene
RN7SL32P,Pseudogene,0.76,0.252000004053116,1.1742906975163134,Pseudogene
RN7SL330P,Pseudogene,0.1,0.174999997019768,1.3463777347590606,Pseudogene
RN7SL331P,Pseudogene,1.35,0.187000006437302,0.3093741782248391,Pseudogene
RN7SL332P,Pseudogene,0.07,0.226999998092651,1.1623677293898529,Pseudogene
RN7SL333P,Pseudogene,2.14,-0.0390000008046627,0.760177905019864,Pseudogene
RN7SL334P,Pseudogene,2.73,0.305000007152557,0.9212677141729568,Pseudogene
RN7SL335P,Pseudogene,0,-0.126500003039837,1.371090108041901,Pseudogene
RN7SL336P,Pseudogene,1.37,-0.0010000000474974,1.2045896033391692,Pseudogene
RN7SL337P,Pseudogene,1.08,0.293000012636185,1.5809291478330307,Pseudogene
RN7SL338P,Pseudogene,0.33,0.30799999833107,1.2091798085939491,Pseudogene
RN7SL339P,Pseudogene,0,0.0850000008940697,1.5254921472358085,Pseudogene
RN7SL33P,Pseudogene,0.11,0.27700001001358,1.208590539681379,Pseudogene
RN7SL340P,Pseudogene,0,0.305000007152557,1.3729429325122275,Pseudogene
RN7SL341P,Pseudogene,0.19,0.30799999833107,1.2122031559242932,Pseudogene
RN7SL342P,Pseudogene,0,0.284000009298325,1.4059114441191551,Pseudogene
RN7SL343P,Pseudogene,0.06,0.287000000476837,1.3441235848441415,Pseudogene
RN7SL344P,Pseudogene,2.38,-0.0850000008940697,0.6688696337880082,Pseudogene
RN7SL346P,Pseudogene,0.88,-0.144499994814396,1.1814381883354246,Pseudogene
RN7SL34P,Pseudogene,0.64,0.204999998211861,1.2478612687018384,Pseudogene
RN7SL350P,Pseudogene,0,0.305000007152557,1.1732985138606051,Pseudogene
RN7SL351P,Pseudogene,1.58,0.196999996900558,0.9103743459310468,Pseudogene
RN7SL352P,Pseudogene,0,0.305000007152557,1.178708511654794,Pseudogene
RN7SL353P,Pseudogene,0.42,0.224000006914139,1.3507776619968357,Pseudogene
RN7SL354P,Pseudogene,0.7,0.413499996066093,1.3232107709356753,Pseudogene
RN7SL356P,Pseudogene,6.42,0.219999998807907,1.358558639312485,Pseudogene
RN7SL357P,Pseudogene,0,0.30799999833107,1.1539241580433175,Pseudogene
RN7SL359P,Pseudogene,42.08,0.305000007152557,0.9286596426228244,Pseudogene
RN7SL35P,Pseudogene,0,-0.161499999463558,1.1300537191852196,Pseudogene
RN7SL361P,Pseudogene,0.1,0.30799999833107,1.3287611516862443,Pseudogene
RN7SL362P,Pseudogene,6.98,0.30799999833107,1.4570186017044515,Pseudogene
RN7SL363P,Pseudogene,0.58,0.282999992370605,1.030577619671055,Pseudogene
RN7SL364P,Pseudogene,5.38,0.203999996185303,1.1620660768649245,Pseudogene
RN7SL366P,Pseudogene,0.38,-0.105000000447035,1.320378556100625,Pseudogene
RN7SL368P,Pseudogene,19.63,0.206000000238419,1.0407745368866796,Pseudogene
RN7SL369P,Pseudogene,0.19,0.284000009298325,1.1616816968916883,Pseudogene
RN7SL36P,Pseudogene,3.39,-0.0700000002980232,1.0697152292210963,Pseudogene
RN7SL370P,Pseudogene,0,0.30799999833107,0.7182343210036441,Pseudogene
RN7SL371P,Pseudogene,0,0.175999999046326,1.4570186017044515,Pseudogene
RN7SL372P,Pseudogene,0.16,0.202999994158745,0.8392175694860492,Pseudogene
RN7SL375P,Pseudogene,1.89,-0.0449999999254942,1.3287611516862443,Pseudogene
RN7SL376P,Pseudogene,0.21,0.268999993801117,1.4472617807108952,Pseudogene
RN7SL377P,Pseudogene,15.93,0.125,1.4993215569954594,Pseudogene
RN7SL378P,Pseudogene,0.74,0.305000007152557,1.1888915567719032,Pseudogene
RN7SL379P,Pseudogene,0.1,0.214000001549721,1.2565986246172414,Pseudogene
RN7SL37P,Pseudogene,3.47,-0.0299999993294477,1.3237495375362194,Pseudogene
RN7SL380P,Pseudogene,0.07,0.282000005245209,1.477334752777615,Pseudogene
RN7SL381P,Pseudogene,12.82,0.305000007152557,2.0397649258341475,Pseudogene
RN7SL382P,Pseudogene,2.28,0.30799999833107,1.145492303030751,Pseudogene
RN7SL383P,Pseudogene,0,0.303000003099442,1.4059114441191551,Pseudogene
RN7SL384P,Pseudogene,0.85,0.30799999833107,1.0839893605861468,Pseudogene
RN7SL385P,Pseudogene,0.96,0.261000007390976,1.3843373554625953,Pseudogene
RN7SL386P,Pseudogene,0,0.287000000476837,1.2630648268022358,Pseudogene
RN7SL387P,Pseudogene,0.44,0.277999997138977,1.2468716879970787,Pseudogene
RN7SL388P,Pseudogene,1.03,0.30799999833107,0.7479653804735954,Pseudogene
RN7SL38P,Pseudogene,0,-0.209000006318092,1.2673319377035943,Pseudogene
RN7SL390P,Pseudogene,2.54,0.284000009298325,1.1496558370717531,Pseudogene
RN7SL391P,Pseudogene,0.21,0.163000002503395,1.1618862183171974,Pseudogene
RN7SL392P,Pseudogene,0,0.206000000238419,1.103597612047104,Pseudogene
RN7SL393P,Pseudogene,10,-0.183000005781651,0.9152952883414848,Pseudogene
RN7SL394P,Pseudogene,9.51,-0.149000003933907,1.181681783838174,Pseudogene
RN7SL395P,Pseudogene,0.41,0.230000004172325,1.3010435801854645,Pseudogene
RN7SL396P,Pseudogene,23.71,0.145999997854233,1.1538846468583135,Pseudogene
RN7SL397P,Pseudogene,0.2,0.282999992370605,0.722659573724098,Pseudogene
RN7SL398P,Pseudogene,8.41,0.305000007152557,1.2355147550766834,Pseudogene
RN7SL399P,Pseudogene,1.14,0.279000014066696,1.4068006986695152,Pseudogene
RN7SL39P,Pseudogene,0.62,0.305000007152557,1.1928945586465558,Pseudogene
RN7SL400P,Pseudogene,0,0.273999989032745,1.4081465974484384,Pseudogene
RN7SL401P,Pseudogene,0.06,0.30799999833107,1.2937937529576593,Pseudogene
RN7SL402P,Pseudogene,0.56,0.30799999833107,1.3156925279189955,Pseudogene
RN7SL403P,Pseudogene,0.96,0.214000001549721,1.4804776248583582,Pseudogene
RN7SL404P,Pseudogene,14.04,0.216999992728233,1.100124969252125,Pseudogene
RN7SL405P,Pseudogene,0.2,-0.0160000007599592,1.213897078354052,Pseudogene
RN7SL408P,Pseudogene,0.51,0.305000007152557,1.3612083775334904,Pseudogene
RN7SL40P,Pseudogene,0.55,0.28999999165535,0.6906231655322166,Pseudogene
RN7SL411P,Pseudogene,5.8,0.305000007152557,0.7409980317239783,Pseudogene
RN7SL413P,Pseudogene,1.2,-0.158999994397163,1.075944111720423,Pseudogene
RN7SL414P,Pseudogene,1.26,-0.0379999987781048,1.1696238064520703,Pseudogene
RN7SL415P,Pseudogene,0.19,0.239999994635582,1.1658219465380495,Pseudogene
RN7SL416P,Pseudogene,0,0.202999994158745,1.4103517487196109,Pseudogene
RN7SL417P,Pseudogene,6.37,-0.172000005841255,1.9791987521872767,Pseudogene
RN7SL418P,Pseudogene,0,-0.122000001370907,0.89558777788939,Pseudogene
RN7SL419P,Pseudogene,1.44,0.282999992370605,1.294971516677902,Pseudogene
RN7SL41P,Pseudogene,0,-0.187000006437302,1.1344193351834897,Pseudogene
RN7SL420P,Pseudogene,0.05,0.232999995350838,1.1888915567719032,Pseudogene
RN7SL422P,Pseudogene,0,0.293999999761581,1.450588819287242,Pseudogene
RN7SL423P,Pseudogene,0.07,-0.111000001430511,0.7198223067219978,Pseudogene
RN7SL424P,Pseudogene,0.13,0.30799999833107,1.4903290862960636,Pseudogene
RN7SL425P,Pseudogene,0,0.284000009298325,0.8742642593682142,Pseudogene
RN7SL426P,Pseudogene,0.18,0.214000001549721,1.295176644432801,Pseudogene
RN7SL428P,Pseudogene,2.47,0.165999993681908,0.9843723852608516,Pseudogene
RN7SL429P,Pseudogene,0,-0.122000001370907,2.040444411908096,Pseudogene
RN7SL42P,Pseudogene,0.15,-0.0570000000298023,1.0751087513852364,Pseudogene
RN7SL430P,Pseudogene,1.44,0.310000002384186,1.0908287140564763,Pseudogene
RN7SL431P,Pseudogene,23.09,-0.135000005364418,0.7744036806951412,Pseudogene
RN7SL432P,Pseudogene,0.37,0.27700001001358,0.8042501707574639,Pseudogene
RN7SL434P,Pseudogene,1.71,0.305000007152557,1.1535370650684624,Pseudogene
RN7SL435P,Pseudogene,0.59,0.200000002980232,1.2563463968724369,Pseudogene
RN7SL438P,Pseudogene,0,0.282999992370605,1.1919883005707446,Pseudogene
RN7SL43P,Pseudogene,0.06,0.200000002980232,1.4084691968980256,Pseudogene
RN7SL440P,Pseudogene,0.31,0.282999992370605,2.136715352046639,Pseudogene
RN7SL441P,Pseudogene,2.47,0.28999999165535,1.0795790580438027,Pseudogene
RN7SL442P,Pseudogene,0.57,0.194999992847443,1.3133900659951372,Pseudogene
RN7SL443P,Pseudogene,4.44,0.30799999833107,1.3055299373585176,Pseudogene
RN7SL444P,Pseudogene,11.06,0.30799999833107,0.7409980317239783,Pseudogene
RN7SL445P,Pseudogene,0.08,0.307000011205673,1.102487472541542,Pseudogene
RN7SL446P,Pseudogene,0.18,-0.105999998748302,1.2438628277461206,Pseudogene
RN7SL447P,Pseudogene,0,-0.108999997377396,1.049117111241857,Pseudogene
RN7SL448P,Pseudogene,0.46,0.30799999833107,1.1185616474646918,Pseudogene
RN7SL449P,Pseudogene,18.44,0.30799999833107,1.2023405562828977,Pseudogene
RN7SL44P,Pseudogene,0.17,0.214000001549721,0.7590935962404165,Pseudogene
RN7SL451P,Pseudogene,0,0.159999996423721,1.394018036270026,Pseudogene
RN7SL452P,Pseudogene,2.56,-0.138999998569489,1.157809424568716,Pseudogene
RN7SL453P,Pseudogene,0.04,0.301999986171722,1.0557532746827198,Pseudogene
RN7SL454P,Pseudogene,0.03,-0.180000007152557,1.5437458994249549,Pseudogene
RN7SL455P,Pseudogene,1.47,0.305000007152557,1.749031258391039,Pseudogene
RN7SL456P,Pseudogene,0,0.30799999833107,1.3422739769576302,Pseudogene
RN7SL457P,Pseudogene,0.2,0.30799999833107,1.2465613665217186,Pseudogene
RN7SL459P,Pseudogene,0.18,0.30799999833107,1.4836829381062686,Pseudogene
RN7SL45P,Pseudogene,0.85,0.206000000238419,1.165579957619513,Pseudogene
RN7SL460P,Pseudogene,0.09,0.300000011920929,1.319364227996909,Pseudogene
RN7SL461P,Pseudogene,0,0.305000007152557,1.2193950322585414,Pseudogene
RN7SL462P,Pseudogene,0.06,0.284999996423721,1.0779604987363909,Pseudogene
RN7SL464P,Pseudogene,3.2,0.305000007152557,0.8186531284829306,Pseudogene
RN7SL465P,Pseudogene,5.5,0.214000001549721,1.0385665934669546,Pseudogene
RN7SL466P,Pseudogene,0,-0.104000002145767,0.7771059866596806,Pseudogene
RN7SL468P,Pseudogene,0.32,-0.195500001311302,0.968779314435048,Pseudogene
RN7SL469P,Pseudogene,0.64,-0.0659999996423721,1.7000745981008996,Pseudogene
RN7SL470P,Pseudogene,0.38,0.123000003397465,1.7031868369138257,Pseudogene
RN7SL471P,Pseudogene,640.66,0.677999973297119,1.568270290803779,Pseudogene
RN7SL472P,Pseudogene,1.41,0.146999999880791,1.7426414888559856,Pseudogene
RN7SL473P,Pseudogene,15.71,0.282999992370605,1.2081489647673558,Pseudogene
RN7SL474P,Pseudogene,0.16,0.184000000357628,1.6617065495471277,Pseudogene
RN7SL475P,Pseudogene,0.24,-0.120999999344349,1.2122031559242932,Pseudogene
RN7SL477P,Pseudogene,0.69,0.211999997496605,1.1537611398674268,Pseudogene
RN7SL478P,Pseudogene,0.39,0.223000004887581,1.456974947024391,Pseudogene
RN7SL479P,Pseudogene,0.06,0.30799999833107,0.7062637489869168,Pseudogene
RN7SL47P,Pseudogene,1.69,0.305000007152557,1.3475507683943586,Pseudogene
RN7SL480P,Pseudogene,0,0.305000007152557,1.3232107709356753,Pseudogene
RN7SL481P,Pseudogene,4.84,0.226999998092651,1.1849153308295222,Pseudogene
RN7SL482P,Pseudogene,2.45,0.30799999833107,0.9208081665194152,Pseudogene
RN7SL483P,Pseudogene,0.67,0.303000003099442,1.060309683552403,Pseudogene
RN7SL484P,Pseudogene,0,0.17399999499321,1.8054948947482448,Pseudogene
RN7SL487P,Pseudogene,0.34,0.305999994277954,1.1914666752829228,Pseudogene
RN7SL488P,Pseudogene,0.23,0.270999997854233,1.2994993891138389,Pseudogene
RN7SL489P,Pseudogene,0.03,-0.0450000017881393,0.7164919308990261,Pseudogene
RN7SL48P,Pseudogene,0.15,0.272000014781952,0.9839404324833116,Pseudogene
RN7SL491P,Pseudogene,0,0.18299999833107,1.4461857496471695,Pseudogene
RN7SL492P,Pseudogene,0,0.291999995708466,1.2716279781703863,Pseudogene
RN7SL493P,Pseudogene,0.35,0.305000007152557,1.5334198398970285,Pseudogene
RN7SL494P,Pseudogene,0.64,-0.197499997913837,1.119723588234219,Pseudogene
RN7SL495P,Pseudogene,0,-0.126000002026558,1.5388606275913312,Pseudogene
RN7SL496P,Pseudogene,0,0.252000004053116,1.0899378376112396,Pseudogene
RN7SL497P,Pseudogene,0,0.214000001549721,1.327057313874442,Pseudogene
RN7SL498P,Pseudogene,0.56,0.44200000166893,1.456974947024391,Pseudogene
RN7SL499P,Pseudogene,0.23,0.284000009298325,0.8054326431782373,Pseudogene
RN7SL49P,Pseudogene,1.64,0.30799999833107,1.0606777614337566,Pseudogene
RN7SL4P,Pseudogene,599.31,0.0850000008940697,1.1421103137271065,Pseudogene
RN7SL500P,Pseudogene,0,0.239999994635582,1.234458828982673,Pseudogene
RN7SL502P,Pseudogene,2.21,0.284000009298325,1.0420284821118444,Pseudogene
RN7SL503P,Pseudogene,0.1,0.30799999833107,1.3526882386050345,Pseudogene
RN7SL504P,Pseudogene,0,0.26800000667572,1.0408182283579397,Pseudogene
RN7SL505P,Pseudogene,3.61,0.301999986171722,1.149906288564834,Pseudogene
RN7SL507P,Pseudogene,2.1,0.305000007152557,1.2790664926823316,Pseudogene
RN7SL508P,Pseudogene,1.09,0.30799999833107,1.3297613193066442,Pseudogene
RN7SL509P,Pseudogene,0,-0.0469999983906746,1.1811995139539426,Pseudogene
RN7SL50P,Pseudogene,0.2,0.30799999833107,1.2937937529576593,Pseudogene
RN7SL510P,Pseudogene,0.29,0.159999996423721,1.4131438223823491,Pseudogene
RN7SL513P,Pseudogene,2.49,0.305000007152557,1.1539241580433175,Pseudogene
RN7SL515P,Pseudogene,0.68,0.20100000500679,1.075944111720423,Pseudogene
RN7SL516P,Pseudogene,0.41,0.28099998831749,0.8654333072533837,Pseudogene
RN7SL517P,Pseudogene,12.92,0.239999994635582,0.6035793393653307,Pseudogene
RN7SL518P,Pseudogene,0.08,-0.0329999998211861,1.0544335830893663,Pseudogene
RN7SL519P,Pseudogene,0.22,0.28099998831749,0.8924780981050519,Pseudogene
RN7SL51P,Pseudogene,0,0.305000007152557,0.8653102015197772,Pseudogene
RN7SL520P,Pseudogene,0.32,0.239999994635582,1.2266302644906326,Pseudogene
RN7SL521P,Pseudogene,10.42,-0.132500000298023,1.321540050265302,Pseudogene
RN7SL523P,Pseudogene,0.2,0.305000007152557,1.3054495525338543,Pseudogene
RN7SL524P,Pseudogene,0.3,0.146999999880791,1.933541739029756,Pseudogene
RN7SL525P,Pseudogene,0.37,0.151500001549721,1.798739641740684,Pseudogene
RN7SL526P,Pseudogene,1.18,0.305000007152557,1.284841806574688,Pseudogene
RN7SL52P,Pseudogene,0,-0.0590000003576279,2.3604635803707272,Pseudogene
RN7SL530P,Pseudogene,0.46,0.30799999833107,1.2588263542290736,Pseudogene
RN7SL531P,Pseudogene,0.23,0.305000007152557,1.2193950322585414,Pseudogene
RN7SL535P,Pseudogene,9,-0.165000006556511,1.1030481680012767,Pseudogene
RN7SL536P,Pseudogene,0.06,-0.013499999884516,1.724736797978225,Pseudogene
RN7SL538P,Pseudogene,0.18,-0.028999999165535,0.7769510612237437,Pseudogene
RN7SL539P,Pseudogene,0.16,-0.158999994397163,0.7877878558921161,Pseudogene
RN7SL541P,Pseudogene,4.11,0.301999986171722,1.1782654214692234,Pseudogene
RN7SL542P,Pseudogene,0,-0.218999996781349,1.5122408810693433,Pseudogene
RN7SL543P,Pseudogene,0.17,-0.293999999761581,1.103597612047104,Pseudogene
RN7SL544P,Pseudogene,0.16,0.277999997138977,0.0366911437363325,Pseudogene
RN7SL545P,Pseudogene,0.06,-0.145000003278255,1.2695979207339714,Pseudogene
RN7SL546P,Pseudogene,0.77,0.194999992847443,1.3055299373585176,Pseudogene
RN7SL547P,Pseudogene,0.02,0.207000002264977,1.4253033261070056,Pseudogene
RN7SL549P,Pseudogene,0.4,0.231000006198883,1.182443667644646,Pseudogene
RN7SL551P,Pseudogene,0.06,0.30799999833107,1.3404169512624398,Pseudogene
RN7SL552P,Pseudogene,3.13,0.305000007152557,1.1955640797176958,Pseudogene
RN7SL553P,Pseudogene,0.07,-0.141500003635883,1.014054563128976,Pseudogene
RN7SL554P,Pseudogene,0,0.195999994874001,1.3441691607150503,Pseudogene
RN7SL555P,Pseudogene,9.05,0.30799999833107,1.2500243344901183,Pseudogene
RN7SL556P,Pseudogene,0.11,0.193000003695488,1.3986959491434152,Pseudogene
RN7SL557P,Pseudogene,0,0.144999995827675,1.3966582219447798,Pseudogene
RN7SL558P,Pseudogene,16.56,-0.141000002622604,1.103597612047104,Pseudogene
RN7SL559P,Pseudogene,5.13,-0.0500000007450581,1.356625184343142,Pseudogene
RN7SL55P,Pseudogene,0.95,0.204999998211861,1.2279796927243958,Pseudogene
RN7SL560P,Pseudogene,0.09,0.097000002861023,1.460418705990085,Pseudogene
RN7SL561P,Pseudogene,0.11,0.160999998450279,1.1372078333842193,Pseudogene
RN7SL563P,Pseudogene,2.42,0.30799999833107,1.270482153805269,Pseudogene
RN7SL564P,Pseudogene,0,0.118000000715256,1.3615838832928102,Pseudogene
RN7SL565P,Pseudogene,0.26,0.300000011920929,0.6482102060085417,Pseudogene
RN7SL566P,Pseudogene,3.34,-0.0839999988675117,1.0795790580438027,Pseudogene
RN7SL567P,Pseudogene,0,0.125,1.215126722814692,Pseudogene
RN7SL568P,Pseudogene,0,0.266999989748001,1.3404169512624398,Pseudogene
RN7SL569P,Pseudogene,1.91,0.354999989271164,1.2542935432827758,Pseudogene
RN7SL570P,Pseudogene,0.07,0.284000009298325,1.3560644630222634,Pseudogene
RN7SL571P,Pseudogene,0.45,0.222000002861023,1.2245306456455574,Pseudogene
RN7SL573P,Pseudogene,0,0.263999998569489,1.3591675853632754,Pseudogene
RN7SL574P,Pseudogene,1.45,0.305000007152557,1.391710318420982,Pseudogene
RN7SL575P,Pseudogene,0.74,0.146999999880791,0.697009018135013,Pseudogene
RN7SL577P,Pseudogene,1.38,0.30799999833107,1.2609805614114729,Pseudogene
RN7SL578P,Pseudogene,0.58,0.30799999833107,0.810057477260091,Pseudogene
RN7SL57P,Pseudogene,7.73,0.30799999833107,1.1977338874848786,Pseudogene
RN7SL580P,Pseudogene,0.07,-0.127000004053116,1.1739461412874437,Pseudogene
RN7SL581P,Pseudogene,0.46,-0.0579999983310699,1.0116781379726645,Pseudogene
RN7SL582P,Pseudogene,0.8,-0.0410000011324883,0.9835155326981566,Pseudogene
RN7SL583P,Pseudogene,0.19,-0.10700000077486,0.7261522523427487,Pseudogene
RN7SL584P,Pseudogene,0,0.266999989748001,1.9647675083590328,Pseudogene
RN7SL585P,Pseudogene,0,0.305000007152557,1.0668386840668884,Pseudogene
RN7SL586P,Pseudogene,0,0.207000002264977,1.2321282727673837,Pseudogene
RN7SL587P,Pseudogene,2.08,-0.12899999320507,1.458592655862368,Pseudogene
RN7SL589P,Pseudogene,1.17,0.184000000357628,1.120460733453596,Pseudogene
RN7SL58P,Pseudogene,0,0.206000000238419,1.311396389052321,Pseudogene
RN7SL591P,Pseudogene,0.58,0.30799999833107,1.153844323799645,Pseudogene
RN7SL592P,Pseudogene,0.35,0.305000007152557,1.7799774783405171,Pseudogene
RN7SL594P,Pseudogene,0.07,0.105999998748302,1.028715690818894,Pseudogene
RN7SL596P,Pseudogene,0.19,0.144999995827675,1.2422330284435184,Pseudogene
RN7SL597P,Pseudogene,0.44,0.294999986886978,1.0795790580438027,Pseudogene
RN7SL598P,Pseudogene,0.07,-0.170500002801418,1.3468395347023838,Pseudogene
RN7SL5P,Pseudogene,215.75,0.0149999996647239,1.9801787354773368,Pseudogene
RN7SL600P,Pseudogene,7.29,0.30799999833107,1.2662330496119405,Pseudogene
RN7SL601P,Pseudogene,0,0.207000002264977,1.17361569657648,Pseudogene
RN7SL602P,Pseudogene,0.14,0.218999996781349,1.7259936792181785,Pseudogene
RN7SL604P,Pseudogene,0.48,-0.119999997317791,0.97396806323517,Pseudogene
RN7SL605P,Pseudogene,0.78,-0.153999999165535,1.2484564257805018,Pseudogene
RN7SL606P,Pseudogene,0.67,0.305000007152557,1.0906327685357189,Pseudogene
RN7SL607P,Pseudogene,0.2,0.30799999833107,1.394018036270026,Pseudogene
RN7SL608P,Pseudogene,8.57,-0.131999999284744,1.2574059342090356,Pseudogene
RN7SL60P,Pseudogene,0.06,-0.172999992966652,1.1732985138606051,Pseudogene
RN7SL610P,Pseudogene,0.95,0.146999999880791,1.0145752689519678,Pseudogene
RN7SL612P,Pseudogene,0.45,0.303000003099442,0.7417829872660587,Pseudogene
RN7SL614P,Pseudogene,0.93,-0.333499997854233,1.364561107527415,Pseudogene
RN7SL615P,Pseudogene,0.78,0.305000007152557,1.282137953381464,Pseudogene
RN7SL616P,Pseudogene,0.63,0.284000009298325,1.1233764305294978,Pseudogene
RN7SL617P,Pseudogene,0.27,0.305000007152557,1.206678004177136,Pseudogene
RN7SL618P,Pseudogene,0.1,-0.0654999986290932,1.2790664926823316,Pseudogene
RN7SL619P,Pseudogene,0.24,0.195999994874001,1.1981981254257643,Pseudogene
RN7SL620P,Pseudogene,0.27,-0.12899999320507,1.2036632631654969,Pseudogene
RN7SL621P,Pseudogene,0.31,0.266999989748001,1.1616816968916883,Pseudogene
RN7SL622P,Pseudogene,0,0.165000006556511,1.7430294609870851,Pseudogene
RN7SL623P,Pseudogene,0.5,0.30799999833107,1.10925612611906,Pseudogene
RN7SL624P,Pseudogene,0.2,0.180500000715256,1.6367593663867102,Pseudogene
RN7SL625P,Pseudogene,0,0.214000001549721,0.9310220115088644,Pseudogene
RN7SL627P,Pseudogene,0.53,0.266000002622604,0.768051796496079,Pseudogene
RN7SL628P,Pseudogene,0.19,-0.0160000007599592,1.7000745981008996,Pseudogene
RN7SL629P,Pseudogene,0.47,0.214000001549721,1.0359347482983248,Pseudogene
RN7SL62P,Pseudogene,0.02,0.199000000953674,1.1695044692613294,Pseudogene
RN7SL630P,Pseudogene,8.45,0.0689999982714653,1.2045896033391692,Pseudogene
RN7SL632P,Pseudogene,0,-0.096000000834465,1.2535680987811662,Pseudogene
RN7SL633P,Pseudogene,0,0.30799999833107,0.912213486023837,Pseudogene
RN7SL634P,Pseudogene,0.23,0.284000009298325,1.1776349284140708,Pseudogene
RN7SL635P,Pseudogene,0.07,-0.0509999990463257,1.3494738225547531,Pseudogene
RN7SL636P,Pseudogene,0.06,0.29899999499321,1.358653916585738,Pseudogene
RN7SL638P,Pseudogene,2.16,0.30799999833107,1.1378471931106346,Pseudogene
RN7SL63P,Pseudogene,0,0.29899999499321,1.1540008409352662,Pseudogene
RN7SL640P,Pseudogene,0.02,0.28999999165535,0.0532326172215501,Pseudogene
RN7SL643P,Pseudogene,0.02,0.29899999499321,1.515894813610587,Pseudogene
RN7SL644P,Pseudogene,0.1,0.180999994277954,1.3813247574970395,Pseudogene
RN7SL645P,Pseudogene,0.07,-0.256000012159348,1.291237276470687,Pseudogene
RN7SL646P,Pseudogene,1.8,-0.126000002026558,1.2279796927243958,Pseudogene
RN7SL647P,Pseudogene,0,-0.106499999761581,1.157809424568716,Pseudogene
RN7SL648P,Pseudogene,35.23,0.29899999499321,0.9116306764876602,Pseudogene
RN7SL649P,Pseudogene,0.08,0.164000004529953,1.098866399317945,Pseudogene
RN7SL650P,Pseudogene,14.43,0.347000002861023,1.2662330496119405,Pseudogene
RN7SL652P,Pseudogene,1.13,0.282000005245209,1.3893713094824591,Pseudogene
RN7SL653P,Pseudogene,5.54,-0.063000001013279,0.6638634243260898,Pseudogene
RN7SL654P,Pseudogene,0.07,0.0850000008940697,0.8326711615048985,Pseudogene
RN7SL655P,Pseudogene,2.46,-0.122999999672174,1.107300959738537,Pseudogene
RN7SL656P,Pseudogene,8.22,0.224000006914139,0.0370828641320941,Pseudogene
RN7SL657P,Pseudogene,40.23,0.105999998748302,1.6952226728326931,Pseudogene
RN7SL658P,Pseudogene,0.64,0.305000007152557,0.768051796496079,Pseudogene
RN7SL659P,Pseudogene,0.08,0.30799999833107,1.3591675853632754,Pseudogene
RN7SL65P,Pseudogene,1.12,0.263999998569489,0.6395518726189099,Pseudogene
RN7SL660P,Pseudogene,5.34,0.0040000001899898,1.2081489647673558,Pseudogene
RN7SL663P,Pseudogene,2.42,0.214000001549721,1.2197657817362726,Pseudogene
RN7SL664P,Pseudogene,14.75,0.165999993681908,0.9338397326029644,Pseudogene
RN7SL665P,Pseudogene,0.31,-0.126000002026558,1.0536065763575315,Pseudogene
RN7SL666P,Pseudogene,0.76,-0.100499998778105,1.2911098517394564,Pseudogene
RN7SL667P,Pseudogene,0.06,0.419999986886978,0.8974965673670249,Pseudogene
RN7SL668P,Pseudogene,0.1,-0.096000000834465,0.8368325543912503,Pseudogene
RN7SL66P,Pseudogene,0.2,0.18299999833107,1.3025356026398056,Pseudogene
RN7SL670P,Pseudogene,0.07,0.272000014781952,0.909707405018277,Pseudogene
RN7SL671P,Pseudogene,0,0.211999997496605,1.0644376967809164,Pseudogene
RN7SL672P,Pseudogene,1.8,0.305000007152557,1.2381621291129172,Pseudogene
RN7SL673P,Pseudogene,0.15,-0.168999999761581,1.494893181088722,Pseudogene
RN7SL674P,Pseudogene,39.15,-0.304000005125999,0.8967760270295874,Pseudogene
RN7SL675P,Pseudogene,0,0.374000012874603,1.2045896033391692,Pseudogene
RN7SL676P,Pseudogene,0,0.105999998748302,1.3196537527342354,Pseudogene
RN7SL677P,Pseudogene,1.47,0.0350000001490116,1.295730296460914,Pseudogene
RN7SL678P,Pseudogene,0.22,0.130999997258186,0.975812625389018,Pseudogene
RN7SL679P,Pseudogene,0.22,0.284000009298325,0.7312480576223469,Pseudogene
RN7SL67P,Pseudogene,2.44,0.214000001549721,1.2086591628099097,Pseudogene
RN7SL680P,Pseudogene,0.47,0.206000000238419,1.277849866580857,Pseudogene
RN7SL681P,Pseudogene,0.73,0.29899999499321,1.2371114399501348,Pseudogene
RN7SL683P,Pseudogene,2.88,0.305000007152557,1.286454916187462,Pseudogene
RN7SL684P,Pseudogene,0.64,0.0034999998752027,1.2168813339854874,Pseudogene
RN7SL685P,Pseudogene,0.39,0.30799999833107,1.282137953381464,Pseudogene
RN7SL687P,Pseudogene,0,0.282999992370605,0.8896851367738555,Pseudogene
RN7SL688P,Pseudogene,2.2,-0.133000001311302,1.060974454513878,Pseudogene
RN7SL689P,Pseudogene,13.75,0.284000009298325,1.1811995139539426,Pseudogene
RN7SL68P,Pseudogene,8.68,-0.0345000009983778,0.7731179060829814,Pseudogene
RN7SL690P,Pseudogene,0.71,0.0610000006854534,1.4762070163251129,Pseudogene
RN7SL691P,Pseudogene,0,0.305000007152557,1.211661025711447,Pseudogene
RN7SL692P,Pseudogene,0,0.282999992370605,0.9407201574620816,Pseudogene
RN7SL693P,Pseudogene,0.19,0.159999996423721,1.6184432816551946,Pseudogene
RN7SL697P,Pseudogene,0.24,0.194999992847443,0.8364108217620156,Pseudogene
RN7SL698P,Pseudogene,39.51,0.30799999833107,1.0926347218612056,Pseudogene
RN7SL69P,Pseudogene,0.56,0.0054999998537823,1.2514557750853033,Pseudogene
RN7SL6P,Pseudogene,0,0.123000003397465,1.2427862630691724,Pseudogene
RN7SL700P,Pseudogene,0,0.30799999833107,1.3822826803524466,Pseudogene
RN7SL702P,Pseudogene,0.25,0.296000003814697,0.1665342323009797,Pseudogene
RN7SL703P,Pseudogene,0.08,0.214000001549721,1.2191503212346084,Pseudogene
RN7SL704P,Pseudogene,0.18,-0.0980000011622906,1.305704789020924,Pseudogene
RN7SL705P,Pseudogene,0,0.30799999833107,1.0751087513852364,Pseudogene
RN7SL706P,Pseudogene,0.19,0.30799999833107,1.1776349284140708,Pseudogene
RN7SL708P,Pseudogene,1.3,0.108000002801418,1.0222798932646855,Pseudogene
RN7SL709P,Pseudogene,7.33,0.256999999284744,1.1230751418316545,Pseudogene
RN7SL70P,Pseudogene,0.2,0.266000002622604,1.1961474849848983,Pseudogene
RN7SL711P,Pseudogene,0.66,0.30799999833107,1.289466683549774,Pseudogene
RN7SL712P,Pseudogene,0.06,0.197999998927116,1.150291181552036,Pseudogene
RN7SL713P,Pseudogene,1.24,0.13849999755621,1.288158829983737,Pseudogene
RN7SL714P,Pseudogene,0,0.30799999833107,1.445319147448196,Pseudogene
RN7SL715P,Pseudogene,2.19,0.305000007152557,1.3237890973215738,Pseudogene
RN7SL716P,Pseudogene,0.29,0.30799999833107,1.257173666229464,Pseudogene
RN7SL717P,Pseudogene,0.37,0.30799999833107,0.5379720558602115,Pseudogene
RN7SL718P,Pseudogene,0.34,0.160999998450279,1.6392747298349148,Pseudogene
RN7SL719P,Pseudogene,0,-0.0450000017881393,1.6414513360974201,Pseudogene
RN7SL720P,Pseudogene,5.2,0.130999997258186,1.3596643571415514,Pseudogene
RN7SL722P,Pseudogene,0.16,0.287000000476837,0.1100734312089976,Pseudogene
RN7SL724P,Pseudogene,0.98,-0.194999992847443,0.7305734745433596,Pseudogene
RN7SL725P,Pseudogene,0,-0.163000002503395,0.0134109199756994,Pseudogene
RN7SL726P,Pseudogene,0.92,-0.204999998211861,1.2429994156741064,Pseudogene
RN7SL727P,Pseudogene,0.17,-0.113500002771616,0.7627460736179041,Pseudogene
RN7SL728P,Pseudogene,5.34,0.30799999833107,1.1693875188144032,Pseudogene
RN7SL72P,Pseudogene,0,0.252000004053116,1.084639312235377,Pseudogene
RN7SL731P,Pseudogene,39.68,0.146999999880791,1.2447439206114184,Pseudogene
RN7SL732P,Pseudogene,0,-0.117999996989965,1.0188722936204702,Pseudogene
RN7SL733P,Pseudogene,0.13,0.303000003099442,1.330249126100227,Pseudogene
RN7SL734P,Pseudogene,0.08,0.30799999833107,1.2238589555004884,Pseudogene
RN7SL735P,Pseudogene,15.29,0.30799999833107,1.296587951486199,Pseudogene
RN7SL736P,Pseudogene,0.71,-0.188999995589256,1.2525001581765665,Pseudogene
RN7SL737P,Pseudogene,15.23,0.140000000596046,1.145492303030751,Pseudogene
RN7SL738P,Pseudogene,15.18,-0.25900000333786,1.1227242904908763,Pseudogene
RN7SL73P,Pseudogene,0,0.237000003457069,1.199159761160456,Pseudogene
RN7SL740P,Pseudogene,0.07,0.30799999833107,1.353021478711116,Pseudogene
RN7SL741P,Pseudogene,0,-0.0850000008940697,1.1417843806300487,Pseudogene
RN7SL743P,Pseudogene,1.79,-0.149000003933907,1.375384349991025,Pseudogene
RN7SL744P,Pseudogene,1.12,0.291999995708466,1.2358639925171688,Pseudogene
RN7SL745P,Pseudogene,4.15,0.287999987602234,1.0687471611403534,Pseudogene
RN7SL748P,Pseudogene,0.18,-0.0799999982118607,1.3737352979609525,Pseudogene
RN7SL749P,Pseudogene,4.69,0.30799999833107,1.3055299373585176,Pseudogene
RN7SL74P,Pseudogene,1.19,0.301999986171722,0.7086258351039298,Pseudogene
RN7SL750P,Pseudogene,0.8,0.111999999731779,1.546989063079209,Pseudogene
RN7SL751P,Pseudogene,6.79,0.282000005245209,0.9539697371446464,Pseudogene
RN7SL752P,Pseudogene,14.25,-0.167999997735023,0.9561004655846193,Pseudogene
RN7SL753P,Pseudogene,0.49,0.230000004172325,0.6228216214921369,Pseudogene
RN7SL754P,Pseudogene,1.5,0.231000006198883,1.6844821327371922,Pseudogene
RN7SL756P,Pseudogene,0.09,0.252000004053116,1.4386214118708298,Pseudogene
RN7SL757P,Pseudogene,0.5,-0.170000001788139,1.119343995181051,Pseudogene
RN7SL759P,Pseudogene,0.02,-0.125500001013279,2.0361476087242933,Pseudogene
RN7SL75P,Pseudogene,5.64,0.30799999833107,1.3473440634660858,Pseudogene
RN7SL760P,Pseudogene,4.35,-0.158999994397163,1.4408295061299576,Pseudogene
RN7SL761P,Pseudogene,0,0.214000001549721,1.3493894012959138,Pseudogene
RN7SL762P,Pseudogene,0,-0.104000002145767,0.6490142795160276,Pseudogene
RN7SL763P,Pseudogene,0.1,0.281499996781349,0.0244607624908883,Pseudogene
RN7SL764P,Pseudogene,0.02,0.291000008583069,0.971588328309412,Pseudogene
RN7SL766P,Pseudogene,0,0.30799999833107,1.360145052163249,Pseudogene
RN7SL767P,Pseudogene,2.16,0.146999999880791,0.8595263185781316,Pseudogene
RN7SL769P,Pseudogene,13.02,0.211999997496605,1.3422739769576302,Pseudogene
RN7SL76P,Pseudogene,0.73,0.291999995708466,1.310047341986056,Pseudogene
RN7SL771P,Pseudogene,1.35,0.199000000953674,1.107300959738537,Pseudogene
RN7SL774P,Pseudogene,0.23,0.316000014543533,2.060102286473992,Pseudogene
RN7SL775P,Pseudogene,1.74,0.301999986171722,1.2611852660480656,Pseudogene
RN7SL776P,Pseudogene,0,0.30799999833107,0.868357068426537,Pseudogene
RN7SL778P,Pseudogene,1.35,0.305000007152557,1.391710318420982,Pseudogene
RN7SL77P,Pseudogene,0.33,-0.276500001549721,0.968779314435048,Pseudogene
RN7SL782P,Pseudogene,0,-0.101999998092651,1.3940970622358009,Pseudogene
RN7SL783P,Pseudogene,0.06,0.30799999833107,1.5001517461189344,Pseudogene
RN7SL784P,Pseudogene,1.09,0.261000007390976,1.4726523382672263,Pseudogene
RN7SL785P,Pseudogene,0.67,0.0309999994933605,0.8237379305231971,Pseudogene
RN7SL786P,Pseudogene,11.34,0.30799999833107,1.177235757195708,Pseudogene
RN7SL787P,Pseudogene,0.09,0.293999999761581,2.066934430480067,Pseudogene
RN7SL788P,Pseudogene,4.39,0.30799999833107,1.2200966404474127,Pseudogene
RN7SL789P,Pseudogene,0.54,0.291999995708466,1.2328892166055954,Pseudogene
RN7SL78P,Pseudogene,0,0.30799999833107,1.1124859239628233,Pseudogene
RN7SL790P,Pseudogene,0.12,0.190500006079674,1.0023987635527811,Pseudogene
RN7SL791P,Pseudogene,0.16,-0.130999997258186,1.2834023113015938,Pseudogene
RN7SL792P,Pseudogene,0.3,0.305999994277954,1.2754884152625854,Pseudogene
RN7SL793P,Pseudogene,0.68,0.30799999833107,1.3964120424697015,Pseudogene
RN7SL794P,Pseudogene,0.14,-0.0725000016391277,1.2405100977521957,Pseudogene
RN7SL795P,Pseudogene,0.77,0.305000007152557,1.133175181492786,Pseudogene
RN7SL796P,Pseudogene,0.11,-0.123999997973442,1.122000885664529,Pseudogene
RN7SL797P,Pseudogene,0.17,-0.203999996185303,1.1695044692613294,Pseudogene
RN7SL798P,Pseudogene,9.21,-0.185000002384186,1.1078043663647514,Pseudogene
RN7SL799P,Pseudogene,0.23,0.033500000834465,1.014054563128976,Pseudogene
RN7SL79P,Pseudogene,0.27,0.30799999833107,1.221688565234576,Pseudogene
RN7SL7P,Pseudogene,0.06,-0.111000001430511,1.165579957619513,Pseudogene
RN7SL800P,Pseudogene,6.41,0.30799999833107,1.364561107527415,Pseudogene
RN7SL801P,Pseudogene,9.94,0.214000001549721,1.1501418124854796,Pseudogene
RN7SL802P,Pseudogene,0,0.305000007152557,1.277849866580857,Pseudogene
RN7SL803P,Pseudogene,0.23,0.305000007152557,1.0069547764164404,Pseudogene
RN7SL804P,Pseudogene,0.32,0.30799999833107,1.1306125588909273,Pseudogene
RN7SL806P,Pseudogene,0.79,0.0719999969005585,1.2809806399483663,Pseudogene
RN7SL807P,Pseudogene,0,0.0549999997019768,0.8654333072533837,Pseudogene
RN7SL808P,Pseudogene,0,0.30799999833107,0.8944949066066,Pseudogene
RN7SL809P,Pseudogene,4.93,0.219999998807907,1.321540050265302,Pseudogene
RN7SL810P,Pseudogene,0.14,0.305000007152557,1.3214129302142956,Pseudogene
RN7SL811P,Pseudogene,0.34,0.180999994277954,1.736714136853074,Pseudogene
RN7SL812P,Pseudogene,4.27,0.214000001549721,1.0955616060435165,Pseudogene
RN7SL813P,Pseudogene,0.07,-0.103000000119209,0.8468782716810044,Pseudogene
RN7SL814P,Pseudogene,0.58,-0.164000004529953,1.238856084288526,Pseudogene
RN7SL815P,Pseudogene,0.26,-0.14750000089407,1.065983159861542,Pseudogene
RN7SL817P,Pseudogene,0.77,-0.0319999996572733,1.025143761336884,Pseudogene
RN7SL818P,Pseudogene,0,-0.164000004529953,0,Pseudogene
RN7SL819P,Pseudogene,0,0.209000006318092,1.19640307205434,Pseudogene
RN7SL81P,Pseudogene,44.03,-0.155000001192093,1.2642746590118163,Pseudogene
RN7SL820P,Pseudogene,0.18,-0.104000002145767,0.7667099199485142,Pseudogene
RN7SL822P,Pseudogene,0,-0.115499999374151,1.4081465974484384,Pseudogene
RN7SL823P,Pseudogene,0.46,0.294999986886978,1.0714643149398626,Pseudogene
RN7SL824P,Pseudogene,0,0.284000009298325,0.6549225027863445,Pseudogene
RN7SL825P,Pseudogene,0.2,0.30799999833107,1.2245306456455574,Pseudogene
RN7SL826P,Pseudogene,0.19,0.305000007152557,1.1336883948902012,Pseudogene
RN7SL827P,Pseudogene,2.01,0.193000003695488,1.3025356026398056,Pseudogene
RN7SL828P,Pseudogene,0,0.214000001549721,1.2953709403590583,Pseudogene
RN7SL82P,Pseudogene,0.2,-0.0189999993890524,1.5242048120904617,Pseudogene
RN7SL831P,Pseudogene,0,0.30799999833107,0.6859748628322487,Pseudogene
RN7SL832P,Pseudogene,0.85,0.0489999987185001,0.9276980981595576,Pseudogene
RN7SL833P,Pseudogene,2.34,0.214000001549721,0.9050482121628696,Pseudogene
RN7SL834P,Pseudogene,7.06,-0.171499997377396,0.765125808543662,Pseudogene
RN7SL835P,Pseudogene,0.62,0.199000000953674,1.4980816600335676,Pseudogene
RN7SL836P,Pseudogene,4.3,0.195999994874001,1.3729429325122275,Pseudogene
RN7SL837P,Pseudogene,0.07,0.217999994754791,0.7503573274208404,Pseudogene
RN7SL838P,Pseudogene,15.21,-0.184000000357628,1.4011456426136666,Pseudogene
RN7SL83P,Pseudogene,0.37,-0.216999992728233,1.111029245798263,Pseudogene
RN7SL840P,Pseudogene,0.08,0.30799999833107,1.1985773620535298,Pseudogene
RN7SL841P,Pseudogene,0,0.347000002861023,1.1344193351834897,Pseudogene
RN7SL842P,Pseudogene,1.09,0.28099998831749,1.4125274979738336,Pseudogene
RN7SL843P,Pseudogene,0.05,-0.33500000834465,1.0876391564130363,Pseudogene
RN7SL845P,Pseudogene,0.1,0.305000007152557,1.0779604987363909,Pseudogene
RN7SL846P,Pseudogene,0.85,-0.0640000030398369,1.320378556100625,Pseudogene
RN7SL847P,Pseudogene,0.21,0.209999993443489,1.6209331943962024,Pseudogene
RN7SL849P,Pseudogene,0.19,0.305000007152557,1.7426013034186776,Pseudogene
RN7SL850P,Pseudogene,0,0.165000006556511,2.124639974981768,Pseudogene
RN7SL851P,Pseudogene,2.44,0.270999997854233,1.3182978596574488,Pseudogene
RN7SL853P,Pseudogene,0.03,-0.0900000035762787,1.7445020926237156,Pseudogene
RN7SL854P,Pseudogene,0.17,0.231000006198883,1.047915648677448,Pseudogene
RN7SL856P,Pseudogene,0.31,-0.151999995112419,1.177235757195708,Pseudogene
RN7SL860P,Pseudogene,0,0.0520000010728836,1.2616488348439372,Pseudogene
RN7SL861P,Pseudogene,5.61,0.30799999833107,1.4015587771094984,Pseudogene
RN7SL862P,Pseudogene,0.19,0.305000007152557,1.1189567593147325,Pseudogene
RN7SL863P,Pseudogene,0.38,-0.0614999998360872,0.7627460736179041,Pseudogene
RN7SL864P,Pseudogene,0.37,0.305000007152557,1.267496633212068,Pseudogene
RN7SL865P,Pseudogene,0.59,0.305000007152557,1.129765597676048,Pseudogene
RN7SL868P,Pseudogene,0,-0.177000001072884,1.2609805614114729,Pseudogene
RN7SL869P,Pseudogene,0,0.305000007152557,1.088340859094593,Pseudogene
RN7SL870P,Pseudogene,0.07,0.284000009298325,0.8331534034903261,Pseudogene
RN7SL87P,Pseudogene,0,-0.0824999995529652,1.3507776619968357,Pseudogene
RN7SL88P,Pseudogene,4.09,0.248999997973442,1.2429994156741064,Pseudogene
RN7SL89P,Pseudogene,0,0.405000001192093,1.3500957954334851,Pseudogene
RN7SL8P,Pseudogene,1.86,0.211999997496605,1.305800102897048,Pseudogene
RN7SL91P,Pseudogene,0,0.0140000004321337,0.7877878558921161,Pseudogene
RN7SL92P,Pseudogene,0,0.127000004053116,1.8456170035204285,Pseudogene
RN7SL93P,Pseudogene,0.7,0.263999998569489,0.8061198723959662,Pseudogene
RN7SL96P,Pseudogene,0.39,0.101000003516674,2.160153272693576,Pseudogene
RN7SL97P,Pseudogene,0,0.30799999833107,1.2313825987051896,Pseudogene
RN7SL98P,Pseudogene,0,-0.0450000017881393,1.3893713094824591,Pseudogene
RNU7-1,Functional,1.53,0.118000000715256,5.568511994354301,Functional
RNU7-102P,Pseudogene,0,0.0915000028908253,1.1764837701262758,Pseudogene
RNU7-103P,Pseudogene,0,-0.16499999910593,0.7525761259696655,Pseudogene
RNU7-104P,Pseudogene,0,-0.150999993085861,0.7914140370469704,Pseudogene
RNU7-105P,Pseudogene,0,0.0195000004023313,0.7282994767448375,Pseudogene
RNU7-106P,Pseudogene,0,0.347000002861023,1.5552663912117082,Pseudogene
RNU7-107P,Pseudogene,0,-0.0750000029802322,1.3665947306384845,Pseudogene
RNU7-10P,Pseudogene,0,-0.124000001698732,1.4886121173026348,Pseudogene
RNU7-110P,Pseudogene,0,-0.176500000059605,0.5042073300541183,Pseudogene
RNU7-111P,Pseudogene,0,-0.0514999991282821,0.9523916234355566,Pseudogene
RNU7-113P,Pseudogene,0,0.329500004649162,1.3445528801443154,Pseudogene
RNU7-115P,Pseudogene,0,0.157000005245209,0.9472986201016766,Pseudogene
RNU7-116P,Pseudogene,0,-0.267000004649162,0.7282994767448375,Pseudogene
RNU7-119P,Pseudogene,0,-0.101999998092651,0.9372742960794368,Pseudogene
RNU7-11P,Pseudogene,0,0.28099998831749,0.8403455500901972,Pseudogene
RNU7-120P,Pseudogene,0,-0.219999998807907,1.0475418603240765,Pseudogene
RNU7-121P,Pseudogene,0,-0.203000001609325,0.7843225134175172,Pseudogene
RNU7-123P,Pseudogene,0,-0.256999999284744,1.2156998957971517,Pseudogene
RNU7-124P,Pseudogene,1.7,0.30799999833107,1.2325068067989555,Pseudogene
RNU7-125P,Pseudogene,0,0.0900000035762787,1.456598953489675,Pseudogene
RNU7-126P,Pseudogene,0,0.0870000012218952,1.5126219901623548,Pseudogene
RNU7-127P,Pseudogene,0,0.189500004053116,1.0644376967809164,Pseudogene
RNU7-128P,Pseudogene,0.57,-0.160999998450279,1.0084146601082369,Pseudogene
RNU7-129P,Pseudogene,0,0.293000012636185,1.3445528801443154,Pseudogene
RNU7-12P,Pseudogene,0,-0.190499998629093,1.6246680635077144,Pseudogene
RNU7-130P,Pseudogene,0,0.30799999833107,0.6722764400721577,Pseudogene
RNU7-133P,Pseudogene,0,-0.255499996244907,1.0084146601082369,Pseudogene
RNU7-134P,Pseudogene,0,-0.195499993860722,1.248263285863147,Pseudogene
RNU7-136P,Pseudogene,0,0.194999992847443,1.2584885049659955,Pseudogene
RNU7-137P,Pseudogene,0,0.29899999499321,1.4005759168169951,Pseudogene
RNU7-138P,Pseudogene,0,0.277999997138977,1.0311740187565128,Pseudogene
RNU7-13P,Pseudogene,0.38,0.0620000008493662,0.6162534033994779,Pseudogene
RNU7-140P,Pseudogene,1.51,0.215000003576279,1.3893713094824591,Pseudogene
RNU7-141P,Pseudogene,0,-0.210500001907349,1.0084146601082369,Pseudogene
RNU7-143P,Pseudogene,0.57,0.214000001549721,0.961872445026318,Pseudogene
RNU7-144P,Pseudogene,0,0.291999995708466,1.371090108041901,Pseudogene
RNU7-147P,Pseudogene,0,-0.10249999910593,0.6722764400721577,Pseudogene
RNU7-148P,Pseudogene,0,0.30799999833107,0.6722764400721577,Pseudogene
RNU7-149P,Pseudogene,0.79,0.0480000004172325,1.3540483100888374,Pseudogene
RNU7-14P,Pseudogene,0,0.272000014781952,1.120460733453596,Pseudogene
RNU7-151P,Pseudogene,1.45,-0.172999992966652,1.1141185028868776,Pseudogene
RNU7-152P,Pseudogene,0,0.326499998569489,1.0854463355331714,Pseudogene
RNU7-153P,Pseudogene,0,-0.238000005483627,1.5686450268350345,Pseudogene
RNU7-154P,Pseudogene,1.89,-0.160499997437,1.2325068067989555,Pseudogene
RNU7-155P,Pseudogene,0,0.30799999833107,1.2680769888133556,Pseudogene
RNU7-156P,Pseudogene,0,-0.0279999990016222,1.5958994771082302,Pseudogene
RNU7-157P,Pseudogene,0,0.300999999046326,1.0525540223351963,Pseudogene
RNU7-159P,Pseudogene,0,0.30799999833107,1.2325068067989555,Pseudogene
RNU7-15P,Pseudogene,0,0.0020000000949949,1.1801609578615484,Pseudogene
RNU7-160P,Pseudogene,0,-0.283000007271767,0.8403455500901972,Pseudogene
RNU7-161P,Pseudogene,1.26,-0.0494999997317791,0.8403455500901972,Pseudogene
RNU7-164P,Pseudogene,0,0.303000003099442,0.8403455500901972,Pseudogene
RNU7-165P,Pseudogene,0,-0.172499999403954,1.2735903670255877,Pseudogene
RNU7-167P,Pseudogene,0,0.194999992847443,0.9523916234355566,Pseudogene
RNU7-169P,Pseudogene,0,-0.119999997317791,1.195770389308674,Pseudogene
RNU7-16P,Pseudogene,0,0.124000001698732,1.120460733453596,Pseudogene
RNU7-170P,Pseudogene,0,0.30799999833107,1.195770389308674,Pseudogene
RNU7-171P,Pseudogene,0.57,-0.196999996900558,0.9523916234355566,Pseudogene
RNU7-172P,Pseudogene,0,0.347000002861023,0.868357068426537,Pseudogene
RNU7-173P,Pseudogene,0,0.305999994277954,1.599605126048884,Pseudogene
RNU7-174P,Pseudogene,0,0.0089999996125698,1.1185616474646918,Pseudogene
RNU7-175P,Pseudogene,0,0.252000004053116,1.138828942198737,Pseudogene
RNU7-176P,Pseudogene,0,0.137499995529652,1.4005759168169951,Pseudogene
RNU7-179P,Pseudogene,0,0.118000000715256,1.0215965510900435,Pseudogene
RNU7-17P,Pseudogene,0,-0.124500002712011,1.3445528801443154,Pseudogene
RNU7-180P,Pseudogene,0,-0.0469999983906746,1.433478335180315,Pseudogene
RNU7-181P,Pseudogene,0,0.306500002741814,0.938764398298959,Pseudogene
RNU7-182P,Pseudogene,0,0.263999998569489,0.3921612567087586,Pseudogene
RNU7-183P,Pseudogene,0,0.30799999833107,0.560230366726798,Pseudogene
RNU7-185P,Pseudogene,0,0.30799999833107,1.4472617807108952,Pseudogene
RNU7-186P,Pseudogene,0.55,-0.108000002801418,0.7167391675901575,Pseudogene
RNU7-187P,Pseudogene,0,-0.151500001549721,1.1748360337535502,Pseudogene
RNU7-188P,Pseudogene,0,0.30799999833107,1.3025356026398056,Pseudogene
RNU7-18P,Pseudogene,0,0.282000005245209,1.120460733453596,Pseudogene
RNU7-190P,Pseudogene,0,-0.11599999666214,0.8541217066490528,Pseudogene
RNU7-192P,Pseudogene,0,-0.0070000002160668,0.9110631537589896,Pseudogene
RNU7-193P,Pseudogene,0,0.214000001549721,1.1756218772543887,Pseudogene
RNU7-194P,Pseudogene,0,-0.0700000002980232,0.7167391675901575,Pseudogene
RNU7-195P,Pseudogene,0,-0.207000002264977,1.120460733453596,Pseudogene
RNU7-196P,Pseudogene,0,0.30799999833107,0.8403455500901972,Pseudogene
RNU7-197P,Pseudogene,0,0.0604999996721745,1.0644376967809164,Pseudogene
RNU7-19P,Pseudogene,0.25,0.28600001335144,1.473575631269275,Pseudogene
RNU7-200P,Pseudogene,0,-0.105999998748302,0.8963685867628769,Pseudogene
RNU7-20P,Pseudogene,1.7,-0.11599999666214,1.120460733453596,Pseudogene
RNU7-21P,Pseudogene,0,0.264999985694885,1.2885298434716357,Pseudogene
RNU7-22P,Pseudogene,0,0.279000014066696,1.3096532835285477,Pseudogene
RNU7-23P,Pseudogene,0,0.30799999833107,1.456598953489675,Pseudogene
RNU7-24P,Pseudogene,0,0.0010000000474974,1.120460733453596,Pseudogene
RNU7-25P,Pseudogene,0.24,0.30799999833107,1.0644376967809164,Pseudogene
RNU7-26P,Pseudogene,0,0.271500006318092,1.157809424568716,Pseudogene
RNU7-27P,Pseudogene,0,-0.488999992609024,1.5686450268350345,Pseudogene
RNU7-28P,Pseudogene,0,-0.12899999320507,1.456598953489675,Pseudogene
RNU7-29P,Pseudogene,0,-0.24099999666214,0.7055401180965614,Pseudogene
RNU7-2P,Pseudogene,0,-0.266999989748001,0.7843225134175172,Pseudogene
RNU7-30P,Pseudogene,0,0.294999986886978,0.9523916234355566,Pseudogene
RNU7-31P,Pseudogene,0,0.30799999833107,1.0818874950888002,Pseudogene
RNU7-32P,Pseudogene,0,-0.345999985933304,0.6475883222164005,Pseudogene
RNU7-33P,Pseudogene,0,0.305000007152557,1.1185616474646918,Pseudogene
RNU7-34P,Pseudogene,0,0.347000002861023,1.3025356026398056,Pseudogene
RNU7-35P,Pseudogene,0,0.305000007152557,1.1764837701262758,Pseudogene
RNU7-36P,Pseudogene,0,0.238000005483627,1.1999115854621238,Pseudogene
RNU7-37P,Pseudogene,0,0.305000007152557,0.8104665971981012,Pseudogene
RNU7-38P,Pseudogene,0,0.327500000596046,1.3314808382540235,Pseudogene
RNU7-39P,Pseudogene,0,0.128000006079674,0.9419466504965824,Pseudogene
RNU7-3P,Pseudogene,2.38,-0.0105000003241002,1.4005759168169951,Pseudogene
RNU7-40P,Pseudogene,4.76,0.319999992847443,1.3025356026398056,Pseudogene
RNU7-41P,Pseudogene,0,-0.200000002980232,1.138828942198737,Pseudogene
RNU7-42P,Pseudogene,0,-0.254499994218349,0.8104665971981012,Pseudogene
RNU7-43P,Pseudogene,0,0.30799999833107,1.248263285863147,Pseudogene
RNU7-44P,Pseudogene,0,-0.141500003635883,0.6162534033994779,Pseudogene
RNU7-45P,Pseudogene,0,0.305000007152557,0.6616053854678376,Pseudogene
RNU7-46P,Pseudogene,0,0.306500002741814,0.6722764400721577,Pseudogene
RNU7-47P,Pseudogene,0,0.305000007152557,0.9523916234355566,Pseudogene
RNU7-48P,Pseudogene,0,0.282000005245209,1.3232107709356753,Pseudogene
RNU7-49P,Pseudogene,0,-0.151999995112419,1.6246680635077144,Pseudogene
RNU7-4P,Pseudogene,0,-0.143500000238419,0.8403455500901972,Pseudogene
RNU7-50P,Pseudogene,0,-0.140000000596046,1.4005759168169951,Pseudogene
RNU7-51P,Pseudogene,0,0.284000009298325,1.2325068067989555,Pseudogene
RNU7-52P,Pseudogene,0,-0.389500007033348,1.1026756424463962,Pseudogene
RNU7-53P,Pseudogene,0,-0.25900000333786,1.3893713094824591,Pseudogene
RNU7-54P,Pseudogene,0,-0.217999994754791,0.7282994767448375,Pseudogene
RNU7-55P,Pseudogene,0,0.0070000002160668,1.2885298434716357,Pseudogene
RNU7-56P,Pseudogene,0,0.194999992847443,0.4481842933814384,Pseudogene
RNU7-57P,Pseudogene,4.18,0.30799999833107,0.6946856547412297,Pseudogene
RNU7-58P,Pseudogene,0,0.202999994158745,1.1164590879769762,Pseudogene
RNU7-59P,Pseudogene,0,0.152999997138977,1.138828942198737,Pseudogene
RNU7-5P,Pseudogene,0,-0.14750000089407,1.0999189533402802,Pseudogene
RNU7-60P,Pseudogene,0,-0.177000001072884,1.2885298434716357,Pseudogene
RNU7-61P,Pseudogene,0,-0.166999995708466,1.138828942198737,Pseudogene
RNU7-62P,Pseudogene,0,0.217999994754791,0.9523916234355566,Pseudogene
RNU7-63P,Pseudogene,0,0.30799999833107,1.456598953489675,Pseudogene
RNU7-64P,Pseudogene,0,0.306500002741814,0.898300415613659,Pseudogene
RNU7-65P,Pseudogene,0,0.257999999448657,0.7843225134175172,Pseudogene
RNU7-66P,Pseudogene,0,0.300999999046326,1.5686450268350345,Pseudogene
RNU7-67P,Pseudogene,0,0.303000003099442,1.3445528801443154,Pseudogene
RNU7-68P,Pseudogene,0,0.284000009298325,0.7921853957575425,Pseudogene
RNU7-69P,Pseudogene,0,0.218500003218651,0.8403455500901972,Pseudogene
RNU7-6P,Pseudogene,0,0.214000001549721,0.7843225134175172,Pseudogene
RNU7-70P,Pseudogene,0,-0.0729999989271164,1.157809424568716,Pseudogene
RNU7-71P,Pseudogene,0,-0.189500004053116,1.2735903670255877,Pseudogene
RNU7-72P,Pseudogene,0,-0.174999997019768,0.6093733813519557,Pseudogene
RNU7-73P,Pseudogene,0,0.30799999833107,0.9372742960794368,Pseudogene
RNU7-74P,Pseudogene,0,0.28099998831749,1.2325068067989555,Pseudogene
RNU7-75P,Pseudogene,1.4,-0.280000001192093,1.6806911001803944,Pseudogene
RNU7-76P,Pseudogene,0,0.30799999833107,0.5484360432167602,Pseudogene
RNU7-77P,Pseudogene,0.68,0.214000001549721,1.8524950793099453,Pseudogene
RNU7-78P,Pseudogene,0,0.30799999833107,0.5582295439884881,Pseudogene
RNU7-79P,Pseudogene,0,-0.0665000006556511,1.2325068067989555,Pseudogene
RNU7-7P,Pseudogene,0,-0.22350000590086,1.0644376967809164,Pseudogene
RNU7-80P,Pseudogene,0,-0.256000012159348,1.594360519078232,Pseudogene
RNU7-81P,Pseudogene,0,0.0135000012814999,1.628169503299757,Pseudogene
RNU7-82P,Pseudogene,0,-0.0270000007003546,1.2325068067989555,Pseudogene
RNU7-83P,Pseudogene,0,-0.137500002980232,1.2156998957971517,Pseudogene
RNU7-84P,Pseudogene,2.9,0.0640000030398369,0.8963685867628769,Pseudogene
RNU7-85P,Pseudogene,0.55,-0.172999992966652,1.0475418603240765,Pseudogene
RNU7-86P,Pseudogene,0,0.279000014066696,0.8475164987843001,Pseudogene
RNU7-87P,Pseudogene,0,-0.200499996542931,1.456598953489675,Pseudogene
RNU7-88P,Pseudogene,0,0.30799999833107,0.9924080782017566,Pseudogene
RNU7-89P,Pseudogene,0,-0.25900000333786,1.0644376967809164,Pseudogene
RNU7-8P,Pseudogene,0,0.252999991178513,1.1764837701262758,Pseudogene
RNU7-90P,Pseudogene,0,0.140000000596046,1.3445528801443154,Pseudogene
RNU7-92P,Pseudogene,0,-0.033500000834465,1.279684100839107,Pseudogene
RNU7-93P,Pseudogene,0,-0.168999999761581,1.537419071968295,Pseudogene
RNU7-94P,Pseudogene,0,0.347000002861023,0.9372742960794368,Pseudogene
RNU7-95P,Pseudogene,0,-0.0024999999441206,1.0854463355331714,Pseudogene
RNU7-96P,Pseudogene,4.76,0.30799999833107,0.868357068426537,Pseudogene
RNU7-97P,Pseudogene,0,0.319000005722046,0.9523916234355566,Pseudogene
RNU7-99P,Pseudogene,0,0.185000006109476,1.8487602101984333,Pseudogene
RNU7-9P,Pseudogene,0,-0.0399999991059303,0.7282994767448375,Pseudogene
RN7SK,Functional,344.31,0.194999992847443,3.3251721888528367,Functional
RN7SKP1,Pseudogene,0.16,0.211999997496605,1.2106085514220124,Pseudogene
RN7SKP10,Pseudogene,0,0.239999994635582,1.3786838378710558,Pseudogene
RN7SKP100,Pseudogene,0,0.281000003218651,1.1985773620535298,Pseudogene
RN7SKP101,Pseudogene,0,0.173499993979931,1.2591177492184786,Pseudogene
RN7SKP102,Pseudogene,1.53,0.214000001549721,1.1137023988708603,Pseudogene
RN7SKP103,Pseudogene,5.1,0.0425000004470348,0.8575026050712053,Pseudogene
RN7SKP104,Pseudogene,0,0.034000001847744,1.016613153279848,Pseudogene
RN7SKP105,Pseudogene,0,-0.0830000005662441,0.8075167642692638,Pseudogene
RN7SKP106,Pseudogene,3.45,0.305000007152557,1.2131459044194266,Pseudogene
RN7SKP107,Pseudogene,0,0.0049999998882412,1.1618018708603324,Pseudogene
RN7SKP108,Pseudogene,0.06,0.300499990582466,1.238997280559815,Pseudogene
RN7SKP109,Pseudogene,0,0.211999997496605,1.319023395078284,Pseudogene
RN7SKP11,Pseudogene,3.86,0.305000007152557,1.1860486788264897,Pseudogene
RN7SKP110,Pseudogene,4.49,-0.034000001847744,1.0968720864335204,Pseudogene
RN7SKP111,Pseudogene,0.22,0.211999997496605,1.7815739116057367,Pseudogene
RN7SKP112,Pseudogene,0.69,0.211999997496605,0.8192047815344689,Pseudogene
RN7SKP113,Pseudogene,0,0.207000002264977,0.8242033191845097,Pseudogene
RN7SKP114,Pseudogene,0.28,-0.195999994874001,1.419250262374555,Pseudogene
RN7SKP115,Pseudogene,2.73,0.305000007152557,1.303905251012718,Pseudogene
RN7SKP116,Pseudogene,5.29,0.0430000014603138,1.0997374785088432,Pseudogene
RN7SKP117,Pseudogene,0.05,0.30799999833107,1.486732556548465,Pseudogene
RN7SKP118,Pseudogene,1.19,0.266999989748001,1.3051669876956435,Pseudogene
RN7SKP119,Pseudogene,0.46,-0.10700000077486,1.5267816587719332,Pseudogene
RN7SKP12,Pseudogene,0,0.734000027179718,0.6558221216088531,Pseudogene
RN7SKP120,Pseudogene,0,0.30799999833107,1.5584590201672746,Pseudogene
RN7SKP121,Pseudogene,0,-0.164000004529953,1.56019565081227,Pseudogene
RN7SKP122,Pseudogene,0,-0.0449999999254942,1.1969246078311726,Pseudogene
RN7SKP123,Pseudogene,0,0.734000027179718,0.7877878558921161,Pseudogene
RN7SKP124,Pseudogene,3.12,0.284000009298325,1.1000887201180762,Pseudogene
RN7SKP125,Pseudogene,0,-0.113000001758337,1.3571673387328658,Pseudogene
RN7SKP126,Pseudogene,0.23,-0.0749999992549419,0.648373277758481,Pseudogene
RN7SKP127,Pseudogene,1.2,0.30799999833107,1.2755527558807889,Pseudogene
RN7SKP128,Pseudogene,0.08,-0.0649999976158142,1.10049212632274,Pseudogene
RN7SKP129,Pseudogene,0,0.214000001549721,1.2429994156741064,Pseudogene
RN7SKP13,Pseudogene,0,-0.0810000002384186,0.7260034506516949,Pseudogene
RN7SKP130,Pseudogene,0.74,0.303999990224838,1.2924384274255434,Pseudogene
RN7SKP131,Pseudogene,0.48,0.322500005364418,0.5539021831823757,Pseudogene
RN7SKP132,Pseudogene,0,-0.0810000002384186,1.2524380794613514,Pseudogene
RN7SKP133,Pseudogene,0.58,0.305000007152557,1.2565637578407536,Pseudogene
RN7SKP134,Pseudogene,2.31,-0.127000004053116,1.2525001581765665,Pseudogene
RN7SKP135,Pseudogene,0,-0.162000000476837,1.25155917554594,Pseudogene
RN7SKP136,Pseudogene,0,0.208499997854233,1.2620122727799006,Pseudogene
RN7SKP137,Pseudogene,3.35,-0.0439999997615814,1.267179044479116,Pseudogene
RN7SKP139,Pseudogene,1.14,0.305000007152557,1.2091798085939491,Pseudogene
RN7SKP14,Pseudogene,0,0.30799999833107,1.1930012003914734,Pseudogene
RN7SKP140,Pseudogene,0,0.277999997138977,0.9295089746537578,Pseudogene
RN7SKP141,Pseudogene,0,0.037499999627471,0.6885198057346507,Pseudogene
RN7SKP142,Pseudogene,0.15,0.28099998831749,1.3660739247197962,Pseudogene
RN7SKP143,Pseudogene,0,0.30799999833107,1.2100975921298838,Pseudogene
RN7SKP144,Pseudogene,0.23,-0.180000007152557,0.9586164052880768,Pseudogene
RN7SKP145,Pseudogene,0,0.305000007152557,1.1119555859719352,Pseudogene
RN7SKP146,Pseudogene,0,0.229000002145767,1.112744985887898,Pseudogene
RN7SKP147,Pseudogene,0,-0.0899999998509884,1.0818874950888002,Pseudogene
RN7SKP148,Pseudogene,0,0.305000007152557,1.4777858473586158,Pseudogene
RN7SKP149,Pseudogene,0,0.300999999046326,1.019814696640468,Pseudogene
RN7SKP15,Pseudogene,0,-0.258000001311302,1.0903642153705384,Pseudogene
RN7SKP150,Pseudogene,0.75,0.195999994874001,1.4283256452623412,Pseudogene
RN7SKP151,Pseudogene,3.39,0.305000007152557,1.2420803636987177,Pseudogene
RN7SKP152,Pseudogene,0.14,0.305000007152557,0.7498194368635495,Pseudogene
RN7SKP153,Pseudogene,0.17,0.206000000238419,1.3629908415808936,Pseudogene
RN7SKP154,Pseudogene,5,0.305000007152557,0.8743457378639614,Pseudogene
RN7SKP155,Pseudogene,0.2,-0.0689999982714653,1.2422330284435184,Pseudogene
RN7SKP156,Pseudogene,0,-0.258000001311302,0.9242162950504664,Pseudogene
RN7SKP157,Pseudogene,0,0.110999997705221,1.0100039661131353,Pseudogene
RN7SKP158,Pseudogene,0,0.211999997496605,1.2785625547384594,Pseudogene
RN7SKP159,Pseudogene,0,-0.178000003099442,2.105468508376672,Pseudogene
RN7SKP16,Pseudogene,9.3,0.211999997496605,1.2546162326430232,Pseudogene
RN7SKP160,Pseudogene,1.23,0.293000012636185,1.2463477923298532,Pseudogene
RN7SKP161,Pseudogene,0.65,0.204999998211861,1.2868767046845728,Pseudogene
RN7SKP162,Pseudogene,0,-0.109999999403954,1.3490996773235475,Pseudogene
RN7SKP163,Pseudogene,0.73,0.30799999833107,1.2735903670255877,Pseudogene
RN7SKP164,Pseudogene,0,-0.12899999320507,1.031582081288668,Pseudogene
RN7SKP165,Pseudogene,0.12,0.238000005483627,0.868357068426537,Pseudogene
RN7SKP166,Pseudogene,0.21,0.277999997138977,1.4235361777484214,Pseudogene
RN7SKP167,Pseudogene,0,-0.129999995231628,1.1212470216875987,Pseudogene
RN7SKP168,Pseudogene,0,0.0150000005960464,1.0999189533402802,Pseudogene
RN7SKP169,Pseudogene,0,-0.0430000014603138,1.312979759820193,Pseudogene
RN7SKP17,Pseudogene,0,-0.0195000004023314,1.2369758809494829,Pseudogene
RN7SKP170,Pseudogene,0.67,0.146999999880791,1.3343047636798009,Pseudogene
RN7SKP171,Pseudogene,0,0.305000007152557,1.1348825052703255,Pseudogene
RN7SKP172,Pseudogene,0.32,-0.0195000004023314,1.3520727508386348,Pseudogene
RN7SKP173,Pseudogene,2.29,0.214000001549721,1.2239699631155,Pseudogene
RN7SKP174,Pseudogene,0,0.146999999880791,1.242013746355532,Pseudogene
RN7SKP175,Pseudogene,1.46,0.280000001192093,1.286009776078055,Pseudogene
RN7SKP176,Pseudogene,2.99,0.0850000008940697,2.053473319046402,Pseudogene
RN7SKP177,Pseudogene,0.15,0.263000011444092,1.2426067345371292,Pseudogene
RN7SKP178,Pseudogene,0,0.30799999833107,0.8657176852398303,Pseudogene
RN7SKP179,Pseudogene,0.08,0.0509999990463257,0.576236948633278,Pseudogene
RN7SKP18,Pseudogene,0,0.197999998927116,1.1241276958539896,Pseudogene
RN7SKP180,Pseudogene,1.04,0.164000004529953,1.2630648268022358,Pseudogene
RN7SKP181,Pseudogene,0,0.197999998927116,1.198112917196108,Pseudogene
RN7SKP182,Pseudogene,0,0.30799999833107,1.2937937529576593,Pseudogene
RN7SKP183,Pseudogene,0,0.593999981880188,0.9005184413312235,Pseudogene
RN7SKP184,Pseudogene,2.11,0.305000007152557,1.2412551488619568,Pseudogene
RN7SKP185,Pseudogene,1.05,0.282000005245209,1.1826703631330748,Pseudogene
RN7SKP186,Pseudogene,0.88,-0.0990000031888485,0.985857529830788,Pseudogene
RN7SKP187,Pseudogene,1.62,0.305000007152557,1.17886050501542,Pseudogene
RN7SKP188,Pseudogene,0,0.122000001370907,1.523048990678721,Pseudogene
RN7SKP189,Pseudogene,0.12,-0.104499999433756,0.9157219994316208,Pseudogene
RN7SKP19,Pseudogene,0,0.30799999833107,1.3369942164662554,Pseudogene
RN7SKP190,Pseudogene,2.19,-0.0115000000223517,1.639555304022133,Pseudogene
RN7SKP191,Pseudogene,0.2,0.107999999076128,1.2713201524676097,Pseudogene
RN7SKP192,Pseudogene,0.14,0.164000004529953,1.2002978438189442,Pseudogene
RN7SKP193,Pseudogene,0.37,0.296999990940094,1.123756206199048,Pseudogene
RN7SKP194,Pseudogene,0,0.003000000026077,0.8510394060932442,Pseudogene
RN7SKP195,Pseudogene,4.1,-0.046000000089407,0.9400036912340072,Pseudogene
RN7SKP196,Pseudogene,0,0.0579999983310699,1.2886922290851797,Pseudogene
RN7SKP197,Pseudogene,0.32,0.0670000016689301,1.1811995139539426,Pseudogene
RN7SKP198,Pseudogene,1.35,0.30799999833107,1.0329476238799329,Pseudogene
RN7SKP199,Pseudogene,0,-0.182499997317791,1.4235361777484214,Pseudogene
RN7SKP2,Pseudogene,0.22,0.194999992847443,0.9799640897603552,Pseudogene
RN7SKP20,Pseudogene,0.09,0.200499996542931,0.8100966900337023,Pseudogene
RN7SKP200,Pseudogene,0,-0.214000001549721,0.7706668982285516,Pseudogene
RN7SKP202,Pseudogene,0.65,0.200499996542931,1.1367583441220122,Pseudogene
RN7SKP203,Pseudogene,16.16,NA,1.6216306699531715,Pseudogene
RN7SKP204,Pseudogene,0.46,0.214000001549721,1.2997344508061717,Pseudogene
RN7SKP205,Pseudogene,0,0.178000003099442,1.086153466696385,Pseudogene
RN7SKP206,Pseudogene,0,0.305000007152557,1.3277268486521796,Pseudogene
RN7SKP207,Pseudogene,0,0.305000007152557,1.5475670526413532,Pseudogene
RN7SKP208,Pseudogene,0,-0.078999999910593,1.366279265557543,Pseudogene
RN7SKP209,Pseudogene,0,-0.0095000001601874,0.9597630756293304,Pseudogene
RN7SKP21,Pseudogene,0,0.10700000077486,1.0736051027819002,Pseudogene
RN7SKP210,Pseudogene,0,-0.0179999992251396,0.9581871099879028,Pseudogene
RN7SKP211,Pseudogene,0,0.305000007152557,1.2460234759644278,Pseudogene
RN7SKP212,Pseudogene,0.04,0.305000007152557,0.7624598649598862,Pseudogene
RN7SKP213,Pseudogene,0.01,0.214000001549721,0.8858407677908298,Pseudogene
RN7SKP214,Pseudogene,0.49,0.284000009298325,1.356291040209067,Pseudogene
RN7SKP216,Pseudogene,0.18,0.0755000002682209,1.3136683855683509,Pseudogene
RN7SKP217,Pseudogene,0.19,0.222000002861023,1.2259158613080523,Pseudogene
RN7SKP218,Pseudogene,0,0.30799999833107,1.2846926491789863,Pseudogene
RN7SKP219,Pseudogene,0.13,0.10700000077486,1.2086591628099097,Pseudogene
RN7SKP22,Pseudogene,7.95,0.194000005722046,1.161760992570657,Pseudogene
RN7SKP220,Pseudogene,0,-0.0874999985098839,1.1698699394079737,Pseudogene
RN7SKP221,Pseudogene,0.94,0.307000011205673,0.8077740171409646,Pseudogene
RN7SKP222,Pseudogene,0,0.146999999880791,1.2019164502665718,Pseudogene
RN7SKP223,Pseudogene,0,0.284000009298325,1.2885298434716357,Pseudogene
RN7SKP224,Pseudogene,0.62,0.28099998831749,1.325246479814038,Pseudogene
RN7SKP225,Pseudogene,0.35,0.30799999833107,1.016372477817424,Pseudogene
RN7SKP226,Pseudogene,0.37,0.305000007152557,1.4356836864652078,Pseudogene
RN7SKP227,Pseudogene,2.9,0.187999993562698,1.1999115854621238,Pseudogene
RN7SKP228,Pseudogene,1.05,-0.158999994397163,1.4527646772154992,Pseudogene
RN7SKP229,Pseudogene,0.74,0.194000005722046,0.8166006868646905,Pseudogene
RN7SKP23,Pseudogene,0.57,-0.0309999994933605,1.1540406889388717,Pseudogene
RN7SKP230,Pseudogene,4.77,0.30799999833107,1.5034241781713178,Pseudogene
RN7SKP231,Pseudogene,0,-0.0340000009164214,1.166169059403147,Pseudogene
RN7SKP232,Pseudogene,0.33,0.284000009298325,1.0779604987363909,Pseudogene
RN7SKP233,Pseudogene,0,0.557000011205673,1.4209479301525152,Pseudogene
RN7SKP234,Pseudogene,2.21,-0.0415000002831221,1.364561107527415,Pseudogene
RN7SKP235,Pseudogene,0.16,0.268999993801117,1.0021694691348888,Pseudogene
RN7SKP236,Pseudogene,0,0.300000011920929,1.1496558370717531,Pseudogene
RN7SKP237,Pseudogene,0.1,0.30799999833107,1.211661025711447,Pseudogene
RN7SKP238,Pseudogene,0,-0.0309999994933605,1.3531025805200658,Pseudogene
RN7SKP239,Pseudogene,5.3,-0.149000003933907,1.1185616474646918,Pseudogene
RN7SKP24,Pseudogene,0.4,-0.228500001132488,1.0273520246173111,Pseudogene
RN7SKP240,Pseudogene,0.71,0.273999989032745,1.2596966539307632,Pseudogene
RN7SKP241,Pseudogene,0.41,-0.0670000016689301,1.4084691968980256,Pseudogene
RN7SKP242,Pseudogene,0,0.017000000923872,1.1057280317680471,Pseudogene
RN7SKP243,Pseudogene,0.22,0.30799999833107,1.1915320291678049,Pseudogene
RN7SKP244,Pseudogene,0.46,0.287999987602234,1.0635252694735438,Pseudogene
RN7SKP245,Pseudogene,1.79,-0.0729999989271164,1.2374088225078153,Pseudogene
RN7SKP246,Pseudogene,0.02,0.146999999880791,1.5668777386119217,Pseudogene
RN7SKP247,Pseudogene,0,-0.228500001132488,1.3871158365774552,Pseudogene
RN7SKP248,Pseudogene,1.75,0.0309999994933605,0.8655099960710402,Pseudogene
RN7SKP249,Pseudogene,0.14,-0.193999998271465,1.2523910395334843,Pseudogene
RN7SKP25,Pseudogene,1.38,-0.0989999994635582,0.8119702458014372,Pseudogene
RN7SKP250,Pseudogene,0,0.152999997138977,1.060423585119011,Pseudogene
RN7SKP251,Pseudogene,0.26,0.305000007152557,1.183620462696044,Pseudogene
RN7SKP252,Pseudogene,0,0.101999998092651,1.3171409967570713,Pseudogene
RN7SKP253,Pseudogene,3.04,0.791999995708466,1.0004372697729682,Pseudogene
RN7SKP254,Pseudogene,0.22,0.214000001549721,1.2549160214680275,Pseudogene
RN7SKP255,Pseudogene,81.36,0,1.3871518664960656,Pseudogene
RN7SKP256,Pseudogene,0,0.0785000026226044,1.238929830111747,Pseudogene
RN7SKP257,Pseudogene,0.07,0.305000007152557,1.2140137655671974,Pseudogene
RN7SKP258,Pseudogene,1.45,0.0039999999571591,1.5081991188460906,Pseudogene
RN7SKP259,Pseudogene,0,-0.0989999994635582,1.2934087265452323,Pseudogene
RN7SKP26,Pseudogene,7.34,0.194999992847443,1.197325104588126,Pseudogene
RN7SKP260,Pseudogene,0,-0.003000000026077,0.6061015779621466,Pseudogene
RN7SKP261,Pseudogene,0.05,0.263999998569489,2.423903183809326,Pseudogene
RN7SKP262,Pseudogene,0,0.28099998831749,1.2641806084513545,Pseudogene
RN7SKP263,Pseudogene,0,0.30799999833107,1.3826267885626415,Pseudogene
RN7SKP264,Pseudogene,0.64,0.30799999833107,1.3220661249400565,Pseudogene
RN7SKP265,Pseudogene,0,0.453999996185303,1.152617454054955,Pseudogene
RN7SKP266,Pseudogene,0,0.30799999833107,1.1860486788264897,Pseudogene
RN7SKP267,Pseudogene,0,-0.0879999995231628,0.9749974101631292,Pseudogene
RN7SKP268,Pseudogene,1.46,0.0700000002980232,1.198112917196108,Pseudogene
RN7SKP269,Pseudogene,3.87,0.194999992847443,1.154179927939974,Pseudogene
RN7SKP27,Pseudogene,0,0.448500007390976,1.470730890668369,Pseudogene
RN7SKP270,Pseudogene,0,-0.019000000320375,1.2580044709256242,Pseudogene
RN7SKP271,Pseudogene,0.83,-0.233999997377396,1.5196248697464398,Pseudogene
RN7SKP272,Pseudogene,0.49,0.448500007390976,1.3923656442011714,Pseudogene
RN7SKP273,Pseudogene,0.86,0.305000007152557,1.084063601347779,Pseudogene
RN7SKP275,Pseudogene,0.44,-0.125,1.4539932308537364,Pseudogene
RN7SKP276,Pseudogene,0.27,-0.576499998569489,0.8553965151664394,Pseudogene
RN7SKP277,Pseudogene,0,0.523999989032745,1.2028126177498322,Pseudogene
RN7SKP278,Pseudogene,0,-0.0650000013411045,1.4523398922221613,Pseudogene
RN7SKP279,Pseudogene,0,0.206000000238419,1.2588263542290736,Pseudogene
RN7SKP28,Pseudogene,0.2,-0.0775000005960464,1.1843820998866863,Pseudogene
RN7SKP280,Pseudogene,0.18,-0.172999992966652,1.542476371547138,Pseudogene
RN7SKP281,Pseudogene,0.07,0.211999997496605,1.312403296599198,Pseudogene
RN7SKP282,Pseudogene,0.64,0.0099999997764825,0.1045513527202519,Pseudogene
RN7SKP283,Pseudogene,3.95,-0.046000000089407,0.681821105579355,Pseudogene
RN7SKP284,Pseudogene,0,-0.122000001370907,1.4278524390453844,Pseudogene
RN7SKP285,Pseudogene,0,-0.0775000005960464,1.2451912679323929,Pseudogene
RN7SKP286,Pseudogene,0.19,0.0469999983906746,0.8480276387309325,Pseudogene
RN7SKP287,Pseudogene,0.68,-0.0025000000605359,1.2274520967232252,Pseudogene
RN7SKP288,Pseudogene,2.07,-0.0165000008419156,1.1794103466688786,Pseudogene
RN7SKP289,Pseudogene,0,0.061999998986721,1.330499643826423,Pseudogene
RN7SKP29,Pseudogene,0.08,-0.0759999975562096,1.2386858181966778,Pseudogene
RN7SKP290,Pseudogene,0,0.208000004291534,1.033122255769008,Pseudogene
RN7SKP291,Pseudogene,0,-0.0759999975562096,1.157809424568716,Pseudogene
RN7SKP292,Pseudogene,2.26,0.305000007152557,1.303905251012718,Pseudogene
RN7SKP293,Pseudogene,0.04,-0.15599999576807,1.1851900528524355,Pseudogene
RN7SKP294,Pseudogene,0,0.26800000667572,1.233169801315792,Pseudogene
RN7SKP295,Pseudogene,0,0.034000001847744,1.3167244436271672,Pseudogene
RN7SKP296,Pseudogene,2.34,-0.0474999994039536,1.2325068067989555,Pseudogene
RN7SKP297,Pseudogene,0.26,-0.138999998569489,1.108540938416856,Pseudogene
RN7SKP298,Pseudogene,0,0.0215000004973262,1.145492303030751,Pseudogene
RN7SKP299,Pseudogene,0.08,-0.0450000017881393,1.0616458510995537,Pseudogene
RN7SKP3,Pseudogene,0.15,0.305000007152557,1.1157660655759971,Pseudogene
RN7SKP30,Pseudogene,1.6,0.305000007152557,1.4975259623164232,Pseudogene
RN7SKP31,Pseudogene,0,0.23200000077486,0.8746042415806847,Pseudogene
RN7SKP32,Pseudogene,0,0.207000002264977,1.6392747298349148,Pseudogene
RN7SKP33,Pseudogene,0,0.30799999833107,1.0931083096663463,Pseudogene
RN7SKP34,Pseudogene,0,-0.0599999986588955,1.1103582186437688,Pseudogene
RN7SKP35,Pseudogene,0.66,0.0410000011324883,0.8050992687398356,Pseudogene
RN7SKP36,Pseudogene,2.2,0.30799999833107,1.413863431925259,Pseudogene
RN7SKP37,Pseudogene,0,0.305000007152557,1.2438628277461206,Pseudogene
RN7SKP38,Pseudogene,2.26,0.30799999833107,0.9779555333735755,Pseudogene
RN7SKP39,Pseudogene,0,-0.0035000000498257,1.229723053423916,Pseudogene
RN7SKP4,Pseudogene,0.68,0.0525000002235174,1.3052323637218757,Pseudogene
RN7SKP40,Pseudogene,0.66,0.502999991178513,1.0190636670790765,Pseudogene
RN7SKP42,Pseudogene,0.37,-0.14750000089407,0.8915132569179113,Pseudogene
RN7SKP43,Pseudogene,2,0.0560000017285347,0.716394581451893,Pseudogene
RN7SKP44,Pseudogene,0.17,0.283000007271767,1.143153609067846,Pseudogene
RN7SKP45,Pseudogene,0,0.305000007152557,0.8455055666258388,Pseudogene
RN7SKP46,Pseudogene,0,0.172999992966652,1.2171842668542912,Pseudogene
RN7SKP47,Pseudogene,0,-0.25900000333786,1.4402019671464517,Pseudogene
RN7SKP48,Pseudogene,0.15,0.305000007152557,1.1331000770931643,Pseudogene
RN7SKP49,Pseudogene,0,0.0525000002235174,0.6011702781414487,Pseudogene
RN7SKP5,Pseudogene,0.49,0.211999997496605,1.0599064217559202,Pseudogene
RN7SKP50,Pseudogene,2.03,0.305000007152557,1.4114248223313872,Pseudogene
RN7SKP51,Pseudogene,5.62,0.0599999986588955,1.0625948337324729,Pseudogene
RN7SKP52,Pseudogene,0.09,0.26800000667572,1.125390760680792,Pseudogene
RN7SKP53,Pseudogene,0,-0.0790000036358833,1.5327191430004907,Pseudogene
RN7SKP54,Pseudogene,11.28,-0.145999997854233,1.3299743947648075,Pseudogene
RN7SKP55,Pseudogene,0.91,0.211999997496605,0.769358705576606,Pseudogene
RN7SKP56,Pseudogene,3.14,-0.12899999320507,1.101842805858446,Pseudogene
RN7SKP57,Pseudogene,0.61,0.0209999997168779,1.114342176547365,Pseudogene
RN7SKP58,Pseudogene,0.33,0.301999986171722,0.9793928902909138,Pseudogene
RN7SKP59,Pseudogene,0,0.30799999833107,1.128311095280341,Pseudogene
RN7SKP6,Pseudogene,0,0.194999992847443,1.1759569077124263,Pseudogene
RN7SKP60,Pseudogene,0,-0.163000002503395,1.409717751253123,Pseudogene
RN7SKP61,Pseudogene,0,0.211999997496605,1.3069509775640082,Pseudogene
RN7SKP62,Pseudogene,0,0.30799999833107,1.2035587331383006,Pseudogene
RN7SKP63,Pseudogene,0.68,0.28099998831749,1.0154873358343557,Pseudogene
RN7SKP64,Pseudogene,0.33,0.245999999344349,1.8214318996263947,Pseudogene
RN7SKP65,Pseudogene,0,0.194999992847443,1.231790857448506,Pseudogene
RN7SKP66,Pseudogene,0,0.0540000014007092,1.2480283407688757,Pseudogene
RN7SKP67,Pseudogene,0,0.0520000010728836,0.9607354799612752,Pseudogene
RN7SKP68,Pseudogene,0,0.300000011920929,1.2106085514220124,Pseudogene
RN7SKP69,Pseudogene,6.68,-0.175999999046326,1.321041572950535,Pseudogene
RN7SKP7,Pseudogene,0,0.211999997496605,1.4137462447365374,Pseudogene
RN7SKP70,Pseudogene,4.48,2.08200001716614,1.3586103210806335,Pseudogene
RN7SKP71,Pseudogene,3.47,0.0769999995827675,1.3544185721369886,Pseudogene
RN7SKP72,Pseudogene,0.25,0.263999998569489,1.1300537191852196,Pseudogene
RN7SKP73,Pseudogene,0,0.28099998831749,1.260902044564561,Pseudogene
RN7SKP74,Pseudogene,2.05,-0.0729999989271164,1.2027728973675011,Pseudogene
RN7SKP75,Pseudogene,0.2,-0.222000002861023,1.3142701576185425,Pseudogene
RN7SKP76,Pseudogene,0.21,0.305000007152557,1.3872205799012172,Pseudogene
RN7SKP77,Pseudogene,0,0.305000007152557,1.131570117496337,Pseudogene
RN7SKP78,Pseudogene,4.64,0.211999997496605,1.288882189614231,Pseudogene
RN7SKP79,Pseudogene,0,0.0769999995827675,1.2508476819001306,Pseudogene
RN7SKP8,Pseudogene,0,0.126000002026558,1.3389192786911968,Pseudogene
RN7SKP80,Pseudogene,4.44,0.0769999995827675,2.0742380857114453,Pseudogene
RN7SKP81,Pseudogene,0,-0.270999997854233,0.8814742446867566,Pseudogene
RN7SKP82,Pseudogene,0,0.301999986171722,0.8099474001467252,Pseudogene
RN7SKP83,Pseudogene,0,0.30799999833107,0.6829774695489618,Pseudogene
RN7SKP85,Pseudogene,0.2,0.305000007152557,1.3653413025574483,Pseudogene
RN7SKP86,Pseudogene,0.53,0.214000001549721,1.307766669317074,Pseudogene
RN7SKP87,Pseudogene,0.55,-0.150000005960464,1.2232006545277463,Pseudogene
RN7SKP88,Pseudogene,0.52,0.126000002026558,0.6668982285515804,Pseudogene
RN7SKP89,Pseudogene,0.53,0.305000007152557,1.449653948943475,Pseudogene
RN7SKP9,Pseudogene,7.39,-0.132999993860722,1.486952572021361,Pseudogene
RN7SKP90,Pseudogene,0.29,0.211999997496605,1.337529096442069,Pseudogene
RN7SKP91,Pseudogene,0.55,-0.132999993860722,1.1939909690864885,Pseudogene
RN7SKP92,Pseudogene,11.59,-0.204999998211861,1.124593580421253,Pseudogene
RN7SKP93,Pseudogene,0.21,-0.0719999969005585,0.8543059831769166,Pseudogene
RN7SKP94,Pseudogene,0,-0.0610000006854534,1.3453419369988602,Pseudogene
RN7SKP95,Pseudogene,16.71,0.305000007152557,1.3870786175526202,Pseudogene
RN7SKP96,Pseudogene,1.85,0.0329999998211861,1.0291639329499698,Pseudogene
RN7SKP97,Pseudogene,3.22,0.305000007152557,1.126517277958751,Pseudogene
RN7SKP98,Pseudogene,0.73,0.305000007152557,0.8906226342836276,Pseudogene
RN7SKP99,Pseudogene,0.38,-0.0869999974966049,1.2898072417019573,Pseudogene
