"Gene_group","Test","Statistic","p_value"
"RNU1","KS",0.56140350877193,0.174917006474735
"RNU2","KS",0.7,0.719454224886018
"RNU4","KS",0.853932584269663,0.115354799551856
"RNU5","KS",0.662068965517241,0.0475673504916323
"RNU6","KS",0.756112852664577,0.00672714490231419
"All_Genes_Pooled","KS",0.656527249683143,1.00995090845934e-06
