"Gene_group","Test","Statistic","p_value","Functional_n","Pseudogene_n"
"RNU1","KS",0.56140350877193,0.174917006474735,4,114
"RNU2","KS",0.7,0.719454224886018,1,70
"RNU4","KS",0.853932584269663,0.115354799551856,2,89
"RNU5","KS",0.662068965517241,0.0475673504916323,5,29
"RNU6","KS",0.756112852664577,0.00672714490231419,5,1276
"All_Genes_Pooled","KS",0.656527249683143,1.00995090845934e-06,17,1578
