"Conservation_Type","Gene_group","Test","Statistic","p_value"
"phastCons30","Pooled","KS",0.808271941961782,5.72114133845503e-10
"phyloP100","Pooled","KS",0.766949627912195,5.10919595519965e-09
"phyloP447","Pooled","KS",0.631215984492656,3.02315213074333e-06
