gene_name,expected_promoter,contains_type1_promoter,contains_type2_promoter,contains_type3_promoter
RNU1-1,None,True,True,True
RNU1-100P,None,True,True,True
RNU1-101P,None,False,True,True
RNU1-103P,None,False,True,False
RNU1-104P,None,False,False,False
RNU1-105P,None,False,False,False
RNU1-107P,None,False,False,False
RNU1-108P,None,False,True,True
RNU1-109P,None,False,False,False
RNU1-112P,None,False,False,False
RNU1-114P,None,False,False,False
RNU1-115P,None,False,False,False
RNU1-116P,None,False,False,False
RNU1-117P,None,False,False,False
RNU1-119P,None,False,False,False
RNU1-11P,None,False,True,False
RNU1-123P,None,False,False,False
RNU1-124P,None,False,False,False
RNU1-125P,None,False,False,False
RNU1-128P,None,False,False,False
RNU1-129P,None,False,False,False
RNU1-130P,None,False,False,False
RNU1-131P,None,False,False,False
RNU1-132P,None,False,False,False
RNU1-133P,None,False,False,False
RNU1-134P,None,False,True,True
RNU1-136P,None,False,True,False
RNU1-138P,None,False,True,False
RNU1-139P,None,False,False,False
RNU1-140P,None,False,False,False
RNU1-141P,None,False,True,True
RNU1-142P,None,False,False,False
RNU1-143P,None,False,False,False
RNU1-146P,None,False,False,False
RNU1-148P,None,True,True,True
RNU1-149P,None,False,True,True
RNU1-14P,None,False,True,False
RNU1-150P,None,False,False,False
RNU1-151P,None,False,False,False
RNU1-153P,None,False,False,False
RNU1-154P,None,False,False,False
RNU1-155P,None,False,False,False
RNU1-15P,None,False,False,False
RNU1-16P,None,False,False,False
RNU1-17P,None,False,False,False
RNU1-18P,None,False,False,False
RNU1-19P,None,False,False,False
RNU1-2,None,False,True,False
RNU1-20P,None,False,False,False
RNU1-21P,None,False,False,False
RNU1-22P,None,False,True,False
RNU1-23P,None,False,False,False
RNU1-24P,None,False,False,False
RNU1-27P,None,False,False,False
RNU1-28P,None,False,False,False
RNU1-29P,None,False,False,False
RNU1-3,None,False,True,True
RNU1-30P,None,False,False,False
RNU1-31P,None,False,False,False
RNU1-32P,None,False,False,False
RNU1-33P,None,False,True,True
RNU1-34P,None,False,False,False
RNU1-35P,None,False,False,False
RNU1-36P,None,False,False,False
RNU1-38P,None,False,True,False
RNU1-39P,None,False,False,False
RNU1-4,None,False,True,True
RNU1-40P,None,False,False,False
RNU1-41P,None,False,False,False
RNU1-42P,None,False,True,True
RNU1-43P,None,False,False,False
RNU1-44P,None,False,False,False
RNU1-45P,None,False,False,False
RNU1-46P,None,False,False,False
RNU1-47P,None,False,True,False
RNU1-48P,None,False,False,False
RNU1-49P,None,False,False,False
RNU1-51P,None,True,False,False
RNU1-52P,None,False,False,False
RNU1-54P,None,False,False,False
RNU1-55P,None,True,True,True
RNU1-56P,None,False,True,False
RNU1-57P,None,False,False,False
RNU1-58P,None,False,False,False
RNU1-5P,None,False,False,False
RNU1-61P,None,False,False,False
RNU1-62P,None,True,True,True
RNU1-63P,None,False,False,False
RNU1-64P,None,False,False,False
RNU1-65P,None,False,False,False
RNU1-67P,None,False,True,True
RNU1-68P,None,False,False,False
RNU1-6P,None,False,False,True
RNU1-70P,None,False,False,False
RNU1-72P,None,False,False,False
RNU1-73P,None,False,False,False
RNU1-74P,None,False,True,False
RNU1-75P,None,False,False,False
RNU1-76P,None,False,False,False
RNU1-77P,None,True,True,True
RNU1-78P,None,False,True,False
RNU1-79P,None,False,False,False
RNU1-7P,None,False,True,True
RNU1-80P,None,False,True,True
RNU1-82P,None,False,False,False
RNU1-83P,None,False,False,False
RNU1-84P,None,False,True,True
RNU1-86P,None,False,False,False
RNU1-88P,None,False,False,False
RNU1-89P,None,False,False,False
RNU1-8P,None,False,True,True
RNU1-91P,None,False,False,False
RNU1-93P,None,False,False,False
RNU1-94P,None,False,False,False
RNU1-95P,None,False,False,False
RNU1-96P,None,False,False,False
RNU1-97P,None,False,False,False
RNU1-98P,None,False,False,False
RNU2-1,None,True,True,True
RNU2-10P,None,False,False,False
RNU2-11P,None,False,True,True
RNU2-12P,None,False,False,False
RNU2-13P,None,False,True,False
RNU2-14P,None,True,True,True
RNU2-15P,None,False,False,False
RNU2-16P,None,False,True,True
RNU2-17P,None,False,False,False
RNU2-18P,None,True,True,True
RNU2-19P,None,False,False,False
RNU2-20P,None,False,False,False
RNU2-21P,None,False,False,False
RNU2-22P,None,True,True,True
RNU2-23P,None,False,False,False
RNU2-24P,None,True,True,True
RNU2-25P,None,False,False,False
RNU2-26P,None,True,True,True
RNU2-27P,None,False,False,False
RNU2-28P,None,False,False,False
RNU2-29P,None,False,False,False
RNU2-2P,None,False,False,False
RNU2-30P,None,True,True,True
RNU2-31P,None,False,False,False
RNU2-32P,None,False,True,False
RNU2-33P,None,False,True,False
RNU2-34P,None,False,False,False
RNU2-35P,None,False,True,True
RNU2-36P,None,True,True,True
RNU2-37P,None,False,False,False
RNU2-38P,None,False,False,False
RNU2-39P,None,False,False,False
RNU2-3P,None,False,False,False
RNU2-40P,None,False,False,False
RNU2-41P,None,False,False,False
RNU2-42P,None,False,False,False
RNU2-43P,None,False,False,False
RNU2-44P,None,False,False,False
RNU2-45P,None,False,True,True
RNU2-46P,None,False,False,False
RNU2-47P,None,False,True,True
RNU2-48P,None,False,False,False
RNU2-49P,None,False,False,False
RNU2-4P,None,True,False,False
RNU2-50P,None,False,False,False
RNU2-51P,None,False,True,True
RNU2-52P,None,False,False,False
RNU2-53P,None,False,True,True
RNU2-54P,None,False,False,False
RNU2-55P,None,False,False,False
RNU2-56P,None,False,False,False
RNU2-57P,None,True,True,True
RNU2-58P,None,True,True,True
RNU2-59P,None,False,True,True
RNU2-5P,None,False,True,True
RNU2-60P,None,False,False,False
RNU2-61P,None,True,True,True
RNU2-62P,None,False,False,False
RNU2-63P,None,False,False,False
RNU2-64P,None,False,False,False
RNU2-65P,None,True,True,True
RNU2-66P,None,False,False,False
RNU2-68P,None,False,False,False
RNU2-69P,None,True,True,True
RNU2-6P,None,True,True,True
RNU2-70P,None,False,False,False
RNU2-71P,None,False,True,False
RNU2-72P,None,False,False,False
RNU2-7P,None,False,False,False
RNU2-8P,None,False,False,False
RNU2-9P,None,False,False,False
RNU4-1,None,True,True,True
RNU4-10P,None,False,False,False
RNU4-11P,None,False,False,False
RNU4-12P,None,False,False,False
RNU4-13P,None,False,False,False
RNU4-14P,None,True,True,True
RNU4-15P,None,False,False,False
RNU4-16P,None,False,True,False
RNU4-17P,None,False,False,False
RNU4-18P,None,False,True,True
RNU4-2,None,True,True,True
RNU4-20P,None,False,True,False
RNU4-21P,None,True,True,True
RNU4-22P,None,False,True,True
RNU4-23P,None,False,False,False
RNU4-24P,None,False,False,False
RNU4-25P,None,False,False,False
RNU4-26P,None,False,False,False
RNU4-27P,None,False,True,False
RNU4-28P,None,True,True,True
RNU4-29P,None,False,False,False
RNU4-30P,None,True,True,True
RNU4-31P,None,False,False,False
RNU4-32P,None,False,False,True
RNU4-33P,None,False,False,False
RNU4-34P,None,True,True,True
RNU4-35P,None,False,True,False
RNU4-36P,None,False,False,False
RNU4-37P,None,False,False,False
RNU4-38P,None,False,False,False
RNU4-39P,None,True,True,True
RNU4-3P,None,False,False,False
RNU4-40P,None,False,True,False
RNU4-41P,None,False,False,False
RNU4-42P,None,False,True,True
RNU4-43P,None,False,False,False
RNU4-44P,None,False,False,False
RNU4-45P,None,False,True,False
RNU4-46P,None,False,True,True
RNU4-47P,None,True,True,True
RNU4-48P,None,False,False,False
RNU4-49P,None,False,False,False
RNU4-4P,None,False,False,False
RNU4-50P,None,False,False,False
RNU4-51P,None,False,False,False
RNU4-52P,None,True,True,True
RNU4-53P,None,False,True,True
RNU4-54P,None,False,False,False
RNU4-55P,None,False,False,False
RNU4-56P,None,False,False,False
RNU4-57P,None,False,False,False
RNU4-58P,None,False,False,False
RNU4-59P,None,False,False,False
RNU4-5P,None,False,False,False
RNU4-60P,None,False,False,False
RNU4-61P,None,False,True,True
RNU4-62P,None,False,True,True
RNU4-63P,None,False,False,False
RNU4-64P,None,False,False,False
RNU4-65P,None,False,False,False
RNU4-66P,None,False,False,False
RNU4-67P,None,False,False,False
RNU4-68P,None,True,True,True
RNU4-69P,None,False,False,False
RNU4-6P,None,False,False,False
RNU4-70P,None,False,False,False
RNU4-71P,None,False,False,False
RNU4-72P,None,False,False,False
RNU4-73P,None,False,False,False
RNU4-74P,None,False,False,False
RNU4-75P,None,False,False,False
RNU4-76P,None,False,False,False
RNU4-77P,None,False,False,False
RNU4-78P,None,False,False,False
RNU4-79P,None,False,False,False
RNU4-7P,None,False,False,False
RNU4-80P,None,False,False,False
RNU4-81P,None,False,False,False
RNU4-82P,None,False,False,False
RNU4-83P,None,False,True,True
RNU4-84P,None,False,False,False
RNU4-85P,None,False,False,False
RNU4-86P,None,True,True,True
RNU4-87P,None,False,False,False
RNU4-88P,None,False,False,False
RNU4-89P,None,False,False,False
RNU4-8P,None,False,True,True
RNU4-90P,None,True,True,True
RNU4-91P,None,False,False,False
RNU4-92P,None,False,False,False
RNU4-9P,None,False,True,False
RNU5A-1,None,False,False,False
RNU5A-2P,None,False,False,False
RNU5A-3P,None,True,True,True
RNU5A-4P,None,False,False,False
RNU5A-5P,None,False,False,False
RNU5A-6P,None,False,False,False
RNU5A-7P,None,False,True,False
RNU5A-8P,None,False,False,False
RNU5B-1,None,False,False,False
RNU5B-2P,None,False,False,False
RNU5B-3P,None,False,False,False
RNU5B-4P,None,False,True,True
RNU5B-5P,None,False,False,False
RNU5B-6P,None,False,False,False
RNU5D-1,None,False,False,False
RNU5D-2P,None,False,False,False
RNU5E-1,None,False,True,True
RNU5E-10P,None,False,True,True
RNU5E-2P,None,True,True,True
RNU5E-3P,None,False,False,False
RNU5E-4P,None,False,False,False
RNU5E-5P,None,True,True,True
RNU5E-6P,None,False,False,False
RNU5E-7P,None,False,False,False
RNU5E-8P,None,False,True,True
RNU5E-9P,None,False,False,False
RNU5F-1,None,False,False,False
RNU5F-2P,None,False,False,False
RNU5F-3P,None,False,False,False
RNU5F-4P,None,True,True,True
RNU5F-5P,None,False,False,False
RNU5F-6P,None,False,False,False
RNU5F-7P,None,False,False,False
RNU5F-8P,None,False,True,True
RNU6-1,Type 3,True,True,True
RNU6-1000P,Type 3,False,False,True
RNU6-1001P,Type 3,False,False,False
RNU6-1003P,Type 3,True,True,True
RNU6-1004P,Type 3,False,True,True
RNU6-1005P,Type 3,False,False,True
RNU6-1006P,Type 3,False,False,True
RNU6-1007P,Type 3,True,True,True
RNU6-1008P,Type 3,False,False,True
RNU6-1009P,Type 3,False,True,True
RNU6-100P,Type 3,False,True,True
RNU6-1010P,Type 3,True,True,True
RNU6-1011P,Type 3,False,False,True
RNU6-1012P,Type 3,False,False,False
RNU6-1013P,Type 3,False,False,True
RNU6-1014P,Type 3,False,False,True
RNU6-1015P,Type 3,False,True,True
RNU6-1016P,Type 3,False,False,True
RNU6-1017P,Type 3,False,True,True
RNU6-1018P,Type 3,False,False,True
RNU6-1019P,Type 3,False,False,True
RNU6-101P,Type 3,False,False,True
RNU6-1020P,Type 3,True,True,True
RNU6-1021P,Type 3,False,False,True
RNU6-1022P,Type 3,True,True,True
RNU6-1023P,Type 3,False,False,True
RNU6-1024P,Type 3,False,True,True
RNU6-1025P,Type 3,False,True,True
RNU6-1026P,Type 3,False,False,True
RNU6-1027P,Type 3,False,True,True
RNU6-1028P,Type 3,True,True,True
RNU6-1029P,Type 3,False,False,True
RNU6-102P,Type 3,False,False,True
RNU6-1031P,Type 3,False,False,True
RNU6-1032P,Type 3,False,False,True
RNU6-1034P,Type 3,False,False,True
RNU6-1035P,Type 3,False,True,True
RNU6-1036P,Type 3,False,True,True
RNU6-1037P,Type 3,False,False,True
RNU6-1038P,Type 3,False,False,True
RNU6-1039P,Type 3,False,False,True
RNU6-103P,Type 3,False,True,True
RNU6-1040P,Type 3,False,False,True
RNU6-1041P,Type 3,True,True,True
RNU6-1042P,Type 3,False,False,True
RNU6-1043P,Type 3,False,False,True
RNU6-1044P,Type 3,False,False,True
RNU6-1045P,Type 3,False,False,True
RNU6-1046P,Type 3,False,True,True
RNU6-1047P,Type 3,False,False,True
RNU6-1048P,Type 3,False,False,True
RNU6-1049P,Type 3,False,False,True
RNU6-104P,Type 3,False,False,True
RNU6-1050P,Type 3,False,True,True
RNU6-1051P,Type 3,False,False,True
RNU6-1052P,Type 3,False,False,True
RNU6-1053P,Type 3,False,False,True
RNU6-1054P,Type 3,False,False,True
RNU6-1055P,Type 3,False,False,True
RNU6-1056P,Type 3,True,True,True
RNU6-1057P,Type 3,True,True,True
RNU6-1059P,Type 3,False,False,True
RNU6-105P,Type 3,False,False,True
RNU6-1060P,Type 3,False,False,True
RNU6-1061P,Type 3,False,False,True
RNU6-1062P,Type 3,False,False,True
RNU6-1064P,Type 3,False,True,True
RNU6-1065P,Type 3,False,True,True
RNU6-1066P,Type 3,False,True,True
RNU6-1067P,Type 3,False,True,True
RNU6-1068P,Type 3,False,False,True
RNU6-1069P,Type 3,True,True,True
RNU6-106P,Type 3,True,True,True
RNU6-1071P,Type 3,False,False,True
RNU6-1072P,Type 3,False,True,True
RNU6-1073P,Type 3,False,False,True
RNU6-1074P,Type 3,False,False,True
RNU6-1075P,Type 3,False,False,True
RNU6-1076P,Type 3,False,False,True
RNU6-1077P,Type 3,False,True,True
RNU6-1078P,Type 3,False,False,True
RNU6-1079P,Type 3,False,False,True
RNU6-107P,Type 3,False,False,True
RNU6-1080P,Type 3,False,False,True
RNU6-1081P,Type 3,False,False,True
RNU6-1082P,Type 3,False,False,True
RNU6-1083P,Type 3,True,True,True
RNU6-1084P,Type 3,False,True,True
RNU6-1085P,Type 3,True,True,True
RNU6-1086P,Type 3,False,False,True
RNU6-1087P,Type 3,False,False,True
RNU6-1088P,Type 3,True,True,True
RNU6-1089P,Type 3,False,False,True
RNU6-108P,Type 3,False,False,True
RNU6-1090P,Type 3,False,False,True
RNU6-1091P,Type 3,True,True,True
RNU6-1092P,Type 3,True,True,True
RNU6-1093P,Type 3,True,True,True
RNU6-1094P,Type 3,False,False,True
RNU6-1095P,Type 3,True,True,True
RNU6-1096P,Type 3,False,False,True
RNU6-1097P,Type 3,False,False,True
RNU6-1098P,Type 3,False,False,True
RNU6-1099P,Type 3,False,False,True
RNU6-109P,Type 3,False,False,True
RNU6-10P,Type 3,True,True,True
RNU6-1100P,Type 3,False,False,True
RNU6-1101P,Type 3,True,True,True
RNU6-1102P,Type 3,False,False,True
RNU6-1103P,Type 3,False,False,True
RNU6-1104P,Type 3,False,True,True
RNU6-1105P,Type 3,False,True,True
RNU6-1106P,Type 3,True,True,True
RNU6-1107P,Type 3,False,False,True
RNU6-1108P,Type 3,False,False,True
RNU6-1109P,Type 3,False,False,False
RNU6-110P,Type 3,False,False,True
RNU6-1110P,Type 3,False,False,False
RNU6-1111P,Type 3,False,False,True
RNU6-1112P,Type 3,False,False,True
RNU6-1113P,Type 3,False,True,True
RNU6-1114P,Type 3,True,True,True
RNU6-1115P,Type 3,False,False,True
RNU6-1116P,Type 3,False,False,True
RNU6-1117P,Type 3,False,False,True
RNU6-1118P,Type 3,False,False,True
RNU6-1119P,Type 3,False,False,True
RNU6-111P,Type 3,False,False,True
RNU6-1120P,Type 3,False,False,True
RNU6-1121P,Type 3,True,True,True
RNU6-1122P,Type 3,True,True,True
RNU6-1123P,Type 3,False,False,True
RNU6-1124P,Type 3,False,False,True
RNU6-1125P,Type 3,False,False,True
RNU6-1126P,Type 3,False,True,True
RNU6-1127P,Type 3,False,False,True
RNU6-1128P,Type 3,False,False,True
RNU6-1129P,Type 3,False,False,True
RNU6-112P,Type 3,False,False,True
RNU6-1130P,Type 3,False,False,True
RNU6-1131P,Type 3,False,True,True
RNU6-1132P,Type 3,False,False,False
RNU6-1133P,Type 3,True,True,True
RNU6-1134P,Type 3,False,False,True
RNU6-1135P,Type 3,False,False,True
RNU6-1136P,Type 3,False,False,True
RNU6-1137P,Type 3,False,True,True
RNU6-1138P,Type 3,True,True,True
RNU6-1139P,Type 3,True,True,True
RNU6-113P,Type 3,False,True,True
RNU6-1140P,Type 3,False,False,True
RNU6-1141P,Type 3,False,False,True
RNU6-1143P,Type 3,False,False,False
RNU6-1144P,Type 3,False,True,True
RNU6-1145P,Type 3,False,True,True
RNU6-1146P,Type 3,False,False,True
RNU6-1147P,Type 3,False,True,True
RNU6-1148P,Type 3,False,False,True
RNU6-1149P,Type 3,False,True,True
RNU6-114P,Type 3,False,False,True
RNU6-1150P,Type 3,False,False,False
RNU6-1151P,Type 3,True,True,True
RNU6-1152P,Type 3,False,False,True
RNU6-1153P,Type 3,False,False,True
RNU6-1154P,Type 3,False,True,True
RNU6-1155P,Type 3,True,True,True
RNU6-1156P,Type 3,False,False,True
RNU6-1157P,Type 3,False,True,True
RNU6-1158P,Type 3,False,True,True
RNU6-1159P,Type 3,False,False,True
RNU6-115P,Type 3,False,False,True
RNU6-1160P,Type 3,False,True,True
RNU6-1161P,Type 3,False,False,True
RNU6-1162P,Type 3,True,True,True
RNU6-1163P,Type 3,False,False,True
RNU6-1164P,Type 3,False,True,True
RNU6-1165P,Type 3,False,False,True
RNU6-1167P,Type 3,False,False,True
RNU6-1168P,Type 3,False,False,True
RNU6-1169P,Type 3,True,True,True
RNU6-116P,Type 3,False,False,True
RNU6-1170P,Type 3,False,False,True
RNU6-1171P,Type 3,False,False,True
RNU6-1172P,Type 3,False,False,True
RNU6-1174P,Type 3,False,False,True
RNU6-1175P,Type 3,False,False,True
RNU6-1176P,Type 3,False,True,True
RNU6-1177P,Type 3,False,False,True
RNU6-1178P,Type 3,True,True,True
RNU6-1179P,Type 3,False,False,True
RNU6-117P,Type 3,False,False,True
RNU6-1180P,Type 3,False,False,True
RNU6-1181P,Type 3,False,False,True
RNU6-1183P,Type 3,False,True,True
RNU6-1184P,Type 3,False,False,True
RNU6-1186P,Type 3,False,False,True
RNU6-1187P,Type 3,False,True,True
RNU6-1188P,Type 3,False,False,True
RNU6-1189P,Type 3,False,False,True
RNU6-118P,Type 3,False,False,True
RNU6-1190P,Type 3,False,True,True
RNU6-1191P,Type 3,False,True,True
RNU6-1192P,Type 3,False,True,True
RNU6-1193P,Type 3,False,False,True
RNU6-1194P,Type 3,False,False,True
RNU6-1195P,Type 3,False,True,True
RNU6-1196P,Type 3,True,True,True
RNU6-1197P,Type 3,False,True,True
RNU6-1198P,Type 3,False,True,True
RNU6-1199P,Type 3,False,False,True
RNU6-119P,Type 3,False,False,True
RNU6-11P,Type 3,False,False,True
RNU6-1200P,Type 3,False,False,True
RNU6-1201P,Type 3,True,True,True
RNU6-1203P,Type 3,False,False,True
RNU6-1204P,Type 3,False,False,True
RNU6-1205P,Type 3,True,True,True
RNU6-1206P,Type 3,False,False,False
RNU6-1207P,Type 3,False,False,True
RNU6-1208P,Type 3,False,False,True
RNU6-1209P,Type 3,False,False,True
RNU6-120P,Type 3,False,True,True
RNU6-1210P,Type 3,False,False,True
RNU6-1211P,Type 3,False,False,True
RNU6-1212P,Type 3,False,False,False
RNU6-1213P,Type 3,True,True,True
RNU6-1214P,Type 3,False,False,True
RNU6-1215P,Type 3,False,False,True
RNU6-1216P,Type 3,False,False,True
RNU6-1217P,Type 3,False,False,True
RNU6-1218P,Type 3,False,False,True
RNU6-1219P,Type 3,False,True,True
RNU6-121P,Type 3,False,False,True
RNU6-1220P,Type 3,False,False,False
RNU6-1222P,Type 3,False,False,True
RNU6-1223P,Type 3,True,True,True
RNU6-1224P,Type 3,False,True,True
RNU6-1225P,Type 3,False,False,True
RNU6-1226P,Type 3,False,False,True
RNU6-1227P,Type 3,False,False,True
RNU6-1228P,Type 3,False,False,True
RNU6-1229P,Type 3,False,True,True
RNU6-122P,Type 3,False,False,True
RNU6-1230P,Type 3,False,False,True
RNU6-1231P,Type 3,False,True,True
RNU6-1232P,Type 3,False,False,True
RNU6-1233P,Type 3,False,False,True
RNU6-1234P,Type 3,False,False,True
RNU6-1235P,Type 3,False,False,True
RNU6-1236P,Type 3,False,False,True
RNU6-1237P,Type 3,False,False,True
RNU6-1238P,Type 3,True,True,True
RNU6-1239P,Type 3,False,False,True
RNU6-123P,Type 3,False,True,True
RNU6-1240P,Type 3,False,False,True
RNU6-1241P,Type 3,False,False,True
RNU6-1242P,Type 3,True,True,True
RNU6-1243P,Type 3,False,False,True
RNU6-1244P,Type 3,False,False,True
RNU6-1245P,Type 3,True,True,True
RNU6-1246P,Type 3,False,False,True
RNU6-1247P,Type 3,False,True,True
RNU6-1248P,Type 3,False,False,True
RNU6-1249P,Type 3,False,False,True
RNU6-1250P,Type 3,False,False,True
RNU6-1251P,Type 3,False,False,True
RNU6-1252P,Type 3,False,False,True
RNU6-1254P,Type 3,False,False,True
RNU6-1255P,Type 3,True,True,True
RNU6-1256P,Type 3,False,False,True
RNU6-1257P,Type 3,False,False,True
RNU6-1258P,Type 3,False,False,False
RNU6-125P,Type 3,False,False,True
RNU6-1260P,Type 3,False,False,True
RNU6-1261P,Type 3,False,True,True
RNU6-1262P,Type 3,False,False,True
RNU6-1263P,Type 3,False,False,True
RNU6-1264P,Type 3,False,True,True
RNU6-1265P,Type 3,False,False,False
RNU6-1266P,Type 3,True,True,True
RNU6-1267P,Type 3,False,False,True
RNU6-1268P,Type 3,False,False,True
RNU6-1269P,Type 3,False,False,True
RNU6-126P,Type 3,False,False,False
RNU6-1270P,Type 3,False,False,True
RNU6-1271P,Type 3,False,False,True
RNU6-1272P,Type 3,False,False,True
RNU6-1273P,Type 3,True,True,True
RNU6-1274P,Type 3,True,True,True
RNU6-1275P,Type 3,False,False,True
RNU6-1276P,Type 3,False,False,True
RNU6-1277P,Type 3,False,False,True
RNU6-1278P,Type 3,False,False,True
RNU6-1279P,Type 3,False,False,True
RNU6-127P,Type 3,False,False,True
RNU6-1280P,Type 3,False,False,True
RNU6-1281P,Type 3,False,False,True
RNU6-1282P,Type 3,False,False,True
RNU6-1283P,Type 3,False,True,True
RNU6-1284P,Type 3,False,False,True
RNU6-1285P,Type 3,False,False,True
RNU6-1286P,Type 3,False,True,True
RNU6-1287P,Type 3,False,False,True
RNU6-1288P,Type 3,False,False,True
RNU6-1289P,Type 3,False,False,True
RNU6-128P,Type 3,False,False,True
RNU6-1290P,Type 3,False,False,True
RNU6-1291P,Type 3,False,False,True
RNU6-1292P,Type 3,False,False,True
RNU6-1293P,Type 3,False,False,False
RNU6-1294P,Type 3,False,True,True
RNU6-1296P,Type 3,False,False,True
RNU6-1297P,Type 3,False,True,True
RNU6-1298P,Type 3,True,True,True
RNU6-1299P,Type 3,False,False,True
RNU6-129P,Type 3,False,False,True
RNU6-12P,Type 3,False,False,True
RNU6-1300P,Type 3,False,True,True
RNU6-1301P,Type 3,False,True,True
RNU6-1303P,Type 3,False,False,True
RNU6-1304P,Type 3,True,True,True
RNU6-1305P,Type 3,False,False,True
RNU6-1306P,Type 3,True,True,True
RNU6-1307P,Type 3,False,False,True
RNU6-1308P,Type 3,False,True,True
RNU6-1309P,Type 3,False,False,True
RNU6-130P,Type 3,False,False,True
RNU6-1310P,Type 3,False,False,True
RNU6-1311P,Type 3,False,True,True
RNU6-1312P,Type 3,False,False,True
RNU6-1313P,Type 3,False,False,True
RNU6-1314P,Type 3,False,False,True
RNU6-1315P,Type 3,True,True,True
RNU6-1316P,Type 3,False,True,True
RNU6-1317P,Type 3,False,False,True
RNU6-1318P,Type 3,False,False,True
RNU6-1319P,Type 3,False,False,True
RNU6-131P,Type 3,False,True,True
RNU6-1320P,Type 3,False,False,True
RNU6-1321P,Type 3,False,False,True
RNU6-1322P,Type 3,True,True,True
RNU6-1323P,Type 3,False,False,True
RNU6-1324P,Type 3,False,True,True
RNU6-1325P,Type 3,False,False,False
RNU6-1326P,Type 3,False,False,True
RNU6-1327P,Type 3,False,False,True
RNU6-1328P,Type 3,True,True,True
RNU6-1329P,Type 3,False,True,True
RNU6-132P,Type 3,True,True,True
RNU6-1330P,Type 3,False,False,True
RNU6-1331P,Type 3,False,True,True
RNU6-1332P,Type 3,False,False,True
RNU6-1333P,Type 3,False,False,True
RNU6-1334P,Type 3,False,False,False
RNU6-1335P,Type 3,True,True,True
RNU6-1336P,Type 3,False,False,True
RNU6-1337P,Type 3,False,False,False
RNU6-1338P,Type 3,False,False,True
RNU6-1339P,Type 3,False,False,True
RNU6-133P,Type 3,False,False,True
RNU6-1340P,Type 3,False,True,True
RNU6-1341P,Type 3,False,False,True
RNU6-1342P,Type 3,False,False,True
RNU6-135P,Type 3,False,False,True
RNU6-136P,Type 3,True,False,True
RNU6-137P,Type 3,False,False,True
RNU6-138P,Type 3,False,False,True
RNU6-139P,Type 3,False,False,True
RNU6-13P,Type 3,False,False,True
RNU6-140P,Type 3,False,True,True
RNU6-141P,Type 3,False,False,True
RNU6-142P,Type 3,False,False,True
RNU6-143P,Type 3,True,True,True
RNU6-144P,Type 3,False,False,True
RNU6-145P,Type 3,False,False,True
RNU6-146P,Type 3,False,False,True
RNU6-147P,Type 3,False,True,True
RNU6-148P,Type 3,False,False,True
RNU6-14P,Type 3,False,False,True
RNU6-150P,Type 3,False,False,True
RNU6-151P,Type 3,False,False,True
RNU6-152P,Type 3,False,True,True
RNU6-153P,Type 3,False,False,True
RNU6-154P,Type 3,False,False,True
RNU6-155P,Type 3,False,True,True
RNU6-156P,Type 3,False,False,False
RNU6-157P,Type 3,False,False,True
RNU6-158P,Type 3,False,False,True
RNU6-159P,Type 3,False,False,True
RNU6-15P,Type 3,False,False,True
RNU6-160P,Type 3,False,False,True
RNU6-161P,Type 3,False,False,True
RNU6-162P,Type 3,False,False,True
RNU6-163P,Type 3,False,False,True
RNU6-164P,Type 3,False,False,True
RNU6-165P,Type 3,False,False,False
RNU6-166P,Type 3,False,False,True
RNU6-167P,Type 3,False,False,True
RNU6-168P,Type 3,False,False,True
RNU6-169P,Type 3,True,True,True
RNU6-16P,Type 3,False,False,True
RNU6-170P,Type 3,False,True,True
RNU6-171P,Type 3,False,True,True
RNU6-172P,Type 3,False,False,True
RNU6-173P,Type 3,False,False,True
RNU6-174P,Type 3,False,False,True
RNU6-175P,Type 3,False,False,True
RNU6-176P,Type 3,False,False,True
RNU6-177P,Type 3,False,False,True
RNU6-178P,Type 3,True,True,True
RNU6-179P,Type 3,True,True,True
RNU6-17P,Type 3,False,False,True
RNU6-180P,Type 3,False,False,True
RNU6-181P,Type 3,True,True,True
RNU6-182P,Type 3,False,False,True
RNU6-183P,Type 3,False,False,True
RNU6-184P,Type 3,False,False,True
RNU6-185P,Type 3,False,False,True
RNU6-187P,Type 3,False,False,True
RNU6-188P,Type 3,False,False,True
RNU6-189P,Type 3,False,False,True
RNU6-18P,Type 3,False,False,True
RNU6-190P,Type 3,False,False,True
RNU6-191P,Type 3,False,False,True
RNU6-192P,Type 3,True,True,True
RNU6-193P,Type 3,False,True,True
RNU6-194P,Type 3,True,True,True
RNU6-195P,Type 3,False,True,True
RNU6-196P,Type 3,False,False,True
RNU6-197P,Type 3,False,False,True
RNU6-198P,Type 3,False,False,True
RNU6-199P,Type 3,False,True,True
RNU6-19P,Type 3,False,False,True
RNU6-2,Type 3,True,True,True
RNU6-200P,Type 3,False,False,True
RNU6-201P,Type 3,False,True,True
RNU6-202P,Type 3,False,False,False
RNU6-203P,Type 3,False,False,True
RNU6-204P,Type 3,False,False,True
RNU6-205P,Type 3,False,False,True
RNU6-206P,Type 3,True,True,True
RNU6-207P,Type 3,False,False,True
RNU6-208P,Type 3,False,True,True
RNU6-209P,Type 3,False,False,True
RNU6-20P,Type 3,True,True,True
RNU6-210P,Type 3,True,True,True
RNU6-211P,Type 3,False,False,True
RNU6-212P,Type 3,False,False,True
RNU6-213P,Type 3,False,True,True
RNU6-214P,Type 3,False,False,True
RNU6-215P,Type 3,False,False,True
RNU6-216P,Type 3,True,True,True
RNU6-217P,Type 3,False,False,True
RNU6-218P,Type 3,True,True,True
RNU6-219P,Type 3,False,False,True
RNU6-21P,Type 3,False,False,True
RNU6-220P,Type 3,False,True,True
RNU6-221P,Type 3,False,True,True
RNU6-222P,Type 3,True,True,True
RNU6-223P,Type 3,False,False,True
RNU6-224P,Type 3,False,False,True
RNU6-225P,Type 3,True,True,True
RNU6-226P,Type 3,False,False,True
RNU6-227P,Type 3,False,False,True
RNU6-228P,Type 3,False,False,True
RNU6-229P,Type 3,True,True,True
RNU6-22P,Type 3,False,True,True
RNU6-230P,Type 3,False,False,True
RNU6-231P,Type 3,False,True,True
RNU6-232P,Type 3,True,True,True
RNU6-233P,Type 3,True,True,True
RNU6-234P,Type 3,False,True,True
RNU6-235P,Type 3,False,True,True
RNU6-236P,Type 3,False,True,True
RNU6-237P,Type 3,False,False,True
RNU6-238P,Type 3,False,True,True
RNU6-239P,Type 3,False,False,True
RNU6-23P,Type 3,True,True,True
RNU6-240P,Type 3,False,False,True
RNU6-241P,Type 3,False,False,True
RNU6-242P,Type 3,False,False,True
RNU6-243P,Type 3,False,False,True
RNU6-244P,Type 3,False,False,True
RNU6-245P,Type 3,True,True,True
RNU6-246P,Type 3,False,False,True
RNU6-247P,Type 3,False,False,True
RNU6-248P,Type 3,False,False,True
RNU6-249P,Type 3,False,False,True
RNU6-24P,Type 3,False,False,True
RNU6-250P,Type 3,False,False,False
RNU6-251P,Type 3,False,False,True
RNU6-252P,Type 3,False,True,True
RNU6-253P,Type 3,False,False,True
RNU6-254P,Type 3,False,False,True
RNU6-255P,Type 3,False,True,True
RNU6-256P,Type 3,False,False,True
RNU6-257P,Type 3,False,False,True
RNU6-258P,Type 3,False,False,True
RNU6-259P,Type 3,False,False,True
RNU6-25P,Type 3,False,False,True
RNU6-260P,Type 3,False,False,True
RNU6-261P,Type 3,False,False,True
RNU6-262P,Type 3,False,False,True
RNU6-263P,Type 3,False,False,True
RNU6-264P,Type 3,True,True,True
RNU6-266P,Type 3,False,False,True
RNU6-267P,Type 3,False,False,True
RNU6-268P,Type 3,False,False,True
RNU6-269P,Type 3,False,False,False
RNU6-26P,Type 3,False,False,True
RNU6-270P,Type 3,False,False,True
RNU6-271P,Type 3,False,False,True
RNU6-272P,Type 3,False,False,True
RNU6-273P,Type 3,False,False,True
RNU6-274P,Type 3,False,False,True
RNU6-275P,Type 3,False,False,True
RNU6-276P,Type 3,False,False,True
RNU6-277P,Type 3,False,False,False
RNU6-278P,Type 3,False,False,False
RNU6-279P,Type 3,False,False,True
RNU6-27P,Type 3,False,False,True
RNU6-280P,Type 3,False,False,True
RNU6-281P,Type 3,False,False,True
RNU6-282P,Type 3,False,False,True
RNU6-283P,Type 3,False,False,True
RNU6-284P,Type 3,False,False,True
RNU6-285P,Type 3,False,False,True
RNU6-286P,Type 3,False,False,True
RNU6-287P,Type 3,False,True,True
RNU6-288P,Type 3,False,False,True
RNU6-289P,Type 3,False,False,True
RNU6-28P,Type 3,False,True,True
RNU6-290P,Type 3,False,True,True
RNU6-291P,Type 3,False,False,True
RNU6-293P,Type 3,False,False,True
RNU6-294P,Type 3,False,False,True
RNU6-295P,Type 3,False,False,True
RNU6-296P,Type 3,False,False,True
RNU6-297P,Type 3,False,False,True
RNU6-298P,Type 3,False,True,True
RNU6-299P,Type 3,False,False,True
RNU6-29P,Type 3,False,False,True
RNU6-300P,Type 3,False,False,True
RNU6-301P,Type 3,False,False,True
RNU6-302P,Type 3,False,False,True
RNU6-303P,Type 3,False,False,True
RNU6-304P,Type 3,False,True,True
RNU6-306P,Type 3,False,True,True
RNU6-307P,Type 3,False,True,True
RNU6-308P,Type 3,False,False,True
RNU6-309P,Type 3,False,False,True
RNU6-30P,Type 3,False,False,True
RNU6-310P,Type 3,False,False,True
RNU6-311P,Type 3,False,False,True
RNU6-312P,Type 3,False,False,True
RNU6-313P,Type 3,False,True,True
RNU6-314P,Type 3,False,False,True
RNU6-315P,Type 3,False,False,True
RNU6-316P,Type 3,False,False,True
RNU6-317P,Type 3,False,True,True
RNU6-318P,Type 3,True,True,True
RNU6-319P,Type 3,False,False,True
RNU6-31P,Type 3,True,True,True
RNU6-320P,Type 3,False,False,True
RNU6-321P,Type 3,False,False,True
RNU6-322P,Type 3,False,False,True
RNU6-323P,Type 3,False,True,True
RNU6-324P,Type 3,False,False,True
RNU6-325P,Type 3,False,False,True
RNU6-326P,Type 3,False,True,True
RNU6-327P,Type 3,False,False,True
RNU6-328P,Type 3,False,False,True
RNU6-329P,Type 3,False,False,True
RNU6-32P,Type 3,False,False,True
RNU6-330P,Type 3,False,False,True
RNU6-331P,Type 3,False,False,True
RNU6-332P,Type 3,False,False,True
RNU6-333P,Type 3,True,True,True
RNU6-334P,Type 3,False,False,True
RNU6-335P,Type 3,False,False,True
RNU6-336P,Type 3,False,True,True
RNU6-337P,Type 3,False,False,True
RNU6-338P,Type 3,False,True,True
RNU6-339P,Type 3,False,False,True
RNU6-33P,Type 3,False,False,True
RNU6-340P,Type 3,False,True,True
RNU6-341P,Type 3,False,False,True
RNU6-342P,Type 3,False,False,True
RNU6-343P,Type 3,False,False,True
RNU6-344P,Type 3,False,False,True
RNU6-345P,Type 3,False,False,True
RNU6-346P,Type 3,False,False,True
RNU6-347P,Type 3,False,False,True
RNU6-348P,Type 3,False,False,True
RNU6-349P,Type 3,False,False,False
RNU6-34P,Type 3,False,False,True
RNU6-351P,Type 3,False,False,True
RNU6-352P,Type 3,False,False,True
RNU6-353P,Type 3,False,False,True
RNU6-354P,Type 3,False,False,True
RNU6-355P,Type 3,False,False,True
RNU6-356P,Type 3,False,False,True
RNU6-358P,Type 3,False,False,True
RNU6-359P,Type 3,False,True,True
RNU6-35P,Type 3,False,False,True
RNU6-360P,Type 3,False,False,True
RNU6-361P,Type 3,False,False,True
RNU6-362P,Type 3,False,True,True
RNU6-363P,Type 3,False,False,True
RNU6-364P,Type 3,False,False,True
RNU6-365P,Type 3,False,False,True
RNU6-366P,Type 3,False,True,True
RNU6-367P,Type 3,False,False,True
RNU6-368P,Type 3,False,False,True
RNU6-369P,Type 3,True,True,True
RNU6-36P,Type 3,False,False,True
RNU6-370P,Type 3,False,True,True
RNU6-371P,Type 3,False,False,True
RNU6-373P,Type 3,False,False,True
RNU6-374P,Type 3,False,False,True
RNU6-375P,Type 3,False,False,False
RNU6-376P,Type 3,False,True,True
RNU6-377P,Type 3,False,False,True
RNU6-378P,Type 3,False,False,True
RNU6-379P,Type 3,True,True,True
RNU6-37P,Type 3,True,True,True
RNU6-380P,Type 3,False,False,True
RNU6-381P,Type 3,False,False,True
RNU6-382P,Type 3,False,False,True
RNU6-383P,Type 3,False,False,True
RNU6-384P,Type 3,False,True,True
RNU6-386P,Type 3,False,True,True
RNU6-387P,Type 3,False,True,True
RNU6-388P,Type 3,False,False,False
RNU6-389P,Type 3,False,False,False
RNU6-38P,Type 3,False,False,True
RNU6-390P,Type 3,False,False,True
RNU6-391P,Type 3,False,True,True
RNU6-392P,Type 3,False,False,True
RNU6-393P,Type 3,False,False,True
RNU6-394P,Type 3,False,False,False
RNU6-395P,Type 3,False,True,True
RNU6-396P,Type 3,False,False,True
RNU6-397P,Type 3,False,False,False
RNU6-398P,Type 3,False,False,True
RNU6-399P,Type 3,False,False,True
RNU6-39P,Type 3,False,False,True
RNU6-3P,Type 3,False,False,True
RNU6-400P,Type 3,False,False,True
RNU6-401P,Type 3,False,False,True
RNU6-402P,Type 3,False,False,True
RNU6-403P,Type 3,False,False,True
RNU6-405P,Type 3,True,True,True
RNU6-406P,Type 3,True,True,True
RNU6-407P,Type 3,False,True,True
RNU6-408P,Type 3,False,False,True
RNU6-409P,Type 3,False,False,True
RNU6-40P,Type 3,False,False,True
RNU6-410P,Type 3,False,False,True
RNU6-411P,Type 3,False,False,True
RNU6-412P,Type 3,False,False,True
RNU6-413P,Type 3,False,False,True
RNU6-414P,Type 3,False,False,True
RNU6-415P,Type 3,False,False,True
RNU6-416P,Type 3,False,True,True
RNU6-417P,Type 3,False,True,True
RNU6-418P,Type 3,False,False,True
RNU6-419P,Type 3,False,True,True
RNU6-41P,Type 3,True,True,True
RNU6-420P,Type 3,False,False,True
RNU6-421P,Type 3,True,True,True
RNU6-422P,Type 3,False,False,True
RNU6-424P,Type 3,False,False,True
RNU6-425P,Type 3,False,True,True
RNU6-426P,Type 3,False,False,False
RNU6-428P,Type 3,False,False,True
RNU6-429P,Type 3,False,False,True
RNU6-42P,Type 3,False,False,True
RNU6-430P,Type 3,True,False,True
RNU6-431P,Type 3,False,False,True
RNU6-432P,Type 3,False,False,True
RNU6-433P,Type 3,False,True,True
RNU6-434P,Type 3,False,True,True
RNU6-435P,Type 3,False,True,True
RNU6-436P,Type 3,False,False,True
RNU6-437P,Type 3,False,True,True
RNU6-438P,Type 3,False,False,True
RNU6-439P,Type 3,False,False,True
RNU6-43P,Type 3,False,True,True
RNU6-440P,Type 3,False,False,True
RNU6-441P,Type 3,False,False,True
RNU6-442P,Type 3,False,False,True
RNU6-444P,Type 3,False,False,True
RNU6-445P,Type 3,False,False,True
RNU6-446P,Type 3,False,True,True
RNU6-447P,Type 3,False,False,True
RNU6-448P,Type 3,False,False,True
RNU6-449P,Type 3,False,False,True
RNU6-44P,Type 3,False,False,True
RNU6-450P,Type 3,True,True,True
RNU6-451P,Type 3,True,True,True
RNU6-452P,Type 3,False,False,False
RNU6-453P,Type 3,False,True,True
RNU6-454P,Type 3,True,True,True
RNU6-455P,Type 3,False,True,True
RNU6-456P,Type 3,False,False,True
RNU6-457P,Type 3,False,False,True
RNU6-458P,Type 3,False,False,False
RNU6-45P,Type 3,False,True,True
RNU6-460P,Type 3,False,False,True
RNU6-461P,Type 3,False,False,True
RNU6-462P,Type 3,False,False,True
RNU6-463P,Type 3,False,False,True
RNU6-464P,Type 3,False,False,True
RNU6-465P,Type 3,False,False,True
RNU6-466P,Type 3,False,False,True
RNU6-467P,Type 3,True,True,True
RNU6-468P,Type 3,False,False,True
RNU6-469P,Type 3,False,False,True
RNU6-46P,Type 3,False,False,True
RNU6-470P,Type 3,False,False,True
RNU6-471P,Type 3,False,False,True
RNU6-472P,Type 3,False,False,True
RNU6-473P,Type 3,False,False,True
RNU6-474P,Type 3,False,False,True
RNU6-475P,Type 3,False,False,True
RNU6-476P,Type 3,False,False,True
RNU6-477P,Type 3,False,False,True
RNU6-478P,Type 3,False,False,True
RNU6-479P,Type 3,False,False,False
RNU6-47P,Type 3,False,False,True
RNU6-480P,Type 3,False,False,True
RNU6-481P,Type 3,False,False,True
RNU6-482P,Type 3,False,True,True
RNU6-483P,Type 3,False,False,True
RNU6-484P,Type 3,False,False,True
RNU6-485P,Type 3,False,False,True
RNU6-486P,Type 3,False,False,True
RNU6-487P,Type 3,False,False,True
RNU6-488P,Type 3,False,False,True
RNU6-489P,Type 3,False,True,True
RNU6-48P,Type 3,False,False,True
RNU6-490P,Type 3,False,False,True
RNU6-491P,Type 3,False,False,True
RNU6-492P,Type 3,True,True,True
RNU6-493P,Type 3,False,False,True
RNU6-494P,Type 3,False,False,True
RNU6-495P,Type 3,False,True,True
RNU6-496P,Type 3,False,False,True
RNU6-497P,Type 3,False,True,True
RNU6-498P,Type 3,False,False,True
RNU6-499P,Type 3,False,False,True
RNU6-49P,Type 3,False,True,True
RNU6-4P,Type 3,False,False,True
RNU6-500P,Type 3,False,False,True
RNU6-501P,Type 3,True,True,True
RNU6-502P,Type 3,True,True,True
RNU6-503P,Type 3,False,False,True
RNU6-504P,Type 3,False,False,True
RNU6-505P,Type 3,False,False,True
RNU6-506P,Type 3,False,False,True
RNU6-507P,Type 3,False,True,True
RNU6-508P,Type 3,False,False,True
RNU6-509P,Type 3,True,True,True
RNU6-50P,Type 3,False,False,True
RNU6-510P,Type 3,False,False,True
RNU6-511P,Type 3,False,False,True
RNU6-512P,Type 3,False,False,True
RNU6-513P,Type 3,False,True,True
RNU6-514P,Type 3,False,False,True
RNU6-516P,Type 3,True,True,True
RNU6-517P,Type 3,True,True,True
RNU6-518P,Type 3,True,True,True
RNU6-519P,Type 3,True,True,True
RNU6-520P,Type 3,False,False,True
RNU6-521P,Type 3,False,True,True
RNU6-522P,Type 3,False,False,True
RNU6-523P,Type 3,False,False,True
RNU6-524P,Type 3,False,False,True
RNU6-525P,Type 3,False,True,True
RNU6-526P,Type 3,False,False,True
RNU6-527P,Type 3,False,False,True
RNU6-528P,Type 3,False,False,True
RNU6-529P,Type 3,True,True,True
RNU6-52P,Type 3,False,True,True
RNU6-530P,Type 3,False,False,True
RNU6-531P,Type 3,False,False,True
RNU6-532P,Type 3,False,True,True
RNU6-533P,Type 3,False,True,True
RNU6-534P,Type 3,False,False,True
RNU6-535P,Type 3,False,False,True
RNU6-536P,Type 3,False,True,True
RNU6-537P,Type 3,False,False,True
RNU6-538P,Type 3,False,False,True
RNU6-539P,Type 3,False,False,True
RNU6-53P,Type 3,False,True,True
RNU6-540P,Type 3,False,False,True
RNU6-541P,Type 3,False,False,True
RNU6-542P,Type 3,False,False,True
RNU6-543P,Type 3,True,True,True
RNU6-544P,Type 3,False,False,True
RNU6-545P,Type 3,False,False,True
RNU6-546P,Type 3,False,False,True
RNU6-547P,Type 3,True,True,True
RNU6-548P,Type 3,False,False,True
RNU6-549P,Type 3,True,True,True
RNU6-54P,Type 3,False,False,True
RNU6-550P,Type 3,False,False,True
RNU6-551P,Type 3,False,False,True
RNU6-552P,Type 3,False,False,True
RNU6-553P,Type 3,False,True,True
RNU6-554P,Type 3,False,True,True
RNU6-555P,Type 3,False,False,True
RNU6-556P,Type 3,False,False,True
RNU6-557P,Type 3,False,True,True
RNU6-558P,Type 3,False,True,True
RNU6-559P,Type 3,True,True,True
RNU6-55P,Type 3,False,False,True
RNU6-560P,Type 3,False,False,True
RNU6-561P,Type 3,False,False,True
RNU6-562P,Type 3,False,False,True
RNU6-563P,Type 3,True,True,True
RNU6-564P,Type 3,False,False,True
RNU6-565P,Type 3,False,False,True
RNU6-566P,Type 3,False,False,True
RNU6-567P,Type 3,False,False,True
RNU6-56P,Type 3,False,False,True
RNU6-570P,Type 3,False,False,True
RNU6-571P,Type 3,False,False,True
RNU6-572P,Type 3,False,True,True
RNU6-573P,Type 3,False,False,True
RNU6-574P,Type 3,False,False,True
RNU6-575P,Type 3,False,False,False
RNU6-576P,Type 3,False,False,True
RNU6-577P,Type 3,False,True,True
RNU6-578P,Type 3,False,False,False
RNU6-579P,Type 3,False,False,False
RNU6-57P,Type 3,False,False,True
RNU6-580P,Type 3,False,False,True
RNU6-581P,Type 3,False,False,True
RNU6-582P,Type 3,False,False,True
RNU6-583P,Type 3,False,False,True
RNU6-584P,Type 3,True,True,True
RNU6-586P,Type 3,False,True,True
RNU6-587P,Type 3,False,False,True
RNU6-588P,Type 3,False,False,True
RNU6-589P,Type 3,False,False,True
RNU6-58P,Type 3,False,False,False
RNU6-590P,Type 3,False,False,True
RNU6-591P,Type 3,False,False,True
RNU6-592P,Type 3,True,True,True
RNU6-593P,Type 3,False,False,True
RNU6-595P,Type 3,False,False,True
RNU6-596P,Type 3,False,True,True
RNU6-597P,Type 3,True,True,True
RNU6-598P,Type 3,False,True,True
RNU6-599P,Type 3,False,False,True
RNU6-59P,Type 3,False,False,True
RNU6-5P,Type 3,False,False,True
RNU6-600P,Type 3,True,True,True
RNU6-601P,Type 3,False,False,True
RNU6-602P,Type 3,False,False,True
RNU6-603P,Type 3,False,False,True
RNU6-604P,Type 3,False,False,True
RNU6-605P,Type 3,False,True,True
RNU6-606P,Type 3,False,False,True
RNU6-607P,Type 3,False,False,True
RNU6-608P,Type 3,False,False,True
RNU6-609P,Type 3,False,True,True
RNU6-60P,Type 3,False,False,True
RNU6-610P,Type 3,False,False,True
RNU6-611P,Type 3,True,True,True
RNU6-612P,Type 3,False,True,True
RNU6-613P,Type 3,False,False,True
RNU6-614P,Type 3,False,False,False
RNU6-615P,Type 3,False,True,True
RNU6-616P,Type 3,False,False,True
RNU6-617P,Type 3,False,False,True
RNU6-618P,Type 3,False,True,True
RNU6-619P,Type 3,False,False,True
RNU6-61P,Type 3,False,True,True
RNU6-620P,Type 3,False,False,True
RNU6-621P,Type 3,False,False,True
RNU6-622P,Type 3,False,False,True
RNU6-623P,Type 3,False,True,True
RNU6-624P,Type 3,False,False,True
RNU6-625P,Type 3,False,True,True
RNU6-626P,Type 3,False,False,True
RNU6-627P,Type 3,False,False,True
RNU6-628P,Type 3,False,False,True
RNU6-629P,Type 3,False,False,True
RNU6-62P,Type 3,False,False,True
RNU6-630P,Type 3,False,False,True
RNU6-631P,Type 3,False,False,True
RNU6-632P,Type 3,False,False,True
RNU6-633P,Type 3,True,True,True
RNU6-634P,Type 3,False,False,True
RNU6-635P,Type 3,False,False,True
RNU6-636P,Type 3,False,False,True
RNU6-637P,Type 3,False,False,True
RNU6-638P,Type 3,False,False,True
RNU6-639P,Type 3,False,False,True
RNU6-63P,Type 3,False,False,True
RNU6-640P,Type 3,False,True,True
RNU6-641P,Type 3,False,False,True
RNU6-642P,Type 3,True,True,True
RNU6-643P,Type 3,False,False,True
RNU6-644P,Type 3,False,True,True
RNU6-645P,Type 3,False,True,True
RNU6-646P,Type 3,False,False,True
RNU6-647P,Type 3,False,False,True
RNU6-648P,Type 3,False,False,True
RNU6-649P,Type 3,False,False,True
RNU6-64P,Type 3,False,False,True
RNU6-650P,Type 3,False,False,True
RNU6-651P,Type 3,False,False,True
RNU6-652P,Type 3,False,False,True
RNU6-653P,Type 3,False,False,True
RNU6-654P,Type 3,False,False,True
RNU6-655P,Type 3,False,False,True
RNU6-656P,Type 3,False,False,True
RNU6-657P,Type 3,True,True,True
RNU6-658P,Type 3,False,False,True
RNU6-659P,Type 3,False,False,True
RNU6-65P,Type 3,True,True,True
RNU6-660P,Type 3,True,True,True
RNU6-661P,Type 3,False,False,True
RNU6-662P,Type 3,False,False,True
RNU6-663P,Type 3,False,False,True
RNU6-664P,Type 3,False,False,True
RNU6-665P,Type 3,False,False,True
RNU6-666P,Type 3,False,False,False
RNU6-667P,Type 3,False,False,True
RNU6-668P,Type 3,False,True,True
RNU6-669P,Type 3,False,False,True
RNU6-66P,Type 3,False,False,True
RNU6-670P,Type 3,False,False,True
RNU6-672P,Type 3,False,False,True
RNU6-673P,Type 3,False,False,True
RNU6-674P,Type 3,False,False,True
RNU6-675P,Type 3,False,False,True
RNU6-677P,Type 3,False,False,False
RNU6-678P,Type 3,False,True,True
RNU6-679P,Type 3,False,False,True
RNU6-67P,Type 3,False,False,True
RNU6-680P,Type 3,False,False,True
RNU6-681P,Type 3,False,False,True
RNU6-682P,Type 3,False,True,True
RNU6-684P,Type 3,False,False,True
RNU6-685P,Type 3,False,False,True
RNU6-686P,Type 3,False,True,True
RNU6-687P,Type 3,False,False,True
RNU6-689P,Type 3,True,True,True
RNU6-68P,Type 3,False,False,True
RNU6-690P,Type 3,False,False,True
RNU6-692P,Type 3,False,False,True
RNU6-693P,Type 3,False,False,False
RNU6-694P,Type 3,False,False,True
RNU6-695P,Type 3,False,False,True
RNU6-696P,Type 3,False,False,True
RNU6-697P,Type 3,False,False,True
RNU6-698P,Type 3,False,True,True
RNU6-699P,Type 3,False,False,False
RNU6-69P,Type 3,False,False,True
RNU6-6P,Type 3,False,False,True
RNU6-7,Type 3,True,True,True
RNU6-700P,Type 3,False,False,True
RNU6-701P,Type 3,False,True,True
RNU6-702P,Type 3,False,False,True
RNU6-703P,Type 3,False,True,True
RNU6-704P,Type 3,False,False,True
RNU6-705P,Type 3,False,False,True
RNU6-706P,Type 3,False,False,True
RNU6-707P,Type 3,False,False,True
RNU6-708P,Type 3,False,False,True
RNU6-709P,Type 3,False,False,False
RNU6-70P,Type 3,False,False,True
RNU6-710P,Type 3,False,False,True
RNU6-711P,Type 3,False,False,True
RNU6-712P,Type 3,False,False,True
RNU6-713P,Type 3,False,False,True
RNU6-714P,Type 3,False,False,True
RNU6-715P,Type 3,True,True,True
RNU6-716P,Type 3,False,True,True
RNU6-717P,Type 3,True,True,True
RNU6-718P,Type 3,False,False,False
RNU6-719P,Type 3,False,False,True
RNU6-71P,Type 3,False,False,True
RNU6-720P,Type 3,False,False,True
RNU6-721P,Type 3,False,False,False
RNU6-722P,Type 3,False,False,True
RNU6-723P,Type 3,False,False,True
RNU6-724P,Type 3,False,False,True
RNU6-725P,Type 3,False,False,True
RNU6-726P,Type 3,False,False,True
RNU6-727P,Type 3,False,False,True
RNU6-728P,Type 3,True,True,True
RNU6-729P,Type 3,False,False,True
RNU6-72P,Type 3,False,False,True
RNU6-730P,Type 3,False,False,True
RNU6-731P,Type 3,False,True,True
RNU6-732P,Type 3,False,False,True
RNU6-733P,Type 3,False,False,True
RNU6-735P,Type 3,False,True,True
RNU6-737P,Type 3,True,True,True
RNU6-738P,Type 3,False,False,True
RNU6-739P,Type 3,False,False,True
RNU6-73P,Type 3,False,False,True
RNU6-740P,Type 3,False,False,True
RNU6-741P,Type 3,False,False,True
RNU6-742P,Type 3,False,False,True
RNU6-743P,Type 3,False,False,True
RNU6-744P,Type 3,False,False,True
RNU6-745P,Type 3,False,False,True
RNU6-746P,Type 3,False,False,True
RNU6-747P,Type 3,False,False,True
RNU6-748P,Type 3,False,False,True
RNU6-749P,Type 3,False,False,True
RNU6-74P,Type 3,False,False,True
RNU6-750P,Type 3,False,False,True
RNU6-751P,Type 3,True,True,True
RNU6-752P,Type 3,True,True,True
RNU6-753P,Type 3,False,False,True
RNU6-754P,Type 3,False,False,True
RNU6-755P,Type 3,False,False,True
RNU6-756P,Type 3,True,True,True
RNU6-757P,Type 3,False,False,True
RNU6-758P,Type 3,False,True,True
RNU6-759P,Type 3,True,True,True
RNU6-75P,Type 3,False,False,True
RNU6-760P,Type 3,False,True,True
RNU6-761P,Type 3,False,True,True
RNU6-762P,Type 3,False,False,True
RNU6-763P,Type 3,False,False,True
RNU6-764P,Type 3,False,False,True
RNU6-765P,Type 3,False,False,False
RNU6-766P,Type 3,False,False,True
RNU6-767P,Type 3,False,False,True
RNU6-768P,Type 3,False,False,True
RNU6-769P,Type 3,False,False,True
RNU6-76P,Type 3,False,False,True
RNU6-770P,Type 3,False,False,True
RNU6-771P,Type 3,False,True,True
RNU6-772P,Type 3,False,False,True
RNU6-774P,Type 3,False,False,True
RNU6-775P,Type 3,True,True,True
RNU6-776P,Type 3,True,True,True
RNU6-777P,Type 3,False,False,True
RNU6-778P,Type 3,False,True,True
RNU6-77P,Type 3,False,False,True
RNU6-780P,Type 3,False,False,True
RNU6-781P,Type 3,False,True,True
RNU6-782P,Type 3,False,False,True
RNU6-783P,Type 3,True,True,True
RNU6-784P,Type 3,False,True,True
RNU6-785P,Type 3,False,False,True
RNU6-786P,Type 3,False,False,False
RNU6-787P,Type 3,False,False,True
RNU6-788P,Type 3,False,True,True
RNU6-789P,Type 3,False,False,True
RNU6-78P,Type 3,True,True,True
RNU6-790P,Type 3,True,True,True
RNU6-791P,Type 3,False,False,True
RNU6-792P,Type 3,False,False,True
RNU6-793P,Type 3,False,False,True
RNU6-794P,Type 3,True,True,True
RNU6-795P,Type 3,False,False,True
RNU6-796P,Type 3,False,False,True
RNU6-797P,Type 3,False,False,True
RNU6-798P,Type 3,False,False,True
RNU6-799P,Type 3,False,False,True
RNU6-79P,Type 3,False,False,True
RNU6-8,Type 3,True,True,True
RNU6-800P,Type 3,False,False,True
RNU6-801P,Type 3,False,False,True
RNU6-803P,Type 3,False,True,True
RNU6-804P,Type 3,False,False,True
RNU6-805P,Type 3,False,False,True
RNU6-806P,Type 3,False,False,True
RNU6-807P,Type 3,True,True,True
RNU6-808P,Type 3,False,False,False
RNU6-809P,Type 3,False,False,True
RNU6-80P,Type 3,False,False,True
RNU6-810P,Type 3,False,True,True
RNU6-811P,Type 3,False,False,False
RNU6-812P,Type 3,False,False,True
RNU6-813P,Type 3,False,False,True
RNU6-815P,Type 3,False,False,True
RNU6-816P,Type 3,False,False,True
RNU6-817P,Type 3,False,False,True
RNU6-818P,Type 3,False,False,True
RNU6-819P,Type 3,False,False,True
RNU6-81P,Type 3,False,False,True
RNU6-820P,Type 3,False,False,True
RNU6-821P,Type 3,False,False,True
RNU6-822P,Type 3,False,False,True
RNU6-823P,Type 3,False,False,True
RNU6-824P,Type 3,False,False,True
RNU6-826P,Type 3,False,True,True
RNU6-827P,Type 3,False,False,True
RNU6-828P,Type 3,False,True,True
RNU6-829P,Type 3,False,False,True
RNU6-82P,Type 3,False,False,True
RNU6-830P,Type 3,False,False,True
RNU6-831P,Type 3,False,False,True
RNU6-832P,Type 3,False,False,True
RNU6-833P,Type 3,False,True,True
RNU6-834P,Type 3,False,False,True
RNU6-835P,Type 3,False,False,True
RNU6-836P,Type 3,False,False,True
RNU6-837P,Type 3,False,False,False
RNU6-838P,Type 3,False,False,True
RNU6-839P,Type 3,False,False,True
RNU6-83P,Type 3,False,False,True
RNU6-840P,Type 3,False,False,True
RNU6-841P,Type 3,False,True,True
RNU6-842P,Type 3,False,False,True
RNU6-843P,Type 3,False,False,True
RNU6-844P,Type 3,False,False,True
RNU6-845P,Type 3,False,False,True
RNU6-847P,Type 3,False,False,True
RNU6-848P,Type 3,False,False,True
RNU6-849P,Type 3,False,False,True
RNU6-84P,Type 3,True,True,True
RNU6-850P,Type 3,True,True,True
RNU6-851P,Type 3,False,False,True
RNU6-853P,Type 3,False,False,True
RNU6-854P,Type 3,True,False,True
RNU6-855P,Type 3,False,True,True
RNU6-856P,Type 3,False,False,True
RNU6-857P,Type 3,False,True,True
RNU6-858P,Type 3,False,False,True
RNU6-859P,Type 3,False,False,True
RNU6-85P,Type 3,False,False,True
RNU6-860P,Type 3,False,False,True
RNU6-861P,Type 3,False,False,False
RNU6-862P,Type 3,False,False,True
RNU6-863P,Type 3,False,False,True
RNU6-864P,Type 3,False,False,True
RNU6-865P,Type 3,False,False,True
RNU6-866P,Type 3,True,True,True
RNU6-867P,Type 3,False,False,True
RNU6-869P,Type 3,False,False,True
RNU6-86P,Type 3,False,False,True
RNU6-871P,Type 3,False,False,True
RNU6-873P,Type 3,False,False,True
RNU6-874P,Type 3,False,False,True
RNU6-875P,Type 3,False,False,True
RNU6-876P,Type 3,False,False,True
RNU6-877P,Type 3,True,True,True
RNU6-878P,Type 3,False,False,True
RNU6-879P,Type 3,False,False,True
RNU6-87P,Type 3,True,True,True
RNU6-880P,Type 3,False,False,True
RNU6-881P,Type 3,False,True,True
RNU6-882P,Type 3,False,False,True
RNU6-883P,Type 3,False,False,True
RNU6-884P,Type 3,False,True,True
RNU6-885P,Type 3,False,True,True
RNU6-886P,Type 3,False,True,True
RNU6-887P,Type 3,False,True,True
RNU6-888P,Type 3,False,True,True
RNU6-889P,Type 3,False,False,False
RNU6-88P,Type 3,False,True,True
RNU6-890P,Type 3,False,True,True
RNU6-891P,Type 3,False,True,True
RNU6-892P,Type 3,False,False,True
RNU6-893P,Type 3,False,False,True
RNU6-894P,Type 3,False,False,False
RNU6-895P,Type 3,False,False,True
RNU6-896P,Type 3,False,False,True
RNU6-897P,Type 3,False,False,True
RNU6-898P,Type 3,False,False,True
RNU6-899P,Type 3,True,True,True
RNU6-89P,Type 3,False,False,True
RNU6-9,Type 3,True,True,True
RNU6-900P,Type 3,False,False,True
RNU6-901P,Type 3,False,False,True
RNU6-902P,Type 3,False,False,True
RNU6-903P,Type 3,False,False,True
RNU6-904P,Type 3,False,False,False
RNU6-905P,Type 3,False,False,True
RNU6-906P,Type 3,False,False,True
RNU6-907P,Type 3,False,False,True
RNU6-908P,Type 3,False,True,True
RNU6-909P,Type 3,False,False,True
RNU6-90P,Type 3,False,False,True
RNU6-910P,Type 3,False,True,True
RNU6-911P,Type 3,True,True,True
RNU6-912P,Type 3,False,False,True
RNU6-913P,Type 3,False,False,True
RNU6-914P,Type 3,False,False,True
RNU6-915P,Type 3,False,False,True
RNU6-916P,Type 3,False,False,True
RNU6-917P,Type 3,True,True,True
RNU6-918P,Type 3,False,True,True
RNU6-919P,Type 3,False,True,True
RNU6-91P,Type 3,False,False,True
RNU6-920P,Type 3,False,False,True
RNU6-921P,Type 3,False,False,True
RNU6-922P,Type 3,False,False,True
RNU6-923P,Type 3,True,True,True
RNU6-924P,Type 3,False,False,True
RNU6-925P,Type 3,True,True,True
RNU6-926P,Type 3,False,True,True
RNU6-927P,Type 3,True,True,True
RNU6-928P,Type 3,False,False,False
RNU6-929P,Type 3,False,False,True
RNU6-92P,Type 3,False,False,True
RNU6-930P,Type 3,True,True,True
RNU6-931P,Type 3,False,False,True
RNU6-932P,Type 3,False,False,True
RNU6-933P,Type 3,False,True,True
RNU6-934P,Type 3,False,False,True
RNU6-935P,Type 3,False,False,True
RNU6-936P,Type 3,False,False,True
RNU6-937P,Type 3,False,False,True
RNU6-938P,Type 3,False,True,True
RNU6-939P,Type 3,False,False,True
RNU6-940P,Type 3,False,False,True
RNU6-941P,Type 3,False,False,True
RNU6-942P,Type 3,True,True,True
RNU6-943P,Type 3,False,False,True
RNU6-944P,Type 3,False,False,True
RNU6-945P,Type 3,False,False,True
RNU6-946P,Type 3,False,False,True
RNU6-947P,Type 3,True,True,True
RNU6-948P,Type 3,False,False,True
RNU6-949P,Type 3,False,True,True
RNU6-94P,Type 3,False,False,True
RNU6-950P,Type 3,True,True,True
RNU6-951P,Type 3,False,False,True
RNU6-952P,Type 3,False,False,True
RNU6-953P,Type 3,False,True,True
RNU6-954P,Type 3,False,False,True
RNU6-955P,Type 3,False,False,True
RNU6-956P,Type 3,False,False,True
RNU6-957P,Type 3,False,False,True
RNU6-958P,Type 3,False,False,True
RNU6-959P,Type 3,False,False,True
RNU6-95P,Type 3,False,False,True
RNU6-960P,Type 3,False,False,True
RNU6-961P,Type 3,False,True,True
RNU6-964P,Type 3,False,False,True
RNU6-965P,Type 3,False,False,True
RNU6-966P,Type 3,False,False,True
RNU6-967P,Type 3,False,False,True
RNU6-968P,Type 3,False,True,True
RNU6-969P,Type 3,True,True,True
RNU6-970P,Type 3,False,False,True
RNU6-971P,Type 3,False,True,True
RNU6-972P,Type 3,False,False,True
RNU6-973P,Type 3,False,True,True
RNU6-974P,Type 3,False,False,True
RNU6-975P,Type 3,True,True,True
RNU6-976P,Type 3,False,True,True
RNU6-977P,Type 3,False,False,False
RNU6-978P,Type 3,False,False,False
RNU6-979P,Type 3,False,True,True
RNU6-97P,Type 3,False,False,True
RNU6-980P,Type 3,False,True,True
RNU6-982P,Type 3,False,True,True
RNU6-983P,Type 3,False,False,True
RNU6-984P,Type 3,False,False,True
RNU6-985P,Type 3,False,True,True
RNU6-986P,Type 3,False,False,True
RNU6-987P,Type 3,False,False,True
RNU6-988P,Type 3,False,False,True
RNU6-989P,Type 3,False,False,True
RNU6-98P,Type 3,False,False,True
RNU6-990P,Type 3,False,False,True
RNU6-991P,Type 3,False,False,True
RNU6-992P,Type 3,False,False,True
RNU6-993P,Type 3,True,True,True
RNU6-994P,Type 3,False,False,True
RNU6-995P,Type 3,False,False,True
RNU6-996P,Type 3,False,False,True
RNU6-997P,Type 3,False,False,True
RNU6-998P,Type 3,False,False,True
RNU6-999P,Type 3,False,False,False
RNU6-99P,Type 3,False,False,True
RNU4ATAC,None,True,True,True
RNU4ATAC10P,None,False,False,False
RNU4ATAC11P,None,False,False,False
RNU4ATAC12P,None,False,False,False
RNU4ATAC13P,None,False,True,True
RNU4ATAC14P,None,False,True,False
RNU4ATAC15P,None,False,False,False
RNU4ATAC16P,None,False,False,False
RNU4ATAC17P,None,False,False,False
RNU4ATAC18P,None,False,True,True
RNU4ATAC2P,None,False,False,False
RNU4ATAC3P,None,False,False,False
RNU4ATAC4P,None,False,False,False
RNU4ATAC5P,None,True,True,True
RNU4ATAC6P,None,False,False,False
RNU4ATAC7P,None,False,False,False
RNU4ATAC8P,None,False,False,False
RNU4ATAC9P,None,False,False,False
RNU6ATAC,Type 3,True,True,True
RNU6ATAC10P,Type 3,False,False,False
RNU6ATAC11P,Type 3,False,False,False
RNU6ATAC12P,Type 3,False,False,False
RNU6ATAC13P,Type 3,False,False,False
RNU6ATAC14P,Type 3,False,False,False
RNU6ATAC15P,Type 3,False,False,False
RNU6ATAC16P,Type 3,False,False,False
RNU6ATAC17P,Type 3,True,True,True
RNU6ATAC18P,Type 3,False,False,False
RNU6ATAC19P,Type 3,False,False,False
RNU6ATAC20P,Type 3,True,True,True
RNU6ATAC21P,Type 3,False,False,False
RNU6ATAC22P,Type 3,False,True,True
RNU6ATAC23P,Type 3,False,False,False
RNU6ATAC24P,Type 3,False,False,False
RNU6ATAC25P,Type 3,False,False,False
RNU6ATAC26P,Type 3,True,True,True
RNU6ATAC27P,Type 3,False,True,True
RNU6ATAC28P,Type 3,True,True,True
RNU6ATAC29P,Type 3,True,True,True
RNU6ATAC2P,Type 3,False,False,False
RNU6ATAC30P,Type 3,False,True,True
RNU6ATAC31P,Type 3,False,True,False
RNU6ATAC32P,Type 3,False,True,True
RNU6ATAC33P,Type 3,False,False,False
RNU6ATAC34P,Type 3,False,False,False
RNU6ATAC35P,Type 3,False,False,False
RNU6ATAC36P,Type 3,False,False,False
RNU6ATAC37P,Type 3,True,True,True
RNU6ATAC38P,Type 3,False,True,False
RNU6ATAC39P,Type 3,True,True,True
RNU6ATAC3P,Type 3,False,False,False
RNU6ATAC40P,Type 3,False,False,False
RNU6ATAC41P,Type 3,True,True,True
RNU6ATAC42P,Type 3,False,False,True
RNU6ATAC4P,Type 3,False,False,False
RNU6ATAC5P,Type 3,False,False,False
RNU6ATAC6P,Type 3,False,False,False
RNU6ATAC7P,Type 3,False,True,False
RNU6ATAC8P,Type 3,False,True,True
RNU6ATAC9P,Type 3,False,False,False
RNU11,None,False,True,True
RNU11-2P,None,False,False,False
RNU11-3P,None,False,True,True
RNU11-4P,None,False,False,False
RNU11-5P,None,False,True,True
RNU11-6P,None,False,False,False
RNU12,None,False,True,True
RNU12-2P,None,False,True,True
VTRNA1-1,Type 2,False,True,False
VTRNA1-2,Type 2,False,False,False
VTRNA1-3,Type 2,False,False,False
VTRNA2-1,Type 2,False,False,False
VTRNA2-2P,Type 2,False,True,True
VTRNA3-1P,Type 2,False,False,False
RNY1,Type 3,True,True,True
RNY1P1,Type 3,False,True,True
RNY1P10,Type 3,False,True,True
RNY1P11,Type 3,False,False,True
RNY1P12,Type 3,False,True,True
RNY1P13,Type 3,False,False,True
RNY1P14,Type 3,False,True,True
RNY1P15,Type 3,False,False,False
RNY1P16,Type 3,False,False,True
RNY1P2,Type 3,False,False,True
RNY1P3,Type 3,False,False,True
RNY1P4,Type 3,False,False,True
RNY1P5,Type 3,False,False,True
RNY1P6,Type 3,False,False,False
RNY1P7,Type 3,True,True,True
RNY1P8,Type 3,False,False,True
RNY1P9,Type 3,False,False,True
RNY3,Type 3,True,True,True
RNY3P1,Type 3,True,True,True
RNY3P10,Type 3,False,False,True
RNY3P11,Type 3,False,False,True
RNY3P12,Type 3,False,False,True
RNY3P13,Type 3,False,True,True
RNY3P14,Type 3,True,True,True
RNY3P15,Type 3,False,False,True
RNY3P16,Type 3,False,True,True
RNY3P2,Type 3,False,False,True
RNY3P3,Type 3,False,False,True
RNY3P4,Type 3,False,False,True
RNY3P5,Type 3,False,False,True
RNY3P6,Type 3,False,True,True
RNY3P7,Type 3,False,False,True
RNY3P8,Type 3,False,False,True
RNY3P9,Type 3,False,False,True
RNY4,Type 3,True,True,True
RNY4P1,Type 3,False,True,True
RNY4P10,Type 3,False,False,True
RNY4P11,Type 3,False,False,True
RNY4P13,Type 3,False,True,True
RNY4P14,Type 3,False,False,True
RNY4P15,Type 3,False,False,False
RNY4P16,Type 3,False,True,True
RNY4P17,Type 3,False,True,True
RNY4P18,Type 3,False,True,True
RNY4P19,Type 3,False,False,False
RNY4P2,Type 3,True,True,True
RNY4P20,Type 3,False,True,True
RNY4P21,Type 3,True,True,True
RNY4P22,Type 3,False,False,False
RNY4P23,Type 3,False,False,False
RNY4P24,Type 3,False,False,True
RNY4P25,Type 3,False,False,True
RNY4P26,Type 3,False,False,True
RNY4P27,Type 3,False,False,True
RNY4P28,Type 3,False,False,True
RNY4P29,Type 3,False,True,True
RNY4P3,Type 3,True,True,True
RNY4P30,Type 3,False,True,True
RNY4P31,Type 3,False,False,True
RNY4P34,Type 3,False,True,True
RNY4P36,Type 3,True,True,True
RNY4P37,Type 3,False,True,True
RNY4P4,Type 3,False,True,True
RNY4P5,Type 3,False,False,False
RNY4P6,Type 3,False,True,True
RNY4P7,Type 3,False,True,True
RNY4P8,Type 3,False,False,True
RNY4P9,Type 3,False,True,True
RNY5,Type 3,False,True,True
RNY5P1,Type 3,False,True,True
RNY5P10,Type 3,False,True,True
RNY5P2,Type 3,False,False,False
RNY5P3,Type 3,False,False,False
RNY5P4,Type 3,False,False,False
RNY5P5,Type 3,False,False,False
RNY5P6,Type 3,False,False,False
RNY5P7,Type 3,False,False,True
RNY5P8,Type 3,False,True,True
RNY5P9,Type 3,False,True,True
MT-TA,None,False,False,False
MT-TC,None,False,False,False
MT-TD,None,False,False,False
MT-TE,None,False,False,False
MT-TF,None,False,False,False
MT-TG,None,False,False,False
MT-TH,None,False,False,False
MT-TI,None,False,False,False
MT-TK,None,False,False,False
MT-TL1,None,False,False,False
MT-TL2,None,False,False,False
MT-TM,None,False,False,False
MT-TN,None,False,False,False
MT-TP,None,False,False,False
MT-TQ,None,False,False,False
MT-TR,None,False,False,False
MT-TS1,None,False,False,False
MT-TS2,None,False,False,False
MT-TT,None,False,False,False
MT-TV,None,False,False,False
MT-TW,None,False,False,False
MT-TY,None,False,False,False
NMTRL-TAA2-1,None,False,False,False
NMTRL-TAA3-1,None,False,False,False
NMTRL-TAA5-1,None,False,False,False
NMTRL-TAA6-1,None,False,False,False
NMTRP-TGG1-1,None,False,False,False
NMTRQ-CTG1-1,None,False,False,False
NMTRQ-TTG1-1,None,False,False,False
NMTRQ-TTG10-1,None,False,False,False
NMTRQ-TTG11-1,None,False,False,False
NMTRQ-TTG12-1,None,False,False,False
NMTRQ-TTG13-1,None,False,False,False
NMTRQ-TTG15-1,None,False,False,False
NMTRQ-TTG2-1,None,False,False,False
NMTRQ-TTG4-1,None,False,False,False
NMTRQ-TTG6-1,None,False,False,False
NMTRQ-TTG7-1,None,False,False,False
NMTRQ-TTG8-1,None,False,False,False
NMTRQ-TTG9-1,None,False,False,False
NMTRS-TGA2-1,None,False,False,False
NMTRS-TGA3-1,None,False,False,False
NMTRV-TAC1-1,None,False,False,False
TRA-AGC1-1,None,False,False,False
TRA-AGC10-1,None,False,False,False
TRA-AGC11-1,None,False,False,False
TRA-AGC12-1,None,False,False,False
TRA-AGC12-3,None,False,False,False
TRA-AGC13-2,None,False,False,False
TRA-AGC14-1,None,False,False,False
TRA-AGC14-2,None,False,False,False
TRA-AGC15-1,None,False,False,False
TRA-AGC2-1,None,False,True,False
TRA-AGC2-2,None,False,True,False
TRA-AGC23-1,None,False,False,False
TRA-AGC24-1,None,False,False,False
TRA-AGC3-1,None,False,False,False
TRA-AGC4-1,None,False,True,False
TRA-AGC5-1,None,False,False,False
TRA-AGC6-1,None,False,False,False
TRA-AGC7-1,None,False,False,False
TRA-AGC8-1,None,False,False,False
TRA-AGC8-2,None,False,False,False
TRA-AGC9-1,None,False,False,False
TRA-CGC1-1,None,False,False,False
TRA-CGC2-1,None,False,True,False
TRA-CGC3-1,None,False,True,False
TRA-CGC4-1,None,False,True,False
TRA-CGC5-1,None,False,False,False
TRA-TGC1-1,None,False,False,False
TRA-TGC10-1,None,False,False,False
TRA-TGC2-1,None,False,True,False
TRA-TGC3-1,None,False,False,False
TRA-TGC3-2,None,False,True,False
TRA-TGC4-1,None,False,False,False
TRA-TGC5-1,None,False,False,False
TRA-TGC6-1,None,False,False,False
TRA-TGC7-1,None,False,True,False
TRA-TGC9-1,None,False,False,False
TRC-ACA1-1,None,False,True,False
TRC-GCA1-1,None,False,True,False
TRC-GCA10-1,None,False,True,False
TRC-GCA11-1,None,False,True,False
TRC-GCA12-1,None,True,True,True
TRC-GCA13-1,None,False,True,False
TRC-GCA14-1,None,False,True,False
TRC-GCA15-1,None,False,True,False
TRC-GCA16-1,None,False,True,False
TRC-GCA17-1,None,False,True,False
TRC-GCA18-1,None,False,True,False
TRC-GCA19-1,None,False,True,False
TRC-GCA2-1,None,True,True,True
TRC-GCA2-2,None,False,True,False
TRC-GCA2-3,None,False,True,False
TRC-GCA2-4,None,False,True,False
TRC-GCA20-1,None,False,True,False
TRC-GCA21-1,None,False,True,False
TRC-GCA22-1,None,False,True,False
TRC-GCA23-1,None,False,True,False
TRC-GCA25-1,None,False,True,False
TRC-GCA3-1,None,False,True,False
TRC-GCA4-1,None,False,True,False
TRC-GCA5-1,None,False,True,False
TRC-GCA6-1,None,False,True,False
TRC-GCA7-1,None,False,True,False
TRC-GCA8-1,None,False,True,False
TRC-GCA9-1,None,False,True,False
TRC-GCA9-2,None,False,True,False
TRC-GCA9-3,None,False,True,False
TRC-GCA9-4,None,False,True,False
TRD-GTC1-1,None,False,False,False
TRD-GTC10-1,None,False,False,False
TRD-GTC2-1,None,False,True,False
TRD-GTC2-10,None,False,True,False
TRD-GTC2-11,None,False,True,False
TRD-GTC2-2,None,False,False,False
TRD-GTC2-3,None,False,False,False
TRD-GTC2-4,None,False,False,False
TRD-GTC2-5,None,False,False,False
TRD-GTC2-6,None,False,True,False
TRD-GTC2-7,None,False,False,False
TRD-GTC2-8,None,False,True,False
TRD-GTC2-9,None,False,True,False
TRD-GTC3-1,None,False,True,False
TRE-CTC1-1,None,False,True,False
TRE-CTC1-2,None,False,True,False
TRE-CTC1-3,None,False,True,False
TRE-CTC1-4,None,False,True,False
TRE-CTC1-5,None,False,True,False
TRE-CTC1-6,None,False,True,False
TRE-CTC1-7,None,False,True,False
TRE-CTC10-1,None,False,True,False
TRE-CTC11-1,None,False,False,False
TRE-CTC12-1,None,False,True,False
TRE-CTC13-1,None,False,False,False
TRE-CTC14-1,None,False,True,True
TRE-CTC15-1,None,False,False,False
TRE-CTC16-1,None,False,False,False
TRE-CTC18-1,None,False,False,False
TRE-CTC2-1,None,False,True,False
TRE-CTC4-1,None,False,False,False
TRE-CTC7-1,None,False,False,False
TRE-CTC9-1,None,False,True,True
TRE-TTC1-1,None,False,True,False
TRE-TTC1-2,None,False,True,False
TRE-TTC10-1,None,False,True,False
TRE-TTC14-1,None,False,False,False
TRE-TTC15-1,None,False,False,False
TRE-TTC2-1,None,False,True,False
TRE-TTC2-2,None,False,False,False
TRE-TTC3-1,None,False,False,False
TRE-TTC4-1,None,False,False,False
TRE-TTC4-2,None,False,True,False
TRE-TTC6-1,None,False,True,False
TRE-TTC7-1,None,False,False,False
TRE-TTC9-1,None,False,True,True
TRF-GAA1-1,None,False,True,False
TRF-GAA1-2,None,False,True,False
TRF-GAA1-3,None,False,True,True
TRF-GAA1-4,None,False,True,False
TRF-GAA1-5,None,False,True,False
TRF-GAA1-6,None,False,False,False
TRF-GAA10-1,None,False,False,False
TRF-GAA11-1,None,False,False,False
TRF-GAA12-1,None,False,False,False
TRF-GAA2-1,None,False,True,False
TRF-GAA3-1,None,False,True,False
TRF-GAA4-1,None,False,False,False
TRF-GAA5-1,None,False,False,False
TRF-GAA6-1,None,False,False,False
TRF-GAA8-1,None,False,False,False
TRF-GAA9-1,None,False,False,False
TRG-CCC1-1,None,False,False,False
TRG-CCC1-2,None,False,False,False
TRG-CCC2-1,None,False,False,False
TRG-CCC2-2,None,False,False,False
TRG-CCC3-1,None,True,True,True
TRG-CCC4-1,None,False,False,False
TRG-CCC5-1,None,False,False,False
TRG-CCC6-1,None,False,False,False
TRG-CCC7-1,None,False,True,False
TRG-GCC1-1,None,False,False,False
TRG-GCC1-2,None,False,False,False
TRG-GCC1-3,None,False,False,False
TRG-GCC1-4,None,False,False,False
TRG-GCC1-5,None,False,False,False
TRG-GCC2-1,None,False,False,False
TRG-GCC2-2,None,False,False,False
TRG-GCC2-3,None,False,False,False
TRG-GCC2-4,None,False,False,False
TRG-GCC2-5,None,False,False,False
TRG-GCC2-6,None,False,True,False
TRG-GCC3-1,None,False,False,False
TRG-GCC4-1,None,False,False,False
TRG-TCC1-1,None,True,True,True
TRG-TCC2-1,None,False,True,False
TRG-TCC2-2,None,False,True,False
TRG-TCC2-3,None,False,True,False
TRG-TCC2-4,None,False,True,False
TRG-TCC2-5,None,False,True,False
TRG-TCC2-6,None,False,True,False
TRG-TCC3-1,None,False,True,False
TRG-TCC4-1,None,False,False,False
TRG-TCC5-1,None,False,True,True
TRG-TCC6-1,None,False,True,True
TRH-GTG1-1,None,False,True,False
TRH-GTG1-2,None,False,True,False
TRH-GTG1-3,None,False,False,False
TRH-GTG1-4,None,False,False,False
TRH-GTG1-5,None,False,True,False
TRH-GTG1-6,None,False,True,False
TRH-GTG1-7,None,False,False,False
TRH-GTG1-8,None,False,False,False
TRH-GTG1-9,None,False,False,False
TRI-AAT1-1,None,False,True,False
TRI-AAT10-1,None,False,True,True
TRI-AAT11-1,None,False,True,False
TRI-AAT12-1,None,False,False,False
TRI-AAT2-1,None,False,True,False
TRI-AAT3-1,None,False,True,False
TRI-AAT4-1,None,False,True,False
TRI-AAT5-1,None,False,True,False
TRI-AAT5-2,None,False,True,False
TRI-AAT5-3,None,False,True,False
TRI-AAT5-4,None,False,True,False
TRI-AAT5-5,None,False,True,False
TRI-AAT6-1,None,False,True,False
TRI-AAT7-1,None,False,False,False
TRI-AAT7-2,None,False,False,False
TRI-AAT8-1,None,False,True,False
TRI-AAT9-1,None,False,True,False
TRI-GAT1-1,None,False,True,False
TRI-GAT1-2,None,False,True,False
TRI-GAT1-3,None,False,True,False
TRI-TAT1-1,None,False,True,False
TRI-TAT2-1,None,False,False,False
TRI-TAT2-2,None,False,True,False
TRI-TAT2-3,None,False,True,False
TRI-TAT3-1,None,False,True,False
TRK-CTT1-1,None,False,True,False
TRK-CTT1-2,None,False,True,False
TRK-CTT12-1,None,False,False,False
TRK-CTT13-1,None,False,True,True
TRK-CTT14-1,None,False,False,False
TRK-CTT16-1,None,False,True,False
TRK-CTT2-1,None,False,True,False
TRK-CTT2-2,None,False,True,False
TRK-CTT2-3,None,False,True,False
TRK-CTT2-4,None,False,True,False
TRK-CTT2-5,None,False,True,False
TRK-CTT3-1,None,False,False,False
TRK-CTT4-1,None,False,True,False
TRK-CTT5-1,None,False,True,False
TRK-CTT6-1,None,False,True,False
TRK-CTT7-1,None,False,True,False
TRK-CTT8-1,None,False,False,False
TRK-CTT9-1,None,False,True,False
TRK-TTT1-1,None,True,True,True
TRK-TTT10-1,None,False,True,True
TRK-TTT13-1,None,False,False,False
TRK-TTT14-1,None,False,True,False
TRK-TTT15-1,None,False,False,False
TRK-TTT17-1,None,False,False,False
TRK-TTT2-1,None,False,True,False
TRK-TTT3-1,None,False,True,False
TRK-TTT3-2,None,False,True,False
TRK-TTT3-3,None,False,True,False
TRK-TTT3-4,None,False,True,False
TRK-TTT3-5,None,False,True,False
TRK-TTT4-1,None,False,True,False
TRK-TTT5-1,None,False,True,False
TRK-TTT6-1,None,False,True,False
TRK-TTT7-1,None,False,True,False
TRK-TTT8-1,None,True,True,True
TRK-TTT9-1,None,False,True,False
TRL-AAG1-1,None,False,False,False
TRL-AAG1-2,None,False,False,False
TRL-AAG1-3,None,False,False,False
TRL-AAG2-1,None,False,False,False
TRL-AAG2-2,None,False,False,False
TRL-AAG2-3,None,False,False,False
TRL-AAG2-4,None,False,False,False
TRL-AAG3-1,None,False,False,False
TRL-AAG4-1,None,False,False,False
TRL-AAG7-1,None,False,False,False
TRL-CAA1-1,None,False,False,False
TRL-CAA1-2,None,False,False,False
TRL-CAA2-1,None,False,False,False
TRL-CAA3-1,None,False,True,True
TRL-CAA4-1,None,False,False,False
TRL-CAA5-1,None,False,True,False
TRL-CAA6-1,None,False,False,False
TRL-CAA7-1,None,False,False,False
TRL-CAG1-1,None,False,False,False
TRL-CAG1-2,None,False,False,False
TRL-CAG1-3,None,False,False,False
TRL-CAG1-4,None,False,False,False
TRL-CAG1-5,None,False,False,False
TRL-CAG1-6,None,False,False,False
TRL-CAG1-7,None,False,False,False
TRL-CAG2-1,None,False,False,False
TRL-CAG2-2,None,False,False,False
TRL-TAA1-1,None,False,True,False
TRL-TAA2-1,None,False,False,False
TRL-TAA3-1,None,False,False,False
TRL-TAA4-1,None,False,True,False
TRL-TAA5-1,None,False,False,False
TRL-TAG1-1,None,False,False,False
TRL-TAG2-1,None,False,False,False
TRL-TAG3-1,None,False,False,False
TRL-TAG4-1,None,False,False,False
TRM-CAT1-1,None,False,False,False
TRM-CAT2-1,None,False,False,False
TRM-CAT3-1,None,False,False,False
TRM-CAT3-2,None,False,False,False
TRM-CAT4-1,None,False,False,False
TRM-CAT4-2,None,False,False,False
TRM-CAT4-3,None,False,False,False
TRM-CAT5-1,None,False,False,False
TRM-CAT5-2,None,False,False,False
TRM-CAT6-1,None,False,False,False
TRM-CAT7-1,None,False,False,False
TRN-GTT1-1,None,False,True,False
TRN-GTT10-1,None,False,True,False
TRN-GTT2-1,None,False,True,False
TRN-GTT2-2,None,False,True,False
TRN-GTT2-3,None,False,True,False
TRN-GTT2-4,None,False,True,False
TRN-GTT2-5,None,False,True,False
TRN-GTT2-6,None,False,True,False
TRN-GTT2-7,None,False,True,False
TRN-GTT2-8,None,False,True,False
TRN-GTT22-1,None,True,True,True
TRN-GTT23-1,None,True,True,True
TRN-GTT24-1,None,False,True,False
TRN-GTT25-1,None,False,True,False
TRN-GTT26-1,None,False,False,False
TRN-GTT27-1,None,False,False,False
TRN-GTT3-1,None,False,True,False
TRN-GTT4-1,None,False,True,False
TRN-GTT5-1,None,False,True,False
TRN-GTT6-1,None,False,True,False
TRN-GTT7-1,None,False,True,False
TRN-GTT8-1,None,False,True,False
TRN-GTT9-1,None,False,True,False
TRN-GTT9-2,None,False,True,False
TRP-AGG1-1,None,False,True,True
TRP-AGG2-1,None,False,False,False
TRP-AGG2-2,None,False,False,False
TRP-AGG2-3,None,False,False,False
TRP-AGG2-4,None,False,False,False
TRP-AGG2-5,None,False,False,False
TRP-AGG2-6,None,False,True,False
TRP-AGG2-7,None,False,False,False
TRP-AGG2-8,None,False,False,False
TRP-AGG4-1,None,False,True,True
TRP-AGG5-1,None,False,False,False
TRP-AGG6-1,None,False,False,False
TRP-CGG1-1,None,False,False,False
TRP-CGG1-2,None,False,False,False
TRP-CGG1-3,None,False,False,False
TRP-CGG2-1,None,False,False,False
TRP-GGG1-1,None,False,False,False
TRP-TGG1-1,None,False,True,False
TRP-TGG2-1,None,False,False,False
TRP-TGG3-1,None,False,True,False
TRP-TGG3-2,None,False,False,False
TRP-TGG3-3,None,False,False,False
TRP-TGG3-4,None,False,True,True
TRP-TGG3-5,None,False,True,True
TRP-TGG4-1,None,False,False,False
TRP-TGG5-1,None,False,True,False
TRQ-CTG1-1,None,False,True,True
TRQ-CTG1-2,None,False,True,False
TRQ-CTG1-3,None,False,True,False
TRQ-CTG1-4,None,False,True,False
TRQ-CTG1-5,None,False,True,False
TRQ-CTG11-1,None,False,True,False
TRQ-CTG13-1,None,False,False,False
TRQ-CTG16-1,None,False,False,False
TRQ-CTG2-1,None,False,True,False
TRQ-CTG3-1,None,False,False,False
TRQ-CTG3-2,None,False,False,False
TRQ-CTG4-1,None,False,False,False
TRQ-CTG4-2,None,False,False,False
TRQ-CTG5-1,None,False,False,False
TRQ-CTG6-1,None,False,False,False
TRQ-CTG7-1,None,False,False,False
TRQ-CTG9-1,None,False,True,False
TRQ-TTG1-1,None,False,False,False
TRQ-TTG10-1,None,False,False,False
TRQ-TTG2-1,None,False,True,False
TRQ-TTG3-1,None,False,True,False
TRQ-TTG3-2,None,False,False,False
TRQ-TTG3-3,None,False,True,False
TRQ-TTG4-1,None,True,True,True
TRQ-TTG5-1,None,False,False,False
TRQ-TTG6-1,None,False,False,False
TRQ-TTG7-1,None,False,False,False
TRQ-TTG8-1,None,False,False,False
TRQ-TTG9-1,None,False,False,False
TRR-ACG1-1,None,False,True,False
TRR-ACG1-2,None,False,True,False
TRR-ACG1-3,None,False,True,False
TRR-ACG2-1,None,False,True,False
TRR-ACG2-2,None,True,True,True
TRR-ACG2-3,None,False,True,False
TRR-ACG2-4,None,False,True,False
TRR-CCG1-1,None,False,True,False
TRR-CCG1-2,None,False,False,False
TRR-CCG1-3,None,False,True,False
TRR-CCG2-1,None,False,False,False
TRR-CCT1-1,None,False,True,False
TRR-CCT2-1,None,False,False,False
TRR-CCT3-1,None,False,True,False
TRR-CCT4-1,None,False,True,False
TRR-CCT6-2,None,False,False,False
TRR-CCT7-1,None,False,False,False
TRR-CCT8-1,None,False,False,False
TRR-CCT9-1,None,False,True,True
TRR-TCG1-1,None,False,True,False
TRR-TCG2-1,None,False,False,False
TRR-TCG3-1,None,False,False,False
TRR-TCG4-1,None,False,True,False
TRR-TCG5-1,None,False,True,False
TRR-TCT1-1,None,False,True,False
TRR-TCT2-1,None,False,True,False
TRR-TCT3-1,None,False,True,False
TRR-TCT3-2,None,False,True,False
TRR-TCT4-1,None,False,True,False
TRR-TCT5-1,None,False,True,False
TRS-ACT1-1,None,False,False,False
TRS-AGA1-1,None,False,False,False
TRS-AGA2-1,None,False,False,False
TRS-AGA2-2,None,False,False,False
TRS-AGA2-3,None,False,True,False
TRS-AGA2-4,None,False,True,False
TRS-AGA2-5,None,False,False,False
TRS-AGA2-6,None,False,False,False
TRS-AGA3-1,None,False,True,False
TRS-AGA4-1,None,False,True,False
TRS-AGA5-1,None,False,True,False
TRS-AGA7-1,None,False,True,False
TRS-CGA1-1,None,False,True,False
TRS-CGA2-1,None,False,True,False
TRS-CGA3-1,None,False,False,False
TRS-CGA4-1,None,False,True,True
TRS-GCT1-1,None,False,False,False
TRS-GCT2-1,None,False,True,False
TRS-GCT3-1,None,False,False,False
TRS-GCT4-1,None,False,False,False
TRS-GCT4-2,None,False,True,False
TRS-GCT4-3,None,False,False,False
TRS-GCT5-1,None,False,True,False
TRS-GCT6-1,None,False,False,False
TRS-TGA1-1,None,False,True,False
TRS-TGA2-1,None,False,False,False
TRS-TGA3-1,None,False,True,False
TRS-TGA4-1,None,False,True,False
TRSUP-CTA2-1,None,False,False,False
TRSUP-CTA3-1,None,False,False,False
TRSUP-TTA3-1,None,False,False,False
TRT-AGT1-1,None,False,False,False
TRT-AGT1-2,None,False,False,False
TRT-AGT1-3,None,False,True,False
TRT-AGT2-1,None,False,False,False
TRT-AGT2-2,None,False,False,False
TRT-AGT3-1,None,False,False,False
TRT-AGT4-1,None,False,False,False
TRT-AGT5-1,None,False,False,False
TRT-AGT6-1,None,False,False,False
TRT-CGT1-1,None,False,False,False
TRT-CGT2-1,None,False,False,False
TRT-CGT3-1,None,False,True,False
TRT-CGT4-1,None,False,False,False
TRT-CGT5-1,None,False,True,True
TRT-TGT1-1,None,False,False,False
TRT-TGT2-1,None,False,True,False
TRT-TGT3-1,None,False,False,False
TRT-TGT4-1,None,False,True,False
TRT-TGT5-1,None,False,True,False
TRT-TGT6-1,None,False,False,False
TRU-TCA1-1,None,False,False,False
TRU-TCA2-1,None,True,True,True
TRUND-NNN1-1,None,False,False,False
TRUND-NNN10-1,None,False,False,False
TRUND-NNN2-1,None,False,False,False
TRUND-NNN3-1,None,False,False,False
TRUND-NNN4-1,None,False,True,True
TRUND-NNN5-1,None,False,False,False
TRUND-NNN6-1,None,False,True,True
TRUND-NNN7-1,None,False,False,False
TRUND-NNN8-1,None,False,False,False
TRUND-NNN9-1,None,False,False,False
TRV-AAC1-1,None,False,True,True
TRV-AAC1-2,None,False,True,False
TRV-AAC1-3,None,False,True,False
TRV-AAC1-4,None,False,True,False
TRV-AAC1-5,None,False,True,False
TRV-AAC2-1,None,True,True,True
TRV-AAC3-1,None,False,True,False
TRV-AAC4-1,None,False,True,False
TRV-AAC5-1,None,True,True,True
TRV-AAC6-1,None,False,True,False
TRV-CAC1-1,None,False,True,False
TRV-CAC1-2,None,False,True,False
TRV-CAC1-3,None,False,True,False
TRV-CAC1-4,None,False,True,False
TRV-CAC1-5,None,False,True,False
TRV-CAC1-6,None,False,True,False
TRV-CAC1-7,None,False,True,False
TRV-CAC11-1,None,False,True,False
TRV-CAC11-2,None,False,True,False
TRV-CAC13-1,None,False,True,False
TRV-CAC14-1,None,False,False,False
TRV-CAC2-1,None,False,True,False
TRV-CAC3-1,None,False,True,False
TRV-CAC4-1,None,False,True,False
TRV-CAC5-1,None,False,True,False
TRV-CAC6-1,None,False,True,False
TRV-CAC8-1,None,False,False,False
TRV-TAC1-1,None,False,True,False
TRV-TAC1-2,None,False,True,False
TRV-TAC2-1,None,False,True,False
TRV-TAC3-1,None,False,True,True
TRV-TAC4-1,None,False,True,False
TRW-CCA1-1,None,False,False,False
TRW-CCA2-1,None,False,True,False
TRW-CCA3-1,None,False,False,False
TRW-CCA3-2,None,False,False,False
TRW-CCA3-3,None,False,False,False
TRW-CCA4-1,None,False,True,False
TRW-CCA5-1,None,False,False,False
TRX-CAT1-1,None,False,False,False
TRX-CAT1-2,None,False,False,False
TRX-CAT1-3,None,False,False,False
TRX-CAT1-4,None,False,False,False
TRX-CAT1-5,None,False,False,False
TRX-CAT1-6,None,False,False,False
TRX-CAT1-7,None,False,True,False
TRX-CAT1-8,None,False,False,False
TRY-ATA1-1,None,True,True,True
TRY-GTA1-1,None,False,True,False
TRY-GTA11-1,None,False,True,False
TRY-GTA12-1,None,False,False,False
TRY-GTA2-1,None,False,True,False
TRY-GTA3-1,None,False,True,False
TRY-GTA4-1,None,False,False,False
TRY-GTA5-1,None,False,True,False
TRY-GTA5-2,None,False,True,False
TRY-GTA5-3,None,False,False,False
TRY-GTA5-4,None,False,False,False
TRY-GTA5-5,None,False,True,False
TRY-GTA6-1,None,False,True,False
TRY-GTA7-1,None,False,False,False
TRY-GTA8-1,None,False,True,False
VTRNA2-2P,Type 2,False,True,True
VTRNA3-1P,Type 2,False,False,False
RN7SL1,Type 2,True,True,True
RN7SL100P,Type 2,True,True,True
RN7SL101P,Type 2,False,True,True
RN7SL104P,Type 2,False,True,True
RN7SL105P,Type 2,False,True,True
RN7SL106P,Type 2,False,True,True
RN7SL107P,Type 2,False,True,True
RN7SL108P,Type 2,True,True,True
RN7SL110P,Type 2,True,True,True
RN7SL111P,Type 2,False,True,True
RN7SL113P,Type 2,True,True,True
RN7SL116P,Type 2,False,True,True
RN7SL117P,Type 2,False,True,True
RN7SL118P,Type 2,True,True,True
RN7SL11P,Type 2,True,True,True
RN7SL120P,Type 2,False,True,True
RN7SL121P,Type 2,True,True,True
RN7SL122P,Type 2,False,True,True
RN7SL123P,Type 2,True,True,True
RN7SL124P,Type 2,False,True,True
RN7SL125P,Type 2,False,True,True
RN7SL126P,Type 2,True,True,True
RN7SL127P,Type 2,False,True,True
RN7SL128P,Type 2,True,True,True
RN7SL12P,Type 2,False,True,True
RN7SL130P,Type 2,False,True,True
RN7SL131P,Type 2,True,True,True
RN7SL132P,Type 2,True,True,True
RN7SL134P,Type 2,True,True,True
RN7SL135P,Type 2,True,True,True
RN7SL138P,Type 2,False,True,True
RN7SL140P,Type 2,True,True,True
RN7SL141P,Type 2,False,True,True
RN7SL143P,Type 2,True,True,True
RN7SL144P,Type 2,False,True,True
RN7SL145P,Type 2,False,True,True
RN7SL146P,Type 2,True,True,True
RN7SL147P,Type 2,True,True,True
RN7SL148P,Type 2,True,True,True
RN7SL149P,Type 2,False,True,True
RN7SL14P,Type 2,False,True,True
RN7SL150P,Type 2,True,True,True
RN7SL151P,Type 2,True,True,True
RN7SL152P,Type 2,False,True,True
RN7SL153P,Type 2,True,True,True
RN7SL154P,Type 2,True,True,True
RN7SL155P,Type 2,True,True,True
RN7SL156P,Type 2,True,True,True
RN7SL159P,Type 2,True,True,True
RN7SL15P,Type 2,True,True,True
RN7SL160P,Type 2,False,True,True
RN7SL162P,Type 2,True,True,True
RN7SL163P,Type 2,True,True,True
RN7SL164P,Type 2,False,True,True
RN7SL165P,Type 2,False,True,True
RN7SL166P,Type 2,False,True,True
RN7SL167P,Type 2,True,True,True
RN7SL168P,Type 2,True,True,True
RN7SL169P,Type 2,False,True,True
RN7SL16P,Type 2,False,True,True
RN7SL170P,Type 2,True,True,True
RN7SL172P,Type 2,True,True,True
RN7SL173P,Type 2,True,True,True
RN7SL174P,Type 2,False,True,True
RN7SL176P,Type 2,True,True,True
RN7SL177P,Type 2,False,True,True
RN7SL178P,Type 2,True,True,True
RN7SL180P,Type 2,False,True,True
RN7SL181P,Type 2,True,True,True
RN7SL182P,Type 2,True,True,True
RN7SL183P,Type 2,False,True,True
RN7SL184P,Type 2,False,True,True
RN7SL185P,Type 2,False,True,True
RN7SL186P,Type 2,True,True,True
RN7SL187P,Type 2,True,True,True
RN7SL188P,Type 2,False,True,True
RN7SL189P,Type 2,False,True,True
RN7SL18P,Type 2,True,True,True
RN7SL190P,Type 2,True,True,True
RN7SL191P,Type 2,False,True,True
RN7SL192P,Type 2,False,True,True
RN7SL193P,Type 2,False,True,True
RN7SL196P,Type 2,False,True,False
RN7SL197P,Type 2,True,True,True
RN7SL198P,Type 2,True,True,True
RN7SL199P,Type 2,False,True,True
RN7SL19P,Type 2,True,True,True
RN7SL2,Type 2,True,True,True
RN7SL200P,Type 2,False,True,True
RN7SL201P,Type 2,False,True,True
RN7SL202P,Type 2,True,True,True
RN7SL203P,Type 2,True,True,True
RN7SL204P,Type 2,True,True,True
RN7SL205P,Type 2,True,True,True
RN7SL208P,Type 2,True,True,True
RN7SL209P,Type 2,False,False,False
RN7SL20P,Type 2,False,True,True
RN7SL210P,Type 2,True,True,True
RN7SL211P,Type 2,False,True,True
RN7SL213P,Type 2,True,True,True
RN7SL214P,Type 2,False,False,True
RN7SL215P,Type 2,False,True,True
RN7SL216P,Type 2,False,True,True
RN7SL217P,Type 2,True,True,True
RN7SL218P,Type 2,False,True,True
RN7SL219P,Type 2,False,True,True
RN7SL220P,Type 2,False,True,True
RN7SL221P,Type 2,False,True,True
RN7SL222P,Type 2,True,True,True
RN7SL223P,Type 2,False,True,True
RN7SL225P,Type 2,True,True,True
RN7SL228P,Type 2,False,True,True
RN7SL229P,Type 2,True,True,True
RN7SL22P,Type 2,True,True,True
RN7SL230P,Type 2,True,True,True
RN7SL231P,Type 2,False,True,True
RN7SL233P,Type 2,False,True,True
RN7SL234P,Type 2,True,True,True
RN7SL236P,Type 2,False,True,True
RN7SL237P,Type 2,True,True,True
RN7SL238P,Type 2,False,True,True
RN7SL239P,Type 2,True,True,True
RN7SL23P,Type 2,False,True,True
RN7SL240P,Type 2,False,True,True
RN7SL241P,Type 2,False,False,False
RN7SL242P,Type 2,False,True,True
RN7SL244P,Type 2,False,True,True
RN7SL246P,Type 2,False,True,True
RN7SL248P,Type 2,True,True,True
RN7SL250P,Type 2,True,True,True
RN7SL251P,Type 2,True,True,True
RN7SL252P,Type 2,False,True,True
RN7SL253P,Type 2,True,True,True
RN7SL254P,Type 2,True,True,True
RN7SL255P,Type 2,True,True,True
RN7SL258P,Type 2,False,True,True
RN7SL259P,Type 2,False,True,True
RN7SL25P,Type 2,True,True,True
RN7SL260P,Type 2,True,True,True
RN7SL261P,Type 2,True,True,True
RN7SL262P,Type 2,True,True,True
RN7SL263P,Type 2,True,True,True
RN7SL265P,Type 2,False,True,True
RN7SL266P,Type 2,False,True,True
RN7SL267P,Type 2,True,True,True
RN7SL268P,Type 2,False,True,True
RN7SL269P,Type 2,True,True,True
RN7SL26P,Type 2,True,True,True
RN7SL270P,Type 2,False,True,True
RN7SL271P,Type 2,True,True,True
RN7SL272P,Type 2,True,True,True
RN7SL273P,Type 2,False,True,True
RN7SL274P,Type 2,True,True,True
RN7SL275P,Type 2,True,True,True
RN7SL277P,Type 2,False,True,True
RN7SL278P,Type 2,True,True,True
RN7SL279P,Type 2,True,True,True
RN7SL280P,Type 2,True,True,True
RN7SL282P,Type 2,True,True,True
RN7SL283P,Type 2,False,True,True
RN7SL284P,Type 2,False,True,True
RN7SL285P,Type 2,False,True,True
RN7SL286P,Type 2,False,True,False
RN7SL288P,Type 2,False,True,True
RN7SL28P,Type 2,True,True,True
RN7SL290P,Type 2,True,True,True
RN7SL291P,Type 2,False,True,True
RN7SL292P,Type 2,False,True,True
RN7SL293P,Type 2,False,True,False
RN7SL294P,Type 2,False,True,True
RN7SL296P,Type 2,False,True,True
RN7SL297P,Type 2,False,True,True
RN7SL299P,Type 2,True,True,True
RN7SL3,Type 2,True,True,True
RN7SL300P,Type 2,True,True,True
RN7SL301P,Type 2,False,True,True
RN7SL302P,Type 2,False,True,True
RN7SL303P,Type 2,True,True,True
RN7SL304P,Type 2,True,True,True
RN7SL305P,Type 2,True,True,True
RN7SL306P,Type 2,False,False,True
RN7SL307P,Type 2,False,True,True
RN7SL308P,Type 2,False,True,True
RN7SL309P,Type 2,False,True,True
RN7SL30P,Type 2,True,True,True
RN7SL310P,Type 2,True,True,True
RN7SL311P,Type 2,True,True,True
RN7SL313P,Type 2,True,True,True
RN7SL314P,Type 2,False,False,True
RN7SL316P,Type 2,False,True,True
RN7SL317P,Type 2,True,True,True
RN7SL318P,Type 2,True,True,True
RN7SL319P,Type 2,False,False,True
RN7SL320P,Type 2,True,True,True
RN7SL321P,Type 2,True,True,True
RN7SL322P,Type 2,False,True,True
RN7SL323P,Type 2,True,True,True
RN7SL325P,Type 2,False,True,True
RN7SL326P,Type 2,True,True,True
RN7SL327P,Type 2,False,False,False
RN7SL328P,Type 2,True,True,True
RN7SL329P,Type 2,False,True,True
RN7SL32P,Type 2,True,True,True
RN7SL330P,Type 2,False,True,True
RN7SL331P,Type 2,False,False,True
RN7SL332P,Type 2,False,True,True
RN7SL333P,Type 2,False,True,True
RN7SL334P,Type 2,True,True,True
RN7SL335P,Type 2,False,True,True
RN7SL336P,Type 2,False,True,True
RN7SL337P,Type 2,False,True,True
RN7SL338P,Type 2,False,True,True
RN7SL339P,Type 2,True,True,True
RN7SL33P,Type 2,True,True,True
RN7SL340P,Type 2,True,True,True
RN7SL341P,Type 2,True,True,True
RN7SL342P,Type 2,True,True,True
RN7SL343P,Type 2,True,True,True
RN7SL344P,Type 2,True,True,True
RN7SL346P,Type 2,False,True,True
RN7SL34P,Type 2,False,True,True
RN7SL350P,Type 2,False,True,True
RN7SL351P,Type 2,False,True,True
RN7SL352P,Type 2,False,True,True
RN7SL353P,Type 2,True,True,True
RN7SL354P,Type 2,True,True,True
RN7SL356P,Type 2,True,True,True
RN7SL357P,Type 2,False,True,True
RN7SL359P,Type 2,True,True,True
RN7SL35P,Type 2,True,True,True
RN7SL361P,Type 2,True,True,True
RN7SL362P,Type 2,False,True,False
RN7SL363P,Type 2,True,True,True
RN7SL364P,Type 2,True,True,True
RN7SL366P,Type 2,False,True,True
RN7SL368P,Type 2,True,True,True
RN7SL369P,Type 2,True,True,True
RN7SL36P,Type 2,True,True,True
RN7SL370P,Type 2,False,True,True
RN7SL371P,Type 2,True,True,True
RN7SL372P,Type 2,False,True,True
RN7SL375P,Type 2,False,True,True
RN7SL376P,Type 2,False,True,True
RN7SL377P,Type 2,True,True,True
RN7SL378P,Type 2,False,True,True
RN7SL379P,Type 2,False,True,True
RN7SL37P,Type 2,False,True,True
RN7SL380P,Type 2,False,True,True
RN7SL381P,Type 2,False,True,True
RN7SL382P,Type 2,True,True,True
RN7SL383P,Type 2,False,True,True
RN7SL384P,Type 2,False,True,True
RN7SL385P,Type 2,True,True,True
RN7SL386P,Type 2,True,True,True
RN7SL387P,Type 2,True,True,True
RN7SL388P,Type 2,True,True,True
RN7SL38P,Type 2,True,True,True
RN7SL390P,Type 2,False,True,True
RN7SL391P,Type 2,True,True,True
RN7SL392P,Type 2,True,True,True
RN7SL393P,Type 2,False,True,True
RN7SL394P,Type 2,False,True,True
RN7SL395P,Type 2,False,True,True
RN7SL396P,Type 2,False,True,True
RN7SL397P,Type 2,False,True,True
RN7SL398P,Type 2,False,True,True
RN7SL399P,Type 2,False,True,True
RN7SL39P,Type 2,True,True,True
RN7SL400P,Type 2,True,True,True
RN7SL401P,Type 2,True,True,True
RN7SL402P,Type 2,False,True,True
RN7SL403P,Type 2,True,True,True
RN7SL404P,Type 2,False,True,True
RN7SL405P,Type 2,True,True,True
RN7SL408P,Type 2,True,True,True
RN7SL40P,Type 2,False,True,True
RN7SL411P,Type 2,True,True,True
RN7SL413P,Type 2,False,True,True
RN7SL414P,Type 2,False,True,True
RN7SL415P,Type 2,False,True,True
RN7SL416P,Type 2,False,True,True
RN7SL417P,Type 2,False,False,False
RN7SL418P,Type 2,True,True,True
RN7SL419P,Type 2,True,True,True
RN7SL41P,Type 2,False,True,True
RN7SL420P,Type 2,True,True,True
RN7SL422P,Type 2,True,True,True
RN7SL423P,Type 2,True,True,True
RN7SL424P,Type 2,True,True,True
RN7SL425P,Type 2,False,True,True
RN7SL426P,Type 2,False,True,True
RN7SL428P,Type 2,False,False,True
RN7SL429P,Type 2,False,False,False
RN7SL42P,Type 2,False,True,False
RN7SL430P,Type 2,False,False,True
RN7SL431P,Type 2,True,True,True
RN7SL432P,Type 2,True,True,True
RN7SL434P,Type 2,False,True,True
RN7SL435P,Type 2,False,True,True
RN7SL438P,Type 2,True,True,True
RN7SL43P,Type 2,True,True,True
RN7SL440P,Type 2,True,True,True
RN7SL441P,Type 2,False,True,True
RN7SL442P,Type 2,False,True,True
RN7SL443P,Type 2,False,True,True
RN7SL444P,Type 2,False,True,True
RN7SL445P,Type 2,True,True,True
RN7SL446P,Type 2,False,True,True
RN7SL447P,Type 2,False,True,True
RN7SL448P,Type 2,False,True,True
RN7SL449P,Type 2,False,True,True
RN7SL44P,Type 2,True,True,True
RN7SL451P,Type 2,True,True,True
RN7SL452P,Type 2,False,True,True
RN7SL453P,Type 2,True,True,True
RN7SL454P,Type 2,False,True,True
RN7SL455P,Type 2,True,True,True
RN7SL456P,Type 2,False,True,True
RN7SL457P,Type 2,False,True,True
RN7SL459P,Type 2,False,True,True
RN7SL45P,Type 2,True,True,True
RN7SL460P,Type 2,True,True,True
RN7SL461P,Type 2,True,True,True
RN7SL462P,Type 2,True,True,True
RN7SL464P,Type 2,False,True,True
RN7SL465P,Type 2,False,True,True
RN7SL466P,Type 2,False,True,True
RN7SL468P,Type 2,True,True,True
RN7SL469P,Type 2,False,True,True
RN7SL470P,Type 2,True,True,True
RN7SL471P,Type 2,True,True,True
RN7SL472P,Type 2,False,True,True
RN7SL473P,Type 2,True,True,True
RN7SL474P,Type 2,True,True,True
RN7SL475P,Type 2,True,True,True
RN7SL477P,Type 2,False,True,True
RN7SL478P,Type 2,True,True,True
RN7SL479P,Type 2,True,True,True
RN7SL47P,Type 2,True,True,True
RN7SL480P,Type 2,True,True,True
RN7SL481P,Type 2,True,True,True
RN7SL482P,Type 2,True,True,True
RN7SL483P,Type 2,True,True,True
RN7SL484P,Type 2,False,False,False
RN7SL487P,Type 2,False,True,True
RN7SL488P,Type 2,True,True,True
RN7SL489P,Type 2,False,False,False
RN7SL48P,Type 2,True,True,True
RN7SL491P,Type 2,True,True,True
RN7SL492P,Type 2,True,True,True
RN7SL493P,Type 2,True,True,True
RN7SL494P,Type 2,False,True,True
RN7SL495P,Type 2,False,True,True
RN7SL496P,Type 2,True,True,True
RN7SL497P,Type 2,True,True,True
RN7SL498P,Type 2,False,True,True
RN7SL499P,Type 2,True,True,True
RN7SL49P,Type 2,False,True,True
RN7SL4P,Type 2,True,True,True
RN7SL500P,Type 2,False,True,True
RN7SL502P,Type 2,False,True,True
RN7SL503P,Type 2,True,True,True
RN7SL504P,Type 2,True,True,True
RN7SL505P,Type 2,True,True,True
RN7SL507P,Type 2,True,True,True
RN7SL508P,Type 2,False,True,True
RN7SL509P,Type 2,True,True,True
RN7SL50P,Type 2,False,True,True
RN7SL510P,Type 2,True,True,True
RN7SL513P,Type 2,False,True,True
RN7SL515P,Type 2,False,True,True
RN7SL516P,Type 2,True,True,True
RN7SL517P,Type 2,True,True,True
RN7SL518P,Type 2,False,True,True
RN7SL519P,Type 2,True,True,True
RN7SL51P,Type 2,False,True,True
RN7SL520P,Type 2,True,True,True
RN7SL521P,Type 2,False,True,True
RN7SL523P,Type 2,True,True,True
RN7SL524P,Type 2,True,True,True
RN7SL525P,Type 2,True,True,True
RN7SL526P,Type 2,True,True,True
RN7SL52P,Type 2,True,True,True
RN7SL530P,Type 2,True,True,True
RN7SL531P,Type 2,True,True,True
RN7SL535P,Type 2,True,True,True
RN7SL536P,Type 2,False,True,True
RN7SL538P,Type 2,False,True,True
RN7SL539P,Type 2,False,True,False
RN7SL541P,Type 2,False,True,True
RN7SL542P,Type 2,True,True,True
RN7SL543P,Type 2,True,True,True
RN7SL544P,Type 2,False,True,True
RN7SL545P,Type 2,False,True,True
RN7SL546P,Type 2,True,True,True
RN7SL547P,Type 2,False,True,True
RN7SL549P,Type 2,False,True,True
RN7SL551P,Type 2,True,True,True
RN7SL552P,Type 2,True,True,True
RN7SL553P,Type 2,True,True,True
RN7SL554P,Type 2,False,True,True
RN7SL555P,Type 2,True,True,True
RN7SL556P,Type 2,True,True,True
RN7SL557P,Type 2,True,True,True
RN7SL558P,Type 2,False,True,True
RN7SL559P,Type 2,True,True,True
RN7SL55P,Type 2,False,True,True
RN7SL560P,Type 2,True,True,True
RN7SL561P,Type 2,True,True,True
RN7SL563P,Type 2,True,True,True
RN7SL564P,Type 2,False,False,False
RN7SL565P,Type 2,True,True,True
RN7SL566P,Type 2,False,True,True
RN7SL567P,Type 2,True,True,True
RN7SL568P,Type 2,True,True,True
RN7SL569P,Type 2,False,True,True
RN7SL570P,Type 2,False,True,True
RN7SL571P,Type 2,False,True,True
RN7SL573P,Type 2,False,True,True
RN7SL574P,Type 2,True,True,True
RN7SL575P,Type 2,False,True,True
RN7SL577P,Type 2,True,True,True
RN7SL578P,Type 2,False,True,True
RN7SL57P,Type 2,True,True,True
RN7SL580P,Type 2,False,True,True
RN7SL581P,Type 2,True,True,True
RN7SL582P,Type 2,True,True,True
RN7SL583P,Type 2,False,True,True
RN7SL584P,Type 2,True,True,True
RN7SL585P,Type 2,False,True,True
RN7SL586P,Type 2,True,True,True
RN7SL587P,Type 2,True,True,True
RN7SL589P,Type 2,True,True,True
RN7SL58P,Type 2,False,True,True
RN7SL591P,Type 2,False,True,True
RN7SL592P,Type 2,True,True,True
RN7SL594P,Type 2,False,True,True
RN7SL596P,Type 2,True,True,True
RN7SL597P,Type 2,False,True,True
RN7SL598P,Type 2,False,True,True
RN7SL5P,Type 2,False,True,True
RN7SL600P,Type 2,True,True,True
RN7SL601P,Type 2,True,True,True
RN7SL602P,Type 2,True,True,True
RN7SL604P,Type 2,True,True,True
RN7SL605P,Type 2,True,True,True
RN7SL606P,Type 2,False,True,True
RN7SL607P,Type 2,True,True,True
RN7SL608P,Type 2,False,True,True
RN7SL60P,Type 2,True,True,True
RN7SL610P,Type 2,True,True,True
RN7SL612P,Type 2,True,True,True
RN7SL614P,Type 2,True,True,True
RN7SL615P,Type 2,False,True,True
RN7SL616P,Type 2,False,True,True
RN7SL617P,Type 2,True,True,True
RN7SL618P,Type 2,False,True,True
RN7SL619P,Type 2,True,True,True
RN7SL620P,Type 2,False,True,True
RN7SL621P,Type 2,False,True,True
RN7SL622P,Type 2,True,True,True
RN7SL623P,Type 2,False,True,True
RN7SL624P,Type 2,True,True,True
RN7SL625P,Type 2,True,True,True
RN7SL627P,Type 2,True,True,True
RN7SL628P,Type 2,False,True,True
RN7SL629P,Type 2,False,True,False
RN7SL62P,Type 2,True,True,True
RN7SL630P,Type 2,False,True,True
RN7SL632P,Type 2,False,True,True
RN7SL633P,Type 2,True,True,True
RN7SL634P,Type 2,True,True,True
RN7SL635P,Type 2,True,True,True
RN7SL636P,Type 2,True,True,True
RN7SL638P,Type 2,False,True,True
RN7SL63P,Type 2,False,True,True
RN7SL640P,Type 2,True,True,True
RN7SL643P,Type 2,True,True,True
RN7SL644P,Type 2,True,True,True
RN7SL645P,Type 2,True,True,True
RN7SL646P,Type 2,False,True,True
RN7SL647P,Type 2,False,True,True
RN7SL648P,Type 2,True,True,True
RN7SL649P,Type 2,True,True,True
RN7SL650P,Type 2,True,True,True
RN7SL652P,Type 2,False,True,True
RN7SL653P,Type 2,False,True,True
RN7SL654P,Type 2,False,True,True
RN7SL655P,Type 2,False,True,True
RN7SL656P,Type 2,False,True,True
RN7SL657P,Type 2,False,True,True
RN7SL658P,Type 2,True,True,True
RN7SL659P,Type 2,True,True,True
RN7SL65P,Type 2,False,True,True
RN7SL660P,Type 2,False,True,True
RN7SL663P,Type 2,True,True,True
RN7SL664P,Type 2,True,True,True
RN7SL665P,Type 2,False,True,True
RN7SL666P,Type 2,True,True,True
RN7SL667P,Type 2,True,True,True
RN7SL668P,Type 2,True,True,True
RN7SL66P,Type 2,True,True,True
RN7SL670P,Type 2,True,True,True
RN7SL671P,Type 2,False,True,True
RN7SL672P,Type 2,True,True,True
RN7SL673P,Type 2,False,True,True
RN7SL674P,Type 2,False,True,True
RN7SL675P,Type 2,False,True,True
RN7SL676P,Type 2,True,True,True
RN7SL677P,Type 2,False,True,True
RN7SL678P,Type 2,False,True,True
RN7SL679P,Type 2,True,True,True
RN7SL67P,Type 2,False,True,True
RN7SL680P,Type 2,False,True,True
RN7SL681P,Type 2,False,True,True
RN7SL683P,Type 2,True,True,True
RN7SL684P,Type 2,False,True,True
RN7SL685P,Type 2,True,True,True
RN7SL687P,Type 2,True,True,True
RN7SL688P,Type 2,False,True,True
RN7SL689P,Type 2,False,True,True
RN7SL68P,Type 2,True,True,True
RN7SL690P,Type 2,True,True,True
RN7SL691P,Type 2,True,True,True
RN7SL692P,Type 2,False,True,True
RN7SL693P,Type 2,True,True,True
RN7SL697P,Type 2,False,True,True
RN7SL698P,Type 2,False,True,True
RN7SL69P,Type 2,True,True,True
RN7SL6P,Type 2,False,True,True
RN7SL700P,Type 2,False,True,True
RN7SL702P,Type 2,False,True,True
RN7SL703P,Type 2,False,True,True
RN7SL704P,Type 2,True,True,True
RN7SL705P,Type 2,False,True,True
RN7SL706P,Type 2,False,True,True
RN7SL708P,Type 2,False,True,True
RN7SL709P,Type 2,True,True,True
RN7SL70P,Type 2,False,True,True
RN7SL711P,Type 2,False,True,True
RN7SL712P,Type 2,True,True,True
RN7SL713P,Type 2,False,True,True
RN7SL714P,Type 2,True,True,True
RN7SL715P,Type 2,False,True,True
RN7SL716P,Type 2,True,True,True
RN7SL717P,Type 2,True,True,True
RN7SL718P,Type 2,True,True,True
RN7SL719P,Type 2,False,True,False
RN7SL720P,Type 2,True,True,True
RN7SL722P,Type 2,True,True,True
RN7SL724P,Type 2,True,True,True
RN7SL725P,Type 2,False,False,False
RN7SL726P,Type 2,True,True,True
RN7SL727P,Type 2,True,True,True
RN7SL728P,Type 2,True,True,True
RN7SL72P,Type 2,False,False,True
RN7SL731P,Type 2,False,True,True
RN7SL732P,Type 2,False,True,True
RN7SL733P,Type 2,True,True,True
RN7SL734P,Type 2,False,True,True
RN7SL735P,Type 2,True,True,True
RN7SL736P,Type 2,False,False,False
RN7SL737P,Type 2,False,True,True
RN7SL738P,Type 2,True,True,True
RN7SL73P,Type 2,True,True,True
RN7SL740P,Type 2,True,True,True
RN7SL741P,Type 2,True,True,True
RN7SL743P,Type 2,False,True,True
RN7SL744P,Type 2,True,True,True
RN7SL745P,Type 2,True,True,True
RN7SL748P,Type 2,True,True,True
RN7SL749P,Type 2,False,True,True
RN7SL74P,Type 2,True,True,True
RN7SL750P,Type 2,True,True,True
RN7SL751P,Type 2,False,False,False
RN7SL752P,Type 2,False,True,True
RN7SL753P,Type 2,False,True,True
RN7SL754P,Type 2,False,True,True
RN7SL756P,Type 2,True,True,True
RN7SL757P,Type 2,True,True,True
RN7SL759P,Type 2,False,True,True
RN7SL75P,Type 2,True,True,True
RN7SL760P,Type 2,False,True,True
RN7SL761P,Type 2,False,True,True
RN7SL762P,Type 2,True,True,True
RN7SL763P,Type 2,False,True,True
RN7SL764P,Type 2,True,True,True
RN7SL766P,Type 2,False,True,True
RN7SL767P,Type 2,False,True,True
RN7SL769P,Type 2,True,True,True
RN7SL76P,Type 2,False,True,True
RN7SL771P,Type 2,True,True,True
RN7SL774P,Type 2,True,True,True
RN7SL775P,Type 2,True,True,True
RN7SL776P,Type 2,False,True,True
RN7SL778P,Type 2,False,True,True
RN7SL77P,Type 2,False,True,True
RN7SL782P,Type 2,True,False,True
RN7SL783P,Type 2,False,True,True
RN7SL784P,Type 2,True,True,True
RN7SL785P,Type 2,True,True,True
RN7SL786P,Type 2,True,True,True
RN7SL787P,Type 2,True,True,True
RN7SL788P,Type 2,True,True,True
RN7SL789P,Type 2,True,True,True
RN7SL78P,Type 2,False,True,True
RN7SL790P,Type 2,True,True,True
RN7SL791P,Type 2,False,True,True
RN7SL792P,Type 2,False,True,True
RN7SL793P,Type 2,False,True,True
RN7SL794P,Type 2,True,True,True
RN7SL795P,Type 2,True,True,True
RN7SL796P,Type 2,False,True,False
RN7SL797P,Type 2,True,True,True
RN7SL798P,Type 2,True,True,True
RN7SL799P,Type 2,False,True,True
RN7SL79P,Type 2,True,True,True
RN7SL7P,Type 2,False,True,True
RN7SL800P,Type 2,True,True,True
RN7SL801P,Type 2,False,True,True
RN7SL802P,Type 2,True,True,True
RN7SL803P,Type 2,True,True,True
RN7SL804P,Type 2,True,True,True
RN7SL806P,Type 2,False,True,True
RN7SL807P,Type 2,False,True,True
RN7SL808P,Type 2,False,True,True
RN7SL809P,Type 2,True,True,True
RN7SL810P,Type 2,False,True,True
RN7SL811P,Type 2,True,True,True
RN7SL812P,Type 2,False,True,True
RN7SL813P,Type 2,True,True,True
RN7SL814P,Type 2,True,True,True
RN7SL815P,Type 2,True,True,True
RN7SL817P,Type 2,False,True,True
RN7SL818P,Type 2,False,False,False
RN7SL819P,Type 2,True,True,True
RN7SL81P,Type 2,False,True,True
RN7SL820P,Type 2,True,True,True
RN7SL822P,Type 2,False,True,True
RN7SL823P,Type 2,True,True,True
RN7SL824P,Type 2,True,True,True
RN7SL825P,Type 2,True,True,True
RN7SL826P,Type 2,False,True,True
RN7SL827P,Type 2,True,True,True
RN7SL828P,Type 2,True,True,True
RN7SL82P,Type 2,False,True,True
RN7SL831P,Type 2,True,True,True
RN7SL832P,Type 2,True,True,True
RN7SL833P,Type 2,True,True,True
RN7SL834P,Type 2,False,True,True
RN7SL835P,Type 2,True,True,True
RN7SL836P,Type 2,True,True,True
RN7SL837P,Type 2,False,True,True
RN7SL838P,Type 2,False,True,True
RN7SL83P,Type 2,False,True,True
RN7SL840P,Type 2,False,True,True
RN7SL841P,Type 2,False,True,True
RN7SL842P,Type 2,False,True,True
RN7SL843P,Type 2,False,True,True
RN7SL845P,Type 2,True,True,True
RN7SL846P,Type 2,True,True,True
RN7SL847P,Type 2,True,True,True
RN7SL849P,Type 2,False,True,True
RN7SL850P,Type 2,True,True,True
RN7SL851P,Type 2,True,True,True
RN7SL853P,Type 2,False,False,False
RN7SL854P,Type 2,True,True,True
RN7SL856P,Type 2,True,True,True
RN7SL860P,Type 2,False,False,True
RN7SL861P,Type 2,False,True,True
RN7SL862P,Type 2,False,True,True
RN7SL863P,Type 2,True,True,True
RN7SL864P,Type 2,False,True,True
RN7SL865P,Type 2,True,True,True
RN7SL868P,Type 2,False,True,True
RN7SL869P,Type 2,False,True,True
RN7SL870P,Type 2,True,True,True
RN7SL87P,Type 2,False,True,True
RN7SL88P,Type 2,True,True,True
RN7SL89P,Type 2,False,True,True
RN7SL8P,Type 2,False,True,True
RN7SL91P,Type 2,True,True,True
RN7SL92P,Type 2,True,True,True
RN7SL93P,Type 2,False,True,True
RN7SL96P,Type 2,True,True,True
RN7SL97P,Type 2,True,True,True
RN7SL98P,Type 2,True,True,True
RNU7-1,None,True,True,True
RNU7-102P,None,False,False,False
RNU7-103P,None,False,False,False
RNU7-104P,None,False,False,False
RNU7-105P,None,False,False,False
RNU7-106P,None,False,False,False
RNU7-107P,None,False,False,False
RNU7-10P,None,False,True,True
RNU7-110P,None,False,False,False
RNU7-111P,None,False,True,False
RNU7-113P,None,False,False,False
RNU7-115P,None,True,True,True
RNU7-116P,None,False,False,False
RNU7-119P,None,False,False,False
RNU7-11P,None,False,False,False
RNU7-120P,None,False,False,False
RNU7-121P,None,False,False,False
RNU7-123P,None,False,True,True
RNU7-124P,None,False,False,False
RNU7-125P,None,False,True,True
RNU7-126P,None,True,True,True
RNU7-127P,None,False,False,False
RNU7-128P,None,False,True,False
RNU7-129P,None,False,False,False
RNU7-12P,None,True,True,True
RNU7-130P,None,False,False,False
RNU7-133P,None,False,False,False
RNU7-134P,None,False,False,False
RNU7-136P,None,False,False,False
RNU7-137P,None,False,False,False
RNU7-138P,None,True,True,True
RNU7-13P,None,False,False,False
RNU7-140P,None,False,True,False
RNU7-141P,None,False,False,False
RNU7-143P,None,False,True,True
RNU7-144P,None,False,False,False
RNU7-147P,None,False,False,False
RNU7-148P,None,False,False,False
RNU7-149P,None,True,True,True
RNU7-14P,None,False,True,True
RNU7-151P,None,False,False,False
RNU7-152P,None,False,False,False
RNU7-153P,None,False,False,False
RNU7-154P,None,False,False,False
RNU7-155P,None,False,False,False
RNU7-156P,None,False,False,False
RNU7-157P,None,False,False,False
RNU7-159P,None,False,False,False
RNU7-15P,None,False,True,True
RNU7-160P,None,False,False,False
RNU7-161P,None,False,False,False
RNU7-164P,None,False,False,False
RNU7-165P,None,False,False,False
RNU7-167P,None,False,False,False
RNU7-169P,None,False,False,False
RNU7-16P,None,False,False,False
RNU7-170P,None,True,True,True
RNU7-171P,None,False,False,False
RNU7-172P,None,False,False,False
RNU7-173P,None,False,False,False
RNU7-174P,None,False,False,False
RNU7-175P,None,False,False,False
RNU7-176P,None,True,True,True
RNU7-179P,None,True,True,True
RNU7-17P,None,False,True,True
RNU7-180P,None,False,True,True
RNU7-181P,None,False,False,False
RNU7-182P,None,False,False,False
RNU7-183P,None,False,False,False
RNU7-185P,None,False,False,False
RNU7-186P,None,False,False,False
RNU7-187P,None,False,False,False
RNU7-188P,None,False,False,False
RNU7-18P,None,False,True,False
RNU7-190P,None,False,False,False
RNU7-192P,None,False,False,False
RNU7-193P,None,True,True,True
RNU7-194P,None,False,True,True
RNU7-195P,None,False,True,True
RNU7-196P,None,False,False,False
RNU7-197P,None,False,True,False
RNU7-19P,None,False,True,True
RNU7-200P,None,False,False,False
RNU7-20P,None,False,False,False
RNU7-21P,None,False,True,False
RNU7-22P,None,False,False,False
RNU7-23P,None,False,False,False
RNU7-24P,None,False,False,False
RNU7-25P,None,False,False,False
RNU7-26P,None,False,False,False
RNU7-27P,None,False,False,False
RNU7-28P,None,False,False,False
RNU7-29P,None,False,False,False
RNU7-2P,None,False,False,False
RNU7-30P,None,False,False,False
RNU7-31P,None,False,False,False
RNU7-32P,None,False,True,True
RNU7-33P,None,True,True,True
RNU7-34P,None,False,False,False
RNU7-35P,None,False,False,False
RNU7-36P,None,False,True,False
RNU7-37P,None,False,True,False
RNU7-38P,None,False,True,True
RNU7-39P,None,False,False,True
RNU7-3P,None,False,False,False
RNU7-40P,None,False,True,False
RNU7-41P,None,False,True,False
RNU7-42P,None,False,False,False
RNU7-43P,None,False,True,True
RNU7-44P,None,False,True,True
RNU7-45P,None,False,True,True
RNU7-46P,None,False,False,False
RNU7-47P,None,False,False,False
RNU7-48P,None,False,True,False
RNU7-49P,None,False,True,False
RNU7-4P,None,False,True,False
RNU7-50P,None,False,True,False
RNU7-51P,None,False,False,False
RNU7-52P,None,False,True,True
RNU7-53P,None,False,False,False
RNU7-54P,None,False,False,False
RNU7-55P,None,False,False,False
RNU7-56P,None,True,True,True
RNU7-57P,None,False,False,False
RNU7-58P,None,False,False,False
RNU7-59P,None,False,False,False
RNU7-5P,None,False,False,False
RNU7-60P,None,False,False,False
RNU7-61P,None,False,True,False
RNU7-62P,None,False,False,False
RNU7-63P,None,False,False,False
RNU7-64P,None,False,False,False
RNU7-65P,None,False,False,False
RNU7-66P,None,False,False,False
RNU7-67P,None,False,True,True
RNU7-68P,None,False,True,False
RNU7-69P,None,False,True,True
RNU7-6P,None,False,True,True
RNU7-70P,None,False,False,False
RNU7-71P,None,False,False,False
RNU7-72P,None,True,True,True
RNU7-73P,None,False,False,False
RNU7-74P,None,False,False,False
RNU7-75P,None,False,False,False
RNU7-76P,None,False,False,False
RNU7-77P,None,False,False,False
RNU7-78P,None,False,True,True
RNU7-79P,None,False,False,False
RNU7-7P,None,False,False,False
RNU7-80P,None,False,False,False
RNU7-81P,None,False,False,False
RNU7-82P,None,False,False,False
RNU7-83P,None,False,False,False
RNU7-84P,None,False,False,False
RNU7-85P,None,False,False,False
RNU7-86P,None,False,False,False
RNU7-87P,None,False,False,False
RNU7-88P,None,False,False,False
RNU7-89P,None,False,True,True
RNU7-8P,None,False,False,False
RNU7-90P,None,False,False,False
RNU7-92P,None,False,False,False
RNU7-93P,None,False,False,False
RNU7-94P,None,False,True,False
RNU7-95P,None,False,False,False
RNU7-96P,None,False,False,False
RNU7-97P,None,False,True,True
RNU7-99P,None,False,False,False
RNU7-9P,None,False,False,False
RN7SK,Type 3,True,True,True
RN7SKP1,Type 3,True,True,True
RN7SKP10,Type 3,False,True,True
RN7SKP100,Type 3,False,False,True
RN7SKP101,Type 3,False,False,False
RN7SKP102,Type 3,False,False,True
RN7SKP103,Type 3,False,False,True
RN7SKP104,Type 3,False,False,True
RN7SKP105,Type 3,False,False,False
RN7SKP106,Type 3,False,False,True
RN7SKP107,Type 3,False,False,True
RN7SKP108,Type 3,False,False,True
RN7SKP109,Type 3,False,True,True
RN7SKP11,Type 3,True,True,True
RN7SKP110,Type 3,False,False,True
RN7SKP111,Type 3,False,False,True
RN7SKP112,Type 3,False,False,True
RN7SKP113,Type 3,False,False,True
RN7SKP114,Type 3,False,False,True
RN7SKP115,Type 3,False,False,True
RN7SKP116,Type 3,False,False,True
RN7SKP117,Type 3,True,True,True
RN7SKP118,Type 3,False,False,True
RN7SKP119,Type 3,False,False,True
RN7SKP12,Type 3,True,True,True
RN7SKP120,Type 3,False,False,True
RN7SKP121,Type 3,False,False,True
RN7SKP122,Type 3,False,False,False
RN7SKP123,Type 3,True,True,True
RN7SKP124,Type 3,False,False,True
RN7SKP125,Type 3,False,False,True
RN7SKP126,Type 3,False,False,True
RN7SKP127,Type 3,False,False,True
RN7SKP128,Type 3,False,False,True
RN7SKP129,Type 3,False,False,True
RN7SKP13,Type 3,False,True,True
RN7SKP130,Type 3,False,False,True
RN7SKP131,Type 3,False,False,True
RN7SKP132,Type 3,False,False,False
RN7SKP133,Type 3,False,True,True
RN7SKP134,Type 3,False,False,True
RN7SKP135,Type 3,False,False,False
RN7SKP136,Type 3,False,False,True
RN7SKP137,Type 3,False,False,True
RN7SKP139,Type 3,False,False,True
RN7SKP14,Type 3,False,True,True
RN7SKP140,Type 3,False,True,True
RN7SKP141,Type 3,False,False,False
RN7SKP142,Type 3,False,True,True
RN7SKP143,Type 3,False,True,True
RN7SKP144,Type 3,False,False,True
RN7SKP145,Type 3,False,False,True
RN7SKP146,Type 3,False,True,True
RN7SKP147,Type 3,False,False,False
RN7SKP148,Type 3,False,False,True
RN7SKP149,Type 3,False,False,True
RN7SKP15,Type 3,True,True,True
RN7SKP150,Type 3,True,True,True
RN7SKP151,Type 3,False,True,True
RN7SKP152,Type 3,False,False,True
RN7SKP153,Type 3,False,False,True
RN7SKP154,Type 3,False,False,True
RN7SKP155,Type 3,False,False,False
RN7SKP156,Type 3,False,True,True
RN7SKP157,Type 3,False,False,False
RN7SKP158,Type 3,False,False,True
RN7SKP159,Type 3,False,False,True
RN7SKP16,Type 3,False,True,True
RN7SKP160,Type 3,False,True,True
RN7SKP161,Type 3,False,False,True
RN7SKP162,Type 3,False,False,True
RN7SKP163,Type 3,False,False,True
RN7SKP164,Type 3,False,False,False
RN7SKP165,Type 3,False,False,True
RN7SKP166,Type 3,False,False,True
RN7SKP167,Type 3,False,False,True
RN7SKP168,Type 3,False,False,True
RN7SKP169,Type 3,False,False,True
RN7SKP17,Type 3,True,True,True
RN7SKP170,Type 3,False,True,True
RN7SKP171,Type 3,False,False,True
RN7SKP172,Type 3,False,False,True
RN7SKP173,Type 3,False,False,True
RN7SKP174,Type 3,False,False,True
RN7SKP175,Type 3,False,False,True
RN7SKP176,Type 3,False,False,True
RN7SKP177,Type 3,True,True,True
RN7SKP178,Type 3,True,True,True
RN7SKP179,Type 3,False,False,False
RN7SKP18,Type 3,False,True,True
RN7SKP180,Type 3,False,False,True
RN7SKP181,Type 3,False,False,True
RN7SKP182,Type 3,False,False,True
RN7SKP183,Type 3,False,False,True
RN7SKP184,Type 3,False,False,True
RN7SKP185,Type 3,False,False,True
RN7SKP186,Type 3,False,False,True
RN7SKP187,Type 3,False,True,True
RN7SKP188,Type 3,False,False,True
RN7SKP189,Type 3,False,False,True
RN7SKP19,Type 3,False,True,True
RN7SKP190,Type 3,False,False,False
RN7SKP191,Type 3,False,False,True
RN7SKP192,Type 3,False,True,True
RN7SKP193,Type 3,False,True,True
RN7SKP194,Type 3,False,False,True
RN7SKP195,Type 3,False,False,False
RN7SKP196,Type 3,False,False,False
RN7SKP197,Type 3,False,False,False
RN7SKP198,Type 3,False,False,True
RN7SKP199,Type 3,False,False,True
RN7SKP2,Type 3,True,True,True
RN7SKP20,Type 3,True,True,True
RN7SKP200,Type 3,False,False,True
RN7SKP202,Type 3,False,False,True
RN7SKP203,Type 3,False,False,True
RN7SKP204,Type 3,False,False,True
RN7SKP205,Type 3,False,False,True
RN7SKP206,Type 3,False,False,True
RN7SKP207,Type 3,False,False,True
RN7SKP208,Type 3,False,False,True
RN7SKP209,Type 3,False,False,False
RN7SKP21,Type 3,False,True,True
RN7SKP210,Type 3,False,False,False
RN7SKP211,Type 3,False,False,True
RN7SKP212,Type 3,False,False,True
RN7SKP213,Type 3,False,True,True
RN7SKP214,Type 3,False,False,True
RN7SKP216,Type 3,False,False,True
RN7SKP217,Type 3,False,False,True
RN7SKP218,Type 3,False,False,True
RN7SKP219,Type 3,False,False,False
RN7SKP22,Type 3,True,True,True
RN7SKP220,Type 3,False,False,True
RN7SKP221,Type 3,False,False,True
RN7SKP222,Type 3,False,False,True
RN7SKP223,Type 3,False,False,True
RN7SKP224,Type 3,True,True,True
RN7SKP225,Type 3,False,False,True
RN7SKP226,Type 3,False,False,True
RN7SKP227,Type 3,False,True,False
RN7SKP228,Type 3,False,False,True
RN7SKP229,Type 3,False,False,True
RN7SKP23,Type 3,True,True,True
RN7SKP230,Type 3,False,False,True
RN7SKP231,Type 3,False,False,True
RN7SKP232,Type 3,False,False,True
RN7SKP233,Type 3,False,False,True
RN7SKP234,Type 3,False,False,True
RN7SKP235,Type 3,False,False,True
RN7SKP236,Type 3,False,False,True
RN7SKP237,Type 3,False,False,True
RN7SKP238,Type 3,False,False,False
RN7SKP239,Type 3,False,False,True
RN7SKP24,Type 3,False,False,True
RN7SKP240,Type 3,False,False,True
RN7SKP241,Type 3,False,False,True
RN7SKP242,Type 3,False,False,False
RN7SKP243,Type 3,False,False,True
RN7SKP244,Type 3,False,False,False
RN7SKP245,Type 3,False,False,True
RN7SKP246,Type 3,False,False,True
RN7SKP247,Type 3,False,False,True
RN7SKP248,Type 3,False,False,False
RN7SKP249,Type 3,False,False,True
RN7SKP25,Type 3,True,True,True
RN7SKP250,Type 3,False,False,True
RN7SKP251,Type 3,False,False,True
RN7SKP252,Type 3,False,False,True
RN7SKP253,Type 3,False,False,False
RN7SKP254,Type 3,False,False,True
RN7SKP255,Type 3,False,False,True
RN7SKP256,Type 3,False,False,False
RN7SKP257,Type 3,False,False,True
RN7SKP258,Type 3,False,False,False
RN7SKP259,Type 3,True,True,True
RN7SKP26,Type 3,True,True,True
RN7SKP260,Type 3,False,False,False
RN7SKP261,Type 3,False,True,True
RN7SKP262,Type 3,False,True,True
RN7SKP263,Type 3,False,False,True
RN7SKP264,Type 3,True,True,True
RN7SKP265,Type 3,False,False,True
RN7SKP266,Type 3,False,False,True
RN7SKP267,Type 3,False,False,True
RN7SKP268,Type 3,False,False,True
RN7SKP269,Type 3,True,True,True
RN7SKP27,Type 3,True,True,True
RN7SKP270,Type 3,False,False,True
RN7SKP271,Type 3,True,True,True
RN7SKP272,Type 3,False,False,False
RN7SKP273,Type 3,False,True,True
RN7SKP275,Type 3,False,False,True
RN7SKP276,Type 3,False,False,False
RN7SKP277,Type 3,False,False,False
RN7SKP278,Type 3,False,False,True
RN7SKP279,Type 3,False,True,True
RN7SKP28,Type 3,True,True,True
RN7SKP280,Type 3,False,True,True
RN7SKP281,Type 3,False,False,True
RN7SKP282,Type 3,False,False,True
RN7SKP283,Type 3,False,False,True
RN7SKP284,Type 3,False,False,False
RN7SKP285,Type 3,False,False,True
RN7SKP286,Type 3,True,True,True
RN7SKP287,Type 3,False,False,False
RN7SKP288,Type 3,False,False,False
RN7SKP289,Type 3,False,False,True
RN7SKP29,Type 3,True,True,True
RN7SKP290,Type 3,True,True,True
RN7SKP291,Type 3,False,False,True
RN7SKP292,Type 3,False,True,True
RN7SKP293,Type 3,False,False,True
RN7SKP294,Type 3,False,False,True
RN7SKP295,Type 3,False,False,False
RN7SKP296,Type 3,False,False,True
RN7SKP297,Type 3,False,False,True
RN7SKP298,Type 3,False,False,False
RN7SKP299,Type 3,False,False,True
RN7SKP3,Type 3,True,True,True
RN7SKP30,Type 3,False,False,True
RN7SKP31,Type 3,False,False,False
RN7SKP32,Type 3,False,False,True
RN7SKP33,Type 3,False,False,True
RN7SKP34,Type 3,False,False,False
RN7SKP35,Type 3,False,False,False
RN7SKP36,Type 3,False,False,True
RN7SKP37,Type 3,False,False,True
RN7SKP38,Type 3,False,True,True
RN7SKP39,Type 3,False,False,False
RN7SKP4,Type 3,True,True,True
RN7SKP40,Type 3,False,False,False
RN7SKP42,Type 3,False,False,False
RN7SKP43,Type 3,False,False,False
RN7SKP44,Type 3,False,False,True
RN7SKP45,Type 3,False,False,True
RN7SKP46,Type 3,False,False,True
RN7SKP47,Type 3,False,False,True
RN7SKP48,Type 3,False,False,True
RN7SKP49,Type 3,False,False,False
RN7SKP5,Type 3,False,True,True
RN7SKP50,Type 3,False,False,True
RN7SKP51,Type 3,False,False,True
RN7SKP52,Type 3,False,False,True
RN7SKP53,Type 3,False,False,True
RN7SKP54,Type 3,False,False,True
RN7SKP55,Type 3,False,True,True
RN7SKP56,Type 3,False,False,True
RN7SKP57,Type 3,False,False,True
RN7SKP58,Type 3,False,False,True
RN7SKP59,Type 3,False,True,True
RN7SKP6,Type 3,False,True,True
RN7SKP60,Type 3,False,True,True
RN7SKP61,Type 3,False,False,False
RN7SKP62,Type 3,False,False,True
RN7SKP63,Type 3,False,False,True
RN7SKP64,Type 3,False,True,True
RN7SKP65,Type 3,False,True,True
RN7SKP66,Type 3,False,False,True
RN7SKP67,Type 3,False,False,False
RN7SKP68,Type 3,False,False,True
RN7SKP69,Type 3,False,False,True
RN7SKP7,Type 3,True,True,True
RN7SKP70,Type 3,False,False,False
RN7SKP71,Type 3,True,True,True
RN7SKP72,Type 3,False,False,True
RN7SKP73,Type 3,False,False,True
RN7SKP74,Type 3,False,False,True
RN7SKP75,Type 3,False,False,True
RN7SKP76,Type 3,False,False,True
RN7SKP77,Type 3,False,False,True
RN7SKP78,Type 3,True,True,True
RN7SKP79,Type 3,False,False,True
RN7SKP8,Type 3,False,True,True
RN7SKP80,Type 3,False,True,True
RN7SKP81,Type 3,False,False,True
RN7SKP82,Type 3,False,False,False
RN7SKP83,Type 3,False,False,False
RN7SKP85,Type 3,False,False,True
RN7SKP86,Type 3,False,True,True
RN7SKP87,Type 3,False,False,True
RN7SKP88,Type 3,False,False,False
RN7SKP89,Type 3,False,False,True
RN7SKP9,Type 3,True,True,True
RN7SKP90,Type 3,False,False,True
RN7SKP91,Type 3,False,False,True
RN7SKP92,Type 3,False,False,False
RN7SKP93,Type 3,False,False,True
RN7SKP94,Type 3,False,False,True
RN7SKP95,Type 3,False,False,True
RN7SKP96,Type 3,False,False,False
RN7SKP97,Type 3,False,False,True
RN7SKP98,Type 3,True,True,True
RN7SKP99,Type 3,False,False,False
