"gene_name","gene_group","chromosome","start","end","gene_length","flank_length","intergenic_density_1000genomes","intergenic_density_gnomad","intergenic_density_pangenome","intergenic_density_dbsnp","locus_type","gene_type","Gene_group","Gene_Type","source","snp_count","snp_density","flank_count","flank_density","enrichment","enrichment_intergenic","Gene_Type_combined","Gene_group_f","y_num","y_offset","y_pos","q1","q3","iqr","is_outlier"
"RNU1-2","RNU1","chr1",16895980,16896143,164,16400,0.0213713703515028,0.211868908133809,0.0071013333333333,0.2879,"RNA, small nuclear","functional","RNU1","Functional","gnomad",332,2.02439024390244,1748,0.106585365853659,18.9931350114416,9.55491894367014,"RNU1.Functional","RNU1",14,0.15,14.15,1.29739258250931,4.57865380125627,3.28126121874696,TRUE
"RNU1-152P","RNU1","chr6",32576277,32576423,147,14699,0.0213713703515028,0.211868908133809,0.0071013333333333,0.2879,"pseudogene","pseudogene","RNU1","Pseudogene","gnomad",164,1.1156462585034,1410,0.0959248928498537,11.6304144352777,5.26573846219474,"RNU1.Pseudogene","RNU1",14,-0.15,13.85,0.984217330241998,1.34957062962983,0.365353299387832,TRUE
"RNU1-61P","RNU1","chr6",32549940,32550090,151,15099,0.0213713703515028,0.211868908133809,0.0071013333333333,0.2879,"pseudogene","pseudogene","RNU1","Pseudogene","gnomad",120,0.794701986754967,901,0.0596728260149678,13.3176529389714,3.75091368410254,"RNU1.Pseudogene","RNU1",14,-0.15,13.85,0.984217330241998,1.34957062962983,0.365353299387832,TRUE
"RNU1-108P","RNU1","chr17",58666537,58666697,161,16099,0.0213713703515028,0.211868908133809,0.0071013333333333,0.2879,"pseudogene","pseudogene","RNU1","Pseudogene","gnomad",93,0.577639751552795,660,0.0409963351760978,14.0900338791643,2.72640170113105,"RNU1.Pseudogene","RNU1",14,-0.15,13.85,0.984217330241998,1.34957062962983,0.365353299387832,TRUE
"RNU1-154P","RNU1","chr1",145431527,145431693,167,16699,0.0213713703515028,0.211868908133809,0.0071013333333333,0.2879,"pseudogene","pseudogene","RNU1","Pseudogene","gnomad",92,0.550898203592814,660,0.039523324749985,13.9385592451461,2.60018427642477,"RNU1.Pseudogene","RNU1",14,-0.15,13.85,0.984217330241998,1.34957062962983,0.365353299387832,TRUE
"RNU1-11P","RNU1","chr6",13214056,13214219,164,16400,0.0213713703515028,0.211868908133809,0.0071013333333333,0.2879,"pseudogene","pseudogene","RNU1","Pseudogene","gnomad",80,0.48780487804878,285,0.0173780487804878,28.0701754385965,2.30239010690847,"RNU1.Pseudogene","RNU1",14,-0.15,13.85,0.984217330241998,1.34957062962983,0.365353299387832,TRUE
"RNU1-5P","RNU1","chr1",16873708,16873851,144,14400,0.0213713703515028,0.211868908133809,0.0071013333333333,0.2879,"pseudogene","pseudogene","RNU1","Pseudogene","gnomad",65,0.451388888888889,1490,0.103472222222222,4.36241610738255,2.13051028989968,"RNU1.Pseudogene","RNU1",14,-0.15,13.85,0.984217330241998,1.34957062962983,0.365353299387832,TRUE
"RNU1-114P","RNU1","chr1",143652050,143652215,166,16600,0.0213713703515028,0.211868908133809,0.0071013333333333,0.2879,"pseudogene","pseudogene","RNU1","Pseudogene","gnomad",70,0.421686746987952,596,0.0359036144578313,11.744966442953,1.99031915868292,"RNU1.Pseudogene","RNU1",14,-0.15,13.85,0.984217330241998,1.34957062962983,0.365353299387832,TRUE
"RNU1-14P","RNU1","chr7",53366058,53366209,152,15200,0.0213713703515028,0.211868908133809,0.0071013333333333,0.2879,"pseudogene","pseudogene","RNU1","Pseudogene","gnomad",63,0.414473684210526,354,0.0232894736842105,17.7966101694915,1.95627422570545,"RNU1.Pseudogene","RNU1",14,-0.15,13.85,0.984217330241998,1.34957062962983,0.365353299387832,TRUE
"RNU1-129P","RNU1","chr1",148014417,148014583,167,16699,0.0213713703515028,0.211868908133809,0.0071013333333333,0.2879,"pseudogene","pseudogene","RNU1","Pseudogene","gnomad",69,0.413173652694611,749,0.0448529852086951,9.21173141034353,1.95013820731858,"RNU1.Pseudogene","RNU1",14,-0.15,13.85,0.984217330241998,1.34957062962983,0.365353299387832,TRUE
"RNU1-42P","RNU1","chr17",48949361,48949520,160,16000,0.0213713703515028,0.211868908133809,0.0071013333333333,0.2879,"pseudogene","pseudogene","RNU1","Pseudogene","gnomad",66,0.4125,683,0.0426875,9.66325036603221,1.94695863415447,"RNU1.Pseudogene","RNU1",14,-0.15,13.85,0.984217330241998,1.34957062962983,0.365353299387832,TRUE
"RNU1-27P","RNU1","chr14",34546714,34546877,164,16400,0.0213713703515028,0.211868908133809,0.0071013333333333,0.2879,"pseudogene","pseudogene","RNU1","Pseudogene","gnomad",0,0,110,0.0067073170731707,0,0,"RNU1.Pseudogene","RNU1",14,-0.15,13.85,0.984217330241998,1.34957062962983,0.365353299387832,TRUE
"RNU1-28P","RNU1","chr14",34556226,34556389,164,16400,0.0213713703515028,0.211868908133809,0.0071013333333333,0.2879,"pseudogene","pseudogene","RNU1","Pseudogene","gnomad",0,0,92,0.0056097560975609,0,0,"RNU1.Pseudogene","RNU1",14,-0.15,13.85,0.984217330241998,1.34957062962983,0.365353299387832,TRUE
"RNU2-2","RNU2","chr11",62841619,62841809,191,19099,0.0213713703515028,0.211868908133809,0.0071013333333333,0.2879,"RNA, small nuclear","functional","RNU2","Functional","gnomad",413,2.16230366492147,1330,0.0696371537776847,31.0510057867181,10.2058564608066,"RNU2.Functional","RNU2",13,0.15,13.15,1.27830617393981,2.39278394458405,1.11447777064424,TRUE
"RNU2-63P","RNU2","chr2",88016358,88016547,190,19000,0.0213713703515028,0.211868908133809,0.0071013333333333,0.2879,"pseudogene","pseudogene","RNU2","Pseudogene","gnomad",418,2.2,799,0.0420526315789473,52.3153942428035,10.3837793821572,"RNU2.Pseudogene","RNU2",13,-0.15,12.85,0.914326123607368,1.32157192136546,0.407245797758093,TRUE
"RNU2-58P","RNU2","chr17",59129276,59129458,183,18299,0.0213713703515028,0.211868908133809,0.0071013333333333,0.2879,"pseudogene","pseudogene","RNU2","Pseudogene","gnomad",106,0.579234972677596,571,0.0312038909230012,18.562908520188,2.73393098487,"RNU2.Pseudogene","RNU2",13,-0.15,12.85,0.914326123607368,1.32157192136546,0.407245797758093,TRUE
"RNU2-39P","RNU2","chr2",72721806,72722003,198,19800,0.0213713703515028,0.211868908133809,0.0071013333333333,0.2879,"pseudogene","pseudogene","RNU2","Pseudogene","gnomad",85,0.429292929292929,707,0.0357070707070707,12.022630834512,2.02621957640808,"RNU2.Pseudogene","RNU2",13,-0.15,12.85,0.914326123607368,1.32157192136546,0.407245797758093,TRUE
"RNU2-24P","RNU2","chr10",27193358,27193500,143,14299,0.0213713703515028,0.211868908133809,0.0071013333333333,0.2879,"pseudogene","pseudogene","RNU2","Pseudogene","gnomad",59,0.412587412587413,438,0.0306315126931953,13.4693776543092,1.94737121280125,"RNU2.Pseudogene","RNU2",13,-0.15,12.85,0.914326123607368,1.32157192136546,0.407245797758093,TRUE
"RNU4-1","RNU4","chr12",120293093,120293237,145,14499,0.0213713703515028,0.211868908133809,0.0071013333333333,0.2879,"RNA, small nuclear","functional","RNU4","Functional","gnomad",320,2.20689655172414,2067,0.142561555969377,15.4803062909764,10.4163304147031,"RNU4.Functional","RNU4",12,0.15,12.15,1.23800648371472,1.51711062401647,0.279104140301756,TRUE
"RNU4-2","RNU4","chr12",120291759,120291903,145,14499,0.0213713703515028,0.211868908133809,0.0071013333333333,0.2879,"RNA, small nuclear","functional","RNU4","Functional","gnomad",230,1.58620689655172,2157,0.148768880612456,10.6622224353748,7.48673748556788,"RNU4.Functional","RNU4",12,0.15,12.15,1.23800648371472,1.51711062401647,0.279104140301756,TRUE
"SNORD41","RNU4","chr19",12706449,12706518,70,7000,0.0213713703515028,0.211868908133809,0.0071013333333333,0.2879,"RNA, small nucleolar","functional","RNU4","Functional","gnomad",11,0.157142857142857,107,0.0152857142857142,10.2803738317757,0.741698527296942,"RNU4.Functional","RNU4",12,0.15,12.15,1.23800648371472,1.51711062401647,0.279104140301756,TRUE
"RNU4-65P","RNU4","chr12",70443784,70443923,140,14000,0.0213713703515028,0.211868908133809,0.0071013333333333,0.2879,"pseudogene","pseudogene","RNU4","Pseudogene","gnomad",234,1.67142857142857,234,0.0167142857142857,100,7.88897524488566,"RNU4.Pseudogene","RNU4",12,-0.15,11.85,0.933606537856291,1.25179949073437,0.318192952878074,TRUE
"RNU4-86P","RNU4","chr11",126214260,126214478,219,21899,0.0213713703515028,0.211868908133809,0.0071013333333333,0.2879,"pseudogene","pseudogene","RNU4","Pseudogene","gnomad",305,1.39269406392694,1146,0.0523311566738207,26.613095380398,6.57337632120785,"RNU4.Pseudogene","RNU4",12,-0.15,11.85,0.933606537856291,1.25179949073437,0.318192952878074,TRUE
"RNU4-62P","RNU4","chr3",121655475,121655604,130,13000,0.0213713703515028,0.211868908133809,0.0071013333333333,0.2879,"pseudogene","pseudogene","RNU4","Pseudogene","gnomad",102,0.784615384615385,916,0.0704615384615384,11.1353711790393,3.70330593349662,"RNU4.Pseudogene","RNU4",12,-0.15,11.85,0.933606537856291,1.25179949073437,0.318192952878074,TRUE
"RNU4-21P","RNU4","chr1",229535064,229535189,126,12600,0.0213713703515028,0.211868908133809,0.0071013333333333,0.2879,"pseudogene","pseudogene","RNU4","Pseudogene","gnomad",63,0.5,531,0.0421428571428571,11.864406779661,2.35994985958118,"RNU4.Pseudogene","RNU4",12,-0.15,11.85,0.933606537856291,1.25179949073437,0.318192952878074,TRUE
"RNU4-63P","RNU4","chr2",41871271,41871388,118,11800,0.0213713703515028,0.211868908133809,0.0071013333333333,0.2879,"pseudogene","pseudogene","RNU4","Pseudogene","gnomad",45,0.38135593220339,317,0.026864406779661,14.1955835962145,1.79996175730768,"RNU4.Pseudogene","RNU4",12,-0.15,11.85,0.933606537856291,1.25179949073437,0.318192952878074,TRUE
"RNU4-81P","RNU4","chrX",70450879,70451022,144,14400,0.0213713703515028,0.211868908133809,0.0071013333333333,0.2879,"pseudogene","pseudogene","RNU4","Pseudogene","gnomad",12,0.0833333333333333,172,0.0119444444444444,6.97674418604651,0.393324976596863,"RNU4.Pseudogene","RNU4",12,-0.15,11.85,0.933606537856291,1.25179949073437,0.318192952878074,TRUE
"RNU5E-6P","RNU5","chr1",44819883,44819997,115,11499,0.0213713703515028,0.211868908133809,0.0071013333333333,0.2879,"pseudogene","pseudogene","RNU5","Pseudogene","gnomad",250,2.17391304347826,582,0.0506130967910253,42.9515912147019,10.2606515633964,"RNU5.Pseudogene","RNU5",11,-0.15,10.85,0.920956042763387,1.32157192136546,0.400615878602073,TRUE
"RNU5A-8P","RNU5","chr1",210374154,210374267,114,11400,0.0213713703515028,0.211868908133809,0.0071013333333333,0.2879,"pseudogene","pseudogene","RNU5","Pseudogene","gnomad",225,1.97368421052632,595,0.0521929824561403,37.8151260504202,9.31559155097834,"RNU5.Pseudogene","RNU5",11,-0.15,10.85,0.920956042763387,1.32157192136546,0.400615878602073,TRUE
"RNU5E-4P","RNU5","chr1",11909808,11909927,120,12000,0.0213713703515028,0.211868908133809,0.0071013333333333,0.2879,"pseudogene","pseudogene","RNU5","Pseudogene","gnomad",164,1.36666666666667,1951,0.162583333333333,8.40594566888775,6.45052961618856,"RNU5.Pseudogene","RNU5",11,-0.15,10.85,0.920956042763387,1.32157192136546,0.400615878602073,TRUE
"RNU6-9","RNU6","chr19",893484,893590,107,10699,0.0213713703515028,0.211868908133809,0.0071013333333333,0.2879,"RNA, small nuclear","functional","RNU6","Functional","gnomad",202,1.88785046728972,486,0.0454248060566408,41.5599015422484,8.91046489038128,"RNU6.Functional","RNU6",10,0.15,10.15,1.14787919419478,3.62814721402901,2.48026801983423,TRUE
"RNU6-2","RNU6","chr19",1021522,1021628,107,10699,0.0213713703515028,0.211868908133809,0.0071013333333333,0.2879,"RNA, small nuclear","functional","RNU6","Functional","gnomad",173,1.61682242990654,584,0.054584540611272,29.6205191396748,7.63123973285129,"RNU6.Functional","RNU6",10,0.15,10.15,1.14787919419478,3.62814721402901,2.48026801983423,TRUE
"RNU6-1218P","RNU6","chr8",30043801,30043908,108,10800,0.0213713703515028,0.211868908133809,0.0071013333333333,0.2879,"pseudogene","pseudogene","RNU6","Pseudogene","gnomad",151,1.39814814814815,1537,0.142314814814815,9.82433311646064,6.59911905179182,"RNU6.Pseudogene","RNU6",10,-0.15,9.85,0.916485382361623,1.35322521710111,0.43673983473949,TRUE
"RNU6-437P","RNU6","chr6",107930088,107930182,95,9499,0.0213713703515028,0.211868908133809,0.0071013333333333,0.2879,"pseudogene","pseudogene","RNU6","Pseudogene","gnomad",118,1.24210526315789,299,0.0314769975786924,39.4607287449393,5.86261228274904,"RNU6.Pseudogene","RNU6",10,-0.15,9.85,0.916485382361623,1.35322521710111,0.43673983473949,TRUE
"RNU6-758P","RNU6","chr16",75286712,75286800,89,8899,0.0213713703515028,0.211868908133809,0.0071013333333333,0.2879,"pseudogene","pseudogene","RNU6","Pseudogene","gnomad",103,1.15730337078652,226,0.0253961119226879,45.5701004275629,5.46235585476093,"RNU6.Pseudogene","RNU6",10,-0.15,9.85,0.916485382361623,1.35322521710111,0.43673983473949,TRUE
"RNU6-194P","RNU6","chr6",119327281,119327385,105,10499,0.0213713703515028,0.211868908133809,0.0071013333333333,0.2879,"pseudogene","pseudogene","RNU6","Pseudogene","gnomad",111,1.05714285714286,320,0.0304790932469759,34.6841964285714,4.98960827454307,"RNU6.Pseudogene","RNU6",10,-0.15,9.85,0.916485382361623,1.35322521710111,0.43673983473949,TRUE
"RNU6-703P","RNU6","chr8",98048856,98048962,107,10699,0.0213713703515028,0.211868908133809,0.0071013333333333,0.2879,"pseudogene","pseudogene","RNU6","Pseudogene","gnomad",112,1.04672897196262,252,0.0235536031404804,44.4402907580478,4.94045578080546,"RNU6.Pseudogene","RNU6",10,-0.15,9.85,0.916485382361623,1.35322521710111,0.43673983473949,TRUE
"RNU6-1101P","RNU6","chr3",194533503,194533583,81,8099,0.0213713703515028,0.211868908133809,0.0071013333333333,0.2879,"pseudogene","pseudogene","RNU6","Pseudogene","gnomad",80,0.987654320987654,320,0.0395110507470058,24.9969135802469,4.66162935225912,"RNU6.Pseudogene","RNU6",10,-0.15,9.85,0.916485382361623,1.35322521710111,0.43673983473949,TRUE
"RNU6-319P","RNU6","chr9",15431899,15432006,108,10800,0.0213713703515028,0.211868908133809,0.0071013333333333,0.2879,"pseudogene","pseudogene","RNU6","Pseudogene","gnomad",86,0.796296296296296,368,0.034074074074074,23.3695652173913,3.75843866525892,"RNU6.Pseudogene","RNU6",10,-0.15,9.85,0.916485382361623,1.35322521710111,0.43673983473949,TRUE
"RNU6-1191P","RNU6","chr16",81106533,81106639,107,10699,0.0213713703515028,0.211868908133809,0.0071013333333333,0.2879,"pseudogene","pseudogene","RNU6","Pseudogene","gnomad",83,0.775700934579439,250,0.0233666697822226,33.1968971962617,3.66123062327547,"RNU6.Pseudogene","RNU6",10,-0.15,9.85,0.916485382361623,1.35322521710111,0.43673983473949,TRUE
"RNU6-328P","RNU6","chr16",7004007,7004112,106,10600,0.0213713703515028,0.211868908133809,0.0071013333333333,0.2879,"pseudogene","pseudogene","RNU6","Pseudogene","gnomad",82,0.773584905660377,525,0.0495283018867924,15.6190476190476,3.65124317897466,"RNU6.Pseudogene","RNU6",10,-0.15,9.85,0.916485382361623,1.35322521710111,0.43673983473949,TRUE
"RNU6-473P","RNU6","chr2",130497743,130497849,107,10699,0.0213713703515028,0.211868908133809,0.0071013333333333,0.2879,"pseudogene","pseudogene","RNU6","Pseudogene","gnomad",76,0.710280373831776,371,0.0346761379568183,20.483260699801,3.35245213697513,"RNU6.Pseudogene","RNU6",10,-0.15,9.85,0.916485382361623,1.35322521710111,0.43673983473949,TRUE
"RNU6-1242P","RNU6","chr18",39678520,39678622,103,10299,0.0213713703515028,0.211868908133809,0.0071013333333333,0.2879,"pseudogene","pseudogene","RNU6","Pseudogene","gnomad",73,0.70873786407767,230,0.0223322652684726,31.7360489658084,3.34517164561993,"RNU6.Pseudogene","RNU6",10,-0.15,9.85,0.916485382361623,1.35322521710111,0.43673983473949,TRUE
"RNU6-510P","RNU6","chr1",37991462,37991569,108,10800,0.0213713703515028,0.211868908133809,0.0071013333333333,0.2879,"pseudogene","pseudogene","RNU6","Pseudogene","gnomad",73,0.675925925925926,213,0.0197222222222222,34.2723004694836,3.19030258795234,"RNU6.Pseudogene","RNU6",10,-0.15,9.85,0.916485382361623,1.35322521710111,0.43673983473949,TRUE
"RNU6-830P","RNU6","chr1",55398514,55398620,107,10699,0.0213713703515028,0.211868908133809,0.0071013333333333,0.2879,"pseudogene","pseudogene","RNU6","Pseudogene","gnomad",70,0.654205607476635,397,0.0371062716141695,17.6305939405353,3.08778486300341,"RNU6.Pseudogene","RNU6",10,-0.15,9.85,0.916485382361623,1.35322521710111,0.43673983473949,TRUE
"RNU6-781P","RNU6","chr12",6709452,6709552,101,10099,0.0213713703515028,0.211868908133809,0.0071013333333333,0.2879,"pseudogene","pseudogene","RNU6","Pseudogene","gnomad",65,0.643564356435644,591,0.058520645608476,10.9972190112412,3.0375592252035,"RNU6.Pseudogene","RNU6",10,-0.15,9.85,0.916485382361623,1.35322521710111,0.43673983473949,TRUE
"RNU6-1077P","RNU6","chr12",130869736,130869837,102,10200,0.0213713703515028,0.211868908133809,0.0071013333333333,0.2879,"pseudogene","pseudogene","RNU6","Pseudogene","gnomad",63,0.617647058823529,473,0.0463725490196078,13.3192389006343,2.91523217948263,"RNU6.Pseudogene","RNU6",10,-0.15,9.85,0.916485382361623,1.35322521710111,0.43673983473949,TRUE
"RNU6-544P","RNU6","chr11",80527960,80528066,107,10699,0.0213713703515028,0.211868908133809,0.0071013333333333,0.2879,"pseudogene","pseudogene","RNU6","Pseudogene","gnomad",66,0.616822429906542,318,0.0297224039629871,20.7527772879563,2.91134001368893,"RNU6.Pseudogene","RNU6",10,-0.15,9.85,0.916485382361623,1.35322521710111,0.43673983473949,TRUE
"RNU6-11P","RNU6","chr7",123790605,123790711,107,10699,0.0213713703515028,0.211868908133809,0.0071013333333333,0.2879,"pseudogene","pseudogene","RNU6","Pseudogene","gnomad",63,0.588785046728972,278,0.0259837367978315,22.6597525717744,2.77900637670307,"RNU6.Pseudogene","RNU6",10,-0.15,9.85,0.916485382361623,1.35322521710111,0.43673983473949,TRUE
"RNU6-37P","RNU6","chr1",10298966,10299072,107,10699,0.0213713703515028,0.211868908133809,0.0071013333333333,0.2879,"pseudogene","pseudogene","RNU6","Pseudogene","gnomad",62,0.579439252336449,225,0.0210300028040003,27.5529802699896,2.73489516437445,"RNU6.Pseudogene","RNU6",10,-0.15,9.85,0.916485382361623,1.35322521710111,0.43673983473949,TRUE
"RNU6-1083P","RNU6","chr12",57806154,57806260,107,10699,0.0213713703515028,0.211868908133809,0.0071013333333333,0.2879,"pseudogene","pseudogene","RNU6","Pseudogene","gnomad",61,0.570093457943925,442,0.0413122721749696,13.7996151731721,2.69078395204583,"RNU6.Pseudogene","RNU6",10,-0.15,9.85,0.916485382361623,1.35322521710111,0.43673983473949,TRUE
"RNU6-1064P","RNU6","chr9",107797744,107797847,104,10400,0.0213713703515028,0.211868908133809,0.0071013333333333,0.2879,"pseudogene","pseudogene","RNU6","Pseudogene","gnomad",59,0.567307692307692,446,0.0428846153846153,13.2286995515695,2.67763541760172,"RNU6.Pseudogene","RNU6",10,-0.15,9.85,0.916485382361623,1.35322521710111,0.43673983473949,TRUE
"RNU6-369P","RNU6","chr1",44390722,44390823,102,10200,0.0213713703515028,0.211868908133809,0.0071013333333333,0.2879,"pseudogene","pseudogene","RNU6","Pseudogene","gnomad",56,0.549019607843137,316,0.0309803921568627,17.7215189873418,2.59131749287345,"RNU6.Pseudogene","RNU6",10,-0.15,9.85,0.916485382361623,1.35322521710111,0.43673983473949,TRUE
"RNU6-516P","RNU6","chr15",40529570,40529673,104,10400,0.0213713703515028,0.211868908133809,0.0071013333333333,0.2879,"pseudogene","pseudogene","RNU6","Pseudogene","gnomad",57,0.548076923076923,249,0.0239423076923076,22.8915662650602,2.58686811531014,"RNU6.Pseudogene","RNU6",10,-0.15,9.85,0.916485382361623,1.35322521710111,0.43673983473949,TRUE
"RNU6-1216P","RNU6","chr2",69182877,69182983,107,10699,0.0213713703515028,0.211868908133809,0.0071013333333333,0.2879,"pseudogene","pseudogene","RNU6","Pseudogene","gnomad",57,0.532710280373832,199,0.0185998691466492,28.6405391443197,2.51433910273135,"RNU6.Pseudogene","RNU6",10,-0.15,9.85,0.916485382361623,1.35322521710111,0.43673983473949,TRUE
"RNU6-482P","RNU6","chr5",112778363,112778469,107,10699,0.0213713703515028,0.211868908133809,0.0071013333333333,0.2879,"pseudogene","pseudogene","RNU6","Pseudogene","gnomad",56,0.523364485981308,422,0.0394429385923918,13.268901979891,2.47022789040273,"RNU6.Pseudogene","RNU6",10,-0.15,9.85,0.916485382361623,1.35322521710111,0.43673983473949,TRUE
"RNU6-553P","RNU6","chr4",105406997,105407092,96,9600,0.0213713703515028,0.211868908133809,0.0071013333333333,0.2879,"pseudogene","pseudogene","RNU6","Pseudogene","gnomad",50,0.520833333333333,185,0.0192708333333333,27.027027027027,2.4582811037304,"RNU6.Pseudogene","RNU6",10,-0.15,9.85,0.916485382361623,1.35322521710111,0.43673983473949,TRUE
"RNU6-1315P","RNU6","chr12",2954240,2954338,99,9899,0.0213713703515028,0.211868908133809,0.0071013333333333,0.2879,"pseudogene","pseudogene","RNU6","Pseudogene","gnomad",51,0.515151515151515,662,0.0668754419638347,7.70314931795294,2.4314634916897,"RNU6.Pseudogene","RNU6",10,-0.15,9.85,0.916485382361623,1.35322521710111,0.43673983473949,TRUE
"RNU6-457P","RNU6","chr16",6873899,6874005,107,10699,0.0213713703515028,0.211868908133809,0.0071013333333333,0.2879,"pseudogene","pseudogene","RNU6","Pseudogene","gnomad",55,0.514018691588785,520,0.048602673147023,10.5759345794393,2.42611667807411,"RNU6.Pseudogene","RNU6",10,-0.15,9.85,0.916485382361623,1.35322521710111,0.43673983473949,TRUE
"RNU6-628P","RNU6","chr8",123262843,123262949,107,10699,0.0213713703515028,0.211868908133809,0.0071013333333333,0.2879,"pseudogene","pseudogene","RNU6","Pseudogene","gnomad",55,0.514018691588785,481,0.0449574726609963,11.433442788583,2.42611667807411,"RNU6.Pseudogene","RNU6",10,-0.15,9.85,0.916485382361623,1.35322521710111,0.43673983473949,TRUE
"RNU6-450P","RNU6","chr17",59847438,59847544,107,10699,0.0213713703515028,0.211868908133809,0.0071013333333333,0.2879,"pseudogene","pseudogene","RNU6","Pseudogene","gnomad",52,0.485981308411215,296,0.0276661370221516,17.5659257388229,2.29378304108825,"RNU6.Pseudogene","RNU6",10,-0.15,9.85,0.916485382361623,1.35322521710111,0.43673983473949,TRUE
"RNU6-558P","RNU6","chr12",116782105,116782208,104,10400,0.0213713703515028,0.211868908133809,0.0071013333333333,0.2879,"pseudogene","pseudogene","RNU6","Pseudogene","gnomad",49,0.471153846153846,552,0.053076923076923,8.8768115942029,2.2237989061438,"RNU6.Pseudogene","RNU6",10,-0.15,9.85,0.916485382361623,1.35322521710111,0.43673983473949,TRUE
"RNU6-276P","RNU6","chr4",55798636,55798731,96,9600,0.0213713703515028,0.211868908133809,0.0071013333333333,0.2879,"pseudogene","pseudogene","RNU6","Pseudogene","gnomad",45,0.46875,178,0.0185416666666666,25.2808988764045,2.21245299335736,"RNU6.Pseudogene","RNU6",10,-0.15,9.85,0.916485382361623,1.35322521710111,0.43673983473949,TRUE
"RNU6-1292P","RNU6","chr11",85509938,85510044,107,10699,0.0213713703515028,0.211868908133809,0.0071013333333333,0.2879,"pseudogene","pseudogene","RNU6","Pseudogene","gnomad",50,0.467289719626168,395,0.0369193382559117,12.6570448361528,2.20556061643101,"RNU6.Pseudogene","RNU6",10,-0.15,9.85,0.916485382361623,1.35322521710111,0.43673983473949,TRUE
"RNU6-262P","RNU6","chr11",119289562,119289677,116,11600,0.0213713703515028,0.211868908133809,0.0071013333333333,0.2879,"pseudogene","pseudogene","RNU6","Pseudogene","gnomad",54,0.46551724137931,215,0.0185344827586206,25.1162790697674,2.19719469685144,"RNU6.Pseudogene","RNU6",10,-0.15,9.85,0.916485382361623,1.35322521710111,0.43673983473949,TRUE
"RNU6-36P","RNU6","chr12",97721716,97721822,107,10699,0.0213713703515028,0.211868908133809,0.0071013333333333,0.2879,"pseudogene","pseudogene","RNU6","Pseudogene","gnomad",49,0.457943925233645,403,0.0376670716889428,12.157672595719,2.16144940410239,"RNU6.Pseudogene","RNU6",10,-0.15,9.85,0.916485382361623,1.35322521710111,0.43673983473949,TRUE
"RNU6-848P","RNU6","chr2",130622838,130622944,107,10699,0.0213713703515028,0.211868908133809,0.0071013333333333,0.2879,"pseudogene","pseudogene","RNU6","Pseudogene","gnomad",49,0.457943925233645,298,0.0278530703804093,16.4414162955529,2.16144940410239,"RNU6.Pseudogene","RNU6",10,-0.15,9.85,0.916485382361623,1.35322521710111,0.43673983473949,TRUE
"RNU6-1151P","RNU6","chr8",9287472,9287578,107,10699,0.0213713703515028,0.211868908133809,0.0071013333333333,0.2879,"pseudogene","pseudogene","RNU6","Pseudogene","gnomad",49,0.457943925233645,678,0.0633704084493878,7.2264632095498,2.16144940410239,"RNU6.Pseudogene","RNU6",10,-0.15,9.85,0.916485382361623,1.35322521710111,0.43673983473949,TRUE
"RNU6-1175P","RNU6","chr11",70075363,70075469,107,10699,0.0213713703515028,0.211868908133809,0.0071013333333333,0.2879,"pseudogene","pseudogene","RNU6","Pseudogene","gnomad",48,0.448598130841121,257,0.0240209365361248,18.6752972835376,2.11733819177377,"RNU6.Pseudogene","RNU6",10,-0.15,9.85,0.916485382361623,1.35322521710111,0.43673983473949,TRUE
"RNU6-458P","RNU6","chr14",18343038,18343144,107,10699,0.0213713703515028,0.211868908133809,0.0071013333333333,0.2879,"pseudogene","pseudogene","RNU6","Pseudogene","gnomad",48,0.448598130841121,473,0.0442097392279652,10.1470431329158,2.11733819177377,"RNU6.Pseudogene","RNU6",10,-0.15,9.85,0.916485382361623,1.35322521710111,0.43673983473949,TRUE
"RNU6-56P","RNU6","chr13",38779424,38779516,93,9299,0.0213713703515028,0.211868908133809,0.0071013333333333,0.2879,"pseudogene","pseudogene","RNU6","Pseudogene","gnomad",41,0.440860215053763,268,0.0288203032584148,15.2968624618841,2.08081600522212,"RNU6.Pseudogene","RNU6",10,-0.15,9.85,0.916485382361623,1.35322521710111,0.43673983473949,TRUE
"RNU6-1213P","RNU6","chr8",80405516,80405609,94,9400,0.0213713703515028,0.211868908133809,0.0071013333333333,0.2879,"pseudogene","pseudogene","RNU6","Pseudogene","gnomad",41,0.436170212765957,489,0.0520212765957446,8.38445807770961,2.05867966474103,"RNU6.Pseudogene","RNU6",10,-0.15,9.85,0.916485382361623,1.35322521710111,0.43673983473949,TRUE
"RNU6-822P","RNU6","chr3",20268965,20269070,106,10600,0.0213713703515028,0.211868908133809,0.0071013333333333,0.2879,"pseudogene","pseudogene","RNU6","Pseudogene","gnomad",46,0.433962264150943,312,0.0294339622641509,14.7435897435897,2.0482583686931,"RNU6.Pseudogene","RNU6",10,-0.15,9.85,0.916485382361623,1.35322521710111,0.43673983473949,TRUE
"RNU6-985P","RNU6","chrX",137687891,137687994,104,10400,0.0213713703515028,0.211868908133809,0.0071013333333333,0.2879,"pseudogene","pseudogene","RNU6","Pseudogene","gnomad",45,0.432692307692308,227,0.021826923076923,19.8237885462555,2.04226430156064,"RNU6.Pseudogene","RNU6",10,-0.15,9.85,0.916485382361623,1.35322521710111,0.43673983473949,TRUE
"RNU6-1024P","RNU6","chr3",15433110,15433216,107,10699,0.0213713703515028,0.211868908133809,0.0071013333333333,0.2879,"pseudogene","pseudogene","RNU6","Pseudogene","gnomad",46,0.429906542056075,2476,0.231423497523133,1.85766158863406,2.02911576711653,"RNU6.Pseudogene","RNU6",10,-0.15,9.85,0.916485382361623,1.35322521710111,0.43673983473949,TRUE
"RNU6-656P","RNU6","chr8",46831050,46831156,107,10699,0.0213713703515028,0.211868908133809,0.0071013333333333,0.2879,"pseudogene","pseudogene","RNU6","Pseudogene","gnomad",46,0.429906542056075,530,0.0495373399383119,8.67843413859989,2.02911576711653,"RNU6.Pseudogene","RNU6",10,-0.15,9.85,0.916485382361623,1.35322521710111,0.43673983473949,TRUE
"RNU6-218P","RNU6","chr7",6057500,6057604,105,10499,0.0213713703515028,0.211868908133809,0.0071013333333333,0.2879,"pseudogene","pseudogene","RNU6","Pseudogene","gnomad",45,0.428571428571428,4940,0.47052100200019,0.910844418739156,2.0228141653553,"RNU6.Pseudogene","RNU6",10,-0.15,9.85,0.916485382361623,1.35322521710111,0.43673983473949,TRUE
"RNU6-465P","RNU6","chr1",120126974,120127074,101,10099,0.0213713703515028,0.211868908133809,0.0071013333333333,0.2879,"pseudogene","pseudogene","RNU6","Pseudogene","gnomad",5,0.0495049504950495,267,0.0264382612139815,1.87247376423036,0.233658401938731,"RNU6.Pseudogene","RNU6",10,-0.15,9.85,0.916485382361623,1.35322521710111,0.43673983473949,TRUE
"RNU6-1235P","RNU6","chr15",21307749,21307855,107,10699,0.0213713703515028,0.211868908133809,0.0071013333333333,0.2879,"pseudogene","pseudogene","RNU6","Pseudogene","gnomad",4,0.0373831775700934,144,0.0134592017945602,2.77751817237799,0.176444849314481,"RNU6.Pseudogene","RNU6",10,-0.15,9.85,0.916485382361623,1.35322521710111,0.43673983473949,TRUE
"RNU6-1268P","RNU6","chr14",19422815,19422921,107,10699,0.0213713703515028,0.211868908133809,0.0071013333333333,0.2879,"pseudogene","pseudogene","RNU6","Pseudogene","gnomad",3,0.02803738317757,141,0.0131788017571735,2.12746072777888,0.132333636985861,"RNU6.Pseudogene","RNU6",10,-0.15,9.85,0.916485382361623,1.35322521710111,0.43673983473949,TRUE
"RNU6-749P","RNU6","chr15",20855251,20855357,107,10699,0.0213713703515028,0.211868908133809,0.0071013333333333,0.2879,"pseudogene","pseudogene","RNU6","Pseudogene","gnomad",3,0.02803738317757,27,0.00252360033648,11.1100726895119,0.132333636985861,"RNU6.Pseudogene","RNU6",10,-0.15,9.85,0.916485382361623,1.35322521710111,0.43673983473949,TRUE
"RNU6-631P","RNU6","chr15",21866210,21866316,107,10699,0.0213713703515028,0.211868908133809,0.0071013333333333,0.2879,"pseudogene","pseudogene","RNU6","Pseudogene","gnomad",3,0.02803738317757,76,0.0071034676137956,3.94699950811608,0.132333636985861,"RNU6.Pseudogene","RNU6",10,-0.15,9.85,0.916485382361623,1.35322521710111,0.43673983473949,TRUE
"RNU6-18P","RNU6","chr15",32284152,32284258,107,10699,0.0213713703515028,0.211868908133809,0.0071013333333333,0.2879,"pseudogene","pseudogene","RNU6","Pseudogene","gnomad",3,0.02803738317757,149,0.0139265351902046,2.01323464843505,0.132333636985861,"RNU6.Pseudogene","RNU6",10,-0.15,9.85,0.916485382361623,1.35322521710111,0.43673983473949,TRUE
"RNU6-1071P","RNU6","chr1",146288596,146288696,101,10099,0.0213713703515028,0.211868908133809,0.0071013333333333,0.2879,"pseudogene","pseudogene","RNU6","Pseudogene","gnomad",0,0,0,0,0,0,"RNU6.Pseudogene","RNU6",10,-0.15,9.85,0.916485382361623,1.35322521710111,0.43673983473949,TRUE
"RNU6-1171P","RNU6","chr1",148739379,148739479,101,10099,0.0213713703515028,0.211868908133809,0.0071013333333333,0.2879,"pseudogene","pseudogene","RNU6","Pseudogene","gnomad",0,0,0,0,0,0,"RNU6.Pseudogene","RNU6",10,-0.15,9.85,0.916485382361623,1.35322521710111,0.43673983473949,TRUE
"RNU6-1076P","RNU6","chr19",223158,223261,104,10400,0.0213713703515028,0.211868908133809,0.0071013333333333,0.2879,"pseudogene","pseudogene","RNU6","Pseudogene","gnomad",0,0,80,0.0076923076923076,0,0,"RNU6.Pseudogene","RNU6",10,-0.15,9.85,0.916485382361623,1.35322521710111,0.43673983473949,TRUE
"RNU6-1269P","RNU6","chr9",40233923,40234029,107,10699,0.0213713703515028,0.211868908133809,0.0071013333333333,0.2879,"pseudogene","pseudogene","RNU6","Pseudogene","gnomad",0,0,79,0.0073838676511823,0,0,"RNU6.Pseudogene","RNU6",10,-0.15,9.85,0.916485382361623,1.35322521710111,0.43673983473949,TRUE
"RNU6-785P","RNU6","chr9",138259595,138259698,104,10400,0.0213713703515028,0.211868908133809,0.0071013333333333,0.2879,"pseudogene","pseudogene","RNU6","Pseudogene","gnomad",0,0,71,0.006826923076923,0,0,"RNU6.Pseudogene","RNU6",10,-0.15,9.85,0.916485382361623,1.35322521710111,0.43673983473949,TRUE
"RNU4ATAC14P","RNU4ATAC","chr14",75202081,75202169,89,8899,0.0213713703515028,0.211868908133809,0.0071013333333333,0.2879,"pseudogene","pseudogene","RNU4ATAC","Pseudogene","gnomad",33,0.370786516853933,166,0.0186537813237442,19.8772844185732,1.75007517676807,"RNU4ATAC.Pseudogene","RNU4ATAC",9,-0.15,8.85,1.01140708267765,1.27362373374222,0.262216651064576,TRUE
"RNU6ATAC30P","RNU6ATAC","chr14",49684544,49684665,122,12200,0.0213713703515028,0.211868908133809,0.0071013333333333,0.2879,"pseudogene","pseudogene","RNU6ATAC","Pseudogene","gnomad",84,0.688524590163934,356,0.0291803278688524,23.5955056179775,3.24976701975113,"RNU6ATAC.Pseudogene","RNU6ATAC",8,-0.15,7.85,0.887901927367177,1.38600229848419,0.498100371117008,TRUE
"RNU11-5P","RNU11","chr14",29476784,29476912,129,12899,0.0213713703515028,0.211868908133809,0.0071013333333333,0.2879,"pseudogene","pseudogene","RNU11","Pseudogene","gnomad",39,0.302325581395349,410,0.0317854097216838,9.5114577424844,1.4269464267235,"RNU11.Pseudogene","RNU11",7,-0.15,6.85,0.887199195331271,1.06363937333236,0.176440178001092,TRUE
"RN7SL275P","RN7SL","chr4",110117736,110118070,335,33499,0.0213713703515028,0.211868908133809,0.0071013333333333,0.2879,"pseudogene","pseudogene","RN7SL","Pseudogene","gnomad",1207,3.60298507462687,646,0.0192841577360518,186.836527886881,17.0057282418775,"RN7SL.Pseudogene","RN7SL",5,-0.15,4.85,0.981365288142669,1.3621187108992,0.380753422756536,TRUE
"RN7SL440P","RN7SL","chr1",94150738,94151080,343,34299,0.0213713703515028,0.211868908133809,0.0071013333333333,0.2879,"pseudogene","pseudogene","RN7SL","Pseudogene","gnomad",372,1.08454810495627,802,0.0233826059068777,46.3826875958791,5.11895829600116,"RN7SL.Pseudogene","RN7SL",5,-0.15,4.85,0.981365288142669,1.3621187108992,0.380753422756536,TRUE
"RN7SL96P","RN7SL","chr2",38936876,38937158,283,28299,0.0213713703515028,0.211868908133809,0.0071013333333333,0.2879,"pseudogene","pseudogene","RN7SL","Pseudogene","gnomad",300,1.06007067137809,726,0.0256546167709106,41.3208538971469,5.00342726412971,"RN7SL.Pseudogene","RN7SL",5,-0.15,4.85,0.981365288142669,1.3621187108992,0.380753422756536,TRUE
"RN7SL134P","RN7SL","chr16",82844455,82844757,303,30299,0.0213713703515028,0.211868908133809,0.0071013333333333,0.2879,"pseudogene","pseudogene","RN7SL","Pseudogene","gnomad",305,1.00660066006601,1033,0.0340935344400805,29.5246789925846,4.75105417275419,"RN7SL.Pseudogene","RN7SL",5,-0.15,4.85,0.981365288142669,1.3621187108992,0.380753422756536,TRUE
"RN7SL774P","RN7SL","chr17",4364164,4364453,290,29000,0.0213713703515028,0.211868908133809,0.0071013333333333,0.2879,"pseudogene","pseudogene","RN7SL","Pseudogene","gnomad",278,0.958620689655172,1040,0.0358620689655172,26.7307692307692,4.52459352388668,"RN7SL.Pseudogene","RN7SL",5,-0.15,4.85,0.981365288142669,1.3621187108992,0.380753422756536,TRUE
"RN7SL52P","RN7SL","chr21",9902344,9902627,284,28400,0.0213713703515028,0.211868908133809,0.0071013333333333,0.2879,"pseudogene","pseudogene","RN7SL","Pseudogene","gnomad",255,0.897887323943662,2162,0.0761267605633802,11.7946345975948,4.23793812812113,"RN7SL.Pseudogene","RN7SL",5,-0.15,4.85,0.981365288142669,1.3621187108992,0.380753422756536,TRUE
"RN7SL524P","RN7SL","chr10",103974515,103974814,300,30000,0.0213713703515028,0.211868908133809,0.0071013333333333,0.2879,"pseudogene","pseudogene","RN7SL","Pseudogene","gnomad",268,0.893333333333333,762,0.0254,35.1706036745407,4.21644374911838,"RN7SL.Pseudogene","RN7SL",5,-0.15,4.85,0.981365288142669,1.3621187108992,0.380753422756536,TRUE
"RN7SL602P","RN7SL","chr2",34809233,34809556,324,32400,0.0213713703515028,0.211868908133809,0.0071013333333333,0.2879,"pseudogene","pseudogene","RN7SL","Pseudogene","gnomad",252,0.777777777777778,908,0.0280246913580246,27.7533039647577,3.67103311490406,"RN7SL.Pseudogene","RN7SL",5,-0.15,4.85,0.981365288142669,1.3621187108992,0.380753422756536,TRUE
"RN7SL690P","RN7SL","chr20",20316755,20316994,240,24000,0.0213713703515028,0.211868908133809,0.0071013333333333,0.2879,"pseudogene","pseudogene","RN7SL","Pseudogene","gnomad",180,0.75,509,0.0212083333333333,35.3634577603143,3.53992478937177,"RN7SL.Pseudogene","RN7SL",5,-0.15,4.85,0.981365288142669,1.3621187108992,0.380753422756536,TRUE
"RN7SL106P","RN7SL","chr15",23165897,23166186,290,29000,0.0213713703515028,0.211868908133809,0.0071013333333333,0.2879,"pseudogene","pseudogene","RN7SL","Pseudogene","gnomad",214,0.737931034482759,1210,0.0417241379310344,17.6859504132231,3.48296048241636,"RN7SL.Pseudogene","RN7SL",5,-0.15,4.85,0.981365288142669,1.3621187108992,0.380753422756536,TRUE
"RN7SL652P","RN7SL","chr11",47557534,47557833,300,30000,0.0213713703515028,0.211868908133809,0.0071013333333333,0.2879,"pseudogene","pseudogene","RN7SL","Pseudogene","gnomad",215,0.716666666666667,1392,0.0464,15.4454022988506,3.38259479873302,"RN7SL.Pseudogene","RN7SL",5,-0.15,4.85,0.981365288142669,1.3621187108992,0.380753422756536,TRUE
"RN7SL811P","RN7SL","chr6",44209766,44210063,298,29800,0.0213713703515028,0.211868908133809,0.0071013333333333,0.2879,"pseudogene","pseudogene","RN7SL","Pseudogene","gnomad",213,0.714765100671141,581,0.019496644295302,36.6609294320138,3.37361959792477,"RN7SL.Pseudogene","RN7SL",5,-0.15,4.85,0.981365288142669,1.3621187108992,0.380753422756536,TRUE
"RN7SL718P","RN7SL","chr19",41190927,41191229,303,30299,0.0213713703515028,0.211868908133809,0.0071013333333333,0.2879,"pseudogene","pseudogene","RN7SL","Pseudogene","gnomad",195,0.643564356435644,620,0.020462721541965,31.4505748961993,3.0375592252035,"RN7SL.Pseudogene","RN7SL",5,-0.15,4.85,0.981365288142669,1.3621187108992,0.380753422756536,TRUE
"RN7SL536P","RN7SL","chr15",23363272,23363561,290,29000,0.0213713703515028,0.211868908133809,0.0071013333333333,0.2879,"pseudogene","pseudogene","RN7SL","Pseudogene","gnomad",180,0.620689655172414,1276,0.044,14.1065830721003,2.92959292913526,"RN7SL.Pseudogene","RN7SL",5,-0.15,4.85,0.981365288142669,1.3621187108992,0.380753422756536,TRUE
"RN7SL32P","RN7SL","chr2",233205199,233205479,281,28099,0.0213713703515028,0.211868908133809,0.0071013333333333,0.2879,"pseudogene","pseudogene","RN7SL","Pseudogene","gnomad",174,0.619217081850534,668,0.0237730880102494,26.0469772199374,2.92264253072687,"RN7SL.Pseudogene","RN7SL",5,-0.15,4.85,0.981365288142669,1.3621187108992,0.380753422756536,TRUE
"RN7SL154P","RN7SL","chr19",34421988,34422311,324,32400,0.0213713703515028,0.211868908133809,0.0071013333333333,0.2879,"pseudogene","pseudogene","RN7SL","Pseudogene","gnomad",198,0.611111111111111,843,0.0260185185185185,23.4875444839858,2.88438316171033,"RN7SL.Pseudogene","RN7SL",5,-0.15,4.85,0.981365288142669,1.3621187108992,0.380753422756536,TRUE
"RN7SL455P","RN7SL","chr2",43904412,43904693,282,28200,0.0213713703515028,0.211868908133809,0.0071013333333333,0.2879,"pseudogene","pseudogene","RN7SL","Pseudogene","gnomad",172,0.609929078014184,1053,0.0373404255319148,16.3342830009497,2.87880408402811,"RN7SL.Pseudogene","RN7SL",5,-0.15,4.85,0.981365288142669,1.3621187108992,0.380753422756536,TRUE
"RN7SL784P","RN7SL","chr17",4882975,4883316,342,34200,0.0213713703515028,0.211868908133809,0.0071013333333333,0.2879,"pseudogene","pseudogene","RN7SL","Pseudogene","gnomad",205,0.599415204678363,917,0.026812865497076,22.3555070883315,2.82917965622305,"RN7SL.Pseudogene","RN7SL",5,-0.15,4.85,0.981365288142669,1.3621187108992,0.380753422756536,TRUE
"RN7SL123P","RN7SL","chr9",6661651,6661942,292,29200,0.0213713703515028,0.211868908133809,0.0071013333333333,0.2879,"pseudogene","pseudogene","RN7SL","Pseudogene","gnomad",175,0.599315068493151,1164,0.0398630136986301,15.0343642611684,2.82870702347059,"RN7SL.Pseudogene","RN7SL",5,-0.15,4.85,0.981365288142669,1.3621187108992,0.380753422756536,TRUE
"RN7SL121P","RN7SL","chr19",2595019,2595291,273,27299,0.0213713703515028,0.211868908133809,0.0071013333333333,0.2879,"pseudogene","pseudogene","RN7SL","Pseudogene","gnomad",163,0.597069597069597,1026,0.0375837942781786,15.8863576319717,2.81810862352917,"RN7SL.Pseudogene","RN7SL",5,-0.15,4.85,0.981365288142669,1.3621187108992,0.380753422756536,TRUE
"RN7SL759P","RN7SL","chr15",20570886,20571175,290,29000,0.0213713703515028,0.211868908133809,0.0071013333333333,0.2879,"pseudogene","pseudogene","RN7SL","Pseudogene","gnomad",173,0.596551724137931,1135,0.0391379310344827,15.2422907488987,2.81566431522444,"RN7SL.Pseudogene","RN7SL",5,-0.15,4.85,0.981365288142669,1.3621187108992,0.380753422756536,TRUE
"RN7SL491P","RN7SL","chr19",35414881,35415149,269,26899,0.0213713703515028,0.211868908133809,0.0071013333333333,0.2879,"pseudogene","pseudogene","RN7SL","Pseudogene","gnomad",158,0.587360594795539,576,0.0214134354436967,27.4295358323007,2.7722831064225,"RN7SL.Pseudogene","RN7SL",5,-0.15,4.85,0.981365288142669,1.3621187108992,0.380753422756536,TRUE
"RN7SL474P","RN7SL","chr8",16863196,16863496,301,30099,0.0213713703515028,0.211868908133809,0.0071013333333333,0.2879,"pseudogene","pseudogene","RN7SL","Pseudogene","gnomad",175,0.581395348837209,913,0.0303332336622479,19.1669426118852,2.74412774369905,"RN7SL.Pseudogene","RN7SL",5,-0.15,4.85,0.981365288142669,1.3621187108992,0.380753422756536,TRUE
"RN7SL131P","RN7SL","chr1",36191915,36192170,256,25600,0.0213713703515028,0.211868908133809,0.0071013333333333,0.2879,"pseudogene","pseudogene","RN7SL","Pseudogene","gnomad",148,0.578125,978,0.038203125,15.1329243353783,2.72869202514074,"RN7SL.Pseudogene","RN7SL",5,-0.15,4.85,0.981365288142669,1.3621187108992,0.380753422756536,TRUE
"RN7SL339P","RN7SL","chr5",171359117,171359412,296,29600,0.0213713703515028,0.211868908133809,0.0071013333333333,0.2879,"pseudogene","pseudogene","RN7SL","Pseudogene","gnomad",168,0.567567567567568,687,0.0232094594594594,24.4541484716157,2.67886200276783,"RN7SL.Pseudogene","RN7SL",5,-0.15,4.85,0.981365288142669,1.3621187108992,0.380753422756536,TRUE
"RN7SL451P","RN7SL","chr1",8979576,8979874,299,29899,0.0213713703515028,0.211868908133809,0.0071013333333333,0.2879,"pseudogene","pseudogene","RN7SL","Pseudogene","gnomad",169,0.565217391304348,1192,0.0398675540987992,14.1773781733294,2.66776940648307,"RN7SL.Pseudogene","RN7SL",5,-0.15,4.85,0.981365288142669,1.3621187108992,0.380753422756536,TRUE
"RN7SL429P","RN7SL","chr15",74072454,74072676,223,22299,0.0213713703515028,0.211868908133809,0.0071013333333333,0.2879,"pseudogene","pseudogene","RN7SL","Pseudogene","gnomad",126,0.565022421524664,1219,0.0546661285259428,10.3358777502695,2.6668491686747,"RN7SL.Pseudogene","RN7SL",5,-0.15,4.85,0.981365288142669,1.3621187108992,0.380753422756536,TRUE
"RN7SL371P","RN7SL","chr1",30918469,30918735,267,26699,0.0213713703515028,0.211868908133809,0.0071013333333333,0.2879,"pseudogene","pseudogene","RN7SL","Pseudogene","gnomad",148,0.554307116104869,731,0.0273793025956028,20.2454797440272,2.61627400163307,"RN7SL.Pseudogene","RN7SL",5,-0.15,4.85,0.981365288142669,1.3621187108992,0.380753422756536,TRUE
"RN7SL163P","RN7SL","chr21",17506453,17506728,276,27600,0.0213713703515028,0.211868908133809,0.0071013333333333,0.2879,"pseudogene","pseudogene","RN7SL","Pseudogene","gnomad",152,0.550724637681159,845,0.0306159420289855,17.9881656804734,2.5993650627271,"RN7SL.Pseudogene","RN7SL",5,-0.15,4.85,0.981365288142669,1.3621187108992,0.380753422756536,TRUE
"RN7SL190P","RN7SL","chrX",123811331,123811587,257,25699,0.0213713703515028,0.211868908133809,0.0071013333333333,0.2879,"pseudogene","pseudogene","RN7SL","Pseudogene","gnomad",141,0.54863813229572,906,0.0352542900501965,15.5623083464323,2.58951696654433,"RN7SL.Pseudogene","RN7SL",5,-0.15,4.85,0.981365288142669,1.3621187108992,0.380753422756536,TRUE
"RN7SL847P","RN7SL","chr10",33034655,33034924,270,27000,0.0213713703515028,0.211868908133809,0.0071013333333333,0.2879,"pseudogene","pseudogene","RN7SL","Pseudogene","gnomad",146,0.540740740740741,503,0.0186296296296296,29.0258449304175,2.55224207036187,"RN7SL.Pseudogene","RN7SL",5,-0.15,4.85,0.981365288142669,1.3621187108992,0.380753422756536,TRUE
"RN7SL850P","RN7SL","chr16",4633591,4633881,291,29099,0.0213713703515028,0.211868908133809,0.0071013333333333,0.2879,"pseudogene","pseudogene","RN7SL","Pseudogene","gnomad",155,0.532646048109966,871,0.0299323000790405,17.7950256646979,2.51403593288717,"RN7SL.Pseudogene","RN7SL",5,-0.15,4.85,0.981365288142669,1.3621187108992,0.380753422756536,TRUE
"RN7SL317P","RN7SL","chr19",53629713,53630041,329,32899,0.0213713703515028,0.211868908133809,0.0071013333333333,0.2879,"pseudogene","pseudogene","RN7SL","Pseudogene","gnomad",173,0.525835866261398,892,0.027113286118119,19.3940293319885,2.48189255749267,"RN7SL.Pseudogene","RN7SL",5,-0.15,4.85,0.981365288142669,1.3621187108992,0.380753422756536,TRUE
"RN7SL622P","RN7SL","chr17",67977698,67977972,275,27499,0.0213713703515028,0.211868908133809,0.0071013333333333,0.2879,"pseudogene","pseudogene","RN7SL","Pseudogene","gnomad",144,0.523636363636364,1103,0.0401105494745263,13.0548289788181,2.47151112567047,"RN7SL.Pseudogene","RN7SL",5,-0.15,4.85,0.981365288142669,1.3621187108992,0.380753422756536,TRUE
"RN7SL853P","RN7SL","chr15",72664577,72664799,223,22299,0.0213713703515028,0.211868908133809,0.0071013333333333,0.2879,"pseudogene","pseudogene","RN7SL","Pseudogene","gnomad",115,0.515695067264574,1004,0.0450244405578725,11.453669626427,2.43402900315548,"RN7SL.Pseudogene","RN7SL",5,-0.15,4.85,0.981365288142669,1.3621187108992,0.380753422756536,TRUE
"RN7SL628P","RN7SL","chr15",30612724,30612960,237,23699,0.0213713703515028,0.211868908133809,0.0071013333333333,0.2879,"pseudogene","pseudogene","RN7SL","Pseudogene","gnomad",121,0.510548523206751,1151,0.0485674501033798,10.5121541715698,2.4097378313023,"RN7SL.Pseudogene","RN7SL",5,-0.15,4.85,0.981365288142669,1.3621187108992,0.380753422756536,TRUE
"RN7SL318P","RN7SL","chr8",5142411,5142707,297,29699,0.0213713703515028,0.211868908133809,0.0071013333333333,0.2879,"pseudogene","pseudogene","RN7SL","Pseudogene","gnomad",148,0.498316498316498,1671,0.0562645206909323,8.85667365858868,2.35200390045801,"RN7SL.Pseudogene","RN7SL",5,-0.15,4.85,0.981365288142669,1.3621187108992,0.380753422756536,TRUE
"RN7SL387P","RN7SL","chr12",110625645,110625917,273,27299,0.0213713703515028,0.211868908133809,0.0071013333333333,0.2879,"pseudogene","pseudogene","RN7SL","Pseudogene","gnomad",136,0.498168498168498,737,0.0269973259093739,18.4525126614679,2.35130535460103,"RN7SL.Pseudogene","RN7SL",5,-0.15,4.85,0.981365288142669,1.3621187108992,0.380753422756536,TRUE
"RN7SL719P","RN7SL","chr15",28703554,28703790,237,23699,0.0213713703515028,0.211868908133809,0.0071013333333333,0.2879,"pseudogene","pseudogene","RN7SL","Pseudogene","gnomad",118,0.49789029535865,1042,0.0439680999198278,11.3238983778355,2.34999226523696,"RN7SL.Pseudogene","RN7SL",5,-0.15,4.85,0.981365288142669,1.3621187108992,0.380753422756536,TRUE
"RN7SL787P","RN7SL","chr9",67791499,67791782,284,28400,0.0213713703515028,0.211868908133809,0.0071013333333333,0.2879,"pseudogene","pseudogene","RN7SL","Pseudogene","gnomad",139,0.48943661971831,1281,0.0451056338028169,10.8508977361436,2.31009176395623,"RN7SL.Pseudogene","RN7SL",5,-0.15,4.85,0.981365288142669,1.3621187108992,0.380753422756536,TRUE
"RN7SL238P","RN7SL","chr15",28387196,28387485,290,29000,0.0213713703515028,0.211868908133809,0.0071013333333333,0.2879,"pseudogene","pseudogene","RN7SL","Pseudogene","gnomad",138,0.475862068965517,332,0.0114482758620689,41.566265060241,2.24602124567036,"RN7SL.Pseudogene","RN7SL",5,-0.15,4.85,0.981365288142669,1.3621187108992,0.380753422756536,TRUE
"RN7SL584P","RN7SL","chr15",20095733,20096029,297,29699,0.0213713703515028,0.211868908133809,0.0071013333333333,0.2879,"pseudogene","pseudogene","RN7SL","Pseudogene","gnomad",139,0.468013468013468,1051,0.035388396915721,13.2250542212483,2.20897663624097,"RN7SL.Pseudogene","RN7SL",5,-0.15,4.85,0.981365288142669,1.3621187108992,0.380753422756536,TRUE
"RN7SL417P","RN7SL","chr15",84394072,84394336,265,26499,0.0213713703515028,0.211868908133809,0.0071013333333333,0.2879,"pseudogene","pseudogene","RN7SL","Pseudogene","gnomad",124,0.467924528301887,1420,0.0535869278085965,8.73206484188148,2.20855684972126,"RN7SL.Pseudogene","RN7SL",5,-0.15,4.85,0.981365288142669,1.3621187108992,0.380753422756536,TRUE
"RN7SL376P","RN7SL","chr15",40615665,40615928,264,26400,0.0213713703515028,0.211868908133809,0.0071013333333333,0.2879,"pseudogene","pseudogene","RN7SL","Pseudogene","gnomad",123,0.465909090909091,623,0.0235984848484848,19.7431781701445,2.19904418733701,"RN7SL.Pseudogene","RN7SL",5,-0.15,4.85,0.981365288142669,1.3621187108992,0.380753422756536,TRUE
"RN7SL66P","RN7SL","chr2",10280628,10280891,264,26400,0.0213713703515028,0.211868908133809,0.0071013333333333,0.2879,"pseudogene","pseudogene","RN7SL","Pseudogene","gnomad",121,0.458333333333333,907,0.0343560606060606,13.3406835722161,2.16328737128275,"RN7SL.Pseudogene","RN7SL",5,-0.15,4.85,0.981365288142669,1.3621187108992,0.380753422756536,TRUE
"RN7SL560P","RN7SL","chr9",128709780,128710043,264,26400,0.0213713703515028,0.211868908133809,0.0071013333333333,0.2879,"pseudogene","pseudogene","RN7SL","Pseudogene","gnomad",121,0.458333333333333,852,0.0322727272727272,14.2018779342723,2.16328737128275,"RN7SL.Pseudogene","RN7SL",5,-0.15,4.85,0.981365288142669,1.3621187108992,0.380753422756536,TRUE
"RN7SL82P","RN7SL","chr15",30800160,30800396,237,23699,0.0213713703515028,0.211868908133809,0.0071013333333333,0.2879,"pseudogene","pseudogene","RN7SL","Pseudogene","gnomad",108,0.455696202531646,805,0.0339676779610954,13.4155829860838,2.15084037835247,"RN7SL.Pseudogene","RN7SL",5,-0.15,4.85,0.981365288142669,1.3621187108992,0.380753422756536,TRUE
"RN7SL469P","RN7SL","chr15",30143733,30143969,237,23699,0.0213713703515028,0.211868908133809,0.0071013333333333,0.2879,"pseudogene","pseudogene","RN7SL","Pseudogene","gnomad",106,0.447257383966245,956,0.0403392548208785,11.0873982663348,2.11101000097557,"RN7SL.Pseudogene","RN7SL",5,-0.15,4.85,0.981365288142669,1.3621187108992,0.380753422756536,TRUE
"RN7SL635P","RN7SL","chr2",65545401,65545696,296,29600,0.0213713703515028,0.211868908133809,0.0071013333333333,0.2879,"pseudogene","pseudogene","RN7SL","Pseudogene","gnomad",132,0.445945945945946,1061,0.0358445945945945,12.4410933081998,2.10482014503186,"RN7SL.Pseudogene","RN7SL",5,-0.15,4.85,0.981365288142669,1.3621187108992,0.380753422756536,TRUE
"RN7SL832P","RN7SL","chr2",10690344,10692099,1756,175600,0.0213713703515028,0.211868908133809,0.0071013333333333,0.2879,"pseudogene","pseudogene","RN7SL","Pseudogene","gnomad",766,0.43621867881549,5829,0.0331947608200455,13.1411905987305,2.05890841963461,"RN7SL.Pseudogene","RN7SL",5,-0.15,4.85,0.981365288142669,1.3621187108992,0.380753422756536,TRUE
"RN7SL835P","RN7SL","chr19",16907462,16907723,262,26200,0.0213713703515028,0.211868908133809,0.0071013333333333,0.2879,"pseudogene","pseudogene","RN7SL","Pseudogene","gnomad",114,0.435114503816794,2076,0.079236641221374,5.49132947976879,2.05369682436836,"RN7SL.Pseudogene","RN7SL",5,-0.15,4.85,0.981365288142669,1.3621187108992,0.380753422756536,TRUE
"RN7SL693P","RN7SL","chr19",58490797,58491075,279,27899,0.0213713703515028,0.211868908133809,0.0071013333333333,0.2879,"pseudogene","pseudogene","RN7SL","Pseudogene","gnomad",121,0.433691756272401,1037,0.0371697910319366,11.6678556492225,2.04698159863314,"RN7SL.Pseudogene","RN7SL",5,-0.15,4.85,0.981365288142669,1.3621187108992,0.380753422756536,TRUE
"RN7SL673P","RN7SL","chr15",30091662,30091898,237,23699,0.0213713703515028,0.211868908133809,0.0071013333333333,0.2879,"pseudogene","pseudogene","RN7SL","Pseudogene","gnomad",102,0.430379746835443,1086,0.045824718342546,9.39186889526074,2.03134924622178,"RN7SL.Pseudogene","RN7SL",5,-0.15,4.85,0.981365288142669,1.3621187108992,0.380753422756536,TRUE
"RN7SL531P","RN7SL","chr2",43492032,43492313,282,28200,0.0213713703515028,0.211868908133809,0.0071013333333333,0.2879,"pseudogene","pseudogene","RN7SL","Pseudogene","gnomad",120,0.425531914893617,618,0.0219148936170212,19.4174757281553,2.008467965601,"RN7SL.Pseudogene","RN7SL",5,-0.15,4.85,0.981365288142669,1.3621187108992,0.380753422756536,TRUE
"RN7SL525P","RN7SL","chr19",58543299,58543578,280,28000,0.0213713703515028,0.211868908133809,0.0071013333333333,0.2879,"pseudogene","pseudogene","RN7SL","Pseudogene","gnomad",119,0.425,1375,0.0491071428571428,8.65454545454545,2.005957380644,"RN7SL.Pseudogene","RN7SL",5,-0.15,4.85,0.981365288142669,1.3621187108992,0.380753422756536,TRUE
"RN7SL151P","RN7SL","chr9",21699314,21699596,283,28299,0.0213713703515028,0.211868908133809,0.0071013333333333,0.2879,"pseudogene","pseudogene","RN7SL","Pseudogene","gnomad",119,0.420494699646643,1138,0.0402134351037139,10.4565725002639,1.98469281477145,"RN7SL.Pseudogene","RN7SL",5,-0.15,4.85,0.981365288142669,1.3621187108992,0.380753422756536,TRUE
"RN7SL670P","RN7SL","chr2",203259604,203259897,294,29400,0.0213713703515028,0.211868908133809,0.0071013333333333,0.2879,"pseudogene","pseudogene","RN7SL","Pseudogene","gnomad",123,0.418367346938775,653,0.0222108843537414,18.8361408882083,1.97465192332303,"RN7SL.Pseudogene","RN7SL",5,-0.15,4.85,0.981365288142669,1.3621187108992,0.380753422756536,TRUE
"RN7SL185P","RN7SL","chr15",32394365,32394613,249,24899,0.0213713703515028,0.211868908133809,0.0071013333333333,0.2879,"pseudogene","pseudogene","RN7SL","Pseudogene","gnomad",104,0.417670682730924,1141,0.0458251335394995,9.11444551210979,1.97136373812404,"RN7SL.Pseudogene","RN7SL",5,-0.15,4.85,0.981365288142669,1.3621187108992,0.380753422756536,TRUE
"RN7SL5P","RN7SL","chr9",9442060,9442380,321,32099,0.0213713703515028,0.211868908133809,0.0071013333333333,0.2879,"pseudogene","pseudogene","RN7SL","Pseudogene","gnomad",133,0.414330218068536,963,0.0300009346085547,13.8105770195036,1.95559707990216,"RN7SL.Pseudogene","RN7SL",5,-0.15,4.85,0.981365288142669,1.3621187108992,0.380753422756536,TRUE
"RN7SL174P","RN7SL","chr5",119306343,119306631,289,28899,0.0213713703515028,0.211868908133809,0.0071013333333333,0.2879,"pseudogene","pseudogene","RN7SL","Pseudogene","gnomad",119,0.411764705882353,9005,0.31160247759438,1.32144233595715,1.94348811965509,"RN7SL.Pseudogene","RN7SL",5,-0.15,4.85,0.981365288142669,1.3621187108992,0.380753422756536,TRUE
"RN7SL722P","RN7SL","chr9",61789143,61789426,284,28400,0.0213713703515028,0.211868908133809,0.0071013333333333,0.2879,"pseudogene","pseudogene","RN7SL","Pseudogene","gnomad",6,0.0211267605633802,147,0.0051760563380281,4.08163265306122,0.099716191249909,"RN7SL.Pseudogene","RN7SL",5,-0.15,4.85,0.981365288142669,1.3621187108992,0.380753422756536,TRUE
"RN7SL640P","RN7SL","chr9",39191100,39191360,261,26099,0.0213713703515028,0.211868908133809,0.0071013333333333,0.2879,"pseudogene","pseudogene","RN7SL","Pseudogene","gnomad",4,0.0153256704980842,3,0.0001149469328326,133.328224776501,0.0723356278798829,"RN7SL.Pseudogene","RN7SL",5,-0.15,4.85,0.981365288142669,1.3621187108992,0.380753422756536,TRUE
"RN7SL656P","RN7SL","chr17",46319679,46319959,281,28099,0.0213713703515028,0.211868908133809,0.0071013333333333,0.2879,"pseudogene","pseudogene","RN7SL","Pseudogene","gnomad",2,0.0071174377224199,647,0.023025730453041,0.309108010142624,0.0335935923072054,"RN7SL.Pseudogene","RN7SL",5,-0.15,4.85,0.981365288142669,1.3621187108992,0.380753422756536,TRUE
"RN7SL199P","RN7SL","chr17",46537534,46537814,281,28099,0.0213713703515028,0.211868908133809,0.0071013333333333,0.2879,"pseudogene","pseudogene","RN7SL","Pseudogene","gnomad",2,0.0071174377224199,533,0.0189686465710523,0.375221168034292,0.0335935923072054,"RN7SL.Pseudogene","RN7SL",5,-0.15,4.85,0.981365288142669,1.3621187108992,0.380753422756536,TRUE
"RN7SL331P","RN7SL","chr15",84205454,84205700,247,24699,0.0213713703515028,0.211868908133809,0.0071013333333333,0.2879,"pseudogene","pseudogene","RN7SL","Pseudogene","gnomad",0,0,78,0.0031580225920077,0,0,"RN7SL.Pseudogene","RN7SL",5,-0.15,4.85,0.981365288142669,1.3621187108992,0.380753422756536,TRUE
"RN7SL763P","RN7SL","chr9",39886861,39887144,284,28400,0.0213713703515028,0.211868908133809,0.0071013333333333,0.2879,"pseudogene","pseudogene","RN7SL","Pseudogene","gnomad",0,0,11,0.0003873239436619,0,0,"RN7SL.Pseudogene","RN7SL",5,-0.15,4.85,0.981365288142669,1.3621187108992,0.380753422756536,TRUE
"RN7SL544P","RN7SL","chr9",62363581,62363864,284,28400,0.0213713703515028,0.211868908133809,0.0071013333333333,0.2879,"pseudogene","pseudogene","RN7SL","Pseudogene","gnomad",0,0,246,0.0086619718309859,0,0,"RN7SL.Pseudogene","RN7SL",5,-0.15,4.85,0.981365288142669,1.3621187108992,0.380753422756536,TRUE
"TRS-ACT1-1","TRNA","chr6",27293892,27293965,74,7400,0.0213713703515028,0.211868908133809,0.0071013333333333,0.2879,"pseudogene","pseudogene","TRNA","Pseudogene","gnomad",90,1.21621621621622,756,0.102162162162162,11.9047619047619,5.74041857735963,"TRNA.Pseudogene","TRNA",4,-0.15,3.85,0.958959012341418,1.72079677261128,0.76183776026986,TRUE
"TRV-CAC11-2","TRNA","chr1",16860198,16860270,73,7299,0.0213713703515028,0.211868908133809,0.0071013333333333,0.2879,"pseudogene","pseudogene","TRNA","Pseudogene","gnomad",88,1.20547945205479,843,0.115495273325113,10.4374786720616,5.68974212720942,"TRNA.Pseudogene","TRNA",4,-0.15,3.85,0.958959012341418,1.72079677261128,0.76183776026986,TRUE
"TRV-CAC11-1","TRNA","chr1",16547665,16547737,73,7299,0.0213713703515028,0.211868908133809,0.0071013333333333,0.2879,"pseudogene","pseudogene","TRNA","Pseudogene","gnomad",82,1.12328767123288,1018,0.139471160432936,8.05390639717954,5.3018051639906,"TRNA.Pseudogene","TRNA",4,-0.15,3.85,0.958959012341418,1.72079677261128,0.76183776026986,TRUE
"TRQ-CTG9-1","TRNA","chr1",148353561,148353632,72,7200,0.0213713703515028,0.211868908133809,0.0071013333333333,0.2879,"pseudogene","pseudogene","TRNA","Pseudogene","gnomad",58,0.805555555555556,241,0.0334722222222222,24.0663900414938,3.80214144043635,"TRNA.Pseudogene","TRNA",4,-0.15,3.85,0.958959012341418,1.72079677261128,0.76183776026986,TRUE
"TRE-TTC6-1","TRNA","chr1",148308922,148308993,72,7200,0.0213713703515028,0.211868908133809,0.0071013333333333,0.2879,"pseudogene","pseudogene","TRNA","Pseudogene","gnomad",54,0.75,191,0.0265277777777777,28.2722513089005,3.53992478937177,"TRNA.Pseudogene","TRNA",4,-0.15,3.85,0.958959012341418,1.72079677261128,0.76183776026986,TRUE
"TRA-TGC9-1","TRNA","chr6",28634082,28634153,72,7200,0.0213713703515028,0.211868908133809,0.0071013333333333,0.2879,"pseudogene","pseudogene","TRNA","Pseudogene","gnomad",52,0.722222222222222,210,0.0291666666666666,24.7619047619048,3.40881646383948,"TRNA.Pseudogene","TRNA",4,-0.15,3.85,0.958959012341418,1.72079677261128,0.76183776026986,TRUE
"TRK-CTT14-1","TRNA","chr16",3196153,3196225,73,7299,0.0213713703515028,0.211868908133809,0.0071013333333333,0.2879,"pseudogene","pseudogene","TRNA","Pseudogene","gnomad",46,0.63013698630137,219,0.0300041101520756,21.0016888722087,2.97418338467765,"TRNA.Pseudogene","TRNA",4,-0.15,3.85,0.958959012341418,1.72079677261128,0.76183776026986,TRUE
"TRMT112P8","TRNA","chr22",35501861,35503586,1726,172600,0.0213713703515028,0.211868908133809,0.0071013333333333,0.2879,"pseudogene","pseudogene","TRNA","Pseudogene","gnomad",1066,0.617612977983778,4100,0.0237543453070683,26,2.91507132133666,"TRNA.Pseudogene","TRNA",4,-0.15,3.85,0.958959012341418,1.72079677261128,0.76183776026986,TRUE
"TRE-TTC10-1","TRNA","chr1",145176839,145177111,273,27299,0.0213713703515028,0.211868908133809,0.0071013333333333,0.2879,"pseudogene","pseudogene","TRNA","Pseudogene","gnomad",168,0.615384615384615,1076,0.0394153632001172,15.6128109808407,2.90455367333068,"TRNA.Pseudogene","TRNA",4,-0.15,3.85,0.958959012341418,1.72079677261128,0.76183776026986,TRUE
"RN7SKP261","RN7SK","chr12",80343515,80343792,278,27800,0.0213713703515028,0.211868908133809,0.0071013333333333,0.2879,"pseudogene","pseudogene","RN7SK","Pseudogene","gnomad",448,1.61151079136691,1560,0.056115107913669,28.7179487179487,7.60616933159977,"RN7SK.Pseudogene","RN7SK",3,-0.15,2.85,0.981213561907644,1.25273590792302,0.271522346015377,TRUE
"RN7SKP247","RN7SK","chr1",81251789,81252096,308,30800,0.0213713703515028,0.211868908133809,0.0071013333333333,0.2879,"pseudogene","pseudogene","RN7SK","Pseudogene","gnomad",274,0.88961038961039,687,0.0223051948051948,39.8835516739447,4.198871828086,"RN7SK.Pseudogene","RN7SK",3,-0.15,2.85,0.981213561907644,1.25273590792302,0.271522346015377,TRUE
"RN7SKP221","RN7SK","chr22",21545344,21545644,301,30099,0.0213713703515028,0.211868908133809,0.0071013333333333,0.2879,"pseudogene","pseudogene","RN7SK","Pseudogene","gnomad",188,0.624584717607973,706,0.0234559287683976,26.6280105032329,2.94797723323098,"RN7SK.Pseudogene","RN7SK",3,-0.15,2.85,0.981213561907644,1.25273590792302,0.271522346015377,TRUE
"RN7SKP63","RN7SK","chr22",21389191,21389491,301,30099,0.0213713703515028,0.211868908133809,0.0071013333333333,0.2879,"pseudogene","pseudogene","RN7SK","Pseudogene","gnomad",161,0.534883720930233,722,0.0239875078906275,22.2984281388907,2.52459752420312,"RN7SK.Pseudogene","RN7SK",3,-0.15,2.85,0.981213561907644,1.25273590792302,0.271522346015377,TRUE
"RN7SKP176","RN7SK","chr16",81961926,81962243,318,31800,0.0213713703515028,0.211868908133809,0.0071013333333333,0.2879,"pseudogene","pseudogene","RN7SK","Pseudogene","gnomad",158,0.49685534591195,913,0.0287106918238993,17.3055859802848,2.34510740763413,"RN7SK.Pseudogene","RN7SK",3,-0.15,2.85,0.981213561907644,1.25273590792302,0.271522346015377,TRUE
"RN7SKP159","RN7SK","chr8",5910945,5911236,292,29200,0.0213713703515028,0.211868908133809,0.0071013333333333,0.2879,"pseudogene","pseudogene","RN7SK","Pseudogene","gnomad",145,0.496575342465753,1160,0.0397260273972602,12.5,2.34378581944706,"RN7SK.Pseudogene","RN7SK",3,-0.15,2.85,0.981213561907644,1.25273590792302,0.271522346015377,TRUE
"RN7SKP80","RN7SK","chr22",42565048,42565330,283,28299,0.0213713703515028,0.211868908133809,0.0071013333333333,0.2879,"pseudogene","pseudogene","RN7SK","Pseudogene","gnomad",132,0.46643109540636,1435,0.0507085056009046,9.19828123268613,2.20150799621707,"RN7SK.Pseudogene","RN7SK",3,-0.15,2.85,0.981213561907644,1.25273590792302,0.271522346015377,TRUE
"RN7SKP188","RN7SK","chr4",167662986,167663302,317,31699,0.0213713703515028,0.211868908133809,0.0071013333333333,0.2879,"pseudogene","pseudogene","RN7SK","Pseudogene","gnomad",139,0.438485804416404,1192,0.0376037098962112,11.6607059682849,2.06960902512167,"RN7SK.Pseudogene","RN7SK",3,-0.15,2.85,0.981213561907644,1.25273590792302,0.271522346015377,TRUE
"RN7SKP64","RN7SK","chr5",139333038,139333365,328,32800,0.0213713703515028,0.211868908133809,0.0071013333333333,0.2879,"pseudogene","pseudogene","RN7SK","Pseudogene","gnomad",139,0.423780487804878,917,0.0279573170731707,15.1581243184297,2.00020140537673,"RN7SK.Pseudogene","RN7SK",3,-0.15,2.85,0.981213561907644,1.25273590792302,0.271522346015377,TRUE
"RN7SKP281","RN7SK","chr2",157298807,157299158,352,35200,0.0213713703515028,0.211868908133809,0.0071013333333333,0.2879,"pseudogene","pseudogene","RN7SK","Pseudogene","gnomad",139,0.394886363636364,640,0.0181818181818181,21.71875,1.86382403682832,"RN7SK.Pseudogene","RN7SK",3,-0.15,2.85,0.981213561907644,1.25273590792302,0.271522346015377,TRUE
"RN7SKP203","RN7SK","chr2",76445079,76445410,332,33200,0.0213713703515028,0.211868908133809,0.0071013333333333,0.2879,"pseudogene","pseudogene","RN7SK","Pseudogene","gnomad",129,0.38855421686747,920,0.0277108433734939,14.0217391304348,1.83393693907212,"RN7SK.Pseudogene","RN7SK",3,-0.15,2.85,0.981213561907644,1.25273590792302,0.271522346015377,TRUE
"RN7SKP187","RN7SK","chr7",112288623,112288952,330,33000,0.0213713703515028,0.211868908133809,0.0071013333333333,0.2879,"pseudogene","pseudogene","RN7SK","Pseudogene","gnomad",122,0.36969696969697,708,0.0214545454545454,17.2316384180791,1.7449326234479,"RN7SK.Pseudogene","RN7SK",3,-0.15,2.85,0.981213561907644,1.25273590792302,0.271522346015377,TRUE
"RN7SKP38","RN7SK","chr2",218500729,218501037,309,30899,0.0213713703515028,0.211868908133809,0.0071013333333333,0.2879,"pseudogene","pseudogene","RN7SK","Pseudogene","gnomad",112,0.362459546925566,671,0.0217159131363474,16.690965037933,1.7107727137417,"RN7SK.Pseudogene","RN7SK",3,-0.15,2.85,0.981213561907644,1.25273590792302,0.271522346015377,TRUE
"RN7SKP85","RN7SK","chr8",98921233,98921550,318,31800,0.0213713703515028,0.211868908133809,0.0071013333333333,0.2879,"pseudogene","pseudogene","RN7SK","Pseudogene","gnomad",115,0.361635220125786,567,0.0178301886792452,20.2821869488536,1.70688197391092,"RN7SK.Pseudogene","RN7SK",3,-0.15,2.85,0.981213561907644,1.25273590792302,0.271522346015377,TRUE
"RN7SKP35","RN7SK","chr4",151576766,151576916,151,15099,0.0213713703515028,0.211868908133809,0.0071013333333333,0.2879,"pseudogene","pseudogene","RN7SK","Pseudogene","gnomad",18,0.119205298013245,3126,0.207033578382674,0.575777605470885,0.562637052615381,"RN7SK.Pseudogene","RN7SK",3,-0.15,2.85,0.981213561907644,1.25273590792302,0.271522346015377,TRUE
"RN7SKP88","RN7SK","chr1",148839483,148839732,250,25000,0.0213713703515028,0.211868908133809,0.0071013333333333,0.2879,"pseudogene","pseudogene","RN7SK","Pseudogene","gnomad",0,0,423,0.01692,0,0,"RN7SK.Pseudogene","RN7SK",3,-0.15,2.85,0.981213561907644,1.25273590792302,0.271522346015377,TRUE
"RNU7-1","RNU7","chr12",6943816,6943878,63,6299,0.0213713703515028,0.211868908133809,0.0071013333333333,0.2879,"RNA, small nuclear","functional","RNU7","Functional","gnomad",161,2.55555555555556,653,0.103667248769646,24.6515228858261,12.0619659489705,"RNU7.Functional","RNU7",2,0.15,2.15,0.941596156095521,1.27274445198566,0.331148295890143,TRUE
"RNU7-40P","RNU7","chr12",56352387,56352450,64,6400,0.0213713703515028,0.211868908133809,0.0071013333333333,0.2879,"pseudogene","pseudogene","RNU7","Pseudogene","gnomad",69,1.078125,340,0.053125,20.2941176470588,5.08864188472192,"RNU7.Pseudogene","RNU7",2,-0.15,1.85,0.818447284861544,1.29864845772756,0.480201172866012,TRUE
"RNU7-41P","RNU7","chr14",34845300,34845360,61,6099,0.0213713703515028,0.211868908133809,0.0071013333333333,0.2879,"pseudogene","pseudogene","RNU7","Pseudogene","gnomad",43,0.704918032786885,214,0.0350877192982456,20.0901639344262,3.3271424249833,"RNU7.Pseudogene","RNU7",2,-0.15,1.85,0.818447284861544,1.29864845772756,0.480201172866012,TRUE
"RNU7-49P","RNU7","chr11",14478892,14478953,62,6200,0.0213713703515028,0.211868908133809,0.0071013333333333,0.2879,"pseudogene","pseudogene","RNU7","Pseudogene","gnomad",40,0.645161290322581,220,0.0354838709677419,18.1818181818182,3.04509659300797,"RNU7.Pseudogene","RNU7",2,-0.15,1.85,0.818447284861544,1.29864845772756,0.480201172866012,TRUE
"RNU7-180P","RNU7","chr5",146245191,146245253,63,6299,0.0213713703515028,0.211868908133809,0.0071013333333333,0.2879,"pseudogene","pseudogene","RNU7","Pseudogene","gnomad",34,0.53968253968254,1567,0.248769645975552,2.16940671184449,2.54724746748445,"RNU7.Pseudogene","RNU7",2,-0.15,1.85,0.818447284861544,1.29864845772756,0.480201172866012,TRUE
"RNU7-128P","RNU7","chr3",48180328,48180389,62,6200,0.0213713703515028,0.211868908133809,0.0071013333333333,0.2879,"pseudogene","pseudogene","RNU7","Pseudogene","gnomad",32,0.516129032258065,140,0.0225806451612903,22.8571428571429,2.43607727440638,"RNU7.Pseudogene","RNU7",2,-0.15,1.85,0.818447284861544,1.29864845772756,0.480201172866012,TRUE
"RNU7-115P","RNU7","chr17",64825765,64825819,55,5499,0.0213713703515028,0.211868908133809,0.0071013333333333,0.2879,"pseudogene","pseudogene","RNU7","Pseudogene","gnomad",28,0.509090909090909,146,0.0265502818694308,19.1745952677459,2.40285803884629,"RNU7.Pseudogene","RNU7",2,-0.15,1.85,0.818447284861544,1.29864845772756,0.480201172866012,TRUE
"RNU7-10P","RNU7","chr3",17664963,17665025,63,6299,0.0213713703515028,0.211868908133809,0.0071013333333333,0.2879,"pseudogene","pseudogene","RNU7","Pseudogene","gnomad",32,0.507936507936508,221,0.0350849341165264,14.4773396538102,2.39740938116183,"RNU7.Pseudogene","RNU7",2,-0.15,1.85,0.818447284861544,1.29864845772756,0.480201172866012,TRUE
"RNU7-36P","RNU7","chr9",34018266,34018320,55,5499,0.0213713703515028,0.211868908133809,0.0071013333333333,0.2879,"pseudogene","pseudogene","RNU7","Pseudogene","gnomad",27,0.490909090909091,217,0.0394617203127841,12.4401340594889,2.31704168031607,"RNU7.Pseudogene","RNU7",2,-0.15,1.85,0.818447284861544,1.29864845772756,0.480201172866012,TRUE
"RNU7-172P","RNU7","chr2",54166944,54167007,64,6400,0.0213713703515028,0.211868908133809,0.0071013333333333,0.2879,"pseudogene","pseudogene","RNU7","Pseudogene","gnomad",31,0.484375,158,0.0246875,19.620253164557,2.28620142646927,"RNU7.Pseudogene","RNU7",2,-0.15,1.85,0.818447284861544,1.29864845772756,0.480201172866012,TRUE
"RNU7-99P","RNU7","chr16",6748908,6748969,62,6200,0.0213713703515028,0.211868908133809,0.0071013333333333,0.2879,"pseudogene","pseudogene","RNU7","Pseudogene","gnomad",30,0.483870967741935,211,0.0340322580645161,14.218009478673,2.28382244475598,"RNU7.Pseudogene","RNU7",2,-0.15,1.85,0.818447284861544,1.29864845772756,0.480201172866012,TRUE
"RNY3P8","RNY","chr13",95310830,95310955,126,12600,0.0213713703515028,0.211868908133809,0.0071013333333333,0.2879,"pseudogene","pseudogene","RNY","Pseudogene","gnomad",85,0.674603174603175,309,0.0245238095238095,27.5080906148867,3.18405933435556,"RNY.Pseudogene","RNY",1,-0.15,0.85,0.903129006038975,1.32041759806458,0.417288592025604,TRUE
"RNY1P10","RNY","chr16",28183318,28183430,113,11299,0.0213713703515028,0.211868908133809,0.0071013333333333,0.2879,"pseudogene","pseudogene","RNY","Pseudogene","gnomad",68,0.601769911504425,184,0.0162846269581378,36.953251250481,2.84029363631009,"RNY.Pseudogene","RNY",1,-0.15,0.85,0.903129006038975,1.32041759806458,0.417288592025604,TRUE
"RNY4P34","RNY","chr2",200373175,200373269,95,9499,0.0213713703515028,0.211868908133809,0.0071013333333333,0.2879,"pseudogene","pseudogene","RNY","Pseudogene","gnomad",54,0.568421052631579,233,0.0245288977787135,23.1735260899029,2.68289036668176,"RNY.Pseudogene","RNY",1,-0.15,0.85,0.903129006038975,1.32041759806458,0.417288592025604,TRUE
"RNY3P6","RNY","chr13",99536319,99536396,78,7800,0.0213713703515028,0.211868908133809,0.0071013333333333,0.2879,"pseudogene","pseudogene","RNY","Pseudogene","gnomad",44,0.564102564102564,208,0.0266666666666666,21.1538461538462,2.66250753388646,"RNY.Pseudogene","RNY",1,-0.15,0.85,0.903129006038975,1.32041759806458,0.417288592025604,TRUE
"RNY4P24","RNY","chr13",52400004,52400099,96,9600,0.0213713703515028,0.211868908133809,0.0071013333333333,0.2879,"pseudogene","pseudogene","RNY","Pseudogene","gnomad",52,0.541666666666667,152,0.0158333333333333,34.2105263157895,2.55661234787961,"RNY.Pseudogene","RNY",1,-0.15,0.85,0.903129006038975,1.32041759806458,0.417288592025604,TRUE
"RNY1P9","RNY","chr22",20475203,20475311,109,10899,0.0213713703515028,0.211868908133809,0.0071013333333333,0.2879,"pseudogene","pseudogene","RNY","Pseudogene","gnomad",50,0.458715596330275,274,0.0251399210936783,18.2465010379696,2.16509161429466,"RNY.Pseudogene","RNY",1,-0.15,0.85,0.903129006038975,1.32041759806458,0.417288592025604,TRUE
"RNY1P1","RNY","chr13",27402476,27402587,112,11200,0.0213713703515028,0.211868908133809,0.0071013333333333,0.2879,"pseudogene","pseudogene","RNY","Pseudogene","gnomad",49,0.4375,228,0.0203571428571428,21.4912280701754,2.06495612713353,"RNY.Pseudogene","RNY",1,-0.15,0.85,0.903129006038975,1.32041759806458,0.417288592025604,TRUE
"SNORD13","RNU1","chr8",33513475,33513578,104,10400,0.0213713703515028,0.211868908133809,0.0071013333333333,0.2879,"RNA, small nucleolar","functional","RNU1","Functional","1000genomes",45,0.432692307692308,78,0.0075,57.6923076923077,20.2463529748284,"RNU1.Functional","RNU1",14,0.15,14.15,1.11288776809351,3.4530138129165,2.34012604482299,TRUE
"RNVU1-14","RNU1","chr1",145281116,145281279,164,16400,0.0213713703515028,0.211868908133809,0.0071013333333333,0.2879,"RNA, small nuclear","functional","RNU1","Functional","1000genomes",53,0.323170731707317,40,0.0024390243902439,132.5,15.1216663410913,"RNU1.Functional","RNU1",14,0.15,14.15,1.11288776809351,3.4530138129165,2.34012604482299,TRUE
"RNVU1-15","RNU1","chr1",144412576,144412740,165,16499,0.0213713703515028,0.211868908133809,0.0071013333333333,0.2879,"RNA, small nuclear","functional","RNU1","Functional","1000genomes",36,0.218181818181818,36,0.0021819504212376,99.9939393939394,10.2090701060953,"RNU1.Functional","RNU1",14,0.15,14.15,1.11288776809351,3.4530138129165,2.34012604482299,TRUE
"RNVU1-22","RNU1","chr1",148263476,148263632,157,15699,0.0213713703515028,0.211868908133809,0.0071013333333333,0.2879,"RNA, small nuclear","functional","RNU1","Functional","1000genomes",34,0.21656050955414,115,0.0073253073444168,29.5633342564387,10.1332065278122,"RNU1.Functional","RNU1",14,0.15,14.15,1.11288776809351,3.4530138129165,2.34012604482299,TRUE
"RNVU1-6","RNU1","chr1",146052081,146052244,164,16400,0.0213713703515028,0.211868908133809,0.0071013333333333,0.2879,"RNA, small nuclear","functional","RNU1","Functional","1000genomes",28,0.170731707317073,61,0.0037195121951219,45.9016393442623,7.98880485944448,"RNU1.Functional","RNU1",14,0.15,14.15,1.11288776809351,3.4530138129165,2.34012604482299,TRUE
"RNVU1-19","RNU1","chr1",120850819,120850985,167,16699,0.0213713703515028,0.211868908133809,0.0071013333333333,0.2879,"RNA, small nuclear","functional","RNU1","Functional","1000genomes",28,0.167664670658683,37,0.0022157015390143,75.6711441980903,7.84529339490356,"RNU1.Functional","RNU1",14,0.15,14.15,1.11288776809351,3.4530138129165,2.34012604482299,TRUE
"RNVU1-21","RNU1","chr1",148334612,148334767,156,15600,0.0213713703515028,0.211868908133809,0.0071013333333333,0.2879,"RNA, small nuclear","functional","RNU1","Functional","1000genomes",26,0.166666666666667,111,0.0071153846153846,23.4234234234234,7.79859521993389,"RNU1.Functional","RNU1",14,0.15,14.15,1.11288776809351,3.4530138129165,2.34012604482299,TRUE
"RNVU1-8","RNU1","chr1",147084616,147084756,141,14099,0.0213713703515028,0.211868908133809,0.0071013333333333,0.2879,"RNA, small nuclear","functional","RNU1","Functional","1000genomes",23,0.163120567375887,141,0.010000709270161,16.3108998541321,7.63266766206296,"RNU1.Functional","RNU1",14,0.15,14.15,1.11288776809351,3.4530138129165,2.34012604482299,TRUE
"RNU1-108P","RNU1","chr17",58666537,58666697,161,16099,0.0213713703515028,0.211868908133809,0.0071013333333333,0.2879,"pseudogene","pseudogene","RNU1","Pseudogene","1000genomes",24,0.149068322981366,52,0.0032300142866016,46.1509794553273,6.97514106627628,"RNU1.Pseudogene","RNU1",14,-0.15,13.85,0.73840519524291,1.74398964833965,1.00558445309674,TRUE
"RNU1-152P","RNU1","chr6",32576277,32576423,147,14699,0.0213713703515028,0.211868908133809,0.0071013333333333,0.2879,"pseudogene","pseudogene","RNU1","Pseudogene","1000genomes",12,0.0816326530612244,52,0.0035376556228314,23.0753532182104,3.81972010772272,"RNU1.Pseudogene","RNU1",14,-0.15,13.85,0.73840519524291,1.74398964833965,1.00558445309674,TRUE
"RNU1-136P","RNU1","chr6",53219261,53219424,164,16400,0.0213713703515028,0.211868908133809,0.0071013333333333,0.2879,"pseudogene","pseudogene","RNU1","Pseudogene","1000genomes",12,0.073170731707317,47,0.0028658536585365,25.531914893617,3.42377351119049,"RNU1.Pseudogene","RNU1",14,-0.15,13.85,0.73840519524291,1.74398964833965,1.00558445309674,TRUE
"RNU2-2","RNU2","chr11",62841619,62841809,191,19099,0.0213713703515028,0.211868908133809,0.0071013333333333,0.2879,"RNA, small nuclear","functional","RNU2","Functional","1000genomes",57,0.298429319371728,180,0.0094245772029949,31.6650087260035,13.9639767812429,"RNU2.Functional","RNU2",13,0.15,13.15,0.935831426392067,2.79601808554152,1.86018665914945,TRUE
"RNU2-63P","RNU2","chr2",88016358,88016547,190,19000,0.0213713703515028,0.211868908133809,0.0071013333333333,0.2879,"pseudogene","pseudogene","RNU2","Pseudogene","1000genomes",59,0.310526315789474,96,0.0050526315789473,61.4583333333333,14.5300142518768,"RNU2.Pseudogene","RNU2",13,-0.15,12.85,0.742723354279418,1.82983798456549,1.08711463028608,TRUE
"RNU4-1","RNU4","chr12",120293093,120293237,145,14499,0.0213713703515028,0.211868908133809,0.0071013333333333,0.2879,"RNA, small nuclear","functional","RNU4","Functional","1000genomes",72,0.496551724137931,287,0.0197944685840402,25.085377868557,23.234435413872,"RNU4.Functional","RNU4",12,0.15,12.15,0.731118301868802,2.78521257854782,2.05409427667902,TRUE
"RNU4-2","RNU4","chr12",120291759,120291903,145,14499,0.0213713703515028,0.211868908133809,0.0071013333333333,0.2879,"RNA, small nuclear","functional","RNU4","Functional","1000genomes",30,0.206896551724138,329,0.0226912200841437,9.11791216853579,9.68101475578,"RNU4.Functional","RNU4",12,0.15,12.15,0.731118301868802,2.78521257854782,2.05409427667902,TRUE
"RNU5E-1","RNU5","chr1",11908152,11908272,121,12099,0.0213713703515028,0.211868908133809,0.0071013333333333,0.2879,"RNA, small nuclear","functional","RNU5","Functional","1000genomes",73,0.603305785123967,240,0.0198363501115794,30.414152892562,28.2296256721574,"RNU5.Functional","RNU5",11,0.15,11.15,1.19978387998983,11.5979108399017,10.3981269599119,TRUE
"RNU5E-6P","RNU5","chr1",44819883,44819997,115,11499,0.0213713703515028,0.211868908133809,0.0071013333333333,0.2879,"pseudogene","pseudogene","RNU5","Pseudogene","1000genomes",59,0.51304347826087,97,0.0084355161318375,60.8194531600179,24.0061105031009,"RNU5.Pseudogene","RNU5",11,-0.15,10.85,0.531722401359129,1.68618275025598,1.15446034889685,TRUE
"RNU5A-8P","RNU5","chr1",210374154,210374267,114,11400,0.0213713703515028,0.211868908133809,0.0071013333333333,0.2879,"pseudogene","pseudogene","RNU5","Pseudogene","1000genomes",45,0.394736842105263,103,0.0090350877192982,43.6893203883495,18.4703570998434,"RNU5.Pseudogene","RNU5",11,-0.15,10.85,0.531722401359129,1.68618275025598,1.15446034889685,TRUE
"RNU5E-4P","RNU5","chr1",11909808,11909927,120,12000,0.0213713703515028,0.211868908133809,0.0071013333333333,0.2879,"pseudogene","pseudogene","RNU5","Pseudogene","1000genomes",29,0.241666666666667,284,0.0236666666666666,10.2112676056338,11.3079630689041,"RNU5.Pseudogene","RNU5",11,-0.15,10.85,0.531722401359129,1.68618275025598,1.15446034889685,TRUE
"RNU6-781P","RNU6","chr12",6709452,6709552,101,10099,0.0213713703515028,0.211868908133809,0.0071013333333333,0.2879,"pseudogene","pseudogene","RNU6","Pseudogene","1000genomes",15,0.148514851485149,91,0.0090107931478364,16.4818844521815,6.94924326528763,"RNU6.Pseudogene","RNU6",10,-0.15,9.85,0.487412201245868,2.12209931353238,1.63468711228651,TRUE
"RNU6-666P","RNU6","chr10",27315120,27315226,107,10699,0.0213713703515028,0.211868908133809,0.0071013333333333,0.2879,"pseudogene","pseudogene","RNU6","Pseudogene","1000genomes",13,0.121495327102804,25,0.0023366669782222,51.9951401869159,5.68495726312938,"RNU6.Pseudogene","RNU6",10,-0.15,9.85,0.487412201245868,2.12209931353238,1.63468711228651,TRUE
"RNU6-16P","RNU6","chr11",88612805,88612911,107,10699,0.0213713703515028,0.211868908133809,0.0071013333333333,0.2879,"pseudogene","pseudogene","RNU6","Pseudogene","1000genomes",13,0.121495327102804,18,0.00168240022432,72.2154724818276,5.68495726312938,"RNU6.Pseudogene","RNU6",10,-0.15,9.85,0.487412201245868,2.12209931353238,1.63468711228651,TRUE
"RNU6-457P","RNU6","chr16",6873899,6874005,107,10699,0.0213713703515028,0.211868908133809,0.0071013333333333,0.2879,"pseudogene","pseudogene","RNU6","Pseudogene","1000genomes",12,0.11214953271028,73,0.006823067576409,16.4368198694149,5.24765285827327,"RNU6.Pseudogene","RNU6",10,-0.15,9.85,0.487412201245868,2.12209931353238,1.63468711228651,TRUE
"RNU6-1279P","RNU6","chr3",196393710,196393812,103,10299,0.0213713703515028,0.211868908133809,0.0071013333333333,0.2879,"pseudogene","pseudogene","RNU6","Pseudogene","1000genomes",11,0.106796116504854,107,0.0103893581901155,10.2793757372289,4.99715810209356,"RNU6.Pseudogene","RNU6",10,-0.15,9.85,0.487412201245868,2.12209931353238,1.63468711228651,TRUE
"RNU6-328P","RNU6","chr16",7004007,7004112,106,10600,0.0213713703515028,0.211868908133809,0.0071013333333333,0.2879,"pseudogene","pseudogene","RNU6","Pseudogene","1000genomes",11,0.10377358490566,61,0.005754716981132,18.0327868852459,4.85572909920412,"RNU6.Pseudogene","RNU6",10,-0.15,9.85,0.487412201245868,2.12209931353238,1.63468711228651,TRUE
"RN7SL564P","RN7SL","chr6",122745280,122745529,250,25000,0.0213713703515028,0.211868908133809,0.0071013333333333,0.2879,"pseudogene","pseudogene","RN7SL","Pseudogene","1000genomes",18,0.072,67,0.00268,26.865671641791,3.36899313501144,"RN7SL.Pseudogene","RN7SL",5,-0.15,4.85,0.838558625799343,1.65927557870934,0.820716952909996,TRUE
"RN7SL468P","RN7SL","chr2",119169822,119170115,294,29400,0.0213713703515028,0.211868908133809,0.0071013333333333,0.2879,"pseudogene","pseudogene","RN7SL","Pseudogene","1000genomes",21,0.0714285714285714,83,0.0028231292517006,25.3012048192771,3.34225509425738,"RN7SL.Pseudogene","RN7SL",5,-0.15,4.85,0.838558625799343,1.65927557870934,0.820716952909996,TRUE
"RN7SL317P","RN7SL","chr19",53629713,53630041,329,32899,0.0213713703515028,0.211868908133809,0.0071013333333333,0.2879,"pseudogene","pseudogene","RN7SL","Pseudogene","1000genomes",23,0.0699088145896656,94,0.0028572297030304,24.4673413955895,3.27114328374127,"RN7SL.Pseudogene","RN7SL",5,-0.15,4.85,0.838558625799343,1.65927557870934,0.820716952909996,TRUE
"RN7SL677P","RN7SL","chr15",97353497,97353815,319,31899,0.0213713703515028,0.211868908133809,0.0071013333333333,0.2879,"pseudogene","pseudogene","RN7SL","Pseudogene","1000genomes",22,0.0689655172413793,94,0.0029468008401517,23.4035216434336,3.22700491859333,"RN7SL.Pseudogene","RN7SL",5,-0.15,4.85,0.838558625799343,1.65927557870934,0.820716952909996,TRUE
"RN7SL128P","RN7SL","chr6",20421583,20421887,305,30499,0.0213713703515028,0.211868908133809,0.0071013333333333,0.2879,"pseudogene","pseudogene","RN7SL","Pseudogene","1000genomes",21,0.0688524590163934,891,0.029214072592544,2.35682508141525,3.22171474659564,"RN7SL.Pseudogene","RN7SL",5,-0.15,4.85,0.838558625799343,1.65927557870934,0.820716952909996,TRUE
"RN7SL553P","RN7SL","chr3",5252926,5253223,298,29800,0.0213713703515028,0.211868908133809,0.0071013333333333,0.2879,"pseudogene","pseudogene","RN7SL","Pseudogene","1000genomes",20,0.0671140939597315,99,0.0033221476510067,20.2020202020202,3.14037391406734,"RN7SL.Pseudogene","RN7SL",5,-0.15,4.85,0.838558625799343,1.65927557870934,0.820716952909996,TRUE
"RN7SL318P","RN7SL","chr8",5142411,5142707,297,29699,0.0213713703515028,0.211868908133809,0.0071013333333333,0.2879,"pseudogene","pseudogene","RN7SL","Pseudogene","1000genomes",19,0.0639730639730639,151,0.0050843462742853,12.5823577942783,2.99340018542917,"RN7SL.Pseudogene","RN7SL",5,-0.15,4.85,0.838558625799343,1.65927557870934,0.820716952909996,TRUE
"TRP-AGG2-6","TRNA","chr14",20613401,20613472,72,7200,0.0213713703515028,0.211868908133809,0.0071013333333333,0.2879,"RNA, transfer","functional","TRNA","Functional","1000genomes",28,0.388888888888889,167,0.0231944444444444,16.7664670658683,18.1967221798458,"TRNA.Functional","TRNA",4,0.15,4.15,1.37123637179145,6.49882934994491,5.12759297815346,TRUE
"TRT-CGT5-1","TRNA","chr6",27618356,27618429,74,7400,0.0213713703515028,0.211868908133809,0.0071013333333333,0.2879,"RNA, transfer","functional","TRNA","Functional","1000genomes",24,0.324324324324324,38,0.0051351351351351,63.1578947368421,15.1756447523038,"TRNA.Functional","TRNA",4,0.15,4.15,1.37123637179145,6.49882934994491,5.12759297815346,TRUE
"TRG-CCC4-1","TRNA","chr1",16678271,16678341,71,7099,0.0213713703515028,0.211868908133809,0.0071013333333333,0.2879,"RNA, transfer","functional","TRNA","Functional","1000genomes",23,0.323943661971831,47,0.0066206507958867,48.9292777944261,15.1578329626884,"TRNA.Functional","TRNA",4,0.15,4.15,1.37123637179145,6.49882934994491,5.12759297815346,TRUE
"TRS-ACT1-1","TRNA","chr6",27293892,27293965,74,7400,0.0213713703515028,0.211868908133809,0.0071013333333333,0.2879,"pseudogene","pseudogene","TRNA","Pseudogene","1000genomes",12,0.162162162162162,86,0.0116216216216216,13.953488372093,7.58782237615189,"TRNA.Pseudogene","TRNA",4,-0.15,3.85,0.954559475814465,1.95854747433177,1.0039879985173,TRUE
"TRA-TGC9-1","TRNA","chr6",28634082,28634153,72,7200,0.0213713703515028,0.211868908133809,0.0071013333333333,0.2879,"pseudogene","pseudogene","TRNA","Pseudogene","1000genomes",11,0.152777777777778,31,0.0043055555555555,35.4838709677419,7.1487122849394,"TRNA.Pseudogene","TRNA",4,-0.15,3.85,0.954559475814465,1.95854747433177,1.0039879985173,TRUE
"TRE-TTC6-1","TRNA","chr1",148308922,148308993,72,7200,0.0213713703515028,0.211868908133809,0.0071013333333333,0.2879,"pseudogene","pseudogene","TRNA","Pseudogene","1000genomes",7,0.0972222222222222,22,0.0030555555555555,31.8181818181818,4.54918054496144,"TRNA.Pseudogene","TRNA",4,-0.15,3.85,0.954559475814465,1.95854747433177,1.0039879985173,TRUE
"TRQ-CTG9-1","TRNA","chr1",148353561,148353632,72,7200,0.0213713703515028,0.211868908133809,0.0071013333333333,0.2879,"pseudogene","pseudogene","TRNA","Pseudogene","1000genomes",7,0.0972222222222222,41,0.0056944444444444,17.0731707317073,4.54918054496144,"TRNA.Pseudogene","TRNA",4,-0.15,3.85,0.954559475814465,1.95854747433177,1.0039879985173,TRUE
"TRUND-NNN3-1","TRNA","chr1",161420871,161420943,73,7299,0.0213713703515028,0.211868908133809,0.0071013333333333,0.2879,"pseudogene","pseudogene","TRNA","Pseudogene","1000genomes",7,0.0958904109589041,48,0.0065762433210028,14.5813356164384,4.48686300324964,"TRNA.Pseudogene","TRNA",4,-0.15,3.85,0.954559475814465,1.95854747433177,1.0039879985173,TRUE
"TRA-AGC23-1","TRNA","chr6",28778767,28778838,72,7200,0.0213713703515028,0.211868908133809,0.0071013333333333,0.2879,"pseudogene","pseudogene","TRNA","Pseudogene","1000genomes",6,0.0833333333333333,17,0.0023611111111111,35.2941176470588,3.89929760996695,"TRNA.Pseudogene","TRNA",4,-0.15,3.85,0.954559475814465,1.95854747433177,1.0039879985173,TRUE
"TRK-CTT13-1","TRNA","chr1",165596913,165596985,73,7299,0.0213713703515028,0.211868908133809,0.0071013333333333,0.2879,"pseudogene","pseudogene","TRNA","Pseudogene","1000genomes",6,0.0821917808219178,20,0.0027401013837511,29.9958904109589,3.84588257421397,"TRNA.Pseudogene","TRNA",4,-0.15,3.85,0.954559475814465,1.95854747433177,1.0039879985173,TRUE
"TRK-CTT14-1","TRNA","chr16",3196153,3196225,73,7299,0.0213713703515028,0.211868908133809,0.0071013333333333,0.2879,"pseudogene","pseudogene","TRNA","Pseudogene","1000genomes",6,0.0821917808219178,25,0.0034251267296889,23.9967123287671,3.84588257421397,"TRNA.Pseudogene","TRNA",4,-0.15,3.85,0.954559475814465,1.95854747433177,1.0039879985173,TRUE
"RN7SKP176","RN7SK","chr16",81961926,81962243,318,31800,0.0213713703515028,0.211868908133809,0.0071013333333333,0.2879,"pseudogene","pseudogene","RN7SK","Pseudogene","1000genomes",29,0.0911949685534591,119,0.0037421383647798,24.3697478991597,4.26715587505817,"RN7SK.Pseudogene","RN7SK",3,-0.15,2.85,1.10470078987251,1.93577044893963,0.831069659067128,TRUE
"RN7SKP161","RN7SK","chr12",10084186,10084490,305,30499,0.0213713703515028,0.211868908133809,0.0071013333333333,0.2879,"pseudogene","pseudogene","RN7SK","Pseudogene","1000genomes",23,0.0754098360655737,73,0.0023935210990524,31.5058163036155,3.52854472246189,"RN7SK.Pseudogene","RN7SK",3,-0.15,2.85,1.10470078987251,1.93577044893963,0.831069659067128,TRUE
"RN7SKP258","RN7SK","chr9",18651147,18651450,304,30400,0.0213713703515028,0.211868908133809,0.0071013333333333,0.2879,"pseudogene","pseudogene","RN7SK","Pseudogene","1000genomes",21,0.069078947368421,137,0.0045065789473684,15.3284671532847,3.2323124924726,"RN7SK.Pseudogene","RN7SK",3,-0.15,2.85,1.10470078987251,1.93577044893963,0.831069659067128,TRUE
"RN7SKP166","RN7SK","chr12",66292683,66292987,305,30499,0.0213713703515028,0.211868908133809,0.0071013333333333,0.2879,"pseudogene","pseudogene","RN7SK","Pseudogene","1000genomes",21,0.0688524590163934,75,0.0024590970195744,27.9990819672131,3.22171474659564,"RN7SK.Pseudogene","RN7SK",3,-0.15,2.85,1.10470078987251,1.93577044893963,0.831069659067128,TRUE
"RNU7-1","RNU7","chr12",6943816,6943878,63,6299,0.0213713703515028,0.211868908133809,0.0071013333333333,0.2879,"RNA, small nuclear","functional","RNU7","Functional","1000genomes",23,0.365079365079365,136,0.0215907286870931,16.9090802987862,17.0826371484266,"RNU7.Functional","RNU7",2,0.15,2.15,0.516083507201508,3.04036142315605,2.52427791595454,TRUE
"RNU7-190P","RNU7","chr2",117139715,117139775,61,6099,0.0213713703515028,0.211868908133809,0.0071013333333333,0.2879,"pseudogene","pseudogene","RNU7","Pseudogene","1000genomes",6,0.0983606557377049,8,0.0013116904410559,74.9877049180328,4.60244963799377,"RNU7.Pseudogene","RNU7",2,-0.15,1.85,0.270993656291139,1.50940552643882,1.23841187014768,TRUE
"RNU7-49P","RNU7","chr11",14478892,14478953,62,6200,0.0213713703515028,0.211868908133809,0.0071013333333333,0.2879,"pseudogene","pseudogene","RNU7","Pseudogene","1000genomes",6,0.0967741935483871,3,0.0004838709677419,200,4.52821657931645,"RNU7.Pseudogene","RNU7",2,-0.15,1.85,0.270993656291139,1.50940552643882,1.23841187014768,TRUE
"RNU7-33P","RNU7","chr4",3078484,3078542,59,5899,0.0213713703515028,0.211868908133809,0.0071013333333333,0.2879,"pseudogene","pseudogene","RNU7","Pseudogene","1000genomes",5,0.0847457627118644,17,0.0028818443804034,29.4067796610169,3.96538739996639,"RNU7.Pseudogene","RNU7",2,-0.15,1.85,0.270993656291139,1.50940552643882,1.23841187014768,TRUE
"RNU7-99P","RNU7","chr16",6748908,6748969,62,6200,0.0213713703515028,0.211868908133809,0.0071013333333333,0.2879,"pseudogene","pseudogene","RNU7","Pseudogene","1000genomes",5,0.0806451612903225,40,0.0064516129032258,12.5,3.77351381609704,"RNU7.Pseudogene","RNU7",2,-0.15,1.85,0.270993656291139,1.50940552643882,1.23841187014768,TRUE
"RNVU1-15","RNU1","chr1",144412576,144412740,165,16499,0.0213713703515028,0.211868908133809,0.0071013333333333,0.2879,"RNA, small nuclear","functional","RNU1","Functional","pangenome",24,0.145454545454545,288,0.0174556033699012,8.33282828282828,20.4827091796675,"RNU1.Functional","RNU1",14,0.15,14.15,0.771117858687236,4.76257508975614,3.9914572310689,TRUE
"RNU1-3","RNU1","chr1",16666785,16666948,164,16400,0.0213713703515028,0.211868908133809,0.0071013333333333,0.2879,"RNA, small nuclear","functional","RNU1","Functional","pangenome",14,0.0853658536585365,1335,0.0814024390243902,1.04868913857678,12.0211021862378,"RNU1.Functional","RNU1",14,0.15,14.15,0.771117858687236,4.76257508975614,3.9914572310689,TRUE
"RNVU1-14","RNU1","chr1",145281116,145281279,164,16400,0.0213713703515028,0.211868908133809,0.0071013333333333,0.2879,"RNA, small nuclear","functional","RNU1","Functional","pangenome",13,0.0792682926829268,151,0.0092073170731707,8.60927152317881,11.1624520300779,"RNU1.Functional","RNU1",14,0.15,14.15,0.771117858687236,4.76257508975614,3.9914572310689,TRUE
"RNVU1-7","RNU1","chr1",148038753,148038916,164,16400,0.0213713703515028,0.211868908133809,0.0071013333333333,0.2879,"RNA, small nuclear","functional","RNU1","Functional","pangenome",13,0.0792682926829268,233,0.0142073170731707,5.5793991416309,11.1624520300779,"RNU1.Functional","RNU1",14,0.15,14.15,0.771117858687236,4.76257508975614,3.9914572310689,TRUE
"RNU1-152P","RNU1","chr6",32576277,32576423,147,14699,0.0213713703515028,0.211868908133809,0.0071013333333333,0.2879,"pseudogene","pseudogene","RNU1","Pseudogene","pangenome",26,0.17687074829932,1735,0.11803524049255,1.49845713501539,24.9066956861603,"RNU1.Pseudogene","RNU1",14,-0.15,13.85,0,2.47154077529225,2.47154077529225,TRUE
"RNU1-61P","RNU1","chr6",32549940,32550090,151,15099,0.0213713703515028,0.211868908133809,0.0071013333333333,0.2879,"pseudogene","pseudogene","RNU1","Pseudogene","pangenome",17,0.112582781456954,1131,0.074905622888933,1.50299506385371,15.8537525521433,"RNU1.Pseudogene","RNU1",14,-0.15,13.85,0,2.47154077529225,2.47154077529225,TRUE
"RNU1-28P","RNU1","chr14",34556226,34556389,164,16400,0.0213713703515028,0.211868908133809,0.0071013333333333,0.2879,"pseudogene","pseudogene","RNU1","Pseudogene","pangenome",14,0.0853658536585365,428,0.0260975609756097,3.27102803738318,12.0211021862378,"RNU1.Pseudogene","RNU1",14,-0.15,13.85,0,2.47154077529225,2.47154077529225,TRUE
"RNU1-27P","RNU1","chr14",34546714,34546877,164,16400,0.0213713703515028,0.211868908133809,0.0071013333333333,0.2879,"pseudogene","pseudogene","RNU1","Pseudogene","pangenome",8,0.048780487804878,536,0.0326829268292682,1.49253731343284,6.86920124927873,"RNU1.Pseudogene","RNU1",14,-0.15,13.85,0,2.47154077529225,2.47154077529225,TRUE
"RNU2-2","RNU2","chr11",62841619,62841809,191,19099,0.0213713703515028,0.211868908133809,0.0071013333333333,0.2879,"RNA, small nuclear","functional","RNU2","Functional","pangenome",8,0.0418848167539267,185,0.0096863710141892,4.32409791990944,5.89816232922363,"RNU2.Functional","RNU2",13,0.15,13.15,0,2.10364502026407,2.10364502026407,TRUE
"RNU2-63P","RNU2","chr2",88016358,88016547,190,19000,0.0213713703515028,0.211868908133809,0.0071013333333333,0.2879,"pseudogene","pseudogene","RNU2","Pseudogene","pangenome",17,0.0894736842105263,155,0.0081578947368421,10.9677419354839,12.5995612388086,"RNU2.Pseudogene","RNU2",13,-0.15,12.85,0,1.46686068343973,1.46686068343973,TRUE
"RNU2-70P","RNU2","chr1",236267780,236267958,179,17899,0.0213713703515028,0.211868908133809,0.0071013333333333,0.2879,"pseudogene","pseudogene","RNU2","Pseudogene","pangenome",5,0.0279329608938547,206,0.0115090228504385,2.42704886912187,3.93348116229648,"RNU2.Pseudogene","RNU2",13,-0.15,12.85,0,1.46686068343973,1.46686068343973,TRUE
"RNU4-1","RNU4","chr12",120293093,120293237,145,14499,0.0213713703515028,0.211868908133809,0.0071013333333333,0.2879,"RNA, small nuclear","functional","RNU4","Functional","pangenome",17,0.117241379310345,221,0.0152424305124491,7.69177718832891,16.5097698991285,"RNU4.Functional","RNU4",12,0.15,12.15,0,1.98336092408752,1.98336092408752,TRUE
"RNU4-86P","RNU4","chr11",126214260,126214478,219,21899,0.0213713703515028,0.211868908133809,0.0071013333333333,0.2879,"pseudogene","pseudogene","RNU4","Pseudogene","pangenome",8,0.0365296803652968,212,0.009680807342801,3.77341259584733,5.14405938302152,"RNU4.Pseudogene","RNU4",12,-0.15,11.85,0,1.99742731362006,1.99742731362006,TRUE
"RNU5D-1","RNU5","chr1",44731069,44731170,102,10200,0.0213713703515028,0.211868908133809,0.0071013333333333,0.2879,"RNA, small nuclear","functional","RNU5","Functional","pangenome",18,0.176470588235294,94,0.0092156862745098,19.1489361702128,24.8503456959201,"RNU5.Functional","RNU5",11,0.15,11.15,0,3.61073399000549,3.61073399000549,TRUE
"RNU5F-1","RNU5","chr1",44721785,44721901,117,11699,0.0213713703515028,0.211868908133809,0.0071013333333333,0.2879,"RNA, small nuclear","functional","RNU5","Functional","pangenome",18,0.153846153846154,80,0.0068381912984015,22.4980769230769,21.6644039400329,"RNU5.Functional","RNU5",11,0.15,11.15,0,3.61073399000549,3.61073399000549,TRUE
"RNU5E-1","RNU5","chr1",11908152,11908272,121,12099,0.0213713703515028,0.211868908133809,0.0071013333333333,0.2879,"RNA, small nuclear","functional","RNU5","Functional","pangenome",17,0.140495867768595,181,0.0149599140424828,9.39148897310625,19.7844350030879,"RNU5.Functional","RNU5",11,0.15,11.15,0,3.61073399000549,3.61073399000549,TRUE
"RNU5E-4P","RNU5","chr1",11909808,11909927,120,12000,0.0213713703515028,0.211868908133809,0.0071013333333333,0.2879,"pseudogene","pseudogene","RNU5","Pseudogene","pangenome",12,0.1,183,0.01525,6.55737704918033,14.0818625610214,"RNU5.Pseudogene","RNU5",11,-0.15,10.85,0,2.07086214132668,2.07086214132668,TRUE
"RNU5A-8P","RNU5","chr1",210374154,210374267,114,11400,0.0213713703515028,0.211868908133809,0.0071013333333333,0.2879,"pseudogene","pseudogene","RNU5","Pseudogene","pangenome",11,0.0964912280701754,100,0.0087719298245614,11,13.5877621202838,"RNU5.Pseudogene","RNU5",11,-0.15,10.85,0,2.07086214132668,2.07086214132668,TRUE
"RNU5E-6P","RNU5","chr1",44819883,44819997,115,11499,0.0213713703515028,0.211868908133809,0.0071013333333333,0.2879,"pseudogene","pseudogene","RNU5","Pseudogene","pangenome",9,0.0782608695652174,176,0.0153056787546743,5.11319169960474,11.0205880912341,"RNU5.Pseudogene","RNU5",11,-0.15,10.85,0,2.07086214132668,2.07086214132668,TRUE
"RNU6-2","RNU6","chr19",1021522,1021628,107,10699,0.0213713703515028,0.211868908133809,0.0071013333333333,0.2879,"RNA, small nuclear","functional","RNU6","Functional","pangenome",5,0.0467289719626168,153,0.0143004019067202,3.26766843809175,6.58030960795393,"RNU6.Functional","RNU6",10,0.15,10.15,0,2.11757331744683,2.11757331744683,TRUE
"RNU6-353P","RNU6","chr15",43702363,43702470,108,10800,0.0213713703515028,0.211868908133809,0.0071013333333333,0.2879,"pseudogene","pseudogene","RNU6","Pseudogene","pangenome",13,0.12037037037037,256,0.0237037037037037,5.078125,16.950390119748,"RNU6.Pseudogene","RNU6",10,-0.15,9.85,0,1.40818625610214,1.40818625610214,TRUE
"RNU6-969P","RNU6","chr1",52805108,52805212,105,10499,0.0213713703515028,0.211868908133809,0.0071013333333333,0.2879,"pseudogene","pseudogene","RNU6","Pseudogene","pangenome",8,0.0761904761904762,210,0.0200019049433279,3.80916099773243,10.7290381417306,"RNU6.Pseudogene","RNU6",10,-0.15,9.85,0,1.40818625610214,1.40818625610214,TRUE
"RNU6-839P","RNU6","chr10",109239639,109239746,108,10800,0.0213713703515028,0.211868908133809,0.0071013333333333,0.2879,"pseudogene","pseudogene","RNU6","Pseudogene","pangenome",7,0.0648148148148148,126,0.0116666666666666,5.55555555555556,9.12713314140276,"RNU6.Pseudogene","RNU6",10,-0.15,9.85,0,1.40818625610214,1.40818625610214,TRUE
"RNU6-816P","RNU6","chr22",15701459,15701565,107,10699,0.0213713703515028,0.211868908133809,0.0071013333333333,0.2879,"pseudogene","pseudogene","RNU6","Pseudogene","pangenome",6,0.0560747663551401,236,0.0220581362744181,2.54213527641375,7.89637152954471,"RNU6.Pseudogene","RNU6",10,-0.15,9.85,0,1.40818625610214,1.40818625610214,TRUE
"RNU6-1151P","RNU6","chr8",9287472,9287578,107,10699,0.0213713703515028,0.211868908133809,0.0071013333333333,0.2879,"pseudogene","pseudogene","RNU6","Pseudogene","pangenome",6,0.0560747663551401,300,0.0280400037386671,1.99981308411215,7.89637152954471,"RNU6.Pseudogene","RNU6",10,-0.15,9.85,0,1.40818625610214,1.40818625610214,TRUE
"RNU6-666P","RNU6","chr10",27315120,27315226,107,10699,0.0213713703515028,0.211868908133809,0.0071013333333333,0.2879,"pseudogene","pseudogene","RNU6","Pseudogene","pangenome",5,0.0467289719626168,237,0.022151602953547,2.10950747269214,6.58030960795393,"RNU6.Pseudogene","RNU6",10,-0.15,9.85,0,1.40818625610214,1.40818625610214,TRUE
"RNU6-903P","RNU6","chr18",9617964,9618072,109,10899,0.0213713703515028,0.211868908133809,0.0071013333333333,0.2879,"pseudogene","pseudogene","RNU6","Pseudogene","pangenome",5,0.0458715596330275,119,0.0109184328837508,4.20129519697787,6.45956998211991,"RNU6.Pseudogene","RNU6",10,-0.15,9.85,0,1.40818625610214,1.40818625610214,TRUE
"RNU6-982P","RNU6","chr19",53745004,53745105,102,10200,0.0213713703515028,0.211868908133809,0.0071013333333333,0.2879,"pseudogene","pseudogene","RNU6","Pseudogene","pangenome",4,0.0392156862745098,206,0.0201960784313725,1.94174757281553,5.52229904353781,"RNU6.Pseudogene","RNU6",10,-0.15,9.85,0,1.40818625610214,1.40818625610214,TRUE
"RNU6-1051P","RNU6","chr2",237015204,237015305,102,10200,0.0213713703515028,0.211868908133809,0.0071013333333333,0.2879,"pseudogene","pseudogene","RNU6","Pseudogene","pangenome",4,0.0392156862745098,119,0.0116666666666666,3.36134453781513,5.52229904353781,"RNU6.Pseudogene","RNU6",10,-0.15,9.85,0,1.40818625610214,1.40818625610214,TRUE
"RNU6-980P","RNU6","chr19",53732981,53733083,103,10299,0.0213713703515028,0.211868908133809,0.0071013333333333,0.2879,"pseudogene","pseudogene","RNU6","Pseudogene","pangenome",4,0.0388349514563106,202,0.0196135547140499,1.98000576756705,5.46868448971705,"RNU6.Pseudogene","RNU6",10,-0.15,9.85,0,1.40818625610214,1.40818625610214,TRUE
"RNU6-558P","RNU6","chr12",116782105,116782208,104,10400,0.0213713703515028,0.211868908133809,0.0071013333333333,0.2879,"pseudogene","pseudogene","RNU6","Pseudogene","pangenome",4,0.0384615384615384,93,0.0089423076923076,4.3010752688172,5.41610098500823,"RNU6.Pseudogene","RNU6",10,-0.15,9.85,0,1.40818625610214,1.40818625610214,TRUE
"RNU6-1205P","RNU6","chr1",248912690,248912795,106,10600,0.0213713703515028,0.211868908133809,0.0071013333333333,0.2879,"pseudogene","pseudogene","RNU6","Pseudogene","pangenome",4,0.0377358490566037,134,0.0126415094339622,2.98507462686567,5.31391040038543,"RNU6.Pseudogene","RNU6",10,-0.15,9.85,0,1.40818625610214,1.40818625610214,TRUE
"RNU6-395P","RNU6","chr2",127845236,127845341,106,10600,0.0213713703515028,0.211868908133809,0.0071013333333333,0.2879,"pseudogene","pseudogene","RNU6","Pseudogene","pangenome",4,0.0377358490566037,124,0.0116981132075471,3.2258064516129,5.31391040038543,"RNU6.Pseudogene","RNU6",10,-0.15,9.85,0,1.40818625610214,1.40818625610214,TRUE
"RNU6-743P","RNU6","chr20",43405473,43405578,106,10600,0.0213713703515028,0.211868908133809,0.0071013333333333,0.2879,"pseudogene","pseudogene","RNU6","Pseudogene","pangenome",4,0.0377358490566037,127,0.0119811320754716,3.1496062992126,5.31391040038543,"RNU6.Pseudogene","RNU6",10,-0.15,9.85,0,1.40818625610214,1.40818625610214,TRUE
"RNU6-991P","RNU6","chr1",8292157,8292263,107,10699,0.0213713703515028,0.211868908133809,0.0071013333333333,0.2879,"pseudogene","pseudogene","RNU6","Pseudogene","pangenome",4,0.0373831775700934,125,0.0116833348911113,3.19970093457944,5.26424768636314,"RNU6.Pseudogene","RNU6",10,-0.15,9.85,0,1.40818625610214,1.40818625610214,TRUE
"RNU6-1176P","RNU6","chr1",65022968,65023074,107,10699,0.0213713703515028,0.211868908133809,0.0071013333333333,0.2879,"pseudogene","pseudogene","RNU6","Pseudogene","pangenome",4,0.0373831775700934,90,0.0084120011216001,4.44402907580478,5.26424768636314,"RNU6.Pseudogene","RNU6",10,-0.15,9.85,0,1.40818625610214,1.40818625610214,TRUE
"RNU6V","RNU6","chr1",109591534,109591640,107,10699,0.0213713703515028,0.211868908133809,0.0071013333333333,0.2879,"pseudogene","pseudogene","RNU6","Pseudogene","pangenome",4,0.0373831775700934,65,0.0060753341433778,6.15327102803738,5.26424768636314,"RNU6.Pseudogene","RNU6",10,-0.15,9.85,0,1.40818625610214,1.40818625610214,TRUE
"RNU6-884P","RNU6","chr1",151022746,151022852,107,10699,0.0213713703515028,0.211868908133809,0.0071013333333333,0.2879,"pseudogene","pseudogene","RNU6","Pseudogene","pangenome",4,0.0373831775700934,125,0.0116833348911113,3.19970093457944,5.26424768636314,"RNU6.Pseudogene","RNU6",10,-0.15,9.85,0,1.40818625610214,1.40818625610214,TRUE
"RNU6-15P","RNU6","chr10",21321961,21322067,107,10699,0.0213713703515028,0.211868908133809,0.0071013333333333,0.2879,"pseudogene","pseudogene","RNU6","Pseudogene","pangenome",4,0.0373831775700934,202,0.0188802691840358,1.98001295456648,5.26424768636314,"RNU6.Pseudogene","RNU6",10,-0.15,9.85,0,1.40818625610214,1.40818625610214,TRUE
"RNU6-46P","RNU6","chr11",67895631,67895737,107,10699,0.0213713703515028,0.211868908133809,0.0071013333333333,0.2879,"pseudogene","pseudogene","RNU6","Pseudogene","pangenome",4,0.0373831775700934,133,0.0124310683241424,3.0072377204694,5.26424768636314,"RNU6.Pseudogene","RNU6",10,-0.15,9.85,0,1.40818625610214,1.40818625610214,TRUE
"RNU6-1278P","RNU6","chr18",46121615,46121721,107,10699,0.0213713703515028,0.211868908133809,0.0071013333333333,0.2879,"pseudogene","pseudogene","RNU6","Pseudogene","pangenome",4,0.0373831775700934,93,0.0086924011589868,4.30067329916591,5.26424768636314,"RNU6.Pseudogene","RNU6",10,-0.15,9.85,0,1.40818625610214,1.40818625610214,TRUE
"RNU6-951P","RNU6","chr2",38147415,38147521,107,10699,0.0213713703515028,0.211868908133809,0.0071013333333333,0.2879,"pseudogene","pseudogene","RNU6","Pseudogene","pangenome",4,0.0373831775700934,141,0.0131788017571735,2.83661430370518,5.26424768636314,"RNU6.Pseudogene","RNU6",10,-0.15,9.85,0,1.40818625610214,1.40818625610214,TRUE
"RNU6-499P","RNU6","chr4",82174547,82174653,107,10699,0.0213713703515028,0.211868908133809,0.0071013333333333,0.2879,"pseudogene","pseudogene","RNU6","Pseudogene","pangenome",4,0.0373831775700934,111,0.0103748013833068,3.60326681822009,5.26424768636314,"RNU6.Pseudogene","RNU6",10,-0.15,9.85,0,1.40818625610214,1.40818625610214,TRUE
"RNU6-1229P","RNU6","chr7",65023204,65023310,107,10699,0.0213713703515028,0.211868908133809,0.0071013333333333,0.2879,"pseudogene","pseudogene","RNU6","Pseudogene","pangenome",4,0.0373831775700934,187,0.0174782689971025,2.1388375231146,5.26424768636314,"RNU6.Pseudogene","RNU6",10,-0.15,9.85,0,1.40818625610214,1.40818625610214,TRUE
"RNU6-703P","RNU6","chr8",98048856,98048962,107,10699,0.0213713703515028,0.211868908133809,0.0071013333333333,0.2879,"pseudogene","pseudogene","RNU6","Pseudogene","pangenome",4,0.0373831775700934,117,0.0109356014580801,3.41848390446521,5.26424768636314,"RNU6.Pseudogene","RNU6",10,-0.15,9.85,0,1.40818625610214,1.40818625610214,TRUE
"RNU6-976P","RNU6","chr14",84739942,84740052,111,11099,0.0213713703515028,0.211868908133809,0.0071013333333333,0.2879,"pseudogene","pseudogene","RNU6","Pseudogene","pangenome",4,0.036036036036036,123,0.0110820794666186,3.25173954442247,5.07454506703474,"RNU6.Pseudogene","RNU6",10,-0.15,9.85,0,1.40818625610214,1.40818625610214,TRUE
"RNU6-650P","RNU6","chr7",149033057,149033167,111,11099,0.0213713703515028,0.211868908133809,0.0071013333333333,0.2879,"pseudogene","pseudogene","RNU6","Pseudogene","pangenome",4,0.036036036036036,169,0.0152265969907198,2.36665067434298,5.07454506703474,"RNU6.Pseudogene","RNU6",10,-0.15,9.85,0,1.40818625610214,1.40818625610214,TRUE
"RNU6-335P","RNU6","chr4",183675603,183675715,113,11299,0.0213713703515028,0.211868908133809,0.0071013333333333,0.2879,"pseudogene","pseudogene","RNU6","Pseudogene","pangenome",4,0.0353982300884955,112,0.0099123816266926,3.57111251580278,4.98473011009607,"RNU6.Pseudogene","RNU6",10,-0.15,9.85,0,1.40818625610214,1.40818625610214,TRUE
"RNU6-172P","RNU6","chr12",101796410,101796502,93,9299,0.0213713703515028,0.211868908133809,0.0071013333333333,0.2879,"pseudogene","pseudogene","RNU6","Pseudogene","pangenome",3,0.032258064516129,69,0.0074201527045918,4.34735857877513,4.5425363100069,"RNU6.Pseudogene","RNU6",10,-0.15,9.85,0,1.40818625610214,1.40818625610214,TRUE
"RNU6-913P","RNU6","chr5",61664145,61664239,95,9499,0.0213713703515028,0.211868908133809,0.0071013333333333,0.2879,"pseudogene","pseudogene","RNU6","Pseudogene","pangenome",3,0.031578947368421,97,0.0102116012211811,3.0924579489962,4.44690396663834,"RNU6.Pseudogene","RNU6",10,-0.15,9.85,0,1.40818625610214,1.40818625610214,TRUE
"RNU6-1248P","RNU6","chr1",223690051,223690114,64,6400,0.0213713703515028,0.211868908133809,0.0071013333333333,0.2879,"pseudogene","pseudogene","RNU6","Pseudogene","pangenome",2,0.03125,88,0.01375,2.27272727272727,4.40058205031919,"RNU6.Pseudogene","RNU6",10,-0.15,9.85,0,1.40818625610214,1.40818625610214,TRUE
"RNU6-760P","RNU6","chr5",31832439,31832535,97,9699,0.0213713703515028,0.211868908133809,0.0071013333333333,0.2879,"pseudogene","pseudogene","RNU6","Pseudogene","pangenome",3,0.0309278350515463,128,0.013197236828539,2.34350837628866,4.35521522505817,"RNU6.Pseudogene","RNU6",10,-0.15,9.85,0,1.40818625610214,1.40818625610214,TRUE
"RNU6-927P","RNU6","chr12",124901512,124901611,100,10000,0.0213713703515028,0.211868908133809,0.0071013333333333,0.2879,"pseudogene","pseudogene","RNU6","Pseudogene","pangenome",3,0.03,136,0.0136,2.20588235294118,4.22455876830642,"RNU6.Pseudogene","RNU6",10,-0.15,9.85,0,1.40818625610214,1.40818625610214,TRUE
"RNU6-604P","RNU6","chr7",151900275,151900374,100,10000,0.0213713703515028,0.211868908133809,0.0071013333333333,0.2879,"pseudogene","pseudogene","RNU6","Pseudogene","pangenome",3,0.03,104,0.0104,2.88461538461538,4.22455876830642,"RNU6.Pseudogene","RNU6",10,-0.15,9.85,0,1.40818625610214,1.40818625610214,TRUE
"RNU6-781P","RNU6","chr12",6709452,6709552,101,10099,0.0213713703515028,0.211868908133809,0.0071013333333333,0.2879,"pseudogene","pseudogene","RNU6","Pseudogene","pangenome",3,0.0297029702970297,106,0.0104960887216556,2.82990846254437,4.18273145376873,"RNU6.Pseudogene","RNU6",10,-0.15,9.85,0,1.40818625610214,1.40818625610214,TRUE
"RNU6-1077P","RNU6","chr12",130869736,130869837,102,10200,0.0213713703515028,0.211868908133809,0.0071013333333333,0.2879,"pseudogene","pseudogene","RNU6","Pseudogene","pangenome",3,0.0294117647058823,129,0.0126470588235294,2.32558139534884,4.14172428265335,"RNU6.Pseudogene","RNU6",10,-0.15,9.85,0,1.40818625610214,1.40818625610214,TRUE
"RNU6-1146P","RNU6","chr20",56667430,56667531,102,10200,0.0213713703515028,0.211868908133809,0.0071013333333333,0.2879,"pseudogene","pseudogene","RNU6","Pseudogene","pangenome",3,0.0294117647058823,101,0.0099019607843137,2.97029702970297,4.14172428265335,"RNU6.Pseudogene","RNU6",10,-0.15,9.85,0,1.40818625610214,1.40818625610214,TRUE
"RNU6-537P","RNU6","chr1",11152350,11152452,103,10299,0.0213713703515028,0.211868908133809,0.0071013333333333,0.2879,"pseudogene","pseudogene","RNU6","Pseudogene","pangenome",3,0.029126213592233,66,0.0064083891639965,4.545013239188,4.10151336728779,"RNU6.Pseudogene","RNU6",10,-0.15,9.85,0,1.40818625610214,1.40818625610214,TRUE
"RNU6-716P","RNU6","chr1",200008505,200008607,103,10299,0.0213713703515028,0.211868908133809,0.0071013333333333,0.2879,"pseudogene","pseudogene","RNU6","Pseudogene","pangenome",3,0.029126213592233,116,0.0112632294397514,2.58595580850352,4.10151336728779,"RNU6.Pseudogene","RNU6",10,-0.15,9.85,0,1.40818625610214,1.40818625610214,TRUE
"RNU6-1242P","RNU6","chr18",39678520,39678622,103,10299,0.0213713703515028,0.211868908133809,0.0071013333333333,0.2879,"pseudogene","pseudogene","RNU6","Pseudogene","pangenome",3,0.029126213592233,73,0.0070880668026021,4.1091900518686,4.10151336728779,"RNU6.Pseudogene","RNU6",10,-0.15,9.85,0,1.40818625610214,1.40818625610214,TRUE
"RNU6-759P","RNU6","chr20",35647328,35647430,103,10299,0.0213713703515028,0.211868908133809,0.0071013333333333,0.2879,"pseudogene","pseudogene","RNU6","Pseudogene","pangenome",3,0.029126213592233,68,0.0066025827750267,4.41133637921188,4.10151336728779,"RNU6.Pseudogene","RNU6",10,-0.15,9.85,0,1.40818625610214,1.40818625610214,TRUE
"RNU6-956P","RNU6","chr7",94712409,94712511,103,10299,0.0213713703515028,0.211868908133809,0.0071013333333333,0.2879,"pseudogene","pseudogene","RNU6","Pseudogene","pangenome",3,0.029126213592233,89,0.0086416156908437,3.37045925602705,4.10151336728779,"RNU6.Pseudogene","RNU6",10,-0.15,9.85,0,1.40818625610214,1.40818625610214,TRUE
"RNU6-1199P","RNU6","chr1",758233,758336,104,10400,0.0213713703515028,0.211868908133809,0.0071013333333333,0.2879,"pseudogene","pseudogene","RNU6","Pseudogene","pangenome",3,0.0288461538461538,152,0.0146153846153846,1.97368421052632,4.06207573875617,"RNU6.Pseudogene","RNU6",10,-0.15,9.85,0,1.40818625610214,1.40818625610214,TRUE
"RNU6-777P","RNU6","chr1",12077881,12077984,104,10400,0.0213713703515028,0.211868908133809,0.0071013333333333,0.2879,"pseudogene","pseudogene","RNU6","Pseudogene","pangenome",3,0.0288461538461538,150,0.0144230769230769,2,4.06207573875617,"RNU6.Pseudogene","RNU6",10,-0.15,9.85,0,1.40818625610214,1.40818625610214,TRUE
"RNU6-110P","RNU6","chr1",25964197,25964300,104,10400,0.0213713703515028,0.211868908133809,0.0071013333333333,0.2879,"pseudogene","pseudogene","RNU6","Pseudogene","pangenome",3,0.0288461538461538,75,0.0072115384615384,4,4.06207573875617,"RNU6.Pseudogene","RNU6",10,-0.15,9.85,0,1.40818625610214,1.40818625610214,TRUE
"RNU6-1177P","RNU6","chr1",61852499,61852602,104,10400,0.0213713703515028,0.211868908133809,0.0071013333333333,0.2879,"pseudogene","pseudogene","RNU6","Pseudogene","pangenome",3,0.0288461538461538,47,0.0045192307692307,6.38297872340426,4.06207573875617,"RNU6.Pseudogene","RNU6",10,-0.15,9.85,0,1.40818625610214,1.40818625610214,TRUE
"RNU6-370P","RNU6","chr2",24045835,24045938,104,10400,0.0213713703515028,0.211868908133809,0.0071013333333333,0.2879,"pseudogene","pseudogene","RNU6","Pseudogene","pangenome",3,0.0288461538461538,72,0.0069230769230769,4.16666666666667,4.06207573875617,"RNU6.Pseudogene","RNU6",10,-0.15,9.85,0,1.40818625610214,1.40818625610214,TRUE
"RNU6-360P","RNU6","chr2",208019638,208019741,104,10400,0.0213713703515028,0.211868908133809,0.0071013333333333,0.2879,"pseudogene","pseudogene","RNU6","Pseudogene","pangenome",3,0.0288461538461538,77,0.0074038461538461,3.8961038961039,4.06207573875617,"RNU6.Pseudogene","RNU6",10,-0.15,9.85,0,1.40818625610214,1.40818625610214,TRUE
"RNU6-513P","RNU6","chr22",42569147,42569250,104,10400,0.0213713703515028,0.211868908133809,0.0071013333333333,0.2879,"pseudogene","pseudogene","RNU6","Pseudogene","pangenome",3,0.0288461538461538,221,0.02125,1.35746606334842,4.06207573875617,"RNU6.Pseudogene","RNU6",10,-0.15,9.85,0,1.40818625610214,1.40818625610214,TRUE
"RNU6-1305P","RNU6","chr5",36155119,36155222,104,10400,0.0213713703515028,0.211868908133809,0.0071013333333333,0.2879,"pseudogene","pseudogene","RNU6","Pseudogene","pangenome",3,0.0288461538461538,74,0.0071153846153846,4.05405405405405,4.06207573875617,"RNU6.Pseudogene","RNU6",10,-0.15,9.85,0,1.40818625610214,1.40818625610214,TRUE
"RNU6-987P","RNU6","chr6",25383599,25383702,104,10400,0.0213713703515028,0.211868908133809,0.0071013333333333,0.2879,"pseudogene","pseudogene","RNU6","Pseudogene","pangenome",3,0.0288461538461538,111,0.0106730769230769,2.7027027027027,4.06207573875617,"RNU6.Pseudogene","RNU6",10,-0.15,9.85,0,1.40818625610214,1.40818625610214,TRUE
"RNU6-206P","RNU6","chr7",139315291,139315394,104,10400,0.0213713703515028,0.211868908133809,0.0071013333333333,0.2879,"pseudogene","pseudogene","RNU6","Pseudogene","pangenome",3,0.0288461538461538,91,0.00875,3.2967032967033,4.06207573875617,"RNU6.Pseudogene","RNU6",10,-0.15,9.85,0,1.40818625610214,1.40818625610214,TRUE
"RNU6-1276P","RNU6","chr8",27773645,27773748,104,10400,0.0213713703515028,0.211868908133809,0.0071013333333333,0.2879,"pseudogene","pseudogene","RNU6","Pseudogene","pangenome",3,0.0288461538461538,100,0.0096153846153846,3,4.06207573875617,"RNU6.Pseudogene","RNU6",10,-0.15,9.85,0,1.40818625610214,1.40818625610214,TRUE
"RNU6-855P","RNU6","chr9",112137797,112137900,104,10400,0.0213713703515028,0.211868908133809,0.0071013333333333,0.2879,"pseudogene","pseudogene","RNU6","Pseudogene","pangenome",3,0.0288461538461538,91,0.00875,3.2967032967033,4.06207573875617,"RNU6.Pseudogene","RNU6",10,-0.15,9.85,0,1.40818625610214,1.40818625610214,TRUE
"RNU6-325P","RNU6","chr10",85537379,85537483,105,10499,0.0213713703515028,0.211868908133809,0.0071013333333333,0.2879,"pseudogene","pseudogene","RNU6","Pseudogene","pangenome",3,0.0285714285714285,104,0.0099057053052671,2.88434065934066,4.02338930314897,"RNU6.Pseudogene","RNU6",10,-0.15,9.85,0,1.40818625610214,1.40818625610214,TRUE
"RNU6-602P","RNU6","chr14",31662039,31662143,105,10499,0.0213713703515028,0.211868908133809,0.0071013333333333,0.2879,"pseudogene","pseudogene","RNU6","Pseudogene","pangenome",3,0.0285714285714285,84,0.0080007619773311,3.57108843537415,4.02338930314897,"RNU6.Pseudogene","RNU6",10,-0.15,9.85,0,1.40818625610214,1.40818625610214,TRUE
"RNU6-328P","RNU6","chr16",7004007,7004112,106,10600,0.0213713703515028,0.211868908133809,0.0071013333333333,0.2879,"pseudogene","pseudogene","RNU6","Pseudogene","pangenome",3,0.0283018867924528,361,0.0340566037735849,0.831024930747922,3.98543280028908,"RNU6.Pseudogene","RNU6",10,-0.15,9.85,0,1.40818625610214,1.40818625610214,TRUE
"RNU6-187P","RNU6","chr2",176929985,176930090,106,10600,0.0213713703515028,0.211868908133809,0.0071013333333333,0.2879,"pseudogene","pseudogene","RNU6","Pseudogene","pangenome",3,0.0283018867924528,94,0.0088679245283018,3.19148936170213,3.98543280028908,"RNU6.Pseudogene","RNU6",10,-0.15,9.85,0,1.40818625610214,1.40818625610214,TRUE
"RNU6-125P","RNU6","chr1",88816779,88816885,107,10699,0.0213713703515028,0.211868908133809,0.0071013333333333,0.2879,"pseudogene","pseudogene","RNU6","Pseudogene","pangenome",3,0.02803738317757,97,0.0090662678755023,3.09249445996724,3.94818576477236,"RNU6.Pseudogene","RNU6",10,-0.15,9.85,0,1.40818625610214,1.40818625610214,TRUE
"RNU6-41P","RNU6","chr1",182982212,182982318,107,10699,0.0213713703515028,0.211868908133809,0.0071013333333333,0.2879,"pseudogene","pseudogene","RNU6","Pseudogene","pangenome",3,0.02803738317757,90,0.0084120011216001,3.33302180685358,3.94818576477236,"RNU6.Pseudogene","RNU6",10,-0.15,9.85,0,1.40818625610214,1.40818625610214,TRUE
"RNU6-490P","RNU6","chr10",27088321,27088427,107,10699,0.0213713703515028,0.211868908133809,0.0071013333333333,0.2879,"pseudogene","pseudogene","RNU6","Pseudogene","pangenome",3,0.02803738317757,96,0.0089728011963734,3.12470794392523,3.94818576477236,"RNU6.Pseudogene","RNU6",10,-0.15,9.85,0,1.40818625610214,1.40818625610214,TRUE
"RNU6-1292P","RNU6","chr11",85509938,85510044,107,10699,0.0213713703515028,0.211868908133809,0.0071013333333333,0.2879,"pseudogene","pseudogene","RNU6","Pseudogene","pangenome",3,0.02803738317757,91,0.008505467800729,3.29639519359146,3.94818576477236,"RNU6.Pseudogene","RNU6",10,-0.15,9.85,0,1.40818625610214,1.40818625610214,TRUE
"RNU6-275P","RNU6","chr12",8484746,8484852,107,10699,0.0213713703515028,0.211868908133809,0.0071013333333333,0.2879,"pseudogene","pseudogene","RNU6","Pseudogene","pangenome",3,0.02803738317757,82,0.007664267688569,3.65819466605881,3.94818576477236,"RNU6.Pseudogene","RNU6",10,-0.15,9.85,0,1.40818625610214,1.40818625610214,TRUE
"RNU6-254P","RNU6","chr12",19445949,19446055,107,10699,0.0213713703515028,0.211868908133809,0.0071013333333333,0.2879,"pseudogene","pseudogene","RNU6","Pseudogene","pangenome",3,0.02803738317757,110,0.0102813347041779,2.72701784197111,3.94818576477236,"RNU6.Pseudogene","RNU6",10,-0.15,9.85,0,1.40818625610214,1.40818625610214,TRUE
"RNU6-36P","RNU6","chr12",97721716,97721822,107,10699,0.0213713703515028,0.211868908133809,0.0071013333333333,0.2879,"pseudogene","pseudogene","RNU6","Pseudogene","pangenome",3,0.02803738317757,194,0.0181325357510047,1.54624722998362,3.94818576477236,"RNU6.Pseudogene","RNU6",10,-0.15,9.85,0,1.40818625610214,1.40818625610214,TRUE
"RNU6-73P","RNU6","chr13",27828763,27828869,107,10699,0.0213713703515028,0.211868908133809,0.0071013333333333,0.2879,"pseudogene","pseudogene","RNU6","Pseudogene","pangenome",3,0.02803738317757,98,0.0091597345546312,3.06093839404921,3.94818576477236,"RNU6.Pseudogene","RNU6",10,-0.15,9.85,0,1.40818625610214,1.40818625610214,TRUE
"RNU6-1239P","RNU6","chr14",18978847,18978953,107,10699,0.0213713703515028,0.211868908133809,0.0071013333333333,0.2879,"pseudogene","pseudogene","RNU6","Pseudogene","pangenome",3,0.02803738317757,257,0.0240209365361248,1.1672060802211,3.94818576477236,"RNU6.Pseudogene","RNU6",10,-0.15,9.85,0,1.40818625610214,1.40818625610214,TRUE
"RNU6-1268P","RNU6","chr14",19422815,19422921,107,10699,0.0213713703515028,0.211868908133809,0.0071013333333333,0.2879,"pseudogene","pseudogene","RNU6","Pseudogene","pangenome",3,0.02803738317757,109,0.010187868025049,2.75203635428277,3.94818576477236,"RNU6.Pseudogene","RNU6",10,-0.15,9.85,0,1.40818625610214,1.40818625610214,TRUE
"RNU6-457P","RNU6","chr16",6873899,6874005,107,10699,0.0213713703515028,0.211868908133809,0.0071013333333333,0.2879,"pseudogene","pseudogene","RNU6","Pseudogene","pangenome",3,0.02803738317757,248,0.0231797364239648,1.20956436539041,3.94818576477236,"RNU6.Pseudogene","RNU6",10,-0.15,9.85,0,1.40818625610214,1.40818625610214,TRUE
"RNU6-23P","RNU6","chr16",70445293,70445399,107,10699,0.0213713703515028,0.211868908133809,0.0071013333333333,0.2879,"pseudogene","pseudogene","RNU6","Pseudogene","pangenome",3,0.02803738317757,87,0.0081316010842134,3.44795359329681,3.94818576477236,"RNU6.Pseudogene","RNU6",10,-0.15,9.85,0,1.40818625610214,1.40818625610214,TRUE
"RNU6-1191P","RNU6","chr16",81106533,81106639,107,10699,0.0213713703515028,0.211868908133809,0.0071013333333333,0.2879,"pseudogene","pseudogene","RNU6","Pseudogene","pangenome",3,0.02803738317757,132,0.0123376016450135,2.27251486830926,3.94818576477236,"RNU6.Pseudogene","RNU6",10,-0.15,9.85,0,1.40818625610214,1.40818625610214,TRUE
"RNU6-1264P","RNU6","chr17",6207163,6207269,107,10699,0.0213713703515028,0.211868908133809,0.0071013333333333,0.2879,"pseudogene","pseudogene","RNU6","Pseudogene","pangenome",3,0.02803738317757,110,0.0102813347041779,2.72701784197111,3.94818576477236,"RNU6.Pseudogene","RNU6",10,-0.15,9.85,0,1.40818625610214,1.40818625610214,TRUE
"RNU6-708P","RNU6","chr18",48169784,48169890,107,10699,0.0213713703515028,0.211868908133809,0.0071013333333333,0.2879,"pseudogene","pseudogene","RNU6","Pseudogene","pangenome",3,0.02803738317757,98,0.0091597345546312,3.06093839404921,3.94818576477236,"RNU6.Pseudogene","RNU6",10,-0.15,9.85,0,1.40818625610214,1.40818625610214,TRUE
"RNU6-649P","RNU6","chr2",4945277,4945383,107,10699,0.0213713703515028,0.211868908133809,0.0071013333333333,0.2879,"pseudogene","pseudogene","RNU6","Pseudogene","pangenome",3,0.02803738317757,139,0.0129918683989157,2.15807167350232,3.94818576477236,"RNU6.Pseudogene","RNU6",10,-0.15,9.85,0,1.40818625610214,1.40818625610214,TRUE
"RNU6-1180P","RNU6","chr2",113086805,113086911,107,10699,0.0213713703515028,0.211868908133809,0.0071013333333333,0.2879,"pseudogene","pseudogene","RNU6","Pseudogene","pangenome",3,0.02803738317757,169,0.0157958687727825,1.77498202731848,3.94818576477236,"RNU6.Pseudogene","RNU6",10,-0.15,9.85,0,1.40818625610214,1.40818625610214,TRUE
"RNU6-1049P","RNU6","chr2",130109204,130109310,107,10699,0.0213713703515028,0.211868908133809,0.0071013333333333,0.2879,"pseudogene","pseudogene","RNU6","Pseudogene","pangenome",3,0.02803738317757,276,0.0257968034395737,1.08685493701747,3.94818576477236,"RNU6.Pseudogene","RNU6",10,-0.15,9.85,0,1.40818625610214,1.40818625610214,TRUE
"RNU6-696P","RNU6","chr21",37045530,37045636,107,10699,0.0213713703515028,0.211868908133809,0.0071013333333333,0.2879,"pseudogene","pseudogene","RNU6","Pseudogene","pangenome",3,0.02803738317757,103,0.0096270679502757,2.91234915161963,3.94818576477236,"RNU6.Pseudogene","RNU6",10,-0.15,9.85,0,1.40818625610214,1.40818625610214,TRUE
"RNU6-428P","RNU6","chr3",146571477,146571583,107,10699,0.0213713703515028,0.211868908133809,0.0071013333333333,0.2879,"pseudogene","pseudogene","RNU6","Pseudogene","pangenome",3,0.02803738317757,100,0.009346667912889,2.99971962616822,3.94818576477236,"RNU6.Pseudogene","RNU6",10,-0.15,9.85,0,1.40818625610214,1.40818625610214,TRUE
"RNU6-42P","RNU6","chr3",196784980,196785086,107,10699,0.0213713703515028,0.211868908133809,0.0071013333333333,0.2879,"pseudogene","pseudogene","RNU6","Pseudogene","pangenome",3,0.02803738317757,111,0.0103748013833068,2.70245011366507,3.94818576477236,"RNU6.Pseudogene","RNU6",10,-0.15,9.85,0,1.40818625610214,1.40818625610214,TRUE
"RNU6-289P","RNU6","chr4",111331412,111331518,107,10699,0.0213713703515028,0.211868908133809,0.0071013333333333,0.2879,"pseudogene","pseudogene","RNU6","Pseudogene","pangenome",3,0.02803738317757,92,0.0085989344798579,3.26056481105242,3.94818576477236,"RNU6.Pseudogene","RNU6",10,-0.15,9.85,0,1.40818625610214,1.40818625610214,TRUE
"RNU6-484P","RNU6","chr5",37700331,37700437,107,10699,0.0213713703515028,0.211868908133809,0.0071013333333333,0.2879,"pseudogene","pseudogene","RNU6","Pseudogene","pangenome",3,0.02803738317757,74,0.0069165342555379,4.0536751704976,3.94818576477236,"RNU6.Pseudogene","RNU6",10,-0.15,9.85,0,1.40818625610214,1.40818625610214,TRUE
"RNU6-11P","RNU6","chr7",123790605,123790711,107,10699,0.0213713703515028,0.211868908133809,0.0071013333333333,0.2879,"pseudogene","pseudogene","RNU6","Pseudogene","pangenome",3,0.02803738317757,55,0.0051406673520889,5.45403568394223,3.94818576477236,"RNU6.Pseudogene","RNU6",10,-0.15,9.85,0,1.40818625610214,1.40818625610214,TRUE
"RNU6-729P","RNU6","chr8",10476223,10476329,107,10699,0.0213713703515028,0.211868908133809,0.0071013333333333,0.2879,"pseudogene","pseudogene","RNU6","Pseudogene","pangenome",3,0.02803738317757,153,0.0143004019067202,1.96060106285505,3.94818576477236,"RNU6.Pseudogene","RNU6",10,-0.15,9.85,0,1.40818625610214,1.40818625610214,TRUE
"RNU6-988P","RNU6","chr8",38122374,38122480,107,10699,0.0213713703515028,0.211868908133809,0.0071013333333333,0.2879,"pseudogene","pseudogene","RNU6","Pseudogene","pangenome",3,0.02803738317757,111,0.0103748013833068,2.70245011366507,3.94818576477236,"RNU6.Pseudogene","RNU6",10,-0.15,9.85,0,1.40818625610214,1.40818625610214,TRUE
"RNU6-104P","RNU6","chr8",43303376,43303482,107,10699,0.0213713703515028,0.211868908133809,0.0071013333333333,0.2879,"pseudogene","pseudogene","RNU6","Pseudogene","pangenome",3,0.02803738317757,144,0.0134592017945602,2.08313862928349,3.94818576477236,"RNU6.Pseudogene","RNU6",10,-0.15,9.85,0,1.40818625610214,1.40818625610214,TRUE
"RNU6-13P","RNU6","chr8",56917084,56917190,107,10699,0.0213713703515028,0.211868908133809,0.0071013333333333,0.2879,"pseudogene","pseudogene","RNU6","Pseudogene","pangenome",3,0.02803738317757,109,0.010187868025049,2.75203635428277,3.94818576477236,"RNU6.Pseudogene","RNU6",10,-0.15,9.85,0,1.40818625610214,1.40818625610214,TRUE
"RNU6-756P","RNU6","chr8",124260646,124260752,107,10699,0.0213713703515028,0.211868908133809,0.0071013333333333,0.2879,"pseudogene","pseudogene","RNU6","Pseudogene","pangenome",3,0.02803738317757,147,0.0137396018319469,2.04062559603281,3.94818576477236,"RNU6.Pseudogene","RNU6",10,-0.15,9.85,0,1.40818625610214,1.40818625610214,TRUE
"RNU6-1189P","RNU6","chrX",47087506,47087612,107,10699,0.0213713703515028,0.211868908133809,0.0071013333333333,0.2879,"pseudogene","pseudogene","RNU6","Pseudogene","pangenome",3,0.02803738317757,351,0.0328068043742405,0.854620976116303,3.94818576477236,"RNU6.Pseudogene","RNU6",10,-0.15,9.85,0,1.40818625610214,1.40818625610214,TRUE
"RNU6-648P","RNU6","chrX",115032427,115032533,107,10699,0.0213713703515028,0.211868908133809,0.0071013333333333,0.2879,"pseudogene","pseudogene","RNU6","Pseudogene","pangenome",3,0.02803738317757,48,0.0044864005981867,6.24941588785047,3.94818576477236,"RNU6.Pseudogene","RNU6",10,-0.15,9.85,0,1.40818625610214,1.40818625610214,TRUE
"RNU6-543P","RNU6","chr10",63110139,63110246,108,10800,0.0213713703515028,0.211868908133809,0.0071013333333333,0.2879,"pseudogene","pseudogene","RNU6","Pseudogene","pangenome",3,0.0277777777777777,125,0.011574074074074,2.4,3.91162848917261,"RNU6.Pseudogene","RNU6",10,-0.15,9.85,0,1.40818625610214,1.40818625610214,TRUE
"RNU6-720P","RNU6","chr3",149917342,149917449,108,10800,0.0213713703515028,0.211868908133809,0.0071013333333333,0.2879,"pseudogene","pseudogene","RNU6","Pseudogene","pangenome",3,0.0277777777777777,51,0.0047222222222222,5.88235294117647,3.91162848917261,"RNU6.Pseudogene","RNU6",10,-0.15,9.85,0,1.40818625610214,1.40818625610214,TRUE
"RNU6-381P","RNU6","chr5",44066624,44066731,108,10800,0.0213713703515028,0.211868908133809,0.0071013333333333,0.2879,"pseudogene","pseudogene","RNU6","Pseudogene","pangenome",3,0.0277777777777777,112,0.0103703703703703,2.67857142857143,3.91162848917261,"RNU6.Pseudogene","RNU6",10,-0.15,9.85,0,1.40818625610214,1.40818625610214,TRUE
"RNU6-1218P","RNU6","chr8",30043801,30043908,108,10800,0.0213713703515028,0.211868908133809,0.0071013333333333,0.2879,"pseudogene","pseudogene","RNU6","Pseudogene","pangenome",3,0.0277777777777777,168,0.0155555555555555,1.78571428571429,3.91162848917261,"RNU6.Pseudogene","RNU6",10,-0.15,9.85,0,1.40818625610214,1.40818625610214,TRUE
"RNU6-1300P","RNU6","chr8",74048677,74048784,108,10800,0.0213713703515028,0.211868908133809,0.0071013333333333,0.2879,"pseudogene","pseudogene","RNU6","Pseudogene","pangenome",3,0.0277777777777777,57,0.0052777777777777,5.26315789473684,3.91162848917261,"RNU6.Pseudogene","RNU6",10,-0.15,9.85,0,1.40818625610214,1.40818625610214,TRUE
"RNU6-319P","RNU6","chr9",15431899,15432006,108,10800,0.0213713703515028,0.211868908133809,0.0071013333333333,0.2879,"pseudogene","pseudogene","RNU6","Pseudogene","pangenome",3,0.0277777777777777,97,0.0089814814814814,3.09278350515464,3.91162848917261,"RNU6.Pseudogene","RNU6",10,-0.15,9.85,0,1.40818625610214,1.40818625610214,TRUE
"RNU6-857P","RNU6","chr18",30984106,30984215,110,11000,0.0213713703515028,0.211868908133809,0.0071013333333333,0.2879,"pseudogene","pseudogene","RNU6","Pseudogene","pangenome",3,0.0272727272727272,111,0.010090909090909,2.7027027027027,3.84050797118766,"RNU6.Pseudogene","RNU6",10,-0.15,9.85,0,1.40818625610214,1.40818625610214,TRUE
"RNU6-1004P","RNU6","chr12",121604902,121605012,111,11099,0.0213713703515028,0.211868908133809,0.0071013333333333,0.2879,"pseudogene","pseudogene","RNU6","Pseudogene","pangenome",3,0.027027027027027,98,0.0088296242904766,3.06094870380585,3.80590880027606,"RNU6.Pseudogene","RNU6",10,-0.15,9.85,0,1.40818625610214,1.40818625610214,TRUE
"RNU6-994P","RNU6","chr20",63337339,63337449,111,11099,0.0213713703515028,0.211868908133809,0.0071013333333333,0.2879,"pseudogene","pseudogene","RNU6","Pseudogene","pangenome",3,0.027027027027027,142,0.0127939454004865,2.11248572516178,3.80590880027606,"RNU6.Pseudogene","RNU6",10,-0.15,9.85,0,1.40818625610214,1.40818625610214,TRUE
"RNU4ATAC14P","RNU4ATAC","chr14",75202081,75202169,89,8899,0.0213713703515028,0.211868908133809,0.0071013333333333,0.2879,"pseudogene","pseudogene","RNU4ATAC","Pseudogene","pangenome",2,0.0224719101123595,71,0.0079784245420833,2.81658490267447,3.16446349685874,"RNU4ATAC.Pseudogene","RNU4ATAC",9,-0.15,8.85,0,1.1176081397636,1.1176081397636,TRUE
"RNU6ATAC30P","RNU6ATAC","chr14",49684544,49684665,122,12200,0.0213713703515028,0.211868908133809,0.0071013333333333,0.2879,"pseudogene","pseudogene","RNU6ATAC","Pseudogene","pangenome",4,0.0327868852459016,98,0.0080327868852459,4.08163265306123,4.61700411836767,"RNU6ATAC.Pseudogene","RNU6ATAC",8,-0.15,7.85,0,1.54745742428807,1.54745742428807,TRUE
"RNU6ATAC38P","RNU6ATAC","chr20",45778698,45778823,126,12600,0.0213713703515028,0.211868908133809,0.0071013333333333,0.2879,"pseudogene","pseudogene","RNU6ATAC","Pseudogene","pangenome",4,0.0317460317460317,139,0.011031746031746,2.87769784172662,4.47043255905441,"RNU6ATAC.Pseudogene","RNU6ATAC",8,-0.15,7.85,0,1.54745742428807,1.54745742428807,TRUE
"RNU11-4P","RNU11","chr8",126671522,126671654,133,13299,0.0213713703515028,0.211868908133809,0.0071013333333333,0.2879,"pseudogene","pseudogene","RNU11","Pseudogene","pangenome",2,0.0150375939849624,136,0.0102263328069779,1.47047766475011,2.11757331744683,"RNU11.Pseudogene","RNU11",7,-0.15,6.85,1.05878665872341,1.09161725279236,0.0328305940689431,TRUE
"RNU11-2P","RNU11","chr17",12036496,12036637,142,14200,0.0213713703515028,0.211868908133809,0.0071013333333333,0.2879,"pseudogene","pseudogene","RNU11","Pseudogene","pangenome",0,0,68,0.0047887323943661,0,0,"RNU11.Pseudogene","RNU11",7,-0.15,6.85,1.05878665872341,1.09161725279236,0.0328305940689431,TRUE
"RN7SL275P","RN7SL","chr4",110117736,110118070,335,33499,0.0213713703515028,0.211868908133809,0.0071013333333333,0.2879,"pseudogene","pseudogene","RN7SL","Pseudogene","pangenome",31,0.0925373134328358,261,0.0077912773515627,11.8770400869217,13.0309772952735,"RN7SL.Pseudogene","RN7SL",5,-0.15,4.85,0.475738600034507,1.60021165466152,1.12447305462702,TRUE
"RN7SL319P","RN7SL","chr15",75785134,75785354,221,22099,0.0213713703515028,0.211868908133809,0.0071013333333333,0.2879,"pseudogene","pseudogene","RN7SL","Pseudogene","pangenome",13,0.0588235294117647,211,0.0095479433458527,6.16085865625871,8.28344856530671,"RN7SL.Pseudogene","RN7SL",5,-0.15,4.85,0.475738600034507,1.60021165466152,1.12447305462702,TRUE
"RN7SL759P","RN7SL","chr15",20570886,20571175,290,29000,0.0213713703515028,0.211868908133809,0.0071013333333333,0.2879,"pseudogene","pseudogene","RN7SL","Pseudogene","pangenome",15,0.0517241379310344,730,0.0251724137931034,2.05479452054794,7.28372201432142,"RN7SL.Pseudogene","RN7SL",5,-0.15,4.85,0.475738600034507,1.60021165466152,1.12447305462702,TRUE
"RN7SL536P","RN7SL","chr15",23363272,23363561,290,29000,0.0213713703515028,0.211868908133809,0.0071013333333333,0.2879,"pseudogene","pseudogene","RN7SL","Pseudogene","pangenome",15,0.0517241379310344,440,0.0151724137931034,3.40909090909091,7.28372201432142,"RN7SL.Pseudogene","RN7SL",5,-0.15,4.85,0.475738600034507,1.60021165466152,1.12447305462702,TRUE
"RN7SL96P","RN7SL","chr2",38936876,38937158,283,28299,0.0213713703515028,0.211868908133809,0.0071013333333333,0.2879,"pseudogene","pseudogene","RN7SL","Pseudogene","pangenome",14,0.0494699646643109,190,0.0067140181631859,7.3681606843965,6.96629243301412,"RN7SL.Pseudogene","RN7SL",5,-0.15,4.85,0.475738600034507,1.60021165466152,1.12447305462702,TRUE
"RN7SL337P","RN7SL","chr19",14584095,14584395,301,30099,0.0213713703515028,0.211868908133809,0.0071013333333333,0.2879,"pseudogene","pseudogene","RN7SL","Pseudogene","pangenome",14,0.0465116279069767,312,0.0103657928834845,4.48703041144902,6.54970351675414,"RN7SL.Pseudogene","RN7SL",5,-0.15,4.85,0.475738600034507,1.60021165466152,1.12447305462702,TRUE
"RN7SL134P","RN7SL","chr16",82844455,82844757,303,30299,0.0213713703515028,0.211868908133809,0.0071013333333333,0.2879,"pseudogene","pseudogene","RN7SL","Pseudogene","pangenome",13,0.0429042904290429,412,0.0135978085085316,3.15523566919799,6.04172321099928,"RN7SL.Pseudogene","RN7SL",5,-0.15,4.85,0.475738600034507,1.60021165466152,1.12447305462702,TRUE
"RN7SL495P","RN7SL","chr15",22609141,22609377,237,23699,0.0213713703515028,0.211868908133809,0.0071013333333333,0.2879,"pseudogene","pseudogene","RN7SL","Pseudogene","pangenome",10,0.0421940928270042,516,0.0217730705936959,1.9379027246263,5.94171416076852,"RN7SL.Pseudogene","RN7SL",5,-0.15,4.85,0.475738600034507,1.60021165466152,1.12447305462702,TRUE
"RN7SL428P","RN7SL","chr15",85210053,85210299,247,24699,0.0213713703515028,0.211868908133809,0.0071013333333333,0.2879,"pseudogene","pseudogene","RN7SL","Pseudogene","pangenome",10,0.0404858299595141,442,0.0178954613547107,2.26235184201367,5.70115893158761,"RN7SL.Pseudogene","RN7SL",5,-0.15,4.85,0.475738600034507,1.60021165466152,1.12447305462702,TRUE
"RN7SL238P","RN7SL","chr15",28387196,28387485,290,29000,0.0213713703515028,0.211868908133809,0.0071013333333333,0.2879,"pseudogene","pseudogene","RN7SL","Pseudogene","pangenome",11,0.0379310344827586,530,0.0182758620689655,2.07547169811321,5.3413961438357,"RN7SL.Pseudogene","RN7SL",5,-0.15,4.85,0.475738600034507,1.60021165466152,1.12447305462702,TRUE
"RN7SL565P","RN7SL","chr9",41578903,41579186,284,28400,0.0213713703515028,0.211868908133809,0.0071013333333333,0.2879,"pseudogene","pseudogene","RN7SL","Pseudogene","pangenome",10,0.0352112676056338,1153,0.0405985915492957,0.867302688638335,4.9584023102188,"RN7SL.Pseudogene","RN7SL",5,-0.15,4.85,0.475738600034507,1.60021165466152,1.12447305462702,TRUE
"RN7SL491P","RN7SL","chr19",35414881,35415149,269,26899,0.0213713703515028,0.211868908133809,0.0071013333333333,0.2879,"pseudogene","pseudogene","RN7SL","Pseudogene","pangenome",9,0.0334572490706319,307,0.0114130636826647,2.93148710993788,4.711403830825,"RN7SL.Pseudogene","RN7SL",5,-0.15,4.85,0.475738600034507,1.60021165466152,1.12447305462702,TRUE
"RN7SL231P","RN7SL","chr19",14213052,14213323,272,27200,0.0213713703515028,0.211868908133809,0.0071013333333333,0.2879,"pseudogene","pseudogene","RN7SL","Pseudogene","pangenome",9,0.0330882352941176,1202,0.0441911764705882,0.748752079866889,4.65943981798502,"RN7SL.Pseudogene","RN7SL",5,-0.15,4.85,0.475738600034507,1.60021165466152,1.12447305462702,TRUE
"RN7SL718P","RN7SL","chr19",41190927,41191229,303,30299,0.0213713703515028,0.211868908133809,0.0071013333333333,0.2879,"pseudogene","pseudogene","RN7SL","Pseudogene","pangenome",10,0.033003300330033,427,0.0140928743522888,2.34184308360578,4.64747939307637,"RN7SL.Pseudogene","RN7SL",5,-0.15,4.85,0.475738600034507,1.60021165466152,1.12447305462702,TRUE
"RN7SL339P","RN7SL","chr5",171359117,171359412,296,29600,0.0213713703515028,0.211868908133809,0.0071013333333333,0.2879,"pseudogene","pseudogene","RN7SL","Pseudogene","pangenome",9,0.0304054054054054,343,0.0115878378378378,2.62390670553936,4.28164740031056,"RN7SL.Pseudogene","RN7SL",5,-0.15,4.85,0.475738600034507,1.60021165466152,1.12447305462702,TRUE
"RN7SL386P","RN7SL","chr1",21987481,21987777,297,29699,0.0213713703515028,0.211868908133809,0.0071013333333333,0.2879,"pseudogene","pseudogene","RN7SL","Pseudogene","pangenome",9,0.0303030303030303,846,0.0284858076029495,1.06379396804929,4.2672310790974,"RN7SL.Pseudogene","RN7SL",5,-0.15,4.85,0.475738600034507,1.60021165466152,1.12447305462702,TRUE
"RN7SL778P","RN7SL","chr11",130310180,130310476,297,29699,0.0213713703515028,0.211868908133809,0.0071013333333333,0.2879,"pseudogene","pseudogene","RN7SL","Pseudogene","pangenome",9,0.0303030303030303,287,0.00966362503788,3.13578291627072,4.2672310790974,"RN7SL.Pseudogene","RN7SL",5,-0.15,4.85,0.475738600034507,1.60021165466152,1.12447305462702,TRUE
"RN7SL719P","RN7SL","chr15",28703554,28703790,237,23699,0.0213713703515028,0.211868908133809,0.0071013333333333,0.2879,"pseudogene","pseudogene","RN7SL","Pseudogene","pangenome",7,0.0295358649789029,427,0.0180176378750158,1.6392750916511,4.15919991253797,"RN7SL.Pseudogene","RN7SL",5,-0.15,4.85,0.475738600034507,1.60021165466152,1.12447305462702,TRUE
"RN7SL82P","RN7SL","chr15",30800160,30800396,237,23699,0.0213713703515028,0.211868908133809,0.0071013333333333,0.2879,"pseudogene","pseudogene","RN7SL","Pseudogene","pangenome",7,0.0295358649789029,300,0.012658761973079,2.33323488045007,4.15919991253797,"RN7SL.Pseudogene","RN7SL",5,-0.15,4.85,0.475738600034507,1.60021165466152,1.12447305462702,TRUE
"RN7SL440P","RN7SL","chr1",94150738,94151080,343,34299,0.0213713703515028,0.211868908133809,0.0071013333333333,0.2879,"pseudogene","pseudogene","RN7SL","Pseudogene","pangenome",10,0.0291545189504373,286,0.0083384355229015,3.49640155762605,4.10549928892752,"RN7SL.Pseudogene","RN7SL",5,-0.15,4.85,0.475738600034507,1.60021165466152,1.12447305462702,TRUE
"RN7SL32P","RN7SL","chr2",233205199,233205479,281,28099,0.0213713703515028,0.211868908133809,0.0071013333333333,0.2879,"pseudogene","pseudogene","RN7SL","Pseudogene","pangenome",8,0.0284697508896797,236,0.0083988754048186,3.38970987393691,4.00907119174987,"RN7SL.Pseudogene","RN7SL",5,-0.15,4.85,0.475738600034507,1.60021165466152,1.12447305462702,TRUE
"RN7SL52P","RN7SL","chr21",9902344,9902627,284,28400,0.0213713703515028,0.211868908133809,0.0071013333333333,0.2879,"pseudogene","pseudogene","RN7SL","Pseudogene","pangenome",8,0.028169014084507,877,0.0308802816901408,0.912200684150513,3.96672184817504,"RN7SL.Pseudogene","RN7SL",5,-0.15,4.85,0.475738600034507,1.60021165466152,1.12447305462702,TRUE
"RN7SL564P","RN7SL","chr6",122745280,122745529,250,25000,0.0213713703515028,0.211868908133809,0.0071013333333333,0.2879,"pseudogene","pseudogene","RN7SL","Pseudogene","pangenome",7,0.028,206,0.00824,3.39805825242718,3.94292151708599,"RN7SL.Pseudogene","RN7SL",5,-0.15,4.85,0.475738600034507,1.60021165466152,1.12447305462702,TRUE
"RN7SL741P","RN7SL","chr13",25944478,25944766,289,28899,0.0213713703515028,0.211868908133809,0.0071013333333333,0.2879,"pseudogene","pseudogene","RN7SL","Pseudogene","pangenome",8,0.0276816608996539,335,0.0115920966123395,2.38797706966896,3.89809344249727,"RN7SL.Pseudogene","RN7SL",5,-0.15,4.85,0.475738600034507,1.60021165466152,1.12447305462702,TRUE
"RN7SL106P","RN7SL","chr15",23165897,23166186,290,29000,0.0213713703515028,0.211868908133809,0.0071013333333333,0.2879,"pseudogene","pseudogene","RN7SL","Pseudogene","pangenome",8,0.0275862068965517,580,0.02,1.37931034482759,3.88465174097142,"RN7SL.Pseudogene","RN7SL",5,-0.15,4.85,0.475738600034507,1.60021165466152,1.12447305462702,TRUE
"RN7SL774P","RN7SL","chr17",4364164,4364453,290,29000,0.0213713703515028,0.211868908133809,0.0071013333333333,0.2879,"pseudogene","pseudogene","RN7SL","Pseudogene","pangenome",8,0.0275862068965517,288,0.0099310344827586,2.77777777777778,3.88465174097142,"RN7SL.Pseudogene","RN7SL",5,-0.15,4.85,0.475738600034507,1.60021165466152,1.12447305462702,TRUE
"RN7SL196P","RN7SL","chr15",30405307,30405597,291,29099,0.0213713703515028,0.211868908133809,0.0071013333333333,0.2879,"pseudogene","pseudogene","RN7SL","Pseudogene","pangenome",8,0.0274914089347079,516,0.0177325681294889,1.55033431897493,3.87130242227393,"RN7SL.Pseudogene","RN7SL",5,-0.15,4.85,0.475738600034507,1.60021165466152,1.12447305462702,TRUE
"RN7SL468P","RN7SL","chr2",119169822,119170115,294,29400,0.0213713703515028,0.211868908133809,0.0071013333333333,0.2879,"pseudogene","pseudogene","RN7SL","Pseudogene","pangenome",8,0.0272108843537414,286,0.0097278911564625,2.7972027972028,3.83179933633235,"RN7SL.Pseudogene","RN7SL",5,-0.15,4.85,0.475738600034507,1.60021165466152,1.12447305462702,TRUE
"RN7SL842P","RN7SL","chr19",14588357,14588656,300,30000,0.0213713703515028,0.211868908133809,0.0071013333333333,0.2879,"pseudogene","pseudogene","RN7SL","Pseudogene","pangenome",8,0.0266666666666666,328,0.0109333333333333,2.4390243902439,3.75516334960571,"RN7SL.Pseudogene","RN7SL",5,-0.15,4.85,0.475738600034507,1.60021165466152,1.12447305462702,TRUE
"RN7SL814P","RN7SL","chr5",74317986,74318285,300,30000,0.0213713703515028,0.211868908133809,0.0071013333333333,0.2879,"pseudogene","pseudogene","RN7SL","Pseudogene","pangenome",8,0.0266666666666666,226,0.0075333333333333,3.53982300884956,3.75516334960571,"RN7SL.Pseudogene","RN7SL",5,-0.15,4.85,0.475738600034507,1.60021165466152,1.12447305462702,TRUE
"RN7SL66P","RN7SL","chr2",10280628,10280891,264,26400,0.0213713703515028,0.211868908133809,0.0071013333333333,0.2879,"pseudogene","pseudogene","RN7SL","Pseudogene","pangenome",7,0.0265151515151515,384,0.0145454545454545,1.82291666666667,3.73382719421022,"RN7SL.Pseudogene","RN7SL",5,-0.15,4.85,0.475738600034507,1.60021165466152,1.12447305462702,TRUE
"RN7SL371P","RN7SL","chr1",30918469,30918735,267,26699,0.0213713703515028,0.211868908133809,0.0071013333333333,0.2879,"pseudogene","pseudogene","RN7SL","Pseudogene","pangenome",7,0.0262172284644194,251,0.0094011011648376,2.78874017040452,3.69187407966853,"RN7SL.Pseudogene","RN7SL",5,-0.15,4.85,0.475738600034507,1.60021165466152,1.12447305462702,TRUE
"RN7SL847P","RN7SL","chr10",33034655,33034924,270,27000,0.0213713703515028,0.211868908133809,0.0071013333333333,0.2879,"pseudogene","pseudogene","RN7SL","Pseudogene","pangenome",7,0.0259259259259259,240,0.0088888888888888,2.91666666666667,3.6508532565611,"RN7SL.Pseudogene","RN7SL",5,-0.15,4.85,0.475738600034507,1.60021165466152,1.12447305462702,TRUE
"RN7SL469P","RN7SL","chr15",30143733,30143969,237,23699,0.0213713703515028,0.211868908133809,0.0071013333333333,0.2879,"pseudogene","pseudogene","RN7SL","Pseudogene","pangenome",6,0.0253164556962025,453,0.0191147305793493,1.32444742504261,3.56502849646111,"RN7SL.Pseudogene","RN7SL",5,-0.15,4.85,0.475738600034507,1.60021165466152,1.12447305462702,TRUE
"RN7SL628P","RN7SL","chr15",30612724,30612960,237,23699,0.0213713703515028,0.211868908133809,0.0071013333333333,0.2879,"pseudogene","pseudogene","RN7SL","Pseudogene","pangenome",6,0.0253164556962025,304,0.0128275454660534,1.97360093271153,3.56502849646111,"RN7SL.Pseudogene","RN7SL",5,-0.15,4.85,0.475738600034507,1.60021165466152,1.12447305462702,TRUE
"RN7SL681P","RN7SL","chr4",87386883,87387174,292,29200,0.0213713703515028,0.211868908133809,0.0071013333333333,0.2879,"pseudogene","pseudogene","RN7SL","Pseudogene","pangenome",7,0.023972602739726,438,0.015,1.59817351598174,3.37578897010787,"RN7SL.Pseudogene","RN7SL",5,-0.15,4.85,0.475738600034507,1.60021165466152,1.12447305462702,TRUE
"RN7SL396P","RN7SL","chr8",119862662,119862956,295,29499,0.0213713703515028,0.211868908133809,0.0071013333333333,0.2879,"pseudogene","pseudogene","RN7SL","Pseudogene","pangenome",7,0.023728813559322,331,0.0112207193464185,2.11473193711916,3.34145891278474,"RN7SL.Pseudogene","RN7SL",5,-0.15,4.85,0.475738600034507,1.60021165466152,1.12447305462702,TRUE
"RN7SL553P","RN7SL","chr3",5252926,5253223,298,29800,0.0213713703515028,0.211868908133809,0.0071013333333333,0.2879,"pseudogene","pseudogene","RN7SL","Pseudogene","pangenome",7,0.023489932885906,442,0.0148322147651006,1.58371040723982,3.30782006466946,"RN7SL.Pseudogene","RN7SL",5,-0.15,4.85,0.475738600034507,1.60021165466152,1.12447305462702,TRUE
"TRV-CAC1-3","TRNA","chr5",181102253,181102325,73,7299,0.0213713703515028,0.211868908133809,0.0071013333333333,0.2879,"RNA, transfer","functional","TRNA","Functional","pangenome",16,0.219178082191781,583,0.0798739553363474,2.74404943725181,30.8643562981291,"TRNA.Functional","TRNA",4,0.15,4.15,0,3.91162848917261,3.91162848917261,TRUE
"TRG-CCC4-1","TRNA","chr1",16678271,16678341,71,7099,0.0213713703515028,0.211868908133809,0.0071013333333333,0.2879,"RNA, transfer","functional","TRNA","Functional","pangenome",14,0.197183098591549,521,0.0733906183969573,2.68676164472439,27.7670529372253,"TRNA.Functional","TRNA",4,0.15,4.15,0,3.91162848917261,3.91162848917261,TRUE
"TRV-CAC13-1","TRNA","chr1",16725566,16725638,73,7299,0.0213713703515028,0.211868908133809,0.0071013333333333,0.2879,"RNA, transfer","functional","TRNA","Functional","pangenome",13,0.178082191780822,337,0.0461707083162077,3.85703833177513,25.0772894922299,"TRNA.Functional","TRNA",4,0.15,4.15,0,3.91162848917261,3.91162848917261,TRUE
"TRG-CCC5-1","TRNA","chr1",16727285,16727355,71,7099,0.0213713703515028,0.211868908133809,0.0071013333333333,0.2879,"RNA, transfer","functional","TRNA","Functional","pangenome",10,0.140845070422535,381,0.0536695309198478,2.62430224390965,19.8336092408752,"TRNA.Functional","TRNA",4,0.15,4.15,0,3.91162848917261,3.91162848917261,TRUE
"TRL-AAG1-2","TRNA","chr5",181101840,181101921,82,8200,0.0213713703515028,0.211868908133809,0.0071013333333333,0.2879,"RNA, transfer","functional","TRNA","Functional","pangenome",11,0.134146341463415,595,0.072560975609756,1.84873949579832,18.8903034355165,"TRNA.Functional","TRNA",4,0.15,4.15,0,3.91162848917261,3.91162848917261,TRUE
"TRV-CAC8-1","TRNA","chr1",143800041,143800111,71,7099,0.0213713703515028,0.211868908133809,0.0071013333333333,0.2879,"RNA, transfer","functional","TRNA","Functional","pangenome",9,0.126760563380282,86,0.0121143823073672,10.4636423190305,17.8502483167877,"TRNA.Functional","TRNA",4,0.15,4.15,0,3.91162848917261,3.91162848917261,TRUE
"TRG-GCC2-1","TRNA","chr1",161523847,161523917,71,7099,0.0213713703515028,0.211868908133809,0.0071013333333333,0.2879,"RNA, transfer","functional","TRNA","Functional","pangenome",9,0.126760563380282,202,0.0284547119312579,4.45481801701297,17.8502483167877,"TRNA.Functional","TRNA",4,0.15,4.15,0,3.91162848917261,3.91162848917261,TRUE
"TRN-GTT1-1","TRNA","chr1",161540241,161540314,74,7400,0.0213713703515028,0.211868908133809,0.0071013333333333,0.2879,"RNA, transfer","functional","TRNA","Functional","pangenome",9,0.121621621621622,246,0.0332432432432432,3.65853658536585,17.1265896012422,"TRNA.Functional","TRNA",4,0.15,4.15,0,3.91162848917261,3.91162848917261,TRUE
"TRP-AGG1-1","TRNA","chr16",3191989,3192060,72,7200,0.0213713703515028,0.211868908133809,0.0071013333333333,0.2879,"RNA, transfer","functional","TRNA","Functional","pangenome",8,0.111111111111111,106,0.0147222222222222,7.54716981132075,15.6465139566904,"TRNA.Functional","TRNA",4,0.15,4.15,0,3.91162848917261,3.91162848917261,TRUE
"TRD-GTC2-1","TRNA","chr1",161440825,161440896,72,7200,0.0213713703515028,0.211868908133809,0.0071013333333333,0.2879,"RNA, transfer","functional","TRNA","Functional","pangenome",7,0.0972222222222222,375,0.0520833333333333,1.86666666666667,13.6906997121041,"TRNA.Functional","TRNA",4,0.15,4.15,0,3.91162848917261,3.91162848917261,TRUE
"TRK-TTT7-1","TRNA","chr6",28747744,28747816,73,7299,0.0213713703515028,0.211868908133809,0.0071013333333333,0.2879,"RNA, transfer","functional","TRNA","Functional","pangenome",7,0.0958904109589041,88,0.0120564460885052,7.95345579078456,13.5031558804315,"TRNA.Functional","TRNA",4,0.15,4.15,0,3.91162848917261,3.91162848917261,TRUE
"TRT-CGT5-1","TRNA","chr6",27618356,27618429,74,7400,0.0213713703515028,0.211868908133809,0.0071013333333333,0.2879,"RNA, transfer","functional","TRNA","Functional","pangenome",7,0.0945945945945946,52,0.007027027027027,13.4615384615385,13.3206808009662,"TRNA.Functional","TRNA",4,0.15,4.15,0,3.91162848917261,3.91162848917261,TRUE
"TRL-TAA4-1","TRNA","chr6",27230555,27230637,83,8299,0.0213713703515028,0.211868908133809,0.0071013333333333,0.2879,"RNA, transfer","functional","TRNA","Functional","pangenome",7,0.0843373493975903,94,0.011326665863357,7.44591130479364,11.8762696297771,"TRNA.Functional","TRNA",4,0.15,4.15,0,3.91162848917261,3.91162848917261,TRUE
"TRG-TCC2-6","TRNA","chr1",161531113,161531184,72,7200,0.0213713703515028,0.211868908133809,0.0071013333333333,0.2879,"RNA, transfer","functional","TRNA","Functional","pangenome",6,0.0833333333333333,157,0.0218055555555555,3.82165605095541,11.7348854675178,"TRNA.Functional","TRNA",4,0.15,4.15,0,3.91162848917261,3.91162848917261,TRUE
"TRL-CAA6-1","TRNA","chr1",161611946,161612029,84,8400,0.0213713703515028,0.211868908133809,0.0071013333333333,0.2879,"RNA, transfer","functional","TRNA","Functional","pangenome",7,0.0833333333333333,254,0.0302380952380952,2.75590551181102,11.7348854675178,"TRNA.Functional","TRNA",4,0.15,4.15,0,3.91162848917261,3.91162848917261,TRUE
"TRP-AGG2-7","TRNA","chr16",3182635,3182706,72,7200,0.0213713703515028,0.211868908133809,0.0071013333333333,0.2879,"RNA, transfer","functional","TRNA","Functional","pangenome",6,0.0833333333333333,82,0.0113888888888888,7.31707317073171,11.7348854675178,"TRNA.Functional","TRNA",4,0.15,4.15,0,3.91162848917261,3.91162848917261,TRUE
"TRS-GCT6-1","TRNA","chr6",26305490,26305573,84,8400,0.0213713703515028,0.211868908133809,0.0071013333333333,0.2879,"RNA, transfer","functional","TRNA","Functional","pangenome",7,0.0833333333333333,68,0.008095238095238,10.2941176470588,11.7348854675178,"TRNA.Functional","TRNA",4,0.15,4.15,0,3.91162848917261,3.91162848917261,TRUE
"TRA-AGC15-1","TRNA","chr14",88979098,88979170,73,7299,0.0213713703515028,0.211868908133809,0.0071013333333333,0.2879,"RNA, transfer","functional","TRNA","Functional","pangenome",6,0.0821917808219178,72,0.0098643649815043,8.33219178082192,11.5741336117984,"TRNA.Functional","TRNA",4,0.15,4.15,0,3.91162848917261,3.91162848917261,TRUE
"TRL-CAG1-6","TRNA","chr1",161530342,161530424,83,8299,0.0213713703515028,0.211868908133809,0.0071013333333333,0.2879,"RNA, transfer","functional","TRNA","Functional","pangenome",6,0.072289156626506,182,0.0219303530545848,3.29630610353502,10.1796596826661,"TRNA.Functional","TRNA",4,0.15,4.15,0,3.91162848917261,3.91162848917261,TRUE
"TRC-GCA14-1","TRNA","chr17",38861684,38861755,72,7200,0.0213713703515028,0.211868908133809,0.0071013333333333,0.2879,"RNA, transfer","functional","TRNA","Functional","pangenome",5,0.0694444444444444,84,0.0116666666666666,5.95238095238095,9.77907122293153,"TRNA.Functional","TRNA",4,0.15,4.15,0,3.91162848917261,3.91162848917261,TRUE
"TRE-CTC13-1","TRNA","chr2",95551446,95551517,72,7200,0.0213713703515028,0.211868908133809,0.0071013333333333,0.2879,"RNA, transfer","functional","TRNA","Functional","pangenome",5,0.0694444444444444,50,0.0069444444444444,10,9.77907122293153,"TRNA.Functional","TRNA",4,0.15,4.15,0,3.91162848917261,3.91162848917261,TRUE
"TRV-AAC6-1","TRNA","chr6",28735429,28735500,72,7200,0.0213713703515028,0.211868908133809,0.0071013333333333,0.2879,"RNA, transfer","functional","TRNA","Functional","pangenome",5,0.0694444444444444,77,0.0106944444444444,6.49350649350649,9.77907122293153,"TRNA.Functional","TRNA",4,0.15,4.15,0,3.91162848917261,3.91162848917261,TRUE
"TRE-CTC1-6","TRNA","chr6",28982199,28982270,72,7200,0.0213713703515028,0.211868908133809,0.0071013333333333,0.2879,"RNA, transfer","functional","TRNA","Functional","pangenome",5,0.0694444444444444,52,0.0072222222222222,9.61538461538462,9.77907122293153,"TRNA.Functional","TRNA",4,0.15,4.15,0,3.91162848917261,3.91162848917261,TRUE
"TRS-ACT1-1","TRNA","chr6",27293892,27293965,74,7400,0.0213713703515028,0.211868908133809,0.0071013333333333,0.2879,"pseudogene","pseudogene","TRNA","Pseudogene","pangenome",5,0.0675675675675675,68,0.0091891891891891,7.35294117647059,9.51477200069014,"TRNA.Pseudogene","TRNA",4,-0.15,3.85,0.389841920651289,2.04645637632299,1.6566144556717,TRUE
"TRV-CAC11-2","TRNA","chr1",16860198,16860270,73,7299,0.0213713703515028,0.211868908133809,0.0071013333333333,0.2879,"pseudogene","pseudogene","TRNA","Pseudogene","pangenome",4,0.0547945205479452,318,0.043567612001644,1.25768932540708,7.71608907453228,"TRNA.Pseudogene","TRNA",4,-0.15,3.85,0.389841920651289,2.04645637632299,1.6566144556717,TRUE
"RN7SKP80","RN7SK","chr22",42565048,42565330,283,28299,0.0213713703515028,0.211868908133809,0.0071013333333333,0.2879,"pseudogene","pseudogene","RN7SK","Pseudogene","pangenome",8,0.0282685512367491,474,0.0167497084702639,1.68770407478642,3.98073853315093,"RN7SK.Pseudogene","RN7SK",3,-0.15,2.85,0.481844086298917,1.73137654438788,1.24953245808896,TRUE
"RN7SKP48","RN7SK","chr4",85100496,85100823,328,32800,0.0213713703515028,0.211868908133809,0.0071013333333333,0.2879,"pseudogene","pseudogene","RN7SK","Pseudogene","pangenome",9,0.0274390243902439,331,0.0100914634146341,2.7190332326284,3.86392570271929,"RN7SK.Pseudogene","RN7SK",3,-0.15,2.85,0.481844086298917,1.73137654438788,1.24953245808896,TRUE
"RN7SKP166","RN7SK","chr12",66292683,66292987,305,30499,0.0213713703515028,0.211868908133809,0.0071013333333333,0.2879,"pseudogene","pseudogene","RN7SK","Pseudogene","pangenome",8,0.0262295081967213,319,0.0104593593232565,2.50775476643198,3.69360329469414,"RN7SK.Pseudogene","RN7SK",3,-0.15,2.85,0.481844086298917,1.73137654438788,1.24953245808896,TRUE
"RN7SKP36","RN7SK","chr4",7112088,7112399,312,31200,0.0213713703515028,0.211868908133809,0.0071013333333333,0.2879,"pseudogene","pseudogene","RN7SK","Pseudogene","pangenome",8,0.0256410256410256,406,0.0130128205128205,1.97044334975369,3.61073399000549,"RN7SK.Pseudogene","RN7SK",3,-0.15,2.85,0.481844086298917,1.73137654438788,1.24953245808896,TRUE
"RNU7-1","RNU7","chr12",6943816,6943878,63,6299,0.0213713703515028,0.211868908133809,0.0071013333333333,0.2879,"RNA, small nuclear","functional","RNU7","Functional","pangenome",5,0.0793650793650793,54,0.0085727893316399,9.25778953556731,11.176081397636,"RNU7.Functional","RNU7",2,0.15,2.15,0,1.05884651776111,1.05884651776111,TRUE
"RNU7-190P","RNU7","chr2",117139715,117139775,61,6099,0.0213713703515028,0.211868908133809,0.0071013333333333,0.2879,"pseudogene","pseudogene","RNU7","Pseudogene","pangenome",3,0.0491803278688524,94,0.0154123626824069,3.1909661667248,6.92550617755151,"RNU7.Pseudogene","RNU7",2,-0.15,1.85,0,2.23521627952721,2.23521627952721,TRUE
"RNU7-35P","RNU7","chr7",43194421,43194482,62,6200,0.0213713703515028,0.211868908133809,0.0071013333333333,0.2879,"pseudogene","pseudogene","RNU7","Pseudogene","pangenome",3,0.0483870967741935,51,0.0082258064516129,5.88235294117647,6.81380446501036,"RNU7.Pseudogene","RNU7",2,-0.15,1.85,0,2.23521627952721,2.23521627952721,TRUE
"RNY1P10","RNY","chr16",28183318,28183430,113,11299,0.0213713703515028,0.211868908133809,0.0071013333333333,0.2879,"pseudogene","pseudogene","RNY","Pseudogene","pangenome",4,0.0353982300884955,65,0.0057527214797769,6.15330156569095,4.98473011009607,"RNY.Pseudogene","RNY",1,-0.15,0.85,0,1.5141787700023,1.5141787700023,TRUE
"RNY3P10","RNY","chr13",69802940,69803041,102,10200,0.0213713703515028,0.211868908133809,0.0071013333333333,0.2879,"pseudogene","pseudogene","RNY","Pseudogene","pangenome",3,0.0294117647058823,106,0.010392156862745,2.83018867924528,4.14172428265335,"RNY.Pseudogene","RNY",1,-0.15,0.85,0,1.5141787700023,1.5141787700023,TRUE
"RNU1-61P","RNU1","chr6",32549940,32550090,151,15099,0.0213713703515028,0.211868908133809,0.0071013333333333,0.2879,"pseudogene","pseudogene","RNU1","Pseudogene","dbsnp",107,0.708609271523179,7453,0.493608848268097,1.43556841415919,2.46130347871893,"RNU1.Pseudogene","RNU1",14,-0.15,13.85,1.00213202967326,1.39178341245031,0.389651382777046,TRUE
"RNU1-108P","RNU1","chr17",58666537,58666697,161,16099,0.0213713703515028,0.211868908133809,0.0071013333333333,0.2879,"pseudogene","pseudogene","RNU1","Pseudogene","dbsnp",112,0.695652173913043,5941,0.369029132244239,1.88508741757719,2.41629792953471,"RNU1.Pseudogene","RNU1",14,-0.15,13.85,1.00213202967326,1.39178341245031,0.389651382777046,TRUE
"RNU1-152P","RNU1","chr6",32576277,32576423,147,14699,0.0213713703515028,0.211868908133809,0.0071013333333333,0.2879,"pseudogene","pseudogene","RNU1","Pseudogene","dbsnp",91,0.619047619047619,9877,0.67195047282128,0.921269712704359,2.15021750277047,"RNU1.Pseudogene","RNU1",14,-0.15,13.85,1.00213202967326,1.39178341245031,0.389651382777046,TRUE
"RNU1-114P","RNU1","chr1",143652050,143652215,166,16600,0.0213713703515028,0.211868908133809,0.0071013333333333,0.2879,"pseudogene","pseudogene","RNU1","Pseudogene","dbsnp",98,0.590361445783133,7999,0.481867469879518,1.22515314414302,2.05057813748917,"RNU1.Pseudogene","RNU1",14,-0.15,13.85,1.00213202967326,1.39178341245031,0.389651382777046,TRUE
"RNU1-27P","RNU1","chr14",34546714,34546877,164,16400,0.0213713703515028,0.211868908133809,0.0071013333333333,0.2879,"pseudogene","pseudogene","RNU1","Pseudogene","dbsnp",0,0,4916,0.299756097560976,0,0,"RNU1.Pseudogene","RNU1",14,-0.15,13.85,1.00213202967326,1.39178341245031,0.389651382777046,TRUE
"RNU1-28P","RNU1","chr14",34556226,34556389,164,16400,0.0213713703515028,0.211868908133809,0.0071013333333333,0.2879,"pseudogene","pseudogene","RNU1","Pseudogene","dbsnp",0,0,5188,0.316341463414634,0,0,"RNU1.Pseudogene","RNU1",14,-0.15,13.85,1.00213202967326,1.39178341245031,0.389651382777046,TRUE
"RNU2-2","RNU2","chr11",62841619,62841809,191,19099,0.0213713703515028,0.211868908133809,0.0071013333333333,0.2879,"RNA, small nuclear","functional","RNU2","Functional","dbsnp",274,1.43455497382199,8180,0.42829467511388,3.34945787836506,4.98282380625908,"RNU2.Functional","RNU2",13,0.15,13.15,1.83824511716141,2.40824360310293,0.569998485941521,TRUE
"RNU2-63P","RNU2","chr2",88016358,88016547,190,19000,0.0213713703515028,0.211868908133809,0.0071013333333333,0.2879,"pseudogene","pseudogene","RNU2","Pseudogene","dbsnp",227,1.19473684210526,6175,0.325,3.67611336032389,4.14983272700682,"RNU2.Pseudogene","RNU2",13,-0.15,12.85,0.963830882232596,1.34029025778879,0.376459375556189,TRUE
"RNU4-1","RNU4","chr12",120293093,120293237,145,14499,0.0213713703515028,0.211868908133809,0.0071013333333333,0.2879,"RNA, small nuclear","functional","RNU4","Functional","dbsnp",189,1.30344827586207,6692,0.461549072349817,2.82407300533833,4.52743409469284,"RNU4.Functional","RNU4",12,0.15,12.15,1.63651909049617,2.25039014916173,0.613871058665564,TRUE
"RNU4-2","RNU4","chr12",120291759,120291903,145,14499,0.0213713703515028,0.211868908133809,0.0071013333333333,0.2879,"RNA, small nuclear","functional","RNU4","Functional","dbsnp",164,1.13103448275862,6635,0.457617766742534,2.4715703037705,3.9285671509504,"RNU4.Functional","RNU4",12,0.15,12.15,1.63651909049617,2.25039014916173,0.613871058665564,TRUE
"RNU4-86P","RNU4","chr11",126214260,126214478,219,21899,0.0213713703515028,0.211868908133809,0.0071013333333333,0.2879,"pseudogene","pseudogene","RNU4","Pseudogene","dbsnp",141,0.643835616438356,7858,0.358829170281748,1.79426777352807,2.23631683375601,"RNU4.Pseudogene","RNU4",12,-0.15,11.85,0.985369723037205,1.33791311283496,0.352543389797756,TRUE
"RNU5E-6P","RNU5","chr1",44819883,44819997,115,11499,0.0213713703515028,0.211868908133809,0.0071013333333333,0.2879,"pseudogene","pseudogene","RNU5","Pseudogene","dbsnp",142,1.23478260869565,3410,0.296547525871815,4.16386076756343,4.28892882492411,"RNU5.Pseudogene","RNU5",11,-0.15,10.85,0.833622785689476,1.38937130948246,0.555748523792984,TRUE
"RNU5A-8P","RNU5","chr1",210374154,210374267,114,11400,0.0213713703515028,0.211868908133809,0.0071013333333333,0.2879,"pseudogene","pseudogene","RNU5","Pseudogene","dbsnp",136,1.19298245614035,2889,0.253421052631579,4.70751124956732,4.1437389931933,"RNU5.Pseudogene","RNU5",11,-0.15,10.85,0.833622785689476,1.38937130948246,0.555748523792984,TRUE
"RNU5E-4P","RNU5","chr1",11909808,11909927,120,12000,0.0213713703515028,0.211868908133809,0.0071013333333333,0.2879,"pseudogene","pseudogene","RNU5","Pseudogene","dbsnp",136,1.13333333333333,5447,0.453916666666667,2.49678722232421,3.93655204353363,"RNU5.Pseudogene","RNU5",11,-0.15,10.85,0.833622785689476,1.38937130948246,0.555748523792984,TRUE
"RNU6-781P","RNU6","chr12",6709452,6709552,101,10099,0.0213713703515028,0.211868908133809,0.0071013333333333,0.2879,"pseudogene","pseudogene","RNU6","Pseudogene","dbsnp",85,0.841584158415842,4520,0.447569066244183,1.88034478226584,2.92318221054478,"RNU6.Pseudogene","RNU6",10,-0.15,9.85,0.974619221367752,1.33482067313259,0.360201451764836,TRUE
"RNU6-328P","RNU6","chr16",7004007,7004112,106,10600,0.0213713703515028,0.211868908133809,0.0071013333333333,0.2879,"pseudogene","pseudogene","RNU6","Pseudogene","dbsnp",74,0.69811320754717,7603,0.717264150943396,0.973300013152703,2.42484615334203,"RNU6.Pseudogene","RNU6",10,-0.15,9.85,0.974619221367752,1.33482067313259,0.360201451764836,TRUE
"RNU6-1218P","RNU6","chr8",30043801,30043908,108,10800,0.0213713703515028,0.211868908133809,0.0071013333333333,0.2879,"pseudogene","pseudogene","RNU6","Pseudogene","dbsnp",72,0.666666666666667,5114,0.473518518518519,1.40789988267501,2.31561884913743,"RNU6.Pseudogene","RNU6",10,-0.15,9.85,0.974619221367752,1.33482067313259,0.360201451764836,TRUE
"RNU6-457P","RNU6","chr16",6873899,6874005,107,10699,0.0213713703515028,0.211868908133809,0.0071013333333333,0.2879,"pseudogene","pseudogene","RNU6","Pseudogene","dbsnp",71,0.663551401869159,6877,0.64277035236938,1.03233044184937,2.30479820030969,"RNU6.Pseudogene","RNU6",10,-0.15,9.85,0.974619221367752,1.33482067313259,0.360201451764836,TRUE
"RNU6-758P","RNU6","chr16",75286712,75286800,89,8899,0.0213713703515028,0.211868908133809,0.0071013333333333,0.2879,"pseudogene","pseudogene","RNU6","Pseudogene","dbsnp",57,0.640449438202247,3496,0.39285312956512,1.6302515876893,2.2245551865309,"RNU6.Pseudogene","RNU6",10,-0.15,9.85,0.974619221367752,1.33482067313259,0.360201451764836,TRUE
"RNU6-194P","RNU6","chr6",119327281,119327385,105,10499,0.0213713703515028,0.211868908133809,0.0071013333333333,0.2879,"pseudogene","pseudogene","RNU6","Pseudogene","dbsnp",67,0.638095238095238,3745,0.356700638156015,1.78888168351453,2.21637804131726,"RNU6.Pseudogene","RNU6",10,-0.15,9.85,0.974619221367752,1.33482067313259,0.360201451764836,TRUE
"RNU6-36P","RNU6","chr12",97721716,97721822,107,10699,0.0213713703515028,0.211868908133809,0.0071013333333333,0.2879,"pseudogene","pseudogene","RNU6","Pseudogene","dbsnp",66,0.616822429906542,4897,0.457706327694177,1.34763797785789,2.14248846789351,"RNU6.Pseudogene","RNU6",10,-0.15,9.85,0.974619221367752,1.33482067313259,0.360201451764836,TRUE
"RNU6-458P","RNU6","chr14",18343038,18343144,107,10699,0.0213713703515028,0.211868908133809,0.0071013333333333,0.2879,"pseudogene","pseudogene","RNU6","Pseudogene","dbsnp",66,0.616822429906542,6324,0.591083278811104,1.04354572700349,2.14248846789351,"RNU6.Pseudogene","RNU6",10,-0.15,9.85,0.974619221367752,1.33482067313259,0.360201451764836,TRUE
"RNU6-319P","RNU6","chr9",15431899,15432006,108,10800,0.0213713703515028,0.211868908133809,0.0071013333333333,0.2879,"pseudogene","pseudogene","RNU6","Pseudogene","dbsnp",63,0.583333333333333,4738,0.438703703703704,1.32967496834107,2.02616649299525,"RNU6.Pseudogene","RNU6",10,-0.15,9.85,0.974619221367752,1.33482067313259,0.360201451764836,TRUE
"RNU6-34P","RNU6","chr4",96152297,96152403,107,10699,0.0213713703515028,0.211868908133809,0.0071013333333333,0.2879,"pseudogene","pseudogene","RNU6","Pseudogene","dbsnp",62,0.579439252336449,3909,0.365361248714833,1.5859351651951,2.01264068196057,"RNU6.Pseudogene","RNU6",10,-0.15,9.85,0.974619221367752,1.33482067313259,0.360201451764836,TRUE
"RNU6-1077P","RNU6","chr12",130869736,130869837,102,10200,0.0213713703515028,0.211868908133809,0.0071013333333333,0.2879,"pseudogene","pseudogene","RNU6","Pseudogene","dbsnp",59,0.57843137254902,4491,0.440294117647059,1.31373858828769,2.00913988381042,"RNU6.Pseudogene","RNU6",10,-0.15,9.85,0.974619221367752,1.33482067313259,0.360201451764836,TRUE
"RNU6-397P","RNU6","chr8",14487776,14487879,104,10400,0.0213713703515028,0.211868908133809,0.0071013333333333,0.2879,"pseudogene","pseudogene","RNU6","Pseudogene","dbsnp",60,0.576923076923077,4931,0.474134615384615,1.21679172581626,2.00390092713816,"RNU6.Pseudogene","RNU6",10,-0.15,9.85,0.974619221367752,1.33482067313259,0.360201451764836,TRUE
"RNU6-789P","RNU6","chr3",136721394,136721495,102,10200,0.0213713703515028,0.211868908133809,0.0071013333333333,0.2879,"pseudogene","pseudogene","RNU6","Pseudogene","dbsnp",58,0.568627450980392,4136,0.405490196078431,1.40232108317215,1.97508666544075,"RNU6.Pseudogene","RNU6",10,-0.15,9.85,0.974619221367752,1.33482067313259,0.360201451764836,TRUE
"RNU6-437P","RNU6","chr6",107930088,107930182,95,9499,0.0213713703515028,0.211868908133809,0.0071013333333333,0.2879,"pseudogene","pseudogene","RNU6","Pseudogene","dbsnp",54,0.568421052631579,3649,0.384145699547321,1.47970172073099,1.97436975558034,"RNU6.Pseudogene","RNU6",10,-0.15,9.85,0.974619221367752,1.33482067313259,0.360201451764836,TRUE
"RNU6-417P","RNU6","chr7",63011463,63011569,107,10699,0.0213713703515028,0.211868908133809,0.0071013333333333,0.2879,"pseudogene","pseudogene","RNU6","Pseudogene","dbsnp",60,0.560747663551402,5222,0.488082998411066,1.14887768141257,1.9477167889941,"RNU6.Pseudogene","RNU6",10,-0.15,9.85,0.974619221367752,1.33482067313259,0.360201451764836,TRUE
"RNU6-842P","RNU6","chr8",13044350,13044456,107,10699,0.0213713703515028,0.211868908133809,0.0071013333333333,0.2879,"pseudogene","pseudogene","RNU6","Pseudogene","dbsnp",60,0.560747663551402,6036,0.564164875221983,0.993942884747589,1.9477167889941,"RNU6.Pseudogene","RNU6",10,-0.15,9.85,0.974619221367752,1.33482067313259,0.360201451764836,TRUE
"RNU6-513P","RNU6","chr22",42569147,42569250,104,10400,0.0213713703515028,0.211868908133809,0.0071013333333333,0.2879,"pseudogene","pseudogene","RNU6","Pseudogene","dbsnp",58,0.557692307692308,5899,0.567211538461538,0.983217494490592,1.93710422956689,"RNU6.Pseudogene","RNU6",10,-0.15,9.85,0.974619221367752,1.33482067313259,0.360201451764836,TRUE
"RNU6-830P","RNU6","chr1",55398514,55398620,107,10699,0.0213713703515028,0.211868908133809,0.0071013333333333,0.2879,"pseudogene","pseudogene","RNU6","Pseudogene","dbsnp",59,0.551401869158878,3697,0.345546312739508,1.59573940982711,1.91525484251087,"RNU6.Pseudogene","RNU6",10,-0.15,9.85,0.974619221367752,1.33482067313259,0.360201451764836,TRUE
"RNU6-1151P","RNU6","chr8",9287472,9287578,107,10699,0.0213713703515028,0.211868908133809,0.0071013333333333,0.2879,"pseudogene","pseudogene","RNU6","Pseudogene","dbsnp",59,0.551401869158878,5300,0.49537339938312,1.11310350908129,1.91525484251087,"RNU6.Pseudogene","RNU6",10,-0.15,9.85,0.974619221367752,1.33482067313259,0.360201451764836,TRUE
"RNU6-25P","RNU6","chr3",195214787,195214893,107,10699,0.0213713703515028,0.211868908133809,0.0071013333333333,0.2879,"pseudogene","pseudogene","RNU6","Pseudogene","dbsnp",58,0.542056074766355,3857,0.360500981400131,1.5036188602347,1.88279289602763,"RNU6.Pseudogene","RNU6",10,-0.15,9.85,0.974619221367752,1.33482067313259,0.360201451764836,TRUE
"RNU6-473P","RNU6","chr2",130497743,130497849,107,10699,0.0213713703515028,0.211868908133809,0.0071013333333333,0.2879,"pseudogene","pseudogene","RNU6","Pseudogene","dbsnp",13,0.121495327102804,1857,0.17356762314235,0.699988424702691,0.422005304282055,"RNU6.Pseudogene","RNU6",10,-0.15,9.85,0.974619221367752,1.33482067313259,0.360201451764836,TRUE
"RNU6-312P","RNU6","chr2",200881715,200881821,107,10699,0.0213713703515028,0.211868908133809,0.0071013333333333,0.2879,"pseudogene","pseudogene","RNU6","Pseudogene","dbsnp",13,0.121495327102804,2521,0.235629498083933,0.515620192254223,0.422005304282055,"RNU6.Pseudogene","RNU6",10,-0.15,9.85,0.974619221367752,1.33482067313259,0.360201451764836,TRUE
"RNU6-1269P","RNU6","chr9",40233923,40234029,107,10699,0.0213713703515028,0.211868908133809,0.0071013333333333,0.2879,"pseudogene","pseudogene","RNU6","Pseudogene","dbsnp",13,0.121495327102804,1468,0.137209084961211,0.885475820621864,0.422005304282055,"RNU6.Pseudogene","RNU6",10,-0.15,9.85,0.974619221367752,1.33482067313259,0.360201451764836,TRUE
"RNU6-368P","RNU6","chr9",67869947,67870053,107,10699,0.0213713703515028,0.211868908133809,0.0071013333333333,0.2879,"pseudogene","pseudogene","RNU6","Pseudogene","dbsnp",12,0.11214953271028,3866,0.361342181512291,0.310369335351084,0.38954335779882,"RNU6.Pseudogene","RNU6",10,-0.15,9.85,0.974619221367752,1.33482067313259,0.360201451764836,TRUE
"RNU6-816P","RNU6","chr22",15701459,15701565,107,10699,0.0213713703515028,0.211868908133809,0.0071013333333333,0.2879,"pseudogene","pseudogene","RNU6","Pseudogene","dbsnp",11,0.102803738317757,4908,0.458734461164595,0.224102933223652,0.357081411315585,"RNU6.Pseudogene","RNU6",10,-0.15,9.85,0.974619221367752,1.33482067313259,0.360201451764836,TRUE
"RNU6-1235P","RNU6","chr15",21307749,21307855,107,10699,0.0213713703515028,0.211868908133809,0.0071013333333333,0.2879,"pseudogene","pseudogene","RNU6","Pseudogene","dbsnp",10,0.0934579439252336,2418,0.226002430133657,0.413526278765953,0.32461946483235,"RNU6.Pseudogene","RNU6",10,-0.15,9.85,0.974619221367752,1.33482067313259,0.360201451764836,TRUE
"RNU6-631P","RNU6","chr15",21866210,21866316,107,10699,0.0213713703515028,0.211868908133809,0.0071013333333333,0.2879,"pseudogene","pseudogene","RNU6","Pseudogene","dbsnp",9,0.0841121495327102,1642,0.153472287129638,0.548060833039261,0.292157518349115,"RNU6.Pseudogene","RNU6",10,-0.15,9.85,0.974619221367752,1.33482067313259,0.360201451764836,TRUE
"RNU6-18P","RNU6","chr15",32284152,32284258,107,10699,0.0213713703515028,0.211868908133809,0.0071013333333333,0.2879,"pseudogene","pseudogene","RNU6","Pseudogene","dbsnp",6,0.0560747663551401,2453,0.229273763903169,0.244575591208171,0.19477167889941,"RNU6.Pseudogene","RNU6",10,-0.15,9.85,0.974619221367752,1.33482067313259,0.360201451764836,TRUE
"RNU6-1268P","RNU6","chr14",19422815,19422921,107,10699,0.0213713703515028,0.211868908133809,0.0071013333333333,0.2879,"pseudogene","pseudogene","RNU6","Pseudogene","dbsnp",5,0.0467289719626168,4391,0.410412188054958,0.113858636080172,0.162309732416175,"RNU6.Pseudogene","RNU6",10,-0.15,9.85,0.974619221367752,1.33482067313259,0.360201451764836,TRUE
"RNU6-749P","RNU6","chr15",20855251,20855357,107,10699,0.0213713703515028,0.211868908133809,0.0071013333333333,0.2879,"pseudogene","pseudogene","RNU6","Pseudogene","dbsnp",5,0.0467289719626168,1383,0.129264417235256,0.361499111372406,0.162309732416175,"RNU6.Pseudogene","RNU6",10,-0.15,9.85,0.974619221367752,1.33482067313259,0.360201451764836,TRUE
"RNU6-1239P","RNU6","chr14",18978847,18978953,107,10699,0.0213713703515028,0.211868908133809,0.0071013333333333,0.2879,"pseudogene","pseudogene","RNU6","Pseudogene","dbsnp",3,0.02803738317757,4489,0.41957192260959,0.0668237831625801,0.097385839449705,"RNU6.Pseudogene","RNU6",10,-0.15,9.85,0.974619221367752,1.33482067313259,0.360201451764836,TRUE
"RNU6-465P","RNU6","chr1",120126974,120127074,101,10099,0.0213713703515028,0.211868908133809,0.0071013333333333,0.2879,"pseudogene","pseudogene","RNU6","Pseudogene","dbsnp",2,0.0198019801980198,2318,0.229527676007525,0.0862727342622096,0.0687807578951712,"RNU6.Pseudogene","RNU6",10,-0.15,9.85,0.974619221367752,1.33482067313259,0.360201451764836,TRUE
"RNU6-1071P","RNU6","chr1",146288596,146288696,101,10099,0.0213713703515028,0.211868908133809,0.0071013333333333,0.2879,"pseudogene","pseudogene","RNU6","Pseudogene","dbsnp",2,0.0198019801980198,1492,0.147737399742549,0.134034985267964,0.0687807578951712,"RNU6.Pseudogene","RNU6",10,-0.15,9.85,0.974619221367752,1.33482067313259,0.360201451764836,TRUE
"RNU6-785P","RNU6","chr9",138259595,138259698,104,10400,0.0213713703515028,0.211868908133809,0.0071013333333333,0.2879,"pseudogene","pseudogene","RNU6","Pseudogene","dbsnp",1,0.0096153846153846,631,0.0606730769230769,0.158478605388273,0.033398348785636,"RNU6.Pseudogene","RNU6",10,-0.15,9.85,0.974619221367752,1.33482067313259,0.360201451764836,TRUE
"RNU6-1171P","RNU6","chr1",148739379,148739479,101,10099,0.0213713703515028,0.211868908133809,0.0071013333333333,0.2879,"pseudogene","pseudogene","RNU6","Pseudogene","dbsnp",0,0,50,0.0049509852460639,0,0,"RNU6.Pseudogene","RNU6",10,-0.15,9.85,0.974619221367752,1.33482067313259,0.360201451764836,TRUE
"RNU6-1076P","RNU6","chr19",223158,223261,104,10400,0.0213713703515028,0.211868908133809,0.0071013333333333,0.2879,"pseudogene","pseudogene","RNU6","Pseudogene","dbsnp",0,0,2064,0.198461538461538,0,0,"RNU6.Pseudogene","RNU6",10,-0.15,9.85,0.974619221367752,1.33482067313259,0.360201451764836,TRUE
"RNU4ATAC4P","RNU4ATAC","chr1",67267601,67267726,126,12600,0.0213713703515028,0.211868908133809,0.0071013333333333,0.2879,"pseudogene","pseudogene","RNU4ATAC","Pseudogene","dbsnp",24,0.19047619047619,2818,0.223650793650794,0.85166784953868,0.661605385467838,"RNU4ATAC.Pseudogene","RNU4ATAC",9,-0.15,8.85,1.1026756424464,1.35077766199684,0.24810201955044,TRUE
"RN7SL134P","RN7SL","chr16",82844455,82844757,303,30299,0.0213713703515028,0.211868908133809,0.0071013333333333,0.2879,"pseudogene","pseudogene","RN7SL","Pseudogene","dbsnp",220,0.726072607260726,15667,0.517079771609624,1.40417909793788,2.52196112282295,"RN7SL.Pseudogene","RN7SL",5,-0.15,4.85,1.0603096835524,1.34041695126244,0.280107267710037,TRUE
"RN7SL52P","RN7SL","chr21",9902344,9902627,284,28400,0.0213713703515028,0.211868908133809,0.0071013333333333,0.2879,"pseudogene","pseudogene","RN7SL","Pseudogene","dbsnp",193,0.679577464788732,18205,0.641021126760563,1.0601483109036,2.36046358037073,"RN7SL.Pseudogene","RN7SL",5,-0.15,4.85,1.0603096835524,1.34041695126244,0.280107267710037,TRUE
"RN7SL96P","RN7SL","chr2",38936876,38937158,283,28299,0.0213713703515028,0.211868908133809,0.0071013333333333,0.2879,"pseudogene","pseudogene","RN7SL","Pseudogene","dbsnp",176,0.621908127208481,10265,0.362733665500548,1.71450346730373,2.16015327269358,"RN7SL.Pseudogene","RN7SL",5,-0.15,4.85,1.0603096835524,1.34041695126244,0.280107267710037,TRUE
"RN7SL440P","RN7SL","chr1",94150738,94151080,343,34299,0.0213713703515028,0.211868908133809,0.0071013333333333,0.2879,"pseudogene","pseudogene","RN7SL","Pseudogene","dbsnp",211,0.615160349854227,11854,0.345607743665996,1.77993798208623,2.13671535204664,"RN7SL.Pseudogene","RN7SL",5,-0.15,4.85,1.0603096835524,1.34041695126244,0.280107267710037,TRUE
"RN7SL850P","RN7SL","chr16",4633591,4633881,291,29099,0.0213713703515028,0.211868908133809,0.0071013333333333,0.2879,"pseudogene","pseudogene","RN7SL","Pseudogene","dbsnp",178,0.611683848797251,13841,0.475652084264064,1.28599005246378,2.12463997498177,"RN7SL.Pseudogene","RN7SL",5,-0.15,4.85,1.0603096835524,1.34041695126244,0.280107267710037,TRUE
"RN7SL787P","RN7SL","chr9",67791499,67791782,284,28400,0.0213713703515028,0.211868908133809,0.0071013333333333,0.2879,"pseudogene","pseudogene","RN7SL","Pseudogene","dbsnp",169,0.595070422535211,10488,0.369295774647887,1.61136536994661,2.06693443048007,"RN7SL.Pseudogene","RN7SL",5,-0.15,4.85,1.0603096835524,1.34041695126244,0.280107267710037,TRUE
"RN7SL774P","RN7SL","chr17",4364164,4364453,290,29000,0.0213713703515028,0.211868908133809,0.0071013333333333,0.2879,"pseudogene","pseudogene","RN7SL","Pseudogene","dbsnp",172,0.593103448275862,11896,0.410206896551724,1.44586415601883,2.06010228647399,"RN7SL.Pseudogene","RN7SL",5,-0.15,4.85,1.0603096835524,1.34041695126244,0.280107267710037,TRUE
"RN7SL429P","RN7SL","chr15",74072454,74072676,223,22299,0.0213713703515028,0.211868908133809,0.0071013333333333,0.2879,"pseudogene","pseudogene","RN7SL","Pseudogene","dbsnp",131,0.587443946188341,7806,0.350060540831427,1.67812100385009,2.0404444119081,"RN7SL.Pseudogene","RN7SL",5,-0.15,4.85,1.0603096835524,1.34041695126244,0.280107267710037,TRUE
"RN7SL381P","RN7SL","chr16",85659378,85659675,298,29800,0.0213713703515028,0.211868908133809,0.0071013333333333,0.2879,"pseudogene","pseudogene","RN7SL","Pseudogene","dbsnp",175,0.587248322147651,18102,0.60744966442953,0.966744006187162,2.03976492583415,"RN7SL.Pseudogene","RN7SL",5,-0.15,4.85,1.0603096835524,1.34041695126244,0.280107267710037,TRUE
"RN7SL759P","RN7SL","chr15",20570886,20571175,290,29000,0.0213713703515028,0.211868908133809,0.0071013333333333,0.2879,"pseudogene","pseudogene","RN7SL","Pseudogene","dbsnp",170,0.586206896551724,10915,0.376379310344828,1.55748969308291,2.03614760872429,"RN7SL.Pseudogene","RN7SL",5,-0.15,4.85,1.0603096835524,1.34041695126244,0.280107267710037,TRUE
"RN7SL318P","RN7SL","chr8",5142411,5142707,297,29699,0.0213713703515028,0.211868908133809,0.0071013333333333,0.2879,"pseudogene","pseudogene","RN7SL","Pseudogene","dbsnp",172,0.579124579124579,16487,0.555136536583723,1.04321106783653,2.01154768712949,"RN7SL.Pseudogene","RN7SL",5,-0.15,4.85,1.0603096835524,1.34041695126244,0.280107267710037,TRUE
"RN7SL275P","RN7SL","chr4",110117736,110118070,335,33499,0.0213713703515028,0.211868908133809,0.0071013333333333,0.2879,"pseudogene","pseudogene","RN7SL","Pseudogene","dbsnp",191,0.570149253731343,7147,0.213349652228425,2.67237020438593,1.98037253814291,"RN7SL.Pseudogene","RN7SL",5,-0.15,4.85,1.0603096835524,1.34041695126244,0.280107267710037,TRUE
"RN7SL5P","RN7SL","chr9",9442060,9442380,321,32099,0.0213713703515028,0.211868908133809,0.0071013333333333,0.2879,"pseudogene","pseudogene","RN7SL","Pseudogene","dbsnp",183,0.570093457943925,15167,0.472506931680115,1.20652930088627,1.98017873547734,"RN7SL.Pseudogene","RN7SL",5,-0.15,4.85,1.0603096835524,1.34041695126244,0.280107267710037,TRUE
"RN7SL417P","RN7SL","chr15",84394072,84394336,265,26499,0.0213713703515028,0.211868908133809,0.0071013333333333,0.2879,"pseudogene","pseudogene","RN7SL","Pseudogene","dbsnp",151,0.569811320754717,14855,0.560587191969508,1.01645440516185,1.97919875218728,"RN7SL.Pseudogene","RN7SL",5,-0.15,4.85,1.0603096835524,1.34041695126244,0.280107267710037,TRUE
"RN7SL584P","RN7SL","chr15",20095733,20096029,297,29699,0.0213713703515028,0.211868908133809,0.0071013333333333,0.2879,"pseudogene","pseudogene","RN7SL","Pseudogene","dbsnp",168,0.565656565656566,11433,0.384962456648372,1.46938111986656,1.96476750835903,"RN7SL.Pseudogene","RN7SL",5,-0.15,4.85,1.0603096835524,1.34041695126244,0.280107267710037,TRUE
"RN7SL524P","RN7SL","chr10",103974515,103974814,300,30000,0.0213713703515028,0.211868908133809,0.0071013333333333,0.2879,"pseudogene","pseudogene","RN7SL","Pseudogene","dbsnp",167,0.556666666666667,10409,0.346966666666667,1.60438082428668,1.93354173902976,"RN7SL.Pseudogene","RN7SL",5,-0.15,4.85,1.0603096835524,1.34041695126244,0.280107267710037,TRUE
"RN7SL123P","RN7SL","chr9",6661651,6661942,292,29200,0.0213713703515028,0.211868908133809,0.0071013333333333,0.2879,"pseudogene","pseudogene","RN7SL","Pseudogene","dbsnp",161,0.551369863013699,13768,0.471506849315068,1.16937826844858,1.91514367146127,"RN7SL.Pseudogene","RN7SL",5,-0.15,4.85,1.0603096835524,1.34041695126244,0.280107267710037,TRUE
"RN7SL317P","RN7SL","chr19",53629713,53630041,329,32899,0.0213713703515028,0.211868908133809,0.0071013333333333,0.2879,"pseudogene","pseudogene","RN7SL","Pseudogene","dbsnp",175,0.531914893617021,12611,0.383324721116143,1.38763524582558,1.84756823069476,"RN7SL.Pseudogene","RN7SL",5,-0.15,4.85,1.0603096835524,1.34041695126244,0.280107267710037,TRUE
"RN7SL92P","RN7SL","chr3",75713012,75713314,303,30299,0.0213713703515028,0.211868908133809,0.0071013333333333,0.2879,"pseudogene","pseudogene","RN7SL","Pseudogene","dbsnp",161,0.531353135313531,16144,0.532822865441104,0.997241615886068,1.84561700352043,"RN7SL.Pseudogene","RN7SL",5,-0.15,4.85,1.0603096835524,1.34041695126244,0.280107267710037,TRUE
"RN7SL484P","RN7SL","chr15",99791209,99791410,202,20200,0.0213713703515028,0.211868908133809,0.0071013333333333,0.2879,"pseudogene","pseudogene","RN7SL","Pseudogene","dbsnp",105,0.51980198019802,8391,0.41539603960396,1.25134072220236,1.80549489474824,"RN7SL.Pseudogene","RN7SL",5,-0.15,4.85,1.0603096835524,1.34041695126244,0.280107267710037,TRUE
"RN7SL525P","RN7SL","chr19",58543299,58543578,280,28000,0.0213713703515028,0.211868908133809,0.0071013333333333,0.2879,"pseudogene","pseudogene","RN7SL","Pseudogene","dbsnp",145,0.517857142857143,13389,0.478178571428571,1.08297856449324,1.79873964174068,"RN7SL.Pseudogene","RN7SL",5,-0.15,4.85,1.0603096835524,1.34041695126244,0.280107267710037,TRUE
"RN7SL178P","RN7SL","chr8",8582352,8582655,304,30400,0.0213713703515028,0.211868908133809,0.0071013333333333,0.2879,"pseudogene","pseudogene","RN7SL","Pseudogene","dbsnp",157,0.516447368421053,13996,0.460394736842105,1.12174907116319,1.79384289135482,"RN7SL.Pseudogene","RN7SL",5,-0.15,4.85,1.0603096835524,1.34041695126244,0.280107267710037,TRUE
"RN7SL592P","RN7SL","chr9",2228961,2229241,281,28099,0.0213713703515028,0.211868908133809,0.0071013333333333,0.2879,"pseudogene","pseudogene","RN7SL","Pseudogene","dbsnp",144,0.512455516014235,13587,0.483540339513862,1.05979889191757,1.77997747834052,"RN7SL.Pseudogene","RN7SL",5,-0.15,4.85,1.0603096835524,1.34041695126244,0.280107267710037,TRUE
"RN7SL65P","RN7SL","chr2",174240143,174240457,315,31499,0.0213713703515028,0.211868908133809,0.0071013333333333,0.2879,"pseudogene","pseudogene","RN7SL","Pseudogene","dbsnp",58,0.184126984126984,7286,0.231308930442236,0.79602194249463,0.63955187261891,"RN7SL.Pseudogene","RN7SL",5,-0.15,4.85,1.0603096835524,1.34041695126244,0.280107267710037,TRUE
"RN7SL321P","RN7SL","chr3",48379834,48380132,299,29899,0.0213713703515028,0.211868908133809,0.0071013333333333,0.2879,"pseudogene","pseudogene","RN7SL","Pseudogene","dbsnp",54,0.180602006688963,6570,0.219739790628449,0.821890319329271,0.627308116321512,"RN7SL.Pseudogene","RN7SL",5,-0.15,4.85,1.0603096835524,1.34041695126244,0.280107267710037,TRUE
"RN7SL753P","RN7SL","chr2",202333439,202333728,290,29000,0.0213713703515028,0.211868908133809,0.0071013333333333,0.2879,"pseudogene","pseudogene","RN7SL","Pseudogene","dbsnp",52,0.179310344827586,6694,0.230827586206897,0.776815058261129,0.622821621492137,"RN7SL.Pseudogene","RN7SL",5,-0.15,4.85,1.0603096835524,1.34041695126244,0.280107267710037,TRUE
"RN7SL517P","RN7SL","chr3",43314951,43315255,305,30499,0.0213713703515028,0.211868908133809,0.0071013333333333,0.2879,"pseudogene","pseudogene","RN7SL","Pseudogene","dbsnp",53,0.173770491803279,6827,0.223843404701794,0.776303827377794,0.603579339365331,"RN7SL.Pseudogene","RN7SL",5,-0.15,4.85,1.0603096835524,1.34041695126244,0.280107267710037,TRUE
"RN7SL311P","RN7SL","chr4",139185441,139185746,306,30600,0.0213713703515028,0.211868908133809,0.0071013333333333,0.2879,"pseudogene","pseudogene","RN7SL","Pseudogene","dbsnp",48,0.156862745098039,7456,0.243660130718954,0.643776824034335,0.54485149391469,"RN7SL.Pseudogene","RN7SL",5,-0.15,4.85,1.0603096835524,1.34041695126244,0.280107267710037,TRUE
"RN7SL717P","RN7SL","chr2",199901081,199901377,297,29699,0.0213713703515028,0.211868908133809,0.0071013333333333,0.2879,"pseudogene","pseudogene","RN7SL","Pseudogene","dbsnp",46,0.154882154882155,6668,0.224519344085659,0.689838799916784,0.537972055860211,"RN7SL.Pseudogene","RN7SL",5,-0.15,4.85,1.0603096835524,1.34041695126244,0.280107267710037,TRUE
"RN7SL331P","RN7SL","chr15",84205454,84205700,247,24699,0.0213713703515028,0.211868908133809,0.0071013333333333,0.2879,"pseudogene","pseudogene","RN7SL","Pseudogene","dbsnp",22,0.0890688259109311,4970,0.201222721567675,0.442638014320742,0.309374178224839,"RN7SL.Pseudogene","RN7SL",5,-0.15,4.85,1.0603096835524,1.34041695126244,0.280107267710037,TRUE
"RN7SL722P","RN7SL","chr9",61789143,61789426,284,28400,0.0213713703515028,0.211868908133809,0.0071013333333333,0.2879,"pseudogene","pseudogene","RN7SL","Pseudogene","dbsnp",9,0.0316901408450704,3006,0.105845070422535,0.29940119760479,0.110073431208998,"RN7SL.Pseudogene","RN7SL",5,-0.15,4.85,1.0603096835524,1.34041695126244,0.280107267710037,TRUE
"RN7SL640P","RN7SL","chr9",39191100,39191360,261,26099,0.0213713703515028,0.211868908133809,0.0071013333333333,0.2879,"pseudogene","pseudogene","RN7SL","Pseudogene","dbsnp",4,0.0153256704980842,2302,0.0882026131269397,0.173755288587968,0.0532326172215501,"RN7SL.Pseudogene","RN7SL",5,-0.15,4.85,1.0603096835524,1.34041695126244,0.280107267710037,TRUE
"RN7SL656P","RN7SL","chr17",46319679,46319959,281,28099,0.0213713703515028,0.211868908133809,0.0071013333333333,0.2879,"pseudogene","pseudogene","RN7SL","Pseudogene","dbsnp",3,0.0106761565836298,6218,0.221289013843909,0.0482453077908357,0.0370828641320941,"RN7SL.Pseudogene","RN7SL",5,-0.15,4.85,1.0603096835524,1.34041695126244,0.280107267710037,TRUE
"RN7SL544P","RN7SL","chr9",62363581,62363864,284,28400,0.0213713703515028,0.211868908133809,0.0071013333333333,0.2879,"pseudogene","pseudogene","RN7SL","Pseudogene","dbsnp",3,0.0105633802816901,3662,0.128943661971831,0.0819224467504096,0.0366911437363325,"RN7SL.Pseudogene","RN7SL",5,-0.15,4.85,1.0603096835524,1.34041695126244,0.280107267710037,TRUE
"RN7SL199P","RN7SL","chr17",46537534,46537814,281,28099,0.0213713703515028,0.211868908133809,0.0071013333333333,0.2879,"pseudogene","pseudogene","RN7SL","Pseudogene","dbsnp",2,0.0071174377224199,9622,0.342432115021887,0.0207849597341797,0.024721909421396,"RN7SL.Pseudogene","RN7SL",5,-0.15,4.85,1.0603096835524,1.34041695126244,0.280107267710037,TRUE
"RN7SL763P","RN7SL","chr9",39886861,39887144,284,28400,0.0213713703515028,0.211868908133809,0.0071013333333333,0.2879,"pseudogene","pseudogene","RN7SL","Pseudogene","dbsnp",2,0.0070422535211267,2821,0.0993309859154929,0.0708968450903934,0.0244607624908883,"RN7SL.Pseudogene","RN7SL",5,-0.15,4.85,1.0603096835524,1.34041695126244,0.280107267710037,TRUE
"TRS-ACT1-1","TRNA","chr6",27293892,27293965,74,7400,0.0213713703515028,0.211868908133809,0.0071013333333333,0.2879,"pseudogene","pseudogene","TRNA","Pseudogene","dbsnp",72,0.972972972972973,2744,0.370810810810811,2.62390670553936,3.37955183387625,"TRNA.Pseudogene","TRNA",4,-0.15,3.85,1.03702020986523,1.42000537863399,0.38298516876876,TRUE
"TRA-TGC9-1","TRNA","chr6",28634082,28634153,72,7200,0.0213713703515028,0.211868908133809,0.0071013333333333,0.2879,"pseudogene","pseudogene","TRNA","Pseudogene","dbsnp",64,0.888888888888889,2544,0.353333333333333,2.51572327044025,3.08749179884991,"TRNA.Pseudogene","TRNA",4,-0.15,3.85,1.03702020986523,1.42000537863399,0.38298516876876,TRUE
"TRV-CAC11-2","TRNA","chr1",16860198,16860270,73,7299,0.0213713703515028,0.211868908133809,0.0071013333333333,0.2879,"pseudogene","pseudogene","TRNA","Pseudogene","dbsnp",63,0.863013698630137,2518,0.344978764214276,2.50164296517131,2.99761618141763,"TRNA.Pseudogene","TRNA",4,-0.15,3.85,1.03702020986523,1.42000537863399,0.38298516876876,TRUE
"TRV-CAC11-1","TRNA","chr1",16547665,16547737,73,7299,0.0213713703515028,0.211868908133809,0.0071013333333333,0.2879,"pseudogene","pseudogene","TRNA","Pseudogene","dbsnp",54,0.73972602739726,2821,0.386491300178107,1.91395259623276,2.56938529835797,"TRNA.Pseudogene","TRNA",4,-0.15,3.85,1.03702020986523,1.42000537863399,0.38298516876876,TRUE
"TRK-CTT14-1","TRNA","chr16",3196153,3196225,73,7299,0.0213713703515028,0.211868908133809,0.0071013333333333,0.2879,"pseudogene","pseudogene","TRNA","Pseudogene","dbsnp",51,0.698630136986301,3466,0.474859569804083,1.47123524808512,2.42664167067142,"TRNA.Pseudogene","TRNA",4,-0.15,3.85,1.03702020986523,1.42000537863399,0.38298516876876,TRUE
"TRE-TTC6-1","TRNA","chr1",148308922,148308993,72,7200,0.0213713703515028,0.211868908133809,0.0071013333333333,0.2879,"pseudogene","pseudogene","TRNA","Pseudogene","dbsnp",48,0.666666666666667,1868,0.259444444444444,2.56959314775161,2.31561884913743,"TRNA.Pseudogene","TRNA",4,-0.15,3.85,1.03702020986523,1.42000537863399,0.38298516876876,TRUE
"TRE-TTC7-1","TRNA","chr1",143666988,143667059,72,7200,0.0213713703515028,0.211868908133809,0.0071013333333333,0.2879,"pseudogene","pseudogene","TRNA","Pseudogene","dbsnp",46,0.638888888888889,3379,0.469305555555555,1.36134951168985,2.21913473042337,"TRNA.Pseudogene","TRNA",4,-0.15,3.85,1.03702020986523,1.42000537863399,0.38298516876876,TRUE
"TRP-AGG6-1","TRNA","chr16",3152608,3152679,72,7200,0.0213713703515028,0.211868908133809,0.0071013333333333,0.2879,"pseudogene","pseudogene","TRNA","Pseudogene","dbsnp",44,0.611111111111111,3585,0.497916666666667,1.22733612273361,2.12265061170931,"TRNA.Pseudogene","TRNA",4,-0.15,3.85,1.03702020986523,1.42000537863399,0.38298516876876,TRUE
"RN7SKP261","RN7SK","chr12",80343515,80343792,278,27800,0.0213713703515028,0.211868908133809,0.0071013333333333,0.2879,"pseudogene","pseudogene","RN7SK","Pseudogene","dbsnp",194,0.697841726618705,9840,0.353956834532374,1.97154471544715,2.42390318380933,"RN7SK.Pseudogene","RN7SK",3,-0.15,2.85,1.07108514445481,1.31761159633737,0.246526451882563,TRUE
"RN7SKP159","RN7SK","chr8",5910945,5911236,292,29200,0.0213713703515028,0.211868908133809,0.0071013333333333,0.2879,"pseudogene","pseudogene","RN7SK","Pseudogene","dbsnp",177,0.606164383561644,17303,0.592568493150685,1.02294399815061,2.10546850837667,"RN7SK.Pseudogene","RN7SK",3,-0.15,2.85,1.07108514445481,1.31761159633737,0.246526451882563,TRUE
"RN7SKP80","RN7SK","chr22",42565048,42565330,283,28299,0.0213713703515028,0.211868908133809,0.0071013333333333,0.2879,"pseudogene","pseudogene","RN7SK","Pseudogene","dbsnp",169,0.597173144876325,13602,0.480653026608714,1.24242044014521,2.07423808571145,"RN7SK.Pseudogene","RN7SK",3,-0.15,2.85,1.07108514445481,1.31761159633737,0.246526451882563,TRUE
"RN7SKP176","RN7SK","chr16",81961926,81962243,318,31800,0.0213713703515028,0.211868908133809,0.0071013333333333,0.2879,"pseudogene","pseudogene","RN7SK","Pseudogene","dbsnp",188,0.591194968553459,15602,0.49062893081761,1.20497372131778,2.0534733190464,"RN7SK.Pseudogene","RN7SK",3,-0.15,2.85,1.07108514445481,1.31761159633737,0.246526451882563,TRUE
"RN7SKP64","RN7SK","chr5",139333038,139333365,328,32800,0.0213713703515028,0.211868908133809,0.0071013333333333,0.2879,"pseudogene","pseudogene","RN7SK","Pseudogene","dbsnp",172,0.524390243902439,13629,0.415518292682927,1.26201482133686,1.82143189962639,"RN7SK.Pseudogene","RN7SK",3,-0.15,2.85,1.07108514445481,1.31761159633737,0.246526451882563,TRUE
"RN7SKP111","RN7SK","chr20",11818821,11819091,271,27099,0.0213713703515028,0.211868908133809,0.0071013333333333,0.2879,"pseudogene","pseudogene","RN7SK","Pseudogene","dbsnp",139,0.512915129151292,10091,0.372375364404591,1.37741423891298,1.78157391160574,"RN7SK.Pseudogene","RN7SK",3,-0.15,2.85,1.07108514445481,1.31761159633737,0.246526451882563,TRUE
"RN7SKP141","RN7SK","chr2",136390332,136390669,338,33800,0.0213713703515028,0.211868908133809,0.0071013333333333,0.2879,"pseudogene","pseudogene","RN7SK","Pseudogene","dbsnp",67,0.198224852071006,7914,0.23414201183432,0.846600960323478,0.688519805734651,"RN7SK.Pseudogene","RN7SK",3,-0.15,2.85,1.07108514445481,1.31761159633737,0.246526451882563,TRUE
"RN7SKP83","RN7SK","chr2",85820435,85820612,178,17800,0.0213713703515028,0.211868908133809,0.0071013333333333,0.2879,"pseudogene","pseudogene","RN7SK","Pseudogene","dbsnp",35,0.196629213483146,4036,0.226741573033708,0.867195242814668,0.682977469548962,"RN7SK.Pseudogene","RN7SK",3,-0.15,2.85,1.07108514445481,1.31761159633737,0.246526451882563,TRUE
"RN7SKP283","RN7SK","chr2",229236340,229236609,270,27000,0.0213713703515028,0.211868908133809,0.0071013333333333,0.2879,"pseudogene","pseudogene","RN7SK","Pseudogene","dbsnp",53,0.196296296296296,6031,0.22337037037037,0.878792903332781,0.681821105579355,"RN7SK.Pseudogene","RN7SK",3,-0.15,2.85,1.07108514445481,1.31761159633737,0.246526451882563,TRUE
"RN7SKP88","RN7SK","chr1",148839483,148839732,250,25000,0.0213713703515028,0.211868908133809,0.0071013333333333,0.2879,"pseudogene","pseudogene","RN7SK","Pseudogene","dbsnp",48,0.192,7309,0.29236,0.656724586126693,0.66689822855158,"RN7SK.Pseudogene","RN7SK",3,-0.15,2.85,1.07108514445481,1.31761159633737,0.246526451882563,TRUE
"RN7SKP12","RN7SK","chr1",242188647,242188789,143,14299,0.0213713703515028,0.211868908133809,0.0071013333333333,0.2879,"pseudogene","pseudogene","RN7SK","Pseudogene","dbsnp",27,0.188811188811189,3507,0.245261906427023,0.769834955463698,0.655822121608853,"RN7SK.Pseudogene","RN7SK",3,-0.15,2.85,1.07108514445481,1.31761159633737,0.246526451882563,TRUE
"RN7SKP126","RN7SK","chr1",192875686,192875985,300,30000,0.0213713703515028,0.211868908133809,0.0071013333333333,0.2879,"pseudogene","pseudogene","RN7SK","Pseudogene","dbsnp",56,0.186666666666667,6428,0.214266666666667,0.871188550093342,0.648373277758481,"RN7SK.Pseudogene","RN7SK",3,-0.15,2.85,1.07108514445481,1.31761159633737,0.246526451882563,TRUE
"RN7SKP260","RN7SK","chr2",206260066,206260214,149,14899,0.0213713703515028,0.211868908133809,0.0071013333333333,0.2879,"pseudogene","pseudogene","RN7SK","Pseudogene","dbsnp",26,0.174496644295302,3663,0.245855426538694,0.709753072169179,0.606101577962147,"RN7SK.Pseudogene","RN7SK",3,-0.15,2.85,1.07108514445481,1.31761159633737,0.246526451882563,TRUE
"RN7SKP49","RN7SK","chr1",224107282,224107541,260,26000,0.0213713703515028,0.211868908133809,0.0071013333333333,0.2879,"pseudogene","pseudogene","RN7SK","Pseudogene","dbsnp",45,0.173076923076923,6246,0.240230769230769,0.720461095100865,0.601170278141449,"RN7SK.Pseudogene","RN7SK",3,-0.15,2.85,1.07108514445481,1.31761159633737,0.246526451882563,TRUE
"RN7SKP179","RN7SK","chr2",190553264,190553480,217,21699,0.0213713703515028,0.211868908133809,0.0071013333333333,0.2879,"pseudogene","pseudogene","RN7SK","Pseudogene","dbsnp",36,0.165898617511521,4414,0.203419512419927,0.815549184726436,0.576236948633278,"RN7SK.Pseudogene","RN7SK",3,-0.15,2.85,1.07108514445481,1.31761159633737,0.246526451882563,TRUE
"RN7SKP131","RN7SK","chr22",18605802,18606102,301,30099,0.0213713703515028,0.211868908133809,0.0071013333333333,0.2879,"pseudogene","pseudogene","RN7SK","Pseudogene","dbsnp",48,0.159468438538206,7338,0.243795474932722,0.654107458648332,0.553902183182376,"RN7SK.Pseudogene","RN7SK",3,-0.15,2.85,1.07108514445481,1.31761159633737,0.246526451882563,TRUE
"RNU7-1","RNU7","chr12",6943816,6943878,63,6299,0.0213713703515028,0.211868908133809,0.0071013333333333,0.2879,"RNA, small nuclear","functional","RNU7","Functional","dbsnp",101,1.6031746031746,3231,0.512938561676457,3.12547100755086,5.5685119943543,"RNU7.Functional","RNU7",2,0.15,2.15,1.39547251110702,1.6180993951053,0.222626883998275,TRUE
"SNORA70","RNU7","chrX",154400281,154400415,135,13499,0.0213713703515028,0.211868908133809,0.0071013333333333,0.2879,"RNA, small nucleolar","functional","RNU7","Functional","dbsnp",37,0.274074074074074,4374,0.324024001777909,0.845844976206202,0.951976637978722,"RNU7.Functional","RNU7",2,0.15,2.15,1.39547251110702,1.6180993951053,0.222626883998275,TRUE
"RNY4P16","RNY","chr1",234837976,234838069,94,9400,0.0213713703515028,0.211868908133809,0.0071013333333333,0.2879,"pseudogene","pseudogene","RNY","Pseudogene","dbsnp",16,0.170212765957447,2199,0.233936170212766,0.727603456116417,0.591221833822323,"RNY.Pseudogene","RNY",1,-0.15,0.85,1.02391836143343,1.2923502905988,0.268431929165366,TRUE
"RNY3P16","RNY","chrX",119456558,119456658,101,10099,0.0213713703515028,0.211868908133809,0.0071013333333333,0.2879,"pseudogene","pseudogene","RNY","Pseudogene","dbsnp",17,0.168316831683168,3035,0.300524804436083,0.560076337123004,0.584636442108956,"RNY.Pseudogene","RNY",1,-0.15,0.85,1.02391836143343,1.2923502905988,0.268431929165366,TRUE
