Gene,Median_Conservation,Max_Conservation
RNU12-2P,0.6414999961853027,0.972000002861023
RNU12,1,1
