Gene,Median_Conservation,Max_Conservation
VTRNA1-1,0.00100000004749745,0.7009999752044678
VTRNA2-1,0.11800000071525574,0.9039999842643738
VTRNA3-1P,0.03749999962747097,0.31200000643730164
VTRNA1-2,0.00300000002607703,0.3100000023841858
VTRNA2-2P,0.00499999988824129,0.2080000042915344
VTRNA1-3,0.00300000002607703,0.36899998784065247
